net	pin	density_per_ns	duty	origin
ADDR_REG_0_	ADDR_REG_0_	0	0.5	frozen_count
ADDR_REG_0_	output35/Z	0	0.5	frozen_count
ADDR_REG_10_	ADDR_REG_10_	0	0.5	frozen_count
ADDR_REG_10_	output36/Z	0	0.5	frozen_count
ADDR_REG_11_	ADDR_REG_11_	0	0.5	frozen_count
ADDR_REG_11_	output37/Z	0	0.5	frozen_count
ADDR_REG_12_	ADDR_REG_12_	0	0.5	frozen_count
ADDR_REG_12_	output38/Z	0	0.5	frozen_count
ADDR_REG_13_	ADDR_REG_13_	0	0.5	frozen_count
ADDR_REG_13_	output39/Z	0	0.5	frozen_count
ADDR_REG_14_	ADDR_REG_14_	0	0.5	frozen_count
ADDR_REG_14_	output40/Z	0	0.5	frozen_count
ADDR_REG_15_	ADDR_REG_15_	0	0.5	frozen_count
ADDR_REG_15_	output41/Z	0	0.5	frozen_count
ADDR_REG_16_	ADDR_REG_16_	0	0.5	frozen_count
ADDR_REG_16_	output42/Z	0	0.5	frozen_count
ADDR_REG_17_	ADDR_REG_17_	0	0.5	frozen_count
ADDR_REG_17_	output43/Z	0	0.5	frozen_count
ADDR_REG_18_	ADDR_REG_18_	0	0.5	frozen_count
ADDR_REG_18_	output44/Z	0	0.5	frozen_count
ADDR_REG_19_	ADDR_REG_19_	0	0.5	frozen_count
ADDR_REG_19_	output45/Z	0	0.5	frozen_count
ADDR_REG_1_	ADDR_REG_1_	0	0.5	frozen_count
ADDR_REG_1_	output46/Z	0	0.5	frozen_count
ADDR_REG_2_	ADDR_REG_2_	0	0.5	frozen_count
ADDR_REG_2_	output47/Z	0	0.5	frozen_count
ADDR_REG_3_	ADDR_REG_3_	0	0.5	frozen_count
ADDR_REG_3_	output48/Z	0	0.5	frozen_count
ADDR_REG_4_	ADDR_REG_4_	0	0.5	frozen_count
ADDR_REG_4_	output49/Z	0	0.5	frozen_count
ADDR_REG_5_	ADDR_REG_5_	0	0.5	frozen_count
ADDR_REG_5_	output50/Z	0	0.5	frozen_count
ADDR_REG_6_	ADDR_REG_6_	0	0.5	frozen_count
ADDR_REG_6_	output51/Z	0	0.5	frozen_count
ADDR_REG_7_	ADDR_REG_7_	0	0.5	frozen_count
ADDR_REG_7_	output52/Z	0	0.5	frozen_count
ADDR_REG_8_	ADDR_REG_8_	0	0.5	frozen_count
ADDR_REG_8_	output53/Z	0	0.5	frozen_count
ADDR_REG_9_	ADDR_REG_9_	0	0.5	frozen_count
ADDR_REG_9_	output54/Z	0	0.5	frozen_count
B_REG	U_SCAN_0020/Q	0	0.5	frozen_count
B_REG	U_SCAN_0109/SI	0	0.5	frozen_count
B_REG	_3104_/A1	0	0.5	frozen_count
B_REG	_3105_/C2	0	0.5	frozen_count
B_REG	_3312_/A	0	0.5	frozen_count
B_REG	_3454_/A	0	0.5	frozen_count
B_REG	_3731_/B2	0	0.5	frozen_count
DATAI_0_	DATAI_0_	0	0.5	frozen_count
DATAI_0_	hold392/A	0	0.5	frozen_count
DATAI_10_	DATAI_10_	0	0.5	frozen_count
DATAI_10_	hold414/A	0	0.5	frozen_count
DATAI_11_	DATAI_11_	0	0.5	frozen_count
DATAI_11_	hold416/A	0	0.5	frozen_count
DATAI_12_	DATAI_12_	0	0.5	frozen_count
DATAI_12_	hold410/A	0	0.5	frozen_count
DATAI_13_	DATAI_13_	0	0.5	frozen_count
DATAI_13_	hold412/A	0	0.5	frozen_count
DATAI_14_	DATAI_14_	0	0.5	frozen_count
DATAI_14_	hold377/A	0	0.5	frozen_count
DATAI_15_	DATAI_15_	0	0.5	frozen_count
DATAI_15_	hold404/A	0	0.5	frozen_count
DATAI_16_	DATAI_16_	0	0.5	frozen_count
DATAI_16_	hold390/A	0	0.5	frozen_count
DATAI_17_	DATAI_17_	0	0.5	frozen_count
DATAI_17_	hold400/A	0	0.5	frozen_count
DATAI_18_	DATAI_18_	0	0.5	frozen_count
DATAI_18_	hold382/A	0	0.5	frozen_count
DATAI_19_	DATAI_19_	0	0.5	frozen_count
DATAI_19_	hold418/A	0	0.5	frozen_count
DATAI_1_	DATAI_1_	0	0.5	frozen_count
DATAI_1_	hold357/A	0	0.5	frozen_count
DATAI_20_	DATAI_20_	0	0.5	frozen_count
DATAI_20_	hold372/A	0	0.5	frozen_count
DATAI_21_	DATAI_21_	0	0.5	frozen_count
DATAI_21_	hold394/A	0	0.5	frozen_count
DATAI_22_	DATAI_22_	0	0.5	frozen_count
DATAI_22_	hold396/A	0	0.5	frozen_count
DATAI_23_	DATAI_23_	0	0.5	frozen_count
DATAI_23_	hold388/A	0	0.5	frozen_count
DATAI_24_	DATAI_24_	0	0.5	frozen_count
DATAI_24_	hold406/A	0	0.5	frozen_count
DATAI_25_	DATAI_25_	0	0.5	frozen_count
DATAI_25_	hold375/A	0	0.5	frozen_count
DATAI_26_	DATAI_26_	0	0.5	frozen_count
DATAI_26_	hold398/A	0	0.5	frozen_count
DATAI_27_	DATAI_27_	0	0.5	frozen_count
DATAI_27_	hold384/A	0	0.5	frozen_count
DATAI_28_	DATAI_28_	0	0.5	frozen_count
DATAI_28_	hold366/A	0	0.5	frozen_count
DATAI_29_	DATAI_29_	0	0.5	frozen_count
DATAI_29_	hold345/A	0	0.5	frozen_count
DATAI_2_	DATAI_2_	0	0.5	frozen_count
DATAI_2_	hold420/A	0	0.5	frozen_count
DATAI_30_	DATAI_30_	0	0.5	frozen_count
DATAI_30_	hold386/A	0	0.5	frozen_count
DATAI_31_	DATAI_31_	0	0.5	frozen_count
DATAI_31_	hold379/A	0	0.5	frozen_count
DATAI_3_	DATAI_3_	0	0.5	frozen_count
DATAI_3_	hold369/A	0	0.5	frozen_count
DATAI_4_	DATAI_4_	0	0.5	frozen_count
DATAI_4_	hold354/A	0	0.5	frozen_count
DATAI_5_	DATAI_5_	0	0.5	frozen_count
DATAI_5_	hold348/A	0	0.5	frozen_count
DATAI_6_	DATAI_6_	0	0.5	frozen_count
DATAI_6_	hold363/A	0	0.5	frozen_count
DATAI_7_	DATAI_7_	0	0.5	frozen_count
DATAI_7_	hold360/A	0	0.5	frozen_count
DATAI_8_	DATAI_8_	0	0.5	frozen_count
DATAI_8_	hold351/A	0	0.5	frozen_count
DATAI_9_	DATAI_9_	0	0.5	frozen_count
DATAI_9_	hold408/A	0	0.5	frozen_count
DATAO_REG_0_	DATAO_REG_0_	0	0.5	frozen_count
DATAO_REG_0_	output55/Z	0	0.5	frozen_count
DATAO_REG_10_	DATAO_REG_10_	0	0.5	frozen_count
DATAO_REG_10_	output56/Z	0	0.5	frozen_count
DATAO_REG_11_	DATAO_REG_11_	0	0.5	frozen_count
DATAO_REG_11_	output57/Z	0	0.5	frozen_count
DATAO_REG_12_	DATAO_REG_12_	0	0.5	frozen_count
DATAO_REG_12_	output58/Z	0	0.5	frozen_count
DATAO_REG_13_	DATAO_REG_13_	0	0.5	frozen_count
DATAO_REG_13_	output59/Z	0	0.5	frozen_count
DATAO_REG_14_	DATAO_REG_14_	0	0.5	frozen_count
DATAO_REG_14_	output60/Z	0	0.5	frozen_count
DATAO_REG_15_	DATAO_REG_15_	0	0.5	frozen_count
DATAO_REG_15_	output61/Z	0	0.5	frozen_count
DATAO_REG_16_	DATAO_REG_16_	0	0.5	frozen_count
DATAO_REG_16_	output62/Z	0	0.5	frozen_count
DATAO_REG_17_	DATAO_REG_17_	0	0.5	frozen_count
DATAO_REG_17_	output63/Z	0	0.5	frozen_count
DATAO_REG_18_	DATAO_REG_18_	0	0.5	frozen_count
DATAO_REG_18_	output64/Z	0	0.5	frozen_count
DATAO_REG_19_	DATAO_REG_19_	0	0.5	frozen_count
DATAO_REG_19_	output65/Z	0	0.5	frozen_count
DATAO_REG_1_	DATAO_REG_1_	0	0.5	frozen_count
DATAO_REG_1_	output66/Z	0	0.5	frozen_count
DATAO_REG_20_	DATAO_REG_20_	0	0.5	frozen_count
DATAO_REG_20_	output67/Z	0	0.5	frozen_count
DATAO_REG_21_	DATAO_REG_21_	0	0.5	frozen_count
DATAO_REG_21_	output68/Z	0	0.5	frozen_count
DATAO_REG_22_	DATAO_REG_22_	0	0.5	frozen_count
DATAO_REG_22_	output69/Z	0	0.5	frozen_count
DATAO_REG_23_	DATAO_REG_23_	0	0.5	frozen_count
DATAO_REG_23_	output70/Z	0	0.5	frozen_count
DATAO_REG_24_	DATAO_REG_24_	0	0.5	frozen_count
DATAO_REG_24_	output71/Z	0	0.5	frozen_count
DATAO_REG_25_	DATAO_REG_25_	0	0.5	frozen_count
DATAO_REG_25_	output72/Z	0	0.5	frozen_count
DATAO_REG_26_	DATAO_REG_26_	0	0.5	frozen_count
DATAO_REG_26_	output73/Z	0	0.5	frozen_count
DATAO_REG_27_	DATAO_REG_27_	0	0.5	frozen_count
DATAO_REG_27_	output74/Z	0	0.5	frozen_count
DATAO_REG_28_	DATAO_REG_28_	0	0.5	frozen_count
DATAO_REG_28_	output75/Z	0	0.5	frozen_count
DATAO_REG_29_	DATAO_REG_29_	0	0.5	frozen_count
DATAO_REG_29_	output76/Z	0	0.5	frozen_count
DATAO_REG_2_	DATAO_REG_2_	0	0.5	frozen_count
DATAO_REG_2_	output77/Z	0	0.5	frozen_count
DATAO_REG_30_	DATAO_REG_30_	0	0.5	frozen_count
DATAO_REG_30_	output78/Z	0	0.5	frozen_count
DATAO_REG_31_	DATAO_REG_31_	0	0.5	frozen_count
DATAO_REG_31_	output79/Z	0	0.5	frozen_count
DATAO_REG_3_	DATAO_REG_3_	0	0.5	frozen_count
DATAO_REG_3_	output80/Z	0	0.5	frozen_count
DATAO_REG_4_	DATAO_REG_4_	0	0.5	frozen_count
DATAO_REG_4_	output81/Z	0	0.5	frozen_count
DATAO_REG_5_	DATAO_REG_5_	0	0.5	frozen_count
DATAO_REG_5_	output82/Z	0	0.5	frozen_count
DATAO_REG_6_	DATAO_REG_6_	0	0.5	frozen_count
DATAO_REG_6_	output83/Z	0	0.5	frozen_count
DATAO_REG_7_	DATAO_REG_7_	0	0.5	frozen_count
DATAO_REG_7_	output84/Z	0	0.5	frozen_count
DATAO_REG_8_	DATAO_REG_8_	0	0.5	frozen_count
DATAO_REG_8_	output85/Z	0	0.5	frozen_count
DATAO_REG_9_	DATAO_REG_9_	0	0.5	frozen_count
DATAO_REG_9_	output86/Z	0	0.5	frozen_count
D_REG_0_	U_SCAN_0053/Q	0	0.5	frozen_count
D_REG_0_	U_SCAN_0054/SI	0	0.5	frozen_count
D_REG_0_	_3123_/B2	0	0.5	frozen_count
D_REG_0_	_4461_/B	0	0.5	frozen_count
D_REG_10_	U_SCAN_0054/Q	0	0.5	frozen_count
D_REG_10_	U_SCAN_0064/SI	0	0.5	frozen_count
D_REG_10_	_3114_/A3	0	0.5	frozen_count
D_REG_10_	_3205_/A1	0	0.5	frozen_count
D_REG_11_	U_SCAN_0055/Q	0	0.5	frozen_count
D_REG_11_	U_SCAN_0062/SI	0	0.5	frozen_count
D_REG_11_	_3114_/A4	0	0.5	frozen_count
D_REG_11_	_3206_/A1	0	0.5	frozen_count
D_REG_12_	U_SCAN_0056/Q	0	0.5	frozen_count
D_REG_12_	U_SCAN_0057/SI	0	0.5	frozen_count
D_REG_12_	_3113_/A1	0	0.5	frozen_count
D_REG_12_	_3207_/A1	0	0.5	frozen_count
D_REG_13_	U_SCAN_0057/Q	0	0.5	frozen_count
D_REG_13_	U_SCAN_0081/SI	0	0.5	frozen_count
D_REG_13_	_3113_/A2	0	0.5	frozen_count
D_REG_13_	_3208_/A1	0	0.5	frozen_count
D_REG_14_	U_SCAN_0058/Q	0	0.5	frozen_count
D_REG_14_	U_SCAN_0074/SI	0	0.5	frozen_count
D_REG_14_	_3113_/A3	0	0.5	frozen_count
D_REG_14_	_3209_/A1	0	0.5	frozen_count
D_REG_15_	U_SCAN_0059/Q	0	0.5	frozen_count
D_REG_15_	U_SCAN_0244/SI	0	0.5	frozen_count
D_REG_15_	_3113_/A4	0	0.5	frozen_count
D_REG_15_	_3210_/A1	0	0.5	frozen_count
D_REG_16_	U_SCAN_0060/Q	0	0.5	frozen_count
D_REG_16_	U_SCAN_0083/SI	0	0.5	frozen_count
D_REG_16_	_3107_/A1	0	0.5	frozen_count
D_REG_16_	_3211_/A1	0	0.5	frozen_count
D_REG_17_	U_SCAN_0061/Q	0	0.5	frozen_count
D_REG_17_	U_SCAN_0069/SI	0	0.5	frozen_count
D_REG_17_	_3107_/A2	0	0.5	frozen_count
D_REG_17_	_3212_/A1	0	0.5	frozen_count
D_REG_18_	U_SCAN_0061/SI	0	0.5	frozen_count
D_REG_18_	U_SCAN_0062/Q	0	0.5	frozen_count
D_REG_18_	_3107_/A3	0	0.5	frozen_count
D_REG_18_	_3213_/A1	0	0.5	frozen_count
D_REG_19_	U_SCAN_0055/SI	0	0.5	frozen_count
D_REG_19_	U_SCAN_0063/Q	0	0.5	frozen_count
D_REG_19_	_3107_/A4	0	0.5	frozen_count
D_REG_19_	_3214_/A1	0	0.5	frozen_count
D_REG_1_	U_SCAN_0064/Q	0	0.5	frozen_count
D_REG_1_	U_SCAN_0084/SI	0	0.5	frozen_count
D_REG_1_	_3119_/B2	0	0.5	frozen_count
D_REG_1_	_4462_/B	0	0.5	frozen_count
D_REG_20_	U_SCAN_0065/Q	0	0.5	frozen_count
D_REG_20_	U_SCAN_0172/SI	0	0.5	frozen_count
D_REG_20_	_3106_/A1	0	0.5	frozen_count
D_REG_20_	_3215_/A1	0	0.5	frozen_count
D_REG_21_	U_SCAN_0066/Q	0	0.5	frozen_count
D_REG_21_	U_SCAN_0067/SI	0	0.5	frozen_count
D_REG_21_	_3106_/A2	0	0.5	frozen_count
D_REG_21_	_3216_/A1	0	0.5	frozen_count
D_REG_22_	U_SCAN_0065/SI	0	0.5	frozen_count
D_REG_22_	U_SCAN_0067/Q	0	0.5	frozen_count
D_REG_22_	_3106_/A3	0	0.5	frozen_count
D_REG_22_	_3217_/A1	0	0.5	frozen_count
D_REG_23_	U_SCAN_0045/SI	0	0.5	frozen_count
D_REG_23_	U_SCAN_0068/Q	0	0.5	frozen_count
D_REG_23_	_3106_/A4	0	0.5	frozen_count
D_REG_23_	_3218_/A1	0	0.5	frozen_count
D_REG_24_	U_SCAN_0069/Q	0	0.5	frozen_count
D_REG_24_	U_SCAN_0070/SI	0	0.5	frozen_count
D_REG_24_	_3109_/A1	0	0.5	frozen_count
D_REG_24_	_3219_/A1	0	0.5	frozen_count
D_REG_25_	U_SCAN_0070/Q	0	0.5	frozen_count
D_REG_25_	U_SCAN_0071/SI	0	0.5	frozen_count
D_REG_25_	_3109_/A2	0	0.5	frozen_count
D_REG_25_	_3220_/A1	0	0.5	frozen_count
D_REG_26_	U_SCAN_0071/Q	0	0.5	frozen_count
D_REG_26_	U_SCAN_0073/SI	0	0.5	frozen_count
D_REG_26_	_3109_/A3	0	0.5	frozen_count
D_REG_26_	_3221_/A1	0	0.5	frozen_count
D_REG_27_	U_SCAN_0072/Q	0	0.5	frozen_count
D_REG_27_	U_SCAN_0076/SI	0	0.5	frozen_count
D_REG_27_	_3109_/A4	0	0.5	frozen_count
D_REG_27_	_3222_/A1	0	0.5	frozen_count
D_REG_28_	U_SCAN_0072/SI	0	0.5	frozen_count
D_REG_28_	U_SCAN_0073/Q	0	0.5	frozen_count
D_REG_28_	_3108_/A1	0	0.5	frozen_count
D_REG_28_	_3223_/A1	0	0.5	frozen_count
D_REG_29_	U_SCAN_0074/Q	0	0.5	frozen_count
D_REG_29_	U_SCAN_0141/SI	0	0.5	frozen_count
D_REG_29_	_3108_/A2	0	0.5	frozen_count
D_REG_29_	_3224_/A1	0	0.5	frozen_count
D_REG_2_	U_SCAN_0059/SI	0	0.5	frozen_count
D_REG_2_	U_SCAN_0075/Q	0	0.5	frozen_count
D_REG_2_	_3111_/A1	0	0.5	frozen_count
D_REG_2_	_3197_/A1	0	0.5	frozen_count
D_REG_30_	U_SCAN_0075/SI	0	0.5	frozen_count
D_REG_30_	U_SCAN_0076/Q	0	0.5	frozen_count
D_REG_30_	_3108_/A3	0	0.5	frozen_count
D_REG_30_	_3225_/A1	0	0.5	frozen_count
D_REG_31_	U_SCAN_0077/Q	0	0.5	frozen_count
D_REG_31_	U_SCAN_0080/SI	0	0.5	frozen_count
D_REG_31_	_3108_/A4	0	0.5	frozen_count
D_REG_31_	_3226_/A1	0	0.5	frozen_count
D_REG_3_	U_SCAN_0058/SI	0	0.5	frozen_count
D_REG_3_	U_SCAN_0078/Q	0	0.5	frozen_count
D_REG_3_	_3111_/A2	0	0.5	frozen_count
D_REG_3_	_3198_/A1	0	0.5	frozen_count
D_REG_4_	U_SCAN_0079/Q	0	0.5	frozen_count
D_REG_4_	U_SCAN_0082/SI	0	0.5	frozen_count
D_REG_4_	_3112_/A1	0	0.5	frozen_count
D_REG_4_	_3199_/A1	0	0.5	frozen_count
D_REG_5_	U_SCAN_0078/SI	0	0.5	frozen_count
D_REG_5_	U_SCAN_0080/Q	0	0.5	frozen_count
D_REG_5_	_3112_/A2	0	0.5	frozen_count
D_REG_5_	_3200_/A1	0	0.5	frozen_count
D_REG_6_	U_SCAN_0077/SI	0	0.5	frozen_count
D_REG_6_	U_SCAN_0081/Q	0	0.5	frozen_count
D_REG_6_	_3112_/A3	0	0.5	frozen_count
D_REG_6_	_3201_/A1	0	0.5	frozen_count
D_REG_7_	U_SCAN_0056/SI	0	0.5	frozen_count
D_REG_7_	U_SCAN_0082/Q	0	0.5	frozen_count
D_REG_7_	_3112_/A4	0	0.5	frozen_count
D_REG_7_	_3202_/A1	0	0.5	frozen_count
D_REG_8_	U_SCAN_0079/SI	0	0.5	frozen_count
D_REG_8_	U_SCAN_0083/Q	0	0.5	frozen_count
D_REG_8_	_3114_/A1	0	0.5	frozen_count
D_REG_8_	_3203_/A1	0	0.5	frozen_count
D_REG_9_	U_SCAN_0063/SI	0	0.5	frozen_count
D_REG_9_	U_SCAN_0084/Q	0	0.5	frozen_count
D_REG_9_	_3114_/A2	0	0.5	frozen_count
D_REG_9_	_3204_/A1	0	0.5	frozen_count
IR_REG_0_	U_SCAN_0085/Q	0	0.5	frozen_count
IR_REG_0_	U_SCAN_0108/SI	0	0.5	frozen_count
IR_REG_0_	_2322_/A1	0	0.5	frozen_count
IR_REG_0_	_2323_/A1	0	0.5	frozen_count
IR_REG_0_	_2464_/B2	0	0.5	frozen_count
IR_REG_0_	_2470_/A2	0	0.5	frozen_count
IR_REG_0_	_2474_/A1	0	0.5	frozen_count
IR_REG_0_	_2475_/A	0	0.5	frozen_count
IR_REG_0_	_2561_/A1	0	0.5	frozen_count
IR_REG_0_	_2562_/A	0	0.5	frozen_count
IR_REG_0_	_2938_/A1	0	0.5	frozen_count
IR_REG_0_	_2939_/A1	0	0.5	frozen_count
IR_REG_0_	_2947_/A1	0	0.5	frozen_count
IR_REG_0_	_4221_/A	0	0.5	frozen_count
IR_REG_0_	_4222_/A	0	0.5	frozen_count
IR_REG_0_	_4223_/A1	0	0.5	frozen_count
IR_REG_0_	_4392_/B2	0	0.5	frozen_count
IR_REG_0_	_4393_/B2	0	0.5	frozen_count
IR_REG_0_	_4460_/B	0	0.5	frozen_count
IR_REG_10_	U_SCAN_0086/Q	0	0.5	frozen_count
IR_REG_10_	U_SCAN_0144/SI	0	0.5	frozen_count
IR_REG_10_	_2328_/A2	0	0.5	frozen_count
IR_REG_10_	_2329_/A2	0	0.5	frozen_count
IR_REG_10_	_2422_/A1	0	0.5	frozen_count
IR_REG_10_	_2432_/A1	0	0.5	frozen_count
IR_REG_10_	_2504_/A	0	0.5	frozen_count
IR_REG_11_	U_SCAN_0087/Q	0	0.5	frozen_count
IR_REG_11_	U_SCAN_0088/SI	0	0.5	frozen_count
IR_REG_11_	_2315_/A	0	0.5	frozen_count
IR_REG_11_	_2328_/A4	0	0.5	frozen_count
IR_REG_11_	_2329_/A4	0	0.5	frozen_count
IR_REG_11_	_2422_/A2	0	0.5	frozen_count
IR_REG_11_	_4415_/B1	0	0.5	frozen_count
IR_REG_12_	U_SCAN_0011/SI	0	0.5	frozen_count
IR_REG_12_	U_SCAN_0088/Q	0	0.5	frozen_count
IR_REG_12_	_2328_/A1	0	0.5	frozen_count
IR_REG_12_	_2329_/A1	0	0.5	frozen_count
IR_REG_12_	_2423_/B2	0	0.5	frozen_count
IR_REG_12_	_2428_/A	0	0.5	frozen_count
IR_REG_12_	_3230_/A1	0	0.5	frozen_count
IR_REG_12_	_4417_/B2	0	0.5	frozen_count
IR_REG_12_	_4418_/B2	0	0.5	frozen_count
IR_REG_12_	_4419_/B2	0	0.5	frozen_count
IR_REG_13_	U_SCAN_0087/SI	0	0.5	frozen_count
IR_REG_13_	U_SCAN_0089/Q	0	0.5	frozen_count
IR_REG_13_	_2328_/A3	0	0.5	frozen_count
IR_REG_13_	_2329_/A3	0	0.5	frozen_count
IR_REG_13_	_2421_/A2	0	0.5	frozen_count
IR_REG_13_	_2423_/A	0	0.5	frozen_count
IR_REG_13_	_3229_/A2	0	0.5	frozen_count
IR_REG_14_	U_SCAN_0090/Q	0	0.5	frozen_count
IR_REG_14_	U_SCAN_0091/SI	0	0.5	frozen_count
IR_REG_14_	_2333_/A2	0	0.5	frozen_count
IR_REG_14_	_2335_/A3	0	0.5	frozen_count
IR_REG_14_	_2388_/A1	0	0.5	frozen_count
IR_REG_14_	_2391_/A1	0	0.5	frozen_count
IR_REG_14_	_2392_/A1	0	0.5	frozen_count
IR_REG_14_	_2418_/A	0	0.5	frozen_count
IR_REG_14_	_4422_/B2	0	0.5	frozen_count
IR_REG_14_	_4423_/B2	0	0.5	frozen_count
IR_REG_15_	U_SCAN_0091/Q	0	0.5	frozen_count
IR_REG_15_	U_SCAN_0092/SI	0	0.5	frozen_count
IR_REG_15_	_2333_/A1	0	0.5	frozen_count
IR_REG_15_	_2335_/A1	0	0.5	frozen_count
IR_REG_15_	_2389_/A1	0	0.5	frozen_count
IR_REG_15_	_2413_/B2	0	0.5	frozen_count
IR_REG_15_	_2415_/B1	0	0.5	frozen_count
IR_REG_15_	_4425_/B2	0	0.5	frozen_count
IR_REG_16_	U_SCAN_0092/Q	0	0.5	frozen_count
IR_REG_16_	U_SCAN_0095/SI	0	0.5	frozen_count
IR_REG_16_	_2332_/A1	0	0.5	frozen_count
IR_REG_16_	_2334_/A1	0	0.5	frozen_count
IR_REG_16_	_2519_/A	0	0.5	frozen_count
IR_REG_16_	_2520_/A	0	0.5	frozen_count
IR_REG_16_	_2527_/A1	0	0.5	frozen_count
IR_REG_16_	_4428_/B2	0	0.5	frozen_count
IR_REG_16_	_4429_/C1	0	0.5	frozen_count
IR_REG_17_	U_SCAN_0093/Q	0	0.5	frozen_count
IR_REG_17_	U_SCAN_0099/SI	0	0.5	frozen_count
IR_REG_17_	_2288_/A	0	0.5	frozen_count
IR_REG_17_	_2332_/A2	0	0.5	frozen_count
IR_REG_17_	_2334_/A3	0	0.5	frozen_count
IR_REG_17_	_2528_/B2	0	0.5	frozen_count
IR_REG_17_	_2530_/B1	0	0.5	frozen_count
IR_REG_17_	_4431_/B2	0	0.5	frozen_count
IR_REG_18_	U_SCAN_0093/SI	0	0.5	frozen_count
IR_REG_18_	U_SCAN_0094/Q	0	0.5	frozen_count
IR_REG_18_	_2307_/A	0	0.5	frozen_count
IR_REG_18_	_2334_/A4	0	0.5	frozen_count
IR_REG_18_	_2536_/A	0	0.5	frozen_count
IR_REG_18_	_4434_/B2	0	0.5	frozen_count
IR_REG_18_	_4435_/B2	0	0.5	frozen_count
IR_REG_19_	U_SCAN_0094/SI	0	0.5	frozen_count
IR_REG_19_	U_SCAN_0095/Q	0	0.5	frozen_count
IR_REG_19_	_2335_/A2	0	0.5	frozen_count
IR_REG_19_	_2389_/A2	0	0.5	frozen_count
IR_REG_19_	_2541_/A2	0	0.5	frozen_count
IR_REG_19_	_2543_/C2	0	0.5	frozen_count
IR_REG_1_	test_so_1	0	0.5	frozen_count
IR_REG_1_	U_SCAN_0096/Q	0	0.5	frozen_count
IR_REG_1_	_2322_/A3	0	0.5	frozen_count
IR_REG_1_	_2323_/A4	0	0.5	frozen_count
IR_REG_1_	_2464_/B1	0	0.5	frozen_count
IR_REG_1_	_2471_/A	0	0.5	frozen_count
IR_REG_1_	_2472_/A	0	0.5	frozen_count
IR_REG_1_	_4392_/B1	0	0.5	frozen_count
IR_REG_1_	_4393_/B1	0	0.5	frozen_count
IR_REG_1_	_4394_/B2	0	0.5	frozen_count
IR_REG_20_	U_SCAN_0096/SI	0	0.5	frozen_count
IR_REG_20_	U_SCAN_0097/Q	0	0.5	frozen_count
IR_REG_20_	_2335_/A4	0	0.5	frozen_count
IR_REG_20_	_2392_/A2	0	0.5	frozen_count
IR_REG_20_	_2622_/A	0	0.5	frozen_count
IR_REG_20_	_2624_/B1	0	0.5	frozen_count
IR_REG_20_	_2625_/A	0	0.5	frozen_count
IR_REG_20_	_4437_/C2	0	0.5	frozen_count
IR_REG_21_	U_SCAN_0060/SI	0	0.5	frozen_count
IR_REG_21_	U_SCAN_0098/Q	0	0.5	frozen_count
IR_REG_21_	_2283_/A	0	0.5	frozen_count
IR_REG_21_	_2334_/A2	0	0.5	frozen_count
IR_REG_21_	_2395_/A2	0	0.5	frozen_count
IR_REG_21_	_3908_/B1	0	0.5	frozen_count
IR_REG_22_	U_SCAN_0098/SI	0	0.5	frozen_count
IR_REG_22_	U_SCAN_0099/Q	0	0.5	frozen_count
IR_REG_22_	_2339_/B1	0	0.5	frozen_count
IR_REG_22_	_2340_/A2	0	0.5	frozen_count
IR_REG_22_	_2347_/A3	0	0.5	frozen_count
IR_REG_22_	_2366_/A3	0	0.5	frozen_count
IR_REG_22_	_2398_/A	0	0.5	frozen_count
IR_REG_22_	_2399_/A	0	0.5	frozen_count
IR_REG_22_	_3231_/A2	0	0.5	frozen_count
IR_REG_22_	_4439_/B2	0	0.5	frozen_count
IR_REG_22_	_4440_/B2	0	0.5	frozen_count
IR_REG_22_	_4441_/B2	0	0.5	frozen_count
IR_REG_23_	U_SCAN_0053/SI	0	0.5	frozen_count
IR_REG_23_	U_SCAN_0100/Q	0	0.5	frozen_count
IR_REG_23_	_2303_/A	0	0.5	frozen_count
IR_REG_23_	_2339_/A	0	0.5	frozen_count
IR_REG_23_	_2340_/A1	0	0.5	frozen_count
IR_REG_23_	_2343_/A2	0	0.5	frozen_count
IR_REG_23_	_2347_/A1	0	0.5	frozen_count
IR_REG_23_	_2366_/A2	0	0.5	frozen_count
IR_REG_23_	_3230_/A2	0	0.5	frozen_count
IR_REG_23_	_4443_/B1	0	0.5	frozen_count
IR_REG_24_	U_SCAN_0100/SI	0	0.5	frozen_count
IR_REG_24_	U_SCAN_0101/Q	0	0.5	frozen_count
IR_REG_24_	_2305_/A	0	0.5	frozen_count
IR_REG_24_	_2347_/A2	0	0.5	frozen_count
IR_REG_24_	_2353_/A	0	0.5	frozen_count
IR_REG_24_	_2354_/B1	0	0.5	frozen_count
IR_REG_24_	_2364_/A4	0	0.5	frozen_count
IR_REG_24_	_2365_/A4	0	0.5	frozen_count
IR_REG_24_	_4446_/B1	0	0.5	frozen_count
IR_REG_25_	U_SCAN_0101/SI	0	0.5	frozen_count
IR_REG_25_	U_SCAN_0102/Q	0	0.5	frozen_count
IR_REG_25_	_2304_/A	0	0.5	frozen_count
IR_REG_25_	_2354_/A	0	0.5	frozen_count
IR_REG_25_	_2356_/A1	0	0.5	frozen_count
IR_REG_25_	_2357_/A2	0	0.5	frozen_count
IR_REG_25_	_2364_/A3	0	0.5	frozen_count
IR_REG_25_	_2365_/A3	0	0.5	frozen_count
IR_REG_25_	_2381_/A3	0	0.5	frozen_count
IR_REG_25_	_4449_/B2	0	0.5	frozen_count
IR_REG_26_	U_SCAN_0102/SI	0	0.5	frozen_count
IR_REG_26_	U_SCAN_0103/Q	0	0.5	frozen_count
IR_REG_26_	_2346_/A2	0	0.5	frozen_count
IR_REG_26_	_2350_/A	0	0.5	frozen_count
IR_REG_26_	_2364_/A2	0	0.5	frozen_count
IR_REG_26_	_2365_/A2	0	0.5	frozen_count
IR_REG_26_	_2381_/A1	0	0.5	frozen_count
IR_REG_26_	_4685_/B1	0	0.5	frozen_count
IR_REG_27_	U_SCAN_0104/Q	0	0.5	frozen_count
IR_REG_27_	U_SCAN_0106/SI	0	0.5	frozen_count
IR_REG_27_	_2361_/A2	0	0.5	frozen_count
IR_REG_27_	_2364_/A1	0	0.5	frozen_count
IR_REG_27_	_2365_/A1	0	0.5	frozen_count
IR_REG_27_	_2383_/C2	0	0.5	frozen_count
IR_REG_28_	U_SCAN_0097/SI	0	0.5	frozen_count
IR_REG_28_	U_SCAN_0105/Q	0	0.5	frozen_count
IR_REG_28_	_2284_/A	0	0.5	frozen_count
IR_REG_28_	_2370_/A1	0	0.5	frozen_count
IR_REG_28_	_2374_/B2	0	0.5	frozen_count
IR_REG_28_	_2375_/C2	0	0.5	frozen_count
IR_REG_28_	_3231_/A1	0	0.5	frozen_count
IR_REG_28_	_4451_/C2	0	0.5	frozen_count
IR_REG_29_	U_SCAN_0106/Q	0	0.5	frozen_count
IR_REG_29_	U_SCAN_0107/SI	0	0.5	frozen_count
IR_REG_29_	_2633_/A2	0	0.5	frozen_count
IR_REG_29_	_2634_/A2	0	0.5	frozen_count
IR_REG_29_	_2635_/A2	0	0.5	frozen_count
IR_REG_29_	_2636_/A2	0	0.5	frozen_count
IR_REG_29_	_2639_/A1	0	0.5	frozen_count
IR_REG_29_	_2640_/A1	0	0.5	frozen_count
IR_REG_29_	_3230_/A3	0	0.5	frozen_count
IR_REG_29_	_4453_/B2	0	0.5	frozen_count
IR_REG_29_	_4454_/B1	0	0.5	frozen_count
IR_REG_2_	U_SCAN_0105/SI	0	0.5	frozen_count
IR_REG_2_	U_SCAN_0107/Q	0	0.5	frozen_count
IR_REG_2_	_2322_/A2	0	0.5	frozen_count
IR_REG_2_	_2323_/A3	0	0.5	frozen_count
IR_REG_2_	_2464_/A	0	0.5	frozen_count
IR_REG_2_	_2466_/A2	0	0.5	frozen_count
IR_REG_2_	_3308_/B2	0	0.5	frozen_count
IR_REG_30_	U_SCAN_0086/SI	0	0.5	frozen_count
IR_REG_30_	U_SCAN_0108/Q	0	0.5	frozen_count
IR_REG_30_	_2301_/A	0	0.5	frozen_count
IR_REG_30_	_2638_/A2	0	0.5	frozen_count
IR_REG_30_	_2641_/B1	0	0.5	frozen_count
IR_REG_30_	_3229_/A1	0	0.5	frozen_count
IR_REG_30_	_4456_/B2	0	0.5	frozen_count
IR_REG_30_	_4457_/B2	0	0.5	frozen_count
IR_REG_30_	_4458_/B1	0	0.5	frozen_count
IR_REG_31_	U_SCAN_0047/SI	0	0.5	frozen_count
IR_REG_31_	U_SCAN_0109/Q	0	0.5	frozen_count
IR_REG_31_	_2277_/A	0	0.5	frozen_count
IR_REG_31_	_2344_/B2	0	0.5	frozen_count
IR_REG_31_	_2351_/B2	0	0.5	frozen_count
IR_REG_31_	_2354_/B2	0	0.5	frozen_count
IR_REG_31_	_2357_/A1	0	0.5	frozen_count
IR_REG_31_	_2376_/A	0	0.5	frozen_count
IR_REG_31_	_2377_/A1	0	0.5	frozen_count
IR_REG_31_	_2393_/A1	0	0.5	frozen_count
IR_REG_31_	_2445_/A1	0	0.5	frozen_count
IR_REG_31_	_2457_/A1	0	0.5	frozen_count
IR_REG_31_	_2463_/A1	0	0.5	frozen_count
IR_REG_31_	_2465_/A1	0	0.5	frozen_count
IR_REG_31_	_2470_/A1	0	0.5	frozen_count
IR_REG_31_	_2633_/A1	0	0.5	frozen_count
IR_REG_31_	_2634_/A1	0	0.5	frozen_count
IR_REG_31_	_2635_/A1	0	0.5	frozen_count
IR_REG_31_	_2636_/A1	0	0.5	frozen_count
IR_REG_31_	_2637_/A1	0	0.5	frozen_count
IR_REG_31_	_2642_/A	0	0.5	frozen_count
IR_REG_31_	_4684_/A1	0	0.5	frozen_count
IR_REG_31_	place334/A	0	0.5	frozen_count
IR_REG_3_	U_SCAN_0110/Q	0	0.5	frozen_count
IR_REG_3_	U_SCAN_0207/SI	0	0.5	frozen_count
IR_REG_3_	_2323_/A2	0	0.5	frozen_count
IR_REG_3_	_2480_/A	0	0.5	frozen_count
IR_REG_3_	_2481_/A	0	0.5	frozen_count
IR_REG_3_	_4396_/B2	0	0.5	frozen_count
IR_REG_3_	_4397_/C2	0	0.5	frozen_count
IR_REG_4_	U_SCAN_0110/SI	0	0.5	frozen_count
IR_REG_4_	U_SCAN_0111/Q	0	0.5	frozen_count
IR_REG_4_	_2320_/A1	0	0.5	frozen_count
IR_REG_4_	_2321_/A1	0	0.5	frozen_count
IR_REG_4_	_2450_/A1	0	0.5	frozen_count
IR_REG_4_	_2458_/A1	0	0.5	frozen_count
IR_REG_4_	_2459_/B	0	0.5	frozen_count
IR_REG_4_	_4400_/B2	0	0.5	frozen_count
IR_REG_5_	U_SCAN_0013/SI	0	0.5	frozen_count
IR_REG_5_	U_SCAN_0112/Q	0	0.5	frozen_count
IR_REG_5_	_2320_/A2	0	0.5	frozen_count
IR_REG_5_	_2321_/A2	0	0.5	frozen_count
IR_REG_5_	_2451_/A1	0	0.5	frozen_count
IR_REG_5_	_2452_/A2	0	0.5	frozen_count
IR_REG_6_	U_SCAN_0113/Q	0	0.5	frozen_count
IR_REG_6_	U_SCAN_0118/SI	0	0.5	frozen_count
IR_REG_6_	_2325_/A1	0	0.5	frozen_count
IR_REG_6_	_2326_/A2	0	0.5	frozen_count
IR_REG_6_	_2362_/A1	0	0.5	frozen_count
IR_REG_6_	_2370_/A2	0	0.5	frozen_count
IR_REG_6_	_2446_/A	0	0.5	frozen_count
IR_REG_6_	_4403_/B2	0	0.5	frozen_count
IR_REG_6_	_4404_/C2	0	0.5	frozen_count
IR_REG_7_	U_SCAN_0114/Q	0	0.5	frozen_count
IR_REG_7_	U_SCAN_0115/SI	0	0.5	frozen_count
IR_REG_7_	_2326_/A1	0	0.5	frozen_count
IR_REG_7_	_2366_/A1	0	0.5	frozen_count
IR_REG_7_	_2381_/A2	0	0.5	frozen_count
IR_REG_7_	_2443_/B2	0	0.5	frozen_count
IR_REG_7_	_2444_/B1	0	0.5	frozen_count
IR_REG_7_	_4407_/B2	0	0.5	frozen_count
IR_REG_8_	U_SCAN_0115/Q	0	0.5	frozen_count
IR_REG_8_	U_SCAN_0117/SI	0	0.5	frozen_count
IR_REG_8_	_2306_/A	0	0.5	frozen_count
IR_REG_8_	_2363_/A1	0	0.5	frozen_count
IR_REG_8_	_2370_/A3	0	0.5	frozen_count
IR_REG_8_	_2497_/A	0	0.5	frozen_count
IR_REG_8_	_4411_/B1	0	0.5	frozen_count
IR_REG_9_	U_SCAN_0111/SI	0	0.5	frozen_count
IR_REG_9_	U_SCAN_0116/Q	0	0.5	frozen_count
IR_REG_9_	_2316_/A	0	0.5	frozen_count
IR_REG_9_	_2366_/A4	0	0.5	frozen_count
IR_REG_9_	_2381_/A4	0	0.5	frozen_count
IR_REG_9_	_2422_/A3	0	0.5	frozen_count
IR_REG_9_	_2432_/A2	0	0.5	frozen_count
IR_REG_9_	_2437_/B1	0	0.5	frozen_count
RD_REG	RD_REG	0	0.5	frozen_count
RD_REG	output87/Z	0	0.5	frozen_count
REG0_REG_0_	U_SCAN_0118/Q	0	0.5	frozen_count
REG0_REG_0_	U_SCAN_0178/SI	0	0.5	frozen_count
REG0_REG_0_	_2312_/A	0	0.5	frozen_count
REG0_REG_0_	_4683_/A	0	0.5	frozen_count
REG0_REG_10_	U_SCAN_0001/SI	0	0.5	frozen_count
REG0_REG_10_	U_SCAN_0119/Q	0	0.5	frozen_count
REG0_REG_10_	_2812_/C2	0	0.5	frozen_count
REG0_REG_10_	_4672_/A	0	0.5	frozen_count
REG0_REG_11_	U_SCAN_0003/SI	0	0.5	frozen_count
REG0_REG_11_	U_SCAN_0120/Q	0	0.5	frozen_count
REG0_REG_11_	_2975_/C2	0	0.5	frozen_count
REG0_REG_11_	_4671_/A	0	0.5	frozen_count
REG0_REG_12_	U_SCAN_0005/SI	0	0.5	frozen_count
REG0_REG_12_	U_SCAN_0121/Q	0	0.5	frozen_count
REG0_REG_12_	_2803_/B2	0	0.5	frozen_count
REG0_REG_12_	_4670_/A	0	0.5	frozen_count
REG0_REG_13_	U_SCAN_0122/Q	0	0.5	frozen_count
REG0_REG_13_	U_SCAN_0217/SI	0	0.5	frozen_count
REG0_REG_13_	_3058_/B2	0	0.5	frozen_count
REG0_REG_13_	_4669_/A	0	0.5	frozen_count
REG0_REG_14_	U_SCAN_0123/Q	0	0.5	frozen_count
REG0_REG_14_	U_SCAN_0124/SI	0	0.5	frozen_count
REG0_REG_14_	_2994_/B2	0	0.5	frozen_count
REG0_REG_14_	_4668_/A	0	0.5	frozen_count
REG0_REG_15_	U_SCAN_0124/Q	0	0.5	frozen_count
REG0_REG_15_	U_SCAN_0189/SI	0	0.5	frozen_count
REG0_REG_15_	_3007_/B2	0	0.5	frozen_count
REG0_REG_15_	_4667_/A	0	0.5	frozen_count
REG0_REG_16_	U_SCAN_0125/Q	0	0.5	frozen_count
REG0_REG_16_	U_SCAN_0190/SI	0	0.5	frozen_count
REG0_REG_16_	_3046_/C2	0	0.5	frozen_count
REG0_REG_16_	_4666_/A	0	0.5	frozen_count
REG0_REG_17_	U_SCAN_0126/Q	0	0.5	frozen_count
REG0_REG_17_	U_SCAN_0127/SI	0	0.5	frozen_count
REG0_REG_17_	_3032_/C2	0	0.5	frozen_count
REG0_REG_17_	_4665_/A	0	0.5	frozen_count
REG0_REG_18_	U_SCAN_0127/Q	0	0.5	frozen_count
REG0_REG_18_	U_SCAN_0158/SI	0	0.5	frozen_count
REG0_REG_18_	_3020_/B2	0	0.5	frozen_count
REG0_REG_18_	_4664_/A	0	0.5	frozen_count
REG0_REG_19_	U_SCAN_0128/Q	0	0.5	frozen_count
REG0_REG_19_	U_SCAN_0160/SI	0	0.5	frozen_count
REG0_REG_19_	_2785_/B2	0	0.5	frozen_count
REG0_REG_19_	_4663_/A	0	0.5	frozen_count
REG0_REG_1_	U_SCAN_0128/SI	0	0.5	frozen_count
REG0_REG_1_	U_SCAN_0129/Q	0	0.5	frozen_count
REG0_REG_1_	_2313_/A	0	0.5	frozen_count
REG0_REG_1_	_4682_/A	0	0.5	frozen_count
REG0_REG_20_	U_SCAN_0130/Q	0	0.5	frozen_count
REG0_REG_20_	U_SCAN_0162/SI	0	0.5	frozen_count
REG0_REG_20_	_2773_/C2	0	0.5	frozen_count
REG0_REG_20_	_4662_/A	0	0.5	frozen_count
REG0_REG_21_	U_SCAN_0131/Q	0	0.5	frozen_count
REG0_REG_21_	U_SCAN_0195/SI	0	0.5	frozen_count
REG0_REG_21_	_2763_/B2	0	0.5	frozen_count
REG0_REG_21_	_3900_/A	0	0.5	frozen_count
REG0_REG_22_	U_SCAN_0034/SI	0	0.5	frozen_count
REG0_REG_22_	U_SCAN_0132/Q	0	0.5	frozen_count
REG0_REG_22_	_2750_/C2	0	0.5	frozen_count
REG0_REG_22_	_4661_/A	0	0.5	frozen_count
REG0_REG_23_	U_SCAN_0035/SI	0	0.5	frozen_count
REG0_REG_23_	U_SCAN_0133/Q	0	0.5	frozen_count
REG0_REG_23_	_2735_/C2	0	0.5	frozen_count
REG0_REG_23_	_4660_/A	0	0.5	frozen_count
REG0_REG_24_	U_SCAN_0134/Q	0	0.5	frozen_count
REG0_REG_24_	U_SCAN_0167/SI	0	0.5	frozen_count
REG0_REG_24_	_2723_/B2	0	0.5	frozen_count
REG0_REG_24_	_4659_/A	0	0.5	frozen_count
REG0_REG_25_	U_SCAN_0037/SI	0	0.5	frozen_count
REG0_REG_25_	U_SCAN_0135/Q	0	0.5	frozen_count
REG0_REG_25_	_2709_/A1	0	0.5	frozen_count
REG0_REG_25_	_4658_/A	0	0.5	frozen_count
REG0_REG_26_	U_SCAN_0131/SI	0	0.5	frozen_count
REG0_REG_26_	U_SCAN_0136/Q	0	0.5	frozen_count
REG0_REG_26_	_2694_/C2	0	0.5	frozen_count
REG0_REG_26_	_3899_/A	0	0.5	frozen_count
REG0_REG_27_	U_SCAN_0137/Q	0	0.5	frozen_count
REG0_REG_27_	U_SCAN_0169/SI	0	0.5	frozen_count
REG0_REG_27_	_2676_/C2	0	0.5	frozen_count
REG0_REG_27_	_3898_/A	0	0.5	frozen_count
REG0_REG_28_	U_SCAN_0138/Q	0	0.5	frozen_count
REG0_REG_28_	U_SCAN_0202/SI	0	0.5	frozen_count
REG0_REG_28_	_3133_/B2	0	0.5	frozen_count
REG0_REG_28_	_3897_/A	0	0.5	frozen_count
REG0_REG_29_	U_SCAN_0139/Q	0	0.5	frozen_count
REG0_REG_29_	U_SCAN_0140/SI	0	0.5	frozen_count
REG0_REG_29_	_3188_/C2	0	0.5	frozen_count
REG0_REG_29_	_3896_/A	0	0.5	frozen_count
REG0_REG_2_	U_SCAN_0140/Q	0	0.5	frozen_count
REG0_REG_2_	U_SCAN_0171/SI	0	0.5	frozen_count
REG0_REG_2_	_2292_/A	0	0.5	frozen_count
REG0_REG_2_	_4680_/A1	0	0.5	frozen_count
REG0_REG_30_	U_SCAN_0141/Q	0	0.5	frozen_count
REG0_REG_30_	U_SCAN_0200/SI	0	0.5	frozen_count
REG0_REG_30_	_3446_/C2	0	0.5	frozen_count
REG0_REG_30_	_3895_/A	0	0.5	frozen_count
REG0_REG_31_	U_SCAN_0046/SI	0	0.5	frozen_count
REG0_REG_31_	U_SCAN_0142/Q	0	0.5	frozen_count
REG0_REG_31_	_3313_/C2	0	0.5	frozen_count
REG0_REG_31_	_3894_/A	0	0.5	frozen_count
REG0_REG_3_	U_SCAN_0143/Q	0	0.5	frozen_count
REG0_REG_3_	U_SCAN_0175/SI	0	0.5	frozen_count
REG0_REG_3_	_2300_/A	0	0.5	frozen_count
REG0_REG_3_	_4679_/A	0	0.5	frozen_count
REG0_REG_4_	U_SCAN_0116/SI	0	0.5	frozen_count
REG0_REG_4_	U_SCAN_0144/Q	0	0.5	frozen_count
REG0_REG_4_	_2299_/A	0	0.5	frozen_count
REG0_REG_4_	_4678_/A	0	0.5	frozen_count
REG0_REG_5_	U_SCAN_0145/Q	0	0.5	frozen_count
REG0_REG_5_	U_SCAN_0177/SI	0	0.5	frozen_count
REG0_REG_5_	_2877_/B2	0	0.5	frozen_count
REG0_REG_5_	_4677_/A	0	0.5	frozen_count
REG0_REG_6_	U_SCAN_0016/SI	0	0.5	frozen_count
REG0_REG_6_	U_SCAN_0146/Q	0	0.5	frozen_count
REG0_REG_6_	_2867_/B2	0	0.5	frozen_count
REG0_REG_6_	_4676_/A	0	0.5	frozen_count
REG0_REG_7_	U_SCAN_0147/Q	0	0.5	frozen_count
REG0_REG_7_	U_SCAN_0179/SI	0	0.5	frozen_count
REG0_REG_7_	_2849_/B2	0	0.5	frozen_count
REG0_REG_7_	_4675_/A	0	0.5	frozen_count
REG0_REG_8_	U_SCAN_0148/Q	0	0.5	frozen_count
REG0_REG_8_	U_SCAN_0239/SI	0	0.5	frozen_count
REG0_REG_8_	_2835_/B2	0	0.5	frozen_count
REG0_REG_8_	_4674_/A	0	0.5	frozen_count
REG0_REG_9_	U_SCAN_0149/Q	0	0.5	frozen_count
REG0_REG_9_	U_SCAN_0243/SI	0	0.5	frozen_count
REG0_REG_9_	_2827_/B2	0	0.5	frozen_count
REG0_REG_9_	_4673_/A	0	0.5	frozen_count
REG1_REG_0_	U_SCAN_0150/Q	0	0.5	frozen_count
REG1_REG_0_	U_SCAN_0181/SI	0	0.5	frozen_count
REG1_REG_0_	_2302_/A	0	0.5	frozen_count
REG1_REG_0_	_2561_/A2	0	0.5	frozen_count
REG1_REG_0_	_2562_/B	0	0.5	frozen_count
REG1_REG_0_	_2946_/A1	0	0.5	frozen_count
REG1_REG_0_	_4222_/B	0	0.5	frozen_count
REG1_REG_0_	_4657_/A	0	0.5	frozen_count
REG1_REG_10_	U_SCAN_0151/Q	0	0.5	frozen_count
REG1_REG_10_	U_SCAN_0214/SI	0	0.5	frozen_count
REG1_REG_10_	_2555_/A1	0	0.5	frozen_count
REG1_REG_10_	_2588_/B2	0	0.5	frozen_count
REG1_REG_10_	_2812_/A1	0	0.5	frozen_count
REG1_REG_10_	_4170_/A	0	0.5	frozen_count
REG1_REG_10_	_4585_/A	0	0.5	frozen_count
REG1_REG_11_	U_SCAN_0120/SI	0	0.5	frozen_count
REG1_REG_11_	U_SCAN_0152/Q	0	0.5	frozen_count
REG1_REG_11_	_2590_/B2	0	0.5	frozen_count
REG1_REG_11_	_2591_/A1	0	0.5	frozen_count
REG1_REG_11_	_2975_/A1	0	0.5	frozen_count
REG1_REG_11_	_4162_/B2	0	0.5	frozen_count
REG1_REG_11_	_4163_/A	0	0.5	frozen_count
REG1_REG_11_	_4571_/A	0	0.5	frozen_count
REG1_REG_12_	U_SCAN_0153/Q	0	0.5	frozen_count
REG1_REG_12_	U_SCAN_0216/SI	0	0.5	frozen_count
REG1_REG_12_	_2554_/A1	0	0.5	frozen_count
REG1_REG_12_	_2593_/B2	0	0.5	frozen_count
REG1_REG_12_	_2595_/A1	0	0.5	frozen_count
REG1_REG_12_	_2803_/A1	0	0.5	frozen_count
REG1_REG_12_	_4154_/A	0	0.5	frozen_count
REG1_REG_12_	_4568_/A	0	0.5	frozen_count
REG1_REG_13_	U_SCAN_0154/Q	0	0.5	frozen_count
REG1_REG_13_	U_SCAN_0155/SI	0	0.5	frozen_count
REG1_REG_13_	_2552_/A1	0	0.5	frozen_count
REG1_REG_13_	_2596_/A1	0	0.5	frozen_count
REG1_REG_13_	_3058_/A1	0	0.5	frozen_count
REG1_REG_13_	_4564_/A	0	0.5	frozen_count
REG1_REG_14_	U_SCAN_0155/Q	0	0.5	frozen_count
REG1_REG_14_	U_SCAN_0156/SI	0	0.5	frozen_count
REG1_REG_14_	_2597_/B2	0	0.5	frozen_count
REG1_REG_14_	_2599_/A1	0	0.5	frozen_count
REG1_REG_14_	_2994_/A1	0	0.5	frozen_count
REG1_REG_14_	_4078_/A	0	0.5	frozen_count
REG1_REG_14_	_4561_/A	0	0.5	frozen_count
REG1_REG_14_	_4692_/B2	0	0.5	frozen_count
REG1_REG_15_	U_SCAN_0156/Q	0	0.5	frozen_count
REG1_REG_15_	U_SCAN_0187/SI	0	0.5	frozen_count
REG1_REG_15_	_2278_/A	0	0.5	frozen_count
REG1_REG_15_	_4557_/A	0	0.5	frozen_count
REG1_REG_15_	_4691_/A	0	0.5	frozen_count
REG1_REG_16_	U_SCAN_0157/Q	0	0.5	frozen_count
REG1_REG_16_	U_SCAN_0221/SI	0	0.5	frozen_count
REG1_REG_16_	_2550_/A1	0	0.5	frozen_count
REG1_REG_16_	_2551_/A1	0	0.5	frozen_count
REG1_REG_16_	_3046_/A1	0	0.5	frozen_count
REG1_REG_16_	_4073_/A	0	0.5	frozen_count
REG1_REG_16_	_4553_/A	0	0.5	frozen_count
REG1_REG_17_	U_SCAN_0158/Q	0	0.5	frozen_count
REG1_REG_17_	U_SCAN_0159/SI	0	0.5	frozen_count
REG1_REG_17_	_2548_/A1	0	0.5	frozen_count
REG1_REG_17_	_2549_/A1	0	0.5	frozen_count
REG1_REG_17_	_2604_/A1	0	0.5	frozen_count
REG1_REG_17_	_2609_/B2	0	0.5	frozen_count
REG1_REG_17_	_3032_/A1	0	0.5	frozen_count
REG1_REG_17_	_4538_/A	0	0.5	frozen_count
REG1_REG_18_	U_SCAN_0159/Q	0	0.5	frozen_count
REG1_REG_18_	U_SCAN_0191/SI	0	0.5	frozen_count
REG1_REG_18_	_2606_/B2	0	0.5	frozen_count
REG1_REG_18_	_2608_/B2	0	0.5	frozen_count
REG1_REG_18_	_2609_/A	0	0.5	frozen_count
REG1_REG_18_	_2611_/B2	0	0.5	frozen_count
REG1_REG_18_	_2612_/B2	0	0.5	frozen_count
REG1_REG_18_	_3020_/A1	0	0.5	frozen_count
REG1_REG_18_	_3904_/A	0	0.5	frozen_count
REG1_REG_18_	_4535_/A	0	0.5	frozen_count
REG1_REG_19_	U_SCAN_0160/Q	0	0.5	frozen_count
REG1_REG_19_	U_SCAN_0193/SI	0	0.5	frozen_count
REG1_REG_19_	_2607_/A	0	0.5	frozen_count
REG1_REG_19_	_2784_/A1	0	0.5	frozen_count
REG1_REG_19_	_4531_/A	0	0.5	frozen_count
REG1_REG_1_	U_SCAN_0129/SI	0	0.5	frozen_count
REG1_REG_1_	U_SCAN_0161/Q	0	0.5	frozen_count
REG1_REG_1_	_2285_/A	0	0.5	frozen_count
REG1_REG_1_	_2560_/A1	0	0.5	frozen_count
REG1_REG_1_	_2562_/C2	0	0.5	frozen_count
REG1_REG_1_	_4485_/A	0	0.5	frozen_count
REG1_REG_1_	_4648_/A	0	0.5	frozen_count
REG1_REG_20_	U_SCAN_0162/Q	0	0.5	frozen_count
REG1_REG_20_	U_SCAN_0194/SI	0	0.5	frozen_count
REG1_REG_20_	_2773_/A1	0	0.5	frozen_count
REG1_REG_20_	_4528_/A	0	0.5	frozen_count
REG1_REG_21_	U_SCAN_0130/SI	0	0.5	frozen_count
REG1_REG_21_	U_SCAN_0163/Q	0	0.5	frozen_count
REG1_REG_21_	_2762_/A1	0	0.5	frozen_count
REG1_REG_21_	_3892_/A	0	0.5	frozen_count
REG1_REG_22_	U_SCAN_0164/Q	0	0.5	frozen_count
REG1_REG_22_	U_SCAN_0196/SI	0	0.5	frozen_count
REG1_REG_22_	_2750_/A1	0	0.5	frozen_count
REG1_REG_22_	_4525_/A	0	0.5	frozen_count
REG1_REG_23_	U_SCAN_0133/SI	0	0.5	frozen_count
REG1_REG_23_	U_SCAN_0165/Q	0	0.5	frozen_count
REG1_REG_23_	_2735_/A1	0	0.5	frozen_count
REG1_REG_23_	_4521_/A	0	0.5	frozen_count
REG1_REG_24_	U_SCAN_0165/SI	0	0.5	frozen_count
REG1_REG_24_	U_SCAN_0166/Q	0	0.5	frozen_count
REG1_REG_24_	_2724_/A1	0	0.5	frozen_count
REG1_REG_24_	_4517_/A	0	0.5	frozen_count
REG1_REG_25_	U_SCAN_0167/Q	0	0.5	frozen_count
REG1_REG_25_	U_SCAN_0199/SI	0	0.5	frozen_count
REG1_REG_25_	_2710_/A1	0	0.5	frozen_count
REG1_REG_25_	_4513_/A	0	0.5	frozen_count
REG1_REG_26_	U_SCAN_0168/Q	0	0.5	frozen_count
REG1_REG_26_	U_SCAN_0201/SI	0	0.5	frozen_count
REG1_REG_26_	_2694_/A1	0	0.5	frozen_count
REG1_REG_26_	_3864_/A	0	0.5	frozen_count
REG1_REG_27_	U_SCAN_0169/Q	0	0.5	frozen_count
REG1_REG_27_	U_SCAN_0203/SI	0	0.5	frozen_count
REG1_REG_27_	_2676_/A1	0	0.5	frozen_count
REG1_REG_27_	_3854_/A	0	0.5	frozen_count
REG1_REG_28_	U_SCAN_0138/SI	0	0.5	frozen_count
REG1_REG_28_	U_SCAN_0170/Q	0	0.5	frozen_count
REG1_REG_28_	_3133_/A1	0	0.5	frozen_count
REG1_REG_28_	_3842_/A	0	0.5	frozen_count
REG1_REG_29_	U_SCAN_0171/Q	0	0.5	frozen_count
REG1_REG_29_	U_SCAN_0173/SI	0	0.5	frozen_count
REG1_REG_29_	_3188_/A1	0	0.5	frozen_count
REG1_REG_29_	_3825_/A	0	0.5	frozen_count
REG1_REG_2_	U_SCAN_0068/SI	0	0.5	frozen_count
REG1_REG_2_	U_SCAN_0172/Q	0	0.5	frozen_count
REG1_REG_2_	_2286_/A	0	0.5	frozen_count
REG1_REG_2_	_2559_/A1	0	0.5	frozen_count
REG1_REG_2_	_2564_/A1	0	0.5	frozen_count
REG1_REG_2_	_4643_/A1	0	0.5	frozen_count
REG1_REG_30_	U_SCAN_0173/Q	0	0.5	frozen_count
REG1_REG_30_	U_SCAN_0205/SI	0	0.5	frozen_count
REG1_REG_30_	_3446_/A1	0	0.5	frozen_count
REG1_REG_30_	_3740_/A	0	0.5	frozen_count
REG1_REG_31_	U_SCAN_0142/SI	0	0.5	frozen_count
REG1_REG_31_	U_SCAN_0174/Q	0	0.5	frozen_count
REG1_REG_31_	_3313_/A1	0	0.5	frozen_count
REG1_REG_31_	_3737_/A	0	0.5	frozen_count
REG1_REG_3_	U_SCAN_0103/SI	0	0.5	frozen_count
REG1_REG_3_	U_SCAN_0175/Q	0	0.5	frozen_count
REG1_REG_3_	_2287_/A	0	0.5	frozen_count
REG1_REG_3_	_2566_/A1	0	0.5	frozen_count
REG1_REG_3_	_2568_/A	0	0.5	frozen_count
REG1_REG_3_	_4640_/A	0	0.5	frozen_count
REG1_REG_4_	U_SCAN_0176/Q	0	0.5	frozen_count
REG1_REG_4_	U_SCAN_0238/SI	0	0.5	frozen_count
REG1_REG_4_	_2570_/A1	0	0.5	frozen_count
REG1_REG_4_	_2572_/A1	0	0.5	frozen_count
REG1_REG_4_	_2889_/A1	0	0.5	frozen_count
REG1_REG_4_	_4631_/A	0	0.5	frozen_count
REG1_REG_5_	U_SCAN_0015/SI	0	0.5	frozen_count
REG1_REG_5_	U_SCAN_0177/Q	0	0.5	frozen_count
REG1_REG_5_	_2574_/A1	0	0.5	frozen_count
REG1_REG_5_	_2575_/A1	0	0.5	frozen_count
REG1_REG_5_	_2880_/A1	0	0.5	frozen_count
REG1_REG_5_	_4617_/A	0	0.5	frozen_count
REG1_REG_6_	U_SCAN_0114/SI	0	0.5	frozen_count
REG1_REG_6_	U_SCAN_0178/Q	0	0.5	frozen_count
REG1_REG_6_	_2577_/A	0	0.5	frozen_count
REG1_REG_6_	_2579_/A1	0	0.5	frozen_count
REG1_REG_6_	_2867_/A1	0	0.5	frozen_count
REG1_REG_6_	_4612_/A	0	0.5	frozen_count
REG1_REG_7_	U_SCAN_0146/SI	0	0.5	frozen_count
REG1_REG_7_	U_SCAN_0179/Q	0	0.5	frozen_count
REG1_REG_7_	_2581_/A1	0	0.5	frozen_count
REG1_REG_7_	_2582_/A1	0	0.5	frozen_count
REG1_REG_7_	_2583_/A	0	0.5	frozen_count
REG1_REG_7_	_2851_/A1	0	0.5	frozen_count
REG1_REG_7_	_4597_/A	0	0.5	frozen_count
REG1_REG_8_	U_SCAN_0148/SI	0	0.5	frozen_count
REG1_REG_8_	U_SCAN_0180/Q	0	0.5	frozen_count
REG1_REG_8_	_2558_/A1	0	0.5	frozen_count
REG1_REG_8_	_2585_/A1	0	0.5	frozen_count
REG1_REG_8_	_2836_/A1	0	0.5	frozen_count
REG1_REG_8_	_4187_/A	0	0.5	frozen_count
REG1_REG_8_	_4593_/A	0	0.5	frozen_count
REG1_REG_9_	U_SCAN_0149/SI	0	0.5	frozen_count
REG1_REG_9_	U_SCAN_0181/Q	0	0.5	frozen_count
REG1_REG_9_	_2556_/A1	0	0.5	frozen_count
REG1_REG_9_	_2557_/A1	0	0.5	frozen_count
REG1_REG_9_	_2827_/A1	0	0.5	frozen_count
REG1_REG_9_	_4177_/A	0	0.5	frozen_count
REG1_REG_9_	_4588_/A	0	0.5	frozen_count
REG2_REG_0_	U_SCAN_0000/SI	0	0.5	frozen_count
REG2_REG_0_	U_SCAN_0182/Q	0	0.5	frozen_count
REG2_REG_0_	_2474_/A2	0	0.5	frozen_count
REG2_REG_0_	_2475_/B	0	0.5	frozen_count
REG2_REG_0_	_2942_/A1	0	0.5	frozen_count
REG2_REG_0_	_4221_/B	0	0.5	frozen_count
REG2_REG_0_	_4653_/C1	0	0.5	frozen_count
REG2_REG_10_	U_SCAN_0152/SI	0	0.5	frozen_count
REG2_REG_10_	U_SCAN_0183/Q	0	0.5	frozen_count
REG2_REG_10_	_2505_/A1	0	0.5	frozen_count
REG2_REG_10_	_2506_/A1	0	0.5	frozen_count
REG2_REG_10_	_2812_/B2	0	0.5	frozen_count
REG2_REG_10_	_3938_/A1	0	0.5	frozen_count
REG2_REG_10_	_4172_/A	0	0.5	frozen_count
REG2_REG_11_	U_SCAN_0184/Q	0	0.5	frozen_count
REG2_REG_11_	U_SCAN_0186/SI	0	0.5	frozen_count
REG2_REG_11_	_2435_/A1	0	0.5	frozen_count
REG2_REG_11_	_2436_/A1	0	0.5	frozen_count
REG2_REG_11_	_2975_/B2	0	0.5	frozen_count
REG2_REG_11_	_4040_/A1	0	0.5	frozen_count
REG2_REG_11_	_4165_/A	0	0.5	frozen_count
REG2_REG_12_	U_SCAN_0121/SI	0	0.5	frozen_count
REG2_REG_12_	U_SCAN_0185/Q	0	0.5	frozen_count
REG2_REG_12_	_2430_/A1	0	0.5	frozen_count
REG2_REG_12_	_2431_/A1	0	0.5	frozen_count
REG2_REG_12_	_2802_/B2	0	0.5	frozen_count
REG2_REG_12_	_3965_/C1	0	0.5	frozen_count
REG2_REG_12_	_4158_/A	0	0.5	frozen_count
REG2_REG_13_	U_SCAN_0185/SI	0	0.5	frozen_count
REG2_REG_13_	U_SCAN_0186/Q	0	0.5	frozen_count
REG2_REG_13_	_2426_/A1	0	0.5	frozen_count
REG2_REG_13_	_2511_/A1	0	0.5	frozen_count
REG2_REG_13_	_3058_/C2	0	0.5	frozen_count
REG2_REG_13_	_4028_/A1	0	0.5	frozen_count
REG2_REG_13_	_4149_/A	0	0.5	frozen_count
REG2_REG_14_	U_SCAN_0122/SI	0	0.5	frozen_count
REG2_REG_14_	U_SCAN_0187/Q	0	0.5	frozen_count
REG2_REG_14_	_2419_/A1	0	0.5	frozen_count
REG2_REG_14_	_2420_/A1	0	0.5	frozen_count
REG2_REG_14_	_2994_/C2	0	0.5	frozen_count
REG2_REG_14_	_3925_/A1	0	0.5	frozen_count
REG2_REG_14_	_4080_/A	0	0.5	frozen_count
REG2_REG_15_	U_SCAN_0157/SI	0	0.5	frozen_count
REG2_REG_15_	U_SCAN_0188/Q	0	0.5	frozen_count
REG2_REG_15_	_2297_/A	0	0.5	frozen_count
REG2_REG_15_	_3007_/A1	0	0.5	frozen_count
REG2_REG_15_	_4058_/A1	0	0.5	frozen_count
REG2_REG_15_	_4689_/A	0	0.5	frozen_count
REG2_REG_16_	U_SCAN_0125/SI	0	0.5	frozen_count
REG2_REG_16_	U_SCAN_0189/Q	0	0.5	frozen_count
REG2_REG_16_	_2517_/A1	0	0.5	frozen_count
REG2_REG_16_	_2518_/A1	0	0.5	frozen_count
REG2_REG_16_	_3046_/B2	0	0.5	frozen_count
REG2_REG_16_	_4785_/A1	0	0.5	frozen_count
REG2_REG_17_	U_SCAN_0126/SI	0	0.5	frozen_count
REG2_REG_17_	U_SCAN_0190/Q	0	0.5	frozen_count
REG2_REG_17_	_2523_/A	0	0.5	frozen_count
REG2_REG_17_	_2532_/A1	0	0.5	frozen_count
REG2_REG_17_	_3032_/B2	0	0.5	frozen_count
REG2_REG_17_	_4001_/A1	0	0.5	frozen_count
REG2_REG_18_	U_SCAN_0191/Q	0	0.5	frozen_count
REG2_REG_18_	U_SCAN_0192/SI	0	0.5	frozen_count
REG2_REG_18_	_2534_/A1	0	0.5	frozen_count
REG2_REG_18_	_2535_/A1	0	0.5	frozen_count
REG2_REG_18_	_3020_/C2	0	0.5	frozen_count
REG2_REG_18_	_4360_/A1	0	0.5	frozen_count
REG2_REG_19_	U_SCAN_0161/SI	0	0.5	frozen_count
REG2_REG_19_	U_SCAN_0192/Q	0	0.5	frozen_count
REG2_REG_19_	_2546_/A	0	0.5	frozen_count
REG2_REG_19_	_2785_/A1	0	0.5	frozen_count
REG2_REG_19_	_4373_/A1	0	0.5	frozen_count
REG2_REG_1_	U_SCAN_0193/Q	0	0.5	frozen_count
REG2_REG_1_	U_SCAN_0225/SI	0	0.5	frozen_count
REG2_REG_1_	_2473_/A1	0	0.5	frozen_count
REG2_REG_1_	_2475_/C1	0	0.5	frozen_count
REG2_REG_1_	_2927_/A1	0	0.5	frozen_count
REG2_REG_1_	_4482_/A	0	0.5	frozen_count
REG2_REG_1_	_4578_/A1	0	0.5	frozen_count
REG2_REG_20_	U_SCAN_0194/Q	0	0.5	frozen_count
REG2_REG_20_	U_SCAN_0236/SI	0	0.5	frozen_count
REG2_REG_20_	_2773_/B2	0	0.5	frozen_count
REG2_REG_20_	_4384_/A1	0	0.5	frozen_count
REG2_REG_21_	U_SCAN_0163/SI	0	0.5	frozen_count
REG2_REG_21_	U_SCAN_0195/Q	0	0.5	frozen_count
REG2_REG_21_	_2763_/A1	0	0.5	frozen_count
REG2_REG_21_	_4702_/A1	0	0.5	frozen_count
REG2_REG_22_	U_SCAN_0196/Q	0	0.5	frozen_count
REG2_REG_22_	U_SCAN_0197/SI	0	0.5	frozen_count
REG2_REG_22_	_2750_/B2	0	0.5	frozen_count
REG2_REG_22_	_4098_/A1	0	0.5	frozen_count
REG2_REG_23_	U_SCAN_0197/Q	0	0.5	frozen_count
REG2_REG_23_	U_SCAN_0198/SI	0	0.5	frozen_count
REG2_REG_23_	_2735_/B2	0	0.5	frozen_count
REG2_REG_23_	_4110_/A1	0	0.5	frozen_count
REG2_REG_24_	U_SCAN_0198/Q	0	0.5	frozen_count
REG2_REG_24_	U_SCAN_0232/SI	0	0.5	frozen_count
REG2_REG_24_	_2723_/A1	0	0.5	frozen_count
REG2_REG_24_	_4124_/C1	0	0.5	frozen_count
REG2_REG_25_	U_SCAN_0166/SI	0	0.5	frozen_count
REG2_REG_25_	U_SCAN_0199/Q	0	0.5	frozen_count
REG2_REG_25_	_2708_/A1	0	0.5	frozen_count
REG2_REG_25_	_4142_/A1	0	0.5	frozen_count
REG2_REG_26_	U_SCAN_0168/SI	0	0.5	frozen_count
REG2_REG_26_	U_SCAN_0200/Q	0	0.5	frozen_count
REG2_REG_26_	_2694_/B2	0	0.5	frozen_count
REG2_REG_26_	_4479_/C1	0	0.5	frozen_count
REG2_REG_27_	U_SCAN_0137/SI	0	0.5	frozen_count
REG2_REG_27_	U_SCAN_0201/Q	0	0.5	frozen_count
REG2_REG_27_	_2676_/B2	0	0.5	frozen_count
REG2_REG_27_	_4473_/A1	0	0.5	frozen_count
REG2_REG_28_	U_SCAN_0044/SI	0	0.5	frozen_count
REG2_REG_28_	U_SCAN_0202/Q	0	0.5	frozen_count
REG2_REG_28_	_2298_/A	0	0.5	frozen_count
REG2_REG_29_	U_SCAN_0170/SI	0	0.5	frozen_count
REG2_REG_29_	U_SCAN_0203/Q	0	0.5	frozen_count
REG2_REG_29_	_3188_/B2	0	0.5	frozen_count
REG2_REG_29_	_4466_/C1	0	0.5	frozen_count
REG2_REG_2_	U_SCAN_0204/Q	0	0.5	frozen_count
REG2_REG_2_	U_SCAN_0206/SI	0	0.5	frozen_count
REG2_REG_2_	_2293_/A	0	0.5	frozen_count
REG2_REG_2_	_2469_/A1	0	0.5	frozen_count
REG2_REG_2_	_2477_/A1	0	0.5	frozen_count
REG2_REG_2_	_3288_/A1	0	0.5	frozen_count
REG2_REG_30_	U_SCAN_0204/SI	0	0.5	frozen_count
REG2_REG_30_	U_SCAN_0205/Q	0	0.5	frozen_count
REG2_REG_30_	_3446_/B2	0	0.5	frozen_count
REG2_REG_30_	_4700_/B2	0	0.5	frozen_count
REG2_REG_31_	U_SCAN_0174/SI	0	0.5	frozen_count
REG2_REG_31_	U_SCAN_0206/Q	0	0.5	frozen_count
REG2_REG_31_	_3313_/B2	0	0.5	frozen_count
REG2_REG_31_	_4390_/B2	0	0.5	frozen_count
REG2_REG_3_	U_SCAN_0207/Q	0	0.5	frozen_count
REG2_REG_3_	U_SCAN_0237/SI	0	0.5	frozen_count
REG2_REG_3_	_2291_/A	0	0.5	frozen_count
REG2_REG_4_	U_SCAN_0176/SI	0	0.5	frozen_count
REG2_REG_4_	U_SCAN_0208/Q	0	0.5	frozen_count
REG2_REG_4_	_2295_/A	0	0.5	frozen_count
REG2_REG_4_	_2461_/A1	0	0.5	frozen_count
REG2_REG_4_	_2488_/A1	0	0.5	frozen_count
REG2_REG_4_	_4783_/C1	0	0.5	frozen_count
REG2_REG_5_	U_SCAN_0119/SI	0	0.5	frozen_count
REG2_REG_5_	U_SCAN_0209/Q	0	0.5	frozen_count
REG2_REG_5_	_2455_/A1	0	0.5	frozen_count
REG2_REG_5_	_2456_/A1	0	0.5	frozen_count
REG2_REG_5_	_2877_/A1	0	0.5	frozen_count
REG2_REG_5_	_3982_/C2	0	0.5	frozen_count
REG2_REG_5_	_4208_/A	0	0.5	frozen_count
REG2_REG_6_	U_SCAN_0051/SI	0	0.5	frozen_count
REG2_REG_6_	U_SCAN_0210/Q	0	0.5	frozen_count
REG2_REG_6_	_2448_/A1	0	0.5	frozen_count
REG2_REG_6_	_2449_/A1	0	0.5	frozen_count
REG2_REG_6_	_2867_/C2	0	0.5	frozen_count
REG2_REG_6_	_4201_/A	0	0.5	frozen_count
REG2_REG_6_	_4770_/C1	0	0.5	frozen_count
REG2_REG_7_	U_SCAN_0210/SI	0	0.5	frozen_count
REG2_REG_7_	U_SCAN_0211/Q	0	0.5	frozen_count
REG2_REG_7_	_2296_/A	0	0.5	frozen_count
REG2_REG_7_	_2493_/A	0	0.5	frozen_count
REG2_REG_7_	_2849_/A1	0	0.5	frozen_count
REG2_REG_7_	_3917_/B2	0	0.5	frozen_count
REG2_REG_8_	U_SCAN_0212/Q	0	0.5	frozen_count
REG2_REG_8_	U_SCAN_0240/SI	0	0.5	frozen_count
REG2_REG_8_	_2496_/A	0	0.5	frozen_count
REG2_REG_8_	_2499_/A1	0	0.5	frozen_count
REG2_REG_8_	_2500_/A1	0	0.5	frozen_count
REG2_REG_8_	_2835_/A1	0	0.5	frozen_count
REG2_REG_8_	_3950_/A1	0	0.5	frozen_count
REG2_REG_9_	U_SCAN_0213/Q	0	0.5	frozen_count
REG2_REG_9_	U_SCAN_0242/SI	0	0.5	frozen_count
REG2_REG_9_	_2440_/A1	0	0.5	frozen_count
REG2_REG_9_	_2441_/A1	0	0.5	frozen_count
REG2_REG_9_	_2827_/C2	0	0.5	frozen_count
REG2_REG_9_	_4016_/A1	0	0.5	frozen_count
REG2_REG_9_	_4179_/A	0	0.5	frozen_count
REG3_REG_0_	U_SCAN_0214/Q	0	0.5	frozen_count
REG3_REG_0_	U_SCAN_0215/SI	0	0.5	frozen_count
REG3_REG_0_	_2290_/A	0	0.5	frozen_count
REG3_REG_0_	_3236_/B2	0	0.5	frozen_count
REG3_REG_0_	_4220_/A2	0	0.5	frozen_count
REG3_REG_0_	_4653_/B2	0	0.5	frozen_count
REG3_REG_10_	U_SCAN_0183/SI	0	0.5	frozen_count
REG3_REG_10_	U_SCAN_0215/Q	0	0.5	frozen_count
REG3_REG_10_	_2281_/A	0	0.5	frozen_count
REG3_REG_11_	U_SCAN_0184/SI	0	0.5	frozen_count
REG3_REG_11_	U_SCAN_0216/Q	0	0.5	frozen_count
REG3_REG_11_	_2652_/A1	0	0.5	frozen_count
REG3_REG_11_	_2653_/A1	0	0.5	frozen_count
REG3_REG_11_	_2654_/A1	0	0.5	frozen_count
REG3_REG_11_	_2974_/A	0	0.5	frozen_count
REG3_REG_11_	_4167_/A2	0	0.5	frozen_count
REG3_REG_12_	U_SCAN_0217/Q	0	0.5	frozen_count
REG3_REG_12_	U_SCAN_0218/SI	0	0.5	frozen_count
REG3_REG_12_	_2653_/A2	0	0.5	frozen_count
REG3_REG_12_	_2654_/A3	0	0.5	frozen_count
REG3_REG_12_	_2800_/A	0	0.5	frozen_count
REG3_REG_12_	_4156_/A2	0	0.5	frozen_count
REG3_REG_13_	U_SCAN_0218/Q	0	0.5	frozen_count
REG3_REG_13_	U_SCAN_0219/SI	0	0.5	frozen_count
REG3_REG_13_	_2654_/A2	0	0.5	frozen_count
REG3_REG_13_	_3057_/A	0	0.5	frozen_count
REG3_REG_13_	_4151_/A2	0	0.5	frozen_count
REG3_REG_14_	U_SCAN_0219/Q	0	0.5	frozen_count
REG3_REG_14_	U_SCAN_0220/SI	0	0.5	frozen_count
REG3_REG_14_	_2655_/A1	0	0.5	frozen_count
REG3_REG_14_	_2656_/A1	0	0.5	frozen_count
REG3_REG_14_	_2993_/A	0	0.5	frozen_count
REG3_REG_14_	_4082_/A2	0	0.5	frozen_count
REG3_REG_14_	_4797_/C2	0	0.5	frozen_count
REG3_REG_15_	U_SCAN_0022/SI	0	0.5	frozen_count
REG3_REG_15_	U_SCAN_0220/Q	0	0.5	frozen_count
REG3_REG_15_	_2656_/A2	0	0.5	frozen_count
REG3_REG_15_	_3006_/A	0	0.5	frozen_count
REG3_REG_15_	_4698_/C2	0	0.5	frozen_count
REG3_REG_15_	_4766_/C2	0	0.5	frozen_count
REG3_REG_16_	U_SCAN_0006/SI	0	0.5	frozen_count
REG3_REG_16_	U_SCAN_0221/Q	0	0.5	frozen_count
REG3_REG_16_	_2314_/A	0	0.5	frozen_count
REG3_REG_16_	_4072_/A2	0	0.5	frozen_count
REG3_REG_17_	U_SCAN_0188/SI	0	0.5	frozen_count
REG3_REG_17_	U_SCAN_0222/Q	0	0.5	frozen_count
REG3_REG_17_	_2658_/A1	0	0.5	frozen_count
REG3_REG_17_	_2659_/A1	0	0.5	frozen_count
REG3_REG_17_	_3031_/A	0	0.5	frozen_count
REG3_REG_17_	_4067_/A1	0	0.5	frozen_count
REG3_REG_17_	_4068_/A1	0	0.5	frozen_count
REG3_REG_18_	U_SCAN_0010/SI	0	0.5	frozen_count
REG3_REG_18_	U_SCAN_0223/Q	0	0.5	frozen_count
REG3_REG_18_	_2659_/A2	0	0.5	frozen_count
REG3_REG_18_	_3018_/A	0	0.5	frozen_count
REG3_REG_18_	_3906_/A2	0	0.5	frozen_count
REG3_REG_18_	_4347_/A2	0	0.5	frozen_count
REG3_REG_19_	U_SCAN_0021/SI	0	0.5	frozen_count
REG3_REG_19_	U_SCAN_0224/Q	0	0.5	frozen_count
REG3_REG_19_	_2317_/A	0	0.5	frozen_count
REG3_REG_19_	_2782_/A	0	0.5	frozen_count
REG3_REG_1_	U_SCAN_0225/Q	0	0.5	frozen_count
REG3_REG_1_	U_SCAN_0235/SI	0	0.5	frozen_count
REG3_REG_1_	_2294_/A	0	0.5	frozen_count
REG3_REG_1_	_4266_/A1	0	0.5	frozen_count
REG3_REG_1_	_4484_/A2	0	0.5	frozen_count
REG3_REG_20_	U_SCAN_0226/Q	0	0.5	frozen_count
REG3_REG_20_	U_SCAN_0228/SI	0	0.5	frozen_count
REG3_REG_20_	_2661_/A1	0	0.5	frozen_count
REG3_REG_20_	_2662_/A2	0	0.5	frozen_count
REG3_REG_20_	_2772_/A	0	0.5	frozen_count
REG3_REG_20_	_4324_/C2	0	0.5	frozen_count
REG3_REG_21_	U_SCAN_0226/SI	0	0.5	frozen_count
REG3_REG_21_	U_SCAN_0227/Q	0	0.5	frozen_count
REG3_REG_21_	_2662_/A1	0	0.5	frozen_count
REG3_REG_21_	_2760_/A	0	0.5	frozen_count
REG3_REG_21_	_4281_/A2	0	0.5	frozen_count
REG3_REG_22_	U_SCAN_0228/Q	0	0.5	frozen_count
REG3_REG_22_	U_SCAN_0230/SI	0	0.5	frozen_count
REG3_REG_22_	_2319_/A	0	0.5	frozen_count
REG3_REG_22_	_2748_/A	0	0.5	frozen_count
REG3_REG_23_	U_SCAN_0036/SI	0	0.5	frozen_count
REG3_REG_23_	U_SCAN_0229/Q	0	0.5	frozen_count
REG3_REG_23_	_2664_/A1	0	0.5	frozen_count
REG3_REG_23_	_2665_/A1	0	0.5	frozen_count
REG3_REG_23_	_2734_/A	0	0.5	frozen_count
REG3_REG_23_	_4250_/A2	0	0.5	frozen_count
REG3_REG_24_	U_SCAN_0164/SI	0	0.5	frozen_count
REG3_REG_24_	U_SCAN_0230/Q	0	0.5	frozen_count
REG3_REG_24_	_2665_/A2	0	0.5	frozen_count
REG3_REG_24_	_2722_/A	0	0.5	frozen_count
REG3_REG_24_	_4308_/A2	0	0.5	frozen_count
REG3_REG_25_	U_SCAN_0134/SI	0	0.5	frozen_count
REG3_REG_25_	U_SCAN_0231/Q	0	0.5	frozen_count
REG3_REG_25_	_2318_/A	0	0.5	frozen_count
REG3_REG_25_	_2706_/A	0	0.5	frozen_count
REG3_REG_25_	_3970_/A2	0	0.5	frozen_count
REG3_REG_26_	U_SCAN_0232/Q	0	0.5	frozen_count
REG3_REG_26_	U_SCAN_0233/SI	0	0.5	frozen_count
REG3_REG_26_	_2667_/A1	0	0.5	frozen_count
REG3_REG_26_	_2668_/A2	0	0.5	frozen_count
REG3_REG_26_	_2693_/A	0	0.5	frozen_count
REG3_REG_26_	_3131_/A3	0	0.5	frozen_count
REG3_REG_26_	_4047_/A2	0	0.5	frozen_count
REG3_REG_27_	U_SCAN_0039/SI	0	0.5	frozen_count
REG3_REG_27_	U_SCAN_0233/Q	0	0.5	frozen_count
REG3_REG_27_	_2668_/A1	0	0.5	frozen_count
REG3_REG_27_	_2669_/A	0	0.5	frozen_count
REG3_REG_27_	_3131_/A1	0	0.5	frozen_count
REG3_REG_27_	_3167_/A2	0	0.5	frozen_count
REG3_REG_28_	U_SCAN_0136/SI	0	0.5	frozen_count
REG3_REG_28_	U_SCAN_0234/Q	0	0.5	frozen_count
REG3_REG_28_	_3131_/A2	0	0.5	frozen_count
REG3_REG_28_	_3132_/A	0	0.5	frozen_count
REG3_REG_28_	_3191_/A2	0	0.5	frozen_count
REG3_REG_2_	U_SCAN_0033/SI	0	0.5	frozen_count
REG3_REG_2_	U_SCAN_0235/Q	0	0.5	frozen_count
REG3_REG_2_	_2916_/A1	0	0.5	frozen_count
REG3_REG_2_	_3294_/B2	0	0.5	frozen_count
REG3_REG_2_	_4233_/A2	0	0.5	frozen_count
REG3_REG_2_	_4338_/B2	0	0.5	frozen_count
REG3_REG_3_	U_SCAN_0020/SI	0	0.5	frozen_count
REG3_REG_3_	U_SCAN_0236/Q	0	0.5	frozen_count
REG3_REG_3_	_2645_/A1	0	0.5	frozen_count
REG3_REG_3_	_2646_/A2	0	0.5	frozen_count
REG3_REG_3_	_2647_/A2	0	0.5	frozen_count
REG3_REG_3_	_2890_/A	0	0.5	frozen_count
REG3_REG_3_	_2902_/A1	0	0.5	frozen_count
REG3_REG_3_	_4214_/A2	0	0.5	frozen_count
REG3_REG_3_	_4215_/A2	0	0.5	frozen_count
REG3_REG_3_	_4256_/B2	0	0.5	frozen_count
REG3_REG_3_	_4258_/C2	0	0.5	frozen_count
REG3_REG_3_	_4790_/A1	0	0.5	frozen_count
REG3_REG_4_	U_SCAN_0208/SI	0	0.5	frozen_count
REG3_REG_4_	U_SCAN_0237/Q	0	0.5	frozen_count
REG3_REG_4_	_2280_/A	0	0.5	frozen_count
REG3_REG_4_	_2645_/A2	0	0.5	frozen_count
REG3_REG_4_	_2646_/A3	0	0.5	frozen_count
REG3_REG_4_	_2647_/A3	0	0.5	frozen_count
REG3_REG_4_	_2890_/B	0	0.5	frozen_count
REG3_REG_5_	U_SCAN_0209/SI	0	0.5	frozen_count
REG3_REG_5_	U_SCAN_0238/Q	0	0.5	frozen_count
REG3_REG_5_	_2646_/A1	0	0.5	frozen_count
REG3_REG_5_	_2647_/A1	0	0.5	frozen_count
REG3_REG_5_	_2878_/A	0	0.5	frozen_count
REG3_REG_5_	_4207_/A2	0	0.5	frozen_count
REG3_REG_5_	_4289_/A2	0	0.5	frozen_count
REG3_REG_6_	U_SCAN_0211/SI	0	0.5	frozen_count
REG3_REG_6_	U_SCAN_0239/Q	0	0.5	frozen_count
REG3_REG_6_	_2647_/A4	0	0.5	frozen_count
REG3_REG_6_	_2866_/A	0	0.5	frozen_count
REG3_REG_6_	_4200_/A2	0	0.5	frozen_count
REG3_REG_6_	_4710_/C2	0	0.5	frozen_count
REG3_REG_7_	U_SCAN_0052/SI	0	0.5	frozen_count
REG3_REG_7_	U_SCAN_0240/Q	0	0.5	frozen_count
REG3_REG_7_	_2648_/A1	0	0.5	frozen_count
REG3_REG_7_	_2649_/A2	0	0.5	frozen_count
REG3_REG_7_	_2650_/A3	0	0.5	frozen_count
REG3_REG_7_	_2850_/A	0	0.5	frozen_count
REG3_REG_7_	_4196_/A2	0	0.5	frozen_count
REG3_REG_7_	_4756_/A2	0	0.5	frozen_count
REG3_REG_8_	U_SCAN_0212/SI	0	0.5	frozen_count
REG3_REG_8_	U_SCAN_0241/Q	0	0.5	frozen_count
REG3_REG_8_	_2649_/A1	0	0.5	frozen_count
REG3_REG_8_	_2650_/A2	0	0.5	frozen_count
REG3_REG_8_	_2837_/A	0	0.5	frozen_count
REG3_REG_8_	_4189_/A2	0	0.5	frozen_count
REG3_REG_9_	U_SCAN_0241/SI	0	0.5	frozen_count
REG3_REG_9_	U_SCAN_0242/Q	0	0.5	frozen_count
REG3_REG_9_	_2650_/A1	0	0.5	frozen_count
REG3_REG_9_	_2826_/A	0	0.5	frozen_count
REG3_REG_9_	_4181_/A1	0	0.5	frozen_count
REG3_REG_9_	_4182_/A1	0	0.5	frozen_count
STATE_REG	U_SCAN_0213/SI	0	0.5	frozen_count
STATE_REG	U_SCAN_0243/Q	0	0.5	frozen_count
STATE_REG	_2345_/A1	0	0.5	frozen_count
STATE_REG	_2618_/A1	0	0.5	frozen_count
STATE_REG	_4174_/A1	0	0.5	frozen_count
STATE_REG	_4332_/A1	0	0.5	frozen_count
STATE_REG	_4721_/A1	0	0.5	frozen_count
STATE_REG	_4724_/A1	0	0.5	frozen_count
STATE_REG	place332/A	0	0.5	frozen_count
STATE_REG	place333/A	0	0.5	frozen_count
U6251	U_SCAN_0089/D	0	0.5	frozen_count
U6251	_3901_/Z	0	0.5	frozen_count
U6255	U_SCAN_0233/D	0	0.5	frozen_count
U6255	_3179_/ZN	0	0.5	frozen_count
U6257	U_SCAN_0234/D	0	0.5	frozen_count
U6257	_3195_/ZN	0	0.5	frozen_count
U6258	U_SCAN_0009/D	0	0.5	frozen_count
U6258	_3907_/ZN	0	0.5	frozen_count
U6260	U_SCAN_0098/D	0	0.5	frozen_count
U6260	_3909_/ZN	0	0.5	frozen_count
U6295	U_SCAN_0203/D	0	0.5	frozen_count
U6295	_4467_/ZN	0	0.5	frozen_count
U6296	U_SCAN_0202/D	0	0.5	frozen_count
U6296	_4471_/ZN	0	0.5	frozen_count
U6297	U_SCAN_0201/D	0	0.5	frozen_count
U6297	_4476_/ZN	0	0.5	frozen_count
U6298	U_SCAN_0200/D	0	0.5	frozen_count
U6298	_4481_/ZN	0	0.5	frozen_count
U6299	U_SCAN_0011/D	0	0.5	frozen_count
U6299	_4488_/ZN	0	0.5	frozen_count
U6304	U_SCAN_0193/D	0	0.5	frozen_count
U6304	_4582_/ZN	0	0.5	frozen_count
U6305	U_SCAN_0182/D	0	0.5	frozen_count
U6305	_4654_/ZN	0	0.5	frozen_count
U6316	U_SCAN_0103/D	0	0.5	frozen_count
U6316	_4686_/ZN	0	0.5	frozen_count
U6317	U_SCAN_0104/D	0	0.5	frozen_count
U6317	_4687_/Z	0	0.5	frozen_count
U6319	U_SCAN_0095/D	0	0.5	frozen_count
U6319	_4688_/Z	0	0.5	frozen_count
U6326	U_SCAN_0006/D	0	0.5	frozen_count
U6326	_4699_/ZN	0	0.5	frozen_count
U6332	U_SCAN_0205/D	0	0.5	frozen_count
U6332	_4701_/ZN	0	0.5	frozen_count
U6382	U_SCAN_0195/D	0	0.5	frozen_count
U6382	_4705_/ZN	0	0.5	frozen_count
U6383	U_SCAN_0239/D	0	0.5	frozen_count
U6383	_4711_/ZN	0	0.5	frozen_count
U6384	U_SCAN_0218/D	0	0.5	frozen_count
U6384	_4718_/ZN	0	0.5	frozen_count
U6385	U_SCAN_0237/D	0	0.5	frozen_count
U6385	_4723_/ZN	0	0.5	frozen_count
U6386	U_SCAN_0221/D	0	0.5	frozen_count
U6386	_4729_/ZN	0	0.5	frozen_count
U6387	U_SCAN_0217/D	0	0.5	frozen_count
U6387	_4736_/ZN	0	0.5	frozen_count
U6388	U_SCAN_0241/D	0	0.5	frozen_count
U6388	_4743_/ZN	0	0.5	frozen_count
U6389	U_SCAN_0215/D	0	0.5	frozen_count
U6389	_4751_/ZN	0	0.5	frozen_count
U6390	U_SCAN_0240/D	0	0.5	frozen_count
U6390	_4758_/ZN	0	0.5	frozen_count
U6391	U_SCAN_0220/D	0	0.5	frozen_count
U6391	_4767_/ZN	0	0.5	frozen_count
U6392	U_SCAN_0210/D	0	0.5	frozen_count
U6392	_4771_/ZN	0	0.5	frozen_count
U6393	U_SCAN_0216/D	0	0.5	frozen_count
U6393	_4779_/ZN	0	0.5	frozen_count
U6394	U_SCAN_0208/D	0	0.5	frozen_count
U6394	_4784_/ZN	0	0.5	frozen_count
U6395	U_SCAN_0189/D	0	0.5	frozen_count
U6395	_4788_/ZN	0	0.5	frozen_count
U6396	U_SCAN_0207/D	0	0.5	frozen_count
U6396	_4791_/ZN	0	0.5	frozen_count
U6397	U_SCAN_0219/D	0	0.5	frozen_count
U6397	_4798_/ZN	0	0.5	frozen_count
U7101	U_SCAN_0109/D	0	0.5	frozen_count
U7101	_3233_/ZN	0	0.5	frozen_count
U7155	U_SCAN_0214/D	0	0.5	frozen_count
U7155	_3238_/ZN	0	0.5	frozen_count
U7162	U_SCAN_0204/D	0	0.5	frozen_count
U7162	_3295_/ZN	0	0.5	frozen_count
U7265	U_SCAN_0024/D	0	0.5	frozen_count
U7265	_3296_/Z	0	0.5	frozen_count
U7270	U_SCAN_0023/D	0	0.5	frozen_count
U7270	_3297_/Z	0	0.5	frozen_count
U7273	U_SCAN_0025/D	0	0.5	frozen_count
U7273	_3298_/Z	0	0.5	frozen_count
U7277	U_SCAN_0026/D	0	0.5	frozen_count
U7277	_3299_/Z	0	0.5	frozen_count
U7282	U_SCAN_0043/D	0	0.5	frozen_count
U7282	_3300_/Z	0	0.5	frozen_count
U7286	U_SCAN_0046/D	0	0.5	frozen_count
U7286	_3301_/Z	0	0.5	frozen_count
U7292	U_SCAN_0049/D	0	0.5	frozen_count
U7292	_3302_/Z	0	0.5	frozen_count
U7294	U_SCAN_0050/D	0	0.5	frozen_count
U7294	_3303_/Z	0	0.5	frozen_count
U7300	U_SCAN_0028/D	0	0.5	frozen_count
U7300	_3304_/Z	0	0.5	frozen_count
U7307	U_SCAN_0027/D	0	0.5	frozen_count
U7307	_3305_/Z	0	0.5	frozen_count
U7315	U_SCAN_0107/D	0	0.5	frozen_count
U7315	_3309_/ZN	0	0.5	frozen_count
U7317	U_SCAN_0020/D	0	0.5	frozen_count
U7317	_3703_/ZN	0	0.5	frozen_count
U7318	_2279_/ZN	0	0.5	frozen_count
U7318	_2404_/A	0	0.5	frozen_count
U7318	_3167_/A1	0	0.5	frozen_count
U7318	_3191_/A1	0	0.5	frozen_count
U7318	_3227_/A2	0	0.5	frozen_count
U7318	_3312_/B2	0	0.5	frozen_count
U7318	_3908_/A1	0	0.5	frozen_count
U7318	_3909_/B2	0	0.5	frozen_count
U7318	_4047_/A1	0	0.5	frozen_count
U7318	_4082_/A1	0	0.5	frozen_count
U7318	_4151_/A1	0	0.5	frozen_count
U7318	_4156_/A1	0	0.5	frozen_count
U7318	_4214_/A1	0	0.5	frozen_count
U7318	_4441_/C1	0	0.5	frozen_count
U7318	_4443_/A1	0	0.5	frozen_count
U7318	_4444_/B2	0	0.5	frozen_count
U7318	_4446_/A1	0	0.5	frozen_count
U7318	_4449_/C1	0	0.5	frozen_count
U7318	_4484_/A1	0	0.5	frozen_count
U7318	place330/A	0	0.5	frozen_count
U7318	place331/A	0	0.5	frozen_count
U7330	U_SCAN_0117/D	0	0.5	frozen_count
U7330	_3704_/ZN	0	0.5	frozen_count
U7423	U_SCAN_0010/D	0	0.5	frozen_count
U7423	_2621_/ZN	0	0.5	frozen_count
U7646	U_SCAN_0174/D	0	0.5	frozen_count
U7646	_3737_/Z	0	0.5	frozen_count
U7647	U_SCAN_0173/D	0	0.5	frozen_count
U7647	_3740_/Z	0	0.5	frozen_count
U7648	U_SCAN_0171/D	0	0.5	frozen_count
U7648	_3825_/Z	0	0.5	frozen_count
U7649	U_SCAN_0170/D	0	0.5	frozen_count
U7649	_3842_/Z	0	0.5	frozen_count
U7650	U_SCAN_0169/D	0	0.5	frozen_count
U7650	_3854_/Z	0	0.5	frozen_count
U7651	U_SCAN_0168/D	0	0.5	frozen_count
U7651	_3864_/Z	0	0.5	frozen_count
U7652	U_SCAN_0163/D	0	0.5	frozen_count
U7652	_3892_/Z	0	0.5	frozen_count
U7653	U_SCAN_0142/D	0	0.5	frozen_count
U7653	_3894_/Z	0	0.5	frozen_count
U7654	U_SCAN_0141/D	0	0.5	frozen_count
U7654	_3895_/Z	0	0.5	frozen_count
U7655	U_SCAN_0139/D	0	0.5	frozen_count
U7655	_3896_/Z	0	0.5	frozen_count
U7656	U_SCAN_0138/D	0	0.5	frozen_count
U7656	_3897_/Z	0	0.5	frozen_count
U7657	U_SCAN_0137/D	0	0.5	frozen_count
U7657	_3898_/Z	0	0.5	frozen_count
U7658	U_SCAN_0136/D	0	0.5	frozen_count
U7658	_3899_/Z	0	0.5	frozen_count
U7659	U_SCAN_0131/D	0	0.5	frozen_count
U7659	_3900_/Z	0	0.5	frozen_count
U9234	U_SCAN_0211/D	0	0.5	frozen_count
U9234	_3919_/ZN	0	0.5	frozen_count
U9235	U_SCAN_0187/D	0	0.5	frozen_count
U9235	_3928_/ZN	0	0.5	frozen_count
U9236	U_SCAN_0183/D	0	0.5	frozen_count
U9236	_3941_/ZN	0	0.5	frozen_count
U9237	U_SCAN_0212/D	0	0.5	frozen_count
U9237	_3953_/ZN	0	0.5	frozen_count
U9238	U_SCAN_0185/D	0	0.5	frozen_count
U9238	_3966_/ZN	0	0.5	frozen_count
U9239	U_SCAN_0231/D	0	0.5	frozen_count
U9239	_3972_/ZN	0	0.5	frozen_count
U9240	U_SCAN_0209/D	0	0.5	frozen_count
U9240	_3984_/ZN	0	0.5	frozen_count
U9241	U_SCAN_0190/D	0	0.5	frozen_count
U9241	_4004_/ZN	0	0.5	frozen_count
U9242	U_SCAN_0213/D	0	0.5	frozen_count
U9242	_4019_/ZN	0	0.5	frozen_count
U9243	U_SCAN_0186/D	0	0.5	frozen_count
U9243	_4031_/ZN	0	0.5	frozen_count
U9244	U_SCAN_0184/D	0	0.5	frozen_count
U9244	_4043_/ZN	0	0.5	frozen_count
U9245	U_SCAN_0232/D	0	0.5	frozen_count
U9245	_4050_/ZN	0	0.5	frozen_count
U9246	U_SCAN_0188/D	0	0.5	frozen_count
U9246	_4061_/ZN	0	0.5	frozen_count
U9247	U_SCAN_0008/D	0	0.5	frozen_count
U9247	_4069_/ZN	0	0.5	frozen_count
U9248	U_SCAN_0007/D	0	0.5	frozen_count
U9248	_4075_/ZN	0	0.5	frozen_count
U9249	U_SCAN_0005/D	0	0.5	frozen_count
U9249	_4083_/ZN	0	0.5	frozen_count
U9250	U_SCAN_0196/D	0	0.5	frozen_count
U9250	_4101_/ZN	0	0.5	frozen_count
U9251	U_SCAN_0197/D	0	0.5	frozen_count
U9251	_4114_/ZN	0	0.5	frozen_count
U9252	U_SCAN_0198/D	0	0.5	frozen_count
U9252	_4127_/ZN	0	0.5	frozen_count
U9253	U_SCAN_0199/D	0	0.5	frozen_count
U9253	_4146_/ZN	0	0.5	frozen_count
U9254	U_SCAN_0004/D	0	0.5	frozen_count
U9254	_4153_/ZN	0	0.5	frozen_count
U9255	U_SCAN_0003/D	0	0.5	frozen_count
U9255	_4161_/ZN	0	0.5	frozen_count
U9256	U_SCAN_0002/D	0	0.5	frozen_count
U9256	_4169_/ZN	0	0.5	frozen_count
U9257	U_SCAN_0001/D	0	0.5	frozen_count
U9257	_4176_/ZN	0	0.5	frozen_count
U9258	U_SCAN_0019/D	0	0.5	frozen_count
U9258	_4183_/ZN	0	0.5	frozen_count
U9259	U_SCAN_0018/D	0	0.5	frozen_count
U9259	_4191_/ZN	0	0.5	frozen_count
U9260	U_SCAN_0017/D	0	0.5	frozen_count
U9260	_4197_/ZN	0	0.5	frozen_count
U9261	U_SCAN_0016/D	0	0.5	frozen_count
U9261	_4203_/ZN	0	0.5	frozen_count
U9262	U_SCAN_0015/D	0	0.5	frozen_count
U9262	_4211_/ZN	0	0.5	frozen_count
U9263	U_SCAN_0013/D	0	0.5	frozen_count
U9263	_4219_/ZN	0	0.5	frozen_count
U9264	U_SCAN_0000/D	0	0.5	frozen_count
U9264	_4224_/ZN	0	0.5	frozen_count
U9265	U_SCAN_0012/D	0	0.5	frozen_count
U9265	_4234_/ZN	0	0.5	frozen_count
U9266	U_SCAN_0014/D	0	0.5	frozen_count
U9266	_4241_/ZN	0	0.5	frozen_count
U9267	U_SCAN_0229/D	0	0.5	frozen_count
U9267	_4251_/ZN	0	0.5	frozen_count
U9268	U_SCAN_0236/D	0	0.5	frozen_count
U9268	_4258_/ZN	0	0.5	frozen_count
U9269	U_SCAN_0224/D	0	0.5	frozen_count
U9269	_4265_/ZN	0	0.5	frozen_count
U9270	U_SCAN_0225/D	0	0.5	frozen_count
U9270	_4272_/ZN	0	0.5	frozen_count
U9271	U_SCAN_0227/D	0	0.5	frozen_count
U9271	_4282_/ZN	0	0.5	frozen_count
U9272	U_SCAN_0238/D	0	0.5	frozen_count
U9272	_4290_/ZN	0	0.5	frozen_count
U9273	U_SCAN_0222/D	0	0.5	frozen_count
U9273	_4301_/ZN	0	0.5	frozen_count
U9274	U_SCAN_0230/D	0	0.5	frozen_count
U9274	_4309_/ZN	0	0.5	frozen_count
U9275	U_SCAN_0242/D	0	0.5	frozen_count
U9275	_4318_/ZN	0	0.5	frozen_count
U9276	U_SCAN_0226/D	0	0.5	frozen_count
U9276	_4325_/ZN	0	0.5	frozen_count
U9277	U_SCAN_0228/D	0	0.5	frozen_count
U9277	_4332_/ZN	0	0.5	frozen_count
U9278	U_SCAN_0235/D	0	0.5	frozen_count
U9278	_4339_/ZN	0	0.5	frozen_count
U9279	U_SCAN_0223/D	0	0.5	frozen_count
U9279	_4348_/ZN	0	0.5	frozen_count
U9280	U_SCAN_0191/D	0	0.5	frozen_count
U9280	_4363_/ZN	0	0.5	frozen_count
U9281	U_SCAN_0192/D	0	0.5	frozen_count
U9281	_4376_/ZN	0	0.5	frozen_count
U9282	U_SCAN_0194/D	0	0.5	frozen_count
U9282	_4388_/ZN	0	0.5	frozen_count
U9283	U_SCAN_0206/D	0	0.5	frozen_count
U9283	_4391_/ZN	0	0.5	frozen_count
U9284	U_SCAN_0075/D	0	0.5	frozen_count
U9284	_3197_/ZN	0	0.5	frozen_count
U9285	U_SCAN_0078/D	0	0.5	frozen_count
U9285	_3198_/ZN	0	0.5	frozen_count
U9286	U_SCAN_0079/D	0	0.5	frozen_count
U9286	_3199_/ZN	0	0.5	frozen_count
U9287	U_SCAN_0080/D	0	0.5	frozen_count
U9287	_3200_/ZN	0	0.5	frozen_count
U9288	U_SCAN_0081/D	0	0.5	frozen_count
U9288	_3201_/ZN	0	0.5	frozen_count
U9289	U_SCAN_0082/D	0	0.5	frozen_count
U9289	_3202_/ZN	0	0.5	frozen_count
U9290	U_SCAN_0083/D	0	0.5	frozen_count
U9290	_3203_/ZN	0	0.5	frozen_count
U9291	U_SCAN_0084/D	0	0.5	frozen_count
U9291	_3204_/ZN	0	0.5	frozen_count
U9292	U_SCAN_0054/D	0	0.5	frozen_count
U9292	_3205_/ZN	0	0.5	frozen_count
U9293	U_SCAN_0055/D	0	0.5	frozen_count
U9293	_3206_/ZN	0	0.5	frozen_count
U9294	U_SCAN_0056/D	0	0.5	frozen_count
U9294	_3207_/ZN	0	0.5	frozen_count
U9295	U_SCAN_0057/D	0	0.5	frozen_count
U9295	_3208_/ZN	0	0.5	frozen_count
U9296	U_SCAN_0058/D	0	0.5	frozen_count
U9296	_3209_/ZN	0	0.5	frozen_count
U9297	U_SCAN_0059/D	0	0.5	frozen_count
U9297	_3210_/ZN	0	0.5	frozen_count
U9298	U_SCAN_0060/D	0	0.5	frozen_count
U9298	_3211_/ZN	0	0.5	frozen_count
U9299	U_SCAN_0061/D	0	0.5	frozen_count
U9299	_3212_/ZN	0	0.5	frozen_count
U9300	U_SCAN_0062/D	0	0.5	frozen_count
U9300	_3213_/ZN	0	0.5	frozen_count
U9301	U_SCAN_0063/D	0	0.5	frozen_count
U9301	_3214_/ZN	0	0.5	frozen_count
U9302	U_SCAN_0065/D	0	0.5	frozen_count
U9302	_3215_/ZN	0	0.5	frozen_count
U9303	U_SCAN_0066/D	0	0.5	frozen_count
U9303	_3216_/ZN	0	0.5	frozen_count
U9304	U_SCAN_0067/D	0	0.5	frozen_count
U9304	_3217_/ZN	0	0.5	frozen_count
U9305	U_SCAN_0068/D	0	0.5	frozen_count
U9305	_3218_/ZN	0	0.5	frozen_count
U9306	U_SCAN_0069/D	0	0.5	frozen_count
U9306	_3219_/ZN	0	0.5	frozen_count
U9307	U_SCAN_0070/D	0	0.5	frozen_count
U9307	_3220_/ZN	0	0.5	frozen_count
U9308	U_SCAN_0071/D	0	0.5	frozen_count
U9308	_3221_/ZN	0	0.5	frozen_count
U9309	U_SCAN_0072/D	0	0.5	frozen_count
U9309	_3222_/ZN	0	0.5	frozen_count
U9310	U_SCAN_0073/D	0	0.5	frozen_count
U9310	_3223_/ZN	0	0.5	frozen_count
U9311	U_SCAN_0074/D	0	0.5	frozen_count
U9311	_3224_/ZN	0	0.5	frozen_count
U9312	U_SCAN_0076/D	0	0.5	frozen_count
U9312	_3225_/ZN	0	0.5	frozen_count
U9313	U_SCAN_0077/D	0	0.5	frozen_count
U9313	_3226_/ZN	0	0.5	frozen_count
U9314	U_SCAN_0096/D	0	0.5	frozen_count
U9314	_4395_/ZN	0	0.5	frozen_count
U9315	U_SCAN_0110/D	0	0.5	frozen_count
U9315	_4398_/ZN	0	0.5	frozen_count
U9316	U_SCAN_0111/D	0	0.5	frozen_count
U9316	_4401_/ZN	0	0.5	frozen_count
U9317	_4402_/Z	0	0.5	frozen_count
U9317	hold350/A	0	0.5	frozen_count
U9318	U_SCAN_0113/D	0	0.5	frozen_count
U9318	_4405_/ZN	0	0.5	frozen_count
U9319	U_SCAN_0114/D	0	0.5	frozen_count
U9319	_4408_/ZN	0	0.5	frozen_count
U9320	U_SCAN_0115/D	0	0.5	frozen_count
U9320	_4412_/ZN	0	0.5	frozen_count
U9321	U_SCAN_0116/D	0	0.5	frozen_count
U9321	_4413_/Z	0	0.5	frozen_count
U9322	U_SCAN_0086/D	0	0.5	frozen_count
U9322	_4414_/Z	0	0.5	frozen_count
U9323	U_SCAN_0087/D	0	0.5	frozen_count
U9323	_4416_/ZN	0	0.5	frozen_count
U9324	U_SCAN_0088/D	0	0.5	frozen_count
U9324	_4420_/ZN	0	0.5	frozen_count
U9325	U_SCAN_0090/D	0	0.5	frozen_count
U9325	_4424_/ZN	0	0.5	frozen_count
U9326	U_SCAN_0091/D	0	0.5	frozen_count
U9326	_4426_/ZN	0	0.5	frozen_count
U9327	U_SCAN_0092/D	0	0.5	frozen_count
U9327	_4430_/ZN	0	0.5	frozen_count
U9328	U_SCAN_0093/D	0	0.5	frozen_count
U9328	_4432_/ZN	0	0.5	frozen_count
U9329	U_SCAN_0094/D	0	0.5	frozen_count
U9329	_4436_/ZN	0	0.5	frozen_count
U9330	U_SCAN_0097/D	0	0.5	frozen_count
U9330	_4438_/ZN	0	0.5	frozen_count
U9331	U_SCAN_0099/D	0	0.5	frozen_count
U9331	_4442_/ZN	0	0.5	frozen_count
U9332	U_SCAN_0100/D	0	0.5	frozen_count
U9332	_4444_/ZN	0	0.5	frozen_count
U9333	U_SCAN_0101/D	0	0.5	frozen_count
U9333	_4447_/ZN	0	0.5	frozen_count
U9334	U_SCAN_0102/D	0	0.5	frozen_count
U9334	_4450_/ZN	0	0.5	frozen_count
U9335	U_SCAN_0105/D	0	0.5	frozen_count
U9335	_4452_/ZN	0	0.5	frozen_count
U9336	U_SCAN_0106/D	0	0.5	frozen_count
U9336	_4455_/ZN	0	0.5	frozen_count
U9337	U_SCAN_0108/D	0	0.5	frozen_count
U9337	_4459_/ZN	0	0.5	frozen_count
U9338	U_SCAN_0085/D	0	0.5	frozen_count
U9338	_4460_/Z	0	0.5	frozen_count
U9339	U_SCAN_0053/D	0	0.5	frozen_count
U9339	_4461_/Z	0	0.5	frozen_count
U9340	U_SCAN_0064/D	0	0.5	frozen_count
U9340	_4462_/Z	0	0.5	frozen_count
U9463	U_SCAN_0045/D	0	0.5	frozen_count
U9463	_4489_/Z	0	0.5	frozen_count
U9464	U_SCAN_0044/D	0	0.5	frozen_count
U9464	_4490_/Z	0	0.5	frozen_count
U9465	U_SCAN_0042/D	0	0.5	frozen_count
U9465	_4491_/Z	0	0.5	frozen_count
U9466	U_SCAN_0041/D	0	0.5	frozen_count
U9466	_4492_/Z	0	0.5	frozen_count
U9467	U_SCAN_0040/D	0	0.5	frozen_count
U9467	_4493_/Z	0	0.5	frozen_count
U9468	U_SCAN_0039/D	0	0.5	frozen_count
U9468	_4494_/Z	0	0.5	frozen_count
U9469	U_SCAN_0038/D	0	0.5	frozen_count
U9469	_4495_/Z	0	0.5	frozen_count
U9470	U_SCAN_0037/D	0	0.5	frozen_count
U9470	_4496_/Z	0	0.5	frozen_count
U9471	U_SCAN_0036/D	0	0.5	frozen_count
U9471	_4497_/Z	0	0.5	frozen_count
U9472	U_SCAN_0035/D	0	0.5	frozen_count
U9472	_4498_/Z	0	0.5	frozen_count
U9473	U_SCAN_0034/D	0	0.5	frozen_count
U9473	_4499_/Z	0	0.5	frozen_count
U9474	U_SCAN_0033/D	0	0.5	frozen_count
U9474	_4500_/Z	0	0.5	frozen_count
U9475	U_SCAN_0031/D	0	0.5	frozen_count
U9475	_4501_/Z	0	0.5	frozen_count
U9476	U_SCAN_0030/D	0	0.5	frozen_count
U9476	_4502_/Z	0	0.5	frozen_count
U9477	U_SCAN_0029/D	0	0.5	frozen_count
U9477	_4503_/Z	0	0.5	frozen_count
U9478	U_SCAN_0022/D	0	0.5	frozen_count
U9478	_4504_/Z	0	0.5	frozen_count
U9479	U_SCAN_0052/D	0	0.5	frozen_count
U9479	_4505_/Z	0	0.5	frozen_count
U9480	U_SCAN_0051/D	0	0.5	frozen_count
U9480	_4506_/Z	0	0.5	frozen_count
U9481	U_SCAN_0048/D	0	0.5	frozen_count
U9481	_4507_/Z	0	0.5	frozen_count
U9482	U_SCAN_0047/D	0	0.5	frozen_count
U9482	_4508_/Z	0	0.5	frozen_count
U9483	U_SCAN_0032/D	0	0.5	frozen_count
U9483	_4509_/Z	0	0.5	frozen_count
U9484	U_SCAN_0021/D	0	0.5	frozen_count
U9484	_4510_/Z	0	0.5	frozen_count
U9485	U_SCAN_0167/D	0	0.5	frozen_count
U9485	_4513_/Z	0	0.5	frozen_count
U9486	U_SCAN_0166/D	0	0.5	frozen_count
U9486	_4517_/Z	0	0.5	frozen_count
U9487	U_SCAN_0165/D	0	0.5	frozen_count
U9487	_4521_/Z	0	0.5	frozen_count
U9488	U_SCAN_0164/D	0	0.5	frozen_count
U9488	_4525_/Z	0	0.5	frozen_count
U9489	U_SCAN_0162/D	0	0.5	frozen_count
U9489	_4528_/Z	0	0.5	frozen_count
U9490	U_SCAN_0160/D	0	0.5	frozen_count
U9490	_4531_/Z	0	0.5	frozen_count
U9491	U_SCAN_0159/D	0	0.5	frozen_count
U9491	_4535_/Z	0	0.5	frozen_count
U9492	U_SCAN_0158/D	0	0.5	frozen_count
U9492	_4538_/Z	0	0.5	frozen_count
U9493	U_SCAN_0157/D	0	0.5	frozen_count
U9493	_4553_/Z	0	0.5	frozen_count
U9494	U_SCAN_0156/D	0	0.5	frozen_count
U9494	_4557_/Z	0	0.5	frozen_count
U9495	U_SCAN_0155/D	0	0.5	frozen_count
U9495	_4561_/Z	0	0.5	frozen_count
U9496	U_SCAN_0154/D	0	0.5	frozen_count
U9496	_4564_/Z	0	0.5	frozen_count
U9497	U_SCAN_0153/D	0	0.5	frozen_count
U9497	_4568_/Z	0	0.5	frozen_count
U9498	U_SCAN_0152/D	0	0.5	frozen_count
U9498	_4571_/Z	0	0.5	frozen_count
U9499	U_SCAN_0151/D	0	0.5	frozen_count
U9499	_4585_/Z	0	0.5	frozen_count
U9500	U_SCAN_0181/D	0	0.5	frozen_count
U9500	_4588_/Z	0	0.5	frozen_count
U9501	U_SCAN_0180/D	0	0.5	frozen_count
U9501	_4593_/Z	0	0.5	frozen_count
U9502	U_SCAN_0179/D	0	0.5	frozen_count
U9502	_4597_/Z	0	0.5	frozen_count
U9503	U_SCAN_0178/D	0	0.5	frozen_count
U9503	_4612_/Z	0	0.5	frozen_count
U9504	U_SCAN_0177/D	0	0.5	frozen_count
U9504	_4617_/Z	0	0.5	frozen_count
U9505	U_SCAN_0176/D	0	0.5	frozen_count
U9505	_4631_/Z	0	0.5	frozen_count
U9506	U_SCAN_0175/D	0	0.5	frozen_count
U9506	_4640_/Z	0	0.5	frozen_count
U9507	U_SCAN_0172/D	0	0.5	frozen_count
U9507	_4644_/ZN	0	0.5	frozen_count
U9508	U_SCAN_0161/D	0	0.5	frozen_count
U9508	_4648_/Z	0	0.5	frozen_count
U9509	U_SCAN_0150/D	0	0.5	frozen_count
U9509	_4657_/Z	0	0.5	frozen_count
U9510	U_SCAN_0135/D	0	0.5	frozen_count
U9510	_4658_/Z	0	0.5	frozen_count
U9511	U_SCAN_0134/D	0	0.5	frozen_count
U9511	_4659_/Z	0	0.5	frozen_count
U9512	U_SCAN_0133/D	0	0.5	frozen_count
U9512	_4660_/Z	0	0.5	frozen_count
U9513	U_SCAN_0132/D	0	0.5	frozen_count
U9513	_4661_/Z	0	0.5	frozen_count
U9514	U_SCAN_0130/D	0	0.5	frozen_count
U9514	_4662_/Z	0	0.5	frozen_count
U9515	U_SCAN_0128/D	0	0.5	frozen_count
U9515	_4663_/Z	0	0.5	frozen_count
U9516	U_SCAN_0127/D	0	0.5	frozen_count
U9516	_4664_/Z	0	0.5	frozen_count
U9517	U_SCAN_0126/D	0	0.5	frozen_count
U9517	_4665_/Z	0	0.5	frozen_count
U9518	U_SCAN_0125/D	0	0.5	frozen_count
U9518	_4666_/Z	0	0.5	frozen_count
U9519	U_SCAN_0124/D	0	0.5	frozen_count
U9519	_4667_/Z	0	0.5	frozen_count
U9520	U_SCAN_0123/D	0	0.5	frozen_count
U9520	_4668_/Z	0	0.5	frozen_count
U9521	U_SCAN_0122/D	0	0.5	frozen_count
U9521	_4669_/Z	0	0.5	frozen_count
U9522	U_SCAN_0121/D	0	0.5	frozen_count
U9522	_4670_/Z	0	0.5	frozen_count
U9523	U_SCAN_0120/D	0	0.5	frozen_count
U9523	_4671_/Z	0	0.5	frozen_count
U9524	U_SCAN_0119/D	0	0.5	frozen_count
U9524	_4672_/Z	0	0.5	frozen_count
U9525	U_SCAN_0149/D	0	0.5	frozen_count
U9525	_4673_/Z	0	0.5	frozen_count
U9526	U_SCAN_0148/D	0	0.5	frozen_count
U9526	_4674_/Z	0	0.5	frozen_count
U9527	U_SCAN_0147/D	0	0.5	frozen_count
U9527	_4675_/Z	0	0.5	frozen_count
U9528	U_SCAN_0146/D	0	0.5	frozen_count
U9528	_4676_/Z	0	0.5	frozen_count
U9529	U_SCAN_0145/D	0	0.5	frozen_count
U9529	_4677_/Z	0	0.5	frozen_count
U9530	U_SCAN_0144/D	0	0.5	frozen_count
U9530	_4678_/Z	0	0.5	frozen_count
U9531	U_SCAN_0143/D	0	0.5	frozen_count
U9531	_4679_/Z	0	0.5	frozen_count
U9532	U_SCAN_0140/D	0	0.5	frozen_count
U9532	_4681_/ZN	0	0.5	frozen_count
U9533	U_SCAN_0129/D	0	0.5	frozen_count
U9533	_4682_/Z	0	0.5	frozen_count
U9534	U_SCAN_0118/D	0	0.5	frozen_count
U9534	_4683_/Z	0	0.5	frozen_count
U9621	U_SCAN_0244/D	0	0.5	frozen_count
U9621	_2360_/ZN	0	0.5	frozen_count
U9621	_3300_/S	0	0.5	frozen_count
U9621	_3301_/S	0	0.5	frozen_count
U9621	_3302_/S	0	0.5	frozen_count
U9621	_3303_/S	0	0.5	frozen_count
U9621	_4227_/A	0	0.5	frozen_count
U9621	_4489_/S	0	0.5	frozen_count
U9621	_4490_/S	0	0.5	frozen_count
U9621	_4491_/S	0	0.5	frozen_count
U9621	_4492_/S	0	0.5	frozen_count
U9621	_4493_/S	0	0.5	frozen_count
U9621	_4494_/S	0	0.5	frozen_count
U9621	_4495_/S	0	0.5	frozen_count
U9621	_4496_/S	0	0.5	frozen_count
U9621	_4505_/S	0	0.5	frozen_count
U9621	_4506_/S	0	0.5	frozen_count
U9621	_4507_/S	0	0.5	frozen_count
U9621	_4508_/S	0	0.5	frozen_count
U9621	place286/A	0	0.5	frozen_count
WR_REG	WR_REG	0	0.5	frozen_count
WR_REG	output88/Z	0	0.5	frozen_count
_0000_	_2756_/ZN	0	0.5	frozen_count
_0000_	_3092_/A1	0	0.5	frozen_count
_0000_	_3093_/B1	0	0.5	frozen_count
_0000_	_4326_/A1	0	0.5	frozen_count
_0001_	_2757_/ZN	0	0.5	frozen_count
_0001_	_3091_/A	0	0.5	frozen_count
_0001_	_4326_/A2	0	0.5	frozen_count
_0002_	_2758_/ZN	0	0.5	frozen_count
_0002_	_2766_/A2	0	0.5	frozen_count
_0002_	_3398_/A	0	0.5	frozen_count
_0002_	_3539_/A1	0	0.5	frozen_count
_0002_	_3549_/A1	0	0.5	frozen_count
_0002_	_3550_/A	0	0.5	frozen_count
_0002_	_3638_/A1	0	0.5	frozen_count
_0002_	_3888_/A	0	0.5	frozen_count
_0002_	_4278_/B2	0	0.5	frozen_count
_0003_	_2759_/ZN	0	0.5	frozen_count
_0003_	_2768_/A2	0	0.5	frozen_count
_0003_	_3399_/A	0	0.5	frozen_count
_0003_	_3637_/A1	0	0.5	frozen_count
_0003_	_3721_/A1	0	0.5	frozen_count
_0003_	_3891_/C1	0	0.5	frozen_count
_0003_	_4703_/C1	0	0.5	frozen_count
_0004_	_2760_/ZN	0	0.5	frozen_count
_0004_	_2761_/A2	0	0.5	frozen_count
_0004_	_4279_/B2	0	0.5	frozen_count
_0004_	_4281_/B1	0	0.5	frozen_count
_0004_	_4702_/B2	0	0.5	frozen_count
_0005_	_2761_/ZN	0	0.5	frozen_count
_0005_	_2764_/A1	0	0.5	frozen_count
_0005_	_2765_/A1	0	0.5	frozen_count
_0006_	_2762_/ZN	0	0.5	frozen_count
_0006_	_2764_/A2	0	0.5	frozen_count
_0006_	_2765_/A2	0	0.5	frozen_count
_0007_	_2763_/ZN	0	0.5	frozen_count
_0007_	_2764_/A3	0	0.5	frozen_count
_0007_	_2765_/A3	0	0.5	frozen_count
_0008_	_2764_/ZN	0	0.5	frozen_count
_0008_	_2768_/B1	0	0.5	frozen_count
_0008_	_3399_/B	0	0.5	frozen_count
_0008_	_3539_/A2	0	0.5	frozen_count
_0008_	_3549_/A2	0	0.5	frozen_count
_0008_	_3550_/B	0	0.5	frozen_count
_0008_	_3637_/A2	0	0.5	frozen_count
_0009_	_2765_/ZN	0	0.5	frozen_count
_0009_	_2766_/B1	0	0.5	frozen_count
_0009_	_3398_/B	0	0.5	frozen_count
_0009_	_3638_/A2	0	0.5	frozen_count
_0009_	_4090_/B2	0	0.5	frozen_count
_0009_	_4324_/B2	0	0.5	frozen_count
_0009_	_4329_/A1	0	0.5	frozen_count
_0009_	_4381_/A1	0	0.5	frozen_count
_0009_	_4499_/B	0	0.5	frozen_count
_0010_	_2766_/ZN	0	0.5	frozen_count
_0010_	_2767_/B	0	0.5	frozen_count
_0011_	_2767_/ZN	0	0.5	frozen_count
_0011_	_2769_/A1	0	0.5	frozen_count
_0011_	_2781_/B2	0	0.5	frozen_count
_0011_	_3085_/A1	0	0.5	frozen_count
_0011_	_4273_/A	0	0.5	frozen_count
_0012_	_2768_/ZN	0	0.5	frozen_count
_0012_	_2769_/A2	0	0.5	frozen_count
_0012_	_2781_/B1	0	0.5	frozen_count
_0012_	_3085_/A2	0	0.5	frozen_count
_0012_	_4273_/B	0	0.5	frozen_count
_0013_	_2769_/ZN	0	0.5	frozen_count
_0013_	_3086_/B2	0	0.5	frozen_count
_0014_	_2770_/ZN	0	0.5	frozen_count
_0014_	_2776_/A2	0	0.5	frozen_count
_0014_	_2778_/A2	0	0.5	frozen_count
_0014_	_3404_/A	0	0.5	frozen_count
_0014_	_3640_/A	0	0.5	frozen_count
_0014_	_3791_/B2	0	0.5	frozen_count
_0014_	_3793_/B2	0	0.5	frozen_count
_0014_	_4323_/B2	0	0.5	frozen_count
_0014_	_4386_/A	0	0.5	frozen_count
_0014_	_4526_/A1	0	0.5	frozen_count
_0015_	_2771_/ZN	0	0.5	frozen_count
_0015_	_3405_/A1	0	0.5	frozen_count
_0015_	_3529_/A1	0	0.5	frozen_count
_0015_	_3538_/A1	0	0.5	frozen_count
_0015_	_3548_/A1	0	0.5	frozen_count
_0015_	_3580_/B2	0	0.5	frozen_count
_0015_	_3720_/A1	0	0.5	frozen_count
_0015_	_3721_/A2	0	0.5	frozen_count
_0015_	_3748_/B2	0	0.5	frozen_count
_0015_	_4385_/C1	0	0.5	frozen_count
_0016_	_2772_/ZN	0	0.5	frozen_count
_0016_	_2774_/B1	0	0.5	frozen_count
_0016_	_4322_/A1	0	0.5	frozen_count
_0016_	_4385_/B2	0	0.5	frozen_count
_0017_	_2773_/ZN	0	0.5	frozen_count
_0017_	_2774_/A	0	0.5	frozen_count
_0018_	_2774_/ZN	0	0.5	frozen_count
_0018_	place260/A	0	0.5	frozen_count
_0019_	_2775_/ZN	0	0.5	frozen_count
_0019_	_3748_/B1	0	0.5	frozen_count
_0020_	_2776_/ZN	0	0.5	frozen_count
_0020_	_2777_/B	0	0.5	frozen_count
_0021_	_2777_/ZN	0	0.5	frozen_count
_0021_	_2779_/A1	0	0.5	frozen_count
_0021_	_3083_/A1	0	0.5	frozen_count
_0022_	_2778_/ZN	0	0.5	frozen_count
_0022_	_2779_/A2	0	0.5	frozen_count
_0022_	_3083_/A2	0	0.5	frozen_count
_0023_	_2779_/ZN	0	0.5	frozen_count
_0023_	_2780_/A	0	0.5	frozen_count
_0023_	_4319_/A1	0	0.5	frozen_count
_0024_	_2780_/ZN	0	0.5	frozen_count
_0024_	_2781_/A	0	0.5	frozen_count
_0024_	_4275_/B2	0	0.5	frozen_count
_0025_	_2781_/ZN	0	0.5	frozen_count
_0025_	_2796_/A1	0	0.5	frozen_count
_0025_	_3088_/B2	0	0.5	frozen_count
_0026_	_2782_/ZN	0	0.5	frozen_count
_0026_	_2783_/A2	0	0.5	frozen_count
_0026_	_4264_/C2	0	0.5	frozen_count
_0026_	_4373_/C2	0	0.5	frozen_count
_0027_	_2783_/ZN	0	0.5	frozen_count
_0027_	_2786_/A1	0	0.5	frozen_count
_0027_	_2787_/A1	0	0.5	frozen_count
_0028_	_2784_/ZN	0	0.5	frozen_count
_0028_	_2786_/A2	0	0.5	frozen_count
_0028_	_2787_/A2	0	0.5	frozen_count
_0029_	_2785_/ZN	0	0.5	frozen_count
_0029_	_2786_/A3	0	0.5	frozen_count
_0029_	_2787_/A3	0	0.5	frozen_count
_0030_	_2786_/ZN	0	0.5	frozen_count
_0030_	_2791_/A2	0	0.5	frozen_count
_0030_	_3396_/A	0	0.5	frozen_count
_0030_	_3530_/A1	0	0.5	frozen_count
_0030_	_3534_/A1	0	0.5	frozen_count
_0030_	_3537_/C1	0	0.5	frozen_count
_0030_	_3557_/B2	0	0.5	frozen_count
_0030_	_3664_/A1	0	0.5	frozen_count
_0030_	_4356_/C1	0	0.5	frozen_count
_0031_	_2787_/ZN	0	0.5	frozen_count
_0031_	_2792_/A2	0	0.5	frozen_count
_0031_	_3395_/A	0	0.5	frozen_count
_0031_	_3665_/A1	0	0.5	frozen_count
_0031_	_4323_/A1	0	0.5	frozen_count
_0031_	_4344_/A1	0	0.5	frozen_count
_0031_	_4381_/B2	0	0.5	frozen_count
_0031_	_4501_/B	0	0.5	frozen_count
_0032_	_2788_/ZN	0	0.5	frozen_count
_0032_	_2789_/A	0	0.5	frozen_count
_0033_	_2789_/ZN	0	0.5	frozen_count
_0033_	_2791_/B1	0	0.5	frozen_count
_0033_	_3396_/B	0	0.5	frozen_count
_0033_	_3664_/A2	0	0.5	frozen_count
_0033_	_4371_/A	0	0.5	frozen_count
_0034_	_2790_/Z	0	0.5	frozen_count
_0034_	_2792_/B1	0	0.5	frozen_count
_0034_	_3395_/B	0	0.5	frozen_count
_0034_	_3530_/A2	0	0.5	frozen_count
_0034_	_3534_/A2	0	0.5	frozen_count
_0034_	_3537_/C2	0	0.5	frozen_count
_0034_	_3557_/B1	0	0.5	frozen_count
_0034_	_3665_/A2	0	0.5	frozen_count
_0034_	_3719_/A1	0	0.5	frozen_count
_0034_	_4263_/B2	0	0.5	frozen_count
_0034_	_4367_/A1	0	0.5	frozen_count
_0034_	_4373_/B2	0	0.5	frozen_count
_0034_	_4529_/B2	0	0.5	frozen_count
_0035_	_2791_/ZN	0	0.5	frozen_count
_0035_	_2794_/A1	0	0.5	frozen_count
_0035_	_3087_/A1	0	0.5	frozen_count
_0036_	_2792_/ZN	0	0.5	frozen_count
_0036_	_2793_/B	0	0.5	frozen_count
_0037_	_2793_/ZN	0	0.5	frozen_count
_0037_	_2794_/A2	0	0.5	frozen_count
_0037_	_3087_/A2	0	0.5	frozen_count
_0038_	_2794_/ZN	0	0.5	frozen_count
_0038_	_2795_/A	0	0.5	frozen_count
_0038_	_2796_/A2	0	0.5	frozen_count
_0038_	_4274_/B2	0	0.5	frozen_count
_0039_	_2795_/ZN	0	0.5	frozen_count
_0039_	_4260_/A1	0	0.5	frozen_count
_0040_	_2796_/ZN	0	0.5	frozen_count
_0040_	_3068_/A	0	0.5	frozen_count
_0040_	_3088_/A1	0	0.5	frozen_count
_0041_	_2797_/ZN	0	0.5	frozen_count
_0041_	_2798_/A	0	0.5	frozen_count
_0042_	_2798_/ZN	0	0.5	frozen_count
_0042_	_2808_/A2	0	0.5	frozen_count
_0042_	_3357_/A	0	0.5	frozen_count
_0042_	_3466_/A1	0	0.5	frozen_count
_0042_	_3467_/A1	0	0.5	frozen_count
_0042_	_4565_/A1	0	0.5	frozen_count
_0043_	_2799_/Z	0	0.5	frozen_count
_0043_	_2806_/A2	0	0.5	frozen_count
_0043_	_3358_/A	0	0.5	frozen_count
_0043_	_3465_/A1	0	0.5	frozen_count
_0043_	_3713_/A1	0	0.5	frozen_count
_0043_	_3749_/A1	0	0.5	frozen_count
_0043_	_3751_/A1	0	0.5	frozen_count
_0043_	_3957_/A1	0	0.5	frozen_count
_0043_	_3963_/A	0	0.5	frozen_count
_0043_	_3965_/B2	0	0.5	frozen_count
_0043_	_4735_/C1	0	0.5	frozen_count
_0044_	_2800_/Z	0	0.5	frozen_count
_0044_	_2801_/A2	0	0.5	frozen_count
_0044_	_3964_/A1	0	0.5	frozen_count
_0044_	_4733_/A1	0	0.5	frozen_count
_0045_	_2801_/ZN	0	0.5	frozen_count
_0045_	_2802_/A	0	0.5	frozen_count
_0046_	_2802_/ZN	0	0.5	frozen_count
_0046_	_2804_/A1	0	0.5	frozen_count
_0046_	_2805_/A1	0	0.5	frozen_count
_0047_	_2803_/ZN	0	0.5	frozen_count
_0047_	_2804_/A2	0	0.5	frozen_count
_0047_	_2805_/A2	0	0.5	frozen_count
_0048_	_2804_/ZN	0	0.5	frozen_count
_0048_	_2808_/B1	0	0.5	frozen_count
_0048_	_3357_/B	0	0.5	frozen_count
_0048_	_3465_/A2	0	0.5	frozen_count
_0048_	_4037_/C1	0	0.5	frozen_count
_0049_	_2805_/ZN	0	0.5	frozen_count
_0049_	_2806_/B1	0	0.5	frozen_count
_0049_	_3296_/B	0	0.5	frozen_count
_0049_	_3358_/B	0	0.5	frozen_count
_0049_	_3466_/A2	0	0.5	frozen_count
_0049_	_3467_/A2	0	0.5	frozen_count
_0049_	_3749_/A2	0	0.5	frozen_count
_0049_	_3751_/A2	0	0.5	frozen_count
_0049_	_4022_/B2	0	0.5	frozen_count
_0049_	_4716_/B2	0	0.5	frozen_count
_0049_	_4777_/A1	0	0.5	frozen_count
_0050_	_2806_/ZN	0	0.5	frozen_count
_0050_	_2807_/B	0	0.5	frozen_count
_0051_	_2807_/ZN	0	0.5	frozen_count
_0051_	_2809_/A1	0	0.5	frozen_count
_0051_	_2986_/A1	0	0.5	frozen_count
_0052_	_2808_/ZN	0	0.5	frozen_count
_0052_	_2809_/A2	0	0.5	frozen_count
_0052_	_2986_/A2	0	0.5	frozen_count
_0053_	_2809_/ZN	0	0.5	frozen_count
_0053_	_2810_/A	0	0.5	frozen_count
_0053_	_2989_/A1	0	0.5	frozen_count
_0053_	_3067_/B2	0	0.5	frozen_count
_0053_	_3068_/C2	0	0.5	frozen_count
_0053_	_4292_/A1	0	0.5	frozen_count
_0054_	_2810_/ZN	0	0.5	frozen_count
_0054_	_4730_/A1	0	0.5	frozen_count
_0055_	_2811_/ZN	0	0.5	frozen_count
_0055_	_2813_/B1	0	0.5	frozen_count
_0055_	_3939_/B2	0	0.5	frozen_count
_0055_	_4748_/A1	0	0.5	frozen_count
_0056_	_2812_/ZN	0	0.5	frozen_count
_0056_	_2813_/A	0	0.5	frozen_count
_0057_	_2813_/ZN	0	0.5	frozen_count
_0057_	place300/A	0	0.5	frozen_count
_0058_	_2814_/ZN	0	0.5	frozen_count
_0058_	_2818_/A2	0	0.5	frozen_count
_0058_	_3364_/A	0	0.5	frozen_count
_0058_	_4008_/C1	0	0.5	frozen_count
_0059_	_2815_/ZN	0	0.5	frozen_count
_0059_	_2816_/A	0	0.5	frozen_count
_0060_	_2816_/ZN	0	0.5	frozen_count
_0060_	_2818_/B1	0	0.5	frozen_count
_0060_	_3364_/B	0	0.5	frozen_count
_0060_	_3471_/A2	0	0.5	frozen_count
_0060_	_3473_/A2	0	0.5	frozen_count
_0060_	_3503_/B1	0	0.5	frozen_count
_0060_	_3711_/A1	0	0.5	frozen_count
_0060_	_3712_/A1	0	0.5	frozen_count
_0060_	_3929_/B	0	0.5	frozen_count
_0061_	_2817_/Z	0	0.5	frozen_count
_0061_	_2819_/B1	0	0.5	frozen_count
_0061_	_3363_/A	0	0.5	frozen_count
_0061_	_3756_/A2	0	0.5	frozen_count
_0061_	_3758_/C2	0	0.5	frozen_count
_0061_	_3933_/A1	0	0.5	frozen_count
_0061_	_3937_/A	0	0.5	frozen_count
_0061_	_3938_/B2	0	0.5	frozen_count
_0061_	_4583_/A1	0	0.5	frozen_count
_0061_	_4750_/C1	0	0.5	frozen_count
_0062_	_2818_/ZN	0	0.5	frozen_count
_0062_	_2821_/A1	0	0.5	frozen_count
_0062_	_2970_/A1	0	0.5	frozen_count
_0063_	_2819_/ZN	0	0.5	frozen_count
_0063_	_2820_/B	0	0.5	frozen_count
_0064_	_2820_/ZN	0	0.5	frozen_count
_0064_	_2821_/A2	0	0.5	frozen_count
_0064_	_2970_/A2	0	0.5	frozen_count
_0065_	_2821_/ZN	0	0.5	frozen_count
_0065_	_2822_/A	0	0.5	frozen_count
_0065_	_2968_/A	0	0.5	frozen_count
_0065_	_2982_/C1	0	0.5	frozen_count
_0065_	_4772_/B2	0	0.5	frozen_count
_0066_	_2822_/ZN	0	0.5	frozen_count
_0066_	_4745_/A1	0	0.5	frozen_count
_0067_	_2823_/ZN	0	0.5	frozen_count
_0067_	_2824_/A	0	0.5	frozen_count
_0068_	_2824_/ZN	0	0.5	frozen_count
_0068_	_2830_/A2	0	0.5	frozen_count
_0068_	_3355_/A	0	0.5	frozen_count
_0068_	_3474_/A1	0	0.5	frozen_count
_0068_	_3602_/C1	0	0.5	frozen_count
_0068_	_3649_/A1	0	0.5	frozen_count
_0068_	_4015_/A	0	0.5	frozen_count
_0069_	_2825_/Z	0	0.5	frozen_count
_0069_	_2831_/A2	0	0.5	frozen_count
_0069_	_3354_/A	0	0.5	frozen_count
_0069_	_3500_/A1	0	0.5	frozen_count
_0069_	_3650_/A1	0	0.5	frozen_count
_0069_	_3651_/A1	0	0.5	frozen_count
_0069_	_3710_/A1	0	0.5	frozen_count
_0069_	_4007_/A1	0	0.5	frozen_count
_0069_	_4018_/C1	0	0.5	frozen_count
_0069_	_4315_/C2	0	0.5	frozen_count
_0069_	_4586_/A1	0	0.5	frozen_count
_0070_	_2826_/Z	0	0.5	frozen_count
_0070_	_2828_/B1	0	0.5	frozen_count
_0070_	_4017_/B2	0	0.5	frozen_count
_0070_	_4316_/C1	0	0.5	frozen_count
_0070_	_4318_/C1	0	0.5	frozen_count
_0071_	_2827_/ZN	0	0.5	frozen_count
_0071_	_2828_/A	0	0.5	frozen_count
_0072_	_2828_/ZN	0	0.5	frozen_count
_0072_	place299/A	0	0.5	frozen_count
_0073_	_2829_/ZN	0	0.5	frozen_count
_0073_	_2830_/B1	0	0.5	frozen_count
_0073_	_3355_/B	0	0.5	frozen_count
_0073_	_3500_/A2	0	0.5	frozen_count
_0073_	_3649_/A2	0	0.5	frozen_count
_0074_	_2830_/ZN	0	0.5	frozen_count
_0074_	_2833_/A1	0	0.5	frozen_count
_0074_	_2969_/A1	0	0.5	frozen_count
_0074_	_4744_/B2	0	0.5	frozen_count
_0075_	_2831_/ZN	0	0.5	frozen_count
_0075_	_2832_/B	0	0.5	frozen_count
_0076_	_2832_/ZN	0	0.5	frozen_count
_0076_	_2833_/A2	0	0.5	frozen_count
_0076_	_2969_/A2	0	0.5	frozen_count
_0076_	_4744_/B1	0	0.5	frozen_count
_0077_	_2833_/ZN	0	0.5	frozen_count
_0077_	_2834_/A	0	0.5	frozen_count
_0077_	_2967_/A	0	0.5	frozen_count
_0077_	_2968_/B	0	0.5	frozen_count
_0078_	_2834_/ZN	0	0.5	frozen_count
_0078_	_4310_/A1	0	0.5	frozen_count
_0079_	_2835_/ZN	0	0.5	frozen_count
_0079_	_2838_/A	0	0.5	frozen_count
_0080_	_2836_/ZN	0	0.5	frozen_count
_0080_	_2838_/B	0	0.5	frozen_count
_0081_	_2837_/Z	0	0.5	frozen_count
_0081_	_2838_/C1	0	0.5	frozen_count
_0081_	_3951_/C1	0	0.5	frozen_count
_0081_	_4743_/C1	0	0.5	frozen_count
_0082_	_2838_/ZN	0	0.5	frozen_count
_0082_	place298/A	0	0.5	frozen_count
_0083_	_2839_/ZN	0	0.5	frozen_count
_0083_	_2846_/A2	0	0.5	frozen_count
_0083_	_3351_/A	0	0.5	frozen_count
_0083_	_3757_/A1	0	0.5	frozen_count
_0084_	_2840_/ZN	0	0.5	frozen_count
_0084_	_2841_/A	0	0.5	frozen_count
_0085_	_2841_/ZN	0	0.5	frozen_count
_0085_	_2842_/A	0	0.5	frozen_count
_0086_	_2842_/ZN	0	0.5	frozen_count
_0086_	place264/A	0	0.5	frozen_count
_0087_	_2843_/ZN	0	0.5	frozen_count
_0087_	_2844_/B1	0	0.5	frozen_count
_0087_	_3668_/A2	0	0.5	frozen_count
_0087_	_3930_/B1	0	0.5	frozen_count
_0087_	_3944_/A1	0	0.5	frozen_count
_0088_	_2844_/ZN	0	0.5	frozen_count
_0088_	_2845_/B	0	0.5	frozen_count
_0089_	_2845_/ZN	0	0.5	frozen_count
_0089_	_2847_/A1	0	0.5	frozen_count
_0089_	_2848_/A1	0	0.5	frozen_count
_0090_	_2846_/ZN	0	0.5	frozen_count
_0090_	_2847_/A2	0	0.5	frozen_count
_0090_	_2848_/A2	0	0.5	frozen_count
_0091_	_2847_/ZN	0	0.5	frozen_count
_0091_	_2967_/B1	0	0.5	frozen_count
_0091_	_2968_/C1	0	0.5	frozen_count
_0091_	_4311_/B2	0	0.5	frozen_count
_0091_	_4313_/A1	0	0.5	frozen_count
_0091_	_4737_/A1	0	0.5	frozen_count
_0092_	_2848_/ZN	0	0.5	frozen_count
_0092_	_2966_/A	0	0.5	frozen_count
_0092_	_4737_/A2	0	0.5	frozen_count
_0093_	_2849_/ZN	0	0.5	frozen_count
_0093_	_2852_/A1	0	0.5	frozen_count
_0094_	_2850_/Z	0	0.5	frozen_count
_0094_	_2851_/B1	0	0.5	frozen_count
_0094_	_3918_/A1	0	0.5	frozen_count
_0094_	_4756_/C2	0	0.5	frozen_count
_0095_	_2851_/ZN	0	0.5	frozen_count
_0095_	_2852_/A2	0	0.5	frozen_count
_0096_	_2852_/ZN	0	0.5	frozen_count
_0096_	_2853_/A	0	0.5	frozen_count
_0096_	_2859_/A2	0	0.5	frozen_count
_0096_	_3303_/B	0	0.5	frozen_count
_0096_	_3346_/A	0	0.5	frozen_count
_0096_	_3477_/A1	0	0.5	frozen_count
_0096_	_3511_/B2	0	0.5	frozen_count
_0096_	_3760_/A1	0	0.5	frozen_count
_0096_	_3774_/A1	0	0.5	frozen_count
_0096_	_3944_/B2	0	0.5	frozen_count
_0096_	_4709_/A1	0	0.5	frozen_count
_0096_	_4742_/C1	0	0.5	frozen_count
_0097_	_2853_/ZN	0	0.5	frozen_count
_0097_	_2858_/A2	0	0.5	frozen_count
_0097_	_3347_/A	0	0.5	frozen_count
_0097_	_3495_/A1	0	0.5	frozen_count
_0097_	_4606_/C1	0	0.5	frozen_count
_0098_	_2854_/ZN	0	0.5	frozen_count
_0098_	_2857_/A	0	0.5	frozen_count
_0099_	_2855_/ZN	0	0.5	frozen_count
_0099_	_2856_/A	0	0.5	frozen_count
_0100_	_2856_/ZN	0	0.5	frozen_count
_0100_	_2858_/B1	0	0.5	frozen_count
_0100_	_3347_/B	0	0.5	frozen_count
_0100_	_3477_/A2	0	0.5	frozen_count
_0100_	_3511_/B1	0	0.5	frozen_count
_0100_	_3708_/A1	0	0.5	frozen_count
_0100_	_3709_/A2	0	0.5	frozen_count
_0100_	_3919_/C1	0	0.5	frozen_count
_0100_	_4594_/A1	0	0.5	frozen_count
_0101_	_2857_/ZN	0	0.5	frozen_count
_0101_	_2859_/B1	0	0.5	frozen_count
_0101_	_3346_/B	0	0.5	frozen_count
_0101_	_3495_/A2	0	0.5	frozen_count
_0101_	_3760_/A2	0	0.5	frozen_count
_0101_	_3774_/A2	0	0.5	frozen_count
_0101_	_3911_/A1	0	0.5	frozen_count
_0101_	_3916_/A	0	0.5	frozen_count
_0101_	_4755_/B2	0	0.5	frozen_count
_0102_	_2858_/ZN	0	0.5	frozen_count
_0102_	_2861_/A1	0	0.5	frozen_count
_0102_	_2862_/A1	0	0.5	frozen_count
_0103_	_2859_/ZN	0	0.5	frozen_count
_0103_	_2860_/B	0	0.5	frozen_count
_0104_	_2860_/ZN	0	0.5	frozen_count
_0104_	_2861_/A2	0	0.5	frozen_count
_0104_	_2862_/A2	0	0.5	frozen_count
_0105_	_2861_/ZN	0	0.5	frozen_count
_0105_	_2965_/A1	0	0.5	frozen_count
_0105_	_2966_/B1	0	0.5	frozen_count
_0105_	_4752_/A1	0	0.5	frozen_count
_0106_	_2862_/ZN	0	0.5	frozen_count
_0106_	_2964_/A	0	0.5	frozen_count
_0106_	_4752_/A2	0	0.5	frozen_count
_0107_	_2863_/ZN	0	0.5	frozen_count
_0107_	_2864_/A	0	0.5	frozen_count
_0108_	_2864_/ZN	0	0.5	frozen_count
_0108_	_3342_/A1	0	0.5	frozen_count
_0108_	_3479_/A1	0	0.5	frozen_count
_0108_	_3493_/C1	0	0.5	frozen_count
_0108_	_3494_/A1	0	0.5	frozen_count
_0108_	_4611_/C1	0	0.5	frozen_count
_0109_	_2865_/Z	0	0.5	frozen_count
_0109_	_2869_/A2	0	0.5	frozen_count
_0109_	_2871_/A2	0	0.5	frozen_count
_0109_	_3344_/B	0	0.5	frozen_count
_0109_	_3677_/A1	0	0.5	frozen_count
_0109_	_3678_/A1	0	0.5	frozen_count
_0109_	_3707_/A1	0	0.5	frozen_count
_0109_	_4605_/A1	0	0.5	frozen_count
_0109_	_4609_/A	0	0.5	frozen_count
_0109_	_4709_/B2	0	0.5	frozen_count
_0109_	_4769_/A1	0	0.5	frozen_count
_0110_	_2866_/Z	0	0.5	frozen_count
_0110_	_2868_/B1	0	0.5	frozen_count
_0110_	_4708_/A1	0	0.5	frozen_count
_0110_	_4771_/C1	0	0.5	frozen_count
_0111_	_2867_/ZN	0	0.5	frozen_count
_0111_	_2868_/A	0	0.5	frozen_count
_0112_	_2868_/ZN	0	0.5	frozen_count
_0112_	_3678_/A2	0	0.5	frozen_count
_0112_	place297/A	0	0.5	frozen_count
_0113_	_2869_/ZN	0	0.5	frozen_count
_0113_	_2870_/B	0	0.5	frozen_count
_0114_	_2870_/ZN	0	0.5	frozen_count
_0114_	_2873_/A1	0	0.5	frozen_count
_0114_	_2875_/A1	0	0.5	frozen_count
_0114_	_2962_/C1	0	0.5	frozen_count
_0115_	_2871_/ZN	0	0.5	frozen_count
_0115_	_2872_/A	0	0.5	frozen_count
_0116_	_2872_/ZN	0	0.5	frozen_count
_0116_	_2873_/A2	0	0.5	frozen_count
_0116_	_2875_/A2	0	0.5	frozen_count
_0116_	_2962_/C2	0	0.5	frozen_count
_0117_	_2873_/ZN	0	0.5	frozen_count
_0117_	_2874_/A	0	0.5	frozen_count
_0117_	_2963_/A1	0	0.5	frozen_count
_0117_	_2964_/B1	0	0.5	frozen_count
_0118_	_2874_/ZN	0	0.5	frozen_count
_0118_	_4706_/B2	0	0.5	frozen_count
_0118_	_4707_/C1	0	0.5	frozen_count
_0119_	_2875_/ZN	0	0.5	frozen_count
_0119_	_4706_/B1	0	0.5	frozen_count
_0120_	_2876_/Z	0	0.5	frozen_count
_0120_	_2883_/A2	0	0.5	frozen_count
_0120_	_2885_/A2	0	0.5	frozen_count
_0120_	_3322_/B	0	0.5	frozen_count
_0120_	_3324_/B2	0	0.5	frozen_count
_0120_	_3480_/A1	0	0.5	frozen_count
_0120_	_3490_/A1	0	0.5	frozen_count
_0120_	_3646_/A1	0	0.5	frozen_count
_0120_	_3706_/A1	0	0.5	frozen_count
_0120_	_3707_/A2	0	0.5	frozen_count
_0120_	_3761_/A1	0	0.5	frozen_count
_0120_	_3762_/A1	0	0.5	frozen_count
_0120_	_3771_/B2	0	0.5	frozen_count
_0120_	_3973_/A	0	0.5	frozen_count
_0120_	_3977_/A1	0	0.5	frozen_count
_0120_	_3981_/A	0	0.5	frozen_count
_0120_	_3983_/A1	0	0.5	frozen_count
_0120_	_4285_/B2	0	0.5	frozen_count
_0120_	_4613_/A1	0	0.5	frozen_count
_0121_	_2877_/ZN	0	0.5	frozen_count
_0121_	_2881_/A1	0	0.5	frozen_count
_0121_	_2882_/A1	0	0.5	frozen_count
_0122_	_2878_/ZN	0	0.5	frozen_count
_0122_	_2879_/A2	0	0.5	frozen_count
_0122_	_3983_/B2	0	0.5	frozen_count
_0122_	_4286_/B2	0	0.5	frozen_count
_0122_	_4289_/B1	0	0.5	frozen_count
_0123_	_2879_/ZN	0	0.5	frozen_count
_0123_	_2881_/A2	0	0.5	frozen_count
_0123_	_2882_/A2	0	0.5	frozen_count
_0124_	_2880_/ZN	0	0.5	frozen_count
_0124_	_2881_/A3	0	0.5	frozen_count
_0124_	_2882_/A3	0	0.5	frozen_count
_0125_	_2881_/ZN	0	0.5	frozen_count
_0125_	_2886_/B1	0	0.5	frozen_count
_0125_	_3323_/A1	0	0.5	frozen_count
_0125_	_3480_/A2	0	0.5	frozen_count
_0125_	_3490_/A2	0	0.5	frozen_count
_0125_	_3646_/A2	0	0.5	frozen_count
_0125_	_3973_/B	0	0.5	frozen_count
_0125_	_4622_/B2	0	0.5	frozen_count
_0126_	_2882_/ZN	0	0.5	frozen_count
_0126_	_2883_/B1	0	0.5	frozen_count
_0126_	_3322_/A	0	0.5	frozen_count
_0126_	_3761_/A2	0	0.5	frozen_count
_0126_	_3762_/A2	0	0.5	frozen_count
_0126_	_3771_/B1	0	0.5	frozen_count
_0126_	_4507_/B	0	0.5	frozen_count
_0126_	_4605_/B2	0	0.5	frozen_count
_0126_	_4710_/B2	0	0.5	frozen_count
_0126_	_4722_/C1	0	0.5	frozen_count
_0127_	_2883_/ZN	0	0.5	frozen_count
_0127_	_2884_/B	0	0.5	frozen_count
_0128_	_2884_/ZN	0	0.5	frozen_count
_0128_	_2887_/A1	0	0.5	frozen_count
_0128_	_2960_/A1	0	0.5	frozen_count
_0129_	_2885_/ZN	0	0.5	frozen_count
_0129_	_2886_/A	0	0.5	frozen_count
_0130_	_2886_/ZN	0	0.5	frozen_count
_0130_	_2887_/A2	0	0.5	frozen_count
_0130_	_2960_/A2	0	0.5	frozen_count
_0131_	_2887_/ZN	0	0.5	frozen_count
_0131_	_2888_/A	0	0.5	frozen_count
_0131_	_2959_/A1	0	0.5	frozen_count
_0131_	_2961_/B2	0	0.5	frozen_count
_0131_	_2962_/B2	0	0.5	frozen_count
_0132_	_2888_/ZN	0	0.5	frozen_count
_0132_	_4283_/A1	0	0.5	frozen_count
_0133_	_2889_/ZN	0	0.5	frozen_count
_0133_	_2892_/A1	0	0.5	frozen_count
_0133_	_2893_/A1	0	0.5	frozen_count
_0133_	_3484_/A1	0	0.5	frozen_count
_0134_	_2890_/ZN	0	0.5	frozen_count
_0134_	_2891_/C1	0	0.5	frozen_count
_0134_	_4723_/C1	0	0.5	frozen_count
_0134_	_4784_/C1	0	0.5	frozen_count
_0135_	_2891_/ZN	0	0.5	frozen_count
_0135_	_2892_/A2	0	0.5	frozen_count
_0135_	_2893_/A2	0	0.5	frozen_count
_0135_	_3484_/A2	0	0.5	frozen_count
_0136_	_2892_/ZN	0	0.5	frozen_count
_0136_	_2898_/A2	0	0.5	frozen_count
_0136_	_3326_/B	0	0.5	frozen_count
_0136_	_3481_/A1	0	0.5	frozen_count
_0136_	_3486_/C1	0	0.5	frozen_count
_0136_	_3646_/B1	0	0.5	frozen_count
_0136_	_3763_/A1	0	0.5	frozen_count
_0136_	_3764_/A1	0	0.5	frozen_count
_0137_	_2893_/ZN	0	0.5	frozen_count
_0137_	_2896_/A2	0	0.5	frozen_count
_0137_	_3325_/A	0	0.5	frozen_count
_0137_	_3977_/B2	0	0.5	frozen_count
_0137_	_4257_/C1	0	0.5	frozen_count
_0137_	_4286_/A1	0	0.5	frozen_count
_0137_	_4508_/B	0	0.5	frozen_count
_0137_	_4618_/A	0	0.5	frozen_count
_0137_	_4635_/C1	0	0.5	frozen_count
_0138_	_2894_/Z	0	0.5	frozen_count
_0138_	_2898_/B1	0	0.5	frozen_count
_0138_	_3326_/A	0	0.5	frozen_count
_0138_	_3484_/A3	0	0.5	frozen_count
_0138_	_3705_/A1	0	0.5	frozen_count
_0138_	_3763_/A2	0	0.5	frozen_count
_0138_	_3764_/A2	0	0.5	frozen_count
_0138_	_4618_/B	0	0.5	frozen_count
_0138_	_4721_/B1	0	0.5	frozen_count
_0139_	_2895_/Z	0	0.5	frozen_count
_0139_	_2896_/B1	0	0.5	frozen_count
_0139_	_3325_/B	0	0.5	frozen_count
_0139_	_3481_/A2	0	0.5	frozen_count
_0139_	_3486_/C2	0	0.5	frozen_count
_0139_	_3646_/B2	0	0.5	frozen_count
_0139_	_4621_/A1	0	0.5	frozen_count
_0139_	_4627_/A	0	0.5	frozen_count
_0139_	_4629_/A1	0	0.5	frozen_count
_0139_	_4782_/B2	0	0.5	frozen_count
_0140_	_2896_/ZN	0	0.5	frozen_count
_0140_	_2897_/B	0	0.5	frozen_count
_0141_	_2897_/ZN	0	0.5	frozen_count
_0141_	_2899_/A1	0	0.5	frozen_count
_0141_	_2900_/A1	0	0.5	frozen_count
_0141_	_4719_/A	0	0.5	frozen_count
_0142_	_2898_/ZN	0	0.5	frozen_count
_0142_	_2899_/A2	0	0.5	frozen_count
_0142_	_2900_/A2	0	0.5	frozen_count
_0142_	_4719_/B	0	0.5	frozen_count
_0143_	_2899_/ZN	0	0.5	frozen_count
_0143_	_2958_/A	0	0.5	frozen_count
_0144_	_2900_/ZN	0	0.5	frozen_count
_0144_	_2958_/B1	0	0.5	frozen_count
_0145_	_2901_/ZN	0	0.5	frozen_count
_0145_	_2903_/A1	0	0.5	frozen_count
_0145_	_2904_/A1	0	0.5	frozen_count
_0145_	_3484_/B1	0	0.5	frozen_count
_0146_	_2902_/ZN	0	0.5	frozen_count
_0146_	_2903_/A2	0	0.5	frozen_count
_0146_	_2904_/A2	0	0.5	frozen_count
_0146_	_3484_/B2	0	0.5	frozen_count
_0147_	_2903_/ZN	0	0.5	frozen_count
_0147_	_2911_/A2	0	0.5	frozen_count
_0147_	_3328_/A1	0	0.5	frozen_count
_0147_	_3486_/A	0	0.5	frozen_count
_0147_	_3768_/A1	0	0.5	frozen_count
_0148_	_2904_/ZN	0	0.5	frozen_count
_0148_	_2909_/A2	0	0.5	frozen_count
_0148_	_3285_/C2	0	0.5	frozen_count
_0148_	_3301_/B	0	0.5	frozen_count
_0148_	_3329_/A1	0	0.5	frozen_count
_0148_	_3659_/A1	0	0.5	frozen_count
_0148_	_3660_/A	0	0.5	frozen_count
_0148_	_4336_/A1	0	0.5	frozen_count
_0148_	_4621_/B2	0	0.5	frozen_count
_0148_	_4722_/B2	0	0.5	frozen_count
_0149_	_2905_/ZN	0	0.5	frozen_count
_0149_	_2908_/A1	0	0.5	frozen_count
_0149_	_3768_/A2	0	0.5	frozen_count
_0150_	_2906_/ZN	0	0.5	frozen_count
_0150_	_2908_/A2	0	0.5	frozen_count
_0150_	_3768_/A3	0	0.5	frozen_count
_0151_	_2907_/Z	0	0.5	frozen_count
_0151_	_2911_/B1	0	0.5	frozen_count
_0151_	_3329_/A2	0	0.5	frozen_count
_0151_	_3484_/B3	0	0.5	frozen_count
_0151_	_3660_/B	0	0.5	frozen_count
_0151_	_3705_/A2	0	0.5	frozen_count
_0151_	_4634_/A1	0	0.5	frozen_count
_0151_	_4789_/C2	0	0.5	frozen_count
_0152_	_2908_/ZN	0	0.5	frozen_count
_0152_	_2909_/B1	0	0.5	frozen_count
_0152_	_3328_/A2	0	0.5	frozen_count
_0152_	_3486_/B	0	0.5	frozen_count
_0152_	_3659_/A2	0	0.5	frozen_count
_0152_	_4255_/B2	0	0.5	frozen_count
_0152_	_4627_/B1	0	0.5	frozen_count
_0152_	_4636_/A	0	0.5	frozen_count
_0152_	_4638_/B2	0	0.5	frozen_count
_0153_	_2909_/ZN	0	0.5	frozen_count
_0153_	_2910_/B	0	0.5	frozen_count
_0154_	_2910_/ZN	0	0.5	frozen_count
_0154_	_2912_/A1	0	0.5	frozen_count
_0154_	_2913_/A1	0	0.5	frozen_count
_0154_	_4252_/A	0	0.5	frozen_count
_0155_	_2911_/ZN	0	0.5	frozen_count
_0155_	_2912_/A2	0	0.5	frozen_count
_0155_	_2913_/A2	0	0.5	frozen_count
_0155_	_4252_/B	0	0.5	frozen_count
_0156_	_2912_/ZN	0	0.5	frozen_count
_0156_	_2957_/A	0	0.5	frozen_count
_0157_	_2913_/ZN	0	0.5	frozen_count
_0157_	_2957_/B1	0	0.5	frozen_count
_0158_	_2914_/Z	0	0.5	frozen_count
_0158_	_2924_/A2	0	0.5	frozen_count
_0158_	_3240_/A1	0	0.5	frozen_count
_0158_	_3241_/A	0	0.5	frozen_count
_0158_	_3256_/A1	0	0.5	frozen_count
_0158_	_3258_/A	0	0.5	frozen_count
_0158_	_3705_/A3	0	0.5	frozen_count
_0158_	_4641_/A1	0	0.5	frozen_count
_0159_	_2915_/Z	0	0.5	frozen_count
_0159_	_2920_/A2	0	0.5	frozen_count
_0159_	_3257_/A1	0	0.5	frozen_count
_0159_	_3285_/A1	0	0.5	frozen_count
_0159_	_3288_/B2	0	0.5	frozen_count
_0159_	_3765_/A1	0	0.5	frozen_count
_0159_	_3766_/B2	0	0.5	frozen_count
_0159_	_4336_/C2	0	0.5	frozen_count
_0160_	_2916_/ZN	0	0.5	frozen_count
_0160_	_2918_/A1	0	0.5	frozen_count
_0160_	_3256_/A2	0	0.5	frozen_count
_0160_	_3258_/B1	0	0.5	frozen_count
_0161_	_2917_/ZN	0	0.5	frozen_count
_0161_	_2918_/A2	0	0.5	frozen_count
_0161_	_3256_/A3	0	0.5	frozen_count
_0161_	_3258_/B2	0	0.5	frozen_count
_0162_	_2918_/ZN	0	0.5	frozen_count
_0162_	_2919_/A	0	0.5	frozen_count
_0162_	_2920_/B1	0	0.5	frozen_count
_0162_	_3300_/B	0	0.5	frozen_count
_0162_	_3766_/A	0	0.5	frozen_count
_0162_	_4255_/A1	0	0.5	frozen_count
_0162_	_4271_/C1	0	0.5	frozen_count
_0162_	_4577_/B2	0	0.5	frozen_count
_0162_	_4635_/B2	0	0.5	frozen_count
_0163_	_2919_/ZN	0	0.5	frozen_count
_0163_	_2924_/B1	0	0.5	frozen_count
_0163_	_3257_/A2	0	0.5	frozen_count
_0164_	_2920_/ZN	0	0.5	frozen_count
_0164_	_2921_/A2	0	0.5	frozen_count
_0164_	_2922_/A2	0	0.5	frozen_count
_0164_	_2923_/B	0	0.5	frozen_count
_0165_	_2921_/ZN	0	0.5	frozen_count
_0165_	_2956_/A1	0	0.5	frozen_count
_0166_	_2922_/ZN	0	0.5	frozen_count
_0166_	_2956_/A2	0	0.5	frozen_count
_0167_	_2923_/ZN	0	0.5	frozen_count
_0167_	_2926_/A1	0	0.5	frozen_count
_0167_	_2953_/A1	0	0.5	frozen_count
_0168_	_2924_/ZN	0	0.5	frozen_count
_0168_	_2925_/A	0	0.5	frozen_count
_0168_	_2926_/A2	0	0.5	frozen_count
_0168_	_2953_/A2	0	0.5	frozen_count
_0169_	_2925_/ZN	0	0.5	frozen_count
_0169_	_2956_/A3	0	0.5	frozen_count
_0170_	_2926_/ZN	0	0.5	frozen_count
_0170_	_2955_/A1	0	0.5	frozen_count
_0170_	_4333_/A1	0	0.5	frozen_count
_0170_	_4334_/B2	0	0.5	frozen_count
_0171_	_2927_/ZN	0	0.5	frozen_count
_0171_	_2929_/A1	0	0.5	frozen_count
_0171_	_3261_/B2	0	0.5	frozen_count
_0171_	_3263_/A1	0	0.5	frozen_count
_0171_	_3275_/B2	0	0.5	frozen_count
_0171_	_3278_/A1	0	0.5	frozen_count
_0172_	_2928_/ZN	0	0.5	frozen_count
_0172_	_2929_/A2	0	0.5	frozen_count
_0172_	_3261_/B1	0	0.5	frozen_count
_0172_	_3263_/A2	0	0.5	frozen_count
_0172_	_3275_/B1	0	0.5	frozen_count
_0172_	_3278_/A2	0	0.5	frozen_count
_0173_	_2929_/ZN	0	0.5	frozen_count
_0173_	_2932_/A2	0	0.5	frozen_count
_0173_	_2934_/A2	0	0.5	frozen_count
_0173_	_3237_/A1	0	0.5	frozen_count
_0173_	_3276_/A1	0	0.5	frozen_count
_0173_	_3285_/B2	0	0.5	frozen_count
_0173_	_3335_/A1	0	0.5	frozen_count
_0173_	_3653_/A	0	0.5	frozen_count
_0173_	_4336_/B2	0	0.5	frozen_count
_0173_	_4509_/B	0	0.5	frozen_count
_0173_	_4651_/C1	0	0.5	frozen_count
_0174_	_2930_/Z	0	0.5	frozen_count
_0174_	_2935_/B1	0	0.5	frozen_count
_0174_	_3275_/A	0	0.5	frozen_count
_0174_	_3276_/A2	0	0.5	frozen_count
_0174_	_3278_/A3	0	0.5	frozen_count
_0174_	_3335_/A2	0	0.5	frozen_count
_0174_	_3653_/B	0	0.5	frozen_count
_0174_	_4572_/A	0	0.5	frozen_count
_0174_	_4576_/C1	0	0.5	frozen_count
_0175_	_2931_/Z	0	0.5	frozen_count
_0175_	_2932_/B1	0	0.5	frozen_count
_0175_	_3239_/A1	0	0.5	frozen_count
_0175_	_3261_/A	0	0.5	frozen_count
_0175_	_3263_/A3	0	0.5	frozen_count
_0175_	_4269_/B2	0	0.5	frozen_count
_0175_	_4581_/C1	0	0.5	frozen_count
_0175_	_4646_/B2	0	0.5	frozen_count
_0176_	_2932_/ZN	0	0.5	frozen_count
_0176_	_2933_/B	0	0.5	frozen_count
_0177_	_2933_/ZN	0	0.5	frozen_count
_0177_	_2936_/A1	0	0.5	frozen_count
_0177_	_2937_/A1	0	0.5	frozen_count
_0177_	_2950_/B2	0	0.5	frozen_count
_0178_	_2934_/ZN	0	0.5	frozen_count
_0178_	_2935_/A	0	0.5	frozen_count
_0179_	_2935_/ZN	0	0.5	frozen_count
_0179_	_2936_/A2	0	0.5	frozen_count
_0179_	_2937_/A2	0	0.5	frozen_count
_0179_	_2950_/B1	0	0.5	frozen_count
_0180_	_2936_/ZN	0	0.5	frozen_count
_0180_	_2952_/A1	0	0.5	frozen_count
_0180_	_2956_/B1	0	0.5	frozen_count
_0180_	_4267_/B2	0	0.5	frozen_count
_0180_	_4268_/B2	0	0.5	frozen_count
_0181_	_2937_/ZN	0	0.5	frozen_count
_0181_	_4267_/B1	0	0.5	frozen_count
_0182_	_2938_/ZN	0	0.5	frozen_count
_0182_	_2940_/B2	0	0.5	frozen_count
_0183_	_2939_/ZN	0	0.5	frozen_count
_0183_	_2941_/B2	0	0.5	frozen_count
_0183_	_4226_/A	0	0.5	frozen_count
_0184_	_2940_/ZN	0	0.5	frozen_count
_0184_	_2948_/B1	0	0.5	frozen_count
_0184_	_3278_/B1	0	0.5	frozen_count
_0184_	_3335_/B1	0	0.5	frozen_count
_0184_	_3654_/A	0	0.5	frozen_count
_0184_	_4572_/B	0	0.5	frozen_count
_0185_	_2941_/ZN	0	0.5	frozen_count
_0185_	_2946_/B2	0	0.5	frozen_count
_0185_	_3237_/B2	0	0.5	frozen_count
_0185_	_3239_/A2	0	0.5	frozen_count
_0185_	_3262_/A	0	0.5	frozen_count
_0185_	_3277_/A1	0	0.5	frozen_count
_0185_	_3334_/A1	0	0.5	frozen_count
_0185_	_4649_/A	0	0.5	frozen_count
_0185_	_4651_/B2	0	0.5	frozen_count
_0185_	_4655_/A	0	0.5	frozen_count
_0186_	_2942_/ZN	0	0.5	frozen_count
_0186_	_2944_/A1	0	0.5	frozen_count
_0186_	_2945_/A1	0	0.5	frozen_count
_0186_	_3262_/B1	0	0.5	frozen_count
_0186_	_3278_/B2	0	0.5	frozen_count
_0187_	_2943_/ZN	0	0.5	frozen_count
_0187_	_2944_/A2	0	0.5	frozen_count
_0187_	_2945_/A2	0	0.5	frozen_count
_0187_	_3262_/B2	0	0.5	frozen_count
_0187_	_3278_/B3	0	0.5	frozen_count
_0188_	_2944_/ZN	0	0.5	frozen_count
_0188_	_2948_/C2	0	0.5	frozen_count
_0188_	_3277_/A2	0	0.5	frozen_count
_0188_	_3334_/A2	0	0.5	frozen_count
_0188_	_3654_/B	0	0.5	frozen_count
_0189_	_2945_/ZN	0	0.5	frozen_count
_0189_	_2946_/C1	0	0.5	frozen_count
_0189_	_3335_/B2	0	0.5	frozen_count
_0189_	_4269_/A1	0	0.5	frozen_count
_0189_	_4510_/B	0	0.5	frozen_count
_0189_	_4575_/A1	0	0.5	frozen_count
_0190_	_2946_/ZN	0	0.5	frozen_count
_0190_	_2949_/S	0	0.5	frozen_count
_0190_	_3234_/A	0	0.5	frozen_count
_0191_	_2947_/ZN	0	0.5	frozen_count
_0191_	_2948_/A	0	0.5	frozen_count
_0192_	_2948_/ZN	0	0.5	frozen_count
_0192_	_2949_/A	0	0.5	frozen_count
_0192_	_3234_/B	0	0.5	frozen_count
_0193_	_2949_/Z	0	0.5	frozen_count
_0193_	_2950_/A	0	0.5	frozen_count
_0193_	_4267_/A	0	0.5	frozen_count
_0194_	_2950_/ZN	0	0.5	frozen_count
_0194_	_2951_/A	0	0.5	frozen_count
_0194_	_2952_/A2	0	0.5	frozen_count
_0194_	_2956_/B2	0	0.5	frozen_count
_0195_	_2951_/ZN	0	0.5	frozen_count
_0195_	_4268_/B1	0	0.5	frozen_count
_0196_	_2952_/ZN	0	0.5	frozen_count
_0196_	_2954_/A1	0	0.5	frozen_count
_0196_	_4333_/A2	0	0.5	frozen_count
_0196_	_4334_/A	0	0.5	frozen_count
_0197_	_2953_/ZN	0	0.5	frozen_count
_0197_	_2954_/A2	0	0.5	frozen_count
_0197_	_2956_/B3	0	0.5	frozen_count
_0197_	_4333_/A3	0	0.5	frozen_count
_0197_	_4334_/B1	0	0.5	frozen_count
_0198_	_2954_/ZN	0	0.5	frozen_count
_0198_	_2955_/A2	0	0.5	frozen_count
_0199_	_2955_/ZN	0	0.5	frozen_count
_0199_	_4253_/B2	0	0.5	frozen_count
_0199_	_4254_/B2	0	0.5	frozen_count
_0200_	_2956_/ZN	0	0.5	frozen_count
_0200_	_2957_/B2	0	0.5	frozen_count
_0201_	_2957_/ZN	0	0.5	frozen_count
_0201_	_2958_/B2	0	0.5	frozen_count
_0201_	_4720_/A	0	0.5	frozen_count
_0202_	_2958_/ZN	0	0.5	frozen_count
_0202_	_2959_/A2	0	0.5	frozen_count
_0202_	_2961_/B1	0	0.5	frozen_count
_0202_	_2962_/B1	0	0.5	frozen_count
_0202_	_4284_/B2	0	0.5	frozen_count
_0203_	_2959_/ZN	0	0.5	frozen_count
_0203_	_4284_/A1	0	0.5	frozen_count
_0204_	_2960_/ZN	0	0.5	frozen_count
_0204_	_2961_/A	0	0.5	frozen_count
_0204_	_2962_/A	0	0.5	frozen_count
_0204_	_4283_/A2	0	0.5	frozen_count
_0204_	_4284_/A2	0	0.5	frozen_count
_0205_	_2961_/ZN	0	0.5	frozen_count
_0205_	_4706_/A	0	0.5	frozen_count
_0206_	_2962_/ZN	0	0.5	frozen_count
_0206_	_2963_/A2	0	0.5	frozen_count
_0206_	_2964_/B2	0	0.5	frozen_count
_0206_	_4707_/C2	0	0.5	frozen_count
_0207_	_2963_/ZN	0	0.5	frozen_count
_0207_	_4753_/B2	0	0.5	frozen_count
_0207_	_4754_/B2	0	0.5	frozen_count
_0208_	_2964_/ZN	0	0.5	frozen_count
_0208_	_2965_/A2	0	0.5	frozen_count
_0208_	_2966_/B2	0	0.5	frozen_count
_0209_	_2965_/ZN	0	0.5	frozen_count
_0209_	_4738_/B2	0	0.5	frozen_count
_0209_	_4739_/B2	0	0.5	frozen_count
_0210_	_2966_/ZN	0	0.5	frozen_count
_0210_	_2967_/B2	0	0.5	frozen_count
_0210_	_2968_/C2	0	0.5	frozen_count
_0210_	_4311_/B1	0	0.5	frozen_count
_0210_	_4313_/A2	0	0.5	frozen_count
_0211_	_2967_/ZN	0	0.5	frozen_count
_0211_	_4744_/A	0	0.5	frozen_count
_0212_	_2968_/ZN	0	0.5	frozen_count
_0212_	_2983_/A1	0	0.5	frozen_count
_0212_	_2988_/B2	0	0.5	frozen_count
_0213_	_2969_/ZN	0	0.5	frozen_count
_0213_	_2982_/C2	0	0.5	frozen_count
_0213_	_4310_/A2	0	0.5	frozen_count
_0214_	_2970_/ZN	0	0.5	frozen_count
_0214_	_2982_/A	0	0.5	frozen_count
_0214_	_4745_/A2	0	0.5	frozen_count
_0214_	_4772_/A	0	0.5	frozen_count
_0215_	_2971_/ZN	0	0.5	frozen_count
_0215_	_2972_/A	0	0.5	frozen_count
_0216_	_2972_/ZN	0	0.5	frozen_count
_0216_	_2980_/A2	0	0.5	frozen_count
_0216_	_3360_/A	0	0.5	frozen_count
_0216_	_3468_/A1	0	0.5	frozen_count
_0216_	_3470_/A1	0	0.5	frozen_count
_0216_	_3712_/A2	0	0.5	frozen_count
_0216_	_4032_/A	0	0.5	frozen_count
_0216_	_4039_/A	0	0.5	frozen_count
_0217_	_2973_/Z	0	0.5	frozen_count
_0217_	_2978_/A2	0	0.5	frozen_count
_0217_	_3361_/B	0	0.5	frozen_count
_0217_	_3469_/A1	0	0.5	frozen_count
_0217_	_3750_/A1	0	0.5	frozen_count
_0217_	_3754_/A1	0	0.5	frozen_count
_0217_	_4036_/A1	0	0.5	frozen_count
_0217_	_4042_/C1	0	0.5	frozen_count
_0217_	_4569_/A1	0	0.5	frozen_count
_0217_	_4777_/B2	0	0.5	frozen_count
_0218_	_2974_/ZN	0	0.5	frozen_count
_0218_	_2976_/B1	0	0.5	frozen_count
_0218_	_4041_/B2	0	0.5	frozen_count
_0218_	_4776_/A1	0	0.5	frozen_count
_0219_	_2975_/ZN	0	0.5	frozen_count
_0219_	_2976_/A	0	0.5	frozen_count
_0220_	_2976_/ZN	0	0.5	frozen_count
_0220_	place296/A	0	0.5	frozen_count
_0221_	_2977_/ZN	0	0.5	frozen_count
_0221_	_2980_/B1	0	0.5	frozen_count
_0221_	_3360_/B	0	0.5	frozen_count
_0221_	_3469_/A2	0	0.5	frozen_count
_0222_	_2978_/ZN	0	0.5	frozen_count
_0222_	_2979_/B	0	0.5	frozen_count
_0223_	_2979_/ZN	0	0.5	frozen_count
_0223_	_2981_/A1	0	0.5	frozen_count
_0223_	_2984_/A1	0	0.5	frozen_count
_0224_	_2980_/ZN	0	0.5	frozen_count
_0224_	_2981_/A2	0	0.5	frozen_count
_0224_	_2984_/A2	0	0.5	frozen_count
_0225_	_2981_/ZN	0	0.5	frozen_count
_0225_	_2982_/B	0	0.5	frozen_count
_0225_	_4773_/B2	0	0.5	frozen_count
_0225_	_4774_/A1	0	0.5	frozen_count
_0226_	_2982_/ZN	0	0.5	frozen_count
_0226_	_2983_/A2	0	0.5	frozen_count
_0226_	_2988_/B1	0	0.5	frozen_count
_0227_	_2983_/ZN	0	0.5	frozen_count
_0227_	_4292_/B2	0	0.5	frozen_count
_0227_	_4731_/A1	0	0.5	frozen_count
_0228_	_2984_/ZN	0	0.5	frozen_count
_0228_	_2985_/A	0	0.5	frozen_count
_0228_	_2987_/A1	0	0.5	frozen_count
_0228_	_4731_/A2	0	0.5	frozen_count
_0229_	_2985_/ZN	0	0.5	frozen_count
_0229_	_4773_/B1	0	0.5	frozen_count
_0229_	_4774_/A2	0	0.5	frozen_count
_0230_	_2986_/ZN	0	0.5	frozen_count
_0230_	_2987_/A2	0	0.5	frozen_count
_0230_	_4730_/A2	0	0.5	frozen_count
_0231_	_2987_/ZN	0	0.5	frozen_count
_0231_	_2988_/A	0	0.5	frozen_count
_0231_	_4291_/A	0	0.5	frozen_count
_0232_	_2988_/ZN	0	0.5	frozen_count
_0232_	_2989_/A2	0	0.5	frozen_count
_0232_	_3067_/B1	0	0.5	frozen_count
_0232_	_3068_/C1	0	0.5	frozen_count
_0233_	_2989_/ZN	0	0.5	frozen_count
_0233_	_4713_/B2	0	0.5	frozen_count
_0233_	_4714_/B2	0	0.5	frozen_count
_0234_	_2990_/ZN	0	0.5	frozen_count
_0234_	_2991_/A	0	0.5	frozen_count
_0235_	_2991_/ZN	0	0.5	frozen_count
_0235_	_2997_/A2	0	0.5	frozen_count
_0235_	_3369_/A	0	0.5	frozen_count
_0235_	_3517_/A1	0	0.5	frozen_count
_0235_	_3526_/A1	0	0.5	frozen_count
_0235_	_3671_/A1	0	0.5	frozen_count
_0235_	_3715_/A1	0	0.5	frozen_count
_0235_	_3784_/C1	0	0.5	frozen_count
_0235_	_3987_/A1	0	0.5	frozen_count
_0236_	_2992_/Z	0	0.5	frozen_count
_0236_	_2998_/A2	0	0.5	frozen_count
_0236_	_3370_/B	0	0.5	frozen_count
_0236_	_3525_/A1	0	0.5	frozen_count
_0236_	_3672_/A1	0	0.5	frozen_count
_0236_	_3921_/A1	0	0.5	frozen_count
_0236_	_3924_/A	0	0.5	frozen_count
_0236_	_3925_/B2	0	0.5	frozen_count
_0236_	_3988_/C1	0	0.5	frozen_count
_0236_	_4559_/C1	0	0.5	frozen_count
_0236_	_4797_/B2	0	0.5	frozen_count
_0237_	_2993_/ZN	0	0.5	frozen_count
_0237_	_2995_/B1	0	0.5	frozen_count
_0237_	_3926_/A1	0	0.5	frozen_count
_0237_	_4795_/A1	0	0.5	frozen_count
_0238_	_2994_/ZN	0	0.5	frozen_count
_0238_	_2995_/A	0	0.5	frozen_count
_0239_	_2995_/ZN	0	0.5	frozen_count
_0239_	place295/A	0	0.5	frozen_count
_0240_	_2996_/ZN	0	0.5	frozen_count
_0240_	_2997_/B1	0	0.5	frozen_count
_0240_	_3369_/B	0	0.5	frozen_count
_0240_	_3525_/A2	0	0.5	frozen_count
_0240_	_3671_/A2	0	0.5	frozen_count
_0240_	_3784_/C2	0	0.5	frozen_count
_0240_	_3987_/A2	0	0.5	frozen_count
_0241_	_2997_/ZN	0	0.5	frozen_count
_0241_	_3000_/A1	0	0.5	frozen_count
_0241_	_3077_/A1	0	0.5	frozen_count
_0242_	_2998_/ZN	0	0.5	frozen_count
_0242_	_2999_/B	0	0.5	frozen_count
_0243_	_2999_/ZN	0	0.5	frozen_count
_0243_	_3000_/A2	0	0.5	frozen_count
_0243_	_3077_/A2	0	0.5	frozen_count
_0244_	_3000_/ZN	0	0.5	frozen_count
_0244_	_3001_/A	0	0.5	frozen_count
_0244_	_4792_/A1	0	0.5	frozen_count
_0245_	_3001_/ZN	0	0.5	frozen_count
_0245_	_3014_/A1	0	0.5	frozen_count
_0245_	_4761_/B2	0	0.5	frozen_count
_0246_	_3002_/ZN	0	0.5	frozen_count
_0246_	_3004_/A	0	0.5	frozen_count
_0247_	_3003_/ZN	0	0.5	frozen_count
_0247_	_3005_/A	0	0.5	frozen_count
_0248_	_3004_/ZN	0	0.5	frozen_count
_0248_	_3010_/A2	0	0.5	frozen_count
_0248_	_3380_/A	0	0.5	frozen_count
_0248_	_3463_/A1	0	0.5	frozen_count
_0248_	_3544_/A1	0	0.5	frozen_count
_0248_	_4056_/C1	0	0.5	frozen_count
_0248_	_4545_/C1	0	0.5	frozen_count
_0248_	_4547_/C1	0	0.5	frozen_count
_0249_	_3005_/ZN	0	0.5	frozen_count
_0249_	place277/A	0	0.5	frozen_count
_0250_	_3006_/Z	0	0.5	frozen_count
_0250_	_3008_/B1	0	0.5	frozen_count
_0250_	_4059_/C1	0	0.5	frozen_count
_0250_	_4764_/A1	0	0.5	frozen_count
_0251_	_3007_/ZN	0	0.5	frozen_count
_0251_	_3008_/A	0	0.5	frozen_count
_0252_	_3008_/ZN	0	0.5	frozen_count
_0252_	_3011_/B1	0	0.5	frozen_count
_0252_	place294/A	0	0.5	frozen_count
_0253_	_3009_/ZN	0	0.5	frozen_count
_0253_	_3010_/B1	0	0.5	frozen_count
_0253_	_3380_/B	0	0.5	frozen_count
_0253_	_3676_/B	0	0.5	frozen_count
_0254_	_3010_/ZN	0	0.5	frozen_count
_0254_	_3013_/A1	0	0.5	frozen_count
_0254_	_3076_/A1	0	0.5	frozen_count
_0255_	_3011_/ZN	0	0.5	frozen_count
_0255_	_3012_/B	0	0.5	frozen_count
_0256_	_3012_/ZN	0	0.5	frozen_count
_0256_	_3013_/A2	0	0.5	frozen_count
_0256_	_3076_/A2	0	0.5	frozen_count
_0257_	_3013_/ZN	0	0.5	frozen_count
_0257_	_3014_/A2	0	0.5	frozen_count
_0257_	_3078_/B2	0	0.5	frozen_count
_0257_	_4759_/A1	0	0.5	frozen_count
_0258_	_3014_/ZN	0	0.5	frozen_count
_0258_	_3066_/A1	0	0.5	frozen_count
_0258_	_3078_/A1	0	0.5	frozen_count
_0258_	_4293_/B2	0	0.5	frozen_count
_0259_	_3015_/ZN	0	0.5	frozen_count
_0259_	_3016_/A	0	0.5	frozen_count
_0260_	_3016_/ZN	0	0.5	frozen_count
_0260_	_3025_/A2	0	0.5	frozen_count
_0260_	_3391_/A1	0	0.5	frozen_count
_0260_	_3531_/A1	0	0.5	frozen_count
_0260_	_3641_/A1	0	0.5	frozen_count
_0260_	_4345_/B2	0	0.5	frozen_count
_0260_	_4359_/A	0	0.5	frozen_count
_0260_	_4371_/B1	0	0.5	frozen_count
_0261_	_3017_/Z	0	0.5	frozen_count
_0261_	_3023_/A2	0	0.5	frozen_count
_0261_	_3393_/A	0	0.5	frozen_count
_0261_	_3535_/A1	0	0.5	frozen_count
_0261_	_3642_/A1	0	0.5	frozen_count
_0261_	_3719_/A2	0	0.5	frozen_count
_0261_	_3794_/C2	0	0.5	frozen_count
_0261_	_4355_/A1	0	0.5	frozen_count
_0261_	_4360_/B2	0	0.5	frozen_count
_0261_	_4533_/B2	0	0.5	frozen_count
_0262_	_3018_/ZN	0	0.5	frozen_count
_0262_	_3019_/A	0	0.5	frozen_count
_0262_	_4346_/C1	0	0.5	frozen_count
_0262_	_4347_/B1	0	0.5	frozen_count
_0262_	_4360_/C2	0	0.5	frozen_count
_0263_	_3019_/ZN	0	0.5	frozen_count
_0263_	_3021_/B1	0	0.5	frozen_count
_0264_	_3020_/ZN	0	0.5	frozen_count
_0264_	_3021_/A	0	0.5	frozen_count
_0265_	_3021_/ZN	0	0.5	frozen_count
_0265_	_3023_/B1	0	0.5	frozen_count
_0265_	_3993_/A1	0	0.5	frozen_count
_0265_	_4300_/C1	0	0.5	frozen_count
_0265_	_4502_/B	0	0.5	frozen_count
_0265_	place259/A	0	0.5	frozen_count
_0266_	_3022_/ZN	0	0.5	frozen_count
_0266_	_3025_/B1	0	0.5	frozen_count
_0266_	_3535_/A2	0	0.5	frozen_count
_0266_	_3641_/A2	0	0.5	frozen_count
_0267_	_3023_/ZN	0	0.5	frozen_count
_0267_	_3024_/B	0	0.5	frozen_count
_0268_	_3024_/ZN	0	0.5	frozen_count
_0268_	_3026_/A1	0	0.5	frozen_count
_0268_	_3069_/A1	0	0.5	frozen_count
_0268_	_4341_/A	0	0.5	frozen_count
_0269_	_3025_/ZN	0	0.5	frozen_count
_0269_	_3026_/A2	0	0.5	frozen_count
_0269_	_3069_/A2	0	0.5	frozen_count
_0269_	_4341_/B	0	0.5	frozen_count
_0270_	_3026_/ZN	0	0.5	frozen_count
_0270_	_3040_/A1	0	0.5	frozen_count
_0271_	_3027_/ZN	0	0.5	frozen_count
_0271_	_3029_/A	0	0.5	frozen_count
_0272_	_3028_/ZN	0	0.5	frozen_count
_0272_	_3030_/A	0	0.5	frozen_count
_0273_	_3029_/ZN	0	0.5	frozen_count
_0273_	_3388_/A	0	0.5	frozen_count
_0273_	_3532_/A1	0	0.5	frozen_count
_0273_	_3782_/B2	0	0.5	frozen_count
_0273_	_3788_/C1	0	0.5	frozen_count
_0273_	_4000_/A	0	0.5	frozen_count
_0274_	_3030_/ZN	0	0.5	frozen_count
_0274_	place276/A	0	0.5	frozen_count
_0275_	_3031_/ZN	0	0.5	frozen_count
_0275_	_3033_/B1	0	0.5	frozen_count
_0275_	_4002_/B2	0	0.5	frozen_count
_0275_	_4299_/B2	0	0.5	frozen_count
_0275_	_4301_/C2	0	0.5	frozen_count
_0276_	_3032_/ZN	0	0.5	frozen_count
_0276_	_3033_/A	0	0.5	frozen_count
_0277_	_3033_/ZN	0	0.5	frozen_count
_0277_	_3034_/A	0	0.5	frozen_count
_0277_	place275/A	0	0.5	frozen_count
_0278_	_3034_/ZN	0	0.5	frozen_count
_0278_	_3388_/B	0	0.5	frozen_count
_0278_	_3533_/A2	0	0.5	frozen_count
_0278_	_3555_/A2	0	0.5	frozen_count
_0278_	_3782_/B1	0	0.5	frozen_count
_0278_	_3788_/C2	0	0.5	frozen_count
_0279_	_3035_/ZN	0	0.5	frozen_count
_0279_	_3036_/B	0	0.5	frozen_count
_0280_	_3036_/ZN	0	0.5	frozen_count
_0280_	_3039_/A1	0	0.5	frozen_count
_0280_	_3070_/A1	0	0.5	frozen_count
_0280_	_4340_/B2	0	0.5	frozen_count
_0281_	_3037_/ZN	0	0.5	frozen_count
_0281_	_3038_/A	0	0.5	frozen_count
_0282_	_3038_/ZN	0	0.5	frozen_count
_0282_	_3039_/A2	0	0.5	frozen_count
_0282_	_3070_/A2	0	0.5	frozen_count
_0282_	_4340_/B1	0	0.5	frozen_count
_0283_	_3039_/ZN	0	0.5	frozen_count
_0283_	_3040_/A2	0	0.5	frozen_count
_0283_	_4296_/B2	0	0.5	frozen_count
_0283_	_4297_/B2	0	0.5	frozen_count
_0284_	_3040_/ZN	0	0.5	frozen_count
_0284_	_3041_/A	0	0.5	frozen_count
_0284_	_3066_/A2	0	0.5	frozen_count
_0285_	_3041_/ZN	0	0.5	frozen_count
_0285_	_3081_/B2	0	0.5	frozen_count
_0286_	_3042_/ZN	0	0.5	frozen_count
_0286_	_3043_/A	0	0.5	frozen_count
_0287_	_3043_/ZN	0	0.5	frozen_count
_0287_	_3049_/A2	0	0.5	frozen_count
_0287_	_3385_/A	0	0.5	frozen_count
_0287_	_3543_/A1	0	0.5	frozen_count
_0287_	_3717_/A1	0	0.5	frozen_count
_0287_	_4542_/B2	0	0.5	frozen_count
_0287_	_4552_/C1	0	0.5	frozen_count
_0287_	_4724_/C2	0	0.5	frozen_count
_0288_	_3044_/Z	0	0.5	frozen_count
_0288_	_3050_/A2	0	0.5	frozen_count
_0288_	_3384_/B	0	0.5	frozen_count
_0288_	_3554_/A1	0	0.5	frozen_count
_0288_	_3644_/A1	0	0.5	frozen_count
_0288_	_3645_/A	0	0.5	frozen_count
_0288_	_3786_/A	0	0.5	frozen_count
_0288_	_3990_/B2	0	0.5	frozen_count
_0288_	_4550_/A	0	0.5	frozen_count
_0288_	_4785_/B2	0	0.5	frozen_count
_0289_	_3045_/ZN	0	0.5	frozen_count
_0289_	_3047_/B1	0	0.5	frozen_count
_0289_	_4724_/B1	0	0.5	frozen_count
_0289_	_4786_/B2	0	0.5	frozen_count
_0290_	_3046_/ZN	0	0.5	frozen_count
_0290_	_3047_/A	0	0.5	frozen_count
_0291_	_3047_/ZN	0	0.5	frozen_count
_0291_	_3644_/A2	0	0.5	frozen_count
_0291_	place293/A	0	0.5	frozen_count
_0292_	_3048_/ZN	0	0.5	frozen_count
_0292_	_3049_/B1	0	0.5	frozen_count
_0292_	_3385_/B	0	0.5	frozen_count
_0292_	_3554_/A2	0	0.5	frozen_count
_0293_	_3049_/ZN	0	0.5	frozen_count
_0293_	_3052_/A1	0	0.5	frozen_count
_0293_	_3072_/A1	0	0.5	frozen_count
_0294_	_3050_/ZN	0	0.5	frozen_count
_0294_	_3051_/B	0	0.5	frozen_count
_0295_	_3051_/ZN	0	0.5	frozen_count
_0295_	_3052_/A2	0	0.5	frozen_count
_0295_	_3072_/A2	0	0.5	frozen_count
_0296_	_3052_/ZN	0	0.5	frozen_count
_0296_	_3053_/A	0	0.5	frozen_count
_0296_	_3065_/A1	0	0.5	frozen_count
_0296_	_4294_/C2	0	0.5	frozen_count
_0296_	_4295_/B2	0	0.5	frozen_count
_0297_	_3053_/ZN	0	0.5	frozen_count
_0297_	_3080_/B2	0	0.5	frozen_count
_0297_	_4726_/A1	0	0.5	frozen_count
_0298_	_3054_/ZN	0	0.5	frozen_count
_0298_	_3055_/A	0	0.5	frozen_count
_0299_	_3055_/ZN	0	0.5	frozen_count
_0299_	_3061_/A2	0	0.5	frozen_count
_0299_	_3373_/A	0	0.5	frozen_count
_0299_	_3464_/A1	0	0.5	frozen_count
_0299_	_3518_/A1	0	0.5	frozen_count
_0299_	_3714_/A1	0	0.5	frozen_count
_0299_	_3715_/A2	0	0.5	frozen_count
_0299_	_3752_/C1	0	0.5	frozen_count
_0299_	_3755_/C1	0	0.5	frozen_count
_0299_	_4023_/B2	0	0.5	frozen_count
_0300_	_3056_/Z	0	0.5	frozen_count
_0300_	_3062_/A2	0	0.5	frozen_count
_0300_	_3374_/A	0	0.5	frozen_count
_0300_	_3657_/A	0	0.5	frozen_count
_0300_	_3753_/B2	0	0.5	frozen_count
_0300_	_4027_/A	0	0.5	frozen_count
_0300_	_4028_/B2	0	0.5	frozen_count
_0300_	_4562_/A1	0	0.5	frozen_count
_0300_	_4717_/C1	0	0.5	frozen_count
_0301_	_3057_/Z	0	0.5	frozen_count
_0301_	_3059_/B1	0	0.5	frozen_count
_0301_	_4029_/B2	0	0.5	frozen_count
_0301_	_4715_/A1	0	0.5	frozen_count
_0302_	_3058_/ZN	0	0.5	frozen_count
_0302_	_3059_/A	0	0.5	frozen_count
_0303_	_3059_/ZN	0	0.5	frozen_count
_0303_	place292/A	0	0.5	frozen_count
_0304_	_3060_/ZN	0	0.5	frozen_count
_0304_	_3061_/B1	0	0.5	frozen_count
_0304_	_3373_/B	0	0.5	frozen_count
_0304_	_3657_/B	0	0.5	frozen_count
_0304_	_3752_/C2	0	0.5	frozen_count
_0304_	_3755_/C2	0	0.5	frozen_count
_0305_	_3061_/ZN	0	0.5	frozen_count
_0305_	_3064_/A1	0	0.5	frozen_count
_0305_	_3074_/A1	0	0.5	frozen_count
_0305_	_4291_/B1	0	0.5	frozen_count
_0306_	_3062_/ZN	0	0.5	frozen_count
_0306_	_3063_/B	0	0.5	frozen_count
_0307_	_3063_/ZN	0	0.5	frozen_count
_0307_	_3064_/A2	0	0.5	frozen_count
_0307_	_3074_/A2	0	0.5	frozen_count
_0307_	_4291_/B2	0	0.5	frozen_count
_0308_	_3064_/ZN	0	0.5	frozen_count
_0308_	_3065_/A2	0	0.5	frozen_count
_0308_	_4292_/A2	0	0.5	frozen_count
_0308_	_4712_/A1	0	0.5	frozen_count
_0309_	_3065_/ZN	0	0.5	frozen_count
_0309_	_3066_/A3	0	0.5	frozen_count
_0310_	_3066_/ZN	0	0.5	frozen_count
_0310_	_3067_/A	0	0.5	frozen_count
_0310_	_3068_/B	0	0.5	frozen_count
_0311_	_3067_/ZN	0	0.5	frozen_count
_0311_	_4259_/A1	0	0.5	frozen_count
_0312_	_3068_/ZN	0	0.5	frozen_count
_0312_	_3090_/A1	0	0.5	frozen_count
_0312_	_3091_/B1	0	0.5	frozen_count
_0313_	_3069_/ZN	0	0.5	frozen_count
_0313_	_3081_/A	0	0.5	frozen_count
_0314_	_3070_/ZN	0	0.5	frozen_count
_0314_	_3071_/A	0	0.5	frozen_count
_0314_	_3073_/A1	0	0.5	frozen_count
_0314_	_4294_/A	0	0.5	frozen_count
_0315_	_3071_/ZN	0	0.5	frozen_count
_0315_	_4296_/B1	0	0.5	frozen_count
_0316_	_3072_/ZN	0	0.5	frozen_count
_0316_	_3073_/A2	0	0.5	frozen_count
_0316_	_4294_/B	0	0.5	frozen_count
_0316_	_4295_/A	0	0.5	frozen_count
_0316_	_4726_/A2	0	0.5	frozen_count
_0317_	_3073_/ZN	0	0.5	frozen_count
_0317_	_3080_/A	0	0.5	frozen_count
_0318_	_3074_/ZN	0	0.5	frozen_count
_0318_	_3075_/A	0	0.5	frozen_count
_0319_	_3075_/ZN	0	0.5	frozen_count
_0319_	_3078_/A2	0	0.5	frozen_count
_0319_	_4712_/A2	0	0.5	frozen_count
_0319_	_4760_/A1	0	0.5	frozen_count
_0320_	_3076_/ZN	0	0.5	frozen_count
_0320_	_3079_/A1	0	0.5	frozen_count
_0320_	_4759_/A2	0	0.5	frozen_count
_0321_	_3077_/ZN	0	0.5	frozen_count
_0321_	_3078_/B1	0	0.5	frozen_count
_0321_	_4761_/A	0	0.5	frozen_count
_0321_	_4792_/A2	0	0.5	frozen_count
_0322_	_3078_/ZN	0	0.5	frozen_count
_0322_	_3079_/A2	0	0.5	frozen_count
_0323_	_3079_/ZN	0	0.5	frozen_count
_0323_	_3080_/B1	0	0.5	frozen_count
_0323_	_4293_/A	0	0.5	frozen_count
_0324_	_3080_/ZN	0	0.5	frozen_count
_0324_	_3081_/B1	0	0.5	frozen_count
_0325_	_3081_/ZN	0	0.5	frozen_count
_0325_	_3082_/A	0	0.5	frozen_count
_0325_	_4259_/A2	0	0.5	frozen_count
_0326_	_3082_/ZN	0	0.5	frozen_count
_0326_	_3088_/A2	0	0.5	frozen_count
_0327_	_3083_/ZN	0	0.5	frozen_count
_0327_	_3084_/A	0	0.5	frozen_count
_0327_	_4275_/A	0	0.5	frozen_count
_0327_	_4319_/A2	0	0.5	frozen_count
_0328_	_3084_/ZN	0	0.5	frozen_count
_0328_	_3086_/B1	0	0.5	frozen_count
_0329_	_3085_/ZN	0	0.5	frozen_count
_0329_	_3086_/A	0	0.5	frozen_count
_0330_	_3086_/ZN	0	0.5	frozen_count
_0330_	_3089_/A1	0	0.5	frozen_count
_0331_	_3087_/ZN	0	0.5	frozen_count
_0331_	_3088_/B1	0	0.5	frozen_count
_0331_	_4260_/A2	0	0.5	frozen_count
_0331_	_4274_/A	0	0.5	frozen_count
_0332_	_3088_/ZN	0	0.5	frozen_count
_0332_	_3089_/A2	0	0.5	frozen_count
_0333_	_3089_/ZN	0	0.5	frozen_count
_0333_	_3090_/A2	0	0.5	frozen_count
_0333_	_3091_/B2	0	0.5	frozen_count
_0334_	_3090_/ZN	0	0.5	frozen_count
_0334_	_4327_/B2	0	0.5	frozen_count
_0334_	_4328_/B2	0	0.5	frozen_count
_0335_	_3091_/ZN	0	0.5	frozen_count
_0335_	_3092_/A2	0	0.5	frozen_count
_0335_	_3093_/B2	0	0.5	frozen_count
_0336_	_3092_/ZN	0	0.5	frozen_count
_0336_	_4243_/A1	0	0.5	frozen_count
_0336_	_4244_/B2	0	0.5	frozen_count
_0337_	_3093_/ZN	0	0.5	frozen_count
_0337_	_3094_/A2	0	0.5	frozen_count
_0337_	_3097_/B3	0	0.5	frozen_count
_0338_	_3094_/ZN	0	0.5	frozen_count
_0338_	_3095_/A2	0	0.5	frozen_count
_0338_	_4302_/A3	0	0.5	frozen_count
_0338_	_4303_/A	0	0.5	frozen_count
_0339_	_3095_/ZN	0	0.5	frozen_count
_0339_	_3096_/A2	0	0.5	frozen_count
_0340_	_3096_/ZN	0	0.5	frozen_count
_0340_	_3098_/B2	0	0.5	frozen_count
_0340_	_3968_/B2	0	0.5	frozen_count
_0340_	_3969_/B2	0	0.5	frozen_count
_0341_	_3097_/ZN	0	0.5	frozen_count
_0341_	_3099_/B2	0	0.5	frozen_count
_0341_	_3178_/A2	0	0.5	frozen_count
_0342_	_3098_/ZN	0	0.5	frozen_count
_0342_	_4046_/B2	0	0.5	frozen_count
_0343_	_3099_/ZN	0	0.5	frozen_count
_0343_	_3100_/B2	0	0.5	frozen_count
_0343_	_4045_/A	0	0.5	frozen_count
_0344_	_3100_/ZN	0	0.5	frozen_count
_0344_	_3101_/A2	0	0.5	frozen_count
_0344_	_3180_/B1	0	0.5	frozen_count
_0345_	_3101_/ZN	0	0.5	frozen_count
_0345_	_3171_/A	0	0.5	frozen_count
_0346_	_3102_/ZN	0	0.5	frozen_count
_0346_	_3242_/A1	0	0.5	frozen_count
_0346_	place274/A	0	0.5	frozen_count
_0347_	_3103_/ZN	0	0.5	frozen_count
_0347_	_3130_/A2	0	0.5	frozen_count
_0347_	_3136_/A2	0	0.5	frozen_count
_0347_	_3165_/A1	0	0.5	frozen_count
_0347_	_3175_/A1	0	0.5	frozen_count
_0347_	_4258_/B2	0	0.5	frozen_count
_0347_	_4272_/B2	0	0.5	frozen_count
_0347_	_4282_/B2	0	0.5	frozen_count
_0347_	_4301_/B2	0	0.5	frozen_count
_0347_	_4309_/B2	0	0.5	frozen_count
_0347_	_4332_/C2	0	0.5	frozen_count
_0347_	_4337_/A	0	0.5	frozen_count
_0347_	_4348_/B2	0	0.5	frozen_count
_0348_	_3104_/ZN	0	0.5	frozen_count
_0348_	_3105_/B	0	0.5	frozen_count
_0349_	_3105_/ZN	0	0.5	frozen_count
_0349_	_3117_/A1	0	0.5	frozen_count
_0349_	_3119_/B1	0	0.5	frozen_count
_0349_	_3123_/B1	0	0.5	frozen_count
_0349_	_3196_/A2	0	0.5	frozen_count
_0350_	_3106_/ZN	0	0.5	frozen_count
_0350_	_3110_/A1	0	0.5	frozen_count
_0351_	_3107_/ZN	0	0.5	frozen_count
_0351_	_3110_/A2	0	0.5	frozen_count
_0352_	_3108_/ZN	0	0.5	frozen_count
_0352_	_3110_/A3	0	0.5	frozen_count
_0353_	_3109_/ZN	0	0.5	frozen_count
_0353_	_3110_/A4	0	0.5	frozen_count
_0354_	_3110_/ZN	0	0.5	frozen_count
_0354_	_3116_/A1	0	0.5	frozen_count
_0355_	_3111_/ZN	0	0.5	frozen_count
_0355_	_3115_/A1	0	0.5	frozen_count
_0356_	_3112_/ZN	0	0.5	frozen_count
_0356_	_3115_/A2	0	0.5	frozen_count
_0357_	_3113_/ZN	0	0.5	frozen_count
_0357_	_3115_/A3	0	0.5	frozen_count
_0358_	_3114_/ZN	0	0.5	frozen_count
_0358_	_3115_/A4	0	0.5	frozen_count
_0359_	_3115_/ZN	0	0.5	frozen_count
_0359_	_3116_/A2	0	0.5	frozen_count
_0360_	_3116_/ZN	0	0.5	frozen_count
_0360_	_3117_/A2	0	0.5	frozen_count
_0361_	_3117_/ZN	0	0.5	frozen_count
_0361_	_3120_/A1	0	0.5	frozen_count
_0361_	_3125_/A1	0	0.5	frozen_count
_0361_	_3734_/A1	0	0.5	frozen_count
_0362_	_3118_/ZN	0	0.5	frozen_count
_0362_	_3119_/A	0	0.5	frozen_count
_0362_	_4462_/A	0	0.5	frozen_count
_0363_	_3119_/ZN	0	0.5	frozen_count
_0363_	_3120_/A2	0	0.5	frozen_count
_0363_	_3125_/A2	0	0.5	frozen_count
_0363_	_3735_/A1	0	0.5	frozen_count
_0364_	_3120_/ZN	0	0.5	frozen_count
_0364_	_3243_/B2	0	0.5	frozen_count
_0365_	_3121_/ZN	0	0.5	frozen_count
_0365_	_3122_/A	0	0.5	frozen_count
_0366_	_3122_/ZN	0	0.5	frozen_count
_0366_	_3123_/A	0	0.5	frozen_count
_0366_	_4461_/A	0	0.5	frozen_count
_0367_	_3123_/ZN	0	0.5	frozen_count
_0367_	_3124_/A	0	0.5	frozen_count
_0367_	_3125_/A3	0	0.5	frozen_count
_0367_	_3243_/B1	0	0.5	frozen_count
_0367_	_3736_/A1	0	0.5	frozen_count
_0368_	_3124_/ZN	0	0.5	frozen_count
_0368_	_3893_/A1	0	0.5	frozen_count
_0369_	_3125_/ZN	0	0.5	frozen_count
_0369_	_3128_/A1	0	0.5	frozen_count
_0369_	_3153_/B2	0	0.5	frozen_count
_0369_	_3162_/A1	0	0.5	frozen_count
_0369_	_3163_/B2	0	0.5	frozen_count
_0369_	_3173_/A1	0	0.5	frozen_count
_0369_	_3174_/A1	0	0.5	frozen_count
_0370_	_3126_/ZN	0	0.5	frozen_count
_0370_	_3128_/A2	0	0.5	frozen_count
_0370_	_3152_/A1	0	0.5	frozen_count
_0370_	_3311_/B1	0	0.5	frozen_count
_0371_	_3127_/ZN	0	0.5	frozen_count
_0371_	_3579_/B2	0	0.5	frozen_count
_0372_	_3128_/ZN	0	0.5	frozen_count
_0372_	_3129_/A2	0	0.5	frozen_count
_0372_	_3130_/A3	0	0.5	frozen_count
_0372_	_3135_/A2	0	0.5	frozen_count
_0372_	_3136_/A3	0	0.5	frozen_count
_0373_	_3129_/ZN	0	0.5	frozen_count
_0373_	place250/A	0	0.5	frozen_count
_0374_	_3130_/ZN	0	0.5	frozen_count
_0374_	_3168_/B2	0	0.5	frozen_count
_0374_	_3190_/A1	0	0.5	frozen_count
_0374_	_3971_/A2	0	0.5	frozen_count
_0374_	_4049_/B1	0	0.5	frozen_count
_0374_	place249/A	0	0.5	frozen_count
_0375_	_3131_/ZN	0	0.5	frozen_count
_0375_	_3189_/B1	0	0.5	frozen_count
_0375_	_4465_/A1	0	0.5	frozen_count
_0376_	_3132_/Z	0	0.5	frozen_count
_0376_	_3134_/B1	0	0.5	frozen_count
_0376_	_3192_/B2	0	0.5	frozen_count
_0376_	_4468_/A1	0	0.5	frozen_count
_0377_	_3133_/ZN	0	0.5	frozen_count
_0377_	_3134_/A	0	0.5	frozen_count
_0378_	_3134_/ZN	0	0.5	frozen_count
_0378_	place227/A	0	0.5	frozen_count
_0379_	_3135_/ZN	0	0.5	frozen_count
_0379_	place248/A	0	0.5	frozen_count
_0380_	_3136_/ZN	0	0.5	frozen_count
_0380_	_3167_/B2	0	0.5	frozen_count
_0380_	place247/A	0	0.5	frozen_count
_0381_	_3137_/ZN	0	0.5	frozen_count
_0381_	place273/A	0	0.5	frozen_count
_0382_	_3138_/ZN	0	0.5	frozen_count
_0382_	_3155_/A	0	0.5	frozen_count
_0382_	_4281_/B2	0	0.5	frozen_count
_0382_	_4289_/B2	0	0.5	frozen_count
_0382_	_4308_/B2	0	0.5	frozen_count
_0382_	_4347_/B2	0	0.5	frozen_count
_0383_	_3139_/ZN	0	0.5	frozen_count
_0383_	_3153_/A	0	0.5	frozen_count
_0383_	_3242_/A2	0	0.5	frozen_count
_0384_	_3140_/ZN	0	0.5	frozen_count
_0384_	_3145_/A1	0	0.5	frozen_count
_0384_	_3147_/A2	0	0.5	frozen_count
_0384_	_3150_/A2	0	0.5	frozen_count
_0385_	_3141_/ZN	0	0.5	frozen_count
_0385_	_3144_/A1	0	0.5	frozen_count
_0385_	_3146_/A2	0	0.5	frozen_count
_0385_	_3148_/A2	0	0.5	frozen_count
_0385_	_3149_/A2	0	0.5	frozen_count
_0386_	_3142_/ZN	0	0.5	frozen_count
_0386_	_3145_/A2	0	0.5	frozen_count
_0386_	_3251_/A2	0	0.5	frozen_count
_0386_	_3267_/A2	0	0.5	frozen_count
_0387_	_3143_/ZN	0	0.5	frozen_count
_0387_	_3144_/A2	0	0.5	frozen_count
_0387_	_3250_/A2	0	0.5	frozen_count
_0387_	_3266_/A2	0	0.5	frozen_count
_0387_	_3695_/B1	0	0.5	frozen_count
_0388_	_3144_/ZN	0	0.5	frozen_count
_0388_	place272/A	0	0.5	frozen_count
_0389_	_3145_/ZN	0	0.5	frozen_count
_0389_	_4023_/B1	0	0.5	frozen_count
_0389_	_4056_/C2	0	0.5	frozen_count
_0389_	_4542_/B1	0	0.5	frozen_count
_0389_	_4576_/C2	0	0.5	frozen_count
_0389_	_4634_/A2	0	0.5	frozen_count
_0390_	_3146_/ZN	0	0.5	frozen_count
_0390_	place271/A	0	0.5	frozen_count
_0391_	_3147_/ZN	0	0.5	frozen_count
_0391_	_3248_/A2	0	0.5	frozen_count
_0391_	_4552_/C2	0	0.5	frozen_count
_0391_	_4565_/A2	0	0.5	frozen_count
_0391_	_4590_/B1	0	0.5	frozen_count
_0391_	_4594_/A2	0	0.5	frozen_count
_0391_	_4611_/C2	0	0.5	frozen_count
_0391_	_4641_/A2	0	0.5	frozen_count
_0392_	_3148_/ZN	0	0.5	frozen_count
_0392_	_3152_/A2	0	0.5	frozen_count
_0392_	_3162_/A2	0	0.5	frozen_count
_0392_	_3163_/B1	0	0.5	frozen_count
_0392_	_4097_/A1	0	0.5	frozen_count
_0393_	_3149_/ZN	0	0.5	frozen_count
_0393_	_3151_/A2	0	0.5	frozen_count
_0393_	_3840_/A1	0	0.5	frozen_count
_0393_	_3852_/C2	0	0.5	frozen_count
_0393_	_4511_/A2	0	0.5	frozen_count
_0393_	_4514_/A2	0	0.5	frozen_count
_0393_	_4526_/A2	0	0.5	frozen_count
_0394_	_3150_/ZN	0	0.5	frozen_count
_0394_	_3733_/C1	0	0.5	frozen_count
_0394_	_3739_/C2	0	0.5	frozen_count
_0394_	_3823_/A1	0	0.5	frozen_count
_0394_	_3863_/C2	0	0.5	frozen_count
_0394_	_3891_/C2	0	0.5	frozen_count
_0394_	_4518_/B1	0	0.5	frozen_count
_0394_	_4524_/C2	0	0.5	frozen_count
_0395_	_3151_/ZN	0	0.5	frozen_count
_0395_	_3152_/A3	0	0.5	frozen_count
_0395_	_3173_/A2	0	0.5	frozen_count
_0395_	_3174_/A2	0	0.5	frozen_count
_0396_	_3152_/ZN	0	0.5	frozen_count
_0396_	_3153_/B1	0	0.5	frozen_count
_0397_	_3153_/ZN	0	0.5	frozen_count
_0397_	_3155_/B1	0	0.5	frozen_count
_0397_	place254/A	0	0.5	frozen_count
_0398_	_3154_/ZN	0	0.5	frozen_count
_0398_	_3235_/A2	0	0.5	frozen_count
_0398_	_4245_/A2	0	0.5	frozen_count
_0398_	_4256_/B1	0	0.5	frozen_count
_0398_	_4299_/B1	0	0.5	frozen_count
_0398_	_4316_/C2	0	0.5	frozen_count
_0399_	_3155_/ZN	0	0.5	frozen_count
_0399_	_3156_/A	0	0.5	frozen_count
_0399_	_3157_/A2	0	0.5	frozen_count
_0399_	_3192_/B1	0	0.5	frozen_count
_0399_	_4048_/C2	0	0.5	frozen_count
_0399_	place246/A	0	0.5	frozen_count
_0400_	_3156_/ZN	0	0.5	frozen_count
_0400_	_3971_/B1	0	0.5	frozen_count
_0400_	_4264_/C1	0	0.5	frozen_count
_0400_	_4756_/C1	0	0.5	frozen_count
_0401_	_3157_/ZN	0	0.5	frozen_count
_0401_	_3168_/A	0	0.5	frozen_count
_0402_	_3158_/ZN	0	0.5	frozen_count
_0402_	place291/A	0	0.5	frozen_count
_0403_	_3159_/ZN	0	0.5	frozen_count
_0403_	_3160_/A2	0	0.5	frozen_count
_0403_	_3246_/A2	0	0.5	frozen_count
_0403_	_3733_/B2	0	0.5	frozen_count
_0403_	_3739_/B2	0	0.5	frozen_count
_0403_	_3823_/C2	0	0.5	frozen_count
_0403_	_4637_/A1	0	0.5	frozen_count
_0403_	_4641_/B1	0	0.5	frozen_count
_0403_	_4645_/A1	0	0.5	frozen_count
_0403_	place270/A	0	0.5	frozen_count
_0404_	_3160_/ZN	0	0.5	frozen_count
_0404_	_3163_/A	0	0.5	frozen_count
_0404_	_3243_/A	0	0.5	frozen_count
_0404_	_3290_/A1	0	0.5	frozen_count
_0405_	_3161_/ZN	0	0.5	frozen_count
_0405_	_3164_/A1	0	0.5	frozen_count
_0405_	_3289_/A1	0	0.5	frozen_count
_0405_	_3579_/B1	0	0.5	frozen_count
_0405_	_3735_/A2	0	0.5	frozen_count
_0406_	_3162_/ZN	0	0.5	frozen_count
_0406_	_3164_/A2	0	0.5	frozen_count
_0407_	_3163_/ZN	0	0.5	frozen_count
_0407_	_3165_/A2	0	0.5	frozen_count
_0407_	_4306_/B1	0	0.5	frozen_count
_0407_	_4345_/B1	0	0.5	frozen_count
_0408_	_3164_/ZN	0	0.5	frozen_count
_0408_	_3166_/A2	0	0.5	frozen_count
_0408_	_4246_/B1	0	0.5	frozen_count
_0408_	_4255_/B1	0	0.5	frozen_count
_0408_	_4269_/B1	0	0.5	frozen_count
_0408_	_4278_/B1	0	0.5	frozen_count
_0408_	_4285_/B1	0	0.5	frozen_count
_0408_	_4298_/B1	0	0.5	frozen_count
_0408_	_4315_/C1	0	0.5	frozen_count
_0408_	_4329_/B1	0	0.5	frozen_count
_0408_	_4336_/C1	0	0.5	frozen_count
_0409_	_3165_/ZN	0	0.5	frozen_count
_0409_	_3237_/B1	0	0.5	frozen_count
_0409_	_4709_/B1	0	0.5	frozen_count
_0409_	_4750_/C2	0	0.5	frozen_count
_0409_	_4755_/B1	0	0.5	frozen_count
_0409_	_4777_/B1	0	0.5	frozen_count
_0409_	place245/A	0	0.5	frozen_count
_0410_	_3166_/ZN	0	0.5	frozen_count
_0410_	_3169_/C2	0	0.5	frozen_count
_0410_	_4048_/B1	0	0.5	frozen_count
_0410_	_4721_/B2	0	0.5	frozen_count
_0410_	_4724_/C1	0	0.5	frozen_count
_0410_	_4741_/B1	0	0.5	frozen_count
_0411_	_3167_/ZN	0	0.5	frozen_count
_0411_	_3169_/A	0	0.5	frozen_count
_0412_	_3168_/ZN	0	0.5	frozen_count
_0412_	_3169_/B	0	0.5	frozen_count
_0413_	_3169_/ZN	0	0.5	frozen_count
_0413_	_3170_/A	0	0.5	frozen_count
_0413_	_3171_/B	0	0.5	frozen_count
_0413_	_3177_/B2	0	0.5	frozen_count
_0414_	_3170_/ZN	0	0.5	frozen_count
_0414_	_3172_/A3	0	0.5	frozen_count
_0415_	_3171_/ZN	0	0.5	frozen_count
_0415_	_3179_/A1	0	0.5	frozen_count
_0416_	_3172_/ZN	0	0.5	frozen_count
_0416_	_3177_/A2	0	0.5	frozen_count
_0416_	_3178_/A3	0	0.5	frozen_count
_0417_	_3173_/ZN	0	0.5	frozen_count
_0417_	_3176_/A2	0	0.5	frozen_count
_0417_	_4244_/A	0	0.5	frozen_count
_0417_	_4253_/A	0	0.5	frozen_count
_0417_	_4271_/B2	0	0.5	frozen_count
_0417_	_4300_/B2	0	0.5	frozen_count
_0417_	_4314_/A1	0	0.5	frozen_count
_0417_	_4335_/A1	0	0.5	frozen_count
_0417_	_4342_/A	0	0.5	frozen_count
_0418_	_3174_/ZN	0	0.5	frozen_count
_0418_	_3175_/A2	0	0.5	frozen_count
_0418_	_4276_/A	0	0.5	frozen_count
_0418_	_4287_/C1	0	0.5	frozen_count
_0418_	_4304_/A	0	0.5	frozen_count
_0418_	_4327_/A	0	0.5	frozen_count
_0419_	_3175_/ZN	0	0.5	frozen_count
_0419_	_3177_/B1	0	0.5	frozen_count
_0419_	_3187_/A1	0	0.5	frozen_count
_0419_	_4046_/A	0	0.5	frozen_count
_0419_	place244/A	0	0.5	frozen_count
_0420_	_3176_/ZN	0	0.5	frozen_count
_0420_	_4723_/B2	0	0.5	frozen_count
_0420_	_4738_/A	0	0.5	frozen_count
_0420_	_4746_/A	0	0.5	frozen_count
_0420_	_4753_/A	0	0.5	frozen_count
_0420_	place243/A	0	0.5	frozen_count
_0421_	_3177_/ZN	0	0.5	frozen_count
_0421_	_3179_/A2	0	0.5	frozen_count
_0422_	_3178_/ZN	0	0.5	frozen_count
_0422_	_3179_/A3	0	0.5	frozen_count
_0423_	_3180_/ZN	0	0.5	frozen_count
_0423_	_3187_/A2	0	0.5	frozen_count
_0423_	_3194_/A2	0	0.5	frozen_count
_0424_	_3181_/ZN	0	0.5	frozen_count
_0424_	_3183_/B1	0	0.5	frozen_count
_0424_	_3185_/B1	0	0.5	frozen_count
_0424_	_3191_/B2	0	0.5	frozen_count
_0424_	_3423_/B	0	0.5	frozen_count
_0424_	_3727_/A1	0	0.5	frozen_count
_0424_	_3745_/A2	0	0.5	frozen_count
_0424_	_3746_/A2	0	0.5	frozen_count
_0424_	_3840_/A2	0	0.5	frozen_count
_0425_	_3182_/ZN	0	0.5	frozen_count
_0425_	_3424_/A1	0	0.5	frozen_count
_0425_	_3456_/A2	0	0.5	frozen_count
_0425_	_3458_/A2	0	0.5	frozen_count
_0425_	_3618_/A2	0	0.5	frozen_count
_0425_	_3839_/A	0	0.5	frozen_count
_0425_	_4469_/B2	0	0.5	frozen_count
_0426_	_3183_/ZN	0	0.5	frozen_count
_0426_	_3184_/B	0	0.5	frozen_count
_0427_	_3184_/ZN	0	0.5	frozen_count
_0427_	_3186_/A	0	0.5	frozen_count
_0428_	_3185_/ZN	0	0.5	frozen_count
_0428_	_3186_/B	0	0.5	frozen_count
_0429_	_3186_/ZN	0	0.5	frozen_count
_0429_	_3187_/A3	0	0.5	frozen_count
_0429_	_3194_/A3	0	0.5	frozen_count
_0430_	_3187_/ZN	0	0.5	frozen_count
_0430_	_3195_/A1	0	0.5	frozen_count
_0431_	_3188_/ZN	0	0.5	frozen_count
_0431_	_3189_/A	0	0.5	frozen_count
_0432_	_3189_/ZN	0	0.5	frozen_count
_0432_	_3190_/A2	0	0.5	frozen_count
_0432_	_3439_/B2	0	0.5	frozen_count
_0432_	_3440_/A1	0	0.5	frozen_count
_0432_	_3455_/A1	0	0.5	frozen_count
_0432_	_3571_/A1	0	0.5	frozen_count
_0432_	_3691_/A	0	0.5	frozen_count
_0432_	_3834_/A1	0	0.5	frozen_count
_0432_	_4491_/B	0	0.5	frozen_count
_0433_	_3190_/ZN	0	0.5	frozen_count
_0433_	_3195_/A2	0	0.5	frozen_count
_0434_	_3191_/ZN	0	0.5	frozen_count
_0434_	_3192_/A	0	0.5	frozen_count
_0435_	_3192_/ZN	0	0.5	frozen_count
_0435_	_3193_/A	0	0.5	frozen_count
_0436_	_3193_/ZN	0	0.5	frozen_count
_0436_	_3195_/A3	0	0.5	frozen_count
_0437_	_3194_/ZN	0	0.5	frozen_count
_0437_	_3195_/A4	0	0.5	frozen_count
_0438_	_3196_/ZN	0	0.5	frozen_count
_0438_	_3197_/A2	0	0.5	frozen_count
_0438_	_3198_/A2	0	0.5	frozen_count
_0438_	_3199_/A2	0	0.5	frozen_count
_0438_	_3200_/A2	0	0.5	frozen_count
_0438_	_3201_/A2	0	0.5	frozen_count
_0438_	_3202_/A2	0	0.5	frozen_count
_0438_	_3203_/A2	0	0.5	frozen_count
_0438_	_3204_/A2	0	0.5	frozen_count
_0438_	_3205_/A2	0	0.5	frozen_count
_0438_	_3206_/A2	0	0.5	frozen_count
_0438_	_3207_/A2	0	0.5	frozen_count
_0438_	_3208_/A2	0	0.5	frozen_count
_0438_	_3209_/A2	0	0.5	frozen_count
_0438_	_3210_/A2	0	0.5	frozen_count
_0438_	_3211_/A2	0	0.5	frozen_count
_0438_	_3212_/A2	0	0.5	frozen_count
_0438_	_3213_/A2	0	0.5	frozen_count
_0438_	_3214_/A2	0	0.5	frozen_count
_0438_	_3215_/A2	0	0.5	frozen_count
_0438_	_3216_/A2	0	0.5	frozen_count
_0438_	_3217_/A2	0	0.5	frozen_count
_0438_	_3218_/A2	0	0.5	frozen_count
_0438_	_3219_/A2	0	0.5	frozen_count
_0438_	_3220_/A2	0	0.5	frozen_count
_0438_	_3221_/A2	0	0.5	frozen_count
_0438_	_3222_/A2	0	0.5	frozen_count
_0438_	_3223_/A2	0	0.5	frozen_count
_0438_	_3224_/A2	0	0.5	frozen_count
_0438_	_3225_/A2	0	0.5	frozen_count
_0438_	_3226_/A2	0	0.5	frozen_count
_0438_	_4461_/S	0	0.5	frozen_count
_0438_	_4462_/S	0	0.5	frozen_count
_0439_	_3227_/ZN	0	0.5	frozen_count
_0439_	place327/A	0	0.5	frozen_count
_0440_	_3228_/ZN	0	0.5	frozen_count
_0440_	_3230_/A4	0	0.5	frozen_count
_0440_	_4396_/A	0	0.5	frozen_count
_0440_	_4403_/A	0	0.5	frozen_count
_0440_	_4448_/A3	0	0.5	frozen_count
_0440_	_4453_/A	0	0.5	frozen_count
_0440_	_4456_/A	0	0.5	frozen_count
_0441_	_3229_/ZN	0	0.5	frozen_count
_0441_	_3232_/A1	0	0.5	frozen_count
_0442_	_3230_/ZN	0	0.5	frozen_count
_0442_	_3232_/A2	0	0.5	frozen_count
_0443_	_3231_/ZN	0	0.5	frozen_count
_0443_	_3232_/A3	0	0.5	frozen_count
_0444_	_3232_/ZN	0	0.5	frozen_count
_0444_	_3233_/A	0	0.5	frozen_count
_0445_	_3234_/ZN	0	0.5	frozen_count
_0445_	_3236_/A2	0	0.5	frozen_count
_0445_	_4225_/A3	0	0.5	frozen_count
_0446_	_3235_/ZN	0	0.5	frozen_count
_0446_	_3236_/B1	0	0.5	frozen_count
_0446_	_4266_/A2	0	0.5	frozen_count
_0446_	_4338_/B1	0	0.5	frozen_count
_0447_	_3236_/ZN	0	0.5	frozen_count
_0447_	_3238_/A1	0	0.5	frozen_count
_0448_	_3237_/ZN	0	0.5	frozen_count
_0448_	_3238_/A2	0	0.5	frozen_count
_0449_	_3239_/ZN	0	0.5	frozen_count
_0449_	_3240_/A2	0	0.5	frozen_count
_0449_	_3241_/B	0	0.5	frozen_count
_0449_	_3705_/A4	0	0.5	frozen_count
_0450_	_3240_/ZN	0	0.5	frozen_count
_0450_	_4627_/B2	0	0.5	frozen_count
_0450_	_4636_/B	0	0.5	frozen_count
_0451_	_3241_/ZN	0	0.5	frozen_count
_0451_	_3293_/A1	0	0.5	frozen_count
_0451_	_4641_/B2	0	0.5	frozen_count
_0452_	_3242_/ZN	0	0.5	frozen_count
_0452_	_3244_/A1	0	0.5	frozen_count
_0452_	_3245_/A1	0	0.5	frozen_count
_0452_	_3289_/A2	0	0.5	frozen_count
_0452_	_3734_/A2	0	0.5	frozen_count
_0453_	_3243_/ZN	0	0.5	frozen_count
_0453_	_3244_/A2	0	0.5	frozen_count
_0453_	_3245_/A2	0	0.5	frozen_count
_0454_	_3244_/ZN	0	0.5	frozen_count
_0454_	_4113_/B2	0	0.5	frozen_count
_0454_	_4126_/A1	0	0.5	frozen_count
_0454_	_4463_/A1	0	0.5	frozen_count
_0454_	_4469_/A2	0	0.5	frozen_count
_0454_	_4472_/A1	0	0.5	frozen_count
_0454_	_4480_/B2	0	0.5	frozen_count
_0454_	place242/A	0	0.5	frozen_count
_0455_	_3245_/ZN	0	0.5	frozen_count
_0455_	_3246_/A3	0	0.5	frozen_count
_0455_	_3248_/A3	0	0.5	frozen_count
_0455_	_3291_/A2	0	0.5	frozen_count
_0455_	_3292_/A2	0	0.5	frozen_count
_0455_	_4109_/A2	0	0.5	frozen_count
_0455_	_4110_/A2	0	0.5	frozen_count
_0455_	_4124_/C2	0	0.5	frozen_count
_0455_	_4142_/A2	0	0.5	frozen_count
_0455_	_4146_/B2	0	0.5	frozen_count
_0455_	_4384_/A2	0	0.5	frozen_count
_0455_	_4388_/C1	0	0.5	frozen_count
_0455_	_4389_/A1	0	0.5	frozen_count
_0455_	_4390_/B1	0	0.5	frozen_count
_0455_	_4466_/C2	0	0.5	frozen_count
_0455_	_4471_/C1	0	0.5	frozen_count
_0455_	_4473_/A2	0	0.5	frozen_count
_0455_	_4479_/C2	0	0.5	frozen_count
_0455_	_4578_/A2	0	0.5	frozen_count
_0455_	_4579_/B2	0	0.5	frozen_count
_0455_	_4652_/A1	0	0.5	frozen_count
_0455_	_4653_/C2	0	0.5	frozen_count
_0455_	_4700_/B1	0	0.5	frozen_count
_0455_	_4702_/A2	0	0.5	frozen_count
_0455_	_4705_/C1	0	0.5	frozen_count
_0455_	place240/A	0	0.5	frozen_count
_0455_	place241/A	0	0.5	frozen_count
_0456_	_3246_/ZN	0	0.5	frozen_count
_0456_	_4100_/C2	0	0.5	frozen_count
_0456_	_4126_/B2	0	0.5	frozen_count
_0456_	_4145_/C2	0	0.5	frozen_count
_0456_	_4387_/B2	0	0.5	frozen_count
_0456_	_4470_/C1	0	0.5	frozen_count
_0456_	_4475_/B2	0	0.5	frozen_count
_0456_	place239/A	0	0.5	frozen_count
_0457_	_3247_/ZN	0	0.5	frozen_count
_0457_	_4391_/C1	0	0.5	frozen_count
_0457_	_4464_/A1	0	0.5	frozen_count
_0457_	_4481_/C1	0	0.5	frozen_count
_0457_	_4701_/C1	0	0.5	frozen_count
_0457_	place238/A	0	0.5	frozen_count
_0458_	_3248_/ZN	0	0.5	frozen_count
_0458_	place237/A	0	0.5	frozen_count
_0459_	_3249_/ZN	0	0.5	frozen_count
_0459_	_3919_/C2	0	0.5	frozen_count
_0459_	_3951_/B1	0	0.5	frozen_count
_0459_	_4789_/C1	0	0.5	frozen_count
_0460_	_3250_/ZN	0	0.5	frozen_count
_0460_	_4011_/B2	0	0.5	frozen_count
_0460_	_4623_/B2	0	0.5	frozen_count
_0461_	_3251_/ZN	0	0.5	frozen_count
_0461_	_3254_/A1	0	0.5	frozen_count
_0461_	_3255_/A1	0	0.5	frozen_count
_0461_	_4005_/A1	0	0.5	frozen_count
_0461_	_4603_/B2	0	0.5	frozen_count
_0461_	_4619_/B2	0	0.5	frozen_count
_0462_	_3252_/ZN	0	0.5	frozen_count
_0462_	_3253_/A	0	0.5	frozen_count
_0462_	_3699_/A	0	0.5	frozen_count
_0463_	_3253_/ZN	0	0.5	frozen_count
_0463_	_3254_/A2	0	0.5	frozen_count
_0463_	_3255_/A2	0	0.5	frozen_count
_0463_	_4013_/A1	0	0.5	frozen_count
_0463_	_4604_/A1	0	0.5	frozen_count
_0463_	_4625_/B2	0	0.5	frozen_count
_0464_	_3254_/ZN	0	0.5	frozen_count
_0464_	_3286_/C1	0	0.5	frozen_count
_0464_	_3816_/B2	0	0.5	frozen_count
_0464_	_3837_/A1	0	0.5	frozen_count
_0464_	_3845_/A	0	0.5	frozen_count
_0464_	_3914_/C1	0	0.5	frozen_count
_0464_	_3979_/C1	0	0.5	frozen_count
_0464_	_4576_/B2	0	0.5	frozen_count
_0464_	_4634_/B1	0	0.5	frozen_count
_0464_	_4650_/B2	0	0.5	frozen_count
_0464_	place258/A	0	0.5	frozen_count
_0465_	_3255_/ZN	0	0.5	frozen_count
_0465_	_3815_/B2	0	0.5	frozen_count
_0465_	_3857_/A1	0	0.5	frozen_count
_0465_	_3935_/A1	0	0.5	frozen_count
_0465_	_3943_/A1	0	0.5	frozen_count
_0465_	_4055_/B2	0	0.5	frozen_count
_0465_	_4089_/B2	0	0.5	frozen_count
_0465_	_4105_/C2	0	0.5	frozen_count
_0465_	_4119_/B2	0	0.5	frozen_count
_0465_	_4133_/A1	0	0.5	frozen_count
_0465_	_4350_/B2	0	0.5	frozen_count
_0465_	_4544_/C2	0	0.5	frozen_count
_0465_	_4599_/B2	0	0.5	frozen_count
_0466_	_3256_/ZN	0	0.5	frozen_count
_0466_	_3487_/A	0	0.5	frozen_count
_0467_	_3257_/ZN	0	0.5	frozen_count
_0467_	_3260_/A1	0	0.5	frozen_count
_0467_	_3330_/B2	0	0.5	frozen_count
_0467_	_3331_/C2	0	0.5	frozen_count
_0467_	_3337_/B2	0	0.5	frozen_count
_0467_	_3592_/A1	0	0.5	frozen_count
_0468_	_3258_/ZN	0	0.5	frozen_count
_0468_	_3259_/A	0	0.5	frozen_count
_0468_	_3260_/A2	0	0.5	frozen_count
_0468_	_3336_/A	0	0.5	frozen_count
_0468_	_3485_/A1	0	0.5	frozen_count
_0468_	_3591_/A	0	0.5	frozen_count
_0469_	_3259_/ZN	0	0.5	frozen_count
_0469_	_3330_/A	0	0.5	frozen_count
_0469_	_3331_/A	0	0.5	frozen_count
_0470_	_3260_/ZN	0	0.5	frozen_count
_0470_	_3265_/A	0	0.5	frozen_count
_0470_	_3280_/A	0	0.5	frozen_count
_0470_	_3648_/A1	0	0.5	frozen_count
_0471_	_3261_/ZN	0	0.5	frozen_count
_0471_	_3264_/A	0	0.5	frozen_count
_0472_	_3262_/ZN	0	0.5	frozen_count
_0472_	_3264_/B1	0	0.5	frozen_count
_0472_	_4573_/A	0	0.5	frozen_count
_0473_	_3263_/ZN	0	0.5	frozen_count
_0473_	_3264_/B2	0	0.5	frozen_count
_0474_	_3264_/ZN	0	0.5	frozen_count
_0474_	_3265_/B	0	0.5	frozen_count
_0474_	_3765_/A2	0	0.5	frozen_count
_0474_	_3766_/B1	0	0.5	frozen_count
_0475_	_3265_/ZN	0	0.5	frozen_count
_0475_	_3286_/C2	0	0.5	frozen_count
_0475_	_3293_/B1	0	0.5	frozen_count
_0475_	_4641_/C1	0	0.5	frozen_count
_0476_	_3266_/ZN	0	0.5	frozen_count
_0476_	_3454_/B1	0	0.5	frozen_count
_0477_	_3267_/ZN	0	0.5	frozen_count
_0477_	_3577_/A2	0	0.5	frozen_count
_0477_	_4365_/A1	0	0.5	frozen_count
_0478_	_3268_/ZN	0	0.5	frozen_count
_0478_	_3578_/A1	0	0.5	frozen_count
_0478_	_4366_/B2	0	0.5	frozen_count
_0478_	_4368_/C2	0	0.5	frozen_count
_0479_	_3269_/ZN	0	0.5	frozen_count
_0479_	_3274_/A1	0	0.5	frozen_count
_0479_	_3814_/B2	0	0.5	frozen_count
_0479_	_3837_/B2	0	0.5	frozen_count
_0479_	_3958_/A	0	0.5	frozen_count
_0479_	_4085_/B2	0	0.5	frozen_count
_0479_	_4349_/B2	0	0.5	frozen_count
_0479_	_4598_/B2	0	0.5	frozen_count
_0480_	_3270_/ZN	0	0.5	frozen_count
_0480_	place269/A	0	0.5	frozen_count
_0481_	_3271_/ZN	0	0.5	frozen_count
_0481_	_3273_/A2	0	0.5	frozen_count
_0481_	place290/A	0	0.5	frozen_count
_0482_	_3272_/ZN	0	0.5	frozen_count
_0482_	_3274_/A2	0	0.5	frozen_count
_0482_	_3832_/A	0	0.5	frozen_count
_0482_	_3959_/A	0	0.5	frozen_count
_0482_	_4088_/A1	0	0.5	frozen_count
_0482_	_4349_/B1	0	0.5	frozen_count
_0482_	_4365_/A2	0	0.5	frozen_count
_0483_	_3273_/ZN	0	0.5	frozen_count
_0483_	_3860_/C2	0	0.5	frozen_count
_0483_	_4106_/B2	0	0.5	frozen_count
_0483_	_4118_/B2	0	0.5	frozen_count
_0483_	_4134_/A1	0	0.5	frozen_count
_0483_	place263/A	0	0.5	frozen_count
_0484_	_3274_/ZN	0	0.5	frozen_count
_0484_	_3281_/A1	0	0.5	frozen_count
_0484_	_3813_/A1	0	0.5	frozen_count
_0484_	_3850_/A	0	0.5	frozen_count
_0484_	_3935_/B2	0	0.5	frozen_count
_0484_	_3975_/A1	0	0.5	frozen_count
_0484_	_3976_/A1	0	0.5	frozen_count
_0484_	_4038_/B2	0	0.5	frozen_count
_0484_	_4086_/A	0	0.5	frozen_count
_0484_	_4117_/C2	0	0.5	frozen_count
_0484_	_4575_/B2	0	0.5	frozen_count
_0484_	_4602_/A	0	0.5	frozen_count
_0484_	_4623_/A1	0	0.5	frozen_count
_0485_	_3275_/ZN	0	0.5	frozen_count
_0485_	_3279_/A1	0	0.5	frozen_count
_0485_	_3487_/C2	0	0.5	frozen_count
_0485_	_3591_/B	0	0.5	frozen_count
_0486_	_3276_/ZN	0	0.5	frozen_count
_0486_	_3336_/B1	0	0.5	frozen_count
_0486_	_3591_/C1	0	0.5	frozen_count
_0487_	_3277_/ZN	0	0.5	frozen_count
_0487_	_3590_/B1	0	0.5	frozen_count
_0487_	_4574_/A	0	0.5	frozen_count
_0488_	_3278_/ZN	0	0.5	frozen_count
_0488_	_3279_/A2	0	0.5	frozen_count
_0488_	_3487_/C1	0	0.5	frozen_count
_0489_	_3279_/ZN	0	0.5	frozen_count
_0489_	_3280_/B	0	0.5	frozen_count
_0489_	_3330_/B1	0	0.5	frozen_count
_0489_	_3331_/C1	0	0.5	frozen_count
_0490_	_3280_/ZN	0	0.5	frozen_count
_0490_	_3281_/A2	0	0.5	frozen_count
_0491_	_3281_/ZN	0	0.5	frozen_count
_0491_	_3286_/A	0	0.5	frozen_count
_0492_	_3282_/ZN	0	0.5	frozen_count
_0492_	_3834_/A2	0	0.5	frozen_count
_0492_	_3847_/A2	0	0.5	frozen_count
_0492_	_3858_/A2	0	0.5	frozen_count
_0492_	_3865_/A2	0	0.5	frozen_count
_0492_	_4090_/A2	0	0.5	frozen_count
_0492_	_4105_/A2	0	0.5	frozen_count
_0492_	_4120_/A2	0	0.5	frozen_count
_0492_	_4138_/A2	0	0.5	frozen_count
_0492_	_4367_/C1	0	0.5	frozen_count
_0492_	_4381_/A2	0	0.5	frozen_count
_0492_	place268/A	0	0.5	frozen_count
_0493_	_3283_/ZN	0	0.5	frozen_count
_0493_	_3731_/A	0	0.5	frozen_count
_0493_	_4008_/C2	0	0.5	frozen_count
_0493_	_4037_/C2	0	0.5	frozen_count
_0493_	_4356_/C2	0	0.5	frozen_count
_0493_	_4606_/C2	0	0.5	frozen_count
_0493_	_4622_/B1	0	0.5	frozen_count
_0494_	_3284_/ZN	0	0.5	frozen_count
_0494_	_3744_/C2	0	0.5	frozen_count
_0494_	_3834_/B1	0	0.5	frozen_count
_0494_	_3847_/B1	0	0.5	frozen_count
_0494_	_3858_/B1	0	0.5	frozen_count
_0494_	_3865_/B1	0	0.5	frozen_count
_0494_	_4090_/B1	0	0.5	frozen_count
_0494_	_4105_/B1	0	0.5	frozen_count
_0494_	_4120_/B1	0	0.5	frozen_count
_0494_	_4138_/B1	0	0.5	frozen_count
_0494_	_4367_/B1	0	0.5	frozen_count
_0494_	_4381_/B1	0	0.5	frozen_count
_0494_	place267/A	0	0.5	frozen_count
_0495_	_3285_/ZN	0	0.5	frozen_count
_0495_	_3286_/B	0	0.5	frozen_count
_0496_	_3286_/ZN	0	0.5	frozen_count
_0496_	_3287_/A2	0	0.5	frozen_count
_0496_	_4642_/A1	0	0.5	frozen_count
_0497_	_3287_/ZN	0	0.5	frozen_count
_0497_	_3295_/A1	0	0.5	frozen_count
_0498_	_3288_/ZN	0	0.5	frozen_count
_0498_	_3295_/A2	0	0.5	frozen_count
_0499_	_3289_/ZN	0	0.5	frozen_count
_0499_	place253/A	0	0.5	frozen_count
_0500_	_3290_/ZN	0	0.5	frozen_count
_0500_	_3926_/A2	0	0.5	frozen_count
_0500_	_4002_/B1	0	0.5	frozen_count
_0500_	_4059_/C2	0	0.5	frozen_count
_0500_	_4111_/C2	0	0.5	frozen_count
_0500_	_4385_/B1	0	0.5	frozen_count
_0500_	_4465_/A2	0	0.5	frozen_count
_0500_	_4468_/A2	0	0.5	frozen_count
_0500_	_4474_/C2	0	0.5	frozen_count
_0500_	_4477_/A2	0	0.5	frozen_count
_0500_	_4579_/C2	0	0.5	frozen_count
_0500_	_4786_/B1	0	0.5	frozen_count
_0500_	place236/A	0	0.5	frozen_count
_0501_	_3291_/ZN	0	0.5	frozen_count
_0501_	place235/A	0	0.5	frozen_count
_0502_	_3292_/ZN	0	0.5	frozen_count
_0502_	_3293_/B2	0	0.5	frozen_count
_0502_	_3915_/A1	0	0.5	frozen_count
_0502_	_3980_/A1	0	0.5	frozen_count
_0502_	_4019_/B2	0	0.5	frozen_count
_0502_	_4467_/C1	0	0.5	frozen_count
_0502_	_4471_/B2	0	0.5	frozen_count
_0502_	_4476_/C1	0	0.5	frozen_count
_0502_	_4580_/A1	0	0.5	frozen_count
_0502_	_4654_/C1	0	0.5	frozen_count
_0502_	_4781_/A1	0	0.5	frozen_count
_0502_	_4789_/B1	0	0.5	frozen_count
_0502_	place234/A	0	0.5	frozen_count
_0503_	_3293_/ZN	0	0.5	frozen_count
_0503_	_3294_/A	0	0.5	frozen_count
_0504_	_3294_/ZN	0	0.5	frozen_count
_0504_	_3295_/A3	0	0.5	frozen_count
_0505_	_3306_/ZN	0	0.5	frozen_count
_0505_	_3908_/B2	0	0.5	frozen_count
_0505_	_4415_/B2	0	0.5	frozen_count
_0505_	_4419_/B1	0	0.5	frozen_count
_0505_	_4423_/B1	0	0.5	frozen_count
_0505_	_4425_/B1	0	0.5	frozen_count
_0505_	_4429_/C2	0	0.5	frozen_count
_0505_	_4431_/B1	0	0.5	frozen_count
_0505_	_4435_/B1	0	0.5	frozen_count
_0505_	_4437_/C1	0	0.5	frozen_count
_0505_	_4441_/B1	0	0.5	frozen_count
_0505_	place326/A	0	0.5	frozen_count
_0506_	_3307_/Z	0	0.5	frozen_count
_0506_	_3308_/A	0	0.5	frozen_count
_0507_	_3308_/ZN	0	0.5	frozen_count
_0507_	_3309_/A	0	0.5	frozen_count
_0508_	_3310_/ZN	0	0.5	frozen_count
_0508_	_3311_/B2	0	0.5	frozen_count
_0509_	_3311_/ZN	0	0.5	frozen_count
_0509_	_3312_/B1	0	0.5	frozen_count
_0510_	_3312_/ZN	0	0.5	frozen_count
_0510_	_3703_/A1	0	0.5	frozen_count
_0511_	_3313_/ZN	0	0.5	frozen_count
_0511_	place306/A	0	0.5	frozen_count
_0512_	_3314_/ZN	0	0.5	frozen_count
_0512_	_3320_/A	0	0.5	frozen_count
_0512_	_3621_/A1	0	0.5	frozen_count
_0512_	_3732_/A1	0	0.5	frozen_count
_0512_	_4489_/B	0	0.5	frozen_count
_0513_	_3315_/ZN	0	0.5	frozen_count
_0513_	_3326_/S	0	0.5	frozen_count
_0513_	_3333_/A1	0	0.5	frozen_count
_0513_	_3338_/A	0	0.5	frozen_count
_0513_	_3381_/S	0	0.5	frozen_count
_0513_	_3384_/S	0	0.5	frozen_count
_0513_	_3385_/S	0	0.5	frozen_count
_0513_	_3388_/S	0	0.5	frozen_count
_0513_	_3393_/S	0	0.5	frozen_count
_0513_	_3396_/S	0	0.5	frozen_count
_0513_	_3399_/S	0	0.5	frozen_count
_0513_	_3401_/A2	0	0.5	frozen_count
_0513_	_3402_/B1	0	0.5	frozen_count
_0513_	_3405_/A2	0	0.5	frozen_count
_0513_	_3406_/B1	0	0.5	frozen_count
_0513_	_3411_/S	0	0.5	frozen_count
_0513_	_3412_/A2	0	0.5	frozen_count
_0513_	_3413_/B1	0	0.5	frozen_count
_0513_	_3415_/S	0	0.5	frozen_count
_0513_	_3416_/A2	0	0.5	frozen_count
_0513_	_3417_/B1	0	0.5	frozen_count
_0513_	place288/A	0	0.5	frozen_count
_0513_	place289/A	0	0.5	frozen_count
_0514_	_3316_/ZN	0	0.5	frozen_count
_0514_	_3323_/A2	0	0.5	frozen_count
_0514_	_3324_/B1	0	0.5	frozen_count
_0514_	_3347_/S	0	0.5	frozen_count
_0514_	_3355_/S	0	0.5	frozen_count
_0514_	_3358_/S	0	0.5	frozen_count
_0514_	_3373_/S	0	0.5	frozen_count
_0514_	_3421_/S	0	0.5	frozen_count
_0514_	_3438_/A1	0	0.5	frozen_count
_0514_	_3439_/B1	0	0.5	frozen_count
_0514_	place266/A	0	0.5	frozen_count
_0515_	_3317_/ZN	0	0.5	frozen_count
_0515_	_3320_/B	0	0.5	frozen_count
_0515_	_3573_/C2	0	0.5	frozen_count
_0515_	_3575_/A	0	0.5	frozen_count
_0515_	_3615_/B1	0	0.5	frozen_count
_0515_	_3622_/A2	0	0.5	frozen_count
_0515_	_3730_/A	0	0.5	frozen_count
_0516_	_3318_/ZN	0	0.5	frozen_count
_0516_	_3319_/A	0	0.5	frozen_count
_0516_	_3621_/A2	0	0.5	frozen_count
_0516_	_3733_/C2	0	0.5	frozen_count
_0516_	_4391_/B2	0	0.5	frozen_count
_0517_	_3319_/Z	0	0.5	frozen_count
_0517_	_3321_/A1	0	0.5	frozen_count
_0517_	_3452_/A1	0	0.5	frozen_count
_0518_	_3320_/Z	0	0.5	frozen_count
_0518_	_3321_/A2	0	0.5	frozen_count
_0518_	_3452_/A2	0	0.5	frozen_count
_0519_	_3321_/ZN	0	0.5	frozen_count
_0519_	_3453_/A	0	0.5	frozen_count
_0520_	_3322_/Z	0	0.5	frozen_count
_0520_	_3340_/A1	0	0.5	frozen_count
_0520_	_3345_/A1	0	0.5	frozen_count
_0521_	_3323_/ZN	0	0.5	frozen_count
_0521_	_3324_/A	0	0.5	frozen_count
_0522_	_3324_/ZN	0	0.5	frozen_count
_0522_	_3340_/A2	0	0.5	frozen_count
_0522_	_3345_/A2	0	0.5	frozen_count
_0523_	_3325_/Z	0	0.5	frozen_count
_0523_	_3327_/A1	0	0.5	frozen_count
_0523_	_3340_/B1	0	0.5	frozen_count
_0524_	_3326_/Z	0	0.5	frozen_count
_0524_	_3327_/A2	0	0.5	frozen_count
_0524_	_3340_/B2	0	0.5	frozen_count
_0525_	_3327_/ZN	0	0.5	frozen_count
_0525_	_3339_/A	0	0.5	frozen_count
_0526_	_3328_/ZN	0	0.5	frozen_count
_0526_	_3331_/B	0	0.5	frozen_count
_0526_	_3337_/A	0	0.5	frozen_count
_0526_	_3593_/A1	0	0.5	frozen_count
_0527_	_3329_/ZN	0	0.5	frozen_count
_0527_	_3332_/A1	0	0.5	frozen_count
_0527_	_3333_/A2	0	0.5	frozen_count
_0527_	_3338_/B1	0	0.5	frozen_count
_0528_	_3330_/ZN	0	0.5	frozen_count
_0528_	_4633_/A	0	0.5	frozen_count
_0529_	_3331_/ZN	0	0.5	frozen_count
_0529_	_3332_/A2	0	0.5	frozen_count
_0529_	_3333_/A3	0	0.5	frozen_count
_0530_	_3332_/ZN	0	0.5	frozen_count
_0530_	_4619_/A2	0	0.5	frozen_count
_0530_	_4623_/A2	0	0.5	frozen_count
_0531_	_3333_/ZN	0	0.5	frozen_count
_0531_	_3339_/B1	0	0.5	frozen_count
_0532_	_3334_/ZN	0	0.5	frozen_count
_0532_	_3590_/A	0	0.5	frozen_count
_0533_	_3335_/ZN	0	0.5	frozen_count
_0533_	_3336_/B2	0	0.5	frozen_count
_0534_	_3336_/ZN	0	0.5	frozen_count
_0534_	_3337_/B1	0	0.5	frozen_count
_0535_	_3337_/ZN	0	0.5	frozen_count
_0535_	_3338_/B2	0	0.5	frozen_count
_0536_	_3338_/ZN	0	0.5	frozen_count
_0536_	_3339_/B2	0	0.5	frozen_count
_0537_	_3339_/ZN	0	0.5	frozen_count
_0537_	_3345_/B1	0	0.5	frozen_count
_0538_	_3340_/ZN	0	0.5	frozen_count
_0538_	_3341_/A	0	0.5	frozen_count
_0539_	_3341_/ZN	0	0.5	frozen_count
_0539_	_3345_/B2	0	0.5	frozen_count
_0540_	_3342_/ZN	0	0.5	frozen_count
_0540_	_3343_/A	0	0.5	frozen_count
_0541_	_3343_/ZN	0	0.5	frozen_count
_0541_	_3345_/C1	0	0.5	frozen_count
_0541_	_3348_/A1	0	0.5	frozen_count
_0542_	_3344_/Z	0	0.5	frozen_count
_0542_	_3345_/C2	0	0.5	frozen_count
_0542_	_3348_/A2	0	0.5	frozen_count
_0543_	_3345_/ZN	0	0.5	frozen_count
_0543_	_3353_/C1	0	0.5	frozen_count
_0544_	_3346_/Z	0	0.5	frozen_count
_0544_	_3348_/B1	0	0.5	frozen_count
_0544_	_3352_/A1	0	0.5	frozen_count
_0545_	_3347_/Z	0	0.5	frozen_count
_0545_	_3348_/B2	0	0.5	frozen_count
_0545_	_3352_/A2	0	0.5	frozen_count
_0546_	_3348_/ZN	0	0.5	frozen_count
_0546_	_3353_/C2	0	0.5	frozen_count
_0547_	_3349_/ZN	0	0.5	frozen_count
_0547_	_3350_/A	0	0.5	frozen_count
_0548_	_3350_/ZN	0	0.5	frozen_count
_0548_	_3353_/B2	0	0.5	frozen_count
_0548_	_3356_/A1	0	0.5	frozen_count
_0549_	_3351_/Z	0	0.5	frozen_count
_0549_	_3353_/B1	0	0.5	frozen_count
_0549_	_3356_/A2	0	0.5	frozen_count
_0550_	_3352_/ZN	0	0.5	frozen_count
_0550_	_3353_/A	0	0.5	frozen_count
_0551_	_3353_/ZN	0	0.5	frozen_count
_0551_	_3366_/B2	0	0.5	frozen_count
_0552_	_3354_/Z	0	0.5	frozen_count
_0552_	_3356_/B1	0	0.5	frozen_count
_0552_	_3365_/C2	0	0.5	frozen_count
_0553_	_3355_/Z	0	0.5	frozen_count
_0553_	_3356_/B2	0	0.5	frozen_count
_0553_	_3365_/C1	0	0.5	frozen_count
_0554_	_3356_/ZN	0	0.5	frozen_count
_0554_	_3366_/B1	0	0.5	frozen_count
_0555_	_3357_/Z	0	0.5	frozen_count
_0555_	_3359_/A1	0	0.5	frozen_count
_0555_	_3372_/A1	0	0.5	frozen_count
_0556_	_3358_/Z	0	0.5	frozen_count
_0556_	_3359_/A2	0	0.5	frozen_count
_0556_	_3372_/A2	0	0.5	frozen_count
_0557_	_3359_/ZN	0	0.5	frozen_count
_0557_	_3362_/A	0	0.5	frozen_count
_0557_	_3368_/A1	0	0.5	frozen_count
_0558_	_3360_/Z	0	0.5	frozen_count
_0558_	_3362_/B1	0	0.5	frozen_count
_0558_	_3368_/A2	0	0.5	frozen_count
_0559_	_3361_/Z	0	0.5	frozen_count
_0559_	_3362_/B2	0	0.5	frozen_count
_0559_	_3368_/A3	0	0.5	frozen_count
_0560_	_3362_/ZN	0	0.5	frozen_count
_0560_	_3365_/A	0	0.5	frozen_count
_0560_	_3367_/A1	0	0.5	frozen_count
_0561_	_3363_/Z	0	0.5	frozen_count
_0561_	_3365_/B1	0	0.5	frozen_count
_0561_	_3367_/A2	0	0.5	frozen_count
_0562_	_3364_/Z	0	0.5	frozen_count
_0562_	_3365_/B2	0	0.5	frozen_count
_0562_	_3367_/A3	0	0.5	frozen_count
_0563_	_3365_/ZN	0	0.5	frozen_count
_0563_	_3366_/A	0	0.5	frozen_count
_0564_	_3366_/ZN	0	0.5	frozen_count
_0564_	_3379_/B2	0	0.5	frozen_count
_0565_	_3367_/ZN	0	0.5	frozen_count
_0565_	_3376_/A1	0	0.5	frozen_count
_0566_	_3368_/ZN	0	0.5	frozen_count
_0566_	_3376_/A2	0	0.5	frozen_count
_0567_	_3369_/Z	0	0.5	frozen_count
_0567_	_3371_/A1	0	0.5	frozen_count
_0567_	_3378_/B2	0	0.5	frozen_count
_0568_	_3370_/Z	0	0.5	frozen_count
_0568_	_3371_/A2	0	0.5	frozen_count
_0568_	_3378_/B1	0	0.5	frozen_count
_0569_	_3371_/ZN	0	0.5	frozen_count
_0569_	_3375_/A	0	0.5	frozen_count
_0569_	_3377_/A1	0	0.5	frozen_count
_0570_	_3372_/ZN	0	0.5	frozen_count
_0570_	_3375_/B	0	0.5	frozen_count
_0571_	_3373_/Z	0	0.5	frozen_count
_0571_	_3375_/C1	0	0.5	frozen_count
_0571_	_3377_/A2	0	0.5	frozen_count
_0572_	_3374_/Z	0	0.5	frozen_count
_0572_	_3375_/C2	0	0.5	frozen_count
_0572_	_3377_/A3	0	0.5	frozen_count
_0573_	_3375_/ZN	0	0.5	frozen_count
_0573_	_3376_/A3	0	0.5	frozen_count
_0574_	_3376_/ZN	0	0.5	frozen_count
_0574_	_3379_/B1	0	0.5	frozen_count
_0575_	_3377_/ZN	0	0.5	frozen_count
_0575_	_3378_/A	0	0.5	frozen_count
_0576_	_3378_/ZN	0	0.5	frozen_count
_0576_	_3379_/A	0	0.5	frozen_count
_0577_	_3379_/ZN	0	0.5	frozen_count
_0577_	_3386_/C2	0	0.5	frozen_count
_0578_	_3380_/Z	0	0.5	frozen_count
_0578_	_3382_/A1	0	0.5	frozen_count
_0578_	_3383_/A1	0	0.5	frozen_count
_0579_	_3381_/Z	0	0.5	frozen_count
_0579_	_3382_/A2	0	0.5	frozen_count
_0579_	_3383_/A2	0	0.5	frozen_count
_0580_	_3382_/ZN	0	0.5	frozen_count
_0580_	_3386_/C1	0	0.5	frozen_count
_0581_	_3383_/ZN	0	0.5	frozen_count
_0581_	_3386_/A	0	0.5	frozen_count
_0582_	_3384_/Z	0	0.5	frozen_count
_0582_	_3386_/B1	0	0.5	frozen_count
_0582_	_3389_/A1	0	0.5	frozen_count
_0583_	_3385_/Z	0	0.5	frozen_count
_0583_	_3386_/B2	0	0.5	frozen_count
_0583_	_3389_/A2	0	0.5	frozen_count
_0584_	_3386_/ZN	0	0.5	frozen_count
_0584_	_3394_/C2	0	0.5	frozen_count
_0585_	_3387_/Z	0	0.5	frozen_count
_0585_	_3389_/B1	0	0.5	frozen_count
_0585_	_3390_/A1	0	0.5	frozen_count
_0586_	_3388_/Z	0	0.5	frozen_count
_0586_	_3389_/B2	0	0.5	frozen_count
_0586_	_3390_/A2	0	0.5	frozen_count
_0587_	_3389_/ZN	0	0.5	frozen_count
_0587_	_3394_/C1	0	0.5	frozen_count
_0588_	_3390_/ZN	0	0.5	frozen_count
_0588_	_3394_/A	0	0.5	frozen_count
_0589_	_3391_/ZN	0	0.5	frozen_count
_0589_	_3392_/A	0	0.5	frozen_count
_0590_	_3392_/ZN	0	0.5	frozen_count
_0590_	_3394_/B1	0	0.5	frozen_count
_0590_	_3397_/A1	0	0.5	frozen_count
_0591_	_3393_/Z	0	0.5	frozen_count
_0591_	_3394_/B2	0	0.5	frozen_count
_0591_	_3397_/A2	0	0.5	frozen_count
_0592_	_3394_/ZN	0	0.5	frozen_count
_0592_	_3408_/C1	0	0.5	frozen_count
_0593_	_3395_/Z	0	0.5	frozen_count
_0593_	_3397_/B1	0	0.5	frozen_count
_0593_	_3407_/B2	0	0.5	frozen_count
_0594_	_3396_/Z	0	0.5	frozen_count
_0594_	_3397_/B2	0	0.5	frozen_count
_0594_	_3407_/B1	0	0.5	frozen_count
_0595_	_3397_/ZN	0	0.5	frozen_count
_0595_	_3408_/C2	0	0.5	frozen_count
_0596_	_3398_/Z	0	0.5	frozen_count
_0596_	_3403_/A1	0	0.5	frozen_count
_0596_	_3409_/A1	0	0.5	frozen_count
_0597_	_3399_/Z	0	0.5	frozen_count
_0597_	_3403_/A2	0	0.5	frozen_count
_0597_	_3409_/A2	0	0.5	frozen_count
_0598_	_3400_/Z	0	0.5	frozen_count
_0598_	_3403_/B1	0	0.5	frozen_count
_0598_	_3414_/C2	0	0.5	frozen_count
_0599_	_3401_/ZN	0	0.5	frozen_count
_0599_	_3402_/A	0	0.5	frozen_count
_0600_	_3402_/ZN	0	0.5	frozen_count
_0600_	_3403_/B2	0	0.5	frozen_count
_0600_	_3414_/C1	0	0.5	frozen_count
_0601_	_3403_/ZN	0	0.5	frozen_count
_0601_	_3407_/A	0	0.5	frozen_count
_0601_	_3410_/A1	0	0.5	frozen_count
_0602_	_3404_/Z	0	0.5	frozen_count
_0602_	_3408_/B2	0	0.5	frozen_count
_0602_	_3409_/B1	0	0.5	frozen_count
_0603_	_3405_/ZN	0	0.5	frozen_count
_0603_	_3406_/A	0	0.5	frozen_count
_0604_	_3406_/ZN	0	0.5	frozen_count
_0604_	_3408_/B1	0	0.5	frozen_count
_0604_	_3409_/B2	0	0.5	frozen_count
_0605_	_3407_/ZN	0	0.5	frozen_count
_0605_	_3408_/A	0	0.5	frozen_count
_0606_	_3408_/ZN	0	0.5	frozen_count
_0606_	_3419_/C1	0	0.5	frozen_count
_0607_	_3409_/ZN	0	0.5	frozen_count
_0607_	_3410_/A2	0	0.5	frozen_count
_0608_	_3410_/ZN	0	0.5	frozen_count
_0608_	_3414_/A	0	0.5	frozen_count
_0609_	_3411_/Z	0	0.5	frozen_count
_0609_	_3414_/B1	0	0.5	frozen_count
_0609_	_3418_/A1	0	0.5	frozen_count
_0610_	_3412_/ZN	0	0.5	frozen_count
_0610_	_3413_/A	0	0.5	frozen_count
_0611_	_3413_/ZN	0	0.5	frozen_count
_0611_	_3414_/B2	0	0.5	frozen_count
_0611_	_3418_/A2	0	0.5	frozen_count
_0612_	_3414_/ZN	0	0.5	frozen_count
_0612_	_3419_/C2	0	0.5	frozen_count
_0613_	_3415_/Z	0	0.5	frozen_count
_0613_	_3419_/B2	0	0.5	frozen_count
_0613_	_3422_/A1	0	0.5	frozen_count
_0614_	_3416_/ZN	0	0.5	frozen_count
_0614_	_3417_/A	0	0.5	frozen_count
_0615_	_3417_/ZN	0	0.5	frozen_count
_0615_	_3419_/B1	0	0.5	frozen_count
_0615_	_3422_/A2	0	0.5	frozen_count
_0616_	_3418_/ZN	0	0.5	frozen_count
_0616_	_3419_/A	0	0.5	frozen_count
_0617_	_3419_/ZN	0	0.5	frozen_count
_0617_	_3435_/B2	0	0.5	frozen_count
_0618_	_3420_/Z	0	0.5	frozen_count
_0618_	_3422_/B1	0	0.5	frozen_count
_0618_	_3434_/C1	0	0.5	frozen_count
_0619_	_3421_/Z	0	0.5	frozen_count
_0619_	_3422_/B2	0	0.5	frozen_count
_0619_	_3434_/C2	0	0.5	frozen_count
_0620_	_3422_/ZN	0	0.5	frozen_count
_0620_	_3435_/B1	0	0.5	frozen_count
_0621_	_3423_/Z	0	0.5	frozen_count
_0621_	_3429_/A1	0	0.5	frozen_count
_0621_	_3443_/B2	0	0.5	frozen_count
_0622_	_3424_/ZN	0	0.5	frozen_count
_0622_	_3425_/A	0	0.5	frozen_count
_0623_	_3425_/ZN	0	0.5	frozen_count
_0623_	_3429_/A2	0	0.5	frozen_count
_0623_	_3443_/B1	0	0.5	frozen_count
_0624_	_3426_/Z	0	0.5	frozen_count
_0624_	_3429_/B1	0	0.5	frozen_count
_0624_	_3436_/A1	0	0.5	frozen_count
_0625_	_3427_/ZN	0	0.5	frozen_count
_0625_	_3428_/A	0	0.5	frozen_count
_0626_	_3428_/ZN	0	0.5	frozen_count
_0626_	_3429_/B2	0	0.5	frozen_count
_0626_	_3436_/A2	0	0.5	frozen_count
_0627_	_3429_/ZN	0	0.5	frozen_count
_0627_	_3434_/A	0	0.5	frozen_count
_0627_	_3442_/A1	0	0.5	frozen_count
_0628_	_3430_/ZN	0	0.5	frozen_count
_0628_	_3431_/A	0	0.5	frozen_count
_0629_	_3431_/ZN	0	0.5	frozen_count
_0629_	_3433_/A1	0	0.5	frozen_count
_0629_	_3436_/B1	0	0.5	frozen_count
_0630_	_3432_/Z	0	0.5	frozen_count
_0630_	_3433_/A2	0	0.5	frozen_count
_0630_	_3436_/B2	0	0.5	frozen_count
_0631_	_3433_/ZN	0	0.5	frozen_count
_0631_	_3434_/B	0	0.5	frozen_count
_0632_	_3434_/ZN	0	0.5	frozen_count
_0632_	_3435_/A	0	0.5	frozen_count
_0633_	_3435_/ZN	0	0.5	frozen_count
_0633_	_3451_/C2	0	0.5	frozen_count
_0634_	_3436_/ZN	0	0.5	frozen_count
_0634_	_3442_/A2	0	0.5	frozen_count
_0635_	_3437_/ZN	0	0.5	frozen_count
_0635_	_3438_/A2	0	0.5	frozen_count
_0635_	_3441_/B1	0	0.5	frozen_count
_0635_	_3455_/A2	0	0.5	frozen_count
_0635_	_3571_/A2	0	0.5	frozen_count
_0635_	_3691_/B	0	0.5	frozen_count
_0635_	_3728_/A1	0	0.5	frozen_count
_0635_	_3729_/A1	0	0.5	frozen_count
_0635_	_3819_/A	0	0.5	frozen_count
_0635_	_3823_/A2	0	0.5	frozen_count
_0635_	_4465_/B1	0	0.5	frozen_count
_0636_	_3438_/ZN	0	0.5	frozen_count
_0636_	_3439_/A	0	0.5	frozen_count
_0637_	_3439_/ZN	0	0.5	frozen_count
_0637_	_3442_/B1	0	0.5	frozen_count
_0637_	_3451_/A1	0	0.5	frozen_count
_0638_	_3440_/ZN	0	0.5	frozen_count
_0638_	_3441_/A	0	0.5	frozen_count
_0639_	_3441_/ZN	0	0.5	frozen_count
_0639_	_3442_/B2	0	0.5	frozen_count
_0639_	_3451_/A2	0	0.5	frozen_count
_0640_	_3442_/ZN	0	0.5	frozen_count
_0640_	_3443_/A	0	0.5	frozen_count
_0641_	_3443_/ZN	0	0.5	frozen_count
_0641_	_3451_/C1	0	0.5	frozen_count
_0642_	_3444_/ZN	0	0.5	frozen_count
_0642_	_3449_/B1	0	0.5	frozen_count
_0642_	_3450_/A	0	0.5	frozen_count
_0642_	_3572_/A	0	0.5	frozen_count
_0642_	_3574_/A1	0	0.5	frozen_count
_0642_	_3620_/A1	0	0.5	frozen_count
_0642_	_3621_/B1	0	0.5	frozen_count
_0642_	_3738_/A	0	0.5	frozen_count
_0643_	_3445_/ZN	0	0.5	frozen_count
_0643_	_3729_/A2	0	0.5	frozen_count
_0643_	_3739_/C1	0	0.5	frozen_count
_0643_	_4701_/B2	0	0.5	frozen_count
_0644_	_3446_/ZN	0	0.5	frozen_count
_0644_	place305/A	0	0.5	frozen_count
_0645_	_3447_/ZN	0	0.5	frozen_count
_0645_	_3449_/C2	0	0.5	frozen_count
_0645_	_3450_/B	0	0.5	frozen_count
_0645_	_3744_/B2	0	0.5	frozen_count
_0645_	_4490_/B	0	0.5	frozen_count
_0646_	_3448_/ZN	0	0.5	frozen_count
_0646_	_3449_/A	0	0.5	frozen_count
_0647_	_3449_/ZN	0	0.5	frozen_count
_0647_	_3451_/B1	0	0.5	frozen_count
_0647_	_3452_/B1	0	0.5	frozen_count
_0648_	_3450_/Z	0	0.5	frozen_count
_0648_	_3451_/B2	0	0.5	frozen_count
_0648_	_3452_/B2	0	0.5	frozen_count
_0649_	_3451_/ZN	0	0.5	frozen_count
_0649_	_3453_/B1	0	0.5	frozen_count
_0650_	_3452_/ZN	0	0.5	frozen_count
_0650_	_3453_/B2	0	0.5	frozen_count
_0651_	_3453_/ZN	0	0.5	frozen_count
_0651_	_3454_/B2	0	0.5	frozen_count
_0651_	_3579_/A	0	0.5	frozen_count
_0652_	_3454_/ZN	0	0.5	frozen_count
_0652_	_3701_/C2	0	0.5	frozen_count
_0653_	_3455_/ZN	0	0.5	frozen_count
_0653_	_3457_/A1	0	0.5	frozen_count
_0653_	_3618_/A3	0	0.5	frozen_count
_0654_	_3456_/ZN	0	0.5	frozen_count
_0654_	_3457_/A2	0	0.5	frozen_count
_0654_	_3625_/A1	0	0.5	frozen_count
_0654_	_3741_/A1	0	0.5	frozen_count
_0655_	_3457_/ZN	0	0.5	frozen_count
_0655_	_3570_/A1	0	0.5	frozen_count
_0655_	_3617_/A	0	0.5	frozen_count
_0655_	_3619_/B2	0	0.5	frozen_count
_0656_	_3458_/ZN	0	0.5	frozen_count
_0656_	_3569_/A	0	0.5	frozen_count
_0656_	_3625_/A2	0	0.5	frozen_count
_0657_	_3459_/ZN	0	0.5	frozen_count
_0657_	_3460_/A	0	0.5	frozen_count
_0657_	_3568_/A	0	0.5	frozen_count
_0657_	_3569_/B	0	0.5	frozen_count
_0657_	_3827_/A1	0	0.5	frozen_count
_0657_	_3829_/A1	0	0.5	frozen_count
_0657_	_3831_/B2	0	0.5	frozen_count
_0658_	_3460_/ZN	0	0.5	frozen_count
_0658_	_3619_/B1	0	0.5	frozen_count
_0659_	_3461_/ZN	0	0.5	frozen_count
_0659_	_3848_/C1	0	0.5	frozen_count
_0659_	_3849_/A1	0	0.5	frozen_count
_0660_	_3462_/ZN	0	0.5	frozen_count
_0660_	_3568_/B1	0	0.5	frozen_count
_0660_	_3569_/C1	0	0.5	frozen_count
_0660_	_3616_/A1	0	0.5	frozen_count
_0660_	_3827_/A2	0	0.5	frozen_count
_0661_	_3463_/ZN	0	0.5	frozen_count
_0661_	_3528_/A1	0	0.5	frozen_count
_0661_	_3607_/A1	0	0.5	frozen_count
_0661_	_3867_/B2	0	0.5	frozen_count
_0661_	_3872_/A1	0	0.5	frozen_count
_0662_	_3464_/ZN	0	0.5	frozen_count
_0662_	_3522_/A	0	0.5	frozen_count
_0662_	_3586_/A1	0	0.5	frozen_count
_0662_	_3587_/A	0	0.5	frozen_count
_0662_	_3605_/B2	0	0.5	frozen_count
_0663_	_3465_/ZN	0	0.5	frozen_count
_0663_	_3516_/A1	0	0.5	frozen_count
_0663_	_3680_/A1	0	0.5	frozen_count
_0664_	_3466_/ZN	0	0.5	frozen_count
_0664_	_3522_/C2	0	0.5	frozen_count
_0664_	_3585_/A1	0	0.5	frozen_count
_0664_	_3586_/A2	0	0.5	frozen_count
_0664_	_3958_/B1	0	0.5	frozen_count
_0665_	_3467_/ZN	0	0.5	frozen_count
_0665_	_3515_/A	0	0.5	frozen_count
_0665_	_3519_/A1	0	0.5	frozen_count
_0665_	_3520_/A1	0	0.5	frozen_count
_0665_	_3587_/B1	0	0.5	frozen_count
_0665_	_3589_/A1	0	0.5	frozen_count
_0665_	_3680_/A2	0	0.5	frozen_count
_0666_	_3468_/ZN	0	0.5	frozen_count
_0666_	_3504_/A1	0	0.5	frozen_count
_0666_	_3589_/A2	0	0.5	frozen_count
_0667_	_3469_/ZN	0	0.5	frozen_count
_0667_	_3513_/C2	0	0.5	frozen_count
_0667_	_3521_/A	0	0.5	frozen_count
_0667_	_3604_/B2	0	0.5	frozen_count
_0668_	_3470_/ZN	0	0.5	frozen_count
_0668_	_3472_/A1	0	0.5	frozen_count
_0668_	_3587_/B2	0	0.5	frozen_count
_0669_	_3471_/ZN	0	0.5	frozen_count
_0669_	_3472_/A2	0	0.5	frozen_count
_0669_	_3589_/A3	0	0.5	frozen_count
_0669_	_4034_/A1	0	0.5	frozen_count
_0670_	_3472_/ZN	0	0.5	frozen_count
_0670_	_3513_/C1	0	0.5	frozen_count
_0670_	_3521_/C2	0	0.5	frozen_count
_0670_	_3648_/A2	0	0.5	frozen_count
_0671_	_3473_/ZN	0	0.5	frozen_count
_0671_	_3504_/A2	0	0.5	frozen_count
_0671_	_3598_/B2	0	0.5	frozen_count
_0672_	_3474_/ZN	0	0.5	frozen_count
_0672_	_3502_/A	0	0.5	frozen_count
_0672_	_3507_/A1	0	0.5	frozen_count
_0672_	_3596_/A1	0	0.5	frozen_count
_0673_	_3475_/ZN	0	0.5	frozen_count
_0673_	_3509_/A1	0	0.5	frozen_count
_0673_	_3596_/A2	0	0.5	frozen_count
_0673_	_3601_/A1	0	0.5	frozen_count
_0674_	_3476_/ZN	0	0.5	frozen_count
_0674_	_3478_/A1	0	0.5	frozen_count
_0674_	_3512_/A1	0	0.5	frozen_count
_0675_	_3477_/ZN	0	0.5	frozen_count
_0675_	_3478_/A2	0	0.5	frozen_count
_0675_	_3510_/A	0	0.5	frozen_count
_0675_	_3658_/A1	0	0.5	frozen_count
_0676_	_3478_/ZN	0	0.5	frozen_count
_0676_	_3499_/B1	0	0.5	frozen_count
_0676_	_3595_/A	0	0.5	frozen_count
_0677_	_3479_/ZN	0	0.5	frozen_count
_0677_	_3492_/A1	0	0.5	frozen_count
_0677_	_3594_/A	0	0.5	frozen_count
_0677_	_3599_/B2	0	0.5	frozen_count
_0678_	_3480_/ZN	0	0.5	frozen_count
_0678_	_3482_/A1	0	0.5	frozen_count
_0678_	_3489_/A1	0	0.5	frozen_count
_0678_	_3493_/B2	0	0.5	frozen_count
_0679_	_3481_/ZN	0	0.5	frozen_count
_0679_	_3482_/A2	0	0.5	frozen_count
_0679_	_3488_/A1	0	0.5	frozen_count
_0680_	_3482_/ZN	0	0.5	frozen_count
_0680_	_3483_/A	0	0.5	frozen_count
_0680_	_3593_/A2	0	0.5	frozen_count
_0680_	_3656_/A1	0	0.5	frozen_count
_0681_	_3483_/ZN	0	0.5	frozen_count
_0681_	_3599_/B1	0	0.5	frozen_count
_0682_	_3484_/ZN	0	0.5	frozen_count
_0682_	_3485_/A2	0	0.5	frozen_count
_0682_	_3487_/B	0	0.5	frozen_count
_0682_	_3599_/A	0	0.5	frozen_count
_0683_	_3485_/ZN	0	0.5	frozen_count
_0683_	_3488_/A2	0	0.5	frozen_count
_0684_	_3486_/ZN	0	0.5	frozen_count
_0684_	_3488_/A3	0	0.5	frozen_count
_0685_	_3487_/ZN	0	0.5	frozen_count
_0685_	_3488_/A4	0	0.5	frozen_count
_0686_	_3488_/ZN	0	0.5	frozen_count
_0686_	_3489_/A2	0	0.5	frozen_count
_0686_	_3493_/B1	0	0.5	frozen_count
_0686_	_3976_/A2	0	0.5	frozen_count
_0687_	_3489_/ZN	0	0.5	frozen_count
_0687_	_3491_/A1	0	0.5	frozen_count
_0687_	_3979_/B2	0	0.5	frozen_count
_0688_	_3490_/ZN	0	0.5	frozen_count
_0688_	_3491_/A2	0	0.5	frozen_count
_0688_	_3493_/A	0	0.5	frozen_count
_0688_	_3600_/A1	0	0.5	frozen_count
_0688_	_3975_/A2	0	0.5	frozen_count
_0689_	_3491_/ZN	0	0.5	frozen_count
_0689_	_3492_/A2	0	0.5	frozen_count
_0689_	_4598_/A	0	0.5	frozen_count
_0689_	_4601_/B2	0	0.5	frozen_count
_0689_	_4602_/B1	0	0.5	frozen_count
_0690_	_3492_/ZN	0	0.5	frozen_count
_0690_	_3497_/A1	0	0.5	frozen_count
_0691_	_3493_/ZN	0	0.5	frozen_count
_0691_	_3498_/A1	0	0.5	frozen_count
_0691_	_3510_/B1	0	0.5	frozen_count
_0692_	_3494_/ZN	0	0.5	frozen_count
_0692_	_3496_/A1	0	0.5	frozen_count
_0692_	_3497_/A2	0	0.5	frozen_count
_0692_	_3593_/A3	0	0.5	frozen_count
_0693_	_3495_/ZN	0	0.5	frozen_count
_0693_	_3496_/A2	0	0.5	frozen_count
_0693_	_3595_/B1	0	0.5	frozen_count
_0693_	_3658_/A2	0	0.5	frozen_count
_0694_	_3496_/ZN	0	0.5	frozen_count
_0694_	_3498_/A2	0	0.5	frozen_count
_0694_	_3510_/B2	0	0.5	frozen_count
_0694_	_3601_/A2	0	0.5	frozen_count
_0695_	_3497_/ZN	0	0.5	frozen_count
_0695_	_3912_/B1	0	0.5	frozen_count
_0695_	_3913_/B2	0	0.5	frozen_count
_0696_	_3498_/ZN	0	0.5	frozen_count
_0696_	_3499_/B2	0	0.5	frozen_count
_0696_	_3511_/A	0	0.5	frozen_count
_0697_	_3499_/ZN	0	0.5	frozen_count
_0697_	_3502_/B1	0	0.5	frozen_count
_0697_	_3520_/A2	0	0.5	frozen_count
_0697_	_4006_/B1	0	0.5	frozen_count
_0697_	_4010_/B1	0	0.5	frozen_count
_0697_	_4012_/B1	0	0.5	frozen_count
_0698_	_3500_/ZN	0	0.5	frozen_count
_0698_	_3501_/A	0	0.5	frozen_count
_0698_	_3506_/A1	0	0.5	frozen_count
_0698_	_3597_/B2	0	0.5	frozen_count
_0699_	_3501_/ZN	0	0.5	frozen_count
_0699_	_3502_/B2	0	0.5	frozen_count
_0700_	_3502_/ZN	0	0.5	frozen_count
_0700_	_3503_/A	0	0.5	frozen_count
_0700_	_3934_/A	0	0.5	frozen_count
_0701_	_3503_/ZN	0	0.5	frozen_count
_0701_	_4034_/A2	0	0.5	frozen_count
_0702_	_3504_/ZN	0	0.5	frozen_count
_0702_	_3505_/A	0	0.5	frozen_count
_0702_	_3506_/A2	0	0.5	frozen_count
_0703_	_3505_/ZN	0	0.5	frozen_count
_0703_	_3507_/A2	0	0.5	frozen_count
_0703_	_3661_/A1	0	0.5	frozen_count
_0704_	_3506_/ZN	0	0.5	frozen_count
_0704_	_3509_/A2	0	0.5	frozen_count
_0704_	_3512_/A2	0	0.5	frozen_count
_0704_	_3520_/A3	0	0.5	frozen_count
_0705_	_3507_/ZN	0	0.5	frozen_count
_0705_	_3508_/A	0	0.5	frozen_count
_0705_	_3521_/C1	0	0.5	frozen_count
_0706_	_3508_/ZN	0	0.5	frozen_count
_0706_	_3514_/A1	0	0.5	frozen_count
_0706_	_3515_/B1	0	0.5	frozen_count
_0707_	_3509_/ZN	0	0.5	frozen_count
_0707_	_3513_/A	0	0.5	frozen_count
_0708_	_3510_/ZN	0	0.5	frozen_count
_0708_	_3513_/B1	0	0.5	frozen_count
_0709_	_3511_/ZN	0	0.5	frozen_count
_0709_	_3945_/B1	0	0.5	frozen_count
_0709_	_3946_/B2	0	0.5	frozen_count
_0710_	_3512_/ZN	0	0.5	frozen_count
_0710_	_3513_/B2	0	0.5	frozen_count
_0711_	_3513_/ZN	0	0.5	frozen_count
_0711_	_3514_/A2	0	0.5	frozen_count
_0711_	_3515_/B2	0	0.5	frozen_count
_0712_	_3514_/ZN	0	0.5	frozen_count
_0712_	_3959_/B1	0	0.5	frozen_count
_0712_	_3960_/A1	0	0.5	frozen_count
_0713_	_3515_/ZN	0	0.5	frozen_count
_0713_	_3516_/A2	0	0.5	frozen_count
_0713_	_3871_/B2	0	0.5	frozen_count
_0713_	_3958_/B2	0	0.5	frozen_count
_0714_	_3516_/ZN	0	0.5	frozen_count
_0714_	_4024_/A	0	0.5	frozen_count
_0715_	_3517_/ZN	0	0.5	frozen_count
_0715_	_3524_/A1	0	0.5	frozen_count
_0715_	_3605_/A	0	0.5	frozen_count
_0715_	_3870_/A	0	0.5	frozen_count
_0716_	_3518_/ZN	0	0.5	frozen_count
_0716_	_3519_/A2	0	0.5	frozen_count
_0716_	_3520_/A4	0	0.5	frozen_count
_0716_	_3522_/C1	0	0.5	frozen_count
_0716_	_3870_/C2	0	0.5	frozen_count
_0717_	_3519_/ZN	0	0.5	frozen_count
_0717_	_3521_/B	0	0.5	frozen_count
_0717_	_3604_/A1	0	0.5	frozen_count
_0718_	_3520_/ZN	0	0.5	frozen_count
_0718_	_3523_/A1	0	0.5	frozen_count
_0719_	_3521_/ZN	0	0.5	frozen_count
_0719_	_3522_/B	0	0.5	frozen_count
_0720_	_3522_/ZN	0	0.5	frozen_count
_0720_	_3523_/A2	0	0.5	frozen_count
_0721_	_3523_/ZN	0	0.5	frozen_count
_0721_	_3524_/A2	0	0.5	frozen_count
_0721_	_3922_/A	0	0.5	frozen_count
_0722_	_3524_/ZN	0	0.5	frozen_count
_0722_	_3527_/A1	0	0.5	frozen_count
_0722_	_3869_/B2	0	0.5	frozen_count
_0723_	_3525_/ZN	0	0.5	frozen_count
_0723_	_3527_/A2	0	0.5	frozen_count
_0723_	_3604_/A2	0	0.5	frozen_count
_0723_	_3866_/B2	0	0.5	frozen_count
_0724_	_3526_/ZN	0	0.5	frozen_count
_0724_	_3585_/A2	0	0.5	frozen_count
_0724_	_3586_/A3	0	0.5	frozen_count
_0724_	_3870_/C1	0	0.5	frozen_count
_0725_	_3527_/ZN	0	0.5	frozen_count
_0725_	_3528_/A2	0	0.5	frozen_count
_0725_	_4051_/B1	0	0.5	frozen_count
_0725_	_4052_/B2	0	0.5	frozen_count
_0726_	_3528_/ZN	0	0.5	frozen_count
_0726_	_3547_/A1	0	0.5	frozen_count
_0726_	_4548_/C2	0	0.5	frozen_count
_0727_	_3529_/ZN	0	0.5	frozen_count
_0727_	_3877_/A1	0	0.5	frozen_count
_0728_	_3530_/ZN	0	0.5	frozen_count
_0728_	_3538_/B1	0	0.5	frozen_count
_0728_	_3876_/A	0	0.5	frozen_count
_0729_	_3531_/ZN	0	0.5	frozen_count
_0729_	_3537_/B2	0	0.5	frozen_count
_0729_	_3557_/A	0	0.5	frozen_count
_0729_	_3874_/A1	0	0.5	frozen_count
_0730_	_3532_/ZN	0	0.5	frozen_count
_0730_	_3537_/B1	0	0.5	frozen_count
_0730_	_3868_/A1	0	0.5	frozen_count
_0731_	_3533_/ZN	0	0.5	frozen_count
_0731_	_3583_/A1	0	0.5	frozen_count
_0731_	_3873_/A1	0	0.5	frozen_count
_0732_	_3534_/ZN	0	0.5	frozen_count
_0732_	_3876_/B1	0	0.5	frozen_count
_0733_	_3535_/ZN	0	0.5	frozen_count
_0733_	_3536_/A	0	0.5	frozen_count
_0733_	_3581_/A1	0	0.5	frozen_count
_0733_	_3583_/A2	0	0.5	frozen_count
_0734_	_3536_/ZN	0	0.5	frozen_count
_0734_	_3537_/A	0	0.5	frozen_count
_0734_	_3875_/A1	0	0.5	frozen_count
_0734_	_4366_/A1	0	0.5	frozen_count
_0735_	_3537_/ZN	0	0.5	frozen_count
_0735_	_3538_/B2	0	0.5	frozen_count
_0736_	_3538_/ZN	0	0.5	frozen_count
_0736_	_3542_/A1	0	0.5	frozen_count
_0736_	_3611_/A1	0	0.5	frozen_count
_0737_	_3539_/ZN	0	0.5	frozen_count
_0737_	_3540_/A	0	0.5	frozen_count
_0737_	_4084_/A	0	0.5	frozen_count
_0738_	_3540_/ZN	0	0.5	frozen_count
_0738_	_3541_/A	0	0.5	frozen_count
_0738_	_3542_/A2	0	0.5	frozen_count
_0738_	_3552_/B2	0	0.5	frozen_count
_0738_	_3609_/A1	0	0.5	frozen_count
_0738_	_3610_/A1	0	0.5	frozen_count
_0739_	_3541_/ZN	0	0.5	frozen_count
_0739_	_4103_/B2	0	0.5	frozen_count
_0740_	_3542_/ZN	0	0.5	frozen_count
_0740_	_3546_/A1	0	0.5	frozen_count
_0740_	_3558_/A	0	0.5	frozen_count
_0741_	_3543_/ZN	0	0.5	frozen_count
_0741_	_3545_/A1	0	0.5	frozen_count
_0741_	_3584_/A	0	0.5	frozen_count
_0741_	_3867_/A	0	0.5	frozen_count
_0741_	_3868_/A2	0	0.5	frozen_count
_0742_	_3544_/ZN	0	0.5	frozen_count
_0742_	_3545_/A2	0	0.5	frozen_count
_0742_	_3584_/B1	0	0.5	frozen_count
_0742_	_3870_/B	0	0.5	frozen_count
_0743_	_3545_/ZN	0	0.5	frozen_count
_0743_	_3546_/A2	0	0.5	frozen_count
_0743_	_3866_/B1	0	0.5	frozen_count
_0743_	_3869_/B1	0	0.5	frozen_count
_0744_	_3546_/ZN	0	0.5	frozen_count
_0744_	_3547_/A2	0	0.5	frozen_count
_0745_	_3547_/ZN	0	0.5	frozen_count
_0745_	_3565_/B2	0	0.5	frozen_count
_0746_	_3548_/ZN	0	0.5	frozen_count
_0746_	_3552_/B1	0	0.5	frozen_count
_0746_	_3878_/A1	0	0.5	frozen_count
_0747_	_3549_/ZN	0	0.5	frozen_count
_0747_	_3580_/A	0	0.5	frozen_count
_0747_	_4084_/B1	0	0.5	frozen_count
_0748_	_3550_/ZN	0	0.5	frozen_count
_0748_	_3553_/A1	0	0.5	frozen_count
_0748_	_4103_/A	0	0.5	frozen_count
_0749_	_3551_/ZN	0	0.5	frozen_count
_0749_	_3552_/A	0	0.5	frozen_count
_0749_	_3613_/C2	0	0.5	frozen_count
_0750_	_3552_/ZN	0	0.5	frozen_count
_0750_	_3553_/A2	0	0.5	frozen_count
_0751_	_3553_/ZN	0	0.5	frozen_count
_0751_	_3560_/A1	0	0.5	frozen_count
_0751_	_4116_/A1	0	0.5	frozen_count
_0752_	_3554_/ZN	0	0.5	frozen_count
_0752_	_3556_/A1	0	0.5	frozen_count
_0752_	_3583_/A3	0	0.5	frozen_count
_0752_	_3866_/A	0	0.5	frozen_count
_0753_	_3555_/ZN	0	0.5	frozen_count
_0753_	_3556_/A2	0	0.5	frozen_count
_0753_	_3581_/A2	0	0.5	frozen_count
_0754_	_3556_/ZN	0	0.5	frozen_count
_0754_	_3558_/B1	0	0.5	frozen_count
_0754_	_3873_/A2	0	0.5	frozen_count
_0755_	_3557_/ZN	0	0.5	frozen_count
_0755_	_3558_/B2	0	0.5	frozen_count
_0755_	_3608_/A	0	0.5	frozen_count
_0756_	_3558_/ZN	0	0.5	frozen_count
_0756_	_3560_/A2	0	0.5	frozen_count
_0757_	_3559_/ZN	0	0.5	frozen_count
_0757_	_3560_/A3	0	0.5	frozen_count
_0757_	_3564_/A1	0	0.5	frozen_count
_0757_	_3613_/A	0	0.5	frozen_count
_0758_	_3560_/ZN	0	0.5	frozen_count
_0758_	_3565_/B1	0	0.5	frozen_count
_0759_	_3561_/ZN	0	0.5	frozen_count
_0759_	_3563_/A	0	0.5	frozen_count
_0759_	_3612_/A1	0	0.5	frozen_count
_0759_	_4129_/A1	0	0.5	frozen_count
_0760_	_3562_/ZN	0	0.5	frozen_count
_0760_	_3609_/A2	0	0.5	frozen_count
_0760_	_3610_/A2	0	0.5	frozen_count
_0760_	_4116_/A2	0	0.5	frozen_count
_0761_	_3563_/ZN	0	0.5	frozen_count
_0761_	_3564_/A2	0	0.5	frozen_count
_0761_	_3613_/C1	0	0.5	frozen_count
_0762_	_3564_/ZN	0	0.5	frozen_count
_0762_	_3565_/A	0	0.5	frozen_count
_0763_	_3565_/ZN	0	0.5	frozen_count
_0763_	_3567_/A1	0	0.5	frozen_count
_0763_	_3830_/S	0	0.5	frozen_count
_0763_	_3848_/C2	0	0.5	frozen_count
_0763_	_3859_/A	0	0.5	frozen_count
_0764_	_3566_/ZN	0	0.5	frozen_count
_0764_	_3567_/A2	0	0.5	frozen_count
_0764_	_3614_/A	0	0.5	frozen_count
_0764_	_3829_/A2	0	0.5	frozen_count
_0764_	_3831_/B1	0	0.5	frozen_count
_0764_	_3848_/A	0	0.5	frozen_count
_0765_	_3567_/ZN	0	0.5	frozen_count
_0765_	_3568_/B2	0	0.5	frozen_count
_0765_	_3569_/C2	0	0.5	frozen_count
_0765_	_3849_/A2	0	0.5	frozen_count
_0766_	_3568_/ZN	0	0.5	frozen_count
_0766_	_3836_/A	0	0.5	frozen_count
_0767_	_3569_/ZN	0	0.5	frozen_count
_0767_	_3570_/A2	0	0.5	frozen_count
_0767_	_3741_/A2	0	0.5	frozen_count
_0768_	_3570_/ZN	0	0.5	frozen_count
_0768_	_3576_/B2	0	0.5	frozen_count
_0769_	_3571_/ZN	0	0.5	frozen_count
_0769_	_3573_/A	0	0.5	frozen_count
_0769_	_3619_/A	0	0.5	frozen_count
_0770_	_3572_/ZN	0	0.5	frozen_count
_0770_	_3573_/B	0	0.5	frozen_count
_0771_	_3573_/ZN	0	0.5	frozen_count
_0771_	_3576_/B1	0	0.5	frozen_count
_0772_	_3574_/ZN	0	0.5	frozen_count
_0772_	_3575_/B1	0	0.5	frozen_count
_0772_	_3615_/A	0	0.5	frozen_count
_0773_	_3575_/ZN	0	0.5	frozen_count
_0773_	_3576_/A	0	0.5	frozen_count
_0774_	_3576_/ZN	0	0.5	frozen_count
_0774_	_3577_/A3	0	0.5	frozen_count
_0774_	_3578_/A2	0	0.5	frozen_count
_0775_	_3577_/ZN	0	0.5	frozen_count
_0775_	_3702_/C1	0	0.5	frozen_count
_0776_	_3578_/ZN	0	0.5	frozen_count
_0776_	_3701_/A	0	0.5	frozen_count
_0777_	_3579_/ZN	0	0.5	frozen_count
_0777_	_3700_/A1	0	0.5	frozen_count
_0778_	_3580_/ZN	0	0.5	frozen_count
_0778_	_3582_/A1	0	0.5	frozen_count
_0778_	_3611_/A2	0	0.5	frozen_count
_0779_	_3581_/ZN	0	0.5	frozen_count
_0779_	_3582_/A2	0	0.5	frozen_count
_0780_	_3582_/ZN	0	0.5	frozen_count
_0780_	_3608_/B	0	0.5	frozen_count
_0781_	_3583_/ZN	0	0.5	frozen_count
_0781_	_3584_/B2	0	0.5	frozen_count
_0781_	_3607_/A2	0	0.5	frozen_count
_0782_	_3584_/ZN	0	0.5	frozen_count
_0782_	_3608_/C1	0	0.5	frozen_count
_0783_	_3585_/ZN	0	0.5	frozen_count
_0783_	_3588_/A1	0	0.5	frozen_count
_0783_	_3604_/B1	0	0.5	frozen_count
_0784_	_3586_/ZN	0	0.5	frozen_count
_0784_	_3871_/B1	0	0.5	frozen_count
_0785_	_3587_/ZN	0	0.5	frozen_count
_0785_	_3588_/A2	0	0.5	frozen_count
_0786_	_3588_/ZN	0	0.5	frozen_count
_0786_	_3598_/A	0	0.5	frozen_count
_0786_	_3603_/A1	0	0.5	frozen_count
_0787_	_3589_/ZN	0	0.5	frozen_count
_0787_	_3597_/A	0	0.5	frozen_count
_0787_	_3602_/A	0	0.5	frozen_count
_0788_	_3590_/ZN	0	0.5	frozen_count
_0788_	_3591_/C2	0	0.5	frozen_count
_0789_	_3591_/ZN	0	0.5	frozen_count
_0789_	_3592_/A2	0	0.5	frozen_count
_0790_	_3592_/ZN	0	0.5	frozen_count
_0790_	_3594_/B1	0	0.5	frozen_count
_0791_	_3593_/ZN	0	0.5	frozen_count
_0791_	_3594_/B2	0	0.5	frozen_count
_0792_	_3594_/ZN	0	0.5	frozen_count
_0792_	_3595_/B2	0	0.5	frozen_count
_0793_	_3595_/ZN	0	0.5	frozen_count
_0793_	_3596_/A3	0	0.5	frozen_count
_0794_	_3596_/ZN	0	0.5	frozen_count
_0794_	_3597_/B1	0	0.5	frozen_count
_0795_	_3597_/ZN	0	0.5	frozen_count
_0795_	_3598_/B1	0	0.5	frozen_count
_0796_	_3598_/ZN	0	0.5	frozen_count
_0796_	_3606_/A1	0	0.5	frozen_count
_0797_	_3599_/ZN	0	0.5	frozen_count
_0797_	_3600_/A2	0	0.5	frozen_count
_0798_	_3600_/ZN	0	0.5	frozen_count
_0798_	_3603_/A2	0	0.5	frozen_count
_0799_	_3601_/ZN	0	0.5	frozen_count
_0799_	_3602_/B	0	0.5	frozen_count
_0800_	_3602_/ZN	0	0.5	frozen_count
_0800_	_3603_/A3	0	0.5	frozen_count
_0801_	_3603_/ZN	0	0.5	frozen_count
_0801_	_3606_/A2	0	0.5	frozen_count
_0802_	_3604_/ZN	0	0.5	frozen_count
_0802_	_3605_/B1	0	0.5	frozen_count
_0803_	_3605_/ZN	0	0.5	frozen_count
_0803_	_3606_/A3	0	0.5	frozen_count
_0804_	_3606_/ZN	0	0.5	frozen_count
_0804_	_3607_/A3	0	0.5	frozen_count
_0805_	_3607_/ZN	0	0.5	frozen_count
_0805_	_3608_/C2	0	0.5	frozen_count
_0806_	_3608_/ZN	0	0.5	frozen_count
_0806_	_3613_/B1	0	0.5	frozen_count
_0807_	_3609_/ZN	0	0.5	frozen_count
_0807_	_3612_/A2	0	0.5	frozen_count
_0808_	_3610_/ZN	0	0.5	frozen_count
_0808_	_4116_/B1	0	0.5	frozen_count
_0809_	_3611_/ZN	0	0.5	frozen_count
_0809_	_3612_/A3	0	0.5	frozen_count
_0810_	_3612_/ZN	0	0.5	frozen_count
_0810_	_3613_/B2	0	0.5	frozen_count
_0811_	_3613_/ZN	0	0.5	frozen_count
_0811_	_3617_/C2	0	0.5	frozen_count
_0812_	_3614_/ZN	0	0.5	frozen_count
_0812_	_3617_/C1	0	0.5	frozen_count
_0813_	_3615_/ZN	0	0.5	frozen_count
_0813_	_3616_/A2	0	0.5	frozen_count
_0813_	_3647_/A1	0	0.5	frozen_count
_0814_	_3616_/ZN	0	0.5	frozen_count
_0814_	_3617_/B	0	0.5	frozen_count
_0815_	_3617_/ZN	0	0.5	frozen_count
_0815_	_3623_/A1	0	0.5	frozen_count
_0815_	_3624_/B1	0	0.5	frozen_count
_0816_	_3618_/ZN	0	0.5	frozen_count
_0816_	_3620_/B1	0	0.5	frozen_count
_0817_	_3619_/ZN	0	0.5	frozen_count
_0817_	_3620_/B2	0	0.5	frozen_count
_0818_	_3620_/ZN	0	0.5	frozen_count
_0818_	_3622_/B1	0	0.5	frozen_count
_0819_	_3621_/ZN	0	0.5	frozen_count
_0819_	_3622_/B2	0	0.5	frozen_count
_0819_	_3647_/A2	0	0.5	frozen_count
_0820_	_3622_/ZN	0	0.5	frozen_count
_0820_	_3623_/A2	0	0.5	frozen_count
_0820_	_3624_/B2	0	0.5	frozen_count
_0821_	_3623_/ZN	0	0.5	frozen_count
_0821_	_3699_/S	0	0.5	frozen_count
_0822_	_3624_/ZN	0	0.5	frozen_count
_0822_	_3696_/B1	0	0.5	frozen_count
_0823_	_3625_/ZN	0	0.5	frozen_count
_0823_	_3626_/A	0	0.5	frozen_count
_0823_	_3692_/A1	0	0.5	frozen_count
_0823_	_3828_/A1	0	0.5	frozen_count
_0823_	_3832_/B1	0	0.5	frozen_count
_0823_	_3836_/B	0	0.5	frozen_count
_0824_	_3626_/ZN	0	0.5	frozen_count
_0824_	_3826_/A	0	0.5	frozen_count
_0824_	_3829_/A3	0	0.5	frozen_count
_0825_	_3627_/ZN	0	0.5	frozen_count
_0825_	_3747_/A1	0	0.5	frozen_count
_0825_	_3808_/A	0	0.5	frozen_count
_0826_	_3628_/ZN	0	0.5	frozen_count
_0826_	_3694_/A1	0	0.5	frozen_count
_0826_	_3856_/A	0	0.5	frozen_count
_0826_	_3859_/B	0	0.5	frozen_count
_0827_	_3629_/ZN	0	0.5	frozen_count
_0827_	_3747_/A2	0	0.5	frozen_count
_0827_	_3855_/A	0	0.5	frozen_count
_0828_	_3630_/ZN	0	0.5	frozen_count
_0828_	_3632_/A1	0	0.5	frozen_count
_0828_	_3807_/A3	0	0.5	frozen_count
_0828_	_4133_/A2	0	0.5	frozen_count
_0829_	_3631_/ZN	0	0.5	frozen_count
_0829_	_3632_/A2	0	0.5	frozen_count
_0829_	_3855_/B1	0	0.5	frozen_count
_0829_	_4133_/A3	0	0.5	frozen_count
_0830_	_3632_/ZN	0	0.5	frozen_count
_0830_	_3693_/A1	0	0.5	frozen_count
_0830_	_4132_/A	0	0.5	frozen_count
_0830_	_4134_/A2	0	0.5	frozen_count
_0830_	_4135_/A2	0	0.5	frozen_count
_0830_	_4144_/A	0	0.5	frozen_count
_0831_	_3633_/ZN	0	0.5	frozen_count
_0831_	_3685_/A1	0	0.5	frozen_count
_0831_	_4102_/A	0	0.5	frozen_count
_0831_	_4104_/A	0	0.5	frozen_count
_0832_	_3634_/ZN	0	0.5	frozen_count
_0832_	_3801_/A1	0	0.5	frozen_count
_0832_	_3802_/B1	0	0.5	frozen_count
_0832_	_3803_/A2	0	0.5	frozen_count
_0833_	_3635_/ZN	0	0.5	frozen_count
_0833_	_4085_/A	0	0.5	frozen_count
_0833_	_4086_/B1	0	0.5	frozen_count
_0833_	_4094_/A	0	0.5	frozen_count
_0834_	_3636_/ZN	0	0.5	frozen_count
_0834_	_3685_/A2	0	0.5	frozen_count
_0834_	_4091_/B2	0	0.5	frozen_count
_0834_	_4093_/A1	0	0.5	frozen_count
_0835_	_3637_/ZN	0	0.5	frozen_count
_0835_	_3639_/A1	0	0.5	frozen_count
_0835_	_3795_/A1	0	0.5	frozen_count
_0835_	_3798_/A1	0	0.5	frozen_count
_0835_	_3799_/A	0	0.5	frozen_count
_0835_	_4094_/B1	0	0.5	frozen_count
_0836_	_3638_/ZN	0	0.5	frozen_count
_0836_	_3639_/A2	0	0.5	frozen_count
_0836_	_3796_/A1	0	0.5	frozen_count
_0837_	_3639_/ZN	0	0.5	frozen_count
_0837_	_3685_/A3	0	0.5	frozen_count
_0837_	_3879_/B1	0	0.5	frozen_count
_0837_	_3880_/B2	0	0.5	frozen_count
_0837_	_3883_/A1	0	0.5	frozen_count
_0837_	_3884_/A1	0	0.5	frozen_count
_0837_	_3885_/C1	0	0.5	frozen_count
_0838_	_3640_/ZN	0	0.5	frozen_count
_0838_	_3684_/A1	0	0.5	frozen_count
_0838_	_4378_/A	0	0.5	frozen_count
_0838_	_4380_/A	0	0.5	frozen_count
_0839_	_3641_/ZN	0	0.5	frozen_count
_0839_	_3643_/A1	0	0.5	frozen_count
_0839_	_3795_/A2	0	0.5	frozen_count
_0839_	_3881_/A1	0	0.5	frozen_count
_0840_	_3642_/ZN	0	0.5	frozen_count
_0840_	_3643_/A2	0	0.5	frozen_count
_0840_	_3790_/A1	0	0.5	frozen_count
_0841_	_3643_/ZN	0	0.5	frozen_count
_0841_	_3663_/A1	0	0.5	frozen_count
_0841_	_4356_/B2	0	0.5	frozen_count
_0841_	_4357_/B2	0	0.5	frozen_count
_0841_	_4358_/A	0	0.5	frozen_count
_0842_	_3644_/ZN	0	0.5	frozen_count
_0842_	_3782_/A	0	0.5	frozen_count
_0842_	_3991_/A1	0	0.5	frozen_count
_0843_	_3645_/Z	0	0.5	frozen_count
_0843_	_3648_/A3	0	0.5	frozen_count
_0843_	_4539_/A1	0	0.5	frozen_count
_0843_	_4540_/A	0	0.5	frozen_count
_0843_	_4543_/A	0	0.5	frozen_count
_0843_	_4545_/A	0	0.5	frozen_count
_0843_	_4547_/B	0	0.5	frozen_count
_0844_	_3646_/ZN	0	0.5	frozen_count
_0844_	_3647_/A3	0	0.5	frozen_count
_0845_	_3647_/ZN	0	0.5	frozen_count
_0845_	_3648_/A4	0	0.5	frozen_count
_0846_	_3648_/ZN	0	0.5	frozen_count
_0846_	_3662_/A1	0	0.5	frozen_count
_0847_	_3649_/ZN	0	0.5	frozen_count
_0847_	_3652_/A1	0	0.5	frozen_count
_0847_	_3758_/A	0	0.5	frozen_count
_0848_	_3650_/ZN	0	0.5	frozen_count
_0848_	_3931_/B2	0	0.5	frozen_count
_0849_	_3651_/ZN	0	0.5	frozen_count
_0849_	_3652_/A2	0	0.5	frozen_count
_0849_	_3757_/A3	0	0.5	frozen_count
_0849_	_3777_/A1	0	0.5	frozen_count
_0849_	_3931_/A	0	0.5	frozen_count
_0850_	_3652_/ZN	0	0.5	frozen_count
_0850_	_3656_/A2	0	0.5	frozen_count
_0850_	_4008_/B2	0	0.5	frozen_count
_0850_	_4009_/A	0	0.5	frozen_count
_0850_	_4010_/B2	0	0.5	frozen_count
_0850_	_4012_/A	0	0.5	frozen_count
_0851_	_3653_/ZN	0	0.5	frozen_count
_0851_	_3656_/A3	0	0.5	frozen_count
_0851_	_4573_/B	0	0.5	frozen_count
_0851_	_4574_/B	0	0.5	frozen_count
_0852_	_3654_/ZN	0	0.5	frozen_count
_0852_	_3655_/A	0	0.5	frozen_count
_0852_	_4650_/A	0	0.5	frozen_count
_0852_	_4654_/C2	0	0.5	frozen_count
_0852_	_4656_/C1	0	0.5	frozen_count
_0853_	_3655_/ZN	0	0.5	frozen_count
_0853_	_3656_/A4	0	0.5	frozen_count
_0854_	_3656_/ZN	0	0.5	frozen_count
_0854_	_3662_/A2	0	0.5	frozen_count
_0855_	_3657_/ZN	0	0.5	frozen_count
_0855_	_3661_/A2	0	0.5	frozen_count
_0855_	_4021_/A	0	0.5	frozen_count
_0855_	_4024_/B	0	0.5	frozen_count
_0856_	_3658_/ZN	0	0.5	frozen_count
_0856_	_3661_/A3	0	0.5	frozen_count
_0856_	_3910_/A	0	0.5	frozen_count
_0856_	_3912_/B2	0	0.5	frozen_count
_0856_	_3913_/B1	0	0.5	frozen_count
_0857_	_3659_/ZN	0	0.5	frozen_count
_0857_	_3768_/B1	0	0.5	frozen_count
_0858_	_3660_/ZN	0	0.5	frozen_count
_0858_	_3661_/A4	0	0.5	frozen_count
_0858_	_4632_/A	0	0.5	frozen_count
_0858_	_4633_/B	0	0.5	frozen_count
_0859_	_3661_/ZN	0	0.5	frozen_count
_0859_	_3662_/A3	0	0.5	frozen_count
_0860_	_3662_/ZN	0	0.5	frozen_count
_0860_	_3663_/A2	0	0.5	frozen_count
_0861_	_3663_/ZN	0	0.5	frozen_count
_0861_	_3684_/A2	0	0.5	frozen_count
_0862_	_3664_/ZN	0	0.5	frozen_count
_0862_	_3667_/A1	0	0.5	frozen_count
_0862_	_3791_/A	0	0.5	frozen_count
_0862_	_4377_/B2	0	0.5	frozen_count
_0863_	_3665_/ZN	0	0.5	frozen_count
_0863_	_3666_/A	0	0.5	frozen_count
_0863_	_3667_/A2	0	0.5	frozen_count
_0863_	_3748_/A	0	0.5	frozen_count
_0864_	_3666_/ZN	0	0.5	frozen_count
_0864_	_4377_/A	0	0.5	frozen_count
_0865_	_3667_/ZN	0	0.5	frozen_count
_0865_	_3683_/A1	0	0.5	frozen_count
_0865_	_4364_/A	0	0.5	frozen_count
_0865_	_4368_/A	0	0.5	frozen_count
_0865_	_4370_/B2	0	0.5	frozen_count
_0866_	_3668_/ZN	0	0.5	frozen_count
_0866_	_3776_/A	0	0.5	frozen_count
_0866_	_3778_/A	0	0.5	frozen_count
_0867_	_3669_/ZN	0	0.5	frozen_count
_0867_	_3683_/A2	0	0.5	frozen_count
_0867_	_3942_/A	0	0.5	frozen_count
_0867_	_3945_/B2	0	0.5	frozen_count
_0867_	_3946_/B1	0	0.5	frozen_count
_0868_	_3670_/Z	0	0.5	frozen_count
_0868_	_3683_/A3	0	0.5	frozen_count
_0868_	_3992_/A	0	0.5	frozen_count
_0868_	_3995_/A1	0	0.5	frozen_count
_0868_	_3996_/A1	0	0.5	frozen_count
_0869_	_3671_/ZN	0	0.5	frozen_count
_0869_	_3673_/A1	0	0.5	frozen_count
_0869_	_3985_/A1	0	0.5	frozen_count
_0870_	_3672_/ZN	0	0.5	frozen_count
_0870_	_3673_/A2	0	0.5	frozen_count
_0870_	_3788_/B2	0	0.5	frozen_count
_0871_	_3673_/ZN	0	0.5	frozen_count
_0871_	_3682_/A1	0	0.5	frozen_count
_0871_	_3920_/A	0	0.5	frozen_count
_0871_	_3922_/B	0	0.5	frozen_count
_0872_	_3674_/ZN	0	0.5	frozen_count
_0872_	_3989_/B2	0	0.5	frozen_count
_0873_	_3675_/ZN	0	0.5	frozen_count
_0873_	_3989_/A	0	0.5	frozen_count
_0874_	_3676_/ZN	0	0.5	frozen_count
_0874_	_3682_/A2	0	0.5	frozen_count
_0874_	_4051_/B2	0	0.5	frozen_count
_0874_	_4052_/B1	0	0.5	frozen_count
_0874_	_4054_/A	0	0.5	frozen_count
_0875_	_3677_/ZN	0	0.5	frozen_count
_0875_	_3679_/A1	0	0.5	frozen_count
_0875_	_3773_/A1	0	0.5	frozen_count
_0875_	_3774_/B1	0	0.5	frozen_count
_0876_	_3678_/ZN	0	0.5	frozen_count
_0876_	_3679_/A2	0	0.5	frozen_count
_0876_	_3772_/A	0	0.5	frozen_count
_0877_	_3679_/ZN	0	0.5	frozen_count
_0877_	_3682_/A3	0	0.5	frozen_count
_0877_	_4601_/A	0	0.5	frozen_count
_0877_	_4602_/B2	0	0.5	frozen_count
_0877_	_4604_/A2	0	0.5	frozen_count
_0877_	_4607_/C1	0	0.5	frozen_count
_0877_	_4608_/A	0	0.5	frozen_count
_0878_	_3680_/ZN	0	0.5	frozen_count
_0878_	_3681_/A	0	0.5	frozen_count
_0878_	_3959_/B2	0	0.5	frozen_count
_0878_	_3960_/A2	0	0.5	frozen_count
_0879_	_3681_/ZN	0	0.5	frozen_count
_0879_	_3682_/A4	0	0.5	frozen_count
_0879_	_3956_/A	0	0.5	frozen_count
_0880_	_3682_/ZN	0	0.5	frozen_count
_0880_	_3683_/A4	0	0.5	frozen_count
_0881_	_3683_/ZN	0	0.5	frozen_count
_0881_	_3684_/A3	0	0.5	frozen_count
_0882_	_3684_/ZN	0	0.5	frozen_count
_0882_	_3685_/A4	0	0.5	frozen_count
_0883_	_3685_/ZN	0	0.5	frozen_count
_0883_	_3694_/A2	0	0.5	frozen_count
_0884_	_3686_/ZN	0	0.5	frozen_count
_0884_	_3805_/A	0	0.5	frozen_count
_0885_	_3687_/ZN	0	0.5	frozen_count
_0885_	_3693_/A2	0	0.5	frozen_count
_0885_	_4117_/A	0	0.5	frozen_count
_0885_	_4118_/A	0	0.5	frozen_count
_0885_	_4122_/A	0	0.5	frozen_count
_0886_	_3688_/ZN	0	0.5	frozen_count
_0886_	_3811_/B2	0	0.5	frozen_count
_0887_	_3689_/ZN	0	0.5	frozen_count
_0887_	_3811_/A	0	0.5	frozen_count
_0888_	_3690_/ZN	0	0.5	frozen_count
_0888_	_3692_/A2	0	0.5	frozen_count
_0888_	_3843_/A	0	0.5	frozen_count
_0888_	_3845_/B1	0	0.5	frozen_count
_0888_	_3846_/B2	0	0.5	frozen_count
_0888_	_3848_/B	0	0.5	frozen_count
_0888_	_3849_/A3	0	0.5	frozen_count
_0889_	_3691_/Z	0	0.5	frozen_count
_0889_	_3692_/A3	0	0.5	frozen_count
_0889_	_3743_/A1	0	0.5	frozen_count
_0889_	_3817_/A1	0	0.5	frozen_count
_0889_	_3818_/C2	0	0.5	frozen_count
_0889_	_3822_/A	0	0.5	frozen_count
_0890_	_3692_/ZN	0	0.5	frozen_count
_0890_	_3694_/A3	0	0.5	frozen_count
_0891_	_3693_/ZN	0	0.5	frozen_count
_0891_	_3694_/A4	0	0.5	frozen_count
_0892_	_3694_/ZN	0	0.5	frozen_count
_0892_	_3695_/B2	0	0.5	frozen_count
_0892_	_3696_/C2	0	0.5	frozen_count
_0893_	_3695_/ZN	0	0.5	frozen_count
_0893_	_3696_/A	0	0.5	frozen_count
_0894_	_3696_/ZN	0	0.5	frozen_count
_0894_	_3700_/A2	0	0.5	frozen_count
_0895_	_3697_/ZN	0	0.5	frozen_count
_0895_	_3698_/A2	0	0.5	frozen_count
_0895_	_3814_/B1	0	0.5	frozen_count
_0895_	_4539_/A2	0	0.5	frozen_count
_0895_	_4598_/B1	0	0.5	frozen_count
_0896_	_3698_/ZN	0	0.5	frozen_count
_0896_	_3699_/B	0	0.5	frozen_count
_0897_	_3699_/Z	0	0.5	frozen_count
_0897_	_3700_/A3	0	0.5	frozen_count
_0898_	_3700_/ZN	0	0.5	frozen_count
_0898_	_3701_/B	0	0.5	frozen_count
_0899_	_3701_/ZN	0	0.5	frozen_count
_0899_	_3702_/C2	0	0.5	frozen_count
_0900_	_3702_/ZN	0	0.5	frozen_count
_0900_	_3703_/A2	0	0.5	frozen_count
_0901_	_3705_/ZN	0	0.5	frozen_count
_0901_	_3706_/A2	0	0.5	frozen_count
_0901_	_3707_/A3	0	0.5	frozen_count
_0901_	_3981_/B	0	0.5	frozen_count
_0901_	_4628_/A1	0	0.5	frozen_count
_0902_	_3706_/ZN	0	0.5	frozen_count
_0902_	_4609_/B	0	0.5	frozen_count
_0903_	_3707_/ZN	0	0.5	frozen_count
_0903_	_3708_/A2	0	0.5	frozen_count
_0903_	_3709_/A3	0	0.5	frozen_count
_0903_	_3916_/B	0	0.5	frozen_count
_0904_	_3708_/ZN	0	0.5	frozen_count
_0904_	_3949_/B	0	0.5	frozen_count
_0905_	_3709_/ZN	0	0.5	frozen_count
_0905_	_3710_/A2	0	0.5	frozen_count
_0905_	_4015_/B	0	0.5	frozen_count
_0906_	_3710_/ZN	0	0.5	frozen_count
_0906_	_3711_/A2	0	0.5	frozen_count
_0906_	_3712_/A3	0	0.5	frozen_count
_0906_	_3937_/B	0	0.5	frozen_count
_0907_	_3711_/ZN	0	0.5	frozen_count
_0907_	_4039_/B	0	0.5	frozen_count
_0908_	_3712_/ZN	0	0.5	frozen_count
_0908_	_3713_/A2	0	0.5	frozen_count
_0908_	_3963_/B	0	0.5	frozen_count
_0909_	_3713_/ZN	0	0.5	frozen_count
_0909_	_3714_/A2	0	0.5	frozen_count
_0909_	_3715_/A3	0	0.5	frozen_count
_0909_	_4027_/B	0	0.5	frozen_count
_0910_	_3714_/ZN	0	0.5	frozen_count
_0910_	_3924_/B	0	0.5	frozen_count
_0911_	_3715_/ZN	0	0.5	frozen_count
_0911_	_3716_/A2	0	0.5	frozen_count
_0911_	_4057_/B	0	0.5	frozen_count
_0912_	_3716_/ZN	0	0.5	frozen_count
_0912_	_3717_/A2	0	0.5	frozen_count
_0912_	_4550_/B	0	0.5	frozen_count
_0913_	_3717_/ZN	0	0.5	frozen_count
_0913_	_3718_/A2	0	0.5	frozen_count
_0913_	_3719_/A4	0	0.5	frozen_count
_0913_	_4000_/B	0	0.5	frozen_count
_0914_	_3718_/ZN	0	0.5	frozen_count
_0914_	_4359_/B	0	0.5	frozen_count
_0914_	_4371_/B2	0	0.5	frozen_count
_0915_	_3719_/ZN	0	0.5	frozen_count
_0915_	place226/A	0	0.5	frozen_count
_0916_	_3720_/ZN	0	0.5	frozen_count
_0916_	_3888_/B	0	0.5	frozen_count
_0917_	_3721_/ZN	0	0.5	frozen_count
_0917_	_3722_/A2	0	0.5	frozen_count
_0917_	_4096_/B	0	0.5	frozen_count
_0918_	_3722_/ZN	0	0.5	frozen_count
_0918_	_3723_/A2	0	0.5	frozen_count
_0918_	_4107_/B1	0	0.5	frozen_count
_0919_	_3723_/ZN	0	0.5	frozen_count
_0919_	_3724_/A3	0	0.5	frozen_count
_0919_	_4108_/A1	0	0.5	frozen_count
_0919_	_4125_/B	0	0.5	frozen_count
_0919_	_4140_/B2	0	0.5	frozen_count
_0920_	_3724_/ZN	0	0.5	frozen_count
_0920_	_3725_/A2	0	0.5	frozen_count
_0920_	_3861_/B	0	0.5	frozen_count
_0920_	_4141_/A1	0	0.5	frozen_count
_0921_	_3725_/ZN	0	0.5	frozen_count
_0921_	_3726_/A2	0	0.5	frozen_count
_0921_	_3844_/B	0	0.5	frozen_count
_0922_	_3726_/ZN	0	0.5	frozen_count
_0922_	_3727_/A2	0	0.5	frozen_count
_0922_	_3839_/B	0	0.5	frozen_count
_0923_	_3727_/ZN	0	0.5	frozen_count
_0923_	_3728_/A2	0	0.5	frozen_count
_0923_	_3729_/A3	0	0.5	frozen_count
_0923_	_3819_/B	0	0.5	frozen_count
_0924_	_3728_/ZN	0	0.5	frozen_count
_0924_	_3738_/B	0	0.5	frozen_count
_0925_	_3729_/ZN	0	0.5	frozen_count
_0925_	_3730_/B	0	0.5	frozen_count
_0926_	_3730_/ZN	0	0.5	frozen_count
_0926_	_3733_/B1	0	0.5	frozen_count
_0926_	_4391_/C2	0	0.5	frozen_count
_0927_	_3731_/ZN	0	0.5	frozen_count
_0927_	_3732_/A2	0	0.5	frozen_count
_0927_	_3744_/B1	0	0.5	frozen_count
_0928_	_3732_/ZN	0	0.5	frozen_count
_0928_	_3733_/A	0	0.5	frozen_count
_0928_	_3739_/A	0	0.5	frozen_count
_0928_	_4389_/A2	0	0.5	frozen_count
_0929_	_3733_/ZN	0	0.5	frozen_count
_0929_	_3737_/B	0	0.5	frozen_count
_0929_	_3894_/B	0	0.5	frozen_count
_0930_	_3734_/ZN	0	0.5	frozen_count
_0930_	_3735_/A3	0	0.5	frozen_count
_0931_	_3735_/ZN	0	0.5	frozen_count
_0931_	_3736_/A2	0	0.5	frozen_count
_0931_	_3893_/A2	0	0.5	frozen_count
_0932_	_3736_/ZN	0	0.5	frozen_count
_0932_	_3737_/S	0	0.5	frozen_count
_0932_	_3740_/S	0	0.5	frozen_count
_0932_	_3825_/S	0	0.5	frozen_count
_0932_	_3842_/S	0	0.5	frozen_count
_0932_	_3854_/S	0	0.5	frozen_count
_0932_	_3864_/S	0	0.5	frozen_count
_0932_	_4513_/S	0	0.5	frozen_count
_0932_	_4517_/S	0	0.5	frozen_count
_0932_	_4521_/S	0	0.5	frozen_count
_0932_	_4525_/S	0	0.5	frozen_count
_0932_	_4643_/A2	0	0.5	frozen_count
_0932_	_4644_/B2	0	0.5	frozen_count
_0932_	place232/A	0	0.5	frozen_count
_0932_	place233/A	0	0.5	frozen_count
_0933_	_3738_/ZN	0	0.5	frozen_count
_0933_	_3739_/B1	0	0.5	frozen_count
_0933_	_4701_/C2	0	0.5	frozen_count
_0934_	_3739_/ZN	0	0.5	frozen_count
_0934_	_3740_/B	0	0.5	frozen_count
_0934_	_3895_/B	0	0.5	frozen_count
_0935_	_3741_/ZN	0	0.5	frozen_count
_0935_	_3743_/A2	0	0.5	frozen_count
_0935_	_3813_/A2	0	0.5	frozen_count
_0935_	_3814_/A	0	0.5	frozen_count
_0936_	_3742_/ZN	0	0.5	frozen_count
_0936_	_3743_/A3	0	0.5	frozen_count
_0936_	_4545_/B	0	0.5	frozen_count
_0936_	_4601_/B1	0	0.5	frozen_count
_0937_	_3743_/ZN	0	0.5	frozen_count
_0937_	_3744_/A	0	0.5	frozen_count
_0938_	_3744_/ZN	0	0.5	frozen_count
_0938_	_3818_/A	0	0.5	frozen_count
_0939_	_3745_/ZN	0	0.5	frozen_count
_0939_	_3812_/A	0	0.5	frozen_count
_0940_	_3746_/ZN	0	0.5	frozen_count
_0940_	_3812_/B1	0	0.5	frozen_count
_0941_	_3747_/ZN	0	0.5	frozen_count
_0941_	_3810_/B2	0	0.5	frozen_count
_0942_	_3748_/ZN	0	0.5	frozen_count
_0942_	_3794_/A	0	0.5	frozen_count
_0942_	_3795_/A3	0	0.5	frozen_count
_0942_	_3882_/A1	0	0.5	frozen_count
_0943_	_3749_/ZN	0	0.5	frozen_count
_0943_	_3752_/B2	0	0.5	frozen_count
_0943_	_3755_/A	0	0.5	frozen_count
_0943_	_4020_/A	0	0.5	frozen_count
_0944_	_3750_/ZN	0	0.5	frozen_count
_0944_	_3752_/B1	0	0.5	frozen_count
_0944_	_3954_/A	0	0.5	frozen_count
_0945_	_3751_/ZN	0	0.5	frozen_count
_0945_	_3752_/A	0	0.5	frozen_count
_0945_	_4020_/B1	0	0.5	frozen_count
_0946_	_3752_/ZN	0	0.5	frozen_count
_0946_	_3753_/A	0	0.5	frozen_count
_0947_	_3753_/ZN	0	0.5	frozen_count
_0947_	_3781_/A1	0	0.5	frozen_count
_0947_	_3784_/B2	0	0.5	frozen_count
_0947_	_3987_/B1	0	0.5	frozen_count
_0948_	_3754_/ZN	0	0.5	frozen_count
_0948_	_3755_/B	0	0.5	frozen_count
_0948_	_3954_/B1	0	0.5	frozen_count
_0949_	_3755_/ZN	0	0.5	frozen_count
_0949_	_3780_/A	0	0.5	frozen_count
_0949_	_3985_/A2	0	0.5	frozen_count
_0949_	_3986_/A1	0	0.5	frozen_count
_0950_	_3756_/ZN	0	0.5	frozen_count
_0950_	_3759_/A1	0	0.5	frozen_count
_0950_	_3777_/A2	0	0.5	frozen_count
_0951_	_3757_/ZN	0	0.5	frozen_count
_0951_	_3758_/B	0	0.5	frozen_count
_0952_	_3758_/ZN	0	0.5	frozen_count
_0952_	_3759_/A2	0	0.5	frozen_count
_0953_	_3759_/ZN	0	0.5	frozen_count
_0953_	_3779_/A1	0	0.5	frozen_count
_0953_	_3780_/B1	0	0.5	frozen_count
_0953_	_3986_/A2	0	0.5	frozen_count
_0954_	_3760_/ZN	0	0.5	frozen_count
_0954_	_3775_/A1	0	0.5	frozen_count
_0954_	_3776_/B1	0	0.5	frozen_count
_0954_	_3778_/C2	0	0.5	frozen_count
_0955_	_3761_/ZN	0	0.5	frozen_count
_0955_	_3772_/B	0	0.5	frozen_count
_0956_	_3762_/ZN	0	0.5	frozen_count
_0956_	_3770_/A1	0	0.5	frozen_count
_0956_	_3772_/C1	0	0.5	frozen_count
_0957_	_3763_/ZN	0	0.5	frozen_count
_0957_	_3769_/A	0	0.5	frozen_count
_0958_	_3764_/ZN	0	0.5	frozen_count
_0958_	_3769_/B1	0	0.5	frozen_count
_0959_	_3765_/ZN	0	0.5	frozen_count
_0959_	_3767_/A1	0	0.5	frozen_count
_0959_	_3768_/B2	0	0.5	frozen_count
_0960_	_3766_/ZN	0	0.5	frozen_count
_0960_	_3767_/A2	0	0.5	frozen_count
_0960_	_3768_/B3	0	0.5	frozen_count
_0961_	_3767_/ZN	0	0.5	frozen_count
_0961_	_4632_/B	0	0.5	frozen_count
_0962_	_3768_/ZN	0	0.5	frozen_count
_0962_	_3769_/B2	0	0.5	frozen_count
_0962_	_4619_/B1	0	0.5	frozen_count
_0962_	_4623_/B1	0	0.5	frozen_count
_0962_	_4624_/A	0	0.5	frozen_count
_0963_	_3769_/ZN	0	0.5	frozen_count
_0963_	_3770_/A2	0	0.5	frozen_count
_0963_	_3772_/C2	0	0.5	frozen_count
_0963_	_3974_/A	0	0.5	frozen_count
_0964_	_3770_/ZN	0	0.5	frozen_count
_0964_	_3771_/A	0	0.5	frozen_count
_0965_	_3771_/ZN	0	0.5	frozen_count
_0965_	_4599_/B1	0	0.5	frozen_count
_0965_	_4603_/B1	0	0.5	frozen_count
_0965_	_4604_/A3	0	0.5	frozen_count
_0965_	_4608_/B	0	0.5	frozen_count
_0966_	_3772_/ZN	0	0.5	frozen_count
_0966_	_3773_/A2	0	0.5	frozen_count
_0966_	_3774_/B2	0	0.5	frozen_count
_0967_	_3773_/ZN	0	0.5	frozen_count
_0967_	_3910_/B	0	0.5	frozen_count
_0968_	_3774_/ZN	0	0.5	frozen_count
_0968_	_3775_/A2	0	0.5	frozen_count
_0968_	_3776_/B2	0	0.5	frozen_count
_0968_	_3778_/C1	0	0.5	frozen_count
_0969_	_3775_/ZN	0	0.5	frozen_count
_0969_	_3942_/B	0	0.5	frozen_count
_0970_	_3776_/ZN	0	0.5	frozen_count
_0970_	_3930_/A	0	0.5	frozen_count
_0971_	_3777_/ZN	0	0.5	frozen_count
_0971_	_3778_/B	0	0.5	frozen_count
_0972_	_3778_/ZN	0	0.5	frozen_count
_0972_	_3779_/A2	0	0.5	frozen_count
_0972_	_3780_/B2	0	0.5	frozen_count
_0972_	_3988_/B2	0	0.5	frozen_count
_0973_	_3779_/ZN	0	0.5	frozen_count
_0973_	_3954_/B2	0	0.5	frozen_count
_0973_	_4033_/A	0	0.5	frozen_count
_0974_	_3780_/ZN	0	0.5	frozen_count
_0974_	_3781_/A2	0	0.5	frozen_count
_0974_	_3784_/B1	0	0.5	frozen_count
_0975_	_3781_/ZN	0	0.5	frozen_count
_0975_	_3920_/B	0	0.5	frozen_count
_0976_	_3782_/ZN	0	0.5	frozen_count
_0976_	_3783_/A	0	0.5	frozen_count
_0976_	_3785_/A3	0	0.5	frozen_count
_0977_	_3783_/ZN	0	0.5	frozen_count
_0977_	_3784_/A	0	0.5	frozen_count
_0977_	_3788_/B1	0	0.5	frozen_count
_0978_	_3784_/ZN	0	0.5	frozen_count
_0978_	_3789_/A1	0	0.5	frozen_count
_0978_	_3794_/B1	0	0.5	frozen_count
_0979_	_3785_/ZN	0	0.5	frozen_count
_0979_	_3787_/A1	0	0.5	frozen_count
_0980_	_3786_/ZN	0	0.5	frozen_count
_0980_	_3787_/A2	0	0.5	frozen_count
_0981_	_3787_/ZN	0	0.5	frozen_count
_0981_	_3788_/A	0	0.5	frozen_count
_0982_	_3788_/ZN	0	0.5	frozen_count
_0982_	_3789_/A2	0	0.5	frozen_count
_0982_	_3794_/B2	0	0.5	frozen_count
_0983_	_3789_/ZN	0	0.5	frozen_count
_0983_	_3790_/A2	0	0.5	frozen_count
_0983_	_4350_/B1	0	0.5	frozen_count
_0983_	_4353_/B1	0	0.5	frozen_count
_0983_	_4358_/B	0	0.5	frozen_count
_0984_	_3790_/ZN	0	0.5	frozen_count
_0984_	_3881_/A2	0	0.5	frozen_count
_0985_	_3791_/ZN	0	0.5	frozen_count
_0985_	_3792_/A	0	0.5	frozen_count
_0986_	_3792_/ZN	0	0.5	frozen_count
_0986_	_3793_/A	0	0.5	frozen_count
_0987_	_3793_/ZN	0	0.5	frozen_count
_0987_	_3796_/A2	0	0.5	frozen_count
_0987_	_3883_/A2	0	0.5	frozen_count
_0987_	_3885_/C2	0	0.5	frozen_count
_0988_	_3794_/ZN	0	0.5	frozen_count
_0988_	_3797_/A1	0	0.5	frozen_count
_0988_	_3800_/B2	0	0.5	frozen_count
_0989_	_3795_/ZN	0	0.5	frozen_count
_0989_	_3796_/A3	0	0.5	frozen_count
_0990_	_3796_/ZN	0	0.5	frozen_count
_0990_	_3797_/A2	0	0.5	frozen_count
_0990_	_3800_/B1	0	0.5	frozen_count
_0991_	_3797_/ZN	0	0.5	frozen_count
_0991_	_3798_/A2	0	0.5	frozen_count
_0991_	_4094_/B2	0	0.5	frozen_count
_0992_	_3798_/ZN	0	0.5	frozen_count
_0992_	_4087_/B1	0	0.5	frozen_count
_0992_	_4089_/B1	0	0.5	frozen_count
_0992_	_4093_/A2	0	0.5	frozen_count
_0993_	_3799_/ZN	0	0.5	frozen_count
_0993_	_3800_/A	0	0.5	frozen_count
_0994_	_3800_/ZN	0	0.5	frozen_count
_0994_	_3801_/A2	0	0.5	frozen_count
_0994_	_3802_/B2	0	0.5	frozen_count
_0994_	_3803_/A3	0	0.5	frozen_count
_0995_	_3801_/ZN	0	0.5	frozen_count
_0995_	_4102_/B	0	0.5	frozen_count
_0996_	_3802_/ZN	0	0.5	frozen_count
_0996_	_3804_/B1	0	0.5	frozen_count
_0996_	_3805_/C1	0	0.5	frozen_count
_0997_	_3803_/ZN	0	0.5	frozen_count
_0997_	_3804_/A	0	0.5	frozen_count
_0997_	_3805_/B	0	0.5	frozen_count
_0998_	_3804_/ZN	0	0.5	frozen_count
_0998_	_4115_/A2	0	0.5	frozen_count
_0998_	_4119_/B1	0	0.5	frozen_count
_0998_	_4122_/B	0	0.5	frozen_count
_0999_	_3805_/ZN	0	0.5	frozen_count
_0999_	_3809_/A	0	0.5	frozen_count
_0999_	_3810_/B1	0	0.5	frozen_count
_1000_	_3806_/ZN	0	0.5	frozen_count
_1000_	_3808_/B1	0	0.5	frozen_count
_1001_	_3807_/ZN	0	0.5	frozen_count
_1001_	_3808_/B2	0	0.5	frozen_count
_1002_	_3808_/ZN	0	0.5	frozen_count
_1002_	_3810_/A	0	0.5	frozen_count
_1003_	_3809_/ZN	0	0.5	frozen_count
_1003_	_3855_/B2	0	0.5	frozen_count
_1003_	_4128_/A2	0	0.5	frozen_count
_1003_	_4133_/A4	0	0.5	frozen_count
_1003_	_4144_/B	0	0.5	frozen_count
_1004_	_3810_/ZN	0	0.5	frozen_count
_1004_	_3811_/B1	0	0.5	frozen_count
_1004_	_3843_/B	0	0.5	frozen_count
_1004_	_3845_/B2	0	0.5	frozen_count
_1004_	_3846_/B1	0	0.5	frozen_count
_1005_	_3811_/ZN	0	0.5	frozen_count
_1005_	_3812_/B2	0	0.5	frozen_count
_1005_	_3826_/B	0	0.5	frozen_count
_1006_	_3812_/ZN	0	0.5	frozen_count
_1006_	_3815_/B1	0	0.5	frozen_count
_1006_	_3816_/B1	0	0.5	frozen_count
_1006_	_3822_/B	0	0.5	frozen_count
_1007_	_3813_/ZN	0	0.5	frozen_count
_1007_	_3816_/A	0	0.5	frozen_count
_1008_	_3814_/ZN	0	0.5	frozen_count
_1008_	_3815_/A	0	0.5	frozen_count
_1009_	_3815_/ZN	0	0.5	frozen_count
_1009_	_3818_/C1	0	0.5	frozen_count
_1010_	_3816_/ZN	0	0.5	frozen_count
_1010_	_3817_/A2	0	0.5	frozen_count
_1011_	_3817_/ZN	0	0.5	frozen_count
_1011_	_3818_/B	0	0.5	frozen_count
_1012_	_3818_/ZN	0	0.5	frozen_count
_1012_	_3824_/A1	0	0.5	frozen_count
_1012_	_4463_/A2	0	0.5	frozen_count
_1013_	_3819_/ZN	0	0.5	frozen_count
_1013_	_3823_/C1	0	0.5	frozen_count
_1013_	_4464_/A2	0	0.5	frozen_count
_1014_	_3820_/ZN	0	0.5	frozen_count
_1014_	place287/A	0	0.5	frozen_count
_1015_	_3821_/ZN	0	0.5	frozen_count
_1015_	_3823_/B1	0	0.5	frozen_count
_1015_	_3841_/C1	0	0.5	frozen_count
_1015_	_3853_/B2	0	0.5	frozen_count
_1015_	_4527_/C1	0	0.5	frozen_count
_1015_	_4587_/C1	0	0.5	frozen_count
_1015_	_4594_/B1	0	0.5	frozen_count
_1015_	_4614_/B2	0	0.5	frozen_count
_1015_	_4630_/C1	0	0.5	frozen_count
_1015_	_4639_/C1	0	0.5	frozen_count
_1015_	_4641_/C2	0	0.5	frozen_count
_1015_	_4645_/B2	0	0.5	frozen_count
_1015_	_4656_/C2	0	0.5	frozen_count
_1015_	place265/A	0	0.5	frozen_count
_1016_	_3822_/ZN	0	0.5	frozen_count
_1016_	_3823_/B2	0	0.5	frozen_count
_1016_	_4467_/C2	0	0.5	frozen_count
_1017_	_3823_/ZN	0	0.5	frozen_count
_1017_	_3824_/A2	0	0.5	frozen_count
_1018_	_3824_/ZN	0	0.5	frozen_count
_1018_	_3825_/B	0	0.5	frozen_count
_1018_	_3896_/B	0	0.5	frozen_count
_1019_	_3826_/ZN	0	0.5	frozen_count
_1019_	_3837_/A2	0	0.5	frozen_count
_1019_	_3841_/C2	0	0.5	frozen_count
_1019_	_4471_/B1	0	0.5	frozen_count
_1020_	_3827_/ZN	0	0.5	frozen_count
_1020_	_3828_/A2	0	0.5	frozen_count
_1020_	_3832_/B2	0	0.5	frozen_count
_1021_	_3828_/ZN	0	0.5	frozen_count
_1021_	_3830_/B	0	0.5	frozen_count
_1021_	_3831_/A	0	0.5	frozen_count
_1022_	_3829_/ZN	0	0.5	frozen_count
_1022_	_3830_/A	0	0.5	frozen_count
_1023_	_3830_/Z	0	0.5	frozen_count
_1023_	_3835_/B2	0	0.5	frozen_count
_1024_	_3831_/ZN	0	0.5	frozen_count
_1024_	_3833_/A1	0	0.5	frozen_count
_1025_	_3832_/ZN	0	0.5	frozen_count
_1025_	_3833_/A2	0	0.5	frozen_count
_1026_	_3833_/ZN	0	0.5	frozen_count
_1026_	_3835_/B1	0	0.5	frozen_count
_1027_	_3834_/ZN	0	0.5	frozen_count
_1027_	_3835_/A	0	0.5	frozen_count
_1028_	_3835_/ZN	0	0.5	frozen_count
_1028_	_3838_/A1	0	0.5	frozen_count
_1029_	_3836_/ZN	0	0.5	frozen_count
_1029_	_3837_/B1	0	0.5	frozen_count
_1030_	_3837_/ZN	0	0.5	frozen_count
_1030_	_3838_/A2	0	0.5	frozen_count
_1031_	_3838_/ZN	0	0.5	frozen_count
_1031_	_3841_/A	0	0.5	frozen_count
_1031_	_4471_/C2	0	0.5	frozen_count
_1032_	_3839_/ZN	0	0.5	frozen_count
_1032_	_3840_/B1	0	0.5	frozen_count
_1032_	_4470_/C2	0	0.5	frozen_count
_1033_	_3840_/ZN	0	0.5	frozen_count
_1033_	_3841_/B	0	0.5	frozen_count
_1034_	_3841_/ZN	0	0.5	frozen_count
_1034_	_3842_/B	0	0.5	frozen_count
_1034_	_3897_/B	0	0.5	frozen_count
_1035_	_3843_/ZN	0	0.5	frozen_count
_1035_	_3853_/B1	0	0.5	frozen_count
_1035_	_4476_/C2	0	0.5	frozen_count
_1036_	_3844_/ZN	0	0.5	frozen_count
_1036_	_3852_/B1	0	0.5	frozen_count
_1036_	_4475_/B1	0	0.5	frozen_count
_1037_	_3845_/ZN	0	0.5	frozen_count
_1037_	_3846_/A	0	0.5	frozen_count
_1038_	_3846_/ZN	0	0.5	frozen_count
_1038_	_3851_/A1	0	0.5	frozen_count
_1039_	_3847_/ZN	0	0.5	frozen_count
_1039_	_3851_/A2	0	0.5	frozen_count
_1040_	_3848_/ZN	0	0.5	frozen_count
_1040_	_3850_/B1	0	0.5	frozen_count
_1041_	_3849_/ZN	0	0.5	frozen_count
_1041_	_3850_/B2	0	0.5	frozen_count
_1042_	_3850_/ZN	0	0.5	frozen_count
_1042_	_3851_/A3	0	0.5	frozen_count
_1043_	_3851_/ZN	0	0.5	frozen_count
_1043_	_3852_/A	0	0.5	frozen_count
_1043_	_4472_/A2	0	0.5	frozen_count
_1044_	_3852_/ZN	0	0.5	frozen_count
_1044_	_3853_/A	0	0.5	frozen_count
_1045_	_3853_/ZN	0	0.5	frozen_count
_1045_	_3854_/B	0	0.5	frozen_count
_1045_	_3898_/B	0	0.5	frozen_count
_1046_	_3855_/ZN	0	0.5	frozen_count
_1046_	_3856_/B	0	0.5	frozen_count
_1047_	_3856_/Z	0	0.5	frozen_count
_1047_	_3857_/A2	0	0.5	frozen_count
_1047_	_3862_/B1	0	0.5	frozen_count
_1047_	_4480_/A2	0	0.5	frozen_count
_1048_	_3857_/ZN	0	0.5	frozen_count
_1048_	_3860_/A	0	0.5	frozen_count
_1049_	_3858_/ZN	0	0.5	frozen_count
_1049_	_3860_/B	0	0.5	frozen_count
_1050_	_3859_/ZN	0	0.5	frozen_count
_1050_	_3860_/C1	0	0.5	frozen_count
_1051_	_3860_/ZN	0	0.5	frozen_count
_1051_	_3862_/A	0	0.5	frozen_count
_1051_	_4480_/B1	0	0.5	frozen_count
_1052_	_3861_/ZN	0	0.5	frozen_count
_1052_	_3863_/B1	0	0.5	frozen_count
_1052_	_4481_/C2	0	0.5	frozen_count
_1053_	_3862_/ZN	0	0.5	frozen_count
_1053_	_3863_/A	0	0.5	frozen_count
_1054_	_3863_/ZN	0	0.5	frozen_count
_1054_	_3864_/B	0	0.5	frozen_count
_1054_	_3899_/B	0	0.5	frozen_count
_1055_	_3865_/ZN	0	0.5	frozen_count
_1055_	_3887_/A1	0	0.5	frozen_count
_1056_	_3866_/ZN	0	0.5	frozen_count
_1056_	_3867_/B1	0	0.5	frozen_count
_1057_	_3867_/ZN	0	0.5	frozen_count
_1057_	_3869_/A	0	0.5	frozen_count
_1058_	_3868_/ZN	0	0.5	frozen_count
_1058_	_3873_/B1	0	0.5	frozen_count
_1059_	_3869_/ZN	0	0.5	frozen_count
_1059_	_3995_/A2	0	0.5	frozen_count
_1059_	_3996_/A2	0	0.5	frozen_count
_1060_	_3870_/ZN	0	0.5	frozen_count
_1060_	_3871_/A	0	0.5	frozen_count
_1061_	_3871_/ZN	0	0.5	frozen_count
_1061_	_3872_/A2	0	0.5	frozen_count
_1061_	_4546_/A1	0	0.5	frozen_count
_1062_	_3872_/ZN	0	0.5	frozen_count
_1062_	_3873_/B2	0	0.5	frozen_count
_1062_	_4539_/A3	0	0.5	frozen_count
_1062_	_4543_/B	0	0.5	frozen_count
_1063_	_3873_/ZN	0	0.5	frozen_count
_1063_	_3874_/A2	0	0.5	frozen_count
_1063_	_4349_/A	0	0.5	frozen_count
_1063_	_4352_/A	0	0.5	frozen_count
_1064_	_3874_/ZN	0	0.5	frozen_count
_1064_	_3875_/A2	0	0.5	frozen_count
_1064_	_4366_/A2	0	0.5	frozen_count
_1065_	_3875_/ZN	0	0.5	frozen_count
_1065_	_3876_/B2	0	0.5	frozen_count
_1065_	_4368_/B	0	0.5	frozen_count
_1066_	_3876_/ZN	0	0.5	frozen_count
_1066_	_3877_/A2	0	0.5	frozen_count
_1066_	_4380_/B	0	0.5	frozen_count
_1067_	_3877_/ZN	0	0.5	frozen_count
_1067_	_3878_/A2	0	0.5	frozen_count
_1067_	_4116_/B2	0	0.5	frozen_count
_1068_	_3878_/ZN	0	0.5	frozen_count
_1068_	_3879_/B2	0	0.5	frozen_count
_1068_	_3880_/B1	0	0.5	frozen_count
_1068_	_4084_/B2	0	0.5	frozen_count
_1068_	_4103_/B1	0	0.5	frozen_count
_1069_	_3879_/ZN	0	0.5	frozen_count
_1069_	_3880_/A	0	0.5	frozen_count
_1070_	_3880_/ZN	0	0.5	frozen_count
_1070_	_3887_/A2	0	0.5	frozen_count
_1071_	_3881_/ZN	0	0.5	frozen_count
_1071_	_3882_/A2	0	0.5	frozen_count
_1071_	_4364_/B	0	0.5	frozen_count
_1071_	_4377_/B1	0	0.5	frozen_count
_1072_	_3882_/ZN	0	0.5	frozen_count
_1072_	_3883_/A3	0	0.5	frozen_count
_1072_	_3884_/A2	0	0.5	frozen_count
_1073_	_3883_/ZN	0	0.5	frozen_count
_1073_	_3885_/A	0	0.5	frozen_count
_1074_	_3884_/ZN	0	0.5	frozen_count
_1074_	_3885_/B	0	0.5	frozen_count
_1075_	_3885_/ZN	0	0.5	frozen_count
_1075_	_3886_/A2	0	0.5	frozen_count
_1075_	_3889_/A2	0	0.5	frozen_count
_1075_	_4705_/B1	0	0.5	frozen_count
_1076_	_3886_/ZN	0	0.5	frozen_count
_1076_	_3887_/A3	0	0.5	frozen_count
_1077_	_3887_/ZN	0	0.5	frozen_count
_1077_	_3891_/A	0	0.5	frozen_count
_1077_	_4705_/C2	0	0.5	frozen_count
_1078_	_3888_/ZN	0	0.5	frozen_count
_1078_	_3889_/B1	0	0.5	frozen_count
_1078_	_4703_/B1	0	0.5	frozen_count
_1079_	_3889_/ZN	0	0.5	frozen_count
_1079_	_3890_/A	0	0.5	frozen_count
_1080_	_3890_/ZN	0	0.5	frozen_count
_1080_	_3891_/B	0	0.5	frozen_count
_1081_	_3891_/ZN	0	0.5	frozen_count
_1081_	_3892_/B	0	0.5	frozen_count
_1081_	_3900_/B	0	0.5	frozen_count
_1082_	_3893_/ZN	0	0.5	frozen_count
_1082_	_3894_/S	0	0.5	frozen_count
_1082_	_3895_/S	0	0.5	frozen_count
_1082_	_3896_/S	0	0.5	frozen_count
_1082_	_3897_/S	0	0.5	frozen_count
_1082_	_4679_/S	0	0.5	frozen_count
_1082_	_4680_/A2	0	0.5	frozen_count
_1082_	_4681_/B2	0	0.5	frozen_count
_1082_	place230/A	0	0.5	frozen_count
_1082_	place231/A	0	0.5	frozen_count
_1083_	_3902_/ZN	0	0.5	frozen_count
_1083_	_3903_/A	0	0.5	frozen_count
_1084_	_3903_/ZN	0	0.5	frozen_count
_1084_	_3907_/C2	0	0.5	frozen_count
_1085_	_3904_/Z	0	0.5	frozen_count
_1085_	_3905_/B	0	0.5	frozen_count
_1086_	_3905_/ZN	0	0.5	frozen_count
_1086_	_3907_/B1	0	0.5	frozen_count
_1087_	_3906_/ZN	0	0.5	frozen_count
_1087_	_3907_/A	0	0.5	frozen_count
_1088_	_3908_/ZN	0	0.5	frozen_count
_1088_	_3909_/A	0	0.5	frozen_count
_1089_	_3910_/Z	0	0.5	frozen_count
_1089_	_3914_/C2	0	0.5	frozen_count
_1089_	_3915_/A2	0	0.5	frozen_count
_1089_	_4594_/B2	0	0.5	frozen_count
_1090_	_3911_/ZN	0	0.5	frozen_count
_1090_	_3914_/A	0	0.5	frozen_count
_1091_	_3912_/ZN	0	0.5	frozen_count
_1091_	_3913_/A	0	0.5	frozen_count
_1092_	_3913_/ZN	0	0.5	frozen_count
_1092_	_3914_/B	0	0.5	frozen_count
_1093_	_3914_/ZN	0	0.5	frozen_count
_1093_	_3918_/B1	0	0.5	frozen_count
_1093_	_4595_/A	0	0.5	frozen_count
_1094_	_3915_/ZN	0	0.5	frozen_count
_1094_	_3917_/A	0	0.5	frozen_count
_1095_	_3916_/ZN	0	0.5	frozen_count
_1095_	_3918_/C1	0	0.5	frozen_count
_1095_	_4595_/C1	0	0.5	frozen_count
_1096_	_3917_/ZN	0	0.5	frozen_count
_1096_	_3919_/A	0	0.5	frozen_count
_1097_	_3918_/ZN	0	0.5	frozen_count
_1097_	_3919_/B	0	0.5	frozen_count
_1098_	_3920_/ZN	0	0.5	frozen_count
_1098_	_3923_/C1	0	0.5	frozen_count
_1098_	_3928_/C2	0	0.5	frozen_count
_1098_	_4558_/A2	0	0.5	frozen_count
_1099_	_3921_/ZN	0	0.5	frozen_count
_1099_	_3923_/A	0	0.5	frozen_count
_1100_	_3922_/ZN	0	0.5	frozen_count
_1100_	_3923_/B1	0	0.5	frozen_count
_1101_	_3923_/ZN	0	0.5	frozen_count
_1101_	_3927_/B1	0	0.5	frozen_count
_1101_	_4559_/A	0	0.5	frozen_count
_1102_	_3924_/ZN	0	0.5	frozen_count
_1102_	_3926_/B1	0	0.5	frozen_count
_1102_	_4558_/B1	0	0.5	frozen_count
_1103_	_3925_/ZN	0	0.5	frozen_count
_1103_	_3928_/A	0	0.5	frozen_count
_1104_	_3926_/ZN	0	0.5	frozen_count
_1104_	_3927_/A	0	0.5	frozen_count
_1105_	_3927_/ZN	0	0.5	frozen_count
_1105_	_3928_/B	0	0.5	frozen_count
_1106_	_3929_/ZN	0	0.5	frozen_count
_1106_	_3932_/A	0	0.5	frozen_count
_1106_	_3934_/B	0	0.5	frozen_count
_1107_	_3930_/ZN	0	0.5	frozen_count
_1107_	_3931_/B1	0	0.5	frozen_count
_1107_	_4005_/A2	0	0.5	frozen_count
_1107_	_4009_/B	0	0.5	frozen_count
_1107_	_4011_/B1	0	0.5	frozen_count
_1108_	_3931_/ZN	0	0.5	frozen_count
_1108_	_3932_/B	0	0.5	frozen_count
_1109_	_3932_/Z	0	0.5	frozen_count
_1109_	_3935_/A2	0	0.5	frozen_count
_1109_	_3940_/B1	0	0.5	frozen_count
_1109_	_4583_/B2	0	0.5	frozen_count
_1110_	_3933_/ZN	0	0.5	frozen_count
_1110_	_3936_/A1	0	0.5	frozen_count
_1111_	_3934_/ZN	0	0.5	frozen_count
_1111_	_3935_/B1	0	0.5	frozen_count
_1112_	_3935_/ZN	0	0.5	frozen_count
_1112_	_3936_/A2	0	0.5	frozen_count
_1113_	_3936_/ZN	0	0.5	frozen_count
_1113_	_3941_/B1	0	0.5	frozen_count
_1113_	_4584_/A1	0	0.5	frozen_count
_1114_	_3937_/ZN	0	0.5	frozen_count
_1114_	_3940_/C2	0	0.5	frozen_count
_1114_	_4583_/C1	0	0.5	frozen_count
_1115_	_3938_/ZN	0	0.5	frozen_count
_1115_	_3939_/A	0	0.5	frozen_count
_1116_	_3939_/ZN	0	0.5	frozen_count
_1116_	_3940_/A	0	0.5	frozen_count
_1117_	_3940_/ZN	0	0.5	frozen_count
_1117_	_3941_/A	0	0.5	frozen_count
_1118_	_3942_/Z	0	0.5	frozen_count
_1118_	_3943_/A2	0	0.5	frozen_count
_1118_	_3952_/B1	0	0.5	frozen_count
_1118_	_4591_/C2	0	0.5	frozen_count
_1119_	_3943_/ZN	0	0.5	frozen_count
_1119_	_3947_/A1	0	0.5	frozen_count
_1120_	_3944_/ZN	0	0.5	frozen_count
_1120_	_3947_/A2	0	0.5	frozen_count
_1121_	_3945_/ZN	0	0.5	frozen_count
_1121_	_3946_/A	0	0.5	frozen_count
_1122_	_3946_/ZN	0	0.5	frozen_count
_1122_	_3947_/A3	0	0.5	frozen_count
_1123_	_3947_/ZN	0	0.5	frozen_count
_1123_	_3948_/A	0	0.5	frozen_count
_1123_	_4591_/A	0	0.5	frozen_count
_1124_	_3948_/ZN	0	0.5	frozen_count
_1124_	_3953_/B1	0	0.5	frozen_count
_1125_	_3949_/ZN	0	0.5	frozen_count
_1125_	_3952_/C2	0	0.5	frozen_count
_1125_	_4589_/A2	0	0.5	frozen_count
_1126_	_3950_/ZN	0	0.5	frozen_count
_1126_	_3951_/A	0	0.5	frozen_count
_1127_	_3951_/ZN	0	0.5	frozen_count
_1127_	_3952_/A	0	0.5	frozen_count
_1128_	_3952_/ZN	0	0.5	frozen_count
_1128_	_3953_/A	0	0.5	frozen_count
_1129_	_3954_/ZN	0	0.5	frozen_count
_1129_	_3955_/A	0	0.5	frozen_count
_1129_	_3956_/B	0	0.5	frozen_count
_1130_	_3955_/ZN	0	0.5	frozen_count
_1130_	_4020_/B2	0	0.5	frozen_count
_1131_	_3956_/ZN	0	0.5	frozen_count
_1131_	_3961_/C2	0	0.5	frozen_count
_1131_	_3966_/C2	0	0.5	frozen_count
_1131_	_4565_/B2	0	0.5	frozen_count
_1132_	_3957_/ZN	0	0.5	frozen_count
_1132_	_3961_/A	0	0.5	frozen_count
_1133_	_3958_/ZN	0	0.5	frozen_count
_1133_	_3960_/B1	0	0.5	frozen_count
_1134_	_3959_/ZN	0	0.5	frozen_count
_1134_	_3960_/B2	0	0.5	frozen_count
_1135_	_3960_/ZN	0	0.5	frozen_count
_1135_	_3961_/B	0	0.5	frozen_count
_1136_	_3961_/ZN	0	0.5	frozen_count
_1136_	_3962_/A2	0	0.5	frozen_count
_1136_	_4566_/A1	0	0.5	frozen_count
_1137_	_3962_/ZN	0	0.5	frozen_count
_1137_	_3966_/A	0	0.5	frozen_count
_1138_	_3963_/ZN	0	0.5	frozen_count
_1138_	_3964_/B1	0	0.5	frozen_count
_1138_	_4565_/C1	0	0.5	frozen_count
_1139_	_3964_/ZN	0	0.5	frozen_count
_1139_	_3965_/A	0	0.5	frozen_count
_1140_	_3965_/ZN	0	0.5	frozen_count
_1140_	_3966_/B	0	0.5	frozen_count
_1141_	_3967_/ZN	0	0.5	frozen_count
_1141_	_3968_/B1	0	0.5	frozen_count
_1141_	_3969_/B1	0	0.5	frozen_count
_1142_	_3968_/ZN	0	0.5	frozen_count
_1142_	_3969_/A	0	0.5	frozen_count
_1143_	_3969_/ZN	0	0.5	frozen_count
_1143_	_3972_/A1	0	0.5	frozen_count
_1144_	_3970_/ZN	0	0.5	frozen_count
_1144_	_3972_/A2	0	0.5	frozen_count
_1145_	_3971_/ZN	0	0.5	frozen_count
_1145_	_3972_/A3	0	0.5	frozen_count
_1146_	_3973_/ZN	0	0.5	frozen_count
_1146_	_3974_/B	0	0.5	frozen_count
_1146_	_3976_/A3	0	0.5	frozen_count
_1147_	_3974_/Z	0	0.5	frozen_count
_1147_	_3979_/C2	0	0.5	frozen_count
_1147_	_3980_/A2	0	0.5	frozen_count
_1147_	_4614_/B1	0	0.5	frozen_count
_1148_	_3975_/ZN	0	0.5	frozen_count
_1148_	_3979_/B1	0	0.5	frozen_count
_1149_	_3976_/ZN	0	0.5	frozen_count
_1149_	_3978_/A1	0	0.5	frozen_count
_1150_	_3977_/ZN	0	0.5	frozen_count
_1150_	_3978_/A2	0	0.5	frozen_count
_1151_	_3978_/ZN	0	0.5	frozen_count
_1151_	_3979_/A	0	0.5	frozen_count
_1152_	_3979_/ZN	0	0.5	frozen_count
_1152_	_3983_/C1	0	0.5	frozen_count
_1152_	_4615_/A1	0	0.5	frozen_count
_1153_	_3980_/ZN	0	0.5	frozen_count
_1153_	_3982_/A	0	0.5	frozen_count
_1154_	_3981_/Z	0	0.5	frozen_count
_1154_	_3982_/B1	0	0.5	frozen_count
_1154_	_4613_/B2	0	0.5	frozen_count
_1155_	_3982_/ZN	0	0.5	frozen_count
_1155_	_3984_/A1	0	0.5	frozen_count
_1156_	_3983_/ZN	0	0.5	frozen_count
_1156_	_3984_/A2	0	0.5	frozen_count
_1157_	_3985_/ZN	0	0.5	frozen_count
_1157_	_3988_/B1	0	0.5	frozen_count
_1158_	_3986_/ZN	0	0.5	frozen_count
_1158_	_3987_/B2	0	0.5	frozen_count
_1159_	_3987_/ZN	0	0.5	frozen_count
_1159_	_3988_/A	0	0.5	frozen_count
_1160_	_3988_/ZN	0	0.5	frozen_count
_1160_	_3989_/B1	0	0.5	frozen_count
_1160_	_4054_/B	0	0.5	frozen_count
_1161_	_3989_/ZN	0	0.5	frozen_count
_1161_	_3990_/A	0	0.5	frozen_count
_1161_	_4540_/B	0	0.5	frozen_count
_1162_	_3990_/ZN	0	0.5	frozen_count
_1162_	_3991_/A2	0	0.5	frozen_count
_1163_	_3991_/ZN	0	0.5	frozen_count
_1163_	_3992_/B	0	0.5	frozen_count
_1164_	_3992_/ZN	0	0.5	frozen_count
_1164_	_3998_/B1	0	0.5	frozen_count
_1164_	_4004_/B1	0	0.5	frozen_count
_1164_	_4537_/C2	0	0.5	frozen_count
_1165_	_3993_/ZN	0	0.5	frozen_count
_1165_	_3994_/A	0	0.5	frozen_count
_1166_	_3994_/ZN	0	0.5	frozen_count
_1166_	_3999_/A	0	0.5	frozen_count
_1167_	_3995_/ZN	0	0.5	frozen_count
_1167_	_3997_/A	0	0.5	frozen_count
_1168_	_3996_/ZN	0	0.5	frozen_count
_1168_	_3997_/B	0	0.5	frozen_count
_1169_	_3997_/ZN	0	0.5	frozen_count
_1169_	_3998_/A	0	0.5	frozen_count
_1170_	_3998_/ZN	0	0.5	frozen_count
_1170_	_3999_/B	0	0.5	frozen_count
_1171_	_3999_/ZN	0	0.5	frozen_count
_1171_	_4004_/C2	0	0.5	frozen_count
_1171_	_4537_/A	0	0.5	frozen_count
_1172_	_4000_/ZN	0	0.5	frozen_count
_1172_	_4003_/B1	0	0.5	frozen_count
_1172_	_4536_/B2	0	0.5	frozen_count
_1173_	_4001_/ZN	0	0.5	frozen_count
_1173_	_4002_/A	0	0.5	frozen_count
_1174_	_4002_/ZN	0	0.5	frozen_count
_1174_	_4003_/A	0	0.5	frozen_count
_1175_	_4003_/ZN	0	0.5	frozen_count
_1175_	_4004_/A	0	0.5	frozen_count
_1176_	_4005_/ZN	0	0.5	frozen_count
_1176_	_4006_/A	0	0.5	frozen_count
_1177_	_4006_/ZN	0	0.5	frozen_count
_1177_	_4008_/B1	0	0.5	frozen_count
_1178_	_4007_/ZN	0	0.5	frozen_count
_1178_	_4008_/A	0	0.5	frozen_count
_1179_	_4008_/ZN	0	0.5	frozen_count
_1179_	_4014_/A1	0	0.5	frozen_count
_1180_	_4009_/Z	0	0.5	frozen_count
_1180_	_4013_/A2	0	0.5	frozen_count
_1180_	_4019_/B1	0	0.5	frozen_count
_1180_	_4587_/C2	0	0.5	frozen_count
_1181_	_4010_/ZN	0	0.5	frozen_count
_1181_	_4011_/A	0	0.5	frozen_count
_1182_	_4011_/ZN	0	0.5	frozen_count
_1182_	_4013_/B1	0	0.5	frozen_count
_1183_	_4012_/ZN	0	0.5	frozen_count
_1183_	_4013_/B2	0	0.5	frozen_count
_1184_	_4013_/ZN	0	0.5	frozen_count
_1184_	_4014_/A2	0	0.5	frozen_count
_1185_	_4014_/ZN	0	0.5	frozen_count
_1185_	_4019_/C2	0	0.5	frozen_count
_1185_	_4587_/A	0	0.5	frozen_count
_1186_	_4015_/ZN	0	0.5	frozen_count
_1186_	_4018_/B1	0	0.5	frozen_count
_1186_	_4586_/B2	0	0.5	frozen_count
_1187_	_4016_/ZN	0	0.5	frozen_count
_1187_	_4017_/A	0	0.5	frozen_count
_1188_	_4017_/ZN	0	0.5	frozen_count
_1188_	_4018_/A	0	0.5	frozen_count
_1189_	_4018_/ZN	0	0.5	frozen_count
_1189_	_4019_/A	0	0.5	frozen_count
_1190_	_4020_/ZN	0	0.5	frozen_count
_1190_	_4021_/B	0	0.5	frozen_count
_1191_	_4021_/ZN	0	0.5	frozen_count
_1191_	_4025_/A2	0	0.5	frozen_count
_1191_	_4031_/B1	0	0.5	frozen_count
_1191_	_4563_/C2	0	0.5	frozen_count
_1192_	_4022_/ZN	0	0.5	frozen_count
_1192_	_4023_/A	0	0.5	frozen_count
_1193_	_4023_/ZN	0	0.5	frozen_count
_1193_	_4026_/A1	0	0.5	frozen_count
_1194_	_4024_/ZN	0	0.5	frozen_count
_1194_	_4025_/B1	0	0.5	frozen_count
_1195_	_4025_/ZN	0	0.5	frozen_count
_1195_	_4026_/A2	0	0.5	frozen_count
_1196_	_4026_/ZN	0	0.5	frozen_count
_1196_	_4031_/C2	0	0.5	frozen_count
_1196_	_4563_/A	0	0.5	frozen_count
_1197_	_4027_/ZN	0	0.5	frozen_count
_1197_	_4030_/B1	0	0.5	frozen_count
_1197_	_4562_/B2	0	0.5	frozen_count
_1198_	_4028_/ZN	0	0.5	frozen_count
_1198_	_4029_/A	0	0.5	frozen_count
_1199_	_4029_/ZN	0	0.5	frozen_count
_1199_	_4030_/A	0	0.5	frozen_count
_1200_	_4030_/ZN	0	0.5	frozen_count
_1200_	_4031_/A	0	0.5	frozen_count
_1201_	_4032_/ZN	0	0.5	frozen_count
_1201_	_4033_/B	0	0.5	frozen_count
_1201_	_4035_/A	0	0.5	frozen_count
_1202_	_4033_/Z	0	0.5	frozen_count
_1202_	_4037_/B1	0	0.5	frozen_count
_1202_	_4043_/B1	0	0.5	frozen_count
_1202_	_4570_/C2	0	0.5	frozen_count
_1203_	_4034_/ZN	0	0.5	frozen_count
_1203_	_4035_/B	0	0.5	frozen_count
_1204_	_4035_/ZN	0	0.5	frozen_count
_1204_	_4038_/B1	0	0.5	frozen_count
_1205_	_4036_/ZN	0	0.5	frozen_count
_1205_	_4037_/A	0	0.5	frozen_count
_1206_	_4037_/ZN	0	0.5	frozen_count
_1206_	_4038_/A	0	0.5	frozen_count
_1207_	_4038_/ZN	0	0.5	frozen_count
_1207_	_4043_/C2	0	0.5	frozen_count
_1207_	_4570_/A	0	0.5	frozen_count
_1208_	_4039_/ZN	0	0.5	frozen_count
_1208_	_4042_/B1	0	0.5	frozen_count
_1208_	_4569_/B2	0	0.5	frozen_count
_1209_	_4040_/ZN	0	0.5	frozen_count
_1209_	_4041_/A	0	0.5	frozen_count
_1210_	_4041_/ZN	0	0.5	frozen_count
_1210_	_4042_/A	0	0.5	frozen_count
_1211_	_4042_/ZN	0	0.5	frozen_count
_1211_	_4043_/A	0	0.5	frozen_count
_1212_	_4044_/ZN	0	0.5	frozen_count
_1212_	_4046_/B1	0	0.5	frozen_count
_1213_	_4045_/ZN	0	0.5	frozen_count
_1213_	_4050_/B2	0	0.5	frozen_count
_1214_	_4046_/ZN	0	0.5	frozen_count
_1214_	_4050_/B1	0	0.5	frozen_count
_1215_	_4047_/ZN	0	0.5	frozen_count
_1215_	_4048_/A	0	0.5	frozen_count
_1216_	_4048_/ZN	0	0.5	frozen_count
_1216_	_4049_/A	0	0.5	frozen_count
_1217_	_4049_/ZN	0	0.5	frozen_count
_1217_	_4050_/A	0	0.5	frozen_count
_1218_	_4051_/ZN	0	0.5	frozen_count
_1218_	_4052_/A	0	0.5	frozen_count
_1219_	_4052_/ZN	0	0.5	frozen_count
_1219_	_4055_/A	0	0.5	frozen_count
_1220_	_4053_/ZN	0	0.5	frozen_count
_1220_	_4056_/A	0	0.5	frozen_count
_1221_	_4054_/ZN	0	0.5	frozen_count
_1221_	_4055_/B1	0	0.5	frozen_count
_1221_	_4060_/B1	0	0.5	frozen_count
_1221_	_4554_/A2	0	0.5	frozen_count
_1222_	_4055_/ZN	0	0.5	frozen_count
_1222_	_4056_/B	0	0.5	frozen_count
_1223_	_4056_/ZN	0	0.5	frozen_count
_1223_	_4060_/C2	0	0.5	frozen_count
_1223_	_4555_/A	0	0.5	frozen_count
_1224_	_4057_/ZN	0	0.5	frozen_count
_1224_	_4059_/B1	0	0.5	frozen_count
_1224_	_4556_/C2	0	0.5	frozen_count
_1225_	_4058_/ZN	0	0.5	frozen_count
_1225_	_4059_/A	0	0.5	frozen_count
_1226_	_4059_/ZN	0	0.5	frozen_count
_1226_	_4060_/A	0	0.5	frozen_count
_1227_	_4060_/ZN	0	0.5	frozen_count
_1227_	_4061_/A	0	0.5	frozen_count
_1228_	_4062_/ZN	0	0.5	frozen_count
_1228_	_4063_/B	0	0.5	frozen_count
_1229_	_4063_/ZN	0	0.5	frozen_count
_1229_	_4069_/C2	0	0.5	frozen_count
_1230_	_4064_/ZN	0	0.5	frozen_count
_1230_	_4065_/B1	0	0.5	frozen_count
_1230_	_4066_/B1	0	0.5	frozen_count
_1231_	_4065_/ZN	0	0.5	frozen_count
_1231_	_4066_/A	0	0.5	frozen_count
_1232_	_4066_/ZN	0	0.5	frozen_count
_1232_	_4069_/A	0	0.5	frozen_count
_1233_	_4067_/ZN	0	0.5	frozen_count
_1233_	_4301_/A	0	0.5	frozen_count
_1234_	_4068_/ZN	0	0.5	frozen_count
_1234_	_4069_/B	0	0.5	frozen_count
_1235_	_4070_/ZN	0	0.5	frozen_count
_1235_	_4071_/B	0	0.5	frozen_count
_1236_	_4071_/ZN	0	0.5	frozen_count
_1236_	_4075_/A	0	0.5	frozen_count
_1237_	_4072_/ZN	0	0.5	frozen_count
_1237_	_4075_/B	0	0.5	frozen_count
_1238_	_4073_/ZN	0	0.5	frozen_count
_1238_	_4074_/B	0	0.5	frozen_count
_1239_	_4074_/ZN	0	0.5	frozen_count
_1239_	_4075_/C1	0	0.5	frozen_count
_1240_	_4076_/ZN	0	0.5	frozen_count
_1240_	_4077_/B1	0	0.5	frozen_count
_1240_	_4148_/A	0	0.5	frozen_count
_1241_	_4077_/ZN	0	0.5	frozen_count
_1241_	_4079_/A	0	0.5	frozen_count
_1241_	_4693_/B1	0	0.5	frozen_count
_1242_	_4078_/ZN	0	0.5	frozen_count
_1242_	_4079_/B	0	0.5	frozen_count
_1243_	_4079_/ZN	0	0.5	frozen_count
_1243_	_4083_/B1	0	0.5	frozen_count
_1244_	_4080_/ZN	0	0.5	frozen_count
_1244_	_4081_/B	0	0.5	frozen_count
_1245_	_4081_/ZN	0	0.5	frozen_count
_1245_	_4083_/C2	0	0.5	frozen_count
_1246_	_4082_/ZN	0	0.5	frozen_count
_1246_	_4083_/A	0	0.5	frozen_count
_1247_	_4084_/ZN	0	0.5	frozen_count
_1247_	_4085_/B1	0	0.5	frozen_count
_1247_	_4086_/B2	0	0.5	frozen_count
_1247_	_4088_/A2	0	0.5	frozen_count
_1248_	_4085_/ZN	0	0.5	frozen_count
_1248_	_4092_/B2	0	0.5	frozen_count
_1249_	_4086_/ZN	0	0.5	frozen_count
_1249_	_4087_/A	0	0.5	frozen_count
_1250_	_4087_/ZN	0	0.5	frozen_count
_1250_	_4092_/B1	0	0.5	frozen_count
_1251_	_4088_/ZN	0	0.5	frozen_count
_1251_	_4089_/A	0	0.5	frozen_count
_1252_	_4089_/ZN	0	0.5	frozen_count
_1252_	_4091_/B1	0	0.5	frozen_count
_1253_	_4090_/ZN	0	0.5	frozen_count
_1253_	_4091_/A	0	0.5	frozen_count
_1254_	_4091_/ZN	0	0.5	frozen_count
_1254_	_4092_/A	0	0.5	frozen_count
_1255_	_4092_/ZN	0	0.5	frozen_count
_1255_	_4101_/B1	0	0.5	frozen_count
_1255_	_4524_/A	0	0.5	frozen_count
_1256_	_4093_/ZN	0	0.5	frozen_count
_1256_	_4095_/A2	0	0.5	frozen_count
_1256_	_4522_/A2	0	0.5	frozen_count
_1257_	_4094_/ZN	0	0.5	frozen_count
_1257_	_4095_/A3	0	0.5	frozen_count
_1257_	_4522_/A3	0	0.5	frozen_count
_1258_	_4095_/ZN	0	0.5	frozen_count
_1258_	_4100_/A	0	0.5	frozen_count
_1259_	_4096_/ZN	0	0.5	frozen_count
_1259_	_4100_/C1	0	0.5	frozen_count
_1259_	_4523_/B1	0	0.5	frozen_count
_1260_	_4097_/ZN	0	0.5	frozen_count
_1260_	_4099_/B1	0	0.5	frozen_count
_1260_	_4111_/B1	0	0.5	frozen_count
_1260_	_4123_/A2	0	0.5	frozen_count
_1260_	_4143_/B1	0	0.5	frozen_count
_1260_	_4385_/C2	0	0.5	frozen_count
_1260_	_4391_/B1	0	0.5	frozen_count
_1260_	_4465_/B2	0	0.5	frozen_count
_1260_	_4469_/B1	0	0.5	frozen_count
_1260_	_4474_/B1	0	0.5	frozen_count
_1260_	_4478_/A2	0	0.5	frozen_count
_1260_	_4701_/B1	0	0.5	frozen_count
_1260_	_4703_/C2	0	0.5	frozen_count
_1261_	_4098_/ZN	0	0.5	frozen_count
_1261_	_4099_/A	0	0.5	frozen_count
_1262_	_4099_/ZN	0	0.5	frozen_count
_1262_	_4100_/B	0	0.5	frozen_count
_1263_	_4100_/ZN	0	0.5	frozen_count
_1263_	_4101_/A	0	0.5	frozen_count
_1264_	_4102_/Z	0	0.5	frozen_count
_1264_	_4105_/C1	0	0.5	frozen_count
_1264_	_4112_/B1	0	0.5	frozen_count
_1264_	_4519_/C2	0	0.5	frozen_count
_1265_	_4103_/ZN	0	0.5	frozen_count
_1265_	_4104_/B	0	0.5	frozen_count
_1266_	_4104_/Z	0	0.5	frozen_count
_1266_	_4106_/B1	0	0.5	frozen_count
_1267_	_4105_/ZN	0	0.5	frozen_count
_1267_	_4106_/A	0	0.5	frozen_count
_1268_	_4106_/ZN	0	0.5	frozen_count
_1268_	_4113_/B1	0	0.5	frozen_count
_1268_	_4519_/A	0	0.5	frozen_count
_1269_	_4107_/ZN	0	0.5	frozen_count
_1269_	_4108_/A2	0	0.5	frozen_count
_1270_	_4108_/ZN	0	0.5	frozen_count
_1270_	_4109_/A3	0	0.5	frozen_count
_1270_	_4518_/A	0	0.5	frozen_count
_1271_	_4109_/ZN	0	0.5	frozen_count
_1271_	_4112_/A	0	0.5	frozen_count
_1272_	_4110_/ZN	0	0.5	frozen_count
_1272_	_4111_/A	0	0.5	frozen_count
_1273_	_4111_/ZN	0	0.5	frozen_count
_1273_	_4113_/A	0	0.5	frozen_count
_1274_	_4112_/ZN	0	0.5	frozen_count
_1274_	_4114_/A1	0	0.5	frozen_count
_1275_	_4113_/ZN	0	0.5	frozen_count
_1275_	_4114_/A2	0	0.5	frozen_count
_1276_	_4115_/ZN	0	0.5	frozen_count
_1276_	_4117_/B	0	0.5	frozen_count
_1277_	_4116_/ZN	0	0.5	frozen_count
_1277_	_4117_/C1	0	0.5	frozen_count
_1277_	_4118_/B1	0	0.5	frozen_count
_1277_	_4129_/A2	0	0.5	frozen_count
_1278_	_4117_/ZN	0	0.5	frozen_count
_1278_	_4121_/B2	0	0.5	frozen_count
_1279_	_4118_/ZN	0	0.5	frozen_count
_1279_	_4119_/A	0	0.5	frozen_count
_1280_	_4119_/ZN	0	0.5	frozen_count
_1280_	_4121_/B1	0	0.5	frozen_count
_1281_	_4120_/ZN	0	0.5	frozen_count
_1281_	_4121_/A	0	0.5	frozen_count
_1282_	_4121_/ZN	0	0.5	frozen_count
_1282_	_4126_/A2	0	0.5	frozen_count
_1282_	_4516_/A1	0	0.5	frozen_count
_1283_	_4122_/Z	0	0.5	frozen_count
_1283_	_4127_/C2	0	0.5	frozen_count
_1283_	_4515_/B1	0	0.5	frozen_count
_1284_	_4123_/ZN	0	0.5	frozen_count
_1284_	_4124_/A	0	0.5	frozen_count
_1285_	_4124_/ZN	0	0.5	frozen_count
_1285_	_4127_/A	0	0.5	frozen_count
_1286_	_4125_/ZN	0	0.5	frozen_count
_1286_	_4126_/B1	0	0.5	frozen_count
_1286_	_4514_/B2	0	0.5	frozen_count
_1287_	_4126_/ZN	0	0.5	frozen_count
_1287_	_4127_/B	0	0.5	frozen_count
_1288_	_4128_/ZN	0	0.5	frozen_count
_1288_	_4132_/B1	0	0.5	frozen_count
_1289_	_4129_/ZN	0	0.5	frozen_count
_1289_	_4130_/A	0	0.5	frozen_count
_1290_	_4130_/ZN	0	0.5	frozen_count
_1290_	_4131_/A2	0	0.5	frozen_count
_1290_	_4136_/A1	0	0.5	frozen_count
_1290_	_4137_/B2	0	0.5	frozen_count
_1291_	_4131_/ZN	0	0.5	frozen_count
_1291_	_4132_/B2	0	0.5	frozen_count
_1292_	_4132_/ZN	0	0.5	frozen_count
_1292_	_4139_/A1	0	0.5	frozen_count
_1293_	_4133_/ZN	0	0.5	frozen_count
_1293_	_4139_/A2	0	0.5	frozen_count
_1294_	_4134_/ZN	0	0.5	frozen_count
_1294_	_4137_/B1	0	0.5	frozen_count
_1295_	_4135_/ZN	0	0.5	frozen_count
_1295_	_4136_/A2	0	0.5	frozen_count
_1296_	_4136_/ZN	0	0.5	frozen_count
_1296_	_4137_/A	0	0.5	frozen_count
_1297_	_4137_/ZN	0	0.5	frozen_count
_1297_	_4139_/A3	0	0.5	frozen_count
_1298_	_4138_/ZN	0	0.5	frozen_count
_1298_	_4139_/A4	0	0.5	frozen_count
_1299_	_4139_/ZN	0	0.5	frozen_count
_1299_	_4146_/B1	0	0.5	frozen_count
_1299_	_4512_/A1	0	0.5	frozen_count
_1300_	_4140_/ZN	0	0.5	frozen_count
_1300_	_4141_/A2	0	0.5	frozen_count
_1301_	_4141_/ZN	0	0.5	frozen_count
_1301_	_4145_/C1	0	0.5	frozen_count
_1301_	_4511_/B2	0	0.5	frozen_count
_1302_	_4142_/ZN	0	0.5	frozen_count
_1302_	_4143_/A	0	0.5	frozen_count
_1303_	_4143_/ZN	0	0.5	frozen_count
_1303_	_4145_/A	0	0.5	frozen_count
_1304_	_4144_/Z	0	0.5	frozen_count
_1304_	_4145_/B1	0	0.5	frozen_count
_1304_	_4511_/C1	0	0.5	frozen_count
_1305_	_4145_/ZN	0	0.5	frozen_count
_1305_	_4146_/A	0	0.5	frozen_count
_1306_	_4147_/ZN	0	0.5	frozen_count
_1306_	_4148_/B	0	0.5	frozen_count
_1307_	_4148_/ZN	0	0.5	frozen_count
_1307_	_4153_/B1	0	0.5	frozen_count
_1308_	_4149_/Z	0	0.5	frozen_count
_1308_	_4150_/B	0	0.5	frozen_count
_1309_	_4150_/ZN	0	0.5	frozen_count
_1309_	_4153_/C2	0	0.5	frozen_count
_1310_	_4151_/ZN	0	0.5	frozen_count
_1310_	_4152_/A	0	0.5	frozen_count
_1310_	_4717_/A	0	0.5	frozen_count
_1311_	_4152_/ZN	0	0.5	frozen_count
_1311_	_4153_/A	0	0.5	frozen_count
_1312_	_4154_/ZN	0	0.5	frozen_count
_1312_	_4155_/B	0	0.5	frozen_count
_1313_	_4155_/ZN	0	0.5	frozen_count
_1313_	_4160_/A2	0	0.5	frozen_count
_1314_	_4156_/ZN	0	0.5	frozen_count
_1314_	_4157_/A	0	0.5	frozen_count
_1314_	_4735_/A	0	0.5	frozen_count
_1315_	_4157_/ZN	0	0.5	frozen_count
_1315_	_4161_/A	0	0.5	frozen_count
_1316_	_4158_/Z	0	0.5	frozen_count
_1316_	_4159_/B	0	0.5	frozen_count
_1317_	_4159_/ZN	0	0.5	frozen_count
_1317_	_4160_/B1	0	0.5	frozen_count
_1318_	_4160_/ZN	0	0.5	frozen_count
_1318_	_4161_/B	0	0.5	frozen_count
_1319_	_4162_/ZN	0	0.5	frozen_count
_1319_	_4169_/C1	0	0.5	frozen_count
_1320_	_4163_/Z	0	0.5	frozen_count
_1320_	_4164_/B1	0	0.5	frozen_count
_1321_	_4164_/ZN	0	0.5	frozen_count
_1321_	_4169_/C2	0	0.5	frozen_count
_1322_	_4165_/Z	0	0.5	frozen_count
_1322_	_4166_/C1	0	0.5	frozen_count
_1323_	_4166_/ZN	0	0.5	frozen_count
_1323_	_4169_/A	0	0.5	frozen_count
_1324_	_4167_/ZN	0	0.5	frozen_count
_1324_	_4168_/A	0	0.5	frozen_count
_1324_	_4778_/A	0	0.5	frozen_count
_1325_	_4168_/ZN	0	0.5	frozen_count
_1325_	_4169_/B	0	0.5	frozen_count
_1326_	_4170_/Z	0	0.5	frozen_count
_1326_	_4171_/B	0	0.5	frozen_count
_1327_	_4171_/ZN	0	0.5	frozen_count
_1327_	_4176_/B1	0	0.5	frozen_count
_1328_	_4172_/ZN	0	0.5	frozen_count
_1328_	_4173_/B	0	0.5	frozen_count
_1329_	_4173_/ZN	0	0.5	frozen_count
_1329_	_4176_/C2	0	0.5	frozen_count
_1330_	_4174_/ZN	0	0.5	frozen_count
_1330_	_4175_/A	0	0.5	frozen_count
_1330_	_4750_/A	0	0.5	frozen_count
_1331_	_4175_/ZN	0	0.5	frozen_count
_1331_	_4176_/A	0	0.5	frozen_count
_1332_	_4177_/ZN	0	0.5	frozen_count
_1332_	_4178_/B	0	0.5	frozen_count
_1333_	_4178_/ZN	0	0.5	frozen_count
_1333_	_4183_/C2	0	0.5	frozen_count
_1334_	_4179_/Z	0	0.5	frozen_count
_1334_	_4180_/C1	0	0.5	frozen_count
_1335_	_4180_/ZN	0	0.5	frozen_count
_1335_	_4183_/A	0	0.5	frozen_count
_1336_	_4181_/ZN	0	0.5	frozen_count
_1336_	_4318_/A	0	0.5	frozen_count
_1337_	_4182_/ZN	0	0.5	frozen_count
_1337_	_4183_/B	0	0.5	frozen_count
_1338_	_4184_/ZN	0	0.5	frozen_count
_1338_	_4191_/B2	0	0.5	frozen_count
_1339_	_4185_/ZN	0	0.5	frozen_count
_1339_	_4186_/A2	0	0.5	frozen_count
_1340_	_4186_/ZN	0	0.5	frozen_count
_1340_	_4191_/B1	0	0.5	frozen_count
_1341_	_4187_/Z	0	0.5	frozen_count
_1341_	_4188_/B	0	0.5	frozen_count
_1342_	_4188_/ZN	0	0.5	frozen_count
_1342_	_4191_/C2	0	0.5	frozen_count
_1343_	_4189_/ZN	0	0.5	frozen_count
_1343_	_4190_/A	0	0.5	frozen_count
_1343_	_4742_/A	0	0.5	frozen_count
_1344_	_4190_/ZN	0	0.5	frozen_count
_1344_	_4191_/A	0	0.5	frozen_count
_1345_	_4192_/ZN	0	0.5	frozen_count
_1345_	_4193_/B	0	0.5	frozen_count
_1346_	_4193_/ZN	0	0.5	frozen_count
_1346_	_4197_/B1	0	0.5	frozen_count
_1347_	_4194_/ZN	0	0.5	frozen_count
_1347_	_4195_/B	0	0.5	frozen_count
_1348_	_4195_/ZN	0	0.5	frozen_count
_1348_	_4196_/C1	0	0.5	frozen_count
_1349_	_4196_/ZN	0	0.5	frozen_count
_1349_	_4197_/A	0	0.5	frozen_count
_1350_	_4198_/ZN	0	0.5	frozen_count
_1350_	_4199_/A	0	0.5	frozen_count
_1351_	_4199_/ZN	0	0.5	frozen_count
_1351_	_4200_/C1	0	0.5	frozen_count
_1352_	_4200_/ZN	0	0.5	frozen_count
_1352_	_4203_/A	0	0.5	frozen_count
_1353_	_4201_/Z	0	0.5	frozen_count
_1353_	_4202_/B	0	0.5	frozen_count
_1354_	_4202_/ZN	0	0.5	frozen_count
_1354_	_4203_/B1	0	0.5	frozen_count
_1355_	_4204_/ZN	0	0.5	frozen_count
_1355_	_4206_/A2	0	0.5	frozen_count
_1356_	_4205_/ZN	0	0.5	frozen_count
_1356_	_4206_/A3	0	0.5	frozen_count
_1357_	_4206_/ZN	0	0.5	frozen_count
_1357_	_4211_/A1	0	0.5	frozen_count
_1358_	_4207_/ZN	0	0.5	frozen_count
_1358_	_4211_/A2	0	0.5	frozen_count
_1359_	_4208_/Z	0	0.5	frozen_count
_1359_	_4209_/B	0	0.5	frozen_count
_1360_	_4209_/ZN	0	0.5	frozen_count
_1360_	_4210_/B1	0	0.5	frozen_count
_1361_	_4210_/ZN	0	0.5	frozen_count
_1361_	_4211_/A3	0	0.5	frozen_count
_1362_	_4212_/ZN	0	0.5	frozen_count
_1362_	_4213_/B1	0	0.5	frozen_count
_1363_	_4213_/ZN	0	0.5	frozen_count
_1363_	_4218_/A2	0	0.5	frozen_count
_1364_	_4214_/ZN	0	0.5	frozen_count
_1364_	_4258_/A	0	0.5	frozen_count
_1365_	_4215_/ZN	0	0.5	frozen_count
_1365_	_4219_/A	0	0.5	frozen_count
_1366_	_4216_/ZN	0	0.5	frozen_count
_1366_	_4217_/B	0	0.5	frozen_count
_1367_	_4217_/ZN	0	0.5	frozen_count
_1367_	_4218_/B1	0	0.5	frozen_count
_1368_	_4218_/ZN	0	0.5	frozen_count
_1368_	_4219_/B	0	0.5	frozen_count
_1369_	_4220_/ZN	0	0.5	frozen_count
_1369_	_4224_/A	0	0.5	frozen_count
_1370_	_4221_/ZN	0	0.5	frozen_count
_1370_	_4224_/C1	0	0.5	frozen_count
_1370_	_4226_/B1	0	0.5	frozen_count
_1371_	_4222_/Z	0	0.5	frozen_count
_1371_	_4223_/B1	0	0.5	frozen_count
_1372_	_4223_/ZN	0	0.5	frozen_count
_1372_	_4224_/B	0	0.5	frozen_count
_1373_	_4225_/ZN	0	0.5	frozen_count
_1373_	_4227_/B1	0	0.5	frozen_count
_1374_	_4226_/ZN	0	0.5	frozen_count
_1374_	_4227_/B2	0	0.5	frozen_count
_1375_	_4227_/ZN	0	0.5	frozen_count
_1375_	_4234_/A1	0	0.5	frozen_count
_1375_	_4241_/A	0	0.5	frozen_count
_1376_	_4228_/ZN	0	0.5	frozen_count
_1376_	_4229_/B	0	0.5	frozen_count
_1377_	_4229_/ZN	0	0.5	frozen_count
_1377_	_4230_/B1	0	0.5	frozen_count
_1378_	_4230_/ZN	0	0.5	frozen_count
_1378_	_4234_/A2	0	0.5	frozen_count
_1379_	_4231_/ZN	0	0.5	frozen_count
_1379_	_4232_/B	0	0.5	frozen_count
_1380_	_4232_/Z	0	0.5	frozen_count
_1380_	_4233_/C1	0	0.5	frozen_count
_1381_	_4233_/ZN	0	0.5	frozen_count
_1381_	_4234_/A3	0	0.5	frozen_count
_1382_	_4235_/ZN	0	0.5	frozen_count
_1382_	_4239_/A2	0	0.5	frozen_count
_1383_	_4236_/ZN	0	0.5	frozen_count
_1383_	_4239_/A3	0	0.5	frozen_count
_1384_	_4237_/ZN	0	0.5	frozen_count
_1384_	_4239_/B1	0	0.5	frozen_count
_1385_	_4238_/ZN	0	0.5	frozen_count
_1385_	_4239_/B2	0	0.5	frozen_count
_1386_	_4239_/ZN	0	0.5	frozen_count
_1386_	_4240_/A	0	0.5	frozen_count
_1387_	_4240_/ZN	0	0.5	frozen_count
_1387_	_4241_/B	0	0.5	frozen_count
_1388_	_4242_/ZN	0	0.5	frozen_count
_1388_	_4243_/A2	0	0.5	frozen_count
_1388_	_4244_/B1	0	0.5	frozen_count
_1389_	_4243_/ZN	0	0.5	frozen_count
_1389_	_4248_/C1	0	0.5	frozen_count
_1390_	_4244_/ZN	0	0.5	frozen_count
_1390_	_4248_/C2	0	0.5	frozen_count
_1391_	_4245_/ZN	0	0.5	frozen_count
_1391_	_4247_/A	0	0.5	frozen_count
_1392_	_4246_/ZN	0	0.5	frozen_count
_1392_	_4248_/A	0	0.5	frozen_count
_1393_	_4247_/ZN	0	0.5	frozen_count
_1393_	_4248_/B	0	0.5	frozen_count
_1394_	_4248_/ZN	0	0.5	frozen_count
_1394_	_4249_/A2	0	0.5	frozen_count
_1395_	_4249_/ZN	0	0.5	frozen_count
_1395_	_4251_/A	0	0.5	frozen_count
_1396_	_4250_/ZN	0	0.5	frozen_count
_1396_	_4251_/B	0	0.5	frozen_count
_1397_	_4252_/ZN	0	0.5	frozen_count
_1397_	_4253_/B1	0	0.5	frozen_count
_1397_	_4254_/B1	0	0.5	frozen_count
_1398_	_4253_/ZN	0	0.5	frozen_count
_1398_	_4254_/A	0	0.5	frozen_count
_1399_	_4254_/ZN	0	0.5	frozen_count
_1399_	_4257_/A	0	0.5	frozen_count
_1400_	_4255_/ZN	0	0.5	frozen_count
_1400_	_4256_/A	0	0.5	frozen_count
_1401_	_4256_/ZN	0	0.5	frozen_count
_1401_	_4257_/B	0	0.5	frozen_count
_1402_	_4257_/ZN	0	0.5	frozen_count
_1402_	_4258_/B1	0	0.5	frozen_count
_1403_	_4259_/ZN	0	0.5	frozen_count
_1403_	_4261_/B1	0	0.5	frozen_count
_1403_	_4262_/B2	0	0.5	frozen_count
_1403_	_4274_/B1	0	0.5	frozen_count
_1404_	_4260_/ZN	0	0.5	frozen_count
_1404_	_4261_/B2	0	0.5	frozen_count
_1404_	_4262_/B1	0	0.5	frozen_count
_1405_	_4261_/ZN	0	0.5	frozen_count
_1405_	_4262_/A	0	0.5	frozen_count
_1406_	_4262_/ZN	0	0.5	frozen_count
_1406_	_4265_/A1	0	0.5	frozen_count
_1407_	_4263_/ZN	0	0.5	frozen_count
_1407_	_4265_/A2	0	0.5	frozen_count
_1408_	_4264_/ZN	0	0.5	frozen_count
_1408_	_4265_/A3	0	0.5	frozen_count
_1409_	_4266_/ZN	0	0.5	frozen_count
_1409_	_4272_/A	0	0.5	frozen_count
_1410_	_4267_/ZN	0	0.5	frozen_count
_1410_	_4268_/A	0	0.5	frozen_count
_1411_	_4268_/ZN	0	0.5	frozen_count
_1411_	_4271_/B1	0	0.5	frozen_count
_1412_	_4269_/ZN	0	0.5	frozen_count
_1412_	_4270_/A	0	0.5	frozen_count
_1413_	_4270_/ZN	0	0.5	frozen_count
_1413_	_4271_/A	0	0.5	frozen_count
_1414_	_4271_/ZN	0	0.5	frozen_count
_1414_	_4272_/B1	0	0.5	frozen_count
_1415_	_4273_/ZN	0	0.5	frozen_count
_1415_	_4276_/B1	0	0.5	frozen_count
_1415_	_4277_/B2	0	0.5	frozen_count
_1416_	_4274_/ZN	0	0.5	frozen_count
_1416_	_4275_/B1	0	0.5	frozen_count
_1416_	_4320_/B1	0	0.5	frozen_count
_1416_	_4321_/B2	0	0.5	frozen_count
_1417_	_4275_/ZN	0	0.5	frozen_count
_1417_	_4276_/B2	0	0.5	frozen_count
_1417_	_4277_/B1	0	0.5	frozen_count
_1418_	_4276_/ZN	0	0.5	frozen_count
_1418_	_4277_/A	0	0.5	frozen_count
_1419_	_4277_/ZN	0	0.5	frozen_count
_1419_	_4280_/A1	0	0.5	frozen_count
_1420_	_4278_/ZN	0	0.5	frozen_count
_1420_	_4280_/A2	0	0.5	frozen_count
_1421_	_4279_/ZN	0	0.5	frozen_count
_1421_	_4280_/A3	0	0.5	frozen_count
_1422_	_4280_/ZN	0	0.5	frozen_count
_1422_	_4282_/B1	0	0.5	frozen_count
_1423_	_4281_/ZN	0	0.5	frozen_count
_1423_	_4282_/A	0	0.5	frozen_count
_1424_	_4283_/ZN	0	0.5	frozen_count
_1424_	_4284_/B1	0	0.5	frozen_count
_1425_	_4284_/ZN	0	0.5	frozen_count
_1425_	_4287_/C2	0	0.5	frozen_count
_1426_	_4285_/ZN	0	0.5	frozen_count
_1426_	_4287_/A	0	0.5	frozen_count
_1427_	_4286_/ZN	0	0.5	frozen_count
_1427_	_4287_/B	0	0.5	frozen_count
_1428_	_4287_/ZN	0	0.5	frozen_count
_1428_	_4288_/A2	0	0.5	frozen_count
_1429_	_4288_/ZN	0	0.5	frozen_count
_1429_	_4290_/A1	0	0.5	frozen_count
_1430_	_4289_/ZN	0	0.5	frozen_count
_1430_	_4290_/A2	0	0.5	frozen_count
_1431_	_4291_/ZN	0	0.5	frozen_count
_1431_	_4292_/B1	0	0.5	frozen_count
_1432_	_4292_/ZN	0	0.5	frozen_count
_1432_	_4293_/B1	0	0.5	frozen_count
_1432_	_4760_/A2	0	0.5	frozen_count
_1433_	_4293_/ZN	0	0.5	frozen_count
_1433_	_4294_/C1	0	0.5	frozen_count
_1433_	_4295_/B1	0	0.5	frozen_count
_1433_	_4727_/B1	0	0.5	frozen_count
_1433_	_4728_/B2	0	0.5	frozen_count
_1434_	_4294_/ZN	0	0.5	frozen_count
_1434_	_4297_/B1	0	0.5	frozen_count
_1434_	_4340_/A	0	0.5	frozen_count
_1435_	_4295_/ZN	0	0.5	frozen_count
_1435_	_4296_/A	0	0.5	frozen_count
_1436_	_4296_/ZN	0	0.5	frozen_count
_1436_	_4297_/A	0	0.5	frozen_count
_1437_	_4297_/ZN	0	0.5	frozen_count
_1437_	_4300_/B1	0	0.5	frozen_count
_1438_	_4298_/ZN	0	0.5	frozen_count
_1438_	_4299_/A	0	0.5	frozen_count
_1439_	_4299_/ZN	0	0.5	frozen_count
_1439_	_4300_/A	0	0.5	frozen_count
_1440_	_4300_/ZN	0	0.5	frozen_count
_1440_	_4301_/B1	0	0.5	frozen_count
_1441_	_4302_/ZN	0	0.5	frozen_count
_1441_	_4304_/B1	0	0.5	frozen_count
_1442_	_4303_/ZN	0	0.5	frozen_count
_1442_	_4304_/B2	0	0.5	frozen_count
_1443_	_4304_/ZN	0	0.5	frozen_count
_1443_	_4307_/A	0	0.5	frozen_count
_1444_	_4305_/ZN	0	0.5	frozen_count
_1444_	_4306_/A	0	0.5	frozen_count
_1445_	_4306_/ZN	0	0.5	frozen_count
_1445_	_4307_/B	0	0.5	frozen_count
_1446_	_4307_/ZN	0	0.5	frozen_count
_1446_	_4309_/B1	0	0.5	frozen_count
_1447_	_4308_/ZN	0	0.5	frozen_count
_1447_	_4309_/A	0	0.5	frozen_count
_1448_	_4310_/ZN	0	0.5	frozen_count
_1448_	_4311_/A	0	0.5	frozen_count
_1448_	_4313_/A3	0	0.5	frozen_count
_1449_	_4311_/ZN	0	0.5	frozen_count
_1449_	_4312_/A	0	0.5	frozen_count
_1450_	_4312_/ZN	0	0.5	frozen_count
_1450_	_4314_/A2	0	0.5	frozen_count
_1451_	_4313_/ZN	0	0.5	frozen_count
_1451_	_4314_/A3	0	0.5	frozen_count
_1452_	_4314_/ZN	0	0.5	frozen_count
_1452_	_4316_/A	0	0.5	frozen_count
_1453_	_4315_/ZN	0	0.5	frozen_count
_1453_	_4316_/B	0	0.5	frozen_count
_1454_	_4316_/ZN	0	0.5	frozen_count
_1454_	_4317_/A2	0	0.5	frozen_count
_1455_	_4317_/ZN	0	0.5	frozen_count
_1455_	_4318_/B	0	0.5	frozen_count
_1456_	_4319_/ZN	0	0.5	frozen_count
_1456_	_4320_/B2	0	0.5	frozen_count
_1456_	_4321_/B1	0	0.5	frozen_count
_1457_	_4320_/ZN	0	0.5	frozen_count
_1457_	_4321_/A	0	0.5	frozen_count
_1458_	_4321_/ZN	0	0.5	frozen_count
_1458_	_4325_/A1	0	0.5	frozen_count
_1459_	_4322_/ZN	0	0.5	frozen_count
_1459_	_4324_/A	0	0.5	frozen_count
_1460_	_4323_/ZN	0	0.5	frozen_count
_1460_	_4325_/A2	0	0.5	frozen_count
_1461_	_4324_/ZN	0	0.5	frozen_count
_1461_	_4325_/A3	0	0.5	frozen_count
_1462_	_4326_/ZN	0	0.5	frozen_count
_1462_	_4327_/B1	0	0.5	frozen_count
_1462_	_4328_/B1	0	0.5	frozen_count
_1463_	_4327_/ZN	0	0.5	frozen_count
_1463_	_4328_/A	0	0.5	frozen_count
_1464_	_4328_/ZN	0	0.5	frozen_count
_1464_	_4331_/A1	0	0.5	frozen_count
_1465_	_4329_/ZN	0	0.5	frozen_count
_1465_	_4331_/A2	0	0.5	frozen_count
_1466_	_4330_/ZN	0	0.5	frozen_count
_1466_	_4331_/A3	0	0.5	frozen_count
_1467_	_4331_/ZN	0	0.5	frozen_count
_1467_	_4332_/C1	0	0.5	frozen_count
_1468_	_4333_/ZN	0	0.5	frozen_count
_1468_	_4335_/A2	0	0.5	frozen_count
_1469_	_4334_/ZN	0	0.5	frozen_count
_1469_	_4335_/A3	0	0.5	frozen_count
_1470_	_4335_/ZN	0	0.5	frozen_count
_1470_	_4337_/B1	0	0.5	frozen_count
_1471_	_4336_/ZN	0	0.5	frozen_count
_1471_	_4337_/B2	0	0.5	frozen_count
_1472_	_4337_/ZN	0	0.5	frozen_count
_1472_	_4338_/A	0	0.5	frozen_count
_1473_	_4338_/ZN	0	0.5	frozen_count
_1473_	_4339_/A	0	0.5	frozen_count
_1474_	_4340_/ZN	0	0.5	frozen_count
_1474_	_4342_/B1	0	0.5	frozen_count
_1474_	_4343_/B2	0	0.5	frozen_count
_1475_	_4341_/ZN	0	0.5	frozen_count
_1475_	_4342_/B2	0	0.5	frozen_count
_1475_	_4343_/B1	0	0.5	frozen_count
_1476_	_4342_/ZN	0	0.5	frozen_count
_1476_	_4343_/A	0	0.5	frozen_count
_1477_	_4343_/ZN	0	0.5	frozen_count
_1477_	_4346_/A	0	0.5	frozen_count
_1478_	_4344_/ZN	0	0.5	frozen_count
_1478_	_4345_/A	0	0.5	frozen_count
_1479_	_4345_/ZN	0	0.5	frozen_count
_1479_	_4346_/B	0	0.5	frozen_count
_1480_	_4346_/ZN	0	0.5	frozen_count
_1480_	_4348_/B1	0	0.5	frozen_count
_1481_	_4347_/ZN	0	0.5	frozen_count
_1481_	_4348_/A	0	0.5	frozen_count
_1482_	_4349_/ZN	0	0.5	frozen_count
_1482_	_4350_/A	0	0.5	frozen_count
_1483_	_4350_/ZN	0	0.5	frozen_count
_1483_	_4351_/A	0	0.5	frozen_count
_1484_	_4351_/ZN	0	0.5	frozen_count
_1484_	_4357_/B1	0	0.5	frozen_count
_1485_	_4352_/ZN	0	0.5	frozen_count
_1485_	_4353_/A	0	0.5	frozen_count
_1486_	_4353_/ZN	0	0.5	frozen_count
_1486_	_4354_/A	0	0.5	frozen_count
_1487_	_4354_/ZN	0	0.5	frozen_count
_1487_	_4356_/B1	0	0.5	frozen_count
_1488_	_4355_/ZN	0	0.5	frozen_count
_1488_	_4356_/A	0	0.5	frozen_count
_1489_	_4356_/ZN	0	0.5	frozen_count
_1489_	_4357_/A	0	0.5	frozen_count
_1490_	_4357_/ZN	0	0.5	frozen_count
_1490_	_4363_/B1	0	0.5	frozen_count
_1490_	_4534_/A	0	0.5	frozen_count
_1491_	_4358_/Z	0	0.5	frozen_count
_1491_	_4361_/B1	0	0.5	frozen_count
_1491_	_4534_/C1	0	0.5	frozen_count
_1492_	_4359_/ZN	0	0.5	frozen_count
_1492_	_4361_/C2	0	0.5	frozen_count
_1492_	_4532_/A2	0	0.5	frozen_count
_1493_	_4360_/ZN	0	0.5	frozen_count
_1493_	_4361_/A	0	0.5	frozen_count
_1494_	_4361_/ZN	0	0.5	frozen_count
_1494_	_4362_/A	0	0.5	frozen_count
_1495_	_4362_/ZN	0	0.5	frozen_count
_1495_	_4363_/A	0	0.5	frozen_count
_1496_	_4364_/ZN	0	0.5	frozen_count
_1496_	_4370_/C2	0	0.5	frozen_count
_1496_	_4374_/B1	0	0.5	frozen_count
_1496_	_4530_/B1	0	0.5	frozen_count
_1497_	_4365_/ZN	0	0.5	frozen_count
_1497_	_4366_/B1	0	0.5	frozen_count
_1497_	_4368_/C1	0	0.5	frozen_count
_1498_	_4366_/ZN	0	0.5	frozen_count
_1498_	_4370_/B1	0	0.5	frozen_count
_1499_	_4367_/ZN	0	0.5	frozen_count
_1499_	_4369_/A1	0	0.5	frozen_count
_1500_	_4368_/ZN	0	0.5	frozen_count
_1500_	_4369_/A2	0	0.5	frozen_count
_1501_	_4369_/ZN	0	0.5	frozen_count
_1501_	_4370_/A	0	0.5	frozen_count
_1502_	_4370_/ZN	0	0.5	frozen_count
_1502_	_4375_/B1	0	0.5	frozen_count
_1502_	_4529_/A	0	0.5	frozen_count
_1503_	_4371_/ZN	0	0.5	frozen_count
_1503_	_4372_/A2	0	0.5	frozen_count
_1504_	_4372_/ZN	0	0.5	frozen_count
_1504_	_4374_/C2	0	0.5	frozen_count
_1504_	_4530_/C2	0	0.5	frozen_count
_1505_	_4373_/ZN	0	0.5	frozen_count
_1505_	_4374_/A	0	0.5	frozen_count
_1506_	_4374_/ZN	0	0.5	frozen_count
_1506_	_4375_/A	0	0.5	frozen_count
_1507_	_4375_/ZN	0	0.5	frozen_count
_1507_	_4376_/A	0	0.5	frozen_count
_1508_	_4377_/ZN	0	0.5	frozen_count
_1508_	_4378_/B	0	0.5	frozen_count
_1509_	_4378_/ZN	0	0.5	frozen_count
_1509_	_4379_/A2	0	0.5	frozen_count
_1509_	_4388_/B1	0	0.5	frozen_count
_1509_	_4527_/C2	0	0.5	frozen_count
_1510_	_4379_/ZN	0	0.5	frozen_count
_1510_	_4383_/A1	0	0.5	frozen_count
_1511_	_4380_/Z	0	0.5	frozen_count
_1511_	_4382_/B1	0	0.5	frozen_count
_1512_	_4381_/ZN	0	0.5	frozen_count
_1512_	_4382_/A	0	0.5	frozen_count
_1513_	_4382_/ZN	0	0.5	frozen_count
_1513_	_4383_/A2	0	0.5	frozen_count
_1514_	_4383_/ZN	0	0.5	frozen_count
_1514_	_4388_/C2	0	0.5	frozen_count
_1514_	_4527_/A	0	0.5	frozen_count
_1515_	_4384_/ZN	0	0.5	frozen_count
_1515_	_4385_/A	0	0.5	frozen_count
_1516_	_4385_/ZN	0	0.5	frozen_count
_1516_	_4387_/A	0	0.5	frozen_count
_1517_	_4386_/ZN	0	0.5	frozen_count
_1517_	_4387_/B1	0	0.5	frozen_count
_1517_	_4526_/B2	0	0.5	frozen_count
_1518_	_4387_/ZN	0	0.5	frozen_count
_1518_	_4388_/A	0	0.5	frozen_count
_1519_	_4389_/ZN	0	0.5	frozen_count
_1519_	_4390_/A	0	0.5	frozen_count
_1519_	_4700_/A	0	0.5	frozen_count
_1520_	_4390_/ZN	0	0.5	frozen_count
_1520_	_4391_/A	0	0.5	frozen_count
_1521_	_4392_/ZN	0	0.5	frozen_count
_1521_	_4393_/A	0	0.5	frozen_count
_1522_	_4393_/ZN	0	0.5	frozen_count
_1522_	_4394_/A	0	0.5	frozen_count
_1523_	_4394_/ZN	0	0.5	frozen_count
_1523_	hold359/A	0	0.5	frozen_count
_1524_	_4396_/ZN	0	0.5	frozen_count
_1524_	_4397_/B2	0	0.5	frozen_count
_1525_	_4397_/ZN	0	0.5	frozen_count
_1525_	hold371/A	0	0.5	frozen_count
_1526_	_4399_/ZN	0	0.5	frozen_count
_1526_	_4401_/A1	0	0.5	frozen_count
_1527_	_4400_/ZN	0	0.5	frozen_count
_1527_	hold356/A	0	0.5	frozen_count
_1528_	_4403_/ZN	0	0.5	frozen_count
_1528_	_4404_/B2	0	0.5	frozen_count
_1529_	_4404_/ZN	0	0.5	frozen_count
_1529_	hold365/A	0	0.5	frozen_count
_1530_	_4406_/ZN	0	0.5	frozen_count
_1530_	_4407_/A	0	0.5	frozen_count
_1531_	_4407_/ZN	0	0.5	frozen_count
_1531_	hold362/A	0	0.5	frozen_count
_1532_	_4409_/ZN	0	0.5	frozen_count
_1532_	_4412_/B2	0	0.5	frozen_count
_1533_	_4410_/ZN	0	0.5	frozen_count
_1533_	_4412_/B1	0	0.5	frozen_count
_1534_	_4411_/ZN	0	0.5	frozen_count
_1534_	hold353/A	0	0.5	frozen_count
_1535_	_4415_/ZN	0	0.5	frozen_count
_1535_	_4416_/A	0	0.5	frozen_count
_1536_	_4417_/ZN	0	0.5	frozen_count
_1536_	_4418_/A	0	0.5	frozen_count
_1537_	_4418_/ZN	0	0.5	frozen_count
_1537_	_4419_/A	0	0.5	frozen_count
_1538_	_4419_/ZN	0	0.5	frozen_count
_1538_	_4420_/A	0	0.5	frozen_count
_1539_	_4421_/ZN	0	0.5	frozen_count
_1539_	_4422_/A	0	0.5	frozen_count
_1540_	_4422_/ZN	0	0.5	frozen_count
_1540_	_4423_/A	0	0.5	frozen_count
_1541_	_4423_/ZN	0	0.5	frozen_count
_1541_	_4424_/A	0	0.5	frozen_count
_1542_	_4425_/ZN	0	0.5	frozen_count
_1542_	_4426_/A	0	0.5	frozen_count
_1543_	_4427_/ZN	0	0.5	frozen_count
_1543_	_4428_/A	0	0.5	frozen_count
_1544_	_4428_/ZN	0	0.5	frozen_count
_1544_	_4429_/A	0	0.5	frozen_count
_1545_	_4429_/ZN	0	0.5	frozen_count
_1545_	_4430_/A	0	0.5	frozen_count
_1546_	_4431_/ZN	0	0.5	frozen_count
_1546_	_4432_/A	0	0.5	frozen_count
_1547_	_4433_/ZN	0	0.5	frozen_count
_1547_	_4434_/A	0	0.5	frozen_count
_1548_	_4434_/ZN	0	0.5	frozen_count
_1548_	_4435_/A	0	0.5	frozen_count
_1549_	_4435_/ZN	0	0.5	frozen_count
_1549_	_4436_/A	0	0.5	frozen_count
_1550_	_4437_/ZN	0	0.5	frozen_count
_1550_	hold374/A	0	0.5	frozen_count
_1551_	_4439_/ZN	0	0.5	frozen_count
_1551_	_4440_/A	0	0.5	frozen_count
_1552_	_4440_/ZN	0	0.5	frozen_count
_1552_	_4441_/A	0	0.5	frozen_count
_1553_	_4441_/ZN	0	0.5	frozen_count
_1553_	_4442_/A	0	0.5	frozen_count
_1554_	_4443_/ZN	0	0.5	frozen_count
_1554_	_4444_/A	0	0.5	frozen_count
_1555_	_4445_/ZN	0	0.5	frozen_count
_1555_	_4447_/A1	0	0.5	frozen_count
_1556_	_4446_/ZN	0	0.5	frozen_count
_1556_	_4447_/A2	0	0.5	frozen_count
_1557_	_4448_/ZN	0	0.5	frozen_count
_1557_	_4449_/A	0	0.5	frozen_count
_1558_	_4449_/ZN	0	0.5	frozen_count
_1558_	_4450_/A	0	0.5	frozen_count
_1559_	_4451_/ZN	0	0.5	frozen_count
_1559_	hold368/A	0	0.5	frozen_count
_1560_	_4453_/ZN	0	0.5	frozen_count
_1560_	_4454_/C1	0	0.5	frozen_count
_1561_	_4454_/ZN	0	0.5	frozen_count
_1561_	hold347/A	0	0.5	frozen_count
_1562_	_4456_/ZN	0	0.5	frozen_count
_1562_	_4457_/A	0	0.5	frozen_count
_1563_	_4457_/ZN	0	0.5	frozen_count
_1563_	_4459_/A1	0	0.5	frozen_count
_1564_	_4458_/ZN	0	0.5	frozen_count
_1564_	_4459_/A2	0	0.5	frozen_count
_1565_	_4463_/ZN	0	0.5	frozen_count
_1565_	_4467_/A	0	0.5	frozen_count
_1566_	_4464_/ZN	0	0.5	frozen_count
_1566_	_4466_/A	0	0.5	frozen_count
_1567_	_4465_/ZN	0	0.5	frozen_count
_1567_	_4466_/B	0	0.5	frozen_count
_1568_	_4466_/ZN	0	0.5	frozen_count
_1568_	_4467_/B	0	0.5	frozen_count
_1569_	_4468_/ZN	0	0.5	frozen_count
_1569_	_4470_/A	0	0.5	frozen_count
_1570_	_4469_/ZN	0	0.5	frozen_count
_1570_	_4470_/B	0	0.5	frozen_count
_1571_	_4470_/ZN	0	0.5	frozen_count
_1571_	_4471_/A	0	0.5	frozen_count
_1572_	_4472_/ZN	0	0.5	frozen_count
_1572_	_4476_/A	0	0.5	frozen_count
_1573_	_4473_/ZN	0	0.5	frozen_count
_1573_	_4474_/A	0	0.5	frozen_count
_1574_	_4474_/ZN	0	0.5	frozen_count
_1574_	_4475_/A	0	0.5	frozen_count
_1575_	_4475_/ZN	0	0.5	frozen_count
_1575_	_4476_/B	0	0.5	frozen_count
_1576_	_4477_/ZN	0	0.5	frozen_count
_1576_	_4479_/A	0	0.5	frozen_count
_1577_	_4478_/ZN	0	0.5	frozen_count
_1577_	_4479_/B	0	0.5	frozen_count
_1578_	_4479_/ZN	0	0.5	frozen_count
_1578_	_4481_/A	0	0.5	frozen_count
_1579_	_4480_/ZN	0	0.5	frozen_count
_1579_	_4481_/B	0	0.5	frozen_count
_1580_	_4482_/ZN	0	0.5	frozen_count
_1580_	_4483_/B	0	0.5	frozen_count
_1581_	_4483_/ZN	0	0.5	frozen_count
_1581_	_4484_/C1	0	0.5	frozen_count
_1582_	_4484_/ZN	0	0.5	frozen_count
_1582_	_4488_/A1	0	0.5	frozen_count
_1583_	_4485_/ZN	0	0.5	frozen_count
_1583_	_4486_/B	0	0.5	frozen_count
_1584_	_4486_/ZN	0	0.5	frozen_count
_1584_	_4487_/B1	0	0.5	frozen_count
_1585_	_4487_/ZN	0	0.5	frozen_count
_1585_	_4488_/A2	0	0.5	frozen_count
_1586_	_4511_/ZN	0	0.5	frozen_count
_1586_	_4512_/A2	0	0.5	frozen_count
_1587_	_4512_/ZN	0	0.5	frozen_count
_1587_	_4513_/B	0	0.5	frozen_count
_1587_	_4658_/B	0	0.5	frozen_count
_1588_	_4514_/ZN	0	0.5	frozen_count
_1588_	_4515_/A	0	0.5	frozen_count
_1589_	_4515_/ZN	0	0.5	frozen_count
_1589_	_4516_/A2	0	0.5	frozen_count
_1590_	_4516_/ZN	0	0.5	frozen_count
_1590_	_4517_/B	0	0.5	frozen_count
_1590_	_4659_/B	0	0.5	frozen_count
_1591_	_4518_/ZN	0	0.5	frozen_count
_1591_	_4519_/B	0	0.5	frozen_count
_1592_	_4519_/ZN	0	0.5	frozen_count
_1592_	_4520_/A	0	0.5	frozen_count
_1593_	_4520_/ZN	0	0.5	frozen_count
_1593_	_4521_/B	0	0.5	frozen_count
_1593_	_4660_/B	0	0.5	frozen_count
_1594_	_4522_/ZN	0	0.5	frozen_count
_1594_	_4523_/A	0	0.5	frozen_count
_1595_	_4523_/ZN	0	0.5	frozen_count
_1595_	_4524_/B	0	0.5	frozen_count
_1596_	_4524_/ZN	0	0.5	frozen_count
_1596_	_4525_/B	0	0.5	frozen_count
_1596_	_4661_/B	0	0.5	frozen_count
_1597_	_4526_/ZN	0	0.5	frozen_count
_1597_	_4527_/B	0	0.5	frozen_count
_1598_	_4527_/ZN	0	0.5	frozen_count
_1598_	_4528_/B	0	0.5	frozen_count
_1598_	_4662_/B	0	0.5	frozen_count
_1599_	_4529_/ZN	0	0.5	frozen_count
_1599_	_4530_/A	0	0.5	frozen_count
_1600_	_4530_/ZN	0	0.5	frozen_count
_1600_	_4531_/B	0	0.5	frozen_count
_1600_	_4663_/B	0	0.5	frozen_count
_1601_	_4532_/ZN	0	0.5	frozen_count
_1601_	_4533_/A	0	0.5	frozen_count
_1602_	_4533_/ZN	0	0.5	frozen_count
_1602_	_4534_/B	0	0.5	frozen_count
_1603_	_4534_/ZN	0	0.5	frozen_count
_1603_	_4535_/B	0	0.5	frozen_count
_1603_	_4664_/B	0	0.5	frozen_count
_1604_	_4536_/ZN	0	0.5	frozen_count
_1604_	_4537_/B	0	0.5	frozen_count
_1605_	_4537_/ZN	0	0.5	frozen_count
_1605_	_4538_/B	0	0.5	frozen_count
_1605_	_4665_/B	0	0.5	frozen_count
_1606_	_4539_/ZN	0	0.5	frozen_count
_1606_	_4549_/A1	0	0.5	frozen_count
_1607_	_4540_/Z	0	0.5	frozen_count
_1607_	_4544_/C1	0	0.5	frozen_count
_1607_	_4551_/A2	0	0.5	frozen_count
_1607_	_4787_/B1	0	0.5	frozen_count
_1608_	_4541_/ZN	0	0.5	frozen_count
_1608_	_4542_/A	0	0.5	frozen_count
_1609_	_4542_/ZN	0	0.5	frozen_count
_1609_	_4544_/A	0	0.5	frozen_count
_1610_	_4543_/ZN	0	0.5	frozen_count
_1610_	_4544_/B1	0	0.5	frozen_count
_1611_	_4544_/ZN	0	0.5	frozen_count
_1611_	_4548_/A	0	0.5	frozen_count
_1612_	_4545_/ZN	0	0.5	frozen_count
_1612_	_4546_/A2	0	0.5	frozen_count
_1613_	_4546_/ZN	0	0.5	frozen_count
_1613_	_4548_/B	0	0.5	frozen_count
_1614_	_4547_/ZN	0	0.5	frozen_count
_1614_	_4548_/C1	0	0.5	frozen_count
_1615_	_4548_/ZN	0	0.5	frozen_count
_1615_	_4549_/A2	0	0.5	frozen_count
_1616_	_4549_/ZN	0	0.5	frozen_count
_1616_	_4552_/A	0	0.5	frozen_count
_1616_	_4788_/B1	0	0.5	frozen_count
_1617_	_4550_/ZN	0	0.5	frozen_count
_1617_	_4551_/B1	0	0.5	frozen_count
_1617_	_4787_/C2	0	0.5	frozen_count
_1618_	_4551_/ZN	0	0.5	frozen_count
_1618_	_4552_/B	0	0.5	frozen_count
_1619_	_4552_/ZN	0	0.5	frozen_count
_1619_	_4553_/B	0	0.5	frozen_count
_1619_	_4666_/B	0	0.5	frozen_count
_1620_	_4554_/ZN	0	0.5	frozen_count
_1620_	_4556_/A	0	0.5	frozen_count
_1621_	_4555_/ZN	0	0.5	frozen_count
_1621_	_4556_/B	0	0.5	frozen_count
_1622_	_4556_/ZN	0	0.5	frozen_count
_1622_	_4557_/B	0	0.5	frozen_count
_1622_	_4667_/B	0	0.5	frozen_count
_1623_	_4558_/ZN	0	0.5	frozen_count
_1623_	_4559_/B	0	0.5	frozen_count
_1624_	_4559_/ZN	0	0.5	frozen_count
_1624_	_4560_/A	0	0.5	frozen_count
_1625_	_4560_/ZN	0	0.5	frozen_count
_1625_	_4561_/B	0	0.5	frozen_count
_1625_	_4668_/B	0	0.5	frozen_count
_1626_	_4562_/ZN	0	0.5	frozen_count
_1626_	_4563_/B	0	0.5	frozen_count
_1627_	_4563_/ZN	0	0.5	frozen_count
_1627_	_4564_/B	0	0.5	frozen_count
_1627_	_4669_/B	0	0.5	frozen_count
_1628_	_4565_/ZN	0	0.5	frozen_count
_1628_	_4566_/A2	0	0.5	frozen_count
_1629_	_4566_/ZN	0	0.5	frozen_count
_1629_	_4567_/A	0	0.5	frozen_count
_1630_	_4567_/ZN	0	0.5	frozen_count
_1630_	_4568_/B	0	0.5	frozen_count
_1630_	_4670_/B	0	0.5	frozen_count
_1631_	_4569_/ZN	0	0.5	frozen_count
_1631_	_4570_/B	0	0.5	frozen_count
_1632_	_4570_/ZN	0	0.5	frozen_count
_1632_	_4571_/B	0	0.5	frozen_count
_1632_	_4671_/B	0	0.5	frozen_count
_1633_	_4572_/ZN	0	0.5	frozen_count
_1633_	_4582_/B1	0	0.5	frozen_count
_1633_	_4645_/A2	0	0.5	frozen_count
_1634_	_4573_/Z	0	0.5	frozen_count
_1634_	_4576_/B1	0	0.5	frozen_count
_1634_	_4580_/A2	0	0.5	frozen_count
_1634_	_4645_/B1	0	0.5	frozen_count
_1635_	_4574_/ZN	0	0.5	frozen_count
_1635_	_4575_/B1	0	0.5	frozen_count
_1636_	_4575_/ZN	0	0.5	frozen_count
_1636_	_4576_/A	0	0.5	frozen_count
_1637_	_4576_/ZN	0	0.5	frozen_count
_1637_	_4577_/A	0	0.5	frozen_count
_1638_	_4577_/ZN	0	0.5	frozen_count
_1638_	_4579_/B1	0	0.5	frozen_count
_1638_	_4647_/A1	0	0.5	frozen_count
_1639_	_4578_/ZN	0	0.5	frozen_count
_1639_	_4579_/A	0	0.5	frozen_count
_1640_	_4579_/ZN	0	0.5	frozen_count
_1640_	_4581_/A	0	0.5	frozen_count
_1641_	_4580_/ZN	0	0.5	frozen_count
_1641_	_4581_/B	0	0.5	frozen_count
_1642_	_4581_/ZN	0	0.5	frozen_count
_1642_	_4582_/A	0	0.5	frozen_count
_1643_	_4583_/ZN	0	0.5	frozen_count
_1643_	_4584_/A2	0	0.5	frozen_count
_1644_	_4584_/ZN	0	0.5	frozen_count
_1644_	_4585_/B	0	0.5	frozen_count
_1644_	_4672_/B	0	0.5	frozen_count
_1645_	_4586_/ZN	0	0.5	frozen_count
_1645_	_4587_/B	0	0.5	frozen_count
_1646_	_4587_/ZN	0	0.5	frozen_count
_1646_	_4588_/B	0	0.5	frozen_count
_1646_	_4673_/B	0	0.5	frozen_count
_1647_	_4589_/ZN	0	0.5	frozen_count
_1647_	_4590_/A	0	0.5	frozen_count
_1648_	_4590_/ZN	0	0.5	frozen_count
_1648_	_4591_/B	0	0.5	frozen_count
_1649_	_4591_/ZN	0	0.5	frozen_count
_1649_	_4592_/A	0	0.5	frozen_count
_1650_	_4592_/ZN	0	0.5	frozen_count
_1650_	_4593_/B	0	0.5	frozen_count
_1650_	_4674_/B	0	0.5	frozen_count
_1651_	_4594_/ZN	0	0.5	frozen_count
_1651_	_4595_/B	0	0.5	frozen_count
_1652_	_4595_/ZN	0	0.5	frozen_count
_1652_	_4596_/A	0	0.5	frozen_count
_1653_	_4596_/ZN	0	0.5	frozen_count
_1653_	_4597_/B	0	0.5	frozen_count
_1653_	_4675_/B	0	0.5	frozen_count
_1654_	_4598_/ZN	0	0.5	frozen_count
_1654_	_4599_/A	0	0.5	frozen_count
_1655_	_4599_/ZN	0	0.5	frozen_count
_1655_	_4600_/A	0	0.5	frozen_count
_1656_	_4600_/ZN	0	0.5	frozen_count
_1656_	_4607_/C2	0	0.5	frozen_count
_1657_	_4601_/ZN	0	0.5	frozen_count
_1657_	_4607_/B2	0	0.5	frozen_count
_1658_	_4602_/ZN	0	0.5	frozen_count
_1658_	_4603_/A	0	0.5	frozen_count
_1659_	_4603_/ZN	0	0.5	frozen_count
_1659_	_4607_/B1	0	0.5	frozen_count
_1660_	_4604_/ZN	0	0.5	frozen_count
_1660_	_4606_/A	0	0.5	frozen_count
_1661_	_4605_/ZN	0	0.5	frozen_count
_1661_	_4606_/B	0	0.5	frozen_count
_1662_	_4606_/ZN	0	0.5	frozen_count
_1662_	_4607_/A	0	0.5	frozen_count
_1663_	_4607_/ZN	0	0.5	frozen_count
_1663_	_4611_/A	0	0.5	frozen_count
_1663_	_4768_/A2	0	0.5	frozen_count
_1664_	_4608_/ZN	0	0.5	frozen_count
_1664_	_4610_/A2	0	0.5	frozen_count
_1664_	_4769_/B2	0	0.5	frozen_count
_1665_	_4609_/ZN	0	0.5	frozen_count
_1665_	_4610_/B1	0	0.5	frozen_count
_1665_	_4770_/B1	0	0.5	frozen_count
_1666_	_4610_/ZN	0	0.5	frozen_count
_1666_	_4611_/B	0	0.5	frozen_count
_1667_	_4611_/ZN	0	0.5	frozen_count
_1667_	_4612_/B	0	0.5	frozen_count
_1667_	_4676_/B	0	0.5	frozen_count
_1668_	_4613_/ZN	0	0.5	frozen_count
_1668_	_4614_/A	0	0.5	frozen_count
_1669_	_4614_/ZN	0	0.5	frozen_count
_1669_	_4615_/A2	0	0.5	frozen_count
_1670_	_4615_/ZN	0	0.5	frozen_count
_1670_	_4616_/A	0	0.5	frozen_count
_1671_	_4616_/ZN	0	0.5	frozen_count
_1671_	_4617_/B	0	0.5	frozen_count
_1671_	_4677_/B	0	0.5	frozen_count
_1672_	_4618_/ZN	0	0.5	frozen_count
_1672_	_4620_/A1	0	0.5	frozen_count
_1672_	_4624_/B	0	0.5	frozen_count
_1672_	_4625_/A1	0	0.5	frozen_count
_1673_	_4619_/ZN	0	0.5	frozen_count
_1673_	_4620_/A2	0	0.5	frozen_count
_1674_	_4620_/ZN	0	0.5	frozen_count
_1674_	_4626_/A1	0	0.5	frozen_count
_1675_	_4621_/ZN	0	0.5	frozen_count
_1675_	_4622_/A	0	0.5	frozen_count
_1676_	_4622_/ZN	0	0.5	frozen_count
_1676_	_4626_/A2	0	0.5	frozen_count
_1677_	_4623_/ZN	0	0.5	frozen_count
_1677_	_4625_/A2	0	0.5	frozen_count
_1678_	_4624_/ZN	0	0.5	frozen_count
_1678_	_4625_/B1	0	0.5	frozen_count
_1678_	_4630_/C2	0	0.5	frozen_count
_1678_	_4781_/A2	0	0.5	frozen_count
_1679_	_4625_/ZN	0	0.5	frozen_count
_1679_	_4626_/A3	0	0.5	frozen_count
_1680_	_4626_/ZN	0	0.5	frozen_count
_1680_	_4630_/A	0	0.5	frozen_count
_1680_	_4780_/A2	0	0.5	frozen_count
_1681_	_4627_/ZN	0	0.5	frozen_count
_1681_	_4628_/A2	0	0.5	frozen_count
_1682_	_4628_/ZN	0	0.5	frozen_count
_1682_	_4629_/B2	0	0.5	frozen_count
_1682_	_4783_/B1	0	0.5	frozen_count
_1683_	_4629_/ZN	0	0.5	frozen_count
_1683_	_4630_/B	0	0.5	frozen_count
_1684_	_4630_/ZN	0	0.5	frozen_count
_1684_	_4631_/B	0	0.5	frozen_count
_1684_	_4678_/B	0	0.5	frozen_count
_1685_	_4632_/Z	0	0.5	frozen_count
_1685_	_4634_/B2	0	0.5	frozen_count
_1685_	_4639_/C2	0	0.5	frozen_count
_1685_	_4789_/B2	0	0.5	frozen_count
_1686_	_4633_/ZN	0	0.5	frozen_count
_1686_	_4634_/C1	0	0.5	frozen_count
_1687_	_4634_/ZN	0	0.5	frozen_count
_1687_	_4635_/A	0	0.5	frozen_count
_1688_	_4635_/ZN	0	0.5	frozen_count
_1688_	_4639_/A	0	0.5	frozen_count
_1688_	_4790_/B1	0	0.5	frozen_count
_1689_	_4636_/ZN	0	0.5	frozen_count
_1689_	_4637_/A2	0	0.5	frozen_count
_1689_	_4790_/C1	0	0.5	frozen_count
_1690_	_4637_/ZN	0	0.5	frozen_count
_1690_	_4638_/A	0	0.5	frozen_count
_1691_	_4638_/ZN	0	0.5	frozen_count
_1691_	_4639_/B	0	0.5	frozen_count
_1692_	_4639_/ZN	0	0.5	frozen_count
_1692_	_4640_/B	0	0.5	frozen_count
_1692_	_4679_/B	0	0.5	frozen_count
_1693_	_4641_/ZN	0	0.5	frozen_count
_1693_	_4642_/A2	0	0.5	frozen_count
_1694_	_4642_/ZN	0	0.5	frozen_count
_1694_	_4644_/B1	0	0.5	frozen_count
_1694_	_4681_/B1	0	0.5	frozen_count
_1695_	_4643_/ZN	0	0.5	frozen_count
_1695_	_4644_/A	0	0.5	frozen_count
_1696_	_4645_/ZN	0	0.5	frozen_count
_1696_	_4646_/A	0	0.5	frozen_count
_1697_	_4646_/ZN	0	0.5	frozen_count
_1697_	_4647_/A2	0	0.5	frozen_count
_1698_	_4647_/ZN	0	0.5	frozen_count
_1698_	_4648_/B	0	0.5	frozen_count
_1698_	_4682_/B	0	0.5	frozen_count
_1699_	_4649_/ZN	0	0.5	frozen_count
_1699_	_4654_/A	0	0.5	frozen_count
_1700_	_4650_/ZN	0	0.5	frozen_count
_1700_	_4651_/A	0	0.5	frozen_count
_1701_	_4651_/ZN	0	0.5	frozen_count
_1701_	_4652_/A2	0	0.5	frozen_count
_1701_	_4656_/A	0	0.5	frozen_count
_1702_	_4652_/ZN	0	0.5	frozen_count
_1702_	_4653_/A	0	0.5	frozen_count
_1703_	_4653_/ZN	0	0.5	frozen_count
_1703_	_4654_/B	0	0.5	frozen_count
_1704_	_4655_/ZN	0	0.5	frozen_count
_1704_	_4656_/B	0	0.5	frozen_count
_1705_	_4656_/ZN	0	0.5	frozen_count
_1705_	_4657_/B	0	0.5	frozen_count
_1705_	_4683_/B	0	0.5	frozen_count
_1706_	_4680_/ZN	0	0.5	frozen_count
_1706_	_4681_/A	0	0.5	frozen_count
_1707_	_4684_/ZN	0	0.5	frozen_count
_1707_	_4686_/A1	0	0.5	frozen_count
_1708_	_4685_/ZN	0	0.5	frozen_count
_1708_	_4686_/A2	0	0.5	frozen_count
_1709_	_4689_/ZN	0	0.5	frozen_count
_1709_	_4690_/B2	0	0.5	frozen_count
_1710_	_4690_/ZN	0	0.5	frozen_count
_1710_	_4695_/B1	0	0.5	frozen_count
_1710_	_4699_/B1	0	0.5	frozen_count
_1711_	_4691_/ZN	0	0.5	frozen_count
_1711_	_4692_/A	0	0.5	frozen_count
_1712_	_4692_/ZN	0	0.5	frozen_count
_1712_	_4693_/A	0	0.5	frozen_count
_1713_	_4693_/ZN	0	0.5	frozen_count
_1713_	_4696_/B2	0	0.5	frozen_count
_1713_	_4697_/A3	0	0.5	frozen_count
_1714_	_4694_/ZN	0	0.5	frozen_count
_1714_	_4696_/B1	0	0.5	frozen_count
_1715_	_4695_/ZN	0	0.5	frozen_count
_1715_	_4696_/A	0	0.5	frozen_count
_1716_	_4696_/ZN	0	0.5	frozen_count
_1716_	_4699_/C2	0	0.5	frozen_count
_1717_	_4697_/ZN	0	0.5	frozen_count
_1717_	_4698_/A	0	0.5	frozen_count
_1718_	_4698_/ZN	0	0.5	frozen_count
_1718_	_4699_/A	0	0.5	frozen_count
_1719_	_4700_/ZN	0	0.5	frozen_count
_1719_	_4701_/A	0	0.5	frozen_count
_1720_	_4702_/ZN	0	0.5	frozen_count
_1720_	_4703_/A	0	0.5	frozen_count
_1721_	_4703_/ZN	0	0.5	frozen_count
_1721_	_4704_/A	0	0.5	frozen_count
_1722_	_4704_/ZN	0	0.5	frozen_count
_1722_	_4705_/A	0	0.5	frozen_count
_1723_	_4706_/ZN	0	0.5	frozen_count
_1723_	_4707_/B	0	0.5	frozen_count
_1724_	_4707_/ZN	0	0.5	frozen_count
_1724_	_4711_/A1	0	0.5	frozen_count
_1725_	_4708_/ZN	0	0.5	frozen_count
_1725_	_4710_/A	0	0.5	frozen_count
_1726_	_4709_/ZN	0	0.5	frozen_count
_1726_	_4711_/A2	0	0.5	frozen_count
_1727_	_4710_/ZN	0	0.5	frozen_count
_1727_	_4711_/A3	0	0.5	frozen_count
_1728_	_4712_/ZN	0	0.5	frozen_count
_1728_	_4713_/B1	0	0.5	frozen_count
_1728_	_4714_/B1	0	0.5	frozen_count
_1729_	_4713_/ZN	0	0.5	frozen_count
_1729_	_4714_/A	0	0.5	frozen_count
_1730_	_4714_/ZN	0	0.5	frozen_count
_1730_	_4718_/A1	0	0.5	frozen_count
_1731_	_4715_/ZN	0	0.5	frozen_count
_1731_	_4717_/B	0	0.5	frozen_count
_1732_	_4716_/ZN	0	0.5	frozen_count
_1732_	_4718_/A2	0	0.5	frozen_count
_1733_	_4717_/ZN	0	0.5	frozen_count
_1733_	_4718_/A3	0	0.5	frozen_count
_1734_	_4719_/ZN	0	0.5	frozen_count
_1734_	_4720_/B	0	0.5	frozen_count
_1735_	_4720_/ZN	0	0.5	frozen_count
_1735_	_4723_/B1	0	0.5	frozen_count
_1736_	_4721_/ZN	0	0.5	frozen_count
_1736_	_4722_/A	0	0.5	frozen_count
_1737_	_4722_/ZN	0	0.5	frozen_count
_1737_	_4723_/A	0	0.5	frozen_count
_1738_	_4724_/ZN	0	0.5	frozen_count
_1738_	_4725_/A	0	0.5	frozen_count
_1739_	_4725_/ZN	0	0.5	frozen_count
_1739_	_4729_/A1	0	0.5	frozen_count
_1740_	_4726_/ZN	0	0.5	frozen_count
_1740_	_4727_/B2	0	0.5	frozen_count
_1740_	_4728_/B1	0	0.5	frozen_count
_1741_	_4727_/ZN	0	0.5	frozen_count
_1741_	_4728_/A	0	0.5	frozen_count
_1742_	_4728_/ZN	0	0.5	frozen_count
_1742_	_4729_/A2	0	0.5	frozen_count
_1743_	_4730_/ZN	0	0.5	frozen_count
_1743_	_4732_/A	0	0.5	frozen_count
_1744_	_4731_/ZN	0	0.5	frozen_count
_1744_	_4732_/B	0	0.5	frozen_count
_1745_	_4732_/ZN	0	0.5	frozen_count
_1745_	_4736_/C2	0	0.5	frozen_count
_1746_	_4733_/ZN	0	0.5	frozen_count
_1746_	_4735_/B	0	0.5	frozen_count
_1747_	_4734_/ZN	0	0.5	frozen_count
_1747_	_4736_/A	0	0.5	frozen_count
_1748_	_4735_/ZN	0	0.5	frozen_count
_1748_	_4736_/B	0	0.5	frozen_count
_1749_	_4737_/ZN	0	0.5	frozen_count
_1749_	_4738_/B1	0	0.5	frozen_count
_1749_	_4739_/B1	0	0.5	frozen_count
_1750_	_4738_/ZN	0	0.5	frozen_count
_1750_	_4739_/A	0	0.5	frozen_count
_1751_	_4739_/ZN	0	0.5	frozen_count
_1751_	_4743_/A	0	0.5	frozen_count
_1752_	_4740_/ZN	0	0.5	frozen_count
_1752_	_4741_/A	0	0.5	frozen_count
_1753_	_4741_/ZN	0	0.5	frozen_count
_1753_	_4742_/B	0	0.5	frozen_count
_1754_	_4742_/ZN	0	0.5	frozen_count
_1754_	_4743_/B	0	0.5	frozen_count
_1755_	_4744_/ZN	0	0.5	frozen_count
_1755_	_4746_/B1	0	0.5	frozen_count
_1755_	_4747_/B2	0	0.5	frozen_count
_1755_	_4772_/B1	0	0.5	frozen_count
_1756_	_4745_/ZN	0	0.5	frozen_count
_1756_	_4746_/B2	0	0.5	frozen_count
_1756_	_4747_/B1	0	0.5	frozen_count
_1757_	_4746_/ZN	0	0.5	frozen_count
_1757_	_4747_/A	0	0.5	frozen_count
_1758_	_4747_/ZN	0	0.5	frozen_count
_1758_	_4751_/A1	0	0.5	frozen_count
_1759_	_4748_/ZN	0	0.5	frozen_count
_1759_	_4750_/B	0	0.5	frozen_count
_1760_	_4749_/ZN	0	0.5	frozen_count
_1760_	_4751_/A2	0	0.5	frozen_count
_1761_	_4750_/ZN	0	0.5	frozen_count
_1761_	_4751_/A3	0	0.5	frozen_count
_1762_	_4752_/ZN	0	0.5	frozen_count
_1762_	_4753_/B1	0	0.5	frozen_count
_1762_	_4754_/B1	0	0.5	frozen_count
_1763_	_4753_/ZN	0	0.5	frozen_count
_1763_	_4754_/A	0	0.5	frozen_count
_1764_	_4754_/ZN	0	0.5	frozen_count
_1764_	_4757_/A1	0	0.5	frozen_count
_1765_	_4755_/ZN	0	0.5	frozen_count
_1765_	_4757_/A2	0	0.5	frozen_count
_1766_	_4756_/ZN	0	0.5	frozen_count
_1766_	_4757_/A3	0	0.5	frozen_count
_1767_	_4757_/ZN	0	0.5	frozen_count
_1767_	_4758_/A	0	0.5	frozen_count
_1768_	_4759_/ZN	0	0.5	frozen_count
_1768_	_4762_/B1	0	0.5	frozen_count
_1768_	_4763_/B2	0	0.5	frozen_count
_1769_	_4760_/ZN	0	0.5	frozen_count
_1769_	_4761_/B1	0	0.5	frozen_count
_1769_	_4793_/B1	0	0.5	frozen_count
_1769_	_4794_/B2	0	0.5	frozen_count
_1770_	_4761_/ZN	0	0.5	frozen_count
_1770_	_4762_/B2	0	0.5	frozen_count
_1770_	_4763_/B1	0	0.5	frozen_count
_1771_	_4762_/ZN	0	0.5	frozen_count
_1771_	_4763_/A	0	0.5	frozen_count
_1772_	_4763_/ZN	0	0.5	frozen_count
_1772_	_4767_/A1	0	0.5	frozen_count
_1773_	_4764_/ZN	0	0.5	frozen_count
_1773_	_4766_/A	0	0.5	frozen_count
_1774_	_4765_/ZN	0	0.5	frozen_count
_1774_	_4767_/A2	0	0.5	frozen_count
_1775_	_4766_/ZN	0	0.5	frozen_count
_1775_	_4767_/A3	0	0.5	frozen_count
_1776_	_4768_/ZN	0	0.5	frozen_count
_1776_	_4770_/A	0	0.5	frozen_count
_1777_	_4769_/ZN	0	0.5	frozen_count
_1777_	_4771_/A	0	0.5	frozen_count
_1778_	_4770_/ZN	0	0.5	frozen_count
_1778_	_4771_/B	0	0.5	frozen_count
_1779_	_4772_/ZN	0	0.5	frozen_count
_1779_	_4773_/A	0	0.5	frozen_count
_1779_	_4774_/A3	0	0.5	frozen_count
_1780_	_4773_/ZN	0	0.5	frozen_count
_1780_	_4779_/C1	0	0.5	frozen_count
_1781_	_4774_/ZN	0	0.5	frozen_count
_1781_	_4775_/A2	0	0.5	frozen_count
_1782_	_4775_/ZN	0	0.5	frozen_count
_1782_	_4779_/C2	0	0.5	frozen_count
_1783_	_4776_/ZN	0	0.5	frozen_count
_1783_	_4778_/B	0	0.5	frozen_count
_1784_	_4777_/ZN	0	0.5	frozen_count
_1784_	_4779_/A	0	0.5	frozen_count
_1785_	_4778_/ZN	0	0.5	frozen_count
_1785_	_4779_/B	0	0.5	frozen_count
_1786_	_4780_/ZN	0	0.5	frozen_count
_1786_	_4783_/A	0	0.5	frozen_count
_1787_	_4781_/ZN	0	0.5	frozen_count
_1787_	_4782_/A	0	0.5	frozen_count
_1788_	_4782_/ZN	0	0.5	frozen_count
_1788_	_4784_/A	0	0.5	frozen_count
_1789_	_4783_/ZN	0	0.5	frozen_count
_1789_	_4784_/B	0	0.5	frozen_count
_1790_	_4785_/ZN	0	0.5	frozen_count
_1790_	_4786_/A	0	0.5	frozen_count
_1791_	_4786_/ZN	0	0.5	frozen_count
_1791_	_4787_/A	0	0.5	frozen_count
_1792_	_4787_/ZN	0	0.5	frozen_count
_1792_	_4788_/A	0	0.5	frozen_count
_1793_	_4789_/ZN	0	0.5	frozen_count
_1793_	_4791_/A1	0	0.5	frozen_count
_1794_	_4790_/ZN	0	0.5	frozen_count
_1794_	_4791_/A2	0	0.5	frozen_count
_1795_	_4792_/ZN	0	0.5	frozen_count
_1795_	_4793_/B2	0	0.5	frozen_count
_1795_	_4794_/B1	0	0.5	frozen_count
_1796_	_4793_/ZN	0	0.5	frozen_count
_1796_	_4794_/A	0	0.5	frozen_count
_1797_	_4794_/ZN	0	0.5	frozen_count
_1797_	_4798_/A1	0	0.5	frozen_count
_1798_	_4795_/ZN	0	0.5	frozen_count
_1798_	_4797_/A	0	0.5	frozen_count
_1799_	_4796_/ZN	0	0.5	frozen_count
_1799_	_4798_/A2	0	0.5	frozen_count
_1800_	_4797_/ZN	0	0.5	frozen_count
_1800_	_4798_/A3	0	0.5	frozen_count
_1801_	_2277_/ZN	0	0.5	frozen_count
_1801_	_2341_/A1	0	0.5	frozen_count
_1801_	_2343_/A1	0	0.5	frozen_count
_1801_	_2346_/A1	0	0.5	frozen_count
_1801_	_2361_/A1	0	0.5	frozen_count
_1801_	_2375_/A	0	0.5	frozen_count
_1801_	_2383_/A	0	0.5	frozen_count
_1801_	_2395_/A1	0	0.5	frozen_count
_1801_	_2415_/B2	0	0.5	frozen_count
_1801_	_2421_/A1	0	0.5	frozen_count
_1801_	_2442_/A1	0	0.5	frozen_count
_1801_	_2444_/B2	0	0.5	frozen_count
_1801_	_2452_/A1	0	0.5	frozen_count
_1801_	_2466_/A1	0	0.5	frozen_count
_1801_	_2530_/B2	0	0.5	frozen_count
_1801_	_2541_/A1	0	0.5	frozen_count
_1801_	_2543_/A	0	0.5	frozen_count
_1801_	_2624_/B2	0	0.5	frozen_count
_1801_	_2638_/A1	0	0.5	frozen_count
_1801_	_2641_/A	0	0.5	frozen_count
_1801_	_3227_/A1	0	0.5	frozen_count
_1802_	_2278_/ZN	0	0.5	frozen_count
_1802_	_2600_/B2	0	0.5	frozen_count
_1802_	_2602_/B2	0	0.5	frozen_count
_1802_	_3008_/C1	0	0.5	frozen_count
_1802_	_4694_/A1	0	0.5	frozen_count
_1803_	_2280_/ZN	0	0.5	frozen_count
_1803_	_4241_/C2	0	0.5	frozen_count
_1803_	_4721_/A2	0	0.5	frozen_count
_1804_	_2281_/ZN	0	0.5	frozen_count
_1804_	_2651_/A1	0	0.5	frozen_count
_1804_	_2811_/A	0	0.5	frozen_count
_1804_	_4174_/A2	0	0.5	frozen_count
_1805_	_2282_/ZN	0	0.5	frozen_count
_1805_	_3317_/A1	0	0.5	frozen_count
_1805_	hold381/A	0	0.5	frozen_count
_1806_	_2283_/ZN	0	0.5	frozen_count
_1806_	_2394_/C2	0	0.5	frozen_count
_1807_	_2284_/ZN	0	0.5	frozen_count
_1807_	_2376_/C2	0	0.5	frozen_count
_1807_	_2377_/A2	0	0.5	frozen_count
_1808_	_2285_/ZN	0	0.5	frozen_count
_1808_	_2928_/C2	0	0.5	frozen_count
_1809_	_2286_/ZN	0	0.5	frozen_count
_1809_	_2917_/A1	0	0.5	frozen_count
_1810_	_2287_/ZN	0	0.5	frozen_count
_1810_	_2902_/B2	0	0.5	frozen_count
_1811_	_2288_/ZN	0	0.5	frozen_count
_1811_	_2531_/B1	0	0.5	frozen_count
_1812_	_2289_/ZN	0	0.5	frozen_count
_1812_	_2941_/A1	0	0.5	frozen_count
_1813_	_2290_/ZN	0	0.5	frozen_count
_1813_	_2943_/A1	0	0.5	frozen_count
_1814_	_2291_/ZN	0	0.5	frozen_count
_1814_	_2485_/A1	0	0.5	frozen_count
_1814_	_2487_/B2	0	0.5	frozen_count
_1814_	_2901_/A1	0	0.5	frozen_count
_1814_	_4217_/A	0	0.5	frozen_count
_1814_	_4789_/A1	0	0.5	frozen_count
_1815_	_2292_/ZN	0	0.5	frozen_count
_1815_	_2917_/C2	0	0.5	frozen_count
_1816_	_2293_/ZN	0	0.5	frozen_count
_1816_	_2917_/B2	0	0.5	frozen_count
_1817_	_2294_/ZN	0	0.5	frozen_count
_1817_	_2928_/A1	0	0.5	frozen_count
_1817_	_4579_/C1	0	0.5	frozen_count
_1818_	_2295_/ZN	0	0.5	frozen_count
_1818_	_2489_/A1	0	0.5	frozen_count
_1818_	_2891_/A1	0	0.5	frozen_count
_1819_	_2296_/ZN	0	0.5	frozen_count
_1819_	_2495_/A1	0	0.5	frozen_count
_1820_	_2297_/ZN	0	0.5	frozen_count
_1820_	_2416_/A1	0	0.5	frozen_count
_1820_	_2515_/A1	0	0.5	frozen_count
_1820_	_4695_/B2	0	0.5	frozen_count
_1821_	_2298_/ZN	0	0.5	frozen_count
_1821_	_3134_/C1	0	0.5	frozen_count
_1821_	_4469_/A1	0	0.5	frozen_count
_1822_	_2299_/ZN	0	0.5	frozen_count
_1822_	_2891_/B2	0	0.5	frozen_count
_1823_	_2300_/ZN	0	0.5	frozen_count
_1823_	_2901_/B2	0	0.5	frozen_count
_1824_	_2301_/ZN	0	0.5	frozen_count
_1824_	_2637_/A2	0	0.5	frozen_count
_1824_	_2642_/B1	0	0.5	frozen_count
_1825_	_2302_/ZN	0	0.5	frozen_count
_1825_	_2943_/B2	0	0.5	frozen_count
_1826_	_2303_/ZN	0	0.5	frozen_count
_1826_	_2344_/B1	0	0.5	frozen_count
_1827_	_2304_/ZN	0	0.5	frozen_count
_1827_	_2349_/A1	0	0.5	frozen_count
_1827_	_2358_/A1	0	0.5	frozen_count
_1828_	_2305_/ZN	0	0.5	frozen_count
_1828_	_4445_/C1	0	0.5	frozen_count
_1829_	_2306_/ZN	0	0.5	frozen_count
_1829_	_2327_/A1	0	0.5	frozen_count
_1829_	_2330_/A1	0	0.5	frozen_count
_1829_	_2331_/A1	0	0.5	frozen_count
_1829_	_2438_/B2	0	0.5	frozen_count
_1829_	_2840_/A1	0	0.5	frozen_count
_1829_	_2841_/B2	0	0.5	frozen_count
_1829_	_4409_/A1	0	0.5	frozen_count
_1830_	_2307_/ZN	0	0.5	frozen_count
_1830_	_2390_/A1	0	0.5	frozen_count
_1830_	_2542_/A1	0	0.5	frozen_count
_1831_	_2308_/ZN	0	0.5	frozen_count
_1831_	_2930_/A	0	0.5	frozen_count
_1832_	_2309_/ZN	0	0.5	frozen_count
_1832_	_2914_/A	0	0.5	frozen_count
_1833_	_2310_/ZN	0	0.5	frozen_count
_1833_	_2907_/A	0	0.5	frozen_count
_1834_	_2311_/ZN	0	0.5	frozen_count
_1834_	_2894_/A	0	0.5	frozen_count
_1835_	_2312_/ZN	0	0.5	frozen_count
_1835_	_2943_/C2	0	0.5	frozen_count
_1836_	_2313_/ZN	0	0.5	frozen_count
_1836_	_2928_/B2	0	0.5	frozen_count
_1837_	_2314_/ZN	0	0.5	frozen_count
_1837_	_2657_/A1	0	0.5	frozen_count
_1837_	_3045_/A	0	0.5	frozen_count
_1837_	_4724_/A2	0	0.5	frozen_count
_1838_	_2315_/ZN	0	0.5	frozen_count
_1838_	_2433_/C2	0	0.5	frozen_count
_1838_	_2434_/B1	0	0.5	frozen_count
_1839_	_2316_/ZN	0	0.5	frozen_count
_1839_	_2330_/A2	0	0.5	frozen_count
_1839_	_2331_/A2	0	0.5	frozen_count
_1839_	_2438_/A	0	0.5	frozen_count
_1839_	_2439_/A2	0	0.5	frozen_count
_1840_	_2317_/ZN	0	0.5	frozen_count
_1840_	_2618_/A2	0	0.5	frozen_count
_1840_	_2660_/A1	0	0.5	frozen_count
_1841_	_2318_/ZN	0	0.5	frozen_count
_1841_	_2666_/A1	0	0.5	frozen_count
_1842_	_2319_/ZN	0	0.5	frozen_count
_1842_	_2663_/A1	0	0.5	frozen_count
_1842_	_4332_/A2	0	0.5	frozen_count
_1843_	_2320_/ZN	0	0.5	frozen_count
_1843_	_2371_/A1	0	0.5	frozen_count
_1844_	_2321_/ZN	0	0.5	frozen_count
_1844_	_2324_/A1	0	0.5	frozen_count
_1844_	_2326_/A3	0	0.5	frozen_count
_1844_	_2362_/A2	0	0.5	frozen_count
_1845_	_2322_/ZN	0	0.5	frozen_count
_1845_	_2463_/A2	0	0.5	frozen_count
_1845_	_2465_/A2	0	0.5	frozen_count
_1845_	_4396_/B1	0	0.5	frozen_count
_1846_	_2323_/ZN	0	0.5	frozen_count
_1846_	_2324_/A2	0	0.5	frozen_count
_1846_	_2326_/A4	0	0.5	frozen_count
_1846_	_2362_/A3	0	0.5	frozen_count
_1846_	_2372_/A1	0	0.5	frozen_count
_1846_	_2373_/A1	0	0.5	frozen_count
_1846_	_2450_/A2	0	0.5	frozen_count
_1846_	_2457_/A2	0	0.5	frozen_count
_1846_	_2458_/A2	0	0.5	frozen_count
_1846_	_2639_/A2	0	0.5	frozen_count
_1846_	_2640_/A2	0	0.5	frozen_count
_1846_	_4397_/B1	0	0.5	frozen_count
_1847_	_2324_/ZN	0	0.5	frozen_count
_1847_	_2325_/A2	0	0.5	frozen_count
_1847_	_2445_/A2	0	0.5	frozen_count
_1847_	_4403_/B1	0	0.5	frozen_count
_1848_	_2325_/ZN	0	0.5	frozen_count
_1848_	_2443_/B1	0	0.5	frozen_count
_1848_	_4404_/B1	0	0.5	frozen_count
_1849_	_2326_/ZN	0	0.5	frozen_count
_1849_	place328/A	0	0.5	frozen_count
_1850_	_2327_/ZN	0	0.5	frozen_count
_1850_	_2422_/A4	0	0.5	frozen_count
_1850_	_2432_/A3	0	0.5	frozen_count
_1850_	_2437_/B2	0	0.5	frozen_count
_1850_	_4410_/A1	0	0.5	frozen_count
_1851_	_2328_/ZN	0	0.5	frozen_count
_1851_	_2330_/A4	0	0.5	frozen_count
_1851_	_2331_/A4	0	0.5	frozen_count
_1851_	_2371_/A2	0	0.5	frozen_count
_1852_	_2329_/ZN	0	0.5	frozen_count
_1852_	_2362_/A4	0	0.5	frozen_count
_1853_	_2330_/ZN	0	0.5	frozen_count
_1853_	_2338_/A1	0	0.5	frozen_count
_1853_	_2348_/A1	0	0.5	frozen_count
_1853_	_2349_/A2	0	0.5	frozen_count
_1853_	_2411_/A1	0	0.5	frozen_count
_1853_	_2525_/A1	0	0.5	frozen_count
_1853_	_2542_/A2	0	0.5	frozen_count
_1854_	_2331_/ZN	0	0.5	frozen_count
_1854_	_2340_/A3	0	0.5	frozen_count
_1854_	_2388_/A2	0	0.5	frozen_count
_1854_	_2391_/A2	0	0.5	frozen_count
_1854_	_2392_/A3	0	0.5	frozen_count
_1854_	_2417_/A2	0	0.5	frozen_count
_1854_	_4422_/B1	0	0.5	frozen_count
_1855_	_2332_/ZN	0	0.5	frozen_count
_1855_	_2390_/A2	0	0.5	frozen_count
_1855_	_2525_/A2	0	0.5	frozen_count
_1855_	_2542_/A3	0	0.5	frozen_count
_1856_	_2333_/ZN	0	0.5	frozen_count
_1856_	_2411_/A2	0	0.5	frozen_count
_1856_	_2525_/A3	0	0.5	frozen_count
_1856_	_2542_/A4	0	0.5	frozen_count
_1857_	_2334_/ZN	0	0.5	frozen_count
_1857_	_2336_/A1	0	0.5	frozen_count
_1857_	_2363_/A2	0	0.5	frozen_count
_1857_	_2369_/A1	0	0.5	frozen_count
_1858_	_2335_/ZN	0	0.5	frozen_count
_1858_	_2336_/A2	0	0.5	frozen_count
_1858_	_2363_/A3	0	0.5	frozen_count
_1858_	_2369_/A2	0	0.5	frozen_count
_1859_	_2336_/ZN	0	0.5	frozen_count
_1859_	_2337_/A	0	0.5	frozen_count
_1859_	_2340_/A4	0	0.5	frozen_count
_1860_	_2337_/ZN	0	0.5	frozen_count
_1860_	_2338_/A2	0	0.5	frozen_count
_1860_	_2348_/A2	0	0.5	frozen_count
_1860_	_2349_/A3	0	0.5	frozen_count
_1861_	_2338_/ZN	0	0.5	frozen_count
_1861_	_2339_/B2	0	0.5	frozen_count
_1861_	_2393_/A2	0	0.5	frozen_count
_1861_	_2394_/B	0	0.5	frozen_count
_1861_	_4439_/B1	0	0.5	frozen_count
_1861_	_4440_/B1	0	0.5	frozen_count
_1862_	_2339_/ZN	0	0.5	frozen_count
_1862_	_2342_/A1	0	0.5	frozen_count
_1862_	_2343_/B1	0	0.5	frozen_count
_1863_	_2340_/ZN	0	0.5	frozen_count
_1863_	_2341_/A2	0	0.5	frozen_count
_1863_	_4445_/C2	0	0.5	frozen_count
_1864_	_2341_/ZN	0	0.5	frozen_count
_1864_	_2342_/A2	0	0.5	frozen_count
_1864_	_2343_/B2	0	0.5	frozen_count
_1864_	_2353_/B	0	0.5	frozen_count
_1864_	_2358_/A2	0	0.5	frozen_count
_1865_	_2342_/ZN	0	0.5	frozen_count
_1865_	_2344_/A	0	0.5	frozen_count
_1865_	_4444_/B1	0	0.5	frozen_count
_1866_	_2343_/ZN	0	0.5	frozen_count
_1866_	_2345_/A2	0	0.5	frozen_count
_1866_	_2360_/A2	0	0.5	frozen_count
_1866_	_2404_/B1	0	0.5	frozen_count
_1866_	_2619_/B2	0	0.5	frozen_count
_1867_	_2344_/ZN	0	0.5	frozen_count
_1867_	_2387_/A1	0	0.5	frozen_count
_1867_	_3137_/B1	0	0.5	frozen_count
_1867_	_3311_/A	0	0.5	frozen_count
_1867_	_3702_/B	0	0.5	frozen_count
_1868_	_2345_/ZN	0	0.5	frozen_count
_1868_	_3102_/A1	0	0.5	frozen_count
_1868_	_3103_/A1	0	0.5	frozen_count
_1869_	_2346_/ZN	0	0.5	frozen_count
_1869_	_2351_/A	0	0.5	frozen_count
_1870_	_2347_/ZN	0	0.5	frozen_count
_1870_	_2348_/A3	0	0.5	frozen_count
_1870_	_2349_/A4	0	0.5	frozen_count
_1870_	_2382_/A1	0	0.5	frozen_count
_1871_	_2348_/ZN	0	0.5	frozen_count
_1871_	_2356_/A2	0	0.5	frozen_count
_1871_	_2357_/A3	0	0.5	frozen_count
_1871_	_4445_/A	0	0.5	frozen_count
_1872_	_2349_/ZN	0	0.5	frozen_count
_1872_	_2350_/B	0	0.5	frozen_count
_1872_	_4448_/A1	0	0.5	frozen_count
_1873_	_2350_/ZN	0	0.5	frozen_count
_1873_	_2351_/B1	0	0.5	frozen_count
_1873_	_4684_/A3	0	0.5	frozen_count
_1874_	_2351_/ZN	0	0.5	frozen_count
_1874_	_2352_/A	0	0.5	frozen_count
_1874_	_2359_/A1	0	0.5	frozen_count
_1874_	_2630_/A1	0	0.5	frozen_count
_1874_	_3118_/A1	0	0.5	frozen_count
_1874_	_3121_/A1	0	0.5	frozen_count
_1875_	_2352_/ZN	0	0.5	frozen_count
_1875_	_3105_/A	0	0.5	frozen_count
_1876_	_2353_/ZN	0	0.5	frozen_count
_1876_	_2359_/A2	0	0.5	frozen_count
_1876_	_2630_/A2	0	0.5	frozen_count
_1876_	_3104_/A2	0	0.5	frozen_count
_1876_	_3105_/C1	0	0.5	frozen_count
_1876_	_3121_/A2	0	0.5	frozen_count
_1877_	_2354_/ZN	0	0.5	frozen_count
_1877_	_2355_/A	0	0.5	frozen_count
_1878_	_2355_/ZN	0	0.5	frozen_count
_1878_	_2358_/B1	0	0.5	frozen_count
_1879_	_2356_/ZN	0	0.5	frozen_count
_1879_	_4448_/A2	0	0.5	frozen_count
_1880_	_2357_/ZN	0	0.5	frozen_count
_1880_	_2358_/B2	0	0.5	frozen_count
_1881_	_2358_/ZN	0	0.5	frozen_count
_1881_	_2359_/A3	0	0.5	frozen_count
_1881_	_2630_/A3	0	0.5	frozen_count
_1881_	_3104_/A3	0	0.5	frozen_count
_1881_	_3118_/A2	0	0.5	frozen_count
_1882_	_2359_/ZN	0	0.5	frozen_count
_1882_	place304/A	0	0.5	frozen_count
_1883_	_2361_/ZN	0	0.5	frozen_count
_1883_	_2385_/A1	0	0.5	frozen_count
_1883_	_2386_/A1	0	0.5	frozen_count
_1883_	_2406_/A1	0	0.5	frozen_count
_1883_	_2407_/A1	0	0.5	frozen_count
_1884_	_2362_/ZN	0	0.5	frozen_count
_1884_	_2367_/A1	0	0.5	frozen_count
_1884_	_2368_/A1	0	0.5	frozen_count
_1884_	_2382_/A2	0	0.5	frozen_count
_1885_	_2363_/ZN	0	0.5	frozen_count
_1885_	_2367_/A2	0	0.5	frozen_count
_1885_	_2368_/A2	0	0.5	frozen_count
_1885_	_2382_/A3	0	0.5	frozen_count
_1886_	_2364_/ZN	0	0.5	frozen_count
_1886_	_2367_/A3	0	0.5	frozen_count
_1886_	_2368_/A3	0	0.5	frozen_count
_1887_	_2365_/ZN	0	0.5	frozen_count
_1887_	_2369_/A3	0	0.5	frozen_count
_1888_	_2366_/ZN	0	0.5	frozen_count
_1888_	_2367_/A4	0	0.5	frozen_count
_1888_	_2368_/A4	0	0.5	frozen_count
_1888_	_2371_/A3	0	0.5	frozen_count
_1889_	_2367_/ZN	0	0.5	frozen_count
_1889_	_2376_/C1	0	0.5	frozen_count
_1889_	_2383_/B	0	0.5	frozen_count
_1890_	_2368_/ZN	0	0.5	frozen_count
_1890_	_2374_/B1	0	0.5	frozen_count
_1890_	_2375_/C1	0	0.5	frozen_count
_1891_	_2369_/ZN	0	0.5	frozen_count
_1891_	_2372_/A2	0	0.5	frozen_count
_1891_	_2373_/A2	0	0.5	frozen_count
_1891_	_2639_/A3	0	0.5	frozen_count
_1891_	_2640_/A3	0	0.5	frozen_count
_1891_	_3231_/A3	0	0.5	frozen_count
_1892_	_2370_/ZN	0	0.5	frozen_count
_1892_	_2371_/A4	0	0.5	frozen_count
_1893_	_2371_/ZN	0	0.5	frozen_count
_1893_	_2372_/A3	0	0.5	frozen_count
_1893_	_2373_/A3	0	0.5	frozen_count
_1893_	_2639_/A4	0	0.5	frozen_count
_1893_	_2640_/A4	0	0.5	frozen_count
_1894_	_2372_/ZN	0	0.5	frozen_count
_1894_	_2374_/A	0	0.5	frozen_count
_1894_	_2375_/B	0	0.5	frozen_count
_1895_	_2373_/ZN	0	0.5	frozen_count
_1895_	_2376_/B	0	0.5	frozen_count
_1895_	_2633_/A3	0	0.5	frozen_count
_1895_	_2634_/A3	0	0.5	frozen_count
_1895_	_4453_/B1	0	0.5	frozen_count
_1896_	_2374_/ZN	0	0.5	frozen_count
_1896_	_4451_/B1	0	0.5	frozen_count
_1897_	_2375_/ZN	0	0.5	frozen_count
_1897_	_2379_/A1	0	0.5	frozen_count
_1897_	_2385_/A2	0	0.5	frozen_count
_1897_	_2386_/A2	0	0.5	frozen_count
_1898_	_2376_/ZN	0	0.5	frozen_count
_1898_	_2380_/A1	0	0.5	frozen_count
_1898_	_2938_/A2	0	0.5	frozen_count
_1898_	_2939_/A2	0	0.5	frozen_count
_1899_	_2377_/ZN	0	0.5	frozen_count
_1899_	_2378_/A	0	0.5	frozen_count
_1899_	_2379_/A2	0	0.5	frozen_count
_1899_	_2385_/A3	0	0.5	frozen_count
_1899_	_2386_/A3	0	0.5	frozen_count
_1900_	_2378_/ZN	0	0.5	frozen_count
_1900_	_2380_/A2	0	0.5	frozen_count
_1900_	_2938_/A3	0	0.5	frozen_count
_1900_	_2939_/A3	0	0.5	frozen_count
_1901_	_2379_/ZN	0	0.5	frozen_count
_1901_	_3135_/A1	0	0.5	frozen_count
_1901_	_3136_/A1	0	0.5	frozen_count
_1901_	_3283_/A1	0	0.5	frozen_count
_1901_	_3284_/A1	0	0.5	frozen_count
_1902_	_2380_/ZN	0	0.5	frozen_count
_1902_	_2384_/A1	0	0.5	frozen_count
_1902_	_2408_/A1	0	0.5	frozen_count
_1902_	_2616_/A1	0	0.5	frozen_count
_1902_	_3129_/A1	0	0.5	frozen_count
_1902_	_3130_/A1	0	0.5	frozen_count
_1902_	_3282_/A1	0	0.5	frozen_count
_1902_	_4225_/A1	0	0.5	frozen_count
_1903_	_2381_/ZN	0	0.5	frozen_count
_1903_	_2382_/A4	0	0.5	frozen_count
_1904_	_2382_/ZN	0	0.5	frozen_count
_1904_	_2383_/C1	0	0.5	frozen_count
_1905_	_2383_/ZN	0	0.5	frozen_count
_1905_	place325/A	0	0.5	frozen_count
_1906_	_2384_/ZN	0	0.5	frozen_count
_1906_	_2840_/A2	0	0.5	frozen_count
_1907_	_2385_/ZN	0	0.5	frozen_count
_1907_	_2790_/S	0	0.5	frozen_count
_1907_	_2840_/B1	0	0.5	frozen_count
_1907_	_2865_/S	0	0.5	frozen_count
_1907_	_2876_/S	0	0.5	frozen_count
_1907_	_2894_/S	0	0.5	frozen_count
_1907_	_2895_/S	0	0.5	frozen_count
_1907_	_2905_/A2	0	0.5	frozen_count
_1907_	_2907_/S	0	0.5	frozen_count
_1907_	_2914_/S	0	0.5	frozen_count
_1907_	_2915_/S	0	0.5	frozen_count
_1907_	_3317_/A2	0	0.5	frozen_count
_1907_	place324/A	0	0.5	frozen_count
_1908_	_2386_/ZN	0	0.5	frozen_count
_1908_	_2797_/A1	0	0.5	frozen_count
_1908_	_2798_/B1	0	0.5	frozen_count
_1908_	_2816_/B1	0	0.5	frozen_count
_1908_	_2824_/B1	0	0.5	frozen_count
_1908_	_2842_/B1	0	0.5	frozen_count
_1908_	_2854_/A2	0	0.5	frozen_count
_1908_	_2855_/A1	0	0.5	frozen_count
_1908_	_2856_/B1	0	0.5	frozen_count
_1908_	_2857_/B2	0	0.5	frozen_count
_1908_	_2863_/A1	0	0.5	frozen_count
_1908_	_2864_/B1	0	0.5	frozen_count
_1908_	_2906_/A1	0	0.5	frozen_count
_1908_	_2940_/A2	0	0.5	frozen_count
_1908_	_2971_/A2	0	0.5	frozen_count
_1908_	_2991_/B1	0	0.5	frozen_count
_1908_	_3002_/A1	0	0.5	frozen_count
_1908_	_3003_/A2	0	0.5	frozen_count
_1908_	_3004_/B1	0	0.5	frozen_count
_1908_	_3005_/B2	0	0.5	frozen_count
_1908_	_3015_/A1	0	0.5	frozen_count
_1908_	_3016_/B1	0	0.5	frozen_count
_1908_	_3027_/A1	0	0.5	frozen_count
_1908_	_3028_/A2	0	0.5	frozen_count
_1908_	_3029_/B1	0	0.5	frozen_count
_1908_	_3030_/B2	0	0.5	frozen_count
_1908_	_3042_/A1	0	0.5	frozen_count
_1908_	_3043_/B1	0	0.5	frozen_count
_1908_	_3054_/A2	0	0.5	frozen_count
_1908_	place323/A	0	0.5	frozen_count
_1909_	_2387_/ZN	0	0.5	frozen_count
_1909_	_2403_/A2	0	0.5	frozen_count
_1909_	_3704_/B	0	0.5	frozen_count
_1910_	_2388_/ZN	0	0.5	frozen_count
_1910_	_2413_/B1	0	0.5	frozen_count
_1910_	_4421_/A1	0	0.5	frozen_count
_1911_	_2389_/ZN	0	0.5	frozen_count
_1911_	_2390_/A3	0	0.5	frozen_count
_1912_	_2390_/ZN	0	0.5	frozen_count
_1912_	_2391_/A3	0	0.5	frozen_count
_1912_	_2392_/A4	0	0.5	frozen_count
_1913_	_2391_/ZN	0	0.5	frozen_count
_1913_	_2543_/B	0	0.5	frozen_count
_1913_	_2622_/B	0	0.5	frozen_count
_1914_	_2392_/ZN	0	0.5	frozen_count
_1914_	_2394_/C1	0	0.5	frozen_count
_1915_	_2393_/ZN	0	0.5	frozen_count
_1915_	_2398_/B	0	0.5	frozen_count
_1915_	_2399_/B	0	0.5	frozen_count
_1916_	_2394_/ZN	0	0.5	frozen_count
_1916_	_2396_/A1	0	0.5	frozen_count
_1916_	_2397_/A1	0	0.5	frozen_count
_1916_	_3909_/B1	0	0.5	frozen_count
_1917_	_2395_/ZN	0	0.5	frozen_count
_1917_	_2396_/A2	0	0.5	frozen_count
_1917_	_2397_/A2	0	0.5	frozen_count
_1918_	_2396_/ZN	0	0.5	frozen_count
_1918_	_2400_/A1	0	0.5	frozen_count
_1918_	_2630_/B1	0	0.5	frozen_count
_1918_	_2679_/A2	0	0.5	frozen_count
_1918_	_2680_/A2	0	0.5	frozen_count
_1918_	_3141_/A1	0	0.5	frozen_count
_1918_	_3159_/A1	0	0.5	frozen_count
_1918_	_3266_/A1	0	0.5	frozen_count
_1918_	_3268_/A1	0	0.5	frozen_count
_1918_	_3270_/A1	0	0.5	frozen_count
_1918_	_3590_/B2	0	0.5	frozen_count
_1918_	_3695_/A	0	0.5	frozen_count
_1919_	_2397_/ZN	0	0.5	frozen_count
_1919_	_2401_/A1	0	0.5	frozen_count
_1919_	_2626_/A1	0	0.5	frozen_count
_1919_	_2684_/A1	0	0.5	frozen_count
_1919_	_2685_/C2	0	0.5	frozen_count
_1919_	_2687_/A2	0	0.5	frozen_count
_1919_	_3140_/A1	0	0.5	frozen_count
_1919_	_3158_/A1	0	0.5	frozen_count
_1919_	_3252_/A1	0	0.5	frozen_count
_1919_	_3267_/A1	0	0.5	frozen_count
_1919_	_3269_/A1	0	0.5	frozen_count
_1920_	_2398_/Z	0	0.5	frozen_count
_1920_	place313/A	0	0.5	frozen_count
_1921_	_2399_/ZN	0	0.5	frozen_count
_1921_	place312/A	0	0.5	frozen_count
_1922_	_2400_/ZN	0	0.5	frozen_count
_1922_	_3127_/A1	0	0.5	frozen_count
_1922_	_3139_/A1	0	0.5	frozen_count
_1922_	_3151_/A1	0	0.5	frozen_count
_1922_	_3283_/A2	0	0.5	frozen_count
_1923_	_2401_/ZN	0	0.5	frozen_count
_1923_	_2402_/A2	0	0.5	frozen_count
_1923_	_3126_/A1	0	0.5	frozen_count
_1923_	_3282_/A2	0	0.5	frozen_count
_1923_	_3284_/A2	0	0.5	frozen_count
_1924_	_2402_/ZN	0	0.5	frozen_count
_1924_	_2403_/A3	0	0.5	frozen_count
_1924_	_3704_/C1	0	0.5	frozen_count
_1925_	_2403_/ZN	0	0.5	frozen_count
_1925_	_2405_/A1	0	0.5	frozen_count
_1925_	_2614_/A1	0	0.5	frozen_count
_1925_	_2619_/A	0	0.5	frozen_count
_1926_	_2404_/ZN	0	0.5	frozen_count
_1926_	_2405_/A2	0	0.5	frozen_count
_1926_	_2614_/A2	0	0.5	frozen_count
_1927_	_2405_/ZN	0	0.5	frozen_count
_1927_	_2409_/A1	0	0.5	frozen_count
_1927_	_2410_/A1	0	0.5	frozen_count
_1927_	_2613_/A1	0	0.5	frozen_count
_1927_	_2616_/A2	0	0.5	frozen_count
_1928_	_2406_/ZN	0	0.5	frozen_count
_1928_	_2614_/A3	0	0.5	frozen_count
_1928_	_2940_/B1	0	0.5	frozen_count
_1928_	_4225_/A2	0	0.5	frozen_count
_1929_	_2407_/ZN	0	0.5	frozen_count
_1929_	_2408_/A2	0	0.5	frozen_count
_1929_	_2613_/A2	0	0.5	frozen_count
_1929_	_2941_/B1	0	0.5	frozen_count
_1929_	_4687_/B	0	0.5	frozen_count
_1930_	_2408_/ZN	0	0.5	frozen_count
_1930_	_2409_/A2	0	0.5	frozen_count
_1930_	_2410_/A2	0	0.5	frozen_count
_1930_	_3310_/A2	0	0.5	frozen_count
_1930_	_4226_/B2	0	0.5	frozen_count
_1931_	_2409_/ZN	0	0.5	frozen_count
_1931_	_4071_/A	0	0.5	frozen_count
_1931_	_4690_/A	0	0.5	frozen_count
_1931_	place257/A	0	0.5	frozen_count
_1932_	_2410_/ZN	0	0.5	frozen_count
_1932_	_2621_/C1	0	0.5	frozen_count
_1932_	_3907_/C1	0	0.5	frozen_count
_1932_	_4069_/C1	0	0.5	frozen_count
_1932_	_4083_/C1	0	0.5	frozen_count
_1932_	_4153_/C1	0	0.5	frozen_count
_1932_	_4176_/C1	0	0.5	frozen_count
_1932_	_4203_/B2	0	0.5	frozen_count
_1932_	_4224_/C2	0	0.5	frozen_count
_1932_	_4239_/B3	0	0.5	frozen_count
_1933_	_2411_/ZN	0	0.5	frozen_count
_1933_	_2412_/A2	0	0.5	frozen_count
_1933_	_2527_/A2	0	0.5	frozen_count
_1933_	_4428_/B1	0	0.5	frozen_count
_1934_	_2412_/ZN	0	0.5	frozen_count
_1934_	_2413_/A	0	0.5	frozen_count
_1934_	_2519_/B	0	0.5	frozen_count
_1934_	_2520_/B	0	0.5	frozen_count
_1935_	_2413_/ZN	0	0.5	frozen_count
_1935_	_2414_/A	0	0.5	frozen_count
_1935_	_2415_/A	0	0.5	frozen_count
_1936_	_2414_/ZN	0	0.5	frozen_count
_1936_	_4426_/B1	0	0.5	frozen_count
_1937_	_2415_/ZN	0	0.5	frozen_count
_1937_	place303/A	0	0.5	frozen_count
_1938_	_2416_/ZN	0	0.5	frozen_count
_1938_	_2514_/A1	0	0.5	frozen_count
_1939_	_2417_/ZN	0	0.5	frozen_count
_1939_	_2418_/B	0	0.5	frozen_count
_1939_	_2425_/B2	0	0.5	frozen_count
_1940_	_2418_/ZN	0	0.5	frozen_count
_1940_	place322/A	0	0.5	frozen_count
_1941_	_2419_/ZN	0	0.5	frozen_count
_1941_	_2513_/A	0	0.5	frozen_count
_1942_	_2420_/ZN	0	0.5	frozen_count
_1942_	_2513_/B1	0	0.5	frozen_count
_1943_	_2421_/ZN	0	0.5	frozen_count
_1943_	_2425_/A	0	0.5	frozen_count
_1944_	_2422_/ZN	0	0.5	frozen_count
_1944_	_2423_/B1	0	0.5	frozen_count
_1944_	_2427_/A2	0	0.5	frozen_count
_1944_	_2433_/B	0	0.5	frozen_count
_1944_	_3231_/A4	0	0.5	frozen_count
_1944_	_4417_/B1	0	0.5	frozen_count
_1944_	_4418_/B1	0	0.5	frozen_count
_1945_	_2423_/ZN	0	0.5	frozen_count
_1945_	_2424_/A	0	0.5	frozen_count
_1946_	_2424_/ZN	0	0.5	frozen_count
_1946_	_2425_/B1	0	0.5	frozen_count
_1947_	_2425_/ZN	0	0.5	frozen_count
_1947_	place302/A	0	0.5	frozen_count
_1948_	_2426_/ZN	0	0.5	frozen_count
_1948_	_2512_/B2	0	0.5	frozen_count
_1949_	_2427_/ZN	0	0.5	frozen_count
_1949_	_2428_/B	0	0.5	frozen_count
_1950_	_2428_/ZN	0	0.5	frozen_count
_1950_	place311/A	0	0.5	frozen_count
_1951_	_2429_/ZN	0	0.5	frozen_count
_1951_	_2797_/A2	0	0.5	frozen_count
_1951_	_4161_/C1	0	0.5	frozen_count
_1952_	_2430_/ZN	0	0.5	frozen_count
_1952_	_2510_/A	0	0.5	frozen_count
_1953_	_2431_/ZN	0	0.5	frozen_count
_1953_	_2510_/B1	0	0.5	frozen_count
_1954_	_2432_/ZN	0	0.5	frozen_count
_1954_	_2433_/C1	0	0.5	frozen_count
_1955_	_2433_/ZN	0	0.5	frozen_count
_1955_	_2434_/A	0	0.5	frozen_count
_1955_	_4416_/B1	0	0.5	frozen_count
_1956_	_2434_/ZN	0	0.5	frozen_count
_1956_	place310/A	0	0.5	frozen_count
_1957_	_2435_/ZN	0	0.5	frozen_count
_1957_	_2509_/A	0	0.5	frozen_count
_1957_	_4166_/B1	0	0.5	frozen_count
_1958_	_2436_/ZN	0	0.5	frozen_count
_1958_	_2508_/A1	0	0.5	frozen_count
_1958_	_2509_/B1	0	0.5	frozen_count
_1959_	_2437_/ZN	0	0.5	frozen_count
_1959_	_2439_/B1	0	0.5	frozen_count
_1959_	_2504_/B	0	0.5	frozen_count
_1960_	_2438_/ZN	0	0.5	frozen_count
_1960_	_2439_/B2	0	0.5	frozen_count
_1961_	_2439_/ZN	0	0.5	frozen_count
_1961_	place321/A	0	0.5	frozen_count
_1962_	_2440_/ZN	0	0.5	frozen_count
_1962_	_2503_/A	0	0.5	frozen_count
_1962_	_4180_/B1	0	0.5	frozen_count
_1963_	_2441_/ZN	0	0.5	frozen_count
_1963_	_2502_/A1	0	0.5	frozen_count
_1963_	_2503_/B1	0	0.5	frozen_count
_1964_	_2442_/ZN	0	0.5	frozen_count
_1964_	_2443_/A	0	0.5	frozen_count
_1964_	_2497_/B	0	0.5	frozen_count
_1964_	_2840_/B2	0	0.5	frozen_count
_1964_	_2841_/B1	0	0.5	frozen_count
_1965_	_2443_/ZN	0	0.5	frozen_count
_1965_	_2444_/A	0	0.5	frozen_count
_1965_	_4406_/A2	0	0.5	frozen_count
_1966_	_2444_/ZN	0	0.5	frozen_count
_1966_	_2494_/A1	0	0.5	frozen_count
_1966_	_2584_/B2	0	0.5	frozen_count
_1966_	_2855_/A2	0	0.5	frozen_count
_1966_	_2857_/B1	0	0.5	frozen_count
_1966_	_4193_/A	0	0.5	frozen_count
_1966_	_4195_/A	0	0.5	frozen_count
_1966_	_4197_/C1	0	0.5	frozen_count
_1967_	_2445_/ZN	0	0.5	frozen_count
_1967_	_2446_/B	0	0.5	frozen_count
_1967_	_2453_/B2	0	0.5	frozen_count
_1968_	_2446_/ZN	0	0.5	frozen_count
_1968_	_2447_/A	0	0.5	frozen_count
_1968_	_2448_/A2	0	0.5	frozen_count
_1968_	_2449_/A2	0	0.5	frozen_count
_1968_	_2580_/A1	0	0.5	frozen_count
_1968_	_2865_/B	0	0.5	frozen_count
_1968_	_4198_/A	0	0.5	frozen_count
_1968_	_4201_/B	0	0.5	frozen_count
_1969_	_2447_/ZN	0	0.5	frozen_count
_1969_	_2863_/A2	0	0.5	frozen_count
_1969_	_4203_/C1	0	0.5	frozen_count
_1970_	_2448_/ZN	0	0.5	frozen_count
_1970_	_2492_/A	0	0.5	frozen_count
_1970_	_2493_/B	0	0.5	frozen_count
_1971_	_2449_/ZN	0	0.5	frozen_count
_1971_	_2492_/B1	0	0.5	frozen_count
_1971_	_2493_/C1	0	0.5	frozen_count
_1972_	_2450_/ZN	0	0.5	frozen_count
_1972_	_2451_/A2	0	0.5	frozen_count
_1972_	_4399_/A1	0	0.5	frozen_count
_1973_	_2451_/ZN	0	0.5	frozen_count
_1973_	_2453_/B1	0	0.5	frozen_count
_1974_	_2452_/ZN	0	0.5	frozen_count
_1974_	_2453_/A	0	0.5	frozen_count
_1975_	_2453_/ZN	0	0.5	frozen_count
_1975_	_2454_/A	0	0.5	frozen_count
_1975_	_2455_/A2	0	0.5	frozen_count
_1975_	_2456_/A2	0	0.5	frozen_count
_1975_	_2876_/B	0	0.5	frozen_count
_1975_	_4208_/B	0	0.5	frozen_count
_1975_	_4210_/A1	0	0.5	frozen_count
_1975_	_4402_/B	0	0.5	frozen_count
_1976_	_2454_/ZN	0	0.5	frozen_count
_1976_	_2576_/A1	0	0.5	frozen_count
_1976_	_4204_/A	0	0.5	frozen_count
_1976_	_4205_/A1	0	0.5	frozen_count
_1977_	_2455_/ZN	0	0.5	frozen_count
_1977_	_2491_/A	0	0.5	frozen_count
_1978_	_2456_/ZN	0	0.5	frozen_count
_1978_	_2491_/B1	0	0.5	frozen_count
_1979_	_2457_/ZN	0	0.5	frozen_count
_1979_	_2459_/S	0	0.5	frozen_count
_1980_	_2458_/ZN	0	0.5	frozen_count
_1980_	_2459_/A	0	0.5	frozen_count
_1980_	_4399_/A2	0	0.5	frozen_count
_1981_	_2459_/Z	0	0.5	frozen_count
_1981_	_2460_/A	0	0.5	frozen_count
_1981_	_2461_/A2	0	0.5	frozen_count
_1981_	_2488_/A2	0	0.5	frozen_count
_1981_	_2570_/A2	0	0.5	frozen_count
_1981_	_2572_/A2	0	0.5	frozen_count
_1981_	_2895_/B	0	0.5	frozen_count
_1981_	_4240_/B2	0	0.5	frozen_count
_1982_	_2460_/ZN	0	0.5	frozen_count
_1982_	_2489_/A2	0	0.5	frozen_count
_1982_	_2894_/B	0	0.5	frozen_count
_1983_	_2461_/ZN	0	0.5	frozen_count
_1983_	_2462_/A	0	0.5	frozen_count
_1983_	_4238_/B2	0	0.5	frozen_count
_1984_	_2462_/ZN	0	0.5	frozen_count
_1984_	_2490_/A	0	0.5	frozen_count
_1984_	_4237_/A1	0	0.5	frozen_count
_1985_	_2463_/ZN	0	0.5	frozen_count
_1985_	_2480_/B	0	0.5	frozen_count
_1985_	_2481_/B	0	0.5	frozen_count
_1986_	_2464_/ZN	0	0.5	frozen_count
_1986_	_2465_/A3	0	0.5	frozen_count
_1987_	_2465_/ZN	0	0.5	frozen_count
_1987_	_2467_/A1	0	0.5	frozen_count
_1987_	_2477_/A2	0	0.5	frozen_count
_1987_	_2564_/A2	0	0.5	frozen_count
_1987_	_3307_/B	0	0.5	frozen_count
_1988_	_2466_/ZN	0	0.5	frozen_count
_1988_	_2467_/A2	0	0.5	frozen_count
_1988_	_2477_/A3	0	0.5	frozen_count
_1988_	_2564_/A3	0	0.5	frozen_count
_1989_	_2467_/ZN	0	0.5	frozen_count
_1989_	_2468_/A	0	0.5	frozen_count
_1989_	_2469_/A2	0	0.5	frozen_count
_1989_	_2559_/A2	0	0.5	frozen_count
_1989_	_2915_/B	0	0.5	frozen_count
_1989_	_4230_/A1	0	0.5	frozen_count
_1990_	_2468_/ZN	0	0.5	frozen_count
_1990_	_2914_/B	0	0.5	frozen_count
_1991_	_2469_/ZN	0	0.5	frozen_count
_1991_	_2479_/A1	0	0.5	frozen_count
_1991_	_2483_/B2	0	0.5	frozen_count
_1991_	_2484_/A1	0	0.5	frozen_count
_1991_	_4231_/A1	0	0.5	frozen_count
_1992_	_2470_/ZN	0	0.5	frozen_count
_1992_	_2471_/B	0	0.5	frozen_count
_1992_	_2472_/B	0	0.5	frozen_count
_1993_	_2471_/Z	0	0.5	frozen_count
_1993_	_2930_/B	0	0.5	frozen_count
_1993_	_4482_/B	0	0.5	frozen_count
_1993_	_4485_/B	0	0.5	frozen_count
_1994_	_2472_/ZN	0	0.5	frozen_count
_1994_	_2473_/A2	0	0.5	frozen_count
_1994_	_2475_/C2	0	0.5	frozen_count
_1994_	_2560_/A2	0	0.5	frozen_count
_1994_	_2562_/C1	0	0.5	frozen_count
_1994_	_2931_/B	0	0.5	frozen_count
_1994_	_4487_/A1	0	0.5	frozen_count
_1995_	_2473_/ZN	0	0.5	frozen_count
_1995_	_2476_/A1	0	0.5	frozen_count
_1995_	_2478_/B2	0	0.5	frozen_count
_1996_	_2474_/ZN	0	0.5	frozen_count
_1996_	_4483_/A	0	0.5	frozen_count
_1997_	_2475_/ZN	0	0.5	frozen_count
_1997_	_2476_/A2	0	0.5	frozen_count
_1997_	_2478_/B1	0	0.5	frozen_count
_1998_	_2476_/ZN	0	0.5	frozen_count
_1998_	_4232_/A	0	0.5	frozen_count
_1999_	_2477_/ZN	0	0.5	frozen_count
_1999_	_2478_/A	0	0.5	frozen_count
_1999_	_4231_/A2	0	0.5	frozen_count
_2000_	_2478_/ZN	0	0.5	frozen_count
_2000_	_2479_/A2	0	0.5	frozen_count
_2000_	_2483_/B1	0	0.5	frozen_count
_2000_	_2484_/A2	0	0.5	frozen_count
_2001_	_2479_/ZN	0	0.5	frozen_count
_2001_	_2482_/A1	0	0.5	frozen_count
_2002_	_2480_/ZN	0	0.5	frozen_count
_2002_	_2483_/A	0	0.5	frozen_count
_2002_	_2484_/A3	0	0.5	frozen_count
_2002_	_2906_/A2	0	0.5	frozen_count
_2003_	_2481_/Z	0	0.5	frozen_count
_2003_	_2482_/A2	0	0.5	frozen_count
_2003_	_2569_/A1	0	0.5	frozen_count
_2003_	_2907_/B	0	0.5	frozen_count
_2003_	_4213_/B2	0	0.5	frozen_count
_2003_	_4219_/C1	0	0.5	frozen_count
_2004_	_2482_/ZN	0	0.5	frozen_count
_2004_	_2486_/A1	0	0.5	frozen_count
_2004_	_4216_/A1	0	0.5	frozen_count
_2005_	_2483_/ZN	0	0.5	frozen_count
_2005_	_2487_/A	0	0.5	frozen_count
_2006_	_2484_/ZN	0	0.5	frozen_count
_2006_	_2485_/A2	0	0.5	frozen_count
_2006_	_2487_/B1	0	0.5	frozen_count
_2006_	_4216_/A2	0	0.5	frozen_count
_2007_	_2485_/ZN	0	0.5	frozen_count
_2007_	_2486_/A2	0	0.5	frozen_count
_2008_	_2486_/ZN	0	0.5	frozen_count
_2008_	_4237_/A2	0	0.5	frozen_count
_2009_	_2487_/ZN	0	0.5	frozen_count
_2009_	_2490_/B1	0	0.5	frozen_count
_2009_	_4238_/A	0	0.5	frozen_count
_2010_	_2488_/ZN	0	0.5	frozen_count
_2010_	_4237_/A3	0	0.5	frozen_count
_2011_	_2489_/ZN	0	0.5	frozen_count
_2011_	_2490_/B2	0	0.5	frozen_count
_2011_	_4238_/B1	0	0.5	frozen_count
_2012_	_2490_/ZN	0	0.5	frozen_count
_2012_	_2491_/B2	0	0.5	frozen_count
_2012_	_4209_/A	0	0.5	frozen_count
_2013_	_2491_/ZN	0	0.5	frozen_count
_2013_	_2492_/B2	0	0.5	frozen_count
_2013_	_2493_/C2	0	0.5	frozen_count
_2013_	_4202_/A	0	0.5	frozen_count
_2014_	_2492_/ZN	0	0.5	frozen_count
_2014_	_2495_/A2	0	0.5	frozen_count
_2015_	_2493_/ZN	0	0.5	frozen_count
_2015_	_2494_/A2	0	0.5	frozen_count
_2015_	_4194_/A1	0	0.5	frozen_count
_2016_	_2494_/ZN	0	0.5	frozen_count
_2016_	_2496_/B1	0	0.5	frozen_count
_2016_	_2499_/A2	0	0.5	frozen_count
_2016_	_2500_/A2	0	0.5	frozen_count
_2017_	_2495_/ZN	0	0.5	frozen_count
_2017_	_2496_/B2	0	0.5	frozen_count
_2017_	_2499_/A3	0	0.5	frozen_count
_2017_	_2500_/A3	0	0.5	frozen_count
_2017_	_4194_/A2	0	0.5	frozen_count
_2018_	_2496_/ZN	0	0.5	frozen_count
_2018_	_2501_/A	0	0.5	frozen_count
_2018_	_4184_/B2	0	0.5	frozen_count
_2018_	_4185_/A1	0	0.5	frozen_count
_2019_	_2497_/ZN	0	0.5	frozen_count
_2019_	_2498_/A	0	0.5	frozen_count
_2019_	_2558_/A2	0	0.5	frozen_count
_2019_	_2585_/A2	0	0.5	frozen_count
_2019_	_4184_/A	0	0.5	frozen_count
_2019_	_4185_/A2	0	0.5	frozen_count
_2019_	_4187_/B	0	0.5	frozen_count
_2019_	_4190_/B2	0	0.5	frozen_count
_2020_	_2498_/ZN	0	0.5	frozen_count
_2020_	_2501_/B1	0	0.5	frozen_count
_2021_	_2499_/ZN	0	0.5	frozen_count
_2021_	_2501_/B2	0	0.5	frozen_count
_2022_	_2500_/ZN	0	0.5	frozen_count
_2022_	_4184_/B1	0	0.5	frozen_count
_2022_	_4185_/A3	0	0.5	frozen_count
_2023_	_2501_/ZN	0	0.5	frozen_count
_2023_	_2502_/A2	0	0.5	frozen_count
_2023_	_2503_/B2	0	0.5	frozen_count
_2023_	_4180_/C2	0	0.5	frozen_count
_2024_	_2502_/ZN	0	0.5	frozen_count
_2024_	_4180_/B2	0	0.5	frozen_count
_2025_	_2503_/ZN	0	0.5	frozen_count
_2025_	_2507_/B2	0	0.5	frozen_count
_2025_	_4173_/A	0	0.5	frozen_count
_2026_	_2504_/ZN	0	0.5	frozen_count
_2026_	place320/A	0	0.5	frozen_count
_2027_	_2505_/ZN	0	0.5	frozen_count
_2027_	_2507_/B1	0	0.5	frozen_count
_2028_	_2506_/ZN	0	0.5	frozen_count
_2028_	_2507_/A	0	0.5	frozen_count
_2029_	_2507_/ZN	0	0.5	frozen_count
_2029_	_2508_/A2	0	0.5	frozen_count
_2029_	_2509_/B2	0	0.5	frozen_count
_2029_	_4166_/C2	0	0.5	frozen_count
_2030_	_2508_/ZN	0	0.5	frozen_count
_2030_	_4166_/B2	0	0.5	frozen_count
_2031_	_2509_/ZN	0	0.5	frozen_count
_2031_	_2510_/B2	0	0.5	frozen_count
_2031_	_4159_/A	0	0.5	frozen_count
_2032_	_2510_/ZN	0	0.5	frozen_count
_2032_	_2512_/B1	0	0.5	frozen_count
_2032_	_4150_/A	0	0.5	frozen_count
_2033_	_2511_/ZN	0	0.5	frozen_count
_2033_	_2512_/A	0	0.5	frozen_count
_2034_	_2512_/ZN	0	0.5	frozen_count
_2034_	_2513_/B2	0	0.5	frozen_count
_2034_	_4081_/A	0	0.5	frozen_count
_2035_	_2513_/ZN	0	0.5	frozen_count
_2035_	_2514_/A2	0	0.5	frozen_count
_2035_	_4690_/B1	0	0.5	frozen_count
_2036_	_2514_/ZN	0	0.5	frozen_count
_2036_	_2516_/A1	0	0.5	frozen_count
_2036_	_2518_/A2	0	0.5	frozen_count
_2036_	_4699_/B2	0	0.5	frozen_count
_2037_	_2515_/ZN	0	0.5	frozen_count
_2037_	_2516_/A2	0	0.5	frozen_count
_2037_	_2518_/A3	0	0.5	frozen_count
_2038_	_2516_/ZN	0	0.5	frozen_count
_2038_	_2517_/A2	0	0.5	frozen_count
_2039_	_2517_/ZN	0	0.5	frozen_count
_2039_	_2523_/B1	0	0.5	frozen_count
_2039_	_2532_/A2	0	0.5	frozen_count
_2039_	_4070_/B2	0	0.5	frozen_count
_2039_	_4071_/C2	0	0.5	frozen_count
_2040_	_2518_/ZN	0	0.5	frozen_count
_2040_	_2521_/A1	0	0.5	frozen_count
_2040_	_4070_/B1	0	0.5	frozen_count
_2041_	_2519_/Z	0	0.5	frozen_count
_2041_	_2521_/A2	0	0.5	frozen_count
_2041_	_3042_/A2	0	0.5	frozen_count
_2041_	_4070_/A	0	0.5	frozen_count
_2041_	_4073_/B	0	0.5	frozen_count
_2042_	_2520_/ZN	0	0.5	frozen_count
_2042_	_2550_/A2	0	0.5	frozen_count
_2042_	_2551_/A2	0	0.5	frozen_count
_2042_	_3044_/B	0	0.5	frozen_count
_2042_	_4072_/B1	0	0.5	frozen_count
_2043_	_2521_/ZN	0	0.5	frozen_count
_2043_	_2522_/A	0	0.5	frozen_count
_2043_	_2523_/B2	0	0.5	frozen_count
_2043_	_2532_/A3	0	0.5	frozen_count
_2044_	_2522_/ZN	0	0.5	frozen_count
_2044_	_4071_/C1	0	0.5	frozen_count
_2045_	_2523_/ZN	0	0.5	frozen_count
_2045_	_2524_/A	0	0.5	frozen_count
_2045_	_2533_/A	0	0.5	frozen_count
_2046_	_2524_/ZN	0	0.5	frozen_count
_2046_	_4062_/A1	0	0.5	frozen_count
_2047_	_2525_/ZN	0	0.5	frozen_count
_2047_	_2526_/A2	0	0.5	frozen_count
_2047_	_4434_/B1	0	0.5	frozen_count
_2048_	_2526_/ZN	0	0.5	frozen_count
_2048_	_2528_/A	0	0.5	frozen_count
_2048_	_2536_/B	0	0.5	frozen_count
_2049_	_2527_/ZN	0	0.5	frozen_count
_2049_	_2528_/B1	0	0.5	frozen_count
_2049_	_4427_/A1	0	0.5	frozen_count
_2050_	_2528_/ZN	0	0.5	frozen_count
_2050_	_2529_/A	0	0.5	frozen_count
_2050_	_2530_/A	0	0.5	frozen_count
_2051_	_2529_/ZN	0	0.5	frozen_count
_2051_	_2531_/A	0	0.5	frozen_count
_2051_	_4432_/B1	0	0.5	frozen_count
_2052_	_2530_/ZN	0	0.5	frozen_count
_2052_	_2533_/B1	0	0.5	frozen_count
_2052_	_3027_/A2	0	0.5	frozen_count
_2052_	_3030_/B1	0	0.5	frozen_count
_2053_	_2531_/ZN	0	0.5	frozen_count
_2053_	_2548_/A2	0	0.5	frozen_count
_2053_	_2549_/A2	0	0.5	frozen_count
_2053_	_2604_/A2	0	0.5	frozen_count
_2053_	_2609_/B1	0	0.5	frozen_count
_2053_	_4063_/A	0	0.5	frozen_count
_2053_	_4068_/B1	0	0.5	frozen_count
_2054_	_2532_/ZN	0	0.5	frozen_count
_2054_	_2533_/B2	0	0.5	frozen_count
_2054_	_4062_/A2	0	0.5	frozen_count
_2055_	_2533_/ZN	0	0.5	frozen_count
_2055_	_2534_/A2	0	0.5	frozen_count
_2055_	_2535_/A2	0	0.5	frozen_count
_2056_	_2534_/ZN	0	0.5	frozen_count
_2056_	_2540_/A1	0	0.5	frozen_count
_2056_	_3902_/B2	0	0.5	frozen_count
_2056_	_3903_/B2	0	0.5	frozen_count
_2057_	_2535_/ZN	0	0.5	frozen_count
_2057_	_2538_/A1	0	0.5	frozen_count
_2057_	_3902_/B1	0	0.5	frozen_count
_2058_	_2536_/ZN	0	0.5	frozen_count
_2058_	place309/A	0	0.5	frozen_count
_2059_	_2537_/ZN	0	0.5	frozen_count
_2059_	_2538_/A2	0	0.5	frozen_count
_2059_	_3015_/A2	0	0.5	frozen_count
_2059_	_3902_/A	0	0.5	frozen_count
_2060_	_2538_/ZN	0	0.5	frozen_count
_2060_	_2539_/A	0	0.5	frozen_count
_2060_	_2540_/A2	0	0.5	frozen_count
_2061_	_2539_/ZN	0	0.5	frozen_count
_2061_	_3903_/B1	0	0.5	frozen_count
_2062_	_2540_/ZN	0	0.5	frozen_count
_2062_	_2547_/A	0	0.5	frozen_count
_2063_	_2541_/ZN	0	0.5	frozen_count
_2063_	_2544_/A1	0	0.5	frozen_count
_2063_	_2545_/A1	0	0.5	frozen_count
_2064_	_2542_/ZN	0	0.5	frozen_count
_2064_	_2543_/C1	0	0.5	frozen_count
_2064_	_4433_/A1	0	0.5	frozen_count
_2065_	_2543_/ZN	0	0.5	frozen_count
_2065_	_2544_/A2	0	0.5	frozen_count
_2065_	_2545_/A2	0	0.5	frozen_count
_2066_	_2544_/ZN	0	0.5	frozen_count
_2066_	place308/A	0	0.5	frozen_count
_2067_	_2545_/ZN	0	0.5	frozen_count
_2067_	_2629_/A2	0	0.5	frozen_count
_2067_	_2684_/A3	0	0.5	frozen_count
_2067_	place307/A	0	0.5	frozen_count
_2068_	_2546_/ZN	0	0.5	frozen_count
_2068_	_2547_/B	0	0.5	frozen_count
_2069_	_2547_/ZN	0	0.5	frozen_count
_2069_	_2621_/C2	0	0.5	frozen_count
_2070_	_2548_/ZN	0	0.5	frozen_count
_2070_	_2608_/B1	0	0.5	frozen_count
_2070_	_4064_/A1	0	0.5	frozen_count
_2071_	_2549_/ZN	0	0.5	frozen_count
_2071_	_2605_/B2	0	0.5	frozen_count
_2072_	_2550_/ZN	0	0.5	frozen_count
_2072_	_2603_/A	0	0.5	frozen_count
_2073_	_2551_/ZN	0	0.5	frozen_count
_2073_	_2603_/B1	0	0.5	frozen_count
_2074_	_2552_/ZN	0	0.5	frozen_count
_2074_	_2553_/A	0	0.5	frozen_count
_2074_	_2594_/A	0	0.5	frozen_count
_2074_	_2598_/B2	0	0.5	frozen_count
_2074_	_4147_/A1	0	0.5	frozen_count
_2075_	_2553_/ZN	0	0.5	frozen_count
_2075_	_4077_/B2	0	0.5	frozen_count
_2076_	_2554_/ZN	0	0.5	frozen_count
_2076_	_2594_/B	0	0.5	frozen_count
_2077_	_2555_/ZN	0	0.5	frozen_count
_2077_	_2589_/A1	0	0.5	frozen_count
_2078_	_2556_/ZN	0	0.5	frozen_count
_2078_	_2587_/A	0	0.5	frozen_count
_2079_	_2557_/ZN	0	0.5	frozen_count
_2079_	_2587_/B1	0	0.5	frozen_count
_2080_	_2558_/ZN	0	0.5	frozen_count
_2080_	_2586_/B2	0	0.5	frozen_count
_2081_	_2559_/ZN	0	0.5	frozen_count
_2081_	_2566_/A2	0	0.5	frozen_count
_2081_	_2568_/B1	0	0.5	frozen_count
_2081_	_4228_/A1	0	0.5	frozen_count
_2082_	_2560_/ZN	0	0.5	frozen_count
_2082_	_2563_/A1	0	0.5	frozen_count
_2082_	_2565_/B2	0	0.5	frozen_count
_2083_	_2561_/ZN	0	0.5	frozen_count
_2083_	_4486_/A	0	0.5	frozen_count
_2084_	_2562_/ZN	0	0.5	frozen_count
_2084_	_2563_/A2	0	0.5	frozen_count
_2084_	_2565_/B1	0	0.5	frozen_count
_2085_	_2563_/ZN	0	0.5	frozen_count
_2085_	_4229_/A	0	0.5	frozen_count
_2086_	_2564_/ZN	0	0.5	frozen_count
_2086_	_2565_/A	0	0.5	frozen_count
_2086_	_4228_/A2	0	0.5	frozen_count
_2087_	_2565_/ZN	0	0.5	frozen_count
_2087_	_2566_/A3	0	0.5	frozen_count
_2087_	_2568_/B2	0	0.5	frozen_count
_2088_	_2566_/ZN	0	0.5	frozen_count
_2088_	_2567_/A	0	0.5	frozen_count
_2088_	_4213_/A1	0	0.5	frozen_count
_2089_	_2567_/ZN	0	0.5	frozen_count
_2089_	_2571_/A1	0	0.5	frozen_count
_2089_	_4212_/A1	0	0.5	frozen_count
_2089_	_4235_/A1	0	0.5	frozen_count
_2089_	_4236_/A1	0	0.5	frozen_count
_2090_	_2568_/ZN	0	0.5	frozen_count
_2090_	_2569_/A2	0	0.5	frozen_count
_2090_	_4212_/A2	0	0.5	frozen_count
_2091_	_2569_/ZN	0	0.5	frozen_count
_2091_	_2571_/A2	0	0.5	frozen_count
_2091_	_4213_/A2	0	0.5	frozen_count
_2091_	_4235_/A2	0	0.5	frozen_count
_2091_	_4236_/A2	0	0.5	frozen_count
_2092_	_2570_/ZN	0	0.5	frozen_count
_2092_	_2571_/A3	0	0.5	frozen_count
_2092_	_4235_/A3	0	0.5	frozen_count
_2092_	_4236_/B1	0	0.5	frozen_count
_2093_	_2571_/ZN	0	0.5	frozen_count
_2093_	_2573_/A1	0	0.5	frozen_count
_2094_	_2572_/ZN	0	0.5	frozen_count
_2094_	_2573_/A2	0	0.5	frozen_count
_2094_	_4235_/A4	0	0.5	frozen_count
_2094_	_4236_/B2	0	0.5	frozen_count
_2095_	_2573_/ZN	0	0.5	frozen_count
_2095_	_2574_/A2	0	0.5	frozen_count
_2095_	_2575_/A2	0	0.5	frozen_count
_2096_	_2574_/ZN	0	0.5	frozen_count
_2096_	_2577_/B1	0	0.5	frozen_count
_2096_	_2579_/A2	0	0.5	frozen_count
_2096_	_4204_/B1	0	0.5	frozen_count
_2096_	_4205_/A2	0	0.5	frozen_count
_2097_	_2575_/ZN	0	0.5	frozen_count
_2097_	_2576_/A2	0	0.5	frozen_count
_2097_	_4204_/B2	0	0.5	frozen_count
_2097_	_4205_/A3	0	0.5	frozen_count
_2098_	_2576_/ZN	0	0.5	frozen_count
_2098_	_2577_/B2	0	0.5	frozen_count
_2098_	_2579_/A3	0	0.5	frozen_count
_2099_	_2577_/ZN	0	0.5	frozen_count
_2099_	_2578_/A	0	0.5	frozen_count
_2099_	_4198_/B1	0	0.5	frozen_count
_2099_	_4199_/B2	0	0.5	frozen_count
_2100_	_2578_/ZN	0	0.5	frozen_count
_2100_	_2581_/A2	0	0.5	frozen_count
_2100_	_2582_/A2	0	0.5	frozen_count
_2100_	_2583_/B1	0	0.5	frozen_count
_2101_	_2579_/ZN	0	0.5	frozen_count
_2101_	_2580_/A2	0	0.5	frozen_count
_2101_	_4198_/B2	0	0.5	frozen_count
_2102_	_2580_/ZN	0	0.5	frozen_count
_2102_	_2581_/A3	0	0.5	frozen_count
_2102_	_2582_/A3	0	0.5	frozen_count
_2102_	_2583_/B2	0	0.5	frozen_count
_2102_	_4199_/B1	0	0.5	frozen_count
_2103_	_2581_/ZN	0	0.5	frozen_count
_2103_	_2584_/A	0	0.5	frozen_count
_2104_	_2582_/ZN	0	0.5	frozen_count
_2104_	_4192_/A1	0	0.5	frozen_count
_2105_	_2583_/ZN	0	0.5	frozen_count
_2105_	_2584_/B1	0	0.5	frozen_count
_2105_	_4192_/A2	0	0.5	frozen_count
_2106_	_2584_/ZN	0	0.5	frozen_count
_2106_	_2586_/B1	0	0.5	frozen_count
_2106_	_4188_/A	0	0.5	frozen_count
_2107_	_2585_/ZN	0	0.5	frozen_count
_2107_	_2586_/A	0	0.5	frozen_count
_2108_	_2586_/ZN	0	0.5	frozen_count
_2108_	_2587_/B2	0	0.5	frozen_count
_2108_	_4178_/A	0	0.5	frozen_count
_2109_	_2587_/ZN	0	0.5	frozen_count
_2109_	_2588_/A	0	0.5	frozen_count
_2109_	_4171_/A	0	0.5	frozen_count
_2110_	_2588_/ZN	0	0.5	frozen_count
_2110_	_2589_/A2	0	0.5	frozen_count
_2111_	_2589_/ZN	0	0.5	frozen_count
_2111_	_2590_/A	0	0.5	frozen_count
_2111_	_4164_/B2	0	0.5	frozen_count
_2112_	_2590_/ZN	0	0.5	frozen_count
_2112_	_2592_/A1	0	0.5	frozen_count
_2112_	_2594_/C1	0	0.5	frozen_count
_2112_	_4162_/A	0	0.5	frozen_count
_2113_	_2591_/ZN	0	0.5	frozen_count
_2113_	_2592_/A2	0	0.5	frozen_count
_2113_	_2594_/C2	0	0.5	frozen_count
_2114_	_2592_/ZN	0	0.5	frozen_count
_2114_	_2593_/A	0	0.5	frozen_count
_2114_	_4155_/A	0	0.5	frozen_count
_2115_	_2593_/ZN	0	0.5	frozen_count
_2115_	_4076_/A1	0	0.5	frozen_count
_2116_	_2594_/ZN	0	0.5	frozen_count
_2116_	_2601_/B2	0	0.5	frozen_count
_2117_	_2595_/ZN	0	0.5	frozen_count
_2117_	_2598_/B1	0	0.5	frozen_count
_2117_	_4076_/A2	0	0.5	frozen_count
_2118_	_2596_/ZN	0	0.5	frozen_count
_2118_	_2597_/A	0	0.5	frozen_count
_2118_	_4077_/A	0	0.5	frozen_count
_2118_	_4147_/A2	0	0.5	frozen_count
_2119_	_2597_/ZN	0	0.5	frozen_count
_2119_	_2598_/A	0	0.5	frozen_count
_2120_	_2598_/ZN	0	0.5	frozen_count
_2120_	_2601_/B1	0	0.5	frozen_count
_2121_	_2599_/ZN	0	0.5	frozen_count
_2121_	_2600_/A	0	0.5	frozen_count
_2121_	_4693_/B2	0	0.5	frozen_count
_2122_	_2600_/ZN	0	0.5	frozen_count
_2122_	_2601_/A	0	0.5	frozen_count
_2123_	_2601_/ZN	0	0.5	frozen_count
_2123_	_2602_/A	0	0.5	frozen_count
_2123_	_4697_/A1	0	0.5	frozen_count
_2124_	_2602_/ZN	0	0.5	frozen_count
_2124_	_2603_/B2	0	0.5	frozen_count
_2124_	_4074_/A	0	0.5	frozen_count
_2125_	_2603_/ZN	0	0.5	frozen_count
_2125_	_2605_/B1	0	0.5	frozen_count
_2125_	_2610_/C2	0	0.5	frozen_count
_2125_	_4065_/B2	0	0.5	frozen_count
_2125_	_4066_/B2	0	0.5	frozen_count
_2126_	_2604_/ZN	0	0.5	frozen_count
_2126_	_2605_/A	0	0.5	frozen_count
_2126_	_4064_/A2	0	0.5	frozen_count
_2127_	_2605_/ZN	0	0.5	frozen_count
_2127_	_2606_/B1	0	0.5	frozen_count
_2127_	_2611_/A	0	0.5	frozen_count
_2127_	_3905_/A	0	0.5	frozen_count
_2128_	_2606_/ZN	0	0.5	frozen_count
_2128_	_2610_/A	0	0.5	frozen_count
_2129_	_2607_/ZN	0	0.5	frozen_count
_2129_	_2608_/A	0	0.5	frozen_count
_2129_	_2612_/A	0	0.5	frozen_count
_2130_	_2608_/ZN	0	0.5	frozen_count
_2130_	_2610_/B	0	0.5	frozen_count
_2131_	_2609_/ZN	0	0.5	frozen_count
_2131_	_2610_/C1	0	0.5	frozen_count
_2132_	_2610_/ZN	0	0.5	frozen_count
_2132_	_2615_/A	0	0.5	frozen_count
_2133_	_2611_/ZN	0	0.5	frozen_count
_2133_	_2615_/C2	0	0.5	frozen_count
_2134_	_2612_/ZN	0	0.5	frozen_count
_2134_	_2615_/C1	0	0.5	frozen_count
_2135_	_2613_/ZN	0	0.5	frozen_count
_2135_	_4200_/C2	0	0.5	frozen_count
_2135_	_4206_/A1	0	0.5	frozen_count
_2135_	_4218_/A1	0	0.5	frozen_count
_2135_	_4223_/B2	0	0.5	frozen_count
_2135_	_4230_/B2	0	0.5	frozen_count
_2135_	_4487_/B2	0	0.5	frozen_count
_2135_	place256/A	0	0.5	frozen_count
_2136_	_2614_/ZN	0	0.5	frozen_count
_2136_	place262/A	0	0.5	frozen_count
_2137_	_2615_/ZN	0	0.5	frozen_count
_2137_	_2621_/A	0	0.5	frozen_count
_2138_	_2616_/ZN	0	0.5	frozen_count
_2138_	_2620_/C2	0	0.5	frozen_count
_2138_	_3906_/B2	0	0.5	frozen_count
_2138_	_4068_/B2	0	0.5	frozen_count
_2138_	_4072_/B2	0	0.5	frozen_count
_2138_	place255/A	0	0.5	frozen_count
_2139_	_2617_/ZN	0	0.5	frozen_count
_2139_	_4161_/C2	0	0.5	frozen_count
_2139_	_4197_/C2	0	0.5	frozen_count
_2139_	_4203_/C2	0	0.5	frozen_count
_2139_	_4219_/C2	0	0.5	frozen_count
_2139_	_4695_/A	0	0.5	frozen_count
_2140_	_2618_/ZN	0	0.5	frozen_count
_2140_	_2620_/A	0	0.5	frozen_count
_2140_	_4264_/A	0	0.5	frozen_count
_2141_	_2619_/ZN	0	0.5	frozen_count
_2141_	_2620_/B1	0	0.5	frozen_count
_2141_	_3906_/C1	0	0.5	frozen_count
_2141_	_4068_/C1	0	0.5	frozen_count
_2141_	_4072_/C1	0	0.5	frozen_count
_2141_	_4207_/B2	0	0.5	frozen_count
_2141_	_4215_/B2	0	0.5	frozen_count
_2141_	_4233_/B2	0	0.5	frozen_count
_2141_	_4240_/C2	0	0.5	frozen_count
_2141_	_4484_/B2	0	0.5	frozen_count
_2141_	place261/A	0	0.5	frozen_count
_2142_	_2620_/ZN	0	0.5	frozen_count
_2142_	_2621_/B	0	0.5	frozen_count
_2143_	_2622_/ZN	0	0.5	frozen_count
_2143_	_2623_/A2	0	0.5	frozen_count
_2143_	_2625_/B	0	0.5	frozen_count
_2143_	_4437_/B1	0	0.5	frozen_count
_2144_	_2623_/ZN	0	0.5	frozen_count
_2144_	_2624_/A	0	0.5	frozen_count
_2145_	_2624_/ZN	0	0.5	frozen_count
_2145_	place301/A	0	0.5	frozen_count
_2146_	_2625_/Z	0	0.5	frozen_count
_2146_	_2627_/A2	0	0.5	frozen_count
_2146_	_2629_/A3	0	0.5	frozen_count
_2146_	_2630_/B3	0	0.5	frozen_count
_2146_	_2679_/A3	0	0.5	frozen_count
_2146_	_2680_/A3	0	0.5	frozen_count
_2146_	_3143_/A2	0	0.5	frozen_count
_2146_	_3158_/A3	0	0.5	frozen_count
_2146_	_3269_/A2	0	0.5	frozen_count
_2146_	_3315_/A2	0	0.5	frozen_count
_2146_	_3742_/A1	0	0.5	frozen_count
_2146_	_3820_/A3	0	0.5	frozen_count
_2147_	_2626_/ZN	0	0.5	frozen_count
_2147_	_3291_/A1	0	0.5	frozen_count
_2147_	_3292_/A1	0	0.5	frozen_count
_2147_	_3698_/A1	0	0.5	frozen_count
_2148_	_2627_/ZN	0	0.5	frozen_count
_2148_	_3127_/A2	0	0.5	frozen_count
_2148_	_3149_/A1	0	0.5	frozen_count
_2149_	_2628_/ZN	0	0.5	frozen_count
_2149_	_3126_/A2	0	0.5	frozen_count
_2149_	_3139_/A2	0	0.5	frozen_count
_2149_	_3150_/A1	0	0.5	frozen_count
_2150_	_2629_/ZN	0	0.5	frozen_count
_2150_	_2631_/A1	0	0.5	frozen_count
_2150_	_2632_/A1	0	0.5	frozen_count
_2150_	_2687_/B1	0	0.5	frozen_count
_2150_	_3252_/A2	0	0.5	frozen_count
_2151_	_2630_/ZN	0	0.5	frozen_count
_2151_	_2631_/A2	0	0.5	frozen_count
_2151_	_2632_/A2	0	0.5	frozen_count
_2151_	_2687_/B2	0	0.5	frozen_count
_2152_	_2631_/ZN	0	0.5	frozen_count
_2152_	_2871_/B2	0	0.5	frozen_count
_2152_	_2934_/A1	0	0.5	frozen_count
_2152_	place285/A	0	0.5	frozen_count
_2153_	_2632_/ZN	0	0.5	frozen_count
_2153_	_2715_/B2	0	0.5	frozen_count
_2153_	_2755_/B2	0	0.5	frozen_count
_2153_	_2768_/B2	0	0.5	frozen_count
_2153_	_2791_/A1	0	0.5	frozen_count
_2153_	_2911_/A1	0	0.5	frozen_count
_2153_	_2924_/B2	0	0.5	frozen_count
_2153_	_2948_/C1	0	0.5	frozen_count
_2153_	_3025_/B2	0	0.5	frozen_count
_2153_	place284/A	0	0.5	frozen_count
_2154_	_2633_/ZN	0	0.5	frozen_count
_2154_	_2643_/A	0	0.5	frozen_count
_2154_	_2670_/A1	0	0.5	frozen_count
_2154_	_2673_/A1	0	0.5	frozen_count
_2154_	_2675_/C1	0	0.5	frozen_count
_2155_	_2634_/ZN	0	0.5	frozen_count
_2155_	_2644_/A	0	0.5	frozen_count
_2155_	_2671_/A1	0	0.5	frozen_count
_2155_	_2672_/A1	0	0.5	frozen_count
_2155_	_2674_/C1	0	0.5	frozen_count
_2156_	_2635_/ZN	0	0.5	frozen_count
_2156_	_2643_/B	0	0.5	frozen_count
_2156_	_2670_/A2	0	0.5	frozen_count
_2156_	_2673_/A2	0	0.5	frozen_count
_2156_	_2675_/C2	0	0.5	frozen_count
_2157_	_2636_/ZN	0	0.5	frozen_count
_2157_	_2644_/B	0	0.5	frozen_count
_2157_	_2671_/A2	0	0.5	frozen_count
_2157_	_2672_/A2	0	0.5	frozen_count
_2157_	_2674_/C2	0	0.5	frozen_count
_2158_	_2637_/ZN	0	0.5	frozen_count
_2158_	_2644_/C1	0	0.5	frozen_count
_2158_	_2670_/A3	0	0.5	frozen_count
_2158_	_2673_/B1	0	0.5	frozen_count
_2158_	_2674_/A	0	0.5	frozen_count
_2159_	_2638_/ZN	0	0.5	frozen_count
_2159_	_2643_/C1	0	0.5	frozen_count
_2159_	_2671_/A3	0	0.5	frozen_count
_2159_	_2672_/B1	0	0.5	frozen_count
_2159_	_2675_/A	0	0.5	frozen_count
_2160_	_2639_/ZN	0	0.5	frozen_count
_2160_	_2642_/B2	0	0.5	frozen_count
_2161_	_2640_/ZN	0	0.5	frozen_count
_2161_	_2641_/B2	0	0.5	frozen_count
_2161_	_4454_/C2	0	0.5	frozen_count
_2161_	_4456_/B1	0	0.5	frozen_count
_2161_	_4457_/B1	0	0.5	frozen_count
_2162_	_2641_/ZN	0	0.5	frozen_count
_2162_	_2644_/C2	0	0.5	frozen_count
_2162_	_2670_/A4	0	0.5	frozen_count
_2162_	_2673_/B2	0	0.5	frozen_count
_2162_	_2674_/B	0	0.5	frozen_count
_2163_	_2642_/ZN	0	0.5	frozen_count
_2163_	_2643_/C2	0	0.5	frozen_count
_2163_	_2671_/A4	0	0.5	frozen_count
_2163_	_2672_/B2	0	0.5	frozen_count
_2163_	_2675_/B	0	0.5	frozen_count
_2164_	_2643_/ZN	0	0.5	frozen_count
_2164_	place319/A	0	0.5	frozen_count
_2165_	_2644_/ZN	0	0.5	frozen_count
_2165_	_2813_/B2	0	0.5	frozen_count
_2165_	_2828_/B2	0	0.5	frozen_count
_2165_	_2838_/C2	0	0.5	frozen_count
_2165_	_2868_/B2	0	0.5	frozen_count
_2165_	_2891_/C2	0	0.5	frozen_count
_2165_	_2902_/A2	0	0.5	frozen_count
_2165_	_2928_/A2	0	0.5	frozen_count
_2165_	_2943_/A2	0	0.5	frozen_count
_2165_	_2976_/B2	0	0.5	frozen_count
_2165_	place318/A	0	0.5	frozen_count
_2166_	_2645_/ZN	0	0.5	frozen_count
_2166_	_2878_/B	0	0.5	frozen_count
_2167_	_2646_/ZN	0	0.5	frozen_count
_2167_	_2866_/B	0	0.5	frozen_count
_2168_	_2647_/ZN	0	0.5	frozen_count
_2168_	_2648_/A2	0	0.5	frozen_count
_2168_	_2649_/A3	0	0.5	frozen_count
_2168_	_2650_/A4	0	0.5	frozen_count
_2168_	_2850_/B	0	0.5	frozen_count
_2169_	_2648_/ZN	0	0.5	frozen_count
_2169_	_2837_/B	0	0.5	frozen_count
_2170_	_2649_/ZN	0	0.5	frozen_count
_2170_	_2826_/B	0	0.5	frozen_count
_2171_	_2650_/ZN	0	0.5	frozen_count
_2171_	_2651_/A2	0	0.5	frozen_count
_2171_	_2811_/B	0	0.5	frozen_count
_2172_	_2651_/ZN	0	0.5	frozen_count
_2172_	_2652_/A2	0	0.5	frozen_count
_2172_	_2653_/A3	0	0.5	frozen_count
_2172_	_2654_/A4	0	0.5	frozen_count
_2172_	_2974_/B	0	0.5	frozen_count
_2173_	_2652_/ZN	0	0.5	frozen_count
_2173_	_2800_/B	0	0.5	frozen_count
_2174_	_2653_/ZN	0	0.5	frozen_count
_2174_	_3057_/B	0	0.5	frozen_count
_2175_	_2654_/ZN	0	0.5	frozen_count
_2175_	_2655_/A2	0	0.5	frozen_count
_2175_	_2656_/A3	0	0.5	frozen_count
_2175_	_2993_/B	0	0.5	frozen_count
_2176_	_2655_/ZN	0	0.5	frozen_count
_2176_	_3006_/B	0	0.5	frozen_count
_2177_	_2656_/ZN	0	0.5	frozen_count
_2177_	_2657_/A2	0	0.5	frozen_count
_2177_	_3045_/B	0	0.5	frozen_count
_2178_	_2657_/ZN	0	0.5	frozen_count
_2178_	_2658_/A2	0	0.5	frozen_count
_2178_	_2659_/A3	0	0.5	frozen_count
_2178_	_3031_/B	0	0.5	frozen_count
_2179_	_2658_/ZN	0	0.5	frozen_count
_2179_	_3018_/B	0	0.5	frozen_count
_2180_	_2659_/ZN	0	0.5	frozen_count
_2180_	_2660_/A2	0	0.5	frozen_count
_2180_	_2782_/B	0	0.5	frozen_count
_2181_	_2660_/ZN	0	0.5	frozen_count
_2181_	_2661_/A2	0	0.5	frozen_count
_2181_	_2662_/A3	0	0.5	frozen_count
_2181_	_2772_/B	0	0.5	frozen_count
_2182_	_2661_/ZN	0	0.5	frozen_count
_2182_	_2760_/B	0	0.5	frozen_count
_2183_	_2662_/ZN	0	0.5	frozen_count
_2183_	_2663_/A2	0	0.5	frozen_count
_2183_	_2748_/B	0	0.5	frozen_count
_2184_	_2663_/ZN	0	0.5	frozen_count
_2184_	_2664_/A2	0	0.5	frozen_count
_2184_	_2665_/A3	0	0.5	frozen_count
_2184_	_2734_/B	0	0.5	frozen_count
_2185_	_2664_/ZN	0	0.5	frozen_count
_2185_	_2722_/B	0	0.5	frozen_count
_2186_	_2665_/ZN	0	0.5	frozen_count
_2186_	_2666_/A2	0	0.5	frozen_count
_2186_	_2706_/B	0	0.5	frozen_count
_2187_	_2666_/ZN	0	0.5	frozen_count
_2187_	_2667_/A2	0	0.5	frozen_count
_2187_	_2668_/A3	0	0.5	frozen_count
_2187_	_2693_/B	0	0.5	frozen_count
_2187_	_3131_/A4	0	0.5	frozen_count
_2188_	_2667_/ZN	0	0.5	frozen_count
_2188_	_2669_/B	0	0.5	frozen_count
_2189_	_2668_/ZN	0	0.5	frozen_count
_2189_	_3132_/B	0	0.5	frozen_count
_2190_	_2669_/Z	0	0.5	frozen_count
_2190_	_2677_/B1	0	0.5	frozen_count
_2190_	_3157_/A1	0	0.5	frozen_count
_2190_	_4474_/C1	0	0.5	frozen_count
_2191_	_2670_/ZN	0	0.5	frozen_count
_2191_	_2762_/A2	0	0.5	frozen_count
_2191_	_2773_/A2	0	0.5	frozen_count
_2191_	_2784_/A2	0	0.5	frozen_count
_2191_	_2889_/A2	0	0.5	frozen_count
_2191_	_3020_/A2	0	0.5	frozen_count
_2191_	_3032_/A2	0	0.5	frozen_count
_2191_	_3046_/A2	0	0.5	frozen_count
_2191_	place316/A	0	0.5	frozen_count
_2191_	place317/A	0	0.5	frozen_count
_2192_	_2671_/ZN	0	0.5	frozen_count
_2192_	_2902_/B1	0	0.5	frozen_count
_2192_	_2917_/A2	0	0.5	frozen_count
_2192_	_2928_/C1	0	0.5	frozen_count
_2192_	_2943_/B1	0	0.5	frozen_count
_2192_	_3008_/C2	0	0.5	frozen_count
_2193_	_2672_/ZN	0	0.5	frozen_count
_2193_	_2812_/B1	0	0.5	frozen_count
_2193_	_2827_/C1	0	0.5	frozen_count
_2193_	_2835_/A2	0	0.5	frozen_count
_2193_	_2849_/A2	0	0.5	frozen_count
_2193_	_2867_/C1	0	0.5	frozen_count
_2193_	_2877_/A2	0	0.5	frozen_count
_2193_	_2927_/A2	0	0.5	frozen_count
_2193_	_2942_/A2	0	0.5	frozen_count
_2193_	_2975_/B1	0	0.5	frozen_count
_2193_	place315/A	0	0.5	frozen_count
_2194_	_2673_/ZN	0	0.5	frozen_count
_2194_	_2891_/A2	0	0.5	frozen_count
_2194_	_2901_/A2	0	0.5	frozen_count
_2194_	_2917_/B1	0	0.5	frozen_count
_2194_	_3134_/C2	0	0.5	frozen_count
_2195_	_2674_/ZN	0	0.5	frozen_count
_2195_	_2812_/C1	0	0.5	frozen_count
_2195_	_2827_/B1	0	0.5	frozen_count
_2195_	_2835_/B1	0	0.5	frozen_count
_2195_	_2849_/B1	0	0.5	frozen_count
_2195_	_2867_/B1	0	0.5	frozen_count
_2195_	_2877_/B1	0	0.5	frozen_count
_2195_	_2975_/C1	0	0.5	frozen_count
_2195_	place314/A	0	0.5	frozen_count
_2196_	_2675_/ZN	0	0.5	frozen_count
_2196_	_2891_/B1	0	0.5	frozen_count
_2196_	_2901_/B1	0	0.5	frozen_count
_2196_	_2917_/C1	0	0.5	frozen_count
_2196_	_2928_/B1	0	0.5	frozen_count
_2196_	_2943_/C1	0	0.5	frozen_count
_2197_	_2676_/ZN	0	0.5	frozen_count
_2197_	_2677_/A	0	0.5	frozen_count
_2198_	_2677_/ZN	0	0.5	frozen_count
_2198_	place228/A	0	0.5	frozen_count
_2199_	_2678_/ZN	0	0.5	frozen_count
_2199_	_2683_/A	0	0.5	frozen_count
_2200_	_2679_/ZN	0	0.5	frozen_count
_2200_	_2688_/A2	0	0.5	frozen_count
_2200_	_2698_/B2	0	0.5	frozen_count
_2200_	_2699_/A1	0	0.5	frozen_count
_2200_	_2713_/B2	0	0.5	frozen_count
_2200_	_2946_/C2	0	0.5	frozen_count
_2200_	_3183_/A1	0	0.5	frozen_count
_2200_	_3185_/B2	0	0.5	frozen_count
_2200_	place283/A	0	0.5	frozen_count
_2201_	_2680_/ZN	0	0.5	frozen_count
_2201_	_2808_/A1	0	0.5	frozen_count
_2201_	_2818_/B2	0	0.5	frozen_count
_2201_	_2830_/A1	0	0.5	frozen_count
_2201_	_2846_/B2	0	0.5	frozen_count
_2201_	_2858_/B2	0	0.5	frozen_count
_2201_	_2898_/B2	0	0.5	frozen_count
_2201_	_2911_/B2	0	0.5	frozen_count
_2201_	_2924_/A1	0	0.5	frozen_count
_2201_	_2935_/B2	0	0.5	frozen_count
_2201_	_2948_/B2	0	0.5	frozen_count
_2201_	_2980_/A1	0	0.5	frozen_count
_2201_	_2997_/A1	0	0.5	frozen_count
_2201_	_3010_/A1	0	0.5	frozen_count
_2201_	_3061_/A1	0	0.5	frozen_count
_2201_	place282/A	0	0.5	frozen_count
_2202_	_2681_/ZN	0	0.5	frozen_count
_2202_	_2688_/B1	0	0.5	frozen_count
_2202_	_3426_/B	0	0.5	frozen_count
_2202_	_3688_/A2	0	0.5	frozen_count
_2202_	_3689_/A2	0	0.5	frozen_count
_2202_	_3690_/B	0	0.5	frozen_count
_2202_	_3726_/A1	0	0.5	frozen_count
_2202_	_3852_/C1	0	0.5	frozen_count
_2203_	_2682_/ZN	0	0.5	frozen_count
_2203_	_2683_/B2	0	0.5	frozen_count
_2203_	_3169_/C1	0	0.5	frozen_count
_2203_	_3427_/A1	0	0.5	frozen_count
_2203_	_3459_/A2	0	0.5	frozen_count
_2203_	_3462_/A2	0	0.5	frozen_count
_2203_	_3844_/A	0	0.5	frozen_count
_2203_	_4474_/B2	0	0.5	frozen_count
_2204_	_2683_/ZN	0	0.5	frozen_count
_2204_	_2690_/A1	0	0.5	frozen_count
_2204_	_2691_/A1	0	0.5	frozen_count
_2204_	_2692_/A	0	0.5	frozen_count
_2205_	_2684_/ZN	0	0.5	frozen_count
_2205_	_2685_/B	0	0.5	frozen_count
_2205_	_3253_/B1	0	0.5	frozen_count
_2206_	_2685_/ZN	0	0.5	frozen_count
_2206_	place281/A	0	0.5	frozen_count
_2207_	_2686_/ZN	0	0.5	frozen_count
_2207_	_2700_/A	0	0.5	frozen_count
_2207_	_2777_/A	0	0.5	frozen_count
_2207_	_2921_/A1	0	0.5	frozen_count
_2207_	_2922_/A1	0	0.5	frozen_count
_2207_	_3184_/A	0	0.5	frozen_count
_2208_	_2687_/ZN	0	0.5	frozen_count
_2208_	place279/A	0	0.5	frozen_count
_2209_	_2688_/ZN	0	0.5	frozen_count
_2209_	_2689_/B	0	0.5	frozen_count
_2210_	_2689_/ZN	0	0.5	frozen_count
_2210_	_2690_/A2	0	0.5	frozen_count
_2210_	_2691_/A2	0	0.5	frozen_count
_2210_	_2692_/B	0	0.5	frozen_count
_2211_	_2690_/ZN	0	0.5	frozen_count
_2211_	_3180_/B2	0	0.5	frozen_count
_2212_	_2691_/ZN	0	0.5	frozen_count
_2212_	_3180_/A	0	0.5	frozen_count
_2213_	_2692_/Z	0	0.5	frozen_count
_2213_	_3101_/A1	0	0.5	frozen_count
_2213_	_3171_/C1	0	0.5	frozen_count
_2213_	_3172_/A1	0	0.5	frozen_count
_2214_	_2693_/ZN	0	0.5	frozen_count
_2214_	_2695_/B1	0	0.5	frozen_count
_2214_	_4048_/C1	0	0.5	frozen_count
_2214_	_4477_/A1	0	0.5	frozen_count
_2215_	_2694_/ZN	0	0.5	frozen_count
_2215_	_2695_/A	0	0.5	frozen_count
_2216_	_2695_/ZN	0	0.5	frozen_count
_2216_	_2698_/A2	0	0.5	frozen_count
_2216_	_2699_/A2	0	0.5	frozen_count
_2216_	_3167_/B1	0	0.5	frozen_count
_2216_	_3971_/A1	0	0.5	frozen_count
_2216_	_4494_/B	0	0.5	frozen_count
_2216_	place229/A	0	0.5	frozen_count
_2217_	_2696_/ZN	0	0.5	frozen_count
_2217_	_2698_/B1	0	0.5	frozen_count
_2217_	_2699_/B1	0	0.5	frozen_count
_2217_	_3432_/B	0	0.5	frozen_count
_2217_	_3627_/A2	0	0.5	frozen_count
_2217_	_3725_/A1	0	0.5	frozen_count
_2217_	_3806_/A2	0	0.5	frozen_count
_2217_	_3861_/A	0	0.5	frozen_count
_2218_	_2697_/ZN	0	0.5	frozen_count
_2218_	_3430_/A1	0	0.5	frozen_count
_2218_	_3461_/A2	0	0.5	frozen_count
_2218_	_3462_/B2	0	0.5	frozen_count
_2218_	_3566_/A2	0	0.5	frozen_count
_2218_	_3628_/B	0	0.5	frozen_count
_2218_	_3863_/C1	0	0.5	frozen_count
_2218_	_4048_/B2	0	0.5	frozen_count
_2218_	_4478_/A1	0	0.5	frozen_count
_2219_	_2698_/ZN	0	0.5	frozen_count
_2219_	_2701_/A1	0	0.5	frozen_count
_2219_	_2703_/A1	0	0.5	frozen_count
_2220_	_2699_/ZN	0	0.5	frozen_count
_2220_	_2700_/B	0	0.5	frozen_count
_2221_	_2700_/ZN	0	0.5	frozen_count
_2221_	_2701_/A2	0	0.5	frozen_count
_2221_	_2703_/A2	0	0.5	frozen_count
_2222_	_2701_/ZN	0	0.5	frozen_count
_2222_	_2702_/A	0	0.5	frozen_count
_2222_	_3171_/C2	0	0.5	frozen_count
_2222_	_4044_/A1	0	0.5	frozen_count
_2222_	_4045_/B2	0	0.5	frozen_count
_2223_	_2702_/ZN	0	0.5	frozen_count
_2223_	_3100_/A	0	0.5	frozen_count
_2224_	_2703_/ZN	0	0.5	frozen_count
_2224_	_3100_/B1	0	0.5	frozen_count
_2224_	_3172_/A2	0	0.5	frozen_count
_2224_	_4044_/A2	0	0.5	frozen_count
_2224_	_4045_/B1	0	0.5	frozen_count
_2225_	_2704_/ZN	0	0.5	frozen_count
_2225_	_2713_/A2	0	0.5	frozen_count
_2225_	_3420_/A	0	0.5	frozen_count
_2225_	_3614_/B2	0	0.5	frozen_count
_2225_	_3629_/A1	0	0.5	frozen_count
_2225_	_3631_/A1	0	0.5	frozen_count
_2225_	_3724_/A1	0	0.5	frozen_count
_2225_	_3806_/B1	0	0.5	frozen_count
_2225_	_3971_/C2	0	0.5	frozen_count
_2225_	_4140_/A	0	0.5	frozen_count
_2225_	_4511_/A1	0	0.5	frozen_count
_2226_	_2705_/ZN	0	0.5	frozen_count
_2226_	_2715_/A2	0	0.5	frozen_count
_2226_	_3421_/A	0	0.5	frozen_count
_2226_	_3559_/A1	0	0.5	frozen_count
_2226_	_3565_/C1	0	0.5	frozen_count
_2226_	_3630_/A1	0	0.5	frozen_count
_2226_	_4143_/B2	0	0.5	frozen_count
_2227_	_2706_/ZN	0	0.5	frozen_count
_2227_	_2707_/A2	0	0.5	frozen_count
_2227_	_3971_/B2	0	0.5	frozen_count
_2227_	_4142_/B2	0	0.5	frozen_count
_2228_	_2707_/ZN	0	0.5	frozen_count
_2228_	_2711_/A1	0	0.5	frozen_count
_2228_	_2712_/A1	0	0.5	frozen_count
_2229_	_2708_/ZN	0	0.5	frozen_count
_2229_	_2711_/A2	0	0.5	frozen_count
_2229_	_2712_/A2	0	0.5	frozen_count
_2230_	_2709_/ZN	0	0.5	frozen_count
_2230_	_2711_/A3	0	0.5	frozen_count
_2230_	_2712_/A3	0	0.5	frozen_count
_2231_	_2710_/ZN	0	0.5	frozen_count
_2231_	_2711_/A4	0	0.5	frozen_count
_2231_	_2712_/A4	0	0.5	frozen_count
_2232_	_2711_/ZN	0	0.5	frozen_count
_2232_	_2715_/B1	0	0.5	frozen_count
_2232_	_3421_/B	0	0.5	frozen_count
_2232_	_3614_/B1	0	0.5	frozen_count
_2232_	_3630_/A2	0	0.5	frozen_count
_2233_	_2712_/ZN	0	0.5	frozen_count
_2233_	_2713_/B1	0	0.5	frozen_count
_2233_	_3420_/B	0	0.5	frozen_count
_2233_	_3559_/A2	0	0.5	frozen_count
_2233_	_3565_/C2	0	0.5	frozen_count
_2233_	_3629_/A2	0	0.5	frozen_count
_2233_	_3631_/A2	0	0.5	frozen_count
_2233_	_3806_/B2	0	0.5	frozen_count
_2233_	_3858_/B2	0	0.5	frozen_count
_2233_	_4047_/B1	0	0.5	frozen_count
_2233_	_4120_/A1	0	0.5	frozen_count
_2233_	_4307_/C1	0	0.5	frozen_count
_2233_	_4495_/B	0	0.5	frozen_count
_2234_	_2713_/ZN	0	0.5	frozen_count
_2234_	_2714_/B	0	0.5	frozen_count
_2235_	_2714_/ZN	0	0.5	frozen_count
_2235_	_2716_/A1	0	0.5	frozen_count
_2235_	_2718_/A1	0	0.5	frozen_count
_2236_	_2715_/ZN	0	0.5	frozen_count
_2236_	_2716_/A2	0	0.5	frozen_count
_2236_	_2718_/A2	0	0.5	frozen_count
_2237_	_2716_/ZN	0	0.5	frozen_count
_2237_	_2717_/A	0	0.5	frozen_count
_2237_	_3099_/A	0	0.5	frozen_count
_2237_	_3177_/A1	0	0.5	frozen_count
_2238_	_2717_/ZN	0	0.5	frozen_count
_2238_	_3098_/A	0	0.5	frozen_count
_2238_	_3967_/A1	0	0.5	frozen_count
_2239_	_2718_/ZN	0	0.5	frozen_count
_2239_	_2719_/A	0	0.5	frozen_count
_2239_	_3098_/B1	0	0.5	frozen_count
_2240_	_2719_/ZN	0	0.5	frozen_count
_2240_	_3099_/B1	0	0.5	frozen_count
_2240_	_3178_/A1	0	0.5	frozen_count
_2240_	_3967_/A2	0	0.5	frozen_count
_2241_	_2720_/ZN	0	0.5	frozen_count
_2241_	_2726_/A2	0	0.5	frozen_count
_2241_	_3415_/A	0	0.5	frozen_count
_2241_	_3686_/A1	0	0.5	frozen_count
_2241_	_3687_/A	0	0.5	frozen_count
_2241_	_3724_/A2	0	0.5	frozen_count
_2241_	_3807_/A1	0	0.5	frozen_count
_2241_	_3809_/B2	0	0.5	frozen_count
_2241_	_4140_/B1	0	0.5	frozen_count
_2241_	_4514_/A1	0	0.5	frozen_count
_2242_	_2721_/ZN	0	0.5	frozen_count
_2242_	_2730_/A2	0	0.5	frozen_count
_2242_	_3416_/A1	0	0.5	frozen_count
_2242_	_3559_/B1	0	0.5	frozen_count
_2242_	_3561_/A1	0	0.5	frozen_count
_2242_	_4123_/A1	0	0.5	frozen_count
_2242_	_4125_/A	0	0.5	frozen_count
_2242_	_4130_/B2	0	0.5	frozen_count
_2242_	_4306_/B2	0	0.5	frozen_count
_2243_	_2722_/ZN	0	0.5	frozen_count
_2243_	_2724_/B1	0	0.5	frozen_count
_2243_	_4124_/B2	0	0.5	frozen_count
_2243_	_4305_/B2	0	0.5	frozen_count
_2243_	_4308_/B1	0	0.5	frozen_count
_2244_	_2723_/ZN	0	0.5	frozen_count
_2244_	_2725_/A1	0	0.5	frozen_count
_2245_	_2724_/ZN	0	0.5	frozen_count
_2245_	_2725_/A2	0	0.5	frozen_count
_2246_	_2725_/ZN	0	0.5	frozen_count
_2246_	_2726_/B1	0	0.5	frozen_count
_2246_	_2729_/A2	0	0.5	frozen_count
_2246_	_3415_/B	0	0.5	frozen_count
_2246_	_3417_/B2	0	0.5	frozen_count
_2246_	_3559_/B2	0	0.5	frozen_count
_2246_	_3561_/A2	0	0.5	frozen_count
_2246_	_3686_/A2	0	0.5	frozen_count
_2246_	_3687_/B	0	0.5	frozen_count
_2246_	_3807_/A2	0	0.5	frozen_count
_2246_	_3809_/B1	0	0.5	frozen_count
_2246_	_3970_/B1	0	0.5	frozen_count
_2246_	_4105_/A1	0	0.5	frozen_count
_2246_	_4130_/B1	0	0.5	frozen_count
_2246_	_4138_/B2	0	0.5	frozen_count
_2246_	_4247_/B2	0	0.5	frozen_count
_2246_	_4496_/B	0	0.5	frozen_count
_2247_	_2726_/ZN	0	0.5	frozen_count
_2247_	_2727_/B	0	0.5	frozen_count
_2248_	_2727_/ZN	0	0.5	frozen_count
_2248_	_2728_/A	0	0.5	frozen_count
_2248_	_2732_/A1	0	0.5	frozen_count
_2248_	_3097_/A1	0	0.5	frozen_count
_2249_	_2728_/ZN	0	0.5	frozen_count
_2249_	_2733_/A1	0	0.5	frozen_count
_2250_	_2729_/ZN	0	0.5	frozen_count
_2250_	_2731_/A1	0	0.5	frozen_count
_2250_	_2732_/A2	0	0.5	frozen_count
_2250_	_3097_/A2	0	0.5	frozen_count
_2251_	_2730_/ZN	0	0.5	frozen_count
_2251_	_2731_/A2	0	0.5	frozen_count
_2251_	_2732_/A3	0	0.5	frozen_count
_2251_	_3097_/A3	0	0.5	frozen_count
_2252_	_2731_/ZN	0	0.5	frozen_count
_2252_	_2733_/A2	0	0.5	frozen_count
_2253_	_2732_/ZN	0	0.5	frozen_count
_2253_	_3096_/A1	0	0.5	frozen_count
_2253_	_4302_/A1	0	0.5	frozen_count
_2253_	_4303_/B2	0	0.5	frozen_count
_2254_	_2733_/ZN	0	0.5	frozen_count
_2254_	_3095_/A1	0	0.5	frozen_count
_2254_	_3097_/B1	0	0.5	frozen_count
_2254_	_4302_/A2	0	0.5	frozen_count
_2254_	_4303_/B1	0	0.5	frozen_count
_2255_	_2734_/ZN	0	0.5	frozen_count
_2255_	_2736_/B1	0	0.5	frozen_count
_2255_	_4111_/C1	0	0.5	frozen_count
_2255_	_4245_/A1	0	0.5	frozen_count
_2255_	_4251_/C1	0	0.5	frozen_count
_2256_	_2735_/ZN	0	0.5	frozen_count
_2256_	_2736_/A	0	0.5	frozen_count
_2257_	_2736_/ZN	0	0.5	frozen_count
_2257_	_3551_/A1	0	0.5	frozen_count
_2257_	place252/A	0	0.5	frozen_count
_2258_	_2737_/ZN	0	0.5	frozen_count
_2258_	_3804_/B2	0	0.5	frozen_count
_2258_	_3805_/C2	0	0.5	frozen_count
_2259_	_2738_/ZN	0	0.5	frozen_count
_2259_	_2740_/B1	0	0.5	frozen_count
_2259_	_2741_/B1	0	0.5	frozen_count
_2259_	_3411_/B	0	0.5	frozen_count
_2259_	_3633_/B	0	0.5	frozen_count
_2259_	_3723_/A1	0	0.5	frozen_count
_2259_	_3802_/A	0	0.5	frozen_count
_2259_	_3803_/A1	0	0.5	frozen_count
_2259_	_4107_/B2	0	0.5	frozen_count
_2259_	_4246_/B2	0	0.5	frozen_count
_2260_	_2739_/ZN	0	0.5	frozen_count
_2260_	_3412_/A1	0	0.5	frozen_count
_2260_	_3551_/A2	0	0.5	frozen_count
_2260_	_3562_/A2	0	0.5	frozen_count
_2260_	_3563_/B1	0	0.5	frozen_count
_2260_	_4111_/B2	0	0.5	frozen_count
_2260_	_4518_/B2	0	0.5	frozen_count
_2261_	_2740_/ZN	0	0.5	frozen_count
_2261_	_2744_/A1	0	0.5	frozen_count
_2261_	_2745_/A1	0	0.5	frozen_count
_2262_	_2741_/ZN	0	0.5	frozen_count
_2262_	_2742_/B	0	0.5	frozen_count
_2263_	_2742_/ZN	0	0.5	frozen_count
_2263_	_2743_/A	0	0.5	frozen_count
_2264_	_2743_/ZN	0	0.5	frozen_count
_2264_	_2744_/A2	0	0.5	frozen_count
_2264_	_2745_/A2	0	0.5	frozen_count
_2265_	_2744_/ZN	0	0.5	frozen_count
_2265_	_3094_/A1	0	0.5	frozen_count
_2265_	_3097_/B2	0	0.5	frozen_count
_2265_	_4242_/A1	0	0.5	frozen_count
_2266_	_2745_/ZN	0	0.5	frozen_count
_2266_	_3093_/A	0	0.5	frozen_count
_2266_	_4242_/A2	0	0.5	frozen_count
_2267_	_2746_/ZN	0	0.5	frozen_count
_2267_	_2753_/A2	0	0.5	frozen_count
_2267_	_3400_/A	0	0.5	frozen_count
_2267_	_3550_/C1	0	0.5	frozen_count
_2267_	_3636_/A	0	0.5	frozen_count
_2267_	_3722_/A1	0	0.5	frozen_count
_2267_	_3799_/B2	0	0.5	frozen_count
_2267_	_4329_/B2	0	0.5	frozen_count
_2268_	_2747_/ZN	0	0.5	frozen_count
_2268_	_2755_/A2	0	0.5	frozen_count
_2268_	_3401_/A1	0	0.5	frozen_count
_2268_	_3540_/B2	0	0.5	frozen_count
_2268_	_3551_/B1	0	0.5	frozen_count
_2268_	_3634_/A1	0	0.5	frozen_count
_2268_	_3635_/A	0	0.5	frozen_count
_2268_	_4096_/A	0	0.5	frozen_count
_2268_	_4099_/B2	0	0.5	frozen_count
_2268_	_4103_/C2	0	0.5	frozen_count
_2268_	_4524_/C1	0	0.5	frozen_count
_2269_	_2748_/ZN	0	0.5	frozen_count
_2269_	_2749_/A	0	0.5	frozen_count
_2269_	_4098_/B2	0	0.5	frozen_count
_2269_	_4330_/B2	0	0.5	frozen_count
_2270_	_2749_/ZN	0	0.5	frozen_count
_2270_	_2751_/B1	0	0.5	frozen_count
_2270_	_4332_/B1	0	0.5	frozen_count
_2271_	_2750_/ZN	0	0.5	frozen_count
_2271_	_2751_/A	0	0.5	frozen_count
_2272_	_2751_/ZN	0	0.5	frozen_count
_2272_	place251/A	0	0.5	frozen_count
_2273_	_2752_/ZN	0	0.5	frozen_count
_2273_	_2755_/B1	0	0.5	frozen_count
_2273_	_3550_/C2	0	0.5	frozen_count
_2273_	_3634_/A2	0	0.5	frozen_count
_2274_	_2753_/ZN	0	0.5	frozen_count
_2274_	_2754_/B	0	0.5	frozen_count
_2275_	_2754_/ZN	0	0.5	frozen_count
_2275_	_2756_/A1	0	0.5	frozen_count
_2275_	_2757_/A1	0	0.5	frozen_count
_2276_	_2755_/ZN	0	0.5	frozen_count
_2276_	_2756_/A2	0	0.5	frozen_count
_2276_	_2757_/A2	0	0.5	frozen_count
net1	_2289_/A	0	0.5	frozen_count
net1	_2940_/A1	0	0.5	frozen_count
net1	input1/Z	0	0.5	frozen_count
net1	hold393/A	0	0.5	frozen_count
net10	_3016_/B2	0	0.5	frozen_count
net10	_3017_/A	0	0.5	frozen_count
net10	input10/Z	0	0.5	frozen_count
net10	hold383/A	0	0.5	frozen_count
net11	_2789_/B2	0	0.5	frozen_count
net11	_2790_/A	0	0.5	frozen_count
net11	input11/Z	0	0.5	frozen_count
net11	hold419/A	0	0.5	frozen_count
net12	_2308_/A	0	0.5	frozen_count
net12	_2931_/A	0	0.5	frozen_count
net12	input12/Z	0	0.5	frozen_count
net12	hold358/A	0	0.5	frozen_count
net13	_2770_/A1	0	0.5	frozen_count
net13	_2771_/A1	0	0.5	frozen_count
net13	input13/Z	0	0.5	frozen_count
net13	hold373/A	0	0.5	frozen_count
net14	_2758_/A1	0	0.5	frozen_count
net14	_2759_/A1	0	0.5	frozen_count
net14	input14/Z	0	0.5	frozen_count
net14	hold395/A	0	0.5	frozen_count
net15	_2746_/A1	0	0.5	frozen_count
net15	_2747_/A1	0	0.5	frozen_count
net15	input15/Z	0	0.5	frozen_count
net15	hold397/A	0	0.5	frozen_count
net16	_2738_/A1	0	0.5	frozen_count
net16	_2739_/A1	0	0.5	frozen_count
net16	input16/Z	0	0.5	frozen_count
net16	hold389/A	0	0.5	frozen_count
net17	_2720_/A1	0	0.5	frozen_count
net17	_2721_/A1	0	0.5	frozen_count
net17	input17/Z	0	0.5	frozen_count
net17	hold407/A	0	0.5	frozen_count
net18	_2704_/A1	0	0.5	frozen_count
net18	_2705_/A1	0	0.5	frozen_count
net18	input18/Z	0	0.5	frozen_count
net18	hold376/A	0	0.5	frozen_count
net19	_2696_/A1	0	0.5	frozen_count
net19	_2697_/A1	0	0.5	frozen_count
net19	input19/Z	0	0.5	frozen_count
net19	hold399/A	0	0.5	frozen_count
net2	_2816_/B2	0	0.5	frozen_count
net2	_2817_/A	0	0.5	frozen_count
net2	input2/Z	0	0.5	frozen_count
net2	hold415/A	0	0.5	frozen_count
net20	_2681_/A1	0	0.5	frozen_count
net20	_2682_/A1	0	0.5	frozen_count
net20	input20/Z	0	0.5	frozen_count
net20	hold385/A	0	0.5	frozen_count
net21	_3181_/A1	0	0.5	frozen_count
net21	_3182_/A1	0	0.5	frozen_count
net21	input21/Z	0	0.5	frozen_count
net21	hold367/A	0	0.5	frozen_count
net22	_3437_/A1	0	0.5	frozen_count
net22	input22/Z	0	0.5	frozen_count
net22	hold346/A	0	0.5	frozen_count
net225	_3720_/A2	0	0.5	frozen_count
net225	_3721_/A3	0	0.5	frozen_count
net225	_4372_/A1	0	0.5	frozen_count
net225	_4386_/B	0	0.5	frozen_count
net225	place226/Z	0	0.5	frozen_count
net226	_3168_/B1	0	0.5	frozen_count
net226	_3183_/A2	0	0.5	frozen_count
net226	_3185_/A2	0	0.5	frozen_count
net226	_3423_/A	0	0.5	frozen_count
net226	_3425_/B2	0	0.5	frozen_count
net226	_3456_/A1	0	0.5	frozen_count
net226	_3458_/A1	0	0.5	frozen_count
net226	_3618_/A1	0	0.5	frozen_count
net226	_3744_/C1	0	0.5	frozen_count
net226	_3745_/A1	0	0.5	frozen_count
net226	_3746_/A1	0	0.5	frozen_count
net226	_3847_/A1	0	0.5	frozen_count
net226	_4492_/B	0	0.5	frozen_count
net226	place227/Z	0	0.5	frozen_count
net227	_2678_/A2	0	0.5	frozen_count
net227	_2688_/A1	0	0.5	frozen_count
net227	_3193_/B2	0	0.5	frozen_count
net227	_3426_/A	0	0.5	frozen_count
net227	_3428_/B2	0	0.5	frozen_count
net227	_3459_/A1	0	0.5	frozen_count
net227	_3462_/A1	0	0.5	frozen_count
net227	_3688_/A1	0	0.5	frozen_count
net227	_3689_/A1	0	0.5	frozen_count
net227	_3690_/A	0	0.5	frozen_count
net227	_3834_/B2	0	0.5	frozen_count
net227	_3858_/A1	0	0.5	frozen_count
net227	_4049_/B2	0	0.5	frozen_count
net227	_4493_/B	0	0.5	frozen_count
net227	place228/Z	0	0.5	frozen_count
net228	_3431_/B2	0	0.5	frozen_count
net228	_3432_/A	0	0.5	frozen_count
net228	_3461_/A1	0	0.5	frozen_count
net228	_3462_/B1	0	0.5	frozen_count
net228	_3566_/A1	0	0.5	frozen_count
net228	_3627_/A1	0	0.5	frozen_count
net228	_3628_/A	0	0.5	frozen_count
net228	_3806_/A1	0	0.5	frozen_count
net228	_3847_/B2	0	0.5	frozen_count
net228	_4138_/A1	0	0.5	frozen_count
net228	place229/Z	0	0.5	frozen_count
net229	_4668_/S	0	0.5	frozen_count
net229	_4669_/S	0	0.5	frozen_count
net229	_4670_/S	0	0.5	frozen_count
net229	_4671_/S	0	0.5	frozen_count
net229	_4672_/S	0	0.5	frozen_count
net229	_4673_/S	0	0.5	frozen_count
net229	_4674_/S	0	0.5	frozen_count
net229	_4675_/S	0	0.5	frozen_count
net229	_4676_/S	0	0.5	frozen_count
net229	_4677_/S	0	0.5	frozen_count
net229	_4678_/S	0	0.5	frozen_count
net229	_4683_/S	0	0.5	frozen_count
net229	place230/Z	0	0.5	frozen_count
net23	_2309_/A	0	0.5	frozen_count
net23	_2915_/A	0	0.5	frozen_count
net23	input23/Z	0	0.5	frozen_count
net23	hold421/A	0	0.5	frozen_count
net230	_3898_/S	0	0.5	frozen_count
net230	_3899_/S	0	0.5	frozen_count
net230	_3900_/S	0	0.5	frozen_count
net230	_4658_/S	0	0.5	frozen_count
net230	_4659_/S	0	0.5	frozen_count
net230	_4660_/S	0	0.5	frozen_count
net230	_4661_/S	0	0.5	frozen_count
net230	_4662_/S	0	0.5	frozen_count
net230	_4663_/S	0	0.5	frozen_count
net230	_4664_/S	0	0.5	frozen_count
net230	_4665_/S	0	0.5	frozen_count
net230	_4666_/S	0	0.5	frozen_count
net230	_4667_/S	0	0.5	frozen_count
net230	_4682_/S	0	0.5	frozen_count
net230	place231/Z	0	0.5	frozen_count
net231	_4585_/S	0	0.5	frozen_count
net231	_4588_/S	0	0.5	frozen_count
net231	_4593_/S	0	0.5	frozen_count
net231	_4597_/S	0	0.5	frozen_count
net231	_4612_/S	0	0.5	frozen_count
net231	_4617_/S	0	0.5	frozen_count
net231	_4631_/S	0	0.5	frozen_count
net231	_4640_/S	0	0.5	frozen_count
net231	_4657_/S	0	0.5	frozen_count
net231	place232/Z	0	0.5	frozen_count
net232	_3892_/S	0	0.5	frozen_count
net232	_4528_/S	0	0.5	frozen_count
net232	_4531_/S	0	0.5	frozen_count
net232	_4535_/S	0	0.5	frozen_count
net232	_4538_/S	0	0.5	frozen_count
net232	_4553_/S	0	0.5	frozen_count
net232	_4557_/S	0	0.5	frozen_count
net232	_4561_/S	0	0.5	frozen_count
net232	_4564_/S	0	0.5	frozen_count
net232	_4568_/S	0	0.5	frozen_count
net232	_4571_/S	0	0.5	frozen_count
net232	_4648_/S	0	0.5	frozen_count
net232	place233/Z	0	0.5	frozen_count
net233	_3928_/C1	0	0.5	frozen_count
net233	_3966_/C1	0	0.5	frozen_count
net233	_4004_/B2	0	0.5	frozen_count
net233	_4031_/B2	0	0.5	frozen_count
net233	_4043_/B2	0	0.5	frozen_count
net233	_4095_/A1	0	0.5	frozen_count
net233	_4127_/C1	0	0.5	frozen_count
net233	_4361_/B2	0	0.5	frozen_count
net233	_4374_/B2	0	0.5	frozen_count
net233	_4388_/B2	0	0.5	frozen_count
net233	_4705_/B2	0	0.5	frozen_count
net233	place234/Z	0	0.5	frozen_count
net234	_3940_/B2	0	0.5	frozen_count
net234	_3952_/B2	0	0.5	frozen_count
net234	_4060_/B2	0	0.5	frozen_count
net234	_4112_/B2	0	0.5	frozen_count
net234	_4145_/B2	0	0.5	frozen_count
net234	_4480_/A1	0	0.5	frozen_count
net234	_4769_/B1	0	0.5	frozen_count
net234	_4787_/B2	0	0.5	frozen_count
net234	place235/Z	0	0.5	frozen_count
net235	_3939_/B1	0	0.5	frozen_count
net235	_3951_/C2	0	0.5	frozen_count
net235	_3964_/A2	0	0.5	frozen_count
net235	_4017_/B1	0	0.5	frozen_count
net235	_4029_/B1	0	0.5	frozen_count
net235	_4041_/B1	0	0.5	frozen_count
net235	_4771_/C2	0	0.5	frozen_count
net235	_4784_/C2	0	0.5	frozen_count
net235	_4790_/A2	0	0.5	frozen_count
net235	place236/Z	0	0.5	frozen_count
net236	_3249_/A	0	0.5	frozen_count
net236	_3288_/B1	0	0.5	frozen_count
net236	_3925_/B1	0	0.5	frozen_count
net236	_3938_/B1	0	0.5	frozen_count
net236	_3965_/B1	0	0.5	frozen_count
net236	_3983_/A2	0	0.5	frozen_count
net236	_4003_/C2	0	0.5	frozen_count
net236	_4018_/C2	0	0.5	frozen_count
net236	_4028_/B1	0	0.5	frozen_count
net236	_4042_/C2	0	0.5	frozen_count
net236	_4058_/B1	0	0.5	frozen_count
net236	_4360_/B1	0	0.5	frozen_count
net236	_4373_/B1	0	0.5	frozen_count
net236	_4581_/C2	0	0.5	frozen_count
net236	_4649_/B2	0	0.5	frozen_count
net236	_4769_/A2	0	0.5	frozen_count
net236	_4782_/B1	0	0.5	frozen_count
net236	_4785_/B1	0	0.5	frozen_count
net236	place237/Z	0	0.5	frozen_count
net237	_3293_/A2	0	0.5	frozen_count
net237	_3926_/B2	0	0.5	frozen_count
net237	_3964_/B2	0	0.5	frozen_count
net237	_4059_/B2	0	0.5	frozen_count
net237	_4361_/C1	0	0.5	frozen_count
net237	_4374_/C1	0	0.5	frozen_count
net237	_4582_/B2	0	0.5	frozen_count
net237	_4703_/B2	0	0.5	frozen_count
net237	_4790_/C2	0	0.5	frozen_count
net237	place238/Z	0	0.5	frozen_count
net238	_3918_/C2	0	0.5	frozen_count
net238	_3940_/C1	0	0.5	frozen_count
net238	_3952_/C1	0	0.5	frozen_count
net238	_3982_/B2	0	0.5	frozen_count
net238	_4003_/B2	0	0.5	frozen_count
net238	_4018_/B2	0	0.5	frozen_count
net238	_4030_/B2	0	0.5	frozen_count
net238	_4042_/B2	0	0.5	frozen_count
net238	_4649_/B1	0	0.5	frozen_count
net238	_4770_/B2	0	0.5	frozen_count
net238	_4783_/B2	0	0.5	frozen_count
net238	_4787_/C1	0	0.5	frozen_count
net238	place239/Z	0	0.5	frozen_count
net239	_3288_/A2	0	0.5	frozen_count
net239	_3917_/B1	0	0.5	frozen_count
net239	_3938_/A2	0	0.5	frozen_count
net239	_3941_/B2	0	0.5	frozen_count
net239	_3950_/A2	0	0.5	frozen_count
net239	_3953_/B2	0	0.5	frozen_count
net239	_3982_/C1	0	0.5	frozen_count
net239	_4016_/A2	0	0.5	frozen_count
net239	_4019_/C1	0	0.5	frozen_count
net239	_4768_/A1	0	0.5	frozen_count
net239	_4770_/C2	0	0.5	frozen_count
net239	_4780_/A1	0	0.5	frozen_count
net239	_4783_/C2	0	0.5	frozen_count
net239	_4790_/B2	0	0.5	frozen_count
net239	place240/Z	0	0.5	frozen_count
net24	_3444_/A1	0	0.5	frozen_count
net24	input24/Z	0	0.5	frozen_count
net24	hold387/A	0	0.5	frozen_count
net240	_3925_/A2	0	0.5	frozen_count
net240	_3965_/C2	0	0.5	frozen_count
net240	_4001_/A2	0	0.5	frozen_count
net240	_4004_/C1	0	0.5	frozen_count
net240	_4028_/A2	0	0.5	frozen_count
net240	_4031_/C1	0	0.5	frozen_count
net240	_4040_/A2	0	0.5	frozen_count
net240	_4043_/C1	0	0.5	frozen_count
net240	_4058_/A2	0	0.5	frozen_count
net240	_4098_/A2	0	0.5	frozen_count
net240	_4101_/B2	0	0.5	frozen_count
net240	_4360_/A2	0	0.5	frozen_count
net240	_4363_/B2	0	0.5	frozen_count
net240	_4373_/A2	0	0.5	frozen_count
net240	_4785_/A2	0	0.5	frozen_count
net240	_4788_/B2	0	0.5	frozen_count
net240	place241/Z	0	0.5	frozen_count
net241	_3247_/A3	0	0.5	frozen_count
net241	_3287_/A1	0	0.5	frozen_count
net241	_3290_/A2	0	0.5	frozen_count
net241	_3918_/B2	0	0.5	frozen_count
net241	_3927_/B2	0	0.5	frozen_count
net241	_3962_/A1	0	0.5	frozen_count
net241	_3983_/C2	0	0.5	frozen_count
net241	_4060_/C1	0	0.5	frozen_count
net241	_4097_/A2	0	0.5	frozen_count
net241	_4375_/B2	0	0.5	frozen_count
net241	_4789_/A2	0	0.5	frozen_count
net241	place242/Z	0	0.5	frozen_count
net242	_3194_/A1	0	0.5	frozen_count
net242	_3968_/A	0	0.5	frozen_count
net242	_4261_/A	0	0.5	frozen_count
net242	_4320_/A	0	0.5	frozen_count
net242	_4713_/A	0	0.5	frozen_count
net242	_4727_/A	0	0.5	frozen_count
net242	_4736_/C1	0	0.5	frozen_count
net242	_4762_/A	0	0.5	frozen_count
net242	_4793_/A	0	0.5	frozen_count
net242	place243/Z	0	0.5	frozen_count
net243	_3236_/A1	0	0.5	frozen_count
net243	_4707_/A	0	0.5	frozen_count
net243	_4775_/A1	0	0.5	frozen_count
net243	place244/Z	0	0.5	frozen_count
net244	_3191_/B1	0	0.5	frozen_count
net244	_3971_/C1	0	0.5	frozen_count
net244	_4263_/B1	0	0.5	frozen_count
net244	_4323_/B1	0	0.5	frozen_count
net244	_4717_/C2	0	0.5	frozen_count
net244	_4735_/C2	0	0.5	frozen_count
net244	_4766_/B1	0	0.5	frozen_count
net244	_4797_/B1	0	0.5	frozen_count
net244	place245/Z	0	0.5	frozen_count
net245	_4322_/A2	0	0.5	frozen_count
net245	_4708_/A2	0	0.5	frozen_count
net245	_4715_/A2	0	0.5	frozen_count
net245	_4723_/C2	0	0.5	frozen_count
net245	_4724_/B2	0	0.5	frozen_count
net245	_4733_/A2	0	0.5	frozen_count
net245	_4743_/C2	0	0.5	frozen_count
net245	_4748_/A2	0	0.5	frozen_count
net245	_4764_/A2	0	0.5	frozen_count
net245	_4776_/A2	0	0.5	frozen_count
net245	_4795_/A2	0	0.5	frozen_count
net245	place246/Z	0	0.5	frozen_count
net246	_3193_/B1	0	0.5	frozen_count
net246	_3970_/B2	0	0.5	frozen_count
net246	_4047_/B2	0	0.5	frozen_count
net246	_4264_/B2	0	0.5	frozen_count
net246	_4323_/A2	0	0.5	frozen_count
net246	_4710_/B1	0	0.5	frozen_count
net246	_4716_/B1	0	0.5	frozen_count
net246	_4722_/B1	0	0.5	frozen_count
net246	_4725_/C2	0	0.5	frozen_count
net246	_4734_/B1	0	0.5	frozen_count
net246	_4742_/C2	0	0.5	frozen_count
net246	_4749_/B1	0	0.5	frozen_count
net246	_4755_/A2	0	0.5	frozen_count
net246	_4765_/B1	0	0.5	frozen_count
net246	_4778_/C2	0	0.5	frozen_count
net246	_4796_/B1	0	0.5	frozen_count
net246	place247/Z	0	0.5	frozen_count
net247	_4246_/A2	0	0.5	frozen_count
net247	_4255_/A2	0	0.5	frozen_count
net247	_4269_/A2	0	0.5	frozen_count
net247	_4278_/A2	0	0.5	frozen_count
net247	_4286_/A2	0	0.5	frozen_count
net247	_4298_/A2	0	0.5	frozen_count
net247	_4305_/A2	0	0.5	frozen_count
net247	_4315_/B1	0	0.5	frozen_count
net247	_4329_/A2	0	0.5	frozen_count
net247	_4336_/B1	0	0.5	frozen_count
net247	_4344_/B1	0	0.5	frozen_count
net247	place248/Z	0	0.5	frozen_count
net248	_3237_/A2	0	0.5	frozen_count
net248	_4263_/A2	0	0.5	frozen_count
net248	_4324_/B1	0	0.5	frozen_count
net248	_4709_/A2	0	0.5	frozen_count
net248	_4716_/A2	0	0.5	frozen_count
net248	_4722_/C2	0	0.5	frozen_count
net248	_4725_/B1	0	0.5	frozen_count
net248	_4734_/A2	0	0.5	frozen_count
net248	_4740_/A2	0	0.5	frozen_count
net248	_4749_/A2	0	0.5	frozen_count
net248	_4756_/B2	0	0.5	frozen_count
net248	_4765_/A2	0	0.5	frozen_count
net248	_4777_/A2	0	0.5	frozen_count
net248	_4796_/A2	0	0.5	frozen_count
net248	place249/Z	0	0.5	frozen_count
net249	_4247_/B1	0	0.5	frozen_count
net249	_4257_/C2	0	0.5	frozen_count
net249	_4271_/C2	0	0.5	frozen_count
net249	_4279_/A2	0	0.5	frozen_count
net249	_4285_/A2	0	0.5	frozen_count
net249	_4300_/C2	0	0.5	frozen_count
net249	_4307_/C2	0	0.5	frozen_count
net249	_4315_/A2	0	0.5	frozen_count
net249	_4330_/A2	0	0.5	frozen_count
net249	_4336_/A2	0	0.5	frozen_count
net249	_4344_/A2	0	0.5	frozen_count
net249	place250/Z	0	0.5	frozen_count
net25	input25/Z	0	0.5	frozen_count
net25	hold380/A	0	0.5	frozen_count
net250	_2752_/A	0	0.5	frozen_count
net250	_2753_/B1	0	0.5	frozen_count
net250	_3400_/B	0	0.5	frozen_count
net250	_3402_/B2	0	0.5	frozen_count
net250	_3540_/B1	0	0.5	frozen_count
net250	_3551_/B2	0	0.5	frozen_count
net250	_3635_/B	0	0.5	frozen_count
net250	_3636_/B	0	0.5	frozen_count
net250	_3799_/B1	0	0.5	frozen_count
net250	_3865_/A1	0	0.5	frozen_count
net250	_4103_/C1	0	0.5	frozen_count
net250	_4105_/B2	0	0.5	frozen_count
net250	_4246_/A1	0	0.5	frozen_count
net250	_4279_/A1	0	0.5	frozen_count
net250	_4498_/B	0	0.5	frozen_count
net250	place251/Z	0	0.5	frozen_count
net251	_2737_/A	0	0.5	frozen_count
net251	_2740_/A2	0	0.5	frozen_count
net251	_2741_/A2	0	0.5	frozen_count
net251	_3411_/A	0	0.5	frozen_count
net251	_3413_/B2	0	0.5	frozen_count
net251	_3562_/A1	0	0.5	frozen_count
net251	_3563_/B2	0	0.5	frozen_count
net251	_3633_/A	0	0.5	frozen_count
net251	_4090_/A1	0	0.5	frozen_count
net251	_4120_/B2	0	0.5	frozen_count
net251	_4305_/A1	0	0.5	frozen_count
net251	_4330_/A1	0	0.5	frozen_count
net251	_4497_/B	0	0.5	frozen_count
net251	place252/Z	0	0.5	frozen_count
net252	_3294_/B1	0	0.5	frozen_count
net252	_3918_/A2	0	0.5	frozen_count
net252	_3983_/B1	0	0.5	frozen_count
net252	_4098_/B1	0	0.5	frozen_count
net252	_4124_/B1	0	0.5	frozen_count
net252	_4142_/B1	0	0.5	frozen_count
net252	_4360_/C1	0	0.5	frozen_count
net252	_4373_/C1	0	0.5	frozen_count
net252	_4653_/B1	0	0.5	frozen_count
net252	_4702_/B1	0	0.5	frozen_count
net252	place253/Z	0	0.5	frozen_count
net253	_3154_/A	0	0.5	frozen_count
net253	_4279_/B1	0	0.5	frozen_count
net253	_4286_/B1	0	0.5	frozen_count
net253	_4305_/B1	0	0.5	frozen_count
net253	_4330_/B1	0	0.5	frozen_count
net253	_4346_/C2	0	0.5	frozen_count
net253	place254/Z	0	0.5	frozen_count
net254	_2617_/A	0	0.5	frozen_count
net254	_4082_/B2	0	0.5	frozen_count
net254	_4152_/B1	0	0.5	frozen_count
net254	_4168_/B1	0	0.5	frozen_count
net254	_4175_/B1	0	0.5	frozen_count
net254	_4182_/B2	0	0.5	frozen_count
net254	_4190_/B1	0	0.5	frozen_count
net254	_4210_/A2	0	0.5	frozen_count
net254	_4223_/A2	0	0.5	frozen_count
net254	_4230_/A2	0	0.5	frozen_count
net254	_4240_/B1	0	0.5	frozen_count
net254	_4487_/A2	0	0.5	frozen_count
net254	place255/Z	0	0.5	frozen_count
net255	_2615_/B	0	0.5	frozen_count
net255	_4160_/A1	0	0.5	frozen_count
net255	_4164_/A	0	0.5	frozen_count
net255	_4697_/A2	0	0.5	frozen_count
net255	place256/Z	0	0.5	frozen_count
net256	_4160_/B2	0	0.5	frozen_count
net256	_4166_/A	0	0.5	frozen_count
net256	_4180_/A	0	0.5	frozen_count
net256	_4186_/A1	0	0.5	frozen_count
net256	_4196_/C2	0	0.5	frozen_count
net256	_4210_/B2	0	0.5	frozen_count
net256	_4218_/B2	0	0.5	frozen_count
net256	_4233_/C2	0	0.5	frozen_count
net256	_4484_/C2	0	0.5	frozen_count
net256	place257/Z	0	0.5	frozen_count
net257	_3886_/A1	0	0.5	frozen_count
net257	_3923_/C2	0	0.5	frozen_count
net257	_3961_/C1	0	0.5	frozen_count
net257	_3998_/B2	0	0.5	frozen_count
net257	_4025_/A1	0	0.5	frozen_count
net257	_4037_/B2	0	0.5	frozen_count
net257	_4087_/B2	0	0.5	frozen_count
net257	_4115_/A1	0	0.5	frozen_count
net257	_4128_/A1	0	0.5	frozen_count
net257	_4353_/B2	0	0.5	frozen_count
net257	_4370_/C1	0	0.5	frozen_count
net257	_4379_/A1	0	0.5	frozen_count
net257	place258/Z	0	0.5	frozen_count
net258	_3022_/A	0	0.5	frozen_count
net258	_3392_/B2	0	0.5	frozen_count
net258	_3393_/B	0	0.5	frozen_count
net258	_3531_/A2	0	0.5	frozen_count
net258	_3642_/A2	0	0.5	frozen_count
net258	_3794_/C1	0	0.5	frozen_count
net258	_4264_/B1	0	0.5	frozen_count
net258	_4367_/B2	0	0.5	frozen_count
net258	place259/Z	0	0.5	frozen_count
net259	_2775_/A	0	0.5	frozen_count
net259	_2776_/B1	0	0.5	frozen_count
net259	_2778_/B1	0	0.5	frozen_count
net259	_3404_/B	0	0.5	frozen_count
net259	_3406_/B2	0	0.5	frozen_count
net259	_3529_/A2	0	0.5	frozen_count
net259	_3538_/A2	0	0.5	frozen_count
net259	_3548_/A2	0	0.5	frozen_count
net259	_3580_/B1	0	0.5	frozen_count
net259	_3640_/B	0	0.5	frozen_count
net259	_3791_/B1	0	0.5	frozen_count
net259	_3793_/B1	0	0.5	frozen_count
net259	_3865_/B2	0	0.5	frozen_count
net259	_4263_/A1	0	0.5	frozen_count
net259	_4278_/A1	0	0.5	frozen_count
net259	_4367_/C2	0	0.5	frozen_count
net259	_4500_/B	0	0.5	frozen_count
net259	place260/Z	0	0.5	frozen_count
net26	_2310_/A	0	0.5	frozen_count
net26	_2905_/A1	0	0.5	frozen_count
net26	input26/Z	0	0.5	frozen_count
net26	hold370/A	0	0.5	frozen_count
net260	_4082_/C1	0	0.5	frozen_count
net260	_4152_/C2	0	0.5	frozen_count
net260	_4157_/B1	0	0.5	frozen_count
net260	_4168_/C2	0	0.5	frozen_count
net260	_4175_/C2	0	0.5	frozen_count
net260	_4182_/C1	0	0.5	frozen_count
net260	_4190_/C2	0	0.5	frozen_count
net260	_4196_/B2	0	0.5	frozen_count
net260	_4200_/B2	0	0.5	frozen_count
net260	_4220_/B2	0	0.5	frozen_count
net260	_4698_/B1	0	0.5	frozen_count
net260	place261/Z	0	0.5	frozen_count
net261	_3907_/B2	0	0.5	frozen_count
net261	_4065_/A	0	0.5	frozen_count
net261	_4075_/C2	0	0.5	frozen_count
net261	_4083_/B2	0	0.5	frozen_count
net261	_4153_/B2	0	0.5	frozen_count
net261	_4176_/B2	0	0.5	frozen_count
net261	_4183_/C1	0	0.5	frozen_count
net261	_4191_/C1	0	0.5	frozen_count
net261	_4197_/B2	0	0.5	frozen_count
net261	_4239_/A1	0	0.5	frozen_count
net261	_4694_/A2	0	0.5	frozen_count
net261	place262/Z	0	0.5	frozen_count
net262	_3879_/A	0	0.5	frozen_count
net262	_3912_/A	0	0.5	frozen_count
net262	_3923_/B2	0	0.5	frozen_count
net262	_3945_/A	0	0.5	frozen_count
net262	_4010_/A	0	0.5	frozen_count
net262	_4025_/B2	0	0.5	frozen_count
net262	_4382_/B2	0	0.5	frozen_count
net262	_4619_/A1	0	0.5	frozen_count
net262	_4634_/C2	0	0.5	frozen_count
net262	_4650_/B1	0	0.5	frozen_count
net262	place263/Z	0	0.5	frozen_count
net263	_2843_/A	0	0.5	frozen_count
net263	_2846_/B1	0	0.5	frozen_count
net263	_3350_/B2	0	0.5	frozen_count
net263	_3351_/B	0	0.5	frozen_count
net263	_3475_/A2	0	0.5	frozen_count
net263	_3476_/A2	0	0.5	frozen_count
net263	_3499_/A2	0	0.5	frozen_count
net263	_3669_/B	0	0.5	frozen_count
net263	_3709_/A1	0	0.5	frozen_count
net263	_3757_/A2	0	0.5	frozen_count
net263	_3949_/A	0	0.5	frozen_count
net263	_3951_/B2	0	0.5	frozen_count
net263	_4590_/B2	0	0.5	frozen_count
net263	_4741_/B2	0	0.5	frozen_count
net263	place264/Z	0	0.5	frozen_count
net264	_3889_/A1	0	0.5	frozen_count
net264	_4515_/B2	0	0.5	frozen_count
net264	_4522_/A1	0	0.5	frozen_count
net264	_4530_/B2	0	0.5	frozen_count
net264	_4534_/C2	0	0.5	frozen_count
net264	_4537_/C1	0	0.5	frozen_count
net264	_4558_/A1	0	0.5	frozen_count
net264	_4563_/C1	0	0.5	frozen_count
net264	_4565_/B1	0	0.5	frozen_count
net264	_4570_/C1	0	0.5	frozen_count
net264	place265/Z	0	0.5	frozen_count
net265	_3380_/S	0	0.5	frozen_count
net265	_3387_/S	0	0.5	frozen_count
net265	_3391_/A2	0	0.5	frozen_count
net265	_3392_/B1	0	0.5	frozen_count
net265	_3395_/S	0	0.5	frozen_count
net265	_3398_/S	0	0.5	frozen_count
net265	_3400_/S	0	0.5	frozen_count
net265	_3404_/S	0	0.5	frozen_count
net265	place266/Z	0	0.5	frozen_count
net266	_3285_/B1	0	0.5	frozen_count
net266	_3911_/B1	0	0.5	frozen_count
net266	_3921_/C1	0	0.5	frozen_count
net266	_3933_/C1	0	0.5	frozen_count
net266	_3944_/B1	0	0.5	frozen_count
net266	_3957_/C1	0	0.5	frozen_count
net266	_3977_/B1	0	0.5	frozen_count
net266	_3993_/B1	0	0.5	frozen_count
net266	_4007_/B1	0	0.5	frozen_count
net266	_4022_/B1	0	0.5	frozen_count
net266	_4036_/B1	0	0.5	frozen_count
net266	_4053_/B1	0	0.5	frozen_count
net266	_4355_/B1	0	0.5	frozen_count
net266	_4541_/B1	0	0.5	frozen_count
net266	_4575_/A2	0	0.5	frozen_count
net266	_4605_/B1	0	0.5	frozen_count
net266	_4621_/B1	0	0.5	frozen_count
net266	_4635_/B1	0	0.5	frozen_count
net266	place267/Z	0	0.5	frozen_count
net267	_3285_/C1	0	0.5	frozen_count
net267	_3911_/C1	0	0.5	frozen_count
net267	_3921_/B1	0	0.5	frozen_count
net267	_3933_/B1	0	0.5	frozen_count
net267	_3944_/C1	0	0.5	frozen_count
net267	_3957_/B1	0	0.5	frozen_count
net267	_3977_/C1	0	0.5	frozen_count
net267	_3993_/A2	0	0.5	frozen_count
net267	_4022_/A2	0	0.5	frozen_count
net267	_4053_/A2	0	0.5	frozen_count
net267	_4541_/A2	0	0.5	frozen_count
net267	_4577_/B1	0	0.5	frozen_count
net267	_4635_/C2	0	0.5	frozen_count
net267	_4651_/C2	0	0.5	frozen_count
net267	place268/Z	0	0.5	frozen_count
net268	_3273_/A1	0	0.5	frozen_count
net268	_3997_/C1	0	0.5	frozen_count
net268	_4012_/B2	0	0.5	frozen_count
net268	_4051_/A1	0	0.5	frozen_count
net268	_4135_/A1	0	0.5	frozen_count
net268	_4352_/B2	0	0.5	frozen_count
net268	_4544_/B2	0	0.5	frozen_count
net268	place269/Z	0	0.5	frozen_count
net269	_3863_/B2	0	0.5	frozen_count
net269	_3889_/B2	0	0.5	frozen_count
net269	_4107_/A	0	0.5	frozen_count
net269	_4530_/C1	0	0.5	frozen_count
net269	_4532_/A1	0	0.5	frozen_count
net269	_4556_/C1	0	0.5	frozen_count
net269	_4558_/B2	0	0.5	frozen_count
net269	_4565_/C2	0	0.5	frozen_count
net269	place270/Z	0	0.5	frozen_count
net27	_2311_/A	0	0.5	frozen_count
net27	_2895_/A	0	0.5	frozen_count
net27	input27/Z	0	0.5	frozen_count
net27	hold355/A	0	0.5	frozen_count
net270	_4529_/B1	0	0.5	frozen_count
net270	_4533_/B1	0	0.5	frozen_count
net270	_4536_/A2	0	0.5	frozen_count
net270	_4555_/B1	0	0.5	frozen_count
net270	_4559_/C2	0	0.5	frozen_count
net270	_4562_/A2	0	0.5	frozen_count
net270	_4569_/A2	0	0.5	frozen_count
net270	_4583_/A2	0	0.5	frozen_count
net270	_4586_/A2	0	0.5	frozen_count
net270	_4613_/A2	0	0.5	frozen_count
net270	_4629_/A2	0	0.5	frozen_count
net270	_4638_/B1	0	0.5	frozen_count
net270	_4646_/B1	0	0.5	frozen_count
net270	_4655_/B1	0	0.5	frozen_count
net270	place271/Z	0	0.5	frozen_count
net271	_3285_/A2	0	0.5	frozen_count
net271	_3911_/A2	0	0.5	frozen_count
net271	_3921_/A2	0	0.5	frozen_count
net271	_3933_/A2	0	0.5	frozen_count
net271	_3944_/A2	0	0.5	frozen_count
net271	_3957_/A2	0	0.5	frozen_count
net271	_3977_/A2	0	0.5	frozen_count
net271	_3999_/C2	0	0.5	frozen_count
net271	_4007_/A2	0	0.5	frozen_count
net271	_4036_/A2	0	0.5	frozen_count
net271	_4355_/A2	0	0.5	frozen_count
net271	_4367_/A2	0	0.5	frozen_count
net271	_4605_/A2	0	0.5	frozen_count
net271	_4621_/A2	0	0.5	frozen_count
net271	_4651_/B1	0	0.5	frozen_count
net271	place272/Z	0	0.5	frozen_count
net272	_3138_/A	0	0.5	frozen_count
net272	_4251_/C2	0	0.5	frozen_count
net272	_4258_/C1	0	0.5	frozen_count
net272	_4301_/C1	0	0.5	frozen_count
net272	_4318_/C2	0	0.5	frozen_count
net272	_4332_/B2	0	0.5	frozen_count
net272	place273/Z	0	0.5	frozen_count
net273	_3155_/B2	0	0.5	frozen_count
net273	_3166_/A1	0	0.5	frozen_count
net273	_3176_/A1	0	0.5	frozen_count
net273	_3196_/A1	0	0.5	frozen_count
net273	_3235_/A1	0	0.5	frozen_count
net273	_4249_/A1	0	0.5	frozen_count
net273	_4288_/A1	0	0.5	frozen_count
net273	_4317_/A1	0	0.5	frozen_count
net273	place274/Z	0	0.5	frozen_count
net274	_3035_/B1	0	0.5	frozen_count
net274	_3037_/B1	0	0.5	frozen_count
net274	_3387_/B	0	0.5	frozen_count
net274	_3532_/A2	0	0.5	frozen_count
net274	_3670_/B	0	0.5	frozen_count
net274	_3786_/C2	0	0.5	frozen_count
net274	_4344_/B2	0	0.5	frozen_count
net274	_4355_/B2	0	0.5	frozen_count
net274	_4503_/B	0	0.5	frozen_count
net274	_4541_/A1	0	0.5	frozen_count
net274	_4725_/B2	0	0.5	frozen_count
net274	place275/Z	0	0.5	frozen_count
net275	_3035_/A2	0	0.5	frozen_count
net275	_3037_/A2	0	0.5	frozen_count
net275	_3387_/A	0	0.5	frozen_count
net275	_3533_/A1	0	0.5	frozen_count
net275	_3555_/A1	0	0.5	frozen_count
net275	_3670_/A	0	0.5	frozen_count
net275	_3718_/A1	0	0.5	frozen_count
net275	_3719_/A3	0	0.5	frozen_count
net275	_3786_/C1	0	0.5	frozen_count
net275	_3999_/C1	0	0.5	frozen_count
net275	_4003_/C1	0	0.5	frozen_count
net275	_4298_/B2	0	0.5	frozen_count
net275	_4536_/A1	0	0.5	frozen_count
net275	place276/Z	0	0.5	frozen_count
net276	_3011_/A2	0	0.5	frozen_count
net276	_3381_/A	0	0.5	frozen_count
net276	_3674_/A1	0	0.5	frozen_count
net276	_3675_/A1	0	0.5	frozen_count
net276	_3676_/A	0	0.5	frozen_count
net276	_3716_/A1	0	0.5	frozen_count
net276	_3783_/B2	0	0.5	frozen_count
net276	_3785_/A1	0	0.5	frozen_count
net276	_4057_/A	0	0.5	frozen_count
net276	_4058_/B2	0	0.5	frozen_count
net276	_4555_/B2	0	0.5	frozen_count
net276	_4766_/B2	0	0.5	frozen_count
net276	place277/Z	0	0.5	frozen_count
net277	_2726_/A1	0	0.5	frozen_count
net277	_2741_/B2	0	0.5	frozen_count
net277	_2753_/A1	0	0.5	frozen_count
net277	_2766_/A1	0	0.5	frozen_count
net277	_2776_/A1	0	0.5	frozen_count
net277	_2792_/B2	0	0.5	frozen_count
net277	_2806_/A1	0	0.5	frozen_count
net277	_2920_/A1	0	0.5	frozen_count
net277	_2932_/B2	0	0.5	frozen_count
net277	_2998_/A1	0	0.5	frozen_count
net277	_3011_/A1	0	0.5	frozen_count
net277	_3023_/A1	0	0.5	frozen_count
net277	_3035_/A1	0	0.5	frozen_count
net277	_3050_/A1	0	0.5	frozen_count
net277	_3062_/A1	0	0.5	frozen_count
net277	place278/Z	0	0.5	frozen_count
net278	_2688_/B2	0	0.5	frozen_count
net278	_2699_/B2	0	0.5	frozen_count
net278	_2713_/A1	0	0.5	frozen_count
net278	_2819_/B2	0	0.5	frozen_count
net278	_2831_/A1	0	0.5	frozen_count
net278	_2844_/B2	0	0.5	frozen_count
net278	_2859_/B2	0	0.5	frozen_count
net278	_2869_/A1	0	0.5	frozen_count
net278	_2883_/A1	0	0.5	frozen_count
net278	_2896_/B2	0	0.5	frozen_count
net278	_2909_/B2	0	0.5	frozen_count
net278	_2946_/B1	0	0.5	frozen_count
net278	_2978_/A1	0	0.5	frozen_count
net278	_3183_/B2	0	0.5	frozen_count
net278	place278/A	0	0.5	frozen_count
net278	place279/Z	0	0.5	frozen_count
net279	_2807_/A	0	0.5	frozen_count
net279	_2820_/A	0	0.5	frozen_count
net279	_2832_/A	0	0.5	frozen_count
net279	_2845_/A	0	0.5	frozen_count
net279	_2860_/A	0	0.5	frozen_count
net279	_2870_/A	0	0.5	frozen_count
net279	_2884_/A	0	0.5	frozen_count
net279	_2897_/A	0	0.5	frozen_count
net279	_2910_/A	0	0.5	frozen_count
net279	_2923_/A	0	0.5	frozen_count
net279	_2933_/A	0	0.5	frozen_count
net279	_2949_/B	0	0.5	frozen_count
net279	_2979_/A	0	0.5	frozen_count
net279	_2999_/A	0	0.5	frozen_count
net279	_3012_/A	0	0.5	frozen_count
net279	_3024_/A	0	0.5	frozen_count
net279	_3036_/A	0	0.5	frozen_count
net279	_3051_/A	0	0.5	frozen_count
net279	_3063_/A	0	0.5	frozen_count
net279	place280/Z	0	0.5	frozen_count
net28	_2876_/A	0	0.5	frozen_count
net28	input28/Z	0	0.5	frozen_count
net28	hold349/A	0	0.5	frozen_count
net280	_2686_/A	0	0.5	frozen_count
net280	_2689_/A	0	0.5	frozen_count
net280	_2714_/A	0	0.5	frozen_count
net280	_2727_/A	0	0.5	frozen_count
net280	_2742_/A	0	0.5	frozen_count
net280	_2754_/A	0	0.5	frozen_count
net280	_2767_/A	0	0.5	frozen_count
net280	_2793_/A	0	0.5	frozen_count
net280	place280/A	0	0.5	frozen_count
net280	place281/Z	0	0.5	frozen_count
net281	_2683_/B1	0	0.5	frozen_count
net281	_2715_/A1	0	0.5	frozen_count
net281	_2730_/A1	0	0.5	frozen_count
net281	_2755_/A1	0	0.5	frozen_count
net281	_2768_/A1	0	0.5	frozen_count
net281	_2791_/B2	0	0.5	frozen_count
net281	_3025_/A1	0	0.5	frozen_count
net281	_3049_/A1	0	0.5	frozen_count
net281	place282/Z	0	0.5	frozen_count
net282	_2726_/B2	0	0.5	frozen_count
net282	_2740_/B2	0	0.5	frozen_count
net282	_2741_/A1	0	0.5	frozen_count
net282	_2753_/B2	0	0.5	frozen_count
net282	_2766_/B2	0	0.5	frozen_count
net282	_2776_/B2	0	0.5	frozen_count
net282	_2778_/A1	0	0.5	frozen_count
net282	_2792_/A1	0	0.5	frozen_count
net282	_2806_/B2	0	0.5	frozen_count
net282	_2819_/A1	0	0.5	frozen_count
net282	_2831_/B2	0	0.5	frozen_count
net282	_2844_/A1	0	0.5	frozen_count
net282	_2859_/A1	0	0.5	frozen_count
net282	_2869_/B2	0	0.5	frozen_count
net282	_2871_/A1	0	0.5	frozen_count
net282	_2883_/B2	0	0.5	frozen_count
net282	_2885_/A1	0	0.5	frozen_count
net282	_2896_/A1	0	0.5	frozen_count
net282	_2909_/A1	0	0.5	frozen_count
net282	_2920_/B2	0	0.5	frozen_count
net282	_2932_/A1	0	0.5	frozen_count
net282	_2978_/B2	0	0.5	frozen_count
net282	_2998_/B2	0	0.5	frozen_count
net282	_3011_/B2	0	0.5	frozen_count
net282	_3023_/B2	0	0.5	frozen_count
net282	_3035_/B2	0	0.5	frozen_count
net282	_3037_/A1	0	0.5	frozen_count
net282	_3050_/B2	0	0.5	frozen_count
net282	_3062_/B2	0	0.5	frozen_count
net282	place283/Z	0	0.5	frozen_count
net283	_2808_/B2	0	0.5	frozen_count
net283	_2818_/A1	0	0.5	frozen_count
net283	_2830_/B2	0	0.5	frozen_count
net283	_2846_/A1	0	0.5	frozen_count
net283	_2858_/A1	0	0.5	frozen_count
net283	_2886_/B2	0	0.5	frozen_count
net283	_2898_/A1	0	0.5	frozen_count
net283	_2980_/B2	0	0.5	frozen_count
net283	_2997_/B2	0	0.5	frozen_count
net283	_3010_/B2	0	0.5	frozen_count
net283	_3049_/B2	0	0.5	frozen_count
net283	_3061_/B2	0	0.5	frozen_count
net283	place284/Z	0	0.5	frozen_count
net284	_2678_/A1	0	0.5	frozen_count
net284	_2698_/A1	0	0.5	frozen_count
net284	_2729_/A1	0	0.5	frozen_count
net284	_2740_/A1	0	0.5	frozen_count
net284	_2778_/B2	0	0.5	frozen_count
net284	_3037_/B2	0	0.5	frozen_count
net284	_3185_/A1	0	0.5	frozen_count
net284	place285/Z	0	0.5	frozen_count
net285	_3296_/S	0	0.5	frozen_count
net285	_3297_/S	0	0.5	frozen_count
net285	_3298_/S	0	0.5	frozen_count
net285	_3299_/S	0	0.5	frozen_count
net285	_3304_/S	0	0.5	frozen_count
net285	_3305_/S	0	0.5	frozen_count
net285	_4497_/S	0	0.5	frozen_count
net285	_4498_/S	0	0.5	frozen_count
net285	_4499_/S	0	0.5	frozen_count
net285	_4500_/S	0	0.5	frozen_count
net285	_4501_/S	0	0.5	frozen_count
net285	_4502_/S	0	0.5	frozen_count
net285	_4503_/S	0	0.5	frozen_count
net285	_4504_/S	0	0.5	frozen_count
net285	_4509_/S	0	0.5	frozen_count
net285	_4510_/S	0	0.5	frozen_count
net285	place286/Z	0	0.5	frozen_count
net286	_3862_/B2	0	0.5	frozen_count
net286	_4511_/C2	0	0.5	frozen_count
net286	_4519_/C1	0	0.5	frozen_count
net286	_4551_/A1	0	0.5	frozen_count
net286	_4554_/A1	0	0.5	frozen_count
net286	_4583_/B1	0	0.5	frozen_count
net286	_4591_/C1	0	0.5	frozen_count
net286	_4610_/A1	0	0.5	frozen_count
net286	place287/Z	0	0.5	frozen_count
net287	_3319_/S	0	0.5	frozen_count
net287	_3320_/S	0	0.5	frozen_count
net287	_3420_/S	0	0.5	frozen_count
net287	_3423_/S	0	0.5	frozen_count
net287	_3424_/A2	0	0.5	frozen_count
net287	_3425_/B1	0	0.5	frozen_count
net287	_3426_/S	0	0.5	frozen_count
net287	_3427_/A2	0	0.5	frozen_count
net287	_3428_/B1	0	0.5	frozen_count
net287	_3430_/A2	0	0.5	frozen_count
net287	_3431_/B1	0	0.5	frozen_count
net287	_3432_/S	0	0.5	frozen_count
net287	_3440_/A2	0	0.5	frozen_count
net287	_3441_/B2	0	0.5	frozen_count
net287	_3449_/B2	0	0.5	frozen_count
net287	_3450_/S	0	0.5	frozen_count
net287	_3697_/A2	0	0.5	frozen_count
net287	place288/Z	0	0.5	frozen_count
net288	_3322_/S	0	0.5	frozen_count
net288	_3325_/S	0	0.5	frozen_count
net288	_3342_/A2	0	0.5	frozen_count
net288	_3343_/B1	0	0.5	frozen_count
net288	_3344_/S	0	0.5	frozen_count
net288	_3346_/S	0	0.5	frozen_count
net288	_3349_/A2	0	0.5	frozen_count
net288	_3350_/B1	0	0.5	frozen_count
net288	_3351_/S	0	0.5	frozen_count
net288	_3354_/S	0	0.5	frozen_count
net288	_3357_/S	0	0.5	frozen_count
net288	_3360_/S	0	0.5	frozen_count
net288	_3361_/S	0	0.5	frozen_count
net288	_3363_/S	0	0.5	frozen_count
net288	_3364_/S	0	0.5	frozen_count
net288	_3369_/S	0	0.5	frozen_count
net288	_3370_/S	0	0.5	frozen_count
net288	_3374_/S	0	0.5	frozen_count
net288	place289/Z	0	0.5	frozen_count
net289	_3742_/A2	0	0.5	frozen_count
net289	_3997_/C2	0	0.5	frozen_count
net289	_4006_/B2	0	0.5	frozen_count
net289	_4051_/A2	0	0.5	frozen_count
net289	_4131_/A1	0	0.5	frozen_count
net289	_4352_/B1	0	0.5	frozen_count
net289	_4547_/A	0	0.5	frozen_count
net289	place290/Z	0	0.5	frozen_count
net29	_2864_/B2	0	0.5	frozen_count
net29	_2865_/A	0	0.5	frozen_count
net29	input29/Z	0	0.5	frozen_count
net29	hold364/A	0	0.5	frozen_count
net290	_3161_/A2	0	0.5	frozen_count
net290	_3247_/A2	0	0.5	frozen_count
net290	_3840_/B2	0	0.5	frozen_count
net290	_3852_/B2	0	0.5	frozen_count
net290	_4511_/B1	0	0.5	frozen_count
net290	_4514_/B1	0	0.5	frozen_count
net290	_4523_/B2	0	0.5	frozen_count
net290	_4526_/B1	0	0.5	frozen_count
net290	_4536_/B1	0	0.5	frozen_count
net290	_4551_/B2	0	0.5	frozen_count
net290	_4562_/B1	0	0.5	frozen_count
net290	_4569_/B1	0	0.5	frozen_count
net290	_4583_/C2	0	0.5	frozen_count
net290	_4586_/B1	0	0.5	frozen_count
net290	_4589_/A1	0	0.5	frozen_count
net290	_4595_/C2	0	0.5	frozen_count
net290	_4610_/B2	0	0.5	frozen_count
net290	_4613_/B1	0	0.5	frozen_count
net290	_4629_/B1	0	0.5	frozen_count
net290	_4655_/B2	0	0.5	frozen_count
net290	place291/Z	0	0.5	frozen_count
net291	_3060_/A	0	0.5	frozen_count
net291	_3062_/B1	0	0.5	frozen_count
net291	_3298_/B	0	0.5	frozen_count
net291	_3374_/B	0	0.5	frozen_count
net291	_3464_/A2	0	0.5	frozen_count
net291	_3518_/A2	0	0.5	frozen_count
net291	_3753_/B1	0	0.5	frozen_count
net291	_3921_/C2	0	0.5	frozen_count
net291	_3957_/B2	0	0.5	frozen_count
net291	_4734_/A1	0	0.5	frozen_count
net291	_4796_/B2	0	0.5	frozen_count
net291	place292/Z	0	0.5	frozen_count
net292	_3048_/A	0	0.5	frozen_count
net292	_3050_/B1	0	0.5	frozen_count
net292	_3304_/B	0	0.5	frozen_count
net292	_3384_/A	0	0.5	frozen_count
net292	_3543_/A2	0	0.5	frozen_count
net292	_3645_/B	0	0.5	frozen_count
net292	_3786_/B	0	0.5	frozen_count
net292	_3990_/B1	0	0.5	frozen_count
net292	_3993_/B2	0	0.5	frozen_count
net292	_4053_/A1	0	0.5	frozen_count
net292	_4298_/A1	0	0.5	frozen_count
net292	_4765_/A1	0	0.5	frozen_count
net292	place293/Z	0	0.5	frozen_count
net293	_3009_/A	0	0.5	frozen_count
net293	_3305_/B	0	0.5	frozen_count
net293	_3381_/B	0	0.5	frozen_count
net293	_3463_/A2	0	0.5	frozen_count
net293	_3544_/A2	0	0.5	frozen_count
net293	_3674_/A2	0	0.5	frozen_count
net293	_3675_/A2	0	0.5	frozen_count
net293	_3783_/B1	0	0.5	frozen_count
net293	_3785_/A2	0	0.5	frozen_count
net293	_3921_/B2	0	0.5	frozen_count
net293	_4541_/B2	0	0.5	frozen_count
net293	_4545_/C2	0	0.5	frozen_count
net293	_4547_/C2	0	0.5	frozen_count
net293	_4725_/C1	0	0.5	frozen_count
net293	_4796_/A1	0	0.5	frozen_count
net293	place294/Z	0	0.5	frozen_count
net294	_2996_/A	0	0.5	frozen_count
net294	_2998_/B1	0	0.5	frozen_count
net294	_3299_/B	0	0.5	frozen_count
net294	_3370_/A	0	0.5	frozen_count
net294	_3517_/A2	0	0.5	frozen_count
net294	_3526_/A2	0	0.5	frozen_count
net294	_3672_/A2	0	0.5	frozen_count
net294	_3988_/C2	0	0.5	frozen_count
net294	_4022_/A1	0	0.5	frozen_count
net294	_4053_/B2	0	0.5	frozen_count
net294	_4716_/A1	0	0.5	frozen_count
net294	_4765_/B2	0	0.5	frozen_count
net294	place295/Z	0	0.5	frozen_count
net295	_2977_/A	0	0.5	frozen_count
net295	_2978_/B1	0	0.5	frozen_count
net295	_3297_/B	0	0.5	frozen_count
net295	_3361_/A	0	0.5	frozen_count
net295	_3468_/A2	0	0.5	frozen_count
net295	_3470_/A2	0	0.5	frozen_count
net295	_3750_/A2	0	0.5	frozen_count
net295	_3754_/A2	0	0.5	frozen_count
net295	_3933_/B2	0	0.5	frozen_count
net295	_3957_/C2	0	0.5	frozen_count
net295	_4032_/B	0	0.5	frozen_count
net295	_4734_/B2	0	0.5	frozen_count
net295	_4749_/A1	0	0.5	frozen_count
net295	place296/Z	0	0.5	frozen_count
net296	_2869_/B1	0	0.5	frozen_count
net296	_2871_/B1	0	0.5	frozen_count
net296	_3302_/B	0	0.5	frozen_count
net296	_3343_/B2	0	0.5	frozen_count
net296	_3344_/A	0	0.5	frozen_count
net296	_3479_/A2	0	0.5	frozen_count
net296	_3493_/C2	0	0.5	frozen_count
net296	_3494_/A2	0	0.5	frozen_count
net296	_3677_/A2	0	0.5	frozen_count
net296	_3911_/B2	0	0.5	frozen_count
net296	_3977_/C2	0	0.5	frozen_count
net296	_4285_/A1	0	0.5	frozen_count
net296	_4755_/A1	0	0.5	frozen_count
net296	place297/Z	0	0.5	frozen_count
net297	_2839_/A	0	0.5	frozen_count
net297	_2844_/A2	0	0.5	frozen_count
net297	_3349_/A1	0	0.5	frozen_count
net297	_3475_/A1	0	0.5	frozen_count
net297	_3476_/A1	0	0.5	frozen_count
net297	_3499_/A1	0	0.5	frozen_count
net297	_3668_/A1	0	0.5	frozen_count
net297	_3669_/A	0	0.5	frozen_count
net297	_3911_/C2	0	0.5	frozen_count
net297	_3930_/B2	0	0.5	frozen_count
net297	_4007_/B2	0	0.5	frozen_count
net297	_4315_/B2	0	0.5	frozen_count
net297	_4506_/B	0	0.5	frozen_count
net297	_4756_/B1	0	0.5	frozen_count
net297	place298/Z	0	0.5	frozen_count
net298	_2829_/A	0	0.5	frozen_count
net298	_2831_/B1	0	0.5	frozen_count
net298	_3354_/B	0	0.5	frozen_count
net298	_3474_/A2	0	0.5	frozen_count
net298	_3602_/C2	0	0.5	frozen_count
net298	_3650_/A2	0	0.5	frozen_count
net298	_3651_/A2	0	0.5	frozen_count
net298	_3933_/C2	0	0.5	frozen_count
net298	_3944_/C2	0	0.5	frozen_count
net298	_4505_/B	0	0.5	frozen_count
net298	_4740_/A1	0	0.5	frozen_count
net298	_4749_/B2	0	0.5	frozen_count
net298	place299/Z	0	0.5	frozen_count
net299	_2814_/A	0	0.5	frozen_count
net299	_2819_/A2	0	0.5	frozen_count
net299	_3363_/B	0	0.5	frozen_count
net299	_3471_/A1	0	0.5	frozen_count
net299	_3473_/A1	0	0.5	frozen_count
net299	_3503_/B2	0	0.5	frozen_count
net299	_3756_/A1	0	0.5	frozen_count
net299	_3758_/C1	0	0.5	frozen_count
net299	_3929_/A	0	0.5	frozen_count
net299	_4036_/B2	0	0.5	frozen_count
net299	_4315_/A1	0	0.5	frozen_count
net299	_4504_/B	0	0.5	frozen_count
net299	_4778_/C1	0	0.5	frozen_count
net299	place300/Z	0	0.5	frozen_count
net3	_2971_/A1	0	0.5	frozen_count
net3	_2973_/A	0	0.5	frozen_count
net3	input3/Z	0	0.5	frozen_count
net3	hold417/A	0	0.5	frozen_count
net30	_2854_/A1	0	0.5	frozen_count
net30	_2856_/B2	0	0.5	frozen_count
net30	input30/Z	0	0.5	frozen_count
net30	hold361/A	0	0.5	frozen_count
net300	_2626_/A3	0	0.5	frozen_count
net300	_2628_/A2	0	0.5	frozen_count
net300	_2685_/C1	0	0.5	frozen_count
net300	_3142_/A2	0	0.5	frozen_count
net300	_3148_/A1	0	0.5	frozen_count
net300	_3159_/A3	0	0.5	frozen_count
net300	_3248_/A1	0	0.5	frozen_count
net300	_3253_/B2	0	0.5	frozen_count
net300	_3268_/A3	0	0.5	frozen_count
net300	_3270_/A2	0	0.5	frozen_count
net300	_3316_/A2	0	0.5	frozen_count
net300	_3448_/A1	0	0.5	frozen_count
net300	_3696_/B2	0	0.5	frozen_count
net300	_3821_/A3	0	0.5	frozen_count
net300	place301/Z	0	0.5	frozen_count
net301	_2426_/A2	0	0.5	frozen_count
net301	_2511_/A2	0	0.5	frozen_count
net301	_2552_/A2	0	0.5	frozen_count
net301	_2596_/A2	0	0.5	frozen_count
net301	_3055_/B1	0	0.5	frozen_count
net301	_3056_/B	0	0.5	frozen_count
net301	_3901_/B	0	0.5	frozen_count
net301	_4149_/B	0	0.5	frozen_count
net301	_4152_/B2	0	0.5	frozen_count
net301	place302/Z	0	0.5	frozen_count
net302	_2416_/A2	0	0.5	frozen_count
net302	_2515_/A2	0	0.5	frozen_count
net302	_2600_/B1	0	0.5	frozen_count
net302	_2602_/B1	0	0.5	frozen_count
net302	_3002_/A2	0	0.5	frozen_count
net302	_3005_/B1	0	0.5	frozen_count
net302	_4689_/B	0	0.5	frozen_count
net302	_4691_/B	0	0.5	frozen_count
net302	_4699_/C1	0	0.5	frozen_count
net302	place303/Z	0	0.5	frozen_count
net303	_2360_/A3	0	0.5	frozen_count
net303	_2404_/B2	0	0.5	frozen_count
net303	_2619_/B1	0	0.5	frozen_count
net303	_2679_/A1	0	0.5	frozen_count
net303	_2680_/A1	0	0.5	frozen_count
net303	_2685_/A	0	0.5	frozen_count
net303	_2687_/A1	0	0.5	frozen_count
net303	_2946_/A2	0	0.5	frozen_count
net303	_2947_/A2	0	0.5	frozen_count
net303	_3102_/A2	0	0.5	frozen_count
net303	_3103_/A2	0	0.5	frozen_count
net303	_3137_/B2	0	0.5	frozen_count
net303	_3310_/A1	0	0.5	frozen_count
net303	_3704_/C2	0	0.5	frozen_count
net303	place304/Z	0	0.5	frozen_count
net304	_3447_/A	0	0.5	frozen_count
net304	_3448_/A3	0	0.5	frozen_count
net304	_3572_/B1	0	0.5	frozen_count
net304	_3574_/A2	0	0.5	frozen_count
net304	_3620_/A2	0	0.5	frozen_count
net304	_3621_/B2	0	0.5	frozen_count
net304	place305/Z	0	0.5	frozen_count
net305	_3314_/A	0	0.5	frozen_count
net305	_3319_/B	0	0.5	frozen_count
net305	_3448_/A2	0	0.5	frozen_count
net305	_3572_/B2	0	0.5	frozen_count
net305	_3573_/C1	0	0.5	frozen_count
net305	_3575_/B2	0	0.5	frozen_count
net305	_3615_/B2	0	0.5	frozen_count
net305	_3622_/A1	0	0.5	frozen_count
net305	place306/Z	0	0.5	frozen_count
net306	_2546_/B	0	0.5	frozen_count
net306	_2620_/C1	0	0.5	frozen_count
net306	_2626_/A2	0	0.5	frozen_count
net306	_2627_/A1	0	0.5	frozen_count
net306	_2790_/B	0	0.5	frozen_count
net306	_3142_/A1	0	0.5	frozen_count
net306	_3147_/A1	0	0.5	frozen_count
net306	_3161_/A1	0	0.5	frozen_count
net306	_3246_/A1	0	0.5	frozen_count
net306	_3272_/A2	0	0.5	frozen_count
net306	_3696_/C1	0	0.5	frozen_count
net306	_3697_/A1	0	0.5	frozen_count
net306	_3821_/A2	0	0.5	frozen_count
net306	_4109_/A1	0	0.5	frozen_count
net306	_4688_/B	0	0.5	frozen_count
net306	place307/Z	0	0.5	frozen_count
net307	_2607_/B	0	0.5	frozen_count
net307	_2628_/A1	0	0.5	frozen_count
net307	_2630_/B2	0	0.5	frozen_count
net307	_2788_/A2	0	0.5	frozen_count
net307	_3143_/A1	0	0.5	frozen_count
net307	_3146_/A1	0	0.5	frozen_count
net307	_3160_/A1	0	0.5	frozen_count
net307	_3247_/A1	0	0.5	frozen_count
net307	_3268_/A2	0	0.5	frozen_count
net307	_3271_/A2	0	0.5	frozen_count
net307	_3624_/A	0	0.5	frozen_count
net307	_3820_/A2	0	0.5	frozen_count
net307	place308/Z	0	0.5	frozen_count
net308	_2537_/A	0	0.5	frozen_count
net308	_2606_/A	0	0.5	frozen_count
net308	_2611_/B1	0	0.5	frozen_count
net308	_2612_/B1	0	0.5	frozen_count
net308	_3017_/B	0	0.5	frozen_count
net308	_3904_/B	0	0.5	frozen_count
net308	_3906_/B1	0	0.5	frozen_count
net308	place309/Z	0	0.5	frozen_count
net309	_2435_/A2	0	0.5	frozen_count
net309	_2436_/A2	0	0.5	frozen_count
net309	_2590_/B1	0	0.5	frozen_count
net309	_2591_/A2	0	0.5	frozen_count
net309	_2972_/B1	0	0.5	frozen_count
net309	_2973_/B	0	0.5	frozen_count
net309	_4162_/B1	0	0.5	frozen_count
net309	_4163_/B	0	0.5	frozen_count
net309	_4165_/B	0	0.5	frozen_count
net309	_4168_/B2	0	0.5	frozen_count
net309	place310/Z	0	0.5	frozen_count
net31	_2842_/B2	0	0.5	frozen_count
net31	input31/Z	0	0.5	frozen_count
net31	hold352/A	0	0.5	frozen_count
net310	_2429_/A	0	0.5	frozen_count
net310	_2430_/A2	0	0.5	frozen_count
net310	_2431_/A2	0	0.5	frozen_count
net310	_2554_/A2	0	0.5	frozen_count
net310	_2593_/B1	0	0.5	frozen_count
net310	_2595_/A2	0	0.5	frozen_count
net310	_2799_/B	0	0.5	frozen_count
net310	_4154_/B	0	0.5	frozen_count
net310	_4158_/B	0	0.5	frozen_count
net310	place311/Z	0	0.5	frozen_count
net311	_2401_/A2	0	0.5	frozen_count
net311	_2629_/A1	0	0.5	frozen_count
net311	_3140_/A2	0	0.5	frozen_count
net311	_3158_/A2	0	0.5	frozen_count
net311	_3251_/A1	0	0.5	frozen_count
net311	_3272_/A1	0	0.5	frozen_count
net311	_3316_/A1	0	0.5	frozen_count
net311	_3577_/A1	0	0.5	frozen_count
net311	_3820_/A1	0	0.5	frozen_count
net311	place312/Z	0	0.5	frozen_count
net312	_2400_/A2	0	0.5	frozen_count
net312	_2684_/A2	0	0.5	frozen_count
net312	_3141_/A2	0	0.5	frozen_count
net312	_3159_/A2	0	0.5	frozen_count
net312	_3250_/A1	0	0.5	frozen_count
net312	_3271_/A1	0	0.5	frozen_count
net312	_3315_/A1	0	0.5	frozen_count
net312	_3449_/C1	0	0.5	frozen_count
net312	_3701_/C1	0	0.5	frozen_count
net312	_3821_/A1	0	0.5	frozen_count
net312	place313/Z	0	0.5	frozen_count
net313	_2676_/C1	0	0.5	frozen_count
net313	_2694_/C1	0	0.5	frozen_count
net313	_2709_/A2	0	0.5	frozen_count
net313	_2723_/B1	0	0.5	frozen_count
net313	_2735_/C1	0	0.5	frozen_count
net313	_2750_/C1	0	0.5	frozen_count
net313	_2763_/B1	0	0.5	frozen_count
net313	_2773_/C1	0	0.5	frozen_count
net313	_2785_/B1	0	0.5	frozen_count
net313	_2803_/B1	0	0.5	frozen_count
net313	_2994_/B1	0	0.5	frozen_count
net313	_3007_/B1	0	0.5	frozen_count
net313	_3020_/B1	0	0.5	frozen_count
net313	_3032_/C1	0	0.5	frozen_count
net313	_3046_/C1	0	0.5	frozen_count
net313	_3058_/B1	0	0.5	frozen_count
net313	_3133_/B1	0	0.5	frozen_count
net313	_3188_/C1	0	0.5	frozen_count
net313	_3313_/C1	0	0.5	frozen_count
net313	_3446_/C1	0	0.5	frozen_count
net313	place314/Z	0	0.5	frozen_count
net314	_2676_/B1	0	0.5	frozen_count
net314	_2694_/B1	0	0.5	frozen_count
net314	_2708_/A2	0	0.5	frozen_count
net314	_2723_/A2	0	0.5	frozen_count
net314	_2735_/B1	0	0.5	frozen_count
net314	_2750_/B1	0	0.5	frozen_count
net314	_2763_/A2	0	0.5	frozen_count
net314	_2773_/B1	0	0.5	frozen_count
net314	_2785_/A2	0	0.5	frozen_count
net314	_2802_/B1	0	0.5	frozen_count
net314	_2994_/C1	0	0.5	frozen_count
net314	_3007_/A2	0	0.5	frozen_count
net314	_3020_/C1	0	0.5	frozen_count
net314	_3032_/B1	0	0.5	frozen_count
net314	_3046_/B1	0	0.5	frozen_count
net314	_3058_/C1	0	0.5	frozen_count
net314	_3188_/B1	0	0.5	frozen_count
net314	_3313_/B1	0	0.5	frozen_count
net314	_3446_/B1	0	0.5	frozen_count
net314	place315/Z	0	0.5	frozen_count
net315	_2676_/A2	0	0.5	frozen_count
net315	_2694_/A2	0	0.5	frozen_count
net315	_2710_/A2	0	0.5	frozen_count
net315	_2724_/A2	0	0.5	frozen_count
net315	_2735_/A2	0	0.5	frozen_count
net315	_2750_/A2	0	0.5	frozen_count
net315	_3133_/A2	0	0.5	frozen_count
net315	_3188_/A2	0	0.5	frozen_count
net315	_3313_/A2	0	0.5	frozen_count
net315	_3446_/A2	0	0.5	frozen_count
net315	place316/Z	0	0.5	frozen_count
net316	_2803_/A2	0	0.5	frozen_count
net316	_2812_/A2	0	0.5	frozen_count
net316	_2827_/A2	0	0.5	frozen_count
net316	_2836_/A2	0	0.5	frozen_count
net316	_2851_/A2	0	0.5	frozen_count
net316	_2867_/A2	0	0.5	frozen_count
net316	_2880_/A2	0	0.5	frozen_count
net316	_2975_/A2	0	0.5	frozen_count
net316	_2994_/A2	0	0.5	frozen_count
net316	_3058_/A2	0	0.5	frozen_count
net316	place317/Z	0	0.5	frozen_count
net317	_2677_/B2	0	0.5	frozen_count
net317	_2695_/B2	0	0.5	frozen_count
net317	_2736_/B2	0	0.5	frozen_count
net317	_2751_/B2	0	0.5	frozen_count
net317	_2774_/B2	0	0.5	frozen_count
net317	_2801_/A1	0	0.5	frozen_count
net317	_2995_/B2	0	0.5	frozen_count
net317	_3008_/B2	0	0.5	frozen_count
net317	_3021_/B2	0	0.5	frozen_count
net317	_3033_/B2	0	0.5	frozen_count
net317	_3047_/B2	0	0.5	frozen_count
net317	_3059_/B2	0	0.5	frozen_count
net317	_3134_/B2	0	0.5	frozen_count
net317	_3189_/B2	0	0.5	frozen_count
net317	place318/Z	0	0.5	frozen_count
net318	_2707_/A1	0	0.5	frozen_count
net318	_2724_/B2	0	0.5	frozen_count
net318	_2761_/A1	0	0.5	frozen_count
net318	_2783_/A1	0	0.5	frozen_count
net318	_2851_/B2	0	0.5	frozen_count
net318	_2879_/A1	0	0.5	frozen_count
net318	_2916_/A2	0	0.5	frozen_count
net318	place319/Z	0	0.5	frozen_count
net319	_2505_/A2	0	0.5	frozen_count
net319	_2506_/A2	0	0.5	frozen_count
net319	_2555_/A2	0	0.5	frozen_count
net319	_2588_/B1	0	0.5	frozen_count
net319	_2815_/A2	0	0.5	frozen_count
net319	_2817_/B	0	0.5	frozen_count
net319	_4170_/B	0	0.5	frozen_count
net319	_4172_/B	0	0.5	frozen_count
net319	_4175_/B2	0	0.5	frozen_count
net319	_4414_/B	0	0.5	frozen_count
net319	place320/Z	0	0.5	frozen_count
net32	_2824_/B2	0	0.5	frozen_count
net32	_2825_/A	0	0.5	frozen_count
net32	input32/Z	0	0.5	frozen_count
net32	hold409/A	0	0.5	frozen_count
net320	_2440_/A2	0	0.5	frozen_count
net320	_2441_/A2	0	0.5	frozen_count
net320	_2556_/A2	0	0.5	frozen_count
net320	_2557_/A2	0	0.5	frozen_count
net320	_2823_/A2	0	0.5	frozen_count
net320	_2825_/B	0	0.5	frozen_count
net320	_4177_/B	0	0.5	frozen_count
net320	_4179_/B	0	0.5	frozen_count
net320	_4182_/B1	0	0.5	frozen_count
net320	_4413_/B	0	0.5	frozen_count
net320	place321/Z	0	0.5	frozen_count
net321	_2419_/A2	0	0.5	frozen_count
net321	_2420_/A2	0	0.5	frozen_count
net321	_2597_/B1	0	0.5	frozen_count
net321	_2599_/A2	0	0.5	frozen_count
net321	_2990_/A2	0	0.5	frozen_count
net321	_2992_/B	0	0.5	frozen_count
net321	_4078_/B	0	0.5	frozen_count
net321	_4080_/B	0	0.5	frozen_count
net321	_4082_/B1	0	0.5	frozen_count
net321	_4692_/B1	0	0.5	frozen_count
net321	place322/Z	0	0.5	frozen_count
net322	_2387_/A2	0	0.5	frozen_count
net322	_2402_/A1	0	0.5	frozen_count
net322	_2681_/A2	0	0.5	frozen_count
net322	_2682_/A2	0	0.5	frozen_count
net322	_2696_/A2	0	0.5	frozen_count
net322	_2697_/A2	0	0.5	frozen_count
net322	_2704_/A2	0	0.5	frozen_count
net322	_2705_/A2	0	0.5	frozen_count
net322	_2720_/A2	0	0.5	frozen_count
net322	_2721_/A2	0	0.5	frozen_count
net322	_2738_/A2	0	0.5	frozen_count
net322	_2739_/A2	0	0.5	frozen_count
net322	_2746_/A2	0	0.5	frozen_count
net322	_2747_/A2	0	0.5	frozen_count
net322	_2758_/A2	0	0.5	frozen_count
net322	_2759_/A2	0	0.5	frozen_count
net322	_2770_/A2	0	0.5	frozen_count
net322	_2771_/A2	0	0.5	frozen_count
net322	_2788_/A1	0	0.5	frozen_count
net322	_2789_/B1	0	0.5	frozen_count
net322	_3181_/A2	0	0.5	frozen_count
net322	_3182_/A2	0	0.5	frozen_count
net322	_3318_/A2	0	0.5	frozen_count
net322	_3437_/A2	0	0.5	frozen_count
net322	_3444_/A2	0	0.5	frozen_count
net322	_3445_/A2	0	0.5	frozen_count
net322	_3731_/B1	0	0.5	frozen_count
net322	place323/Z	0	0.5	frozen_count
net323	_2799_/S	0	0.5	frozen_count
net323	_2815_/A1	0	0.5	frozen_count
net323	_2817_/S	0	0.5	frozen_count
net323	_2823_/A1	0	0.5	frozen_count
net323	_2825_/S	0	0.5	frozen_count
net323	_2930_/S	0	0.5	frozen_count
net323	_2931_/S	0	0.5	frozen_count
net323	_2941_/A2	0	0.5	frozen_count
net323	_2972_/B2	0	0.5	frozen_count
net323	_2973_/S	0	0.5	frozen_count
net323	_2990_/A1	0	0.5	frozen_count
net323	_2992_/S	0	0.5	frozen_count
net323	_3017_/S	0	0.5	frozen_count
net323	_3044_/S	0	0.5	frozen_count
net323	_3055_/B2	0	0.5	frozen_count
net323	_3056_/S	0	0.5	frozen_count
net323	place324/Z	0	0.5	frozen_count
net324	_2384_/A2	0	0.5	frozen_count
net324	_2385_/A4	0	0.5	frozen_count
net324	_2386_/A4	0	0.5	frozen_count
net324	_2406_/A2	0	0.5	frozen_count
net324	_2407_/A2	0	0.5	frozen_count
net324	place325/Z	0	0.5	frozen_count
net325	_3308_/B1	0	0.5	frozen_count
net325	_4394_/B1	0	0.5	frozen_count
net325	_4397_/C1	0	0.5	frozen_count
net325	_4400_/B1	0	0.5	frozen_count
net325	_4404_/C1	0	0.5	frozen_count
net325	_4407_/B1	0	0.5	frozen_count
net325	_4411_/B2	0	0.5	frozen_count
net325	_4443_/B2	0	0.5	frozen_count
net325	_4446_/B2	0	0.5	frozen_count
net325	_4449_/B1	0	0.5	frozen_count
net325	_4451_/C1	0	0.5	frozen_count
net325	_4454_/B2	0	0.5	frozen_count
net325	_4458_/B2	0	0.5	frozen_count
net325	_4685_/B2	0	0.5	frozen_count
net325	place326/Z	0	0.5	frozen_count
net326	_4392_/A	0	0.5	frozen_count
net326	_4399_/A3	0	0.5	frozen_count
net326	_4410_/A2	0	0.5	frozen_count
net326	_4417_/A	0	0.5	frozen_count
net326	_4421_/A2	0	0.5	frozen_count
net326	_4427_/A2	0	0.5	frozen_count
net326	_4433_/A2	0	0.5	frozen_count
net326	_4437_/B2	0	0.5	frozen_count
net326	_4439_/A	0	0.5	frozen_count
net326	_4445_/B	0	0.5	frozen_count
net326	_4451_/B2	0	0.5	frozen_count
net326	place327/Z	0	0.5	frozen_count
net327	_2327_/A2	0	0.5	frozen_count
net327	_2330_/A3	0	0.5	frozen_count
net327	_2331_/A3	0	0.5	frozen_count
net327	_2438_/B1	0	0.5	frozen_count
net327	_2442_/A2	0	0.5	frozen_count
net327	_4409_/A2	0	0.5	frozen_count
net327	place328/Z	0	0.5	frozen_count
net328	_4196_/A1	0	0.5	frozen_count
net328	_4200_/A1	0	0.5	frozen_count
net328	_4207_/A1	0	0.5	frozen_count
net328	_4215_/A1	0	0.5	frozen_count
net328	_4233_/A1	0	0.5	frozen_count
net328	_4289_/A1	0	0.5	frozen_count
net328	_4394_/C1	0	0.5	frozen_count
net328	_4397_/A1	0	0.5	frozen_count
net328	_4400_/A1	0	0.5	frozen_count
net328	_4404_/A1	0	0.5	frozen_count
net328	_4407_/C1	0	0.5	frozen_count
net328	_4411_/A1	0	0.5	frozen_count
net328	_4415_/A1	0	0.5	frozen_count
net328	_4416_/B2	0	0.5	frozen_count
net328	_4419_/C1	0	0.5	frozen_count
net328	_4710_/C1	0	0.5	frozen_count
net328	place329/Z	0	0.5	frozen_count
net329	U_SCAN_0243/D	0	0.5	frozen_count
net329	_3306_/A2	0	0.5	frozen_count
net329	_4167_/A1	0	0.5	frozen_count
net329	_4181_/A2	0	0.5	frozen_count
net329	_4182_/A2	0	0.5	frozen_count
net329	_4189_/A1	0	0.5	frozen_count
net329	_4220_/A1	0	0.5	frozen_count
net329	_4423_/C1	0	0.5	frozen_count
net329	_4425_/A1	0	0.5	frozen_count
net329	_4426_/B2	0	0.5	frozen_count
net329	_4429_/B2	0	0.5	frozen_count
net329	_4431_/A1	0	0.5	frozen_count
net329	_4432_/B2	0	0.5	frozen_count
net329	_4435_/C1	0	0.5	frozen_count
net329	_4437_/A1	0	0.5	frozen_count
net329	_4451_/A1	0	0.5	frozen_count
net329	_4454_/A1	0	0.5	frozen_count
net329	_4458_/A1	0	0.5	frozen_count
net329	_4685_/A1	0	0.5	frozen_count
net329	_4756_/A1	0	0.5	frozen_count
net329	place329/A	0	0.5	frozen_count
net329	place330/Z	0	0.5	frozen_count
net33	input33/Z	0	0.5	frozen_count
net33	place335/A	0	0.5	frozen_count
net33	place340/A	0	0.5	frozen_count
net33	place342/A	0	0.5	frozen_count
net33	hold403/A	0	0.5	frozen_count
net330	_3906_/A1	0	0.5	frozen_count
net330	_3970_/A1	0	0.5	frozen_count
net330	_4067_/A2	0	0.5	frozen_count
net330	_4068_/A2	0	0.5	frozen_count
net330	_4072_/A1	0	0.5	frozen_count
net330	_4250_/A1	0	0.5	frozen_count
net330	_4281_/A1	0	0.5	frozen_count
net330	_4308_/A1	0	0.5	frozen_count
net330	_4324_/C1	0	0.5	frozen_count
net330	_4347_/A1	0	0.5	frozen_count
net330	_4698_/C1	0	0.5	frozen_count
net330	_4766_/C1	0	0.5	frozen_count
net330	_4797_/C1	0	0.5	frozen_count
net330	place331/Z	0	0.5	frozen_count
net331	_3228_/A2	0	0.5	frozen_count
net331	_3233_/B2	0	0.5	frozen_count
net331	_3307_/S	0	0.5	frozen_count
net331	_3901_/S	0	0.5	frozen_count
net331	_4241_/C1	0	0.5	frozen_count
net331	_4402_/S	0	0.5	frozen_count
net331	_4406_/A1	0	0.5	frozen_count
net331	_4413_/S	0	0.5	frozen_count
net331	_4414_/S	0	0.5	frozen_count
net331	_4460_/S	0	0.5	frozen_count
net331	place332/Z	0	0.5	frozen_count
net332	_2279_/A	0	0.5	frozen_count
net332	_2360_/A1	0	0.5	frozen_count
net332	_2403_/A1	0	0.5	frozen_count
net332	_3137_/A	0	0.5	frozen_count
net332	_3702_/A	0	0.5	frozen_count
net332	_3704_/A	0	0.5	frozen_count
net332	_4684_/A2	0	0.5	frozen_count
net332	_4687_/S	0	0.5	frozen_count
net332	_4688_/S	0	0.5	frozen_count
net332	place333/Z	0	0.5	frozen_count
net333	_2394_/A	0	0.5	frozen_count
net333	_2412_/A1	0	0.5	frozen_count
net333	_2417_/A1	0	0.5	frozen_count
net333	_2427_/A1	0	0.5	frozen_count
net333	_2433_/A	0	0.5	frozen_count
net333	_2434_/B2	0	0.5	frozen_count
net333	_2437_/A	0	0.5	frozen_count
net333	_2439_/A1	0	0.5	frozen_count
net333	_2526_/A1	0	0.5	frozen_count
net333	_2531_/B2	0	0.5	frozen_count
net333	_2623_/A1	0	0.5	frozen_count
net333	_2625_/S	0	0.5	frozen_count
net333	_3228_/A1	0	0.5	frozen_count
net333	_3306_/A1	0	0.5	frozen_count
net333	place334/Z	0	0.5	frozen_count
net334	U_SCAN_0055/SE	0	0.5	frozen_count
net334	U_SCAN_0056/SE	0	0.5	frozen_count
net334	U_SCAN_0057/SE	0	0.5	frozen_count
net334	U_SCAN_0058/SE	0	0.5	frozen_count
net334	U_SCAN_0059/SE	0	0.5	frozen_count
net334	U_SCAN_0060/SE	0	0.5	frozen_count
net334	U_SCAN_0061/SE	0	0.5	frozen_count
net334	U_SCAN_0062/SE	0	0.5	frozen_count
net334	U_SCAN_0063/SE	0	0.5	frozen_count
net334	U_SCAN_0064/SE	0	0.5	frozen_count
net334	U_SCAN_0065/SE	0	0.5	frozen_count
net334	U_SCAN_0066/SE	0	0.5	frozen_count
net334	U_SCAN_0067/SE	0	0.5	frozen_count
net334	U_SCAN_0068/SE	0	0.5	frozen_count
net334	U_SCAN_0069/SE	0	0.5	frozen_count
net334	U_SCAN_0070/SE	0	0.5	frozen_count
net334	U_SCAN_0071/SE	0	0.5	frozen_count
net334	U_SCAN_0072/SE	0	0.5	frozen_count
net334	U_SCAN_0073/SE	0	0.5	frozen_count
net334	U_SCAN_0074/SE	0	0.5	frozen_count
net334	U_SCAN_0075/SE	0	0.5	frozen_count
net334	U_SCAN_0076/SE	0	0.5	frozen_count
net334	U_SCAN_0077/SE	0	0.5	frozen_count
net334	U_SCAN_0078/SE	0	0.5	frozen_count
net334	U_SCAN_0079/SE	0	0.5	frozen_count
net334	U_SCAN_0080/SE	0	0.5	frozen_count
net334	U_SCAN_0081/SE	0	0.5	frozen_count
net334	U_SCAN_0082/SE	0	0.5	frozen_count
net334	U_SCAN_0083/SE	0	0.5	frozen_count
net334	U_SCAN_0084/SE	0	0.5	frozen_count
net334	place335/Z	0	0.5	frozen_count
net335	U_SCAN_0046/SE	0	0.5	frozen_count
net335	U_SCAN_0047/SE	0	0.5	frozen_count
net335	U_SCAN_0053/SE	0	0.5	frozen_count
net335	U_SCAN_0054/SE	0	0.5	frozen_count
net335	U_SCAN_0091/SE	0	0.5	frozen_count
net335	U_SCAN_0092/SE	0	0.5	frozen_count
net335	U_SCAN_0093/SE	0	0.5	frozen_count
net335	U_SCAN_0094/SE	0	0.5	frozen_count
net335	U_SCAN_0095/SE	0	0.5	frozen_count
net335	U_SCAN_0098/SE	0	0.5	frozen_count
net335	U_SCAN_0099/SE	0	0.5	frozen_count
net335	U_SCAN_0100/SE	0	0.5	frozen_count
net335	U_SCAN_0101/SE	0	0.5	frozen_count
net335	U_SCAN_0102/SE	0	0.5	frozen_count
net335	U_SCAN_0103/SE	0	0.5	frozen_count
net335	U_SCAN_0109/SE	0	0.5	frozen_count
net335	U_SCAN_0143/SE	0	0.5	frozen_count
net335	U_SCAN_0174/SE	0	0.5	frozen_count
net335	U_SCAN_0175/SE	0	0.5	frozen_count
net335	place336/Z	0	0.5	frozen_count
net336	U_SCAN_0018/SE	0	0.5	frozen_count
net336	U_SCAN_0048/SE	0	0.5	frozen_count
net336	U_SCAN_0049/SE	0	0.5	frozen_count
net336	U_SCAN_0050/SE	0	0.5	frozen_count
net336	U_SCAN_0051/SE	0	0.5	frozen_count
net336	U_SCAN_0144/SE	0	0.5	frozen_count
net336	U_SCAN_0148/SE	0	0.5	frozen_count
net336	U_SCAN_0180/SE	0	0.5	frozen_count
net336	U_SCAN_0207/SE	0	0.5	frozen_count
net336	U_SCAN_0208/SE	0	0.5	frozen_count
net336	U_SCAN_0209/SE	0	0.5	frozen_count
net336	U_SCAN_0210/SE	0	0.5	frozen_count
net336	U_SCAN_0211/SE	0	0.5	frozen_count
net336	U_SCAN_0212/SE	0	0.5	frozen_count
net336	U_SCAN_0237/SE	0	0.5	frozen_count
net336	U_SCAN_0238/SE	0	0.5	frozen_count
net336	U_SCAN_0239/SE	0	0.5	frozen_count
net336	U_SCAN_0240/SE	0	0.5	frozen_count
net336	place337/Z	0	0.5	frozen_count
net337	U_SCAN_0011/SE	0	0.5	frozen_count
net337	U_SCAN_0012/SE	0	0.5	frozen_count
net337	U_SCAN_0013/SE	0	0.5	frozen_count
net337	U_SCAN_0014/SE	0	0.5	frozen_count
net337	U_SCAN_0015/SE	0	0.5	frozen_count
net337	U_SCAN_0016/SE	0	0.5	frozen_count
net337	U_SCAN_0017/SE	0	0.5	frozen_count
net337	U_SCAN_0052/SE	0	0.5	frozen_count
net337	U_SCAN_0086/SE	0	0.5	frozen_count
net337	U_SCAN_0087/SE	0	0.5	frozen_count
net337	U_SCAN_0088/SE	0	0.5	frozen_count
net337	U_SCAN_0089/SE	0	0.5	frozen_count
net337	U_SCAN_0090/SE	0	0.5	frozen_count
net337	U_SCAN_0107/SE	0	0.5	frozen_count
net337	U_SCAN_0108/SE	0	0.5	frozen_count
net337	U_SCAN_0110/SE	0	0.5	frozen_count
net337	U_SCAN_0111/SE	0	0.5	frozen_count
net337	U_SCAN_0112/SE	0	0.5	frozen_count
net337	U_SCAN_0113/SE	0	0.5	frozen_count
net337	U_SCAN_0114/SE	0	0.5	frozen_count
net337	U_SCAN_0115/SE	0	0.5	frozen_count
net337	U_SCAN_0116/SE	0	0.5	frozen_count
net337	U_SCAN_0117/SE	0	0.5	frozen_count
net337	U_SCAN_0118/SE	0	0.5	frozen_count
net337	U_SCAN_0145/SE	0	0.5	frozen_count
net337	U_SCAN_0146/SE	0	0.5	frozen_count
net337	U_SCAN_0147/SE	0	0.5	frozen_count
net337	U_SCAN_0176/SE	0	0.5	frozen_count
net337	U_SCAN_0177/SE	0	0.5	frozen_count
net337	U_SCAN_0178/SE	0	0.5	frozen_count
net337	U_SCAN_0179/SE	0	0.5	frozen_count
net337	place337/A	0	0.5	frozen_count
net337	place338/Z	0	0.5	frozen_count
net338	U_SCAN_0020/SE	0	0.5	frozen_count
net338	U_SCAN_0085/SE	0	0.5	frozen_count
net338	U_SCAN_0096/SE	0	0.5	frozen_count
net338	U_SCAN_0097/SE	0	0.5	frozen_count
net338	U_SCAN_0104/SE	0	0.5	frozen_count
net338	U_SCAN_0105/SE	0	0.5	frozen_count
net338	U_SCAN_0106/SE	0	0.5	frozen_count
net338	U_SCAN_0136/SE	0	0.5	frozen_count
net338	U_SCAN_0137/SE	0	0.5	frozen_count
net338	U_SCAN_0138/SE	0	0.5	frozen_count
net338	U_SCAN_0139/SE	0	0.5	frozen_count
net338	U_SCAN_0140/SE	0	0.5	frozen_count
net338	U_SCAN_0141/SE	0	0.5	frozen_count
net338	U_SCAN_0142/SE	0	0.5	frozen_count
net338	U_SCAN_0168/SE	0	0.5	frozen_count
net338	U_SCAN_0169/SE	0	0.5	frozen_count
net338	U_SCAN_0170/SE	0	0.5	frozen_count
net338	U_SCAN_0171/SE	0	0.5	frozen_count
net338	U_SCAN_0172/SE	0	0.5	frozen_count
net338	U_SCAN_0173/SE	0	0.5	frozen_count
net338	U_SCAN_0200/SE	0	0.5	frozen_count
net338	U_SCAN_0201/SE	0	0.5	frozen_count
net338	U_SCAN_0202/SE	0	0.5	frozen_count
net338	U_SCAN_0203/SE	0	0.5	frozen_count
net338	U_SCAN_0204/SE	0	0.5	frozen_count
net338	U_SCAN_0205/SE	0	0.5	frozen_count
net338	U_SCAN_0206/SE	0	0.5	frozen_count
net338	place336/A	0	0.5	frozen_count
net338	place338/A	0	0.5	frozen_count
net338	place339/Z	0	0.5	frozen_count
net339	U_SCAN_0128/SE	0	0.5	frozen_count
net339	U_SCAN_0129/SE	0	0.5	frozen_count
net339	U_SCAN_0130/SE	0	0.5	frozen_count
net339	U_SCAN_0131/SE	0	0.5	frozen_count
net339	U_SCAN_0132/SE	0	0.5	frozen_count
net339	U_SCAN_0133/SE	0	0.5	frozen_count
net339	U_SCAN_0134/SE	0	0.5	frozen_count
net339	U_SCAN_0135/SE	0	0.5	frozen_count
net339	U_SCAN_0160/SE	0	0.5	frozen_count
net339	U_SCAN_0161/SE	0	0.5	frozen_count
net339	U_SCAN_0162/SE	0	0.5	frozen_count
net339	U_SCAN_0163/SE	0	0.5	frozen_count
net339	U_SCAN_0164/SE	0	0.5	frozen_count
net339	U_SCAN_0165/SE	0	0.5	frozen_count
net339	U_SCAN_0166/SE	0	0.5	frozen_count
net339	U_SCAN_0167/SE	0	0.5	frozen_count
net339	U_SCAN_0192/SE	0	0.5	frozen_count
net339	U_SCAN_0193/SE	0	0.5	frozen_count
net339	U_SCAN_0194/SE	0	0.5	frozen_count
net339	U_SCAN_0195/SE	0	0.5	frozen_count
net339	U_SCAN_0196/SE	0	0.5	frozen_count
net339	U_SCAN_0197/SE	0	0.5	frozen_count
net339	U_SCAN_0198/SE	0	0.5	frozen_count
net339	U_SCAN_0199/SE	0	0.5	frozen_count
net339	U_SCAN_0225/SE	0	0.5	frozen_count
net339	U_SCAN_0231/SE	0	0.5	frozen_count
net339	U_SCAN_0235/SE	0	0.5	frozen_count
net339	U_SCAN_0236/SE	0	0.5	frozen_count
net339	place339/A	0	0.5	frozen_count
net339	place340/Z	0	0.5	frozen_count
net34	input34/Z	0	0.5	frozen_count
net34	hold344/A	0	0.5	frozen_count
net340	U_SCAN_0000/SE	0	0.5	frozen_count
net340	U_SCAN_0001/SE	0	0.5	frozen_count
net340	U_SCAN_0002/SE	0	0.5	frozen_count
net340	U_SCAN_0019/SE	0	0.5	frozen_count
net340	U_SCAN_0119/SE	0	0.5	frozen_count
net340	U_SCAN_0120/SE	0	0.5	frozen_count
net340	U_SCAN_0149/SE	0	0.5	frozen_count
net340	U_SCAN_0150/SE	0	0.5	frozen_count
net340	U_SCAN_0151/SE	0	0.5	frozen_count
net340	U_SCAN_0152/SE	0	0.5	frozen_count
net340	U_SCAN_0181/SE	0	0.5	frozen_count
net340	U_SCAN_0182/SE	0	0.5	frozen_count
net340	U_SCAN_0183/SE	0	0.5	frozen_count
net340	U_SCAN_0213/SE	0	0.5	frozen_count
net340	U_SCAN_0214/SE	0	0.5	frozen_count
net340	U_SCAN_0215/SE	0	0.5	frozen_count
net340	U_SCAN_0216/SE	0	0.5	frozen_count
net340	U_SCAN_0241/SE	0	0.5	frozen_count
net340	U_SCAN_0242/SE	0	0.5	frozen_count
net340	U_SCAN_0243/SE	0	0.5	frozen_count
net340	place341/Z	0	0.5	frozen_count
net341	U_SCAN_0003/SE	0	0.5	frozen_count
net341	U_SCAN_0004/SE	0	0.5	frozen_count
net341	U_SCAN_0005/SE	0	0.5	frozen_count
net341	U_SCAN_0006/SE	0	0.5	frozen_count
net341	U_SCAN_0007/SE	0	0.5	frozen_count
net341	U_SCAN_0008/SE	0	0.5	frozen_count
net341	U_SCAN_0009/SE	0	0.5	frozen_count
net341	U_SCAN_0010/SE	0	0.5	frozen_count
net341	U_SCAN_0021/SE	0	0.5	frozen_count
net341	U_SCAN_0022/SE	0	0.5	frozen_count
net341	U_SCAN_0023/SE	0	0.5	frozen_count
net341	U_SCAN_0024/SE	0	0.5	frozen_count
net341	U_SCAN_0025/SE	0	0.5	frozen_count
net341	U_SCAN_0026/SE	0	0.5	frozen_count
net341	U_SCAN_0027/SE	0	0.5	frozen_count
net341	U_SCAN_0028/SE	0	0.5	frozen_count
net341	U_SCAN_0029/SE	0	0.5	frozen_count
net341	U_SCAN_0030/SE	0	0.5	frozen_count
net341	U_SCAN_0121/SE	0	0.5	frozen_count
net341	U_SCAN_0122/SE	0	0.5	frozen_count
net341	U_SCAN_0123/SE	0	0.5	frozen_count
net341	U_SCAN_0124/SE	0	0.5	frozen_count
net341	U_SCAN_0125/SE	0	0.5	frozen_count
net341	U_SCAN_0126/SE	0	0.5	frozen_count
net341	U_SCAN_0127/SE	0	0.5	frozen_count
net341	U_SCAN_0153/SE	0	0.5	frozen_count
net341	U_SCAN_0154/SE	0	0.5	frozen_count
net341	U_SCAN_0155/SE	0	0.5	frozen_count
net341	U_SCAN_0156/SE	0	0.5	frozen_count
net341	U_SCAN_0157/SE	0	0.5	frozen_count
net341	U_SCAN_0158/SE	0	0.5	frozen_count
net341	U_SCAN_0159/SE	0	0.5	frozen_count
net341	U_SCAN_0184/SE	0	0.5	frozen_count
net341	U_SCAN_0185/SE	0	0.5	frozen_count
net341	U_SCAN_0186/SE	0	0.5	frozen_count
net341	U_SCAN_0187/SE	0	0.5	frozen_count
net341	U_SCAN_0188/SE	0	0.5	frozen_count
net341	U_SCAN_0189/SE	0	0.5	frozen_count
net341	U_SCAN_0190/SE	0	0.5	frozen_count
net341	U_SCAN_0191/SE	0	0.5	frozen_count
net341	U_SCAN_0217/SE	0	0.5	frozen_count
net341	U_SCAN_0218/SE	0	0.5	frozen_count
net341	U_SCAN_0219/SE	0	0.5	frozen_count
net341	U_SCAN_0220/SE	0	0.5	frozen_count
net341	U_SCAN_0221/SE	0	0.5	frozen_count
net341	U_SCAN_0222/SE	0	0.5	frozen_count
net341	U_SCAN_0223/SE	0	0.5	frozen_count
net341	place341/A	0	0.5	frozen_count
net341	place342/Z	0	0.5	frozen_count
net342	hold343/Z	0	0.5	frozen_count
net342	hold423/A	0	0.5	frozen_count
net343	U_SCAN_0018/SI	0	0.5	frozen_count
net343	hold344/Z	0	0.5	frozen_count
net344	input22/A	0	0.5	frozen_count
net344	hold345/Z	0	0.5	frozen_count
net345	_4454_/A2	0	0.5	frozen_count
net345	hold346/Z	0	0.5	frozen_count
net346	_4455_/A	0	0.5	frozen_count
net346	hold347/Z	0	0.5	frozen_count
net347	input28/A	0	0.5	frozen_count
net347	hold348/Z	0	0.5	frozen_count
net348	_4402_/A	0	0.5	frozen_count
net348	hold349/Z	0	0.5	frozen_count
net349	U_SCAN_0112/D	0	0.5	frozen_count
net349	hold350/Z	0	0.5	frozen_count
net35	U_SCAN_0000/Q	0	0.5	frozen_count
net35	U_SCAN_0151/SI	0	0.5	frozen_count
net35	_4220_/B1	0	0.5	frozen_count
net35	output35/A	0	0.5	frozen_count
net350	input31/A	0	0.5	frozen_count
net350	hold351/Z	0	0.5	frozen_count
net351	_4411_/A2	0	0.5	frozen_count
net351	hold352/Z	0	0.5	frozen_count
net352	_4412_/A	0	0.5	frozen_count
net352	hold353/Z	0	0.5	frozen_count
net353	input27/A	0	0.5	frozen_count
net353	hold354/Z	0	0.5	frozen_count
net354	_4400_/A2	0	0.5	frozen_count
net354	hold355/Z	0	0.5	frozen_count
net355	_4401_/A2	0	0.5	frozen_count
net355	hold356/Z	0	0.5	frozen_count
net356	input12/A	0	0.5	frozen_count
net356	hold357/Z	0	0.5	frozen_count
net357	_4394_/C2	0	0.5	frozen_count
net357	hold358/Z	0	0.5	frozen_count
net358	_4395_/A	0	0.5	frozen_count
net358	hold359/Z	0	0.5	frozen_count
net359	input30/A	0	0.5	frozen_count
net359	hold360/Z	0	0.5	frozen_count
net36	U_SCAN_0001/Q	0	0.5	frozen_count
net36	U_SCAN_0182/SI	0	0.5	frozen_count
net36	_4175_/C1	0	0.5	frozen_count
net36	output36/A	0	0.5	frozen_count
net360	_4407_/C2	0	0.5	frozen_count
net360	hold361/Z	0	0.5	frozen_count
net361	_4408_/A	0	0.5	frozen_count
net361	hold362/Z	0	0.5	frozen_count
net362	input29/A	0	0.5	frozen_count
net362	hold363/Z	0	0.5	frozen_count
net363	_4404_/A2	0	0.5	frozen_count
net363	hold364/Z	0	0.5	frozen_count
net364	_4405_/A	0	0.5	frozen_count
net364	hold365/Z	0	0.5	frozen_count
net365	input21/A	0	0.5	frozen_count
net365	hold366/Z	0	0.5	frozen_count
net366	_4451_/A2	0	0.5	frozen_count
net366	hold367/Z	0	0.5	frozen_count
net367	_4452_/A	0	0.5	frozen_count
net367	hold368/Z	0	0.5	frozen_count
net368	input26/A	0	0.5	frozen_count
net368	hold369/Z	0	0.5	frozen_count
net369	_4397_/A2	0	0.5	frozen_count
net369	hold370/Z	0	0.5	frozen_count
net37	U_SCAN_0002/Q	0	0.5	frozen_count
net37	U_SCAN_0153/SI	0	0.5	frozen_count
net37	_4168_/C1	0	0.5	frozen_count
net37	output37/A	0	0.5	frozen_count
net370	_4398_/A	0	0.5	frozen_count
net370	hold371/Z	0	0.5	frozen_count
net371	input13/A	0	0.5	frozen_count
net371	hold372/Z	0	0.5	frozen_count
net372	_4437_/A2	0	0.5	frozen_count
net372	hold373/Z	0	0.5	frozen_count
net373	_4438_/A	0	0.5	frozen_count
net373	hold374/Z	0	0.5	frozen_count
net374	input18/A	0	0.5	frozen_count
net374	hold375/Z	0	0.5	frozen_count
net375	_4449_/C2	0	0.5	frozen_count
net375	hold376/Z	0	0.5	frozen_count
net376	input6/A	0	0.5	frozen_count
net376	hold377/Z	0	0.5	frozen_count
net377	_4423_/C2	0	0.5	frozen_count
net377	hold378/Z	0	0.5	frozen_count
net378	input25/A	0	0.5	frozen_count
net378	hold379/Z	0	0.5	frozen_count
net379	_2282_/A	0	0.5	frozen_count
net379	_3318_/A1	0	0.5	frozen_count
net379	hold380/Z	0	0.5	frozen_count
net38	U_SCAN_0002/SI	0	0.5	frozen_count
net38	U_SCAN_0003/Q	0	0.5	frozen_count
net38	_4157_/B2	0	0.5	frozen_count
net38	output38/A	0	0.5	frozen_count
net380	_3233_/B1	0	0.5	frozen_count
net380	hold381/Z	0	0.5	frozen_count
net381	input10/A	0	0.5	frozen_count
net381	hold382/Z	0	0.5	frozen_count
net382	_4435_/C2	0	0.5	frozen_count
net382	hold383/Z	0	0.5	frozen_count
net383	input20/A	0	0.5	frozen_count
net383	hold384/Z	0	0.5	frozen_count
net384	_4687_/A	0	0.5	frozen_count
net384	hold385/Z	0	0.5	frozen_count
net385	input24/A	0	0.5	frozen_count
net385	hold386/Z	0	0.5	frozen_count
net386	_3445_/A1	0	0.5	frozen_count
net386	_4458_/A2	0	0.5	frozen_count
net386	hold387/Z	0	0.5	frozen_count
net387	input16/A	0	0.5	frozen_count
net387	hold388/Z	0	0.5	frozen_count
net388	_4443_/A2	0	0.5	frozen_count
net388	hold389/Z	0	0.5	frozen_count
net389	input8/A	0	0.5	frozen_count
net389	hold390/Z	0	0.5	frozen_count
net39	U_SCAN_0004/Q	0	0.5	frozen_count
net39	U_SCAN_0154/SI	0	0.5	frozen_count
net39	_4152_/C1	0	0.5	frozen_count
net39	output39/A	0	0.5	frozen_count
net390	_4429_/B1	0	0.5	frozen_count
net390	hold391/Z	0	0.5	frozen_count
net391	input1/A	0	0.5	frozen_count
net391	hold392/Z	0	0.5	frozen_count
net392	_4460_/A	0	0.5	frozen_count
net392	hold393/Z	0	0.5	frozen_count
net393	input14/A	0	0.5	frozen_count
net393	hold394/Z	0	0.5	frozen_count
net394	_3908_/A2	0	0.5	frozen_count
net394	hold395/Z	0	0.5	frozen_count
net395	input15/A	0	0.5	frozen_count
net395	hold396/Z	0	0.5	frozen_count
net396	_4441_/C2	0	0.5	frozen_count
net396	hold397/Z	0	0.5	frozen_count
net397	input19/A	0	0.5	frozen_count
net397	hold398/Z	0	0.5	frozen_count
net398	_4685_/A2	0	0.5	frozen_count
net398	hold399/Z	0	0.5	frozen_count
net399	input9/A	0	0.5	frozen_count
net399	hold400/Z	0	0.5	frozen_count
net4	_2798_/B2	0	0.5	frozen_count
net4	_2799_/A	0	0.5	frozen_count
net4	input4/Z	0	0.5	frozen_count
net4	hold411/A	0	0.5	frozen_count
net40	U_SCAN_0004/SI	0	0.5	frozen_count
net40	U_SCAN_0005/Q	0	0.5	frozen_count
net40	_4082_/C2	0	0.5	frozen_count
net40	output40/A	0	0.5	frozen_count
net400	_4431_/A2	0	0.5	frozen_count
net400	hold401/Z	0	0.5	frozen_count
net401	input33/A	0	0.5	frozen_count
net401	hold402/Z	0	0.5	frozen_count
net402	U_SCAN_0031/SE	0	0.5	frozen_count
net402	U_SCAN_0032/SE	0	0.5	frozen_count
net402	U_SCAN_0033/SE	0	0.5	frozen_count
net402	U_SCAN_0034/SE	0	0.5	frozen_count
net402	U_SCAN_0035/SE	0	0.5	frozen_count
net402	U_SCAN_0036/SE	0	0.5	frozen_count
net402	U_SCAN_0037/SE	0	0.5	frozen_count
net402	U_SCAN_0038/SE	0	0.5	frozen_count
net402	U_SCAN_0039/SE	0	0.5	frozen_count
net402	U_SCAN_0040/SE	0	0.5	frozen_count
net402	U_SCAN_0041/SE	0	0.5	frozen_count
net402	U_SCAN_0042/SE	0	0.5	frozen_count
net402	U_SCAN_0043/SE	0	0.5	frozen_count
net402	U_SCAN_0044/SE	0	0.5	frozen_count
net402	U_SCAN_0045/SE	0	0.5	frozen_count
net402	U_SCAN_0224/SE	0	0.5	frozen_count
net402	U_SCAN_0226/SE	0	0.5	frozen_count
net402	U_SCAN_0227/SE	0	0.5	frozen_count
net402	U_SCAN_0228/SE	0	0.5	frozen_count
net402	U_SCAN_0229/SE	0	0.5	frozen_count
net402	U_SCAN_0230/SE	0	0.5	frozen_count
net402	U_SCAN_0232/SE	0	0.5	frozen_count
net402	U_SCAN_0233/SE	0	0.5	frozen_count
net402	U_SCAN_0234/SE	0	0.5	frozen_count
net402	U_SCAN_0244/SE	0	0.5	frozen_count
net402	hold403/Z	0	0.5	frozen_count
net403	input7/A	0	0.5	frozen_count
net403	hold404/Z	0	0.5	frozen_count
net404	_4425_/A2	0	0.5	frozen_count
net404	hold405/Z	0	0.5	frozen_count
net405	input17/A	0	0.5	frozen_count
net405	hold406/Z	0	0.5	frozen_count
net406	_4446_/A2	0	0.5	frozen_count
net406	hold407/Z	0	0.5	frozen_count
net407	input32/A	0	0.5	frozen_count
net407	hold408/Z	0	0.5	frozen_count
net408	_4413_/A	0	0.5	frozen_count
net408	hold409/Z	0	0.5	frozen_count
net409	input4/A	0	0.5	frozen_count
net409	hold410/Z	0	0.5	frozen_count
net41	U_SCAN_0006/Q	0	0.5	frozen_count
net41	U_SCAN_0123/SI	0	0.5	frozen_count
net41	_4698_/B2	0	0.5	frozen_count
net41	output41/A	0	0.5	frozen_count
net410	_4419_/C2	0	0.5	frozen_count
net410	hold411/Z	0	0.5	frozen_count
net411	input5/A	0	0.5	frozen_count
net411	hold412/Z	0	0.5	frozen_count
net412	_3901_/A	0	0.5	frozen_count
net412	hold413/Z	0	0.5	frozen_count
net413	input2/A	0	0.5	frozen_count
net413	hold414/Z	0	0.5	frozen_count
net414	_4414_/A	0	0.5	frozen_count
net414	hold415/Z	0	0.5	frozen_count
net415	input3/A	0	0.5	frozen_count
net415	hold416/Z	0	0.5	frozen_count
net416	_4415_/A2	0	0.5	frozen_count
net416	hold417/Z	0	0.5	frozen_count
net417	input11/A	0	0.5	frozen_count
net417	hold418/Z	0	0.5	frozen_count
net418	_4688_/A	0	0.5	frozen_count
net418	hold419/Z	0	0.5	frozen_count
net419	input23/A	0	0.5	frozen_count
net419	hold420/Z	0	0.5	frozen_count
net42	U_SCAN_0007/Q	0	0.5	frozen_count
net42	U_SCAN_0028/SI	0	0.5	frozen_count
net42	_4072_/C2	0	0.5	frozen_count
net42	output42/A	0	0.5	frozen_count
net420	_3307_/A	0	0.5	frozen_count
net420	hold421/Z	0	0.5	frozen_count
net421	hold343/A	0	0.5	frozen_count
net421	hold422/Z	0	0.5	frozen_count
net422	input34/A	0	0.5	frozen_count
net422	hold423/Z	0	0.5	frozen_count
net423	hold422/A	0	0.5	frozen_count
net423	hold424/Z	0	0.5	frozen_count
net43	U_SCAN_0008/Q	0	0.5	frozen_count
net43	U_SCAN_0222/SI	0	0.5	frozen_count
net43	_4068_/C2	0	0.5	frozen_count
net43	output43/A	0	0.5	frozen_count
net44	U_SCAN_0009/Q	0	0.5	frozen_count
net44	U_SCAN_0030/SI	0	0.5	frozen_count
net44	_3906_/C2	0	0.5	frozen_count
net44	output44/A	0	0.5	frozen_count
net45	U_SCAN_0010/Q	0	0.5	frozen_count
net45	U_SCAN_0224/SI	0	0.5	frozen_count
net45	_2620_/B2	0	0.5	frozen_count
net45	output45/A	0	0.5	frozen_count
net46	U_SCAN_0011/Q	0	0.5	frozen_count
net46	U_SCAN_0090/SI	0	0.5	frozen_count
net46	_4484_/B1	0	0.5	frozen_count
net46	output46/A	0	0.5	frozen_count
net47	U_SCAN_0012/Q	0	0.5	frozen_count
net47	U_SCAN_0085/SI	0	0.5	frozen_count
net47	_4233_/B1	0	0.5	frozen_count
net47	output47/A	0	0.5	frozen_count
net48	U_SCAN_0013/Q	0	0.5	frozen_count
net48	U_SCAN_0014/SI	0	0.5	frozen_count
net48	_4215_/B1	0	0.5	frozen_count
net48	output48/A	0	0.5	frozen_count
net49	U_SCAN_0014/Q	0	0.5	frozen_count
net49	U_SCAN_0113/SI	0	0.5	frozen_count
net49	_4240_/C1	0	0.5	frozen_count
net49	output49/A	0	0.5	frozen_count
net5	_3054_/A1	0	0.5	frozen_count
net5	_3056_/A	0	0.5	frozen_count
net5	input5/Z	0	0.5	frozen_count
net5	hold413/A	0	0.5	frozen_count
net50	U_SCAN_0015/Q	0	0.5	frozen_count
net50	U_SCAN_0112/SI	0	0.5	frozen_count
net50	_4207_/B1	0	0.5	frozen_count
net50	output50/A	0	0.5	frozen_count
net51	U_SCAN_0016/Q	0	0.5	frozen_count
net51	U_SCAN_0145/SI	0	0.5	frozen_count
net51	_4200_/B1	0	0.5	frozen_count
net51	output51/A	0	0.5	frozen_count
net52	U_SCAN_0017/Q	0	0.5	frozen_count
net52	U_SCAN_0147/SI	0	0.5	frozen_count
net52	_4196_/B1	0	0.5	frozen_count
net52	output52/A	0	0.5	frozen_count
net53	U_SCAN_0018/Q	0	0.5	frozen_count
net53	U_SCAN_0050/SI	0	0.5	frozen_count
net53	_4190_/C1	0	0.5	frozen_count
net53	output53/A	0	0.5	frozen_count
net54	U_SCAN_0019/Q	0	0.5	frozen_count
net54	U_SCAN_0150/SI	0	0.5	frozen_count
net54	_4182_/C2	0	0.5	frozen_count
net54	output54/A	0	0.5	frozen_count
net55	U_SCAN_0008/SI	0	0.5	frozen_count
net55	U_SCAN_0021/Q	0	0.5	frozen_count
net55	_4510_/A	0	0.5	frozen_count
net55	output55/A	0	0.5	frozen_count
net56	U_SCAN_0022/Q	0	0.5	frozen_count
net56	U_SCAN_0023/SI	0	0.5	frozen_count
net56	_4504_/A	0	0.5	frozen_count
net56	output56/A	0	0.5	frozen_count
net57	U_SCAN_0023/Q	0	0.5	frozen_count
net57	U_SCAN_0024/SI	0	0.5	frozen_count
net57	_3297_/A	0	0.5	frozen_count
net57	output57/A	0	0.5	frozen_count
net58	U_SCAN_0024/Q	0	0.5	frozen_count
net58	U_SCAN_0025/SI	0	0.5	frozen_count
net58	_3296_/A	0	0.5	frozen_count
net58	output58/A	0	0.5	frozen_count
net59	U_SCAN_0025/Q	0	0.5	frozen_count
net59	U_SCAN_0027/SI	0	0.5	frozen_count
net59	_3298_/A	0	0.5	frozen_count
net59	output59/A	0	0.5	frozen_count
net6	_2991_/B2	0	0.5	frozen_count
net6	_2992_/A	0	0.5	frozen_count
net6	input6/Z	0	0.5	frozen_count
net6	hold378/A	0	0.5	frozen_count
net60	U_SCAN_0026/Q	0	0.5	frozen_count
net60	U_SCAN_0029/SI	0	0.5	frozen_count
net60	_3299_/A	0	0.5	frozen_count
net60	output60/A	0	0.5	frozen_count
net61	U_SCAN_0026/SI	0	0.5	frozen_count
net61	U_SCAN_0027/Q	0	0.5	frozen_count
net61	_3305_/A	0	0.5	frozen_count
net61	output61/A	0	0.5	frozen_count
net62	U_SCAN_0009/SI	0	0.5	frozen_count
net62	U_SCAN_0028/Q	0	0.5	frozen_count
net62	_3304_/A	0	0.5	frozen_count
net62	output62/A	0	0.5	frozen_count
net63	U_SCAN_0007/SI	0	0.5	frozen_count
net63	U_SCAN_0029/Q	0	0.5	frozen_count
net63	_4503_/A	0	0.5	frozen_count
net63	output63/A	0	0.5	frozen_count
net64	U_SCAN_0030/Q	0	0.5	frozen_count
net64	U_SCAN_0032/SI	0	0.5	frozen_count
net64	_4502_/A	0	0.5	frozen_count
net64	output64/A	0	0.5	frozen_count
net65	U_SCAN_0031/Q	0	0.5	frozen_count
net65	U_SCAN_0223/SI	0	0.5	frozen_count
net65	_4501_/A	0	0.5	frozen_count
net65	output65/A	0	0.5	frozen_count
net66	U_SCAN_0031/SI	0	0.5	frozen_count
net66	U_SCAN_0032/Q	0	0.5	frozen_count
net66	_4509_/A	0	0.5	frozen_count
net66	output66/A	0	0.5	frozen_count
net67	U_SCAN_0033/Q	0	0.5	frozen_count
net67	_4500_/A	0	0.5	frozen_count
net67	output67/A	0	0.5	frozen_count
net67	output89/A	0	0.5	frozen_count
net68	U_SCAN_0034/Q	0	0.5	frozen_count
net68	U_SCAN_0227/SI	0	0.5	frozen_count
net68	_4499_/A	0	0.5	frozen_count
net68	output68/A	0	0.5	frozen_count
net69	U_SCAN_0035/Q	0	0.5	frozen_count
net69	U_SCAN_0229/SI	0	0.5	frozen_count
net69	_4498_/A	0	0.5	frozen_count
net69	output69/A	0	0.5	frozen_count
net7	_3003_/A1	0	0.5	frozen_count
net7	_3004_/B2	0	0.5	frozen_count
net7	input7/Z	0	0.5	frozen_count
net7	hold405/A	0	0.5	frozen_count
net70	U_SCAN_0036/Q	0	0.5	frozen_count
net70	U_SCAN_0132/SI	0	0.5	frozen_count
net70	_4497_/A	0	0.5	frozen_count
net70	output70/A	0	0.5	frozen_count
net71	U_SCAN_0037/Q	0	0.5	frozen_count
net71	U_SCAN_0038/SI	0	0.5	frozen_count
net71	_4496_/A	0	0.5	frozen_count
net71	output71/A	0	0.5	frozen_count
net72	U_SCAN_0038/Q	0	0.5	frozen_count
net72	U_SCAN_0231/SI	0	0.5	frozen_count
net72	_4495_/A	0	0.5	frozen_count
net72	output72/A	0	0.5	frozen_count
net73	U_SCAN_0039/Q	0	0.5	frozen_count
net73	U_SCAN_0040/SI	0	0.5	frozen_count
net73	_4494_/A	0	0.5	frozen_count
net73	output73/A	0	0.5	frozen_count
net74	U_SCAN_0040/Q	0	0.5	frozen_count
net74	U_SCAN_0234/SI	0	0.5	frozen_count
net74	_4493_/A	0	0.5	frozen_count
net74	output74/A	0	0.5	frozen_count
net75	U_SCAN_0041/Q	0	0.5	frozen_count
net75	U_SCAN_0135/SI	0	0.5	frozen_count
net75	_4492_/A	0	0.5	frozen_count
net75	output75/A	0	0.5	frozen_count
net76	U_SCAN_0041/SI	0	0.5	frozen_count
net76	U_SCAN_0042/Q	0	0.5	frozen_count
net76	_4491_/A	0	0.5	frozen_count
net76	output76/A	0	0.5	frozen_count
net77	U_SCAN_0042/SI	0	0.5	frozen_count
net77	U_SCAN_0043/Q	0	0.5	frozen_count
net77	_3300_/A	0	0.5	frozen_count
net77	output77/A	0	0.5	frozen_count
net78	U_SCAN_0044/Q	0	0.5	frozen_count
net78	U_SCAN_0139/SI	0	0.5	frozen_count
net78	_4490_/A	0	0.5	frozen_count
net78	output78/A	0	0.5	frozen_count
net79	U_SCAN_0043/SI	0	0.5	frozen_count
net79	U_SCAN_0045/Q	0	0.5	frozen_count
net79	_4489_/A	0	0.5	frozen_count
net79	output79/A	0	0.5	frozen_count
net8	_3043_/B2	0	0.5	frozen_count
net8	_3044_/A	0	0.5	frozen_count
net8	input8/Z	0	0.5	frozen_count
net8	hold391/A	0	0.5	frozen_count
net80	U_SCAN_0046/Q	0	0.5	frozen_count
net80	U_SCAN_0143/SI	0	0.5	frozen_count
net80	_3301_/A	0	0.5	frozen_count
net80	output80/A	0	0.5	frozen_count
net81	U_SCAN_0047/Q	0	0.5	frozen_count
net81	U_SCAN_0104/SI	0	0.5	frozen_count
net81	_4508_/A	0	0.5	frozen_count
net81	output81/A	0	0.5	frozen_count
net82	U_SCAN_0048/Q	0	0.5	frozen_count
net82	U_SCAN_0049/SI	0	0.5	frozen_count
net82	_4507_/A	0	0.5	frozen_count
net82	output82/A	0	0.5	frozen_count
net83	U_SCAN_0019/SI	0	0.5	frozen_count
net83	U_SCAN_0049/Q	0	0.5	frozen_count
net83	_3302_/A	0	0.5	frozen_count
net83	output83/A	0	0.5	frozen_count
net84	U_SCAN_0048/SI	0	0.5	frozen_count
net84	U_SCAN_0050/Q	0	0.5	frozen_count
net84	_3303_/A	0	0.5	frozen_count
net84	output84/A	0	0.5	frozen_count
net85	U_SCAN_0017/SI	0	0.5	frozen_count
net85	U_SCAN_0051/Q	0	0.5	frozen_count
net85	_4506_/A	0	0.5	frozen_count
net85	output85/A	0	0.5	frozen_count
net86	U_SCAN_0052/Q	0	0.5	frozen_count
net86	U_SCAN_0180/SI	0	0.5	frozen_count
net86	_4505_/A	0	0.5	frozen_count
net86	output86/A	0	0.5	frozen_count
net87	U_SCAN_0012/SI	0	0.5	frozen_count
net87	U_SCAN_0117/Q	0	0.5	frozen_count
net87	output87/A	0	0.5	frozen_count
net88	U_SCAN_0066/SI	0	0.5	frozen_count
net88	U_SCAN_0244/Q	0	0.5	frozen_count
net88	output88/A	0	0.5	frozen_count
net9	_3028_/A1	0	0.5	frozen_count
net9	_3029_/B2	0	0.5	frozen_count
net9	input9/Z	0	0.5	frozen_count
net9	hold401/A	0	0.5	frozen_count
phase0c_scan_in_1	test_si_1	0	0.5	frozen_count
phase0c_scan_in_1	U_SCAN_0089/SI	0	0.5	frozen_count
test_se	test_se	0	1	scan_enable
test_se	hold402/A	0	1	scan_enable
test_si	test_si	0	0.5	frozen_count
test_si	hold424/A	0	0.5	frozen_count
test_so	test_so	0	0.5	frozen_count
test_so	output89/Z	0	0.5	frozen_count
CK	CK	0.20000000000000001	0.5	fixed_scan_clock
CK	clkbuf_0_CK/A	0.20000000000000001	0.5	fixed_scan_clock
clknet_0_CK	clkbuf_0_CK/Z	0.20000000000000001	0.5	fixed_scan_clock
clknet_0_CK	clkbuf_2_0__f_CK/A	0.20000000000000001	0.5	fixed_scan_clock
clknet_0_CK	clkbuf_2_1__f_CK/A	0.20000000000000001	0.5	fixed_scan_clock
clknet_0_CK	clkbuf_2_2__f_CK/A	0.20000000000000001	0.5	fixed_scan_clock
clknet_0_CK	clkbuf_2_3__f_CK/A	0.20000000000000001	0.5	fixed_scan_clock
clknet_2_0__leaf_CK	clkbuf_leaf_0_CK/A	0.20000000000000001	0.5	fixed_scan_clock
clknet_2_0__leaf_CK	clkbuf_leaf_1_CK/A	0.20000000000000001	0.5	fixed_scan_clock
clknet_2_0__leaf_CK	clkbuf_leaf_4_CK/A	0.20000000000000001	0.5	fixed_scan_clock
clknet_2_0__leaf_CK	clkbuf_leaf_3_CK/A	0.20000000000000001	0.5	fixed_scan_clock
clknet_2_0__leaf_CK	clkbuf_leaf_2_CK/A	0.20000000000000001	0.5	fixed_scan_clock
clknet_2_0__leaf_CK	clkbuf_leaf_35_CK/A	0.20000000000000001	0.5	fixed_scan_clock
clknet_2_0__leaf_CK	clkbuf_leaf_36_CK/A	0.20000000000000001	0.5	fixed_scan_clock
clknet_2_0__leaf_CK	clkbuf_leaf_37_CK/A	0.20000000000000001	0.5	fixed_scan_clock
clknet_2_0__leaf_CK	clkbuf_leaf_38_CK/A	0.20000000000000001	0.5	fixed_scan_clock
clknet_2_0__leaf_CK	clkbuf_leaf_39_CK/A	0.20000000000000001	0.5	fixed_scan_clock
clknet_2_0__leaf_CK	clkbuf_2_0__f_CK/Z	0.20000000000000001	0.5	fixed_scan_clock
clknet_2_0__leaf_CK	clkload0/A	0.20000000000000001	0.5	fixed_scan_clock
clknet_2_1__leaf_CK	clkbuf_leaf_27_CK/A	0.20000000000000001	0.5	fixed_scan_clock
clknet_2_1__leaf_CK	clkbuf_leaf_28_CK/A	0.20000000000000001	0.5	fixed_scan_clock
clknet_2_1__leaf_CK	clkbuf_leaf_29_CK/A	0.20000000000000001	0.5	fixed_scan_clock
clknet_2_1__leaf_CK	clkbuf_leaf_30_CK/A	0.20000000000000001	0.5	fixed_scan_clock
clknet_2_1__leaf_CK	clkbuf_leaf_31_CK/A	0.20000000000000001	0.5	fixed_scan_clock
clknet_2_1__leaf_CK	clkbuf_leaf_32_CK/A	0.20000000000000001	0.5	fixed_scan_clock
clknet_2_1__leaf_CK	clkbuf_leaf_33_CK/A	0.20000000000000001	0.5	fixed_scan_clock
clknet_2_1__leaf_CK	clkbuf_leaf_34_CK/A	0.20000000000000001	0.5	fixed_scan_clock
clknet_2_1__leaf_CK	clkbuf_2_1__f_CK/Z	0.20000000000000001	0.5	fixed_scan_clock
clknet_2_1__leaf_CK	clkload1/A	0.20000000000000001	0.5	fixed_scan_clock
clknet_2_2__leaf_CK	clkbuf_leaf_5_CK/A	0.20000000000000001	0.5	fixed_scan_clock
clknet_2_2__leaf_CK	clkbuf_leaf_6_CK/A	0.20000000000000001	0.5	fixed_scan_clock
clknet_2_2__leaf_CK	clkbuf_leaf_7_CK/A	0.20000000000000001	0.5	fixed_scan_clock
clknet_2_2__leaf_CK	clkbuf_leaf_8_CK/A	0.20000000000000001	0.5	fixed_scan_clock
clknet_2_2__leaf_CK	clkbuf_leaf_9_CK/A	0.20000000000000001	0.5	fixed_scan_clock
clknet_2_2__leaf_CK	clkbuf_leaf_10_CK/A	0.20000000000000001	0.5	fixed_scan_clock
clknet_2_2__leaf_CK	clkbuf_leaf_11_CK/A	0.20000000000000001	0.5	fixed_scan_clock
clknet_2_2__leaf_CK	clkbuf_leaf_12_CK/A	0.20000000000000001	0.5	fixed_scan_clock
clknet_2_2__leaf_CK	clkbuf_leaf_13_CK/A	0.20000000000000001	0.5	fixed_scan_clock
clknet_2_2__leaf_CK	clkbuf_leaf_14_CK/A	0.20000000000000001	0.5	fixed_scan_clock
clknet_2_2__leaf_CK	clkbuf_leaf_15_CK/A	0.20000000000000001	0.5	fixed_scan_clock
clknet_2_2__leaf_CK	clkbuf_leaf_16_CK/A	0.20000000000000001	0.5	fixed_scan_clock
clknet_2_2__leaf_CK	clkbuf_2_2__f_CK/Z	0.20000000000000001	0.5	fixed_scan_clock
clknet_2_3__leaf_CK	clkbuf_leaf_17_CK/A	0.20000000000000001	0.5	fixed_scan_clock
clknet_2_3__leaf_CK	clkbuf_leaf_18_CK/A	0.20000000000000001	0.5	fixed_scan_clock
clknet_2_3__leaf_CK	clkbuf_leaf_19_CK/A	0.20000000000000001	0.5	fixed_scan_clock
clknet_2_3__leaf_CK	clkbuf_leaf_20_CK/A	0.20000000000000001	0.5	fixed_scan_clock
clknet_2_3__leaf_CK	clkbuf_leaf_21_CK/A	0.20000000000000001	0.5	fixed_scan_clock
clknet_2_3__leaf_CK	clkbuf_leaf_22_CK/A	0.20000000000000001	0.5	fixed_scan_clock
clknet_2_3__leaf_CK	clkbuf_leaf_23_CK/A	0.20000000000000001	0.5	fixed_scan_clock
clknet_2_3__leaf_CK	clkbuf_leaf_24_CK/A	0.20000000000000001	0.5	fixed_scan_clock
clknet_2_3__leaf_CK	clkbuf_leaf_25_CK/A	0.20000000000000001	0.5	fixed_scan_clock
clknet_2_3__leaf_CK	clkbuf_leaf_26_CK/A	0.20000000000000001	0.5	fixed_scan_clock
clknet_2_3__leaf_CK	clkbuf_2_3__f_CK/Z	0.20000000000000001	0.5	fixed_scan_clock
clknet_2_3__leaf_CK	clkload2/A	0.20000000000000001	0.5	fixed_scan_clock
clknet_leaf_0_CK	U_SCAN_0015/CK	0.20000000000000001	0.5	fixed_scan_clock
clknet_leaf_0_CK	U_SCAN_0016/CK	0.20000000000000001	0.5	fixed_scan_clock
clknet_leaf_0_CK	U_SCAN_0112/CK	0.20000000000000001	0.5	fixed_scan_clock
clknet_leaf_0_CK	U_SCAN_0144/CK	0.20000000000000001	0.5	fixed_scan_clock
clknet_leaf_0_CK	U_SCAN_0145/CK	0.20000000000000001	0.5	fixed_scan_clock
clknet_leaf_0_CK	U_SCAN_0238/CK	0.20000000000000001	0.5	fixed_scan_clock
clknet_leaf_0_CK	clkbuf_leaf_0_CK/Z	0.20000000000000001	0.5	fixed_scan_clock
clknet_leaf_0_CK	clkload3/A	0.20000000000000001	0.5	fixed_scan_clock
clknet_leaf_10_CK	U_SCAN_0055/CK	0.20000000000000001	0.5	fixed_scan_clock
clknet_leaf_10_CK	U_SCAN_0056/CK	0.20000000000000001	0.5	fixed_scan_clock
clknet_leaf_10_CK	U_SCAN_0057/CK	0.20000000000000001	0.5	fixed_scan_clock
clknet_leaf_10_CK	U_SCAN_0062/CK	0.20000000000000001	0.5	fixed_scan_clock
clknet_leaf_10_CK	U_SCAN_0063/CK	0.20000000000000001	0.5	fixed_scan_clock
clknet_leaf_10_CK	U_SCAN_0064/CK	0.20000000000000001	0.5	fixed_scan_clock
clknet_leaf_10_CK	clkbuf_leaf_10_CK/Z	0.20000000000000001	0.5	fixed_scan_clock
clknet_leaf_10_CK	clkload23/A	0.20000000000000001	0.5	fixed_scan_clock
clknet_leaf_11_CK	U_SCAN_0058/CK	0.20000000000000001	0.5	fixed_scan_clock
clknet_leaf_11_CK	U_SCAN_0060/CK	0.20000000000000001	0.5	fixed_scan_clock
clknet_leaf_11_CK	U_SCAN_0077/CK	0.20000000000000001	0.5	fixed_scan_clock
clknet_leaf_11_CK	U_SCAN_0079/CK	0.20000000000000001	0.5	fixed_scan_clock
clknet_leaf_11_CK	U_SCAN_0080/CK	0.20000000000000001	0.5	fixed_scan_clock
clknet_leaf_11_CK	U_SCAN_0081/CK	0.20000000000000001	0.5	fixed_scan_clock
clknet_leaf_11_CK	U_SCAN_0082/CK	0.20000000000000001	0.5	fixed_scan_clock
clknet_leaf_11_CK	U_SCAN_0083/CK	0.20000000000000001	0.5	fixed_scan_clock
clknet_leaf_11_CK	clkbuf_leaf_11_CK/Z	0.20000000000000001	0.5	fixed_scan_clock
clknet_leaf_12_CK	U_SCAN_0059/CK	0.20000000000000001	0.5	fixed_scan_clock
clknet_leaf_12_CK	U_SCAN_0070/CK	0.20000000000000001	0.5	fixed_scan_clock
clknet_leaf_12_CK	U_SCAN_0071/CK	0.20000000000000001	0.5	fixed_scan_clock
clknet_leaf_12_CK	U_SCAN_0073/CK	0.20000000000000001	0.5	fixed_scan_clock
clknet_leaf_12_CK	U_SCAN_0074/CK	0.20000000000000001	0.5	fixed_scan_clock
clknet_leaf_12_CK	U_SCAN_0076/CK	0.20000000000000001	0.5	fixed_scan_clock
clknet_leaf_12_CK	U_SCAN_0078/CK	0.20000000000000001	0.5	fixed_scan_clock
clknet_leaf_12_CK	clkbuf_leaf_12_CK/Z	0.20000000000000001	0.5	fixed_scan_clock
clknet_leaf_12_CK	clkload24/A	0.20000000000000001	0.5	fixed_scan_clock
clknet_leaf_13_CK	U_SCAN_0065/CK	0.20000000000000001	0.5	fixed_scan_clock
clknet_leaf_13_CK	U_SCAN_0066/CK	0.20000000000000001	0.5	fixed_scan_clock
clknet_leaf_13_CK	U_SCAN_0067/CK	0.20000000000000001	0.5	fixed_scan_clock
clknet_leaf_13_CK	U_SCAN_0069/CK	0.20000000000000001	0.5	fixed_scan_clock
clknet_leaf_13_CK	U_SCAN_0072/CK	0.20000000000000001	0.5	fixed_scan_clock
clknet_leaf_13_CK	U_SCAN_0075/CK	0.20000000000000001	0.5	fixed_scan_clock
clknet_leaf_13_CK	U_SCAN_0244/CK	0.20000000000000001	0.5	fixed_scan_clock
clknet_leaf_13_CK	clkbuf_leaf_13_CK/Z	0.20000000000000001	0.5	fixed_scan_clock
clknet_leaf_13_CK	clkload25/A	0.20000000000000001	0.5	fixed_scan_clock
clknet_leaf_14_CK	U_SCAN_0061/CK	0.20000000000000001	0.5	fixed_scan_clock
clknet_leaf_14_CK	U_SCAN_0068/CK	0.20000000000000001	0.5	fixed_scan_clock
clknet_leaf_14_CK	U_SCAN_0140/CK	0.20000000000000001	0.5	fixed_scan_clock
clknet_leaf_14_CK	U_SCAN_0141/CK	0.20000000000000001	0.5	fixed_scan_clock
clknet_leaf_14_CK	U_SCAN_0171/CK	0.20000000000000001	0.5	fixed_scan_clock
clknet_leaf_14_CK	U_SCAN_0172/CK	0.20000000000000001	0.5	fixed_scan_clock
clknet_leaf_14_CK	U_SCAN_0173/CK	0.20000000000000001	0.5	fixed_scan_clock
clknet_leaf_14_CK	clkbuf_leaf_14_CK/Z	0.20000000000000001	0.5	fixed_scan_clock
clknet_leaf_14_CK	clkload26/A	0.20000000000000001	0.5	fixed_scan_clock
clknet_leaf_15_CK	U_SCAN_0174/CK	0.20000000000000001	0.5	fixed_scan_clock
clknet_leaf_15_CK	U_SCAN_0202/CK	0.20000000000000001	0.5	fixed_scan_clock
clknet_leaf_15_CK	U_SCAN_0204/CK	0.20000000000000001	0.5	fixed_scan_clock
clknet_leaf_15_CK	U_SCAN_0205/CK	0.20000000000000001	0.5	fixed_scan_clock
clknet_leaf_15_CK	U_SCAN_0206/CK	0.20000000000000001	0.5	fixed_scan_clock
clknet_leaf_15_CK	clkbuf_leaf_15_CK/Z	0.20000000000000001	0.5	fixed_scan_clock
clknet_leaf_15_CK	clkload27/A	0.20000000000000001	0.5	fixed_scan_clock
clknet_leaf_16_CK	U_SCAN_0043/CK	0.20000000000000001	0.5	fixed_scan_clock
clknet_leaf_16_CK	U_SCAN_0044/CK	0.20000000000000001	0.5	fixed_scan_clock
clknet_leaf_16_CK	U_SCAN_0045/CK	0.20000000000000001	0.5	fixed_scan_clock
clknet_leaf_16_CK	U_SCAN_0138/CK	0.20000000000000001	0.5	fixed_scan_clock
clknet_leaf_16_CK	U_SCAN_0139/CK	0.20000000000000001	0.5	fixed_scan_clock
clknet_leaf_16_CK	U_SCAN_0170/CK	0.20000000000000001	0.5	fixed_scan_clock
clknet_leaf_16_CK	U_SCAN_0203/CK	0.20000000000000001	0.5	fixed_scan_clock
clknet_leaf_16_CK	clkbuf_leaf_16_CK/Z	0.20000000000000001	0.5	fixed_scan_clock
clknet_leaf_16_CK	clkload28/A	0.20000000000000001	0.5	fixed_scan_clock
clknet_leaf_17_CK	U_SCAN_0041/CK	0.20000000000000001	0.5	fixed_scan_clock
clknet_leaf_17_CK	U_SCAN_0042/CK	0.20000000000000001	0.5	fixed_scan_clock
clknet_leaf_17_CK	U_SCAN_0136/CK	0.20000000000000001	0.5	fixed_scan_clock
clknet_leaf_17_CK	U_SCAN_0137/CK	0.20000000000000001	0.5	fixed_scan_clock
clknet_leaf_17_CK	U_SCAN_0168/CK	0.20000000000000001	0.5	fixed_scan_clock
clknet_leaf_17_CK	U_SCAN_0169/CK	0.20000000000000001	0.5	fixed_scan_clock
clknet_leaf_17_CK	U_SCAN_0201/CK	0.20000000000000001	0.5	fixed_scan_clock
clknet_leaf_17_CK	clkbuf_leaf_17_CK/Z	0.20000000000000001	0.5	fixed_scan_clock
clknet_leaf_18_CK	U_SCAN_0130/CK	0.20000000000000001	0.5	fixed_scan_clock
clknet_leaf_18_CK	U_SCAN_0131/CK	0.20000000000000001	0.5	fixed_scan_clock
clknet_leaf_18_CK	U_SCAN_0162/CK	0.20000000000000001	0.5	fixed_scan_clock
clknet_leaf_18_CK	U_SCAN_0163/CK	0.20000000000000001	0.5	fixed_scan_clock
clknet_leaf_18_CK	U_SCAN_0194/CK	0.20000000000000001	0.5	fixed_scan_clock
clknet_leaf_18_CK	U_SCAN_0200/CK	0.20000000000000001	0.5	fixed_scan_clock
clknet_leaf_18_CK	clkbuf_leaf_18_CK/Z	0.20000000000000001	0.5	fixed_scan_clock
clknet_leaf_18_CK	clkload29/A	0.20000000000000001	0.5	fixed_scan_clock
clknet_leaf_19_CK	U_SCAN_0128/CK	0.20000000000000001	0.5	fixed_scan_clock
clknet_leaf_19_CK	U_SCAN_0129/CK	0.20000000000000001	0.5	fixed_scan_clock
clknet_leaf_19_CK	U_SCAN_0193/CK	0.20000000000000001	0.5	fixed_scan_clock
clknet_leaf_19_CK	U_SCAN_0225/CK	0.20000000000000001	0.5	fixed_scan_clock
clknet_leaf_19_CK	U_SCAN_0235/CK	0.20000000000000001	0.5	fixed_scan_clock
clknet_leaf_19_CK	clkbuf_leaf_19_CK/Z	0.20000000000000001	0.5	fixed_scan_clock
clknet_leaf_19_CK	clkload30/A	0.20000000000000001	0.5	fixed_scan_clock
clknet_leaf_1_CK	U_SCAN_0013/CK	0.20000000000000001	0.5	fixed_scan_clock
clknet_leaf_1_CK	U_SCAN_0014/CK	0.20000000000000001	0.5	fixed_scan_clock
clknet_leaf_1_CK	U_SCAN_0086/CK	0.20000000000000001	0.5	fixed_scan_clock
clknet_leaf_1_CK	U_SCAN_0113/CK	0.20000000000000001	0.5	fixed_scan_clock
clknet_leaf_1_CK	U_SCAN_0114/CK	0.20000000000000001	0.5	fixed_scan_clock
clknet_leaf_1_CK	U_SCAN_0115/CK	0.20000000000000001	0.5	fixed_scan_clock
clknet_leaf_1_CK	U_SCAN_0118/CK	0.20000000000000001	0.5	fixed_scan_clock
clknet_leaf_1_CK	clkbuf_leaf_1_CK/Z	0.20000000000000001	0.5	fixed_scan_clock
clknet_leaf_1_CK	clkload4/A	0.20000000000000001	0.5	fixed_scan_clock
clknet_leaf_20_CK	U_SCAN_0195/CK	0.20000000000000001	0.5	fixed_scan_clock
clknet_leaf_20_CK	U_SCAN_0196/CK	0.20000000000000001	0.5	fixed_scan_clock
clknet_leaf_20_CK	U_SCAN_0197/CK	0.20000000000000001	0.5	fixed_scan_clock
clknet_leaf_20_CK	U_SCAN_0199/CK	0.20000000000000001	0.5	fixed_scan_clock
clknet_leaf_20_CK	clkbuf_leaf_20_CK/Z	0.20000000000000001	0.5	fixed_scan_clock
clknet_leaf_20_CK	clkload31/A	0.20000000000000001	0.5	fixed_scan_clock
clknet_leaf_21_CK	U_SCAN_0039/CK	0.20000000000000001	0.5	fixed_scan_clock
clknet_leaf_21_CK	U_SCAN_0040/CK	0.20000000000000001	0.5	fixed_scan_clock
clknet_leaf_21_CK	U_SCAN_0135/CK	0.20000000000000001	0.5	fixed_scan_clock
clknet_leaf_21_CK	U_SCAN_0232/CK	0.20000000000000001	0.5	fixed_scan_clock
clknet_leaf_21_CK	U_SCAN_0233/CK	0.20000000000000001	0.5	fixed_scan_clock
clknet_leaf_21_CK	U_SCAN_0234/CK	0.20000000000000001	0.5	fixed_scan_clock
clknet_leaf_21_CK	clkbuf_leaf_21_CK/Z	0.20000000000000001	0.5	fixed_scan_clock
clknet_leaf_21_CK	clkload32/A	0.20000000000000001	0.5	fixed_scan_clock
clknet_leaf_22_CK	U_SCAN_0038/CK	0.20000000000000001	0.5	fixed_scan_clock
clknet_leaf_22_CK	U_SCAN_0134/CK	0.20000000000000001	0.5	fixed_scan_clock
clknet_leaf_22_CK	U_SCAN_0165/CK	0.20000000000000001	0.5	fixed_scan_clock
clknet_leaf_22_CK	U_SCAN_0166/CK	0.20000000000000001	0.5	fixed_scan_clock
clknet_leaf_22_CK	U_SCAN_0167/CK	0.20000000000000001	0.5	fixed_scan_clock
clknet_leaf_22_CK	U_SCAN_0198/CK	0.20000000000000001	0.5	fixed_scan_clock
clknet_leaf_22_CK	U_SCAN_0231/CK	0.20000000000000001	0.5	fixed_scan_clock
clknet_leaf_22_CK	clkbuf_leaf_22_CK/Z	0.20000000000000001	0.5	fixed_scan_clock
clknet_leaf_23_CK	U_SCAN_0036/CK	0.20000000000000001	0.5	fixed_scan_clock
clknet_leaf_23_CK	U_SCAN_0037/CK	0.20000000000000001	0.5	fixed_scan_clock
clknet_leaf_23_CK	U_SCAN_0132/CK	0.20000000000000001	0.5	fixed_scan_clock
clknet_leaf_23_CK	U_SCAN_0133/CK	0.20000000000000001	0.5	fixed_scan_clock
clknet_leaf_23_CK	U_SCAN_0164/CK	0.20000000000000001	0.5	fixed_scan_clock
clknet_leaf_23_CK	clkbuf_leaf_23_CK/Z	0.20000000000000001	0.5	fixed_scan_clock
clknet_leaf_23_CK	clkload33/A	0.20000000000000001	0.5	fixed_scan_clock
clknet_leaf_24_CK	U_SCAN_0034/CK	0.20000000000000001	0.5	fixed_scan_clock
clknet_leaf_24_CK	U_SCAN_0035/CK	0.20000000000000001	0.5	fixed_scan_clock
clknet_leaf_24_CK	U_SCAN_0227/CK	0.20000000000000001	0.5	fixed_scan_clock
clknet_leaf_24_CK	U_SCAN_0228/CK	0.20000000000000001	0.5	fixed_scan_clock
clknet_leaf_24_CK	U_SCAN_0229/CK	0.20000000000000001	0.5	fixed_scan_clock
clknet_leaf_24_CK	U_SCAN_0230/CK	0.20000000000000001	0.5	fixed_scan_clock
clknet_leaf_24_CK	clkbuf_leaf_24_CK/Z	0.20000000000000001	0.5	fixed_scan_clock
clknet_leaf_24_CK	clkload34/A	0.20000000000000001	0.5	fixed_scan_clock
clknet_leaf_25_CK	U_SCAN_0009/CK	0.20000000000000001	0.5	fixed_scan_clock
clknet_leaf_25_CK	U_SCAN_0030/CK	0.20000000000000001	0.5	fixed_scan_clock
clknet_leaf_25_CK	U_SCAN_0031/CK	0.20000000000000001	0.5	fixed_scan_clock
clknet_leaf_25_CK	U_SCAN_0032/CK	0.20000000000000001	0.5	fixed_scan_clock
clknet_leaf_25_CK	U_SCAN_0033/CK	0.20000000000000001	0.5	fixed_scan_clock
clknet_leaf_25_CK	U_SCAN_0223/CK	0.20000000000000001	0.5	fixed_scan_clock
clknet_leaf_25_CK	U_SCAN_0224/CK	0.20000000000000001	0.5	fixed_scan_clock
clknet_leaf_25_CK	clkbuf_leaf_25_CK/Z	0.20000000000000001	0.5	fixed_scan_clock
clknet_leaf_26_CK	U_SCAN_0010/CK	0.20000000000000001	0.5	fixed_scan_clock
clknet_leaf_26_CK	U_SCAN_0159/CK	0.20000000000000001	0.5	fixed_scan_clock
clknet_leaf_26_CK	U_SCAN_0191/CK	0.20000000000000001	0.5	fixed_scan_clock
clknet_leaf_26_CK	U_SCAN_0192/CK	0.20000000000000001	0.5	fixed_scan_clock
clknet_leaf_26_CK	U_SCAN_0226/CK	0.20000000000000001	0.5	fixed_scan_clock
clknet_leaf_26_CK	clkbuf_leaf_26_CK/Z	0.20000000000000001	0.5	fixed_scan_clock
clknet_leaf_26_CK	clkload35/A	0.20000000000000001	0.5	fixed_scan_clock
clknet_leaf_27_CK	U_SCAN_0125/CK	0.20000000000000001	0.5	fixed_scan_clock
clknet_leaf_27_CK	U_SCAN_0126/CK	0.20000000000000001	0.5	fixed_scan_clock
clknet_leaf_27_CK	U_SCAN_0127/CK	0.20000000000000001	0.5	fixed_scan_clock
clknet_leaf_27_CK	U_SCAN_0158/CK	0.20000000000000001	0.5	fixed_scan_clock
clknet_leaf_27_CK	U_SCAN_0161/CK	0.20000000000000001	0.5	fixed_scan_clock
clknet_leaf_27_CK	U_SCAN_0189/CK	0.20000000000000001	0.5	fixed_scan_clock
clknet_leaf_27_CK	U_SCAN_0190/CK	0.20000000000000001	0.5	fixed_scan_clock
clknet_leaf_27_CK	clkbuf_leaf_27_CK/Z	0.20000000000000001	0.5	fixed_scan_clock
clknet_leaf_27_CK	clkload11/A	0.20000000000000001	0.5	fixed_scan_clock
clknet_leaf_28_CK	U_SCAN_0123/CK	0.20000000000000001	0.5	fixed_scan_clock
clknet_leaf_28_CK	U_SCAN_0124/CK	0.20000000000000001	0.5	fixed_scan_clock
clknet_leaf_28_CK	U_SCAN_0157/CK	0.20000000000000001	0.5	fixed_scan_clock
clknet_leaf_28_CK	U_SCAN_0188/CK	0.20000000000000001	0.5	fixed_scan_clock
clknet_leaf_28_CK	clkbuf_leaf_28_CK/Z	0.20000000000000001	0.5	fixed_scan_clock
clknet_leaf_28_CK	clkload12/A	0.20000000000000001	0.5	fixed_scan_clock
clknet_leaf_29_CK	U_SCAN_0007/CK	0.20000000000000001	0.5	fixed_scan_clock
clknet_leaf_29_CK	U_SCAN_0008/CK	0.20000000000000001	0.5	fixed_scan_clock
clknet_leaf_29_CK	U_SCAN_0021/CK	0.20000000000000001	0.5	fixed_scan_clock
clknet_leaf_29_CK	U_SCAN_0026/CK	0.20000000000000001	0.5	fixed_scan_clock
clknet_leaf_29_CK	U_SCAN_0028/CK	0.20000000000000001	0.5	fixed_scan_clock
clknet_leaf_29_CK	U_SCAN_0029/CK	0.20000000000000001	0.5	fixed_scan_clock
clknet_leaf_29_CK	U_SCAN_0222/CK	0.20000000000000001	0.5	fixed_scan_clock
clknet_leaf_29_CK	clkbuf_leaf_29_CK/Z	0.20000000000000001	0.5	fixed_scan_clock
clknet_leaf_29_CK	clkload13/A	0.20000000000000001	0.5	fixed_scan_clock
clknet_leaf_2_CK	U_SCAN_0012/CK	0.20000000000000001	0.5	fixed_scan_clock
clknet_leaf_2_CK	U_SCAN_0085/CK	0.20000000000000001	0.5	fixed_scan_clock
clknet_leaf_2_CK	U_SCAN_0087/CK	0.20000000000000001	0.5	fixed_scan_clock
clknet_leaf_2_CK	U_SCAN_0089/CK	0.20000000000000001	0.5	fixed_scan_clock
clknet_leaf_2_CK	U_SCAN_0108/CK	0.20000000000000001	0.5	fixed_scan_clock
clknet_leaf_2_CK	U_SCAN_0111/CK	0.20000000000000001	0.5	fixed_scan_clock
clknet_leaf_2_CK	U_SCAN_0117/CK	0.20000000000000001	0.5	fixed_scan_clock
clknet_leaf_2_CK	clkbuf_leaf_2_CK/Z	0.20000000000000001	0.5	fixed_scan_clock
clknet_leaf_2_CK	clkload5/A	0.20000000000000001	0.5	fixed_scan_clock
clknet_leaf_30_CK	U_SCAN_0022/CK	0.20000000000000001	0.5	fixed_scan_clock
clknet_leaf_30_CK	U_SCAN_0023/CK	0.20000000000000001	0.5	fixed_scan_clock
clknet_leaf_30_CK	U_SCAN_0024/CK	0.20000000000000001	0.5	fixed_scan_clock
clknet_leaf_30_CK	U_SCAN_0025/CK	0.20000000000000001	0.5	fixed_scan_clock
clknet_leaf_30_CK	U_SCAN_0027/CK	0.20000000000000001	0.5	fixed_scan_clock
clknet_leaf_30_CK	U_SCAN_0220/CK	0.20000000000000001	0.5	fixed_scan_clock
clknet_leaf_30_CK	U_SCAN_0221/CK	0.20000000000000001	0.5	fixed_scan_clock
clknet_leaf_30_CK	clkbuf_leaf_30_CK/Z	0.20000000000000001	0.5	fixed_scan_clock
clknet_leaf_30_CK	clkload14/A	0.20000000000000001	0.5	fixed_scan_clock
clknet_leaf_31_CK	U_SCAN_0006/CK	0.20000000000000001	0.5	fixed_scan_clock
clknet_leaf_31_CK	U_SCAN_0217/CK	0.20000000000000001	0.5	fixed_scan_clock
clknet_leaf_31_CK	U_SCAN_0218/CK	0.20000000000000001	0.5	fixed_scan_clock
clknet_leaf_31_CK	U_SCAN_0219/CK	0.20000000000000001	0.5	fixed_scan_clock
clknet_leaf_31_CK	clkbuf_leaf_31_CK/Z	0.20000000000000001	0.5	fixed_scan_clock
clknet_leaf_31_CK	clkload15/A	0.20000000000000001	0.5	fixed_scan_clock
clknet_leaf_32_CK	U_SCAN_0004/CK	0.20000000000000001	0.5	fixed_scan_clock
clknet_leaf_32_CK	U_SCAN_0005/CK	0.20000000000000001	0.5	fixed_scan_clock
clknet_leaf_32_CK	U_SCAN_0121/CK	0.20000000000000001	0.5	fixed_scan_clock
clknet_leaf_32_CK	U_SCAN_0122/CK	0.20000000000000001	0.5	fixed_scan_clock
clknet_leaf_32_CK	U_SCAN_0154/CK	0.20000000000000001	0.5	fixed_scan_clock
clknet_leaf_32_CK	U_SCAN_0155/CK	0.20000000000000001	0.5	fixed_scan_clock
clknet_leaf_32_CK	U_SCAN_0156/CK	0.20000000000000001	0.5	fixed_scan_clock
clknet_leaf_32_CK	U_SCAN_0187/CK	0.20000000000000001	0.5	fixed_scan_clock
clknet_leaf_32_CK	clkbuf_leaf_32_CK/Z	0.20000000000000001	0.5	fixed_scan_clock
clknet_leaf_33_CK	U_SCAN_0002/CK	0.20000000000000001	0.5	fixed_scan_clock
clknet_leaf_33_CK	U_SCAN_0003/CK	0.20000000000000001	0.5	fixed_scan_clock
clknet_leaf_33_CK	U_SCAN_0120/CK	0.20000000000000001	0.5	fixed_scan_clock
clknet_leaf_33_CK	U_SCAN_0153/CK	0.20000000000000001	0.5	fixed_scan_clock
clknet_leaf_33_CK	U_SCAN_0184/CK	0.20000000000000001	0.5	fixed_scan_clock
clknet_leaf_33_CK	U_SCAN_0185/CK	0.20000000000000001	0.5	fixed_scan_clock
clknet_leaf_33_CK	U_SCAN_0186/CK	0.20000000000000001	0.5	fixed_scan_clock
clknet_leaf_33_CK	clkbuf_leaf_33_CK/Z	0.20000000000000001	0.5	fixed_scan_clock
clknet_leaf_33_CK	clkload16/A	0.20000000000000001	0.5	fixed_scan_clock
clknet_leaf_34_CK	U_SCAN_0001/CK	0.20000000000000001	0.5	fixed_scan_clock
clknet_leaf_34_CK	U_SCAN_0152/CK	0.20000000000000001	0.5	fixed_scan_clock
clknet_leaf_34_CK	U_SCAN_0182/CK	0.20000000000000001	0.5	fixed_scan_clock
clknet_leaf_34_CK	U_SCAN_0183/CK	0.20000000000000001	0.5	fixed_scan_clock
clknet_leaf_34_CK	U_SCAN_0214/CK	0.20000000000000001	0.5	fixed_scan_clock
clknet_leaf_34_CK	U_SCAN_0215/CK	0.20000000000000001	0.5	fixed_scan_clock
clknet_leaf_34_CK	U_SCAN_0216/CK	0.20000000000000001	0.5	fixed_scan_clock
clknet_leaf_34_CK	clkbuf_leaf_34_CK/Z	0.20000000000000001	0.5	fixed_scan_clock
clknet_leaf_34_CK	clkload17/A	0.20000000000000001	0.5	fixed_scan_clock
clknet_leaf_35_CK	U_SCAN_0000/CK	0.20000000000000001	0.5	fixed_scan_clock
clknet_leaf_35_CK	U_SCAN_0119/CK	0.20000000000000001	0.5	fixed_scan_clock
clknet_leaf_35_CK	U_SCAN_0149/CK	0.20000000000000001	0.5	fixed_scan_clock
clknet_leaf_35_CK	U_SCAN_0151/CK	0.20000000000000001	0.5	fixed_scan_clock
clknet_leaf_35_CK	U_SCAN_0181/CK	0.20000000000000001	0.5	fixed_scan_clock
clknet_leaf_35_CK	U_SCAN_0213/CK	0.20000000000000001	0.5	fixed_scan_clock
clknet_leaf_35_CK	U_SCAN_0242/CK	0.20000000000000001	0.5	fixed_scan_clock
clknet_leaf_35_CK	U_SCAN_0243/CK	0.20000000000000001	0.5	fixed_scan_clock
clknet_leaf_35_CK	clkbuf_leaf_35_CK/Z	0.20000000000000001	0.5	fixed_scan_clock
clknet_leaf_36_CK	U_SCAN_0019/CK	0.20000000000000001	0.5	fixed_scan_clock
clknet_leaf_36_CK	U_SCAN_0150/CK	0.20000000000000001	0.5	fixed_scan_clock
clknet_leaf_36_CK	U_SCAN_0212/CK	0.20000000000000001	0.5	fixed_scan_clock
clknet_leaf_36_CK	U_SCAN_0241/CK	0.20000000000000001	0.5	fixed_scan_clock
clknet_leaf_36_CK	clkbuf_leaf_36_CK/Z	0.20000000000000001	0.5	fixed_scan_clock
clknet_leaf_36_CK	clkload8/A	0.20000000000000001	0.5	fixed_scan_clock
clknet_leaf_37_CK	U_SCAN_0051/CK	0.20000000000000001	0.5	fixed_scan_clock
clknet_leaf_37_CK	U_SCAN_0052/CK	0.20000000000000001	0.5	fixed_scan_clock
clknet_leaf_37_CK	U_SCAN_0148/CK	0.20000000000000001	0.5	fixed_scan_clock
clknet_leaf_37_CK	U_SCAN_0209/CK	0.20000000000000001	0.5	fixed_scan_clock
clknet_leaf_37_CK	U_SCAN_0210/CK	0.20000000000000001	0.5	fixed_scan_clock
clknet_leaf_37_CK	U_SCAN_0211/CK	0.20000000000000001	0.5	fixed_scan_clock
clknet_leaf_37_CK	U_SCAN_0239/CK	0.20000000000000001	0.5	fixed_scan_clock
clknet_leaf_37_CK	U_SCAN_0240/CK	0.20000000000000001	0.5	fixed_scan_clock
clknet_leaf_37_CK	clkbuf_leaf_37_CK/Z	0.20000000000000001	0.5	fixed_scan_clock
clknet_leaf_38_CK	U_SCAN_0018/CK	0.20000000000000001	0.5	fixed_scan_clock
clknet_leaf_38_CK	U_SCAN_0048/CK	0.20000000000000001	0.5	fixed_scan_clock
clknet_leaf_38_CK	U_SCAN_0049/CK	0.20000000000000001	0.5	fixed_scan_clock
clknet_leaf_38_CK	U_SCAN_0050/CK	0.20000000000000001	0.5	fixed_scan_clock
clknet_leaf_38_CK	U_SCAN_0180/CK	0.20000000000000001	0.5	fixed_scan_clock
clknet_leaf_38_CK	clkbuf_leaf_38_CK/Z	0.20000000000000001	0.5	fixed_scan_clock
clknet_leaf_38_CK	clkload9/A	0.20000000000000001	0.5	fixed_scan_clock
clknet_leaf_39_CK	U_SCAN_0017/CK	0.20000000000000001	0.5	fixed_scan_clock
clknet_leaf_39_CK	U_SCAN_0146/CK	0.20000000000000001	0.5	fixed_scan_clock
clknet_leaf_39_CK	U_SCAN_0147/CK	0.20000000000000001	0.5	fixed_scan_clock
clknet_leaf_39_CK	U_SCAN_0177/CK	0.20000000000000001	0.5	fixed_scan_clock
clknet_leaf_39_CK	U_SCAN_0178/CK	0.20000000000000001	0.5	fixed_scan_clock
clknet_leaf_39_CK	U_SCAN_0179/CK	0.20000000000000001	0.5	fixed_scan_clock
clknet_leaf_39_CK	clkbuf_leaf_39_CK/Z	0.20000000000000001	0.5	fixed_scan_clock
clknet_leaf_39_CK	clkload10/A	0.20000000000000001	0.5	fixed_scan_clock
clknet_leaf_3_CK	U_SCAN_0011/CK	0.20000000000000001	0.5	fixed_scan_clock
clknet_leaf_3_CK	U_SCAN_0088/CK	0.20000000000000001	0.5	fixed_scan_clock
clknet_leaf_3_CK	U_SCAN_0107/CK	0.20000000000000001	0.5	fixed_scan_clock
clknet_leaf_3_CK	U_SCAN_0110/CK	0.20000000000000001	0.5	fixed_scan_clock
clknet_leaf_3_CK	U_SCAN_0116/CK	0.20000000000000001	0.5	fixed_scan_clock
clknet_leaf_3_CK	clkbuf_leaf_3_CK/Z	0.20000000000000001	0.5	fixed_scan_clock
clknet_leaf_3_CK	clkload6/A	0.20000000000000001	0.5	fixed_scan_clock
clknet_leaf_4_CK	U_SCAN_0176/CK	0.20000000000000001	0.5	fixed_scan_clock
clknet_leaf_4_CK	U_SCAN_0207/CK	0.20000000000000001	0.5	fixed_scan_clock
clknet_leaf_4_CK	U_SCAN_0208/CK	0.20000000000000001	0.5	fixed_scan_clock
clknet_leaf_4_CK	U_SCAN_0237/CK	0.20000000000000001	0.5	fixed_scan_clock
clknet_leaf_4_CK	clkbuf_leaf_4_CK/Z	0.20000000000000001	0.5	fixed_scan_clock
clknet_leaf_4_CK	clkload7/A	0.20000000000000001	0.5	fixed_scan_clock
clknet_leaf_5_CK	U_SCAN_0020/CK	0.20000000000000001	0.5	fixed_scan_clock
clknet_leaf_5_CK	U_SCAN_0160/CK	0.20000000000000001	0.5	fixed_scan_clock
clknet_leaf_5_CK	U_SCAN_0236/CK	0.20000000000000001	0.5	fixed_scan_clock
clknet_leaf_5_CK	clkbuf_leaf_5_CK/Z	0.20000000000000001	0.5	fixed_scan_clock
clknet_leaf_5_CK	clkload18/A	0.20000000000000001	0.5	fixed_scan_clock
clknet_leaf_6_CK	U_SCAN_0047/CK	0.20000000000000001	0.5	fixed_scan_clock
clknet_leaf_6_CK	U_SCAN_0104/CK	0.20000000000000001	0.5	fixed_scan_clock
clknet_leaf_6_CK	U_SCAN_0106/CK	0.20000000000000001	0.5	fixed_scan_clock
clknet_leaf_6_CK	U_SCAN_0109/CK	0.20000000000000001	0.5	fixed_scan_clock
clknet_leaf_6_CK	U_SCAN_0143/CK	0.20000000000000001	0.5	fixed_scan_clock
clknet_leaf_6_CK	U_SCAN_0175/CK	0.20000000000000001	0.5	fixed_scan_clock
clknet_leaf_6_CK	clkbuf_leaf_6_CK/Z	0.20000000000000001	0.5	fixed_scan_clock
clknet_leaf_6_CK	clkload19/A	0.20000000000000001	0.5	fixed_scan_clock
clknet_leaf_7_CK	U_SCAN_0090/CK	0.20000000000000001	0.5	fixed_scan_clock
clknet_leaf_7_CK	U_SCAN_0091/CK	0.20000000000000001	0.5	fixed_scan_clock
clknet_leaf_7_CK	U_SCAN_0092/CK	0.20000000000000001	0.5	fixed_scan_clock
clknet_leaf_7_CK	U_SCAN_0095/CK	0.20000000000000001	0.5	fixed_scan_clock
clknet_leaf_7_CK	U_SCAN_0096/CK	0.20000000000000001	0.5	fixed_scan_clock
clknet_leaf_7_CK	U_SCAN_0097/CK	0.20000000000000001	0.5	fixed_scan_clock
clknet_leaf_7_CK	U_SCAN_0105/CK	0.20000000000000001	0.5	fixed_scan_clock
clknet_leaf_7_CK	clkbuf_leaf_7_CK/Z	0.20000000000000001	0.5	fixed_scan_clock
clknet_leaf_7_CK	clkload20/A	0.20000000000000001	0.5	fixed_scan_clock
clknet_leaf_8_CK	U_SCAN_0093/CK	0.20000000000000001	0.5	fixed_scan_clock
clknet_leaf_8_CK	U_SCAN_0094/CK	0.20000000000000001	0.5	fixed_scan_clock
clknet_leaf_8_CK	U_SCAN_0098/CK	0.20000000000000001	0.5	fixed_scan_clock
clknet_leaf_8_CK	U_SCAN_0099/CK	0.20000000000000001	0.5	fixed_scan_clock
clknet_leaf_8_CK	U_SCAN_0102/CK	0.20000000000000001	0.5	fixed_scan_clock
clknet_leaf_8_CK	U_SCAN_0103/CK	0.20000000000000001	0.5	fixed_scan_clock
clknet_leaf_8_CK	clkbuf_leaf_8_CK/Z	0.20000000000000001	0.5	fixed_scan_clock
clknet_leaf_8_CK	clkload21/A	0.20000000000000001	0.5	fixed_scan_clock
clknet_leaf_9_CK	U_SCAN_0046/CK	0.20000000000000001	0.5	fixed_scan_clock
clknet_leaf_9_CK	U_SCAN_0053/CK	0.20000000000000001	0.5	fixed_scan_clock
clknet_leaf_9_CK	U_SCAN_0054/CK	0.20000000000000001	0.5	fixed_scan_clock
clknet_leaf_9_CK	U_SCAN_0084/CK	0.20000000000000001	0.5	fixed_scan_clock
clknet_leaf_9_CK	U_SCAN_0100/CK	0.20000000000000001	0.5	fixed_scan_clock
clknet_leaf_9_CK	U_SCAN_0101/CK	0.20000000000000001	0.5	fixed_scan_clock
clknet_leaf_9_CK	U_SCAN_0142/CK	0.20000000000000001	0.5	fixed_scan_clock
clknet_leaf_9_CK	clkbuf_leaf_9_CK/Z	0.20000000000000001	0.5	fixed_scan_clock
clknet_leaf_9_CK	clkload22/A	0.20000000000000001	0.5	fixed_scan_clock
test_se	test_se	0	1	scan_enable_asserted
test_se	hold402/A	0	1	scan_enable_asserted
