net,source,x_um,y_um,scope_scan_data,transitions,ground_ff,incident_coupling_ff,pin_ff,ground_pin_ff,cap_status
FE_OFN18_n852gat,FE_OFC18_n852gat/ZN,73.15,63.0,False,30,0.1125908,0.00912244,1.70023,1.8128208,EXTRACTED
FE_OFN20_n852gat,FE_OFC20_n852gat/ZN,72.77,64.4,False,30,0.37348600000000004,0.5522430100000001,1.70023,2.073716,EXTRACTED
FE_OFN2_n851gat,FE_OFC2_n851gat/ZN,72.58,58.8,False,25,0.7822769999999999,1.3914605519999999,1.70023,2.482507,EXTRACTED
FE_OFN33_n851gat,FE_OFC33_n851gat/ZN,72.01,61.6,False,25,0.1158574,0.11090778,1.70023,1.8160873999999998,EXTRACTED
FE_OFN35_n851gat,FE_OFC35_n851gat/ZN,72.2,58.8,False,25,2.2412232699999994,1.8352308230000003,15.177735,17.41895827,EXTRACTED
FE_OFN36_n852gat,FE_OFC36_n852gat/ZN,68.02,67.2,False,30,0.172173,0.16307885900000002,1.70023,1.8724029999999998,EXTRACTED
FE_OFN38_n852gat,FE_OFC38_n852gat/ZN,70.11,65.8,False,30,0.12286059999999999,0.07193001,1.70023,1.8230906,EXTRACTED
FE_OFN47_n852gat,FE_OFC47_n852gat/ZN,71.25,64.4,False,30,0.691776,0.7672975069999999,1.70023,2.392006,EXTRACTED
FE_OFN49_n852gat,FE_OFC49_n852gat/ZN,62.7,60.2,False,30,0.559512,0.623892374,1.70023,2.259742,EXTRACTED
FE_OFN4_n851gat,FE_OFC4_n851gat/ZN,64.98,67.2,False,25,0.6528574,0.6371395849999998,1.70023,2.3530873999999997,EXTRACTED
FE_OFN50_n852gat,FE_OFC50_n852gat/ZN,69.73,64.4,False,30,0.11719570000000001,0.025527188,3.40046,3.5176556999999997,EXTRACTED
FE_OFN51_n852gat,FE_OFC51_n852gat/ZN,69.92,63.0,False,30,1.110878,0.9010655559999998,8.382977,9.493855,EXTRACTED
FE_OFN52_n852gat,FE_OFC52_n852gat/ZN,70.11,64.4,False,30,0.82317339,0.7824682700000002,6.731632,7.55480539,EXTRACTED
I11,U_I11/ZN,81.89,21.0,False,0,6.489614309999999,4.127586264000001,28.658730000000002,35.14834431,EXTRACTED
I1277,U_I1277/ZN,65.74,9.8,False,0,0.7538100000000001,1.1451150310000002,0.921561,1.6753710000000002,EXTRACTED
I1278,U_I1278/ZN,59.47,18.2,False,1161,0.79102356,0.5062153589999999,5.143413000000001,5.934436560000001,EXTRACTED
I1515,U_I1515/ZN,71.06,33.6,False,2412,0.20164200000000002,0.25304516,0.921561,1.123203,EXTRACTED
I1516,U_I1516/ZN,72.96,30.8,False,1042,3.0290391999999997,2.2840450800000003,0.946814,3.9758531999999995,EXTRACTED
I1584,U_I1584/ZN,33.06,43.4,False,2163,0.036541800000000006,0.0638637,0.921561,0.9581027999999999,EXTRACTED
I1585,U_I1585/ZN,34.2,43.4,False,1319,0.12976320000000002,0.11870356000000001,1.70023,1.8299931999999999,EXTRACTED
I1655,U_I1655/ZN,19.95,58.8,True,4565,0.48463199999999995,0.45115704700000003,0.946814,1.431446,EXTRACTED
I1723,U_I1723/ZN,33.63,42.0,False,3966,0.069104,0.1021638,0.921561,0.9906649999999999,EXTRACTED
I1724,U_I1724/ZN,32.49,42.0,False,117,0.0946432,0.14525004,1.70023,1.7948731999999998,EXTRACTED
I1733,U_I1733/ZN,24.7,47.6,False,555,0.41804800000000003,0.712204,0.921561,1.339609,EXTRACTED
I1734,U_I1734/ZN,33.25,46.2,False,31,0.1756094,0.07780190000000001,1.70023,1.8758393999999998,EXTRACTED
I2040,U_I2040/ZN,65.36,67.2,True,4449,1.2095004999999999,0.522165236,3.327684,4.5371845,EXTRACTED
I2044,U_I2044/ZN,60.23,60.2,True,4494,0.5750537,1.294646762,3.232596,3.8076497,EXTRACTED
I2049,U_I2049/ZN,56.24,57.4,True,4408,0.798956,1.1889549619999997,3.527142,4.326098,EXTRACTED
I2153,U_I2153/ZN,60.04,65.8,True,4543,0.43351477,0.4680732470000001,3.327684,3.76119877,EXTRACTED
I2157,U_I2157/ZN,58.9,65.8,True,4665,0.24735980000000002,0.36831522000000005,3.232596,3.4799558,EXTRACTED
I2162,U_I2162/ZN,61.18,65.8,True,4489,0.18659589999999998,0.15109481000000002,3.527142,3.7137379,EXTRACTED
I23,U_I23/ZN,76.57,30.8,False,0,2.76797031,2.1098863049999994,5.080287,7.84825731,EXTRACTED
I2672,U_I2672/ZN,10.64,28.0,True,4526,1.7814038999999997,1.8921491260000005,8.217189,9.998592899999998,EXTRACTED
I2684,U_I2684/ZN,9.5,26.6,True,4561,1.01410855,1.5603398100000008,9.71805,10.73215855,EXTRACTED
I2696,U_I2696/ZN,20.52,30.8,True,4541,1.26216807,1.8952187059999999,6.390154,7.65232207,EXTRACTED
I27,U_I27/ZN,83.6,14.0,False,0,6.2886934,4.946879385600001,28.011832000000002,34.3005254,EXTRACTED
I2720,U_I2720/ZN,13.3,32.2,False,1355,0.1783174,0.07619010400000001,0.921561,1.0998784,EXTRACTED
I2721,U_I2721/ZN,13.87,35.0,False,479,0.9996181,0.8717859,6.803517,7.8031351,EXTRACTED
I2731,U_I2731/ZN,15.58,29.4,True,4537,1.6198878300000001,2.237149917,9.273556000000001,10.89344383,EXTRACTED
I2735,U_I2735/ZN,18.05,22.4,False,2332,1.1536771099999998,0.288705718,0.921561,2.07523811,EXTRACTED
I2736,U_I2736/ZN,20.9,33.6,False,644,1.19242539,1.3440648349999995,8.284804000000001,9.477229390000002,EXTRACTED
I2812,U_I2812/ZN,34.58,50.4,False,1693,0.0575474,0.04836144,0.914189,0.9717364000000001,EXTRACTED
I2813,U_I2813/ZN,34.77,49.0,False,2819,1.77726207,2.09185055,3.825189,5.60245107,EXTRACTED
I2831,U_I2831/ZN,4.56,32.2,False,1355,0.6278861,0.21949621100000002,0.921561,1.5494471,EXTRACTED
I2832,U_I2832/ZN,13.87,33.6,False,321,2.140041,0.8776602679999999,3.428942,5.568983,EXTRACTED
I2889,U_I2889/ZN,10.26,30.8,False,2514,0.26844,0.252879147,0.921561,1.190001,EXTRACTED
I2890,U_I2890/ZN,7.41,32.2,False,466,0.0925494,0.29323186,1.651345,1.7438944,EXTRACTED
I2925,U_I2925/ZN,5.51,36.4,False,2817,0.47766,0.33098785999999997,0.921561,1.3992209999999998,EXTRACTED
I2926,U_I2926/ZN,2.66,42.0,False,1159,0.440802,1.083225312,1.70023,2.141032,EXTRACTED
I2934,U_I2934/ZN,9.12,32.2,False,1103,0.08108140000000001,0.038010698999999995,0.921561,1.0026424,EXTRACTED
I2935,U_I2935/ZN,9.69,33.6,False,329,0.09145959999999999,0.030293140000000003,1.70023,1.7916896,EXTRACTED
I3148,U_I3148/ZN,8.93,36.4,False,1321,0.407512,0.17226478,0.921561,1.329073,EXTRACTED
I3149,U_I3149/ZN,11.97,32.2,False,340,0.30942200000000003,0.264591488,1.651345,1.9607670000000001,EXTRACTED
I3178,U_I3178/ZN,16.53,30.8,False,1875,0.352574,0.738497942,0.921561,1.274135,EXTRACTED
I3179,U_I3179/ZN,10.26,32.2,False,246,0.5045715,0.50174093,1.70023,2.2048015,EXTRACTED
I3394,U_I3394/ZN,39.71,70.0,True,4540,1.1247099,0.6287698740000001,1.883878,3.0085879,EXTRACTED
I3461,U_I3461/ZN,11.78,22.4,True,4577,0.6272997,0.847804369,1.888753,2.5160527,EXTRACTED
I3465,U_I3465/ZN,14.63,30.8,True,4577,1.3051119,1.079049318,6.255784,7.5608959,EXTRACTED
I3494,U_I3494/ZN,15.77,25.2,True,4541,0.0866688,0.007465635,0.959052,1.0457208,EXTRACTED
I3923,U_I3923/ZN,27.55,5.6,False,0,0.309928,0.18251224,1.70023,2.0101579999999997,EXTRACTED
I3935,U_I3935/ZN,26.22,7.0,False,2521,0.11969160000000001,0.00237093,1.70023,1.8199215999999998,EXTRACTED
I3941,U_I3941/ZN,17.29,60.2,False,4545,0.934296,0.40323516896999995,1.70023,2.634526,EXTRACTED
I3951,U_I3951/ZN,19.57,75.6,True,4808,0.809466,0.16144630000000001,1.70023,2.509696,EXTRACTED
I3957,U_I3957/ZN,22.04,64.4,True,4808,1.1403267000000001,0.4602010120000001,4.35664,5.4969667,EXTRACTED
I3962,U_I3962/ZN,19.0,82.6,False,3332,0.365092,0.11079729999999999,1.70023,2.065322,EXTRACTED
I3999,U_I3999/ZN,16.72,70.0,False,1228,0.13358360000000002,0.1284808,0.914189,1.0477726,EXTRACTED
I4000,U_I4000/ZN,17.1,72.8,False,176,0.0982736,0.07157018999999999,0.941939,1.0402126,EXTRACTED
I4014,U_I4014/ZN,9.12,53.2,False,6047,0.6224079,0.57928543,1.70023,2.3226379,EXTRACTED
I4020,U_I4020/ZN,5.51,60.2,False,6559,0.6307381000000001,0.24565205400000006,1.70023,2.3309680999999998,EXTRACTED
I4023,U_I4023/ZN,32.11,40.6,False,2398,0.0521436,0.0261493,0.921561,0.9737045999999999,EXTRACTED
I4024,U_I4024/ZN,33.06,40.6,False,128,0.6279140000000001,0.5861228900000001,1.714471,2.342385,EXTRACTED
I4129,U_I4129/ZN,3.61,65.8,False,0,0.1399134,0.04651681,1.651345,1.7912584,EXTRACTED
I4144,U_I4144/ZN,10.07,29.4,False,1537,0.1780726,0.03304638,0.921561,1.0996336,EXTRACTED
I4145,U_I4145/ZN,8.17,29.4,False,375,0.1766392,0.06407911000000001,1.70023,1.8768691999999998,EXTRACTED
I4216,U_I4216/ZN,7.03,54.6,False,3519,0.0569036,0.1593196,0.921561,0.9784645999999999,EXTRACTED
I4217,U_I4217/ZN,8.93,54.6,False,822,0.152802,0.044903269999999995,1.70023,1.8530319999999998,EXTRACTED
I4233,U_I4233/ZN,6.27,46.2,False,1,0.1150842,0.13692543000000001,1.70023,1.8153142,EXTRACTED
I4309,U_I4309/ZN,56.24,5.6,False,1398,0.106342,0.0344297,1.70023,1.8065719999999998,EXTRACTED
I4329,U_I4329/ZN,57.19,5.6,False,1391,0.202134,0.000962051,1.70023,1.902364,EXTRACTED
I4349,U_I4349/ZN,77.52,33.6,False,1326,0.394556,0.37544574099999994,1.70023,2.094786,EXTRACTED
I4369,U_I4369/ZN,74.29,29.4,False,1336,0.37070000000000003,0.94211582,1.70023,2.0709299999999997,EXTRACTED
I4389,U_I4389/ZN,78.47,35.0,False,1329,0.057639600000000006,0.16885270000000002,1.70023,1.7578695999999998,EXTRACTED
I4409,U_I4409/ZN,76.38,35.0,False,1346,0.73868,0.721481321,1.70023,2.43891,EXTRACTED
I4429,U_I4429/ZN,76.76,35.0,False,1345,0.236686,0.32480714,1.70023,1.9369159999999999,EXTRACTED
I4449,U_I4449/ZN,76.0,32.2,False,1343,0.274292,0.43066595,1.70023,1.9745219999999999,EXTRACTED
I4475,U_I4475/ZN,55.48,5.6,False,1421,0.18575460000000002,0.18517869999999997,1.70023,1.8859846,EXTRACTED
I4506,U_I4506/ZN,43.89,79.8,False,6096,0.10755200000000001,0.01881794,1.70023,1.807782,EXTRACTED
I4512,U_I4512/ZN,58.14,77.0,False,5721,0.15492720000000001,0.0762889,1.70023,1.8551571999999998,EXTRACTED
I4518,U_I4518/ZN,56.24,82.6,False,5244,0.5745462,0.3955075,1.70023,2.2747762,EXTRACTED
I4524,U_I4524/ZN,55.29,4.2,False,7790,0.346956,0.15290774000000001,1.70023,2.047186,EXTRACTED
I4530,U_I4530/ZN,79.42,30.8,False,5876,0.089868,0.0394799,1.70023,1.790098,EXTRACTED
I4536,U_I4536/ZN,79.04,30.8,False,8624,0.133656,0.24118022299999997,1.70023,1.833886,EXTRACTED
I4542,U_I4542/ZN,83.41,36.4,False,6304,0.01416998,0.0038845599999999996,1.70023,1.7143999799999998,EXTRACTED
I4548,U_I4548/ZN,55.29,77.0,False,7989,0.502298,0.1704001,1.70023,2.202528,EXTRACTED
I4554,U_I4554/ZN,82.46,51.8,False,459,0.26976399999999995,0.23452553999999998,1.70023,1.9699939999999998,EXTRACTED
I4566,U_I4566/ZN,43.13,77.0,False,0,0.27280400000000005,0.18047164999999998,1.70023,1.973034,EXTRACTED
I4573,U_I4573/ZN,49.4,72.8,False,1198,0.6177136999999999,0.26578847499999997,1.70023,2.3179437,EXTRACTED
I4580,U_I4580/ZN,43.51,77.0,False,3427,0.1716286,0.11178183,1.70023,1.8718586,EXTRACTED
I4587,U_I4587/ZN,41.99,78.4,False,0,0.350084,0.047731249999999996,1.70023,2.0503139999999997,EXTRACTED
I4594,U_I4594/ZN,41.8,74.2,False,664,0.34048599999999996,0.176440494,1.70023,2.0407159999999998,EXTRACTED
I4601,U_I4601/ZN,41.42,5.6,False,4333,0.20527600000000001,0.0,1.70023,1.905506,EXTRACTED
I4608,U_I4608/ZN,42.37,36.4,False,4315,2.5412653,1.4058919520000002,1.70023,4.2414953,EXTRACTED
I4615,U_I4615/ZN,27.36,32.2,False,4339,1.0667916,1.52928634,1.70023,2.7670215999999996,EXTRACTED
I4620,U_I4620/ZN,4.75,53.2,False,5628,0.4719,0.33580163999999996,1.70023,2.17213,EXTRACTED
I4642,U_I4642/ZN,46.36,1.4,False,5379,0.539892,0.07947364000000001,1.70023,2.240122,EXTRACTED
I4651,U_I4651/ZN,51.49,5.6,False,5464,0.08755,0.0169985,1.70023,1.78778,EXTRACTED
I583,U_I583/ZN,53.58,4.2,False,0,1.4260206,0.9783763510000002,10.034322,11.460342599999999,EXTRACTED
I591,U_I591/ZN,55.1,5.6,False,0,1.21159387,0.878274786,8.382977,9.59457087,EXTRACTED
I776,U_I776/ZN,83.03,50.4,False,0,2.197545,1.225117801,5.017161,7.214706,EXTRACTED
I796,U_I796/ZN,84.36,54.6,False,0,1.175641,0.8518448390000001,5.017161,6.1928019999999995,EXTRACTED
I818,U_I818/ZN,82.08,51.8,False,0,0.9805832999999999,0.8687129599999998,5.017161,5.9977443,EXTRACTED
I863,U_I863/ZN,74.1,54.6,False,0,1.6237083,1.3612629099999998,4.954035,6.5777433,EXTRACTED
I885,U_I885/ZN,78.28,54.6,False,0,2.5464387,1.088701161,5.080287,7.6267257,EXTRACTED
I941,U_I941/ZN,78.47,53.2,False,0,2.236759,2.3208727899999992,5.080287,7.317046,EXTRACTED
I963,U_I963/ZN,78.47,58.8,False,0,2.47663923,1.5554076490000002,4.954035,7.43067423,EXTRACTED
I985,U_I985/ZN,82.27,42.0,False,0,3.336102,3.4283144419000013,5.017161,8.353263,EXTRACTED
n1000gat,U_n1000gat/ZN,55.86,28.0,False,968,0.0571144,0.015036869999999999,0.941939,0.9990534,EXTRACTED
n1001gat,U_n1001gat/ZN,62.89,28.0,False,653,0.6291434,0.623299284,0.946814,1.5759574,EXTRACTED
n1002gat,U_n1002gat/ZN,57.95,51.8,False,4185,2.4923019999999996,1.1735718869999998,3.365816,5.858117999999999,EXTRACTED
n1003gat,U_n1003gat/ZN,50.35,22.4,False,655,0.424204,1.05915362,0.946814,1.371018,EXTRACTED
n1004gat,U_n1004gat/ZN,51.49,35.0,False,658,0.687888,0.283219259,0.946814,1.634702,EXTRACTED
n1005gat,U_n1005gat/ZN,56.24,51.8,False,900,1.5232283,0.3630562,0.946814,2.4700423000000002,EXTRACTED
n1006gat,U_n1006gat/ZN,61.18,33.6,False,0,2.5718146699999997,2.6292311680000005,15.051483000000001,17.62329767,EXTRACTED
n1007gat,U_n1007gat/ZN,62.32,35.0,False,0,2.7793218,2.175154636,15.303987000000001,18.0833088,EXTRACTED
n1008gat,U_n1008gat/ZN,61.75,35.0,False,1153,0.836713,0.6758753969999999,1.651345,2.488058,EXTRACTED
n1009gat,U_n1009gat/ZN,50.16,23.8,False,1241,0.36102999999999996,0.70378791,1.714471,2.075501,EXTRACTED
n1010gat,U_n1010gat/ZN,65.55,37.8,False,898,0.9024502,0.82628044,0.946814,1.8492642,EXTRACTED
n1011gat,U_n1011gat/ZN,62.32,37.8,False,906,1.3381459999999998,0.7831637300000001,0.946814,2.28496,EXTRACTED
n1012gat,U_n1012gat/ZN,52.06,21.0,False,355,0.22085400000000002,0.32010562000000004,0.946814,1.1676680000000002,EXTRACTED
n1013gat,U_n1013gat/ZN,43.32,61.6,False,8189,0.6942442,0.698398634,5.027914,5.7221582,EXTRACTED
n1014gat,U_n1014gat/ZN,45.41,53.2,False,5547,0.608612,0.44580129600000007,0.941245,1.549857,EXTRACTED
n1015gat,U_n1015gat/ZN,39.14,56.0,False,852,0.55716,0.41236331000000004,0.938321,1.4954809999999998,EXTRACTED
n1016gat,U_n1016gat/ZN,38.0,53.2,False,2187,0.851999,0.5038327220000001,0.923766,1.7757649999999998,EXTRACTED
n1017gat,U_n1017gat/ZN,37.81,50.4,False,737,1.1039472,0.621611,0.914189,2.0181362,EXTRACTED
n1024gat,U_n1024gat/ZN,49.97,29.4,True,4139,0.7426501999999999,0.614762485,3.327684,4.0703342,EXTRACTED
n1026gat,U_n1026gat/Q,55.29,37.8,True,4139,1.14029552,1.2404757389999999,7.598053,8.73834852,EXTRACTED
n1028gat,U_n1028gat/ZN,60.42,39.2,False,998,2.27293194,0.5276964820000001,0.946814,3.21974594,EXTRACTED
n1029gat,U_n1029gat/ZN,59.47,46.2,False,1029,3.3329465899999997,1.5171553309999997,0.946814,4.2797605899999995,EXTRACTED
n1030gat,U_n1030gat/ZN,57.95,25.2,False,907,1.616985,1.125485069,0.946814,2.563799,EXTRACTED
n1031gat,U_n1031gat/ZN,51.49,44.8,False,913,1.80938817,0.8830304450000002,0.946814,2.75620217,EXTRACTED
n1033gat,U_n1033gat/ZN,47.12,29.4,True,4764,1.4046178,1.596683964,4.473956,5.8785738,EXTRACTED
n1035gat,U_n1035gat/Q,45.03,46.2,True,4764,2.1478352000000003,1.2909465489999996,7.797511,9.9453462,EXTRACTED
n1043gat,U_n1043gat/ZN,40.66,67.2,True,4570,0.7518788999999999,1.1737028500000002,4.17941,4.9312889,EXTRACTED
n1045gat,U_n1045gat/Q,59.47,71.4,True,4570,3.63747917,5.237083384000001,7.502965,11.14044417,EXTRACTED
n1050gat,U_n1050gat/ZN,79.61,42.0,False,5154,0.47188597,0.442237367,4.932826,5.40471197,EXTRACTED
n1051gat,U_n1051gat/ZN,78.47,42.0,False,2534,0.060571,0.008423274,0.941245,1.001816,EXTRACTED
n1052gat,U_n1052gat/ZN,78.85,40.6,False,2045,0.1337464,0.16326501200000001,0.938321,1.0720674,EXTRACTED
n1053gat,U_n1053gat/ZN,79.61,40.6,False,1794,0.07249620000000001,0.07713936,0.923766,0.9962622,EXTRACTED
n1054gat,U_n1054gat/ZN,80.75,42.0,False,1861,0.07300459999999999,0.12445042199999999,0.914189,0.9871936,EXTRACTED
n1066gat,U_n1066gat/ZN,78.85,50.4,True,4284,0.07563882,0.25531666000000003,3.527142,3.60278082,EXTRACTED
n1068gat,U_n1068gat/Q,70.68,42.0,True,4284,2.0552911,2.0036140319999998,9.511982,11.5672731,EXTRACTED
n1070gat,U_n1070gat/ZN,43.51,28.0,True,4731,0.6269819999999999,1.018610325,4.17941,4.806392,EXTRACTED
n1072gat,U_n1072gat/Q,45.6,51.8,True,4731,2.10092591,2.523536341,7.502965,9.60389091,EXTRACTED
n1074gat,U_n1074gat/ZN,46.36,22.4,False,2698,0.20955400000000002,0.22077638500000002,0.946814,1.156368,EXTRACTED
n1076gat,U_n1076gat/ZN,50.73,47.6,False,226,0.107838,0.071898384,0.946814,1.0546520000000001,EXTRACTED
n1077gat,U_n1077gat/ZN,57.19,19.6,False,2735,0.221396,0.34613760000000005,0.941939,1.163335,EXTRACTED
n1078gat,U_n1078gat/ZN,77.33,35.0,True,4359,0.5557299,0.45814156,3.327684,3.8834139,EXTRACTED
n1080gat,U_n1080gat/Q,72.58,40.6,True,4359,1.99560375,1.739197136,9.312524,11.30812775,EXTRACTED
n1082gat,U_n1082gat/ZN,44.08,16.8,False,4596,0.290334,0.2896782050000001,0.946814,1.237148,EXTRACTED
n1083gat,U_n1083gat/ZN,43.51,16.8,False,4346,0.6058804,0.54673454,0.946814,1.5526944,EXTRACTED
n1087gat,U_n1087gat/ZN,61.18,58.8,False,496,0.398842,0.55256667,0.923766,1.322608,EXTRACTED
n1088gat,U_n1088gat/ZN,58.9,60.2,False,497,0.679832,0.7773838,0.938321,1.618153,EXTRACTED
n1089gat,U_n1089gat/ZN,67.45,50.4,False,314,1.374017,1.199028565,0.938321,2.312338,EXTRACTED
n1090gat,U_n1090gat/ZN,59.47,54.6,False,314,0.0970942,0.08465314499999999,0.938321,1.0354151999999999,EXTRACTED
n1091gat,U_n1091gat/ZN,63.84,56.0,False,320,0.1837252,0.18055397399999995,0.941245,1.1249702,EXTRACTED
n1092gat,U_n1092gat/ZN,54.53,43.4,False,317,0.5841718,0.47140249308999993,0.938321,1.5224928,EXTRACTED
n1093gat,U_n1093gat/ZN,62.7,42.0,False,319,0.487008,0.49634759,0.938321,1.425329,EXTRACTED
n1094gat,U_n1094gat/ZN,56.81,49.0,False,343,1.714236,0.7896571699999999,0.941245,2.655481,EXTRACTED
n1095gat,U_n1095gat/ZN,68.4,47.6,False,319,0.6497299999999999,0.7133777199999999,0.938321,1.5880509999999999,EXTRACTED
n1096gat,U_n1096gat/ZN,63.84,49.0,False,337,0.492256,0.33994530999999995,0.941245,1.4335010000000001,EXTRACTED
n1097gat,U_n1097gat/ZN,44.84,53.2,False,2837,1.324462,0.5998228369999999,0.941245,2.265707,EXTRACTED
n1098gat,U_n1098gat/ZN,53.2,56.0,False,2946,0.442884,0.45358133200000006,0.941245,1.384129,EXTRACTED
n1099gat,U_n1099gat/ZN,58.33,51.8,False,320,0.12358240000000001,0.231184322,0.941245,1.0648274,EXTRACTED
n1100gat,U_n1100gat/ZN,58.71,44.8,False,319,0.1125602,0.12053254999999999,0.941245,1.0538052,EXTRACTED
n1101gat,U_n1101gat/ZN,53.2,49.0,False,5266,0.6788377999999999,0.661174728,0.946814,1.6256518,EXTRACTED
n1102gat,U_n1102gat/ZN,58.33,35.0,False,4705,0.954375,1.51547664,0.941939,1.8963139999999998,EXTRACTED
n1103gat,U_n1103gat/ZN,62.7,49.0,False,5237,0.0398464,0.1834945,0.941939,0.9817853999999999,EXTRACTED
n1104gat,U_n1104gat/ZN,64.79,33.6,False,4718,0.72515,1.3258273,0.946814,1.671964,EXTRACTED
n1105gat,U_n1105gat/ZN,56.62,44.8,False,4334,0.287252,0.26853746000000006,1.651345,1.9385970000000001,EXTRACTED
n1106gat,U_n1106gat/ZN,55.1,44.8,False,4685,0.0908366,0.014166892,1.651345,1.7421816,EXTRACTED
n110gat,U_n110gat/ZN,59.66,15.4,False,2781,1.36897307,1.5876727589999997,10.146333,11.515306070000001,EXTRACTED
n1111gat,U_n1111gat/ZN,62.89,37.8,False,0,2.6950585,2.668712857,15.177735,17.8727935,EXTRACTED
n1112gat,U_n1112gat/ZN,61.37,37.8,False,0,2.4266505799999996,2.2973648889999994,15.114609000000002,17.541259580000002,EXTRACTED
n1113gat,U_n1113gat/ZN,39.9,49.0,False,4799,0.554166,0.6369831,1.70023,2.254396,EXTRACTED
n1114gat,U_n1114gat/ZN,39.14,54.6,False,2879,0.1225702,0.03862639,1.70023,1.8228001999999999,EXTRACTED
n1115gat,U_n1115gat/ZN,58.52,29.4,False,867,1.2612079999999999,0.6527574479999999,0.941939,2.203147,EXTRACTED
n1116gat,U_n1116gat/ZN,64.22,33.6,False,849,0.1272542,0.08302298000000001,0.941939,1.0691932,EXTRACTED
n1117gat,U_n1117gat/ZN,40.09,57.4,False,4665,0.795539,1.01722162,1.70023,2.495769,EXTRACTED
n1119gat,U_n1119gat/ZN,36.86,35.0,True,4811,1.1137657,0.9713836050000001,4.274498,5.3882637,EXTRACTED
n111gat,U_n111gat/ZN,73.72,39.2,False,116,2.1621409899999997,1.9147572170000007,15.177735,17.33987599,EXTRACTED
n1121gat,U_n1121gat/Q,44.27,47.6,True,4811,2.67521616,2.630391936,7.661179,10.33639516,EXTRACTED
n1123gat,U_n1123gat/ZN,62.32,30.8,False,0,2.8378066,2.9517428440000013,15.240861,18.0786676,EXTRACTED
n1133gat,U_n1133gat/ZN,43.51,71.4,True,4603,1.0623602,0.85715892,4.274498,5.3368582,EXTRACTED
n1135gat,U_n1135gat/Q,65.74,70.0,True,4603,4.0098226,4.101338097,7.598053,11.6078756,EXTRACTED
n1146gat,U_n1146gat/ZN,78.09,40.6,True,4284,0.16788444000000002,0.11333178948999999,3.232596,3.40048044,EXTRACTED
n1148gat,U_n1148gat/Q,77.52,39.2,True,4284,2.2081481000000003,1.7370219184900002,9.280562,11.4887101,EXTRACTED
n1151gat,U_n1151gat/ZN,54.72,63.0,False,86,1.0925395,1.2339862730000002,0.938321,2.0308605,EXTRACTED
n1152gat,U_n1152gat/ZN,58.71,61.6,False,498,1.8765270000000003,0.8786590670000001,0.941245,2.817772,EXTRACTED
n1153gat,U_n1153gat/ZN,54.53,54.6,False,2773,0.461978,0.612441961,0.941245,1.403223,EXTRACTED
n1154gat,U_n1154gat/ZN,45.22,57.4,False,3758,1.26906752,0.80288003,1.714471,2.9835385199999997,EXTRACTED
n1155gat,U_n1155gat/ZN,60.61,54.6,False,59,0.1306958,0.016203145,0.914189,1.0448848,EXTRACTED
n1156gat,U_n1156gat/ZN,58.52,56.0,False,67,0.148474,0.19730035,0.923766,1.0722399999999999,EXTRACTED
n1157gat,U_n1157gat/ZN,53.96,60.2,False,77,0.387148,0.25109672097,1.651345,2.038493,EXTRACTED
n1158gat,U_n1158gat/ZN,59.28,61.6,False,44,0.358562,0.24140987597000002,0.938321,1.296883,EXTRACTED
n1159gat,U_n1159gat/ZN,62.13,56.0,False,54,0.1249094,0.10286743999999999,0.941245,1.0661544,EXTRACTED
n1160gat,U_n1160gat/ZN,59.66,60.2,False,128,0.28916400000000003,0.54719107,1.714471,2.003635,EXTRACTED
n1161gat,U_n1161gat/ZN,63.46,33.6,False,1371,0.737378,1.12472043,0.941939,1.679317,EXTRACTED
n1162gat,U_n1162gat/ZN,56.62,36.4,False,1138,0.0578252,0.21310321000000002,0.941939,0.9997642,EXTRACTED
n1163gat,U_n1163gat/ZN,60.04,43.4,False,1089,0.5658421,0.750216425,0.946814,1.5126561,EXTRACTED
n1164gat,U_n1164gat/ZN,58.33,43.4,False,4480,0.321306,0.29569539,1.714471,2.035777,EXTRACTED
n1171gat,U_n1171gat/ZN,51.68,23.8,False,1255,0.32412,0.31559415999999996,1.651345,1.975465,EXTRACTED
n1172gat,U_n1172gat/ZN,50.16,33.6,False,1238,0.342826,0.43365553,1.651345,1.9941710000000001,EXTRACTED
n1173gat,U_n1173gat/ZN,51.68,29.4,False,313,0.1488688,0.01591294,0.941939,1.0908077999999999,EXTRACTED
n1174gat,U_n1174gat/ZN,49.4,23.8,False,353,0.10069800000000001,0.11734597999999999,0.941939,1.042637,EXTRACTED
n1175gat,U_n1175gat/ZN,50.54,21.0,False,384,0.1483144,0.09003234,0.946814,1.0951284000000001,EXTRACTED
n1176gat,U_n1176gat/ZN,57.19,26.6,False,385,0.367834,0.15572280000000002,0.946814,1.314648,EXTRACTED
n1177gat,U_n1177gat/ZN,67.64,33.6,False,638,0.314548,0.4746241339999999,0.946814,1.261362,EXTRACTED
n1178gat,U_n1178gat/ZN,57.95,36.4,False,628,0.626868,0.8338507550000002,0.946814,1.573682,EXTRACTED
n1179gat,U_n1179gat/ZN,62.32,33.6,False,3873,0.807536,0.9677706660000002,3.30269,4.110226,EXTRACTED
n1180gat,U_n1180gat/ZN,72.58,50.4,False,3986,1.550245,1.7091414,3.428942,4.9791870000000005,EXTRACTED
n1181gat,U_n1181gat/ZN,64.79,40.6,False,889,0.6014320000000001,0.3635035,0.946814,1.5482460000000002,EXTRACTED
n1182gat,U_n1182gat/ZN,66.69,53.2,False,893,0.0333668,0.026583089999999997,0.946814,0.9801808000000001,EXTRACTED
n1183gat,U_n1183gat/ZN,44.65,67.2,False,5472,1.2952460000000001,1.038745939,3.527142,4.822388,EXTRACTED
n1184gat,U_n1184gat/ZN,45.98,29.4,False,5472,2.9371731000000003,3.2189220348,5.227372,8.1645451,EXTRACTED
n1185gat,U_n1185gat/ZN,45.79,30.8,False,1806,0.1009062,0.057948030000000005,0.941245,1.0421512,EXTRACTED
n1186gat,U_n1186gat/ZN,45.22,29.4,False,1845,0.0830288,0.093524438,0.938321,1.0213497999999999,EXTRACTED
n1187gat,U_n1187gat/ZN,37.62,23.8,False,2479,0.6716519999999999,0.987398996,0.923766,1.595418,EXTRACTED
n1188gat,U_n1188gat/ZN,45.98,28.0,False,2490,0.0772704,0.067716953,0.914189,0.9914594,EXTRACTED
n1195gat,U_n1195gat/ZN,59.66,68.6,True,4659,1.0498881999999998,0.07031585,1.651345,2.7012332,EXTRACTED
n1197gat,U_n1197gat/Q,53.77,70.0,True,4659,0.72572925,0.927777486,4.333495,5.05922425,EXTRACTED
n1199gat,U_n1199gat/ZN,53.58,30.8,False,649,0.1590336,0.239600994,1.714471,1.8735046,EXTRACTED
n11gat,U_n11gat/ZN,29.83,7.0,False,466,0.204814,0.04479491000000001,0.946814,1.151628,EXTRACTED
n1200gat,U_n1200gat/ZN,49.21,33.6,False,532,0.0603252,0.08386779999999999,1.651345,1.7116702000000001,EXTRACTED
n1201gat,U_n1201gat/ZN,47.5,63.0,False,5616,1.879636,1.3308074049999998,4.932826,6.812462,EXTRACTED
n1202gat,U_n1202gat/ZN,46.93,71.4,False,2900,0.522902,0.198977852,0.941245,1.464147,EXTRACTED
n1203gat,U_n1203gat/ZN,44.27,71.4,False,1879,0.5769047,0.48850118600000003,0.938321,1.5152257,EXTRACTED
n1204gat,U_n1204gat/ZN,45.41,70.0,False,1633,0.527038,0.25093382000000003,0.923766,1.450804,EXTRACTED
n1205gat,U_n1205gat/ZN,48.64,65.8,False,1594,0.222544,0.07096707000000001,0.914189,1.136733,EXTRACTED
n120gat,U_n120gat/ZN,57.0,60.2,False,5649,0.3271247,0.25501698,5.066046,5.3931707,EXTRACTED
n1212gat,U_n1212gat/ZN,49.97,32.2,False,525,0.0493566,0.03356136,1.714471,1.7638276000000002,EXTRACTED
n1213gat,U_n1213gat/ZN,68.97,9.8,False,0,0.5844088,0.5257246700000001,5.227372,5.8117808,EXTRACTED
n1214gat,U_n1214gat/ZN,68.4,8.4,False,0,0.049595200000000006,0.04295456,0.941245,0.9908402000000001,EXTRACTED
n1215gat,U_n1215gat/ZN,76.0,11.2,False,0,0.423026,0.41479467,0.938321,1.3613469999999999,EXTRACTED
n1216gat,U_n1216gat/ZN,67.64,8.4,False,0,0.089302,0.17599059,0.923766,1.013068,EXTRACTED
n1217gat,U_n1217gat/ZN,67.64,9.8,False,0,0.0665418,0.1420059,0.914189,0.9807308,EXTRACTED
n121gat,U_n121gat/ZN,56.24,60.2,False,2418,0.039483800000000006,0.009603406,0.941245,0.9807288,EXTRACTED
n1224gat,U_n1224gat/ZN,45.41,74.2,True,4598,0.21197749999999999,0.15761688,2.598159,2.8101365,EXTRACTED
n1226gat,U_n1226gat/Q,47.69,70.0,True,4598,4.14617522,2.7324886779999997,5.921714,10.06788922,EXTRACTED
n1228gat,U_n1228gat/ZN,80.56,44.8,False,6569,0.5284310999999999,0.4132116359999999,5.027914,5.5563451,EXTRACTED
n1229gat,U_n1229gat/ZN,78.66,44.8,False,3830,0.07175519999999999,0.10467269,0.941245,1.0130002,EXTRACTED
n122gat,U_n122gat/ZN,57.19,58.8,False,2415,0.06984599999999999,0.03727815,0.938321,1.008167,EXTRACTED
n1230gat,U_n1230gat/ZN,80.37,46.2,False,1341,0.0762448,0.015632550000000002,0.938321,1.0145658,EXTRACTED
n1231gat,U_n1231gat/ZN,79.61,46.2,False,1450,0.1444296,0.044857,0.923766,1.0681956,EXTRACTED
n1232gat,U_n1232gat/ZN,81.13,46.2,False,2474,0.08956979999999999,0.01275389,0.914189,1.0037588,EXTRACTED
n1239gat,U_n1239gat/ZN,78.28,47.6,True,4252,0.20321619999999996,0.28673897,3.327684,3.5309002,EXTRACTED
n123gat,U_n123gat/ZN,57.57,61.6,False,2197,0.12368599999999999,0.15542575449,0.923766,1.047452,EXTRACTED
n1241gat,U_n1241gat/Q,79.42,68.6,True,4252,4.0925105,4.690537339,7.661179,11.7536895,EXTRACTED
n1243gat,U_n1243gat/ZN,48.26,23.8,False,518,0.12568759999999998,0.411396194,1.651345,1.7770326,EXTRACTED
n1244gat,U_n1244gat/ZN,59.66,33.6,False,498,0.353552,0.32735126000000003,1.714471,2.068023,EXTRACTED
n1245gat,U_n1245gat/ZN,64.98,56.0,False,5343,0.6215637,0.553219444,0.941939,1.5635027,EXTRACTED
n1246gat,U_n1246gat/ZN,54.72,35.0,False,4690,1.0101383,1.6518735170000005,0.946814,1.9569523,EXTRACTED
n1247gat,U_n1247gat/ZN,59.47,43.4,False,4349,0.41815420000000003,0.589770792,1.714471,2.1326252,EXTRACTED
n1248gat,U_n1248gat/ZN,56.05,47.6,False,4651,0.1151034,0.07607662000000001,1.714471,1.8295744,EXTRACTED
n1249gat,U_n1249gat/ZN,61.75,47.6,False,1046,0.6461979999999999,0.50964203,0.941939,1.588137,EXTRACTED
n124gat,U_n124gat/ZN,58.14,60.2,False,2095,0.06717240000000001,0.04401142500000001,0.914189,0.9813614,EXTRACTED
n1250gat,U_n1250gat/ZN,64.41,53.2,False,1044,0.303414,0.5860281669999999,0.946814,1.2502280000000001,EXTRACTED
n1251gat,U_n1251gat/ZN,53.01,33.6,False,521,0.0978108,0.2514341,1.651345,1.7491558,EXTRACTED
n1252gat,U_n1252gat/ZN,54.34,28.0,False,1347,0.1330154,0.21883672099999998,1.651345,1.7843604000000002,EXTRACTED
n1253gat,U_n1253gat/ZN,58.71,23.8,False,508,1.3265357999999998,0.44090364200000004,1.651345,2.9778808,EXTRACTED
n1254gat,U_n1254gat/ZN,67.64,36.4,False,496,0.328458,0.724449074,1.651345,1.979803,EXTRACTED
n1255gat,U_n1255gat/ZN,53.77,28.0,False,503,0.339082,0.5763728109999999,1.714471,2.053553,EXTRACTED
n1256gat,U_n1256gat/ZN,40.66,50.4,False,4741,0.06537219999999999,0.06429594999999999,1.70023,1.7656022,EXTRACTED
n1257gat,U_n1257gat/ZN,60.8,28.0,False,311,0.0422814,0.06171555,0.941939,0.9842204,EXTRACTED
n1258gat,U_n1258gat/ZN,49.97,36.4,False,5122,0.239862,0.26938250999999996,0.941939,1.1818009999999999,EXTRACTED
n1259gat,U_n1259gat/ZN,55.48,33.6,False,1215,0.265174,0.19927509999999998,1.651345,1.916519,EXTRACTED
n1260gat,U_n1260gat/ZN,50.73,33.6,False,327,0.583112,0.6257357499999999,0.941939,1.525051,EXTRACTED
n1261gat,U_n1261gat/ZN,52.63,29.4,False,371,0.378666,0.446470455,0.941939,1.320605,EXTRACTED
n1262gat,U_n1262gat/ZN,53.58,33.6,False,367,0.52439,0.278707605,0.946814,1.4712040000000002,EXTRACTED
n1263gat,U_n1263gat/ZN,50.54,32.2,False,1215,0.47221409999999997,0.6728118099999999,1.714471,2.1866851,EXTRACTED
n1264gat,U_n1264gat/ZN,57.19,21.0,False,340,0.210922,0.29522951999999997,0.941939,1.152861,EXTRACTED
n1265gat,U_n1265gat/ZN,59.47,26.6,False,1149,0.0916712,0.136778,1.651345,1.7430162,EXTRACTED
n1266gat,U_n1266gat/ZN,67.07,33.6,False,1198,0.19453379999999998,0.295423806,1.651345,1.8458788,EXTRACTED
n1267gat,U_n1267gat/ZN,59.66,28.0,False,379,0.12889499999999998,0.06736102999999999,0.946814,1.075709,EXTRACTED
n1268gat,U_n1268gat/ZN,48.26,72.8,False,5616,0.3162079,0.2788265,3.232596,3.5488039000000002,EXTRACTED
n1269gat,U_n1269gat/ZN,48.83,74.2,False,6134,0.548878,0.26788343,3.351575,3.9004529999999997,EXTRACTED
n1270gat,U_n1270gat/ZN,50.35,68.6,False,3330,0.472236,0.24649024200000003,0.941245,1.413481,EXTRACTED
n1271gat,U_n1271gat/ZN,56.05,78.4,False,2510,0.639162,0.28288512,0.938321,1.577483,EXTRACTED
n1272gat,U_n1272gat/ZN,42.75,71.4,False,2196,0.385886,0.5874217499999999,0.923766,1.309652,EXTRACTED
n1273gat,U_n1273gat/ZN,48.64,68.6,False,2116,0.4821036,0.320643846,0.914189,1.3962926,EXTRACTED
n1280gat,U_n1280gat/ZN,49.59,75.6,True,4638,0.591294,0.42211077500000005,2.6612850000000003,3.2525790000000003,EXTRACTED
n1282gat,U_n1282gat/Q,41.61,58.8,True,4638,3.7512278800000005,2.1283885569699996,6.047966,9.79919388,EXTRACTED
n1285gat,U_n1285gat/ZN,49.4,68.6,False,5042,0.625496,0.42521971999999997,0.941939,1.5674350000000001,EXTRACTED
n1286gat,U_n1286gat/ZN,52.82,74.2,False,6134,3.5453833,3.834872419999999,5.066046,8.611429300000001,EXTRACTED
n1287gat,U_n1287gat/ZN,58.14,81.2,False,3523,0.615978,0.257466576,0.946814,1.562792,EXTRACTED
n1291gat,U_n1291gat/ZN,60.23,49.0,False,1100,0.43347600000000003,0.39557284899999995,0.946814,1.38029,EXTRACTED
n1292gat,U_n1292gat/ZN,79.61,47.6,True,4267,0.2215778,0.16417325,3.527142,3.7487198,EXTRACTED
n1294gat,U_n1294gat/Q,78.66,54.6,True,4267,2.4783457,3.012392087000001,9.448856,11.9272017,EXTRACTED
n1296gat,U_n1296gat/ZN,78.47,46.2,True,4336,0.0732052,0.22373389999999999,3.232596,3.3058012,EXTRACTED
n1298gat,U_n1298gat/Q,71.06,44.8,True,4336,2.1185362,2.100575625,9.280562,11.3990982,EXTRACTED
n12gat,U_n12gat/ZN,50.92,7.0,False,466,1.3299304,0.1752111,1.70023,3.0301603999999998,EXTRACTED
n1300gat,U_n1300gat/ZN,51.49,40.6,False,4715,0.48148,0.55097979,1.714471,2.195951,EXTRACTED
n1301gat,U_n1301gat/ZN,54.15,61.6,False,148,0.1015042,0.04441882,1.714471,1.8159752,EXTRACTED
n1302gat,U_n1302gat/ZN,55.48,46.2,False,40,0.0358078,0.07113,0.914189,0.9499968000000001,EXTRACTED
n1303gat,U_n1303gat/ZN,59.66,50.4,False,88,0.4503,0.665246591,0.923766,1.374066,EXTRACTED
n1304gat,U_n1304gat/ZN,62.13,49.0,False,4625,0.5252721,0.6603488000000001,0.946814,1.4720861,EXTRACTED
n1305gat,U_n1305gat/ZN,57.0,40.6,False,4726,0.28782800000000003,0.36017356999999994,0.946814,1.234642,EXTRACTED
n1306gat,U_n1306gat/ZN,59.66,47.6,False,4375,0.259306,0.23430970000000004,1.714471,1.9737770000000001,EXTRACTED
n1307gat,U_n1307gat/ZN,58.14,54.6,False,134,0.082747,0.036521883490000004,1.651345,1.734092,EXTRACTED
n1308gat,U_n1308gat/ZN,52.25,51.8,False,134,0.441706,0.33267448,1.70023,2.141936,EXTRACTED
n1309gat,U_n1309gat/ZN,55.29,40.6,False,4374,0.097444,0.025389115,1.651345,1.7487890000000001,EXTRACTED
n1310gat,U_n1310gat/ZN,10.83,54.6,True,4996,0.7131281700000001,0.865829505,3.325475,4.03860317,EXTRACTED
n1312gat,U_n1312gat/Q,11.59,64.4,True,4996,0.9371252999999999,0.9527025020000001,4.333495,5.2706203,EXTRACTED
n1314gat,U_n1314gat/ZN,17.67,64.4,True,4962,0.06229200000000001,0.0451142,1.119679,1.181971,EXTRACTED
n1316gat,U_n1316gat/Q,21.66,67.2,True,4962,0.962774,1.78086996,4.235322,5.198096,EXTRACTED
n1318gat,U_n1318gat/ZN,46.93,49.0,False,2451,0.6121139999999999,0.5830027999999998,1.70023,2.312344,EXTRACTED
n1319gat,U_n1319gat/ZN,39.9,50.4,False,4741,0.59954087,0.8917008269999998,6.857884,7.4574248700000005,EXTRACTED
n1320gat,U_n1320gat/ZN,39.9,43.4,False,4623,0.693853,0.9957022419999999,0.941939,1.635792,EXTRACTED
n1321gat,U_n1321gat/ZN,46.55,36.4,False,1057,0.0406322,0.01622159,0.946814,0.9874462,EXTRACTED
n1322gat,U_n1322gat/ZN,47.69,37.8,False,4602,0.1906996,0.07346828500000001,1.714471,1.9051706000000002,EXTRACTED
n1323gat,U_n1323gat/ZN,58.14,23.8,False,311,0.1169508,0.29319814,0.946814,1.0637648,EXTRACTED
n1324gat,U_n1324gat/ZN,47.5,33.6,False,334,0.691584,0.6199654910000001,0.941939,1.6335229999999998,EXTRACTED
n1325gat,U_n1325gat/ZN,43.51,36.4,False,4636,0.3088,0.552377662,0.941939,1.250739,EXTRACTED
n1326gat,U_n1326gat/ZN,48.07,32.2,False,319,0.31295,0.27399452,0.946814,1.259764,EXTRACTED
n1327gat,U_n1327gat/ZN,46.93,75.6,False,3853,0.06518940000000001,0.008471580000000001,0.941939,1.0071284,EXTRACTED
n1329gat,U_n1329gat/ZN,42.18,81.2,False,5522,1.528098,1.512815975,3.327684,4.855782,EXTRACTED
n132gat,U_n132gat/ZN,57.0,71.4,False,3499,0.46623200000000004,0.42191122999999997,0.941939,1.408171,EXTRACTED
n1330gat,U_n1330gat/ZN,5.7,40.6,True,5257,0.034427,0.06427838,1.119679,1.154106,EXTRACTED
n1332gat,U_n1332gat/Q,10.07,40.6,True,5257,0.4362837,0.8607860020000002,2.619024,3.0553077,EXTRACTED
n1334gat,U_n1334gat/ZN,18.05,46.2,True,5169,0.1467968,0.15631640400000002,1.763571,1.9103678,EXTRACTED
n1336gat,U_n1336gat/Q,6.46,49.0,True,5169,0.8135003000000001,0.93981952997,2.619024,3.4325243,EXTRACTED
n1338gat,U_n1338gat/ZN,14.06,37.8,True,5317,0.6480362,0.255024465,1.663842,2.3118781999999998,EXTRACTED
n133gat,U_n133gat/ZN,57.19,61.6,False,5159,0.2885985,0.2902398299999999,3.327684,3.6162825,EXTRACTED
n1340gat,U_n1340gat/Q,4.18,37.8,True,5317,0.9335442,1.2421810489999998,4.282866,5.2164102,EXTRACTED
n1347gat,U_n1347gat/ZN,53.58,50.4,False,2140,0.100966,0.09540973999999999,1.70023,1.801196,EXTRACTED
n1348gat,U_n1348gat/ZN,59.09,54.6,False,98,0.0792778,0.15013776499999998,1.651345,1.7306228000000001,EXTRACTED
n1349gat,U_n1349gat/ZN,53.39,51.8,False,98,0.507072,0.20818184899999997,1.70023,2.207302,EXTRACTED
n134gat,U_n134gat/ZN,69.54,21.0,False,4620,0.701314,0.62839372,1.714471,2.415785,EXTRACTED
n1351gat,U_n1351gat/ZN,55.48,47.6,False,46,0.1367596,0.1729659,0.938321,1.0750806,EXTRACTED
n1352gat,U_n1352gat/ZN,54.15,47.6,False,23,0.0648118,0.07913812,0.941245,1.0060568,EXTRACTED
n1353gat,U_n1353gat/ZN,57.76,47.6,False,74,0.1100154,0.3119890699999999,1.651345,1.7613604,EXTRACTED
n1354gat,U_n1354gat/ZN,47.88,36.4,False,1016,0.8151539999999999,0.5811099680000001,1.70023,2.515384,EXTRACTED
n1355gat,U_n1355gat/ZN,51.49,49.0,False,152,0.46206600000000003,0.5620140610000001,1.651345,2.113411,EXTRACTED
n1356gat,U_n1356gat/ZN,53.2,42.0,False,1016,0.01630032,0.00176665,1.651345,1.66764532,EXTRACTED
n1357gat,U_n1357gat/ZN,55.1,42.0,False,26,0.516174,0.338707242,0.914189,1.430363,EXTRACTED
n1358gat,U_n1358gat/ZN,54.15,42.0,False,63,0.522114,0.39570442,0.923766,1.4458799999999998,EXTRACTED
n1359gat,U_n1359gat/ZN,55.1,43.4,False,47,0.4957158,0.6750912959999998,0.938321,1.4340368,EXTRACTED
n1360gat,U_n1360gat/ZN,53.58,42.0,False,680,0.61606859,0.28932892,0.941245,1.5573135900000001,EXTRACTED
n1361gat,U_n1361gat/ZN,15.96,64.4,True,4332,0.10990319999999999,0.06837847,1.119679,1.2295822,EXTRACTED
n1363gat,U_n1363gat/Q,14.06,65.8,True,4332,1.9227667,1.676105497,2.619024,4.5417907,EXTRACTED
n1365gat,U_n1365gat/ZN,49.78,42.0,False,101,0.397482,0.34821091400000004,1.70023,2.097712,EXTRACTED
n1366gat,U_n1366gat/ZN,45.6,44.8,False,101,0.068083,0.02800542,1.714471,1.7825540000000002,EXTRACTED
n1367gat,U_n1367gat/ZN,44.65,44.8,False,48,0.43014399999999997,0.3897229099999999,0.914189,1.344333,EXTRACTED
n1368gat,U_n1368gat/ZN,49.59,35.0,False,1015,0.302998,0.27457369,0.946814,1.249812,EXTRACTED
n1369gat,U_n1369gat/ZN,49.4,39.2,False,4721,0.074826,0.026077120000000002,1.651345,1.7261710000000001,EXTRACTED
n136gat,U_n136gat/ZN,30.59,9.8,False,202,0.4957059999999999,0.26670243949,0.941939,1.4376449999999998,EXTRACTED
n1370gat,U_n1370gat/ZN,49.4,42.0,False,1548,0.0891424,0.013481000000000002,1.714471,1.8036134000000001,EXTRACTED
n1371gat,U_n1371gat/ZN,49.4,40.6,False,794,0.07651960000000001,0.04020672,0.923766,1.0002856,EXTRACTED
n1372gat,U_n1372gat/ZN,48.45,36.4,False,5383,0.0893052,0.01878684,0.941939,1.0312442,EXTRACTED
n1373gat,U_n1373gat/ZN,51.49,33.6,False,989,0.40235205,0.43994115649,0.946814,1.34916605,EXTRACTED
n1374gat,U_n1374gat/ZN,49.78,39.2,False,4844,0.6464840000000001,0.47193621100000005,1.651345,2.297829,EXTRACTED
n1375gat,U_n1375gat/ZN,46.93,33.6,False,372,0.6224328,0.6268046848,0.946814,1.5692468000000002,EXTRACTED
n1376gat,U_n1376gat/ZN,39.71,53.2,False,2449,0.407232,0.27187464,1.70023,2.107462,EXTRACTED
n1377gat,U_n1377gat/ZN,39.52,51.8,False,4737,0.1114222,0.16997322500000003,1.70023,1.8116522,EXTRACTED
n1378gat,U_n1378gat/ZN,46.17,39.2,False,4659,0.331202,0.22679769000000002,1.651345,1.982547,EXTRACTED
n1379gat,U_n1379gat/ZN,38.0,51.8,False,4737,0.07507330000000001,0.047648170000000004,3.365816,3.4408893000000003,EXTRACTED
n137gat,U_n137gat/ZN,37.62,19.6,False,202,0.057947,0.023511353,0.941939,0.9998859999999999,EXTRACTED
n1380gat,U_n1380gat/ZN,38.57,56.0,False,2879,0.39811414999999994,0.227960572,3.365816,3.76393015,EXTRACTED
n1383gat,U_n1383gat/ZN,53.2,72.8,False,3451,0.41876,0.45996174999999995,0.946814,1.365574,EXTRACTED
n1384gat,U_n1384gat/ZN,43.7,75.6,False,0,0.0827744,0.11910488999999999,0.941939,1.0247134,EXTRACTED
n1387gat,U_n1387gat/ZN,30.02,47.6,True,4544,0.1641038,0.07174092,1.651345,1.8154488,EXTRACTED
n1389gat,U_n1389gat/Q,26.41,43.4,True,4544,0.732066,0.621138972,2.619024,3.35109,EXTRACTED
n1391gat,U_n1391gat/ZN,24.7,43.4,False,5,1.4798266,0.19160121000000002,1.119679,2.5995056,EXTRACTED
n1392gat,U_n1392gat/ZN,20.33,57.4,True,4235,1.2976258,1.7186438659999996,3.842302,5.139927800000001,EXTRACTED
n1394gat,U_n1394gat/Q,17.1,50.4,True,4235,1.5172825,1.6887629099700001,7.662735,9.1800175,EXTRACTED
n1396gat,U_n1396gat/ZN,5.32,43.4,False,3460,0.5620482,0.588488327,3.2801400000000003,3.8421882000000003,EXTRACTED
n1397gat,U_n1397gat/ZN,8.17,43.4,False,3409,0.52505165,0.68466199,1.651345,2.17639665,EXTRACTED
n1398gat,U_n1398gat/ZN,2.09,39.2,False,6258,0.44592,0.586404305,0.914189,1.360109,EXTRACTED
n1399gat,U_n1399gat/ZN,6.08,40.6,False,4898,0.28055199999999997,0.23237809,0.923766,1.204318,EXTRACTED
n139gat,U_n139gat/ZN,37.62,16.8,False,142,0.229624,0.7911197969999999,0.946814,1.176438,EXTRACTED
n13gat,U_n13gat/ZN,55.86,1.4,False,268,0.5792686,0.604632808,0.940092,1.5193606000000002,EXTRACTED
n1400gat,U_n1400gat/ZN,9.88,39.2,False,171,0.5257582,0.66499326,0.938321,1.4640792,EXTRACTED
n1401gat,U_n1401gat/ZN,17.1,46.2,False,3460,0.73333004,0.977708356,3.351575,4.08490504,EXTRACTED
n1402gat,U_n1402gat/ZN,18.62,47.6,False,239,0.580064,0.9375749130000001,1.70023,2.280294,EXTRACTED
n1403gat,U_n1403gat/ZN,10.07,50.4,False,239,0.8032482999999999,0.706377425,3.30269,4.1059383,EXTRACTED
n1406gat,U_n1406gat/ZN,31.73,46.2,False,1031,0.469834,0.65608746,1.663842,2.133676,EXTRACTED
n1407gat,U_n1407gat/ZN,16.53,47.6,False,1136,0.699023,0.78413875,0.921561,1.620584,EXTRACTED
n1408gat,U_n1408gat/ZN,6.46,44.8,False,6244,1.304869,2.52806947,0.940092,2.244961,EXTRACTED
n1409gat,U_n1409gat/ZN,22.8,49.0,False,2275,0.375242,0.39708517099999996,1.663842,2.039084,EXTRACTED
n140gat,U_n140gat/ZN,36.86,16.8,False,205,0.8073145800000001,0.9778438049699999,5.066046,5.87336058,EXTRACTED
n1410gat,U_n1410gat/ZN,46.17,43.4,False,4322,0.873542,0.5660333800000001,3.365816,4.239358,EXTRACTED
n1411gat,U_n1411gat/ZN,33.25,49.0,False,466,0.462684,0.37381418,1.763571,2.226255,EXTRACTED
n1412gat,U_n1412gat/ZN,28.88,53.2,False,7140,0.5608598,0.4089652200000001,2.642169,3.2030288000000002,EXTRACTED
n1413gat,U_n1413gat/ZN,29.07,51.8,False,3119,0.08802120000000001,0.1367981,0.959052,1.0470732,EXTRACTED
n1414gat,U_n1414gat/ZN,54.53,57.4,False,3985,0.15614160000000002,0.10334002000000002,1.714471,1.8706126,EXTRACTED
n1415gat,U_n1415gat/ZN,54.91,57.4,False,3985,0.06296779999999999,0.007024078,1.70023,1.7631978,EXTRACTED
n1416gat,U_n1416gat/ZN,51.87,49.0,False,148,0.8008,0.5202369400000001,1.70023,2.50103,EXTRACTED
n1417gat,U_n1417gat/ZN,52.06,47.6,False,66,0.0836484,0.08905151,1.70023,1.7838783999999999,EXTRACTED
n1418gat,U_n1418gat/ZN,51.68,47.6,False,66,0.1590488,0.18601354800000003,1.651345,1.8103938,EXTRACTED
n1419gat,U_n1419gat/ZN,52.82,47.6,False,74,0.274318,0.378802441,1.70023,1.974548,EXTRACTED
n141gat,U_n141gat/ZN,38.19,21.0,False,159,0.6256516999999999,0.595510188,0.959052,1.5847037,EXTRACTED
n1420gat,U_n1420gat/ZN,53.39,43.4,False,58,0.1402516,0.08363094500000001,1.70023,1.8404816,EXTRACTED
n1421gat,U_n1421gat/ZN,47.12,37.8,False,119,1.301796,1.5537345599999997,1.70023,3.002026,EXTRACTED
n1422gat,U_n1422gat/ZN,52.06,44.8,False,152,0.30193800000000004,0.27368019400000004,1.70023,2.002168,EXTRACTED
n1423gat,U_n1423gat/ZN,37.24,47.6,False,81,0.042503599999999996,0.02279027,1.70023,1.7427336,EXTRACTED
n1424gat,U_n1424gat/ZN,54.72,42.0,False,58,0.0447678,0.056019440000000004,1.714471,1.7592388,EXTRACTED
n1425gat,U_n1425gat/ZN,55.67,50.4,False,119,0.583594,0.32160555299999993,1.714471,2.2980650000000002,EXTRACTED
n1426gat,U_n1426gat/ZN,48.83,42.0,False,1548,0.0467386,0.011088119,1.70023,1.7469686,EXTRACTED
n1427gat,U_n1427gat/ZN,33.82,49.0,False,1346,1.9875507,1.3227985309999997,4.261742,6.2492927,EXTRACTED
n1428gat,U_n1428gat/ZN,56.24,43.4,False,2388,1.4872344,1.3016550889999998,1.714471,3.2017054,EXTRACTED
n142gat,U_n142gat/ZN,72.58,21.0,False,10,0.07396839999999999,0.111518008,0.959052,1.0330204,EXTRACTED
n1431gat,U_n1431gat/ZN,25.65,65.8,True,4927,0.072754,0.07245206,1.119679,1.192433,EXTRACTED
n1433gat,U_n1433gat/Q,26.03,67.2,True,4927,1.6301185999999999,0.74252293,2.619024,4.2491426,EXTRACTED
n1435gat,U_n1435gat/ZN,51.68,42.0,False,81,0.40738,0.19735411200000003,1.70023,2.1076099999999998,EXTRACTED
n1436gat,U_n1436gat/ZN,54.53,37.8,False,81,0.395936,0.24559234,1.714471,2.110407,EXTRACTED
n1437gat,U_n1437gat/ZN,46.36,40.6,False,91,0.219282,0.18958226,1.714471,1.933753,EXTRACTED
n1438gat,U_n1438gat/ZN,45.79,42.0,False,91,0.0841672,0.021549917000000002,1.70023,1.7843972,EXTRACTED
n1439gat,U_n1439gat/ZN,46.93,42.0,False,1270,0.0927312,0.09600987999999999,1.651345,1.7440762,EXTRACTED
n143gat,U_n143gat/ZN,66.12,19.6,False,4650,0.927902,0.8522448389999999,0.941939,1.869841,EXTRACTED
n1440gat,U_n1440gat/ZN,47.69,40.6,False,1120,0.034501000000000004,0.089276354,0.938321,0.972822,EXTRACTED
n1441gat,U_n1441gat/ZN,47.69,43.4,False,42,0.1661976,0.11492467,0.941245,1.1074426,EXTRACTED
n1443gat,U_n1443gat/ZN,52.44,37.8,False,1087,0.25074599999999997,0.23603190190000004,0.946814,1.19756,EXTRACTED
n1444gat,U_n1444gat/ZN,28.69,32.2,False,1765,2.8469633,2.730424451,10.111501,12.958464300000001,EXTRACTED
n1446gat,U_n1446gat/ZN,38.76,51.8,False,2451,0.79745106,0.7585998039999997,6.60538,7.4028310600000005,EXTRACTED
n1447gat,U_n1447gat/ZN,33.06,50.4,False,4665,0.8663885,0.515194408,3.365816,4.2322045,EXTRACTED
n1448gat,U_n1448gat/ZN,45.41,54.6,False,2449,0.95502,0.8610608759999998,5.080287,6.035307,EXTRACTED
n1449gat,U_n1449gat/ZN,38.19,46.2,False,95,0.7410669999999999,0.7721314466,1.651345,2.392412,EXTRACTED
n144gat,U_n144gat/ZN,70.49,23.8,False,428,0.5236286000000001,0.98550422349,3.330769,3.8543976000000004,EXTRACTED
n1450gat,U_n1450gat/ZN,37.81,47.6,False,81,0.076508,0.05913443,1.714471,1.790979,EXTRACTED
n1452gat,U_n1452gat/ZN,43.32,74.2,False,3723,0.0711158,0.24799060999999997,0.941939,1.0130548,EXTRACTED
n1453gat,U_n1453gat/ZN,43.7,74.2,False,2747,0.1167206,0.18799459,0.941939,1.0586596,EXTRACTED
n1454gat,U_n1454gat/ZN,15.58,49.0,False,213,0.369154,0.10845578,1.651345,2.020499,EXTRACTED
n1456gat,U_n1456gat/Q,8.55,37.8,True,5271,0.6596317,1.1795945520000002,2.633265,3.2928967,EXTRACTED
n1458gat,U_n1458gat/ZN,11.4,46.2,False,4230,0.602276,0.6480555339999999,1.651345,2.253621,EXTRACTED
n1459gat,U_n1459gat/ZN,11.4,50.4,False,138,0.29926600000000003,0.38252708999999996,1.651345,1.950611,EXTRACTED
n145gat,U_n145gat/ZN,77.52,19.6,False,25,0.47171799999999997,0.29206325,0.946814,1.418532,EXTRACTED
n1460gat,U_n1460gat/ZN,4.18,49.0,True,4331,0.5555044,0.22033145000000004,1.651345,2.2068494000000003,EXTRACTED
n1462gat,U_n1462gat/Q,1.71,46.2,True,4331,1.1087156,0.971800292,4.282866,5.3915816,EXTRACTED
n1466gat,U_n1466gat/ZN,9.31,50.4,False,3635,0.252922,0.06943612,0.941939,1.194861,EXTRACTED
n1467gat,U_n1467gat/ZN,28.88,44.8,False,1570,1.620295,1.6565729599999999,0.946814,2.5671090000000003,EXTRACTED
n1468gat,U_n1468gat/ZN,28.31,44.8,False,1579,0.0306502,0.050319702,1.651345,1.6819952,EXTRACTED
n1469gat,U_n1469gat/ZN,21.66,49.0,False,213,0.36570365000000005,0.565341932,3.316528,3.68223165,EXTRACTED
n146gat,U_n146gat/ZN,33.63,15.4,True,4887,0.0343742,0.00707453,1.663842,1.6982162,EXTRACTED
n1470gat,U_n1470gat/ZN,10.26,46.2,False,1613,0.336494,0.1599756,0.941245,1.277739,EXTRACTED
n1471gat,U_n1471gat/ZN,19.57,47.6,False,119,0.1519158,0.16010507999999998,1.663842,1.8157578,EXTRACTED
n1472gat,U_n1472gat/ZN,20.9,49.0,False,2288,0.5642924,1.1677323999999998,1.714471,2.2787634,EXTRACTED
n1476gat,U_n1476gat/ZN,22.23,49.0,False,2275,0.12951810000000002,0.06752044,3.463801,3.5933191,EXTRACTED
n1477gat,U_n1477gat/ZN,8.93,50.4,False,4939,0.061990399999999994,0.0455751,1.651345,1.7133354,EXTRACTED
n1478gat,U_n1478gat/ZN,53.96,63.0,False,158,0.204462,0.19362986999999998,1.651345,1.855807,EXTRACTED
n1479gat,U_n1479gat/ZN,47.31,40.6,False,366,0.9677576999999999,0.8391449509999999,5.080287,6.0480447,EXTRACTED
n1480gat,U_n1480gat/ZN,41.23,35.0,False,438,1.2991187,1.3106758210000002,4.954035,6.2531537,EXTRACTED
n1481gat,U_n1481gat/ZN,52.63,49.0,False,158,0.870342,0.45981573800000003,1.70023,2.570572,EXTRACTED
n1482gat,U_n1482gat/ZN,45.41,42.0,False,3294,0.7926572500000001,1.022293428,5.080287,5.872944250000001,EXTRACTED
n1483gat,U_n1483gat/ZN,53.77,49.0,False,77,0.7109000000000001,0.7415581600000001,1.70023,2.41113,EXTRACTED
n1484gat,U_n1484gat/ZN,45.98,50.4,False,128,1.306122,1.5343261200000002,1.70023,3.0063519999999997,EXTRACTED
n1485gat,U_n1485gat/ZN,48.07,44.8,False,114,0.383648,0.491456998,1.70023,2.083878,EXTRACTED
n1486gat,U_n1486gat/ZN,46.36,42.0,False,1270,0.038516999999999996,0.02239049,1.70023,1.7387469999999998,EXTRACTED
n1487gat,U_n1487gat/ZN,53.58,46.2,False,114,0.1217496,0.14509308999999998,1.651345,1.7730946,EXTRACTED
n148gat,U_n148gat/Q,40.85,19.6,True,4887,1.02061547,0.9429677940000001,5.98484,7.00545547,EXTRACTED
n1494gat,U_n1494gat/ZN,38.57,46.2,False,95,0.0581032,0.020190780000000002,1.70023,1.7583331999999998,EXTRACTED
n1496gat,U_n1496gat/Q,10.83,49.0,True,4692,0.9943383299999999,0.83216086,2.582636,3.5769743299999996,EXTRACTED
n1498gat,U_n1498gat/ZN,36.1,53.2,False,1943,0.368264,0.278327348,1.651345,2.019609,EXTRACTED
n1499gat,U_n1499gat/ZN,33.82,14.0,False,4097,0.98195455,1.119019409,8.332371,9.31432555,EXTRACTED
n14gat,U_n14gat/ZN,53.96,7.0,False,342,0.37084599999999995,0.245487806,1.651345,2.022191,EXTRACTED
n1500gat,U_n1500gat/ZN,36.29,56.0,False,4799,0.206128,0.5556241000000001,1.651345,1.8574730000000002,EXTRACTED
n1501gat,U_n1501gat/ZN,40.66,57.4,False,1012,0.38452400000000003,0.12985079,1.70023,2.0847539999999998,EXTRACTED
n1502gat,U_n1502gat/ZN,30.97,51.8,False,71,0.25839199999999996,0.40193629999999997,0.941939,1.2003309999999998,EXTRACTED
n1503gat,U_n1503gat/ZN,40.09,51.8,False,1012,0.275566,0.522322341,1.714471,1.990037,EXTRACTED
n1504gat,U_n1504gat/ZN,36.67,47.6,False,16,0.762524,0.8404323709999999,0.946814,1.709338,EXTRACTED
n1505gat,U_n1505gat/ZN,11.78,44.8,False,5051,0.5656684,0.73742565,1.70023,2.2658983999999998,EXTRACTED
n1508gat,U_n1508gat/Q,9.88,51.8,True,4694,1.2153419699999999,1.0808957069999998,4.396836,5.61217797,EXTRACTED
n150gat,U_n150gat/ZN,37.62,21.0,True,4781,0.0229232,0.0113571,1.616298,1.6392212,EXTRACTED
n1510gat,U_n1510gat/ZN,5.89,42.0,False,4144,0.45727019999999996,0.6844760670000002,1.714471,2.1717412,EXTRACTED
n1515gat,U_n1515gat/ZN,20.9,22.4,False,3612,0.49834217999999997,0.215244306,3.427413,3.92575518,EXTRACTED
n1516gat,U_n1516gat/ZN,21.47,50.4,False,5,0.0595228,0.00928034,1.119679,1.1792018000000002,EXTRACTED
n1517gat,U_n1517gat/ZN,28.88,28.0,False,276,2.0921896,1.3383380200000001,1.651345,3.7435346000000003,EXTRACTED
n1519gat,U_n1519gat/ZN,12.16,44.8,False,1579,0.8214440000000001,2.13486602,3.414701,4.2361450000000005,EXTRACTED
n1520gat,U_n1520gat/ZN,19.95,22.4,False,1378,0.121345,0.10382916999999998,1.763571,1.884916,EXTRACTED
n1521gat,U_n1521gat/ZN,25.27,19.6,False,3612,0.38726,0.5136395229999999,1.70023,2.08749,EXTRACTED
n1523gat,U_n1523gat/ZN,36.67,50.4,False,8201,0.6043346,0.663828443,1.651345,2.2556796,EXTRACTED
n1525gat,U_n1525gat/Q,4.94,33.6,True,5369,0.9247300700000001,0.4928912550000001,2.633265,3.5579950700000005,EXTRACTED
n1528gat,U_n1528gat/ZN,38.57,42.0,False,355,1.5923910000000001,0.9364149850000001,6.731632,8.324023,EXTRACTED
n1529gat,U_n1529gat/ZN,44.46,46.2,False,105,0.683986,0.7007035880000001,1.70023,2.384216,EXTRACTED
n152gat,U_n152gat/Q,39.14,16.8,True,4781,0.8508598,0.6744095109999999,9.475379,10.3262388,EXTRACTED
n1530gat,U_n1530gat/ZN,37.62,43.4,False,2182,1.6921449,2.5209657200000004,4.954035,6.6461799,EXTRACTED
n1531gat,U_n1531gat/ZN,8.93,51.8,False,4176,0.0980624,0.13463532,0.914189,1.0122514,EXTRACTED
n1532gat,U_n1532gat/ZN,6.27,51.8,False,4080,0.0571846,0.05782695,0.923766,0.9809506,EXTRACTED
n1533gat,U_n1533gat/ZN,6.65,46.2,False,121,0.271436,0.22173868,0.938321,1.209757,EXTRACTED
n1543gat,U_n1543gat/ZN,20.71,57.4,False,5429,0.589027,0.78216342,1.651345,2.240372,EXTRACTED
n1544gat,U_n1544gat/ZN,26.03,58.8,False,1183,0.4798759,1.3275121399999998,1.714471,2.1943469,EXTRACTED
n1546gat,U_n1546gat/ZN,3.23,44.8,False,5051,0.0836568,0.12764644,1.70023,1.7838867999999999,EXTRACTED
n154gat,U_n154gat/ZN,36.29,18.2,True,4874,1.420903,1.2447731020000001,5.017161,6.438064,EXTRACTED
n1553gat,U_n1553gat/ZN,25.27,18.2,False,3972,1.0715045,1.151030325,6.707553,7.7790575,EXTRACTED
n1554gat,U_n1554gat/ZN,29.45,15.4,False,374,0.5767558,0.733779088,1.616298,2.1930538,EXTRACTED
n1555gat,U_n1555gat/ZN,34.2,16.8,False,374,0.325656,0.45199799,1.70023,2.025886,EXTRACTED
n1556gat,U_n1556gat/ZN,26.98,12.6,False,195,0.284162,0.48646649999999997,1.70023,1.984392,EXTRACTED
n1557gat,U_n1557gat/ZN,26.41,14.0,False,277,0.061043400000000005,0.014078015000000001,1.70023,1.7612733999999999,EXTRACTED
n1558gat,U_n1558gat/ZN,27.74,14.0,False,374,0.11013640000000001,0.04785293,1.70023,1.8103664,EXTRACTED
n1559gat,U_n1559gat/ZN,36.29,9.8,False,4041,1.36274,1.895550316,6.707553,8.070293,EXTRACTED
n1560gat,U_n1560gat/ZN,26.03,14.0,False,277,0.410918,0.190573458,1.763571,2.174489,EXTRACTED
n1561gat,U_n1561gat/ZN,16.72,11.2,False,418,1.16558,0.6907166979999998,1.763571,2.929151,EXTRACTED
n1562gat,U_n1562gat/ZN,21.85,11.2,False,195,0.7463839999999999,0.8822370999999998,1.663842,2.4102259999999998,EXTRACTED
n1563gat,U_n1563gat/ZN,27.93,19.6,False,1,0.9417572000000001,0.9265180949999999,0.921561,1.8633182000000001,EXTRACTED
n1564gat,U_n1564gat/ZN,11.21,30.8,False,370,0.426402,0.33913992800000003,1.119679,1.546081,EXTRACTED
n1565gat,U_n1565gat/ZN,5.89,32.2,False,15,0.8997360000000001,0.511366642,1.119679,2.0194150000000004,EXTRACTED
n1566gat,U_n1566gat/ZN,30.02,14.0,False,234,0.1562996,0.064078897,1.616298,1.7725976,EXTRACTED
n1567gat,U_n1567gat/ZN,7.98,30.8,False,5,0.45334800000000003,0.29126894699999994,1.119679,1.5730270000000002,EXTRACTED
n1568gat,U_n1568gat/ZN,25.46,21.0,False,4800,0.3311872,0.45406207000000004,3.3798690000000002,3.7110562000000002,EXTRACTED
n1569gat,U_n1569gat/ZN,28.31,16.8,False,276,0.0946568,0.02191303,1.763571,1.8582278,EXTRACTED
n156gat,U_n156gat/Q,38.76,22.4,True,4874,1.2206650000000001,0.976552213,7.713364,8.934029,EXTRACTED
n1570gat,U_n1570gat/ZN,24.13,16.8,False,276,0.1865802,0.2624842,1.70023,1.8868102,EXTRACTED
n1571gat,U_n1571gat/ZN,22.42,16.8,False,418,0.46403300000000003,0.87176066,1.70023,2.164263,EXTRACTED
n1572gat,U_n1572gat/ZN,17.86,37.8,False,473,0.4110362,0.59500902,1.651345,2.0623812,EXTRACTED
n1573gat,U_n1573gat/ZN,15.2,36.4,False,128,0.1587774,0.25184454999999994,0.941939,1.1007164,EXTRACTED
n1574gat,U_n1574gat/ZN,18.24,37.8,False,381,0.075544,0.13073574,0.946814,1.022358,EXTRACTED
n1575gat,U_n1575gat/ZN,18.43,19.6,False,4800,0.334014,0.80005846,1.70023,2.0342439999999997,EXTRACTED
n1576gat,U_n1576gat/ZN,11.4,26.6,False,473,0.9700059999999999,0.982451532,3.30618,4.276186,EXTRACTED
n1577gat,U_n1577gat/ZN,19.19,23.8,False,619,0.431126,0.5931034340000001,1.70023,2.131356,EXTRACTED
n1578gat,U_n1578gat/ZN,26.98,28.0,False,276,0.125147,0.17653522000000002,1.70023,1.825377,EXTRACTED
n1580gat,U_n1580gat/ZN,14.06,19.6,False,619,1.2611797900000001,0.970839008,1.651345,2.91252479,EXTRACTED
n1581gat,U_n1581gat/ZN,25.65,28.0,False,62,1.1239409999999999,0.83653773,0.941939,2.06588,EXTRACTED
n1582gat,U_n1582gat/ZN,22.8,26.6,False,1378,0.364838,0.407550661,1.70023,2.065068,EXTRACTED
n1586gat,U_n1586gat/ZN,25.08,61.6,False,864,0.9152309999999999,1.378791638,0.946814,1.862045,EXTRACTED
n1588gat,U_n1588gat/Q,5.51,56.0,True,5061,0.43093210000000004,0.561364954,2.582636,3.0135681,EXTRACTED
n158gat,U_n158gat/ZN,38.0,58.8,True,4152,0.19708186,0.18191114500000002,3.327684,3.52476586,EXTRACTED
n1590gat,U_n1590gat/ZN,23.75,47.6,False,1765,4.560123620000001,5.947803989000001,16.702828,21.262951620000003,EXTRACTED
n1591gat,U_n1591gat/ZN,39.52,40.6,False,4110,1.1533210800000002,1.4144515510000002,10.097448,11.25076908,EXTRACTED
n1592gat,U_n1592gat/ZN,49.78,54.6,False,105,0.1567794,0.29687316,1.714471,1.8712504,EXTRACTED
n1593gat,U_n1593gat/ZN,13.87,56.0,False,55,0.34100400000000003,0.11291798000000002,1.119679,1.4606830000000002,EXTRACTED
n1594gat,U_n1594gat/ZN,14.82,51.8,True,5231,0.6964569999999999,0.63284135,1.763571,2.460028,EXTRACTED
n1596gat,U_n1596gat/Q,7.03,47.6,True,5231,1.03100913,0.7973369599999998,5.273587,6.30459613,EXTRACTED
n1598gat,U_n1598gat/ZN,51.68,56.0,False,55,0.340144,0.6325142716,1.763571,2.1037150000000002,EXTRACTED
n1599gat,U_n1599gat/ZN,34.58,57.4,False,4518,1.3128527399999999,1.02691231,0.946814,2.25966674,EXTRACTED
n15gat,U_n15gat/ZN,67.07,12.6,False,176,0.321196,0.675163211,1.70023,2.021426,EXTRACTED
n1600gat,U_n1600gat/ZN,14.25,51.8,False,2819,0.5027020000000001,0.41071527999999996,1.616298,2.119,EXTRACTED
n1601gat,U_n1601gat/ZN,54.91,58.8,False,5649,0.8005774000000001,0.8521807400000001,5.080287,5.8808644,EXTRACTED
n1602gat,U_n1602gat/ZN,4.75,56.0,False,354,1.094116,1.3397289170000002,3.327684,4.4218,EXTRACTED
n1604gat,U_n1604gat/ZN,26.79,42.0,False,2029,1.1394603700000001,1.383915237,5.891878,7.03133837,EXTRACTED
n1605gat,U_n1605gat/ZN,30.4,14.0,False,234,0.0771916,0.0741724,1.70023,1.7774215999999998,EXTRACTED
n1606gat,U_n1606gat/ZN,23.75,58.8,False,5429,1.6590994000000001,1.544475534,2.819909,4.4790084,EXTRACTED
n1607gat,U_n1607gat/ZN,35.91,47.6,False,4221,0.492866,0.41833649,1.714471,2.207337,EXTRACTED
n1608gat,U_n1608gat/ZN,34.01,50.4,False,1346,0.80495619,0.6774350100000001,5.00292,5.80787619,EXTRACTED
n1609gat,U_n1609gat/ZN,36.1,50.4,False,597,1.5538739,1.3157461760000007,7.717995,9.2718689,EXTRACTED
n160gat,U_n160gat/Q,39.9,65.8,True,4152,2.0073448,1.86710416949,7.598053,9.6053978,EXTRACTED
n1610gat,U_n1610gat/ZN,13.11,60.2,False,3003,0.695048,0.53018426,1.119679,1.814727,EXTRACTED
n1613gat,U_n1613gat/ZN,14.25,60.2,False,203,0.5377143,0.8043254,1.119679,1.6573933,EXTRACTED
n1614gat,U_n1614gat/ZN,32.11,14.0,False,4041,0.6919526,1.4685802184900003,8.580474,9.272426600000001,EXTRACTED
n1615gat,U_n1615gat/ZN,38.76,47.6,False,899,0.380312,0.81537139897,1.651345,2.031657,EXTRACTED
n1616gat,U_n1616gat/ZN,31.35,12.6,False,3972,1.12745289,1.2467113039999997,8.418071,9.54552389,EXTRACTED
n1617gat,U_n1617gat/ZN,39.14,50.4,False,980,0.108441,0.052212222,1.70023,1.808671,EXTRACTED
n1618gat,U_n1618gat/ZN,43.13,49.0,False,1195,0.337298,0.610100627,1.70023,2.037528,EXTRACTED
n1619gat,U_n1619gat/ZN,42.75,46.2,False,867,0.92083615,1.10102203,1.70023,2.62106615,EXTRACTED
n1620gat,U_n1620gat/ZN,37.43,53.2,False,762,0.806972,0.24621758399999996,1.119679,1.9266510000000001,EXTRACTED
n1621gat,U_n1621gat/ZN,35.53,53.2,False,1667,0.5144299999999999,0.617955202,1.70023,2.21466,EXTRACTED
n1622gat,U_n1622gat/ZN,36.67,53.2,False,1310,0.2294,0.08537582900000001,1.70023,1.92963,EXTRACTED
n1623gat,U_n1623gat/ZN,36.48,51.8,False,1076,0.41035000000000005,0.164894323,1.70023,2.11058,EXTRACTED
n1624gat,U_n1624gat/ZN,37.24,51.8,False,899,0.32572599999999996,0.208380095,1.70023,2.025956,EXTRACTED
n1625gat,U_n1625gat/ZN,27.36,54.6,False,1183,0.4444517,0.193149432,4.483751,4.9282027,EXTRACTED
n1626gat,U_n1626gat/ZN,26.98,56.0,False,701,0.5829341000000001,0.34719371,4.436207,5.0191411,EXTRACTED
n1627gat,U_n1627gat/ZN,36.48,49.0,False,1195,1.016054,0.7732677174,1.714471,2.730525,EXTRACTED
n1628gat,U_n1628gat/ZN,26.98,54.6,False,1667,0.0132445,0.00656185,1.651345,1.6645895000000002,EXTRACTED
n1629gat,U_n1629gat/ZN,15.96,29.4,False,2782,0.0385058,0.00760594,1.651345,1.6898508,EXTRACTED
n162gat,U_n162gat/ZN,41.42,64.4,False,8189,0.2515377,0.20116803,3.327684,3.5792217,EXTRACTED
n1630gat,U_n1630gat/ZN,14.63,32.2,False,5334,0.12797899999999998,0.18640863000000002,0.941939,1.069918,EXTRACTED
n1632gat,U_n1632gat/ZN,8.74,32.2,False,375,0.095851,0.03487113,1.119679,1.21553,EXTRACTED
n1634gat,U_n1634gat/ZN,8.55,35.0,False,246,0.30263799999999996,0.19636399999999998,1.714471,2.017109,EXTRACTED
n1636gat,U_n1636gat/ZN,13.49,37.8,False,248,0.85431,0.9336531020000002,1.119679,1.973989,EXTRACTED
n1639gat,U_n1639gat/ZN,32.68,14.0,False,2214,0.5875252,0.49370188,1.70023,2.2877552,EXTRACTED
n163gat,U_n163gat/ZN,48.83,29.4,True,4591,0.7135684,0.567975288,3.327684,4.0412524,EXTRACTED
n1640gat,U_n1640gat/ZN,24.13,12.6,False,2214,0.11754279999999999,0.097876365,1.616298,1.7338408,EXTRACTED
n1641gat,U_n1641gat/ZN,24.13,5.6,False,3239,0.48203,0.19175024000000002,1.70023,2.18226,EXTRACTED
n1642gat,U_n1642gat/ZN,26.22,12.6,False,386,0.252788,0.23642612,1.70023,1.953018,EXTRACTED
n1643gat,U_n1643gat/ZN,23.75,12.6,False,3239,0.272188,0.11030886699999999,1.763571,2.035759,EXTRACTED
n1644gat,U_n1644gat/ZN,23.37,16.8,False,3,0.254184,0.3572916,0.921561,1.175745,EXTRACTED
n1645gat,U_n1645gat/ZN,28.88,7.0,False,4097,0.88578102,0.525818172,6.707553,7.59333402,EXTRACTED
n1646gat,U_n1646gat/ZN,28.5,15.4,False,1,0.24263,0.24044696799999998,0.921561,1.164191,EXTRACTED
n1647gat,U_n1647gat/ZN,21.66,19.6,False,1,1.019074,0.7186266339999999,0.940092,1.9591660000000002,EXTRACTED
n1648gat,U_n1648gat/ZN,14.06,8.4,False,1065,1.13517,0.35403226000000004,1.663842,2.7990120000000003,EXTRACTED
n1649gat,U_n1649gat/ZN,26.98,8.4,False,1,0.383368,0.06449935700000001,0.940092,1.32346,EXTRACTED
n1650gat,U_n1650gat/ZN,23.56,14.0,False,1,0.335908,0.180304462,0.959052,1.29496,EXTRACTED
n1651gat,U_n1651gat/ZN,22.61,12.6,False,386,0.15130100000000002,0.58736265,1.763571,1.914872,EXTRACTED
n1652gat,U_n1652gat/ZN,11.59,21.0,False,716,0.745356,0.9580789999999999,1.663842,2.409198,EXTRACTED
n1653gat,U_n1653gat/ZN,18.43,11.2,False,2,0.279292,0.12301306000000001,0.940092,1.219384,EXTRACTED
n1654gat,U_n1654gat/ZN,18.62,15.4,False,5,0.0596596,0.051586370000000006,0.959052,1.0187116,EXTRACTED
n1655gat,U_n1655gat/ZN,30.59,11.2,False,413,0.415214,0.609600045,1.70023,2.115444,EXTRACTED
n1656gat,U_n1656gat/ZN,25.08,14.0,False,413,0.47419999999999995,0.34675335,1.763571,2.237771,EXTRACTED
n1657gat,U_n1657gat/ZN,19.0,9.8,False,716,0.9524619999999999,0.9395489899999999,1.70023,2.652692,EXTRACTED
n1659gat,U_n1659gat/ZN,14.25,21.0,False,509,2.3768802,2.193914239,14.919178,17.2960582,EXTRACTED
n165gat,U_n165gat/Q,44.27,65.8,True,4591,2.9431017,2.4423272050000007,9.312524,12.2556257,EXTRACTED
n1660gat,U_n1660gat/ZN,21.47,23.8,False,1503,0.316294,0.30325852999999997,1.70023,2.016524,EXTRACTED
n1661gat,U_n1661gat/ZN,17.29,22.4,False,1503,0.47914,0.6268379860000001,1.616298,2.095438,EXTRACTED
n1662gat,U_n1662gat/ZN,19.57,18.2,False,3516,0.9652516,1.0611043999999998,3.427413,4.3926646,EXTRACTED
n1663gat,U_n1663gat/ZN,19.57,25.2,False,3516,0.47172000000000003,0.28222795500000003,1.70023,2.17195,EXTRACTED
n1665gat,U_n1665gat/ZN,15.39,25.2,False,1183,0.7494959999999999,1.06400756,1.616298,2.365794,EXTRACTED
n1666gat,U_n1666gat/ZN,20.52,21.0,False,1183,0.5148138,0.6215213800000001,1.70023,2.2150438,EXTRACTED
n1667gat,U_n1667gat/ZN,16.91,19.6,False,2398,0.08300300000000001,0.0202374,1.70023,1.7832329999999998,EXTRACTED
n1668gat,U_n1668gat/ZN,19.0,19.6,False,4323,0.1235458,0.011605009999999999,1.763571,1.8871168,EXTRACTED
n1669gat,U_n1669gat/ZN,18.24,18.2,False,315,0.0647762,0.00479658,1.70023,1.7650062,EXTRACTED
n1670gat,U_n1670gat/ZN,17.48,18.2,False,2398,0.33943164000000003,0.602870424,4.996167,5.33559864,EXTRACTED
n1671gat,U_n1671gat/ZN,18.81,16.8,False,315,0.0783532,0.051564940000000004,1.714471,1.7928242,EXTRACTED
n1673gat,U_n1673gat/ZN,10.45,50.4,False,2501,2.75802988,2.4645588200000006,20.35579,23.113819879999998,EXTRACTED
n1675gat,U_n1675gat/Q,10.83,42.0,True,5204,0.716208,0.54544798,2.633265,3.349473,EXTRACTED
n1678gat,U_n1678gat/Q,4.56,50.4,True,5126,1.4675882,0.9355132229999998,5.171124,6.6387122,EXTRACTED
n167gat,U_n167gat/ZN,43.13,33.6,False,7746,1.610463,2.0987592119999996,5.227372,6.837835,EXTRACTED
n1681gat,U_n1681gat/ZN,8.17,53.2,False,822,0.9103844999999999,0.88803578,3.3798690000000002,4.2902535,EXTRACTED
n1683gat,U_n1683gat/ZN,16.53,63.0,False,1524,0.448052,0.49873084000000006,1.651345,2.099397,EXTRACTED
n1684gat,U_n1684gat/ZN,6.65,64.4,False,3581,0.055283,0.025079820000000003,1.616298,1.671581,EXTRACTED
n1685gat,U_n1685gat/ZN,18.24,47.6,False,2029,0.8440186999999999,0.6893722139999999,2.83415,3.6781687,EXTRACTED
n1686gat,U_n1686gat/ZN,6.84,63.0,False,2896,0.684104,0.21437331000000004,0.941245,1.625349,EXTRACTED
n168gat,U_n168gat/ZN,40.85,33.6,False,5020,0.1018792,0.11184399,0.941245,1.0431242,EXTRACTED
n1690gat,U_n1690gat/ZN,28.88,50.4,False,1151,0.4959865,0.42049063600000003,3.364072,3.8600585,EXTRACTED
n1692gat,U_n1692gat/ZN,15.96,49.0,False,4363,0.233844,0.16598337000000002,0.941939,1.175783,EXTRACTED
n1695gat,U_n1695gat/ZN,33.82,51.8,False,2152,1.1112862,0.35833513999999994,1.70023,2.8115162,EXTRACTED
n1696gat,U_n1696gat/ZN,18.81,61.6,False,127,0.37292,0.25614902,1.119679,1.492599,EXTRACTED
n1698gat,U_n1698gat/ZN,19.57,58.8,False,3609,0.5131386,0.6415178980000001,5.017161,5.530299599999999,EXTRACTED
n169gat,U_n169gat/ZN,47.31,26.6,False,2056,0.699506,0.678665481,0.938321,1.637827,EXTRACTED
n16gat,U_n16gat/ZN,64.22,11.2,False,4323,1.1879141,1.6320912537899999,10.134966,11.3228801,EXTRACTED
n1700gat,U_n1700gat/ZN,38.0,49.0,False,585,2.71817974,2.906922581899999,9.310233,12.02841274,EXTRACTED
n1701gat,U_n1701gat/ZN,38.95,49.0,False,980,0.0299952,0.07400480000000001,1.714471,1.7444662000000002,EXTRACTED
n1702gat,U_n1702gat/ZN,31.92,44.8,False,566,3.2566922,2.4688480090000002,9.22856,12.4852522,EXTRACTED
n1703gat,U_n1703gat/ZN,34.58,53.2,False,519,0.25937445,0.26819881,4.216347,4.47572145,EXTRACTED
n1704gat,U_n1704gat/ZN,41.42,61.6,False,909,2.20226655,1.7567776779999997,7.642112,9.84437855,EXTRACTED
n1705gat,U_n1705gat/ZN,28.5,50.4,False,867,0.498278,0.5394980899999999,1.714471,2.212749,EXTRACTED
n1706gat,U_n1706gat/ZN,38.76,54.6,False,1310,0.624764,0.534906096,1.651345,2.276109,EXTRACTED
n1707gat,U_n1707gat/ZN,22.99,60.2,False,701,0.2501,0.1900953,1.714471,1.964571,EXTRACTED
n170gat,U_n170gat/ZN,43.32,39.2,False,996,0.429552,0.19261378,0.923766,1.353318,EXTRACTED
n1710gat,U_n1710gat/ZN,16.34,29.4,False,1159,0.1927382,0.17070633999999998,0.946814,1.1395522,EXTRACTED
n1711gat,U_n1711gat/ZN,20.9,28.0,False,5273,1.4923143,0.6147142500000001,3.414701,4.9070153,EXTRACTED
n1712gat,U_n1712gat/ZN,2.09,30.8,False,246,2.18361693,0.52394363,2.819909,5.00352593,EXTRACTED
n1713gat,U_n1713gat/ZN,11.02,35.0,False,329,0.7120207000000001,0.564827596,2.819909,3.5319297,EXTRACTED
n1717gat,U_n1717gat/ZN,10.45,36.4,False,1159,0.2933235,0.08981959600000002,2.819909,3.1132325,EXTRACTED
n171gat,U_n171gat/ZN,45.41,33.6,False,970,0.1684038,0.20735394,0.914189,1.0825928,EXTRACTED
n1721gat,U_n1721gat/ZN,29.45,44.8,False,1,1.3355399000000001,1.563706233,1.70023,3.0357699,EXTRACTED
n1722gat,U_n1722gat/ZN,27.17,15.4,False,374,0.060550999999999994,0.042152228,1.663842,1.724393,EXTRACTED
n1723gat,U_n1723gat/ZN,26.41,15.4,False,1,0.395054,0.28369574000000003,0.959052,1.354106,EXTRACTED
n1724gat,U_n1724gat/ZN,17.48,9.8,False,363,0.852874,0.268426296,1.616298,2.469172,EXTRACTED
n1726gat,U_n1726gat/ZN,21.66,15.4,False,16,0.249552,0.056160969,1.70023,1.949782,EXTRACTED
n1727gat,U_n1727gat/ZN,23.56,15.4,False,756,0.06339879999999999,0.042800935000000005,1.763571,1.8269698,EXTRACTED
n1728gat,U_n1728gat/ZN,23.75,22.4,False,756,0.49523000000000006,0.32355591,1.70023,2.1954599999999997,EXTRACTED
n1729gat,U_n1729gat/ZN,22.23,23.8,False,1065,1.890503,0.23048953,1.70023,3.590733,EXTRACTED
n1730gat,U_n1730gat/ZN,24.89,16.8,False,567,0.600808,0.30835981399999995,1.616298,2.2171060000000002,EXTRACTED
n1731gat,U_n1731gat/ZN,23.75,18.2,False,567,0.0932032,0.039977087999999994,1.70023,1.7934332,EXTRACTED
n1732gat,U_n1732gat/ZN,24.51,18.2,False,363,1.00888,0.275330646,1.70023,2.70911,EXTRACTED
n1733gat,U_n1733gat/ZN,13.3,33.6,False,414,0.579118,0.3639620899999999,0.946814,1.525932,EXTRACTED
n1734gat,U_n1734gat/ZN,17.48,19.6,False,4323,0.1119916,0.02294251,1.70023,1.8122216,EXTRACTED
n1735gat,U_n1735gat/ZN,15.01,23.8,False,703,1.3522441,1.112692184,5.017161,6.3694051,EXTRACTED
n1736gat,U_n1736gat/ZN,18.05,19.6,False,1880,1.5007658,1.4447854049999997,6.854826,8.3555918,EXTRACTED
n1737gat,U_n1737gat/ZN,20.33,25.2,False,1880,0.438308,0.3786796969999999,1.70023,2.138538,EXTRACTED
n1738gat,U_n1738gat/ZN,13.3,44.8,True,4322,0.383082,0.33949142299999996,1.714471,2.097553,EXTRACTED
n1740gat,U_n1740gat/Q,1.33,40.6,True,4322,2.3203517,0.805382241,4.38936,6.7097117,EXTRACTED
n1743gat,U_n1743gat/ZN,9.12,42.0,False,329,0.0711382,0.12595633,1.714471,1.7856092000000001,EXTRACTED
n1745gat,U_n1745gat/ZN,13.68,63.0,False,5628,1.048366,0.8510363600000002,1.70023,2.748596,EXTRACTED
n1748gat,U_n1748gat/Q,16.53,49.0,True,4193,1.9005367,1.034147405,1.651345,3.5518817,EXTRACTED
n1755gat,U_n1755gat/ZN,15.01,61.6,False,1524,0.09366340000000001,0.004854397999999999,0.946814,1.0404774,EXTRACTED
n1756gat,U_n1756gat/ZN,15.77,61.6,False,1524,0.0647184,0.04505934,1.70023,1.7649484,EXTRACTED
n1757gat,U_n1757gat/ZN,13.68,61.6,False,3118,0.1569074,0.11310391,1.651345,1.8082524,EXTRACTED
n1758gat,U_n1758gat/ZN,12.16,61.6,False,5058,0.057531,0.048931425,1.714471,1.772002,EXTRACTED
n1759gat,U_n1759gat/ZN,11.02,68.6,False,3581,0.45678,0.40152016,1.70023,2.15701,EXTRACTED
n1760gat,U_n1760gat/ZN,11.4,47.6,False,7481,0.94343471,1.1880650099999999,1.70023,2.64366471,EXTRACTED
n1761gat,U_n1761gat/ZN,11.02,60.2,False,7481,0.847289,0.35763369,1.70023,2.547519,EXTRACTED
n1763gat,U_n1763gat/Q,17.1,54.6,True,4717,0.5299062,0.40336608,2.570139,3.1000452000000003,EXTRACTED
n1765gat,U_n1765gat/ZN,21.09,53.2,True,4798,0.118909,0.035163917999999995,1.663842,1.782751,EXTRACTED
n1767gat,U_n1767gat/Q,17.67,60.2,True,4798,0.6057638999999999,0.60822140897,2.619024,3.2247879,EXTRACTED
n1769gat,U_n1769gat/ZN,16.34,60.2,True,4748,0.20726466,0.37210964,5.0787580000000005,5.28602266,EXTRACTED
n1771gat,U_n1771gat/Q,18.43,56.0,True,4748,0.4956333,0.64636712,2.619024,3.1146573,EXTRACTED
n1773gat,U_n1773gat/ZN,9.5,61.6,True,5017,0.6330139899999999,0.95256629,7.7656350000000005,8.39864899,EXTRACTED
n1775gat,U_n1775gat/Q,9.12,63.0,True,5017,0.6904098900000001,0.538998072,7.697782,8.38819189,EXTRACTED
n1778gat,U_n1778gat/ZN,35.34,51.8,False,741,0.9593242000000001,1.0977252,4.332495,5.2918192,EXTRACTED
n1779gat,U_n1779gat/ZN,37.43,46.2,False,1076,0.506046,0.41455402996999996,1.651345,2.157391,EXTRACTED
n1780gat,U_n1780gat/ZN,26.22,56.0,False,3927,0.0408228,0.10702148,1.70023,1.7410527999999998,EXTRACTED
n1781gat,U_n1781gat/ZN,27.55,56.0,False,3927,0.229962,0.11188320000000002,1.119679,1.349641,EXTRACTED
n1782gat,U_n1782gat/ZN,56.62,74.2,False,6335,0.0533488,0.017890816,0.941939,0.9952878,EXTRACTED
n178gat,U_n178gat/ZN,54.34,26.6,False,5599,0.2567985,0.32696358,3.232596,3.4893945,EXTRACTED
n1790gat,U_n1790gat/ZN,18.24,15.4,False,16,4.734476,2.909992857999999,8.453065,13.187541,EXTRACTED
n1792gat,U_n1792gat/ZN,13.49,36.4,False,534,0.10283540000000001,0.06938251,1.714471,1.8173064,EXTRACTED
n1793gat,U_n1793gat/ZN,14.63,36.4,False,10,1.4980120000000001,0.39261019,1.119679,2.617691,EXTRACTED
n1794gat,U_n1794gat/ZN,14.06,36.4,False,388,0.044639,0.024188909999999997,1.714471,1.7591100000000002,EXTRACTED
n1796gat,U_n1796gat/ZN,12.92,37.8,False,146,0.08351460000000001,0.032222,1.651345,1.7348596,EXTRACTED
n1797gat,U_n1797gat/ZN,26.22,19.6,False,4343,1.2193216900000001,1.4147525289999998,6.5602800000000006,7.779601690000001,EXTRACTED
n1798gat,U_n1798gat/ZN,14.44,40.6,False,5489,0.9531363,0.6972682729999999,3.316528,4.2696643,EXTRACTED
n179gat,U_n179gat/ZN,57.76,8.4,False,419,0.18636937,0.252362486,3.2801400000000003,3.4665093700000003,EXTRACTED
n1800gat,U_n1800gat/ZN,12.54,43.4,False,15,0.5973919999999999,0.369572744,1.119679,1.717071,EXTRACTED
n1801gat,U_n1801gat/ZN,19.19,21.0,False,4343,0.357926,0.553258648,1.70023,2.058156,EXTRACTED
n1807gat,U_n1807gat/Q,5.51,39.2,True,5280,0.4446117,0.7282048250000001,2.682365,3.1269766999999997,EXTRACTED
n180gat,U_n180gat/ZN,56.24,8.4,False,120,0.44146409999999997,0.3057283819999999,3.351575,3.7930391,EXTRACTED
n1816gat,U_n1816gat/ZN,28.69,78.4,False,2783,0.6660545,0.4297246569999999,2.83415,3.5002045,EXTRACTED
n1817gat,U_n1817gat/ZN,25.08,65.8,False,2783,1.31314,0.0014249279,1.70023,3.01337,EXTRACTED
n1818gat,U_n1818gat/ZN,5.89,60.2,False,4548,0.582308,0.8819052300000001,1.763571,2.345879,EXTRACTED
n1819gat,U_n1819gat/ZN,23.75,72.8,True,4602,0.393254,0.462682041,1.714471,2.1077250000000003,EXTRACTED
n181gat,U_n181gat/ZN,58.14,8.4,False,153,0.5340681,0.6661446520000001,1.70023,2.2342981,EXTRACTED
n1821gat,U_n1821gat/Q,25.84,77.0,True,4602,0.850106,0.6003490399999999,2.619024,3.46913,EXTRACTED
n1823gat,U_n1823gat/ZN,22.99,72.8,True,4559,1.7565018299999997,1.2072716499999998,3.365816,5.12231783,EXTRACTED
n1825gat,U_n1825gat/Q,29.83,75.6,True,4559,0.866903,0.7921776899999999,2.619024,3.485927,EXTRACTED
n1827gat,U_n1827gat/ZN,30.78,77.0,False,3790,0.0801996,0.002454782,0.77983,0.8600296000000001,EXTRACTED
n1829gat,U_n1829gat/Q,17.29,67.2,True,4966,0.740038,0.5052895350000001,2.570139,3.3101770000000004,EXTRACTED
n182gat,U_n182gat/ZN,58.9,9.8,False,116,2.75535623,2.65908094,5.1291720000000005,7.884528230000001,EXTRACTED
n1831gat,U_n1831gat/ZN,21.47,54.6,False,1765,0.5756395999999999,0.534774434,1.70023,2.2758696,EXTRACTED
n1832gat,U_n1832gat/ZN,22.23,54.6,True,4790,0.024518599999999998,0.061499700000000004,1.763571,1.7880896,EXTRACTED
n1834gat,U_n1834gat/Q,23.18,57.4,True,4790,0.4674423,0.180503258,2.619024,3.0864663,EXTRACTED
n1836gat,U_n1836gat/ZN,30.59,65.8,False,2152,0.25979399999999997,0.1906692,1.119679,1.379473,EXTRACTED
n1840gat,U_n1840gat/ZN,27.74,11.2,False,5297,1.4959785,0.935105999,0.921561,2.4175395,EXTRACTED
n1841gat,U_n1841gat/ZN,41.23,70.0,False,2398,0.440714,0.161424906,0.941939,1.382653,EXTRACTED
n1842gat,U_n1842gat/ZN,33.63,16.8,False,5273,2.159675,0.96944921,0.921561,3.081236,EXTRACTED
n1846gat,U_n1846gat/ZN,16.15,28.0,False,3578,0.1888328,0.30765855000000003,0.921561,1.1103938,EXTRACTED
n1847gat,U_n1847gat/ZN,10.83,26.6,False,4742,0.096203,0.21505346800000003,0.940092,1.036295,EXTRACTED
n184gat,U_n184gat/ZN,56.81,7.0,False,130,0.01405286,0.006561849999999999,1.70023,1.71428286,EXTRACTED
n1850gat,U_n1850gat/Q,15.77,35.0,True,4537,0.873854,0.368176977,5.2104610000000005,6.084315,EXTRACTED
n1855gat,U_n1855gat/ZN,24.13,68.6,False,1750,4.22883197,3.1130842070000013,9.971196,14.20002797,EXTRACTED
n1858gat,U_n1858gat/ZN,15.01,40.6,False,2501,2.9504526999999996,2.1521057248699997,14.832389000000001,17.7828417,EXTRACTED
n1859gat,U_n1859gat/ZN,10.64,39.2,False,1159,0.27127959999999995,0.23762206,3.365816,3.6370956000000003,EXTRACTED
n1860gat,U_n1860gat/ZN,15.77,23.8,False,691,0.18366180000000001,0.10766624,1.70023,1.8838918,EXTRACTED
n1861gat,U_n1861gat/ZN,18.62,28.0,False,703,0.486962,0.37595955999999997,1.70023,2.187192,EXTRACTED
n1862gat,U_n1862gat/ZN,16.53,23.8,False,2686,0.037073999999999996,0.15114137000000002,1.616298,1.653372,EXTRACTED
n1863gat,U_n1863gat/ZN,15.2,21.0,False,2686,0.26103600000000005,0.000843215,1.70023,1.961266,EXTRACTED
n1864gat,U_n1864gat/ZN,12.54,39.2,False,1400,0.579596,0.850639888,3.463801,4.043397000000001,EXTRACTED
n1865gat,U_n1865gat/ZN,16.53,21.0,False,2509,0.155252,0.19616064,1.70023,1.8554819999999999,EXTRACTED
n1866gat,U_n1866gat/ZN,13.87,21.0,False,2509,0.7275218,0.50294173,1.763571,2.4910928,EXTRACTED
n1869gat,U_n1869gat/ZN,9.12,58.8,True,5028,7.01664421,3.6977804639999996,9.533251,16.54989521,EXTRACTED
n186gat,U_n186gat/ZN,56.05,7.0,False,342,0.28160772,0.20790965500000003,3.414701,3.69630872,EXTRACTED
n1871gat,U_n1871gat/Q,6.46,60.2,True,5028,0.8892232,0.35430344,4.319254,5.2084772,EXTRACTED
n1878gat,U_n1878gat/ZN,15.77,56.0,True,4663,0.4640875,0.3429587820000001,3.267643,3.7317305000000003,EXTRACTED
n187gat,U_n187gat/ZN,58.9,15.4,False,239,0.335532,0.44843644999999993,1.70023,2.035762,EXTRACTED
n1880gat,U_n1880gat/Q,15.96,57.4,True,4663,1.1227293999999999,1.0483188800000003,4.333495,5.4562244,EXTRACTED
n1882gat,U_n1882gat/ZN,18.81,64.4,False,3291,0.6038420000000001,0.27421467,1.119679,1.7235210000000003,EXTRACTED
n1885gat,U_n1885gat/ZN,27.93,8.4,False,0,0.044542,0.016815740000000003,0.941939,0.9864809999999999,EXTRACTED
n1889gat,U_n1889gat/ZN,19.95,5.6,False,2554,0.431094,0.12448693799999999,0.941939,1.373033,EXTRACTED
n188gat,U_n188gat/ZN,52.25,12.6,False,642,1.1817072,0.5560832400000001,6.5602800000000006,7.7419872000000005,EXTRACTED
n1890gat,U_n1890gat/ZN,39.33,68.6,False,0,0.5792082000000001,0.9053311789999999,0.941939,1.5211472000000001,EXTRACTED
n1892gat,U_n1892gat/ZN,14.25,26.6,False,5297,3.2023789999999996,1.0630757699999998,3.351575,6.553953999999999,EXTRACTED
n1894gat,U_n1894gat/ZN,12.92,22.4,False,1525,0.24603,0.120106926,0.959052,1.205082,EXTRACTED
n1895gat,U_n1895gat/ZN,14.06,28.0,False,2782,0.4530854,0.49825129700000004,5.066046,5.5191314,EXTRACTED
n1896gat,U_n1896gat/ZN,16.91,29.4,False,4382,1.1939220000000001,1.5163691770000003,3.414701,4.608623,EXTRACTED
n1899gat,U_n1899gat/Q,18.05,29.4,True,4577,2.97674633,2.5485287450000005,12.603833,15.580579329999999,EXTRACTED
n189gat,U_n189gat/ZN,53.96,9.8,False,806,0.9278584999999999,0.8820635220000002,5.290713,6.2185715,EXTRACTED
n1915gat,U_n1915gat/ZN,10.83,43.4,False,19,0.36347,0.3901211699999999,1.119679,1.483149,EXTRACTED
n1916gat,U_n1916gat/ZN,11.97,43.4,False,371,0.367624,0.19888015099999998,1.67413,2.041754,EXTRACTED
n1917gat,U_n1917gat/ZN,11.59,43.4,False,4074,0.0860118,0.08979137499999999,1.714471,1.8004828000000002,EXTRACTED
n1918gat,U_n1918gat/ZN,19.0,22.4,True,4558,0.5611181000000001,0.8348153199999999,6.793229,7.3543471,EXTRACTED
n1919gat,U_n1919gat/ZN,12.73,23.8,False,691,1.73434131,0.40985168,3.30269,5.03703131,EXTRACTED
n1920gat,U_n1920gat/ZN,13.11,43.4,False,1549,0.396694,0.31885045600000006,1.70023,2.096924,EXTRACTED
n1921gat,U_n1921gat/ZN,11.97,39.2,False,4074,0.3686662,0.45794983,3.364072,3.7327382,EXTRACTED
n1922gat,U_n1922gat/ZN,10.64,33.6,False,5489,0.78948,0.571591169,1.651345,2.4408250000000002,EXTRACTED
n1923gat,U_n1923gat/ZN,8.55,36.4,False,1400,0.421496,0.25793285,1.651345,2.072841,EXTRACTED
n1924gat,U_n1924gat/ZN,10.26,42.0,False,55,0.38659000000000004,0.6000146999999999,1.60595,1.99254,EXTRACTED
n1925gat,U_n1925gat/ZN,10.83,46.2,False,1549,0.4374648,0.5156652359999999,1.714471,2.1519358,EXTRACTED
n1926gat,U_n1926gat/ZN,15.2,42.0,False,89,0.186441,0.19862714000000004,1.736804,1.923245,EXTRACTED
n1927gat,U_n1927gat/ZN,15.2,43.4,False,643,0.4740125,0.63268644,1.119679,1.5936915,EXTRACTED
n1929gat,U_n1929gat/ZN,12.73,61.6,False,5071,0.1166674,0.091844238,1.70023,1.8168974,EXTRACTED
n1934gat,U_n1934gat/ZN,13.3,65.8,False,3609,0.5224243,1.1011996679999998,1.70023,2.2226543,EXTRACTED
n1935gat,U_n1935gat/ZN,24.13,72.8,False,1829,1.0881368999999999,0.8719496320000001,3.327684,4.4158209,EXTRACTED
n1945gat,U_n1945gat/ZN,32.3,46.2,False,1151,0.1576306,0.09848512000000001,1.119679,1.2773096000000002,EXTRACTED
n194gat,U_n194gat/ZN,57.38,9.8,False,239,0.0319574,0.052727100000000006,1.714471,1.7464284,EXTRACTED
n1957gat,U_n1957gat/ZN,14.82,28.0,False,3701,0.11709699999999999,0.16350283000000002,0.921561,1.0386579999999999,EXTRACTED
n1958gat,U_n1958gat/ZN,7.22,26.6,False,4484,0.43087010000000003,0.092729436,5.066046,5.4969161,EXTRACTED
n1959gat,U_n1959gat/ZN,15.2,26.6,False,3731,0.0563518,0.09350813000000001,0.940092,0.9964438,EXTRACTED
n195gat,U_n195gat/ZN,57.57,7.0,False,130,0.42502,0.567613389,1.651345,2.076365,EXTRACTED
n1961gat,U_n1961gat/ZN,24.13,26.6,False,2554,2.04755,0.93832068,3.351575,5.399125,EXTRACTED
n1962gat,U_n1962gat/ZN,13.49,28.0,False,3526,0.07585919999999999,0.18414860000000002,0.946814,1.0226732,EXTRACTED
n1964gat,U_n1964gat/ZN,26.98,16.8,False,3612,0.464754,0.36487652,0.921561,1.386315,EXTRACTED
n1967gat,U_n1967gat/ZN,12.16,28.0,False,2661,0.27784000000000003,0.520664537,0.941939,1.219779,EXTRACTED
n1968gat,U_n1968gat/ZN,12.16,26.6,False,4484,0.3973589,0.4652645350000001,5.031214,5.428572900000001,EXTRACTED
n196gat,U_n196gat/ZN,62.51,11.2,False,89,0.475888,0.47824431000000006,1.651345,2.127233,EXTRACTED
n1970gat,U_n1970gat/ZN,18.24,43.4,False,4382,0.1208774,0.06947364,1.651345,1.7722224,EXTRACTED
n1971gat,U_n1971gat/ZN,25.27,44.8,False,4132,0.35293,0.5186617579999999,0.941939,1.294869,EXTRACTED
n1972gat,U_n1972gat/ZN,18.43,40.6,False,3638,0.16137359999999998,0.042505736,0.946814,1.1081876,EXTRACTED
n1973gat,U_n1973gat/ZN,17.67,43.4,True,4524,0.28966400000000003,0.85962491,1.651345,1.9410090000000002,EXTRACTED
n1975gat,U_n1975gat/Q,21.47,40.6,True,4524,0.6905049999999999,0.5037715600000001,4.333495,5.024,EXTRACTED
n1978gat,U_n1978gat/ZN,30.78,43.4,False,1319,0.201694,0.09071125897,1.616298,1.817992,EXTRACTED
n197gat,U_n197gat/ZN,57.76,9.8,False,141,0.273498,0.20947171,1.714471,1.987969,EXTRACTED
n1986gat,U_n1986gat/ZN,32.3,21.0,True,4338,1.7412739799999999,1.4281576639999995,12.703041,14.444314980000001,EXTRACTED
n1988gat,U_n1988gat/ZN,12.16,23.8,True,4333,1.0682274999999999,0.8312810599999999,8.37448,9.442707500000001,EXTRACTED
n1989gat,U_n1989gat/ZN,17.67,16.8,True,4333,0.42133914,0.5332799940000001,5.031214,5.45255314,EXTRACTED
n1990gat,U_n1990gat/ZN,25.08,60.2,False,476,1.5118975,1.482892514,3.299816,4.8117135,EXTRACTED
n1994gat,U_n1994gat/ZN,15.39,40.6,False,226,0.226884,0.18279355000000003,1.635974,1.8628580000000001,EXTRACTED
n199gat,U_n199gat/ZN,56.43,1.4,False,88,0.439478,0.401813733,1.714471,2.153949,EXTRACTED
n2002gat,U_n2002gat/ZN,7.03,58.8,False,1846,0.363916,0.42717395,1.714471,2.078387,EXTRACTED
n2004gat,U_n2004gat/ZN,12.35,60.2,False,5071,0.387596,0.23256196000000004,1.616298,2.003894,EXTRACTED
n2005gat,U_n2005gat/ZN,5.7,65.8,False,445,0.238626,0.28725680000000003,1.651345,1.889971,EXTRACTED
n2008gat,U_n2008gat/ZN,7.98,64.4,False,1846,0.41492,0.11512538,1.70023,2.11515,EXTRACTED
n2009gat,U_n2009gat/ZN,15.77,63.0,False,4835,0.34694,0.8494174350000001,1.119679,1.4666190000000001,EXTRACTED
n200gat,U_n200gat/ZN,59.09,7.0,False,39,0.0556854,0.0040269369999999995,1.714471,1.7701564,EXTRACTED
n2011gat,U_n2011gat/ZN,48.07,39.2,False,3280,0.911076,0.550126855,5.080287,5.991363,EXTRACTED
n2012gat,U_n2012gat/ZN,6.08,68.6,False,2978,0.312524,0.26899953000000004,1.714471,2.0269950000000003,EXTRACTED
n2014gat,U_n2014gat/ZN,19.0,68.6,False,1750,0.284752,0.07875275000000001,1.70023,1.984982,EXTRACTED
n2015gat,U_n2015gat/ZN,10.64,64.4,False,4157,0.11019820000000001,0.022433672,1.119679,1.2298772,EXTRACTED
n2016gat,U_n2016gat/ZN,19.76,53.2,False,2978,1.9171575699999999,1.1415364820000005,6.829617,8.74677457,EXTRACTED
n2017gat,U_n2017gat/ZN,15.96,67.2,False,2981,0.220166,0.14623851000000002,1.119679,1.3398450000000002,EXTRACTED
n2018gat,U_n2018gat/ZN,18.43,68.6,False,4378,0.046331000000000004,0.02844923,1.635974,1.682305,EXTRACTED
n2019gat,U_n2019gat/ZN,20.52,53.2,True,4803,0.0497226,0.022871027999999995,1.714471,1.7641936,EXTRACTED
n2021gat,U_n2021gat/Q,22.42,53.2,True,4803,0.66937242,1.1025120409999998,2.619024,3.2883964199999998,EXTRACTED
n2023gat,U_n2023gat/ZN,12.16,72.8,True,4988,0.129187,0.026371199999999997,1.119679,1.248866,EXTRACTED
n2025gat,U_n2025gat/Q,10.83,70.0,True,4988,0.4462201,0.31471662,2.619024,3.0652441,EXTRACTED
n2027gat,U_n2027gat/ZN,21.85,68.6,True,4534,0.1039748,0.027364399999999997,1.119679,1.2236538000000001,EXTRACTED
n2029gat,U_n2029gat/Q,22.23,71.4,True,4534,0.583315,0.44378616,2.619024,3.2023390000000003,EXTRACTED
n2031gat,U_n2031gat/ZN,18.62,75.6,True,4534,0.5153394,0.26396707,2.059771,2.5751104,EXTRACTED
n2033gat,U_n2033gat/Q,23.18,74.2,True,4534,0.643132,0.707177947,2.619024,3.262156,EXTRACTED
n2035gat,U_n2035gat/ZN,15.39,70.0,True,4623,1.0700404,0.9430448690000001,3.780249,4.850289399999999,EXTRACTED
n2037gat,U_n2037gat/Q,6.46,70.0,True,4623,0.5133058,0.49585759,2.619024,3.1323298,EXTRACTED
n2040gat,U_n2040gat/Q,15.2,58.8,True,4658,0.9997861000000001,0.7907625820000002,2.682365,3.6821511,EXTRACTED
n2042gat,U_n2042gat/ZN,2.28,75.6,True,4622,0.724558,0.44873192000000006,1.119679,1.8442370000000001,EXTRACTED
n2044gat,U_n2044gat/Q,7.79,65.8,True,4622,0.927344,0.5955793600000001,2.619024,3.546368,EXTRACTED
n2047gat,U_n2047gat/ZN,42.37,15.4,False,5795,0.59236,0.34584479000000007,0.941939,1.5342989999999999,EXTRACTED
n2048gat,U_n2048gat/ZN,25.08,26.6,False,0,1.4132011,1.2487317129999997,3.414701,4.8279021,EXTRACTED
n2049gat,U_n2049gat/ZN,37.24,72.8,False,3723,0.32010141000000003,0.54522615,3.414701,3.73480241,EXTRACTED
n204gat,U_n204gat/ZN,58.52,7.0,False,128,2.4614380000000002,0.477337,1.70023,4.161668000000001,EXTRACTED
n2050gat,U_n2050gat/ZN,41.23,26.6,False,5236,0.0844612,0.04197172,0.941939,1.0264001999999999,EXTRACTED
n2051gat,U_n2051gat/ZN,9.31,40.6,False,5325,1.2793160000000001,0.9916597000000001,0.941939,2.221255,EXTRACTED
n2053gat,U_n2053gat/ZN,32.49,19.6,False,3516,0.048268,0.011885819999999998,0.959052,1.00732,EXTRACTED
n2054gat,U_n2054gat/ZN,26.03,26.6,False,5150,0.330912,0.14342673000000003,0.941939,1.272851,EXTRACTED
n2055gat,U_n2055gat/ZN,11.59,28.0,False,5732,0.3490267,0.5733207300000001,0.946814,1.2958407,EXTRACTED
n2056gat,U_n2056gat/ZN,13.11,29.4,False,5325,1.4860921999999999,1.178483659,3.414701,4.9007932,EXTRACTED
n2057gat,U_n2057gat/ZN,37.81,72.8,False,727,0.364906,0.19902618899999996,1.119679,1.484585,EXTRACTED
n2058gat,U_n2058gat/ZN,34.01,23.8,False,2398,3.862943,1.7499720210000005,3.351575,7.214518,EXTRACTED
n2061gat,U_n2061gat/Q,18.43,26.6,True,4561,3.1150680199999994,2.253700016000001,11.459467,14.574535019999999,EXTRACTED
n2073gat,U_n2073gat/ZN,25.08,77.0,False,27,0.7602260000000001,0.6689970239999999,0.941939,1.702165,EXTRACTED
n2078gat,U_n2078gat/ZN,16.72,43.4,False,715,0.194393,0.25198543,0.974659,1.169052,EXTRACTED
n2079gat,U_n2079gat/ZN,36.48,58.8,False,13,0.8932800000000001,0.7269092599999999,0.946814,1.8400940000000001,EXTRACTED
n207gat,U_n207gat/ZN,35.91,79.8,False,4933,0.0609796,0.00321415,0.941939,1.0029185999999999,EXTRACTED
n2081gat,U_n2081gat/ZN,56.43,49.0,False,4586,1.44479361,0.9843194530000001,13.652642,15.09743561,EXTRACTED
n2082gat,U_n2082gat/ZN,23.37,47.6,True,4201,0.5923244,0.9882287769999998,1.714471,2.3067954,EXTRACTED
n2084gat,U_n2084gat/Q,17.67,51.8,True,4201,0.51840031,0.3777216,2.619024,3.13742431,EXTRACTED
n2091gat,U_n2091gat/Q,7.41,44.8,True,5244,0.7127222000000001,0.7380856099999997,2.535092,3.2478142,EXTRACTED
n2093gat,U_n2093gat/ZN,20.14,70.0,True,4979,0.6888518,0.4658312580000001,3.7321299999999997,4.4209818,EXTRACTED
n2095gat,U_n2095gat/Q,19.57,65.8,True,4979,0.46811800000000003,0.6602225700000001,2.619024,3.087142,EXTRACTED
n2097gat,U_n2097gat/ZN,18.24,70.0,True,4622,0.0586884,0.044162019999999996,1.651345,1.7100334000000001,EXTRACTED
n2099gat,U_n2099gat/Q,7.6,71.4,True,4622,0.7101365,1.1677399120000003,2.619024,3.3291605,EXTRACTED
n2102gat,U_n2102gat/Q,15.96,36.4,True,4565,1.8146529,1.8903074240000002,2.619024,4.4336769,EXTRACTED
n2108gat,U_n2108gat/ZN,16.34,77.0,True,4617,0.3150943,0.503278611,2.060924,2.3760183,EXTRACTED
n2110gat,U_n2110gat/Q,14.25,75.6,True,4617,0.369642,0.255812,2.619024,2.9886660000000003,EXTRACTED
n2115gat,U_n2115gat/ZN,18.43,64.4,True,4617,0.0565694,0.02037386,1.663842,1.7204114000000001,EXTRACTED
n2117gat,U_n2117gat/Q,1.33,67.2,True,4617,1.1901149000000002,1.0334174539999998,2.619024,3.8091389,EXTRACTED
n2119gat,U_n2119gat/ZN,10.83,74.2,True,4631,0.734286,0.15758124,1.119679,1.853965,EXTRACTED
n2121gat,U_n2121gat/Q,7.79,82.6,True,4631,1.279028,0.24313484000000002,2.619024,3.898052,EXTRACTED
n2123gat,U_n2123gat/ZN,13.68,77.0,True,4985,0.378888,0.21425770000000002,1.119679,1.498567,EXTRACTED
n2125gat,U_n2125gat/Q,11.97,71.4,True,4985,1.1339231,0.9969528009999998,4.382595,5.516518100000001,EXTRACTED
n2128gat,U_n2128gat/ZN,30.4,67.2,False,1709,0.7549539999999999,0.50832605749,1.60595,2.3609039999999997,EXTRACTED
n2129gat,U_n2129gat/ZN,32.68,70.0,False,1709,0.28781199999999996,0.28310457,1.70023,1.9880419999999999,EXTRACTED
n212gat,U_n212gat/ZN,71.25,30.8,False,288,0.7568520000000001,0.5672937539999999,1.70023,2.4570819999999998,EXTRACTED
n2130gat,U_n2130gat/ZN,28.12,65.8,False,6264,0.6111304,0.34901944,0.941939,1.5530694,EXTRACTED
n2131gat,U_n2131gat/ZN,35.34,70.0,False,4250,0.0749278,0.009724545000000001,1.651345,1.7262728,EXTRACTED
n2132gat,U_n2132gat/ZN,34.77,70.0,False,2541,0.481078,0.14565808800000002,0.946814,1.427892,EXTRACTED
n2133gat,U_n2133gat/ZN,34.39,70.0,True,4555,0.0605174,0.019281250000000003,1.714471,1.7749884,EXTRACTED
n2135gat,U_n2135gat/Q,32.49,72.8,True,4555,0.74240882,1.3720241,5.997337,6.7397458199999996,EXTRACTED
n2139gat,U_n2139gat/Q,22.8,32.2,True,4541,2.5705690699999995,3.0210506970000006,13.141807,15.71237607,EXTRACTED
n2143gat,U_n2143gat/Q,20.52,37.8,True,4526,2.9515534999999997,1.6239765120000003,9.628595,12.5801485,EXTRACTED
n2146gat,U_n2146gat/ZN,30.97,16.8,False,5236,1.146366,0.604513692,3.351575,4.497941,EXTRACTED
n2147gat,U_n2147gat/ZN,30.78,39.2,False,1748,0.5958354800000001,0.42522344999999995,1.70023,2.29606548,EXTRACTED
n2148gat,U_n2148gat/ZN,37.05,46.2,False,31,5.9907232399999994,5.728964777,20.240579,26.231302239999998,EXTRACTED
n2149gat,U_n2149gat/ZN,29.64,22.4,False,5853,0.1363216,0.10971993000000002,0.921561,1.0578826,EXTRACTED
n2150gat,U_n2150gat/ZN,28.69,19.6,False,4323,0.0869754,0.02414379,0.940092,1.0270674,EXTRACTED
n2151gat,U_n2151gat/ZN,29.64,21.0,False,4800,0.6742582,0.516501093,4.979029000000001,5.6532872,EXTRACTED
n2153gat,U_n2153gat/ZN,29.45,39.2,True,5241,0.062365800000000006,0.033389094,1.651345,1.7137108,EXTRACTED
n2155gat,U_n2155gat/Q,13.68,44.8,True,5241,1.5095333000000002,2.249081208,4.270369,5.7799023,EXTRACTED
n2158gat,U_n2158gat/ZN,24.51,56.0,False,7140,0.8999745000000001,1.4068209299999999,2.8404420000000004,3.7404165000000003,EXTRACTED
n2162gat,U_n2162gat/ZN,36.86,43.4,False,593,2.2073731499999996,1.1438798980000005,13.463264,15.670637150000001,EXTRACTED
n2163gat,U_n2163gat/ZN,20.33,58.8,False,3156,0.26829000000000003,0.7244211599999999,1.119679,1.387969,EXTRACTED
n2167gat,U_n2167gat/ZN,14.44,72.8,True,4995,0.1898882,0.343769996,0.959052,1.1489402,EXTRACTED
n2169gat,U_n2169gat/Q,12.92,68.6,True,4995,1.1563518999999998,1.196522688,4.224974,5.381325899999999,EXTRACTED
n2174gat,U_n2174gat/ZN,17.29,68.6,True,4639,0.1527582,0.03106519,2.04124,2.1939982000000002,EXTRACTED
n2176gat,U_n2176gat/Q,16.72,77.0,True,4639,1.2185705,0.923157826,2.619024,3.8375945,EXTRACTED
n2179gat,U_n2179gat/Q,28.5,49.0,True,4471,1.19258622,1.015429538,2.592924,3.78551022,EXTRACTED
n2182gat,U_n2182gat/Q,30.78,67.2,True,4817,1.1019999999999999,1.2665085880000002,2.535092,3.637092,EXTRACTED
n2184gat,U_n2184gat/ZN,41.04,72.8,False,0,0.2505977,0.269349933,3.414701,3.6652987,EXTRACTED
n2185gat,U_n2185gat/ZN,37.81,68.6,False,4250,0.7421342,0.9478545100000001,3.351575,4.0937092,EXTRACTED
n2186gat,U_n2186gat/ZN,30.02,51.8,False,6004,0.6172016,0.6660069000000002,0.941939,1.5591406,EXTRACTED
n2187gat,U_n2187gat/ZN,36.67,77.0,False,2747,0.4295738,0.6793021619999999,3.414701,3.8442748,EXTRACTED
n2190gat,U_n2190gat/Q,30.97,74.2,True,4565,0.8861156,0.45789588,7.685285,8.5714006,EXTRACTED
n2192gat,U_n2192gat/ZN,42.18,74.2,False,1750,0.1454548,0.19837090000000002,1.119679,1.2651338,EXTRACTED
n2193gat,U_n2193gat/ZN,31.54,21.0,False,4800,0.4395649,1.14661261,5.1291720000000005,5.5687369,EXTRACTED
n2194gat,U_n2194gat/ZN,40.47,74.2,False,1393,0.1752054,0.122985278,1.119679,1.2948844000000002,EXTRACTED
n2195gat,U_n2195gat/ZN,22.23,39.2,False,1711,0.55086,0.572087802,1.70023,2.25109,EXTRACTED
n2196gat,U_n2196gat/ZN,36.48,21.0,False,444,0.533052,0.45574742500000004,1.119679,1.6527310000000002,EXTRACTED
n2197gat,U_n2197gat/ZN,34.2,29.4,False,425,0.20706000000000002,0.15106911,1.119679,1.3267390000000001,EXTRACTED
n2198gat,U_n2198gat/ZN,38.76,30.8,False,1686,0.320062,0.4834010000000001,1.119679,1.4397410000000002,EXTRACTED
n2199gat,U_n2199gat/ZN,40.85,39.2,False,1748,2.6284156,2.8400208850000013,10.223700000000001,12.852115600000001,EXTRACTED
n219gat,U_n219gat/ZN,72.58,30.8,False,172,2.9901419,3.1642350390000007,15.240861,18.2310029,EXTRACTED
n21gat,U_n21gat/ZN,62.32,9.8,False,176,0.16654039999999998,0.19892513,1.651345,1.8178854,EXTRACTED
n2200gat,U_n2200gat/ZN,27.36,44.8,False,715,0.524616,0.8471924099999999,1.714471,2.239087,EXTRACTED
n2201gat,U_n2201gat/ZN,35.72,26.6,True,4837,1.8959456500000003,1.5220355050000003,10.358413,12.25435865,EXTRACTED
n2203gat,U_n2203gat/Q,36.29,26.6,True,4837,0.7825656000000001,1.0075552720000003,5.85162,6.6341855999999995,EXTRACTED
n2205gat,U_n2205gat/ZN,35.15,30.8,True,4337,1.50250058,1.296240669,9.649741,11.15224158,EXTRACTED
n2207gat,U_n2207gat/Q,31.35,26.6,True,4337,0.5763043,0.408353664,6.146166,6.7224703,EXTRACTED
n2209gat,U_n2209gat/ZN,39.9,23.8,False,5795,0.8716969999999999,0.57265248,3.351575,4.223272,EXTRACTED
n2210gat,U_n2210gat/ZN,29.07,21.0,False,2609,0.06783159999999999,0.15913107999999998,0.941939,1.0097706,EXTRACTED
n2211gat,U_n2211gat/ZN,37.05,19.6,False,5076,0.4215102,0.703033398,0.946814,1.3683242,EXTRACTED
n2213gat,U_n2213gat/ZN,23.18,25.2,False,1565,0.7947915000000001,0.215423168,0.959052,1.7538435,EXTRACTED
n2214gat,U_n2214gat/ZN,34.2,40.6,True,4337,0.76642257,0.32230389200000015,7.089122,7.855544569999999,EXTRACTED
n2215gat,U_n2215gat/ZN,22.42,25.2,False,2468,0.5437475,0.8875519609999999,5.00292,5.5466675,EXTRACTED
n2216gat,U_n2216gat/ZN,25.08,23.8,True,4390,1.0380704600000001,1.012034048,6.7423850000000005,7.780455460000001,EXTRACTED
n2218gat,U_n2218gat/ZN,35.91,42.0,False,4586,1.7276669,1.4402488890000005,1.70023,3.4278969,EXTRACTED
n2219gat,U_n2219gat/ZN,35.72,40.6,False,8201,0.7998902,0.183525598,1.70023,2.5001202,EXTRACTED
n221gat,U_n221gat/ZN,61.18,72.8,False,5331,1.2573493,1.3407538780000001,4.932826,6.1901753,EXTRACTED
n2220gat,U_n2220gat/ZN,35.15,40.6,False,593,0.251882,0.06542049999999999,1.70023,1.9521119999999998,EXTRACTED
n2223gat,U_n2223gat/ZN,36.48,40.6,False,4110,0.15646200000000002,0.16409165999999997,1.70023,1.856692,EXTRACTED
n222gat,U_n222gat/ZN,57.76,64.4,False,2993,1.0555219999999998,0.16758872000000002,0.941245,1.9967669999999997,EXTRACTED
n2237gat,U_n2237gat/ZN,41.04,78.4,False,6536,0.231898,0.11109447199999999,0.941939,1.173837,EXTRACTED
n2238gat,U_n2238gat/ZN,20.71,64.4,False,3332,0.1250618,0.24400648999999996,1.651345,1.7764068000000002,EXTRACTED
n2239gat,U_n2239gat/ZN,19.0,65.8,False,596,0.3107936,0.69472274,3.232596,3.5433896000000003,EXTRACTED
n223gat,U_n223gat/ZN,57.19,68.6,False,1803,0.389496,0.6529024999999999,0.938321,1.327817,EXTRACTED
n2243gat,U_n2243gat/ZN,60.42,26.6,False,9800,0.6585179999999999,0.25167397999999996,0.941939,1.600457,EXTRACTED
n2244gat,U_n2244gat/ZN,83.79,28.0,False,6609,0.362714,0.811953425,0.941939,1.304653,EXTRACTED
n2245gat,U_n2245gat/ZN,58.33,14.0,False,8877,0.7902518000000001,0.668160433,0.941939,1.7321908000000001,EXTRACTED
n2246gat,U_n2246gat/ZN,82.27,37.8,False,6939,0.042623999999999995,0.019245022000000004,0.941939,0.984563,EXTRACTED
n2248gat,U_n2248gat/ZN,29.07,72.8,False,3562,0.5896384,0.60334478,1.714471,2.3041094,EXTRACTED
n2249gat,U_n2249gat/ZN,35.91,70.0,False,2466,0.9890859999999999,0.43006838000000003,0.941939,1.931025,EXTRACTED
n224gat,U_n224gat/ZN,59.28,65.8,False,1622,0.6230579,0.286592611,0.923766,1.5468239000000001,EXTRACTED
n2250gat,U_n2250gat/ZN,35.15,67.2,False,4245,0.7506294999999998,0.35605227,0.946814,1.6974434999999999,EXTRACTED
n2255gat,U_n2255gat/ZN,37.24,71.4,False,3562,0.090988,0.060583899999999996,0.921561,1.012549,EXTRACTED
n2257gat,U_n2257gat/ZN,36.86,71.4,True,4565,0.3336423,0.35914151,3.5382510000000003,3.8718933000000004,EXTRACTED
n2258gat,U_n2258gat/ZN,37.81,71.4,False,3555,0.0433768,0.01971002,0.959052,1.0024288000000001,EXTRACTED
n225gat,U_n225gat/ZN,59.47,64.4,False,1827,0.5646009999999999,0.61076863,0.914189,1.47879,EXTRACTED
n2260gat,U_n2260gat/ZN,37.62,65.8,True,4540,1.093229,0.7615710920000001,4.361515,5.454744,EXTRACTED
n2262gat,U_n2262gat/Q,32.49,71.4,True,4540,0.8646590200000001,0.48199461500000007,7.664264,8.52892302,EXTRACTED
n2264gat,U_n2264gat/ZN,27.17,71.4,True,4515,0.6228480000000001,0.587739623,1.651345,2.2741930000000004,EXTRACTED
n2266gat,U_n2266gat/Q,24.7,72.8,True,4515,1.2817085700000002,1.49005387,4.333495,5.61520357,EXTRACTED
n2270gat,U_n2270gat/Q,37.81,77.0,True,4871,0.461728,0.4236042200000001,4.270369,4.7320969999999996,EXTRACTED
n2281gat,U_n2281gat/ZN,27.74,28.0,False,5150,0.5484338,0.6791830159999998,3.351575,3.9000088,EXTRACTED
n2282gat,U_n2282gat/ZN,30.78,26.6,False,4853,0.328982,0.46224648999999995,0.941939,1.270921,EXTRACTED
n2283gat,U_n2283gat/ZN,28.69,22.4,True,4338,1.8735439999999999,1.5097016669999999,8.686857,10.560400999999999,EXTRACTED
n2284gat,U_n2284gat/ZN,40.85,26.6,True,4397,2.98046927,2.3206333350000006,14.882603,17.86307227,EXTRACTED
n2285gat,U_n2285gat/ZN,39.52,43.4,True,4381,0.41737510000000005,0.494303135,6.7597380000000005,7.177113100000001,EXTRACTED
n2286gat,U_n2286gat/ZN,32.68,43.4,False,1319,0.7649499,0.820887744,2.659282,3.4242319,EXTRACTED
n2289gat,U_n2289gat/ZN,32.3,43.4,False,117,0.5313156,0.9502327340000001,2.636032,3.1673476000000003,EXTRACTED
n2291gat,U_n2291gat/ZN,39.9,40.6,False,366,0.36979,0.545620365,1.70023,2.07002,EXTRACTED
n2292gat,U_n2292gat/ZN,40.66,42.0,False,438,0.322084,0.34568096,1.70023,2.0223139999999997,EXTRACTED
n2293gat,U_n2293gat/ZN,38.38,40.6,False,355,0.1183328,0.044781822,1.70023,1.8185627999999998,EXTRACTED
n22gat,U_n22gat/ZN,60.42,8.4,False,131,0.443134,0.6119016480000001,1.651345,2.094479,EXTRACTED
n2306gat,U_n2306gat/ZN,40.66,43.4,False,3280,0.6203498,0.93636144,1.70023,2.3205798,EXTRACTED
n2307gat,U_n2307gat/ZN,28.88,61.6,True,4426,0.11333682,0.100226638,2.735977,2.84931382,EXTRACTED
n2309gat,U_n2309gat/Q,27.93,54.6,True,4426,0.9045561,0.648115908,2.619024,3.5235801,EXTRACTED
n2317gat,U_n2317gat/ZN,30.02,74.2,True,4804,0.1953524,0.077834272,1.651345,1.8466974,EXTRACTED
n2319gat,U_n2319gat/Q,29.64,63.0,True,4804,0.7109521999999999,0.5666032000000001,2.619024,3.3299762,EXTRACTED
n2325gat,U_n2325gat/ZN,54.91,68.6,False,5754,0.195821,0.309326968,0.941939,1.1377599999999999,EXTRACTED
n2328gat,U_n2328gat/ZN,39.52,23.8,False,0,4.112947499999999,1.0752604149999998,3.351575,7.464522499999999,EXTRACTED
n2329gat,U_n2329gat/ZN,29.83,70.0,False,1039,0.0527124,0.00646429,1.70023,1.7529424,EXTRACTED
n2330gat,U_n2330gat/ZN,27.93,29.4,False,1572,0.28444,0.10246857799999999,1.119679,1.4041190000000001,EXTRACTED
n2331gat,U_n2331gat/ZN,26.98,21.0,False,3494,0.517182,0.45935676,0.941939,1.4591210000000001,EXTRACTED
n2339gat,U_n2339gat/Q,33.44,78.4,True,4908,0.49241115,0.73635955,4.270369,4.762780149999999,EXTRACTED
n2343gat,U_n2343gat/Q,29.45,30.8,True,4397,1.4890265,0.991822988,6.146166,7.6351925000000005,EXTRACTED
n2345gat,U_n2345gat/ZN,28.5,23.8,True,4333,1.3379382,1.784761675,8.445915,9.7838532,EXTRACTED
n2347gat,U_n2347gat/Q,26.22,18.2,True,4333,1.53219587,1.850109238,7.685285,9.217480870000001,EXTRACTED
n2349gat,U_n2349gat/ZN,20.9,25.2,False,2468,0.346592,0.48667116000000005,1.651345,1.997937,EXTRACTED
n234gat,U_n234gat/ZN,31.54,14.0,False,4916,0.622418,0.702808221,0.946814,1.569232,EXTRACTED
n2350gat,U_n2350gat/ZN,17.67,26.6,False,1173,0.5465125,0.65296542,0.946814,1.4933265,EXTRACTED
n2351gat,U_n2351gat/ZN,23.37,22.4,True,4390,2.9334229300000003,3.364543559,20.075115,23.00853793,EXTRACTED
n2352gat,U_n2352gat/ZN,30.21,26.6,False,4897,1.5010042000000001,1.0223070399999998,3.414701,4.9157052,EXTRACTED
n2353gat,U_n2353gat/ZN,37.43,29.4,True,4381,2.7183096900000003,2.669507399999999,16.060073,18.77838269,EXTRACTED
n2354gat,U_n2354gat/ZN,34.96,42.0,True,4837,0.38948896,0.43500051000000006,5.3095550000000005,5.699043960000001,EXTRACTED
n2355gat,U_n2355gat/ZN,38.0,42.0,True,4397,0.7491985,1.461591588,7.519332,8.2685305,EXTRACTED
n2356gat,U_n2356gat/ZN,34.58,42.0,True,4879,1.0102797,1.219768977,7.666605000000001,8.6768847,EXTRACTED
n2357gat,U_n2357gat/ZN,39.9,42.0,False,4322,0.3640241,0.6391109030000001,1.70023,2.0642541,EXTRACTED
n2358gat,U_n2358gat/ZN,44.08,43.4,False,7791,0.521372,0.219444725,1.70023,2.221602,EXTRACTED
n2359gat,U_n2359gat/ZN,42.75,36.4,False,7791,2.3118303900000003,1.3846664309999999,3.30269,5.614520390000001,EXTRACTED
n235gat,U_n235gat/ZN,47.88,23.8,False,4918,0.44717599999999996,0.6458155400000001,1.651345,2.098521,EXTRACTED
n2363gat,U_n2363gat/ZN,37.24,42.0,False,3294,0.370772,0.7352969600000001,1.70023,2.071002,EXTRACTED
n2364gat,U_n2364gat/ZN,30.4,40.6,False,2182,0.5413895,0.53902395,1.70023,2.2416194999999997,EXTRACTED
n237gat,U_n237gat/ZN,34.77,18.2,False,4971,0.6078512999999999,0.264695184,0.921561,1.5294122999999997,EXTRACTED
n2384gat,U_n2384gat/ZN,41.61,71.4,False,9094,1.606992,1.03379804,0.941939,2.548931,EXTRACTED
n2385gat,U_n2385gat/ZN,68.02,54.6,False,0,0.116951,0.01778615,0.941939,1.0588899999999999,EXTRACTED
n2387gat,U_n2387gat/ZN,19.38,33.6,False,464,0.4608559,0.90638437,1.119679,1.5805349,EXTRACTED
n238gat,U_n238gat/ZN,36.29,15.4,False,3772,0.374966,0.7767722459999999,0.940092,1.315058,EXTRACTED
n2390gat,U_n2390gat/Q,35.34,74.2,True,4819,1.2363438,0.6557057260000001,4.333495,5.5698388,EXTRACTED
n2392gat,U_n2392gat/ZN,30.97,22.4,True,4558,2.06442529,1.7546262499999996,12.76432,14.82874529,EXTRACTED
n2394gat,U_n2394gat/Q,21.28,28.0,True,4558,1.3942065000000001,1.4783920190000002,7.762437,9.156643500000001,EXTRACTED
n2396gat,U_n2396gat/ZN,42.18,26.6,False,453,0.338392,0.8759748700000001,1.119679,1.4580710000000001,EXTRACTED
n2399gat,U_n2399gat/Q,31.16,28.0,True,4381,0.6269844,0.9951467699999998,5.946708,6.5736924000000005,EXTRACTED
n2401gat,U_n2401gat/ZN,27.55,19.6,True,4333,1.5493946,1.7142325237000002,15.042771,16.5921656,EXTRACTED
n2403gat,U_n2403gat/Q,23.18,36.4,True,4333,4.6397978,2.777904319,7.650238,12.2900358,EXTRACTED
n2407gat,U_n2407gat/Q,29.83,29.4,True,4390,0.937809,1.1716297119999997,4.333495,5.271304,EXTRACTED
n2409gat,U_n2409gat/ZN,36.29,29.4,False,8703,0.9360063999999999,1.075786391,3.30269,4.2386964,EXTRACTED
n240gat,U_n240gat/ZN,36.86,15.4,False,4914,0.1270564,0.12036696999999999,0.941939,1.0689954,EXTRACTED
n2410gat,U_n2410gat/ZN,35.53,29.4,False,6671,0.0365956,0.0365456,0.941245,0.9778406,EXTRACTED
n2411gat,U_n2411gat/ZN,34.77,29.4,False,437,0.1093048,0.25397656700000004,0.938321,1.0476258,EXTRACTED
n2412gat,U_n2412gat/ZN,35.91,25.2,False,395,0.1955696,0.18474579000000002,0.923766,1.1193355999999999,EXTRACTED
n2413gat,U_n2413gat/ZN,42.94,25.2,False,1836,0.4201352,0.9333072800000001,0.914189,1.3343242,EXTRACTED
n241gat,U_n241gat/ZN,41.23,9.8,False,205,0.9114035999999999,0.8617090690000001,3.267643,4.1790465999999995,EXTRACTED
n2421gat,U_n2421gat/ZN,53.01,57.4,False,5956,0.0558316,0.022033109999999998,0.941939,0.9977706,EXTRACTED
n2422gat,U_n2422gat/ZN,52.63,57.4,False,6030,0.1313432,0.07467219,1.651345,1.7826882,EXTRACTED
n2423gat,U_n2423gat/ZN,55.29,58.8,False,3419,0.6049803,0.750580293,0.941939,1.5469192999999999,EXTRACTED
n2426gat,U_n2426gat/ZN,19.38,42.0,False,553,0.669018,0.7111508928999999,1.714471,2.383489,EXTRACTED
n2427gat,U_n2427gat/ZN,28.88,39.2,False,66,0.1025614,0.0573123,1.651345,1.7539064,EXTRACTED
n2428gat,U_n2428gat/ZN,29.07,40.6,False,595,0.5666753999999999,0.70775111,0.940092,1.5067674,EXTRACTED
n2429gat,U_n2429gat/ZN,26.03,37.8,True,4558,0.01742614,0.0,1.616298,1.63372414,EXTRACTED
n242gat,U_n242gat/ZN,35.53,16.8,False,100,0.042961,0.02531779,0.946814,0.9897750000000001,EXTRACTED
n2430gat,U_n2430gat/ZN,26.41,37.8,False,572,0.1440872,0.034594719999999995,1.70023,1.8443171999999999,EXTRACTED
n2432gat,U_n2432gat/ZN,28.12,37.8,False,572,0.337472,0.2165239,1.714471,2.051943,EXTRACTED
n2433gat,U_n2433gat/ZN,30.02,33.6,False,535,0.409096,0.319760344,1.714471,2.123567,EXTRACTED
n2436gat,U_n2436gat/ZN,26.6,40.6,False,548,0.746281,0.6427036580000001,1.119679,1.86596,EXTRACTED
n2437gat,U_n2437gat/ZN,26.41,44.8,False,1711,2.4627762,2.447424218,10.034322,12.4970982,EXTRACTED
n2440gat,U_n2440gat/Q,31.35,25.2,True,4338,0.8277671999999999,0.5544652379999999,5.921714,6.7494812,EXTRACTED
n2442gat,U_n2442gat/ZN,27.36,40.6,False,331,0.5539027999999999,0.5490411009999999,3.414916,3.9688187999999998,EXTRACTED
n2444gat,U_n2444gat/ZN,22.61,64.4,True,4968,1.1095857,0.20381785,2.598159,3.7077447,EXTRACTED
n2446gat,U_n2446gat/Q,16.34,71.4,True,4968,0.707543,0.6284549,2.619024,3.326567,EXTRACTED
n244gat,U_n244gat/ZN,65.93,44.8,False,105,0.1287722,0.057682691999999994,0.941939,1.0707111999999999,EXTRACTED
n2450gat,U_n2450gat/Q,25.27,63.0,True,4808,0.714179,0.28835129000000004,2.619024,3.333203,EXTRACTED
n2454gat,U_n2454gat/Q,10.83,58.8,True,4670,3.0396028399999997,4.161462189,17.811,20.85060284,EXTRACTED
n2456gat,U_n2456gat/ZN,24.7,61.6,True,4805,0.07255879999999999,0.09643794,1.119679,1.1922378,EXTRACTED
n2458gat,U_n2458gat/Q,25.65,60.2,True,4805,0.4101916,0.401721501,2.619024,3.0292156,EXTRACTED
n245gat,U_n245gat/ZN,65.36,39.2,False,105,1.172488,0.87506742,0.941939,2.114427,EXTRACTED
n2460gat,U_n2460gat/ZN,54.91,60.2,False,4561,0.5756722,0.57014782949,0.946814,1.5224862,EXTRACTED
n2461gat,U_n2461gat/ZN,53.39,58.8,False,340,0.060703599999999996,0.06986429,0.946814,1.0075176000000001,EXTRACTED
n2462gat,U_n2462gat/ZN,72.01,32.2,True,4246,0.10199620000000001,0.135833908,0.940092,1.0420882,EXTRACTED
n2464gat,U_n2464gat/Q,78.85,22.4,True,4246,0.96739,0.8131157399999999,2.619024,3.586414,EXTRACTED
n2466gat,U_n2466gat/ZN,78.28,33.6,True,4351,0.447104,0.422262351,0.959052,1.406156,EXTRACTED
n2468gat,U_n2468gat/Q,73.15,43.4,True,4351,0.912083,0.5261493849999999,2.619024,3.531107,EXTRACTED
n246gat,U_n246gat/ZN,73.34,21.0,False,62,0.500796,0.61732759,0.946814,1.44761,EXTRACTED
n2470gat,U_n2470gat/ZN,28.12,58.8,True,4187,1.2284834999999998,1.9170075520000003,2.8832500000000003,4.1117335,EXTRACTED
n2472gat,U_n2472gat/Q,34.39,64.4,True,4187,0.9861599999999999,1.003494718,2.619024,3.605184,EXTRACTED
n2474gat,U_n2474gat/ZN,69.35,33.6,True,4143,0.11241799999999999,0.055659700000000006,0.959052,1.07147,EXTRACTED
n2476gat,U_n2476gat/Q,59.09,29.4,True,4143,1.3445079999999998,1.1100962319999998,2.619024,3.963532,EXTRACTED
n2478gat,U_n2478gat/ZN,38.38,47.6,False,9372,0.79149,1.0435353160000003,0.941939,1.733429,EXTRACTED
n247gat,U_n247gat/ZN,66.12,25.2,False,428,0.6964168,1.0277859369999998,5.00292,5.699336799999999,EXTRACTED
n2480gat,U_n2480gat/ZN,24.89,37.8,False,553,0.529156,0.44313087999999995,1.70023,2.229386,EXTRACTED
n2483gat,U_n2483gat/ZN,25.46,39.2,False,331,0.1629426,0.108480152,1.70023,1.8631726,EXTRACTED
n2486gat,U_n2486gat/ZN,21.66,36.4,True,4520,0.7051791900000002,0.80060985,9.543259,10.248438190000002,EXTRACTED
n2488gat,U_n2488gat/ZN,19.95,33.6,True,4537,0.91614334,0.5387520619999999,9.432374,10.348517339999999,EXTRACTED
n248gat,U_n248gat/ZN,64.41,47.6,False,4619,0.1054566,0.06735043,0.921561,1.0270176,EXTRACTED
n2490gat,U_n2490gat/Q,24.51,33.6,True,4537,0.7543217500000001,0.622361477,4.282866,5.03718775,EXTRACTED
n2492gat,U_n2492gat/ZN,30.4,70.0,False,1039,0.141633,0.06287654000000001,1.119679,1.2613120000000002,EXTRACTED
n2493gat,U_n2493gat/ZN,28.88,75.6,True,4544,0.9261905,0.224854611,2.83415,3.7603405000000003,EXTRACTED
n2495gat,U_n2495gat/Q,28.12,71.4,True,4544,0.7101225,1.2943689040000002,4.270369,4.980491499999999,EXTRACTED
n2498gat,U_n2498gat/ZN,47.31,35.0,False,1748,0.755285,0.906800079,1.119679,1.874964,EXTRACTED
n2499gat,U_n2499gat/ZN,37.05,75.6,False,5753,0.0466188,0.02716926,0.941939,0.9885577999999999,EXTRACTED
n249gat,U_n249gat/ZN,65.36,44.8,False,4223,0.1587694,0.13687415199999997,0.940092,1.0988614,EXTRACTED
n2500gat,U_n2500gat/ZN,29.26,61.6,True,4572,0.1123362,0.10777970499999999,1.635974,1.7483102000000001,EXTRACTED
n2502gat,U_n2502gat/Q,29.07,78.4,True,4572,1.5091012400000001,0.6707314099999999,2.619024,4.12812524,EXTRACTED
n2504gat,U_n2504gat/ZN,27.55,57.4,True,4488,0.268408,0.20495095200000002,1.60595,1.874358,EXTRACTED
n2506gat,U_n2506gat/Q,30.4,47.6,True,4488,0.7624092,0.63298807,2.619024,3.3814332,EXTRACTED
n2508gat,U_n2508gat/ZN,31.73,58.8,True,4177,0.13144999999999998,0.05757366399999999,1.736804,1.868254,EXTRACTED
n250gat,U_n250gat/ZN,63.46,46.2,False,52,0.0278428,0.00814334,0.959052,0.9868948,EXTRACTED
n2510gat,U_n2510gat/Q,35.72,57.4,True,4177,1.3886794999999998,0.4562764224000001,2.619024,4.0077035,EXTRACTED
n2512gat,U_n2512gat/ZN,16.53,61.6,True,4645,0.15927406,0.10916474400000001,3.3798690000000002,3.5391430600000002,EXTRACTED
n2514gat,U_n2514gat/Q,20.33,61.6,True,4645,1.68320351,1.247178516,2.619024,4.30222751,EXTRACTED
n2516gat,U_n2516gat/ZN,51.11,68.6,True,4636,0.16041640000000001,0.09591204999999998,1.763571,1.9239874000000001,EXTRACTED
n2518gat,U_n2518gat/Q,50.73,71.4,True,4636,0.4428976,0.642363585,2.619024,3.0619216,EXTRACTED
n251gat,U_n251gat/ZN,62.32,46.2,False,4596,0.1439106,0.22724121800000002,0.946814,1.0907246000000002,EXTRACTED
n2520gat,U_n2520gat/ZN,42.56,64.4,True,4607,0.629922,0.256277018,1.663842,2.293764,EXTRACTED
n2522gat,U_n2522gat/Q,44.08,68.6,True,4607,0.5944702000000001,0.5336351120000001,2.619024,3.2134942,EXTRACTED
n2524gat,U_n2524gat/ZN,77.9,33.6,True,4115,0.350902,0.42033417100000003,0.940092,1.290994,EXTRACTED
n2526gat,U_n2526gat/Q,58.14,16.8,True,4115,1.9253021400000003,2.410177476,2.619024,4.544326140000001,EXTRACTED
n252gat,U_n252gat/ZN,40.28,14.0,False,302,0.0572588,0.0023967899999999998,1.714471,1.7717298000000001,EXTRACTED
n2530gat,U_n2530gat/ZN,25.46,35.0,False,2760,0.1507336,0.10490502,1.763571,1.9143046,EXTRACTED
n2531gat,U_n2531gat/ZN,24.7,35.0,False,2760,0.098688,0.13377393,1.70023,1.798918,EXTRACTED
n2533gat,U_n2533gat/ZN,26.41,35.0,False,2502,0.16424000000000002,0.09634534,1.763571,1.927811,EXTRACTED
n2534gat,U_n2534gat/ZN,23.75,33.6,False,2502,0.1365924,0.21449886,1.70023,1.8368224,EXTRACTED
n2536gat,U_n2536gat/ZN,22.04,30.8,True,4455,0.48012808,0.38950418,3.327684,3.80781208,EXTRACTED
n2537gat,U_n2537gat/ZN,30.21,44.8,False,1760,0.67861984,0.7099960919999999,1.763571,2.44219084,EXTRACTED
n2538gat,U_n2538gat/ZN,24.32,30.8,False,1760,1.345964,0.9933567779999999,1.70023,3.046194,EXTRACTED
n2539gat,U_n2539gat/ZN,23.56,26.6,False,1711,0.49714400000000003,0.504220193,1.119679,1.6168230000000001,EXTRACTED
n253gat,U_n253gat/ZN,36.48,19.6,False,566,1.21739271,0.9049356859999999,8.457071000000001,9.674463710000001,EXTRACTED
n2540gat,U_n2540gat/ZN,21.66,30.8,True,4537,0.5158992,0.6125156570000001,3.232596,3.7484952,EXTRACTED
n2541gat,U_n2541gat/ZN,23.18,39.2,True,4558,0.55366876,0.30720353800000005,9.380189,9.93385776,EXTRACTED
n2543gat,U_n2543gat/Q,14.82,33.6,True,4558,1.2680329000000001,1.2673954470000002,5.85162,7.1196529,EXTRACTED
n2545gat,U_n2545gat/ZN,23.56,39.2,False,5540,0.66275992,0.47431252399999996,3.30269,3.96544992,EXTRACTED
n2546gat,U_n2546gat/ZN,22.8,42.0,False,3562,0.204372,0.07252124000000001,0.941245,1.145617,EXTRACTED
n2547gat,U_n2547gat/ZN,25.84,40.6,False,1318,0.1934642,0.20264171,0.938321,1.1317852,EXTRACTED
n2548gat,U_n2548gat/ZN,24.7,39.2,False,1963,0.0703508,0.14375905,0.923766,0.9941168,EXTRACTED
n2549gat,U_n2549gat/ZN,21.47,39.2,False,1799,0.1127928,0.10049481,0.914189,1.0269818,EXTRACTED
n254gat,U_n254gat/ZN,37.43,15.4,True,4893,0.33222,0.30859258897,4.982114,5.314334000000001,EXTRACTED
n2556gat,U_n2556gat/ZN,26.22,28.0,False,576,0.5263077,0.53904497,1.119679,1.6459867000000001,EXTRACTED
n2558gat,U_n2558gat/ZN,20.71,42.0,False,1230,0.734566,1.1475332466000001,1.119679,1.8542450000000001,EXTRACTED
n2559gat,U_n2559gat/ZN,22.23,50.4,False,1230,0.5438337,0.51736906,1.70023,2.2440637,EXTRACTED
n2560gat,U_n2560gat/ZN,39.71,25.2,True,4879,2.31510759,2.2977277649999985,14.564114,16.87922159,EXTRACTED
n2562gat,U_n2562gat/Q,35.53,28.0,True,4879,1.019152,0.5434298390000001,5.85162,6.870772,EXTRACTED
n2564gat,U_n2564gat/ZN,40.85,15.4,False,4897,0.6255854,0.57127634,1.651345,2.2769304,EXTRACTED
n2565gat,U_n2565gat/ZN,28.12,22.4,False,4481,0.5649461,0.6720732610000001,0.941939,1.5068850999999999,EXTRACTED
n2566gat,U_n2566gat/ZN,36.48,22.4,False,4314,0.128639,0.0793269,0.946814,1.075453,EXTRACTED
n2567gat,U_n2567gat/ZN,39.9,74.2,False,2202,0.208962,0.13853258000000002,0.946814,1.1557760000000001,EXTRACTED
n2568gat,U_n2568gat/ZN,36.86,36.4,False,8397,0.2372842,0.12532269000000001,3.428942,3.6662262,EXTRACTED
n2569gat,U_n2569gat/ZN,35.34,36.4,False,3540,0.0633586,0.09993484499999998,0.941245,1.0046036,EXTRACTED
n256gat,U_n256gat/Q,44.08,7.0,True,4893,1.38125257,1.5773106560000003,6.097066,7.47831857,EXTRACTED
n2570gat,U_n2570gat/ZN,37.24,35.0,False,3449,0.1721974,0.10981983,0.938321,1.1105184,EXTRACTED
n2571gat,U_n2571gat/ZN,33.82,30.8,False,454,0.6017766,0.49990847,0.923766,1.5255426,EXTRACTED
n2572gat,U_n2572gat/ZN,36.1,36.4,False,3776,0.060325000000000004,0.06681609999999999,0.914189,0.974514,EXTRACTED
n2579gat,U_n2579gat/ZN,38.76,37.8,False,9372,1.540901,1.394155926,2.819909,4.36081,EXTRACTED
n2580gat,U_n2580gat/ZN,38.57,35.0,False,7307,0.1343196,0.13380569,0.946814,1.0811336,EXTRACTED
n2581gat,U_n2581gat/ZN,32.11,39.2,False,5705,0.504602,0.0762501,0.941939,1.4465409999999999,EXTRACTED
n2583gat,U_n2583gat/ZN,39.14,35.0,False,6702,0.56333915,0.63101544,3.365816,3.92915515,EXTRACTED
n2586gat,U_n2586gat/ZN,34.01,63.0,True,4609,0.7157404,0.9230930679999998,3.414916,4.1306563999999995,EXTRACTED
n2588gat,U_n2588gat/Q,46.36,64.4,True,4609,1.24891976,0.7878118000000001,2.619024,3.86794376,EXTRACTED
n258gat,U_n258gat/ZN,46.55,61.6,False,8022,0.8427445,1.35953053497,5.227372,6.0701165,EXTRACTED
n2590gat,U_n2590gat/ZN,29.07,58.8,True,5000,0.07687880000000001,0.022132069999999997,1.119679,1.1965578000000001,EXTRACTED
n2592gat,U_n2592gat/Q,11.59,67.2,True,5000,1.6987497999999999,2.324926485,4.235322,5.9340718,EXTRACTED
n2594gat,U_n2594gat/ZN,50.92,65.8,False,1377,0.0455298,0.04691359999999999,1.70023,1.7457597999999999,EXTRACTED
n2595gat,U_n2595gat/ZN,51.49,64.4,False,1377,0.0601806,0.040119958,0.941939,1.0021195999999999,EXTRACTED
n2597gat,U_n2597gat/ZN,52.06,65.8,True,4679,0.117916,0.052137755,1.616298,1.734214,EXTRACTED
n2599gat,U_n2599gat/Q,53.39,67.2,True,4679,0.9560674,0.7853896400000002,2.619024,3.5750914,EXTRACTED
n259gat,U_n259gat/ZN,40.66,60.2,False,6521,0.313968,0.67064396,0.941245,1.255213,EXTRACTED
n2601gat,U_n2601gat/ZN,26.79,29.4,False,5244,1.3568537,1.401822102,3.428942,4.7857957,EXTRACTED
n2602gat,U_n2602gat/ZN,17.86,32.2,False,2502,0.5506485,0.7491895600000001,0.941245,1.4918935,EXTRACTED
n2603gat,U_n2603gat/ZN,22.8,30.8,False,2760,0.31671,0.529776383,0.938321,1.255031,EXTRACTED
n2604gat,U_n2604gat/ZN,23.56,30.8,False,1250,0.27720799999999995,0.157247819,0.923766,1.200974,EXTRACTED
n2605gat,U_n2605gat/ZN,22.04,36.4,False,2220,0.5390459999999999,0.92166769,0.914189,1.4532349999999998,EXTRACTED
n260gat,U_n260gat/ZN,37.24,60.2,False,891,0.5016877,0.9577809540000001,0.938321,1.4400087,EXTRACTED
n2612gat,U_n2612gat/ZN,21.09,23.8,True,4546,0.7129042,0.6424444737000001,3.527142,4.2400462,EXTRACTED
n2613gat,U_n2613gat/ZN,25.65,43.4,False,6004,1.0025643,0.9002409175999998,2.819909,3.8224733,EXTRACTED
n2614gat,U_n2614gat/ZN,22.04,46.2,False,5025,0.36725,0.25477795,0.946814,1.3140640000000001,EXTRACTED
n2615gat,U_n2615gat/ZN,26.22,42.0,False,3449,0.14150980000000002,0.10431984799999999,0.941939,1.0834488,EXTRACTED
n2617gat,U_n2617gat/ZN,27.93,46.2,False,4307,0.7024756000000001,0.5406082,3.365816,4.0682916,EXTRACTED
n261gat,U_n261gat/ZN,36.48,60.2,False,1351,0.5686877,1.0130605999999998,0.923766,1.4924537,EXTRACTED
n2620gat,U_n2620gat/ZN,23.37,33.6,True,4546,1.07055598,0.7653334610000001,8.110622,9.18117798,EXTRACTED
n2622gat,U_n2622gat/Q,22.42,29.4,True,4546,0.6651617999999999,0.708078143,5.85162,6.5167817999999995,EXTRACTED
n2624gat,U_n2624gat/ZN,22.42,30.8,True,4455,0.80543955,0.833797564,7.911164,8.71660355,EXTRACTED
n2626gat,U_n2626gat/Q,25.08,30.8,True,4455,1.0451751999999999,0.570877695,5.946708,6.9918832,EXTRACTED
n262gat,U_n262gat/ZN,38.0,60.2,False,1759,0.61894,0.6715891300000001,0.914189,1.5331290000000002,EXTRACTED
n2630gat,U_n2630gat/Q,20.14,35.0,True,4520,0.80647371,0.7908223149999999,6.146166,6.95263971,EXTRACTED
n2632gat,U_n2632gat/ZN,23.56,43.4,True,4478,0.53659124,0.603949598,4.447363,4.98395424,EXTRACTED
n2634gat,U_n2634gat/Q,25.65,47.6,True,4478,0.9538821000000001,0.9495775390000001,5.946708,6.9005901000000005,EXTRACTED
n2636gat,U_n2636gat/ZN,37.62,61.6,False,940,0.447686,0.27755822,1.119679,1.5673650000000001,EXTRACTED
n2637gat,U_n2637gat/ZN,43.13,18.2,False,940,3.7355902,1.7080011499999999,1.70023,5.4358202,EXTRACTED
n2638gat,U_n2638gat/ZN,38.19,35.0,True,4819,0.8654543800000001,0.6520397540000001,4.447363,5.31281738,EXTRACTED
n2640gat,U_n2640gat/Q,30.02,64.4,True,4819,2.8061998,1.11073134,5.946708,8.7529078,EXTRACTED
n2642gat,U_n2642gat/ZN,27.74,25.2,True,4786,0.1190386,0.12346660000000001,1.651345,1.7703836000000002,EXTRACTED
n2644gat,U_n2644gat/Q,38.0,36.4,True,4786,2.4744573,0.88134967,4.333495,6.8079523,EXTRACTED
n2646gat,U_n2646gat/ZN,37.81,78.4,False,6536,0.5025775000000001,0.25359518000000003,2.819909,3.3224865,EXTRACTED
n2647gat,U_n2647gat/ZN,34.2,75.6,False,3463,0.22396,0.534875458,0.946814,1.170774,EXTRACTED
n2648gat,U_n2648gat/ZN,37.81,81.2,False,5471,0.14248,0.10157384,0.941939,1.084419,EXTRACTED
n2650gat,U_n2650gat/ZN,41.23,81.2,False,5214,0.5788339,0.8478749130000001,3.365816,3.9446499,EXTRACTED
n2655gat,U_n2655gat/ZN,30.21,60.2,False,654,0.1048642,0.014048617999999999,1.70023,1.8050941999999999,EXTRACTED
n2656gat,U_n2656gat/ZN,31.16,61.6,True,4495,0.1824922,0.06282816,1.67413,1.8566222,EXTRACTED
n2658gat,U_n2658gat/Q,31.35,60.2,True,4495,0.395162,0.281942342,2.619024,3.014186,EXTRACTED
n2660gat,U_n2660gat/ZN,30.59,61.6,False,654,0.7614719999999999,0.28176685500000004,3.3783130000000003,4.139785,EXTRACTED
n2661gat,U_n2661gat/ZN,29.83,65.8,False,174,0.7086600000000001,0.8409770580000001,1.119679,1.8283390000000002,EXTRACTED
n2662gat,U_n2662gat/ZN,22.99,64.4,False,174,0.393384,0.3324524519,1.70023,2.093614,EXTRACTED
n2663gat,U_n2663gat/ZN,29.64,61.6,False,147,0.38599799999999995,0.8502778619999999,1.651345,2.037343,EXTRACTED
n2664gat,U_n2664gat/ZN,20.9,63.0,False,18,0.8257909999999999,0.7479899059999998,4.905766,5.731557,EXTRACTED
n2666gat,U_n2666gat/ZN,56.43,56.0,False,909,0.37002607,0.34344476999999995,1.651345,2.02137107,EXTRACTED
n2669gat,U_n2669gat/ZN,51.87,50.4,False,0,4.001791369999999,2.0182552460000007,6.731632,10.73342337,EXTRACTED
n2672gat,U_n2672gat/ZN,75.24,39.2,False,0,5.83714317,5.3253068709999996,8.382977,14.220120170000001,EXTRACTED
n2684gat,U_n2684gat/ZN,14.06,54.6,False,4545,0.4239792,0.3968494639999999,1.70023,2.1242092,EXTRACTED
n2693gat,U_n2693gat/ZN,45.79,74.2,False,1198,0.207798,0.38724737,1.70023,1.9080279999999998,EXTRACTED
n2694gat,U_n2694gat/ZN,45.03,75.6,False,0,0.173208,0.23019023,1.70023,1.873438,EXTRACTED
n2695gat,U_n2695gat/ZN,16.34,72.8,False,159,0.467652,0.384607765,1.70023,2.167882,EXTRACTED
n269gat,U_n269gat/ZN,35.72,60.2,True,4474,0.16029316999999998,0.22534767399999997,3.527142,3.68743517,EXTRACTED
n2701gat,U_n2701gat/ZN,49.4,65.8,False,0,1.0848849999999999,1.339028345,1.70023,2.785115,EXTRACTED
n2702gat,U_n2702gat/ZN,41.04,74.2,False,3427,0.252776,0.26443018,1.70023,1.9530059999999998,EXTRACTED
n2703gat,U_n2703gat/ZN,14.25,61.6,False,3732,0.55710424,0.27149376999999997,1.70023,2.25733424,EXTRACTED
n2704gat,U_n2704gat/ZN,26.6,7.0,False,2521,0.0820256,0.016854418,1.70023,1.7822555999999998,EXTRACTED
n2708gat,U_n2708gat/ZN,42.18,25.2,False,4333,1.5237629,0.55325151,1.70023,3.2239929,EXTRACTED
n2709gat,U_n2709gat/ZN,45.41,67.2,False,664,0.680498,0.46689198099999996,1.70023,2.380728,EXTRACTED
n2710gat,U_n2710gat/ZN,28.31,8.4,False,0,0.264972,0.011988637,1.70023,1.965202,EXTRACTED
n2715gat,U_n2715gat/ZN,64.22,2.8,False,0,1.45139215,1.143685125,10.034322,11.48571415,EXTRACTED
n271gat,U_n271gat/Q,32.11,58.8,True,4474,1.9363947000000001,2.3211027119999996,9.511982,11.4483767,EXTRACTED
n2723gat,U_n2723gat/ZN,63.65,4.2,False,0,1.40723263,1.3889561160000001,10.034322,11.441554629999999,EXTRACTED
n2726gat,U_n2726gat/ZN,64.41,5.6,False,0,1.12226994,0.725725173,10.034322,11.15659194,EXTRACTED
n2731gat,U_n2731gat/ZN,50.73,64.4,False,0,4.35051171,5.198777914900002,8.382977,12.73348871,EXTRACTED
n2734gat,U_n2734gat/ZN,51.3,56.0,False,0,5.18028917,4.573980799999999,8.319851,13.50014017,EXTRACTED
n273gat,U_n273gat/ZN,53.39,25.2,True,4105,0.2623802,0.30131758999999997,3.527142,3.7895222,EXTRACTED
n2741gat,U_n2741gat/ZN,67.26,53.2,False,459,0.7467195,1.169315654,1.70023,2.4469494999999997,EXTRACTED
n2742gat,U_n2742gat/ZN,61.75,65.8,False,7989,1.290454,0.43518615800000005,1.70023,2.990684,EXTRACTED
n2744gat,U_n2744gat/ZN,30.4,53.2,False,6047,0.960232,1.62248687,1.70023,2.660462,EXTRACTED
n2749gat,U_n2749gat/ZN,82.65,37.8,False,6304,0.0663902,0.0305594,1.70023,1.7666202,EXTRACTED
n2750gat,U_n2750gat/ZN,65.17,32.2,False,8624,0.7980421,0.6129564000000002,1.70023,2.4982721,EXTRACTED
n2756gat,U_n2756gat/ZN,78.09,30.8,False,5876,0.0615654,0.030851490000000002,1.70023,1.7617954,EXTRACTED
n2757gat,U_n2757gat/ZN,64.03,7.0,False,7790,0.7787296,0.307959207,1.70023,2.4789596,EXTRACTED
n275gat,U_n275gat/Q,50.54,36.4,True,4105,2.84381359,2.912145929600001,9.511982,12.35579559,EXTRACTED
n2761gat,U_n2761gat/ZN,58.14,70.0,False,5244,0.9524059,0.18808417600000002,1.70023,2.6526359,EXTRACTED
n2762gat,U_n2762gat/ZN,57.19,74.2,False,5721,0.1671326,0.086436,1.70023,1.8673625999999999,EXTRACTED
n2764gat,U_n2764gat/ZN,43.89,77.0,False,6096,0.17109300000000002,0.101686814,1.70023,1.8713229999999998,EXTRACTED
n2775gat,U_n2775gat/ZN,49.21,60.2,False,0,4.510722790000001,2.8888423199999993,8.382977,12.893699790000001,EXTRACTED
n2778gat,U_n2778gat/ZN,50.92,37.8,False,0,5.502143449999999,4.241465759000002,8.446103,13.94824645,EXTRACTED
n277gat,U_n277gat/ZN,41.8,29.4,True,4552,1.0331602000000002,0.77183112,3.232596,4.2657562,EXTRACTED
n2781gat,U_n2781gat/ZN,54.91,37.8,False,0,4.12099076,3.140996749000001,6.668506000000001,10.78949676,EXTRACTED
n2786gat,U_n2786gat/ZN,60.42,4.2,False,0,0.411584,0.44118221599999996,1.70023,2.111814,EXTRACTED
n2789gat,U_n2789gat/ZN,68.97,39.2,False,0,2.6229682999999997,3.903441718,6.794758,9.4177263,EXTRACTED
n2792gat,U_n2792gat/ZN,53.39,54.6,False,0,2.6118292,3.9179659410000003,6.731632,9.3434612,EXTRACTED
n2798gat,U_n2798gat/ZN,29.07,29.4,False,4339,0.230478,0.2922656339999999,1.70023,1.9307079999999999,EXTRACTED
n2799gat,U_n2799gat/ZN,41.61,28.0,False,4315,0.480974,0.424248157,1.70023,2.181204,EXTRACTED
n279gat,U_n279gat/Q,42.94,63.0,True,4552,3.3524336,2.8542108730000004,9.15431,12.5067436,EXTRACTED
n2800gat,U_n2800gat/ZN,23.37,46.2,False,6559,1.81851222,1.315114714,1.70023,3.51874222,EXTRACTED
n2812gat,U_n2812gat/ZN,51.68,8.4,False,5379,0.7963310000000001,0.168695075,1.70023,2.496561,EXTRACTED
n281gat,U_n281gat/ZN,44.08,32.2,True,4217,0.5596715,0.5381483600000001,3.527142,4.0868135,EXTRACTED
n2822gat,U_n2822gat/ZN,59.47,9.8,False,5464,0.558988,0.9748453100000001,1.70023,2.2592179999999997,EXTRACTED
n2830gat,U_n2830gat/ZN,22.61,78.4,False,3332,0.542702,0.0547295,1.70023,2.2429319999999997,EXTRACTED
n283gat,U_n283gat/Q,39.71,68.6,True,4217,4.08738393,2.0343097649,9.511982,13.59936593,EXTRACTED
n2854gat,U_n2854gat/ZN,68.4,11.2,False,0,0.5967925799999999,0.56848295,6.892958,7.48975058,EXTRACTED
n2859gat,U_n2859gat/ZN,62.7,9.8,False,0,0.9417789999999999,0.881175999,10.122442,11.064221,EXTRACTED
n2862gat,U_n2862gat/ZN,63.84,5.6,False,0,0.7413076,1.0209378479999998,6.598412,7.3397196,EXTRACTED
n2867gat,U_n2867gat/ZN,64.41,8.4,False,0,0.50016,0.5088124560000001,1.651345,2.1515050000000002,EXTRACTED
n286gat,U_n286gat/ZN,61.75,8.4,False,806,0.5476239700000001,0.54426436,5.227372,5.77499597,EXTRACTED
n2874gat,U_n2874gat/ZN,34.39,14.0,False,4819,1.2473359999999998,0.25840378199999997,1.70023,2.9475659999999997,EXTRACTED
n2875gat,U_n2875gat/ZN,71.63,21.0,False,4620,0.169473,0.20857009500000004,1.70023,1.869703,EXTRACTED
n2876gat,U_n2876gat/ZN,60.42,65.8,False,5159,0.53430819,0.611504885,5.027914,5.56222219,EXTRACTED
n2877gat,U_n2877gat/ZN,31.35,16.8,False,302,0.60058985,1.05938153,3.351575,3.95216485,EXTRACTED
n2878gat,U_n2878gat/ZN,38.19,19.6,False,4918,0.709792,0.938765435,1.70023,2.4100219999999997,EXTRACTED
n2879gat,U_n2879gat/ZN,77.33,26.6,False,4649,0.4669261,0.8142757749999999,1.70023,2.1671560999999997,EXTRACTED
n287gat,U_n287gat/ZN,60.99,7.0,False,419,1.1329646,0.5900982500000002,6.644212,7.7771766,EXTRACTED
n2880gat,U_n2880gat/ZN,36.48,79.8,False,4857,0.2948977,0.1196545,3.30269,3.5975877,EXTRACTED
n2881gat,U_n2881gat/ZN,28.5,14.0,False,4920,0.6499184,0.47035536499999997,1.70023,2.3501484,EXTRACTED
n2882gat,U_n2882gat/ZN,36.1,16.8,False,4894,0.350262,0.303710006,1.70023,2.0504919999999998,EXTRACTED
n2883gat,U_n2883gat/ZN,65.17,46.2,False,4603,0.515662,0.409198342,1.70023,2.2158919999999998,EXTRACTED
n2884gat,U_n2884gat/ZN,67.26,23.8,False,130,0.051983249999999995,0.20982069999999997,3.351575,3.40355825,EXTRACTED
n2885gat,U_n2885gat/ZN,64.22,46.2,False,4635,0.447836,0.6025096815999997,1.70023,2.148066,EXTRACTED
n2886gat,U_n2886gat/ZN,62.89,65.8,False,2,0.0965172,0.04670423900000001,1.119679,1.2161962000000002,EXTRACTED
n2887gat,U_n2887gat/ZN,69.35,67.2,False,0,0.401308,0.554191203,1.119679,1.520987,EXTRACTED
n2888gat,U_n2888gat/ZN,69.16,61.6,False,1,0.081882,0.053987140999999995,1.119679,1.201561,EXTRACTED
n2889gat,U_n2889gat/ZN,65.74,4.2,False,0,0.42100709999999997,0.13973019,4.932826,5.3538331,EXTRACTED
n288gat,U_n288gat/ZN,61.56,7.0,False,642,0.7376910000000001,0.9091655,3.316528,4.054219,EXTRACTED
n2890gat,U_n2890gat/ZN,63.65,61.6,False,28,0.37942,0.48997981,1.119679,1.4990990000000002,EXTRACTED
n2891gat,U_n2891gat/ZN,71.82,64.4,False,0,0.384894,0.50834322,1.119679,1.5045730000000002,EXTRACTED
n2892gat,U_n2892gat/ZN,56.43,11.2,False,4307,0.4986098,0.6172418599999999,1.119679,1.6182888000000002,EXTRACTED
n2893gat,U_n2893gat/ZN,41.42,14.0,False,4849,0.797752,0.45029629400000004,1.70023,2.497982,EXTRACTED
n2894gat,U_n2894gat/ZN,67.26,39.2,False,0,0.375278,0.5537838,1.119679,1.494957,EXTRACTED
n2895gat,U_n2895gat/ZN,82.46,39.2,False,0,0.1104022,0.016546500000000002,1.119679,1.2300812,EXTRACTED
n2896gat,U_n2896gat/ZN,80.94,61.6,False,0,0.469256,0.30311083,1.119679,1.5889350000000002,EXTRACTED
n2897gat,U_n2897gat/ZN,78.85,46.2,False,0,2.03621155,1.49037413,2.239358,4.27556955,EXTRACTED
n2898gat,U_n2898gat/ZN,69.73,40.6,False,160,0.0415858,0.0885675,1.119679,1.1612648,EXTRACTED
n2899gat,U_n2899gat/ZN,68.21,33.6,False,4639,0.6671902000000001,1.0494765739999998,1.119679,1.7868692000000002,EXTRACTED
n2900gat,U_n2900gat/ZN,69.92,54.6,False,4709,0.462186,0.44917709100000003,1.119679,1.581865,EXTRACTED
n2901gat,U_n2901gat/ZN,64.98,64.4,False,21,0.0665264,0.16348337,1.119679,1.1862054000000002,EXTRACTED
n2902gat,U_n2902gat/ZN,68.21,22.4,False,4222,0.6309762999999999,0.5000863999999999,1.70023,2.3312063,EXTRACTED
n2903gat,U_n2903gat/ZN,77.33,54.6,False,4,0.651694,0.833855422,1.119679,1.771373,EXTRACTED
n2904gat,U_n2904gat/ZN,65.55,68.6,False,9,0.15542560000000002,0.59180876,1.119679,1.2751046000000001,EXTRACTED
n2905gat,U_n2905gat/ZN,81.89,46.2,False,74,0.7615505,0.77504294,1.119679,1.8812295,EXTRACTED
n2906gat,U_n2906gat/ZN,61.56,9.8,False,0,1.3807334,1.2419677009999999,5.027914,6.4086473999999995,EXTRACTED
n2907gat,U_n2907gat/ZN,55.29,64.4,False,80,0.56770816,0.35514869000000004,1.119679,1.68738716,EXTRACTED
n2908gat,U_n2908gat/ZN,58.71,68.6,False,123,0.1551418,0.15178933,1.119679,1.2748208,EXTRACTED
n2909gat,U_n2909gat/ZN,62.51,68.6,False,253,0.14138399999999998,0.11554113700000002,1.119679,1.261063,EXTRACTED
n290gat,U_n290gat/ZN,62.7,15.4,False,0,0.42079350000000004,0.35098422299999993,3.428942,3.8497355000000004,EXTRACTED
n2910gat,U_n2910gat/ZN,51.68,61.6,False,172,0.49722799999999995,0.47482402200000007,1.119679,1.616907,EXTRACTED
n2911gat,U_n2911gat/ZN,51.11,67.2,False,256,0.076057,0.043537740000000005,1.119679,1.1957360000000001,EXTRACTED
n2912gat,U_n2912gat/ZN,63.46,68.6,False,258,0.407148,0.20360556999999999,1.119679,1.5268270000000002,EXTRACTED
n2913gat,U_n2913gat/ZN,63.84,44.8,False,205,0.47881609999999997,0.61630319,1.119679,1.5984951,EXTRACTED
n2914gat,U_n2914gat/ZN,71.82,50.4,False,0,0.5928317,0.497120933,1.119679,1.7125107000000002,EXTRACTED
n2915gat,U_n2915gat/ZN,69.35,60.2,False,26,0.1587892,0.2888308500000001,1.119679,1.2784682,EXTRACTED
n2916gat,U_n2916gat/ZN,68.02,39.2,False,4660,0.7135044,0.7255331000000002,1.119679,1.8331834000000002,EXTRACTED
n2917gat,U_n2917gat/ZN,45.22,19.6,False,4127,0.399812,0.37278257,1.119679,1.5194910000000001,EXTRACTED
n2918gat,U_n2918gat/ZN,49.59,46.2,False,258,0.0914032,0.00588942,1.119679,1.2110822,EXTRACTED
n2919gat,U_n2919gat/ZN,48.64,53.2,False,75,0.0832204,0.06366773,1.119679,1.2028994000000002,EXTRACTED
n291gat,U_n291gat/ZN,66.5,18.2,False,0,0.6222916000000001,0.696778005,3.351575,3.9738666,EXTRACTED
n2920gat,U_n2920gat/ZN,74.67,54.6,False,205,0.057055400000000006,0.031282410000000004,1.119679,1.1767344000000002,EXTRACTED
n2921gat,U_n2921gat/ZN,75.43,42.0,False,0,0.09988999999999999,0.05797435,1.119679,1.2195690000000001,EXTRACTED
n2922gat,U_n2922gat/ZN,76.95,60.2,False,0,0.8425020000000001,0.2573362,1.119679,1.9621810000000002,EXTRACTED
n2923gat,U_n2923gat/ZN,46.36,19.6,False,4196,0.1600026,0.179021967,1.119679,1.2796816,EXTRACTED
n2924gat,U_n2924gat/ZN,44.46,26.6,False,4507,0.6199366,0.456438573,1.119679,1.7396156,EXTRACTED
n2925gat,U_n2925gat/ZN,70.87,37.8,False,4327,0.31963800000000003,0.21445455749,1.119679,1.4393170000000002,EXTRACTED
n2926gat,U_n2926gat/ZN,53.58,18.2,False,4201,0.1653656,0.0863977,1.119679,1.2850446,EXTRACTED
n2927gat,U_n2927gat/ZN,81.51,56.0,False,0,0.1083962,0.06077940999999999,1.119679,1.2280752000000001,EXTRACTED
n2928gat,U_n2928gat/ZN,77.9,57.4,False,0,0.742936,0.46331967900000004,1.119679,1.8626150000000001,EXTRACTED
n2929gat,U_n2929gat/ZN,71.44,46.2,False,4711,0.201692,0.157589536,1.119679,1.321371,EXTRACTED
n292gat,U_n292gat/ZN,63.27,23.8,False,0,0.5080119999999999,0.310584935,1.651345,2.159357,EXTRACTED
n2930gat,U_n2930gat/ZN,58.33,49.0,False,3525,1.016422,2.1378651300000002,1.663842,2.680264,EXTRACTED
n2931gat,U_n2931gat/ZN,57.0,44.8,False,4161,0.5674041,0.49773973399999993,1.714471,2.2818751,EXTRACTED
n2932gat,U_n2932gat/ZN,58.9,53.2,False,4092,0.221256,0.313897074,1.70023,1.9214859999999998,EXTRACTED
n2933gat,U_n2933gat/ZN,52.44,46.2,False,4198,1.41268759,2.0600898200000004,1.70023,3.11291759,EXTRACTED
n2934gat,U_n2934gat/ZN,58.14,40.6,False,4334,0.317444,0.37859196400000006,1.70023,2.017674,EXTRACTED
n2935gat,U_n2935gat/ZN,62.7,26.6,False,1326,1.6368960000000001,0.31829405200000005,1.70023,3.337126,EXTRACTED
n2936gat,U_n2936gat/ZN,51.87,39.2,False,1345,1.7820402,1.17043966,1.70023,3.4822702,EXTRACTED
n2937gat,U_n2937gat/ZN,67.64,29.4,False,1336,0.1788312,0.8048789999999999,1.70023,1.8790612,EXTRACTED
n2938gat,U_n2938gat/ZN,63.46,43.4,False,1346,1.3877259999999998,0.7103399,1.70023,3.0879559999999997,EXTRACTED
n2939gat,U_n2939gat/ZN,63.27,53.2,False,3804,0.7550978,1.0363366,1.70023,2.4553278,EXTRACTED
n293gat,U_n293gat/ZN,63.65,8.4,False,0,0.6243000000000001,0.55143643,3.232596,3.856896,EXTRACTED
n2940gat,U_n2940gat/ZN,51.3,37.8,False,4231,0.7180355999999999,1.0376899549999998,1.70023,2.4182656,EXTRACTED
n2941gat,U_n2941gat/ZN,57.0,23.8,False,1398,1.1791257,1.1350914699999999,1.70023,2.8793556999999996,EXTRACTED
n2942gat,U_n2942gat/ZN,53.2,23.8,False,657,0.8205022,1.350935249,1.714471,2.5349732,EXTRACTED
n2943gat,U_n2943gat/ZN,49.59,22.4,False,738,0.050371000000000006,0.046726965,1.651345,1.701716,EXTRACTED
n2944gat,U_n2944gat/ZN,59.85,36.4,False,136,0.940382,0.45198565000000007,1.714471,2.654853,EXTRACTED
n2945gat,U_n2945gat/ZN,66.12,56.0,False,3918,0.8695439999999999,0.618098571,1.651345,2.520889,EXTRACTED
n2946gat,U_n2946gat/ZN,57.19,53.2,False,4185,0.0812606,0.04476453799999999,1.70023,1.7814906,EXTRACTED
n2947gat,U_n2947gat/ZN,66.5,36.4,False,3873,0.3622,0.64583574,1.70023,2.06243,EXTRACTED
n2948gat,U_n2948gat/ZN,56.05,61.6,False,3986,1.7949936,1.3611222960000005,1.70023,3.4952236,EXTRACTED
n2949gat,U_n2949gat/ZN,59.85,44.8,False,4685,0.38372,0.21449075699999998,1.70023,2.0839499999999997,EXTRACTED
n294gat,U_n294gat/ZN,68.97,5.6,False,0,1.36975614,1.1188066499999998,4.943982,6.31373814,EXTRACTED
n2950gat,U_n2950gat/ZN,57.0,22.4,False,1391,1.050846,1.097595907,1.70023,2.751076,EXTRACTED
n2951gat,U_n2951gat/ZN,56.43,28.0,False,1421,1.9542519999999999,0.7093181879999999,1.70023,3.654482,EXTRACTED
n2952gat,U_n2952gat/ZN,49.97,47.6,False,256,0.1764116,0.24885837800000002,1.119679,1.2960906,EXTRACTED
n2953gat,U_n2953gat/ZN,53.39,47.6,False,4480,0.424612,0.51441074,1.70023,2.124842,EXTRACTED
n2954gat,U_n2954gat/ZN,61.37,49.0,False,4651,0.49328999999999995,0.45556983900000003,1.70023,2.19352,EXTRACTED
n2955gat,U_n2955gat/ZN,71.44,36.4,False,1343,0.360478,0.53305925,1.70023,2.060708,EXTRACTED
n2956gat,U_n2956gat/ZN,65.93,33.6,False,1329,0.711021,0.748359647,1.70023,2.411251,EXTRACTED
n2957gat,U_n2957gat/ZN,60.42,56.0,False,224,1.1794625,0.565346359,1.616298,2.7957605,EXTRACTED
n2958gat,U_n2958gat/ZN,67.07,43.4,False,4349,0.384214,0.7488769720000001,1.70023,2.084444,EXTRACTED
n2959gat,U_n2959gat/ZN,55.1,36.4,False,4374,0.348408,0.037604022,1.70023,2.048638,EXTRACTED
n295gat,U_n295gat/ZN,64.22,1.4,False,0,0.6828160000000001,0.24047100999999999,1.663842,2.346658,EXTRACTED
n2960gat,U_n2960gat/ZN,50.92,23.8,False,737,0.07305439999999999,0.00871037,1.714471,1.7875254,EXTRACTED
n2961gat,U_n2961gat/ZN,40.85,28.0,False,706,0.7873600000000001,1.0601150560000001,1.714471,2.501831,EXTRACTED
n2962gat,U_n2962gat/ZN,52.82,28.0,False,698,0.0599376,0.1184868,1.651345,1.7112826,EXTRACTED
n2963gat,U_n2963gat/ZN,64.6,44.8,False,4715,0.9910398100000001,0.8361864200000001,1.70023,2.69126981,EXTRACTED
n2964gat,U_n2964gat/ZN,54.91,51.8,False,4375,0.480042,0.391261087,1.70023,2.180272,EXTRACTED
n2965gat,U_n2965gat/ZN,61.56,28.0,False,690,0.66202,0.46376555399999997,1.714471,2.376491,EXTRACTED
n2966gat,U_n2966gat/ZN,48.45,39.2,False,4721,0.0281582,0.00281249,1.70023,1.7283882,EXTRACTED
n2967gat,U_n2967gat/ZN,53.2,40.6,False,694,0.571068,0.27467847,1.714471,2.285539,EXTRACTED
n2968gat,U_n2968gat/ZN,50.73,35.0,False,690,0.19352280000000002,0.14061156600000002,1.651345,1.8448678,EXTRACTED
n2969gat,U_n2969gat/ZN,55.67,23.8,False,651,0.34393999999999997,0.279703669,1.651345,1.995285,EXTRACTED
n296gat,U_n296gat/ZN,62.7,12.6,False,0,0.40501,0.253106222,1.763571,2.168581,EXTRACTED
n2970gat,U_n2970gat/ZN,47.5,75.6,False,5522,1.4503620000000002,1.004900527,5.027914,6.478276,EXTRACTED
n2971gat,U_n2971gat/ZN,54.34,74.2,False,6335,0.3385924,0.04574995,2.819909,3.1585014,EXTRACTED
n2973gat,U_n2973gat/ZN,54.34,46.2,False,191,0.23039600000000002,0.10516558000000001,1.635974,1.86637,EXTRACTED
n2974gat,U_n2974gat/ZN,47.12,36.4,False,4602,0.1529644,0.0326793,1.70023,1.8531944,EXTRACTED
n2975gat,U_n2975gat/ZN,49.21,36.4,False,4659,0.43154420000000004,0.58547713,1.70023,2.1317741999999997,EXTRACTED
n2977gat,U_n2977gat/ZN,61.18,39.2,False,804,0.562262,0.490129218,1.60595,2.168212,EXTRACTED
n2978gat,U_n2978gat/ZN,48.26,40.6,False,1838,0.4693492,0.820315585,1.736804,2.2061532,EXTRACTED
n2979gat,U_n2979gat/ZN,48.26,37.8,False,4844,0.1454038,0.05189211,1.70023,1.8456337999999999,EXTRACTED
n2980gat,U_n2980gat/ZN,5.32,44.8,False,5051,0.4779065,0.564618142,3.40046,3.8783665,EXTRACTED
n2981gat,U_n2981gat/ZN,27.93,51.8,False,6926,0.19415780000000002,0.173488654,1.616298,1.8104558,EXTRACTED
n2982gat,U_n2982gat/ZN,32.87,56.0,False,87,2.330306,1.0509525149999999,1.67413,4.004436,EXTRACTED
n2983gat,U_n2983gat/ZN,28.69,65.8,False,30,0.10417080000000001,0.12775735,1.119679,1.2238498,EXTRACTED
n2984gat,U_n2984gat/ZN,10.83,53.2,False,4939,0.275292,0.170241874,1.70023,1.9755219999999998,EXTRACTED
n2985gat,U_n2985gat/ZN,6.84,51.8,False,7429,1.0932673,0.807429598,3.3798690000000002,4.4731363,EXTRACTED
n2986gat,U_n2986gat/ZN,22.8,9.8,False,3,0.36149147000000004,0.39161058000000004,1.663842,2.02533347,EXTRACTED
n2987gat,U_n2987gat/ZN,17.1,37.8,False,509,1.41414,0.7856702400000001,1.70023,3.11437,EXTRACTED
n2988gat,U_n2988gat/ZN,19.19,37.8,False,476,2.067665,1.6606254739999997,3.414701,5.482366,EXTRACTED
n2989gat,U_n2989gat/ZN,15.96,53.2,False,2501,1.0534103799999999,0.6356116939999998,8.814815,9.868225379999998,EXTRACTED
n2990gat,U_n2990gat/ZN,17.1,32.2,False,5273,0.418658,0.18101693,1.70023,2.118888,EXTRACTED
n2991gat,U_n2991gat/ZN,19.57,15.4,False,10,0.0571198,0.052937979999999996,1.616298,1.6734178,EXTRACTED
n2992gat,U_n2992gat/ZN,29.64,11.2,False,3,0.447463,1.29074505,1.763571,2.211034,EXTRACTED
n2993gat,U_n2993gat/ZN,12.92,26.6,False,5297,0.0387032,0.052174132,1.70023,1.7389332,EXTRACTED
n2994gat,U_n2994gat/ZN,18.81,25.2,False,0,0.41855000000000003,0.498761045,1.70023,2.11878,EXTRACTED
n2995gat,U_n2995gat/ZN,15.39,28.0,False,3572,0.197045,0.16210877,1.714471,1.911516,EXTRACTED
n2996gat,U_n2996gat/ZN,16.15,26.6,False,2554,0.42233800000000005,0.272462383,1.70023,2.122568,EXTRACTED
n2997gat,U_n2997gat/ZN,33.06,19.6,False,2398,0.235556,0.1094358,1.70023,1.9357859999999998,EXTRACTED
n2998gat,U_n2998gat/ZN,15.77,30.8,False,5325,0.1685574,0.41285824,1.70023,1.8687874,EXTRACTED
n2999gat,U_n2999gat/ZN,19.19,43.4,False,5320,0.6044603,0.3705716300000001,1.714471,2.3189313,EXTRACTED
n299gat,U_n299gat/ZN,35.15,79.8,False,4846,0.06353579999999999,0.0803846,0.946814,1.0103498,EXTRACTED
n3000gat,U_n3000gat/ZN,31.35,53.2,False,0,0.037674,0.0341499,1.119679,1.157353,EXTRACTED
n3001gat,U_n3001gat/ZN,36.29,63.0,False,3723,0.5379459999999999,0.44556802,1.70023,2.2381759999999997,EXTRACTED
n3002gat,U_n3002gat/ZN,29.83,19.6,False,5236,0.1702988,0.06688116,1.70023,1.8705288,EXTRACTED
n3003gat,U_n3003gat/ZN,43.51,78.4,False,0,0.5307055,0.37200835,1.70023,2.2309355,EXTRACTED
n3004gat,U_n3004gat/ZN,38.38,71.4,False,2747,0.36305400000000004,0.44914659999999995,1.70023,2.063284,EXTRACTED
n3005gat,U_n3005gat/ZN,30.59,21.0,False,5795,0.4602626,0.8309115600000001,1.70023,2.1604926,EXTRACTED
n3006gat,U_n3006gat/ZN,36.48,67.2,False,3562,0.6830401500000001,1.0150347339999999,3.351575,4.0346151500000005,EXTRACTED
n3007gat,U_n3007gat/ZN,25.27,64.4,False,5291,0.535212,0.38602546000000004,1.651345,2.186557,EXTRACTED
n3008gat,U_n3008gat/ZN,33.63,21.0,False,0,0.353474,0.49613548999999996,1.70023,2.0537039999999998,EXTRACTED
n3009gat,U_n3009gat/ZN,26.22,23.8,False,5150,0.27033599999999997,0.21984307000000003,1.70023,1.9705659999999998,EXTRACTED
n3010gat,U_n3010gat/ZN,57.95,68.6,False,5754,0.30562449999999997,0.45704111,2.819909,3.1255335,EXTRACTED
n3011gat,U_n3011gat/ZN,21.66,25.2,False,4549,0.4916439,0.719755792,1.714471,2.2061149,EXTRACTED
n3013gat,U_n3013gat/ZN,53.58,57.4,False,6030,0.10413599999999999,0.11345393,1.70023,1.804366,EXTRACTED
n3014gat,U_n3014gat/ZN,37.62,75.6,False,6509,0.699716,0.5731485910000002,3.428942,4.128658,EXTRACTED
n3015gat,U_n3015gat/ZN,36.67,23.8,False,7929,0.7341340000000001,0.366246935,1.714471,2.448605,EXTRACTED
n3016gat,U_n3016gat/ZN,52.06,64.4,False,29,0.1725678,0.22377950800000004,1.119679,1.2922468,EXTRACTED
n3065gat,PORT/n3065gat,31.455,85.915,False,0,0.213284,0.0066415499999999995,0.77983,0.993114,EXTRACTED
n3066gat,PORT/n3066gat,40.415,85.915,False,0,0.1322296,0.10828613,0.77983,0.9120596000000001,EXTRACTED
n3067gat,PORT/n3067gat,44.895,85.915,False,0,0.20011,0.12663884,0.77983,0.97994,EXTRACTED
n3068gat,PORT/n3068gat,47.695,85.915,False,0,0.173814,0.08366035000000001,0.77983,0.953644,EXTRACTED
n3069gat,PORT/n3069gat,45.455,0.07,False,0,0.41048799999999996,0.00603337,0.77983,1.190318,EXTRACTED
n3070gat,PORT/n3070gat,85.915,29.75,False,0,0.306572,0.21092370000000002,0.77983,1.086402,EXTRACTED
n3071gat,PORT/n3071gat,48.815,0.07,False,0,0.422468,0.0,0.77983,1.202298,EXTRACTED
n3072gat,PORT/n3072gat,44.335,0.07,False,0,0.36656599999999995,0.01143214,0.77983,1.146396,EXTRACTED
n3073gat,PORT/n3073gat,85.915,41.51,False,0,0.268564,0.132265974,0.77983,1.048394,EXTRACTED
n3074gat,PORT/n3074gat,85.915,51.59,False,0,0.152432,0.08169342,0.77983,0.932262,EXTRACTED
n3075gat,PORT/n3075gat,85.915,53.27,False,0,0.1608598,0.13699698,0.77983,0.9406898,EXTRACTED
n3076gat,PORT/n3076gat,85.915,52.15,False,0,0.334084,0.50319967,0.77983,1.113914,EXTRACTED
n3077gat,PORT/n3077gat,85.915,53.83,False,0,0.233976,0.10227844,0.77983,1.013806,EXTRACTED
n3078gat,PORT/n3078gat,85.915,42.63,False,0,0.2526,0.01704372,0.77983,1.03243,EXTRACTED
n3079gat,PORT/n3079gat,85.915,55.51,False,0,0.204856,0.13682674,0.77983,0.9846860000000001,EXTRACTED
n3080gat,PORT/n3080gat,85.915,52.71,False,0,0.261746,0.28151077,0.77983,1.041576,EXTRACTED
n3081gat,PORT/n3081gat,85.915,30.31,False,0,0.1770504,0.30546234000000005,0.77983,0.9568804,EXTRACTED
n3082gat,PORT/n3082gat,85.915,54.95,False,0,0.31197400000000003,0.27653599,0.77983,1.091804,EXTRACTED
n3083gat,PORT/n3083gat,67.855,0.07,False,0,0.1289548,0.00989166,0.974659,1.1036138,EXTRACTED
n3084gat,PORT/n3084gat,68.415,0.07,False,0,0.308528,0.10513736000000001,0.974659,1.283187,EXTRACTED
n3085gat,PORT/n3085gat,65.615,0.07,False,0,0.540752,0.01887972,0.974659,1.515411,EXTRACTED
n3086gat,PORT/n3086gat,65.055,0.07,False,0,0.237708,0.10078606,0.974659,1.212367,EXTRACTED
n3087gat,PORT/n3087gat,63.935,0.07,False,0,0.07064279999999999,0.11811814,0.974659,1.0453018,EXTRACTED
n3088gat,PORT/n3088gat,63.375,0.07,False,0,0.100912,0.0758378,0.974659,1.075571,EXTRACTED
n3089gat,PORT/n3089gat,64.495,0.07,False,0,0.1069272,0.08347406,0.974659,1.0815862,EXTRACTED
n3090gat,PORT/n3090gat,85.915,33.67,False,0,0.28697199999999995,0.13759433,0.974659,1.261631,EXTRACTED
n3091gat,PORT/n3091gat,52.735,0.07,False,0,0.10079859999999999,0.067541277,0.974659,1.0754576,EXTRACTED
n3092gat,PORT/n3092gat,53.295,0.07,False,0,0.09242959999999999,0.07764035999999999,0.974659,1.0670886,EXTRACTED
n3093gat,PORT/n3093gat,85.915,21.91,False,0,0.226632,0.01696609,0.974659,1.201291,EXTRACTED
n3094gat,PORT/n3094gat,54.975,0.07,False,0,0.09137260000000001,0.08358600000000002,0.974659,1.0660316,EXTRACTED
n3095gat,PORT/n3095gat,85.915,15.19,False,0,0.1635348,0.0012177400000000001,0.974659,1.1381938,EXTRACTED
n3097gat,PORT/n3097gat,0.07,68.95,False,0,0.1999786,0.08489282,0.974659,1.1746376,EXTRACTED
n3098gat,PORT/n3098gat,0.07,66.71,False,0,0.188792,0.010068729999999998,0.974659,1.163451,EXTRACTED
n3099gat,PORT/n3099gat,32.015,85.915,False,0,0.643428,0.0066415499999999995,0.77983,1.4232580000000001,EXTRACTED
n3100gat,PORT/n3100gat,0.07,67.27,False,0,0.323542,0.06083014999999999,0.77983,1.103372,EXTRACTED
n3104gat,output39/Z,51.87,2.8,False,5464,0.261762,0.0274442,0,0.261762,EXTRACTED
n3105gat,output40/Z,55.29,1.4,False,5379,0.1578234,0.09542025999999999,0,0.1578234,EXTRACTED
n3106gat,output41/Z,11.59,72.8,True,5028,1.58793,0.0052971699999999995,0,1.58793,EXTRACTED
n3107gat,output42/Z,2.66,61.6,False,5628,0.1693766,0.055821050000000004,0,0.1693766,EXTRACTED
n3108gat,output43/Z,1.33,35.0,False,4339,0.42290999999999995,0.00840225,0,0.42290999999999995,EXTRACTED
n3109gat,output44/Z,11.4,36.4,False,4315,0.942168,0.12134202,0,0.942168,EXTRACTED
n3110gat,output45/Z,39.9,2.8,False,4333,0.53662,0.0,0,0.53662,EXTRACTED
n3111gat,output46/Z,41.42,78.4,False,664,0.43952800000000003,0.19930749,0,0.43952800000000003,EXTRACTED
n3112gat,output47/Z,40.47,82.6,False,0,0.1780904,0.050651092,0,0.1780904,EXTRACTED
n3113gat,output48/Z,43.89,82.6,False,3427,0.06660640000000001,0.1256579,0,0.06660640000000001,EXTRACTED
n3114gat,output49/Z,45.98,82.6,False,1198,0.1098304,0.049887890000000004,0,0.1098304,EXTRACTED
n3115gat,output50/Z,39.33,82.6,False,0,0.61506721,0.013283099999999999,0,0.61506721,EXTRACTED
n3116gat,output51/Z,51.87,82.6,False,6134,0.1477312,0.0,0,0.1477312,EXTRACTED
n3117gat,output52/Z,83.41,50.4,False,459,0.31631200000000004,0.16276215,0,0.31631200000000004,EXTRACTED
n3118gat,output53/Z,55.67,82.6,False,7989,0.214364,0.03344004,0,0.214364,EXTRACTED
n3119gat,output54/Z,83.41,37.8,False,6304,0.12343080000000001,0.04769482,0,0.12343080000000001,EXTRACTED
n3120gat,output55/Z,79.99,32.2,False,8624,0.36330599999999996,0.42692554,0,0.36330599999999996,EXTRACTED
n3121gat,output56/Z,77.71,35.0,False,5876,0.486012,0.2632565,0,0.486012,EXTRACTED
n3122gat,output57/Z,57.95,1.4,False,7790,0.122201,0.0504612,0,0.122201,EXTRACTED
n3123gat,output58/Z,65.17,79.8,False,5244,0.593896,0.0489141,0,0.593896,EXTRACTED
n3124gat,output59/Z,59.09,82.6,False,5721,0.1372168,0.009459440000000001,0,0.1372168,EXTRACTED
n3125gat,output60/Z,42.75,82.6,False,6096,0.1218012,0.08134068,0,0.1218012,EXTRACTED
n3126gat,output61/Z,29.26,75.6,True,4908,0.904846,0.8085697800000001,0,0.904846,EXTRACTED
n3127gat,output62/Z,36.48,82.6,True,4871,0.10775159999999999,0.062034900000000004,0,0.10775159999999999,EXTRACTED
n3128gat,output63/Z,43.13,79.8,True,4819,0.620508,0.35537208,0,0.620508,EXTRACTED
n3129gat,output64/Z,53.96,1.4,False,1421,0.1312326,0.02160896,0,0.1312326,EXTRACTED
n3130gat,output65/Z,82.65,32.2,False,1343,0.202252,0.017926730000000002,0,0.202252,EXTRACTED
n3131gat,output66/Z,83.79,35.0,False,1345,0.238002,0.04292494,0,0.238002,EXTRACTED
n3132gat,output67/Z,82.65,35.0,False,1346,0.21971,0.07988602,0,0.21971,EXTRACTED
n3133gat,output68/Z,83.22,35.0,False,1329,0.13641019999999998,0.07874296099999999,0,0.13641019999999998,EXTRACTED
n3134gat,output69/Z,79.42,32.2,False,1336,0.44669000000000003,0.020818093000000003,0,0.44669000000000003,EXTRACTED
n3135gat,output70/Z,82.84,29.4,False,1326,0.250402,0.09664912,0,0.250402,EXTRACTED
n3136gat,output71/Z,57.19,1.4,False,1391,0.1043344,0.0725386,0,0.1043344,EXTRACTED
n3137gat,output72/Z,55.48,2.8,False,1398,0.21706199999999998,0.054406421,0,0.21706199999999998,EXTRACTED
n3138gat,output73/Z,4.18,53.2,False,1,0.54380821,0.28434265000000003,0,0.54380821,EXTRACTED
n3139gat,output74/Z,1.33,54.6,False,7481,0.0981662,0.06719275,0,0.0981662,EXTRACTED
n3140gat,output75/Z,2.28,56.0,False,7481,0.1536466,0.07693565,0,0.1536466,EXTRACTED
n3141gat,output76/Z,5.7,43.4,False,5051,0.59913,0.03143856,0,0.59913,EXTRACTED
n3142gat,output77/Z,2.66,44.8,False,5051,0.261296,0.06850929,0,0.261296,EXTRACTED
n3143gat,output78/Z,3.8,57.4,False,6559,0.750696,0.37234435,0,0.750696,EXTRACTED
n3144gat,output79/Z,1.33,58.8,False,6047,0.67823,0.004881180000000001,0,0.67823,EXTRACTED
n3145gat,output80/Z,3.42,61.6,False,3732,0.28455400000000003,0.05366387,0,0.28455400000000003,EXTRACTED
n3146gat,output81/Z,14.82,82.6,False,159,0.14210620000000002,0.00174145,0,0.14210620000000002,EXTRACTED
n3147gat,output82/Z,16.53,78.4,False,3332,0.6705679999999999,0.07999345000000001,0,0.6705679999999999,EXTRACTED
n3148gat,output83/Z,25.46,82.6,True,4808,0.5650339999999999,0.0096943,0,0.5650339999999999,EXTRACTED
n3149gat,output84/Z,15.58,51.8,False,1765,1.008269,0.925800652,0,1.008269,EXTRACTED
n314gat,U_n314gat/Q,59.66,67.2,True,4665,1.4400448,1.2956599960000001,9.15431,10.594354800000001,EXTRACTED
n3150gat,output85/Z,1.9,54.6,False,4545,0.14765979999999998,0.07392403100000002,0,0.14765979999999998,EXTRACTED
n3151gat,output86/Z,25.84,2.8,False,2521,0.241938,0.06925970000000001,0,0.241938,EXTRACTED
n3152gat,output87/Z,27.36,2.8,False,0,0.309424,0.06925970000000001,0,0.309424,EXTRACTED
n318gat,U_n318gat/Q,62.13,63.0,True,4543,1.2463396500000001,1.1906689849999998,9.312524,10.55886365,EXTRACTED
n322gat,U_n322gat/Q,64.79,61.6,True,4489,1.83016193,1.3531854339999996,9.511982,11.342143929999999,EXTRACTED
n324gat,U_n324gat/ZN,34.01,15.4,False,38,0.425396,0.28623283,0.959052,1.384448,EXTRACTED
n325gat,U_n325gat/ZN,70.11,19.6,True,4271,0.4412312,0.614884357,5.029658,5.4708892,EXTRACTED
n327gat,U_n327gat/Q,73.34,22.4,True,4271,0.6889379,1.4115798899999998,5.997337,6.6862749,EXTRACTED
n329gat,U_n329gat/ZN,63.46,44.8,True,4231,0.0938174,0.026846782,1.763571,1.8573884,EXTRACTED
n331gat,U_n331gat/Q,63.08,22.4,True,4231,2.6554451,2.2095929809999997,9.364709,12.0201541,EXTRACTED
n333gat,U_n333gat/ZN,60.8,42.0,False,4603,0.8751355000000001,0.64388847,1.651345,2.5264805,EXTRACTED
n334gat,U_n334gat/ZN,61.94,46.2,False,585,2.1518144,2.6985481274900005,8.361983,10.513797400000001,EXTRACTED
n335gat,U_n335gat/ZN,36.1,60.2,True,4604,0.1543418,0.12904219049,3.232596,3.3869378,EXTRACTED
n337gat,U_n337gat/Q,42.94,60.2,True,4604,1.97002217,1.733112782,9.217436,11.18745817,EXTRACTED
n339gat,U_n339gat/ZN,46.55,49.0,True,4233,0.26393160000000004,0.5357169279999999,3.527142,3.7910736,EXTRACTED
n341gat,U_n341gat/Q,46.93,56.0,True,4233,2.2200337,2.6672429749999997,7.860637,10.080670699999999,EXTRACTED
n343gat,U_n343gat/ZN,53.96,23.8,False,5599,1.1940202500000001,1.11118907449,4.932826,6.126846250000001,EXTRACTED
n344gat,U_n344gat/ZN,48.07,26.6,False,2417,0.451196,0.42405673948999995,0.941245,1.392441,EXTRACTED
n345gat,U_n345gat/ZN,48.07,22.4,False,1841,0.31601399999999996,0.45289268,0.938321,1.254335,EXTRACTED
n346gat,U_n346gat/ZN,52.44,23.8,False,1724,0.1636014,0.29370767400000003,0.923766,1.0873674,EXTRACTED
n347gat,U_n347gat/ZN,54.15,22.4,False,1915,0.06681079999999999,0.042801944,0.914189,0.9809998,EXTRACTED
n34gat,U_n34gat/ZN,66.5,63.0,False,5331,0.7080515999999999,0.89416763,3.232596,3.9406476,EXTRACTED
n354gat,U_n354gat/ZN,69.92,11.2,False,0,0.856852,0.33649819,1.616298,2.47315,EXTRACTED
n355gat,U_n355gat/ZN,66.69,19.6,False,0,0.1220214,0.141902862,1.70023,1.8222513999999999,EXTRACTED
n356gat,U_n356gat/ZN,63.65,15.4,False,0,1.4344318,1.270086337,5.00292,6.4373518,EXTRACTED
n357gat,U_n357gat/ZN,64.79,7.0,False,0,0.342212,0.23192633099999999,1.70023,2.042442,EXTRACTED
n358gat,U_n358gat/ZN,65.17,12.6,False,0,0.349844,0.38609192999999997,1.651345,2.001189,EXTRACTED
n359gat,U_n359gat/ZN,67.07,18.2,False,0,0.1126824,0.039498465999999996,1.651345,1.7640274,EXTRACTED
n35gat,U_n35gat/ZN,54.72,64.4,False,5257,0.5023335,0.36575151100000003,3.527142,4.0294755,EXTRACTED
n360gat,U_n360gat/ZN,65.36,8.4,False,0,0.280186,0.3481294300000001,1.70023,1.980416,EXTRACTED
n361gat,U_n361gat/ZN,65.93,7.0,False,0,0.1750864,0.28360513,1.70023,1.8753164,EXTRACTED
n362gat,U_n362gat/ZN,64.98,4.2,False,0,0.0579496,0.019972499999999997,0.941939,0.9998886,EXTRACTED
n364gat,U_n364gat/ZN,54.34,64.4,True,4654,0.5582360000000001,0.501449249,3.351575,3.909811,EXTRACTED
n366gat,U_n366gat/Q,64.6,65.8,True,4654,1.04172217,1.6399506909999992,4.270369,5.3120911699999995,EXTRACTED
n372gat,U_n372gat/ZN,66.12,37.8,False,288,1.7312656,1.2382271990000002,8.509229000000001,10.240494600000002,EXTRACTED
n375gat,U_n375gat/ZN,45.98,19.6,False,2781,0.4273975,0.5825694989999999,8.446103,8.8735005,EXTRACTED
n377gat,U_n377gat/ZN,45.41,21.0,False,2698,0.99781601,0.94616221,0.941939,1.9397550099999998,EXTRACTED
n378gat,U_n378gat/ZN,43.89,18.2,False,4555,1.052536,0.6152057129999999,0.946814,1.99935,EXTRACTED
n37gat,U_n37gat/ZN,38.19,25.2,False,3786,1.0401,0.41305706999999997,0.921561,1.9616609999999999,EXTRACTED
n380gat,U_n380gat/ZN,38.0,15.4,False,4920,0.307534,0.496948485,1.651345,1.958879,EXTRACTED
n381gat,U_n381gat/ZN,47.12,19.6,False,4849,0.28315799999999997,0.40713292799999995,1.714471,1.997629,EXTRACTED
n382gat,U_n382gat/ZN,64.22,26.6,True,4235,0.7310201000000001,0.7958592,1.763571,2.4945911,EXTRACTED
n384gat,U_n384gat/Q,71.06,19.6,True,4235,0.8248993000000001,0.8364260789999999,5.98484,6.8097393,EXTRACTED
n386gat,U_n386gat/ZN,58.14,33.6,True,4200,1.1554323199999998,1.066795894,5.080287,6.23571932,EXTRACTED
n388gat,U_n388gat/Q,63.46,28.0,True,4200,1.8494777,2.3400879820000005,7.598053,9.4475307,EXTRACTED
n38gat,U_n38gat/ZN,37.05,21.0,False,4853,0.6208434,0.28933086100000005,0.940092,1.5609354,EXTRACTED
n390gat,U_n390gat/ZN,39.9,11.2,False,4873,0.1911678,0.166042256,0.941939,1.1331068,EXTRACTED
n391gat,U_n391gat/ZN,39.71,14.0,False,134,0.0935302,0.07106991400000001,0.946814,1.0403442,EXTRACTED
n392gat,U_n392gat/ZN,40.47,47.6,True,4796,0.8956309,0.6579137799999998,6.661538,7.557168900000001,EXTRACTED
n394gat,U_n394gat/Q,42.56,37.8,True,4796,2.0574407000000003,1.019984902,9.217436,11.2748767,EXTRACTED
n396gat,U_n396gat/ZN,53.2,22.4,True,4165,1.8345041500000001,2.352774811,9.918833,11.75333715,EXTRACTED
n398gat,U_n398gat/Q,58.52,25.2,True,4165,1.20278004,1.4607644579999994,7.502965,8.70574504,EXTRACTED
n39gat,U_n39gat/ZN,70.49,19.6,False,4620,0.208892,0.13539535600000002,0.921561,1.130453,EXTRACTED
n400gat,U_n400gat/ZN,53.77,22.4,True,4111,0.2601312,0.6878202290000001,3.327684,3.5878152,EXTRACTED
n402gat,U_n402gat/Q,57.76,21.0,True,4111,2.4769991499999997,3.478337499000001,9.249398,11.726397149999999,EXTRACTED
n404gat,U_n404gat/ZN,57.57,5.6,False,8231,0.5656365000000001,0.5979374869999999,3.232596,3.7982325,EXTRACTED
n405gat,U_n405gat/ZN,47.31,12.6,False,5461,0.4304619,0.6692255330000002,3.327684,3.7581459,EXTRACTED
n406gat,U_n406gat/ZN,67.64,16.8,False,0,0.6750369999999999,0.7272297069999999,3.320421,3.995458,EXTRACTED
n407gat,U_n407gat/ZN,68.02,18.2,False,0,0.5472801,0.30768509499999996,3.30269,3.8499701,EXTRACTED
n408gat,U_n408gat/ZN,62.13,21.0,False,0,0.29261400000000004,0.685549272,1.714471,2.007085,EXTRACTED
n409gat,U_n409gat/ZN,68.4,18.2,False,0,0.126793,0.123053395,1.714471,1.841264,EXTRACTED
n40gat,U_n40gat/ZN,69.92,21.0,False,3453,0.1015766,0.15638458000000002,0.940092,1.0416686,EXTRACTED
n410gat,U_n410gat/ZN,64.41,23.8,False,0,0.333836,0.26274496999999997,1.663842,1.997678,EXTRACTED
n411gat,U_n411gat/ZN,64.41,15.4,False,0,1.0437242,0.529608793,5.1291720000000005,6.1728962,EXTRACTED
n412gat,U_n412gat/ZN,70.11,9.8,False,0,1.47425,0.44426296099999996,1.635974,3.110224,EXTRACTED
n413gat,U_n413gat/ZN,68.97,16.8,False,0,0.7633743,0.5734145479999999,1.67413,2.4375042999999996,EXTRACTED
n414gat,U_n414gat/ZN,62.7,18.2,False,0,1.4261044,1.0306541159999998,8.607241,10.0333454,EXTRACTED
n415gat,U_n415gat/ZN,65.36,16.8,False,0,0.52685485,0.6223987870000001,5.066046,5.59290085,EXTRACTED
n416gat,U_n416gat/ZN,63.27,18.2,False,0,0.0906344,0.185570444,1.663842,1.7544764000000002,EXTRACTED
n417gat,U_n417gat/ZN,65.93,16.8,False,0,0.719434,0.5411548500000001,1.736804,2.456238,EXTRACTED
n418gat,U_n418gat/ZN,64.79,8.4,False,0,0.6183565,0.6419781100000003,3.414701,4.0330575,EXTRACTED
n419gat,U_n419gat/ZN,67.45,19.6,False,0,3.1256558999999995,2.4927783780000006,15.303987000000001,18.4296429,EXTRACTED
n41gat,U_n41gat/ZN,46.36,54.6,False,8022,0.696896,0.7823903419999999,3.527142,4.224038,EXTRACTED
n420gat,U_n420gat/ZN,68.02,19.6,False,0,3.93851417,4.138002197999998,15.177735,19.11624917,EXTRACTED
n421gat,U_n421gat/ZN,62.13,12.6,False,0,0.0442864,0.03387467,1.70023,1.7445164,EXTRACTED
n422gat,U_n422gat/ZN,67.07,5.6,False,0,0.8179563999999999,0.4355432699999999,3.232596,4.0505524,EXTRACTED
n423gat,U_n423gat/ZN,64.22,4.2,False,0,0.0924926,0.0535949,0.946814,1.0393066,EXTRACTED
n42gat,U_n42gat/ZN,41.04,61.6,False,8355,0.1721252,0.15988090000000002,3.232596,3.4047212,EXTRACTED
n439gat,U_n439gat/ZN,64.6,39.2,False,0,0.180096,0.153316789,0.941939,1.122035,EXTRACTED
n43gat,U_n43gat/ZN,41.99,61.6,False,9094,0.8955949999999999,0.7455423299999999,2.819909,3.715504,EXTRACTED
n440gat,U_n440gat/ZN,80.94,32.2,False,0,0.521614,0.35078255099999994,0.941939,1.463553,EXTRACTED
n441gat,U_n441gat/ZN,80.37,61.6,False,0,0.0726904,0.00665888,0.941939,1.0146294,EXTRACTED
n442gat,U_n442gat/ZN,72.77,46.2,False,0,0.2856,0.535882441,0.941939,1.227539,EXTRACTED
n443gat,U_n443gat/ZN,70.87,46.2,False,0,0.6420699999999999,0.666483792,0.946814,1.588884,EXTRACTED
n444gat,U_n444gat/ZN,76.38,36.4,False,0,0.5057217,0.45606393,0.946814,1.4525357,EXTRACTED
n445gat,U_n445gat/ZN,68.78,32.2,False,129,0.6947875,0.13714762000000003,0.941939,1.6367265,EXTRACTED
n446gat,U_n446gat/ZN,75.62,36.4,False,129,0.5930179999999999,0.292042221,0.921561,1.514579,EXTRACTED
n447gat,U_n447gat/ZN,70.68,40.6,False,31,0.07685220000000001,0.08742777,0.946814,1.0236662,EXTRACTED
n448gat,U_n448gat/ZN,68.4,57.4,False,31,0.296074,0.18988246397000003,0.921561,1.217635,EXTRACTED
n449gat,U_n449gat/ZN,70.68,61.6,False,6,0.1403676,0.063418322,0.921561,1.0619286,EXTRACTED
n44gat,U_n44gat/ZN,41.61,60.2,False,3932,0.1542042,0.21807375,0.941245,1.0954492,EXTRACTED
n450gat,U_n450gat/ZN,70.68,65.8,False,5,0.35516600000000004,0.51454844,0.921561,1.276727,EXTRACTED
n451gat,U_n451gat/ZN,69.92,30.8,False,4752,0.244062,0.328251347,0.940092,1.184154,EXTRACTED
n452gat,U_n452gat/ZN,72.39,46.2,False,4635,0.1241742,0.41299589,1.651345,1.7755192,EXTRACTED
n453gat,U_n453gat/ZN,69.54,46.2,False,4775,0.475892,0.34772509,0.940092,1.415984,EXTRACTED
n455gat,U_n455gat/ZN,72.39,25.2,False,0,4.3564476700000005,5.907170314,15.114609000000002,19.471056670000003,EXTRACTED
n456gat,U_n456gat/ZN,75.81,30.8,False,5942,0.22328190999999997,0.175527904,3.232596,3.45587791,EXTRACTED
n457gat,U_n457gat/ZN,68.97,23.8,False,130,0.54027088,0.641731202,1.714471,2.25474188,EXTRACTED
n458gat,U_n458gat/ZN,70.68,32.2,False,4222,0.1722726,0.34235264000000004,1.651345,1.8236176,EXTRACTED
n459gat,U_n459gat/ZN,62.32,28.0,False,91,0.664074,0.33882260000000003,0.941939,1.606013,EXTRACTED
n45gat,U_n45gat/ZN,42.18,63.0,False,4139,0.0774938,0.02407918,0.938321,1.0158148,EXTRACTED
n460gat,U_n460gat/ZN,69.35,23.8,False,4191,0.1201676,0.133444068,0.946814,1.0669816,EXTRACTED
n461gat,U_n461gat/ZN,68.02,23.8,True,4198,0.5803562,0.5882507120000001,1.651345,2.2317012,EXTRACTED
n463gat,U_n463gat/Q,65.55,26.6,True,4198,0.62714059,0.7383371880000003,4.333495,4.96063559,EXTRACTED
n468gat,U_n468gat/ZN,38.95,14.0,True,4817,0.0428952,0.0,1.651345,1.6942402,EXTRACTED
n46gat,U_n46gat/ZN,38.95,58.8,False,3531,0.33092,0.23109981,0.923766,1.254686,EXTRACTED
n470gat,U_n470gat/Q,42.56,12.6,True,4817,0.7378484,0.33861207000000004,4.333495,5.0713434,EXTRACTED
n475gat,U_n475gat/ZN,48.83,47.6,False,8355,1.7925446000000003,1.1011424359999997,4.932826,6.725370600000001,EXTRACTED
n476gat,U_n476gat/ZN,41.8,46.2,False,5687,0.354016,0.6467905399999999,0.941245,1.295261,EXTRACTED
n477gat,U_n477gat/ZN,38.95,53.2,False,2261,1.25007903,0.14644019,0.938321,2.18840003,EXTRACTED
n478gat,U_n478gat/ZN,41.8,49.0,False,554,0.426816,0.42574392,0.923766,1.350582,EXTRACTED
n479gat,U_n479gat/ZN,43.32,47.6,False,635,0.263326,0.5953374199999999,0.914189,1.177515,EXTRACTED
n47gat,U_n47gat/ZN,40.28,61.6,False,3606,0.14839439999999998,0.045806344,0.914189,1.0625834,EXTRACTED
n489gat,U_n489gat/ZN,55.67,16.8,True,4232,0.8200341,0.802362345,3.232596,4.0526301,EXTRACTED
n491gat,U_n491gat/Q,65.17,21.0,True,4232,1.10636176,1.2207127299999996,7.502965,8.60932676,EXTRACTED
n493gat,U_n493gat/ZN,57.0,16.8,False,8231,0.9591717,0.907064926,4.932826,5.8919977,EXTRACTED
n494gat,U_n494gat/ZN,60.04,22.4,False,6543,0.46613,0.48957824,0.941245,1.407375,EXTRACTED
n495gat,U_n495gat/ZN,49.97,25.2,False,2395,0.836748,0.94161901,0.938321,1.775069,EXTRACTED
n496gat,U_n496gat/ZN,56.24,19.6,False,577,0.21940800000000002,0.123872721,0.923766,1.143174,EXTRACTED
n497gat,U_n497gat/ZN,55.1,19.6,False,932,0.231038,0.46129947000000004,0.914189,1.145227,EXTRACTED
n504gat,U_n504gat/ZN,55.29,12.6,False,8877,0.687568,0.287668906,2.819909,3.5074769999999997,EXTRACTED
n505gat,U_n505gat/ZN,53.77,12.6,False,2823,0.09133559999999999,0.102184983,0.941245,1.0325806,EXTRACTED
n506gat,U_n506gat/ZN,55.1,11.2,False,5548,0.0679118,0.031659150000000004,0.938321,1.0062328,EXTRACTED
n507gat,U_n507gat/ZN,54.72,14.0,False,1930,0.10595439999999999,0.032448512,0.923766,1.0297204,EXTRACTED
n508gat,U_n508gat/ZN,54.53,12.6,False,2588,0.0912452,0.09465150999999998,0.914189,1.0054342,EXTRACTED
n515gat,U_n515gat/ZN,53.39,12.6,False,5421,0.18425008,0.180512622,3.527142,3.71139208,EXTRACTED
n516gat,U_n516gat/ZN,64.98,11.2,False,0,0.95458,0.8700820560000001,3.414701,4.369281,EXTRACTED
n517gat,U_n517gat/ZN,69.35,14.0,False,0,0.489932,0.35323759800000004,1.763571,2.253503,EXTRACTED
n518gat,U_n518gat/ZN,69.73,14.0,False,0,0.06352959999999999,0.091827665,1.70023,1.7637596,EXTRACTED
n519gat,U_n519gat/ZN,70.11,12.6,False,0,0.110359,0.09424144,1.651345,1.7617040000000002,EXTRACTED
n520gat,U_n520gat/ZN,68.78,14.0,False,0,0.0499466,0.14837194,1.714471,1.7644176,EXTRACTED
n521gat,U_n521gat/ZN,63.46,16.8,False,0,0.7911771999999999,0.6994581139999999,3.351575,4.1427522,EXTRACTED
n522gat,U_n522gat/ZN,64.6,12.6,False,0,0.7697532,0.5698350409999999,5.066046,5.8357992,EXTRACTED
n523gat,U_n523gat/ZN,60.23,11.2,False,0,2.0755383899999997,1.9727431678000005,8.407783,10.48332139,EXTRACTED
n524gat,U_n524gat/ZN,63.27,32.2,False,0,0.8495805000000001,0.7019355978000001,3.232596,4.0821765,EXTRACTED
n525gat,U_n525gat/ZN,68.78,12.6,False,0,0.5869300000000001,0.29478137199999993,1.70023,2.28716,EXTRACTED
n526gat,U_n526gat/ZN,67.83,12.6,False,0,0.06379800000000001,0.060323032,1.763571,1.827369,EXTRACTED
n527gat,U_n527gat/ZN,69.35,19.6,False,0,0.31101799999999996,0.171733983,1.763571,2.074589,EXTRACTED
n528gat,U_n528gat/ZN,68.02,25.2,False,0,0.772482,0.50787559,1.616298,2.38878,EXTRACTED
n529gat,U_n529gat/ZN,62.32,4.2,False,0,0.0770618,0.032702930000000005,1.70023,1.7772918,EXTRACTED
n530gat,U_n530gat/ZN,69.54,12.6,False,0,0.0606824,0.08792606,1.616298,1.6769804,EXTRACTED
n531gat,U_n531gat/ZN,68.97,11.2,False,0,0.078023,0.023970544,1.663842,1.741865,EXTRACTED
n532gat,U_n532gat/ZN,64.98,18.2,False,0,0.42747,0.26304691499999994,1.70023,2.1277,EXTRACTED
n54gat,U_n54gat/ZN,60.8,37.8,False,7746,0.8677811,0.7054041959999999,3.527142,4.3949231,EXTRACTED
n553gat,U_n553gat/Q,63.27,57.4,True,4449,1.7958836000000002,2.1018518749999995,9.37565,11.1715336,EXTRACTED
n555gat,U_n555gat/ZN,68.78,67.2,False,10,0.377692,0.5588502499999999,0.940092,1.317784,EXTRACTED
n556gat,U_n556gat/ZN,72.39,67.2,False,22,0.253058,0.8392407420000001,0.921561,1.1746189999999999,EXTRACTED
n557gat,U_n557gat/ZN,70.87,67.2,False,3,0.596843,0.9880639700000001,0.940092,1.5369350000000002,EXTRACTED
n559gat,U_n559gat/ZN,62.51,65.8,True,4547,0.6920841,0.927597733,3.414701,4.1067851,EXTRACTED
n55gat,U_n55gat/ZN,63.46,21.0,False,9800,0.7836160999999999,0.7051969929999999,2.819909,3.6035250999999997,EXTRACTED
n561gat,U_n561gat/Q,60.23,64.4,True,4547,1.3117591,1.1859064209999999,4.333495,5.6452541,EXTRACTED
n564gat,U_n564gat/ZN,65.55,11.2,False,4323,0.1008558,0.299980588,1.70023,1.8010857999999998,EXTRACTED
n565gat,U_n565gat/ZN,82.27,30.8,False,6019,0.5605723,1.1254554740000002,3.327684,3.8882563,EXTRACTED
n566gat,U_n566gat/ZN,54.34,63.0,True,4654,0.7310791,0.49457316449000005,3.30269,4.0337691,EXTRACTED
n567gat,U_n567gat/ZN,77.14,28.0,False,6609,0.607278,0.5475324,2.819909,3.427187,EXTRACTED
n568gat,U_n568gat/ZN,75.62,28.0,False,2895,0.055901,0.12393678999999999,0.941245,0.997146,EXTRACTED
n569gat,U_n569gat/ZN,71.25,28.0,False,3642,0.231072,0.52810264,0.938321,1.169393,EXTRACTED
n56gat,U_n56gat/ZN,55.1,28.0,False,5592,0.925232,0.822678164,0.941245,1.8664770000000002,EXTRACTED
n570gat,U_n570gat/ZN,80.18,28.0,False,1951,0.12260759999999998,0.31331318,0.923766,1.0463736,EXTRACTED
n571gat,U_n571gat/ZN,76.38,28.0,False,2367,0.11442580000000001,0.02451474,0.914189,1.0286148,EXTRACTED
n578gat,U_n578gat/ZN,73.72,49.0,True,4361,0.1422743,0.28738471000000004,3.232596,3.3748703,EXTRACTED
n57gat,U_n57gat/ZN,55.1,29.4,False,2521,1.0268199999999998,0.92526796,0.938321,1.9651409999999998,EXTRACTED
n580gat,U_n580gat/Q,69.54,51.8,True,4361,2.1884483999999995,2.1289254360000003,9.217436,11.405884399999998,EXTRACTED
n582gat,U_n582gat/ZN,69.92,26.6,True,4182,0.4943538,0.40738263999999996,3.527142,4.0214958,EXTRACTED
n584gat,U_n584gat/Q,65.36,40.6,True,4182,3.4544619,3.8945027420000007,9.511982,12.9664439,EXTRACTED
n586gat,U_n586gat/ZN,69.92,28.0,False,6019,0.9362779000000001,0.54556281,5.027914,5.9641919,EXTRACTED
n587gat,U_n587gat/ZN,76.38,32.2,False,3399,0.560318,0.6656402029999999,0.941245,1.501563,EXTRACTED
n588gat,U_n588gat/ZN,69.16,29.4,False,1778,0.087085,0.026062195,0.938321,1.025406,EXTRACTED
n589gat,U_n589gat/ZN,60.61,32.2,False,1834,0.6733705,0.8682088940000001,0.923766,1.5971365,EXTRACTED
n58gat,U_n58gat/ZN,48.26,33.6,False,2200,1.5924106999999998,1.9471518499999998,0.923766,2.5161767,EXTRACTED
n590gat,U_n590gat/ZN,62.32,22.4,False,1776,0.739066,0.560319391,0.914189,1.6532550000000001,EXTRACTED
n59gat,U_n59gat/ZN,53.2,29.4,False,4395,1.2995656,0.7417003600000001,0.914189,2.2137546,EXTRACTED
n612gat,U_n612gat/ZN,46.93,12.6,True,4892,1.3794510199999999,1.3737241849999997,4.646821,6.02627202,EXTRACTED
n614gat,U_n614gat/Q,49.21,18.2,True,4892,2.47062013,2.943038112000001,9.511982,11.98260213,EXTRACTED
n616gat,U_n616gat/ZN,64.6,16.8,True,4243,1.206344,1.8190992939999997,3.327684,4.534028,EXTRACTED
n618gat,U_n618gat/Q,75.05,21.0,True,4243,1.8928113899999999,1.6191714430000006,7.598053,9.49086439,EXTRACTED
n620gat,U_n620gat/ZN,49.97,12.6,True,4987,0.48350240000000005,0.601497967,3.527142,4.0106444,EXTRACTED
n622gat,U_n622gat/Q,49.78,14.0,True,4987,1.3174036000000002,0.978865535,7.860637,9.1780406,EXTRACTED
n624gat,U_n624gat/ZN,45.79,11.2,True,4939,0.2466025,0.677309563,3.232596,3.4791985,EXTRACTED
n626gat,U_n626gat/Q,48.45,9.8,True,4939,1.53325073,1.0171973,7.566091,9.09934173,EXTRACTED
n629gat,U_n629gat/ZN,62.51,36.4,False,0,0.374512,0.54990468,1.70023,2.074742,EXTRACTED
n630gat,U_n630gat/ZN,61.75,36.4,False,0,0.3158101,0.234346981,3.40046,3.7162701,EXTRACTED
n631gat,U_n631gat/ZN,55.67,30.8,False,0,0.5920496500000001,0.871594817,0.941939,1.53398865,EXTRACTED
n632gat,U_n632gat/ZN,62.7,33.6,False,0,1.46655,1.2644721900000002,3.40046,4.86701,EXTRACTED
n633gat,U_n633gat/ZN,61.94,33.6,False,0,0.600137,0.7223709779999999,4.943982,5.544119,EXTRACTED
n634gat,U_n634gat/ZN,64.03,16.8,False,0,2.04237644,1.3059950960000004,6.791485,8.83386144,EXTRACTED
n635gat,U_n635gat/ZN,58.14,32.2,False,0,0.692075,0.7897878159999999,3.40046,4.092535,EXTRACTED
n636gat,U_n636gat/ZN,62.7,35.0,False,0,0.235344,0.30633856800000003,1.70023,1.935574,EXTRACTED
n637gat,U_n637gat/ZN,62.51,5.6,False,0,0.7302078999999999,1.0380126269999999,4.996167,5.7263749,EXTRACTED
n638gat,U_n638gat/ZN,60.8,5.6,False,0,0.3867998,0.44552316129999997,0.941939,1.3287388,EXTRACTED
n639gat,U_n639gat/ZN,61.18,30.8,False,0,0.7491657,0.928610869,3.3798690000000002,4.1290347,EXTRACTED
n640gat,U_n640gat/ZN,69.35,5.6,False,0,0.7347079,0.20485793000000002,3.527142,4.2618499,EXTRACTED
n645gat,U_n645gat/ZN,48.64,63.0,False,141,0.1871342,0.30715517,0.946814,1.1339482,EXTRACTED
n646gat,U_n646gat/ZN,52.06,67.2,False,49,0.295258,0.15608828600000002,0.946814,1.242072,EXTRACTED
n647gat,U_n647gat/ZN,77.71,61.6,False,0,0.14385440000000002,0.27797725,0.946814,1.0906684,EXTRACTED
n648gat,U_n648gat/ZN,72.2,47.6,False,0,0.360766,0.568254992,0.946814,1.30758,EXTRACTED
n649gat,U_n649gat/ZN,68.78,56.0,False,29,0.45079199999999997,0.22088277399999998,0.940092,1.390884,EXTRACTED
n650gat,U_n650gat/ZN,67.45,67.2,False,29,0.0860622,0.270992298,0.940092,1.0261542000000001,EXTRACTED
n651gat,U_n651gat/ZN,47.31,60.2,False,226,0.7173476999999999,0.292894526,0.941939,1.6592867,EXTRACTED
n652gat,U_n652gat/ZN,63.84,65.8,False,228,0.1783942,0.08661025,0.941939,1.1203332,EXTRACTED
n653gat,U_n653gat/ZN,67.64,57.4,False,76,1.2354778999999998,0.39829605,0.941939,2.1774169,EXTRACTED
n654gat,U_n654gat/ZN,71.25,63.0,False,0,0.571784,0.29951541,0.959052,1.5308359999999999,EXTRACTED
n655gat,U_n655gat/ZN,72.58,43.4,False,0,0.49233000000000005,0.188426502,0.941939,1.434269,EXTRACTED
n656gat,U_n656gat/ZN,76.76,57.4,False,25,0.609574,0.5304073949999999,0.940092,1.549666,EXTRACTED
n659gat,U_n659gat/Q,65.55,58.8,True,4408,1.232425,1.6537983569999999,9.448856,10.681280999999998,EXTRACTED
n665gat,U_n665gat/ZN,55.86,58.8,True,4635,0.046743799999999995,0.017584384,1.714471,1.7612148,EXTRACTED
n667gat,U_n667gat/Q,67.45,68.6,True,4635,1.305889,0.70934598,4.333495,5.639384,EXTRACTED
n66gat,U_n66gat/ZN,54.72,29.4,False,8529,0.2098079,0.24808667999999998,3.327684,3.5374919,EXTRACTED
n670gat,U_n670gat/ZN,59.66,35.0,False,0,0.5690639,0.606676714,3.365816,3.9348799000000003,EXTRACTED
n671gat,U_n671gat/ZN,58.9,35.0,True,4244,0.0941276,0.026673254999999996,1.651345,1.7454726,EXTRACTED
n673gat,U_n673gat/Q,68.97,22.4,True,4244,4.58887945,3.161815338,5.997337,10.58621645,EXTRACTED
n677gat,U_n677gat/ZN,72.01,33.6,False,5388,0.5796345,0.579407418,3.527142,4.1067765000000005,EXTRACTED
n678gat,U_n678gat/ZN,69.73,42.0,True,4329,0.7530623000000001,0.8040816919999999,3.527142,4.2802043,EXTRACTED
n67gat,U_n67gat/ZN,53.2,8.4,False,120,0.0639588,0.020120798000000002,1.714471,1.7784298,EXTRACTED
n680gat,U_n680gat/Q,65.74,49.0,True,4329,2.20864117,2.9683811209999993,9.511982,11.72062317,EXTRACTED
n682gat,U_n682gat/ZN,77.14,25.2,True,4288,0.294147,0.14677595,4.447363,4.74151,EXTRACTED
n684gat,U_n684gat/Q,76.95,36.4,True,4288,2.59932432,2.426658162,9.312524,11.91184832,EXTRACTED
n686gat,U_n686gat/ZN,70.49,21.0,False,5942,1.3346525,0.618241261,4.932826,6.2674785,EXTRACTED
n687gat,U_n687gat/ZN,68.02,32.2,False,3377,0.894472,0.77431906,0.941245,1.835717,EXTRACTED
n688gat,U_n688gat/ZN,74.86,25.2,False,1845,0.45079,0.580747569,0.938321,1.389111,EXTRACTED
n689gat,U_n689gat/ZN,76.57,26.6,False,1676,0.6532690000000001,0.41049422900000004,0.923766,1.577035,EXTRACTED
n68gat,U_n68gat/ZN,53.58,8.4,False,240,0.9974497899999999,0.6628750800000002,1.70023,2.6976797899999996,EXTRACTED
n690gat,U_n690gat/ZN,76.38,25.2,False,1678,0.5211038,0.43530698600000006,0.914189,1.4352928,EXTRACTED
n697gat,U_n697gat/ZN,67.26,25.2,True,4286,0.9724431,0.67004191,4.352275000000001,5.3247181,EXTRACTED
n699gat,U_n699gat/Q,74.67,29.4,True,4286,2.25081591,2.7079960170000006,9.217436,11.46825191,EXTRACTED
n69gat,U_n69gat/ZN,35.91,8.4,False,240,0.512242,0.026472580000000002,0.946814,1.459056,EXTRACTED
n701gat,U_n701gat/ZN,41.42,49.0,True,4744,0.8233645999999999,1.04214184,6.630374,7.453738599999999,EXTRACTED
n703gat,U_n703gat/Q,41.99,40.6,True,4744,1.7034267,1.3381228469999997,9.249398,10.952824699999999,EXTRACTED
n705gat,U_n705gat/ZN,45.79,16.8,True,4818,0.5308285,0.707857951,4.447363,4.9781915,EXTRACTED
n707gat,U_n707gat/Q,43.7,25.2,True,4818,2.20640288,1.9014307680000002,9.249398,11.45580088,EXTRACTED
n709gat,U_n709gat/ZN,47.88,14.0,False,5421,0.44538361,0.5062549020000001,5.227372,5.67275561,EXTRACTED
n70gat,U_n70gat/ZN,54.15,8.4,False,73,0.14785979999999999,0.14309359000000002,0.940092,1.0879518,EXTRACTED
n710gat,U_n710gat/ZN,44.65,18.2,False,2672,0.356954,0.34674529,0.941245,1.2981989999999999,EXTRACTED
n711gat,U_n711gat/ZN,47.69,12.6,False,2146,0.0901062,0.055607341,0.938321,1.0284271999999999,EXTRACTED
n712gat,U_n712gat/ZN,46.74,15.4,False,1915,0.1182214,0.074493038,0.923766,1.0419874,EXTRACTED
n713gat,U_n713gat/ZN,45.22,15.4,False,2164,0.250796,0.16864708499999997,0.914189,1.1649850000000002,EXTRACTED
n71gat,U_n71gat/ZN,55.67,4.2,False,120,0.34105615,0.3954735100000001,1.714471,2.05552715,EXTRACTED
n720gat,U_n720gat/ZN,44.84,49.0,True,4686,1.0703244,0.7418757449999996,6.598412,7.6687364,EXTRACTED
n722gat,U_n722gat/Q,41.23,50.4,True,4686,1.6992814,1.1823471110000003,10.868781,12.5680624,EXTRACTED
n724gat,U_n724gat/ZN,39.71,54.6,True,4716,0.44069080000000005,0.401419512,6.956084000000001,7.396774800000001,EXTRACTED
n726gat,U_n726gat/Q,41.23,51.8,True,4716,1.33882648,0.771210942,11.226453,12.56527948,EXTRACTED
n728gat,U_n728gat/ZN,50.35,12.6,False,5461,0.4689164,0.7568064629999999,5.027914,5.4968304,EXTRACTED
n729gat,U_n729gat/ZN,45.6,5.6,False,1652,0.5143975000000001,0.769815965,0.941245,1.4556425000000002,EXTRACTED
n72gat,U_n72gat/ZN,62.32,15.4,False,153,0.5136718,0.42084291999999995,1.714471,2.2281428,EXTRACTED
n730gat,U_n730gat/ZN,48.83,12.6,False,2034,0.080372,0.10460030000000002,0.938321,1.0186929999999998,EXTRACTED
n731gat,U_n731gat/ZN,51.49,12.6,False,2550,0.099387,0.06745290899999999,0.923766,1.023153,EXTRACTED
n732gat,U_n732gat/ZN,47.12,8.4,False,2593,0.398474,0.298030184,0.914189,1.3126630000000001,EXTRACTED
n73gat,U_n73gat/ZN,52.63,8.4,False,79,0.0498374,0.09670093,0.959052,1.0088894,EXTRACTED
n741gat,U_n741gat/ZN,57.76,39.2,False,0,2.7394998,2.2356727479999994,15.051483000000001,17.790982800000002,EXTRACTED
n743gat,U_n743gat/ZN,63.08,5.6,False,0,0.7297301,0.9999312549999999,3.527142,4.2568721,EXTRACTED
n745gat,U_n745gat/ZN,61.94,1.4,False,0,0.5899182000000001,0.30798530449,0.946814,1.5367322,EXTRACTED
n746gat,U_n746gat/ZN,62.89,4.2,False,0,0.0728646,0.051692245000000005,1.70023,1.7730945999999999,EXTRACTED
n747gat,U_n747gat/ZN,60.8,11.2,False,0,1.02135,1.3262216500000001,3.327684,4.349034,EXTRACTED
n748gat,U_n748gat/ZN,68.59,7.0,False,0,4.8882661,2.0559985249999992,2.819909,7.7081751,EXTRACTED
n749gat,U_n749gat/ZN,73.72,12.6,False,0,0.407536,0.8368395049999999,0.941245,1.348781,EXTRACTED
n750gat,U_n750gat/ZN,69.73,5.6,False,0,0.1741588,0.07605002999999999,0.938321,1.1124798,EXTRACTED
n751gat,U_n751gat/ZN,69.35,4.2,False,0,0.220218,0.15682842,0.923766,1.143984,EXTRACTED
n752gat,U_n752gat/ZN,74.29,9.8,False,0,0.411832,0.4189669,0.914189,1.326021,EXTRACTED
n763gat,U_n763gat/ZN,55.29,68.6,False,92,0.1147526,0.421821732,0.946814,1.0615666000000001,EXTRACTED
n764gat,U_n764gat/ZN,66.88,74.2,False,27,0.8086859000000001,0.21483989,0.940092,1.7487779,EXTRACTED
n765gat,U_n765gat/ZN,61.94,68.6,False,223,0.043297999999999996,0.01579835,0.946814,0.990112,EXTRACTED
n766gat,U_n766gat/ZN,49.4,53.2,False,44,0.0808126,0.10932385000000001,0.946814,1.0276266,EXTRACTED
n767gat,U_n767gat/ZN,70.11,49.0,False,129,0.600592,0.7421739680000002,0.946814,1.547406,EXTRACTED
n768gat,U_n768gat/ZN,68.02,51.8,False,0,0.22069599999999998,0.44199731,0.946814,1.16751,EXTRACTED
n769gat,U_n769gat/ZN,50.54,46.2,False,228,0.1085578,0.11402529600000001,0.946814,1.0553718,EXTRACTED
n76gat,U_n76gat/ZN,47.69,9.8,False,124,0.29226399999999997,0.372702344,1.714471,2.006735,EXTRACTED
n771gat,U_n771gat/ZN,68.21,56.0,False,76,0.41639200000000004,0.32152737,0.941939,1.358331,EXTRACTED
n772gat,U_n772gat/ZN,74.86,35.0,False,76,0.47394400000000003,0.23613251599999996,0.959052,1.4329960000000002,EXTRACTED
n773gat,U_n773gat/ZN,71.82,57.4,False,20,0.46898,0.39086940000000003,0.940092,1.409072,EXTRACTED
n774gat,U_n774gat/ZN,68.97,65.8,False,20,0.38281,0.54207725,0.959052,1.3418619999999999,EXTRACTED
n777gat,U_n777gat/Q,63.08,60.2,True,4494,0.7482151,0.984691371,9.280562,10.0287771,EXTRACTED
n779gat,U_n779gat/ZN,61.37,54.6,False,5257,1.0169484,0.934750744,5.227372,6.244320399999999,EXTRACTED
n77gat,U_n77gat/ZN,53.39,9.8,False,84,0.25925600000000004,0.48365832200000003,0.959052,1.218308,EXTRACTED
n780gat,U_n780gat/ZN,60.23,58.8,False,2676,0.32707800000000004,0.093011673,0.941245,1.268323,EXTRACTED
n781gat,U_n781gat/ZN,62.13,58.8,False,1865,0.27323400000000003,0.34278829299999997,0.938321,1.211555,EXTRACTED
n782gat,U_n782gat/ZN,69.92,56.0,False,1732,0.554314,0.66231664897,0.923766,1.4780799999999998,EXTRACTED
n783gat,U_n783gat/ZN,59.66,56.0,False,1854,0.1857946,0.271232142,0.914189,1.0999836,EXTRACTED
n78gat,U_n78gat/ZN,63.65,12.6,False,172,1.6835403000000002,2.170890816,3.351575,5.0351153,EXTRACTED
n790gat,U_n790gat/ZN,79.04,37.8,False,0,0.378934,0.40529441999999993,0.941939,1.320873,EXTRACTED
n791gat,U_n791gat/ZN,64.41,58.8,False,25,0.9122316,0.44173351299999997,0.959052,1.8712836,EXTRACTED
n792gat,U_n792gat/ZN,74.29,56.0,False,0,0.356632,0.46118417100000003,0.941939,1.298571,EXTRACTED
n793gat,U_n793gat/ZN,79.8,67.2,False,1,0.671511,0.86890494,0.959052,1.630563,EXTRACTED
n794gat,U_n794gat/ZN,68.78,60.2,False,25,0.74681,0.704660631,0.959052,1.705862,EXTRACTED
n795gat,U_n795gat/ZN,69.54,65.8,False,28,0.1839404,0.13091219999999998,0.959052,1.1429924,EXTRACTED
n796gat,U_n796gat/ZN,46.55,21.0,False,2744,0.0955612,0.0069188,0.941939,1.0375002,EXTRACTED
n797gat,U_n797gat/ZN,52.25,22.4,False,31,0.8771059999999999,0.43683324700000004,0.941939,1.819045,EXTRACTED
n79gat,U_n79gat/ZN,63.46,11.2,False,213,0.0529998,0.035190240000000005,1.651345,1.7043448,EXTRACTED
n800gat,U_n800gat/ZN,40.66,23.8,False,4819,0.6740973000000001,0.22336775999999997,1.651345,2.3254423,EXTRACTED
n801gat,U_n801gat/ZN,62.13,42.0,False,136,0.305096,0.47778173999999995,1.651345,1.956441,EXTRACTED
n802gat,U_n802gat/ZN,37.62,18.2,False,4894,0.29500000000000004,0.18717022900000002,1.714471,2.009471,EXTRACTED
n803gat,U_n803gat/ZN,79.42,44.8,False,5388,1.8386373,1.8711025099999996,5.227372,7.0660093,EXTRACTED
n804gat,U_n804gat/ZN,83.03,54.6,False,1776,1.2086499,0.102465263,0.941245,2.1498949,EXTRACTED
n805gat,U_n805gat/ZN,74.48,47.6,False,2380,0.29711,0.680284745,0.938321,1.235431,EXTRACTED
n806gat,U_n806gat/ZN,75.24,47.6,False,2328,0.279664,0.62721653,0.923766,1.20343,EXTRACTED
n807gat,U_n807gat/ZN,74.48,49.0,False,1586,0.5606465,0.310335905,0.914189,1.4748355000000002,EXTRACTED
n814gat,U_n814gat/ZN,71.63,54.6,True,4422,0.5894036,0.33431532799999997,3.327684,3.9170876000000003,EXTRACTED
n816gat,U_n816gat/Q,71.06,53.2,True,4422,1.83232239,1.5996742409999998,9.312524,11.14484639,EXTRACTED
n818gat,U_n818gat/ZN,72.01,28.0,True,4296,0.989146,1.33131012,4.447363,5.436509,EXTRACTED
n820gat,U_n820gat/Q,70.49,35.0,True,4296,2.8827709000000006,2.9320377089999994,7.661179,10.543949900000001,EXTRACTED
n822gat,U_n822gat/ZN,63.46,35.0,True,4408,1.6333331,1.0432409950000003,4.646821,6.2801541,EXTRACTED
n824gat,U_n824gat/Q,70.3,60.2,True,4408,4.577813699999999,3.3138380530000004,9.511982,14.0897957,EXTRACTED
n827gat,U_n827gat/ZN,20.71,4.2,False,128,4.91611176,1.65420806,1.119679,6.035790759999999,EXTRACTED
n828gat,U_n828gat/ZN,45.03,11.2,True,4985,0.5163938,0.4807984599999999,4.447363,4.9637568000000005,EXTRACTED
n82gat,U_n82gat/ZN,62.32,7.0,False,124,1.0775879,0.660422127,3.351575,4.4291629,EXTRACTED
n830gat,U_n830gat/Q,50.35,15.4,True,4985,2.1365394,1.7640969420000003,7.661179,9.7977184,EXTRACTED
n832gat,U_n832gat/ZN,53.58,21.0,True,4787,0.720689,1.4217438900000001,4.646821,5.36751,EXTRACTED
n834gat,U_n834gat/Q,40.85,21.0,True,4787,3.9950270999999997,2.6105199839999993,9.575108,13.5701351,EXTRACTED
n836gat,U_n836gat/ZN,46.36,15.4,True,4778,0.6539552000000001,0.31596523499999996,4.352275000000001,5.006230200000001,EXTRACTED
n838gat,U_n838gat/Q,38.19,18.2,True,4778,2.26515276,2.265632971,9.217436,11.482588759999999,EXTRACTED
n840gat,U_n840gat/ZN,41.23,57.4,True,4199,0.5888783,0.621363302,3.327684,3.9165623,EXTRACTED
n842gat,U_n842gat/Q,52.82,53.2,True,4199,2.5017796599999995,2.1771879715999995,7.661179,10.16295866,EXTRACTED
n844gat,U_n844gat/ZN,52.63,25.2,True,4902,0.7168100000000001,0.583018659,3.527142,4.243952,EXTRACTED
n846gat,U_n846gat/Q,46.36,5.6,True,4902,2.84850879,2.150365175,9.511982,12.36049079,EXTRACTED
n84gat,U_n84gat/ZN,60.99,8.4,False,2702,1.0487894,0.43857980999999996,1.70023,2.7490194,EXTRACTED
n851gat,U_n851gat/ZN,67.45,60.2,False,25,0.388376,0.31650468,1.70023,2.088606,EXTRACTED
n852gat,U_n852gat/ZN,72.96,61.6,False,30,0.0560588,0.0140196,1.70023,1.7562887999999999,EXTRACTED
n853gat,U_n853gat/ZN,72.96,57.4,False,25,0.48830599999999996,0.35109769,1.70023,2.188536,EXTRACTED
n854gat,U_n854gat/ZN,80.37,67.2,False,30,0.7009259999999999,0.47868997,1.70023,2.401156,EXTRACTED
n857gat,U_n857gat/ZN,83.03,44.8,False,6530,0.5573248,0.38526746,3.527142,4.0844667999999995,EXTRACTED
n858gat,U_n858gat/ZN,82.65,42.0,False,6569,0.3733221,0.5104062320000001,3.327684,3.7010061,EXTRACTED
n859gat,U_n859gat/ZN,79.23,50.4,True,4213,0.13699256999999998,0.18743643499999996,3.232596,3.36958857,EXTRACTED
n85gat,U_n85gat/ZN,60.04,5.6,False,120,0.49253005,0.8886411999999999,3.414701,3.90723105,EXTRACTED
n861gat,U_n861gat/Q,78.66,57.4,True,4213,2.4150465,2.891929318,9.15431,11.569356500000001,EXTRACTED
n863gat,U_n863gat/ZN,84.36,49.0,True,4333,0.72220072,0.5781880279999999,3.527142,4.24934272,EXTRACTED
n865gat,U_n865gat/Q,67.83,43.4,True,4333,2.5286715,2.796515744,9.511982,12.0406535,EXTRACTED
n867gat,U_n867gat/ZN,67.83,60.2,False,129,0.7425599999999999,0.65708288,0.946814,1.689374,EXTRACTED
n868gat,U_n868gat/ZN,80.56,58.8,False,0,0.23388599999999998,0.08582967400000001,0.941939,1.175825,EXTRACTED
n869gat,U_n869gat/ZN,69.35,54.6,False,89,0.0435592,0.01944573,0.959052,1.0026112,EXTRACTED
n86gat,U_n86gat/ZN,62.7,16.8,False,213,0.428096,0.233965613,1.70023,2.128326,EXTRACTED
n870gat,U_n870gat/ZN,71.63,47.6,False,43,0.07513679999999999,0.059156600000000004,0.921561,0.9966978,EXTRACTED
n871gat,U_n871gat/ZN,42.56,18.2,False,4498,0.507672,0.51328046,0.946814,1.4544860000000002,EXTRACTED
n872gat,U_n872gat/ZN,45.41,18.2,False,4481,0.20605800000000002,0.153131636,0.941939,1.147997,EXTRACTED
n874gat,U_n874gat/ZN,54.91,65.8,False,3646,0.40776,0.28343057999999993,0.946814,1.354574,EXTRACTED
n875gat,U_n875gat/ZN,50.16,65.8,True,4547,1.431275,2.060691098,3.428942,4.8602170000000005,EXTRACTED
n876gat,U_n876gat/ZN,54.34,51.8,False,2140,0.321354,0.074927505,1.651345,1.972699,EXTRACTED
n877gat,U_n877gat/ZN,51.3,50.4,False,1837,0.432902,0.563088557,0.914189,1.347091,EXTRACTED
n878gat,U_n878gat/ZN,72.77,32.2,False,4649,0.0533772,0.0648364,1.651345,1.7047222,EXTRACTED
n879gat,U_n879gat/ZN,59.66,37.8,False,4297,1.55536004,0.802751392,3.30269,4.85805004,EXTRACTED
n87gat,U_n87gat/ZN,60.61,9.8,False,88,0.93731813,0.24420508700000002,1.70023,2.63754813,EXTRACTED
n880gat,U_n880gat/ZN,57.95,58.8,False,503,1.0807,0.8074189410000001,0.914189,1.9948890000000001,EXTRACTED
n881gat,U_n881gat/ZN,71.25,26.6,True,4327,0.8818334,1.2633102059999999,4.352275000000001,5.2341084,EXTRACTED
n883gat,U_n883gat/Q,66.69,44.8,True,4327,3.1455025,2.8755808940000005,9.217436,12.362938499999998,EXTRACTED
n885gat,U_n885gat/ZN,61.56,56.0,False,339,0.36543,0.27012758,0.914189,1.279619,EXTRACTED
n886gat,U_n886gat/ZN,60.99,44.8,False,339,0.43287000000000003,0.8036488239999999,0.914189,1.347059,EXTRACTED
n887gat,U_n887gat/ZN,58.9,40.6,False,1068,0.08208220000000001,0.00021607200000000001,0.941939,1.0240212,EXTRACTED
n888gat,U_n888gat/ZN,61.75,23.8,False,4198,0.46787579999999995,0.29024084799999994,3.30269,3.7705658,EXTRACTED
n889gat,U_n889gat/ZN,61.37,40.6,False,319,0.976756,0.541508042,0.923766,1.900522,EXTRACTED
n88gat,U_n88gat/ZN,67.26,16.8,False,2702,0.6006304,0.638947464,1.714471,2.3151014,EXTRACTED
n890gat,U_n890gat/ZN,50.54,40.6,False,3040,0.324962,0.55770567,0.938321,1.263283,EXTRACTED
n891gat,U_n891gat/ZN,60.8,26.6,False,644,0.140591,0.18575351559999997,0.941939,1.08253,EXTRACTED
n892gat,U_n892gat/ZN,61.56,26.6,False,831,0.070757,0.06289041,0.946814,1.017571,EXTRACTED
n893gat,U_n893gat/ZN,52.63,39.2,False,647,0.039394000000000005,0.06263312,0.941939,0.981333,EXTRACTED
n894gat,U_n894gat/ZN,56.81,51.8,False,4092,0.90698557,0.802188705,3.428942,4.33592757,EXTRACTED
n895gat,U_n895gat/ZN,61.56,30.8,False,650,0.366236,0.30037745,0.941939,1.3081749999999999,EXTRACTED
n896gat,U_n896gat/ZN,65.74,35.0,False,622,0.5632394000000001,0.47173069200000006,0.941939,1.5051784000000001,EXTRACTED
n897gat,U_n897gat/ZN,64.22,39.2,False,3804,0.36863830000000003,0.516669414,3.428942,3.7975803000000004,EXTRACTED
n898gat,U_n898gat/ZN,65.55,36.4,False,4231,0.825188,1.200161592,3.30269,4.127878,EXTRACTED
n899gat,U_n899gat/ZN,57.38,33.6,False,887,0.9864841,1.1171848070000001,0.946814,1.9332981,EXTRACTED
n89gat,U_n89gat/ZN,59.85,12.6,False,2665,0.1992194,0.045335139999999996,1.651345,1.8505644,EXTRACTED
n900gat,U_n900gat/ZN,69.92,29.4,False,836,0.119937,0.37994474,0.946814,1.066751,EXTRACTED
n901gat,U_n901gat/ZN,52.25,35.0,False,871,0.261758,0.37746812,0.946814,1.208572,EXTRACTED
n902gat,U_n902gat/ZN,55.67,26.6,False,889,0.209416,0.138950692,0.941939,1.151355,EXTRACTED
n903gat,U_n903gat/ZN,60.8,22.4,False,314,0.42612817999999997,0.8730798930000001,0.941939,1.36806718,EXTRACTED
n904gat,U_n904gat/ZN,59.09,22.4,False,343,0.31512399999999996,0.6258586519999999,0.946814,1.261938,EXTRACTED
n905gat,U_n905gat/ZN,49.59,21.0,False,383,0.0847428,0.0310681,0.941939,1.0266818,EXTRACTED
n906gat,U_n906gat/ZN,44.27,33.6,False,8529,1.1309676,0.8953135639999998,5.027914,6.1588816,EXTRACTED
n907gat,U_n907gat/ZN,54.91,26.6,False,6684,0.8404643,1.4040909700000002,0.941245,1.7817093000000002,EXTRACTED
n908gat,U_n908gat/ZN,43.32,22.4,False,598,0.585396,0.64794623,0.938321,1.523717,EXTRACTED
n909gat,U_n909gat/ZN,57.19,28.0,False,2978,1.0830403,0.60098596,0.923766,2.0068063,EXTRACTED
n910gat,U_n910gat/ZN,49.4,28.0,False,559,0.6018001,0.6616702409999999,0.914189,1.5159891,EXTRACTED
n917gat,U_n917gat/ZN,48.26,28.0,True,4890,1.0530818,1.180312843,3.232596,4.2856778,EXTRACTED
n919gat,U_n919gat/Q,48.64,16.8,True,4890,2.8227041,1.6450657510000004,9.217436,12.040140099999999,EXTRACTED
n926gat,U_n926gat/ZN,62.7,51.8,False,0,2.012726,2.0401032889999997,15.177735,17.190461,EXTRACTED
n928gat,U_n928gat/ZN,78.09,37.8,False,5154,0.61167463,0.4165732969999999,3.232596,3.84427063,EXTRACTED
n929gat,U_n929gat/ZN,36.86,72.8,True,4653,1.1741625500000001,1.1930021499999999,4.473956,5.64811855,EXTRACTED
n931gat,U_n931gat/Q,46.74,67.2,True,4653,4.54531324,4.967735974000002,7.860637,12.40595024,EXTRACTED
n933gat,U_n933gat/ZN,82.46,43.4,False,6939,0.7118740000000001,0.375065655,2.819909,3.531783,EXTRACTED
n934gat,U_n934gat/ZN,83.98,37.8,False,4061,0.445854,0.28217376800000005,0.941245,1.387099,EXTRACTED
n935gat,U_n935gat/ZN,80.94,43.4,False,2337,0.08129180000000001,0.093866282,0.938321,1.0196128,EXTRACTED
n936gat,U_n936gat/ZN,81.7,43.4,False,1785,0.1434416,0.19976159999999998,0.923766,1.0672076,EXTRACTED
n937gat,U_n937gat/ZN,77.71,42.0,False,3992,0.402924,0.322160586,0.914189,1.317113,EXTRACTED
n93gat,U_n93gat/ZN,52.82,9.8,False,272,0.8512200999999999,1.0256429800000002,0.974659,1.8258790999999999,EXTRACTED
n944gat,U_n944gat/ZN,75.43,44.8,False,6530,0.65249632,0.6189117339999999,5.227372,5.87986832,EXTRACTED
n945gat,U_n945gat/ZN,81.13,51.8,False,3838,0.655892,1.31348939,0.941245,1.597137,EXTRACTED
n946gat,U_n946gat/ZN,80.37,51.8,False,2488,0.7935242,0.8994023310000001,0.938321,1.7318452,EXTRACTED
n947gat,U_n947gat/ZN,79.61,50.4,False,1358,0.6292551,0.548071088,0.923766,1.5530211,EXTRACTED
n948gat,U_n948gat/ZN,80.37,50.4,False,1386,0.545107,0.594436578,0.914189,1.4592960000000001,EXTRACTED
n955gat,U_n955gat/ZN,79.99,51.8,True,4223,0.1681801,0.10914183999999999,3.327684,3.4958641,EXTRACTED
n957gat,U_n957gat/Q,77.14,49.0,True,4223,1.8894258,1.2782715480000002,9.312524,11.2019498,EXTRACTED
n959gat,U_n959gat/ZN,80.18,56.0,False,0,0.0657058,0.15261668,0.941939,1.0076448,EXTRACTED
n960gat,U_n960gat/ZN,64.98,58.8,False,1,0.440192,0.236860519,0.940092,1.380284,EXTRACTED
n961gat,U_n961gat/ZN,82.46,44.8,False,43,0.09756619999999999,0.032611958,0.941939,1.0395052,EXTRACTED
n962gat,U_n962gat/ZN,79.61,56.0,False,0,0.1193786,0.112706946,0.946814,1.0661926,EXTRACTED
n963gat,U_n963gat/ZN,77.33,57.4,False,0,0.0379896,0.024887529999999998,0.946814,0.9848036,EXTRACTED
n964gat,U_n964gat/ZN,73.91,51.8,False,31,0.6835582,0.70422326,0.946814,1.6303722,EXTRACTED
n965gat,U_n965gat/ZN,72.39,57.4,False,5,0.386078,0.33903135,0.959052,1.34513,EXTRACTED
n966gat,U_n966gat/ZN,82.65,46.2,False,0,0.6139902,0.5895455079999999,0.946814,1.5608042000000002,EXTRACTED
n967gat,U_n967gat/ZN,82.84,65.8,False,0,0.6969259999999999,0.18138345000000003,0.946814,1.64374,EXTRACTED
n968gat,U_n968gat/ZN,73.34,46.2,False,129,0.741903,0.665525791,0.921561,1.6634639999999998,EXTRACTED
n969gat,U_n969gat/ZN,71.82,37.8,False,83,0.040763799999999996,0.10305439999999999,0.921561,0.9623248,EXTRACTED
n970gat,U_n970gat/ZN,72.96,33.6,False,4769,0.5771305900000001,0.58561156,0.940092,1.5172225900000003,EXTRACTED
n971gat,U_n971gat/ZN,74.48,39.2,False,76,0.27130600000000005,0.6990754900000001,0.959052,1.230358,EXTRACTED
n972gat,U_n972gat/ZN,67.07,32.2,False,4395,0.520932,0.4781199834900001,0.940092,1.461024,EXTRACTED
n973gat,U_n973gat/ZN,70.3,46.2,False,4749,0.14914539999999998,0.13292671000000003,0.940092,1.0892374,EXTRACTED
n974gat,U_n974gat/ZN,70.11,42.0,False,31,0.329952,0.25942707000000004,0.959052,1.289004,EXTRACTED
n975gat,U_n975gat/ZN,71.82,39.2,False,31,0.1214078,0.15803749000000003,0.959052,1.0804598,EXTRACTED
n977gat,U_n977gat/ZN,59.28,36.4,False,136,0.0445288,0.02151095,0.946814,0.9913428000000001,EXTRACTED
n978gat,U_n978gat/ZN,60.04,47.6,False,4054,0.9626512999999999,1.33955443,3.428942,4.3915933,EXTRACTED
n979gat,U_n979gat/ZN,63.08,61.6,False,591,0.476634,0.32437098999999997,0.914189,1.3908230000000001,EXTRACTED
n980gat,U_n980gat/ZN,59.85,61.6,False,497,0.711538,0.69332479,0.914189,1.625727,EXTRACTED
n981gat,U_n981gat/ZN,59.28,63.0,False,500,1.4306259999999997,2.1084382699999997,0.941245,2.3718709999999996,EXTRACTED
n982gat,U_n982gat/ZN,52.63,65.8,False,73,1.19043,1.8064129549999999,0.923766,2.114196,EXTRACTED
n984gat,U_n984gat/ZN,66.5,67.2,False,499,2.2652891000000004,1.2598111229999998,0.914189,3.1794781000000003,EXTRACTED
n986gat,U_n986gat/ZN,59.09,56.0,False,493,0.25590999999999997,0.12790132349000002,0.923766,1.179676,EXTRACTED
n987gat,U_n987gat/ZN,50.73,50.4,False,2643,0.9646140000000001,1.14946421,0.914189,1.878803,EXTRACTED
n988gat,U_n988gat/ZN,50.92,44.8,False,2712,1.2194230000000001,1.5938066699999998,0.923766,2.143189,EXTRACTED
n989gat,U_n989gat/ZN,49.02,50.4,False,3000,0.708358,1.012422581,0.923766,1.6321240000000001,EXTRACTED
n990gat,U_n990gat/ZN,58.33,53.2,False,2671,0.6729899000000001,0.43138065999999997,0.923766,1.5967559000000002,EXTRACTED
n991gat,U_n991gat/ZN,64.98,53.2,False,339,1.0645786999999998,1.0547188594899999,0.914189,1.9787676999999997,EXTRACTED
n992gat,U_n992gat/ZN,64.41,56.0,False,344,0.218026,0.13515508,0.923766,1.141792,EXTRACTED
n993gat,U_n993gat/ZN,60.23,37.8,False,337,0.6346403,0.38732122999999996,0.914189,1.5488293,EXTRACTED
n994gat,U_n994gat/ZN,55.67,43.4,False,339,0.12509220000000001,0.129853205,0.938321,1.0634132,EXTRACTED
n995gat,U_n995gat/ZN,60.04,53.2,False,344,0.252216,0.17716151000000002,0.923766,1.1759819999999999,EXTRACTED
n996gat,U_n996gat/ZN,59.66,49.0,False,1049,0.330646,0.228811454,0.941939,1.2725849999999999,EXTRACTED
n997gat,U_n997gat/ZN,52.82,44.8,False,3079,0.505892,0.256633582,0.923766,1.4296579999999999,EXTRACTED
n998gat,U_n998gat/ZN,49.02,54.6,False,3024,0.626094,0.21631691000000003,0.938321,1.564415,EXTRACTED
n999gat,U_n999gat/ZN,56.43,22.4,False,898,0.0676334,0.009587150000000001,0.941939,1.0095724,EXTRACTED
net1,input1/Z,31.54,81.2,False,0,2.198464,1.0747349044899999,2.48006,4.6785239999999995,EXTRACTED
net10,input10/Z,83.98,50.4,False,0,0.1030158,0.03313542,1.70023,1.8032458,EXTRACTED
net100,hold101/Z,43.32,82.6,False,0,0.106059,0.09837227200000001,0.77983,0.885889,EXTRACTED
net101,hold102/Z,30.97,82.6,False,0,0.0848058,0.0,0.974659,1.0594648,EXTRACTED
net102,hold103/Z,38.38,75.6,False,0,1.3123203,1.1961059739999997,2.239358,3.5516783000000003,EXTRACTED
net103,hold104/Z,41.04,82.6,False,0,0.0789594,0.00275346,0.974659,1.0536184,EXTRACTED
net104,hold105/Z,45.03,72.8,False,0,0.9307383,0.5205554020000001,2.239358,3.1700963,EXTRACTED
net105,hold106/Z,39.9,82.6,False,0,0.0784894,0.002864748,0.77983,0.8583194000000001,EXTRACTED
net106,hold107/Z,83.03,42.0,False,0,0.14196019999999998,0.010424485,0.974659,1.1166192000000001,EXTRACTED
net107,hold108/Z,69.92,47.6,False,0,2.0737099999999997,1.8176142929999999,2.239358,4.3130679999999995,EXTRACTED
net108,hold109/Z,83.6,42.0,False,0,0.08792280000000001,0.062770885,0.77983,0.8677528,EXTRACTED
net109,hold110/Z,27.36,79.8,False,0,0.53965387,0.5272061349999999,0.974659,1.51431287,EXTRACTED
net11,input11/Z,82.84,51.8,False,0,0.19566,0.132331239,0.77983,0.97549,EXTRACTED
net110,hold111/Z,27.17,75.6,False,0,0.22736800000000001,0.27624414900000005,1.714471,1.941839,EXTRACTED
net111,hold112/Z,30.21,77.0,False,3790,0.20789600000000003,0.57527324,2.239358,2.447254,EXTRACTED
net112,hold113/Z,47.69,82.6,False,0,0.0976074,0.0,0.974659,1.0722664,EXTRACTED
net113,hold114/Z,49.59,71.4,False,0,2.7416121,2.9026832006000003,2.239358,4.9809701,EXTRACTED
net114,hold115/Z,31.54,82.6,False,0,0.084218,0.0,0.77983,0.864048,EXTRACTED
net115,hold116/Z,48.26,82.6,False,0,0.069721,0.043231900000000004,0.77983,0.8495510000000001,EXTRACTED
net116,hold117/Z,81.51,23.8,True,5428,0.43880399999999997,0.513355846,0.974659,1.4134630000000001,EXTRACTED
net117,hold118/Z,42.94,28.0,True,5428,2.8828593,0.74244683,0.918794,3.8016533,EXTRACTED
net118,hold119/Z,47.69,1.4,False,0,0.1683576,0.0106053,0.974659,1.1430166000000002,EXTRACTED
net119,hold120/Z,51.87,5.6,False,0,3.1667171,3.408406104000001,3.3590370000000003,6.5257541,EXTRACTED
net12,input12/Z,76.76,56.0,False,0,0.467492,0.35869391,1.70023,2.167722,EXTRACTED
net120,hold121/Z,49.59,4.2,False,0,0.238934,0.14928284,0.974659,1.2135930000000001,EXTRACTED
net121,hold122/Z,50.92,8.4,False,0,3.84933076,2.1605983720000004,3.3590370000000003,7.20836776,EXTRACTED
net122,hold123/Z,83.41,29.4,False,0,0.1089952,0.2599515,0.974659,1.0836542,EXTRACTED
net123,hold124/Z,80.37,25.2,False,0,3.648357,2.4563234580000004,3.3590370000000003,7.007394,EXTRACTED
net124,hold125/Z,83.22,30.8,False,0,0.0828664,0.020726426000000003,0.77983,0.8626964,EXTRACTED
net125,hold126/Z,44.46,4.2,False,0,0.287198,0.0,0.974659,1.261857,EXTRACTED
net126,hold127/Z,56.62,14.0,False,0,3.2091567999999997,3.0757103609999996,3.3590370000000003,6.5681937999999995,EXTRACTED
net127,hold128/Z,83.79,54.6,False,0,0.288576,0.33535238399999995,0.974659,1.263235,EXTRACTED
net128,hold129/Z,79.99,53.2,False,0,0.08021719999999999,0.1591661,1.70023,1.7804471999999998,EXTRACTED
net129,hold130/Z,83.6,53.2,False,0,0.11954820000000001,0.11951206,0.974659,1.0942072,EXTRACTED
net13,input13/Z,80.75,53.2,False,0,0.0595234,0.13845597,0.77983,0.8393534,EXTRACTED
net130,hold131/Z,84.17,53.2,False,0,0.1962202,0.2566288,1.70023,1.8964501999999999,EXTRACTED
net131,hold132/Z,81.32,53.2,False,0,0.33849599999999996,0.5791345,0.974659,1.313155,EXTRACTED
net132,hold133/Z,83.79,30.8,False,0,0.16514979999999999,0.07918091,0.974659,1.1398088,EXTRACTED
net133,hold134/Z,82.08,53.2,False,0,0.01511486,0.0029521200000000004,0.974659,0.98977386,EXTRACTED
net134,hold135/Z,2.47,68.6,False,0,0.29220999999999997,0.09983519999999999,0.974659,1.266869,EXTRACTED
net135,hold136/Z,83.41,51.8,False,0,0.5556901999999999,0.210501695,0.974659,1.5303491999999999,EXTRACTED
net136,hold137/Z,84.17,51.8,False,0,0.0939454,0.044996400000000006,0.974659,1.0686044000000001,EXTRACTED
net137,hold138/Z,84.17,43.4,False,0,0.0850284,0.050588445,0.974659,1.0596874,EXTRACTED
net138,hold139/Z,83.41,56.0,False,0,0.1838016,0.120254388,0.974659,1.1584606000000002,EXTRACTED
net139,hold140/Z,81.7,12.6,False,0,0.307162,0.0,1.421162,1.728324,EXTRACTED
net14,input14/Z,84.17,42.0,False,0,0.1279094,0.13802191999999996,1.70023,1.8281394,EXTRACTED
net140,hold141/Z,83.79,25.2,True,5428,0.22283399999999998,0.05013005,0.77983,1.002664,EXTRACTED
net15,input15/Z,80.94,56.0,False,0,0.23645,0.41518632299999997,1.70023,1.93668,EXTRACTED
net16,input16/Z,82.65,53.2,False,0,0.4744916,0.73260262,1.70023,2.1747216,EXTRACTED
net17,input17/Z,81.7,30.8,False,0,0.346468,0.21026785,1.70023,2.046698,EXTRACTED
net18,input18/Z,80.94,47.6,False,0,0.6598040000000001,0.49233391899999995,1.70023,2.3600339999999997,EXTRACTED
net19,input19/Z,67.64,1.4,False,0,0.7346819,0.948988934,7.803438,8.5381199,EXTRACTED
net2,input2/Z,42.18,82.6,False,0,2.1647,1.9272506800000002,2.48006,4.64476,EXTRACTED
net20,input20/Z,68.21,4.2,False,0,1.5623942900000003,1.026959492,7.528517,9.090911290000001,EXTRACTED
net21,input21/Z,71.82,1.4,False,0,1.6937111399999998,0.7460524990000001,7.638311,9.33202214,EXTRACTED
net22,input22/Z,64.6,2.8,False,0,0.4252417,0.19959119,5.00292,5.4281616999999995,EXTRACTED
net23,input23/Z,63.65,1.4,False,0,0.26189819999999997,0.22482010400000002,5.1291720000000005,5.391070200000001,EXTRACTED
net24,input24/Z,63.08,1.4,False,0,0.34193949999999995,0.20921173,5.1291720000000005,5.4711115,EXTRACTED
net25,input25/Z,64.79,1.4,False,0,0.6748453999999999,0.6298525689999999,3.351575,4.0264204,EXTRACTED
net26,input26/Z,82.08,33.6,False,0,0.564652,0.7299373490000001,0.921561,1.486213,EXTRACTED
net27,input27/Z,52.44,1.4,False,0,0.4986644,0.70100568,0.946814,1.4454784,EXTRACTED
net28,input28/Z,53.01,1.4,False,0,0.3974717,0.7763338479999999,0.941939,1.3394107,EXTRACTED
net29,input29/Z,82.65,21.0,False,0,0.07203,0.02207142,1.70023,1.77226,EXTRACTED
net3,input3/Z,38.76,82.6,False,0,1.788224,1.7716681139999995,2.48006,4.2682839999999995,EXTRACTED
net30,input30/Z,54.72,1.4,False,0,0.243904,0.14066829,1.70023,1.944134,EXTRACTED
net31,input31/Z,83.98,14.0,False,0,0.07811599999999999,0.0012177400000000001,1.70023,1.778346,EXTRACTED
net32,input32/Z,3.04,68.6,False,0,0.19516879999999998,0.0162061,1.70023,1.8953988,EXTRACTED
net33,input33/Z,2.47,65.8,False,0,0.4627679,0.7278999899999999,1.616298,2.0790659,EXTRACTED
net34,input34/Z,22.61,74.2,False,0,0.326628,0.0680814,0.77983,1.106458,EXTRACTED
net35,input35/Z,4.56,65.8,False,0,0.901692,1.0590119009999999,3.428942,4.330634,EXTRACTED
net36,input36/Z,77.33,12.6,False,0,14.075752020000003,12.731669110599992,74.729808,88.80556002,EXTRACTED
net37,input37/Z,76.95,19.6,True,5428,2.6501896,1.338000215,0.77983,3.4300196,EXTRACTED
net38,U_n3104gat/ZN,51.87,4.2,False,5464,0.07474679999999999,0.01289148,0.974659,1.0494058,EXTRACTED
net39,U_n3105gat/ZN,54.34,2.8,False,5379,0.1240568,0.01839015,0.974659,1.0987158000000001,EXTRACTED
net4,input4/Z,47.69,81.2,False,0,2.65578888,1.633814386,2.48006,5.135848879999999,EXTRACTED
net40,U_n3106gat/ZN,5.51,63.0,True,5028,0.917594,0.2602239,0.974659,1.8922530000000002,EXTRACTED
net41,U_n3107gat/ZN,4.56,61.6,False,5628,0.1298238,0.09813084999999999,0.974659,1.1044828,EXTRACTED
net42,U_n3108gat/ZN,7.03,32.2,False,4339,0.569196,0.06131544,0.974659,1.5438550000000002,EXTRACTED
net43,U_n3109gat/ZN,6.46,32.2,False,4315,0.499208,0.28069219,0.974659,1.473867,EXTRACTED
net44,U_n3110gat/ZN,40.28,4.2,False,4333,0.11034179999999999,0.0,0.974659,1.0850008,EXTRACTED
net45,U_n3111gat/ZN,41.23,79.8,False,664,0.048869,0.039897330999999994,0.974659,1.023528,EXTRACTED
net46,U_n3112gat/ZN,47.69,78.4,False,0,0.635569,0.372853548,0.974659,1.6102280000000002,EXTRACTED
net47,U_n3113gat/ZN,44.27,79.8,False,3427,0.22225599999999998,0.0,0.974659,1.196915,EXTRACTED
net48,U_n3114gat/ZN,45.98,79.8,False,1198,0.19316019999999998,0.00107428,0.974659,1.1678192,EXTRACTED
net49,U_n3115gat/ZN,46.36,79.8,False,0,0.47513,0.46653418749000003,0.974659,1.449789,EXTRACTED
net5,input5/Z,43.51,7.0,False,0,3.4312215099999994,0.9918687559999999,2.48006,5.911281509999999,EXTRACTED
net50,U_n3116gat/ZN,52.06,79.8,False,6134,0.183327,0.0335796,0.974659,1.157986,EXTRACTED
net51,U_n3117gat/ZN,84.36,47.6,False,459,0.1957936,0.12313944999999998,0.974659,1.1704526,EXTRACTED
net52,U_n3118gat/ZN,63.27,78.4,False,7989,0.671448,0.3874747,0.974659,1.6461070000000002,EXTRACTED
net53,U_n3119gat/ZN,83.79,36.4,False,6304,0.09595999999999999,0.028219691,0.974659,1.070619,EXTRACTED
net54,U_n3120gat/ZN,77.33,32.2,False,8624,0.1092824,0.21577147200000002,0.974659,1.0839414,EXTRACTED
net55,U_n3121gat/ZN,79.04,32.2,False,5876,0.25809,0.226452771,0.974659,1.232749,EXTRACTED
net56,U_n3122gat/ZN,54.72,8.4,False,7790,0.6404101,0.28272603500000004,0.974659,1.6150691,EXTRACTED
net57,U_n3123gat/ZN,60.99,77.0,False,5244,0.324146,0.1807117,0.974659,1.298805,EXTRACTED
net58,U_n3124gat/ZN,58.52,79.8,False,5721,0.202148,0.028883159999999998,0.974659,1.1768070000000002,EXTRACTED
net59,U_n3125gat/ZN,42.75,79.8,False,6096,0.1639096,0.06318259999999999,0.974659,1.1385686000000002,EXTRACTED
net6,input6/Z,81.13,29.4,False,0,1.93094375,0.925471546,2.48006,4.41100375,EXTRACTED
net60,U_n3126gat/ZN,35.91,77.0,True,4908,0.8315086,0.6907641579999999,3.808809,4.6403176,EXTRACTED
net61,U_n3127gat/ZN,36.29,77.0,True,4871,0.68062577,0.46826563499999996,3.808809,4.48943477,EXTRACTED
net62,U_n3128gat/ZN,34.77,82.6,True,4819,1.2697138,0.8821322539999997,3.745683,5.0153967999999995,EXTRACTED
net63,U_n3129gat/ZN,54.72,2.8,False,1421,0.1221838,0.056760809999999995,0.974659,1.0968428000000001,EXTRACTED
net64,U_n3130gat/ZN,82.27,32.2,False,1343,0.01630032,0.00176665,0.974659,0.9909593200000001,EXTRACTED
net65,U_n3131gat/ZN,81.7,35.0,False,1345,0.0990418,0.10371164,0.974659,1.0737008000000001,EXTRACTED
net66,U_n3132gat/ZN,84.36,28.0,False,1346,0.5940719999999999,0.15063640000000003,0.974659,1.568731,EXTRACTED
net67,U_n3133gat/ZN,80.37,35.0,False,1329,0.1138406,0.19434045,0.974659,1.0884996,EXTRACTED
net68,U_n3134gat/ZN,83.41,28.0,False,1336,0.5452840000000001,0.13301280200000004,0.974659,1.519943,EXTRACTED
net69,U_n3135gat/ZN,81.7,29.4,False,1326,0.0558722,0.08379786,0.974659,1.0305312,EXTRACTED
net7,input7/Z,50.35,8.4,False,0,2.3135017,2.195814005,2.48006,4.7935617,EXTRACTED
net70,U_n3136gat/ZN,57.19,2.8,False,1391,0.1002192,0.002731102,0.974659,1.0748782000000001,EXTRACTED
net71,U_n3137gat/ZN,56.05,4.2,False,1398,0.125103,0.0,0.974659,1.0997620000000001,EXTRACTED
net72,U_n3138gat/ZN,5.13,47.6,False,1,0.37869800000000003,0.24766104000000003,0.974659,1.3533570000000001,EXTRACTED
net73,U_n3139gat/ZN,2.47,54.6,False,7481,0.0752146,0.07885937999999999,0.974659,1.0498736,EXTRACTED
net74,U_n3140gat/ZN,3.42,54.6,False,7481,0.1446148,0.11536149999999998,0.974659,1.1192738,EXTRACTED
net75,U_n3141gat/ZN,1.9,44.8,False,5051,0.269602,0.123831597,0.974659,1.244261,EXTRACTED
net76,U_n3142gat/ZN,1.33,46.2,False,5051,0.14735479999999998,0.018700787000000003,0.974659,1.1220138,EXTRACTED
net77,U_n3143gat/ZN,3.8,51.8,False,6559,0.361994,0.20348543,0.974659,1.336653,EXTRACTED
net78,U_n3144gat/ZN,12.92,44.8,False,6047,2.0504625,0.28238777000000004,0.974659,3.0251215,EXTRACTED
net79,U_n3145gat/ZN,4.94,61.6,False,3732,0.10297360000000001,0.10109619999999998,0.974659,1.0776326,EXTRACTED
net8,input8/Z,50.73,1.4,False,0,2.4540243200000003,2.033992843,2.48006,4.93408432,EXTRACTED
net80,U_n3146gat/ZN,15.01,79.8,False,159,0.181889,0.026012,0.974659,1.1565480000000001,EXTRACTED
net81,U_n3147gat/ZN,12.35,82.6,False,3332,0.48391,0.0595546,0.974659,1.458569,EXTRACTED
net82,U_n3148gat/ZN,13.68,82.6,True,4808,0.701334,0.1529508,0.974659,1.675993,EXTRACTED
net83,U_n3149gat/ZN,27.17,49.0,False,1765,6.083085789999999,6.22304349,30.311015,36.39410079,EXTRACTED
net84,U_n3150gat/ZN,8.17,54.6,False,4545,0.414248,0.20430997,0.974659,1.3889070000000001,EXTRACTED
net85,U_n3151gat/ZN,25.84,5.6,False,2521,0.197972,0.0,0.974659,1.172631,EXTRACTED
net86,U_n3152gat/ZN,21.09,5.6,False,0,0.47181,0.1299381,0.974659,1.446469,EXTRACTED
net9,input9/Z,82.46,40.6,False,0,1.1189315,1.246960321,2.48006,3.5989915,EXTRACTED
net93,place94/Z,14.63,43.4,False,715,3.19187936,3.2847410150000003,5.2006049999999995,8.39248436,EXTRACTED
net94,place95/Z,63.08,15.4,False,272,6.12681028,5.330147733999999,15.177735,21.30454528,EXTRACTED
net95,place96/Z,83.98,29.4,False,0,9.407029080000003,6.977034413000004,54.807361,64.21439008,EXTRACTED
net96,place97/Z,41.61,35.0,False,0,14.303209039999995,12.872723641939993,107.724813,122.02802204,EXTRACTED
net97,place98/Z,55.86,68.6,False,0,13.992153219999999,12.483805317969985,109.614722,123.60687522,EXTRACTED
net98,hold99/Z,41.61,82.6,False,0,0.204702,0.08294424800000001,0.974659,1.179361,EXTRACTED
net99,hold100/Z,42.75,74.2,False,0,0.7355830000000001,0.622509862,2.239358,2.9749410000000003,EXTRACTED
phase0c_scan_in_1,PORT/test_si_1,85.915,57.19,True,4990,5.48364165,1.334130833,0.918794,6.40243565,EXTRACTED
test_se,PORT/test_se,85.915,11.27,False,0,0.44838799999999995,0.0,0.77983,1.228218,EXTRACTED
test_si,PORT/test_si,85.915,25.83,True,5428,0.1632332,0.0,0.77983,0.9430632,EXTRACTED
test_so,output38/Z,1.33,57.4,True,4322,1.0677006,0.19245857000000002,0,1.0677006,EXTRACTED
