x_um,y_um,current_a,layer0,layer1
1.2349999999999999,2.8,1.703e-13,metal1,metal1
1.2349999999999999,5.6,3.193e-13,metal1,metal1
1.2349999999999999,8.4,4.967e-14,metal1,metal1
1.2349999999999999,11.2,3.335e-13,metal1,metal1
1.2349999999999999,14.0,7.805e-14,metal1,metal1
1.2349999999999999,16.8,3.193e-13,metal1,metal1
1.2349999999999999,19.6,1.49e-13,metal1,metal1
1.2349999999999999,22.4,4.257e-14,metal1,metal1
1.2349999999999999,25.2,1.419e-14,metal1,metal1
1.2349999999999999,28.0,5.676e-14,metal1,metal1
1.2349999999999999,30.8,3.122e-13,metal1,metal1
1.2349999999999999,33.6,1.419e-14,metal1,metal1
1.2349999999999999,36.4,1.632e-13,metal1,metal1
1.2349999999999999,39.2,1.135e-13,metal1,metal1
1.2349999999999999,42.0,1.845e-13,metal1,metal1
1.2349999999999999,44.8,3.548e-13,metal1,metal1
1.2349999999999999,47.6,1.632e-13,metal1,metal1
1.2349999999999999,50.4,1.419e-13,metal1,metal1
1.2349999999999999,53.2,8.514e-14,metal1,metal1
1.2349999999999999,56.0,1.206e-13,metal1,metal1
1.2349999999999999,58.8,2.412e-13,metal1,metal1
1.2349999999999999,61.6,3.548e-13,metal1,metal1
1.2349999999999999,64.4,1.632e-13,metal1,metal1
1.2349999999999999,67.2,7.095e-15,metal1,metal1
1.2349999999999999,70.0,2.271e-13,metal1,metal1
1.2349999999999999,72.8,3.548e-14,metal1,metal1
1.2349999999999999,75.6,6.102e-13,metal1,metal1
1.2349999999999999,78.4,1.348e-13,metal1,metal1
1.2349999999999999,81.2,4.612e-13,metal1,metal1
1.2349999999999999,84.0,4.186e-13,metal1,metal1
1.2349999999999999,86.8,1.348e-13,metal1,metal1
1.2349999999999999,89.6,4.044e-13,metal1,metal1
1.2349999999999999,92.4,3.335e-13,metal1,metal1
1.2349999999999999,95.2,3.619e-13,metal1,metal1
1.2349999999999999,98.0,2.058e-13,metal1,metal1
1.2349999999999999,100.8,2.129e-14,metal1,metal1
1.2349999999999999,103.6,2.129e-14,metal1,metal1
1.2349999999999999,106.4,5.747e-13,metal1,metal1
1.2349999999999999,109.2,2.554e-13,metal1,metal1
1.2349999999999999,112.0,2.838e-13,metal1,metal1
1.2349999999999999,114.8,9.934e-14,metal1,metal1
1.2349999999999999,117.6,1.845e-13,metal1,metal1
1.2349999999999999,120.4,9.224e-14,metal1,metal1
1.2349999999999999,123.2,1.845e-13,metal1,metal1
1.2349999999999999,126.0,1.774e-13,metal1,metal1
1.2349999999999999,128.8,2.767e-13,metal1,metal1
1.2349999999999999,131.6,1.419e-13,metal1,metal1
1.2349999999999999,134.4,1.987e-13,metal1,metal1
1.2349999999999999,137.2,1.206e-13,metal1,metal1
1.2349999999999999,140.0,0.0,metal1,metal1
1.2349999999999999,142.8,9.792e-14,metal1,metal1
7.765,2.8,1.708e-13,metal1,metal1
7.7075,5.6,3.192e-13,metal1,metal1
4.44,8.4,5.062e-14,metal1,metal1
4.48125,11.2,3.329e-13,metal1,metal1
3.4425,14.0,7.99e-14,metal1,metal1
1.3275000000000001,16.8,3.256e-13,metal1,metal1
2.5774999999999997,19.6,1.512e-13,metal1,metal1
1.52,22.4,3.795e-14,metal1,metal1
1.51,25.2,1.345e-14,metal1,metal1
1.3275000000000001,28.0,4.924e-14,metal1,metal1
2.7249999999999996,30.8,3.146e-13,metal1,metal1
2.1550000000000002,33.6,1.403e-14,metal1,metal1
1.9,36.4,1.577e-13,metal1,metal1
1.9125,39.2,1.044e-13,metal1,metal1
2.6825,42.0,1.808e-13,metal1,metal1
1.3275000000000001,44.8,3.637e-13,metal1,metal1
1.51,47.6,1.618e-13,metal1,metal1
1.9,50.4,1.47e-13,metal1,metal1
2.3912500000000003,53.2,9.001e-14,metal1,metal1
2.4825,56.0,1.159e-13,metal1,metal1
1.425,58.8,2.426e-13,metal1,metal1
1.425,61.6,3.55e-13,metal1,metal1
1.78,64.4,1.642e-13,metal1,metal1
1.68,67.2,1.429e-14,metal1,metal1
1.3399999999999999,70.0,2.164e-13,metal1,metal1
1.4125,72.8,2.928e-14,metal1,metal1
1.4224999999999999,75.6,6.123e-13,metal1,metal1
1.4125,78.4,1.345e-13,metal1,metal1
1.4224999999999999,81.2,4.569e-13,metal1,metal1
1.4125,84.0,4.214e-13,metal1,metal1
1.4125,86.8,1.384e-13,metal1,metal1
1.4125,89.6,4.081e-13,metal1,metal1
1.4224999999999999,92.4,3.319e-13,metal1,metal1
1.4224999999999999,95.2,3.635e-13,metal1,metal1
1.4125,98.0,2.049e-13,metal1,metal1
1.4224999999999999,100.8,2.508e-14,metal1,metal1
1.4125,103.6,2.231e-14,metal1,metal1
1.4125,106.4,5.744e-13,metal1,metal1
1.4125,109.2,2.579e-13,metal1,metal1
1.4125,112.0,2.844e-13,metal1,metal1
1.4125,114.8,9.446e-14,metal1,metal1
2.7725,117.6,1.811e-13,metal1,metal1
3.58,120.4,9.441e-14,metal1,metal1
4.5725,123.2,1.837e-13,metal1,metal1
3.4325,126.0,1.777e-13,metal1,metal1
3.2424999999999997,128.8,2.852e-13,metal1,metal1
3.58,131.6,1.44e-13,metal1,metal1
5.47875,134.4,1.975e-13,metal1,metal1
4.904999999999999,137.2,1.21e-13,metal1,metal1
5.005,140.0,6.915e-16,metal1,metal1
5.99625,142.8,1.01e-13,metal1,metal1
1.42,16.8,4.428e-13,metal1,metal1
1.42,28.0,4.855e-11,metal1,metal1
1.42,44.8,4.923e-11,metal1,metal1
1.4449999999999998,70.0,1.523e-12,metal1,metal1
1.6075,16.8,2.392e-11,metal1,metal1
1.5175,28.0,4.854e-11,metal1,metal1
1.5175,44.8,4.924e-11,metal1,metal1
1.7275,70.0,9.427e-11,metal1,metal1
1.5899999999999999,72.8,1.949e-08,metal1,metal1
1.565,78.3125,1.345e-13,metal1,metal1
1.5899999999999999,84.0,7.27e-08,metal1,metal1
1.565,86.88749999999999,1.382e-13,metal1,metal1
1.5899999999999999,89.6,9.141e-08,metal1,metal1
1.5899999999999999,98.0,6.993e-08,metal1,metal1
1.565,103.51249999999999,2.257e-14,metal1,metal1
1.5899999999999999,106.4,7.168e-08,metal1,metal1
1.5899999999999999,109.2,1.949e-08,metal1,metal1
1.565,112.0875,2.842e-13,metal1,metal1
1.565,114.88749999999999,9.483e-14,metal1,metal1
1.6099999999999999,75.6,2.039e-08,metal1,metal1
1.6,78.4,2.968e-08,metal1,metal1
1.5775000000000001,81.2875,4.569e-13,metal1,metal1
1.6,86.8,9.479e-08,metal1,metal1
1.6099999999999999,92.4,1.019e-08,metal1,metal1
1.6099999999999999,95.2,1.019e-08,metal1,metal1
1.6099999999999999,100.8,1.019e-08,metal1,metal1
1.6,103.6,2.968e-08,metal1,metal1
1.6,112.0,2.968e-08,metal1,metal1
1.6,114.8,2.968e-08,metal1,metal1
1.615,28.0,5.248e-11,metal1,metal1
1.615,44.8,5.322e-11,metal1,metal1
1.615,58.8,3.715e-15,metal1,metal1
1.615,61.6,3.715e-15,metal1,metal1
1.6125,81.21875,7.718e-14,metal1,metal1
1.7925,72.8,1.949e-08,metal1,metal1
1.635,78.48750000000001,2.968e-08,metal1,metal1
1.685,84.0,7.27e-08,metal1,metal1
1.635,86.7125,9.479e-08,metal1,metal1
1.885,89.6,9.141e-08,metal1,metal1
1.875,98.0,6.993e-08,metal1,metal1
1.635,103.6875,2.968e-08,metal1,metal1
1.79,106.4,7.168e-08,metal1,metal1
1.885,109.2,1.949e-08,metal1,metal1
1.635,111.9125,2.968e-08,metal1,metal1
1.635,114.7125,2.968e-08,metal1,metal1
1.895,75.6,2.039e-08,metal1,metal1
1.885,78.4,2.968e-08,metal1,metal1
1.6475,81.13125,7.698e-14,metal1,metal1
1.895,86.8,9.479e-08,metal1,metal1
1.895,92.4,1.019e-08,metal1,metal1
2.085,95.2,1.019e-08,metal1,metal1
1.79,100.8,1.019e-08,metal1,metal1
1.8975,103.6,2.968e-08,metal1,metal1
1.895,112.0,2.968e-08,metal1,metal1
2.24,114.8,2.968e-08,metal1,metal1
1.705,28.0,5.248e-11,metal1,metal1
1.705,44.8,5.322e-11,metal1,metal1
1.865,58.8,0.0,metal1,metal1
1.865,61.6,4.62e-16,metal1,metal1
1.865,81.2,7.67e-14,metal1,metal1
1.78,84.0,9.219e-08,metal1,metal1
1.7850000000000001,25.2,4.561e-12,metal1,metal1
1.7850000000000001,47.6,4.415e-12,metal1,metal1
1.795,16.8,1.636e-08,metal1,metal1
1.795,28.0,5.276e-11,metal1,metal1
1.795,44.8,5.352e-11,metal1,metal1
1.8050000000000002,22.4,7.52e-09,metal1,metal1
1.97,84.0,9.219e-08,metal1,metal1
1.9725000000000001,25.2,4.562e-12,metal1,metal1
1.9725000000000001,47.6,4.413e-12,metal1,metal1
4.046250000000001,16.8,1.636e-08,metal1,metal1
1.955,28.0,5.275e-11,metal1,metal1
1.955,44.8,5.351e-11,metal1,metal1
2.005,22.4,7.52e-09,metal1,metal1
1.97,100.8,7.859e-08,metal1,metal1
1.99,106.4,8.187e-08,metal1,metal1
1.9949999999999999,72.8,1.905e-11,metal1,metal1
2.01,70.0,1.045e-07,metal1,metal1
2.0774999999999997,100.8,7.859e-08,metal1,metal1
2.3725,106.4,8.187e-08,metal1,metal1
2.245,72.8,1.905e-11,metal1,metal1
3.15875,70.0,1.045e-07,metal1,metal1
2.1475,28.0,3.463e-14,metal1,metal1
2.1475,44.8,3.463e-14,metal1,metal1
2.1475,58.8,0.0,metal1,metal1
2.1475,61.6,0.0,metal1,metal1
2.1125,81.1625,7.647e-14,metal1,metal1
2.5,67.2,1.442e-14,metal1,metal1
2.16,25.2,3.329e-09,metal1,metal1
2.16,47.6,3.22e-09,metal1,metal1
2.135,78.48750000000001,2.968e-08,metal1,metal1
2.16,84.0,1.645e-07,metal1,metal1
2.16,98.0,1.451e-07,metal1,metal1
2.1799999999999997,75.6,4.078e-08,metal1,metal1
2.17,78.4,5.937e-08,metal1,metal1
2.1799999999999997,81.1625,1.053e-09,metal1,metal1
2.1799999999999997,86.8,1.05e-07,metal1,metal1
2.1799999999999997,89.6,1.016e-07,metal1,metal1
2.1799999999999997,92.4,2.039e-08,metal1,metal1
2.1799999999999997,109.2,3.626e-10,metal1,metal1
2.1799999999999997,112.0,3.988e-08,metal1,metal1
2.185,100.8,1.86e-09,metal1,metal1
2.185,103.6,2.902e-11,metal1,metal1
2.205,22.4,4.668e-08,metal1,metal1
2.65875,25.2,1.593e-07,metal1,metal1
2.99,47.6,1.541e-07,metal1,metal1
2.205,78.3125,5.937e-08,metal1,metal1
2.3625,84.0,1.645e-07,metal1,metal1
2.3625,98.0,1.451e-07,metal1,metal1
2.5275,28.0,3.369e-14,metal1,metal1
2.5275,44.8,3.401e-14,metal1,metal1
2.5275,58.8,0.0,metal1,metal1
2.5275,61.6,1.589e-16,metal1,metal1
2.465,75.6,4.078e-08,metal1,metal1
2.455,78.4,5.937e-08,metal1,metal1
2.465,81.2,1.053e-09,metal1,metal1
2.455,86.8,1.05e-07,metal1,metal1
2.645,89.6,1.016e-07,metal1,metal1
2.455,92.4,2.039e-08,metal1,metal1
2.3674999999999997,109.2,1.484e-10,metal1,metal1
2.275,112.0,3.988e-08,metal1,metal1
2.3725,100.8,1.86e-09,metal1,metal1
2.435,103.6,2.902e-11,metal1,metal1
2.255,22.4,4.668e-08,metal1,metal1
2.3375,22.4,3.704e-08,metal1,metal1
2.8,64.4,1.642e-13,metal1,metal1
2.37,112.0,5.007e-08,metal1,metal1
2.57,22.4,3.557e-11,metal1,metal1
2.5599999999999996,112.0,5.007e-08,metal1,metal1
2.5275,72.8,1.247e-14,metal1,metal1
2.5549999999999997,109.2,1.011e-07,metal1,metal1
2.56,95.2,2.039e-08,metal1,metal1
2.56,100.8,8.335e-09,metal1,metal1
2.565,36.4,3.715e-15,metal1,metal1
2.565,50.4,3.715e-15,metal1,metal1
2.565,84.0,1.056e-10,metal1,metal1
2.565,98.0,1.418e-10,metal1,metal1
3.1975,39.2,1.044e-13,metal1,metal1
2.9375,109.2,1.011e-07,metal1,metal1
2.9075,72.8,1.24e-14,metal1,metal1
3.1225,95.2,2.039e-08,metal1,metal1
2.6225,100.8,8.335e-09,metal1,metal1
2.815,36.4,2.31e-16,metal1,metal1
2.815,50.4,4.62e-16,metal1,metal1
2.815,84.0,1.056e-10,metal1,metal1
2.815,98.0,1.418e-10,metal1,metal1
2.7175000000000002,100.8,7.258e-13,metal1,metal1
2.7175000000000002,103.6,1.801e-14,metal1,metal1
2.73,78.4,1.52e-07,metal1,metal1
2.73,86.8,1.779e-07,metal1,metal1
2.73,92.4,9.466e-08,metal1,metal1
2.75,75.6,6.117e-08,metal1,metal1
2.75,81.2,9.142e-09,metal1,metal1
2.75,112.0,6.027e-08,metal1,metal1
2.755,106.4,3.767e-11,metal1,metal1
2.77,22.4,1.073e-08,metal1,metal1
3.0250000000000004,78.4,1.52e-07,metal1,metal1
3.205,86.8,1.779e-07,metal1,metal1
3.205,92.4,9.466e-08,metal1,metal1
3.225,75.6,6.117e-08,metal1,metal1
2.8125,81.2,9.142e-09,metal1,metal1
3.0975,100.8,7.263e-13,metal1,metal1
3.0975,103.6,1.844e-14,metal1,metal1
3.3325,112.0,6.027e-08,metal1,metal1
3.005,106.4,3.767e-11,metal1,metal1
2.9175,22.4,1.073e-08,metal1,metal1
3.43,114.8,2.968e-08,metal1,metal1
2.9074999999999998,28.0,0.0,metal1,metal1
2.9074999999999998,44.8,0.0,metal1,metal1
2.9074999999999998,58.8,0.0,metal1,metal1
2.9074999999999998,61.6,0.0,metal1,metal1
2.9074999999999998,81.2,1.57e-08,metal1,metal1
2.9450000000000003,67.2,5.943e-14,metal1,metal1
3.1875,28.0,4.675e-16,metal1,metal1
3.1875,44.8,0.0,metal1,metal1
3.1875,58.8,0.0,metal1,metal1
3.1875,61.6,2.337e-16,metal1,metal1
3.12,81.2,1.57e-08,metal1,metal1
3.1950000000000003,67.2,6.168e-14,metal1,metal1
3.0975,22.4,1.019e-11,metal1,metal1
3.0975,36.4,0.0,metal1,metal1
3.0975,50.4,0.0,metal1,metal1
3.0625,84.0375,1.056e-10,metal1,metal1
3.0975,98.0,9.141e-14,metal1,metal1
3.925,33.6,1.403e-14,metal1,metal1
3.1100000000000003,89.6,1.833e-07,metal1,metal1
3.13,84.0375,5.702e-12,metal1,metal1
3.5862499999999997,25.2,1.593e-07,metal1,metal1
3.4050000000000002,89.6,1.833e-07,metal1,metal1
3.3775,22.4,1.019e-11,metal1,metal1
3.4775,36.4,1.589e-16,metal1,metal1
3.4775,50.4,0.0,metal1,metal1
3.4775,84.0,5.702e-12,metal1,metal1
3.4775,98.0,9.107e-14,metal1,metal1
3.2875,72.8,0.0,metal1,metal1
3.2425,106.4375,3.767e-11,metal1,metal1
3.3,81.2,5.967e-08,metal1,metal1
3.3,106.475,6.818e-12,metal1,metal1
3.2875,78.48750000000001,1.52e-07,metal1,metal1
3.3200000000000003,109.2,1.113e-07,metal1,metal1
3.3225,78.41875,9.725e-12,metal1,metal1
3.3449999999999998,64.4,1.575e-12,metal1,metal1
3.3674999999999997,81.2,5.967e-08,metal1,metal1
3.3449999999999998,106.4375,6.819e-12,metal1,metal1
3.5675,72.8,2.337e-16,metal1,metal1
3.3575,78.33125000000001,9.725e-12,metal1,metal1
3.6675,106.4,6.819e-12,metal1,metal1
3.6900000000000004,109.2,1.113e-07,metal1,metal1
3.575,78.4,9.725e-12,metal1,metal1
3.6275,64.4,9.738e-11,metal1,metal1
3.435,28.0,4.549e-15,metal1,metal1
3.435,44.8,0.0,metal1,metal1
3.435,58.8,4.549e-15,metal1,metal1
3.435,61.6,0.0,metal1,metal1
3.435,81.2,9.779e-10,metal1,metal1
3.4775,67.2,6.273e-11,metal1,metal1
3.4425,100.715,7.263e-13,metal1,metal1
3.4775,103.6,9.271e-14,metal1,metal1
3.8674999999999997,28.0,3.748e-16,metal1,metal1
3.8674999999999997,44.8,4.998e-16,metal1,metal1
3.8674999999999997,58.8,2.499e-16,metal1,metal1
3.8674999999999997,61.6,3.748e-16,metal1,metal1
3.6525,81.2,9.98e-09,metal1,metal1
3.51,100.715,5.437e-12,metal1,metal1
4.63375,53.2,8.997e-14,metal1,metal1
3.8575,67.2,6.273e-11,metal1,metal1
3.7575000000000003,100.8,5.437e-12,metal1,metal1
3.7575000000000003,103.6,9.419e-14,metal1,metal1
3.625,22.4,1.956e-13,metal1,metal1
3.6799999999999997,86.8,2.545e-07,metal1,metal1
3.6799999999999997,92.4,1.708e-07,metal1,metal1
3.685,95.2,9.963e-09,metal1,metal1
4.0575,22.4,7.497e-16,metal1,metal1
3.7,75.6,7.136e-08,metal1,metal1
3.7,89.6,1.935e-07,metal1,metal1
4.9075,56.0,1.159e-13,metal1,metal1
4.17875,86.8,2.545e-07,metal1,metal1
3.88,92.4,1.708e-07,metal1,metal1
3.7775,95.2,9.963e-09,metal1,metal1
4.175,75.6,7.136e-08,metal1,metal1
3.9749999999999996,89.6,1.935e-07,metal1,metal1
3.815,72.8,0.0,metal1,metal1
4.58,47.6,1.541e-07,metal1,metal1
3.8575,36.4,2.207e-15,metal1,metal1
3.8575,50.4,2.207e-15,metal1,metal1
3.8575,78.4,3.349e-08,metal1,metal1
3.8575,84.0,3.973e-14,metal1,metal1
3.8575,98.0,2.207e-15,metal1,metal1
3.87,81.2,9.509e-09,metal1,metal1
3.87,95.2,9.527e-09,metal1,metal1
3.875,39.2,4.207e-12,metal1,metal1
4.2475,72.8,4.998e-16,metal1,metal1
3.91,64.4,1.079e-07,metal1,metal1
4.4275,112.0,6.027e-08,metal1,metal1
5.1925,19.6,1.512e-13,metal1,metal1
4.085,81.2,9.509e-09,metal1,metal1
3.965,95.2,9.527e-09,metal1,metal1
4.0625,39.2,4.207e-12,metal1,metal1
4.137499999999999,36.4,2.337e-16,metal1,metal1
4.137499999999999,50.4,0.0,metal1,metal1
4.07,78.4,3.349e-08,metal1,metal1
4.137499999999999,84.0,3.81e-14,metal1,metal1
4.137499999999999,98.0,3.038e-15,metal1,metal1
4.4399999999999995,64.4,1.079e-07,metal1,metal1
4.005,100.8,1.092e-13,metal1,metal1
4.005,103.6,9.904e-11,metal1,metal1
4.0475,106.4,8.609e-14,metal1,metal1
4.0600000000000005,95.2,4.024e-09,metal1,metal1
4.0600000000000005,109.2,1.876e-07,metal1,metal1
4.0600000000000005,114.8,4.917e-08,metal1,metal1
4.4375,100.8,3.748e-16,metal1,metal1
4.3175,103.6,5.032e-09,metal1,metal1
4.08,92.4,1.81e-07,metal1,metal1
4.085,25.2,1.557e-10,metal1,metal1
5.5075,42.0,1.808e-13,metal1,metal1
4.545,95.2,1.831e-07,metal1,metal1
4.70125,109.2,1.876e-07,metal1,metal1
5.0325,114.8,4.917e-08,metal1,metal1
4.1775,92.4,1.81e-07,metal1,metal1
4.327500000000001,106.4,8.578e-14,metal1,metal1
4.335,25.2,1.557e-10,metal1,metal1
4.195,67.285,6.273e-11,metal1,metal1
5.635,30.8,3.146e-13,metal1,metal1
4.25,39.2,3.07e-09,metal1,metal1
4.25,78.4,4.206e-08,metal1,metal1
4.25,89.6,2.739e-07,metal1,metal1
4.255,67.37,4.113e-11,metal1,metal1
4.275,92.4,1.769e-10,metal1,metal1
4.3,28.0,8.317e-13,metal1,metal1
4.3,44.8,7.945e-13,metal1,metal1
4.3,58.8,8.114e-13,metal1,metal1
4.3,61.6,7.911e-13,metal1,metal1
4.3,81.2,5.706e-09,metal1,metal1
5.38625,70.0,1.045e-07,metal1,metal1
5.7775,117.6,1.811e-13,metal1,metal1
4.9275,39.2,1.469e-07,metal1,metal1
4.4175,78.4,4.206e-08,metal1,metal1
4.4425,89.6,2.739e-07,metal1,metal1
4.297499999999999,67.285,4.113e-11,metal1,metal1
4.5175,67.2,3.834e-10,metal1,metal1
4.525,92.4,1.769e-10,metal1,metal1
4.48,28.0,8.286e-13,metal1,metal1
4.48,44.8,7.964e-13,metal1,metal1
4.48,58.8,8.128e-13,metal1,metal1
4.48,61.6,7.885e-13,metal1,metal1
4.38,81.2,5.706e-09,metal1,metal1
4.385,36.4,9.099e-15,metal1,metal1
4.385,50.4,4.549e-15,metal1,metal1
4.385,84.0,4.646e-11,metal1,metal1
4.3774999999999995,97.90625,2.944e-12,metal1,metal1
4.4125,97.99375,2.944e-12,metal1,metal1
4.8175,36.4,1.874e-15,metal1,metal1
4.8175,50.4,0.0,metal1,metal1
4.7075,84.0,2.36e-09,metal1,metal1
4.4475,98.0875,1.137e-08,metal1,metal1
4.46,81.2,4.489e-09,metal1,metal1
4.49,22.4,8.959e-13,metal1,metal1
4.725,98.0,1.137e-08,metal1,metal1
4.5600000000000005,81.2,4.489e-09,metal1,metal1
4.67,22.4,8.974e-13,metal1,metal1
4.575,106.4,9.737e-11,metal1,metal1
4.6175,25.2,9.972e-14,metal1,metal1
4.6175,78.4,3.996e-11,metal1,metal1
4.63,103.6,1.446e-08,metal1,metal1
4.635,89.6,5.067e-09,metal1,metal1
4.8025,106.4,4.947e-09,metal1,metal1
4.65,75.6,8.156e-08,metal1,metal1
4.66,28.0,5.934e-10,metal1,metal1
4.66,44.8,5.703e-10,metal1,metal1
4.66,58.8,5.817e-10,metal1,metal1
4.66,61.6,5.646e-10,metal1,metal1
4.66,81.2,5.948e-10,metal1,metal1
5.10625,86.8,2.545e-07,metal1,metal1
4.68,72.8,8.249e-13,metal1,metal1
4.75,103.6,1.446e-08,metal1,metal1
4.8225,89.6,5.542e-10,metal1,metal1
4.9975,25.2,1.001e-13,metal1,metal1
5.305,75.6,8.156e-08,metal1,metal1
4.8975,78.4,3.996e-11,metal1,metal1
5.0225,28.0,5.934e-10,metal1,metal1
5.0225,44.8,5.702e-10,metal1,metal1
5.0225,58.8,5.818e-10,metal1,metal1
5.0225,61.6,5.649e-10,metal1,metal1
5.0225,81.2,5.948e-10,metal1,metal1
4.859999999999999,72.8,8.272e-13,metal1,metal1
4.765000000000001,67.2,7.374e-09,metal1,metal1
4.8075,92.4,1.136e-13,metal1,metal1
4.805,67.2,7.374e-09,metal1,metal1
4.845,33.6,4.461e-11,metal1,metal1
4.845,67.2,5.249e-10,metal1,metal1
4.85,22.4,6.424e-10,metal1,metal1
4.87,100.8,7.37e-13,metal1,metal1
4.87,103.6,6.789e-12,metal1,metal1
5.1875,92.4,1.133e-13,metal1,metal1
5.0325,33.6,4.461e-11,metal1,metal1
5.095,67.2,5.249e-10,metal1,metal1
5.2125,22.4,6.421e-10,metal1,metal1
5.050000000000001,100.8,7.282e-13,metal1,metal1
5.045,103.6,6.786e-12,metal1,metal1
5.43,64.4,1.079e-07,metal1,metal1
5.01,89.6,3.739e-07,metal1,metal1
5.01,98.0,6.126e-08,metal1,metal1
5.01,112.0,7.976e-08,metal1,metal1
5.03,84.0,7.835e-09,metal1,metal1
5.03,95.2,3.387e-09,metal1,metal1
5.03,106.4,5.248e-09,metal1,metal1
5.04,72.8,5.923e-10,metal1,metal1
5.3075,89.6,3.739e-07,metal1,metal1
5.13,98.0,6.126e-08,metal1,metal1
5.484999999999999,112.0,7.976e-08,metal1,metal1
5.140000000000001,84.0,7.835e-09,metal1,metal1
5.2175,95.2,3.822e-10,metal1,metal1
5.235,106.4,5.248e-09,metal1,metal1
5.4025,72.8,5.925e-10,metal1,metal1
5.145,78.4,7.734e-13,metal1,metal1
5.5775,78.4,1.125e-15,metal1,metal1
5.22,33.6,9.38e-11,metal1,metal1
5.1899999999999995,103.685,6.786e-12,metal1,metal1
5.23,100.8,5.219e-10,metal1,metal1
5.225,103.61625000000001,8.78e-12,metal1,metal1
5.25,36.4,3.066e-12,metal1,metal1
5.25,50.4,1.488e-13,metal1,metal1
5.25,84.0,7.85e-11,metal1,metal1
5.25,98.0,8.641e-11,metal1,metal1
7.1875,128.8,2.852e-13,metal1,metal1
5.2825,33.6,9.38e-11,metal1,metal1
5.26,103.53125,8.781e-12,metal1,metal1
5.592499999999999,100.8,5.222e-10,metal1,metal1
5.4125,103.6,7.777e-12,metal1,metal1
5.43,36.4,3.067e-12,metal1,metal1
5.43,50.4,1.535e-13,metal1,metal1
5.4275,84.0,7.85e-11,metal1,metal1
5.43,98.0,8.641e-11,metal1,metal1
5.91375,109.2,1.876e-07,metal1,metal1
5.3774999999999995,25.2,0.0,metal1,metal1
5.3774999999999995,33.6,4.058e-11,metal1,metal1
5.3774999999999995,67.2,2.15e-09,metal1,metal1
5.4175,28.0,9.054e-07,metal1,metal1
5.4175,44.8,8.701e-07,metal1,metal1
5.4175,58.8,8.877e-07,metal1,metal1
5.4175,61.6,8.619e-07,metal1,metal1
5.4175,81.2,9.032e-07,metal1,metal1
5.405,95.2,2.58e-07,metal1,metal1
5.41,47.6,2.85e-09,metal1,metal1
5.4399999999999995,106.4,2.214e-12,metal1,metal1
5.5025,95.2,2.58e-07,metal1,metal1
5.657500000000001,25.2,2.337e-16,metal1,metal1
5.5024999999999995,33.6,4.058e-11,metal1,metal1
5.5975,47.6,2.535e-10,metal1,metal1
5.52,67.2,2.15e-09,metal1,metal1
5.619999999999999,106.4,2.216e-12,metal1,metal1
5.7175,28.0,9.054e-07,metal1,metal1
5.7175,44.8,8.701e-07,metal1,metal1
5.7075,58.8,8.877e-07,metal1,metal1
5.62,61.6,8.619e-07,metal1,metal1
6.3075,81.2,9.032e-07,metal1,metal1
5.5675,92.4,2.803e-13,metal1,metal1
5.6075,22.4,9.797e-07,metal1,metal1
5.595,33.6,4.132e-10,metal1,metal1
5.595,103.6,5.153e-09,metal1,metal1
5.6,95.2,1.307e-09,metal1,metal1
5.605,39.2,1.436e-10,metal1,metal1
5.5725,83.93125,7.85e-11,metal1,metal1
5.605,86.8,2.488e-10,metal1,metal1
5.605,89.6,3.655e-10,metal1,metal1
5.609999999999999,36.4,2.196e-09,metal1,metal1
5.609999999999999,50.4,1.096e-10,metal1,metal1
5.6075,84.0,6.635e-11,metal1,metal1
5.609999999999999,98.0,5.991e-10,metal1,metal1
5.63,67.2,6.204e-12,metal1,metal1
7.7575,126.0,1.777e-13,metal1,metal1
7.7875000000000005,14.0,7.99e-14,metal1,metal1
5.705,33.6,4.132e-10,metal1,metal1
5.6925,103.6,5.153e-09,metal1,metal1
5.8475,92.4,2.805e-13,metal1,metal1
5.695,95.2,1.307e-09,metal1,metal1
5.855,39.2,1.436e-10,metal1,metal1
5.6425,84.06875,6.635e-11,metal1,metal1
5.855,86.8,2.488e-10,metal1,metal1
5.855,89.6,3.655e-10,metal1,metal1
5.807499999999999,36.4,2.196e-09,metal1,metal1
5.9725,50.4,1.096e-10,metal1,metal1
5.8575,84.0,6.635e-11,metal1,metal1
5.9725,98.0,5.991e-10,metal1,metal1
5.8100000000000005,67.2,6.205e-12,metal1,metal1
5.8225,22.4,9.797e-07,metal1,metal1
5.7975,72.8,9.04e-07,metal1,metal1
5.785,47.6,1.705e-07,metal1,metal1
5.79,53.2,4.428e-13,metal1,metal1
5.79,61.6,1.594e-08,metal1,metal1
5.79,95.2,2.175e-12,metal1,metal1
5.79,103.6,2.969e-09,metal1,metal1
5.8,106.4,3.661e-09,metal1,metal1
5.8149999999999995,33.6,1.747e-10,metal1,metal1
5.98,47.6,1.705e-07,metal1,metal1
5.9775,53.2,2.38e-11,metal1,metal1
5.9775,61.6,1.308e-09,metal1,metal1
5.8825,95.2,2.175e-12,metal1,metal1
5.8725000000000005,103.6,2.969e-09,metal1,metal1
6.07,106.4,3.661e-09,metal1,metal1
5.96,33.6,1.747e-10,metal1,metal1
6.0125,72.8,9.04e-07,metal1,metal1
5.905,25.2,0.0,metal1,metal1
8.2,120.4,9.443e-14,metal1,metal1
8.2,131.6,1.44e-13,metal1,metal1
5.9875,100.8,7.967e-07,metal1,metal1
5.9875,103.6,6.18e-09,metal1,metal1
5.96,64.4,2.34e-09,metal1,metal1
5.96,75.6,1.01e-07,metal1,metal1
5.96,112.0,9.925e-08,metal1,metal1
5.965,58.8,1.246e-09,metal1,metal1
6.3375,25.2,6.247e-16,metal1,metal1
5.975,95.2,4.218e-11,metal1,metal1
5.984999999999999,28.0,5.235e-10,metal1,metal1
5.96,44.86875,8.701e-07,metal1,metal1
5.99,67.2,6.592e-09,metal1,metal1
6.005,22.4,1.588e-08,metal1,metal1
6.005,36.4,1.34e-09,metal1,metal1
5.994999999999999,44.8,2.055e-11,metal1,metal1
6.9075,114.8,4.917e-08,metal1,metal1
6.01,78.4,1.021e-12,metal1,metal1
6.15,64.4,3.146e-09,metal1,metal1
6.2575,75.6,1.01e-07,metal1,metal1
6.54875,112.0,9.925e-08,metal1,metal1
6.1525,58.8,1.246e-09,metal1,metal1
6.07,95.2,4.218e-11,metal1,metal1
6.234999999999999,28.0,5.235e-10,metal1,metal1
6.029999999999999,44.73125,2.055e-11,metal1,metal1
6.0475,67.2,6.592e-09,metal1,metal1
6.2875,22.4,9.941e-10,metal1,metal1
6.17,36.4,1.34e-09,metal1,metal1
6.245,44.8,1.149e-09,metal1,metal1
6.1899999999999995,78.4,1.022e-12,metal1,metal1
6.285,100.8,7.967e-07,metal1,metal1
6.092499999999999,103.6,6.18e-09,metal1,metal1
6.095,92.4,2.951e-10,metal1,metal1
6.1375,33.6,2.33e-10,metal1,metal1
6.1375,39.2,9.141e-14,metal1,metal1
6.1375,67.2,6.199e-12,metal1,metal1
6.1375,84.0,4.626e-09,metal1,metal1
6.1375,86.8,1.579e-13,metal1,metal1
6.1375,89.6,2.726e-11,metal1,metal1
6.155,56.0,4.43e-12,metal1,metal1
6.165,53.2,1.627e-08,metal1,metal1
6.165,61.6,8.781e-07,metal1,metal1
6.5024999999999995,92.4,1.499e-08,metal1,metal1
6.1325,95.11500000000001,4.218e-11,metal1,metal1
6.165,103.6,8.706e-07,metal1,metal1
6.1675,95.2,2.659e-11,metal1,metal1
6.175,47.6,5.266e-10,metal1,metal1
6.195,72.8,1.464e-08,metal1,metal1
6.3425,56.0,4.434e-12,metal1,metal1
6.359999999999999,53.2,1.627e-08,metal1,metal1
6.8025,61.6,8.781e-07,metal1,metal1
6.202500000000001,95.285,2.659e-11,metal1,metal1
6.359999999999999,103.6,8.706e-07,metal1,metal1
6.275,33.6,2.33e-10,metal1,metal1
6.5175,39.2,9.218e-14,metal1,metal1
6.4175,67.2,6.199e-12,metal1,metal1
6.2524999999999995,84.0,4.626e-09,metal1,metal1
6.5175,86.8,1.577e-13,metal1,metal1
6.5175,89.6,2.726e-11,metal1,metal1
6.3575,95.2,6.707e-10,metal1,metal1
6.425,47.6,5.266e-10,metal1,metal1
6.4675,72.8,2.364e-10,metal1,metal1
8.47875,16.8,1.636e-08,metal1,metal1
6.3675,36.4,5.681e-09,metal1,metal1
6.305,50.315,1.096e-10,metal1,metal1
6.3675,84.0,2.234e-09,metal1,metal1
6.3675,98.0,9.141e-07,metal1,metal1
6.34,58.8,2.174e-08,metal1,metal1
6.34,64.4,2.184e-06,metal1,metal1
6.34,106.4,1.583e-08,metal1,metal1
6.345,50.23,5.084e-10,metal1,metal1
6.37,78.4,7.316e-10,metal1,metal1
6.38,33.6,3.579e-10,metal1,metal1
6.9125,58.8,1.039e-06,metal1,metal1
6.5525,64.4,2.184e-06,metal1,metal1
6.4325,106.4,1.583e-08,metal1,metal1
6.4075,50.315,5.084e-10,metal1,metal1
6.7325,78.4,7.314e-10,metal1,metal1
6.5225,33.6,3.579e-10,metal1,metal1
6.484999999999999,36.4,5.681e-09,metal1,metal1
6.56,50.4,5.084e-10,metal1,metal1
6.57,84.0,2.234e-09,metal1,metal1
6.477499999999999,98.0,9.141e-07,metal1,metal1
6.475,27.9625,5.235e-10,metal1,metal1
6.4925,44.8375,1.034e-08,metal1,metal1
6.5575,106.4,8.252e-07,metal1,metal1
6.53,56.0,3.235e-09,metal1,metal1
6.535,19.6,4.314e-12,metal1,metal1
6.535,27.925,2.757e-11,metal1,metal1
6.535,70.0,1.512e-10,metal1,metal1
6.545,95.2,4.586e-07,metal1,metal1
6.55,100.8,1.474e-08,metal1,metal1
6.555,53.2,2.209e-09,metal1,metal1
6.555,75.6,1.358e-08,metal1,metal1
6.555,98.0,8.936e-10,metal1,metal1
6.555,103.6,1.4e-07,metal1,metal1
6.555,109.2,1.876e-10,metal1,metal1
6.57,22.4,1.086e-06,metal1,metal1
6.57,36.4,9.842e-07,metal1,metal1
6.5600000000000005,44.76875,1.582e-10,metal1,metal1
6.73,56.0,1.548e-07,metal1,metal1
6.7225,19.6,4.317e-12,metal1,metal1
6.577500000000001,27.9625,2.756e-11,metal1,metal1
6.7225,70.0,1.512e-10,metal1,metal1
7.015000000000001,95.2,4.586e-07,metal1,metal1
6.73,28.0,2.756e-11,metal1,metal1
6.595000000000001,44.73125,1.582e-10,metal1,metal1
6.7375,100.8,1.281e-09,metal1,metal1
6.745,53.2,2.209e-09,metal1,metal1
6.637499999999999,75.6,1.358e-08,metal1,metal1
6.805,98.0,8.936e-10,metal1,metal1
6.65,103.6,1.4e-07,metal1,metal1
6.805,109.2,1.876e-10,metal1,metal1
6.7425,22.4,1.086e-06,metal1,metal1
6.7525,36.4,9.842e-07,metal1,metal1
6.7425,44.8,1.582e-10,metal1,metal1
6.855,106.4,8.252e-07,metal1,metal1
6.665,33.6,7.038e-12,metal1,metal1
6.654999999999999,67.10625,6.72e-11,metal1,metal1
6.7075,47.6,7.092e-07,metal1,metal1
6.6899999999999995,67.19125,6.72e-11,metal1,metal1
6.72,50.4,2.144e-08,metal1,metal1
6.72,75.6,5.913e-09,metal1,metal1
7.0975,33.6,2.999e-15,metal1,metal1
6.7575,67.285,3.441e-08,metal1,metal1
6.715,72.88499999999999,2.365e-10,metal1,metal1
6.74,84.0,4.482e-10,metal1,metal1
6.745,103.6,7.539e-08,metal1,metal1
6.75,72.81625,2.024e-10,metal1,metal1
6.765000000000001,64.4,3.539e-08,metal1,metal1
6.77,25.2,9.263e-13,metal1,metal1
7.205,50.4,1.026e-06,metal1,metal1
6.887499999999999,75.6,5.913e-09,metal1,metal1
6.825,47.6,7.092e-07,metal1,metal1
6.785,72.73124999999999,2.024e-10,metal1,metal1
6.8025,84.0,4.482e-10,metal1,metal1
6.9,103.6,7.539e-08,metal1,metal1
6.9375,72.8,1.591e-09,metal1,metal1
7.047499999999999,64.4,2.111e-09,metal1,metal1
6.949999999999999,25.2,9.276e-13,metal1,metal1
6.942500000000001,67.2,3.441e-08,metal1,metal1
6.8975,39.2,0.0,metal1,metal1
6.8975,84.0,2.136e-10,metal1,metal1
6.8975,86.8,2.998e-12,metal1,metal1
6.8625,89.685,2.726e-11,metal1,metal1
6.91,19.6,3.15e-09,metal1,metal1
6.91,28.0,1.12e-10,metal1,metal1
6.91,47.6,1.49e-08,metal1,metal1
6.91,70.0,5.797e-09,metal1,metal1
6.9,92.3125,7.881e-12,metal1,metal1
6.915,22.4,1.524e-09,metal1,metal1
6.915,44.8,7.008e-11,metal1,metal1
6.925,100.8,8.609e-07,metal1,metal1
6.93,56.0,2.864e-09,metal1,metal1
6.93,89.685,7.566e-11,metal1,metal1
6.9350000000000005,36.4,9.618e-10,metal1,metal1
6.9350000000000005,53.2,9.54e-09,metal1,metal1
6.955,42.0,1.404e-08,metal1,metal1
6.9350000000000005,92.37125,4.496e-09,metal1,metal1
7.31875,19.6,1.507e-07,metal1,metal1
7.077500000000001,28.0,1.12e-10,metal1,metal1
7.1,47.6,1.809e-09,metal1,metal1
7.205,70.0,2.773e-07,metal1,metal1
6.970000000000001,92.45875000000001,7.522e-12,metal1,metal1
7.1025,22.4,1.524e-09,metal1,metal1
7.08,44.8,7.007e-11,metal1,metal1
7.109999999999999,100.8,8.609e-07,metal1,metal1
7.1775,39.2,2.337e-16,metal1,metal1
7.1175,56.0,2.543e-10,metal1,metal1
7.0225,84.0,2.136e-10,metal1,metal1
7.1775,86.8,2.996e-12,metal1,metal1
7.1175,89.6,1.119e-12,metal1,metal1
7.1850000000000005,36.4,9.618e-10,metal1,metal1
6.994999999999999,53.2,9.54e-09,metal1,metal1
7.04,42.0,1.404e-08,metal1,metal1
7.135,92.4,7.522e-12,metal1,metal1
7.0875,53.2,2.322e-09,metal1,metal1
7.0875,75.6,1.518e-09,metal1,metal1
7.0875,98.0,4.571e-13,metal1,metal1
7.0875,103.6,1.587e-07,metal1,metal1
7.055,109.1625,4.285e-09,metal1,metal1
7.1274999999999995,78.4,1.116e-06,metal1,metal1
7.105,67.2,4.012e-11,metal1,metal1
7.115,72.8,1.017e-06,metal1,metal1
7.115,84.0,8.52e-11,metal1,metal1
7.12,106.4,8.354e-07,metal1,metal1
7.125,30.8,4.333e-11,metal1,metal1
7.125,42.0,6.566e-08,metal1,metal1
7.1225000000000005,109.23125,1.471e-13,metal1,metal1
7.13,25.2,6.642e-10,metal1,metal1
7.65625,112.0,9.925e-08,metal1,metal1
7.952500000000001,81.2,9.032e-07,metal1,metal1
7.2925,67.2,4.012e-11,metal1,metal1
7.8,72.8,1.017e-06,metal1,metal1
7.2125,84.0,8.521e-11,metal1,metal1
7.2775,53.2,2.322e-09,metal1,metal1
7.2175,75.6,1.518e-09,metal1,metal1
7.4675,98.0,4.573e-13,metal1,metal1
7.1825,103.6,1.587e-07,metal1,metal1
7.3100000000000005,106.4,8.354e-07,metal1,metal1
7.157500000000001,109.26875000000001,1.47e-13,metal1,metal1
7.375,30.8,4.333e-11,metal1,metal1
7.3225,42.0,5.023e-11,metal1,metal1
7.375,109.2,1.469e-13,metal1,metal1
7.4925,25.2,6.642e-10,metal1,metal1
7.4275,78.4,1.116e-06,metal1,metal1
7.2775,28.0,6.816e-11,metal1,metal1
7.2325,44.885,7.007e-11,metal1,metal1
7.2775,103.6,3.969e-08,metal1,metal1
7.29,22.4,2.573e-08,metal1,metal1
7.29,44.97,4.422e-11,metal1,metal1
7.29,47.6,1.272e-06,metal1,metal1
7.295,100.8,3.509e-08,metal1,metal1
7.305,56.0,1.71e-07,metal1,metal1
7.305,89.6,8.409e-10,metal1,metal1
7.3100000000000005,84.0,8.081e-10,metal1,metal1
7.28,92.315,7.522e-12,metal1,metal1
7.3149999999999995,75.6,3.238e-10,metal1,metal1
7.3149999999999995,117.6,3.715e-15,metal1,metal1
7.3149999999999995,92.38374999999999,8.994e-12,metal1,metal1
7.33,64.4,2.305e-06,metal1,metal1
7.692500000000001,22.4,1.23e-06,metal1,metal1
7.335,44.885,4.422e-11,metal1,metal1
7.362500000000001,47.6,1.272e-06,metal1,metal1
7.577500000000001,100.8,1.04e-06,metal1,metal1
7.51,56.0,1.71e-07,metal1,metal1
7.365,89.6,8.409e-10,metal1,metal1
7.557499999999999,28.0,6.816e-11,metal1,metal1
7.557499999999999,44.8,3.035e-10,metal1,metal1
7.3675,84.0,8.081e-10,metal1,metal1
7.35,92.46875,8.994e-12,metal1,metal1
7.5625,103.6,3.969e-08,metal1,metal1
7.5649999999999995,75.6,3.238e-10,metal1,metal1
7.5649999999999995,117.6,2.31e-16,metal1,metal1
7.5025,92.4,5.596e-13,metal1,metal1
7.51,64.4,2.305e-06,metal1,metal1
7.425,39.2,9.099e-15,metal1,metal1
7.425,84.0,1.24e-09,metal1,metal1
7.425,86.8,3.154e-09,metal1,metal1
7.425,89.6,3.205e-10,metal1,metal1
7.4675,36.4,3.545e-10,metal1,metal1
7.4675,47.6,2.512e-09,metal1,metal1
7.4675,53.2,2.331e-09,metal1,metal1
8.0075,61.6,8.781e-07,metal1,metal1
7.470000000000001,67.30250000000001,5.136e-09,metal1,metal1
7.484999999999999,58.8,1.459e-09,metal1,metal1
7.484999999999999,95.2,1.82e-08,metal1,metal1
7.8575,39.2,3.873e-14,metal1,metal1
7.555,84.0,1.389e-10,metal1,metal1
7.6525,86.8,1.602e-07,metal1,metal1
7.547499999999999,89.6,1.712e-08,metal1,metal1
7.5,70.0,5.128e-09,metal1,metal1
7.5,106.4,1.545e-08,metal1,metal1
7.52,42.0,2.907e-08,metal1,metal1
7.53,33.6,2.062e-12,metal1,metal1
7.505,67.24375,5.136e-09,metal1,metal1
7.54,67.14125,4.409e-08,metal1,metal1
7.672499999999999,58.8,1.459e-09,metal1,metal1
7.5875,95.2,5.271e-07,metal1,metal1
7.6825,36.4,3.545e-10,metal1,metal1
7.6075,47.6,2.512e-09,metal1,metal1
7.657500000000001,53.2,2.331e-09,metal1,metal1
7.6875,70.0,4.367e-10,metal1,metal1
7.6875,106.4,1.356e-09,metal1,metal1
7.5725,42.0,2.907e-08,metal1,metal1
7.705,33.6,2.06e-12,metal1,metal1
7.710000000000001,67.2,6.072e-08,metal1,metal1
7.6575,30.8,4.432e-08,metal1,metal1
7.6575,42.0,1.864e-11,metal1,metal1
7.6575,109.2,6.146e-09,metal1,metal1
10.78,8.4,5.062e-14,metal1,metal1
7.67,89.6,2.365e-09,metal1,metal1
7.6850000000000005,84.0,4.525e-09,metal1,metal1
7.6850000000000005,92.4,3.789e-10,metal1,metal1
7.6899999999999995,50.4,4.798e-09,metal1,metal1
7.6899999999999995,64.4,4.256e-08,metal1,metal1
7.6899999999999995,95.2,9.749e-09,metal1,metal1
7.695,78.4,1.083e-09,metal1,metal1
7.715,47.6,3.786e-10,metal1,metal1
7.715,56.0,5.887e-10,metal1,metal1
10.90375,11.2,3.329e-13,metal1,metal1
8.06625,19.6,1.507e-07,metal1,metal1
7.9675,89.6,2.365e-09,metal1,metal1
7.879999999999999,84.0,4.525e-09,metal1,metal1
7.865,92.4,3.789e-10,metal1,metal1
7.797499999999999,30.8,4.432e-08,metal1,metal1
8.0375,42.0,1.864e-11,metal1,metal1
7.785,50.4,4.798e-09,metal1,metal1
7.8725,64.4,3.32e-10,metal1,metal1
7.8774999999999995,95.2,8.728e-10,metal1,metal1
7.7524999999999995,109.2,6.146e-09,metal1,metal1
7.945,78.4,1.083e-09,metal1,metal1
7.855,47.6,3.786e-10,metal1,metal1
7.905,56.0,5.887e-10,metal1,metal1
7.805,28.0,6.906e-12,metal1,metal1
7.805,44.8,2.529e-12,metal1,metal1
7.8475,53.2,2.537e-09,metal1,metal1
7.8475,75.6,3.231e-10,metal1,metal1
7.8475,98.0,1.803e-10,metal1,metal1
7.8475,103.6,2.008e-07,metal1,metal1
7.8475,109.2,7.042e-13,metal1,metal1
7.8475,117.6,1.385e-15,metal1,metal1
7.8875,25.2,1.013e-06,metal1,metal1
7.859999999999999,58.8,2.492e-08,metal1,metal1
7.859999999999999,100.8,2.199e-08,metal1,metal1
7.865,36.4,7.064e-11,metal1,metal1
7.95,28.0,4.19e-10,metal1,metal1
8.215,44.8,1.751e-10,metal1,metal1
7.875,70.0,2.935e-07,metal1,metal1
7.875,106.4,9.117e-07,metal1,metal1
7.85,33.685,2.06e-12,metal1,metal1
7.88,50.4,1.563e-11,metal1,metal1
7.88,86.8,1.7e-07,metal1,metal1
7.88,114.8,9.112e-10,metal1,metal1
7.885,33.61625,2.054e-12,metal1,metal1
7.890000000000001,67.2,2.697e-10,metal1,metal1
7.905,30.8,3.38e-10,metal1,metal1
11.1775,123.2,1.837e-13,metal1,metal1
8.31625,58.8,1.191e-06,metal1,metal1
8.05,100.8,4.326e-09,metal1,metal1
8.030000000000001,36.4,7.064e-11,metal1,metal1
7.985,70.0,2.935e-07,metal1,metal1
8.07,106.4,9.117e-07,metal1,metal1
7.92,33.53125,2.054e-12,metal1,metal1
7.9725,50.4,1.563e-11,metal1,metal1
8.0375,53.2,2.537e-09,metal1,metal1
8.1275,75.6,3.231e-10,metal1,metal1
8.085,86.8,1.7e-07,metal1,metal1
8.07,98.0,1.803e-10,metal1,metal1
7.9425,103.6,2.008e-07,metal1,metal1
8.1275,109.2,7.042e-13,metal1,metal1
8.0675,114.8,1.759e-10,metal1,metal1
8.2275,117.6,1.589e-16,metal1,metal1
8.0725,33.6,2.19e-12,metal1,metal1
8.2525,67.2,2.697e-10,metal1,metal1
8.145,30.8,2.344e-08,metal1,metal1
8.1025,25.2,1.013e-06,metal1,metal1
7.994999999999999,47.6,1.988e-09,metal1,metal1
8.0375,103.6,7.198e-08,metal1,metal1
8.024999999999999,92.485,3.789e-10,metal1,metal1
8.024999999999999,64.315,3.318e-10,metal1,metal1
8.1375,47.6,2.096e-10,metal1,metal1
8.065,50.4,4.9e-09,metal1,metal1
8.059999999999999,64.4,2.502e-10,metal1,metal1
8.065,95.2,5.87e-07,metal1,metal1
8.075,84.0,8.692e-09,metal1,metal1
8.075,92.57,2.955e-10,metal1,metal1
8.4275,22.4,1.23e-06,metal1,metal1
8.095,28.0,6.515e-12,metal1,metal1
8.095,56.0,8.302e-10,metal1,metal1
8.095,70.0,4.756e-09,metal1,metal1
8.094999999999999,64.485,2.502e-10,metal1,metal1
8.16,50.4,4.9e-09,metal1,metal1
8.247499999999999,64.4,2.502e-10,metal1,metal1
8.342500000000001,95.2,5.87e-07,metal1,metal1
8.2225,103.6,7.198e-08,metal1,metal1
8.182500000000001,84.0,8.692e-09,metal1,metal1
8.1275,92.485,2.955e-10,metal1,metal1
8.377500000000001,28.0,1.633e-11,metal1,metal1
8.1875,56.0,8.302e-10,metal1,metal1
8.377500000000001,70.0,3.634e-10,metal1,metal1
8.3425,92.4,2.955e-10,metal1,metal1
8.182500000000001,36.315,7.064e-11,metal1,metal1
8.2275,53.2,8.159e-09,metal1,metal1
8.2275,78.4,8.638e-09,metal1,metal1
8.24,36.23,4.473e-11,metal1,metal1
8.24,100.8,2.984e-06,metal1,metal1
8.245000000000001,112.0,6.969e-09,metal1,metal1
8.254999999999999,33.6,1.45e-09,metal1,metal1
8.254999999999999,50.4,1.059e-06,metal1,metal1
8.254999999999999,114.8,1.194e-07,metal1,metal1
8.26,98.0,9.226e-10,metal1,metal1
8.2425,89.53125,2.365e-09,metal1,metal1
8.265,106.4,8.883e-10,metal1,metal1
8.28,47.6,2.363e-10,metal1,metal1
8.28,56.0,8.848e-09,metal1,metal1
8.285,25.2,1.642e-08,metal1,metal1
8.29,39.2,6.894e-11,metal1,metal1
8.29,84.0,6.105e-09,metal1,metal1
8.29,86.8,1.774e-08,metal1,metal1
8.2775,89.59,2.416e-10,metal1,metal1
8.285,36.315,4.473e-11,metal1,metal1
8.73375,100.8,2.984e-06,metal1,metal1
8.35,112.0,2.782e-07,metal1,metal1
8.434999999999999,33.6,1.45e-09,metal1,metal1
8.344999999999999,50.4,1.059e-06,metal1,metal1
9.1725,114.8,1.194e-07,metal1,metal1
8.5075,36.4,3.071e-10,metal1,metal1
8.317499999999999,53.2,8.159e-09,metal1,metal1
8.440000000000001,78.4,8.638e-09,metal1,metal1
8.317499999999999,98.0,9.226e-10,metal1,metal1
8.3125,89.65875,2.416e-10,metal1,metal1
8.515,106.4,8.883e-10,metal1,metal1
8.46,47.6,2.363e-10,metal1,metal1
8.469999999999999,56.0,5.625e-10,metal1,metal1
8.567499999999999,25.2,1.018e-09,metal1,metal1
8.37,39.2,6.894e-11,metal1,metal1
8.4325,84.0,6.105e-09,metal1,metal1
8.36,86.8,1.774e-08,metal1,metal1
8.469999999999999,89.6,2.416e-10,metal1,metal1
8.375,53.2,1.136e-10,metal1,metal1
8.375,75.6,3.837e-11,metal1,metal1
8.375,98.0,1.418e-09,metal1,metal1
8.375,103.6,1.89e-09,metal1,metal1
8.344999999999999,109.10625,7.042e-13,metal1,metal1
8.3925,30.715,2.826e-08,metal1,metal1
8.4175,42.0,1.766e-14,metal1,metal1
8.379999999999999,109.19125,3.87e-10,metal1,metal1
8.43,64.4,4.704e-12,metal1,metal1
8.43,86.8,5.373e-09,metal1,metal1
8.435,50.4,9.492e-09,metal1,metal1
8.565000000000001,53.2,2.389e-09,metal1,metal1
8.475,75.6,2.273e-09,metal1,metal1
8.504999999999999,98.0,1.707e-10,metal1,metal1
8.469999999999999,103.6,1.68e-07,metal1,metal1
8.4475,109.285,4.836e-10,metal1,metal1
8.45,39.2,2.675e-11,metal1,metal1
8.455,112.0,5.211e-09,metal1,metal1
8.46,30.783749999999998,3.838e-09,metal1,metal1
8.475,19.6,2.444e-09,metal1,metal1
9.1,72.8,1.017e-06,metal1,metal1
8.620000000000001,64.4,4.613e-12,metal1,metal1
8.54,86.8,5.373e-09,metal1,metal1
8.54,50.4,9.492e-09,metal1,metal1
8.495000000000001,30.86875,3.838e-09,metal1,metal1
8.55,39.2,2.675e-11,metal1,metal1
8.6975,42.0,1.823e-14,metal1,metal1
8.6975,109.2,4.836e-10,metal1,metal1
8.6325,112.0,5.211e-09,metal1,metal1
8.65,30.8,3.838e-09,metal1,metal1
8.7575,19.6,2.37e-10,metal1,metal1
8.565,103.6,2.649e-09,metal1,metal1
8.6075,75.6,3.002e-13,metal1,metal1
8.5775,84.0375,8.791e-09,metal1,metal1
8.6075,92.4,1.362e-07,metal1,metal1
8.6075,117.6,0.0,metal1,metal1
12.175,137.2,1.21e-13,metal1,metal1
8.6475,33.6,9.893e-07,metal1,metal1
8.585,67.11500000000001,2.696e-10,metal1,metal1
8.620000000000001,78.4,1.085e-08,metal1,metal1
8.620000000000001,95.2,8.868e-07,metal1,metal1
8.6125,44.6975,4.426e-11,metal1,metal1
8.625,67.03,2.498e-10,metal1,metal1
8.635,98.0,1.153e-10,metal1,metal1
8.9025,103.6,3.342e-08,metal1,metal1
8.64,47.6,4.249e-11,metal1,metal1
8.645,50.4,8.622e-09,metal1,metal1
8.645,61.6,8.584e-10,metal1,metal1
8.65,39.2,8.232e-12,metal1,metal1
8.645,83.96875,1.75e-10,metal1,metal1
8.65,86.8,7.873e-09,metal1,metal1
8.65,89.6,1.383e-08,metal1,metal1
8.629999999999999,28.06875,1.633e-11,metal1,metal1
8.66,56.0,3.821e-07,metal1,metal1
8.66,70.0,3.981e-07,metal1,metal1
8.665,28.009999999999998,1.541e-11,metal1,metal1
8.6475,44.756249999999994,4.426e-11,metal1,metal1
8.7875,78.4,1.085e-08,metal1,metal1
8.9175,95.2,8.868e-07,metal1,metal1
8.682500000000001,44.85875,3.522e-11,metal1,metal1
8.6875,67.11500000000001,2.498e-10,metal1,metal1
8.9375,98.0,1.153e-10,metal1,metal1
8.75,47.6,4.249e-11,metal1,metal1
8.8875,75.6,2.994e-13,metal1,metal1
8.68,83.93125,1.75e-10,metal1,metal1
8.83,92.4,1.362e-07,metal1,metal1
8.8875,117.6,2.337e-16,metal1,metal1
8.7275,50.4,8.622e-09,metal1,metal1
8.895,61.6,8.584e-10,metal1,metal1
8.7375,39.2,8.228e-12,metal1,metal1
8.9925,84.0,1.75e-10,metal1,metal1
8.73,86.8,7.873e-09,metal1,metal1
8.7075,89.6,1.383e-08,metal1,metal1
8.7,27.94125,1.541e-11,metal1,metal1
8.8325,56.0,3.821e-07,metal1,metal1
9.315000000000001,70.0,3.981e-07,metal1,metal1
8.85,28.0,1.541e-11,metal1,metal1
8.835,44.8,3.522e-11,metal1,metal1
8.934999999999999,33.6,9.893e-07,metal1,metal1
8.84,67.2,2.498e-10,metal1,metal1
8.754999999999999,36.4,6.037e-12,metal1,metal1
8.754999999999999,53.2,1.187e-11,metal1,metal1
8.7975,89.6,1.81e-09,metal1,metal1
8.7975,106.4,2.945e-09,metal1,metal1
9.158750000000001,58.8,1.191e-06,metal1,metal1
12.475000000000001,140.0,7.048e-16,metal1,metal1
8.81,50.4,1.843e-09,metal1,metal1
8.81,64.4,3.201e-09,metal1,metal1
8.81,81.2,9.843e-07,metal1,metal1
8.81,86.8,6.533e-09,metal1,metal1
8.81,112.0,9.117e-09,metal1,metal1
9.1875,36.4,4.498e-15,metal1,metal1
8.825,39.2,6.832e-09,metal1,metal1
8.997499999999999,53.2,1.785e-09,metal1,metal1
8.83,22.4,2.275e-08,metal1,metal1
8.83,30.8,2.755e-10,metal1,metal1
8.85,25.2,1.112e-06,metal1,metal1
8.86,47.6,6.301e-11,metal1,metal1
8.9775,50.4,1.843e-09,metal1,metal1
9.0,64.4,3.201e-09,metal1,metal1
9.541250000000002,81.2,9.843e-07,metal1,metal1
9.092500000000001,86.8,6.533e-09,metal1,metal1
8.8825,112.0,9.117e-09,metal1,metal1
8.915,39.2,6.832e-09,metal1,metal1
9.0175,22.4,1.856e-09,metal1,metal1
8.8875,30.8,2.755e-10,metal1,metal1
9.1025,89.6,1.81e-09,metal1,metal1
9.105,106.4,2.945e-09,metal1,metal1
9.0225,25.2,1.112e-06,metal1,metal1
8.9375,47.6,6.301e-11,metal1,metal1
8.945,30.8,3.843e-10,metal1,metal1
8.945,42.0,0.0,metal1,metal1
8.945,109.2,5.881e-11,metal1,metal1
8.9875,78.4,9.605e-12,metal1,metal1
8.9875,112.0,5.082e-09,metal1,metal1
8.98,44.6975,3.522e-11,metal1,metal1
8.967500000000001,67.30250000000001,2.498e-10,metal1,metal1
9.004999999999999,39.2,7.391e-11,metal1,metal1
9.004999999999999,56.0,5.388e-10,metal1,metal1
9.002500000000001,67.2,1.242e-10,metal1,metal1
9.075,30.8,4.633e-11,metal1,metal1
9.377500000000001,42.0,3.748e-16,metal1,metal1
9.015,47.6,9.463e-11,metal1,metal1
9.092500000000001,109.2,3.472e-09,metal1,metal1
9.02,92.4,1.94e-07,metal1,metal1
9.03,28.0,2.524e-10,metal1,metal1
9.015,44.76625,2.908e-11,metal1,metal1
9.04,19.6,2.602e-07,metal1,metal1
9.05,44.86875,2.908e-11,metal1,metal1
9.0375,67.0975,1.242e-10,metal1,metal1
9.19,39.2,7.39e-11,metal1,metal1
9.192499999999999,56.0,5.388e-10,metal1,metal1
9.192499999999999,67.2,6.624e-09,metal1,metal1
9.1175,47.6,9.463e-11,metal1,metal1
9.2675,78.4,9.603e-12,metal1,metal1
9.1775,92.4,1.94e-07,metal1,metal1
9.105,112.0,5.082e-09,metal1,metal1
9.3925,28.0,2.524e-10,metal1,metal1
9.3925,44.8,1.655e-09,metal1,metal1
9.4125,19.6,2.602e-07,metal1,metal1
9.135,75.6,2.588e-09,metal1,metal1
9.135,117.6,0.0,metal1,metal1
9.177499999999998,50.4,7.623e-10,metal1,metal1
9.177499999999998,61.6,5.513e-13,metal1,metal1
9.19,33.6,2.084e-08,metal1,metal1
9.19,64.4,2.391e-06,metal1,metal1
9.19,112.0,1.533e-09,metal1,metal1
9.195,25.2,1.535e-09,metal1,metal1
9.195,128.8,1.809e-12,metal1,metal1
9.205,22.4,1.246e-06,metal1,metal1
9.205,30.8,3.13e-11,metal1,metal1
9.1875,75.6,2.588e-09,metal1,metal1
9.567499999999999,117.6,3.748e-16,metal1,metal1
9.215,95.2,8.669e-10,metal1,metal1
9.22,47.6,1.102e-09,metal1,metal1
9.651250000000001,100.8,2.984e-06,metal1,metal1
9.24,53.2,2.489e-10,metal1,metal1
9.24,75.6,4.653e-10,metal1,metal1
9.24,98.0,1.707e-12,metal1,metal1
9.24,103.6,1.346e-07,metal1,metal1
9.24,109.2,1.687e-12,metal1,metal1
9.379999999999999,33.6,1.842e-10,metal1,metal1
9.925,64.4,2.391e-06,metal1,metal1
9.4525,112.0,1.533e-09,metal1,metal1
9.3825,25.2,1.535e-09,metal1,metal1
9.3825,128.8,9.829e-11,metal1,metal1
9.295,22.4,1.246e-06,metal1,metal1
9.5075,30.8,3.13e-11,metal1,metal1
9.5575,50.4,7.623e-10,metal1,metal1
9.5575,61.6,5.504e-13,metal1,metal1
9.465,95.2,8.669e-10,metal1,metal1
9.5825,47.6,1.102e-09,metal1,metal1
9.42,53.2,2.489e-10,metal1,metal1
9.42,75.6,4.653e-10,metal1,metal1
9.42,98.0,1.705e-12,metal1,metal1
9.335,103.6,1.346e-07,metal1,metal1
9.42,109.2,1.685e-12,metal1,metal1
9.32,84.08500000000001,1.75e-10,metal1,metal1
9.3675,92.4,1.215e-08,metal1,metal1
9.342500000000001,39.115,7.39e-11,metal1,metal1
9.3875,84.0,4.321e-10,metal1,metal1
9.407499999999999,86.8,3.395e-06,metal1,metal1
9.407499999999999,89.6,1.758e-08,metal1,metal1
9.379999999999999,39.03,1.975e-09,metal1,metal1
9.379999999999999,56.0,1.104e-08,metal1,metal1
9.379999999999999,67.2,5.016e-08,metal1,metal1
9.379999999999999,106.4,1.654e-08,metal1,metal1
9.385,22.4,1.748e-09,metal1,metal1
9.43,103.6,1.55e-07,metal1,metal1
9.445,39.115,1.975e-09,metal1,metal1
9.96,56.0,5.281e-07,metal1,metal1
10.0475,67.2,2.394e-06,metal1,metal1
9.4525,106.4,1.654e-08,metal1,metal1
9.5725,22.4,1.748e-09,metal1,metal1
9.455,83.91499999999999,4.321e-10,metal1,metal1
9.485,92.4,1.215e-08,metal1,metal1
9.515,103.6,1.55e-07,metal1,metal1
10.0025,39.2,1.171e-06,metal1,metal1
9.61,84.0,4.321e-10,metal1,metal1
9.695,86.8,3.395e-06,metal1,metal1
9.4825,89.6,1.758e-08,metal1,metal1
9.515,78.4,7.434e-10,metal1,metal1
9.557500000000001,89.6,1.479e-07,metal1,metal1
9.557500000000001,106.4,1.572e-11,metal1,metal1
9.57,25.2,7.714e-09,metal1,metal1
9.5375,33.49625,1.84e-10,metal1,metal1
9.57,92.4,1.029e-10,metal1,metal1
9.57,128.8,6.72e-08,metal1,metal1
9.5725,33.58125,1.992e-10,metal1,metal1
9.7325,78.4,3.778e-08,metal1,metal1
9.575,53.13125,2.489e-10,metal1,metal1
9.6,75.6,8.309e-10,metal1,metal1
9.6,98.0,1.106e-09,metal1,metal1
9.6,103.6,1.37e-07,metal1,metal1
9.6,109.2,4.678e-09,metal1,metal1
9.615,58.8,1.93e-08,metal1,metal1
9.620000000000001,36.4,1.866e-12,metal1,metal1
9.61,53.19,1.717e-10,metal1,metal1
9.665,25.2,7.714e-09,metal1,metal1
9.6075,33.685,1.992e-10,metal1,metal1
9.7325,92.4,7.263e-09,metal1,metal1
10.21125,128.8,6.72e-08,metal1,metal1
9.7625,33.6,4.55e-09,metal1,metal1
9.782499999999999,89.6,1.479e-07,metal1,metal1
9.8375,106.4,1.572e-11,metal1,metal1
9.645,53.258750000000006,1.717e-10,metal1,metal1
9.8,75.6,8.309e-10,metal1,metal1
9.962499999999999,98.0,1.106e-09,metal1,metal1
9.695,103.6,1.37e-07,metal1,metal1
9.705,109.2,4.678e-09,metal1,metal1
9.8975,58.8,1.199e-09,metal1,metal1
9.8,36.4,1.856e-12,metal1,metal1
9.8,53.2,1.717e-10,metal1,metal1
9.747499999999999,95.2,5.554e-13,metal1,metal1
9.7025,112.08500000000001,1.533e-09,metal1,metal1
13.89625,134.4,1.975e-13,metal1,metal1
9.725000000000001,27.915,2.524e-10,metal1,metal1
9.787500000000001,44.8,2.133e-06,metal1,metal1
9.76,22.4,2.931e-08,metal1,metal1
9.76,25.2,2.599e-08,metal1,metal1
9.76,112.17,6.49e-12,metal1,metal1
9.765,27.83,1.168e-09,metal1,metal1
9.78,84.0,8.758e-10,metal1,metal1
9.785,19.6,1.601e-10,metal1,metal1
9.785,72.8,1.969e-08,metal1,metal1
9.79,103.6,4.091e-08,metal1,metal1
9.81,30.8,9.297e-13,metal1,metal1
9.81,42.0,8.79e-13,metal1,metal1
9.81,109.2,3.171e-12,metal1,metal1
10.49625,22.4,1.401e-06,metal1,metal1
9.95,25.2,6.469e-09,metal1,metal1
9.805,112.08500000000001,6.482e-12,metal1,metal1
9.8275,27.915,1.168e-09,metal1,metal1
9.837499999999999,84.0,8.758e-10,metal1,metal1
10.1275,95.2,5.553e-13,metal1,metal1
9.962499999999999,112.0,6.483e-12,metal1,metal1
10.035,19.6,1.601e-10,metal1,metal1
9.965,72.8,1.969e-08,metal1,metal1
10.0575,103.6,4.091e-08,metal1,metal1
9.99,30.8,9.29e-13,metal1,metal1
9.99,42.0,8.8e-13,metal1,metal1
9.99,109.2,3.174e-12,metal1,metal1
9.98,28.0,1.168e-09,metal1,metal1
9.99,44.8,2.133e-06,metal1,metal1
9.895,84.0,1.34e-09,metal1,metal1
9.8875,92.30625,1.831e-10,metal1,metal1
9.9375,50.4,7.24e-13,metal1,metal1
9.9375,61.6,2.207e-15,metal1,metal1
9.935,47.685,1.102e-09,metal1,metal1
9.95,33.6,3.111e-06,metal1,metal1
9.95,78.4,4.031e-08,metal1,metal1
9.9375,86.88749999999999,4.642e-09,metal1,metal1
9.9225,92.41,1.831e-10,metal1,metal1
9.955,126.0,1.182e-09,metal1,metal1
10.024999999999999,84.0,1.614e-10,metal1,metal1
9.9575,92.50375,7.395e-10,metal1,metal1
9.9375,69.91499999999999,3.981e-07,metal1,metal1
9.9725,69.98375,1.151e-12,metal1,metal1
9.975,89.6,7.935e-07,metal1,metal1
9.98,36.4,1.33e-09,metal1,metal1
9.98,53.2,2.446e-09,metal1,metal1
9.995000000000001,14.0,1.868e-12,metal1,metal1
9.995000000000001,47.77,7.156e-10,metal1,metal1
9.9725,86.82,3.473e-06,metal1,metal1
10.0,75.6,1.334e-10,metal1,metal1
10.0,117.6,6.728e-13,metal1,metal1
10.247499999999999,33.6,3.111e-06,metal1,metal1
10.1425,78.4,4.031e-08,metal1,metal1
10.0075,86.7325,3.043e-09,metal1,metal1
10.245000000000001,92.4,7.395e-10,metal1,metal1
10.25,126.0,6.402e-08,metal1,metal1
10.217500000000001,50.4,7.241e-13,metal1,metal1
10.217500000000001,61.6,2.571e-15,metal1,metal1
10.0075,70.06875,1.151e-12,metal1,metal1
10.16,70.0,3.38e-12,metal1,metal1
10.030000000000001,89.6,7.935e-07,metal1,metal1
10.342500000000001,36.4,1.33e-09,metal1,metal1
10.1525,53.2,2.446e-09,metal1,metal1
10.2775,14.0,1.159e-10,metal1,metal1
10.0375,47.685,7.156e-10,metal1,metal1
10.372499999999999,86.8,2.379e-09,metal1,metal1
10.1625,75.6,1.334e-10,metal1,metal1
10.18,117.6,6.731e-13,metal1,metal1
10.285,47.6,2.986e-09,metal1,metal1
10.085,89.6,1.233e-08,metal1,metal1
10.085,106.4,3.094e-13,metal1,metal1
10.9375,114.8,1.194e-07,metal1,metal1
10.14,25.2,3.274e-06,metal1,metal1
10.14,28.0,4.519e-08,metal1,metal1
10.145,72.8,7.345e-08,metal1,metal1
10.120000000000001,100.715,2.984e-06,metal1,metal1
10.145,112.0,3.198e-10,metal1,metal1
10.155,84.0,1.09e-10,metal1,metal1
10.28,89.6,1.672e-07,metal1,metal1
10.517499999999998,106.4,4.186e-14,metal1,metal1
10.16,44.8,3.945e-08,metal1,metal1
10.155000000000001,100.78375,1.081e-11,metal1,metal1
10.17,30.8,6.338e-10,metal1,metal1
10.17,42.0,6.299e-10,metal1,metal1
10.17,109.2,6.95e-09,metal1,metal1
10.18,58.8,1.31e-06,metal1,metal1
10.4375,25.2,3.274e-06,metal1,metal1
10.6375,28.0,2.162e-06,metal1,metal1
10.215,72.8,7.345e-08,metal1,metal1
10.19,100.86875,1.081e-11,metal1,metal1
10.21,112.0,3.198e-10,metal1,metal1
10.4575,84.0,1.09e-10,metal1,metal1
10.3475,44.8,3.201e-09,metal1,metal1
10.415,100.8,1.973e-09,metal1,metal1
10.532499999999999,30.8,6.338e-10,metal1,metal1
10.532499999999999,42.0,6.299e-10,metal1,metal1
10.247499999999999,109.2,6.95e-09,metal1,metal1
10.657499999999999,58.8,1.31e-06,metal1,metal1
10.93375,81.2,9.843e-07,metal1,metal1
10.275,112.0,1.184e-09,metal1,metal1
10.282499999999999,19.637500000000003,1.601e-10,metal1,metal1
10.317499999999999,72.8,3.886e-08,metal1,metal1
10.3575,53.2,5.202e-09,metal1,metal1
10.3075,75.515,1.334e-10,metal1,metal1
10.3575,98.0,1.687e-06,metal1,metal1
10.3575,103.6,2.112e-07,metal1,metal1
10.3575,109.2,3.114e-09,metal1,metal1
10.322500000000002,78.5025,6.289e-11,metal1,metal1
10.345,70.0,2.274e-09,metal1,metal1
10.5125,112.0,7.63e-11,metal1,metal1
10.35,19.637500000000003,6.428e-11,metal1,metal1
10.36,75.43,6.104e-10,metal1,metal1
10.36,117.6,4.817e-10,metal1,metal1
10.3575,78.44375,6.289e-11,metal1,metal1
10.392499999999998,78.34125,4.518e-11,metal1,metal1
10.41,70.0,2.274e-09,metal1,metal1
10.5375,19.6,1.437e-11,metal1,metal1
10.434999999999999,72.8,3.886e-08,metal1,metal1
10.41,75.515,6.104e-10,metal1,metal1
10.7225,117.6,4.819e-10,metal1,metal1
10.545,78.4,4.518e-11,metal1,metal1
10.5475,53.2,5.202e-09,metal1,metal1
10.7375,75.6,6.104e-10,metal1,metal1
10.645,98.0,1.687e-06,metal1,metal1
10.4525,103.6,2.112e-07,metal1,metal1
10.6425,109.2,3.114e-09,metal1,metal1
10.465,50.4,1.365e-14,metal1,metal1
10.465,61.6,3.198e-12,metal1,metal1
10.5075,70.0,1.908e-09,metal1,metal1
10.5075,89.6,1.298e-07,metal1,metal1
10.5075,95.2,6.335e-13,metal1,metal1
10.5475,103.6,2.268e-06,metal1,metal1
10.52,72.8,5.03e-10,metal1,metal1
10.535,44.8,2.15e-06,metal1,metal1
10.8975,50.4,4.248e-15,metal1,metal1
10.8,61.6,1.621e-10,metal1,metal1
10.54,56.0,9.765e-09,metal1,metal1
10.54,92.4,2.028e-10,metal1,metal1
10.545,33.6,2.117e-09,metal1,metal1
10.545,120.4,0.0,metal1,metal1
10.545,126.0,6.259e-11,metal1,metal1
10.545,131.6,0.0,metal1,metal1
10.56,14.0,1.284e-07,metal1,metal1
10.56,47.6,3.209e-06,metal1,metal1
10.565,39.2,1.897e-08,metal1,metal1
10.782499999999999,72.8,1.479e-08,metal1,metal1
11.4575,44.8,2.15e-06,metal1,metal1
10.7275,56.0,8.105e-10,metal1,metal1
10.6375,70.0,1.908e-09,metal1,metal1
10.745,89.6,1.298e-07,metal1,metal1
10.649999999999999,92.4,2.028e-10,metal1,metal1
10.7875,95.2,6.343e-13,metal1,metal1
10.795,33.6,2.117e-09,metal1,metal1
10.795,120.4,0.0,metal1,metal1
10.795,126.0,6.259e-11,metal1,metal1
10.795,131.6,2.31e-16,metal1,metal1
11.2075,14.0,1.284e-07,metal1,metal1
10.95375,47.6,3.209e-06,metal1,metal1
10.8475,39.2,1.167e-09,metal1,metal1
10.842500000000001,103.6,2.268e-06,metal1,metal1
11.325,64.4,2.391e-06,metal1,metal1
10.655000000000001,100.8375,1.973e-09,metal1,metal1
10.7375,36.4,2.029e-06,metal1,metal1
10.7375,53.2,1.725e-06,metal1,metal1
10.690000000000001,78.5025,4.518e-11,metal1,metal1
10.715,67.2,3.354e-09,metal1,metal1
10.715,100.875,2.697e-11,metal1,metal1
10.725,19.6,9.765e-09,metal1,metal1
10.73,16.8,3.029e-10,metal1,metal1
10.735,25.2,3.2e-09,metal1,metal1
10.735,70.0,4.096e-10,metal1,metal1
10.725,78.43375,3.737e-11,metal1,metal1
10.75,86.8,3.645e-06,metal1,metal1
10.75,112.0,1.159e-12,metal1,metal1
15.44875,142.8,1.01e-13,metal1,metal1
10.76,84.0,2.424e-12,metal1,metal1
10.76,92.4,3.023e-10,metal1,metal1
10.76,78.33125000000001,3.737e-11,metal1,metal1
10.9025,67.2,3.354e-09,metal1,metal1
10.7575,100.8375,2.697e-11,metal1,metal1
10.835,19.6,9.765e-09,metal1,metal1
10.9175,16.8,4.834e-11,metal1,metal1
10.91,100.8,2.697e-11,metal1,metal1
10.985,25.2,3.2e-09,metal1,metal1
10.985,70.0,4.096e-10,metal1,metal1
11.1025,78.4,1.798e-09,metal1,metal1
10.8275,86.8,3.645e-06,metal1,metal1
10.940000000000001,112.0,4.921e-12,metal1,metal1
10.940000000000001,84.0,2.419e-12,metal1,metal1
10.8375,92.4,3.023e-10,metal1,metal1
11.407499999999999,36.4,2.029e-06,metal1,metal1
10.94,53.2,1.725e-06,metal1,metal1
11.42375,128.8,6.72e-08,metal1,metal1
10.927499999999998,30.8,9.67e-07,metal1,metal1
10.927499999999998,42.0,9.611e-07,metal1,metal1
10.927499999999998,109.2,1.602e-06,metal1,metal1
10.9,98.0,1.767e-06,metal1,metal1
10.905,86.8,4.131e-09,metal1,metal1
10.915,56.0,5.444e-07,metal1,metal1
10.915,92.4,4.467e-10,metal1,metal1
10.945,19.6,2.979e-08,metal1,metal1
10.95,89.6,2.186e-07,metal1,metal1
10.95,106.4,7.482e-11,metal1,metal1
11.100000000000001,98.0,1.767e-06,metal1,metal1
10.997499999999999,86.8,4.131e-09,metal1,metal1
11.195,56.0,5.444e-07,metal1,metal1
11.0175,92.4,4.467e-10,metal1,metal1
10.995000000000001,19.6,2.979e-08,metal1,metal1
11.0925,89.6,2.186e-07,metal1,metal1
11.129999999999999,106.4,7.482e-11,metal1,metal1
11.3225,30.8,9.67e-07,metal1,metal1
11.49625,42.0,9.611e-07,metal1,metal1
11.32,109.2,1.602e-06,metal1,metal1
11.035,95.2,6.685e-10,metal1,metal1
11.0775,19.6,3.758e-08,metal1,metal1
11.0425,33.6375,2.117e-09,metal1,metal1
11.0775,72.8,1.38e-11,metal1,metal1
11.0775,120.4,0.0,metal1,metal1
11.0775,126.0,4.017e-14,metal1,metal1
11.0775,131.6,0.0,metal1,metal1
11.1175,75.6,1.856e-06,metal1,metal1
11.1175,117.6,7.353e-07,metal1,metal1
11.09,67.2,5.316e-08,metal1,metal1
11.09,86.8,1.536e-08,metal1,metal1
11.09,100.8,1.108e-10,metal1,metal1
11.105,16.8,3.275e-08,metal1,metal1
11.1675,95.2,3.396e-08,metal1,metal1
11.105,103.6,4.796e-08,metal1,metal1
11.11,33.6375,4.22e-11,metal1,metal1
11.11,53.2,3.19e-08,metal1,metal1
11.120000000000001,84.0,1.623e-09,metal1,metal1
11.120000000000001,92.4,2.715e-09,metal1,metal1
11.129999999999999,39.2,1.274e-06,metal1,metal1
11.100000000000001,111.91499999999999,4.92e-12,metal1,metal1
11.5625,28.0,2.162e-06,metal1,metal1
11.135,58.8,2.122e-08,metal1,metal1
11.135,61.6,6.301e-10,metal1,metal1
11.135,111.97375,2.477e-12,metal1,metal1
11.377500000000001,67.2,2.541e-06,metal1,metal1
11.184999999999999,86.8,1.536e-08,metal1,metal1
11.2575,100.8,1.108e-10,metal1,metal1
11.5,16.8,3.275e-08,metal1,metal1
11.675,103.6,2.384e-06,metal1,metal1
11.309999999999999,19.6,6.16e-12,metal1,metal1
11.2975,33.6,1.446e-12,metal1,metal1
11.2975,53.2,2.593e-09,metal1,metal1
11.3575,72.8,1.38e-11,metal1,metal1
11.4575,120.4,0.0,metal1,metal1
11.4575,126.0,3.973e-14,metal1,metal1
11.4575,131.6,4.768e-16,metal1,metal1
11.4825,84.0,1.623e-09,metal1,metal1
11.4825,92.4,2.715e-09,metal1,metal1
11.5025,39.2,1.274e-06,metal1,metal1
11.17,112.05875,2.477e-12,metal1,metal1
11.4175,58.8,1.297e-09,metal1,metal1
11.2325,61.6,6.301e-10,metal1,metal1
11.307500000000001,112.0,2.476e-12,metal1,metal1
11.723749999999999,75.6,1.856e-06,metal1,metal1
12.01375,117.6,7.353e-07,metal1,metal1
11.89875,22.4,1.401e-06,metal1,metal1
11.2675,25.2,9.42e-12,metal1,metal1
11.2675,70.0,4.087e-10,metal1,metal1
11.2375,89.685,1.388e-07,metal1,metal1
11.28,86.8,2.064e-08,metal1,metal1
11.3,95.2,6.261e-10,metal1,metal1
11.3,98.0,3.268e-08,metal1,metal1
11.305,89.61625000000001,1.481e-08,metal1,metal1
11.31,106.4,5.356e-08,metal1,metal1
11.33,50.4,7.549e-12,metal1,metal1
11.33,61.6,3.217e-09,metal1,metal1
11.67125,47.6,3.209e-06,metal1,metal1
11.385,86.8,2.064e-08,metal1,metal1
11.6475,25.2,9.421e-12,metal1,metal1
11.5475,70.0,4.087e-10,metal1,metal1
11.34,89.53125,1.481e-08,metal1,metal1
11.4875,95.2,5.337e-11,metal1,metal1
11.4875,98.0,2.736e-09,metal1,metal1
11.5525,89.6,1.481e-08,metal1,metal1
11.4925,106.4,5.356e-08,metal1,metal1
11.51,50.4,7.553e-12,metal1,metal1
11.51,61.6,1.806e-11,metal1,metal1
11.4575,100.8,6.739e-11,metal1,metal1
11.497499999999999,78.4,2.26e-06,metal1,metal1
11.475,56.0,2.341e-08,metal1,metal1
11.4525,111.91499999999999,2.477e-12,metal1,metal1
11.485,33.6,9.467e-10,metal1,metal1
11.485,53.2,1.741e-06,metal1,metal1
11.49,86.8,6.941e-08,metal1,metal1
11.4875,111.98375,1.241e-11,metal1,metal1
11.51,19.6,3.303e-08,metal1,metal1
11.7575,56.0,7.236e-07,metal1,metal1
11.5225,112.06875,1.241e-11,metal1,metal1
11.575,33.6,9.467e-10,metal1,metal1
11.68,53.2,1.741e-06,metal1,metal1
11.6775,86.8,1.113e-08,metal1,metal1
11.7375,100.8,6.739e-11,metal1,metal1
11.780000000000001,112.0,4.568e-10,metal1,metal1
11.557500000000001,19.6,3.303e-08,metal1,metal1
11.879999999999999,78.4,2.26e-06,metal1,metal1
11.605,19.6,4.945e-10,metal1,metal1
11.605,72.8,2.598e-10,metal1,metal1
11.665,33.6,1.567e-09,metal1,metal1
11.665,67.2,3.5e-09,metal1,metal1
11.665,81.2,1.82e-08,metal1,metal1
11.7375,19.6,7.904e-09,metal1,metal1
11.6425,72.8,2.598e-10,metal1,metal1
11.675,95.2,3.712e-08,metal1,metal1
11.675,98.0,1.838e-06,metal1,metal1
11.675,106.4,8.799e-11,metal1,metal1
11.68,72.8,2.976e-10,metal1,metal1
11.68,109.2,1.612e-06,metal1,metal1
11.685,30.8,8.938e-10,metal1,metal1
11.69,50.4,5.407e-09,metal1,metal1
11.66,61.53125,1.806e-11,metal1,metal1
11.7,58.8,1.417e-06,metal1,metal1
11.695,61.599999999999994,2.363e-10,metal1,metal1
11.735,33.6,1.567e-09,metal1,metal1
11.8525,67.2,3.5e-09,metal1,metal1
11.8525,81.2,1.511e-09,metal1,metal1
11.787500000000001,95.2,3.712e-08,metal1,metal1
12.21625,98.0,1.838e-06,metal1,metal1
11.855,106.4,6.21e-08,metal1,metal1
11.8675,72.8,4.009e-13,metal1,metal1
11.955,109.2,1.612e-06,metal1,metal1
11.935,30.8,8.938e-10,metal1,metal1
11.7925,50.4,5.407e-09,metal1,metal1
11.73,61.66875,2.363e-10,metal1,metal1
12.07,58.8,1.417e-06,metal1,metal1
12.057500000000001,61.6,2.363e-10,metal1,metal1
11.795,70.0,4.853e-11,metal1,metal1
11.795,89.6,5.9e-09,metal1,metal1
11.837499999999999,33.6,9.824e-10,metal1,metal1
11.837499999999999,120.4,0.0,metal1,metal1
11.837499999999999,126.0,0.0,metal1,metal1
11.837499999999999,131.6,7.616e-13,metal1,metal1
11.877500000000001,84.0,2.477e-06,metal1,metal1
11.877500000000001,92.4,4.142e-06,metal1,metal1
11.855,14.0,1.839e-10,metal1,metal1
11.855,114.8,5.514e-09,metal1,metal1
11.895,70.0,2.874e-09,metal1,metal1
11.865,86.8,3.891e-06,metal1,metal1
11.915,89.6,3.146e-07,metal1,metal1
11.870000000000001,19.6,1.457e-10,metal1,metal1
11.875,39.2,1.905e-07,metal1,metal1
11.875,53.2,1.699e-09,metal1,metal1
12.219999999999999,16.8,3.275e-08,metal1,metal1
11.895,50.4,8.82e-11,metal1,metal1
11.9,95.2,5.338e-11,metal1,metal1
12.0425,14.0,1.839e-10,metal1,metal1
11.96,114.8,1.792e-07,metal1,metal1
12.06,86.8,3.891e-06,metal1,metal1
12.057500000000001,19.6,1.242e-11,metal1,metal1
11.955,33.6,9.824e-10,metal1,metal1
12.1175,120.4,0.0,metal1,metal1
12.1175,126.0,2.337e-16,metal1,metal1
12.1175,131.6,7.603e-13,metal1,metal1
11.969999999999999,39.2,1.905e-07,metal1,metal1
12.125,53.2,1.699e-09,metal1,metal1
12.155000000000001,50.4,4.174e-11,metal1,metal1
12.08,95.2,5.337e-11,metal1,metal1
12.08,84.0,2.477e-06,metal1,metal1
12.1775,92.4,4.142e-06,metal1,metal1
11.985,100.8,1.333e-12,metal1,metal1
11.985,25.115000000000002,9.421e-12,metal1,metal1
12.0275,70.0,3.797e-13,metal1,metal1
12.498750000000001,42.0,9.611e-07,metal1,metal1
12.067499999999999,89.6,5.362e-08,metal1,metal1
12.067499999999999,106.4,1.749e-06,metal1,metal1
12.04,33.6,2.62e-10,metal1,metal1
12.04,56.0,1.533e-08,metal1,metal1
12.04,67.2,1.267e-08,metal1,metal1
12.04,81.2,1.015e-06,metal1,metal1
12.045,25.03,6.925e-12,metal1,metal1
12.045,36.4,3.752e-08,metal1,metal1
12.055,72.8,2.34e-11,metal1,metal1
12.4175,100.8,2.624e-15,metal1,metal1
12.06,28.0,3.998e-08,metal1,metal1
12.06,64.4,4.422e-08,metal1,metal1
12.06,112.0,1.065e-08,metal1,metal1
12.065,39.2,1.024e-07,metal1,metal1
12.065,47.6,3.137e-09,metal1,metal1
12.065,114.8,1.559e-10,metal1,metal1
12.065,128.8,6.569e-11,metal1,metal1
12.2025,33.6,2.62e-10,metal1,metal1
12.23,56.0,4.011e-09,metal1,metal1
12.157499999999999,67.2,1.267e-08,metal1,metal1
12.145,81.2,1.015e-06,metal1,metal1
12.0875,25.115000000000002,6.927e-12,metal1,metal1
12.2325,36.4,3.165e-09,metal1,metal1
12.2625,72.8,2.34e-11,metal1,metal1
12.24,25.2,4.922e-13,metal1,metal1
12.2475,28.0,3.244e-09,metal1,metal1
12.2475,64.4,3.585e-09,metal1,metal1
12.307500000000001,70.0,3.789e-13,metal1,metal1
12.1425,112.0,1.065e-08,metal1,metal1
12.219999999999999,39.2,1.024e-07,metal1,metal1
12.315,47.6,3.137e-09,metal1,metal1
12.315,114.8,1.559e-10,metal1,metal1
12.315,128.8,6.569e-11,metal1,metal1
12.355,89.6,5.362e-08,metal1,metal1
12.4525,106.4,1.749e-06,metal1,metal1
12.217500000000001,30.8,5.277e-08,metal1,metal1
12.2575,112.0,3.201e-06,metal1,metal1
12.23,14.0,5.722e-09,metal1,metal1
12.217500000000001,78.50375,1.582e-09,metal1,metal1
12.23,109.2,1.631e-06,metal1,metal1
12.245000000000001,19.6,8.64e-09,metal1,metal1
12.245000000000001,103.6,5.034e-08,metal1,metal1
12.25,81.2,1.346e-06,metal1,metal1
12.25,84.0,4.58e-08,metal1,metal1
12.254999999999999,86.8,3.804e-09,metal1,metal1
12.26,95.2,1.092e-09,metal1,metal1
12.275,67.2,4.315e-08,metal1,metal1
12.252500000000001,78.435,1.582e-09,metal1,metal1
12.80125,75.6,1.856e-06,metal1,metal1
12.895,14.0,2.737e-07,metal1,metal1
12.287500000000001,78.33125000000001,7.576e-09,metal1,metal1
12.807500000000001,109.2,1.631e-06,metal1,metal1
12.3575,19.6,8.64e-09,metal1,metal1
12.6425,103.6,2.499e-06,metal1,metal1
12.3575,30.8,5.277e-08,metal1,metal1
12.73875,81.2,1.346e-06,metal1,metal1
12.4375,84.0,3.778e-09,metal1,metal1
12.504999999999999,86.8,3.804e-09,metal1,metal1
12.622499999999999,95.2,1.092e-09,metal1,metal1
12.557500000000001,67.2,4.906e-09,metal1,metal1
12.442499999999999,78.4,7.432e-09,metal1,metal1
12.3575,112.0,3.201e-06,metal1,metal1
12.365,33.6,3.205e-09,metal1,metal1
12.365,120.4,0.0,metal1,metal1
12.365,126.0,4.549e-15,metal1,metal1
12.365,131.6,8.004e-10,metal1,metal1
12.407499999999999,39.2,2.157e-07,metal1,metal1
12.407499999999999,53.2,2.942e-09,metal1,metal1
13.2325,44.8,2.15e-06,metal1,metal1
12.4025,50.485,4.174e-11,metal1,metal1
12.447500000000002,61.6,1.878e-06,metal1,metal1
12.42,25.2,3.268e-10,metal1,metal1
12.42,36.4,2.127e-06,metal1,metal1
12.42,56.0,2.772e-06,metal1,metal1
12.425,112.0,1.7e-09,metal1,metal1
12.435,28.0,2.178e-06,metal1,metal1
12.7975,33.6,1.804e-12,metal1,metal1
12.435,64.4,2.407e-06,metal1,metal1
12.7975,120.4,3.748e-16,metal1,metal1
12.7975,126.0,2.499e-16,metal1,metal1
12.594999999999999,131.6,4.067e-08,metal1,metal1
12.44,58.8,2.62e-08,metal1,metal1
12.445,92.4,4.049e-09,metal1,metal1
12.46,50.57,2.169e-06,metal1,metal1
12.465,30.8,4.024e-10,metal1,metal1
12.47,19.6,1.324e-11,metal1,metal1
12.47,72.8,1.236e-08,metal1,metal1
12.4875,25.2,3.268e-10,metal1,metal1
13.0125,36.4,2.127e-06,metal1,metal1
12.6125,56.0,2.772e-06,metal1,metal1
12.6125,112.0,1.7e-09,metal1,metal1
12.545,28.0,2.178e-06,metal1,metal1
12.82,64.4,2.407e-06,metal1,metal1
12.5025,39.2,2.157e-07,metal1,metal1
12.7375,53.2,2.942e-09,metal1,metal1
12.6275,58.8,2.134e-09,metal1,metal1
12.695,92.4,4.049e-09,metal1,metal1
12.504999999999999,50.485,2.169e-06,metal1,metal1
12.705,30.8,2.791e-08,metal1,metal1
12.65,19.6,1.324e-11,metal1,metal1
12.5625,72.8,1.236e-08,metal1,metal1
12.6425,50.4,2.169e-06,metal1,metal1
12.745000000000001,61.6,1.878e-06,metal1,metal1
12.555,25.2,5.078e-09,metal1,metal1
12.555,70.0,3.273e-09,metal1,metal1
12.5975,39.2,5.394e-08,metal1,metal1
12.5975,47.6,2.014e-12,metal1,metal1
12.5975,114.8,1.978e-08,metal1,metal1
12.5975,128.8,4.294e-14,metal1,metal1
12.61,78.4,2.213e-08,metal1,metal1
12.6,89.51249999999999,1.621e-11,metal1,metal1
12.615,16.8,5.018e-11,metal1,metal1
12.785,25.2,2.577e-07,metal1,metal1
12.6075,70.0,3.273e-09,metal1,metal1
12.625,84.0,2.538e-06,metal1,metal1
12.635,22.4,1.38e-09,metal1,metal1
12.655,28.0,3.529e-08,metal1,metal1
12.655,72.8,1.332e-08,metal1,metal1
12.66,70.0,5.886e-10,metal1,metal1
12.635,89.57124999999999,3.202e-08,metal1,metal1
12.725,78.4,2.213e-08,metal1,metal1
12.67,89.65875,2.188e-11,metal1,metal1
12.8025,16.8,5.018e-11,metal1,metal1
12.7225,84.0,2.538e-06,metal1,metal1
12.8825,39.2,5.394e-08,metal1,metal1
12.9775,47.6,2.015e-12,metal1,metal1
12.7175,114.8,1.978e-08,metal1,metal1
12.9775,128.8,4.212e-14,metal1,metal1
12.885,22.4,1.38e-09,metal1,metal1
12.9375,28.0,2.093e-09,metal1,metal1
12.7425,72.8,1.332e-08,metal1,metal1
12.84,70.0,5.886e-10,metal1,metal1
12.84,89.6,2.188e-11,metal1,metal1
12.787500000000001,86.8,2.438e-12,metal1,metal1
13.22875,98.0,1.838e-06,metal1,metal1
12.7775,111.89750000000001,1.7e-09,metal1,metal1
12.805,50.4,3.039e-09,metal1,metal1
12.805,56.0,3.883e-09,metal1,metal1
12.805,106.4,2.452e-09,metal1,metal1
12.805,114.8,2.234e-11,metal1,metal1
12.815,58.8,1.433e-06,metal1,metal1
12.82,84.0,4.693e-08,metal1,metal1
12.8125,111.96625,6.677e-10,metal1,metal1
12.825,131.6,4.348e-08,metal1,metal1
12.83,19.6,8.38e-10,metal1,metal1
12.83,72.8,6.499e-08,metal1,metal1
12.84,67.2,2.798e-06,metal1,metal1
12.84,78.4,4.542e-06,metal1,metal1
12.85,100.8,3.563e-12,metal1,metal1
12.8475,112.06875,6.677e-10,metal1,metal1
12.9925,50.4,3.039e-09,metal1,metal1
12.9925,56.0,3.883e-09,metal1,metal1
12.9925,106.4,2.452e-09,metal1,metal1
12.9925,114.8,2.234e-11,metal1,metal1
13.67125,117.6,7.353e-07,metal1,metal1
13.21,58.8,1.433e-06,metal1,metal1
13.0075,84.0,3.889e-09,metal1,metal1
13.1675,86.8,2.438e-12,metal1,metal1
13.075,112.0,6.925e-09,metal1,metal1
13.0275,131.6,4.348e-08,metal1,metal1
13.192499999999999,19.6,8.383e-10,metal1,metal1
13.025,72.8,7.742e-11,metal1,metal1
13.0125,67.2,2.798e-06,metal1,metal1
12.9175,78.4,4.542e-06,metal1,metal1
13.030000000000001,100.8,3.563e-12,metal1,metal1
12.9525,30.715,3.364e-08,metal1,metal1
12.9775,92.4,2.597e-12,metal1,metal1
13.0175,95.2,1.666e-06,metal1,metal1
12.99,16.8,3.865e-09,metal1,metal1
12.995000000000001,78.4,8.39e-08,metal1,metal1
13.01,61.6,3.468e-08,metal1,metal1
13.015,25.2,2.755e-07,metal1,metal1
13.02,70.0,1.051e-09,metal1,metal1
13.02,89.6,1.747e-09,metal1,metal1
13.02,30.783749999999998,4.377e-09,metal1,metal1
13.035,42.0,1.556e-08,metal1,metal1
13.035,53.2,3.043e-08,metal1,metal1
13.3675,103.6,2.499e-06,metal1,metal1
13.440000000000001,16.8,1.849e-07,metal1,metal1
13.182500000000001,78.4,1.448e-09,metal1,metal1
13.055,30.86875,4.377e-09,metal1,metal1
13.1975,61.6,1.418e-10,metal1,metal1
13.3575,92.4,2.596e-12,metal1,metal1
13.217500000000001,25.2,2.755e-07,metal1,metal1
13.219999999999999,70.0,1.051e-09,metal1,metal1
13.3825,89.6,1.747e-09,metal1,metal1
13.2675,30.8,4.377e-09,metal1,metal1
13.307500000000001,42.0,2.528e-10,metal1,metal1
13.085,53.2,3.043e-08,metal1,metal1
13.2125,95.2,1.666e-06,metal1,metal1
13.135,22.362499999999997,1.06e-08,metal1,metal1
13.1675,39.2,2.729e-07,metal1,metal1
13.1675,53.2,3.833e-08,metal1,metal1
13.18,50.4,4.837e-08,metal1,metal1
13.18,56.0,6.111e-08,metal1,metal1
13.18,106.4,3.981e-08,metal1,metal1
13.18,114.8,3.608e-08,metal1,metal1
13.157499999999999,67.30250000000001,2.798e-06,metal1,metal1
13.195,84.0,2.612e-06,metal1,metal1
13.192499999999999,67.2175,1.003e-10,metal1,metal1
13.2025,22.43125,3.635e-13,metal1,metal1
13.205,64.4,2.367e-09,metal1,metal1
13.21,100.8,2.55e-09,metal1,metal1
13.22,28.0,2.284e-06,metal1,metal1
13.22,72.8,9.45e-09,metal1,metal1
13.64625,81.2,1.346e-06,metal1,metal1
13.23,33.6,3.817e-12,metal1,metal1
13.23,120.4,6.559e-13,metal1,metal1
13.23,126.0,6.626e-13,metal1,metal1
13.23,131.6,2.869e-07,metal1,metal1
13.6775,50.4,2.312e-06,metal1,metal1
13.8575,56.0,2.921e-06,metal1,metal1
13.855,106.4,1.903e-06,metal1,metal1
13.2525,114.8,3.608e-08,metal1,metal1
13.2275,67.11500000000001,1.003e-10,metal1,metal1
13.2925,84.0,2.612e-06,metal1,metal1
13.2375,22.46875,3.635e-13,metal1,metal1
13.2625,39.2,2.729e-07,metal1,metal1
13.399999999999999,53.2,6.242e-12,metal1,metal1
13.379999999999999,67.2,1.211e-10,metal1,metal1
13.455,22.4,3.636e-13,metal1,metal1
13.455,64.4,2.367e-09,metal1,metal1
13.5725,100.8,2.551e-09,metal1,metal1
13.7725,28.0,2.284e-06,metal1,metal1
13.3875,72.8,9.45e-09,metal1,metal1
13.41,33.6,3.812e-12,metal1,metal1
13.41,120.4,6.56e-13,metal1,metal1
13.41,126.0,6.631e-13,metal1,metal1
13.2775,131.6,2.869e-07,metal1,metal1
13.3575,39.2,9.781e-08,metal1,metal1
13.3575,47.6,4.691e-12,metal1,metal1
13.3575,112.0,2.346e-11,metal1,metal1
13.3575,114.8,7.61e-08,metal1,metal1
13.3575,128.8,0.0,metal1,metal1
13.3575,131.6,7.784e-08,metal1,metal1
13.3475,78.485,1.448e-09,metal1,metal1
13.375,75.6,2.602e-09,metal1,metal1
13.3475,95.11500000000001,1.666e-06,metal1,metal1
13.3525,61.515,1.418e-10,metal1,metal1
13.385,109.2,8.701e-09,metal1,metal1
13.3875,61.6,2.5e-10,metal1,metal1
13.39,84.0,4.831e-08,metal1,metal1
13.3825,95.2,1.254e-10,metal1,metal1
13.3825,78.41624999999999,8.22e-10,metal1,metal1
13.42,25.2,1.818e-06,metal1,metal1
13.42,70.0,1.461e-10,metal1,metal1
13.4175,78.33125000000001,8.22e-10,metal1,metal1
13.5625,75.6,2.602e-09,metal1,metal1
13.4175,95.285,1.254e-10,metal1,metal1
13.4225,61.685,2.5e-10,metal1,metal1
13.485,109.2,8.701e-09,metal1,metal1
13.5425,39.2,9.781e-08,metal1,metal1
13.6375,47.6,4.69e-12,metal1,metal1
13.4775,61.6,2.5e-10,metal1,metal1
13.5775,84.0,4.005e-09,metal1,metal1
13.5775,95.2,3.288e-09,metal1,metal1
13.7375,112.0,2.346e-11,metal1,metal1
13.6375,114.8,8.167e-09,metal1,metal1
13.6375,128.8,0.0,metal1,metal1
13.49,131.6,7.784e-08,metal1,metal1
13.645,78.4,8.22e-10,metal1,metal1
13.467500000000001,25.2,1.818e-06,metal1,metal1
13.5825,70.0,1.461e-10,metal1,metal1
13.504999999999999,30.8,8.615e-11,metal1,metal1
13.5475,25.2,4.932e-07,metal1,metal1
13.5475,86.8,9.514e-13,metal1,metal1
13.587499999999999,19.6,1.279e-06,metal1,metal1
13.587499999999999,72.8,2.154e-06,metal1,metal1
13.56,14.0,5.583e-07,metal1,metal1
13.532499999999999,67.30250000000001,1.211e-10,metal1,metal1
13.565,61.6,5.566e-09,metal1,metal1
13.9375,30.8,5.798e-14,metal1,metal1
13.567499999999999,67.2175,5.324e-10,metal1,metal1
13.555,42.085,2.529e-10,metal1,metal1
13.585,109.2,1.706e-09,metal1,metal1
13.59,33.6,2.727e-09,metal1,metal1
13.59,120.4,4.696e-10,metal1,metal1
13.59,126.0,4.749e-10,metal1,metal1
13.59,131.6,3.497e-08,metal1,metal1
13.59,42.01625,2.165e-10,metal1,metal1
13.6,53.2,3.371e-08,metal1,metal1
14.127500000000001,36.4,2.127e-06,metal1,metal1
13.605,58.8,2.322e-08,metal1,metal1
14.057500000000001,14.0,5.583e-07,metal1,metal1
13.6025,67.11500000000001,5.324e-10,metal1,metal1
13.665,61.6,5.566e-09,metal1,metal1
14.15875,67.2,2.966e-06,metal1,metal1
13.68,25.2,4.932e-07,metal1,metal1
13.625,41.93125,2.165e-10,metal1,metal1
13.8275,86.8,9.506e-13,metal1,metal1
13.835,109.2,1.706e-09,metal1,metal1
13.9525,33.6,2.727e-09,metal1,metal1
13.9525,120.4,4.698e-10,metal1,metal1
13.9525,126.0,4.749e-10,metal1,metal1
13.8375,131.6,3.497e-08,metal1,metal1
13.7775,42.0,1.7e-09,metal1,metal1
13.6475,53.2,3.371e-08,metal1,metal1
13.8875,58.8,1.412e-09,metal1,metal1
13.7075,19.6,1.279e-06,metal1,metal1
13.79,72.8,2.154e-06,metal1,metal1
13.695,39.2,2.568e-09,metal1,metal1
13.695,53.2,3.923e-09,metal1,metal1
13.7375,22.4,1.52e-08,metal1,metal1
13.705,64.36250000000001,1.374e-08,metal1,metal1
13.7375,92.4,4.415e-15,metal1,metal1
13.7275,70.08500000000001,1.461e-10,metal1,metal1
13.7775,89.6,2.666e-06,metal1,metal1
13.75,75.6,4.215e-08,metal1,metal1
13.79,39.2,2.283e-07,metal1,metal1
13.925,53.2,1.656e-07,metal1,metal1
13.765,61.6,1.325e-08,metal1,metal1
13.765,84.0,2.69e-06,metal1,metal1
13.765,95.2,1.801e-06,metal1,metal1
13.765,103.6,5.26e-08,metal1,metal1
13.77,98.0,1.849e-06,metal1,metal1
13.7725,64.43125,4.708e-13,metal1,metal1
13.78,25.2,2.216e-07,metal1,metal1
13.78,70.17,1.135e-07,metal1,metal1
13.795,19.6,2.073e-08,metal1,metal1
14.14,75.6,2.015e-06,metal1,metal1
13.8525,61.6,1.325e-08,metal1,metal1
13.875,84.0,2.69e-06,metal1,metal1
14.055,95.2,1.801e-06,metal1,metal1
14.2425,103.6,2.604e-06,metal1,metal1
13.8325,22.4,1.52e-08,metal1,metal1
13.807500000000001,64.46875,4.708e-13,metal1,metal1
14.0175,92.4,2.571e-15,metal1,metal1
14.1675,98.0,1.849e-06,metal1,metal1
14.025,64.4,4.708e-13,metal1,metal1
14.0275,25.2,2.216e-07,metal1,metal1
13.83,70.08500000000001,1.135e-07,metal1,metal1
14.0775,19.6,1.268e-09,metal1,metal1
14.0775,70.0,1.135e-07,metal1,metal1
14.17,89.6,2.666e-06,metal1,metal1
13.885,39.2,3.6e-09,metal1,metal1
13.885,47.6,4.935e-09,metal1,metal1
13.885,114.8,1.143e-10,metal1,metal1
13.885,128.8,0.0,metal1,metal1
14.27,16.8,1.849e-07,metal1,metal1
13.927499999999998,22.4,1.742e-12,metal1,metal1
13.927499999999998,78.4,4.916e-09,metal1,metal1
13.967500000000001,100.8,3.892e-06,metal1,metal1
13.94,61.6,4.353e-08,metal1,metal1
14.2225,39.2,4.541e-08,metal1,metal1
13.955,42.0,1.086e-06,metal1,metal1
14.115,47.6,2.507e-07,metal1,metal1
14.2075,114.8,2.36e-09,metal1,metal1
14.317499999999999,128.8,6.247e-16,metal1,metal1
13.96,72.8,3.983e-08,metal1,metal1
13.985,8.4,1.568e-12,metal1,metal1
13.985,84.0,4.359e-08,metal1,metal1
14.247499999999999,61.6,2.07e-06,metal1,metal1
14.065000000000001,42.0,1.086e-06,metal1,metal1
14.2075,22.4,1.742e-12,metal1,metal1
14.1475,72.8,3.232e-09,metal1,metal1
14.055,78.4,4.916e-09,metal1,metal1
14.2675,8.4,9.693e-11,metal1,metal1
14.2675,84.0,2.581e-09,metal1,metal1
14.3875,100.8,3.892e-06,metal1,metal1
14.075,86.8,1.003e-09,metal1,metal1
14.1175,109.2,3.641e-09,metal1,metal1
14.075,112.08500000000001,2.347e-11,metal1,metal1
14.1175,131.6,1.126e-07,metal1,metal1
14.135,81.2,2.488e-08,metal1,metal1
14.135,112.17,1.465e-11,metal1,metal1
14.302499999999998,86.8,5.097e-08,metal1,metal1
14.15,11.2,2.98e-14,metal1,metal1
14.15,78.4,9.046e-11,metal1,metal1
14.155,44.8,5.164e-09,metal1,metal1
14.155,53.2,1.771e-07,metal1,metal1
14.17,58.8,1.542e-06,metal1,metal1
14.175,42.0,1.76e-08,metal1,metal1
14.6025,50.4,2.312e-06,metal1,metal1
20.5825,5.6,3.192e-13,metal1,metal1
14.3225,81.2,2.05e-09,metal1,metal1
14.1775,112.08500000000001,1.466e-11,metal1,metal1
14.3325,11.2,1.761e-12,metal1,metal1
14.3375,78.4,1.631e-11,metal1,metal1
14.2475,109.2,3.641e-09,metal1,metal1
14.33,112.0,1.466e-11,metal1,metal1
14.2325,131.6,1.126e-07,metal1,metal1
14.26,44.8,5.164e-09,metal1,metal1
14.3575,53.2,1.771e-07,metal1,metal1
14.7225,58.8,1.542e-06,metal1,metal1
14.4575,42.0,1.09e-09,metal1,metal1
14.265,92.4,6.369e-14,metal1,metal1
14.307500000000001,25.2,7.137e-07,metal1,metal1
14.307500000000001,64.4,1.969e-08,metal1,metal1
20.755,2.8,1.708e-13,metal1,metal1
14.3475,33.6,4.161e-06,metal1,metal1
14.3475,120.4,7.169e-07,metal1,metal1
14.3475,126.0,7.246e-07,metal1,metal1
14.3475,131.6,6.586e-08,metal1,metal1
14.325,28.0,4.225e-08,metal1,metal1
14.335,72.8,2.17e-06,metal1,metal1
14.697500000000002,92.4,3.232e-12,metal1,metal1
14.345,47.6,2.681e-07,metal1,metal1
14.345,70.0,1.395e-06,metal1,metal1
14.345,95.2,1.761e-09,metal1,metal1
14.345,109.2,7.829e-10,metal1,metal1
14.36,19.6,1.384e-06,metal1,metal1
14.365,44.8,2.034e-10,metal1,metal1
14.370000000000001,30.8,1.715e-11,metal1,metal1
14.5125,28.0,3.56e-09,metal1,metal1
14.907499999999999,72.8,2.17e-06,metal1,metal1
14.4225,25.2,7.137e-07,metal1,metal1
14.4025,64.4,1.969e-08,metal1,metal1
14.5475,47.6,2.681e-07,metal1,metal1
14.425,70.0,1.395e-06,metal1,metal1
14.595,95.2,1.761e-09,metal1,metal1
14.595,109.2,7.829e-10,metal1,metal1
14.6475,19.6,1.384e-06,metal1,metal1
14.51,44.8,2.034e-10,metal1,metal1
14.55,30.8,1.714e-11,metal1,metal1
15.0275,33.6,4.161e-06,metal1,metal1
14.6475,120.4,7.169e-07,metal1,metal1
14.4475,126.0,7.246e-07,metal1,metal1
14.5125,131.6,6.586e-08,metal1,metal1
14.425,22.30625,1.742e-12,metal1,metal1
14.46,22.39125,9.574e-10,metal1,metal1
14.497499999999999,64.4,2.258e-12,metal1,metal1
14.537500000000001,25.2,4.173e-07,metal1,metal1
14.537500000000001,70.0,6.528e-07,metal1,metal1
14.51,81.2,1.377e-06,metal1,metal1
14.51,112.0,7.567e-10,metal1,metal1
14.485,11.0975,1.972e-12,metal1,metal1
14.515,123.2,3.307e-09,metal1,metal1
14.515,126.0,9.585e-08,metal1,metal1
14.52,11.1825,2.101e-12,metal1,metal1
14.5275,22.485,1.196e-09,metal1,metal1
14.525,78.4,1.125e-08,metal1,metal1
14.53,75.6,3.726e-08,metal1,metal1
14.53,86.8,9.41e-10,metal1,metal1
14.53,89.6,2.676e-06,metal1,metal1
14.53,106.4,1.913e-06,metal1,metal1
14.53,114.8,7.835e-09,metal1,metal1
14.535,56.0,2.853e-09,metal1,metal1
14.535,117.6,4.345e-10,metal1,metal1
14.55,8.4,1.074e-07,metal1,metal1
14.55,84.0,2.818e-06,metal1,metal1
14.9825,14.0,5.583e-07,metal1,metal1
14.555,61.6,3.355e-08,metal1,metal1
14.56,39.2,1.829e-07,metal1,metal1
14.56,53.2,1.168e-06,metal1,metal1
14.8925,98.0,1.849e-06,metal1,metal1
14.807500000000001,81.2,1.377e-06,metal1,metal1
14.5775,112.0,7.567e-10,metal1,metal1
14.555,11.285,2.101e-12,metal1,metal1
15.0125,123.2,1.791e-07,metal1,metal1
14.61,126.0,9.585e-08,metal1,metal1
14.7075,11.2,2.102e-12,metal1,metal1
14.59,78.4,1.125e-08,metal1,metal1
14.7775,22.4,1.196e-09,metal1,metal1
14.7775,64.4,2.257e-12,metal1,metal1
14.7175,75.6,3.025e-09,metal1,metal1
14.7175,86.8,5.193e-12,metal1,metal1
14.997499999999999,89.6,2.676e-06,metal1,metal1
14.8125,106.4,1.913e-06,metal1,metal1
14.64,114.8,7.835e-09,metal1,metal1
14.785,56.0,2.853e-09,metal1,metal1
14.785,117.6,4.345e-10,metal1,metal1
15.36625,8.4,1.074e-07,metal1,metal1
15.1375,84.0,2.818e-06,metal1,metal1
14.8375,61.6,1.988e-09,metal1,metal1
14.655000000000001,39.2,1.829e-07,metal1,metal1
14.6075,53.2,1.168e-06,metal1,metal1
14.7025,25.2,4.173e-07,metal1,metal1
14.7075,70.0,6.528e-07,metal1,metal1
14.645,112.0,1.452e-09,metal1,metal1
14.645,131.6,1.296e-09,metal1,metal1
14.6875,44.8,2.257e-10,metal1,metal1
14.6875,53.2,3.17e-07,metal1,metal1
14.6875,78.4,1.068e-11,metal1,metal1
14.7,28.0,2.392e-06,metal1,metal1
14.705,126.0,9.472e-08,metal1,metal1
15.0775,112.0,4.109e-11,metal1,metal1
15.0775,131.6,7.293e-13,metal1,metal1
14.6875,16.884999999999998,1.849e-07,metal1,metal1
14.72,36.4,3.933e-08,metal1,metal1
14.72,103.6,4.815e-08,metal1,metal1
14.7225,16.81625,1.235e-12,metal1,metal1
14.73,30.8,1.227e-08,metal1,metal1
14.74,42.0,1.19e-06,metal1,metal1
15.25625,67.2,2.966e-06,metal1,metal1
14.75,39.2,2.106e-07,metal1,metal1
14.75,47.6,1.769e-06,metal1,metal1
14.75,114.8,3.076e-13,metal1,metal1
14.75,128.8,1.302e-12,metal1,metal1
15.43125,28.0,2.392e-06,metal1,metal1
15.092500000000001,100.8,3.892e-06,metal1,metal1
14.7975,126.0,9.472e-08,metal1,metal1
14.7575,16.731250000000003,1.235e-12,metal1,metal1
14.9075,36.4,3.192e-09,metal1,metal1
14.825,44.8,2.257e-10,metal1,metal1
14.82,53.2,3.17e-07,metal1,metal1
14.967500000000001,78.4,1.068e-11,metal1,metal1
14.9075,103.6,3.992e-09,metal1,metal1
14.91,16.8,2.007e-12,metal1,metal1
14.822500000000002,30.8,1.227e-08,metal1,metal1
15.195,42.0,1.19e-06,metal1,metal1
14.835,39.2,2.106e-07,metal1,metal1
14.7975,47.6,1.769e-06,metal1,metal1
14.925,114.8,3.047e-13,metal1,metal1
14.93,128.8,1.302e-12,metal1,metal1
14.835,25.2,8.214e-09,metal1,metal1
14.877500000000001,47.6,4.799e-07,metal1,metal1
14.877500000000001,70.0,2.762e-09,metal1,metal1
14.877500000000001,95.2,1.129e-12,metal1,metal1
14.877500000000001,109.2,7.812e-10,metal1,metal1
14.89,11.2,3.432e-09,metal1,metal1
14.89,126.0,9.183e-08,metal1,metal1
15.267499999999998,25.2,4.62e-12,metal1,metal1
14.905,75.6,2.031e-06,metal1,metal1
14.8875,86.88499999999999,5.192e-12,metal1,metal1
14.915,30.8,1.121e-09,metal1,metal1
14.915,120.4,6.968e-10,metal1,metal1
14.92,39.2,1.861e-07,metal1,metal1
14.92,53.2,1.424e-07,metal1,metal1
14.93,44.8,2.17e-10,metal1,metal1
14.935,19.6,2.243e-08,metal1,metal1
14.9225,86.82625,1.407e-08,metal1,metal1
15.5675,11.2,1.643e-07,metal1,metal1
14.985,126.0,9.183e-08,metal1,metal1
15.0025,75.6,2.031e-06,metal1,metal1
14.9575,86.74125000000001,7.328e-11,metal1,metal1
15.01,47.6,4.799e-07,metal1,metal1
15.1975,70.0,2.762e-09,metal1,metal1
15.2575,95.2,1.129e-12,metal1,metal1
15.157499999999999,109.2,7.812e-10,metal1,metal1
15.165,30.8,1.121e-09,metal1,metal1
15.165,120.4,6.968e-10,metal1,metal1
15.015,39.2,1.861e-07,metal1,metal1
15.1675,53.2,1.424e-07,metal1,metal1
15.1725,44.8,2.17e-10,metal1,metal1
15.217500000000001,19.6,1.36e-09,metal1,metal1
15.02,86.8,7.328e-11,metal1,metal1
15.025,22.4,1.455e-10,metal1,metal1
14.995000000000001,64.30625,2.257e-12,metal1,metal1
15.067499999999999,56.0,3.007e-09,metal1,metal1
15.030000000000001,64.39125,1.24e-09,metal1,metal1
15.030000000000001,117.63749999999999,4.345e-10,metal1,metal1
15.08,126.0,5.453e-07,metal1,metal1
15.095,16.8,1.352e-09,metal1,metal1
15.1725,22.4,8.589e-09,metal1,metal1
15.095,36.4,2.143e-06,metal1,metal1
15.0975,64.485,1.55e-09,metal1,metal1
15.095,103.6,2.681e-06,metal1,metal1
15.095,106.4,3.991e-08,metal1,metal1
15.095,117.675,1.464e-11,metal1,metal1
15.1,50.4,4.275e-08,metal1,metal1
15.1,75.6,3.751e-08,metal1,metal1
15.1,86.8,1.776e-10,metal1,metal1
15.07,114.88749999999999,3.049e-13,metal1,metal1
15.105,81.2,1.346e-09,metal1,metal1
15.11,39.2,5.559e-08,metal1,metal1
15.11,47.6,2.156e-07,metal1,metal1
15.105,114.81875,1.206e-10,metal1,metal1
15.11,128.8,9.321e-10,metal1,metal1
15.120000000000001,61.6,2.17e-06,metal1,metal1
15.129999999999999,92.4,5.751e-09,metal1,metal1
15.27,126.0,4.323e-08,metal1,metal1
15.16,16.8,1.352e-09,metal1,metal1
15.185,36.4,2.143e-06,metal1,metal1
15.59,103.6,2.681e-06,metal1,metal1
15.6675,106.4,1.958e-06,metal1,metal1
15.1325,117.63749999999999,1.464e-11,metal1,metal1
15.2875,50.4,3.467e-09,metal1,metal1
15.3975,56.0,3.007e-09,metal1,metal1
15.3475,64.4,1.55e-09,metal1,metal1
15.282499999999999,75.6,2.467e-10,metal1,metal1
15.2,86.8,1.776e-10,metal1,metal1
15.14,114.73124999999999,1.206e-10,metal1,metal1
15.4475,117.6,7.868e-11,metal1,metal1
15.355,81.2,1.346e-09,metal1,metal1
15.3775,39.2,5.559e-08,metal1,metal1
15.3575,47.6,2.156e-07,metal1,metal1
15.4725,114.8,1.209e-10,metal1,metal1
15.2875,128.8,9.321e-10,metal1,metal1
15.2925,61.6,2.17e-06,metal1,metal1
15.21,92.4,5.751e-09,metal1,metal1
15.215,78.4,1.274e-13,metal1,metal1
15.2575,16.8,3.929e-08,metal1,metal1
15.275,36.4,3.003e-09,metal1,metal1
15.275,58.8,2.162e-09,metal1,metal1
15.645,78.4,3.866e-12,metal1,metal1
15.29,92.4,4.444e-09,metal1,metal1
15.29,98.0,3.419e-08,metal1,metal1
15.3,86.8,1.923e-10,metal1,metal1
15.32,22.4,4.168e-12,metal1,metal1
15.4625,36.4,3.003e-09,metal1,metal1
15.4625,58.8,2.162e-09,metal1,metal1
15.4825,16.8,3.929e-08,metal1,metal1
15.39,92.4,4.444e-09,metal1,metal1
15.4775,98.0,2.861e-09,metal1,metal1
15.3875,86.8,1.923e-10,metal1,metal1
15.5,22.4,4.168e-12,metal1,metal1
15.405,109.2,9.277e-11,metal1,metal1
15.4,30.8375,1.121e-09,metal1,metal1
15.447500000000002,44.8,2.075e-13,metal1,metal1
15.447500000000002,53.2,4.587e-07,metal1,metal1
15.447500000000002,120.4,4.137e-09,metal1,metal1
15.467500000000001,30.752499999999998,6.008e-10,metal1,metal1
15.46,126.0,9.187e-07,metal1,metal1
15.465,61.6,3.04e-09,metal1,metal1
15.434999999999999,75.4975,2.467e-10,metal1,metal1
15.465,89.6,4.949e-08,metal1,metal1
15.465,128.8,1.73e-11,metal1,metal1
15.475,50.4,2.328e-06,metal1,metal1
15.469999999999999,75.5825,1.248e-10,metal1,metal1
15.475,86.8,4.297e-09,metal1,metal1
15.504999999999999,109.2,5.494e-09,metal1,metal1
15.48,14.0,1.032e-08,metal1,metal1
15.48,72.8,4.013e-08,metal1,metal1
15.48,100.8,7.197e-08,metal1,metal1
15.485,70.0,1.684e-08,metal1,metal1
15.49,92.4,1.736e-08,metal1,metal1
15.5,19.6,1.485e-06,metal1,metal1
15.51,112.0,1.315e-12,metal1,metal1
15.9375,123.2,1.791e-07,metal1,metal1
15.51,131.6,5.105e-13,metal1,metal1
15.649999999999999,126.0,9.187e-07,metal1,metal1
15.6525,61.6,3.04e-09,metal1,metal1
15.504999999999999,75.685,1.248e-10,metal1,metal1
15.6525,89.6,4.029e-09,metal1,metal1
15.65,128.8,4.769e-12,metal1,metal1
15.66,50.4,2.328e-06,metal1,metal1
15.657499999999999,75.6,1.248e-10,metal1,metal1
15.75,86.8,4.297e-09,metal1,metal1
15.6675,14.0,8.554e-10,metal1,metal1
15.535,30.715,6.008e-10,metal1,metal1
15.7275,44.8,2.061e-13,metal1,metal1
15.5625,53.2,4.587e-07,metal1,metal1
15.6675,72.8,3.256e-09,metal1,metal1
15.6675,100.8,5.894e-09,metal1,metal1
15.67,120.4,4.137e-09,metal1,metal1
15.545,70.0,1.684e-08,metal1,metal1
15.6725,92.4,1.736e-08,metal1,metal1
15.6725,19.6,1.485e-06,metal1,metal1
15.684999999999999,112.0,1.316e-12,metal1,metal1
15.690000000000001,131.6,5.076e-13,metal1,metal1
15.69,30.8,6.008e-10,metal1,metal1
15.595,64.4,1.885e-10,metal1,metal1
15.6375,47.6,6.945e-07,metal1,metal1
15.6375,70.0,4.463e-09,metal1,metal1
15.6375,81.2,3.464e-12,metal1,metal1
15.6375,95.2,7.792e-13,metal1,metal1
15.6375,109.2,7.24e-13,metal1,metal1
15.677499999999998,39.2,2.864e-07,metal1,metal1
15.677499999999998,53.2,2.682e-07,metal1,metal1
15.65,36.4,4.763e-08,metal1,metal1
15.6175,42.103750000000005,1.19e-06,metal1,metal1
15.65,58.8,3.535e-08,metal1,metal1
15.6525,42.00125,3.591e-11,metal1,metal1
15.7425,64.4,1.113e-08,metal1,metal1
15.665,98.0,1.922e-06,metal1,metal1
15.675,16.8,5.668e-08,metal1,metal1
15.675,33.6,4.048e-09,metal1,metal1
15.68,22.4,1.157e-08,metal1,metal1
15.695,56.0,3.112e-08,metal1,metal1
15.7,25.2,4.662e-12,metal1,metal1
15.850000000000001,36.4,2.277e-06,metal1,metal1
15.6875,41.8975,3.591e-11,metal1,metal1
16.1475,58.8,1.69e-06,metal1,metal1
15.8425,42.0,1.937e-09,metal1,metal1
16.2425,84.0,2.818e-06,metal1,metal1
15.7625,98.0,1.922e-06,metal1,metal1
15.752500000000001,47.6,6.945e-07,metal1,metal1
15.8275,70.0,4.463e-09,metal1,metal1
16.0175,81.2,3.463e-12,metal1,metal1
15.9175,95.2,7.788e-13,metal1,metal1
15.9175,109.2,7.248e-13,metal1,metal1
15.83,16.8,5.668e-08,metal1,metal1
15.925,33.6,4.048e-09,metal1,metal1
15.785,22.4,1.157e-08,metal1,metal1
15.745000000000001,56.0,3.112e-08,metal1,metal1
15.879999999999999,25.2,4.661e-12,metal1,metal1
15.7725,39.2,2.864e-07,metal1,metal1
15.8425,53.2,2.682e-07,metal1,metal1
15.8275,56.0,3.919e-08,metal1,metal1
15.8275,117.6,5.925e-08,metal1,metal1
15.8675,39.2,2.961e-06,metal1,metal1
15.8675,47.6,4.06e-07,metal1,metal1
15.8675,114.8,1.036e-06,metal1,metal1
15.8025,128.715,4.769e-12,metal1,metal1
15.84,61.6,4.855e-08,metal1,metal1
15.84,67.2,6.263e-08,metal1,metal1
15.807500000000001,75.4975,1.248e-10,metal1,metal1
15.84,89.6,2.705e-06,metal1,metal1
15.84,126.0,1.944e-08,metal1,metal1
15.84,128.63,7.81e-07,metal1,metal1
15.845,19.6,2.335e-09,metal1,metal1
15.845,50.4,3.261e-09,metal1,metal1
15.842500000000001,75.5825,1.665e-13,metal1,metal1
15.845,137.2,1.984e-12,metal1,metal1
15.855,14.0,5.746e-07,metal1,metal1
15.855,72.8,2.186e-06,metal1,metal1
15.855,92.4,9.769e-11,metal1,metal1
15.855,100.8,3.958e-06,metal1,metal1
15.86,30.8,1.129e-11,metal1,metal1
15.86,98.0,3.554e-08,metal1,metal1
15.83,111.9125,1.316e-12,metal1,metal1
15.86,120.4,6.057e-09,metal1,metal1
15.865,111.98125,4.894e-10,metal1,metal1
15.870000000000001,131.6,3.631e-10,metal1,metal1
15.89,22.4,7.853e-12,metal1,metal1
15.89,64.4,5.402e-12,metal1,metal1
17.2875,61.6,2.321e-06,metal1,metal1
16.03,67.2,7.305e-09,metal1,metal1
15.877500000000001,75.685,1.665e-13,metal1,metal1
16.1325,89.6,2.705e-06,metal1,metal1
16.03,126.0,4.27e-09,metal1,metal1
15.905000000000001,128.715,7.81e-07,metal1,metal1
16.0325,19.6,2.335e-09,metal1,metal1
16.0325,50.4,3.261e-09,metal1,metal1
16.0325,75.6,4.908e-09,metal1,metal1
16.0325,137.2,1.074e-10,metal1,metal1
15.965,14.0,5.746e-07,metal1,metal1
16.04,72.8,2.186e-06,metal1,metal1
16.035,92.4,2.683e-08,metal1,metal1
16.302500000000002,100.8,3.958e-06,metal1,metal1
16.0175,30.8,1.035e-11,metal1,metal1
16.060000000000002,56.0,6.42e-12,metal1,metal1
16.0475,98.0,2.984e-09,metal1,metal1
15.899999999999999,112.06875,4.894e-10,metal1,metal1
15.9525,117.6,5.925e-08,metal1,metal1
16.0175,120.4,6.057e-09,metal1,metal1
16.232499999999998,112.0,4.894e-10,metal1,metal1
16.232499999999998,131.6,3.631e-10,metal1,metal1
16.07,22.4,7.857e-12,metal1,metal1
16.07,64.4,5.4e-12,metal1,metal1
15.967500000000001,39.2,2.961e-06,metal1,metal1
16.0325,47.6,4.06e-07,metal1,metal1
16.26,114.8,1.036e-06,metal1,metal1
16.0625,128.8,7.81e-07,metal1,metal1
15.975000000000001,44.8,9.099e-15,metal1,metal1
15.975000000000001,53.2,5.275e-09,metal1,metal1
16.0175,16.8,1.507e-07,metal1,metal1
16.0175,70.0,1.113e-08,metal1,metal1
16.0575,86.8,4.721e-06,metal1,metal1
16.03,42.0,1.612e-07,metal1,metal1
16.035,39.2,2.219e-08,metal1,metal1
16.4075,44.8,1.499e-15,metal1,metal1
16.215000000000003,53.2,2.036e-10,metal1,metal1
16.045,117.6,2.029e-10,metal1,metal1
16.05,36.4,4.21e-08,metal1,metal1
16.06,25.2,3.332e-09,metal1,metal1
16.075,14.0,9.311e-09,metal1,metal1
16.0425,78.46875,3.866e-12,metal1,metal1
16.0775,78.41,4.17e-15,metal1,metal1
16.509999999999998,103.6,2.681e-06,metal1,metal1
16.325000000000003,42.0,3.307e-06,metal1,metal1
16.15,39.2,2.219e-08,metal1,metal1
16.2,117.6,3.957e-08,metal1,metal1
16.1125,16.8,1.507e-07,metal1,metal1
16.2375,36.4,3.415e-09,metal1,metal1
16.1075,70.0,1.113e-08,metal1,metal1
16.4225,25.2,3.332e-09,metal1,metal1
16.3575,14.0,6.217e-10,metal1,metal1
16.112499999999997,78.34125,4.152e-15,metal1,metal1
16.259999999999998,78.4,4.453e-15,metal1,metal1
16.45,86.8,4.721e-06,metal1,metal1
16.82375,28.0,2.392e-06,metal1,metal1
16.16,47.69375,1.611e-11,metal1,metal1
16.165,70.0,1.686e-10,metal1,metal1
16.165,95.2,8.207e-10,metal1,metal1
16.165,109.2,6.257e-09,metal1,metal1
16.2075,16.8,4.937e-08,metal1,metal1
16.17,30.884999999999998,1.035e-11,metal1,metal1
16.2075,33.6,2.047e-08,metal1,metal1
16.2075,120.4,9.791e-08,metal1,metal1
16.92875,8.4,1.074e-07,metal1,metal1
16.247500000000002,92.4,4.925e-06,metal1,metal1
16.22,19.6,2.185e-07,metal1,metal1
16.22,50.4,5.134e-08,metal1,metal1
16.22,67.2,5.014e-06,metal1,metal1
16.22,75.6,2.27e-06,metal1,metal1
16.22,126.0,2.948e-06,metal1,metal1
16.22,137.2,7.346e-08,metal1,metal1
16.195,47.59125,1.611e-11,metal1,metal1
16.200000000000003,72.88499999999999,2.186e-06,metal1,metal1
16.225,128.8,1.175e-08,metal1,metal1
16.235,30.97,1.335e-11,metal1,metal1
16.23,47.4975,7.398e-11,metal1,metal1
16.455,70.0,2.56e-09,metal1,metal1
16.235,95.2,4.293e-10,metal1,metal1
16.235,98.0,2.005e-06,metal1,metal1
16.2175,109.2,6.257e-09,metal1,metal1
16.24,106.4,1.968e-06,metal1,metal1
16.245,11.2,1.606e-10,metal1,metal1
16.235,72.81625,1.927e-11,metal1,metal1
16.245,140.0,9.769e-13,metal1,metal1
16.25,22.4,1.72e-08,metal1,metal1
16.25,64.4,1.499e-08,metal1,metal1
16.26,56.0,3.444e-08,metal1,metal1
16.265,39.2,2.605e-08,metal1,metal1
16.27,109.2,1.125e-09,metal1,metal1
16.3275,19.6,2.185e-07,metal1,metal1
16.9075,50.4,2.454e-06,metal1,metal1
16.4225,67.2,5.014e-06,metal1,metal1
16.4125,75.6,2.27e-06,metal1,metal1
16.7075,126.0,2.948e-06,metal1,metal1
16.908749999999998,137.2,7.346e-08,metal1,metal1
16.4125,47.6,7.398e-11,metal1,metal1
16.270000000000003,72.73124999999999,1.927e-11,metal1,metal1
16.4125,128.8,6.763e-10,metal1,metal1
16.2725,30.884999999999998,1.335e-11,metal1,metal1
16.6325,95.2,5.029e-11,metal1,metal1
16.424999999999997,98.0,2.005e-06,metal1,metal1
16.3925,16.8,4.937e-08,metal1,metal1
16.4425,30.8,1.335e-11,metal1,metal1
16.3275,33.6,2.047e-08,metal1,metal1
16.43,106.4,1.968e-06,metal1,metal1
16.432499999999997,120.4,9.791e-08,metal1,metal1
16.495,11.2,1.606e-10,metal1,metal1
16.4225,72.8,1.674e-11,metal1,metal1
16.495,140.0,9.763e-13,metal1,metal1
16.3275,22.4,1.72e-08,metal1,metal1
16.355,64.4,1.499e-08,metal1,metal1
16.3075,56.0,3.444e-08,metal1,metal1
16.3375,39.2,2.605e-08,metal1,metal1
16.45,109.2,1.125e-09,metal1,metal1
16.450000000000003,92.4,4.925e-06,metal1,metal1
16.355,56.0,6.778e-10,metal1,metal1
16.355,117.6,4.651e-10,metal1,metal1
16.362499999999997,81.11500000000001,3.464e-12,metal1,metal1
16.4375,22.4,6.826e-09,metal1,metal1
16.41,39.2,6.354e-08,metal1,metal1
16.415,33.6,2.316e-11,metal1,metal1
16.425,36.4,2.293e-06,metal1,metal1
16.7875,56.0,3.602e-13,metal1,metal1
16.425,89.6,5.615e-08,metal1,metal1
16.5825,117.6,6.32e-08,metal1,metal1
16.43,81.11500000000001,5.436e-12,metal1,metal1
16.435,19.6,1.332e-06,metal1,metal1
16.435,123.2,1.751e-10,metal1,metal1
16.44,78.4,8.893e-11,metal1,metal1
16.455,53.2,1.252e-10,metal1,metal1
16.46,64.4,8.283e-12,metal1,metal1
16.62,39.2,8.029e-09,metal1,metal1
16.6025,33.6,2.316e-11,metal1,metal1
16.535,36.4,2.293e-06,metal1,metal1
17.3475,89.6,2.742e-06,metal1,metal1
16.677500000000002,81.2,5.436e-12,metal1,metal1
16.685,19.6,8.438e-08,metal1,metal1
16.685,123.2,1.751e-10,metal1,metal1
16.54,78.4,8.893e-11,metal1,metal1
16.6475,53.2,1.252e-10,metal1,metal1
16.64,64.4,8.284e-12,metal1,metal1
16.7225,22.4,6.826e-09,metal1,metal1
16.545,16.8,3.715e-11,metal1,metal1
16.627499999999998,112.0,4.233e-06,metal1,metal1
16.575,131.685,3.631e-10,metal1,metal1
16.6,47.6,6.047e-12,metal1,metal1
16.6,72.8,1.072e-08,metal1,metal1
16.6,128.8,8.887e-07,metal1,metal1
16.605,75.6,3.181e-09,metal1,metal1
16.74,16.8,4.748e-08,metal1,metal1
16.615,98.0,1.11e-08,metal1,metal1
16.62,42.0,3.637e-06,metal1,metal1
16.62,92.4,2.962e-08,metal1,metal1
16.62,106.4,1.979e-06,metal1,metal1
16.62,114.8,1.366e-06,metal1,metal1
16.625,67.2,1.268e-08,metal1,metal1
16.625,120.4,5.253e-07,metal1,metal1
16.625,131.77,1.731e-09,metal1,metal1
16.63,109.2,2.009e-09,metal1,metal1
16.64,14.0,6.798e-07,metal1,metal1
16.64,78.4,1.594e-08,metal1,metal1
16.645,30.8,1.875e-09,metal1,metal1
16.645,36.4,6.604e-09,metal1,metal1
16.645,58.8,4.891e-09,metal1,metal1
16.815,47.6,3.635e-10,metal1,metal1
16.6725,72.8,1.072e-08,metal1,metal1
16.9825,128.8,8.887e-07,metal1,metal1
16.7925,75.6,3.181e-09,metal1,metal1
16.71,98.0,1.11e-08,metal1,metal1
17.255000000000003,42.0,3.637e-06,metal1,metal1
16.7175,92.4,2.962e-08,metal1,metal1
17.1875,106.4,1.979e-06,metal1,metal1
16.895000000000003,114.8,1.366e-06,metal1,metal1
16.73,67.2,1.268e-08,metal1,metal1
16.68,120.4,5.253e-07,metal1,metal1
16.677500000000002,131.685,1.731e-09,metal1,metal1
16.83,109.2,2.009e-09,metal1,metal1
16.7175,14.0,6.798e-07,metal1,metal1
16.82,78.4,1.594e-08,metal1,metal1
16.689999999999998,30.8,1.875e-09,metal1,metal1
16.825,36.4,6.604e-09,metal1,metal1
16.825,58.8,4.891e-09,metal1,metal1
16.83,112.0,4.233e-06,metal1,metal1
16.822499999999998,131.6,1.731e-09,metal1,metal1
16.735,30.8,1.967e-09,metal1,metal1
16.735,120.4,8.16e-09,metal1,metal1
16.7775,11.2,1.039e-13,metal1,metal1
16.7775,70.0,6.673e-09,metal1,metal1
16.7775,72.8,2.001e-10,metal1,metal1
16.7775,140.0,9.983e-10,metal1,metal1
17.127499999999998,100.8,3.958e-06,metal1,metal1
16.817500000000003,25.2,5.085e-06,metal1,metal1
16.79,33.6,3.737e-08,metal1,metal1
16.795,14.0,4.266e-09,metal1,metal1
16.9725,30.8,1.12e-10,metal1,metal1
16.805,98.0,4.332e-08,metal1,metal1
16.93,120.4,1.107e-07,metal1,metal1
16.81,86.8,1.898e-08,metal1,metal1
16.81,117.6,1.167e-09,metal1,metal1
16.815,92.4,1.601e-08,metal1,metal1
16.82,64.4,2.092e-08,metal1,metal1
16.83,39.2,3.23e-06,metal1,metal1
16.83,84.0,6.102e-08,metal1,metal1
16.835,67.2,2.592e-10,metal1,metal1
16.84,44.8,2.816e-12,metal1,metal1
16.84,53.2,3.05e-10,metal1,metal1
16.862499999999997,33.6,3.737e-08,metal1,metal1
16.89,14.0,4.266e-09,metal1,metal1
17.189999999999998,98.0,2.154e-06,metal1,metal1
17.1575,11.2,1.027e-13,metal1,metal1
16.92,70.0,6.673e-09,metal1,metal1
17.0125,72.8,2.001e-10,metal1,metal1
16.9025,86.8,1.898e-08,metal1,metal1
16.9975,117.6,6.439e-12,metal1,metal1
16.9075,140.0,9.983e-10,metal1,metal1
16.905,92.4,1.601e-08,metal1,metal1
16.8975,64.4,2.092e-08,metal1,metal1
17.009999999999998,39.2,3.23e-06,metal1,metal1
17.002499999999998,84.0,9.514e-07,metal1,metal1
16.98,67.2,2.592e-10,metal1,metal1
17.02,44.8,2.821e-12,metal1,metal1
16.93,53.2,3.05e-10,metal1,metal1
17.4875,25.2,5.085e-06,metal1,metal1
16.925,81.2,1.046e-13,metal1,metal1
16.9675,16.8,3.908e-08,metal1,metal1
16.9675,19.6,1.943e-09,metal1,metal1
16.9675,33.6,7.883e-08,metal1,metal1
16.9675,123.2,1.122e-13,metal1,metal1
17.0075,22.4,3.018e-06,metal1,metal1
17.0075,64.4,3.502e-07,metal1,metal1
16.98,75.6,5.065e-08,metal1,metal1
16.985,14.0,2.179e-09,metal1,metal1
16.985,131.6,2.645e-08,metal1,metal1
17.3575,81.2,1.125e-15,metal1,metal1
16.995,86.8,6.779e-09,metal1,metal1
16.995,92.4,1.612e-08,metal1,metal1
17.0,78.4,2.1e-08,metal1,metal1
17.0,112.0,7.828e-08,metal1,metal1
17.005,36.4,6.568e-09,metal1,metal1
17.005,58.8,4.895e-09,metal1,metal1
17.005,103.6,2.591e-09,metal1,metal1
17.005,140.0,2.149e-10,metal1,metal1
17.02,53.2,6.32e-10,metal1,metal1
17.03,47.6,5.183e-12,metal1,metal1
17.03,70.0,5.525e-09,metal1,metal1
17.03,95.2,1.087e-10,metal1,metal1
17.03,109.2,3.225e-10,metal1,metal1
17.90125,75.6,2.421e-06,metal1,metal1
17.0775,14.0,2.179e-09,metal1,metal1
17.055,131.6,2.645e-08,metal1,metal1
17.09,86.8,6.779e-09,metal1,metal1
17.155,92.4,1.612e-08,metal1,metal1
17.205,16.8,3.908e-08,metal1,metal1
17.2875,19.6,1.943e-09,metal1,metal1
17.247500000000002,33.6,8.46e-09,metal1,metal1
17.0825,78.4,2.1e-08,metal1,metal1
17.1875,112.0,6.403e-09,metal1,metal1
17.3475,123.2,1.122e-13,metal1,metal1
17.1075,36.4,6.568e-09,metal1,metal1
17.1075,58.8,4.895e-09,metal1,metal1
17.255,103.6,2.591e-09,metal1,metal1
17.255,140.0,2.149e-10,metal1,metal1
17.11,53.2,6.32e-10,metal1,metal1
17.21,47.6,5.183e-12,metal1,metal1
17.1675,70.0,5.525e-09,metal1,metal1
17.21,95.2,1.087e-10,metal1,metal1
17.192500000000003,109.2,3.225e-10,metal1,metal1
17.47625,22.4,3.018e-06,metal1,metal1
17.2225,64.4,3.502e-07,metal1,metal1
17.1575,67.2,2.752e-10,metal1,metal1
17.1575,120.4,8.592e-08,metal1,metal1
17.1575,131.6,3.438e-08,metal1,metal1
17.197499999999998,78.4,4.211e-08,metal1,metal1
17.17,14.0,2.126e-09,metal1,metal1
17.17,114.8,3.796e-09,metal1,metal1
17.1575,84.08500000000001,9.514e-07,metal1,metal1
17.185,86.8,4.919e-06,metal1,metal1
17.167499999999997,117.515,6.439e-12,metal1,metal1
17.19,39.2,5.974e-08,metal1,metal1
17.195,126.0,2.882e-09,metal1,metal1
17.2,44.8,2.02e-09,metal1,metal1
17.2,53.2,2.394e-09,metal1,metal1
17.21,30.8,2.593e-10,metal1,metal1
17.21,36.4,8.474e-09,metal1,metal1
17.21,58.8,3.533e-09,metal1,metal1
17.192500000000003,84.0,6.339e-07,metal1,metal1
17.215,72.8,1.741e-10,metal1,metal1
17.22,56.0,3.716e-11,metal1,metal1
17.2025,117.57375,1.745e-08,metal1,metal1
17.265,14.0,2.126e-09,metal1,metal1
17.275,114.8,3.796e-09,metal1,metal1
17.2275,83.91499999999999,1.268e-06,metal1,metal1
17.2825,86.8,4.919e-06,metal1,metal1
17.237499999999997,117.65875,1.538e-11,metal1,metal1
17.3775,39.2,4.835e-09,metal1,metal1
17.295,67.2,2.752e-10,metal1,metal1
17.395000000000003,120.4,8.592e-08,metal1,metal1
17.275,131.6,1.292e-10,metal1,metal1
17.445,126.0,2.882e-09,metal1,metal1
17.5625,44.8,2.02e-09,metal1,metal1
17.5625,53.2,2.394e-09,metal1,metal1
17.405,30.8,2.593e-10,metal1,metal1
17.3575,36.4,8.474e-09,metal1,metal1
17.3575,58.8,3.533e-09,metal1,metal1
17.380000000000003,84.0,6.99e-09,metal1,metal1
17.36,72.8,1.741e-10,metal1,metal1
17.3875,56.0,3.716e-11,metal1,metal1
17.4,117.6,1.538e-11,metal1,metal1
17.302500000000002,78.4,4.211e-08,metal1,metal1
17.305,70.0,1.741e-08,metal1,metal1
17.3475,92.4,9.281e-12,metal1,metal1
17.3375,109.285,3.225e-10,metal1,metal1
17.36,14.0,3.352e-09,metal1,metal1
17.36,131.6,5.233e-09,metal1,metal1
17.365,128.8,1.643e-08,metal1,metal1
17.3475,70.0,1.741e-08,metal1,metal1
17.375,78.4,5.745e-06,metal1,metal1
17.375,112.0,4.3e-06,metal1,metal1
17.38,86.8,9.097e-08,metal1,metal1
17.38,114.8,1.246e-08,metal1,metal1
17.39,47.6,3.347e-09,metal1,metal1
17.39,70.0,3.172e-12,metal1,metal1
17.39,95.2,7.785e-08,metal1,metal1
17.39,109.37,2.175e-09,metal1,metal1
17.4,67.2,2.727e-11,metal1,metal1
17.405,64.4,1.189e-06,metal1,metal1
17.41,16.8,3.366e-07,metal1,metal1
17.932499999999997,14.0,9.841e-07,metal1,metal1
17.622500000000002,131.6,5.233e-09,metal1,metal1
17.5525,128.8,1.417e-09,metal1,metal1
17.675,78.4,5.745e-06,metal1,metal1
17.47,112.0,4.3e-06,metal1,metal1
17.5675,86.8,7.42e-09,metal1,metal1
17.7275,92.4,9.28e-12,metal1,metal1
17.465,114.8,1.246e-08,metal1,metal1
17.752499999999998,47.6,3.347e-09,metal1,metal1
17.752499999999998,70.0,3.173e-12,metal1,metal1
17.4775,95.2,7.785e-08,metal1,metal1
17.439999999999998,109.285,2.175e-09,metal1,metal1
17.572499999999998,67.2,2.728e-11,metal1,metal1
17.475,64.4,1.189e-06,metal1,metal1
17.4525,16.8,3.366e-07,metal1,metal1
17.685,109.2,2.175e-09,metal1,metal1
17.495,16.8,5.167e-09,metal1,metal1
17.495,33.6,1.665e-10,metal1,metal1
17.5375,11.2,0.0,metal1,metal1
17.5375,36.4,3.755e-10,metal1,metal1
17.502499999999998,58.8375,3.533e-09,metal1,metal1
17.5375,72.8,2.317e-10,metal1,metal1
17.5375,103.6,3.109e-08,metal1,metal1
17.5375,140.0,2.144e-10,metal1,metal1
17.5775,64.4,2.547e-06,metal1,metal1
17.55,84.0,2.965e-06,metal1,metal1
17.55,114.8,3.433e-06,metal1,metal1
17.555,28.0,3.351e-09,metal1,metal1
17.5325,56.1025,3.716e-11,metal1,metal1
17.6325,16.8,7.401e-08,metal1,metal1
17.927500000000002,33.6,9.634e-14,metal1,metal1
17.565,39.2,3.247e-06,metal1,metal1
17.565,95.2,5.558e-10,metal1,metal1
17.565,112.0,2.311e-08,metal1,metal1
17.57,58.8375,3.973e-11,metal1,metal1
17.575,19.6,1.402e-08,metal1,metal1
17.575,98.0,2.105e-09,metal1,metal1
17.575,100.8,3.869e-09,metal1,metal1
17.567500000000003,56.03375,2.499e-11,metal1,metal1
17.58,117.6,4.708e-08,metal1,metal1
17.595,50.4,3.976e-08,metal1,metal1
18.216250000000002,137.2,7.346e-08,metal1,metal1
17.6,30.8,3.049e-12,metal1,metal1
17.6,120.4,1.447e-07,metal1,metal1
17.9525,84.0,2.965e-06,metal1,metal1
17.9325,114.8,3.433e-06,metal1,metal1
17.7425,28.0,3.351e-09,metal1,metal1
17.6025,55.93125,2.499e-11,metal1,metal1
18.7775,39.2,3.247e-06,metal1,metal1
17.84,95.2,2.394e-08,metal1,metal1
17.6625,112.0,2.311e-08,metal1,metal1
17.817500000000003,11.2,4.675e-16,metal1,metal1
17.752499999999998,36.4,3.755e-10,metal1,metal1
17.7575,58.8,2.801e-14,metal1,metal1
17.675,72.8,2.317e-10,metal1,metal1
17.6625,103.6,3.109e-08,metal1,metal1
17.817500000000003,140.0,2.144e-10,metal1,metal1
17.634999999999998,19.6,1.402e-08,metal1,metal1
17.825,98.0,2.105e-09,metal1,metal1
17.825,100.8,3.869e-09,metal1,metal1
17.755,56.0,2.499e-11,metal1,metal1
17.7625,117.6,4.708e-08,metal1,metal1
17.877499999999998,50.4,2.35e-09,metal1,metal1
17.78,30.8,3.047e-12,metal1,metal1
17.7425,120.4,1.447e-07,metal1,metal1
17.79,64.4,6.085e-10,metal1,metal1
17.7275,19.6,3.714e-09,metal1,metal1
17.7275,123.2,0.0,metal1,metal1
17.7275,126.0,1.716e-12,metal1,metal1
17.74,128.8,9.524e-07,metal1,metal1
17.745,8.4,1.546e-10,metal1,metal1
17.745,67.2,1.191e-09,metal1,metal1
17.755,86.8,4.983e-06,metal1,metal1
17.755,103.6,1.841e-10,metal1,metal1
17.7225,106.3725,1.979e-06,metal1,metal1
17.7575,106.4575,6.963e-11,metal1,metal1
17.76,112.0,4.409e-06,metal1,metal1
17.77,16.8,2.766e-08,metal1,metal1
17.78,72.8,3.554e-10,metal1,metal1
17.79,81.2,2.11e-12,metal1,metal1
18.33375,128.8,9.524e-07,metal1,metal1
17.9325,8.4,1.546e-10,metal1,metal1
17.815,67.2,1.191e-09,metal1,metal1
17.855,86.8,4.983e-06,metal1,metal1
18.009999999999998,103.6,1.323e-08,metal1,metal1
17.7925,106.485,6.963e-11,metal1,metal1
17.9175,19.6,3.714e-09,metal1,metal1
17.9475,106.4,3.953e-09,metal1,metal1
18.425,112.0,4.409e-06,metal1,metal1
18.0075,123.2,2.337e-16,metal1,metal1
18.1075,126.0,1.716e-12,metal1,metal1
18.064999999999998,16.8,2.766e-08,metal1,metal1
17.9225,72.8,3.554e-10,metal1,metal1
17.97,81.2,2.105e-12,metal1,metal1
17.9175,67.2,7.442e-10,metal1,metal1
17.887500000000003,120.315,9.191e-08,metal1,metal1
17.9175,131.6,4.971e-12,metal1,metal1
18.455,42.0,3.637e-06,metal1,metal1
18.278750000000002,22.4,3.018e-06,metal1,metal1
17.9575,44.8,3.082e-06,metal1,metal1
17.9575,53.2,3.652e-06,metal1,metal1
17.93,28.0,5.305e-08,metal1,metal1
17.93,56.0,1.305e-10,metal1,metal1
17.935,36.4,7.663e-11,metal1,metal1
17.945,58.8,5.873e-11,metal1,metal1
17.945,117.6,8.15e-11,metal1,metal1
17.95,109.2,1.161e-08,metal1,metal1
17.955,86.8,4.871e-09,metal1,metal1
17.96,30.8,1.922e-09,metal1,metal1
17.955,120.38374999999999,9.801e-09,metal1,metal1
17.9375,64.33125000000001,6.085e-10,metal1,metal1
17.9725,64.4,3.493e-10,metal1,metal1
17.975,78.4,9.309e-08,metal1,metal1
18.509999999999998,28.0,2.536e-06,metal1,metal1
18.1175,56.0,6.27e-09,metal1,metal1
18.1,36.4,7.663e-11,metal1,metal1
18.105,58.8,5.873e-11,metal1,metal1
18.125,117.6,5.499e-08,metal1,metal1
18.035,67.2,7.442e-10,metal1,metal1
18.0325,109.2,1.161e-08,metal1,metal1
17.990000000000002,120.46875,9.801e-09,metal1,metal1
18.197499999999998,131.6,4.973e-12,metal1,metal1
18.205,86.8,4.871e-09,metal1,metal1
18.322499999999998,30.8,1.922e-09,metal1,metal1
18.2025,120.4,9.801e-09,metal1,metal1
18.0075,64.46875,3.493e-10,metal1,metal1
18.2575,64.4,3.883e-09,metal1,metal1
18.2575,78.4,5.378e-09,metal1,metal1
18.3525,44.8,3.082e-06,metal1,metal1
18.52125,53.2,3.652e-06,metal1,metal1
18.065,11.2,4.549e-15,metal1,metal1
18.065,72.8,2.526e-10,metal1,metal1
18.065,140.0,2.546e-11,metal1,metal1
18.1075,19.6,9.261e-09,metal1,metal1
18.1075,92.4,1.644e-09,metal1,metal1
18.1075,98.0,1.349e-12,metal1,metal1
18.1075,100.8,2.481e-12,metal1,metal1
18.1475,47.6,5.107e-06,metal1,metal1
18.1075,70.08500000000001,3.173e-12,metal1,metal1
18.1475,95.2,2.648e-06,metal1,metal1
18.1475,109.2,2.33e-08,metal1,metal1
18.12,8.4,5.35e-09,metal1,metal1
18.12,67.2,1.985e-10,metal1,metal1
18.125,25.2,7.12e-09,metal1,metal1
18.497500000000002,11.2,4.998e-16,metal1,metal1
18.1025,72.8,2.526e-10,metal1,metal1
18.135,106.4,2.153e-06,metal1,metal1
18.165,140.0,1.508e-09,metal1,metal1
18.14,72.8,2.957e-10,metal1,metal1
18.14,134.4,3.302e-07,metal1,metal1
18.15,81.2,1.507e-09,metal1,metal1
18.16,50.4,2.565e-06,metal1,metal1
18.17,70.17,2.771e-10,metal1,metal1
18.4175,8.4,2.559e-07,metal1,metal1
18.2825,67.2,1.985e-10,metal1,metal1
18.3125,25.2,7.12e-09,metal1,metal1
18.7725,106.4,2.153e-06,metal1,metal1
18.197499999999998,19.6,9.261e-09,metal1,metal1
18.3275,72.8,3.762e-13,metal1,metal1
18.33,92.4,1.644e-09,metal1,metal1
18.4875,98.0,1.35e-12,metal1,metal1
18.4875,100.8,2.481e-12,metal1,metal1
18.2275,134.4,3.302e-07,metal1,metal1
18.5125,81.2,1.508e-09,metal1,metal1
19.166249999999998,50.4,2.565e-06,metal1,metal1
18.21,70.08500000000001,2.771e-10,metal1,metal1
18.3425,47.6,5.107e-06,metal1,metal1
18.355,70.0,2.771e-10,metal1,metal1
18.35,95.2,2.648e-06,metal1,metal1
18.252499999999998,109.2,2.33e-08,metal1,metal1
18.255,19.6,1.403e-10,metal1,metal1
18.255,123.2,4.549e-15,metal1,metal1
18.252499999999998,36.485,7.663e-11,metal1,metal1
18.2975,58.8,5.519e-14,metal1,metal1
18.2975,103.6,1.218e-11,metal1,metal1
18.2975,140.0,1.987e-13,metal1,metal1
19.122500000000002,89.6,2.742e-06,metal1,metal1
18.3375,56.0,4.006e-06,metal1,metal1
18.3375,117.6,1.8e-06,metal1,metal1
18.31,36.57,4.852e-11,metal1,metal1
18.315,114.8,1.282e-07,metal1,metal1
18.315,134.4,3.357e-09,metal1,metal1
18.545,19.6,2.13e-09,metal1,metal1
18.325,109.2,3.188e-06,metal1,metal1
18.6875,123.2,3.748e-16,metal1,metal1
18.6875,84.0,2.965e-06,metal1,metal1
18.36,16.8,1.594e-07,metal1,metal1
18.36,33.6,4.703e-12,metal1,metal1
18.354999999999997,36.485,4.852e-11,metal1,metal1
18.61,114.8,3.509e-06,metal1,metal1
18.41,134.4,3.357e-09,metal1,metal1
18.81875,109.2,3.188e-06,metal1,metal1
18.5775,36.4,3.331e-10,metal1,metal1
18.5775,58.8,5.586e-14,metal1,metal1
18.5775,103.6,1.219e-11,metal1,metal1
18.5775,140.0,1.991e-13,metal1,metal1
18.427500000000002,16.8,1.594e-07,metal1,metal1
18.54,33.6,4.706e-12,metal1,metal1
19.03875,56.0,4.006e-06,metal1,metal1
18.637500000000003,117.6,1.8e-06,metal1,metal1
18.445,67.2,2.428e-09,metal1,metal1
18.445,120.4,3.898e-09,metal1,metal1
18.445,131.6,9.099e-14,metal1,metal1
18.4875,86.8,2.694e-10,metal1,metal1
18.4875,126.0,2.054e-10,metal1,metal1
18.5275,16.8,1.117e-07,metal1,metal1
18.5,25.2,1.098e-07,metal1,metal1
18.505,14.0,1.381e-09,metal1,metal1
18.505,47.6,7.15e-09,metal1,metal1
18.505,134.4,6.999e-09,metal1,metal1
18.875,67.2,3.861e-12,metal1,metal1
18.515,72.8,3.814e-11,metal1,metal1
18.564999999999998,120.4,2.079e-07,metal1,metal1
18.877499999999998,131.6,1.125e-15,metal1,metal1
18.52,92.4,8.551e-09,metal1,metal1
18.52,95.2,2.659e-06,metal1,metal1
18.53,70.0,5.091e-07,metal1,metal1
18.54,64.4,4.304e-06,metal1,metal1
18.54,78.4,5.868e-06,metal1,metal1
18.7125,25.2,5.25e-06,metal1,metal1
18.6925,14.0,1.381e-09,metal1,metal1
18.6925,47.6,7.15e-09,metal1,metal1
18.6925,134.4,1.216e-09,metal1,metal1
18.7225,72.8,3.814e-11,metal1,metal1
18.8675,86.8,2.694e-10,metal1,metal1
18.5775,92.4,8.551e-09,metal1,metal1
18.6125,95.2,2.659e-06,metal1,metal1
18.7025,126.0,2.054e-10,metal1,metal1
18.7175,70.0,5.091e-07,metal1,metal1
18.72,64.4,4.304e-06,metal1,metal1
18.98,78.4,5.868e-06,metal1,metal1
18.64,16.8,1.117e-07,metal1,metal1
18.635,92.4,1.656e-10,metal1,metal1
18.7175,30.8,2.932e-06,metal1,metal1
18.7175,120.4,1.038e-07,metal1,metal1
18.957500000000003,92.4,1.357e-10,metal1,metal1
18.705,95.2,5.526e-08,metal1,metal1
18.715,8.4,1.932e-10,metal1,metal1
18.715,22.4,4.005e-09,metal1,metal1
18.715,44.8,3.013e-09,metal1,metal1
18.72,16.8,2.839e-10,metal1,metal1
18.72,33.6,3.369e-09,metal1,metal1
20.112499999999997,61.6,2.321e-06,metal1,metal1
19.0875,95.2,2.702e-06,metal1,metal1
18.965,8.4,1.932e-10,metal1,metal1
18.9025,22.4,4.005e-09,metal1,metal1
18.965,44.8,3.013e-09,metal1,metal1
18.895,16.8,2.839e-10,metal1,metal1
19.0825,33.6,3.369e-09,metal1,metal1
18.92,30.8,2.932e-06,metal1,metal1
18.9125,120.4,1.038e-07,metal1,metal1
19.67375,75.6,2.421e-06,metal1,metal1
18.825,36.4,6.551e-12,metal1,metal1
18.825,58.8,0.0,metal1,metal1
18.825,103.6,4.069e-10,metal1,metal1
18.825,140.0,1.717e-09,metal1,metal1
18.8675,19.6,5.553e-09,metal1,metal1
18.8675,98.0,0.0,metal1,metal1
18.8675,100.8,0.0,metal1,metal1
18.9075,81.2,2.301e-06,metal1,metal1
18.88,14.0,2.367e-08,metal1,metal1
18.88,47.6,1.099e-07,metal1,metal1
18.88,134.4,4.55e-07,metal1,metal1
18.885,126.0,8.266e-10,metal1,metal1
19.2575,36.4,2.841e-13,metal1,metal1
19.2575,58.8,1.374e-15,metal1,metal1
18.862499999999997,103.6,4.069e-10,metal1,metal1
18.877499999999998,140.0,1.717e-09,metal1,metal1
18.9,64.4,7.96e-08,metal1,metal1
18.9,103.6,1.504e-08,metal1,metal1
18.905,70.0,5.465e-07,metal1,metal1
18.905,114.8,3.41e-09,metal1,metal1
18.905,117.6,9.006e-10,metal1,metal1
18.905,137.2,7.169e-11,metal1,metal1
18.925,25.2,8.506e-08,metal1,metal1
19.45125,128.8,9.524e-07,metal1,metal1
18.93,11.2,9.635e-13,metal1,metal1
18.93,72.8,3.026e-12,metal1,metal1
18.93,140.0,3.088e-10,metal1,metal1
19.27,14.0,1.131e-06,metal1,metal1
19.46,47.6,5.251e-06,metal1,metal1
19.072499999999998,134.4,4.55e-07,metal1,metal1
18.950000000000003,126.0,8.266e-10,metal1,metal1
19.009999999999998,19.6,5.553e-09,metal1,metal1
19.0875,64.4,6.435e-09,metal1,metal1
19.1475,98.0,1.636e-15,metal1,metal1
19.1475,100.8,7.012e-16,metal1,metal1
19.2775,103.6,1.504e-08,metal1,metal1
19.08,70.0,5.465e-07,metal1,metal1
19.155,114.8,3.41e-09,metal1,metal1
19.155,117.6,9.006e-10,metal1,metal1
19.155,137.2,7.168e-11,metal1,metal1
19.2075,25.2,4.916e-09,metal1,metal1
19.11,11.2,9.577e-13,metal1,metal1
19.11,72.8,3.022e-12,metal1,metal1
19.11,140.0,3.088e-10,metal1,metal1
19.207500000000003,81.2,2.301e-06,metal1,metal1
19.015,126.0,1.55e-09,metal1,metal1
19.51375,53.2,3.652e-06,metal1,metal1
19.07,16.8,8.936e-12,metal1,metal1
19.075,120.4,2.301e-08,metal1,metal1
19.137500000000003,126.0,2.182e-10,metal1,metal1
19.09,22.4,1.371e-10,metal1,metal1
19.09,28.0,4.689e-08,metal1,metal1
19.09,30.8,3.263e-06,metal1,metal1
19.09,42.0,6.725e-08,metal1,metal1
19.09,84.0,2.975e-06,metal1,metal1
19.09,112.0,4.419e-06,metal1,metal1
19.12,19.6,4.598e-09,metal1,metal1
19.12,123.2,8.215e-13,metal1,metal1
19.2575,16.8,1.402e-10,metal1,metal1
19.1925,120.4,2.301e-08,metal1,metal1
19.1525,22.4,1.371e-10,metal1,metal1
19.2775,28.0,3.801e-09,metal1,metal1
19.365000000000002,30.8,3.263e-06,metal1,metal1
19.2775,42.0,5.441e-09,metal1,metal1
19.4625,84.0,2.975e-06,metal1,metal1
19.47,112.0,4.419e-06,metal1,metal1
19.2575,19.6,4.598e-09,metal1,metal1
19.3,123.2,8.207e-13,metal1,metal1
19.225,8.3625,5.827e-08,metal1,metal1
19.247500000000002,22.4,4.805e-11,metal1,metal1
19.247500000000002,44.8,1.932e-12,metal1,metal1
19.247500000000002,86.8,4.153e-07,metal1,metal1
19.2875,70.0,2.781e-06,metal1,metal1
19.26,126.0,6.237e-09,metal1,metal1
19.265,134.4,4.564e-09,metal1,metal1
19.275,64.4,4.32e-06,metal1,metal1
19.28,92.4,2.242e-10,metal1,metal1
19.29,11.2,6.861e-10,metal1,metal1
19.29,72.8,2.126e-09,metal1,metal1
19.29,140.0,5.514e-10,metal1,metal1
19.2925,8.431249999999999,1.498e-11,metal1,metal1
19.2725,67.26875000000001,3.861e-12,metal1,metal1
19.307499999999997,67.21000000000001,5.809e-15,metal1,metal1
19.31,120.4,4.229e-08,metal1,metal1
19.31,131.6,1.883e-12,metal1,metal1
19.73625,109.2,3.188e-06,metal1,metal1
19.4525,126.0,6.237e-09,metal1,metal1
19.3575,134.4,4.564e-09,metal1,metal1
19.65,64.4,4.32e-06,metal1,metal1
19.3275,8.46875,1.498e-11,metal1,metal1
19.372500000000002,22.4,4.805e-11,metal1,metal1
19.6275,44.8,1.932e-12,metal1,metal1
19.4725,86.8,4.153e-07,metal1,metal1
19.39,92.4,2.242e-10,metal1,metal1
19.6525,11.2,6.861e-10,metal1,metal1
19.6525,72.8,2.126e-09,metal1,metal1
19.490000000000002,140.0,5.514e-10,metal1,metal1
19.5875,8.4,4.086e-11,metal1,metal1
19.3425,67.14125,5.744e-15,metal1,metal1
19.490000000000002,67.2,5.823e-15,metal1,metal1
19.38,120.4,4.229e-08,metal1,metal1
19.490000000000002,131.6,1.88e-12,metal1,metal1
19.3625,70.0,2.781e-06,metal1,metal1
19.395,19.6,1.449e-08,metal1,metal1
19.395,98.0,4.549e-15,metal1,metal1
19.395,100.8,3.148e-12,metal1,metal1
19.4375,70.0,1.783e-09,metal1,metal1
19.4375,114.8,2.08e-08,metal1,metal1
19.4375,117.6,2.99e-13,metal1,metal1
19.4375,137.2,1.355e-10,metal1,metal1
19.9775,106.4,2.153e-06,metal1,metal1
19.79,78.4,5.868e-06,metal1,metal1
19.4125,16.884999999999998,1.402e-10,metal1,metal1
19.4775,33.6,5.141e-06,metal1,metal1
19.45,16.97,3.897e-06,metal1,metal1
19.45,120.4,2.435e-08,metal1,metal1
19.45,134.4,2.064e-08,metal1,metal1
19.4375,19.6,1.449e-08,metal1,metal1
19.465,22.4,3.891e-11,metal1,metal1
19.465,28.0,2.552e-06,metal1,metal1
19.465,42.0,3.653e-06,metal1,metal1
19.8275,98.0,1.499e-15,metal1,metal1
19.715,100.8,1.598e-10,metal1,metal1
19.47,95.2,4.997e-08,metal1,metal1
19.475,81.2,2.249e-09,metal1,metal1
19.48,19.6,2.652e-12,metal1,metal1
19.48,123.2,5.876e-10,metal1,metal1
19.49,25.2,5.364e-06,metal1,metal1
19.5,92.4,3.379e-10,metal1,metal1
19.515,16.884999999999998,3.897e-06,metal1,metal1
19.560000000000002,120.4,2.435e-08,metal1,metal1
19.545,134.4,1.769e-09,metal1,metal1
19.72,22.4,3.891e-11,metal1,metal1
19.575,28.0,2.552e-06,metal1,metal1
20.1325,42.0,3.653e-06,metal1,metal1
19.8175,70.0,1.783e-09,metal1,metal1
19.6575,95.2,4.12e-09,metal1,metal1
19.564999999999998,114.8,2.08e-08,metal1,metal1
19.8175,117.6,2.983e-13,metal1,metal1
19.6525,137.2,1.355e-10,metal1,metal1
19.725,81.2,2.249e-09,metal1,metal1
19.8425,19.6,2.652e-12,metal1,metal1
19.8425,123.2,5.876e-10,metal1,metal1
19.5875,25.2,5.364e-06,metal1,metal1
19.5775,92.4,3.379e-10,metal1,metal1
19.692500000000003,16.8,3.897e-06,metal1,metal1
20.08875,33.6,5.141e-06,metal1,metal1
19.64,30.8,6.89e-08,metal1,metal1
19.64,134.4,9.621e-09,metal1,metal1
19.645,126.0,1.139e-08,metal1,metal1
19.655,92.4,4.97e-10,metal1,metal1
19.637500000000003,103.57249999999999,1.504e-08,metal1,metal1
19.66,14.0,2.092e-08,metal1,metal1
19.66,114.8,3.829e-10,metal1,metal1
19.665,86.8,2.228e-06,metal1,metal1
19.67,67.2,1.243e-10,metal1,metal1
19.67,120.4,1.537e-07,metal1,metal1
19.67,131.6,1.346e-09,metal1,metal1
19.685,25.2,1.159e-08,metal1,metal1
19.685,28.0,4.135e-08,metal1,metal1
19.69,36.4,4.987e-10,metal1,metal1
19.69,58.8,2.461e-12,metal1,metal1
19.6725,103.63125,1.749e-08,metal1,metal1
19.69,140.0,8.853e-11,metal1,metal1
20.30625,56.0,4.006e-06,metal1,metal1
19.83,30.8,7.853e-09,metal1,metal1
19.735,134.4,9.621e-09,metal1,metal1
19.7625,126.0,1.139e-08,metal1,metal1
19.7575,92.4,4.97e-10,metal1,metal1
19.707500000000003,103.65875,2.565e-08,metal1,metal1
19.8475,14.0,1.709e-09,metal1,metal1
19.8475,114.8,6.868e-11,metal1,metal1
19.72,86.8,2.228e-06,metal1,metal1
19.77,67.2,1.243e-10,metal1,metal1
20.0325,120.4,7.872e-09,metal1,metal1
20.0325,131.6,1.346e-09,metal1,metal1
19.862499999999997,25.2,1.159e-08,metal1,metal1
19.9675,28.0,2.437e-09,metal1,metal1
19.87,36.4,4.987e-10,metal1,metal1
19.87,58.8,2.46e-12,metal1,metal1
19.87,103.6,5.046e-08,metal1,metal1
19.8525,140.0,8.853e-11,metal1,metal1
19.775,86.8,3.461e-08,metal1,metal1
19.83,134.4,2.603e-06,metal1,metal1
19.835,84.0,6.036e-09,metal1,metal1
19.835,137.2,8.767e-11,metal1,metal1
19.97,86.8,4.696e-07,metal1,metal1
19.845,95.2,2.767e-06,metal1,metal1
19.85,112.0,4.503e-06,metal1,metal1
19.86,92.4,2.177e-09,metal1,metal1
19.87,8.4,4.531e-08,metal1,metal1
19.87,67.2,5.861e-09,metal1,metal1
19.875,16.8,4.092e-08,metal1,metal1
19.88,126.0,7.209e-08,metal1,metal1
20.222499999999997,134.4,2.603e-06,metal1,metal1
19.9375,84.0,6.036e-09,metal1,metal1
20.0,137.2,8.766e-11,metal1,metal1
21.38375,95.2,2.767e-06,metal1,metal1
20.4175,112.0,4.503e-06,metal1,metal1
20.14,92.4,2.177e-09,metal1,metal1
19.9225,8.4,4.531e-08,metal1,metal1
20.1325,67.2,5.861e-09,metal1,metal1
19.9575,16.8,4.092e-08,metal1,metal1
20.06,126.0,7.425e-09,metal1,metal1
20.0075,8.4,4.305e-11,metal1,metal1
20.0075,22.4,4.209e-11,metal1,metal1
20.0075,44.8,0.0,metal1,metal1
20.0075,81.2,1.442e-12,metal1,metal1
21.1325,39.2,3.247e-06,metal1,metal1
20.0475,11.2,1.047e-06,metal1,metal1
20.0475,72.8,3.244e-06,metal1,metal1
19.997500000000002,139.91500000000002,8.853e-11,metal1,metal1
20.02,30.8,5.389e-06,metal1,metal1
20.025,64.4,6.049e-09,metal1,metal1
20.035,14.0,1.148e-06,metal1,metal1
20.035,100.8,2.303e-10,metal1,metal1
20.035,114.8,4.734e-08,metal1,metal1
20.04,16.8,2.891e-07,metal1,metal1
20.04,25.2,5.69e-11,metal1,metal1
20.04,47.6,9.711e-08,metal1,metal1
20.04,84.0,1.623e-08,metal1,metal1
20.045,53.2,3.57e-09,metal1,metal1
20.045,89.6,2.65e-09,metal1,metal1
20.045,128.8,9.31e-10,metal1,metal1
20.05,36.4,3.57e-07,metal1,metal1
20.05,58.8,1.762e-09,metal1,metal1
20.05,103.6,3.03e-09,metal1,metal1
20.05,139.83,4.34e-10,metal1,metal1
20.4125,30.8,5.389e-06,metal1,metal1
20.2125,64.4,6.049e-09,metal1,metal1
20.145,14.0,1.148e-06,metal1,metal1
20.1475,100.8,2.303e-10,metal1,metal1
20.1,114.8,4.734e-08,metal1,metal1
20.2875,8.4,4.305e-11,metal1,metal1
20.240000000000002,16.8,6.245e-09,metal1,metal1
20.23,22.4,4.209e-11,metal1,metal1
20.145,25.2,5.69e-11,metal1,metal1
20.2875,44.8,2.104e-15,metal1,metal1
20.2275,47.6,7.846e-09,metal1,metal1
20.3875,81.2,1.442e-12,metal1,metal1
20.125,84.0,1.343e-08,metal1,metal1
20.295,53.2,3.57e-09,metal1,metal1
20.295,89.6,2.65e-09,metal1,metal1
20.295,128.8,9.31e-10,metal1,metal1
20.322499999999998,36.4,3.57e-07,metal1,metal1
20.4125,58.8,1.762e-09,metal1,metal1
20.3275,103.6,3.03e-09,metal1,metal1
20.1,139.91500000000002,4.34e-10,metal1,metal1
20.1475,11.2,1.047e-06,metal1,metal1
20.347499999999997,72.8,3.244e-06,metal1,metal1
20.4275,140.0,4.34e-10,metal1,metal1
20.197499999999998,70.0,1.194e-12,metal1,metal1
20.197499999999998,86.8,3.645e-07,metal1,metal1
20.197499999999998,114.8,4.716e-08,metal1,metal1
20.197499999999998,117.6,0.0,metal1,metal1
20.197499999999998,137.2,5.304e-11,metal1,metal1
21.10875,50.4,2.565e-06,metal1,metal1
20.1975,19.685000000000002,2.651e-12,metal1,metal1
20.2375,123.2,8.966e-07,metal1,metal1
20.21,84.0,3.012e-06,metal1,metal1
20.21,142.8,7.449e-08,metal1,metal1
20.215,11.2,1.659e-09,metal1,metal1
20.23,78.4,1.823e-08,metal1,metal1
20.23,109.2,3.198e-06,metal1,metal1
20.24,126.0,2.481e-09,metal1,metal1
20.25,25.2,3.007e-08,metal1,metal1
20.25,28.0,2.66e-06,metal1,metal1
20.255,14.0,1.86e-08,metal1,metal1
20.26,19.77,1.715e-10,metal1,metal1
20.26,98.0,2.6e-12,metal1,metal1
20.26,100.8,1.483e-10,metal1,metal1
20.6,84.0,3.012e-06,metal1,metal1
21.5575,142.8,7.449e-08,metal1,metal1
20.4025,11.2,1.659e-09,metal1,metal1
20.4775,70.0,1.194e-12,metal1,metal1
20.325000000000003,78.4,1.823e-08,metal1,metal1
20.435000000000002,86.8,3.645e-07,metal1,metal1
20.7025,109.2,3.198e-06,metal1,metal1
20.325000000000003,114.8,4.716e-08,metal1,metal1
20.4775,117.6,2.337e-16,metal1,metal1
20.4775,137.2,5.304e-11,metal1,metal1
20.6025,126.0,2.481e-09,metal1,metal1
20.3325,25.2,3.007e-08,metal1,metal1
20.905,28.0,2.66e-06,metal1,metal1
20.5375,14.0,1.159e-09,metal1,metal1
20.3,19.685000000000002,1.715e-10,metal1,metal1
20.44,98.0,2.599e-12,metal1,metal1
20.44,100.8,1.483e-10,metal1,metal1
20.445,19.6,1.715e-10,metal1,metal1
20.822499999999998,123.2,8.966e-07,metal1,metal1
20.427500000000002,67.2,6.224e-06,metal1,metal1
20.427500000000002,120.4,2.167e-06,metal1,metal1
20.427500000000002,131.6,2.054e-06,metal1,metal1
20.4,64.4,9.341e-08,metal1,metal1
20.415,25.2,5.498e-06,metal1,metal1
20.415,47.6,5.268e-06,metal1,metal1
20.42,22.4,2.156e-10,metal1,metal1
20.42,78.4,1.909e-08,metal1,metal1
20.42,92.4,1.237e-08,metal1,metal1
20.42,114.8,3.028e-08,metal1,metal1
20.44,16.8,4.33e-06,metal1,metal1
20.7975,64.4,4.465e-06,metal1,metal1
20.525,25.2,5.498e-06,metal1,metal1
20.619999999999997,47.6,5.268e-06,metal1,metal1
20.4775,22.4,2.156e-10,metal1,metal1
20.5125,78.4,1.909e-08,metal1,metal1
20.502499999999998,92.4,1.237e-08,metal1,metal1
20.572499999999998,114.8,3.028e-08,metal1,metal1
20.62,16.8,4.33e-06,metal1,metal1
20.7275,67.2,6.224e-06,metal1,metal1
20.7275,120.4,2.167e-06,metal1,metal1
20.822499999999998,131.6,2.054e-06,metal1,metal1
20.535,8.4,2.229e-13,metal1,metal1
20.535,22.4,3.314e-10,metal1,metal1
20.535,44.8,0.0,metal1,metal1
20.5775,53.2,4.905e-12,metal1,metal1
20.5775,89.6,3.022e-08,metal1,metal1
20.5775,128.8,5.97e-13,metal1,metal1
20.6175,92.4,5.788e-06,metal1,metal1
20.59,11.2,1.639e-07,metal1,metal1
20.595,36.4,1.363e-06,metal1,metal1
20.595,75.6,3.392e-09,metal1,metal1
20.9675,8.4,3.135e-11,metal1,metal1
20.665,22.4,4.102e-11,metal1,metal1
20.9675,44.8,1.999e-15,metal1,metal1
20.605,78.4,5.894e-06,metal1,metal1
20.605,103.6,3.826e-10,metal1,metal1
20.615,72.8,3.171e-09,metal1,metal1
20.615,106.4,6.66e-09,metal1,metal1
20.615,134.4,1.303e-09,metal1,metal1
20.62,19.6,2.19e-09,metal1,metal1
20.62,98.0,1.861e-09,metal1,metal1
20.62,100.8,3.867e-09,metal1,metal1
20.635,25.2,8.908e-08,metal1,metal1
20.64,86.8,6.137e-07,metal1,metal1
20.697499999999998,11.2,1.639e-07,metal1,metal1
20.685,36.4,1.363e-06,metal1,metal1
20.7825,75.6,3.392e-09,metal1,metal1
21.17625,33.6,5.141e-06,metal1,metal1
20.8,78.4,5.894e-06,metal1,metal1
20.689999999999998,103.6,3.826e-10,metal1,metal1
20.9575,53.2,4.905e-12,metal1,metal1
20.7025,89.6,3.022e-08,metal1,metal1
20.9575,128.8,5.971e-13,metal1,metal1
20.865,72.8,3.171e-09,metal1,metal1
20.7075,106.4,6.66e-09,metal1,metal1
20.865,134.4,1.303e-09,metal1,metal1
20.9825,19.6,2.19e-09,metal1,metal1
20.9825,98.0,1.862e-09,metal1,metal1
20.795,100.8,3.867e-09,metal1,metal1
20.9175,25.2,5.138e-09,metal1,metal1
20.7825,86.8,6.137e-07,metal1,metal1
20.9125,92.4,5.788e-06,metal1,metal1
20.725,70.0,5.26e-10,metal1,metal1
20.725,114.8,5.084e-10,metal1,metal1
20.725,117.6,0.0,metal1,metal1
20.725,137.2,1.046e-12,metal1,metal1
20.7675,81.2,0.0,metal1,metal1
20.807499999999997,36.4,1.695e-06,metal1,metal1
20.807499999999997,58.8,2.688e-06,metal1,metal1
20.807499999999997,103.6,3.66e-06,metal1,metal1
20.807499999999997,140.0,1.336e-06,metal1,metal1
20.795,22.4,4.501e-10,metal1,metal1
20.762500000000003,70.0,5.26e-10,metal1,metal1
20.795,89.6,1.789e-10,metal1,metal1
20.855,114.8,5.612e-08,metal1,metal1
21.1575,117.6,4.998e-16,metal1,metal1
21.1575,137.2,8.746e-16,metal1,metal1
20.8,16.8,7.996e-08,metal1,metal1
20.8,42.0,6.745e-08,metal1,metal1
20.8,70.0,6.025e-10,metal1,metal1
20.8,106.4,3.575e-09,metal1,metal1
20.805,11.2,9.993e-07,metal1,metal1
20.805,30.8,5.256e-09,metal1,metal1
20.82,14.0,1.266e-06,metal1,metal1
20.825,47.6,8.535e-08,metal1,metal1
20.905,22.4,4.501e-10,metal1,metal1
21.049999999999997,89.6,1.286e-08,metal1,metal1
20.9875,16.8,6.197e-10,metal1,metal1
20.9875,42.0,2.747e-10,metal1,metal1
20.9875,70.0,2.467e-11,metal1,metal1
21.0475,81.2,2.337e-16,metal1,metal1
20.9575,106.4,3.575e-09,metal1,metal1
21.055,11.2,6.329e-08,metal1,metal1
21.055,30.8,5.256e-09,metal1,metal1
20.9925,14.0,1.266e-06,metal1,metal1
21.1075,47.6,4.93e-09,metal1,metal1
20.905,36.4,1.695e-06,metal1,metal1
21.0225,58.8,2.688e-06,metal1,metal1
21.105,103.6,3.66e-06,metal1,metal1
21.98875,140.0,1.336e-06,metal1,metal1
20.927500000000002,86.715,3.899e-07,metal1,metal1
20.997500000000002,126.0,3.778e-06,metal1,metal1
20.97,36.4,1.102e-07,metal1,metal1
20.97,75.6,5.398e-08,metal1,metal1
20.97,100.8,8.47e-11,metal1,metal1
20.975,56.0,5.61e-09,metal1,metal1
20.985,112.0,9.365e-08,metal1,metal1
20.985,114.8,3.724e-10,metal1,metal1
20.99,84.0,3.022e-06,metal1,metal1
20.995,67.2,5.98e-09,metal1,metal1
20.995,78.4,5.762e-09,metal1,metal1
20.995,120.4,2.119e-09,metal1,metal1
20.994999999999997,86.78375,4.157e-08,metal1,metal1
21.015,22.4,1.358e-10,metal1,metal1
21.799999999999997,36.4,3.579e-06,metal1,metal1
21.51625,75.6,2.58e-06,metal1,metal1
21.1575,100.8,1.537e-10,metal1,metal1
21.1625,56.0,5.61e-09,metal1,metal1
21.38,112.0,4.581e-06,metal1,metal1
21.2875,114.8,1.999e-08,metal1,metal1
21.53,84.0,3.022e-06,metal1,metal1
21.03,86.86875,4.157e-08,metal1,metal1
21.245,67.2,5.98e-09,metal1,metal1
21.245,78.4,5.762e-09,metal1,metal1
21.245,120.4,2.119e-09,metal1,metal1
21.2425,86.8,4.157e-08,metal1,metal1
21.2075,22.4,1.358e-10,metal1,metal1
21.3825,126.0,3.778e-06,metal1,metal1
21.1475,72.8,2.033e-12,metal1,metal1
21.104999999999997,106.4375,3.575e-09,metal1,metal1
21.1475,134.4,4.313e-13,metal1,metal1
21.14,14.1025,1.266e-06,metal1,metal1
21.165,106.475,3.384e-11,metal1,metal1
21.145,16.715,6.197e-10,metal1,metal1
21.1425,41.915,2.747e-10,metal1,metal1
21.175,70.0,1.627e-08,metal1,metal1
21.175,92.4,1.198e-07,metal1,metal1
21.175,109.2,6.704e-08,metal1,metal1
21.177500000000002,42.0,4.833e-10,metal1,metal1
21.174999999999997,14.033750000000001,2.049e-11,metal1,metal1
21.18,16.783749999999998,5.343e-10,metal1,metal1
21.185,131.6,2.008e-09,metal1,metal1
21.5225,64.4,4.465e-06,metal1,metal1
21.2,25.2,5.607e-06,metal1,metal1
21.205,58.8,4.355e-08,metal1,metal1
21.21,13.93125,2.049e-11,metal1,metal1
21.2075,106.4375,3.385e-11,metal1,metal1
21.215,16.86875,5.343e-10,metal1,metal1
21.2125,42.085,4.833e-10,metal1,metal1
21.265,70.0,1.627e-08,metal1,metal1
21.716250000000002,92.4,5.831e-06,metal1,metal1
21.745,109.2,3.305e-06,metal1,metal1
21.2675,42.0,4.833e-10,metal1,metal1
21.5275,72.8,2.033e-12,metal1,metal1
21.36,106.4,3.385e-11,metal1,metal1
21.5275,134.4,4.32e-13,metal1,metal1
21.362499999999997,14.0,2.049e-11,metal1,metal1
21.435,16.8,5.343e-10,metal1,metal1
21.435,131.6,2.008e-09,metal1,metal1
21.372500000000002,25.2,5.607e-06,metal1,metal1
21.487499999999997,58.8,2.552e-09,metal1,metal1
21.295,81.2,1.661e-12,metal1,metal1
21.3375,11.2,4.059e-11,metal1,metal1
21.3375,30.8,1.201e-08,metal1,metal1
21.302500000000002,53.285,4.904e-12,metal1,metal1
21.3375,89.6,1.222e-11,metal1,metal1
21.3375,128.8,0.0,metal1,metal1
21.377499999999998,19.6,3.342e-06,metal1,metal1
21.377499999999998,98.0,2.841e-06,metal1,metal1
21.3125,100.88499999999999,1.537e-10,metal1,metal1
21.35,56.0,8.703e-08,metal1,metal1
21.35,100.97,6.84e-06,metal1,metal1
21.355,42.0,1.074e-08,metal1,metal1
21.355,70.0,1.18e-08,metal1,metal1
21.7125,81.2,8.377e-11,metal1,metal1
21.37,53.285,1.74e-11,metal1,metal1
21.37,103.6,1.315e-08,metal1,metal1
21.375,123.2,8.765e-10,metal1,metal1
21.39,47.6,5.379e-06,metal1,metal1
21.4,8.4,5.577e-08,metal1,metal1
21.4,22.4,3.316e-10,metal1,metal1
21.4,44.8,3.59e-12,metal1,metal1
21.942500000000003,56.0,4.16e-06,metal1,metal1
21.415,100.88499999999999,6.84e-06,metal1,metal1
21.455,42.0,1.074e-08,metal1,metal1
21.4725,70.0,1.18e-08,metal1,metal1
21.7175,11.2,4.059e-11,metal1,metal1
21.465,30.8,1.201e-08,metal1,metal1
21.5575,53.2,2.553e-13,metal1,metal1
21.6175,89.6,1.222e-11,metal1,metal1
21.455,103.6,1.315e-08,metal1,metal1
21.6175,128.8,4.675e-16,metal1,metal1
21.625,123.2,8.765e-10,metal1,metal1
21.9525,47.6,5.379e-06,metal1,metal1
21.4725,8.4,5.577e-08,metal1,metal1
21.490000000000002,22.4,3.316e-10,metal1,metal1
21.58,44.8,3.589e-12,metal1,metal1
21.485,19.6,3.342e-06,metal1,metal1
21.675,98.0,2.841e-06,metal1,metal1
21.77,100.8,6.84e-06,metal1,metal1
21.485,86.8,1.654e-08,metal1,metal1
21.5275,67.2,1.065e-07,metal1,metal1
21.5275,78.4,3.169e-11,metal1,metal1
21.5275,120.4,1.359e-12,metal1,metal1
21.54,14.0,7.008e-09,metal1,metal1
21.54,103.6,1.065e-08,metal1,metal1
21.54,106.4,1.399e-10,metal1,metal1
21.545,8.4,3.509e-08,metal1,metal1
21.545,25.2,6.953e-10,metal1,metal1
21.555,42.0,2.527e-08,metal1,metal1
21.605,86.8,8.821e-07,metal1,metal1
21.56,19.6,6.181e-08,metal1,metal1
21.56,28.0,4.92e-08,metal1,metal1
21.56,30.8,2.216e-10,metal1,metal1
21.56,61.6,1.393e-08,metal1,metal1
21.58,22.4,6.872e-10,metal1,metal1
21.59,70.0,2.2e-08,metal1,metal1
21.59,114.8,3.309e-10,metal1,metal1
21.59,117.6,7.96e-13,metal1,metal1
21.59,137.2,7.235e-13,metal1,metal1
21.612499999999997,14.0,7.008e-09,metal1,metal1
21.6425,103.6,1.065e-08,metal1,metal1
21.7075,106.4,1.399e-10,metal1,metal1
21.6525,8.4,3.509e-08,metal1,metal1
21.7325,25.2,6.953e-10,metal1,metal1
21.6425,42.0,2.527e-08,metal1,metal1
21.7475,19.6,5.002e-09,metal1,metal1
21.7475,28.0,3.987e-09,metal1,metal1
21.7475,30.8,6.057e-12,metal1,metal1
21.6575,61.6,1.393e-08,metal1,metal1
21.655,67.2,1.065e-07,metal1,metal1
21.9075,78.4,3.169e-11,metal1,metal1
21.9075,120.4,1.358e-12,metal1,metal1
21.67,22.4,6.872e-10,metal1,metal1
21.66,70.0,2.2e-08,metal1,metal1
21.77,114.8,3.309e-10,metal1,metal1
21.77,117.6,7.913e-13,metal1,metal1
21.77,137.2,7.217e-13,metal1,metal1
21.7175,14.0,9.312e-09,metal1,metal1
21.7175,16.8,3.421e-13,metal1,metal1
21.7175,131.6,1.288e-12,metal1,metal1
21.7575,86.8,2.808e-07,metal1,metal1
21.7175,41.8975,1.104e-09,metal1,metal1
21.73,70.0,1.267e-08,metal1,metal1
21.735,126.0,6.987e-08,metal1,metal1
21.745,53.2,1.923e-10,metal1,metal1
21.745,103.6,3.747e-06,metal1,metal1
21.75,67.2,1.96e-09,metal1,metal1
21.755,33.6,5.026e-09,metal1,metal1
21.755,61.6,7.522e-09,metal1,metal1
21.76,8.4,4.991e-08,metal1,metal1
21.76,22.4,2.629e-09,metal1,metal1
21.76,44.8,2.57e-09,metal1,metal1
21.77,58.8,2.785e-06,metal1,metal1
21.752499999999998,41.96625,1.104e-09,metal1,metal1
21.775,112.0,7.423e-08,metal1,metal1
21.7875,42.06875,3.282e-09,metal1,metal1
21.84,70.0,1.267e-08,metal1,metal1
21.9225,126.0,5.696e-09,metal1,metal1
21.805,53.2,1.923e-10,metal1,metal1
21.9375,103.6,3.747e-06,metal1,metal1
22.0975,14.0,1.079e-09,metal1,metal1
22.0975,16.8,3.422e-13,metal1,metal1
21.9375,67.2,3.534e-10,metal1,metal1
22.0975,131.6,1.287e-12,metal1,metal1
22.005,33.6,5.026e-09,metal1,metal1
21.845,61.6,7.522e-09,metal1,metal1
21.840000000000003,8.4,4.991e-08,metal1,metal1
22.122500000000002,22.4,2.629e-09,metal1,metal1
22.122500000000002,44.8,2.57e-09,metal1,metal1
22.396250000000002,58.8,2.785e-06,metal1,metal1
22.057499999999997,42.0,6.991e-09,metal1,metal1
22.057499999999997,112.0,4.28e-09,metal1,metal1
22.07,86.8,2.808e-07,metal1,metal1
21.865,53.2,2.615e-10,metal1,metal1
21.865,89.6,2.411e-13,metal1,metal1
21.865,128.8,0.0,metal1,metal1
21.9075,72.8,2.207e-15,metal1,metal1
21.9075,106.4,8.51e-11,metal1,metal1
21.9075,123.2,5.693e-13,metal1,metal1
21.9075,134.4,3.679e-15,metal1,metal1
21.92,8.4,7.683e-10,metal1,metal1
21.887500000000003,25.0975,6.953e-10,metal1,metal1
21.92,64.4,9.426e-08,metal1,metal1
21.9225,25.200000000000003,3.179e-10,metal1,metal1
21.935,19.6,3.359e-06,metal1,metal1
21.935,28.0,2.677e-06,metal1,metal1
21.935,30.8,4.363e-09,metal1,metal1
21.9025,53.2,2.615e-10,metal1,metal1
21.935,61.6,4.384e-09,metal1,metal1
22.2975,89.6,1.949e-14,metal1,metal1
22.2975,128.8,7.497e-16,metal1,metal1
21.94,53.2,3.029e-10,metal1,metal1
21.9075,97.91499999999999,2.841e-06,metal1,metal1
21.942500000000003,97.98375,4.086e-12,metal1,metal1
21.95,70.0,7.992e-08,metal1,metal1
21.95,114.8,2.169e-07,metal1,metal1
21.95,117.6,1.094e-09,metal1,metal1
21.95,137.2,5.169e-10,metal1,metal1
22.2025,8.4,1.314e-08,metal1,metal1
21.9575,25.302500000000002,3.179e-10,metal1,metal1
22.11,64.4,9.596e-09,metal1,metal1
22.1125,25.2,1.695e-08,metal1,metal1
22.035,19.6,3.359e-06,metal1,metal1
22.5,28.0,2.677e-06,metal1,metal1
22.0,30.8,4.363e-09,metal1,metal1
22.095,61.6,4.384e-09,metal1,metal1
22.1275,53.2,4.061e-13,metal1,metal1
22.1875,72.8,1.87e-15,metal1,metal1
21.9775,98.06875,4.086e-12,metal1,metal1
22.1875,106.4,8.51e-11,metal1,metal1
22.2875,123.2,5.688e-13,metal1,metal1
22.1875,134.4,2.337e-16,metal1,metal1
22.130000000000003,98.0,2.322e-11,metal1,metal1
22.3125,70.0,6.648e-09,metal1,metal1
22.04,114.8,2.169e-07,metal1,metal1
22.3125,117.6,1.094e-09,metal1,metal1
22.3125,137.2,5.17e-10,metal1,metal1
22.53875,75.6,2.58e-06,metal1,metal1
22.0975,11.2,3.973e-14,metal1,metal1
22.0625,30.884999999999998,4.363e-09,metal1,metal1
22.54,84.0,3.022e-06,metal1,metal1
22.11,126.0,3.825e-06,metal1,metal1
22.0875,50.2975,2.565e-06,metal1,metal1
22.125,67.2,2.436e-07,metal1,metal1
22.13,30.884999999999998,1.79e-11,metal1,metal1
22.1225,50.3825,5.328e-11,metal1,metal1
22.11,81.285,8.377e-11,metal1,metal1
22.0975,100.88499999999999,6.84e-06,metal1,metal1
22.13,103.6,3.757e-06,metal1,metal1
22.13,114.8,2.933e-07,metal1,metal1
22.135,19.6,3.283e-09,metal1,metal1
22.1325,100.81625,1.665e-12,metal1,metal1
22.145,81.22625,7.669e-11,metal1,metal1
22.4075,126.0,3.825e-06,metal1,metal1
22.1575,50.485,5.328e-11,metal1,metal1
22.189999999999998,67.2,2.436e-07,metal1,metal1
22.377499999999998,11.2,3.833e-14,metal1,metal1
22.3175,30.8,2.961e-13,metal1,metal1
22.31,50.4,1.567e-10,metal1,metal1
22.18,81.14125,7.668e-11,metal1,metal1
22.1675,100.73124999999999,1.665e-12,metal1,metal1
22.32,103.6,3.757e-06,metal1,metal1
22.3325,114.8,2.933e-07,metal1,metal1
22.385,19.6,3.283e-09,metal1,metal1
22.32,100.8,5.379e-11,metal1,metal1
22.3325,81.2,6.249e-11,metal1,metal1
22.2875,33.6,3.223e-12,metal1,metal1
22.252499999999998,61.6375,4.384e-09,metal1,metal1
22.2875,67.2,2.306e-10,metal1,metal1
22.252499999999998,78.485,3.169e-11,metal1,metal1
22.2875,120.4,5.894e-13,metal1,metal1
22.728749999999998,92.4,5.831e-06,metal1,metal1
22.3,25.2,1.236e-07,metal1,metal1
22.3,64.4,6.574e-06,metal1,metal1
22.315,53.2,2.52e-11,metal1,metal1
22.315,98.0,1.562e-08,metal1,metal1
22.315,109.2,6.911e-08,metal1,metal1
22.32,61.6375,6.305e-11,metal1,metal1
22.32,78.485,9.37e-11,metal1,metal1
22.34,42.0,3.926e-06,metal1,metal1
22.34,112.0,4.671e-06,metal1,metal1
22.345,39.2,5.26e-08,metal1,metal1
22.35,86.8,6.02e-10,metal1,metal1
22.872500000000002,25.2,5.898e-06,metal1,metal1
22.5,64.4,6.574e-06,metal1,metal1
22.5225,53.2,2.52e-11,metal1,metal1
22.380000000000003,98.0,1.562e-08,metal1,metal1
22.71,109.2,3.399e-06,metal1,metal1
22.6675,33.6,3.223e-12,metal1,metal1
22.5075,61.6,1.429e-11,metal1,metal1
22.567500000000003,67.2,2.306e-10,metal1,metal1
22.5075,78.4,1.389e-12,metal1,metal1
22.567500000000003,120.4,5.892e-13,metal1,metal1
22.52,42.0,3.926e-06,metal1,metal1
22.425,112.0,4.671e-06,metal1,metal1
22.627499999999998,39.2,3.073e-09,metal1,metal1
22.43,86.8,6.02e-10,metal1,metal1
22.435,72.8,4.549e-15,metal1,metal1
22.435,106.4,1.674e-12,metal1,metal1
22.435,134.4,7.68e-15,metal1,metal1
22.4775,14.0,1.024e-12,metal1,metal1
22.4775,16.8,0.0,metal1,metal1
22.4775,98.0,1.002e-11,metal1,metal1
22.4775,131.6,0.0,metal1,metal1
22.5175,8.4,1.409e-06,metal1,metal1
22.5175,22.4,4.011e-06,metal1,metal1
22.5175,44.8,3.921e-06,metal1,metal1
22.4625,50.2975,1.567e-10,metal1,metal1
22.505,30.8,2.202e-10,metal1,metal1
22.4975,50.3825,6.064e-10,metal1,metal1
22.8675,72.8,6.247e-16,metal1,metal1
22.4775,81.285,6.249e-11,metal1,metal1
22.505,100.8,3.618e-08,metal1,metal1
22.8675,106.4,5.248e-15,metal1,metal1
22.8675,134.4,4.998e-16,metal1,metal1
22.51,86.8,1.745e-10,metal1,metal1
22.51,103.6,6.948e-08,metal1,metal1
22.51,112.0,8.625e-08,metal1,metal1
22.515,47.6,5.258e-09,metal1,metal1
22.5125,81.21625,3.202e-08,metal1,metal1
22.535,56.0,6.74e-08,metal1,metal1
22.535,114.8,1.373e-06,metal1,metal1
22.5325,50.485,6.064e-10,metal1,metal1
22.564999999999998,30.8,2.202e-10,metal1,metal1
23.0775,50.4,3.269e-06,metal1,metal1
22.5475,81.13125,3.202e-08,metal1,metal1
22.57,100.8,3.618e-08,metal1,metal1
22.7575,14.0,1.026e-12,metal1,metal1
22.7575,16.8,9.349e-16,metal1,metal1
22.61,86.8,1.745e-10,metal1,metal1
22.8575,98.0,1.002e-11,metal1,metal1
22.6975,103.6,5.62e-09,metal1,metal1
22.6975,112.0,3.558e-10,metal1,metal1
22.7575,131.6,1.402e-15,metal1,metal1
22.765,47.6,5.258e-09,metal1,metal1
22.705,81.2,3.202e-08,metal1,metal1
22.817500000000003,56.0,3.919e-09,metal1,metal1
22.605,114.8,1.373e-06,metal1,metal1
22.815,8.4,1.409e-06,metal1,metal1
23.223750000000003,22.4,4.011e-06,metal1,metal1
22.6175,44.8,3.921e-06,metal1,metal1
22.625,11.2,0.0,metal1,metal1
22.625,30.8,9.155e-10,metal1,metal1
23.39,36.4,3.579e-06,metal1,metal1
22.6675,19.6,7.806e-12,metal1,metal1
22.6675,100.8,1.141e-08,metal1,metal1
22.6675,123.2,1.048e-11,metal1,metal1
22.7075,70.0,4.871e-06,metal1,metal1
22.7075,114.8,2.939e-06,metal1,metal1
22.7075,117.6,3.287e-06,metal1,metal1
22.7075,137.2,7.889e-07,metal1,metal1
22.685,44.8,5.33e-09,metal1,metal1
23.057499999999997,11.2,1.125e-15,metal1,metal1
22.845,30.8,4.674e-08,metal1,metal1
22.695,61.6,9.71e-09,metal1,metal1
22.695,78.4,1.043e-09,metal1,metal1
22.7,42.0,2.711e-08,metal1,metal1
22.7,64.4,1.216e-07,metal1,metal1
22.705,126.0,3.739e-09,metal1,metal1
22.71,86.8,1.812e-10,metal1,metal1
22.73,53.2,1.144e-08,metal1,metal1
22.73,89.6,3.487e-11,metal1,metal1
22.73,128.8,1.488e-12,metal1,metal1
22.8725,44.8,5.33e-09,metal1,metal1
22.805,61.6,9.71e-09,metal1,metal1
22.755000000000003,78.4,1.043e-09,metal1,metal1
23.0475,19.6,7.805e-12,metal1,metal1
22.7875,42.0,2.711e-08,metal1,metal1
22.8875,64.4,9.816e-09,metal1,metal1
22.7975,100.8,1.141e-08,metal1,metal1
22.947499999999998,123.2,1.048e-11,metal1,metal1
22.955,126.0,3.739e-09,metal1,metal1
22.7975,86.8,1.812e-10,metal1,metal1
22.822499999999998,53.2,1.144e-08,metal1,metal1
22.91,89.6,3.487e-11,metal1,metal1
22.91,128.8,1.486e-12,metal1,metal1
22.807499999999997,70.0,4.871e-06,metal1,metal1
22.92,114.8,1.174e-08,metal1,metal1
23.002499999999998,117.6,3.287e-06,metal1,metal1
22.9975,137.2,7.889e-07,metal1,metal1
22.815,67.2,8.865e-10,metal1,metal1
22.815,78.4,6.143e-11,metal1,metal1
22.815,120.4,6.217e-10,metal1,metal1
22.875,42.0,1.141e-08,metal1,metal1
22.875,70.0,6.819e-09,metal1,metal1
23.035,67.2,4.527e-08,metal1,metal1
23.130000000000003,78.4,4.164e-09,metal1,metal1
22.885,86.8,5.822e-09,metal1,metal1
22.885,103.6,3.773e-06,metal1,metal1
22.8525,111.91499999999999,3.558e-10,metal1,metal1
22.9475,120.4,3.159e-08,metal1,metal1
22.89,81.2,2.982e-07,metal1,metal1
22.887500000000003,112.0025,4.821e-06,metal1,metal1
22.895,100.8,2.439e-09,metal1,metal1
24.1825,142.8,7.449e-08,metal1,metal1
22.91,39.2,3.354e-06,metal1,metal1
22.915,53.2,1.233e-08,metal1,metal1
22.915,61.6,2.965e-08,metal1,metal1
24.39125,95.2,2.767e-06,metal1,metal1
22.975,42.0,1.141e-08,metal1,metal1
23.0625,70.0,6.819e-09,metal1,metal1
23.16,86.8,5.822e-09,metal1,metal1
23.08,103.6,3.773e-06,metal1,metal1
22.9225,112.0875,4.821e-06,metal1,metal1
23.067500000000003,81.2,2.982e-07,metal1,metal1
23.57125,112.0,4.821e-06,metal1,metal1
23.145,100.8,2.439e-09,metal1,metal1
23.28,39.2,3.354e-06,metal1,metal1
23.002499999999998,53.2,1.233e-08,metal1,metal1
22.965,61.6,2.965e-08,metal1,metal1
23.005,14.0,1.82e-14,metal1,metal1
23.005,16.8,9.099e-15,metal1,metal1
23.005,131.6,4.549e-15,metal1,metal1
23.0475,33.6,4.415e-15,metal1,metal1
23.0475,47.6,3.371e-12,metal1,metal1
23.0475,61.6,3.741e-08,metal1,metal1
23.57875,58.8,2.785e-06,metal1,metal1
23.06,44.8,1.203e-09,metal1,metal1
23.065,28.0,3.75e-09,metal1,metal1
23.065,30.8,5.716e-11,metal1,metal1
23.4375,14.0,1.249e-15,metal1,metal1
23.4375,16.8,7.497e-16,metal1,metal1
23.075,42.0,2.723e-08,metal1,metal1
23.075,64.4,6.59e-06,metal1,metal1
23.4375,131.6,5.885e-14,metal1,metal1
23.0475,8.485,1.409e-06,metal1,metal1
23.08,84.0,3.033e-06,metal1,metal1
23.08,120.4,5.823e-10,metal1,metal1
23.0825,8.41625,7.153e-13,metal1,metal1
23.085,75.6,2.523e-09,metal1,metal1
23.09,53.2,6.014e-08,metal1,metal1
23.09,89.6,2.496e-08,metal1,metal1
23.09,128.8,1.064e-09,metal1,metal1
23.1,56.0,4.277e-06,metal1,metal1
23.1,114.8,4.697e-06,metal1,metal1
23.105,109.2,5.507e-08,metal1,metal1
23.25,44.8,1.203e-09,metal1,metal1
23.2525,28.0,3.75e-09,metal1,metal1
23.2525,30.8,5.715e-11,metal1,metal1
24.21625,140.0,1.336e-06,metal1,metal1
23.1625,42.0,2.723e-08,metal1,metal1
23.48,64.4,6.59e-06,metal1,metal1
23.1175,8.33125,7.152e-13,metal1,metal1
23.3275,33.6,2.805e-15,metal1,metal1
23.4275,47.6,3.372e-12,metal1,metal1
23.28,61.6,6.129e-12,metal1,metal1
23.362499999999997,84.0,3.033e-06,metal1,metal1
23.2675,120.4,4.964e-11,metal1,metal1
23.270000000000003,8.4,1.126e-11,metal1,metal1
23.335,75.6,2.523e-09,metal1,metal1
23.285,53.2,6.603e-11,metal1,metal1
23.18,89.6,2.496e-08,metal1,metal1
23.4525,128.8,1.064e-09,metal1,metal1
23.6625,56.0,4.277e-06,metal1,metal1
23.2825,114.8,4.697e-06,metal1,metal1
23.387500000000003,109.2,3.201e-09,metal1,metal1
23.195,123.2,1.104e-08,metal1,metal1
23.2375,98.0,8.83e-15,metal1,metal1
23.2375,126.0,2.398e-12,metal1,metal1
23.2775,81.2,4.121e-06,metal1,metal1
23.25,42.0,8.631e-08,metal1,metal1
23.25,70.0,1.05e-07,metal1,metal1
23.255,67.2,5.536e-11,metal1,metal1
23.255,137.2,1.459e-08,metal1,metal1
23.2325,117.57249999999999,3.287e-06,metal1,metal1
23.235,123.2,1.104e-08,metal1,metal1
23.27,89.6,4.599e-10,metal1,metal1
23.27,92.4,1.078e-07,metal1,metal1
23.2675,117.66,4.653e-10,metal1,metal1
23.275,103.6,3.688e-09,metal1,metal1
23.275,123.2,7.861e-10,metal1,metal1
23.3,72.8,1.4e-12,metal1,metal1
23.3,106.4,7.275e-12,metal1,metal1
23.3,134.4,9.509e-13,metal1,metal1
23.9225,42.0,4.104e-06,metal1,metal1
23.822499999999998,70.0,5.018e-06,metal1,metal1
23.4425,67.2,5.536e-11,metal1,metal1
23.4425,137.2,1.268e-09,metal1,metal1
23.302500000000002,117.6875,4.653e-10,metal1,metal1
23.4575,89.6,5.845e-11,metal1,metal1
23.4575,92.4,8.708e-09,metal1,metal1
23.5175,98.0,9.349e-15,metal1,metal1
23.557499999999997,117.6,3.459e-06,metal1,metal1
23.6175,126.0,2.398e-12,metal1,metal1
23.525,103.6,3.688e-09,metal1,metal1
23.525,123.2,7.861e-10,metal1,metal1
23.48,72.8,1.396e-12,metal1,metal1
23.48,106.4,7.281e-12,metal1,metal1
23.48,134.4,9.468e-13,metal1,metal1
23.3875,81.2,4.121e-06,metal1,metal1
23.395,19.515,8.888e-09,metal1,metal1
23.427500000000002,100.8,2.434e-09,metal1,metal1
23.4675,86.8,6.443e-06,metal1,metal1
23.44,28.0,5.914e-08,metal1,metal1
23.43,30.697499999999998,5.035e-09,metal1,metal1
23.4175,44.885,1.203e-09,metal1,metal1
23.445,25.2,1.091e-07,metal1,metal1
23.445,78.4,1.249e-08,metal1,metal1
23.455,8.4,7.576e-09,metal1,metal1
23.455,120.4,3.452e-08,metal1,metal1
23.4625,19.583750000000002,4.041e-10,metal1,metal1
23.4525,44.81625,2.449e-09,metal1,metal1
23.465,81.2,1.804e-08,metal1,metal1
23.465,114.8,1.122e-09,metal1,metal1
23.48,53.2,1.277e-08,metal1,metal1
23.48,61.6,3.287e-08,metal1,metal1
23.49,11.2,1.941e-12,metal1,metal1
23.465,30.75625,5.035e-09,metal1,metal1
24.0325,28.0,2.827e-06,metal1,metal1
23.5,30.85875,4.322e-08,metal1,metal1
23.4875,44.73125,2.449e-09,metal1,metal1
23.6325,25.2,8.941e-09,metal1,metal1
23.5625,78.4,1.249e-08,metal1,metal1
23.52,8.4,7.576e-09,metal1,metal1
23.5675,120.4,3.452e-08,metal1,metal1
23.497500000000002,19.668750000000003,4.041e-10,metal1,metal1
23.707500000000003,100.8,2.434e-09,metal1,metal1
23.71,19.6,4.041e-10,metal1,metal1
23.655,44.8,2.449e-09,metal1,metal1
23.655,81.2,1.804e-08,metal1,metal1
23.5475,114.8,1.122e-09,metal1,metal1
23.6475,53.2,1.277e-08,metal1,metal1
23.5275,61.6,3.287e-08,metal1,metal1
23.67,11.2,1.944e-12,metal1,metal1
23.67,30.8,5.953e-08,metal1,metal1
23.67,86.8,6.443e-06,metal1,metal1
23.575,33.6,0.0,metal1,metal1
23.575,61.6,6.363e-10,metal1,metal1
23.6175,8.4,4.859e-12,metal1,metal1
23.6175,75.6,5.247e-12,metal1,metal1
23.619999999999997,67.30250000000001,4.877e-09,metal1,metal1
23.63,114.8,6.132e-11,metal1,metal1
23.63,137.2,8.525e-07,metal1,metal1
24.0075,33.6,2.999e-15,metal1,metal1
23.72,61.6,5.451e-10,metal1,metal1
23.645,84.0,6.355e-08,metal1,metal1
23.645,89.6,4.042e-08,metal1,metal1
23.645,92.4,5.847e-06,metal1,metal1
23.65,39.2,6.203e-08,metal1,metal1
23.65,50.4,6.045e-08,metal1,metal1
23.66,72.8,9.996e-10,metal1,metal1
23.66,106.4,5.212e-09,metal1,metal1
23.66,134.4,1.309e-09,metal1,metal1
23.67,109.2,3.493e-06,metal1,metal1
23.655,67.24375,4.877e-09,metal1,metal1
23.68,78.4,2.323e-08,metal1,metal1
23.68,120.4,4.896e-10,metal1,metal1
23.689999999999998,67.14125,4.187e-08,metal1,metal1
23.7975,114.8,1.789e-09,metal1,metal1
24.02,137.2,8.525e-07,metal1,metal1
23.8375,84.0,3.132e-06,metal1,metal1
23.73,89.6,4.042e-08,metal1,metal1
23.835,92.4,5.847e-06,metal1,metal1
23.9975,8.4,4.858e-12,metal1,metal1
23.8375,39.2,5.02e-09,metal1,metal1
23.8375,50.4,4.893e-09,metal1,metal1
23.9975,75.6,5.247e-12,metal1,metal1
24.0225,72.8,9.996e-10,metal1,metal1
23.939999999999998,106.4,5.212e-09,metal1,metal1
24.0225,134.4,1.309e-09,metal1,metal1
23.9425,109.2,3.493e-06,metal1,metal1
23.86,67.2,5.766e-08,metal1,metal1
23.75,78.4,2.323e-08,metal1,metal1
23.86,120.4,4.896e-10,metal1,metal1
23.765,98.0,4.777e-13,metal1,metal1
23.807499999999997,47.6,3.311e-14,metal1,metal1
23.807499999999997,103.6,2.564e-12,metal1,metal1
23.807499999999997,123.2,3.22e-09,metal1,metal1
23.8475,53.2,4.628e-06,metal1,metal1
23.8475,89.6,3.545e-06,metal1,metal1
23.8475,128.8,1.623e-06,metal1,metal1
23.82,25.2,6.005e-06,metal1,metal1
23.82,78.4,1.338e-08,metal1,metal1
24.0875,98.0,2.434e-11,metal1,metal1
23.84,86.8,1.191e-07,metal1,metal1
23.845,44.8,5.309e-08,metal1,metal1
23.845,81.2,5.483e-08,metal1,metal1
23.845,117.6,3.32e-09,metal1,metal1
23.85,11.2,1.391e-09,metal1,metal1
23.85,30.8,4.26e-09,metal1,metal1
23.865,61.6,8.477e-12,metal1,metal1
23.87,14.0,2.11e-12,metal1,metal1
23.87,16.8,1.471e-12,metal1,metal1
23.87,131.6,1.043e-10,metal1,metal1
24.22,64.4,6.59e-06,metal1,metal1
24.69375,25.2,6.005e-06,metal1,metal1
23.93,78.4,1.338e-08,metal1,metal1
24.50125,22.4,4.011e-06,metal1,metal1
24.0875,47.6,3.296e-14,metal1,metal1
24.0275,86.8,9.691e-09,metal1,metal1
24.1875,103.6,2.563e-12,metal1,metal1
23.95,123.2,3.22e-09,metal1,metal1
23.905,44.8,5.309e-08,metal1,metal1
23.905,81.2,5.483e-08,metal1,metal1
24.095,117.6,3.32e-09,metal1,metal1
24.2125,11.2,1.391e-09,metal1,metal1
24.2125,30.8,4.26e-09,metal1,metal1
24.1475,61.6,2.13e-11,metal1,metal1
24.05,14.0,2.108e-12,metal1,metal1
24.05,16.8,1.466e-12,metal1,metal1
24.05,131.6,1.043e-10,metal1,metal1
23.947499999999998,53.2,4.628e-06,metal1,metal1
24.5275,89.6,3.545e-06,metal1,metal1
24.3275,128.8,1.623e-06,metal1,metal1
23.925,19.50625,4.041e-10,metal1,metal1
23.955,100.8,2.89e-10,metal1,metal1
23.96,19.543750000000003,2.471e-09,metal1,metal1
23.997500000000002,44.8,1.291e-08,metal1,metal1
23.997500000000002,81.2,1.335e-08,metal1,metal1
23.9525,114.76249999999999,1.789e-09,metal1,metal1
23.997500000000002,126.0,2.207e-15,metal1,metal1
24.01,114.725,7.859e-10,metal1,metal1
24.015,53.2,6.479e-09,metal1,metal1
24.0275,19.637500000000003,2.305e-09,metal1,metal1
24.025,39.2,3.37e-06,metal1,metal1
24.025,50.4,3.285e-06,metal1,metal1
24.025,92.4,1.216e-07,metal1,metal1
24.055,100.8,1.712e-08,metal1,metal1
24.03,84.0,5.793e-08,metal1,metal1
24.04,67.2,4.996e-09,metal1,metal1
24.04,78.4,8.437e-08,metal1,metal1
24.04,120.4,3.16e-07,metal1,metal1
24.06,123.2,9.29e-12,metal1,metal1
24.055,114.76249999999999,7.859e-10,metal1,metal1
24.2025,53.2,6.479e-09,metal1,metal1
24.22,39.2,3.37e-06,metal1,metal1
24.22,50.4,3.285e-06,metal1,metal1
24.41,92.4,5.953e-06,metal1,metal1
24.3775,19.6,2.305e-09,metal1,metal1
24.1875,44.8,1.291e-08,metal1,metal1
24.1875,81.2,1.335e-08,metal1,metal1
24.2175,84.0,5.55e-09,metal1,metal1
24.3125,114.8,7.859e-10,metal1,metal1
24.2775,126.0,2.104e-15,metal1,metal1
24.4025,67.2,4.996e-09,metal1,metal1
24.4025,78.4,8.276e-09,metal1,metal1
24.3125,120.4,3.16e-07,metal1,metal1
24.240000000000002,123.2,9.292e-12,metal1,metal1
24.1875,100.8,2.258e-12,metal1,metal1
24.205,58.8,3.901e-09,metal1,metal1
24.215,86.8,6.507e-06,metal1,metal1
24.215,109.2,7.304e-08,metal1,metal1
24.22,36.4,6.618e-08,metal1,metal1
24.22,106.4,1.129e-08,metal1,metal1
24.225,56.0,4.203e-09,metal1,metal1
24.23,14.0,1.51e-09,metal1,metal1
24.23,16.8,1.05e-09,metal1,metal1
24.23,131.6,7.467e-08,metal1,metal1
24.863750000000003,112.0,4.821e-06,metal1,metal1
24.3925,58.8,3.901e-09,metal1,metal1
24.5975,86.8,6.507e-06,metal1,metal1
24.5975,109.2,3.592e-06,metal1,metal1
24.4075,36.4,5.355e-09,metal1,metal1
24.4675,100.8,2.257e-12,metal1,metal1
24.302500000000002,106.4,1.129e-08,metal1,metal1
24.475,56.0,4.203e-09,metal1,metal1
24.5925,14.0,1.509e-09,metal1,metal1
24.32,16.8,1.05e-09,metal1,metal1
24.52,131.6,3.509e-11,metal1,metal1
24.335,47.6,3.141e-11,metal1,metal1
24.377499999999998,8.4,4.415e-15,metal1,metal1
24.377499999999998,44.8,1.296e-08,metal1,metal1
24.3425,75.515,5.247e-12,metal1,metal1
24.377499999999998,81.2,1.341e-08,metal1,metal1
24.377499999999998,117.6,6.253e-08,metal1,metal1
24.3625,72.715,9.996e-10,metal1,metal1
24.4175,106.4,2.269e-08,metal1,metal1
24.4175,134.4,3.931e-06,metal1,metal1
24.39,53.2,9.989e-08,metal1,metal1
24.395,70.0,7.026e-09,metal1,metal1
24.755000000000003,47.6,1.596e-09,metal1,metal1
24.405,84.0,3.737e-06,metal1,metal1
24.41,16.8,1.987e-11,metal1,metal1
24.41,72.63,2.497e-09,metal1,metal1
24.41,75.515,1.721e-11,metal1,metal1
24.41,98.0,4.018e-11,metal1,metal1
24.41,137.2,1.183e-06,metal1,metal1
24.415,39.2,3.295e-09,metal1,metal1
24.415,50.4,3.211e-09,metal1,metal1
24.42,123.2,9.872e-09,metal1,metal1
24.4,61.53125,2.13e-11,metal1,metal1
24.44,33.6,5.463e-12,metal1,metal1
24.435000000000002,61.59,6.173e-13,metal1,metal1
24.78875,53.2,4.774e-06,metal1,metal1
24.5825,70.0,7.026e-09,metal1,metal1
24.5875,84.0,3.737e-06,metal1,metal1
24.6575,8.4,4.675e-15,metal1,metal1
24.5975,16.8,2.603e-11,metal1,metal1
24.567500000000003,44.8,1.296e-08,metal1,metal1
24.465,72.715,2.497e-09,metal1,metal1
24.5975,75.6,2.55e-13,metal1,metal1
24.567500000000003,81.2,1.341e-08,metal1,metal1
24.52,98.0,4.018e-11,metal1,metal1
24.502499999999998,117.6,6.253e-08,metal1,metal1
24.697499999999998,137.2,1.183e-06,metal1,metal1
24.665,39.2,3.295e-09,metal1,metal1
24.665,50.4,3.211e-09,metal1,metal1
24.4775,123.2,9.872e-09,metal1,metal1
24.47,61.65875,6.174e-13,metal1,metal1
24.62,33.6,5.459e-12,metal1,metal1
24.6075,61.6,6.174e-13,metal1,metal1
24.6175,72.8,7.041e-09,metal1,metal1
24.5225,106.4,2.269e-08,metal1,metal1
24.612499999999997,134.4,3.931e-06,metal1,metal1
24.525,126.0,4.549e-15,metal1,metal1
24.5325,103.515,2.564e-12,metal1,metal1
24.567500000000003,123.2,9.287e-12,metal1,metal1
24.6075,11.2,2.123e-06,metal1,metal1
24.6075,30.8,6.441e-06,metal1,metal1
24.58,58.8,6.129e-08,metal1,metal1
24.585,120.4,1.207e-06,metal1,metal1
24.595,36.4,3.595e-06,metal1,metal1
24.5625,41.9725,4.104e-06,metal1,metal1
24.595,106.4,3.104e-06,metal1,metal1
24.595,114.8,3.875e-10,metal1,metal1
24.595,117.6,3.703e-10,metal1,metal1
24.9575,126.0,2.499e-15,metal1,metal1
24.5975,42.057500000000005,1.444e-10,metal1,metal1
24.6,103.515,5.46e-12,metal1,metal1
24.625,28.0,4.58e-08,metal1,metal1
24.625,64.4,1.067e-07,metal1,metal1
24.63,98.0,6.054e-11,metal1,metal1
25.17375,58.8,2.929e-06,metal1,metal1
24.675,120.4,1.207e-06,metal1,metal1
25.064999999999998,36.4,3.595e-06,metal1,metal1
24.6325,42.085,1.444e-10,metal1,metal1
24.785,106.4,3.104e-06,metal1,metal1
24.66,114.8,3.875e-10,metal1,metal1
24.85,117.6,2.661e-08,metal1,metal1
24.7875,42.0,7.611e-09,metal1,metal1
24.8475,103.6,5.46e-12,metal1,metal1
24.8475,123.2,9.285e-12,metal1,metal1
24.9075,28.0,2.695e-09,metal1,metal1
24.9075,64.4,5.878e-10,metal1,metal1
24.7075,98.0,6.054e-11,metal1,metal1
24.802500000000002,11.2,2.123e-06,metal1,metal1
25.11875,30.8,6.441e-06,metal1,metal1
24.715,100.8,1.949e-08,metal1,metal1
24.7375,19.685000000000002,1.205e-08,metal1,metal1
24.7575,44.8,1.41e-08,metal1,metal1
24.725,55.9625,2.221e-08,metal1,metal1
24.7575,81.2,1.459e-08,metal1,metal1
24.7575,114.8,8.434e-11,metal1,metal1
24.7975,67.2,7.566e-06,metal1,metal1
24.7975,78.4,6.984e-06,metal1,metal1
24.7975,120.4,1.5e-06,metal1,metal1
24.77,70.0,1.085e-07,metal1,metal1
24.77,84.0,7.89e-08,metal1,metal1
24.752499999999998,61.4975,6.172e-13,metal1,metal1
24.775,128.8,3.002e-08,metal1,metal1
24.775,134.4,5.348e-07,metal1,metal1
24.785,16.8,1.778e-08,metal1,metal1
24.785,72.8,4.182e-06,metal1,metal1
24.785,75.6,1.918e-10,metal1,metal1
24.785,98.0,9.46e-11,metal1,metal1
24.7675,100.8,1.949e-08,metal1,metal1
24.7925,56.03125,7.609e-13,metal1,metal1
24.770000000000003,92.46875,5.953e-06,metal1,metal1
24.8,33.6,3.909e-09,metal1,metal1
24.7875,61.56625,2.51e-11,metal1,metal1
24.81,131.6,3.46e-08,metal1,metal1
24.805,92.4,7.459e-12,metal1,metal1
24.805,19.62625,9.584e-12,metal1,metal1
24.82,100.8,3.505e-09,metal1,metal1
26.17625,70.0,5.188e-06,metal1,metal1
24.96,84.0,8.549e-09,metal1,metal1
24.822499999999998,61.66875,2.51e-11,metal1,metal1
24.9625,128.8,2.531e-09,metal1,metal1
24.88,134.4,5.348e-07,metal1,metal1
24.87,16.8,1.778e-08,metal1,metal1
25.18,72.8,4.182e-06,metal1,metal1
24.845,75.6,1.918e-10,metal1,metal1
24.8875,98.0,9.461e-11,metal1,metal1
24.84,19.54125,9.584e-12,metal1,metal1
24.947499999999998,44.8,1.41e-08,metal1,metal1
24.8275,56.06875,7.609e-13,metal1,metal1
24.947499999999998,81.2,1.459e-08,metal1,metal1
25.0375,114.8,8.435e-11,metal1,metal1
25.045,56.0,7.61e-13,metal1,metal1
24.84,92.33125000000001,7.459e-12,metal1,metal1
25.1625,33.6,3.909e-09,metal1,metal1
24.975,61.6,2.51e-11,metal1,metal1
24.8825,131.6,3.46e-08,metal1,metal1
25.055,92.4,6.508e-09,metal1,metal1
25.0,19.6,9.583e-12,metal1,metal1
25.0,100.8,3.505e-09,metal1,metal1
25.1075,67.2,7.566e-06,metal1,metal1
24.917499999999997,78.4,6.984e-06,metal1,metal1
24.895,120.4,1.5e-06,metal1,metal1
24.905,8.4,1.319e-13,metal1,metal1
24.905,75.6,3.771e-12,metal1,metal1
24.947499999999998,39.2,2.112e-12,metal1,metal1
24.947499999999998,50.4,2.06e-12,metal1,metal1
24.9875,14.0,2.303e-06,metal1,metal1
24.9875,16.8,5.259e-06,metal1,metal1
24.9875,131.6,2.844e-06,metal1,metal1
24.96,120.4,9.745e-08,metal1,metal1
24.965,11.2,2.974e-09,metal1,metal1
25.3375,8.4,6.77e-12,metal1,metal1
24.975,42.0,4.157e-06,metal1,metal1
25.3375,75.6,3.873e-15,metal1,metal1
24.942500000000003,106.3725,3.104e-06,metal1,metal1
24.98,86.8,1.203e-07,metal1,metal1
24.9775,106.46000000000001,4.393e-10,metal1,metal1
24.98,109.2,6.643e-08,metal1,metal1
24.985,134.4,3.157e-06,metal1,metal1
24.985,137.2,5.111e-10,metal1,metal1
24.99,98.0,2.368e-09,metal1,metal1
25.005,78.4,3.786e-08,metal1,metal1
25.5325,120.4,3.164e-06,metal1,metal1
25.1525,11.2,2.974e-09,metal1,metal1
25.1575,42.0,4.157e-06,metal1,metal1
25.012500000000003,106.48750000000001,4.393e-10,metal1,metal1
25.3275,39.2,2.113e-12,metal1,metal1
25.3275,50.4,2.059e-12,metal1,metal1
25.1675,86.8,9.716e-09,metal1,metal1
25.36,106.4,3.263e-06,metal1,metal1
25.1675,109.2,5.461e-09,metal1,metal1
25.0675,134.4,1.332e-08,metal1,metal1
25.235,137.2,5.111e-10,metal1,metal1
25.3525,98.0,2.368e-09,metal1,metal1
25.0875,78.4,3.786e-08,metal1,metal1
25.2025,14.0,2.303e-06,metal1,metal1
25.3925,16.8,5.259e-06,metal1,metal1
26.69125,131.6,2.844e-06,metal1,metal1
25.095,103.6,1.137e-13,metal1,metal1
25.085,123.29375,9.818e-11,metal1,metal1
25.1375,44.8,4.536e-08,metal1,metal1
25.1375,81.2,4.691e-08,metal1,metal1
25.1375,117.6,5.324e-11,metal1,metal1
25.119999999999997,123.20875000000001,9.818e-11,metal1,metal1
25.15,61.6,1.194e-10,metal1,metal1
25.15,84.0,5.862e-06,metal1,metal1
25.15,128.8,1.701e-06,metal1,metal1
25.15,134.4,3.025e-07,metal1,metal1
25.5275,103.6,1.374e-15,metal1,metal1
25.1875,123.11500000000001,1.098e-08,metal1,metal1
25.17,78.4,3.12e-08,metal1,metal1
25.175,22.4,3.921e-09,metal1,metal1
25.1525,47.66875,1.596e-09,metal1,metal1
25.175,89.6,3.44e-09,metal1,metal1
25.18,19.6,5.872e-08,metal1,metal1
25.18,100.8,6.258e-09,metal1,metal1
25.51625,53.2,4.774e-06,metal1,metal1
25.19,28.0,2.941e-06,metal1,metal1
25.1575,64.46875,5.878e-10,metal1,metal1
25.192500000000003,64.4,5.55e-10,metal1,metal1
25.1875,47.61,1.31e-09,metal1,metal1
25.3375,61.6,5.739e-09,metal1,metal1
25.7275,84.0,5.862e-06,metal1,metal1
26.07125,128.8,1.701e-06,metal1,metal1
25.3175,134.4,3.025e-07,metal1,metal1
25.2275,44.8,4.536e-08,metal1,metal1
25.3575,78.4,1.099e-09,metal1,metal1
25.2275,81.2,4.691e-08,metal1,metal1
25.417499999999997,117.6,5.324e-11,metal1,metal1
25.425,22.4,3.921e-09,metal1,metal1
25.2225,47.541250000000005,1.31e-09,metal1,metal1
25.425,89.6,3.44e-09,metal1,metal1
25.2325,19.6,5.872e-08,metal1,metal1
25.380000000000003,100.8,6.258e-09,metal1,metal1
25.4625,28.0,2.941e-06,metal1,metal1
25.2275,64.33125000000001,5.55e-10,metal1,metal1
25.4775,64.4,6.136e-09,metal1,metal1
25.38,47.6,1.31e-09,metal1,metal1
25.4675,123.2,1.098e-08,metal1,metal1
25.285,19.6,1.025e-09,metal1,metal1
25.285,44.8,6.314e-10,metal1,metal1
25.285,81.2,6.53e-10,metal1,metal1
25.285,114.8,1.533e-12,metal1,metal1
25.3275,56.0,3.183e-08,metal1,metal1
25.302500000000002,92.4375,5.855e-08,metal1,metal1
25.34,11.2,4.698e-08,metal1,metal1
25.34,42.0,8.778e-08,metal1,metal1
25.595,19.6,6.656e-09,metal1,metal1
25.475,44.8,1.328e-08,metal1,metal1
25.475,81.2,1.374e-08,metal1,metal1
25.355,86.8,6.523e-06,metal1,metal1
25.355,109.2,3.668e-06,metal1,metal1
25.7175,114.8,6.372e-12,metal1,metal1
25.365,140.0,1.306e-09,metal1,metal1
25.369999999999997,92.36875,2.393e-09,metal1,metal1
25.385,14.0,3.729e-08,metal1,metal1
25.385,67.2,1.226e-07,metal1,metal1
25.39,126.0,4.145e-12,metal1,metal1
25.9125,11.2,2.246e-06,metal1,metal1
25.53,42.0,9.288e-09,metal1,metal1
25.55,86.8,6.523e-06,metal1,metal1
25.655,109.2,3.668e-06,metal1,metal1
25.4225,56.0,3.183e-08,metal1,metal1
25.405,92.33125000000001,2.393e-09,metal1,metal1
25.615,140.0,1.306e-09,metal1,metal1
25.6575,92.4,2.393e-09,metal1,metal1
25.6575,14.0,5.671e-10,metal1,metal1
25.6675,67.2,7.041e-09,metal1,metal1
25.57,126.0,4.15e-12,metal1,metal1
25.5175,56.0,3.647e-12,metal1,metal1
25.5175,134.4,1.94e-10,metal1,metal1
25.4725,137.2375,5.111e-10,metal1,metal1
25.557499999999997,33.6,5.965e-06,metal1,metal1
25.557499999999997,61.6,3.642e-06,metal1,metal1
25.53,137.275,1.387e-09,metal1,metal1
25.53,142.8,1.422e-07,metal1,metal1
25.535,36.4,5.035e-09,metal1,metal1
25.5225,78.485,1.1e-09,metal1,metal1
25.545,112.0,2.574e-08,metal1,metal1
25.56,47.6,7.489e-08,metal1,metal1
26.37125,25.2,6.005e-06,metal1,metal1
25.557499999999997,78.41624999999999,7.217e-06,metal1,metal1
25.575,72.8,8.798e-08,metal1,metal1
25.58,100.8,1.005e-09,metal1,metal1
26.00625,30.8,6.441e-06,metal1,metal1
25.575000000000003,137.2375,1.387e-09,metal1,metal1
26.1,142.8,1.422e-07,metal1,metal1
25.7225,36.4,5.035e-09,metal1,metal1
25.5925,78.33125000000001,7.217e-06,metal1,metal1
25.6425,112.0,2.574e-08,metal1,metal1
25.7975,56.0,3.648e-12,metal1,metal1
25.8975,134.4,1.94e-10,metal1,metal1
25.73,137.2,1.039e-12,metal1,metal1
25.6175,47.6,7.489e-08,metal1,metal1
25.7425,78.4,7.217e-06,metal1,metal1
25.84,72.8,1.252e-06,metal1,metal1
25.7425,100.8,1.005e-09,metal1,metal1
25.9525,33.6,5.965e-06,metal1,metal1
25.7725,61.6,3.642e-06,metal1,metal1
25.665,44.8,6.6e-11,metal1,metal1
25.665,81.2,6.827e-11,metal1,metal1
25.665,117.6,2.943e-08,metal1,metal1
25.7075,22.4,2.515e-12,metal1,metal1
25.7075,39.2,2.207e-15,metal1,metal1
25.7075,47.6,9.808e-09,metal1,metal1
25.7075,50.4,6.622e-15,metal1,metal1
25.7075,89.6,2.594e-08,metal1,metal1
25.747500000000002,98.0,3.613e-06,metal1,metal1
25.72,42.0,6.367e-06,metal1,metal1
25.725,123.2,6.892e-10,metal1,metal1
25.735,28.0,6.109e-08,metal1,metal1
25.9075,44.8,9.926e-09,metal1,metal1
25.9075,81.2,1.027e-08,metal1,metal1
25.705,117.6,2.943e-08,metal1,metal1
25.74,106.4,6.035e-08,metal1,metal1
25.74,112.0,4.936e-06,metal1,metal1
25.745,86.8,6.377e-09,metal1,metal1
25.745,117.6,2.096e-09,metal1,metal1
25.75,126.0,2.971e-09,metal1,metal1
25.76,64.4,6.802e-06,metal1,metal1
25.765,16.8,8.522e-08,metal1,metal1
26.29125,58.8,2.929e-06,metal1,metal1
25.77,8.4,1.204e-08,metal1,metal1
25.77,75.6,3.154e-12,metal1,metal1
25.9125,42.0,6.367e-06,metal1,metal1
25.8425,123.2,4.831e-08,metal1,metal1
26.11,28.0,2.984e-06,metal1,metal1
26.0875,22.4,2.514e-12,metal1,metal1
25.987499999999997,39.2,1.636e-15,metal1,metal1
26.0125,47.6,9.808e-09,metal1,metal1
25.987499999999997,50.4,6.778e-15,metal1,metal1
25.8325,89.6,2.594e-08,metal1,metal1
25.9275,106.4,4.884e-09,metal1,metal1
26.42125,112.0,4.936e-06,metal1,metal1
25.995,86.8,6.377e-09,metal1,metal1
25.995,117.6,2.096e-09,metal1,metal1
26.1125,126.0,2.971e-09,metal1,metal1
26.122500000000002,64.4,6.802e-06,metal1,metal1
26.0475,16.8,4.935e-09,metal1,metal1
25.8625,8.4,1.204e-08,metal1,metal1
25.95,75.6,3.151e-12,metal1,metal1
26.215,98.0,3.613e-06,metal1,metal1
25.8975,140.0,8.38e-13,metal1,metal1
25.9375,19.6,2.357e-08,metal1,metal1
25.887500000000003,100.715,1.005e-09,metal1,metal1
25.91,36.4,7.872e-08,metal1,metal1
25.91,137.2,2.062e-09,metal1,metal1
25.915,53.2,6.685e-09,metal1,metal1
25.915,78.4,1.01e-08,metal1,metal1
25.925,89.6,1.536e-10,metal1,metal1
25.905,14.085,5.671e-10,metal1,metal1
25.93,95.2,5.117e-08,metal1,metal1
25.935,92.4,3.899e-08,metal1,metal1
25.94,100.63,3.001e-09,metal1,metal1
25.939999999999998,14.01625,4.85e-10,metal1,metal1
25.95,67.2,7.683e-06,metal1,metal1
25.955,8.4,1.298e-08,metal1,metal1
25.955,61.6,7.884e-09,metal1,metal1
25.955,109.2,5.943e-08,metal1,metal1
25.96,103.6,2.282e-12,metal1,metal1
25.96,123.2,6.967e-11,metal1,metal1
26.1025,36.4,3.763e-06,metal1,metal1
26.0775,137.2,2.062e-09,metal1,metal1
26.1025,53.2,6.685e-09,metal1,metal1
26.1025,78.4,1.01e-08,metal1,metal1
26.18,89.6,1.104e-08,metal1,metal1
25.975,13.93125,4.85e-10,metal1,metal1
26.1175,95.2,4.144e-09,metal1,metal1
26.2775,140.0,8.371e-13,metal1,metal1
25.994999999999997,92.4,3.899e-08,metal1,metal1
25.990000000000002,100.715,3.001e-09,metal1,metal1
26.127499999999998,14.0,3.778e-09,metal1,metal1
27.05125,67.2,7.683e-06,metal1,metal1
26.042499999999997,8.4,1.298e-08,metal1,metal1
26.1325,61.6,7.884e-09,metal1,metal1
26.237499999999997,109.2,3.461e-09,metal1,metal1
26.14,103.6,2.282e-12,metal1,metal1
26.14,123.2,6.967e-11,metal1,metal1
26.06,19.6,2.357e-08,metal1,metal1
26.3175,100.8,3.001e-09,metal1,metal1
26.015,55.90625,3.648e-12,metal1,metal1
26.049999999999997,55.99125,2.005e-09,metal1,metal1
26.0875,92.4,1.033e-08,metal1,metal1
26.105,42.0,1.343e-07,metal1,metal1
26.0875,72.69749999999999,1.252e-06,metal1,metal1
26.105,120.4,1.181e-07,metal1,metal1
26.1175,56.085,2.505e-09,metal1,metal1
26.115,106.4,3.279e-06,metal1,metal1
26.13,8.4,6.331e-08,metal1,metal1
26.13,75.6,2.256e-09,metal1,metal1
26.122500000000002,72.76625,1.095e-06,metal1,metal1
26.15,19.6,3.888e-13,metal1,metal1
26.15,44.8,1.384e-09,metal1,metal1
26.15,81.2,1.431e-09,metal1,metal1
26.15,114.8,1.134e-08,metal1,metal1
26.2075,42.0,1.343e-07,metal1,metal1
26.1575,72.86875,1.943e-06,metal1,metal1
26.395,120.4,3.234e-06,metal1,metal1
26.307499999999997,106.4,3.279e-06,metal1,metal1
26.3675,56.0,2.505e-09,metal1,metal1
26.2775,92.4,1.033e-08,metal1,metal1
26.325,8.4,7.477e-11,metal1,metal1
26.4925,75.6,2.256e-09,metal1,metal1
26.310000000000002,72.8,1.943e-06,metal1,metal1
26.229999999999997,19.6,3.896e-13,metal1,metal1
26.33,44.8,1.384e-09,metal1,metal1
26.33,81.2,1.431e-09,metal1,metal1
26.2425,114.8,1.134e-08,metal1,metal1
26.235,39.2,0.0,metal1,metal1
26.235,50.4,9.094e-12,metal1,metal1
26.2775,86.8,1.039e-13,metal1,metal1
26.2775,117.6,8.586e-09,metal1,metal1
26.2775,134.4,1.832e-13,metal1,metal1
26.235,137.285,2.062e-09,metal1,metal1
26.317500000000003,47.6,8.934e-08,metal1,metal1
26.29,53.2,1.03e-07,metal1,metal1
26.29,78.4,1.541e-07,metal1,metal1
26.295,36.4,5.269e-09,metal1,metal1
26.295,137.37,1.684e-11,metal1,metal1
26.305,14.0,2.414e-06,metal1,metal1
26.6675,39.2,1.1e-14,metal1,metal1
26.38,50.4,4.619e-10,metal1,metal1
26.305,84.0,1.212e-07,metal1,metal1
26.305,95.2,2.783e-06,metal1,metal1
26.31,19.6,3.44e-11,metal1,metal1
26.31,42.0,1.96e-07,metal1,metal1
26.31,61.6,3.882e-11,metal1,metal1
26.315,33.6,5.831e-09,metal1,metal1
26.32,103.6,1.634e-09,metal1,metal1
26.32,123.2,1.568e-09,metal1,metal1
26.33,16.8,5.385e-06,metal1,metal1
26.335,114.8,1.222e-08,metal1,metal1
26.502499999999998,53.2,4.924e-06,metal1,metal1
26.965,78.4,7.364e-06,metal1,metal1
26.4825,36.4,5.269e-09,metal1,metal1
26.3375,137.285,1.684e-11,metal1,metal1
26.4025,14.0,2.414e-06,metal1,metal1
26.7975,84.0,5.898e-06,metal1,metal1
26.4875,95.2,2.783e-06,metal1,metal1
26.41,19.6,3.44e-11,metal1,metal1
26.395,42.0,1.96e-07,metal1,metal1
26.415,61.6,3.883e-11,metal1,metal1
26.6575,86.8,1.039e-13,metal1,metal1
26.42,117.6,8.586e-09,metal1,metal1
26.557499999999997,134.4,1.844e-13,metal1,metal1
26.490000000000002,137.2,1.117e-12,metal1,metal1
26.565,33.6,5.831e-09,metal1,metal1
26.6825,103.6,1.634e-09,metal1,metal1
26.6825,123.2,1.568e-09,metal1,metal1
27.20375,16.8,5.385e-06,metal1,metal1
26.4225,114.8,1.222e-08,metal1,metal1
26.3925,47.6,8.934e-08,metal1,metal1
26.4675,22.4,2.207e-15,metal1,metal1
26.4675,47.6,5.387e-11,metal1,metal1
26.4675,89.6,1.633e-09,metal1,metal1
26.4675,92.4,2.575e-08,metal1,metal1
26.5075,126.0,4.533e-06,metal1,metal1
26.48,42.0,9.302e-09,metal1,metal1
26.4675,72.69749999999999,1.556e-09,metal1,metal1
26.485,11.2,3.146e-09,metal1,metal1
26.485,28.0,4.179e-09,metal1,metal1
26.485,30.8,4.487e-09,metal1,metal1
26.485,64.4,9.243e-09,metal1,metal1
26.5,14.0,4.458e-08,metal1,metal1
26.5,106.4,3.289e-06,metal1,metal1
26.51,19.6,2.467e-11,metal1,metal1
26.485,44.73125,1.384e-09,metal1,metal1
26.485,81.26875000000001,1.431e-09,metal1,metal1
26.51,114.8,5.96e-08,metal1,metal1
26.52,8.4,9.678e-09,metal1,metal1
26.52,61.6,2.054e-08,metal1,metal1
26.52,109.2,3.777e-06,metal1,metal1
26.525,50.4,7.184e-12,metal1,metal1
26.502499999999998,72.76625,1.556e-09,metal1,metal1
26.520000000000003,44.79,9.547e-10,metal1,metal1
26.520000000000003,81.21000000000001,9.874e-10,metal1,metal1
26.53,117.6,2.478e-11,metal1,metal1
26.67,42.0,9.302e-09,metal1,metal1
26.5375,72.86875,3.806e-09,metal1,metal1
26.6725,11.2,3.146e-09,metal1,metal1
26.6725,28.0,4.179e-09,metal1,metal1
26.6725,30.8,4.487e-09,metal1,metal1
26.6725,64.4,9.243e-09,metal1,metal1
26.682499999999997,14.0,2.931e-10,metal1,metal1
26.747500000000002,22.4,2.337e-15,metal1,metal1
26.5875,47.6,5.387e-11,metal1,metal1
26.689999999999998,89.6,1.633e-09,metal1,metal1
26.557499999999997,92.4,2.575e-08,metal1,metal1
26.7975,106.4,3.289e-06,metal1,metal1
26.5975,19.6,2.467e-11,metal1,metal1
26.555,44.85875,9.547e-10,metal1,metal1
26.555,81.14125,9.874e-10,metal1,metal1
26.705,114.8,5.842e-11,metal1,metal1
26.6875,8.4,9.678e-09,metal1,metal1
26.6025,61.6,2.054e-08,metal1,metal1
26.9875,109.2,3.777e-06,metal1,metal1
26.807499999999997,50.4,1.8e-11,metal1,metal1
26.807499999999997,72.8,8.11e-09,metal1,metal1
26.71,44.8,9.547e-10,metal1,metal1
26.71,81.2,9.874e-10,metal1,metal1
26.71,117.6,2.478e-11,metal1,metal1
26.71,126.0,4.533e-06,metal1,metal1
26.615,56.0,3.047e-10,metal1,metal1
26.615,92.4,3.902e-10,metal1,metal1
26.6575,140.0,2.207e-15,metal1,metal1
27.015,98.0,3.613e-06,metal1,metal1
26.697499999999998,100.8,8.259e-06,metal1,metal1
26.67,36.4,8.181e-08,metal1,metal1
26.67,95.2,3.095e-06,metal1,metal1
26.67,137.2,7.433e-10,metal1,metal1
26.67,142.8,2.094e-07,metal1,metal1
26.675,47.6,1.756e-10,metal1,metal1
26.685,19.6,4.536e-09,metal1,metal1
26.7625,56.0,1.798e-08,metal1,metal1
26.685,61.6,3.758e-06,metal1,metal1
26.905,92.4,5.923e-09,metal1,metal1
26.685,120.4,6.787e-08,metal1,metal1
26.715,53.2,7.979e-08,metal1,metal1
27.1525,36.4,3.91e-06,metal1,metal1
27.6425,95.2,3.095e-06,metal1,metal1
26.737499999999997,137.2,7.433e-10,metal1,metal1
26.955,142.8,2.094e-07,metal1,metal1
26.835,47.6,1.756e-10,metal1,metal1
26.96,19.6,4.536e-09,metal1,metal1
26.775,61.6,3.758e-06,metal1,metal1
26.975,120.4,3.35e-06,metal1,metal1
26.9375,140.0,7.012e-16,metal1,metal1
26.997500000000002,53.2,4.608e-09,metal1,metal1
26.9925,100.8,8.259e-06,metal1,metal1
26.805,134.4,4.549e-15,metal1,metal1
26.805,137.2,1.451e-11,metal1,metal1
26.8475,33.6,3.425e-12,metal1,metal1
26.8875,8.4,2.407e-06,metal1,metal1
26.8875,75.6,3.443e-06,metal1,metal1
26.86,11.2,5.02e-08,metal1,metal1
26.86,28.0,6.533e-08,metal1,metal1
26.86,30.8,5.415e-08,metal1,metal1
26.86,42.0,6.754e-06,metal1,metal1
26.86,64.4,3.531e-10,metal1,metal1
26.835,13.8975,2.928e-10,metal1,metal1
26.865,61.6,5.262e-09,metal1,metal1
26.869999999999997,13.9825,2.923e-10,metal1,metal1
27.2375,134.4,2.499e-15,metal1,metal1
27.215,137.2,5.627e-12,metal1,metal1
26.88,89.6,8.562e-09,metal1,metal1
26.88,126.0,8.383e-08,metal1,metal1
26.885,58.8,2.859e-09,metal1,metal1
26.89,44.8,1.361e-08,metal1,metal1
26.89,81.2,1.407e-08,metal1,metal1
26.89,117.6,2.633e-08,metal1,metal1
26.9,114.8,1.77e-08,metal1,metal1
26.91,56.0,8.729e-12,metal1,metal1
27.25875,11.2,2.399e-06,metal1,metal1
27.4525,28.0,3.123e-06,metal1,metal1
27.049999999999997,30.8,1.435e-08,metal1,metal1
27.1475,42.0,6.754e-06,metal1,metal1
27.049999999999997,64.4,9.881e-09,metal1,metal1
26.905,14.085,2.923e-10,metal1,metal1
27.0525,61.6,5.262e-09,metal1,metal1
27.057499999999997,14.0,2.923e-10,metal1,metal1
27.2275,33.6,3.426e-12,metal1,metal1
26.9375,89.6,8.562e-09,metal1,metal1
27.0675,126.0,6.844e-09,metal1,metal1
27.135,58.8,2.859e-09,metal1,metal1
27.0625,44.8,1.361e-08,metal1,metal1
27.0625,81.2,1.407e-08,metal1,metal1
26.947499999999998,117.6,2.633e-08,metal1,metal1
27.0675,114.8,1.77e-08,metal1,metal1
27.09,56.0,8.729e-12,metal1,metal1
27.55125,8.4,2.407e-06,metal1,metal1
27.0825,75.6,3.443e-06,metal1,metal1
27.84375,128.8,1.701e-06,metal1,metal1
26.995,22.4,4.549e-15,metal1,metal1
26.9875,47.69375,5.186e-12,metal1,metal1
26.995,89.6,7.914e-10,metal1,metal1
27.0375,86.8,6.214e-09,metal1,metal1
27.0375,117.6,2.476e-11,metal1,metal1
27.035,103.515,1.634e-09,metal1,metal1
27.0775,123.2,2.393e-06,metal1,metal1
27.0225,47.60875,5.186e-12,metal1,metal1
27.055,5.6,4.183e-12,metal1,metal1
27.427500000000002,22.4,4.986e-14,metal1,metal1
27.0575,47.515,4.578e-11,metal1,metal1
27.22,89.6,4.877e-08,metal1,metal1
27.060000000000002,50.33125,1.8e-11,metal1,metal1
27.09,72.8,4.558e-06,metal1,metal1
27.095,103.43,1.406e-09,metal1,metal1
27.095,106.4,5.33e-08,metal1,metal1
27.1,39.2,1.955e-11,metal1,metal1
27.095,50.39,1.33e-11,metal1,metal1
27.713749999999997,112.0,4.936e-06,metal1,metal1
27.240000000000002,47.6,1.182e-13,metal1,metal1
27.2425,5.6,4.183e-12,metal1,metal1
27.165,86.8,6.214e-09,metal1,metal1
27.317500000000003,117.6,2.476e-11,metal1,metal1
27.130000000000003,50.458749999999995,1.33e-11,metal1,metal1
27.27,72.8,4.558e-06,metal1,metal1
27.1375,103.515,1.406e-09,metal1,metal1
27.377499999999998,106.4,3.115e-09,metal1,metal1
27.28,39.2,1.955e-11,metal1,metal1
27.28,50.4,1.33e-11,metal1,metal1
27.28,103.6,1.406e-09,metal1,metal1
27.375,123.2,2.393e-06,metal1,metal1
27.185,140.0,4.549e-15,metal1,metal1
27.2275,92.4,1.544e-08,metal1,metal1
27.2675,19.6,5.089e-06,metal1,metal1
27.2675,44.8,2.29e-08,metal1,metal1
27.2675,81.2,2.359e-08,metal1,metal1
27.2675,114.8,7.884e-06,metal1,metal1
27.24,14.0,3.454e-07,metal1,metal1
27.24,30.8,6.703e-06,metal1,metal1
27.24,61.6,8.167e-08,metal1,metal1
27.24,64.4,6.867e-06,metal1,metal1
27.24,142.8,2.763e-07,metal1,metal1
27.245,25.2,1.11e-07,metal1,metal1
27.245,75.6,4.822e-09,metal1,metal1
27.255,100.8,1.713e-07,metal1,metal1
27.255,126.0,4.596e-06,metal1,metal1
27.6175,140.0,9.996e-16,metal1,metal1
27.26,86.8,3.98e-09,metal1,metal1
27.265,120.4,3.274e-09,metal1,metal1
27.27,56.0,2.423e-08,metal1,metal1
27.28,53.2,5.029e-06,metal1,metal1
27.285,2.8,1.549e-12,metal1,metal1
27.7125,84.0,5.898e-06,metal1,metal1
27.3475,14.0,3.454e-07,metal1,metal1
27.6425,30.8,6.703e-06,metal1,metal1
27.97375,61.6,3.904e-06,metal1,metal1
28.11375,64.4,6.867e-06,metal1,metal1
27.715,142.8,2.763e-07,metal1,metal1
27.4325,25.2,9.112e-09,metal1,metal1
27.4325,75.6,4.822e-09,metal1,metal1
27.73,100.8,8.358e-06,metal1,metal1
27.697499999999998,126.0,4.596e-06,metal1,metal1
27.4125,86.8,3.98e-09,metal1,metal1
27.37,92.4,1.544e-08,metal1,metal1
27.515,120.4,3.274e-09,metal1,metal1
27.375,56.0,2.423e-08,metal1,metal1
27.46,53.2,5.029e-06,metal1,metal1
27.567500000000003,2.8,9.585e-11,metal1,metal1
27.778750000000002,19.6,5.089e-06,metal1,metal1
27.4575,44.8,2.29e-08,metal1,metal1
27.4575,81.2,2.359e-08,metal1,metal1
27.567500000000003,114.8,7.884e-06,metal1,metal1
27.4175,58.8,5.135e-09,metal1,metal1
27.43,5.6,3.052e-09,metal1,metal1
27.43,47.6,1.279e-10,metal1,metal1
27.435,42.0,9.455e-09,metal1,metal1
27.445,89.6,5.086e-11,metal1,metal1
27.45,72.8,8.428e-08,metal1,metal1
27.45,98.0,6.681e-08,metal1,metal1
27.45,103.6,3.747e-11,metal1,metal1
27.455,14.0,2.106e-06,metal1,metal1
27.455,109.2,3.692e-09,metal1,metal1
27.4325,39.26875,1.955e-11,metal1,metal1
27.46,50.4,2.451e-08,metal1,metal1
27.4675,39.2,1.524e-11,metal1,metal1
27.48,56.0,1.366e-11,metal1,metal1
27.48,92.4,1.278e-08,metal1,metal1
28.095,5.6,1.461e-07,metal1,metal1
27.645,47.6,1.279e-10,metal1,metal1
27.6225,42.0,9.455e-09,metal1,metal1
27.6525,89.6,5.37e-08,metal1,metal1
27.63,58.8,5.135e-09,metal1,metal1
27.6375,72.8,6.812e-09,metal1,metal1
27.6375,98.0,5.499e-09,metal1,metal1
27.555,103.6,3.747e-11,metal1,metal1
27.705,14.0,1.334e-07,metal1,metal1
27.705,109.2,3.692e-09,metal1,metal1
27.5025,39.13125,1.524e-11,metal1,metal1
27.5475,50.4,2.451e-08,metal1,metal1
27.7575,39.2,1.817e-11,metal1,metal1
27.66,56.0,1.367e-11,metal1,metal1
27.6175,92.4,1.278e-08,metal1,metal1
27.565,86.8,7.718e-11,metal1,metal1
27.555,117.50625,2.6e-10,metal1,metal1
27.6075,33.6,4.889e-10,metal1,metal1
28.91875,70.0,5.188e-06,metal1,metal1
27.6475,44.8,5.675e-06,metal1,metal1
27.6475,81.2,5.81e-06,metal1,metal1
27.59,117.59125,2.6e-10,metal1,metal1
27.62,25.2,6.119e-06,metal1,metal1
27.62,75.6,7.535e-08,metal1,metal1
27.6125,137.115,1.626e-12,metal1,metal1
27.635,36.4,8.103e-08,metal1,metal1
27.635,50.4,1.419e-10,metal1,metal1
27.997500000000002,86.8,5.857e-11,metal1,metal1
27.6575,117.685,1.026e-09,metal1,metal1
27.64,53.2,9.299e-08,metal1,metal1
27.64,78.4,1.362e-07,metal1,metal1
27.64,123.2,4.425e-08,metal1,metal1
27.98625,11.2,2.399e-06,metal1,metal1
27.66,103.6,2.603e-08,metal1,metal1
27.66,106.4,3.4e-06,metal1,metal1
27.67,134.4,4.28e-12,metal1,metal1
27.6475,137.17374999999998,1.626e-12,metal1,metal1
27.810000000000002,25.2,6.119e-06,metal1,metal1
27.822499999999998,75.6,3.602e-06,metal1,metal1
27.682499999999997,137.25875,9.49e-12,metal1,metal1
28.46,36.4,3.949e-06,metal1,metal1
27.91,50.4,1.074e-08,metal1,metal1
27.747500000000002,33.6,4.889e-10,metal1,metal1
27.8275,53.2,7.514e-09,metal1,metal1
27.8275,78.4,1.099e-08,metal1,metal1
27.8275,123.2,3.678e-09,metal1,metal1
27.7425,103.6,2.603e-08,metal1,metal1
28.189999999999998,106.4,3.4e-06,metal1,metal1
27.85,134.4,4.277e-12,metal1,metal1
27.835,137.2,2.383e-11,metal1,metal1
28.208750000000002,44.8,5.675e-06,metal1,metal1
27.7575,81.2,5.81e-06,metal1,metal1
28.055,117.6,1.026e-09,metal1,metal1
27.755,92.4,4.028e-08,metal1,metal1
27.7975,120.4,2.1e-12,metal1,metal1
27.81,42.0,1.446e-07,metal1,metal1
27.81,58.8,8.659e-11,metal1,metal1
27.825,72.8,4.574e-06,metal1,metal1
27.7975,92.4,4.028e-08,metal1,metal1
27.825,98.0,3.693e-06,metal1,metal1
27.825,103.6,4.775e-06,metal1,metal1
27.835,81.2,1.488e-08,metal1,metal1
27.835,114.8,7.707e-09,metal1,metal1
27.84,56.0,3.402e-08,metal1,metal1
27.84,92.4,7.374e-12,metal1,metal1
27.85,2.8,1.062e-07,metal1,metal1
27.855,33.6,3.886e-10,metal1,metal1
27.86,22.4,8.902e-11,metal1,metal1
27.86,47.6,2.17e-09,metal1,metal1
27.86,89.6,4.899e-11,metal1,metal1
28.261249999999997,42.0,6.911e-06,metal1,metal1
27.9775,58.8,1.025e-09,metal1,metal1
28.39,72.8,4.574e-06,metal1,metal1
28.22375,98.0,3.693e-06,metal1,metal1
28.02,103.6,4.775e-06,metal1,metal1
28.1775,120.4,2.099e-12,metal1,metal1
27.94,81.2,1.488e-08,metal1,metal1
28.085,114.8,7.707e-09,metal1,metal1
27.9175,56.0,3.402e-08,metal1,metal1
28.2025,92.4,7.371e-12,metal1,metal1
28.481250000000003,2.8,1.062e-07,metal1,metal1
27.995,33.6,3.886e-10,metal1,metal1
27.939999999999998,22.4,8.902e-11,metal1,metal1
28.04,47.6,2.17e-09,metal1,metal1
28.04,89.6,4.898e-11,metal1,metal1
27.9875,14.0,8.555e-11,metal1,metal1
27.9875,109.2,2.367e-12,metal1,metal1
28.0275,56.0,5.159e-07,metal1,metal1
28.0,25.2,6.241e-06,metal1,metal1
27.98,137.115,2.383e-11,metal1,metal1
28.015,53.2,5.045e-06,metal1,metal1
28.015,78.4,7.381e-06,metal1,metal1
28.015,123.2,2.47e-06,metal1,metal1
28.02,22.4,3.452e-11,metal1,metal1
28.025,75.6,3.521e-09,metal1,metal1
28.03,134.4,3.062e-09,metal1,metal1
28.015,137.18375,1.21e-07,metal1,metal1
28.04,39.2,2.016e-08,metal1,metal1
28.045,28.0,1.713e-08,metal1,metal1
28.045,30.8,1.222e-08,metal1,metal1
28.045,81.2,2.37e-10,metal1,metal1
28.05,140.0,1.843e-12,metal1,metal1
28.1075,25.2,6.241e-06,metal1,metal1
28.05,137.26875,1.21e-07,metal1,metal1
28.88125,16.8,5.385e-06,metal1,metal1
28.935000000000002,53.2,5.045e-06,metal1,metal1
28.1125,78.4,7.381e-06,metal1,metal1
28.105,123.2,2.47e-06,metal1,metal1
28.3675,14.0,8.555e-11,metal1,metal1
28.119999999999997,22.4,3.452e-11,metal1,metal1
28.3675,109.2,2.367e-12,metal1,metal1
28.275,75.6,3.521e-09,metal1,metal1
28.3925,134.4,3.062e-09,metal1,metal1
28.3125,137.2,1.21e-07,metal1,metal1
28.112499999999997,39.2,2.016e-08,metal1,metal1
28.127499999999998,28.0,1.713e-08,metal1,metal1
28.22,30.8,1.222e-08,metal1,metal1
28.189999999999998,81.2,2.37e-10,metal1,metal1
28.23,140.0,1.839e-12,metal1,metal1
28.2425,56.0,5.159e-07,metal1,metal1
28.135,33.6,2.072e-09,metal1,metal1
28.512500000000003,126.0,4.596e-06,metal1,metal1
28.1325,58.715,1.025e-09,metal1,metal1
29.18375,67.2,7.683e-06,metal1,metal1
28.74375,8.4,2.407e-06,metal1,metal1
28.2175,39.2,4.461e-06,metal1,metal1
28.2175,50.4,4.282e-06,metal1,metal1
28.19,58.63,4.016e-09,metal1,metal1
28.19,142.8,3.439e-07,metal1,metal1
28.195,123.2,3.461e-09,metal1,metal1
28.277500000000003,33.6,2.186e-10,metal1,metal1
28.205,84.0,1.226e-07,metal1,metal1
28.175,100.8275,8.358e-06,metal1,metal1
28.21,28.0,1.447e-08,metal1,metal1
28.21,78.4,1.365e-07,metal1,metal1
28.215,25.2,6.101e-09,metal1,metal1
28.21,100.75874999999999,1.125e-11,metal1,metal1
28.215,103.6,4.668e-09,metal1,metal1
28.22,22.4,2.567e-11,metal1,metal1
28.22,47.6,1.553e-06,metal1,metal1
28.22,89.6,1.863e-08,metal1,metal1
28.666249999999998,19.6,5.089e-06,metal1,metal1
28.235,58.715,4.016e-09,metal1,metal1
28.825000000000003,142.8,3.439e-07,metal1,metal1
28.3825,123.2,3.461e-09,metal1,metal1
28.682499999999997,84.0,5.997e-06,metal1,metal1
28.244999999999997,100.73124999999999,1.125e-11,metal1,metal1
28.3975,28.0,4.962e-10,metal1,metal1
28.3925,58.8,4.016e-09,metal1,metal1
28.3975,78.4,1.102e-08,metal1,metal1
28.465,25.2,6.101e-09,metal1,metal1
28.465,100.8,8.846e-09,metal1,metal1
28.465,103.6,4.668e-09,metal1,metal1
28.307499999999997,22.4,2.567e-11,metal1,metal1
28.302500000000002,47.6,1.553e-06,metal1,metal1
28.4025,89.6,1.863e-08,metal1,metal1
28.432499999999997,39.2,4.461e-06,metal1,metal1
28.7925,50.4,4.282e-06,metal1,metal1
28.3675,81.2,2.442e-10,metal1,metal1
28.3675,114.8,1.994e-10,metal1,metal1
29.96375,131.6,2.844e-06,metal1,metal1
28.385,11.2,3.362e-09,metal1,metal1
28.385,47.6,2.339e-10,metal1,metal1
28.395,22.4,4.37e-09,metal1,metal1
28.395,30.8,8.16e-09,metal1,metal1
28.395,112.0,1.026e-07,metal1,metal1
28.41,140.0,1.317e-09,metal1,metal1
28.42,33.6,1.737e-10,metal1,metal1
28.425,56.0,1.748e-06,metal1,metal1
28.43,86.8,1.043e-07,metal1,metal1
28.43,117.6,8.962e-12,metal1,metal1
28.5725,11.2,3.362e-09,metal1,metal1
28.5725,47.6,2.339e-10,metal1,metal1
28.67,22.4,4.37e-09,metal1,metal1
28.502499999999998,30.8,8.16e-09,metal1,metal1
28.869999999999997,112.0,5.015e-06,metal1,metal1
28.505,81.2,2.442e-10,metal1,metal1
28.6025,114.8,1.994e-10,metal1,metal1
28.7725,140.0,1.317e-09,metal1,metal1
28.71,33.6,1.737e-10,metal1,metal1
28.495,56.0,1.748e-06,metal1,metal1
28.502499999999998,86.8,1.043e-07,metal1,metal1
28.605,117.6,8.96e-12,metal1,metal1
28.557499999999997,75.6,2.258e-12,metal1,metal1
28.557499999999997,120.4,6.38e-13,metal1,metal1
28.5975,56.0,3.744e-06,metal1,metal1
28.5575,92.485,7.371e-12,metal1,metal1
28.57,123.2,5.465e-08,metal1,metal1
28.575,58.8,9.846e-08,metal1,metal1
28.575,86.8,5.357e-10,metal1,metal1
28.5625,28.085,4.962e-10,metal1,metal1
28.585,78.4,7.397e-06,metal1,metal1
28.585,89.6,9.128e-11,metal1,metal1
28.595,137.2,2.66e-06,metal1,metal1
28.5975,28.01625,3.257e-06,metal1,metal1
28.61,30.8,6.844e-06,metal1,metal1
28.61,81.2,2.348e-10,metal1,metal1
28.615,39.2,7.228e-08,metal1,metal1
29.5175,95.2,3.095e-06,metal1,metal1
28.62,92.57,4.827e-10,metal1,metal1
28.95125,98.0,3.693e-06,metal1,metal1
28.9575,123.2,2.612e-06,metal1,metal1
28.64,58.8,9.846e-08,metal1,metal1
28.682499999999997,86.8,7.527e-08,metal1,metal1
28.6325,27.93125,3.257e-06,metal1,metal1
28.770000000000003,78.4,7.397e-06,metal1,metal1
28.765,89.6,2.749e-08,metal1,metal1
28.9375,75.6,2.258e-12,metal1,metal1
28.8375,120.4,6.4e-13,metal1,metal1
28.674999999999997,137.2,2.66e-06,metal1,metal1
28.79,28.0,3.257e-06,metal1,metal1
28.8825,30.8,6.844e-06,metal1,metal1
28.8525,81.2,2.348e-10,metal1,metal1
28.8975,39.2,4.191e-09,metal1,metal1
28.66,92.485,4.827e-10,metal1,metal1
28.81,56.0,1.519e-08,metal1,metal1
28.805,92.4,4.827e-10,metal1,metal1
28.705,58.8,1.041e-09,metal1,metal1
29.37125,61.6,3.904e-06,metal1,metal1
29.09375,42.0,6.911e-06,metal1,metal1
28.747500000000002,14.0,5.629e-13,metal1,metal1
28.747500000000002,25.2,1.266e-11,metal1,metal1
28.747500000000002,100.8,5.673e-12,metal1,metal1
28.747500000000002,103.6,2.993e-12,metal1,metal1
28.747500000000002,109.2,1.104e-14,metal1,metal1
29.18,106.4,3.4e-06,metal1,metal1
29.19625,44.8,5.675e-06,metal1,metal1
28.7875,134.4,4.673e-06,metal1,metal1
28.7875,137.2,1.245e-06,metal1,metal1
28.76,5.6,3.142e-09,metal1,metal1
28.76,11.2,5.321e-08,metal1,metal1
28.76,47.6,1.383e-06,metal1,metal1
28.765,128.8,3.145e-08,metal1,metal1
28.8275,58.8,4.558e-08,metal1,metal1
28.75,117.6875,8.96e-12,metal1,metal1
28.79,86.8,7.733e-09,metal1,metal1
28.785,117.61875,6.013e-10,metal1,metal1
28.805,114.8,1.708e-10,metal1,metal1
28.950000000000003,5.6,3.067e-09,metal1,metal1
29.2575,11.2,2.543e-06,metal1,metal1
28.8525,47.6,1.383e-06,metal1,metal1
28.9525,128.8,2.606e-09,metal1,metal1
29.0275,14.0,5.617e-13,metal1,metal1
29.1275,25.2,1.266e-11,metal1,metal1
29.1275,100.8,5.673e-12,metal1,metal1
29.1275,103.6,2.993e-12,metal1,metal1
29.0275,109.2,1.145e-14,metal1,metal1
28.82,117.53125,6.013e-10,metal1,metal1
28.965,86.8,7.733e-09,metal1,metal1
29.1525,117.6,6.013e-10,metal1,metal1
28.95,114.8,1.708e-10,metal1,metal1
29.39375,134.4,4.673e-06,metal1,metal1
28.9575,137.2,1.245e-06,metal1,metal1
28.9775,22.4,4.902e-06,metal1,metal1
28.9775,47.6,4.208e-06,metal1,metal1
28.9775,89.6,4.435e-06,metal1,metal1
28.95,58.8,6.483e-10,metal1,metal1
28.955,72.8,6.404e-09,metal1,metal1
28.955,78.4,1.035e-08,metal1,metal1
28.955,126.0,1.71e-07,metal1,metal1
28.97,28.0,6.022e-08,metal1,metal1
28.98,92.4,4.84e-08,metal1,metal1
29.791249999999998,64.4,6.867e-06,metal1,metal1
28.99,56.0,6.131e-06,metal1,metal1
29.0,33.6,2.272e-12,metal1,metal1
29.259999999999998,58.8,1.455e-08,metal1,metal1
29.1425,72.8,6.404e-09,metal1,metal1
29.1425,78.4,1.035e-08,metal1,metal1
29.525,126.0,4.665e-06,metal1,metal1
29.1575,28.0,4.875e-09,metal1,metal1
29.072499999999998,92.4,4.84e-08,metal1,metal1
29.2575,56.0,6.131e-06,metal1,metal1
29.18,33.6,2.27e-12,metal1,metal1
29.192500000000003,22.4,4.902e-06,metal1,metal1
29.5725,47.6,7.293e-06,metal1,metal1
29.275,89.6,4.435e-06,metal1,metal1
29.085,120.4,6.758e-10,metal1,metal1
29.127499999999998,81.2,2.252e-13,metal1,metal1
29.127499999999998,114.8,2.273e-10,metal1,metal1
29.127499999999998,137.2,7.983e-10,metal1,metal1
29.67375,2.8,1.062e-07,metal1,metal1
29.1675,140.0,2.01e-06,metal1,metal1
29.14,5.6,2.128e-06,metal1,metal1
29.14,86.8,1.662e-10,metal1,metal1
29.14,128.8,1.75e-06,metal1,metal1
29.145,19.6,7.126e-09,metal1,metal1
29.155,30.8,3.77e-08,metal1,metal1
29.2175,120.4,3.434e-08,metal1,metal1
29.16,84.0,1.109e-07,metal1,metal1
29.165,92.4,4.42e-09,metal1,metal1
29.18,39.2,4.573e-06,metal1,metal1
29.435000000000002,5.6,2.128e-06,metal1,metal1
29.3275,86.8,1.58e-10,metal1,metal1
29.58625,128.8,1.75e-06,metal1,metal1
29.3325,19.6,7.126e-09,metal1,metal1
29.25,30.8,3.77e-08,metal1,metal1
29.4075,81.2,2.232e-13,metal1,metal1
29.3475,84.0,9.027e-09,metal1,metal1
29.265,114.8,2.273e-10,metal1,metal1
29.5075,137.2,7.983e-10,metal1,metal1
29.415,92.4,4.42e-09,metal1,metal1
29.4525,39.2,4.573e-06,metal1,metal1
29.4675,140.0,2.01e-06,metal1,metal1
29.275,14.0,6.77e-10,metal1,metal1
29.275,109.2,9.131e-12,metal1,metal1
30.04,36.4,3.949e-06,metal1,metal1
29.317500000000003,75.6,0.0,metal1,metal1
29.33,72.8,9.872e-08,metal1,metal1
29.33,78.4,1.579e-07,metal1,metal1
29.305,50.5025,4.282e-06,metal1,metal1
29.494999999999997,14.0,3.44e-08,metal1,metal1
29.345,28.0,1.466e-07,metal1,metal1
29.345,30.8,1.435e-07,metal1,metal1
29.34,50.474999999999994,6.176e-12,metal1,metal1
29.7075,109.2,4.64e-10,metal1,metal1
29.345,112.0,1.046e-07,metal1,metal1
29.345,123.2,5.466e-08,metal1,metal1
29.35,98.0,6.83e-08,metal1,metal1
29.35,120.4,6.331e-10,metal1,metal1
29.36,33.6,1.452e-09,metal1,metal1
29.37,114.8,3.466e-10,metal1,metal1
29.375,8.4,3.9e-08,metal1,metal1
29.375,22.4,7.942e-08,metal1,metal1
29.542499999999997,72.8,4.719e-06,metal1,metal1
29.7325,78.4,7.549e-06,metal1,metal1
29.375,50.3725,6.176e-12,metal1,metal1
30.009999999999998,28.0,3.31e-06,metal1,metal1
29.645,30.8,6.991e-06,metal1,metal1
29.5275,50.4,6.706e-09,metal1,metal1
29.825,112.0,5.136e-06,metal1,metal1
29.6225,123.2,2.69e-06,metal1,metal1
29.5975,75.6,2.337e-15,metal1,metal1
29.5375,98.0,5.602e-09,metal1,metal1
29.5375,120.4,4.77e-11,metal1,metal1
29.7225,33.6,1.452e-09,metal1,metal1
29.512500000000003,114.8,3.466e-10,metal1,metal1
29.6575,8.4,2.305e-09,metal1,metal1
29.6575,22.4,4.593e-09,metal1,metal1
30.025,142.8,3.439e-07,metal1,metal1
29.47,25.115000000000002,1.266e-11,metal1,metal1
29.5075,100.8,2.649e-14,metal1,metal1
29.5075,103.6,1.104e-13,metal1,metal1
29.4825,86.715,1.58e-10,metal1,metal1
29.5475,117.6,5.146e-06,metal1,metal1
29.52,19.6,1.101e-07,metal1,metal1
29.52,86.63,9.542e-06,metal1,metal1
29.525,56.0,8.582e-09,metal1,metal1
29.535,25.03,3.033e-12,metal1,metal1
29.535,84.0,6.062e-06,metal1,metal1
29.54,89.6,8.201e-08,metal1,metal1
29.545,42.0,6.757e-09,metal1,metal1
29.57,58.8,2.589e-11,metal1,metal1
30.06625,19.6,5.26e-06,metal1,metal1
29.585,86.715,9.542e-06,metal1,metal1
29.7125,56.0,8.582e-09,metal1,metal1
29.572499999999998,25.115000000000002,3.039e-12,metal1,metal1
29.98,84.0,6.062e-06,metal1,metal1
29.7875,25.2,8.301e-11,metal1,metal1
29.7275,89.6,6.702e-09,metal1,metal1
29.7875,100.8,2.641e-14,metal1,metal1
29.7875,103.6,1.12e-13,metal1,metal1
29.795,42.0,6.757e-09,metal1,metal1
29.75,58.8,2.589e-11,metal1,metal1
30.2275,86.8,9.542e-06,metal1,metal1
30.06125,117.6,5.146e-06,metal1,metal1
29.655,81.2,1.638e-13,metal1,metal1
29.655,114.8,1.35e-09,metal1,metal1
29.65,92.4375,4.42e-09,metal1,metal1
29.7175,92.35249999999999,7.08e-10,metal1,metal1
29.71,50.4,9.366e-08,metal1,metal1
29.71,106.4,7.179e-08,metal1,metal1
29.715,14.0,4.207e-11,metal1,metal1
29.725,39.2,9.465e-08,metal1,metal1
29.725,44.8,1.179e-07,metal1,metal1
30.0875,81.2,8.407e-12,metal1,metal1
29.725,98.0,3.762e-06,metal1,metal1
29.7875,114.8,6.894e-08,metal1,metal1
29.725,120.4,3.325e-08,metal1,metal1
29.73,5.6,2.458e-06,metal1,metal1
29.735,140.0,1.173e-09,metal1,metal1
30.182499999999997,11.2,2.543e-06,metal1,metal1
29.755,16.8,8.725e-08,metal1,metal1
29.755,72.8,7.646e-08,metal1,metal1
30.375,50.4,4.476e-06,metal1,metal1
29.9,106.4,7.988e-09,metal1,metal1
29.9025,14.0,4.206e-11,metal1,metal1
30.385,39.2,4.608e-06,metal1,metal1
30.17,44.8,5.764e-06,metal1,metal1
30.3,98.0,3.762e-06,metal1,metal1
29.8375,120.4,3.325e-08,metal1,metal1
30.17625,5.6,2.458e-06,metal1,metal1
29.785,92.315,7.08e-10,metal1,metal1
29.985,140.0,1.173e-09,metal1,metal1
30.0375,16.8,5.035e-09,metal1,metal1
30.0375,72.8,4.42e-09,metal1,metal1
30.0375,92.4,7.08e-10,metal1,metal1
29.845,75.6,1.001e-13,metal1,metal1
30.705,53.2,5.045e-06,metal1,metal1
29.8875,137.2,9.889e-12,metal1,metal1
29.9,56.0,1.314e-07,metal1,metal1
29.9,123.2,5.681e-08,metal1,metal1
30.2775,75.6,5.045e-12,metal1,metal1
29.915,89.6,4.5e-06,metal1,metal1
29.92,114.8,5.77e-09,metal1,metal1
29.93,58.8,3.981e-09,metal1,metal1
29.94,8.4,2.515e-06,metal1,metal1
29.94,22.4,5.011e-06,metal1,metal1
29.945,30.8,1.133e-07,metal1,metal1
29.95,120.4,1.715e-06,metal1,metal1
30.47125,134.4,4.673e-06,metal1,metal1
30.4725,56.0,6.28e-06,metal1,metal1
30.09,123.2,7.01e-09,metal1,metal1
30.105,89.6,4.5e-06,metal1,metal1
30.1025,114.8,5.77e-09,metal1,metal1
30.167499999999997,137.2,9.889e-12,metal1,metal1
30.2925,58.8,3.981e-09,metal1,metal1
30.5575,8.4,2.515e-06,metal1,metal1
30.12,22.4,5.011e-06,metal1,metal1
30.2275,30.8,6.517e-09,metal1,metal1
30.0325,120.4,1.715e-06,metal1,metal1
30.408749999999998,128.8,1.75e-06,metal1,metal1
30.035,25.2,8.623e-11,metal1,metal1
30.035,100.8,3.374e-11,metal1,metal1
30.035,103.6,1.144e-10,metal1,metal1
30.0775,42.0,9.972e-10,metal1,metal1
30.060000000000002,33.515,1.452e-09,metal1,metal1
30.08,13.8975,3.705e-09,metal1,metal1
30.09,106.4,5.479e-06,metal1,metal1
30.095,126.0,1.737e-07,metal1,metal1
30.4675,25.2,4.298e-09,metal1,metal1
30.105,33.43,9.353e-09,metal1,metal1
30.105,61.6,8.087e-08,metal1,metal1
30.455,100.8,1.714e-09,metal1,metal1
30.4675,103.6,5.815e-09,metal1,metal1
30.115,120.4,1.404e-06,metal1,metal1
30.135,47.6,2.731e-08,metal1,metal1
30.4675,78.4,7.549e-06,metal1,metal1
30.115000000000002,13.95625,3.705e-09,metal1,metal1
30.14,109.2,8.255e-07,metal1,metal1
30.15,14.05875,3.18e-08,metal1,metal1
30.3825,106.4,5.479e-06,metal1,metal1
30.285,126.0,4.739e-06,metal1,metal1
30.1625,33.515,9.353e-09,metal1,metal1
30.585,61.6,3.941e-06,metal1,metal1
30.4575,42.0,9.972e-10,metal1,metal1
30.2125,120.4,1.404e-06,metal1,metal1
30.215000000000003,47.6,2.731e-08,metal1,metal1
30.32,14.0,5.456e-08,metal1,metal1
30.2225,109.2,8.255e-07,metal1,metal1
30.4125,33.6,6.942e-06,metal1,metal1
30.2225,139.9625,1.173e-09,metal1,metal1
30.28,123.2,4.815e-06,metal1,metal1
30.28,139.925,2.546e-09,metal1,metal1
30.285,67.2,1.075e-08,metal1,metal1
30.285,114.8,1.403e-09,metal1,metal1
30.295,47.6,9.149e-10,metal1,metal1
30.295,89.6,9.391e-08,metal1,metal1
30.3,22.4,9.267e-08,metal1,metal1
30.305,2.8,1.453e-09,metal1,metal1
30.305,92.4,2.976e-08,metal1,metal1
30.305,109.2,6.759e-07,metal1,metal1
30.305,112.0,1.508e-08,metal1,metal1
30.31,120.4,8.17e-07,metal1,metal1
30.32,16.8,5.493e-06,metal1,metal1
30.32,72.8,4.823e-06,metal1,metal1
30.325,70.0,2.832e-08,metal1,metal1
30.7275,123.2,4.815e-06,metal1,metal1
30.325000000000003,139.9625,2.546e-09,metal1,metal1
30.4725,67.2,1.075e-08,metal1,metal1
30.4025,114.8,7.022e-08,metal1,metal1
30.4975,47.6,9.974e-09,metal1,metal1
30.485,89.6,4.609e-06,metal1,metal1
30.4875,22.4,7.489e-09,metal1,metal1
30.6475,140.0,2.546e-09,metal1,metal1
30.555,2.8,1.453e-09,metal1,metal1
30.365000000000002,92.4,2.976e-08,metal1,metal1
30.4025,109.2,6.759e-07,metal1,metal1
30.555,112.0,1.508e-08,metal1,metal1
30.4625,120.4,8.17e-07,metal1,metal1
30.68,16.8,5.493e-06,metal1,metal1
30.497500000000002,72.8,4.823e-06,metal1,metal1
30.4075,70.0,2.832e-08,metal1,metal1
30.415,137.2,9.611e-09,metal1,metal1
30.8,84.0,6.062e-06,metal1,metal1
30.4575,92.4,7.875e-09,metal1,metal1
30.475,126.0,1.089e-09,metal1,metal1
30.549999999999997,137.2,4.883e-07,metal1,metal1
30.49,70.0,2.368e-08,metal1,metal1
30.49,95.2,3.182e-06,metal1,metal1
30.5,14.0,6.993e-06,metal1,metal1
30.5,109.2,4.059e-07,metal1,metal1
30.51,30.8,7.111e-06,metal1,metal1
30.52,81.2,1.496e-08,metal1,metal1
30.52,114.8,2.438e-08,metal1,metal1
30.95375,117.6,5.146e-06,metal1,metal1
30.6625,126.0,1.089e-09,metal1,metal1
30.6775,70.0,8.09e-10,metal1,metal1
30.6475,92.4,7.875e-09,metal1,metal1
30.7725,95.2,3.182e-06,metal1,metal1
30.8625,14.0,1.554e-07,metal1,metal1
30.8375,14.0,7.149e-06,metal1,metal2
30.6525,109.2,4.059e-07,metal1,metal1
30.8775,30.8,1.636e-06,metal1,metal1
30.8425,30.8,8.747e-06,metal1,metal2
30.7,81.2,1.496e-08,metal1,metal1
30.7,114.8,2.438e-08,metal1,metal1
31.08875,19.6,5.26e-06,metal1,metal1
30.99,44.8,5.764e-06,metal1,metal1
30.6475,120.4,6.124e-07,metal1,metal1
30.99875,5.6,2.458e-06,metal1,metal1
30.6875,58.8,6.074e-06,metal1,metal1
30.66,67.2,1.636e-07,metal1,metal1
30.66,142.8,4.112e-07,metal1,metal1
30.665,64.4,9.612e-09,metal1,metal1
30.675,22.4,5.028e-06,metal1,metal1
30.675,28.0,6.874e-08,metal1,metal1
30.675,33.6,1.435e-07,metal1,metal1
30.6425,72.77250000000001,4.823e-06,metal1,metal1
30.675,89.6,9.548e-08,metal1,metal1
30.675,106.4,1.135e-07,metal1,metal1
30.68,11.2,1.299e-08,metal1,metal1
30.677500000000002,72.8575,1.697e-10,metal1,metal1
30.685,137.2,1.417e-05,metal1,metal1
30.7,47.6,7.427e-06,metal1,metal1
30.71,75.6,8.975e-09,metal1,metal1
31.91625,67.2,2.588e-06,metal1,metal1
30.9175,67.2,1.041e-05,metal1,metal2
32.1025,142.8,1.444e-06,metal1,metal1
30.9175,142.8,1.855e-06,metal1,metal2
30.8525,64.4,9.612e-09,metal1,metal1
31.215,22.4,1.445e-06,metal1,metal1
30.925,22.4,6.473e-06,metal1,metal2
30.96,28.0,2.285e-06,metal1,metal1
30.925,28.0,5.642e-06,metal1,metal2
31.64375,33.6,1.88e-06,metal1,metal1
30.925,33.6,8.86e-06,metal1,metal2
30.7125,72.88499999999999,1.697e-10,metal1,metal1
31.31125,89.6,6.768e-06,metal1,metal1
30.925,89.6,1.142e-05,metal1,metal2
30.8675,106.4,5.527e-06,metal1,metal1
30.7875,11.2,1.299e-08,metal1,metal1
30.8675,72.8,8.923e-09,metal1,metal1
30.8575,120.4,6.124e-07,metal1,metal1
30.935,137.2,8.961e-07,metal1,metal1
30.93,137.2,1.506e-05,metal1,metal2
31.23375,47.6,3.906e-06,metal1,metal1
30.9375,47.6,1.133e-05,metal1,metal2
30.89,75.6,8.975e-09,metal1,metal1
30.795,58.8,6.074e-06,metal1,metal1
30.8375,2.8,1.38e-06,metal1,metal1
30.7925,41.915,9.972e-10,metal1,metal1
30.8375,92.4,2.067e-08,metal1,metal1
30.8375,109.2,7.132e-06,metal1,metal1
30.8375,112.0,1.029e-05,metal1,metal1
30.85,41.83,3.115e-06,metal1,metal1
30.825000000000003,125.89750000000001,1.089e-09,metal1,metal1
30.855,128.8,6.584e-08,metal1,metal1
30.865,36.4,8.18e-08,metal1,metal1
30.8425,69.91499999999999,8.09e-10,metal1,metal1
30.87,58.8,3.645e-07,metal1,metal1
30.87,78.4,3.543e-07,metal1,metal1
30.86,125.9825,7.077e-10,metal1,metal1
30.875,86.8,1.494e-05,metal1,metal1
30.875,98.0,9.48e-06,metal1,metal1
30.8525,100.86875,1.714e-09,metal1,metal1
30.88,81.2,1.071e-05,metal1,metal1
30.88,114.8,1.738e-05,metal1,metal1
30.877499999999998,69.98375,5.309e-06,metal1,metal1
30.895,11.2,8.311e-09,metal1,metal1
30.9,25.2,7.647e-06,metal1,metal1
30.8875,100.81,2.667e-06,metal1,metal1
30.9,103.6,1.034e-05,metal1,metal1
30.895000000000003,41.915,3.115e-06,metal1,metal1
30.895000000000003,126.08500000000001,7.077e-10,metal1,metal1
30.96,128.8,1.816e-06,metal1,metal1
31.055,36.4,2.65e-06,metal1,metal1
31.02,36.4,6.636e-06,metal1,metal2
30.9125,70.06875,5.309e-06,metal1,metal1
31.2175,2.8,1.593e-07,metal1,metal1
31.0225,2.8,1.539e-06,metal1,metal2
31.052500000000002,42.0,1.317e-05,metal1,metal1
31.0225,42.0,1.628e-05,metal1,metal2
31.05,58.8,3.535e-09,metal1,metal1
31.0225,58.8,1.367e-05,metal1,metal2
31.0575,78.4,2.253e-08,metal1,metal1
31.0225,78.4,1.166e-05,metal1,metal2
30.927500000000002,92.4,2.067e-08,metal1,metal1
31.0475,109.2,2.165e-06,metal1,metal1
31.0225,109.2,9.298e-06,metal1,metal2
31.2175,112.0,1.188e-06,metal1,metal1
31.0225,112.0,1.148e-05,metal1,metal2
31.0575,126.0,1.121e-08,metal1,metal1
31.0225,126.0,8.617e-06,metal1,metal2
31.125,86.8,9.337e-07,metal1,metal1
31.025,86.8,1.587e-05,metal1,metal2
31.125,98.0,5.949e-07,metal1,metal1
31.025,98.0,1.007e-05,metal1,metal2
30.9225,100.74125000000001,2.667e-06,metal1,metal1
31.2425,81.2,4.471e-07,metal1,metal1
31.0275,81.2,1.115e-05,metal1,metal2
31.2425,114.8,7.275e-07,metal1,metal1
31.0275,114.8,1.811e-05,metal1,metal2
31.0825,70.0,2.282e-06,metal1,metal1
31.0325,70.0,7.591e-06,metal1,metal2
30.975,11.2,8.311e-09,metal1,metal1
31.08,25.2,7.853e-07,metal1,metal1
31.0375,25.2,8.432e-06,metal1,metal2
31.08,100.8,1.617e-05,metal1,metal1
31.0375,100.8,1.884e-05,metal1,metal2
31.08,103.6,1.062e-06,metal1,metal1
31.0375,103.6,1.141e-05,metal1,metal2
30.985,92.4,2.714e-07,metal1,metal1
31.0275,140.0,7.221e-06,metal1,metal1
31.067500000000003,120.4,8.669e-06,metal1,metal1
31.04,16.8,1.054e-05,metal1,metal1
31.04,50.4,9.181e-06,metal1,metal1
31.04,64.4,1.468e-07,metal1,metal1
31.015,39.115,4.608e-06,metal1,metal1
31.045,56.0,8.774e-06,metal1,metal1
31.045,134.4,1.733e-07,metal1,metal1
31.055,11.2,1.808e-07,metal1,metal1
31.049999999999997,39.1425,3.617e-09,metal1,metal1
31.055,72.8,4.875e-06,metal1,metal1
31.275,92.4,1.635e-08,metal1,metal1
31.08,92.4,1.378e-05,metal1,metal2
31.055,95.2,6.666e-08,metal1,metal1
31.06,106.4,5.857e-06,metal1,metal1
31.065,61.6,7.689e-06,metal1,metal1
31.065,128.8,5.916e-06,metal1,metal1
31.07,75.6,6.425e-06,metal1,metal1
31.145,16.8,1.551e-06,metal1,metal1
31.1075,16.8,1.209e-05,metal1,metal2
31.1425,50.4,1.399e-06,metal1,metal1
31.1075,50.4,1.058e-05,metal1,metal2
31.240000000000002,64.4,3.984e-06,metal1,metal1
31.1075,64.4,1.1e-05,metal1,metal2
31.085,39.227500000000006,3.617e-09,metal1,metal1
31.2325,56.0,6.806e-07,metal1,metal1
31.11,56.0,9.455e-06,metal1,metal2
31.58375,134.4,8.129e-06,metal1,metal1
31.11,134.4,1.284e-05,metal1,metal2
31.2575,11.2,9.702e-09,metal1,metal1
31.115000000000002,11.2,5.072e-06,metal1,metal2
31.2375,39.2,2.188e-08,metal1,metal1
31.115000000000002,39.2,6.4e-06,metal1,metal2
31.34,72.8,4.764e-06,metal1,metal1
31.115000000000002,72.8,9.64e-06,metal1,metal2
31.439999999999998,95.2,9.861e-06,metal1,metal1
31.115000000000002,95.2,1.315e-05,metal1,metal2
31.3475,106.4,5.355e-06,metal1,metal1
31.1175,106.4,1.121e-05,metal1,metal2
31.307499999999997,140.0,7.713e-07,metal1,metal1
31.1175,140.0,7.992e-06,metal1,metal2
31.315,61.6,4.816e-07,metal1,metal1
31.12,61.6,8.171e-06,metal1,metal2
31.15,128.8,1.58e-06,metal1,metal1
31.12,128.8,7.496e-06,metal1,metal2
31.4325,75.6,2.681e-07,metal1,metal1
31.122500000000002,75.6,6.693e-06,metal1,metal2
31.2375,120.4,2.966e-06,metal1,metal1
31.137500000000003,120.4,1.164e-05,metal1,metal2
32.33,8.4,3.747e-06,metal1,metal1
31.14,8.4,6.263e-06,metal1,metal2
31.94,123.2,6.197e-06,metal1,metal1
31.14,123.2,1.101e-05,metal1,metal2
31.197499999999998,137.2375,1.794e-06,metal1,metal1
31.215,14.085,1.554e-07,metal1,metal1
31.2575,109.2,4.095e-07,metal1,metal1
31.2025,58.69625,3.535e-09,metal1,metal1
31.235,42.0,8.17e-06,metal1,metal1
31.235,128.8,2.388e-09,metal1,metal1
31.245,28.0,4.67e-08,metal1,metal1
31.245,30.8,3.336e-08,metal1,metal1
31.245,36.4,5.425e-08,metal1,metal1
31.245,50.4,8.206e-09,metal1,metal1
31.2375,58.78125,1.462e-09,metal1,metal1
31.245,78.4,4.099e-06,metal1,metal1
31.245,84.0,1.452e-07,metal1,metal1
31.175,84.0,1.312e-05,metal1,metal2
31.245,126.0,3.648e-06,metal1,metal1
31.25,16.8,2.836e-09,metal1,metal1
31.26,25.2,1.895e-09,metal1,metal1
31.26,100.8,1.964e-07,metal1,metal1
31.26,103.6,4.512e-09,metal1,metal1
31.275,14.17,8.296e-10,metal1,metal1
31.275,70.0,3.696e-08,metal1,metal1
31.265,137.17875,3.643e-10,metal1,metal1
31.2725,58.885,1.462e-09,metal1,metal1
31.299999999999997,42.0,8.17e-06,metal1,metal1
31.4,128.8,2.388e-09,metal1,metal1
31.435000000000002,28.0,2.245e-06,metal1,metal1
31.735,30.8,1.6e-06,metal1,metal1
31.7325,36.4,2.612e-06,metal1,metal1
31.332500000000003,50.4,8.206e-09,metal1,metal1
31.355,58.8,1.462e-09,metal1,metal1
31.69125,78.4,4.099e-06,metal1,metal1
32.7375,84.0,7.023e-06,metal1,metal1
31.725,126.0,3.648e-06,metal1,metal1
31.335,16.8,2.836e-09,metal1,metal1
31.3,137.14125,3.643e-10,metal1,metal1
31.5375,25.2,1.895e-09,metal1,metal1
31.317500000000003,100.8,1.964e-07,metal1,metal1
31.622500000000002,103.6,4.512e-09,metal1,metal1
31.3175,14.085,8.296e-10,metal1,metal1
31.557499999999997,70.0,1.996e-09,metal1,metal1
31.46,137.2,3.643e-10,metal1,metal1
31.564999999999998,14.0,3.256e-09,metal1,metal1
31.427500000000002,109.2,4.095e-07,metal1,metal1
31.365,42.0,8.704e-08,metal1,metal1
31.4075,86.8,5.988e-10,metal1,metal1
31.4075,98.0,3.815e-10,metal1,metal1
31.4075,100.8,1.26e-08,metal1,metal1
31.4075,120.4,5.114e-07,metal1,metal1
31.42,16.8,1.847e-08,metal1,metal1
31.42,39.2,2.317e-09,metal1,metal1
31.42,50.4,4.029e-06,metal1,metal1
31.42,56.0,8.639e-09,metal1,metal1
31.487499999999997,42.0,3.747e-06,metal1,metal1
31.435,44.8,6.584e-08,metal1,metal1
31.27,44.8,8.975e-06,metal1,metal2
31.435,117.6,1.153e-07,metal1,metal1
31.27,117.6,1.079e-05,metal1,metal2
31.44,64.4,7.367e-08,metal1,metal1
31.445,5.6,4.111e-09,metal1,metal1
31.275,5.6,6.664e-06,metal1,metal2
31.46,11.2,2.394e-06,metal1,metal1
31.465,58.8,1.269e-08,metal1,metal1
31.5225,16.8,1.847e-08,metal1,metal1
31.61,39.2,2.317e-09,metal1,metal1
31.7125,50.4,4.029e-06,metal1,metal1
31.5225,56.0,8.639e-09,metal1,metal1
31.715,44.8,3.175e-06,metal1,metal1
32.07,117.6,5.541e-06,metal1,metal1
31.6275,64.4,5.91e-09,metal1,metal1
31.7875,86.8,5.988e-10,metal1,metal1
31.7875,98.0,3.815e-10,metal1,metal1
31.7125,100.8,1.26e-08,metal1,metal1
31.6325,120.4,5.114e-07,metal1,metal1
31.695,5.6,4.111e-09,metal1,metal1
31.6525,11.2,2.394e-06,metal1,metal1
31.5375,58.8,1.269e-08,metal1,metal1
31.555,140.0,1.518e-08,metal1,metal1
31.5975,2.8,1.513e-10,metal1,metal1
31.5975,61.6,5.703e-09,metal1,metal1
31.5975,92.4,1.175e-08,metal1,metal1
31.5975,109.2,3.881e-10,metal1,metal1
31.5975,112.0,1.81e-09,metal1,metal1
31.552500000000002,128.8375,2.388e-09,metal1,metal1
31.6375,81.2,4.39e-06,metal1,metal1
31.6375,114.8,9.288e-06,metal1,metal1
31.61,42.0,5.33e-08,metal1,metal1
31.61,58.8,1.276e-07,metal1,metal1
31.61,128.875,9.779e-10,metal1,metal1
31.625,16.8,4.55e-06,metal1,metal1
31.625,28.0,4.588e-08,metal1,metal1
31.625,53.2,1.107e-07,metal1,metal1
31.365000000000002,53.2,1.043e-05,metal1,metal2
31.625,56.0,5.54e-11,metal1,metal1
31.625,72.8,9.732e-08,metal1,metal1
31.965000000000003,140.0,9.743e-11,metal1,metal1
31.635,19.6,4.989e-09,metal1,metal1
31.37,19.6,1.036e-05,metal1,metal2
31.635,106.4,3.675e-09,metal1,metal1
31.635,131.6,3.636e-09,metal1,metal1
31.37,131.6,6.564e-06,metal1,metal2
31.64,137.2,3.489e-07,metal1,metal1
31.92,42.0,1.197e-06,metal1,metal1
31.82,58.8,3.982e-09,metal1,metal1
31.655,128.8375,9.779e-10,metal1,metal1
31.814999999999998,16.8,4.55e-06,metal1,metal1
32.1,28.0,2.206e-06,metal1,metal1
32.1,53.2,5.346e-06,metal1,metal1
31.7125,56.0,5.539e-11,metal1,metal1
32.02,72.8,4.676e-06,metal1,metal1
31.8775,2.8,1.513e-10,metal1,metal1
31.725,61.6,5.703e-09,metal1,metal1
31.740000000000002,92.4,1.175e-08,metal1,metal1
31.8775,109.2,3.881e-10,metal1,metal1
31.8175,112.0,1.81e-09,metal1,metal1
31.9775,128.8,2.049e-09,metal1,metal1
31.885,19.6,4.989e-09,metal1,metal1
31.885,106.4,3.675e-09,metal1,metal1
31.885,131.6,3.636e-09,metal1,metal1
31.7925,137.2,3.489e-07,metal1,metal1
31.9375,81.2,4.39e-06,metal1,metal1
31.935,114.8,9.288e-06,metal1,metal1
32.224999999999994,22.4,1.445e-06,metal1,metal1
32.23125,47.6,3.906e-06,metal1,metal1
31.8275,75.6,2.279e-06,metal1,metal1
31.8,39.2,1.709e-06,metal1,metal1
31.8,56.0,2.345e-06,metal1,metal1
31.815,25.2,1.099e-10,metal1,metal1
31.815,64.4,3.968e-06,metal1,metal1
31.82,61.6,1.05e-10,metal1,metal1
31.825,95.2,5.123e-08,metal1,metal1
31.825,120.4,2.724e-06,metal1,metal1
31.84,14.0,3.499e-06,metal1,metal1
31.84,70.0,2.175e-06,metal1,metal1
31.845,11.2,3.879e-08,metal1,metal1
31.85,92.4,9.752e-09,metal1,metal1
31.9025,39.2,1.709e-06,metal1,metal1
32.29625,56.0,2.345e-06,metal1,metal1
31.9,25.2,1.099e-10,metal1,metal1
32.004999999999995,64.4,3.968e-06,metal1,metal1
32.0075,61.6,1.518e-11,metal1,metal1
31.9075,95.2,5.123e-08,metal1,metal1
31.88,120.4,2.724e-06,metal1,metal1
32.2125,14.0,3.499e-06,metal1,metal1
32.46875,70.0,2.175e-06,metal1,metal1
32.1275,11.2,2.09e-09,metal1,metal1
31.987500000000004,92.4,9.752e-09,metal1,metal1
32.29375,75.6,2.279e-06,metal1,metal1
31.935,120.4,4.231e-08,metal1,metal1
31.9775,5.6,2.483e-10,metal1,metal1
31.9775,137.2,2.744e-07,metal1,metal1
32.51375,89.6,6.768e-06,metal1,metal1
32.0175,25.2,1.312e-06,metal1,metal1
32.0175,100.8,1.155e-07,metal1,metal1
32.0175,103.6,5.822e-06,metal1,metal1
31.99,95.2,1.043e-09,metal1,metal1
31.995,44.8,4.441e-09,metal1,metal1
32.004999999999995,16.8,9.328e-08,metal1,metal1
32.004999999999995,39.2,3.484e-08,metal1,metal1
32.004999999999995,50.4,2.196e-08,metal1,metal1
32.004999999999995,112.0,1.096e-09,metal1,metal1
32.129999999999995,120.4,5.741e-07,metal1,metal1
32.03,58.8,2.996e-06,metal1,metal1
32.1575,95.2,1.703e-09,metal1,metal1
32.182500000000005,44.8,4.441e-09,metal1,metal1
32.379999999999995,16.8,4.498e-06,metal1,metal1
32.4025,39.2,1.671e-06,metal1,metal1
32.099999999999994,50.4,2.196e-08,metal1,metal1
32.065,112.0,1.096e-09,metal1,metal1
32.2875,5.6,2.483e-10,metal1,metal1
32.1875,137.2,2.744e-07,metal1,metal1
32.1125,58.8,2.996e-06,metal1,metal1
32.3125,25.2,1.312e-06,metal1,metal1
32.0925,100.8,1.155e-07,metal1,metal1
32.2175,103.6,5.822e-06,metal1,metal1
32.59125,134.4,8.129e-06,metal1,metal1
32.125,2.8,2.975e-12,metal1,metal1
32.125,92.4,3.072e-08,metal1,metal1
32.125,109.2,9.791e-10,metal1,metal1
32.125,112.0,2.292e-09,metal1,metal1
32.167500000000004,19.6,3.2e-12,metal1,metal1
32.167500000000004,86.8,5.695e-13,metal1,metal1
32.167500000000004,98.0,3.62e-13,metal1,metal1
32.167500000000004,100.8,1.097e-10,metal1,metal1
32.1325,106.36250000000001,3.675e-09,metal1,metal1
32.167500000000004,131.6,2.331e-12,metal1,metal1
32.51375,78.4,4.099e-06,metal1,metal1
32.5575,2.8,1.874e-15,metal1,metal1
32.19499999999999,50.4,8.183e-08,metal1,metal1
32.19499999999999,58.8,6.137e-08,metal1,metal1
32.19499999999999,61.6,1.048e-08,metal1,metal1
32.19499999999999,64.4,8.135e-08,metal1,metal1
32.1675,92.4,3.072e-08,metal1,metal1
32.349999999999994,109.2,5.014e-08,metal1,metal1
32.5575,112.0,6.481e-11,metal1,metal1
32.2,106.36250000000001,3.858e-11,metal1,metal1
32.2,114.8,9.205e-06,metal1,metal1
32.205,81.2,4.292e-09,metal1,metal1
32.205,126.0,1.244e-08,metal1,metal1
32.209999999999994,92.4,5.624e-12,metal1,metal1
32.22,36.4,4.234e-08,metal1,metal1
32.644999999999996,30.8,1.6e-06,metal1,metal1
32.230000000000004,42.0,1.692e-09,metal1,metal1
32.474999999999994,50.4,3.947e-06,metal1,metal1
32.67,58.8,2.957e-06,metal1,metal1
32.26,61.6,1.048e-08,metal1,metal1
32.7375,64.4,3.923e-06,metal1,metal1
32.5475,19.6,3.2e-12,metal1,metal1
32.4475,86.8,5.684e-13,metal1,metal1
32.4475,98.0,3.623e-13,metal1,metal1
32.4475,100.8,1.097e-10,metal1,metal1
32.3875,106.4,1.27e-14,metal1,metal1
32.83625,114.8,9.205e-06,metal1,metal1
32.5475,131.6,2.332e-12,metal1,metal1
32.455,81.2,4.292e-09,metal1,metal1
32.385000000000005,126.0,1.244e-08,metal1,metal1
32.5725,92.4,5.623e-12,metal1,metal1
32.41,36.4,3.449e-09,metal1,metal1
32.41,42.0,1.692e-09,metal1,metal1
32.3575,61.6,2.658e-11,metal1,metal1
32.3125,95.1625,1.703e-09,metal1,metal1
32.3575,120.4,4.456e-07,metal1,metal1
32.3575,128.8,2.015e-10,metal1,metal1
32.3975,137.2,1.801e-06,metal1,metal1
32.370000000000005,44.8,6.524e-08,metal1,metal1
32.370000000000005,95.125,7.315e-10,metal1,metal1
32.3625,140.08499999999998,2.551e-11,metal1,metal1
32.385000000000005,103.6,1.191e-07,metal1,metal1
32.41,11.2,2.278e-06,metal1,metal1
32.415000000000006,72.8,7.576e-08,metal1,metal1
32.397499999999994,140.02625,2.551e-11,metal1,metal1
33.035,44.8,3.118e-06,metal1,metal1
32.415,95.1625,7.315e-10,metal1,metal1
32.4325,139.94125,1.492e-10,metal1,metal1
32.575,103.6,5.73e-06,metal1,metal1
32.58,61.6,2.658e-11,metal1,metal1
32.7375,95.2,7.315e-10,metal1,metal1
32.595,120.4,4.456e-07,metal1,metal1
32.5725,128.8,2.015e-10,metal1,metal1
32.685,11.2,2.278e-06,metal1,metal1
32.697500000000005,72.8,4.188e-09,metal1,metal1
32.585,140.0,2.688e-11,metal1,metal1
32.4675,137.2,1.801e-06,metal1,metal1
32.504999999999995,137.2,3.492e-08,metal1,metal1
32.565,5.6,1.496e-09,metal1,metal1
32.565,126.0,2.452e-08,metal1,metal1
32.575,25.2,2.665e-08,metal1,metal1
32.575,28.0,4.481e-08,metal1,metal1
32.575,53.2,1.098e-07,metal1,metal1
32.575,106.4,2.977e-11,metal1,metal1
32.575,109.2,5.229e-11,metal1,metal1
32.629999999999995,137.2,2.665e-08,metal1,metal1
32.584999999999994,14.0,2.244e-09,metal1,metal1
32.59,42.0,1.486e-08,metal1,metal1
32.599999999999994,36.4,2.355e-06,metal1,metal1
33.511250000000004,33.6,1.88e-06,metal1,metal1
32.635000000000005,5.6,1.496e-09,metal1,metal1
32.635000000000005,126.0,2.452e-08,metal1,metal1
32.97,25.2,1.274e-06,metal1,metal1
32.9475,28.0,2.636e-09,metal1,metal1
33.05,53.2,5.308e-06,metal1,metal1
32.735,106.4,2.977e-11,metal1,metal1
32.7825,109.2,5.521e-08,metal1,metal1
32.834999999999994,14.0,2.244e-09,metal1,metal1
32.86,42.0,1.486e-08,metal1,metal1
33.131249999999994,36.4,2.355e-06,metal1,metal1
32.69499999999999,86.8,1.365e-14,metal1,metal1
32.69499999999999,98.0,9.099e-15,metal1,metal1
32.69499999999999,100.8,2.525e-12,metal1,metal1
32.7375,5.6,9.357e-10,metal1,metal1
32.7375,81.2,2.752e-12,metal1,metal1
33.269999999999996,117.6,5.541e-06,metal1,metal1
32.7375,126.0,3.194e-08,metal1,metal1
33.09125,75.6,2.279e-06,metal1,metal1
32.730000000000004,140.08499999999998,2.688e-11,metal1,metal1
32.754999999999995,16.8,1.439e-09,metal1,metal1
32.754999999999995,50.4,5.366e-09,metal1,metal1
32.754999999999995,128.8,7.999e-10,metal1,metal1
32.754999999999995,137.2,4.914e-10,metal1,metal1
32.765,22.4,2.941e-08,metal1,metal1
32.765,47.6,8.014e-08,metal1,metal1
33.1275,86.8,2.874e-15,metal1,metal1
33.1275,98.0,3.873e-15,metal1,metal1
33.1175,100.8,1.827e-11,metal1,metal1
32.765,103.6,1.173e-07,metal1,metal1
32.769999999999996,61.6,2.035e-10,metal1,metal1
32.775000000000006,123.2,2.276e-08,metal1,metal1
32.765,140.01625,9.724e-10,metal1,metal1
33.21875,56.0,2.345e-06,metal1,metal1
33.1275,39.2,1.671e-06,metal1,metal1
32.8,120.4,7.503e-07,metal1,metal1
32.8,139.93125,9.724e-10,metal1,metal1
32.942499999999995,16.8,1.439e-09,metal1,metal1
32.942499999999995,50.4,5.366e-09,metal1,metal1
32.82,128.8,7.999e-10,metal1,metal1
32.942499999999995,137.2,3.57e-11,metal1,metal1
33.235,22.4,1.407e-06,metal1,metal1
32.955,47.6,3.868e-06,metal1,metal1
33.3375,103.6,5.651e-06,metal1,metal1
32.855000000000004,5.6,9.357e-10,metal1,metal1
32.8275,61.6,2.035e-10,metal1,metal1
33.1175,81.2,2.752e-12,metal1,metal1
32.855000000000004,126.0,1.2e-10,metal1,metal1
32.962500000000006,123.2,2.276e-08,metal1,metal1
32.957499999999996,140.0,9.724e-10,metal1,metal1
32.942499999999995,120.4,7.503e-07,metal1,metal1
32.885000000000005,61.6,3.127e-10,metal1,metal1
32.885000000000005,128.8,1.5e-09,metal1,metal1
32.927499999999995,19.6,7.726e-13,metal1,metal1
32.894999999999996,106.315,9.608e-09,metal1,metal1
32.927499999999995,131.6,2.207e-15,metal1,metal1
32.927499999999995,92.485,5.624e-12,metal1,metal1
32.94,5.6,2.495e-10,metal1,metal1
32.94,126.0,4.862e-09,metal1,metal1
33.015,61.6,3.786e-11,metal1,metal1
33.0075,128.8,1.993e-10,metal1,metal1
32.927499999999995,11.114999999999998,2.278e-06,metal1,metal1
32.959999999999994,78.4,7.579e-08,metal1,metal1
32.9625,11.18375,1.58e-12,metal1,metal1
32.9625,106.38374999999999,4.369e-10,metal1,metal1
32.980000000000004,72.8,4.567e-06,metal1,metal1
32.989999999999995,2.8,3.955e-13,metal1,metal1
32.989999999999995,92.57,3.631e-10,metal1,metal1
32.989999999999995,109.2,3.109e-11,metal1,metal1
32.989999999999995,112.0,4.943e-12,metal1,metal1
33.1025,5.6,2.495e-10,metal1,metal1
33.2025,126.0,4.862e-09,metal1,metal1
32.9975,11.26875,1.579e-12,metal1,metal1
33.207499999999996,19.6,7.711e-13,metal1,metal1
33.147499999999994,78.4,6.081e-09,metal1,metal1
32.9975,106.46875,4.369e-10,metal1,metal1
33.207499999999996,131.6,2.337e-15,metal1,metal1
33.15,11.2,4.532e-12,metal1,metal1
33.21,106.4,4.369e-10,metal1,metal1
33.16,72.8,4.567e-06,metal1,metal1
33.17,2.8,4.001e-13,metal1,metal1
33.03,92.485,3.631e-10,metal1,metal1
33.1575,109.2,3.109e-11,metal1,metal1
33.17,112.0,4.944e-12,metal1,metal1
33.175,92.4,3.631e-10,metal1,metal1
33.075,13.9625,2.244e-09,metal1,metal1
33.1175,95.2,6.953e-13,metal1,metal1
33.0875,120.485,4.766e-07,metal1,metal1
33.65625,70.0,2.175e-06,metal1,metal1
33.105000000000004,16.697499999999998,1.439e-09,metal1,metal1
33.129999999999995,42.0,2.709e-08,metal1,metal1
33.129999999999995,50.4,4.363e-09,metal1,metal1
33.129999999999995,128.8,1.346e-09,metal1,metal1
33.129999999999995,134.4,8.084e-06,metal1,metal1
33.129999999999995,137.2,2.49e-08,metal1,metal1
33.135000000000005,13.925,2.896e-11,metal1,metal1
33.135000000000005,30.8,3.042e-07,metal1,metal1
33.135000000000005,140.0,1.786e-11,metal1,metal1
33.144999999999996,47.6,7.936e-08,metal1,metal1
33.144999999999996,58.8,6.058e-08,metal1,metal1
33.144999999999996,61.6,6.221e-11,metal1,metal1
33.14,16.7825,8.959e-13,metal1,metal1
33.150000000000006,89.6,1.25e-07,metal1,metal1
33.150000000000006,123.2,6.113e-08,metal1,metal1
33.155,120.41624999999999,5.082e-08,metal1,metal1
34.35875,67.2,2.588e-06,metal1,metal1
33.175,16.884999999999998,8.958e-13,metal1,metal1
33.2225,42.0,2.709e-08,metal1,metal1
33.32,50.4,4.363e-09,metal1,metal1
33.427499999999995,128.8,1.346e-09,metal1,metal1
33.3225,134.4,8.084e-06,metal1,metal1
33.25,137.2,2.49e-08,metal1,metal1
33.1775,13.9625,2.895e-11,metal1,metal1
33.230000000000004,30.8,3.042e-07,metal1,metal1
33.32,140.0,4.915e-12,metal1,metal1
33.519999999999996,47.6,3.831e-06,metal1,metal1
33.54375,58.8,2.919e-06,metal1,metal1
33.335,61.6,6.221e-11,metal1,metal1
33.33,14.0,2.895e-11,metal1,metal1
33.337500000000006,16.8,9.456e-09,metal1,metal1
33.337500000000006,89.6,5.055e-10,metal1,metal1
33.3975,95.2,6.949e-13,metal1,metal1
33.19,120.33125000000001,5.082e-08,metal1,metal1
33.212500000000006,123.2,6.113e-08,metal1,metal1
33.4025,120.4,5.082e-08,metal1,metal1
33.265,5.6,3.053e-09,metal1,metal1
33.307500000000005,123.2,3.92e-11,metal1,metal1
33.7525,64.4,3.923e-06,metal1,metal1
33.3475,42.0,4.918e-08,metal1,metal1
33.31999999999999,28.0,1.842e-06,metal1,metal1
33.325,30.8,3.09e-07,metal1,metal1
33.302499999999995,109.30250000000001,3.109e-11,metal1,metal1
33.6975,5.6,1.715e-12,metal1,metal1
33.334999999999994,11.2,3.047e-09,metal1,metal1
33.334999999999994,78.4,4.082e-06,metal1,metal1
33.34,72.8,1.838e-08,metal1,metal1
33.349999999999994,2.8,2.858e-10,metal1,metal1
33.349999999999994,92.4,9.637e-10,metal1,metal1
33.3375,109.23375,3.078e-11,metal1,metal1
33.349999999999994,112.0,3.605e-09,metal1,metal1
33.69,25.2,1.274e-06,metal1,metal1
33.370000000000005,137.2,1.113e-11,metal1,metal1
33.5125,28.0,1.842e-06,metal1,metal1
33.417500000000004,30.8,3.09e-07,metal1,metal1
33.3725,109.13125,3.078e-11,metal1,metal1
33.4,11.2,3.047e-09,metal1,metal1
34.254999999999995,78.4,4.082e-06,metal1,metal1
33.432500000000005,72.8,1.838e-08,metal1,metal1
33.6875,123.2,3.92e-11,metal1,metal1
33.7125,2.8,2.858e-10,metal1,metal1
33.7125,92.4,9.637e-10,metal1,metal1
33.525,109.2,3.078e-11,metal1,metal1
33.7125,112.0,3.605e-09,metal1,metal1
33.55,137.2,1.113e-11,metal1,metal1
33.445,42.0,4.918e-08,metal1,metal1
33.455,19.6,8.086e-10,metal1,metal1
33.425,106.30625,4.369e-10,metal1,metal1
33.455,131.6,0.0,metal1,metal1
33.455,11.2375,3.047e-09,metal1,metal1
33.4975,81.2,4.415e-15,metal1,metal1
33.46,106.34375,2.671e-09,metal1,metal1
33.4975,126.0,3.34e-12,metal1,metal1
34.03875,114.8,9.205e-06,metal1,metal1
33.4725,139.91500000000002,4.916e-12,metal1,metal1
33.510000000000005,14.0,1.155e-10,metal1,metal1
33.510000000000005,30.8,2.983e-07,metal1,metal1
33.510000000000005,42.0,3.355e-06,metal1,metal1
33.510000000000005,50.4,3.257e-06,metal1,metal1
33.510000000000005,139.83,5.096e-06,metal1,metal1
33.515,11.275,2.727e-11,metal1,metal1
33.515,134.4,6.242e-08,metal1,metal1
33.525000000000006,16.8,4.304e-06,metal1,metal1
33.769999999999996,19.6,4.108e-08,metal1,metal1
33.525000000000006,39.2,3.405e-08,metal1,metal1
33.525000000000006,53.2,1.091e-07,metal1,metal1
33.525000000000006,61.6,8.836e-11,metal1,metal1
33.525000000000006,72.8,6.223e-09,metal1,metal1
33.525000000000006,75.6,4.655e-08,metal1,metal1
33.4925,89.685,5.055e-10,metal1,metal1
33.5275,106.4375,2.492e-09,metal1,metal1
33.8875,131.6,1.499e-15,metal1,metal1
33.5275,89.6,4.535e-10,metal1,metal1
33.515,100.715,1.827e-11,metal1,metal1
34.917500000000004,142.8,1.444e-06,metal1,metal1
33.55500000000001,8.4,6.072e-08,metal1,metal1
33.56,86.8,5.142e-12,metal1,metal1
33.56,98.0,6.883e-12,metal1,metal1
33.55,100.77375,2.046e-11,metal1,metal1
33.6775,14.0,1.155e-10,metal1,metal1
33.605000000000004,30.8,2.983e-07,metal1,metal1
33.6075,42.0,3.355e-06,metal1,metal1
34.00625,50.4,3.257e-06,metal1,metal1
33.575,139.91500000000002,5.096e-06,metal1,metal1
33.5575,11.2375,2.726e-11,metal1,metal1
33.7025,134.4,3.026e-09,metal1,metal1
33.615,16.8,4.304e-06,metal1,metal1
33.9925,39.2,1.632e-06,metal1,metal1
33.715,53.2,5.27e-06,metal1,metal1
33.6375,61.6,8.837e-11,metal1,metal1
33.620000000000005,72.8,6.223e-09,metal1,metal1
33.9225,75.6,2.236e-06,metal1,metal1
33.5625,89.515,4.535e-10,metal1,metal1
33.709999999999994,11.2,2.726e-11,metal1,metal1
33.7775,81.2,2.805e-15,metal1,metal1
33.7175,89.6,9.852e-09,metal1,metal1
33.8775,106.4,2.492e-09,metal1,metal1
33.7775,126.0,3.34e-12,metal1,metal1
33.585,100.85875,2.046e-11,metal1,metal1
33.837500000000006,8.4,3.345e-09,metal1,metal1
33.739999999999995,86.8,5.144e-12,metal1,metal1
33.739999999999995,98.0,6.884e-12,metal1,metal1
33.739999999999995,100.8,2.78e-10,metal1,metal1
33.8375,140.0,5.096e-06,metal1,metal1
33.644999999999996,95.2,1.82e-14,metal1,metal1
33.644999999999996,120.4,2.024e-08,metal1,metal1
34.12375,36.4,2.355e-06,metal1,metal1
33.7,30.8,2.983e-07,metal1,metal1
33.7,44.8,1.282e-07,metal1,metal1
33.7,109.2,1.035e-10,metal1,metal1
33.705,16.8,7.71e-09,metal1,metal1
33.705,22.4,1.913e-09,metal1,metal1
33.705,28.0,2.506e-09,metal1,metal1
33.705,42.0,6.817e-10,metal1,metal1
33.715,56.0,4.795e-08,metal1,metal1
33.715,72.8,4.515e-06,metal1,metal1
34.0775,95.2,3.624e-15,metal1,metal1
33.765,120.4,1.079e-06,metal1,metal1
33.7025,128.73125,1.346e-09,metal1,metal1
33.730000000000004,137.2,1.693e-08,metal1,metal1
33.75,61.6,5.182e-11,metal1,metal1
33.7375,128.79,9.939e-10,metal1,metal1
33.795,30.8,2.983e-07,metal1,metal1
34.2775,44.8,3.016e-06,metal1,metal1
33.8875,109.2,4.922e-09,metal1,metal1
33.8925,16.8,7.71e-09,metal1,metal1
33.8925,22.4,1.913e-09,metal1,metal1
33.8925,28.0,2.506e-09,metal1,metal1
33.8925,42.0,6.817e-10,metal1,metal1
34.1125,56.0,2.306e-06,metal1,metal1
33.905,72.8,4.515e-06,metal1,metal1
33.772499999999994,128.85875,9.939e-10,metal1,metal1
33.905,137.2,1.693e-08,metal1,metal1
33.93,61.6,5.181e-11,metal1,metal1
33.93,128.8,9.939e-10,metal1,metal1
33.8775,14.0,7.026e-11,metal1,metal1
33.917500000000004,120.4,1.29e-07,metal1,metal1
33.89,11.2,1.08e-10,metal1,metal1
33.89,30.8,3.036e-07,metal1,metal1
33.89,134.4,1.376e-08,metal1,metal1
33.894999999999996,47.6,2.921e-08,metal1,metal1
33.905,53.2,1.083e-07,metal1,metal1
33.905,89.6,2.974e-07,metal1,metal1
33.905,117.6,1.132e-07,metal1,metal1
33.91,103.6,1.695e-07,metal1,metal1
33.92,86.8,3.682e-09,metal1,metal1
33.92,98.0,4.928e-09,metal1,metal1
33.92,100.8,5.92e-10,metal1,metal1
34.271249999999995,58.8,2.919e-06,metal1,metal1
34.0575,11.2,1.08e-10,metal1,metal1
33.985,30.8,3.036e-07,metal1,metal1
34.08,134.4,1.376e-08,metal1,metal1
34.0,47.6,2.921e-08,metal1,metal1
34.09,53.2,5.23e-06,metal1,metal1
34.095,89.6,6.618e-06,metal1,metal1
34.287499999999994,117.6,5.442e-06,metal1,metal1
34.1575,14.0,7.026e-11,metal1,metal1
34.0975,103.6,8.376e-09,metal1,metal1
34.2825,86.8,3.682e-09,metal1,metal1
34.1975,98.0,4.928e-09,metal1,metal1
34.0125,100.8,5.92e-10,metal1,metal1
34.2175,120.4,1.29e-07,metal1,metal1
34.025000000000006,81.2,3.912e-13,metal1,metal1
34.025000000000006,126.0,1.345e-09,metal1,metal1
34.067499999999995,123.2,6.115e-13,metal1,metal1
34.1075,2.8,4.362e-07,metal1,metal1
34.05,92.315,9.637e-10,metal1,metal1
34.1075,109.2,3.711e-06,metal1,metal1
34.1075,112.0,5.501e-06,metal1,metal1
34.08,16.8,1.37e-06,metal1,metal1
34.08,22.4,2.693e-10,metal1,metal1
34.08,28.0,2.344e-09,metal1,metal1
34.08,30.8,1.425e-06,metal1,metal1
34.0525,41.916250000000005,6.817e-10,metal1,metal1
34.08,137.2,3.535e-10,metal1,metal1
34.084999999999994,19.6,1.806e-09,metal1,metal1
34.084999999999994,25.2,1.78e-09,metal1,metal1
34.087500000000006,41.94375,1.486e-11,metal1,metal1
34.095,72.8,9.267e-08,metal1,metal1
34.457499999999996,81.2,1.995e-11,metal1,metal1
34.095,92.23,6.111e-09,metal1,metal1
34.150000000000006,126.0,6.836e-08,metal1,metal1
34.105000000000004,47.6,2.511e-08,metal1,metal1
34.105000000000004,100.8,7.663e-09,metal1,metal1
34.105000000000004,140.0,4.982e-09,metal1,metal1
34.11,61.6,2.158e-09,metal1,metal1
34.11,128.8,5.684e-08,metal1,metal1
34.120000000000005,8.4,3.647e-06,metal1,metal1
34.129999999999995,5.6,2.877e-12,metal1,metal1
34.1775,16.8,1.37e-06,metal1,metal1
34.269999999999996,22.4,2.693e-10,metal1,metal1
34.269999999999996,28.0,2.344e-09,metal1,metal1
34.1775,30.8,1.425e-06,metal1,metal1
34.1225,42.0275,1.486e-11,metal1,metal1
34.2675,137.2,1.482e-10,metal1,metal1
34.2025,19.6,1.389e-07,metal1,metal1
34.272499999999994,25.2,1.78e-09,metal1,metal1
34.2775,42.0,3.637e-09,metal1,metal1
34.28,72.8,4.475e-06,metal1,metal1
34.1525,92.315,6.111e-09,metal1,metal1
34.3475,123.2,6.119e-13,metal1,metal1
34.1875,47.6,2.511e-08,metal1,metal1
34.375,100.8,7.663e-09,metal1,metal1
34.355000000000004,140.0,4.982e-09,metal1,metal1
34.4725,61.6,2.158e-09,metal1,metal1
34.167500000000004,128.8,5.684e-08,metal1,metal1
34.3,8.4,3.647e-06,metal1,metal1
34.31,5.6,2.877e-12,metal1,metal1
34.4075,2.8,4.362e-07,metal1,metal1
34.302499999999995,92.4,4.463e-06,metal1,metal1
34.62125,109.2,3.711e-06,metal1,metal1
34.771249999999995,112.0,5.501e-06,metal1,metal1
34.2575,11.2,6.572e-11,metal1,metal1
34.2375,106.485,1.303e-08,metal1,metal1
34.2575,128.8,7.444e-09,metal1,metal1
35.6525,84.0,7.023e-06,metal1,metal1
34.269999999999996,47.6,2.687e-09,metal1,metal1
34.269999999999996,134.4,7.989e-06,metal1,metal1
34.275000000000006,16.8,1.464e-06,metal1,metal1
34.275000000000006,30.8,1.941e-09,metal1,metal1
34.275000000000006,53.2,7.116e-09,metal1,metal1
34.275000000000006,126.0,8.441e-10,metal1,metal1
34.285,70.0,4.449e-08,metal1,metal1
34.285,89.6,1.354e-07,metal1,metal1
34.285,103.6,5.558e-06,metal1,metal1
34.295,64.4,3.835e-09,metal1,metal1
34.31999999999999,19.6,6.357e-10,metal1,metal1
34.647499999999994,75.6,2.236e-06,metal1,metal1
34.305,106.42625,1.036e-11,metal1,metal1
34.31999999999999,131.6,2.82e-12,metal1,metal1
34.4375,47.6,2.687e-09,metal1,metal1
34.47,134.4,7.989e-06,metal1,metal1
34.3675,16.8,1.464e-06,metal1,metal1
34.462500000000006,30.8,1.941e-09,metal1,metal1
34.462500000000006,53.2,7.116e-09,metal1,metal1
34.582499999999996,126.0,2.265e-08,metal1,metal1
34.760000000000005,70.0,2.14e-06,metal1,metal1
34.855000000000004,89.6,6.516e-06,metal1,metal1
34.955,103.6,5.558e-06,metal1,metal1
34.5375,11.2,6.572e-11,metal1,metal1
34.34,106.34125,1.036e-11,metal1,metal1
34.5625,128.8,7.444e-09,metal1,metal1
34.545,64.4,3.835e-09,metal1,metal1
34.485,19.6,6.357e-10,metal1,metal1
34.5,106.4,1.036e-11,metal1,metal1
34.5,131.6,2.825e-12,metal1,metal1
34.405,14.0,1.378e-12,metal1,metal1
34.4225,137.285,1.482e-10,metal1,metal1
34.459999999999994,16.8,1.422e-06,metal1,metal1
34.4325,22.485,2.693e-10,metal1,metal1
34.459999999999994,25.2,2.539e-08,metal1,metal1
34.459999999999994,28.0,1.749e-06,metal1,metal1
34.459999999999994,39.2,1.461e-06,metal1,metal1
34.459999999999994,42.0,2.485e-06,metal1,metal1
34.459999999999994,137.37,7.61e-06,metal1,metal1
34.465,72.8,6.097e-09,metal1,metal1
34.465,92.4,1.633e-07,metal1,metal1
34.8375,14.0,2.499e-15,metal1,metal1
34.4675,22.4575,8.96e-10,metal1,metal1
34.474999999999994,98.0,2.309e-10,metal1,metal1
34.480000000000004,8.4,6.743e-08,metal1,metal1
34.480000000000004,33.6,3.476e-08,metal1,metal1
34.462500000000006,120.33125000000001,1.29e-07,metal1,metal1
34.489999999999995,5.6,2.061e-09,metal1,metal1
34.92875,50.4,3.257e-06,metal1,metal1
34.837500000000006,56.0,2.306e-06,metal1,metal1
34.510000000000005,95.2,6.315e-12,metal1,metal1
34.4975,120.39,1.237e-09,metal1,metal1
34.555,16.8,1.422e-06,metal1,metal1
34.5025,22.3725,8.96e-10,metal1,metal1
34.8475,25.2,1.213e-06,metal1,metal1
34.5575,28.0,1.749e-06,metal1,metal1
35.1425,39.2,1.461e-06,metal1,metal1
34.7525,42.0,2.485e-06,metal1,metal1
34.525,137.285,7.61e-06,metal1,metal1
34.6525,72.8,6.097e-09,metal1,metal1
34.760000000000005,92.4,4.378e-06,metal1,metal1
34.665,22.4,1.284e-06,metal1,metal1
34.56,98.0,2.309e-10,metal1,metal1
34.667500000000004,8.4,5.407e-09,metal1,metal1
34.667500000000004,33.6,2.772e-09,metal1,metal1
34.5325,120.45875000000001,1.237e-09,metal1,metal1
34.8525,5.6,2.061e-09,metal1,metal1
34.69,95.2,6.321e-12,metal1,metal1
34.69,120.4,1.237e-09,metal1,metal1
34.682500000000005,137.2,7.61e-06,metal1,metal1
34.595,123.2,6.833e-10,metal1,metal1
34.5925,47.6375,2.687e-09,metal1,metal1
34.6375,140.0,3.197e-12,metal1,metal1
34.677499999999995,86.8,5.619e-06,metal1,metal1
34.677499999999995,98.0,5.49e-06,metal1,metal1
34.677499999999995,100.8,8.646e-06,metal1,metal1
34.650000000000006,16.8,1.326e-06,metal1,metal1
34.63,19.70375,6.357e-10,metal1,metal1
34.650000000000006,30.8,3.939e-09,metal1,metal1
34.650000000000006,47.675,9.816e-09,metal1,metal1
34.650000000000006,53.2,6.934e-09,metal1,metal1
34.655,28.0,2.38e-09,metal1,metal1
34.655,36.4,6.873e-09,metal1,metal1
34.822500000000005,123.2,3.472e-08,metal1,metal1
34.67,58.8,5.397e-08,metal1,metal1
34.67,117.6,1.006e-07,metal1,metal1
34.67,134.4,7.659e-06,metal1,metal1
34.675,2.8,4.264e-10,metal1,metal1
34.675,114.8,8.998e-09,metal1,metal1
34.665000000000006,19.634999999999998,4.425e-10,metal1,metal1
34.68000000000001,106.4,6.348e-08,metal1,metal1
34.68000000000001,131.6,2.022e-09,metal1,metal1
34.7575,16.8,1.326e-06,metal1,metal1
34.7,19.53125,4.425e-10,metal1,metal1
34.7525,30.8,3.939e-09,metal1,metal1
34.695,47.6375,9.816e-09,metal1,metal1
34.84,53.2,6.934e-09,metal1,metal1
34.8425,28.0,2.38e-09,metal1,metal1
34.754999999999995,36.4,6.873e-09,metal1,metal1
34.8575,47.6,9.816e-09,metal1,metal1
34.8575,58.8,4.323e-09,metal1,metal1
34.8575,117.6,8.007e-09,metal1,metal1
34.8625,134.4,7.659e-06,metal1,metal1
35.0175,140.0,3.195e-12,metal1,metal1
34.925,2.8,4.264e-10,metal1,metal1
34.925,114.8,8.998e-09,metal1,metal1
34.855000000000004,19.6,4.966e-12,metal1,metal1
34.7325,106.4,6.348e-08,metal1,metal1
35.042500000000004,131.6,2.022e-09,metal1,metal1
34.879999999999995,86.8,5.619e-06,metal1,metal1
34.9775,98.0,5.49e-06,metal1,metal1
34.885,100.8,8.646e-06,metal1,metal1
34.785,11.2,1.51e-12,metal1,metal1
34.785,106.4,1.108e-09,metal1,metal1
34.8275,64.4,2.663e-12,metal1,metal1
34.8675,61.6,3.292e-06,metal1,metal1
34.8675,128.8,6.781e-08,metal1,metal1
34.84,72.8,1.237e-08,metal1,metal1
34.845,137.2,1.01e-06,metal1,metal1
34.855000000000004,8.4,3.63e-06,metal1,metal1
35.120000000000005,11.2,1.423e-10,metal1,metal1
34.855000000000004,22.4,2.608e-08,metal1,metal1
34.855000000000004,30.8,9.418e-11,metal1,metal1
34.855000000000004,33.6,1.861e-06,metal1,metal1
34.855000000000004,36.4,2.589e-10,metal1,metal1
34.855000000000004,44.8,6.177e-08,metal1,metal1
35.095,106.4,7.195e-09,metal1,metal1
34.864999999999995,16.8,1.822e-06,metal1,metal1
34.870000000000005,95.2,4.525e-09,metal1,metal1
34.870000000000005,120.4,7.153e-08,metal1,metal1
34.89,81.2,3.549e-08,metal1,metal1
34.89,126.0,2.91e-11,metal1,metal1
34.942499999999995,72.8,1.237e-08,metal1,metal1
34.95,137.2,1.01e-06,metal1,metal1
35.355000000000004,8.4,3.63e-06,metal1,metal1
35.04,22.4,1.246e-06,metal1,metal1
34.942499999999995,30.8,9.418e-11,metal1,metal1
34.945,33.6,1.861e-06,metal1,metal1
35.0375,36.4,3.379e-09,metal1,metal1
35.2425,44.8,2.975e-06,metal1,metal1
35.2075,64.4,2.664e-12,metal1,metal1
34.9475,16.8,1.822e-06,metal1,metal1
35.2325,95.2,4.525e-09,metal1,metal1
34.9275,120.4,7.153e-08,metal1,metal1
34.9625,81.2,3.549e-08,metal1,metal1
35.07,126.0,2.91e-11,metal1,metal1
35.1625,61.6,3.292e-06,metal1,metal1
34.9425,128.8,6.781e-08,metal1,metal1
35.0175,120.4,9.369e-09,metal1,metal1
35.0175,128.8,7.178e-11,metal1,metal1
35.03,16.8,1.033e-06,metal1,metal1
35.03,19.6,3.561e-09,metal1,metal1
35.03,28.0,2.246e-09,metal1,metal1
35.03,30.8,1.33e-06,metal1,metal1
35.03,53.2,5.173e-06,metal1,metal1
35.035,33.6,2.602e-09,metal1,metal1
35.035,81.2,2.196e-08,metal1,metal1
35.045,42.0,5.057e-08,metal1,metal1
35.045,47.6,2.229e-10,metal1,metal1
35.045,58.8,2.902e-06,metal1,metal1
35.045,72.8,3.295e-11,metal1,metal1
35.045,75.6,4.527e-08,metal1,metal1
35.045,117.6,5.374e-06,metal1,metal1
35.05,86.8,1.039e-07,metal1,metal1
35.05,123.2,3.476e-08,metal1,metal1
35.05500000000001,92.4,4.28e-09,metal1,metal1
35.05500000000001,134.4,6.919e-08,metal1,metal1
35.05500000000001,137.2,5.959e-06,metal1,metal1
35.06,100.8,1.598e-07,metal1,metal1
35.147499999999994,16.8,1.033e-06,metal1,metal1
35.2175,19.6,3.561e-09,metal1,metal1
35.22,28.0,2.246e-09,metal1,metal1
35.47875,30.8,1.33e-06,metal1,metal1
35.1275,53.2,5.173e-06,metal1,metal1
35.51375,109.2,3.711e-06,metal1,metal1
35.2225,33.6,2.602e-09,metal1,metal1
35.1425,81.2,2.196e-08,metal1,metal1
35.7125,42.0,2.421e-06,metal1,metal1
35.205,47.6,3.144e-08,metal1,metal1
35.33,58.8,2.902e-06,metal1,metal1
35.1325,72.8,3.294e-11,metal1,metal1
35.6325,75.6,2.155e-06,metal1,metal1
35.25,117.6,5.374e-06,metal1,metal1
35.2375,86.8,8.275e-09,metal1,metal1
35.322500000000005,120.4,9.369e-09,metal1,metal1
35.254999999999995,123.2,3.476e-08,metal1,metal1
35.2975,128.8,7.178e-11,metal1,metal1
35.30500000000001,92.4,4.28e-09,metal1,metal1
35.1375,134.4,6.919e-08,metal1,metal1
35.1375,137.2,2.514e-08,metal1,metal1
35.3425,100.8,7.862e-09,metal1,metal1
35.207499999999996,2.8,2.729e-13,metal1,metal1
36.025,78.4,4.082e-06,metal1,metal1
35.207499999999996,114.8,1.713e-11,metal1,metal1
35.2475,5.6,3.145e-06,metal1,metal1
35.22,36.4,2.267e-06,metal1,metal1
35.22,72.8,4.35e-06,metal1,metal1
35.22,134.4,1.744e-08,metal1,metal1
35.22,137.2,5.709e-07,metal1,metal1
35.224999999999994,22.4,1.695e-09,metal1,metal1
35.224999999999994,53.2,7.233e-09,metal1,metal1
35.235,25.2,2.462e-08,metal1,metal1
35.235,56.0,4.715e-08,metal1,metal1
35.235,70.0,4.374e-08,metal1,metal1
35.245000000000005,98.0,5.367e-09,metal1,metal1
35.25,81.2,3.176e-08,metal1,metal1
35.25,126.0,1.817e-09,metal1,metal1
35.265,16.8,5.005e-07,metal1,metal1
35.269999999999996,14.0,5.916e-12,metal1,metal1
35.5125,36.4,2.267e-06,metal1,metal1
35.417500000000004,72.8,4.35e-06,metal1,metal1
35.3875,134.4,1.744e-08,metal1,metal1
35.3875,137.2,5.709e-07,metal1,metal1
35.412499999999994,22.4,1.695e-09,metal1,metal1
35.412499999999994,53.2,7.233e-09,metal1,metal1
35.900000000000006,25.2,1.174e-06,metal1,metal1
35.61750000000001,56.0,2.268e-06,metal1,metal1
35.71,70.0,2.103e-06,metal1,metal1
35.5875,2.8,2.735e-13,metal1,metal1
35.5875,114.8,1.713e-11,metal1,metal1
35.495000000000005,98.0,5.367e-09,metal1,metal1
35.33,81.2,3.176e-08,metal1,metal1
35.6125,126.0,1.817e-09,metal1,metal1
35.315,16.8,5.005e-07,metal1,metal1
35.45,14.0,5.919e-12,metal1,metal1
35.629999999999995,5.6,3.145e-06,metal1,metal1
35.3975,16.8,3.902e-07,metal1,metal1
35.3975,47.6,2.987e-11,metal1,metal1
35.3975,140.0,1.347e-12,metal1,metal1
35.963750000000005,112.0,5.501e-06,metal1,metal1
35.4375,19.6,1.847e-06,metal1,metal1
35.4375,106.4,2.548e-08,metal1,metal1
35.4375,131.6,3.085e-06,metal1,metal1
35.41,28.0,1.676e-06,metal1,metal1
35.41,33.6,3.779e-08,metal1,metal1
35.41,81.2,4.154e-11,metal1,metal1
35.425,50.4,6.674e-08,metal1,metal1
35.425,61.6,6.751e-08,metal1,metal1
35.425,86.8,5.554e-06,metal1,metal1
35.425,89.6,1.335e-07,metal1,metal1
35.455,11.2,5.53e-10,metal1,metal1
35.455,117.6,8.707e-08,metal1,metal1
35.459999999999994,123.2,1.681e-06,metal1,metal1
35.6075,28.0,1.676e-06,metal1,metal1
35.85875,33.6,1.806e-06,metal1,metal1
35.6,81.2,4.153e-11,metal1,metal1
35.615,50.4,3.217e-06,metal1,metal1
35.900000000000006,61.6,3.256e-06,metal1,metal1
35.6225,86.8,5.554e-06,metal1,metal1
35.8125,89.6,6.437e-06,metal1,metal1
35.63,16.8,4.722e-10,metal1,metal1
35.6775,47.6,2.987e-11,metal1,metal1
35.6775,140.0,1.347e-12,metal1,metal1
35.5525,11.2,5.53e-10,metal1,metal1
35.7375,117.6,4.841e-09,metal1,metal1
35.542500000000004,123.2,1.681e-06,metal1,metal1
35.542500000000004,19.6,1.847e-06,metal1,metal1
35.56,106.4,2.548e-08,metal1,metal1
35.6325,131.6,3.085e-06,metal1,metal1
35.545,128.8,7.745e-09,metal1,metal1
35.565,64.485,3.183e-10,metal1,metal1
35.587500000000006,92.4,2.747e-12,metal1,metal1
35.587500000000006,134.4,1.118e-11,metal1,metal1
35.587500000000006,137.2,1.159e-08,metal1,metal1
35.6275,95.2,6.905e-06,metal1,metal1
35.6275,120.4,8.533e-08,metal1,metal1
35.599999999999994,22.4,1.553e-09,metal1,metal1
35.599999999999994,53.2,1.047e-07,metal1,metal1
35.614999999999995,19.6,3.768e-08,metal1,metal1
35.614999999999995,58.8,5.939e-08,metal1,metal1
35.614999999999995,67.2,1.499e-08,metal1,metal1
35.614999999999995,72.8,8.885e-08,metal1,metal1
35.68,128.8,3.934e-07,metal1,metal1
35.625,100.8,8.555e-06,metal1,metal1
35.625,103.6,5.433e-09,metal1,metal1
35.625,123.2,1.376e-06,metal1,metal1
35.629999999999995,14.0,4.237e-09,metal1,metal1
35.629999999999995,44.8,1.475e-08,metal1,metal1
35.6325,64.41624999999999,1.36e-14,metal1,metal1
35.650000000000006,11.2,2.823e-09,metal1,metal1
35.650000000000006,106.4,5.659e-11,metal1,metal1
35.79,22.4,1.553e-09,metal1,metal1
35.8925,53.2,5.006e-06,metal1,metal1
36.2025,19.6,1.808e-06,metal1,metal1
36.085,58.8,2.859e-06,metal1,metal1
35.705,67.2,1.499e-08,metal1,metal1
35.995000000000005,72.8,4.269e-06,metal1,metal1
35.667500000000004,64.33125000000001,1.36e-14,metal1,metal1
35.9675,92.4,2.745e-12,metal1,metal1
35.9675,134.4,1.118e-11,metal1,metal1
35.7175,137.2,1.159e-08,metal1,metal1
36.3125,100.8,8.555e-06,metal1,metal1
35.875,103.6,5.433e-09,metal1,metal1
35.7225,123.2,1.376e-06,metal1,metal1
35.91,14.0,4.237e-09,metal1,metal1
35.72,44.8,1.475e-08,metal1,metal1
35.879999999999995,64.4,2.545e-10,metal1,metal1
35.83,11.2,1.582e-11,metal1,metal1
35.822500000000005,106.4,5.659e-11,metal1,metal1
36.019999999999996,95.2,6.905e-06,metal1,metal1
35.7025,120.4,8.533e-08,metal1,metal1
35.7775,98.0,3.441e-12,metal1,metal1
35.7775,120.4,8.229e-11,metal1,metal1
35.790000000000006,81.2,7.305e-10,metal1,metal1
35.795,67.2,3.473e-09,metal1,metal1
35.795,131.6,5.706e-08,metal1,metal1
35.80500000000001,28.0,3.388e-08,metal1,metal1
35.80500000000001,36.4,4.636e-08,metal1,metal1
35.80500000000001,50.4,6.571e-08,metal1,metal1
35.81,44.8,1.337e-08,metal1,metal1
35.815,128.8,1.12e-09,metal1,metal1
35.815,137.2,2.214e-09,metal1,metal1
35.81999999999999,86.8,1.026e-07,metal1,metal1
35.81999999999999,123.2,8.007e-07,metal1,metal1
36.4375,39.2,1.461e-06,metal1,metal1
35.83,16.8,4.097e-08,metal1,metal1
36.285,8.4,3.63e-06,metal1,metal1
35.8825,81.2,7.305e-10,metal1,metal1
35.9825,67.2,3.473e-09,metal1,metal1
35.9825,131.6,4.531e-09,metal1,metal1
36.25,28.0,1.61e-06,metal1,metal1
36.18000000000001,36.4,2.23e-06,metal1,metal1
36.375,50.4,3.157e-06,metal1,metal1
35.9975,44.8,2.047e-10,metal1,metal1
36.1575,98.0,3.442e-12,metal1,metal1
36.057500000000005,120.4,8.229e-11,metal1,metal1
36.065,128.8,1.12e-09,metal1,metal1
36.065,137.2,2.214e-09,metal1,metal1
36.1025,86.8,5.084e-09,metal1,metal1
35.9725,123.2,8.007e-07,metal1,metal1
35.977500000000006,16.8,4.097e-08,metal1,metal1
35.925,47.6,5.869e-13,metal1,metal1
35.925,140.0,1.414e-09,metal1,metal1
36.30625,30.8,1.33e-06,metal1,metal1
35.9675,2.8,7.947e-14,metal1,metal1
35.935,114.715,1.771e-08,metal1,metal1
35.945,81.285,7.305e-10,metal1,metal1
36.0075,126.0,2.773e-06,metal1,metal1
35.980000000000004,5.6,3.128e-06,metal1,metal1
35.980000000000004,22.4,1.158e-06,metal1,metal1
35.985,81.37,1.942e-09,metal1,metal1
36.3575,47.6,1.112e-14,metal1,metal1
35.9675,106.3725,5.659e-11,metal1,metal1
35.995000000000005,109.2,7.565e-08,metal1,metal1
36.144999999999996,140.0,7.186e-08,metal1,metal1
36.0,56.0,8.095e-08,metal1,metal1
36.0025,114.78375,8.053e-10,metal1,metal1
35.980000000000004,11.26875,1.582e-11,metal1,metal1
36.0025,106.44125,1.928e-11,metal1,metal1
36.015,11.2,1.296e-10,metal1,metal1
36.019999999999996,117.6,5.279e-06,metal1,metal1
36.48375,5.6,3.128e-06,metal1,metal1
36.2725,22.4,1.158e-06,metal1,metal1
36.0475,81.285,1.942e-09,metal1,metal1
36.0375,106.46875,1.928e-11,metal1,metal1
36.38875,109.2,3.628e-06,metal1,metal1
36.2475,2.8,7.923e-14,metal1,metal1
36.3775,56.0,2.116e-06,metal1,metal1
36.037499999999994,114.86875,8.053e-10,metal1,metal1
36.25,114.8,8.053e-10,metal1,metal1
36.05,11.13125,1.296e-10,metal1,metal1
36.3725,106.4,8.496e-10,metal1,metal1
36.3775,11.2,1.296e-10,metal1,metal1
36.192499999999995,117.6,5.279e-06,metal1,metal1
36.2,81.2,1.942e-09,metal1,metal1
37.4725,126.0,2.773e-06,metal1,metal1
36.114999999999995,64.4,1.076e-09,metal1,metal1
36.1225,16.884999999999998,4.097e-08,metal1,metal1
36.1575,103.6,3.483e-12,metal1,metal1
36.1575,123.2,5.884e-07,metal1,metal1
36.17,67.2,3.359e-09,metal1,metal1
36.17,131.6,3.041e-06,metal1,metal1
36.155,44.715,2.047e-10,metal1,metal1
36.185,53.2,1.028e-07,metal1,metal1
36.162499999999994,64.4,1.076e-09,metal1,metal1
36.185,70.0,4.29e-08,metal1,metal1
36.19,14.0,9.183e-09,metal1,metal1
36.19,16.884999999999998,1.82e-11,metal1,metal1
36.19,44.8,2.938e-06,metal1,metal1
36.2,89.6,1.19e-07,metal1,metal1
36.209999999999994,64.4,6.005e-11,metal1,metal1
36.7375,75.6,2.155e-06,metal1,metal1
36.36,67.2,3.359e-09,metal1,metal1
36.855000000000004,131.6,3.041e-06,metal1,metal1
36.224999999999994,44.885,2.938e-06,metal1,metal1
36.6525,53.2,4.97e-06,metal1,metal1
36.66,70.0,2.058e-06,metal1,metal1
36.2725,14.0,9.183e-09,metal1,metal1
36.3775,16.8,9.119e-14,metal1,metal1
36.5375,103.6,3.485e-12,metal1,metal1
36.3675,123.2,5.884e-07,metal1,metal1
36.379999999999995,44.8,2.938e-06,metal1,metal1
36.4825,89.6,5.825e-09,metal1,metal1
36.595,64.4,6.005e-11,metal1,metal1
36.30500000000001,120.4,1.282e-09,metal1,metal1
36.68625,33.6,1.806e-06,metal1,metal1
36.3475,92.4,1.464e-12,metal1,metal1
36.3275,128.8375,1.539e-06,metal1,metal1
36.3475,134.4,8.83e-15,metal1,metal1
36.3475,137.2,2.211e-09,metal1,metal1
36.3875,14.0,1.82e-08,metal1,metal1
36.36,81.2,4.543e-09,metal1,metal1
36.36,142.8,1.37e-06,metal1,metal1
36.364999999999995,117.6,1.936e-07,metal1,metal1
36.364999999999995,140.0,1.327e-09,metal1,metal1
36.375,61.6,6.673e-08,metal1,metal1
36.375,72.8,8.765e-08,metal1,metal1
36.3425,120.4,1.282e-09,metal1,metal1
36.379999999999995,42.0,3.75e-08,metal1,metal1
36.379999999999995,95.2,1.071e-07,metal1,metal1
36.379999999999995,120.4,8.588e-09,metal1,metal1
36.385000000000005,86.8,5.533e-06,metal1,metal1
36.394999999999996,128.77875,3.121e-10,metal1,metal1
36.55,81.2,4.543e-09,metal1,metal1
36.645,142.8,1.37e-06,metal1,metal1
36.6475,117.6,5.204e-06,metal1,metal1
36.552499999999995,140.0,1.095e-11,metal1,metal1
36.849999999999994,61.6,3.216e-06,metal1,metal1
36.849999999999994,72.8,4.233e-06,metal1,metal1
36.567499999999995,42.0,1.744e-09,metal1,metal1
36.6275,92.4,1.465e-12,metal1,metal1
36.567499999999995,95.2,1.241e-08,metal1,metal1
36.667500000000004,120.4,8.588e-09,metal1,metal1
36.43,128.74125,3.121e-10,metal1,metal1
36.6275,134.4,9.583e-15,metal1,metal1
36.6275,137.2,2.211e-09,metal1,metal1
36.57,86.8,5.533e-06,metal1,metal1
36.59,128.8,3.121e-10,metal1,metal1
36.4925,14.0,1.82e-08,metal1,metal1
36.495000000000005,2.8,8.337e-11,metal1,metal1
36.465,114.70625,8.053e-10,metal1,metal1
36.537499999999994,98.0,2.207e-15,metal1,metal1
36.5,114.74375,4.923e-09,metal1,metal1
36.5775,123.2,8.406e-07,metal1,metal1
36.55,67.2,2.506e-06,metal1,metal1
36.55500000000001,36.4,4.123e-08,metal1,metal1
36.55500000000001,58.8,3.89e-09,metal1,metal1
36.81,2.8,4.236e-09,metal1,metal1
36.565,14.0,2.458e-06,metal1,metal1
36.565,16.8,4.412e-11,metal1,metal1
36.565,22.4,2.35e-08,metal1,metal1
36.565,25.2,2.381e-08,metal1,metal1
36.565,44.8,6.017e-08,metal1,metal1
36.567499999999995,114.8375,4.593e-09,metal1,metal1
36.595,112.0,8.913e-08,metal1,metal1
36.7475,67.2,2.506e-06,metal1,metal1
36.74250000000001,36.4,3.254e-09,metal1,metal1
36.74250000000001,58.8,3.89e-09,metal1,metal1
37.8625,14.0,2.458e-06,metal1,metal1
36.625,16.8,4.412e-11,metal1,metal1
37.04,22.4,1.121e-06,metal1,metal1
37.035,25.2,1.136e-06,metal1,metal1
36.845,44.8,2.899e-06,metal1,metal1
36.817499999999995,98.0,3.272e-15,metal1,metal1
36.9175,114.8,4.593e-09,metal1,metal1
36.8775,112.0,4.955e-09,metal1,metal1
36.7475,123.2,8.406e-07,metal1,metal1
36.68,16.89375,7.763e-12,metal1,metal1
37.06999999999999,28.0,1.61e-06,metal1,metal1
36.7675,11.2,1.186e-06,metal1,metal1
36.712500000000006,106.485,8.496e-10,metal1,metal1
36.739999999999995,81.2,3.392e-06,metal1,metal1
36.730000000000004,140.08499999999998,8.817e-09,metal1,metal1
36.715,16.791249999999998,7.762e-12,metal1,metal1
36.75,16.697499999999998,6.305e-11,metal1,metal1
36.754999999999995,30.8,2.702e-08,metal1,metal1
36.754999999999995,42.0,2.345e-06,metal1,metal1
36.754999999999995,56.0,4.328e-08,metal1,metal1
36.754999999999995,86.8,1.133e-07,metal1,metal1
36.754999999999995,95.2,6.746e-06,metal1,metal1
36.760000000000005,106.57,2.2e-09,metal1,metal1
36.765,89.6,6.338e-06,metal1,metal1
36.769999999999996,128.8,3.005e-07,metal1,metal1
37.10625,109.2,3.628e-06,metal1,metal1
36.785,8.4,4.652e-07,metal1,metal1
37.307500000000005,19.6,1.808e-06,metal1,metal1
36.790000000000006,47.6,2.034e-11,metal1,metal1
36.765,140.02625,8.817e-09,metal1,metal1
36.9375,81.2,3.392e-06,metal1,metal1
36.8,139.94125,1.554e-11,metal1,metal1
36.932500000000005,16.8,6.305e-11,metal1,metal1
37.04,30.8,1.291e-06,metal1,metal1
36.845,42.0,2.345e-06,metal1,metal1
37.48125,56.0,2.082e-06,metal1,metal1
36.9475,86.8,5.453e-06,metal1,metal1
36.9475,95.2,6.746e-06,metal1,metal1
36.815,106.485,2.2e-09,metal1,metal1
36.8575,89.6,6.338e-06,metal1,metal1
36.9225,128.8,3.005e-07,metal1,metal1
36.870000000000005,8.4,4.652e-07,metal1,metal1
36.962500000000006,47.6,2.034e-11,metal1,metal1
36.9575,140.0,1.554e-11,metal1,metal1
37.56375,11.2,1.186e-06,metal1,metal1
36.9675,106.4,7.368e-10,metal1,metal1
36.875,92.4,1.54e-09,metal1,metal1
36.875,134.4,1.242e-12,metal1,metal1
36.875,137.2,2.625e-10,metal1,metal1
36.917500000000004,103.6,4.415e-15,metal1,metal1
36.917500000000004,123.2,3.322e-09,metal1,metal1
36.93000000000001,36.4,2.184e-06,metal1,metal1
36.93000000000001,58.8,3.726e-09,metal1,metal1
36.93000000000001,117.6,1.097e-07,metal1,metal1
36.93000000000001,142.8,1.296e-06,metal1,metal1
36.935,42.0,3.19e-09,metal1,metal1
36.94499999999999,50.4,1.708e-08,metal1,metal1
36.94499999999999,67.2,5.128e-08,metal1,metal1
36.94499999999999,78.4,8.38e-08,metal1,metal1
36.94499999999999,92.4,8.056e-10,metal1,metal1
37.285,134.4,6.327e-11,metal1,metal1
36.974999999999994,137.2,1.555e-08,metal1,metal1
36.95,89.6,1.172e-07,metal1,metal1
36.955,8.4,2.117e-06,metal1,metal1
36.955,120.4,2.648e-08,metal1,metal1
36.980000000000004,64.4,1.64e-08,metal1,metal1
37.42125,5.6,3.128e-06,metal1,metal1
37.66375,36.4,2.184e-06,metal1,metal1
37.120000000000005,58.8,3.726e-09,metal1,metal1
37.61750000000001,100.8,8.555e-06,metal1,metal1
37.120000000000005,117.6,4.498e-09,metal1,metal1
40.900000000000006,142.8,1.296e-06,metal1,metal1
37.1225,42.0,3.19e-09,metal1,metal1
37.04,50.4,1.708e-08,metal1,metal1
37.4375,67.2,2.468e-06,metal1,metal1
37.614999999999995,78.4,4.047e-06,metal1,metal1
37.3425,92.4,9.426e-11,metal1,metal1
37.1375,89.6,9.418e-09,metal1,metal1
37.1975,103.6,3.506e-15,metal1,metal1
37.035,123.2,3.322e-09,metal1,metal1
37.1525,8.4,1.619e-09,metal1,metal1
37.0625,120.4,2.648e-08,metal1,metal1
37.0525,64.4,1.64e-08,metal1,metal1
37.065,98.0,1.82e-14,metal1,metal1
37.1075,128.8,2.364e-07,metal1,metal1
37.1075,137.2,2.051e-12,metal1,metal1
37.120000000000005,16.8,5.142e-12,metal1,metal1
37.120000000000005,39.2,1.323e-06,metal1,metal1
37.0925,53.2875,2.211e-09,metal1,metal1
37.120000000000005,123.2,4.69e-11,metal1,metal1
37.125,2.8,1.271e-08,metal1,metal1
37.125,44.8,1.054e-07,metal1,metal1
37.125,64.4,1.015e-08,metal1,metal1
37.102500000000006,140.08499999999998,1.554e-11,metal1,metal1
37.135000000000005,33.6,1.077e-08,metal1,metal1
37.1075,47.572500000000005,2.034e-11,metal1,metal1
37.135000000000005,50.4,6.282e-08,metal1,metal1
37.1275,53.260000000000005,3.228e-09,metal1,metal1
37.135000000000005,70.0,4.159e-08,metal1,metal1
37.135000000000005,81.2,6.957e-08,metal1,metal1
37.4975,98.0,7.546e-13,metal1,metal1
37.1075,106.315,7.368e-10,metal1,metal1
37.14,86.8,1.008e-07,metal1,metal1
37.14,95.2,6.67e-06,metal1,metal1
37.144999999999996,84.0,6.866e-09,metal1,metal1
37.1425,47.64125,9.117e-12,metal1,metal1
37.1425,106.4,5.425e-10,metal1,metal1
37.1375,140.01625,1.538e-11,metal1,metal1
37.16,112.0,5.403e-06,metal1,metal1
37.17,120.4,1.859e-08,metal1,metal1
37.335,16.8,3.092e-10,metal1,metal1
37.5,39.2,1.323e-06,metal1,metal1
37.1625,53.1725,3.228e-09,metal1,metal1
37.2825,123.2,4.244e-10,metal1,metal1
37.2425,2.8,1.271e-08,metal1,metal1
37.315,44.8,2.81e-06,metal1,metal1
37.2325,64.4,1.015e-08,metal1,metal1
37.1725,139.93125,1.538e-11,metal1,metal1
37.2225,33.6,1.077e-08,metal1,metal1
37.1775,47.66875,9.117e-12,metal1,metal1
37.61,50.4,3.014e-06,metal1,metal1
37.42,53.2,4.799e-06,metal1,metal1
37.72,70.0,1.976e-06,metal1,metal1
37.697500000000005,81.2,3.356e-06,metal1,metal1
37.1775,106.485,5.425e-10,metal1,metal1
37.3275,86.8,8.1e-09,metal1,metal1
37.415,95.2,6.67e-06,metal1,metal1
37.317499999999995,128.8,2.364e-07,metal1,metal1
37.3875,137.2,2.051e-12,metal1,metal1
37.394999999999996,84.0,6.866e-09,metal1,metal1
37.5125,47.6,1.686e-09,metal1,metal1
37.432500000000005,106.4,3.181e-09,metal1,metal1
37.325,140.0,8.975e-12,metal1,metal1
37.5325,112.0,5.403e-06,metal1,metal1
37.3125,120.4,1.859e-08,metal1,metal1
37.2775,114.88499999999999,2.401e-08,metal1,metal1
37.31,33.6,1.666e-06,metal1,metal1
37.31,42.0,2.987e-09,metal1,metal1
37.31,58.8,2.78e-06,metal1,metal1
37.31,117.6,3.016e-06,metal1,metal1
37.325,30.8,2.62e-08,metal1,metal1
37.325,61.6,6.595e-08,metal1,metal1
37.325,72.8,8.646e-08,metal1,metal1
37.325,75.6,4.397e-08,metal1,metal1
37.325,89.6,6.322e-06,metal1,metal1
37.34,64.4,1.467e-08,metal1,metal1
37.349999999999994,8.4,9.372e-07,metal1,metal1
37.36,2.8,2.363e-08,metal1,metal1
37.345,114.82625,1.91e-11,metal1,metal1
37.9,33.6,1.666e-06,metal1,metal1
37.5,42.0,2.987e-09,metal1,metal1
37.412499999999994,58.8,2.78e-06,metal1,metal1
37.605000000000004,117.6,3.016e-06,metal1,metal1
37.894999999999996,30.8,1.25e-06,metal1,metal1
37.91,61.6,3.181e-06,metal1,metal1
37.7,72.8,4.154e-06,metal1,metal1
37.8,75.6,2.111e-06,metal1,metal1
37.5175,89.6,6.322e-06,metal1,metal1
37.38,114.74125000000001,1.91e-11,metal1,metal1
37.42,64.4,1.467e-08,metal1,metal1
37.4025,8.4,9.372e-07,metal1,metal1
37.43000000000001,2.8,2.363e-08,metal1,metal1
37.540000000000006,114.8,1.91e-11,metal1,metal1
37.44499999999999,103.6,0.0,metal1,metal1
37.4375,123.10625,1.205e-11,metal1,metal1
37.4875,8.4,3.734e-10,metal1,metal1
37.457499999999996,120.4375,2.677e-08,metal1,metal1
37.5275,128.8,1.551e-06,metal1,metal1
37.5,2.8,1.361e-08,metal1,metal1
37.5,64.4,1.565e-11,metal1,metal1
37.5,109.2,3.601e-06,metal1,metal1
37.4725,123.185,1.205e-11,metal1,metal1
37.5,140.0,5.62e-09,metal1,metal1
37.474999999999994,25.285,1.136e-06,metal1,metal1
37.504999999999995,44.8,1.592e-08,metal1,metal1
37.515,22.4,2.269e-08,metal1,metal1
37.51,25.2575,3.041e-10,metal1,metal1
37.515,28.0,3.281e-08,metal1,metal1
37.515,58.8,5.693e-08,metal1,metal1
37.515,86.8,5.437e-06,metal1,metal1
37.8775,103.6,8.746e-16,metal1,metal1
37.50749999999999,123.27875,4.424e-11,metal1,metal1
37.525,120.36875,5.331e-10,metal1,metal1
37.540000000000006,131.6,2.923e-06,metal1,metal1
37.55,16.8,4.505e-10,metal1,metal1
37.61,2.8,1.361e-08,metal1,metal1
37.69,64.4,1.564e-11,metal1,metal1
38.61125,109.2,3.601e-06,metal1,metal1
37.905,123.2,4.424e-11,metal1,metal1
37.6875,140.0,5.62e-09,metal1,metal1
37.545,25.1725,3.041e-10,metal1,metal1
37.605000000000004,44.8,1.592e-08,metal1,metal1
37.9825,22.4,1.079e-06,metal1,metal1
38.3875,25.2,1.003e-06,metal1,metal1
38.385,28.0,1.572e-06,metal1,metal1
37.89,58.8,2.742e-06,metal1,metal1
37.957499999999996,86.8,5.437e-06,metal1,metal1
37.8675,8.4,3.734e-10,metal1,metal1
37.56,120.33125000000001,5.331e-10,metal1,metal1
37.8725,120.4,5.331e-10,metal1,metal1
38.7825,131.6,2.923e-06,metal1,metal1
37.730000000000004,16.8,4.505e-10,metal1,metal1
37.5975,128.8,1.551e-06,metal1,metal1
37.635000000000005,128.8,3.053e-08,metal1,metal1
37.635000000000005,137.2,1.771e-08,metal1,metal1
37.677499999999995,84.0,4.403e-12,metal1,metal1
37.69,42.0,2.228e-06,metal1,metal1
37.69,95.2,2.231e-08,metal1,metal1
37.6825,134.485,1.827e-11,metal1,metal1
37.705,44.8,2.762e-08,metal1,metal1
37.705,53.2,2.789e-08,metal1,metal1
38.0675,128.8,1.716e-11,metal1,metal1
37.6875,137.2,1.771e-08,metal1,metal1
37.709999999999994,89.6,6.244e-06,metal1,metal1
37.715,106.4,3.525e-06,metal1,metal1
37.72,2.8,8.588e-08,metal1,metal1
37.72,114.8,1.17e-07,metal1,metal1
37.739999999999995,92.4,3.723e-10,metal1,metal1
37.7175,134.42624999999998,1.827e-11,metal1,metal1
37.739999999999995,137.2,3.184e-09,metal1,metal1
37.8875,42.0,2.228e-06,metal1,metal1
37.795,95.2,2.231e-08,metal1,metal1
37.7525,134.34125,3.369e-11,metal1,metal1
37.792500000000004,44.8,1.138e-08,metal1,metal1
37.795,53.2,2.789e-08,metal1,metal1
38.0575,84.0,4.403e-12,metal1,metal1
38.0,89.6,6.244e-06,metal1,metal1
38.301249999999996,106.4,3.525e-06,metal1,metal1
38.082499999999996,2.8,3.993e-09,metal1,metal1
37.7725,114.8,1.17e-07,metal1,metal1
37.92,92.4,3.723e-10,metal1,metal1
37.92,134.4,3.369e-11,metal1,metal1
37.92,137.2,3.184e-09,metal1,metal1
37.825,114.8,2.042e-09,metal1,metal1
37.9075,47.6,2.557e-06,metal1,metal1
37.9075,140.0,4.28e-06,metal1,metal1
37.879999999999995,39.2,5.395e-08,metal1,metal1
37.879999999999995,44.8,2.725e-06,metal1,metal1
37.879999999999995,64.4,2.992e-09,metal1,metal1
37.885000000000005,53.2,6.482e-09,metal1,metal1
37.894999999999996,19.6,3.687e-08,metal1,metal1
38.135,114.8,1.326e-08,metal1,metal1
37.900000000000006,95.2,1.192e-08,metal1,metal1
37.900000000000006,117.6,2.938e-06,metal1,metal1
37.905,112.0,5.282e-09,metal1,metal1
37.91,16.8,3.229e-07,metal1,metal1
37.925,5.6,5.067e-08,metal1,metal1
38.352500000000006,67.2,2.468e-06,metal1,metal1
37.93000000000001,98.0,1.342e-09,metal1,metal1
38.457499999999996,39.2,1.258e-06,metal1,metal1
38.085,44.8,2.725e-06,metal1,metal1
37.9725,64.4,2.992e-09,metal1,metal1
38.072500000000005,53.2,6.482e-09,metal1,metal1
38.370000000000005,19.6,1.769e-06,metal1,metal1
37.985,95.2,1.192e-08,metal1,metal1
38.102500000000006,117.6,2.938e-06,metal1,metal1
38.155,112.0,5.282e-09,metal1,metal1
38.182500000000005,16.8,3.229e-07,metal1,metal1
38.207499999999996,5.6,2.775e-09,metal1,metal1
38.11,98.0,1.342e-09,metal1,metal1
38.6725,47.6,2.557e-06,metal1,metal1
39.1775,140.0,4.28e-06,metal1,metal1
38.0975,64.4,2.938e-06,metal1,metal1
38.06999999999999,95.2,6.572e-06,metal1,metal1
38.075,72.8,5.652e-09,metal1,metal1
38.084999999999994,42.0,4.551e-08,metal1,metal1
38.084999999999994,50.4,6.168e-08,metal1,metal1
38.099999999999994,92.4,2.667e-07,metal1,metal1
38.099999999999994,134.4,4.457e-09,metal1,metal1
38.099999999999994,137.2,5.686e-09,metal1,metal1
38.3625,95.2,6.572e-06,metal1,metal1
38.2625,72.8,5.652e-09,metal1,metal1
38.575,42.0,2.186e-06,metal1,metal1
38.459999999999994,50.4,2.969e-06,metal1,metal1
38.19,92.4,2.667e-07,metal1,metal1
38.4625,134.4,4.457e-09,metal1,metal1
38.3,137.2,5.686e-09,metal1,metal1
38.595,64.4,3.035e-09,metal1,metal1
38.863749999999996,56.0,2.082e-06,metal1,metal1
38.2125,8.315000000000001,3.734e-10,metal1,metal1
38.2,120.485,5.331e-10,metal1,metal1
38.2675,120.4,1.457e-09,metal1,metal1
38.260000000000005,53.2,6.176e-09,metal1,metal1
38.2325,81.2875,1.48e-09,metal1,metal1
38.265,58.8,3.731e-09,metal1,metal1
38.275000000000006,75.6,4.314e-08,metal1,metal1
38.2675,81.25999999999999,2.137e-09,metal1,metal1
38.28,8.315000000000001,1.743e-11,metal1,metal1
38.28,92.4,1.91e-07,metal1,metal1
38.285,78.4,5.601e-09,metal1,metal1
38.290000000000006,44.8,5.036e-08,metal1,metal1
38.290000000000006,89.6,1.154e-07,metal1,metal1
38.290000000000006,98.0,9.611e-07,metal1,metal1
38.82,70.0,1.976e-06,metal1,metal1
38.30500000000001,100.8,1.386e-07,metal1,metal1
38.30500000000001,117.6,4.756e-08,metal1,metal1
38.31,103.6,1.947e-12,metal1,metal1
38.31,123.2,4.023e-12,metal1,metal1
39.021249999999995,11.2,1.186e-06,metal1,metal1
38.45,53.2,6.176e-09,metal1,metal1
38.3025,81.1725,2.137e-09,metal1,metal1
38.4525,58.8,3.731e-09,metal1,metal1
38.72,75.6,2.074e-06,metal1,metal1
38.650000000000006,81.2,3.172e-06,metal1,metal1
38.4675,8.4,2.553e-13,metal1,metal1
38.474999999999994,92.4,1.91e-07,metal1,metal1
38.334999999999994,120.315,1.457e-09,metal1,metal1
38.47,78.4,5.601e-09,metal1,metal1
38.572500000000005,44.8,2.437e-09,metal1,metal1
38.572500000000005,89.6,5.657e-09,metal1,metal1
38.480000000000004,98.0,9.611e-07,metal1,metal1
38.587500000000006,100.8,7.748e-09,metal1,metal1
38.5775,117.6,6.595e-10,metal1,metal1
38.489999999999995,103.6,1.949e-12,metal1,metal1
38.489999999999995,123.2,4.024e-12,metal1,metal1
38.5025,120.4,1.457e-09,metal1,metal1
39.06125,36.4,2.184e-06,metal1,metal1
38.7725,86.8,5.437e-06,metal1,metal1
38.4375,84.0,4.415e-15,metal1,metal1
38.4375,112.0,3.386e-12,metal1,metal1
38.4775,2.8,6.169e-07,metal1,metal1
38.4775,114.8,4.697e-08,metal1,metal1
38.4225,22.3125,1.079e-06,metal1,metal1
38.45,72.8,5.444e-09,metal1,metal1
38.455,16.8,1.233e-06,metal1,metal1
38.457499999999996,22.34,6.591e-10,metal1,metal1
38.465,30.8,2.539e-08,metal1,metal1
38.489999999999995,5.6,3.026e-06,metal1,metal1
38.489999999999995,33.6,2.699e-08,metal1,metal1
39.010000000000005,61.6,3.181e-06,metal1,metal1
38.5,128.8,3.114e-12,metal1,metal1
38.5,137.2,9.134e-10,metal1,metal1
38.4925,22.4275,6.591e-10,metal1,metal1
38.64,72.8,5.444e-09,metal1,metal1
38.545,16.8,1.233e-06,metal1,metal1
39.004999999999995,22.4,9.631e-07,metal1,metal1
38.6475,30.8,3.125e-09,metal1,metal1
38.7175,84.0,4.207e-15,metal1,metal1
38.8175,112.0,3.387e-12,metal1,metal1
38.93125,5.6,3.026e-06,metal1,metal1
38.68,33.6,1.904e-09,metal1,metal1
38.68,128.8,3.117e-12,metal1,metal1
38.662499999999994,137.2,9.134e-10,metal1,metal1
39.0525,2.8,6.169e-07,metal1,metal1
38.6,114.8,4.697e-08,metal1,metal1
38.667500000000004,16.8,1.533e-06,metal1,metal1
38.64,53.2,4.607e-06,metal1,metal1
38.64,58.8,3.371e-09,metal1,metal1
38.655,8.4,1.92e-10,metal1,metal1
38.655,78.4,9.532e-11,metal1,metal1
38.655,95.2,1.347e-07,metal1,metal1
38.67,92.4,9.293e-07,metal1,metal1
38.67,98.0,3.897e-09,metal1,metal1
38.67,103.6,1.395e-09,metal1,metal1
38.67,123.2,2.926e-09,metal1,metal1
38.685,120.4,1.63e-09,metal1,metal1
38.69,114.8,1.579e-11,metal1,metal1
38.9325,53.2,4.607e-06,metal1,metal1
38.83,58.8,3.371e-09,metal1,metal1
38.715,8.4,1.92e-10,metal1,metal1
38.72,78.4,9.532e-11,metal1,metal1
39.135,95.2,6.492e-06,metal1,metal1
38.7475,92.4,9.293e-07,metal1,metal1
38.8425,98.0,1.172e-06,metal1,metal1
39.0325,103.6,1.395e-09,metal1,metal1
39.0325,123.2,2.925e-09,metal1,metal1
38.730000000000004,120.4,1.63e-09,metal1,metal1
38.870000000000005,114.8,1.58e-11,metal1,metal1
38.765,16.8,1.533e-06,metal1,metal1
38.775000000000006,8.4,3.721e-12,metal1,metal1
38.775000000000006,120.4,1.726e-09,metal1,metal1
38.817499999999995,78.4,3.21e-11,metal1,metal1
38.8575,92.4,2.226e-06,metal1,metal1
38.8575,134.4,6.852e-06,metal1,metal1
38.807500000000005,137.115,9.134e-10,metal1,metal1
38.83,16.8,9.341e-08,metal1,metal1
38.83,30.8,8.542e-07,metal1,metal1
38.83,72.8,4.062e-06,metal1,metal1
38.834999999999994,50.4,4.035e-09,metal1,metal1
39.1925,8.4,2.229e-12,metal1,metal1
38.845,19.6,3.608e-08,metal1,metal1
38.845,67.2,5.053e-08,metal1,metal1
39.0125,120.4,9.818e-11,metal1,metal1
38.825,117.6875,6.595e-10,metal1,metal1
38.855000000000004,44.8,2.651e-06,metal1,metal1
38.855000000000004,89.6,6.155e-06,metal1,metal1
38.86,128.8,2.214e-09,metal1,metal1
38.86,137.03,2.364e-09,metal1,metal1
38.870000000000005,33.6,1.296e-06,metal1,metal1
38.870000000000005,100.8,8.45e-06,metal1,metal1
38.86,117.61875,2.778e-06,metal1,metal1
39.40375,106.4,3.525e-06,metal1,metal1
39.42375,16.8,2.938e-06,metal1,metal1
39.0225,30.8,8.542e-07,metal1,metal1
39.0275,72.8,4.062e-06,metal1,metal1
39.022499999999994,50.4,4.035e-09,metal1,metal1
40.2675,126.0,2.773e-06,metal1,metal1
39.32,19.6,1.731e-06,metal1,metal1
39.2175,67.2,3.114e-09,metal1,metal1
39.1275,78.4,3.21e-11,metal1,metal1
38.894999999999996,117.53125,2.778e-06,metal1,metal1
39.916250000000005,44.8,2.651e-06,metal1,metal1
39.042500000000004,89.6,6.155e-06,metal1,metal1
39.2225,128.8,2.214e-09,metal1,metal1
38.91,137.115,2.364e-09,metal1,metal1
39.0475,33.6,1.296e-06,metal1,metal1
39.042500000000004,100.8,8.45e-06,metal1,metal1
39.24,117.6,2.778e-06,metal1,metal1
39.0625,92.4,8.901e-09,metal1,metal1
39.1575,134.4,6.852e-06,metal1,metal1
39.2375,137.2,2.364e-09,metal1,metal1
38.965,84.0,9.099e-15,metal1,metal1
39.0475,98.0,2.491e-06,metal1,metal1
39.019999999999996,58.8,2.515e-06,metal1,metal1
39.025000000000006,81.2,9.64e-09,metal1,metal1
39.035,39.2,2.557e-08,metal1,metal1
39.3975,84.0,4.813e-13,metal1,metal1
39.019999999999996,114.86875,1.58e-11,metal1,metal1
39.06,64.4,2.904e-06,metal1,metal1
39.055,114.8,6.729e-12,metal1,metal1
39.485,42.0,2.186e-06,metal1,metal1
39.2175,58.8,2.515e-06,metal1,metal1
39.125,81.2,9.64e-09,metal1,metal1
39.415,39.2,1.222e-06,metal1,metal1
39.09,114.73124999999999,6.729e-12,metal1,metal1
39.3275,64.4,2.904e-06,metal1,metal1
39.25,114.8,1.669e-11,metal1,metal1
39.1575,98.0,2.491e-06,metal1,metal1
40.3875,14.0,2.458e-06,metal1,metal1
39.540000000000006,75.6,2.074e-06,metal1,metal1
39.197500000000005,112.0,4.415e-15,metal1,metal1
39.209999999999994,50.4,2.108e-10,metal1,metal1
39.215,30.8,1.624e-07,metal1,metal1
39.215,86.8,2.005e-07,metal1,metal1
39.215,100.8,1.149e-08,metal1,metal1
39.224999999999994,33.6,2.636e-08,metal1,metal1
39.224999999999994,53.2,9.457e-08,metal1,metal1
39.224999999999994,72.8,8.335e-08,metal1,metal1
39.224999999999994,81.2,1.933e-10,metal1,metal1
39.230000000000004,89.6,1.138e-07,metal1,metal1
39.235,92.4,3.263e-06,metal1,metal1
39.235,98.0,4.541e-06,metal1,metal1
39.25,120.4,2.274e-10,metal1,metal1
40.055,28.0,1.572e-06,metal1,metal1
40.0625,25.2,1.003e-06,metal1,metal1
39.4,50.4,2.108e-10,metal1,metal1
39.31,30.8,1.624e-07,metal1,metal1
39.80625,86.8,5.424e-06,metal1,metal1
39.4025,100.8,1.149e-08,metal1,metal1
39.415,33.6,1.26e-06,metal1,metal1
39.7,53.2,4.566e-06,metal1,metal1
39.7,72.8,4.023e-06,metal1,metal1
39.3125,81.2,1.933e-10,metal1,metal1
39.417500000000004,89.6,9.145e-09,metal1,metal1
39.4775,112.0,3.038e-15,metal1,metal1
39.4125,92.4,3.263e-06,metal1,metal1
39.32,98.0,4.541e-06,metal1,metal1
39.44499999999999,120.4,2.274e-10,metal1,metal1
39.74375,5.6,3.026e-06,metal1,metal1
39.3775,103.515,1.395e-09,metal1,metal1
39.427499999999995,123.2,4.464e-06,metal1,metal1
39.400000000000006,81.2,3.986e-09,metal1,metal1
39.405,30.8,1.65e-07,metal1,metal1
39.405,47.6,9.335e-08,metal1,metal1
39.405,70.0,2.692e-09,metal1,metal1
39.405,78.4,3.216e-10,metal1,metal1
39.405,98.0,8.397e-08,metal1,metal1
39.415000000000006,58.8,5.147e-08,metal1,metal1
39.425,134.4,6.698e-09,metal1,metal1
39.43000000000001,103.43,2.158e-09,metal1,metal1
39.44,114.8,1.159e-08,metal1,metal1
39.59,81.2,3.986e-09,metal1,metal1
39.4975,30.8,1.65e-07,metal1,metal1
39.6075,47.6,2.499e-06,metal1,metal1
39.5925,70.0,2.692e-09,metal1,metal1
39.474999999999994,78.4,3.216e-10,metal1,metal1
39.5925,98.0,6.73e-09,metal1,metal1
39.89,58.8,2.478e-06,metal1,metal1
39.675,134.4,6.698e-09,metal1,metal1
39.480000000000004,103.515,2.158e-09,metal1,metal1
39.6075,114.8,1.159e-08,metal1,metal1
39.629999999999995,103.6,1.512e-08,metal1,metal1
39.724999999999994,123.2,4.464e-06,metal1,metal1
40.015,22.4,9.631e-07,metal1,metal1
39.5775,78.4,2.071e-10,metal1,metal1
39.6175,128.8,3.379e-06,metal1,metal1
39.6175,137.2,6.202e-06,metal1,metal1
39.59,30.8,1.593e-07,metal1,metal1
39.557500000000005,50.485,2.108e-10,metal1,metal1
39.59,56.0,8.533e-08,metal1,metal1
39.59,67.2,2.271e-06,metal1,metal1
39.59,92.4,5.343e-08,metal1,metal1
39.59,100.8,1.024e-08,metal1,metal1
39.595,2.8,8.447e-10,metal1,metal1
39.5925,50.4,2.06e-10,metal1,metal1
39.595,61.6,4.335e-09,metal1,metal1
39.595,64.4,3.946e-09,metal1,metal1
39.605000000000004,33.6,2.512e-08,metal1,metal1
39.605000000000004,89.6,6.139e-06,metal1,metal1
39.59,8.485,2.229e-12,metal1,metal1
39.61,117.6,2.712e-06,metal1,metal1
39.614999999999995,95.2,1.599e-08,metal1,metal1
39.625,8.42625,2.041e-12,metal1,metal1
39.64,120.4,3.77e-12,metal1,metal1
39.685,30.8,1.593e-07,metal1,metal1
39.6275,50.315,2.06e-10,metal1,metal1
40.167500000000004,56.0,2.002e-06,metal1,metal1
39.692499999999995,67.2,2.271e-06,metal1,metal1
39.97,92.4,2.053e-09,metal1,metal1
39.78,100.8,1.024e-08,metal1,metal1
39.7825,2.8,8.447e-10,metal1,metal1
39.7825,50.4,2.06e-10,metal1,metal1
39.7825,61.6,4.335e-09,metal1,metal1
39.7825,64.4,3.946e-09,metal1,metal1
39.89,33.6,1.176e-06,metal1,metal1
39.8,89.6,6.139e-06,metal1,metal1
39.66,8.34125,2.041e-12,metal1,metal1
39.695,78.4,2.071e-10,metal1,metal1
39.8125,117.6,2.712e-06,metal1,metal1
39.807500000000005,95.2,1.599e-08,metal1,metal1
39.8125,8.4,1.633e-12,metal1,metal1
39.82,120.4,3.769e-12,metal1,metal1
40.56,128.8,3.379e-06,metal1,metal1
40.0025,137.2,6.202e-06,metal1,metal1
40.76375,109.2,3.601e-06,metal1,metal1
39.724999999999994,112.0,1.365e-14,metal1,metal1
39.807500000000005,114.8,7.589e-06,metal1,metal1
39.78,30.8,1.593e-07,metal1,metal1
39.78,70.0,5.447e-09,metal1,metal1
39.78,78.4,1.086e-10,metal1,metal1
39.78,81.2,3.052e-06,metal1,metal1
39.78,98.0,4.518e-06,metal1,metal1
39.785,11.2,1.655e-09,metal1,metal1
39.7625,19.6275,1.731e-06,metal1,metal1
39.795,36.4,4.465e-08,metal1,metal1
39.795,39.2,2.481e-08,metal1,metal1
39.795,67.2,4.642e-08,metal1,metal1
40.1575,112.0,7.447e-13,metal1,metal1
39.7975,19.5425,1.131e-10,metal1,metal1
39.8,103.6,1.367e-08,metal1,metal1
39.81,47.6,4.619e-08,metal1,metal1
39.83,84.0,8.564e-10,metal1,metal1
39.875,30.8,1.593e-07,metal1,metal1
39.8825,70.0,5.447e-09,metal1,metal1
39.942499999999995,78.4,1.086e-10,metal1,metal1
39.8775,81.2,3.052e-06,metal1,metal1
39.9775,98.0,4.518e-06,metal1,metal1
39.9725,11.2,1.655e-09,metal1,metal1
39.832499999999996,19.515,1.131e-10,metal1,metal1
39.985,36.4,2.147e-06,metal1,metal1
40.17,39.2,1.185e-06,metal1,metal1
39.985,67.2,2.231e-06,metal1,metal1
40.2725,19.6,1.488e-06,metal1,metal1
39.8975,103.6,1.367e-08,metal1,metal1
40.0925,47.6,2.25e-09,metal1,metal1
39.9075,84.0,8.564e-10,metal1,metal1
40.1025,114.8,7.589e-06,metal1,metal1
39.957499999999996,134.4,4.321e-12,metal1,metal1
39.97,2.8,6.351e-10,metal1,metal1
39.97,30.8,1.622e-07,metal1,metal1
39.97,50.4,3.355e-07,metal1,metal1
39.97,61.6,8.837e-09,metal1,metal1
39.97,64.4,5.645e-10,metal1,metal1
39.97,100.8,7.647e-06,metal1,metal1
39.974999999999994,42.0,2.974e-09,metal1,metal1
39.974999999999994,81.2,4.184e-09,metal1,metal1
39.9575,8.485,1.632e-12,metal1,metal1
39.985,70.0,7.732e-11,metal1,metal1
39.985,75.6,4.24e-08,metal1,metal1
39.985,84.0,2.704e-10,metal1,metal1
39.989999999999995,106.4,3.448e-06,metal1,metal1
39.989999999999995,123.2,8.254e-08,metal1,metal1
39.995000000000005,89.6,6.001e-09,metal1,metal1
39.995000000000005,103.6,3.066e-08,metal1,metal1
39.99250000000001,8.41625,1.159e-09,metal1,metal1
40.0,95.2,3.711e-08,metal1,metal1
40.0,120.4,2.926e-09,metal1,metal1
40.015,117.6,4.394e-08,metal1,metal1
40.541250000000005,16.8,2.938e-06,metal1,metal1
41.197500000000005,131.6,2.923e-06,metal1,metal1
40.065,2.8,6.351e-10,metal1,metal1
40.065,30.8,1.622e-07,metal1,metal1
40.065,50.4,3.355e-07,metal1,metal1
40.072500000000005,61.6,8.837e-09,metal1,metal1
40.16,64.4,5.645e-10,metal1,metal1
40.075,100.8,7.647e-06,metal1,metal1
40.162499999999994,42.0,2.974e-09,metal1,metal1
40.162499999999994,81.2,4.184e-09,metal1,metal1
40.0275,8.33125,1.159e-09,metal1,metal1
40.072500000000005,70.0,7.732e-11,metal1,metal1
40.525000000000006,75.6,2.039e-06,metal1,metal1
40.087500000000006,84.0,2.704e-10,metal1,metal1
40.2725,106.4,3.448e-06,metal1,metal1
40.177499999999995,123.2,6.374e-09,metal1,metal1
40.3375,134.4,4.321e-12,metal1,metal1
40.245000000000005,89.6,6.001e-09,metal1,metal1
40.085,103.6,3.066e-08,metal1,metal1
40.09,8.4,1.159e-09,metal1,metal1
40.0575,95.2,3.711e-08,metal1,metal1
40.3625,120.4,2.926e-09,metal1,metal1
40.2975,117.6,2.404e-09,metal1,metal1
40.0975,78.49375,3.527e-12,metal1,metal1
40.1475,95.2,3.547e-08,metal1,metal1
40.16,2.8,1.885e-08,metal1,metal1
40.16,11.2,2.163e-08,metal1,metal1
40.16,30.8,7.679e-07,metal1,metal1
40.16,50.4,3.357e-07,metal1,metal1
40.16,70.0,1.874e-06,metal1,metal1
40.1325,78.40875,3.527e-12,metal1,metal1
40.175,33.6,6.742e-09,metal1,metal1
40.175,36.4,4.385e-08,metal1,metal1
40.175,53.2,9.372e-08,metal1,metal1
40.175,61.6,5.275e-11,metal1,metal1
40.175,67.2,4.565e-08,metal1,metal1
40.175,72.8,8.258e-08,metal1,metal1
40.167500000000004,78.315,5.293e-09,metal1,metal1
40.175,98.0,2.376e-08,metal1,metal1
40.175,103.6,4.606e-06,metal1,metal1
40.18000000000001,8.4,2.1e-11,metal1,metal1
40.18000000000001,100.8,7.636e-06,metal1,metal1
40.185,5.6,2.958e-09,metal1,metal1
40.19,84.0,3.852e-09,metal1,metal1
40.455,2.8,7.823e-07,metal1,metal1
40.5625,11.2,1.034e-06,metal1,metal1
40.4525,30.8,7.679e-07,metal1,metal1
40.254999999999995,50.4,3.357e-07,metal1,metal1
40.3575,70.0,1.874e-06,metal1,metal1
40.2575,78.4,5.293e-09,metal1,metal1
40.265,33.6,6.742e-09,metal1,metal1
40.46,36.4,2.107e-06,metal1,metal1
40.650000000000006,53.2,4.526e-06,metal1,metal1
40.2625,61.6,5.274e-11,metal1,metal1
40.8475,67.2,2.197e-06,metal1,metal1
40.650000000000006,72.8,3.987e-06,metal1,metal1
40.2725,98.0,2.376e-08,metal1,metal1
40.74,103.6,4.606e-06,metal1,metal1
40.36750000000001,8.4,2.217e-11,metal1,metal1
40.3725,95.2,3.634e-11,metal1,metal1
40.265,100.8,7.636e-06,metal1,metal1
40.435,5.6,2.958e-09,metal1,metal1
40.5525,84.0,3.852e-09,metal1,metal1
40.349999999999994,42.0,2.865e-09,metal1,metal1
40.349999999999994,50.4,2.047e-06,metal1,metal1
40.349999999999994,61.6,3.088e-06,metal1,metal1
40.3225,64.315,5.645e-10,metal1,metal1
40.334999999999994,81.0975,9.2e-10,metal1,metal1
40.349999999999994,92.4,3.117e-06,metal1,metal1
40.349999999999994,100.8,1.61e-07,metal1,metal1
40.355000000000004,33.6,4.065e-08,metal1,metal1
40.355000000000004,78.4,1.691e-11,metal1,metal1
40.355000000000004,137.2,1.147e-07,metal1,metal1
40.364999999999995,58.8,3.525e-08,metal1,metal1
40.3575,64.3425,1.918e-09,metal1,metal1
40.364999999999995,114.8,1.556e-07,metal1,metal1
40.364999999999995,123.2,4.276e-06,metal1,metal1
40.370000000000005,98.0,4.349e-06,metal1,metal1
40.375,47.6,2.447e-06,metal1,metal1
40.37,81.16625,9.2e-10,metal1,metal1
40.91875,86.8,5.424e-06,metal1,metal1
41.582499999999996,140.0,4.28e-06,metal1,metal1
40.54,42.0,2.865e-09,metal1,metal1
40.5475,50.4,2.663e-06,metal1,metal1
40.6425,61.6,3.088e-06,metal1,metal1
40.3925,64.42750000000001,1.918e-09,metal1,metal1
40.405,81.26875000000001,2.207e-09,metal1,metal1
41.3225,92.4,3.117e-06,metal1,metal1
40.54,100.8,4.706e-09,metal1,metal1
40.7525,33.6,1.066e-06,metal1,metal1
40.542500000000004,78.4,1.692e-11,metal1,metal1
40.542500000000004,137.2,9.134e-09,metal1,metal1
40.84,58.8,2.401e-06,metal1,metal1
40.65,64.4,2.808e-06,metal1,metal1
40.7375,114.8,7.5e-06,metal1,metal1
40.7625,123.2,4.276e-06,metal1,metal1
41.04,98.0,4.349e-06,metal1,metal1
40.7625,47.6,2.447e-06,metal1,metal1
40.58,81.2,8.277e-09,metal1,metal1
40.5275,89.6,3.848e-12,metal1,metal1
40.545,39.2,1.612e-09,metal1,metal1
40.55500000000001,8.4,1.518e-08,metal1,metal1
40.55500000000001,22.4,1.947e-08,metal1,metal1
40.55500000000001,70.0,3.826e-08,metal1,metal1
40.55500000000001,106.4,7.03e-08,metal1,metal1
40.565,95.2,9.81e-09,metal1,metal1
40.58,117.6,2.621e-06,metal1,metal1
40.59,112.0,1.325e-09,metal1,metal1
40.7325,39.2,1.612e-09,metal1,metal1
40.64,8.4,1.518e-08,metal1,metal1
40.935,22.4,9.259e-07,metal1,metal1
40.9375,70.0,1.838e-06,metal1,metal1
41.095,106.4,3.37e-06,metal1,metal1
40.9075,89.6,3.849e-12,metal1,metal1
40.72,95.2,9.81e-09,metal1,metal1
41.06375,117.6,2.621e-06,metal1,metal1
40.769999999999996,112.0,1.325e-09,metal1,metal1
40.7175,5.6,1.898e-12,metal1,metal1
40.7175,134.4,3.998e-11,metal1,metal1
40.7575,8.4,2.582e-06,metal1,metal1
40.7575,120.4,4.464e-06,metal1,metal1
40.730000000000004,42.0,2.138e-06,metal1,metal1
40.730000000000004,78.4,1.774e-08,metal1,metal1
40.730000000000004,100.8,3.109e-06,metal1,metal1
40.730000000000004,137.2,6.131e-06,metal1,metal1
40.745000000000005,19.6,3.026e-08,metal1,metal1
40.745000000000005,30.8,1.543e-08,metal1,metal1
40.745000000000005,36.4,4.303e-08,metal1,metal1
40.745000000000005,50.4,5.447e-08,metal1,metal1
40.745000000000005,56.0,4.092e-08,metal1,metal1
40.75,2.8,7.925e-07,metal1,metal1
40.769999999999996,81.2,2.858e-06,metal1,metal1
40.84,42.0,2.138e-06,metal1,metal1
40.85,78.4,1.774e-08,metal1,metal1
41.0175,100.8,3.109e-06,metal1,metal1
41.12875,137.2,6.131e-06,metal1,metal1
41.307500000000005,19.6,1.447e-06,metal1,metal1
41.307500000000005,30.8,7.29e-07,metal1,metal1
41.22,36.4,2.067e-06,metal1,metal1
41.41,50.4,2.621e-06,metal1,metal1
41.6625,56.0,1.967e-06,metal1,metal1
42.662499999999994,2.8,7.925e-07,metal1,metal1
41.0975,5.6,1.897e-12,metal1,metal1
40.9975,134.4,3.998e-11,metal1,metal1
40.947500000000005,81.2,2.858e-06,metal1,metal1
41.70625,8.4,2.582e-06,metal1,metal1
41.34,120.4,4.464e-06,metal1,metal1
40.9075,95.2,9.32e-12,metal1,metal1
40.947500000000005,84.0,5.987e-06,metal1,metal1
40.92,39.2,1.53e-09,metal1,metal1
40.925,28.0,2.139e-09,metal1,metal1
40.935,25.2,2.029e-08,metal1,metal1
40.935,61.6,6.328e-08,metal1,metal1
40.935,64.4,5.73e-08,metal1,metal1
40.95,42.0,3.951e-08,metal1,metal1
40.95,112.0,9.486e-07,metal1,metal1
40.965,11.2,1.675e-08,metal1,metal1
40.97,78.4,3.436e-08,metal1,metal1
41.96875,44.8,2.651e-06,metal1,metal1
41.11,39.2,1.53e-09,metal1,metal1
41.1125,28.0,2.139e-09,metal1,metal1
41.2225,25.2,9.649e-07,metal1,metal1
41.599999999999994,61.6,3.049e-06,metal1,metal1
41.379999999999995,64.4,2.75e-06,metal1,metal1
41.1875,95.2,9.32e-12,metal1,metal1
41.2325,42.0,1.945e-09,metal1,metal1
41.14,112.0,9.486e-07,metal1,metal1
41.2475,11.2,8.524e-10,metal1,metal1
41.040000000000006,78.4,3.436e-08,metal1,metal1
41.1475,84.0,5.987e-06,metal1,metal1
41.535,75.6,2.039e-06,metal1,metal1
41.11,78.4,1.934e-08,metal1,metal1
41.09,114.73124999999999,7.5e-06,metal1,metal1
41.125,53.2,9.295e-08,metal1,metal1
41.125,72.8,8.146e-08,metal1,metal1
41.125,81.2,5.856e-08,metal1,metal1
41.135000000000005,16.8,2.872e-09,metal1,metal1
41.125,114.81625,7.386e-10,metal1,metal1
41.150000000000006,33.6,1.727e-08,metal1,metal1
41.150000000000006,47.6,3.967e-08,metal1,metal1
41.4875,123.2,4.276e-06,metal1,metal1
41.22,78.4,1.934e-08,metal1,metal1
41.16,114.88499999999999,7.386e-10,metal1,metal1
41.522499999999994,53.2,4.491e-06,metal1,metal1
41.50749999999999,72.8,3.914e-06,metal1,metal1
41.41,81.2,2.823e-06,metal1,metal1
41.385000000000005,16.8,2.872e-09,metal1,metal1
41.315,114.8,2.804e-09,metal1,metal1
41.34,33.6,1.12e-09,metal1,metal1
41.34,47.6,3.241e-09,metal1,metal1
41.245000000000005,134.4,4.207e-08,metal1,metal1
41.287499999999994,89.6,4.415e-15,metal1,metal1
41.3,28.0,2.046e-09,metal1,metal1
41.3,39.2,1.141e-06,metal1,metal1
41.30500000000001,100.8,1.137e-07,metal1,metal1
41.30500000000001,103.6,1.696e-07,metal1,metal1
41.315,22.4,1.838e-08,metal1,metal1
41.315,58.8,3.41e-08,metal1,metal1
41.315,84.0,1.231e-07,metal1,metal1
41.285,134.4,4.207e-08,metal1,metal1
41.31999999999999,70.0,3.398e-08,metal1,metal1
41.325,134.4,2.997e-09,metal1,metal1
41.33,78.4,1.7e-07,metal1,metal1
41.33,112.0,3.846e-09,metal1,metal1
41.49,28.0,2.046e-09,metal1,metal1
41.754999999999995,39.2,1.141e-06,metal1,metal1
41.7875,100.8,3.05e-06,metal1,metal1
41.682500000000005,103.6,4.58e-06,metal1,metal1
41.79,22.4,8.566e-07,metal1,metal1
41.79,58.8,2.318e-06,metal1,metal1
41.605000000000004,84.0,5.952e-06,metal1,metal1
41.50749999999999,70.0,2.711e-09,metal1,metal1
41.567499999999995,89.6,3.506e-15,metal1,metal1
41.575,134.4,2.997e-09,metal1,metal1
41.505,78.4,2.541e-10,metal1,metal1
41.5025,112.0,1.157e-06,metal1,metal1
41.435,95.2,1.865e-13,metal1,metal1
41.4775,5.6,0.0,metal1,metal1
42.31,128.8,3.379e-06,metal1,metal1
41.489999999999995,114.8,2.863e-08,metal1,metal1
41.8675,95.2,2.749e-15,metal1,metal1
41.510000000000005,25.2,3.238e-08,metal1,metal1
41.510000000000005,86.8,5.338e-06,metal1,metal1
41.515,42.0,2.117e-06,metal1,metal1
41.519999999999996,67.2,4.058e-08,metal1,metal1
41.85625,137.2,6.131e-06,metal1,metal1
41.53,11.2,9.281e-07,metal1,metal1
41.53,33.6,7.607e-07,metal1,metal1
41.53,47.6,2.212e-06,metal1,metal1
41.96125,117.6,2.621e-06,metal1,metal1
41.5975,114.8,2.863e-08,metal1,metal1
41.7575,5.6,1.402e-15,metal1,metal1
41.697500000000005,25.2,7.889e-07,metal1,metal1
41.792500000000004,86.8,5.338e-06,metal1,metal1
41.9075,42.0,2.117e-06,metal1,metal1
41.7975,67.2,6.979e-10,metal1,metal1
42.39875,11.2,9.281e-07,metal1,metal1
41.6125,33.6,7.607e-07,metal1,metal1
41.614999999999995,47.6,2.212e-06,metal1,metal1
41.667500000000004,16.8,1.898e-12,metal1,metal1
42.105000000000004,106.4,3.37e-06,metal1,metal1
41.707499999999996,112.0,2.458e-06,metal1,metal1
41.68000000000001,28.0,1.527e-06,metal1,metal1
41.68000000000001,78.4,1.042e-08,metal1,metal1
41.685,14.0,3.435e-09,metal1,metal1
41.69499999999999,33.6,1.528e-08,metal1,metal1
41.69499999999999,36.4,1.121e-08,metal1,metal1
41.69499999999999,70.0,1.819e-06,metal1,metal1
41.69499999999999,81.2,5.785e-08,metal1,metal1
41.7,47.6,4.091e-08,metal1,metal1
41.7,126.0,1.689e-08,metal1,metal1
41.705,114.8,7.332e-06,metal1,metal1
41.709999999999994,98.0,8.039e-08,metal1,metal1
41.8775,28.0,1.527e-06,metal1,metal1
41.86750000000001,78.4,1.042e-08,metal1,metal1
41.8725,14.0,3.435e-09,metal1,metal1
42.17,33.6,7.213e-07,metal1,metal1
41.79,36.4,1.121e-08,metal1,metal1
41.885,70.0,1.819e-06,metal1,metal1
41.974999999999994,81.2,2.789e-06,metal1,metal1
42.0475,16.8,1.898e-12,metal1,metal1
41.8875,47.6,3.245e-09,metal1,metal1
41.795,126.0,1.689e-08,metal1,metal1
41.8925,114.8,7.332e-06,metal1,metal1
41.9925,98.0,3.978e-09,metal1,metal1
41.817499999999995,112.0,2.458e-06,metal1,metal1
41.815,89.6,0.0,metal1,metal1
42.2,64.4,2.75e-06,metal1,metal1
41.8575,134.4,1.228e-08,metal1,metal1
41.870000000000005,19.6,1.155e-06,metal1,metal1
41.870000000000005,30.8,4.683e-07,metal1,metal1
41.875,109.2,5.036e-09,metal1,metal1
41.885000000000005,25.2,1.586e-08,metal1,metal1
41.885000000000005,36.4,4.139e-08,metal1,metal1
42.2475,89.6,2.624e-15,metal1,metal1
41.885000000000005,123.2,8.74e-08,metal1,metal1
41.89,72.8,7.238e-08,metal1,metal1
41.89,120.4,8.255e-08,metal1,metal1
41.89,126.0,2.662e-06,metal1,metal1
41.894999999999996,84.0,3.751e-09,metal1,metal1
41.894999999999996,112.0,4.496e-06,metal1,metal1
42.2475,53.2,4.491e-06,metal1,metal1
42.2575,19.6,1.155e-06,metal1,metal1
42.2725,30.8,4.683e-07,metal1,metal1
42.0625,109.2,5.036e-09,metal1,metal1
42.075,25.2,7.498e-07,metal1,metal1
42.65875,36.4,1.989e-06,metal1,metal1
42.17,123.2,4.202e-06,metal1,metal1
42.0775,72.8,5.804e-09,metal1,metal1
42.0775,120.4,6.501e-09,metal1,metal1
42.0725,126.0,2.662e-06,metal1,metal1
42.0,134.4,1.228e-08,metal1,metal1
42.144999999999996,84.0,3.751e-09,metal1,metal1
42.08,112.0,4.496e-06,metal1,metal1
42.004999999999995,5.6,1.365e-14,metal1,metal1
42.087500000000006,78.4,2.86e-06,metal1,metal1
42.06,14.0,4.849e-08,metal1,metal1
42.06,103.6,7.499e-08,metal1,metal1
42.4375,5.6,8.746e-16,metal1,metal1
42.075,28.0,3.109e-08,metal1,metal1
42.075,47.6,9.554e-08,metal1,metal1
42.075,50.4,5.366e-08,metal1,metal1
42.045,67.1725,6.979e-10,metal1,metal1
42.075,70.0,3.714e-08,metal1,metal1
42.075,75.6,4.161e-08,metal1,metal1
42.045,86.8275,5.338e-06,metal1,metal1
42.08,114.8,1.356e-07,metal1,metal1
42.08,67.2575,5.474e-10,metal1,metal1
42.08,86.75874999999999,8.808e-12,metal1,metal1
42.11,134.4,3.543e-11,metal1,metal1
42.735,14.0,2.318e-06,metal1,metal1
42.44,103.6,2.993e-09,metal1,metal1
42.739999999999995,28.0,1.489e-06,metal1,metal1
42.614999999999995,47.6,2.112e-06,metal1,metal1
42.2575,50.4,2.584e-06,metal1,metal1
42.114999999999995,67.285,5.474e-10,metal1,metal1
42.614999999999995,70.0,1.783e-06,metal1,metal1
42.45,75.6,1.998e-06,metal1,metal1
42.114999999999995,86.73124999999999,8.808e-12,metal1,metal1
42.2675,114.8,1.081e-08,metal1,metal1
42.55,67.2,2.141e-06,metal1,metal1
42.334999999999994,86.8,5.435e-09,metal1,metal1
42.290000000000006,134.4,3.543e-11,metal1,metal1
42.192499999999995,78.4,2.86e-06,metal1,metal1
42.595,39.2,1.141e-06,metal1,metal1
42.25,109.2,7.327e-08,metal1,metal1
42.254999999999995,81.2,3.794e-09,metal1,metal1
42.254999999999995,126.0,1.443e-08,metal1,metal1
42.254999999999995,137.2,2.231e-07,metal1,metal1
42.265,22.4,4.888e-09,metal1,metal1
42.265,25.2,1.505e-08,metal1,metal1
42.265,58.8,4.732e-08,metal1,metal1
42.265,61.6,1.647e-08,metal1,metal1
42.265,72.8,3.896e-06,metal1,metal1
42.265,78.4,5.859e-08,metal1,metal1
42.265,112.0,2.371e-08,metal1,metal1
42.265,120.4,1.929e-07,metal1,metal1
42.269999999999996,100.8,5.639e-08,metal1,metal1
42.275000000000006,98.0,4.329e-06,metal1,metal1
43.1975,92.4,3.117e-06,metal1,metal1
42.6225,42.0,2.117e-06,metal1,metal1
42.3,95.2,5.074e-12,metal1,metal1
42.83,109.2,3.502e-06,metal1,metal1
42.442499999999995,81.2,3.794e-09,metal1,metal1
42.3575,126.0,1.443e-08,metal1,metal1
42.537499999999994,137.2,5.952e-06,metal1,metal1
42.355,22.4,4.888e-09,metal1,metal1
43.2325,25.2,7.104e-07,metal1,metal1
42.64,58.8,2.271e-06,metal1,metal1
42.36,61.6,1.647e-08,metal1,metal1
42.455,72.8,3.896e-06,metal1,metal1
42.455,78.4,2.823e-06,metal1,metal1
42.3625,112.0,2.371e-08,metal1,metal1
42.545,120.4,4.298e-06,metal1,metal1
42.457499999999996,100.8,4.519e-09,metal1,metal1
42.36,98.0,4.329e-06,metal1,metal1
42.480000000000004,95.2,5.075e-12,metal1,metal1
42.427499999999995,16.8,8.822e-11,metal1,metal1
42.385,83.9625,3.751e-09,metal1,metal1
42.44,50.4,2.449e-06,metal1,metal1
42.44,131.6,2.852e-06,metal1,metal1
42.44499999999999,22.4,1.433e-09,metal1,metal1
42.44499999999999,83.925,8.644e-12,metal1,metal1
42.44499999999999,98.0,1.596e-07,metal1,metal1
42.44499999999999,117.6,4.847e-08,metal1,metal1
42.455,61.6,6.059e-08,metal1,metal1
42.455,114.8,7.256e-06,metal1,metal1
42.455,123.2,8.595e-08,metal1,metal1
42.459999999999994,112.0,1.623e-07,metal1,metal1
42.459999999999994,126.0,4.604e-08,metal1,metal1
42.47,134.4,3.764e-08,metal1,metal1
42.6325,50.4,2.449e-06,metal1,metal1
43.269999999999996,131.6,2.852e-06,metal1,metal1
42.63249999999999,22.4,1.433e-09,metal1,metal1
42.4875,83.9625,8.646e-12,metal1,metal1
42.92,98.0,4.316e-06,metal1,metal1
42.63249999999999,117.6,3.757e-09,metal1,metal1
42.93,61.6,2.91e-06,metal1,metal1
42.557500000000005,114.8,7.256e-06,metal1,metal1
42.9375,123.2,4.135e-06,metal1,metal1
42.555,16.8,8.822e-11,metal1,metal1
42.64,84.0,8.646e-12,metal1,metal1
42.7575,112.0,4.361e-06,metal1,metal1
42.545,126.0,1.097e-08,metal1,metal1
42.5275,134.4,3.764e-08,metal1,metal1
43.4275,56.0,1.967e-06,metal1,metal1
42.6175,86.8,3.486e-12,metal1,metal1
42.6175,134.4,3.541e-11,metal1,metal1
43.46875,8.4,2.582e-06,metal1,metal1
42.629999999999995,81.2,3.552e-09,metal1,metal1
42.629999999999995,126.0,2.509e-06,metal1,metal1
42.644999999999996,19.6,2.34e-08,metal1,metal1
42.644999999999996,33.6,1.443e-08,metal1,metal1
42.644999999999996,53.2,9.215e-08,metal1,metal1
42.644999999999996,64.4,5.634e-08,metal1,metal1
42.644999999999996,72.8,7.998e-08,metal1,metal1
42.644999999999996,78.4,5.783e-08,metal1,metal1
42.644999999999996,100.8,3.034e-06,metal1,metal1
42.6175,106.3725,3.37e-06,metal1,metal1
42.650000000000006,16.8,4.896e-13,metal1,metal1
42.66,95.2,3.634e-09,metal1,metal1
42.6525,106.4575,2.878e-10,metal1,metal1
42.66,114.8,1.341e-07,metal1,metal1
43.0075,30.8,4.683e-07,metal1,metal1
42.68000000000001,89.6,4.848e-12,metal1,metal1
42.82,81.2,3.552e-09,metal1,metal1
43.1075,126.0,2.509e-06,metal1,metal1
43.120000000000005,19.6,1.115e-06,metal1,metal1
43.21,33.6,6.785e-07,metal1,metal1
43.120000000000005,53.2,4.448e-06,metal1,metal1
43.09125,64.4,2.715e-06,metal1,metal1
42.835,72.8,3.862e-06,metal1,metal1
43.120000000000005,78.4,2.787e-06,metal1,metal1
42.8375,100.8,3.034e-06,metal1,metal1
42.6875,106.485,2.878e-10,metal1,metal1
42.8025,16.8,6.142e-11,metal1,metal1
42.9975,86.8,3.486e-12,metal1,metal1
42.8975,134.4,3.541e-11,metal1,metal1
43.0225,95.2,3.634e-09,metal1,metal1
42.942499999999995,106.4,3.509e-09,metal1,metal1
42.942499999999995,114.8,6.585e-09,metal1,metal1
42.86,89.6,4.851e-12,metal1,metal1
42.81999999999999,22.4,2.355e-07,metal1,metal1
42.81999999999999,84.0,9.86e-12,metal1,metal1
42.81999999999999,103.6,4.547e-06,metal1,metal1
42.81999999999999,117.6,2.52e-06,metal1,metal1
42.81999999999999,137.2,1.255e-07,metal1,metal1
42.81999999999999,140.0,4.261e-06,metal1,metal1
42.825,50.4,3.332e-09,metal1,metal1
42.825,75.6,2.715e-09,metal1,metal1
42.825,120.4,1.02e-07,metal1,metal1
42.870000000000005,5.6,1.991e-12,metal1,metal1
42.9175,22.4,2.355e-07,metal1,metal1
42.9875,84.0,9.859e-12,metal1,metal1
43.2,103.6,5.874e-09,metal1,metal1
43.1075,117.6,6.643e-09,metal1,metal1
43.01,137.2,5.783e-09,metal1,metal1
43.5025,140.0,4.261e-06,metal1,metal1
43.0125,50.4,3.332e-09,metal1,metal1
43.0125,75.6,2.715e-09,metal1,metal1
43.0125,120.4,4.003e-06,metal1,metal1
43.05,5.6,1.995e-12,metal1,metal1
42.955,16.8,3.238e-10,metal1,metal1
43.010000000000005,81.2,2.65e-06,metal1,metal1
43.015,22.4,2.517e-07,metal1,metal1
43.015,42.0,7.689e-08,metal1,metal1
43.015,58.8,3.087e-09,metal1,metal1
43.015,67.2,2.913e-09,metal1,metal1
43.025000000000006,16.8,9.651e-12,metal1,metal1
43.025000000000006,72.8,7.927e-08,metal1,metal1
43.03,44.8,2.641e-06,metal1,metal1
43.03,100.8,5.605e-08,metal1,metal1
43.040000000000006,89.6,3.472e-09,metal1,metal1
43.05,39.2,1.85e-08,metal1,metal1
43.05500000000001,112.0,2.367e-08,metal1,metal1
43.21,81.2,2.65e-06,metal1,metal1
43.1075,22.4,2.517e-07,metal1,metal1
43.495,42.0,2.048e-06,metal1,metal1
43.2025,58.8,3.087e-09,metal1,metal1
43.2025,67.2,2.913e-09,metal1,metal1
43.4225,16.8,9.655e-12,metal1,metal1
43.21,72.8,3.828e-06,metal1,metal1
43.4975,44.8,2.641e-06,metal1,metal1
43.4075,100.8,1.947e-09,metal1,metal1
43.4025,89.6,3.472e-09,metal1,metal1
43.24,39.2,1.329e-09,metal1,metal1
43.1375,112.0,2.367e-08,metal1,metal1
43.135,134.49375,3.717e-10,metal1,metal1
43.625,47.6,2.112e-06,metal1,metal1
43.625,70.0,1.783e-06,metal1,metal1
43.1425,83.91499999999999,9.859e-12,metal1,metal1
43.17,134.40875,3.717e-10,metal1,metal1
43.2,22.4,2.437e-07,metal1,metal1
43.2,50.4,3.223e-09,metal1,metal1
43.2,75.6,9.932e-11,metal1,metal1
43.2,83.83,4.882e-12,metal1,metal1
43.2,120.4,1.284e-07,metal1,metal1
43.2,137.2,3.893e-06,metal1,metal1
43.2375,134.315,1.467e-09,metal1,metal1
43.22,112.0,1.957e-08,metal1,metal1
43.22,128.8,1.238e-07,metal1,metal1
43.224999999999994,106.4,3.086e-06,metal1,metal1
43.224999999999994,114.8,7.165e-06,metal1,metal1
43.230000000000004,5.6,1.427e-09,metal1,metal1
44.06625,11.2,9.281e-07,metal1,metal1
43.295,22.4,2.437e-07,metal1,metal1
43.39,50.4,3.223e-09,metal1,metal1
43.39,75.6,2.664e-09,metal1,metal1
43.245000000000005,83.91499999999999,4.873e-12,metal1,metal1
43.58,120.4,2.388e-09,metal1,metal1
43.3925,137.2,3.893e-06,metal1,metal1
43.4675,84.0,4.874e-12,metal1,metal1
43.4075,112.0,6.277e-10,metal1,metal1
43.894999999999996,128.8,3.327e-06,metal1,metal1
43.6175,106.4,3.086e-06,metal1,metal1
43.4025,114.8,7.165e-06,metal1,metal1
43.5925,5.6,1.427e-09,metal1,metal1
43.635000000000005,134.4,1.467e-09,metal1,metal1
43.3775,86.8,2.207e-15,metal1,metal1
43.417500000000004,95.2,5.544e-06,metal1,metal1
43.39,22.4,1.238e-09,metal1,metal1
43.39,58.8,1.151e-10,metal1,metal1
43.39,67.2,2.796e-09,metal1,metal1
43.394999999999996,72.8,5.202e-09,metal1,metal1
43.394999999999996,98.0,3.951e-10,metal1,metal1
43.394999999999996,117.6,1.049e-11,metal1,metal1
43.405,28.0,3.03e-08,metal1,metal1
43.405,61.6,5.996e-08,metal1,metal1
43.41,14.0,4.286e-08,metal1,metal1
43.41,30.8,1.9e-09,metal1,metal1
43.41,81.2,2.569e-06,metal1,metal1
43.41,109.2,2.15e-08,metal1,metal1
43.42,123.2,7.641e-08,metal1,metal1
43.43000000000001,39.2,9.048e-07,metal1,metal1
44.136250000000004,36.4,1.989e-06,metal1,metal1
43.58,22.4,1.238e-09,metal1,metal1
43.58,58.8,3.148e-09,metal1,metal1
43.58,67.2,2.796e-09,metal1,metal1
43.582499999999996,72.8,5.202e-09,metal1,metal1
43.582499999999996,98.0,3.951e-10,metal1,metal1
43.5075,117.6,7.211e-09,metal1,metal1
43.785,28.0,1.45e-06,metal1,metal1
43.4925,61.6,1.341e-10,metal1,metal1
43.5975,14.0,3.428e-09,metal1,metal1
43.5025,30.8,1.9e-09,metal1,metal1
44.28125,81.2,2.569e-06,metal1,metal1
43.6575,86.8,2.805e-15,metal1,metal1
43.504999999999995,109.2,2.15e-08,metal1,metal1
43.7025,123.2,3.717e-09,metal1,metal1
43.6,39.2,9.048e-07,metal1,metal1
43.620000000000005,95.2,5.544e-06,metal1,metal1
43.91375,64.4,2.715e-06,metal1,metal1
43.58,50.4,2.404e-06,metal1,metal1
43.58,61.6,2.723e-06,metal1,metal1
43.58,75.6,1.851e-06,metal1,metal1
43.58,103.6,4.525e-06,metal1,metal1
43.58,114.8,1.51e-07,metal1,metal1
43.584999999999994,126.0,9.071e-08,metal1,metal1
43.584999999999994,137.2,7.199e-08,metal1,metal1
43.595,19.6,2.257e-08,metal1,metal1
43.595,30.8,5.657e-10,metal1,metal1
43.595,53.2,9.129e-08,metal1,metal1
43.595,78.4,5.711e-08,metal1,metal1
43.572500000000005,112.08500000000001,6.277e-10,metal1,metal1
43.599999999999994,109.2,6.339e-08,metal1,metal1
43.6075,112.01625,4.121e-06,metal1,metal1
43.620000000000005,117.6,2.479e-06,metal1,metal1
43.7775,50.4,2.404e-06,metal1,metal1
44.26625,61.6,2.723e-06,metal1,metal1
43.682500000000005,75.6,1.851e-06,metal1,metal1
44.065,103.6,4.525e-06,metal1,metal1
43.769999999999996,114.8,3.377e-09,metal1,metal1
44.2575,126.0,2.404e-06,metal1,metal1
43.772499999999994,137.2,5.698e-09,metal1,metal1
43.785,19.6,1.074e-06,metal1,metal1
43.69,30.8,5.657e-10,metal1,metal1
44.1575,53.2,4.407e-06,metal1,metal1
44.07,78.4,2.753e-06,metal1,metal1
43.6425,111.93125,4.121e-06,metal1,metal1
43.787499999999994,109.2,5.081e-09,metal1,metal1
43.697500000000005,112.0,4.121e-06,metal1,metal1
43.7975,117.6,2.479e-06,metal1,metal1
43.715,84.0,1.56e-12,metal1,metal1
43.7975,89.6,5.298e-06,metal1,metal1
43.769999999999996,22.4,6.813e-07,metal1,metal1
43.769999999999996,39.2,7.581e-07,metal1,metal1
43.769999999999996,58.8,2.188e-06,metal1,metal1
43.769999999999996,67.2,2.086e-06,metal1,metal1
43.769999999999996,72.8,3.222e-10,metal1,metal1
43.7375,97.91499999999999,3.951e-10,metal1,metal1
43.775000000000006,33.6,1.253e-08,metal1,metal1
43.7725,98.0,7.25e-11,metal1,metal1
43.775000000000006,112.0,2.891e-07,metal1,metal1
43.785,14.0,2.301e-06,metal1,metal1
43.785,30.8,4.102e-07,metal1,metal1
43.785,75.6,3.777e-08,metal1,metal1
44.1325,84.0,8.412e-11,metal1,metal1
43.785,100.8,2.929e-06,metal1,metal1
43.760000000000005,95.285,5.544e-06,metal1,metal1
43.795,95.2,3.217e-10,metal1,metal1
43.81999999999999,16.8,2.807e-11,metal1,metal1
43.9675,22.4,6.813e-07,metal1,metal1
43.9625,39.2,7.581e-07,metal1,metal1
44.254999999999995,58.8,2.188e-06,metal1,metal1
44.1575,67.2,2.086e-06,metal1,metal1
43.8725,72.8,1.225e-08,metal1,metal1
43.807500000000005,98.08500000000001,7.25e-11,metal1,metal1
43.962500000000006,33.6,1.241e-10,metal1,metal1
43.962500000000006,98.0,1.555e-09,metal1,metal1
43.8775,112.0,2.891e-07,metal1,metal1
43.975,14.0,2.301e-06,metal1,metal1
44.417500000000004,30.8,4.102e-07,metal1,metal1
44.07,75.6,1.812e-06,metal1,metal1
44.3625,100.8,2.929e-06,metal1,metal1
43.83,95.11500000000001,3.217e-10,metal1,metal1
43.9825,95.2,2.03e-09,metal1,metal1
44.0,16.8,2.806e-11,metal1,metal1
44.182500000000005,89.6,5.298e-06,metal1,metal1
43.905,86.8,4.549e-15,metal1,metal1
43.9875,5.6,2.178e-06,metal1,metal1
43.959999999999994,114.8,2.196e-06,metal1,metal1
43.959999999999994,120.4,2.768e-08,metal1,metal1
43.959999999999994,137.2,3.824e-06,metal1,metal1
43.965,44.8,9.595e-08,metal1,metal1
43.974999999999994,19.6,2.177e-08,metal1,metal1
43.974999999999994,42.0,4.177e-08,metal1,metal1
43.974999999999994,50.4,1.133e-08,metal1,metal1
43.974999999999994,72.8,2.876e-11,metal1,metal1
44.3375,86.8,4.998e-16,metal1,metal1
43.974999999999994,109.2,3.411e-06,metal1,metal1
43.974999999999994,117.6,5.038e-08,metal1,metal1
43.980000000000004,112.0,1.853e-06,metal1,metal1
43.985,123.2,4.044e-06,metal1,metal1
44.332499999999996,106.4,3.086e-06,metal1,metal1
44.010000000000005,134.4,1.318e-11,metal1,metal1
44.16,114.8,2.196e-06,metal1,metal1
44.075,120.4,2.768e-08,metal1,metal1
44.15,137.2,3.824e-06,metal1,metal1
44.16,44.8,2.555e-06,metal1,metal1
44.349999999999994,19.6,1.037e-06,metal1,metal1
44.64,42.0,2.004e-06,metal1,metal1
44.082499999999996,50.4,1.133e-08,metal1,metal1
44.0625,72.8,2.876e-11,metal1,metal1
44.0775,109.2,3.411e-06,metal1,metal1
44.45,117.6,2.407e-06,metal1,metal1
44.065,112.0,4.412e-11,metal1,metal1
44.0825,123.2,4.044e-06,metal1,metal1
44.19,134.4,1.318e-11,metal1,metal1
44.2875,5.6,2.178e-06,metal1,metal1
44.86,131.6,2.852e-06,metal1,metal1
44.1225,33.515,1.241e-10,metal1,metal1
44.150000000000006,72.8,3.676e-06,metal1,metal1
44.150000000000006,98.0,4.283e-06,metal1,metal1
44.150000000000006,112.0,1.863e-06,metal1,metal1
44.1325,39.115,7.581e-07,metal1,metal1
44.165000000000006,14.0,4.704e-08,metal1,metal1
44.165000000000006,22.4,1.364e-08,metal1,metal1
44.165000000000006,28.0,7.837e-09,metal1,metal1
44.1575,33.542500000000004,3.985e-10,metal1,metal1
44.165000000000006,47.6,2.995e-08,metal1,metal1
44.165000000000006,70.0,3.64e-08,metal1,metal1
44.165000000000006,95.2,2.373e-08,metal1,metal1
44.17,92.4,1.134e-07,metal1,metal1
44.18000000000001,16.8,2.01e-08,metal1,metal1
44.167500000000004,39.2,6.954e-11,metal1,metal1
44.18000000000001,109.2,6.303e-08,metal1,metal1
44.18000000000001,123.2,1.305e-08,metal1,metal1
44.7975,140.0,4.261e-06,metal1,metal1
44.19,50.4,3.834e-08,metal1,metal1
44.19,120.4,3.844e-06,metal1,metal1
45.0975,25.2,7.104e-07,metal1,metal1
44.1925,33.6275,3.985e-10,metal1,metal1
44.4425,72.8,3.676e-06,metal1,metal1
44.2475,98.0,4.283e-06,metal1,metal1
44.3425,112.0,2.497e-07,metal1,metal1
44.2025,39.285,6.954e-11,metal1,metal1
44.540000000000006,14.0,2.262e-06,metal1,metal1
44.540000000000006,22.4,6.419e-07,metal1,metal1
44.260000000000005,28.0,7.837e-09,metal1,metal1
44.45,33.6,5.688e-07,metal1,metal1
44.6525,47.6,2.033e-06,metal1,metal1
44.83,70.0,1.748e-06,metal1,metal1
44.265,95.2,2.373e-08,metal1,metal1
44.835,92.4,3.023e-06,metal1,metal1
44.2625,16.8,2.01e-08,metal1,metal1
44.462500000000006,39.2,7.474e-10,metal1,metal1
44.462500000000006,109.2,3.038e-09,metal1,metal1
44.27,123.2,1.305e-08,metal1,metal1
44.379999999999995,50.4,3.1e-09,metal1,metal1
44.2675,120.4,3.844e-06,metal1,metal1
44.34,137.2,6.261e-08,metal1,metal1
44.345,16.8,3.709e-10,metal1,metal1
44.345,56.0,2.75e-09,metal1,metal1
44.345,98.0,1.548e-07,metal1,metal1
44.345,120.4,5.23e-09,metal1,metal1
44.355000000000004,28.0,2.871e-08,metal1,metal1
44.355000000000004,44.8,5.227e-08,metal1,metal1
44.355000000000004,75.6,3.68e-08,metal1,metal1
44.36,64.4,5.02e-08,metal1,metal1
44.36,114.8,4.06e-08,metal1,metal1
44.36,123.2,2.851e-09,metal1,metal1
44.364999999999995,95.2,5.45e-06,metal1,metal1
44.370000000000005,134.4,7.971e-09,metal1,metal1
44.385000000000005,8.4,4.183e-08,metal1,metal1
44.72,137.2,2.411e-09,metal1,metal1
44.5325,16.8,1.59e-11,metal1,metal1
44.5325,56.0,2.75e-09,metal1,metal1
44.540000000000006,98.0,4.103e-06,metal1,metal1
44.5325,120.4,5.23e-09,metal1,metal1
45.0125,28.0,1.373e-06,metal1,metal1
44.93875,44.8,2.515e-06,metal1,metal1
44.730000000000004,75.6,1.757e-06,metal1,metal1
44.5475,64.4,3.991e-09,metal1,metal1
44.5475,114.8,3.18e-09,metal1,metal1
44.5525,123.2,5.682e-09,metal1,metal1
44.4475,95.2,5.45e-06,metal1,metal1
44.5475,134.4,7.971e-09,metal1,metal1
44.667500000000004,8.4,2.268e-09,metal1,metal1
44.53,95.2,1.149e-07,metal1,metal1
44.535,89.6,3.025e-08,metal1,metal1
44.535,112.0,4.975e-07,metal1,metal1
44.545,67.2,4.265e-08,metal1,metal1
44.545,78.4,5.639e-08,metal1,metal1
44.53,84.0875,8.412e-11,metal1,metal1
44.55,103.6,4.446e-06,metal1,metal1
44.55500000000001,5.6,2.129e-09,metal1,metal1
44.56999999999999,50.4,2.116e-06,metal1,metal1
44.56999999999999,128.8,3.12e-06,metal1,metal1
46.417500000000004,2.8,7.925e-07,metal1,metal1
44.565,84.02875,1.73e-10,metal1,metal1
44.72,95.2,4.794e-09,metal1,metal1
44.635000000000005,89.6,3.025e-08,metal1,metal1
44.635000000000005,112.0,4.975e-07,metal1,metal1
45.019999999999996,67.2,2.051e-06,metal1,metal1
45.019999999999996,78.4,2.717e-06,metal1,metal1
44.6,83.94125,1.73e-10,metal1,metal1
44.8275,103.6,4.446e-06,metal1,metal1
44.80500000000001,5.6,2.129e-09,metal1,metal1
44.7475,50.4,2.116e-06,metal1,metal1
44.647499999999994,128.8,3.12e-06,metal1,metal1
44.760000000000005,84.0,1.73e-10,metal1,metal1
44.72,16.8,1.124e-08,metal1,metal1
44.72,53.2,4.207e-06,metal1,metal1
44.72,56.0,3.983e-08,metal1,metal1
44.72,120.4,4.931e-09,metal1,metal1
44.695,19.685000000000002,1.037e-06,metal1,metal1
44.724999999999994,106.4,1.124e-07,metal1,metal1
44.724999999999994,128.8,1.149e-07,metal1,metal1
44.724999999999994,134.4,1.471e-10,metal1,metal1
44.730000000000004,19.6575,1.386e-11,metal1,metal1
44.735,33.6,1.133e-08,metal1,metal1
44.735,64.4,2.679e-06,metal1,metal1
44.735,72.8,2.004e-08,metal1,metal1
44.735,89.6,5.29e-08,metal1,metal1
44.7075,98.0275,4.103e-06,metal1,metal1
44.735,112.0,3.222e-06,metal1,metal1
44.735,114.8,2.134e-06,metal1,metal1
44.739999999999995,58.8,2.177e-06,metal1,metal1
44.745000000000005,39.2,6.69e-07,metal1,metal1
44.745000000000005,109.2,3.305e-06,metal1,metal1
44.745000000000005,123.2,4.009e-06,metal1,metal1
44.74250000000001,97.9425,3.503e-10,metal1,metal1
44.769999999999996,86.8,7.911e-13,metal1,metal1
44.8125,16.8,1.124e-08,metal1,metal1
44.91,53.2,4.207e-06,metal1,metal1
45.3925,56.0,1.904e-06,metal1,metal1
44.91,120.4,4.931e-09,metal1,metal1
44.765,19.5725,1.386e-11,metal1,metal1
44.915,106.4,3e-06,metal1,metal1
45.3875,128.8,3.104e-06,metal1,metal1
44.91,134.4,4.447e-12,metal1,metal1
44.917500000000004,19.6,1.427e-09,metal1,metal1
45.3175,33.6,5.299e-07,metal1,metal1
45.462500000000006,64.4,2.679e-06,metal1,metal1
44.83,72.8,2.004e-08,metal1,metal1
44.822500000000005,89.6,2.171e-08,metal1,metal1
44.7775,97.91499999999999,3.503e-10,metal1,metal1
44.822500000000005,112.0,2.067e-09,metal1,metal1
45.0325,114.8,3.606e-09,metal1,metal1
46.036249999999995,58.8,2.177e-06,metal1,metal1
45.405,39.2,6.69e-07,metal1,metal1
44.93,109.2,3.305e-06,metal1,metal1
44.837500000000006,123.2,4.009e-06,metal1,metal1
45.0325,98.0,4.513e-09,metal1,metal1
44.95,86.8,7.892e-13,metal1,metal1
48.769999999999996,142.8,1.296e-06,metal1,metal1
44.9375,16.8,2.011e-06,metal1,metal1
44.91,36.4,1.771e-06,metal1,metal1
44.91,89.6,5.18e-06,metal1,metal1
44.91,95.2,2.603e-06,metal1,metal1
44.885000000000005,112.08500000000001,2.067e-09,metal1,metal1
44.900000000000006,13.8975,4.013e-10,metal1,metal1
44.915000000000006,22.4,8.733e-10,metal1,metal1
44.925,50.4,1.264e-08,metal1,metal1
44.925,72.8,7.448e-08,metal1,metal1
44.925,117.6,4.889e-08,metal1,metal1
44.92,112.0,1.343e-09,metal1,metal1
44.93000000000001,123.2,7.413e-08,metal1,metal1
44.93000000000001,126.0,4.439e-08,metal1,metal1
44.935,11.2,9.073e-10,metal1,metal1
44.94,84.0,1.181e-06,metal1,metal1
44.94,100.8,5.416e-08,metal1,metal1
44.95,8.4,2.472e-06,metal1,metal1
45.568749999999994,61.6,2.723e-06,metal1,metal1
44.935,13.966249999999999,4.013e-10,metal1,metal1
45.88125,36.4,1.771e-06,metal1,metal1
45.207499999999996,89.6,5.18e-06,metal1,metal1
45.405,95.2,2.516e-09,metal1,metal1
44.955,111.91499999999999,1.343e-09,metal1,metal1
44.97,14.06875,6.862e-11,metal1,metal1
45.102500000000006,22.4,8.733e-10,metal1,metal1
45.0125,50.4,1.264e-08,metal1,metal1
45.305,72.8,3.583e-06,metal1,metal1
45.394999999999996,117.6,2.335e-06,metal1,metal1
45.125,112.0,3.869e-06,metal1,metal1
45.11750000000001,123.2,5.853e-09,metal1,metal1
45.307500000000005,126.0,1.616e-10,metal1,metal1
45.185,11.2,9.073e-10,metal1,metal1
45.019999999999996,84.0,1.181e-06,metal1,metal1
45.125,100.8,4.368e-09,metal1,metal1
45.129999999999995,8.4,2.472e-06,metal1,metal1
45.1225,14.0,6.862e-11,metal1,metal1
45.49625,16.8,2.011e-06,metal1,metal1
45.6125,30.8,4.102e-07,metal1,metal1
45.087500000000006,5.6,1.364e-12,metal1,metal1
45.0625,134.485,4.447e-12,metal1,metal1
45.099999999999994,19.6,1.209e-09,metal1,metal1
45.099999999999994,50.4,1.945e-06,metal1,metal1
45.099999999999994,53.2,4.036e-06,metal1,metal1
45.099999999999994,84.0,2.485e-08,metal1,metal1
45.099999999999994,120.4,3.678e-06,metal1,metal1
45.099999999999994,134.57,5.449e-06,metal1,metal1
45.099999999999994,137.2,3.661e-06,metal1,metal1
45.105000000000004,75.6,2.388e-09,metal1,metal1
45.105000000000004,103.6,1.639e-07,metal1,metal1
45.105000000000004,106.4,5.548e-08,metal1,metal1
45.114999999999995,109.2,1.79e-08,metal1,metal1
45.129999999999995,86.8,5.654e-10,metal1,metal1
45.14,47.6,3.295e-08,metal1,metal1
45.95375,81.2,2.569e-06,metal1,metal1
45.29,19.6,1.209e-09,metal1,metal1
45.64,50.4,1.945e-06,metal1,metal1
45.3875,53.2,4.036e-06,metal1,metal1
45.29,84.0,1.42e-09,metal1,metal1
45.205,120.4,3.678e-06,metal1,metal1
45.165,134.485,5.449e-06,metal1,metal1
45.7775,137.2,3.661e-06,metal1,metal1
45.292500000000004,75.6,2.388e-09,metal1,metal1
45.295,103.6,4.432e-06,metal1,metal1
45.292500000000004,106.4,4.432e-09,metal1,metal1
45.21,109.2,1.79e-08,metal1,metal1
45.4675,5.6,1.366e-12,metal1,metal1
45.4925,86.8,5.654e-10,metal1,metal1
45.33,47.6,2.606e-09,metal1,metal1
45.427499999999995,134.4,5.449e-06,metal1,metal1
45.290000000000006,14.0,3.933e-10,metal1,metal1
45.290000000000006,22.4,7.601e-10,metal1,metal1
45.30500000000001,42.0,9.427e-09,metal1,metal1
45.30500000000001,109.2,6.601e-08,metal1,metal1
45.30500000000001,123.2,3.928e-06,metal1,metal1
45.31,8.4,4.572e-08,metal1,metal1
45.31,100.8,1.872e-10,metal1,metal1
45.31,120.4,1.355e-07,metal1,metal1
45.315,98.0,3.99e-06,metal1,metal1
45.31999999999999,112.0,7.147e-08,metal1,metal1
45.33,114.8,2.105e-06,metal1,metal1
45.405,14.0,3.933e-10,metal1,metal1
45.480000000000004,22.4,7.601e-10,metal1,metal1
45.4125,42.0,9.427e-09,metal1,metal1
45.5925,109.2,3.169e-06,metal1,metal1
45.965,123.2,3.928e-06,metal1,metal1
45.4975,8.4,3.658e-09,metal1,metal1
45.4075,100.8,1.872e-10,metal1,metal1
45.595,120.4,3.657e-06,metal1,metal1
45.405,98.0,3.99e-06,metal1,metal1
45.5925,112.0,1.38e-09,metal1,metal1
45.71,114.8,2.663e-09,metal1,metal1
45.4675,11.2,5.817e-13,metal1,metal1
45.480000000000004,19.6,9.019e-07,metal1,metal1
45.480000000000004,75.6,8.907e-11,metal1,metal1
45.480000000000004,84.0,1.011e-06,metal1,metal1
45.480000000000004,106.4,2.975e-06,metal1,metal1
45.480000000000004,140.0,4.241e-06,metal1,metal1
45.485,103.6,1.622e-07,metal1,metal1
45.495000000000005,67.2,2.911e-08,metal1,metal1
45.495000000000005,70.0,3.566e-08,metal1,metal1
45.495000000000005,78.4,5.56e-08,metal1,metal1
45.495000000000005,98.0,1.201e-08,metal1,metal1
45.5,92.4,5.589e-08,metal1,metal1
45.504999999999995,89.6,5.064e-09,metal1,metal1
45.504999999999995,100.8,2.75e-06,metal1,metal1
45.519999999999996,14.0,2.834e-08,metal1,metal1
45.519999999999996,42.0,3.186e-08,metal1,metal1
45.519999999999996,47.6,1.778e-06,metal1,metal1
46.036249999999995,44.8,2.515e-06,metal1,metal1
45.6775,19.6,9.019e-07,metal1,metal1
45.67,75.6,2.436e-09,metal1,metal1
45.572500000000005,84.0,1.011e-06,metal1,metal1
45.7675,106.4,2.975e-06,metal1,metal1
46.11625,140.0,4.241e-06,metal1,metal1
45.78,103.6,4.355e-06,metal1,metal1
45.962500000000006,67.2,1.978e-06,metal1,metal1
45.68,70.0,1.712e-06,metal1,metal1
45.97,78.4,2.677e-06,metal1,metal1
45.59,98.0,1.201e-08,metal1,metal1
45.8475,11.2,5.82e-13,metal1,metal1
45.6875,92.4,4.442e-09,metal1,metal1
45.754999999999995,89.6,5.064e-09,metal1,metal1
46.1725,100.8,2.75e-06,metal1,metal1
45.9975,14.0,2.013e-06,metal1,metal1
45.71,42.0,2.55e-09,metal1,metal1
45.985,47.6,1.778e-06,metal1,metal1
45.697500000000005,84.0,2.511e-06,metal1,metal1
45.67,22.4,5.67e-07,metal1,metal1
45.67,28.0,1.135e-06,metal1,metal1
45.675,53.2,5.645e-09,metal1,metal1
45.685,8.4,2.456e-06,metal1,metal1
45.685,72.8,1.953e-08,metal1,metal1
45.685,98.0,1.302e-10,metal1,metal1
45.6525,126.08500000000001,1.616e-10,metal1,metal1
45.6875,126.0,1.539e-10,metal1,metal1
45.69,131.6,1.036e-07,metal1,metal1
45.69499999999999,134.4,2.749e-08,metal1,metal1
45.7675,22.4,5.67e-07,metal1,metal1
46.16625,28.0,1.135e-06,metal1,metal1
45.8625,53.2,5.645e-09,metal1,metal1
46.2475,8.4,2.456e-06,metal1,metal1
45.78,72.8,1.953e-08,metal1,metal1
45.78,98.0,1.302e-10,metal1,metal1
45.7225,125.91499999999999,1.539e-10,metal1,metal1
45.8775,126.0,3.252e-09,metal1,metal1
45.8925,131.6,2.759e-06,metal1,metal1
45.8875,134.4,2.749e-08,metal1,metal1
45.905,84.0,2.511e-06,metal1,metal1
45.8475,5.6,6.622e-15,metal1,metal1
45.825,86.715,5.654e-10,metal1,metal1
45.86,75.6,1.693e-06,metal1,metal1
45.864999999999995,22.4,7.706e-10,metal1,metal1
45.864999999999995,70.0,2.326e-09,metal1,metal1
45.864999999999995,86.63,3.74e-09,metal1,metal1
45.84,111.95875000000001,1.38e-09,metal1,metal1
45.864999999999995,117.6,4.317e-08,metal1,metal1
45.875,19.6,1.791e-08,metal1,metal1
45.875,72.8,7.278e-08,metal1,metal1
45.875,92.4,2.982e-06,metal1,metal1
45.875,98.0,7.604e-10,metal1,metal1
45.879999999999995,109.2,5.859e-08,metal1,metal1
45.879999999999995,120.4,1.337e-07,metal1,metal1
45.875,112.04375,1.316e-09,metal1,metal1
45.900000000000006,33.6,8.583e-09,metal1,metal1
45.900000000000006,42.0,1.74e-06,metal1,metal1
45.900000000000006,95.2,2.577e-06,metal1,metal1
46.35625,75.6,1.693e-06,metal1,metal1
46.052499999999995,22.4,7.706e-10,metal1,metal1
46.052499999999995,70.0,2.326e-09,metal1,metal1
45.927499999999995,86.715,3.74e-09,metal1,metal1
45.91,112.08500000000001,1.316e-09,metal1,metal1
46.052499999999995,117.6,3.171e-09,metal1,metal1
46.415,19.6,8.357e-07,metal1,metal1
46.254999999999995,72.8,3.511e-06,metal1,metal1
46.32125,92.4,2.982e-06,metal1,metal1
46.16,98.0,3.386e-09,metal1,metal1
46.1275,5.6,5.376e-15,metal1,metal1
46.067499999999995,109.2,4.697e-09,metal1,metal1
46.08,120.4,9.507e-09,metal1,metal1
45.9825,112.0,3.217e-06,metal1,metal1
46.09,33.6,3.174e-10,metal1,metal1
45.977500000000006,42.0,1.74e-06,metal1,metal1
46.175,95.2,2.577e-06,metal1,metal1
46.08,86.8,1.632e-09,metal1,metal1
46.037499999999994,89.6,3.247e-12,metal1,metal1
46.47875,16.8,2.011e-06,metal1,metal1
46.05,53.2,8.317e-08,metal1,metal1
46.0175,128.7125,4.624e-10,metal1,metal1
46.05500000000001,42.0,2.368e-09,metal1,metal1
46.05500000000001,106.4,1.078e-07,metal1,metal1
46.0525,128.7975,4.022e-10,metal1,metal1
46.065,25.2,1.425e-08,metal1,metal1
46.065,39.2,1.333e-08,metal1,metal1
46.065,56.0,3.888e-08,metal1,metal1
46.065,126.0,2.224e-06,metal1,metal1
46.075,103.6,4.257e-09,metal1,metal1
46.08,84.0,4.64e-08,metal1,metal1
46.08,112.0,5.94e-08,metal1,metal1
46.08,134.4,1.007e-07,metal1,metal1
46.09,114.8,2.008e-06,metal1,metal1
46.095,131.6,4.471e-08,metal1,metal1
46.5325,53.2,3.975e-06,metal1,metal1
46.087500000000006,128.885,4.022e-10,metal1,metal1
46.24250000000001,42.0,2.368e-09,metal1,metal1
46.2525,106.4,2.865e-06,metal1,metal1
46.2575,128.8,2.962e-06,metal1,metal1
46.650000000000006,25.2,6.718e-07,metal1,metal1
46.345,39.2,6.244e-07,metal1,metal1
46.629999999999995,56.0,1.868e-06,metal1,metal1
46.155,126.0,2.224e-06,metal1,metal1
46.4175,89.6,3.247e-12,metal1,metal1
46.325,103.6,4.257e-09,metal1,metal1
46.3625,84.0,2.234e-09,metal1,metal1
46.36,112.0,2.321e-10,metal1,metal1
46.1375,134.4,1.007e-07,metal1,metal1
46.2825,114.8,2.008e-06,metal1,metal1
46.3775,131.6,2.424e-09,metal1,metal1
46.650000000000006,50.4,1.945e-06,metal1,metal1
46.8475,64.4,2.679e-06,metal1,metal1
46.2275,11.2,0.0,metal1,metal1
46.2275,134.4,9.612e-08,metal1,metal1
46.239999999999995,22.4,1.028e-10,metal1,metal1
46.239999999999995,70.0,2.629e-10,metal1,metal1
46.22,86.88499999999999,1.632e-09,metal1,metal1
46.239999999999995,117.6,2.125e-06,metal1,metal1
46.245000000000005,30.8,1.387e-08,metal1,metal1
46.245000000000005,126.0,4.112e-08,metal1,metal1
46.254999999999995,61.6,5.577e-08,metal1,metal1
46.254999999999995,109.2,3.153e-06,metal1,metal1
46.254999999999995,86.8,8.226e-10,metal1,metal1
46.28,33.6,2.12e-07,metal1,metal1
46.28,120.4,3.448e-06,metal1,metal1
46.43,22.4,1.028e-10,metal1,metal1
46.335,70.0,1.191e-08,metal1,metal1
46.29,86.715,8.226e-10,metal1,metal1
46.620000000000005,117.6,2.737e-09,metal1,metal1
46.832499999999996,30.8,3.41e-07,metal1,metal1
46.432500000000005,126.0,3.238e-09,metal1,metal1
46.6375,61.6,2.687e-06,metal1,metal1
46.3575,109.2,3.153e-06,metal1,metal1
46.5075,11.2,2.337e-16,metal1,metal1
46.4525,134.4,9.847e-11,metal1,metal1
46.552499999999995,86.8,3.919e-09,metal1,metal1
46.555,33.6,2.12e-07,metal1,metal1
46.457499999999996,120.4,3.448e-06,metal1,metal1
46.375,5.6,4.536e-12,metal1,metal1
46.43000000000001,42.0,2.235e-09,metal1,metal1
46.43000000000001,67.2,8.153e-08,metal1,metal1
46.43000000000001,70.0,4.84e-09,metal1,metal1
46.8075,5.6,2.302e-10,metal1,metal1
46.44499999999999,78.4,5.483e-08,metal1,metal1
46.44499999999999,98.0,3.792e-06,metal1,metal1
46.45,47.6,3.286e-08,metal1,metal1
46.45,95.2,4.766e-08,metal1,metal1
46.45,106.4,4.444e-08,metal1,metal1
46.455,137.2,3.579e-09,metal1,metal1
46.459999999999994,109.2,5.822e-08,metal1,metal1
46.459999999999994,128.8,5.473e-08,metal1,metal1
46.474999999999994,14.0,2.525e-07,metal1,metal1
46.474999999999994,114.8,3.254e-08,metal1,metal1
46.620000000000005,42.0,2.235e-09,metal1,metal1
46.837500000000006,67.2,1.924e-06,metal1,metal1
46.525000000000006,70.0,4.84e-09,metal1,metal1
46.817499999999995,78.4,2.642e-06,metal1,metal1
47.105,98.0,3.792e-06,metal1,metal1
46.7325,47.6,1.627e-09,metal1,metal1
46.6375,95.2,3.814e-09,metal1,metal1
46.6375,106.4,5.199e-09,metal1,metal1
46.705,137.2,3.579e-09,metal1,metal1
46.7425,109.2,2.235e-10,metal1,metal1
46.7425,128.8,2.612e-09,metal1,metal1
46.56,14.0,2.525e-07,metal1,metal1
46.7575,114.8,1.82e-09,metal1,metal1
46.6075,103.6,1.227e-10,metal1,metal1
46.5925,22.485,1.028e-10,metal1,metal1
46.620000000000005,44.8,1.031e-07,metal1,metal1
46.620000000000005,70.0,9.891e-09,metal1,metal1
46.620000000000005,126.0,2.173e-06,metal1,metal1
46.625,39.2,2.193e-08,metal1,metal1
46.625,123.2,9.317e-08,metal1,metal1
46.6275,22.4575,3.371e-10,metal1,metal1
46.635000000000005,72.8,7.205e-08,metal1,metal1
46.635000000000005,120.4,7.024e-08,metal1,metal1
46.6075,111.91499999999999,2.321e-10,metal1,metal1
46.644999999999996,14.0,1.148e-06,metal1,metal1
46.644999999999996,84.0,2.429e-06,metal1,metal1
46.6425,112.0,4.219e-10,metal1,metal1
46.644999999999996,134.4,2.659e-08,metal1,metal1
46.66,131.6,2.643e-06,metal1,metal1
47.08875,28.0,1.135e-06,metal1,metal1
46.6625,22.3725,3.371e-10,metal1,metal1
47.197500000000005,44.8,2.417e-06,metal1,metal1
46.715,70.0,9.891e-09,metal1,metal1
46.915,126.0,2.173e-06,metal1,metal1
47.004999999999995,39.2,5.632e-07,metal1,metal1
47.411249999999995,123.2,3.657e-06,metal1,metal1
46.825,22.4,4.757e-07,metal1,metal1
46.8275,72.8,3.478e-06,metal1,metal1
47.010000000000005,120.4,3.365e-06,metal1,metal1
46.925,103.6,1.227e-10,metal1,metal1
46.677499999999995,112.08500000000001,4.219e-10,metal1,metal1
46.8425,14.0,8.783e-10,metal1,metal1
47.307500000000005,84.0,2.429e-06,metal1,metal1
46.92,112.0,3.096e-06,metal1,metal1
46.8,134.4,2.659e-08,metal1,metal1
47.197500000000005,131.6,2.643e-06,metal1,metal1
47.31875,140.0,4.241e-06,metal1,metal1
46.754999999999995,11.2,9.099e-15,metal1,metal1
46.7975,89.6,2.207e-15,metal1,metal1
47.14375,92.4,2.982e-06,metal1,metal1
46.81,8.4,5.175e-08,metal1,metal1
46.81,42.0,1.667e-06,metal1,metal1
46.81,70.0,1.575e-06,metal1,metal1
47.1875,11.2,1.249e-16,metal1,metal1
46.825,81.2,5.263e-08,metal1,metal1
46.825,95.2,2.56e-06,metal1,metal1
46.825,106.4,2.826e-06,metal1,metal1
46.83,33.6,3.915e-09,metal1,metal1
46.834999999999994,86.8,4.343e-06,metal1,metal1
46.84,100.8,5.419e-08,metal1,metal1
47.75375,36.4,1.771e-06,metal1,metal1
47.27875,75.6,1.693e-06,metal1,metal1
47.0,8.4,7.937e-10,metal1,metal1
47.73125,42.0,1.667e-06,metal1,metal1
47.0075,70.0,1.575e-06,metal1,metal1
47.2225,81.2,2.536e-06,metal1,metal1
47.019999999999996,95.2,2.56e-06,metal1,metal1
47.1025,106.4,5.138e-09,metal1,metal1
47.2,33.6,3.53e-11,metal1,metal1
47.0775,89.6,3.272e-15,metal1,metal1
47.56375,86.8,4.343e-06,metal1,metal1
47.015,100.8,1.842e-07,metal1,metal1
47.425,19.6,8.357e-07,metal1,metal1
46.9875,134.4,2.526e-11,metal1,metal1
46.9875,137.2,2.295e-12,metal1,metal1
47.0,117.6,2.102e-06,metal1,metal1
47.004999999999995,16.8,3.719e-08,metal1,metal1
47.015,22.4,9.382e-09,metal1,metal1
47.015,47.6,9.36e-11,metal1,metal1
47.015,53.2,8.148e-08,metal1,metal1
47.019999999999996,61.6,9.783e-08,metal1,metal1
47.019999999999996,72.8,1.263e-07,metal1,metal1
46.9925,109.11500000000001,2.235e-10,metal1,metal1
47.025000000000006,128.8,2.841e-06,metal1,metal1
47.0275,109.2,2.203e-10,metal1,metal1
47.040000000000006,14.0,5.084e-07,metal1,metal1
47.040000000000006,114.8,1.985e-06,metal1,metal1
47.685,117.6,2.102e-06,metal1,metal1
47.192499999999995,16.8,2.838e-09,metal1,metal1
47.3,22.4,4.343e-07,metal1,metal1
47.11,47.6,9.361e-11,metal1,metal1
47.58,53.2,3.929e-06,metal1,metal1
48.411249999999995,61.6,2.611e-06,metal1,metal1
47.2225,72.8,3.364e-06,metal1,metal1
47.2675,134.4,2.526e-11,metal1,metal1
47.3675,137.2,2.295e-12,metal1,metal1
47.0625,109.285,2.203e-10,metal1,metal1
47.1175,128.8,2.841e-06,metal1,metal1
47.205,109.2,2.074e-07,metal1,metal1
47.0925,14.0,5.084e-07,metal1,metal1
47.4025,114.8,1.985e-06,metal1,metal1
47.177499999999995,14.0,3.26e-10,metal1,metal1
47.19,8.4,4.999e-07,metal1,metal1
47.19,50.4,1.793e-06,metal1,metal1
47.19,78.4,1.094e-07,metal1,metal1
47.19,100.8,2.948e-07,metal1,metal1
47.19499999999999,56.0,6.748e-08,metal1,metal1
47.19499999999999,112.0,7.302e-08,metal1,metal1
47.205,47.6,1.699e-06,metal1,metal1
47.205,70.0,3.21e-08,metal1,metal1
47.209999999999994,103.6,4.324e-10,metal1,metal1
47.209999999999994,126.0,7.839e-08,metal1,metal1
47.209999999999994,128.8,1.045e-07,metal1,metal1
47.215,95.2,2.503e-09,metal1,metal1
47.75,25.2,6.718e-07,metal1,metal1
47.239999999999995,5.6,4.095e-07,metal1,metal1
47.582499999999996,67.2,1.924e-06,metal1,metal1
47.58,8.4,4.999e-07,metal1,metal1
47.39,50.4,1.793e-06,metal1,metal1
47.7675,78.4,2.593e-06,metal1,metal1
47.2975,100.8,2.948e-07,metal1,metal1
47.58,56.0,1.786e-06,metal1,metal1
47.2975,112.0,2.848e-06,metal1,metal1
47.485,47.6,1.699e-06,metal1,metal1
47.865,70.0,1.539e-06,metal1,metal1
47.5575,14.0,3.26e-10,metal1,metal1
47.272499999999994,103.6,4.324e-10,metal1,metal1
47.39,126.0,6.335e-09,metal1,metal1
47.88875,128.8,2.817e-06,metal1,metal1
47.465,95.2,2.503e-09,metal1,metal1
47.3225,5.6,4.095e-07,metal1,metal1
47.325,89.6,1.82e-14,metal1,metal1
48.55875,58.8,2.177e-06,metal1,metal1
47.3675,103.6,2.119e-10,metal1,metal1
47.379999999999995,16.8,1.903e-06,metal1,metal1
47.379999999999995,106.4,2.755e-06,metal1,metal1
47.379999999999995,109.2,3.438e-07,metal1,metal1
47.385000000000005,39.2,1.965e-08,metal1,metal1
47.385000000000005,120.4,1.238e-07,metal1,metal1
47.7575,89.6,9.629e-13,metal1,metal1
47.400000000000006,112.0,5.267e-08,metal1,metal1
47.405,5.6,3.353e-07,metal1,metal1
47.405,100.8,2.134e-06,metal1,metal1
47.9375,30.8,3.41e-07,metal1,metal1
47.425,72.8,5.151e-08,metal1,metal1
47.9525,16.8,1.903e-06,metal1,metal1
47.58,106.4,2.755e-06,metal1,metal1
47.4875,109.2,3.438e-07,metal1,metal1
47.83375,39.2,5.008e-07,metal1,metal1
48.0675,120.4,3.338e-06,metal1,metal1
47.4925,103.6,2.119e-10,metal1,metal1
47.587500000000006,112.0,4.214e-09,metal1,metal1
47.5025,5.6,3.353e-07,metal1,metal1
47.677499999999995,100.8,4.217e-09,metal1,metal1
47.9925,72.8,1.413e-09,metal1,metal1
47.515,134.4,4.959e-13,metal1,metal1
47.5425,33.53125,3.53e-11,metal1,metal1
47.56999999999999,126.0,2.047e-06,metal1,metal1
47.575,64.4,3.645e-09,metal1,metal1
47.584999999999994,22.4,8.557e-09,metal1,metal1
47.584999999999994,28.0,2.301e-08,metal1,metal1
47.5775,33.61625,2.673e-11,metal1,metal1
47.584999999999994,103.6,2.581e-10,metal1,metal1
47.9475,134.4,5.748e-15,metal1,metal1
47.59,50.4,1.783e-06,metal1,metal1
47.59,92.4,5.513e-08,metal1,metal1
47.595,109.2,2.459e-06,metal1,metal1
47.599999999999994,5.6,1.951e-07,metal1,metal1
47.620000000000005,11.2,1.352e-14,metal1,metal1
47.947500000000005,81.2,2.536e-06,metal1,metal1
47.6125,33.685,2.673e-11,metal1,metal1
47.675,126.0,2.047e-06,metal1,metal1
47.7625,64.4,3.645e-09,metal1,metal1
47.775,22.4,3.957e-07,metal1,metal1
48.599999999999994,28.0,1.097e-06,metal1,metal1
47.7675,33.6,3.674e-12,metal1,metal1
47.739999999999995,103.6,2.581e-10,metal1,metal1
47.682500000000005,50.4,1.783e-06,metal1,metal1
47.7775,92.4,4.392e-09,metal1,metal1
47.68,109.2,2.968e-06,metal1,metal1
47.7525,5.6,1.951e-07,metal1,metal1
47.8,11.2,1.747e-14,metal1,metal1
47.7475,95.2,6.244e-11,metal1,metal1
47.7475,137.2,2.207e-15,metal1,metal1
48.2025,131.6,2.643e-06,metal1,metal1
47.765,47.6,6.149e-08,metal1,metal1
47.765,98.0,6.143e-08,metal1,metal1
47.765,109.2,1.093e-07,metal1,metal1
47.765,114.8,4.46e-08,metal1,metal1
47.775000000000006,44.8,4.944e-08,metal1,metal1
47.775000000000006,50.4,3.636e-08,metal1,metal1
47.775000000000006,75.6,3.455e-08,metal1,metal1
47.775000000000006,112.0,2.829e-06,metal1,metal1
47.78,106.4,9.959e-08,metal1,metal1
47.78,126.0,7.523e-08,metal1,metal1
47.959999999999994,47.6,1.631e-06,metal1,metal1
48.0475,98.0,3.445e-09,metal1,metal1
48.0575,109.2,2.952e-06,metal1,metal1
48.144999999999996,114.8,1.646e-06,metal1,metal1
48.150000000000006,44.8,2.379e-06,metal1,metal1
47.965,50.4,1.744e-06,metal1,metal1
49.07625,75.6,1.659e-06,metal1,metal1
47.957499999999996,112.0,2.829e-06,metal1,metal1
47.9625,95.2,6.245e-11,metal1,metal1
48.16,106.4,2.638e-06,metal1,metal1
48.349999999999994,126.0,2.027e-06,metal1,metal1
48.0275,137.2,2.104e-15,metal1,metal1
47.894999999999996,103.6,5.253e-10,metal1,metal1
47.9375,5.6,1.434e-07,metal1,metal1
47.9375,14.0,3.09e-13,metal1,metal1
47.917500000000004,33.52125,3.674e-12,metal1,metal1
47.95,64.4,3.326e-09,metal1,metal1
47.95,100.8,2.351e-06,metal1,metal1
47.9525,33.60625,2.996e-12,metal1,metal1
47.955,140.0,1.555e-07,metal1,metal1
47.965,19.6,1.683e-08,metal1,metal1
47.965,22.4,7.736e-09,metal1,metal1
47.965,56.0,3.606e-08,metal1,metal1
47.965,92.4,2.948e-06,metal1,metal1
48.0175,103.6,6.843e-11,metal1,metal1
47.97,8.4,9.243e-09,metal1,metal1
47.9375,83.91499999999999,2.429e-06,metal1,metal1
47.9725,83.98375,2.327e-12,metal1,metal1
47.980000000000004,11.2,1.218e-11,metal1,metal1
47.989999999999995,67.2,1.889e-06,metal1,metal1
47.9875,33.685,2.996e-12,metal1,metal1
48.14,64.4,3.326e-09,metal1,metal1
48.045,100.8,1.731e-08,metal1,metal1
48.1425,33.6,2.996e-12,metal1,metal1
48.785,140.0,4.181e-06,metal1,metal1
48.34,19.6,7.965e-07,metal1,metal1
48.345,22.4,3.547e-07,metal1,metal1
48.458749999999995,56.0,1.712e-06,metal1,metal1
48.067499999999995,92.4,2.948e-06,metal1,metal1
48.1475,5.6,1.434e-07,metal1,metal1
48.1575,8.4,7.209e-10,metal1,metal1
48.2175,14.0,3.097e-13,metal1,metal1
48.0075,84.06875,2.327e-12,metal1,metal1
48.16,84.0,1.885e-11,metal1,metal1
48.3425,11.2,1.218e-11,metal1,metal1
48.455,67.2,1.889e-06,metal1,metal1
48.14,100.8,2.326e-06,metal1,metal1
48.14,103.6,4.051e-11,metal1,metal1
48.14,112.0,4.586e-08,metal1,metal1
48.144999999999996,53.2,5.345e-09,metal1,metal1
48.144999999999996,95.2,3.839e-11,metal1,metal1
48.155,47.6,3.323e-08,metal1,metal1
48.155,50.4,3.555e-08,metal1,metal1
48.17,92.4,5.444e-08,metal1,metal1
48.19,89.6,1.713e-09,metal1,metal1
48.91375,123.2,3.657e-06,metal1,metal1
48.245,100.8,2.326e-06,metal1,metal1
48.45,103.6,4.051e-11,metal1,metal1
48.33,112.0,4.095e-09,metal1,metal1
48.332499999999996,53.2,5.345e-09,metal1,metal1
48.31,95.2,3.839e-11,metal1,metal1
48.53,47.6,1.592e-06,metal1,metal1
48.82,50.4,1.704e-06,metal1,metal1
48.45,92.4,2.065e-10,metal1,metal1
48.2675,89.6,1.713e-09,metal1,metal1
48.275000000000006,137.2,4.549e-15,metal1,metal1
48.66125,39.2,5.008e-07,metal1,metal1
48.95125,86.8,4.343e-06,metal1,metal1
48.3575,5.6,2.049e-07,metal1,metal1
48.33,2.8,8.12e-07,metal1,metal1
48.33,33.6,1.089e-10,metal1,metal1
48.33,64.4,2.481e-06,metal1,metal1
48.33,98.0,3.757e-06,metal1,metal1
48.334999999999994,25.2,2.323e-08,metal1,metal1
48.345,8.4,4.837e-07,metal1,metal1
48.345,78.4,5.31e-08,metal1,metal1
48.345,81.2,3.611e-08,metal1,metal1
48.345,84.0,1.267e-08,metal1,metal1
48.345,89.6,2.445e-10,metal1,metal1
48.707499999999996,137.2,1.374e-15,metal1,metal1
48.349999999999994,100.8,8.471e-08,metal1,metal1
48.349999999999994,109.2,5.459e-08,metal1,metal1
48.370000000000005,117.6,2.067e-06,metal1,metal1
48.379999999999995,134.4,1.051e-11,metal1,metal1
49.587500000000006,2.8,8.12e-07,metal1,metal1
48.432500000000005,33.6,1.089e-10,metal1,metal1
48.4275,64.4,2.481e-06,metal1,metal1
48.4275,98.0,3.757e-06,metal1,metal1
48.8275,25.2,5.862e-07,metal1,metal1
48.825,8.4,4.837e-07,metal1,metal1
48.8125,78.4,2.558e-06,metal1,metal1
48.838750000000005,81.2,2.463e-06,metal1,metal1
48.41,84.0,1.267e-08,metal1,metal1
48.447500000000005,89.6,2.445e-10,metal1,metal1
48.894999999999996,100.8,2.262e-06,metal1,metal1
48.537499999999994,109.2,4.148e-09,metal1,metal1
48.447500000000005,117.6,2.067e-06,metal1,metal1
48.56,134.4,1.052e-11,metal1,metal1
48.5275,5.6,2.049e-07,metal1,metal1
48.465,14.0,4.549e-15,metal1,metal1
48.5075,84.0,1.354e-08,metal1,metal1
48.5075,95.2,2.323e-11,metal1,metal1
48.519999999999996,53.2,4.975e-09,metal1,metal1
48.519999999999996,112.0,2.8e-06,metal1,metal1
48.525000000000006,16.8,2.659e-09,metal1,metal1
48.525000000000006,30.8,1.13e-08,metal1,metal1
48.525000000000006,44.8,8.669e-08,metal1,metal1
48.525000000000006,64.4,3.371e-09,metal1,metal1
48.525000000000006,70.0,2.152e-09,metal1,metal1
48.525000000000006,98.0,6.938e-08,metal1,metal1
48.525000000000006,114.8,5.977e-08,metal1,metal1
48.525000000000006,117.6,7.279e-08,metal1,metal1
48.8975,14.0,4.998e-16,metal1,metal1
48.535,33.6,1.158e-10,metal1,metal1
48.540000000000006,106.4,4.879e-08,metal1,metal1
48.55,89.6,2.435e-07,metal1,metal1
48.56,72.8,3.315e-06,metal1,metal1
49.176249999999996,128.8,2.817e-06,metal1,metal1
48.71,53.2,4.975e-09,metal1,metal1
48.807500000000005,112.0,2.8e-06,metal1,metal1
48.712500000000006,16.8,2.659e-09,metal1,metal1
48.815,30.8,2.708e-07,metal1,metal1
48.8175,44.8,2.316e-06,metal1,metal1
48.712500000000006,64.4,3.371e-09,metal1,metal1
48.712500000000006,70.0,2.152e-09,metal1,metal1
48.712500000000006,98.0,2.796e-10,metal1,metal1
49.7775,114.8,1.591e-06,metal1,metal1
48.7225,117.6,5.147e-09,metal1,metal1
48.6225,33.6,1.158e-10,metal1,metal1
48.625,84.0,1.354e-08,metal1,metal1
48.7875,95.2,2.323e-11,metal1,metal1
48.727500000000006,106.4,3.834e-09,metal1,metal1
48.835,89.6,2.435e-07,metal1,metal1
48.7375,72.8,3.315e-06,metal1,metal1
49.50375,42.0,1.667e-06,metal1,metal1
48.697500000000005,5.6,2.025e-08,metal1,metal1
48.7375,11.2,1.858e-08,metal1,metal1
48.709999999999994,33.6,3.808e-08,metal1,metal1
48.709999999999994,84.0,6.791e-09,metal1,metal1
48.715,19.6,1.085e-09,metal1,metal1
48.724999999999994,22.4,6.927e-09,metal1,metal1
48.724999999999994,36.4,3.612e-08,metal1,metal1
48.724999999999994,109.2,2.782e-06,metal1,metal1
48.697500000000005,92.485,2.065e-10,metal1,metal1
48.7325,92.4,1.906e-10,metal1,metal1
48.739999999999995,131.6,4.884e-08,metal1,metal1
48.739999999999995,134.4,7.53e-09,metal1,metal1
48.75,120.4,3.308e-06,metal1,metal1
48.760000000000005,103.6,1.274e-09,metal1,metal1
49.0975,33.6,3.808e-08,metal1,metal1
48.9025,84.0,6.791e-09,metal1,metal1
48.9025,19.6,1.085e-09,metal1,metal1
49.2,22.4,3.172e-07,metal1,metal1
48.91,36.4,1.733e-06,metal1,metal1
49.12,109.2,2.782e-06,metal1,metal1
48.9225,5.6,2.025e-08,metal1,metal1
48.7675,92.315,1.906e-10,metal1,metal1
49.3,92.4,1.171e-09,metal1,metal1
49.0225,131.6,2.201e-09,metal1,metal1
49.019999999999996,134.4,7.53e-09,metal1,metal1
49.215,120.4,3.308e-06,metal1,metal1
48.84,103.6,1.274e-09,metal1,metal1
49.332499999999996,11.2,1.858e-08,metal1,metal1
48.900000000000006,16.8,3.67e-08,metal1,metal1
48.900000000000006,53.2,3.712e-06,metal1,metal1
48.900000000000006,64.4,1.231e-10,metal1,metal1
48.900000000000006,70.0,3.118e-08,metal1,metal1
48.8675,98.08500000000001,2.796e-10,metal1,metal1
48.905,47.6,2.164e-09,metal1,metal1
48.9025,98.01625,3.051e-10,metal1,metal1
48.915000000000006,72.8,6.799e-08,metal1,metal1
48.915000000000006,106.4,2.573e-06,metal1,metal1
48.92,67.2,3.494e-08,metal1,metal1
48.92,103.6,1.747e-10,metal1,metal1
48.92,117.6,2.815e-10,metal1,metal1
48.92,126.0,3.749e-08,metal1,metal1
49.37625,56.0,1.712e-06,metal1,metal1
49.962500000000006,16.8,1.754e-06,metal1,metal1
48.9975,53.2,3.712e-06,metal1,metal1
49.09,64.4,3.294e-09,metal1,metal1
49.301249999999996,70.0,1.49e-06,metal1,metal1
48.9375,97.93125,3.051e-10,metal1,metal1
49.0925,47.6,2.164e-09,metal1,metal1
49.1875,98.0,3.272e-09,metal1,metal1
49.36,72.8,3.281e-06,metal1,metal1
49.595,106.4,2.573e-06,metal1,metal1
49.1075,67.2,2.788e-09,metal1,metal1
49.019999999999996,103.6,1.747e-10,metal1,metal1
49.025,117.6,2.815e-10,metal1,metal1
49.1075,126.0,2.93e-09,metal1,metal1
49.035,95.2,1.911e-13,metal1,metal1
49.09,19.6,2.163e-09,metal1,metal1
49.095,36.4,1.189e-09,metal1,metal1
49.095,53.2,5.044e-09,metal1,metal1
49.095,84.0,3.229e-10,metal1,metal1
49.08,111.91499999999999,1.508e-09,metal1,metal1
49.105000000000004,30.8,5.139e-09,metal1,metal1
49.4675,95.2,1.328e-11,metal1,metal1
49.11,39.2,9.252e-09,metal1,metal1
49.11,44.8,9.313e-09,metal1,metal1
49.114999999999995,5.6,1.073e-07,metal1,metal1
49.120000000000005,89.6,1.169e-06,metal1,metal1
49.120000000000005,103.6,2.2e-07,metal1,metal1
49.129999999999995,117.6,1.658e-06,metal1,metal1
49.115,111.98375,1.508e-09,metal1,metal1
49.14,137.2,2.694e-12,metal1,metal1
49.192499999999995,19.6,2.163e-09,metal1,metal1
49.2825,36.4,1.189e-09,metal1,metal1
49.2825,53.2,5.044e-09,metal1,metal1
49.165000000000006,84.0,3.23e-10,metal1,metal1
49.150000000000006,112.06875,4.212e-09,metal1,metal1
49.675,30.8,2.277e-07,metal1,metal1
49.4875,39.2,3.077e-10,metal1,metal1
49.2025,44.8,9.313e-09,metal1,metal1
49.17,5.6,1.073e-07,metal1,metal1
49.197500000000005,89.6,1.169e-06,metal1,metal1
49.39,103.6,2.2e-07,metal1,metal1
49.605000000000004,117.6,1.59e-09,metal1,metal1
49.3025,112.0,4.649e-09,metal1,metal1
49.32,137.2,2.694e-12,metal1,metal1
49.224999999999994,5.6,1.667e-09,metal1,metal1
49.2675,84.0,1.87e-10,metal1,metal1
49.307500000000005,89.6,2.8e-06,metal1,metal1
49.28,47.6,4.557e-11,metal1,metal1
49.28,64.4,2.289e-06,metal1,metal1
49.28,78.4,2.494e-06,metal1,metal1
49.42,5.6,2.261e-08,metal1,metal1
49.295,19.6,1.783e-10,metal1,metal1
49.295,44.8,3.08e-09,metal1,metal1
49.295,67.2,1.872e-06,metal1,metal1
49.295,126.0,1.966e-06,metal1,metal1
49.3,134.4,1.632e-08,metal1,metal1
49.30500000000001,8.4,1.833e-09,metal1,metal1
49.30500000000001,131.6,2.391e-06,metal1,metal1
49.7425,25.2,5.862e-07,metal1,metal1
49.33,14.0,9.973e-13,metal1,metal1
49.75625,81.2,2.463e-06,metal1,metal1
49.47,47.6,3.04e-10,metal1,metal1
49.4725,64.4,2.289e-06,metal1,metal1
49.662499999999994,78.4,2.494e-06,metal1,metal1
49.3825,19.6,1.783e-10,metal1,metal1
49.39,44.8,3.08e-09,metal1,metal1
49.385,67.2,1.872e-06,metal1,metal1
49.6875,126.0,2.44e-09,metal1,metal1
49.385000000000005,84.0,1.87e-10,metal1,metal1
49.3825,134.4,1.632e-08,metal1,metal1
49.41,8.4,1.833e-09,metal1,metal1
49.395,131.6,2.391e-06,metal1,metal1
49.510000000000005,14.0,9.992e-13,metal1,metal1
49.5125,89.6,1.123e-08,metal1,metal1
49.915,100.8,2.262e-06,metal1,metal1
49.4975,134.4,3.165e-08,metal1,metal1
49.47,19.6,6.466e-07,metal1,metal1
49.45,36.485,1.189e-09,metal1,metal1
49.47,53.2,1.848e-10,metal1,metal1
49.47,84.0,9.809e-11,metal1,metal1
49.47,98.0,3.627e-06,metal1,metal1
49.47,112.0,1.324e-08,metal1,metal1
49.474999999999994,67.2,2.546e-09,metal1,metal1
49.485,33.6,1.224e-09,metal1,metal1
49.485,44.8,2.234e-06,metal1,metal1
49.485,50.4,3.475e-08,metal1,metal1
49.485,131.6,3.118e-09,metal1,metal1
49.485,36.4,3.15e-10,metal1,metal1
49.5,137.2,1.928e-09,metal1,metal1
49.515,8.4,1.802e-10,metal1,metal1
49.84,109.2,2.782e-06,metal1,metal1
49.667500000000004,19.6,6.466e-07,metal1,metal1
49.519999999999996,36.315,3.15e-10,metal1,metal1
49.66,53.2,4.964e-09,metal1,metal1
49.6325,84.0,9.81e-11,metal1,metal1
49.565,98.0,3.627e-06,metal1,metal1
49.585,112.0,1.324e-08,metal1,metal1
49.662499999999994,67.2,2.546e-09,metal1,metal1
49.8775,33.6,8.063e-08,metal1,metal1
49.7625,44.8,3.945e-09,metal1,metal1
49.675,50.4,1.667e-06,metal1,metal1
49.675,131.6,3.118e-09,metal1,metal1
49.675,36.4,5.416e-09,metal1,metal1
49.8625,137.2,1.928e-09,metal1,metal1
49.66,8.4,1.802e-10,metal1,metal1
49.6025,134.4,3.165e-08,metal1,metal1
49.6475,5.6,1.755e-08,metal1,metal1
50.56,28.0,1.097e-06,metal1,metal1
50.375,140.0,4.181e-06,metal1,metal1
49.6325,47.515,3.04e-10,metal1,metal1
49.66,98.0,5.94e-08,metal1,metal1
49.66,103.6,7.966e-07,metal1,metal1
49.665000000000006,64.4,7.203e-10,metal1,metal1
49.675,22.4,6.146e-09,metal1,metal1
49.667500000000004,47.542500000000004,1.018e-09,metal1,metal1
49.675,134.4,4.181e-06,metal1,metal1
49.68000000000001,86.8,2.932e-08,metal1,metal1
49.68000000000001,120.4,6.117e-08,metal1,metal1
49.685,89.6,4.128e-06,metal1,metal1
49.69,14.0,7.151e-10,metal1,metal1
49.7,112.0,2.685e-06,metal1,metal1
49.7,123.2,3.545e-06,metal1,metal1
50.03375,70.0,1.49e-06,metal1,metal1
49.7025,47.6275,1.018e-09,metal1,metal1
49.9525,98.0,3.123e-09,metal1,metal1
49.7525,103.6,7.966e-07,metal1,metal1
49.852500000000006,64.4,7.203e-10,metal1,metal1
50.332499999999996,22.4,2.79e-07,metal1,metal1
50.34,47.6,1.483e-06,metal1,metal1
49.8575,134.4,4.181e-06,metal1,metal1
49.885000000000005,5.6,1.755e-08,metal1,metal1
49.7675,86.8,2.932e-08,metal1,metal1
49.86750000000001,120.4,4.73e-09,metal1,metal1
50.254999999999995,89.6,4.128e-06,metal1,metal1
50.0525,14.0,7.151e-10,metal1,metal1
49.885,112.0,2.685e-06,metal1,metal1
50.0625,123.2,3.545e-06,metal1,metal1
49.787499999999994,84.09375,3.652e-12,metal1,metal1
51.12375,61.6,2.611e-06,metal1,metal1
49.837500000000006,8.4,2.133e-10,metal1,metal1
50.18000000000001,72.8,3.281e-06,metal1,metal1
49.8775,103.6,2.418e-06,metal1,metal1
49.849999999999994,36.4,1.422e-09,metal1,metal1
49.849999999999994,53.2,3.45e-06,metal1,metal1
49.849999999999994,67.2,2.443e-09,metal1,metal1
49.8225,84.00874999999999,3.652e-12,metal1,metal1
49.855000000000004,58.8,7.906e-08,metal1,metal1
49.855000000000004,86.8,1.148e-08,metal1,metal1
49.855000000000004,128.8,1.029e-07,metal1,metal1
49.864999999999995,19.6,1.289e-08,metal1,metal1
49.864999999999995,39.2,4.625e-07,metal1,metal1
49.864999999999995,50.4,3.397e-08,metal1,metal1
49.8575,83.91499999999999,1.44e-08,metal1,metal1
49.864999999999995,92.4,2.777e-06,metal1,metal1
49.864999999999995,131.6,6.883e-11,metal1,metal1
49.870000000000005,56.0,6.276e-08,metal1,metal1
49.894999999999996,11.2,2.997e-10,metal1,metal1
49.900000000000006,95.2,2.363e-08,metal1,metal1
49.9475,36.4,1.422e-09,metal1,metal1
50.2475,53.2,3.45e-06,metal1,metal1
50.04,67.2,2.443e-09,metal1,metal1
49.955,84.0,1.44e-08,metal1,metal1
50.045,58.8,2.104e-06,metal1,metal1
49.955,86.8,1.148e-08,metal1,metal1
49.9625,128.8,2.758e-06,metal1,metal1
50.055,19.6,6.033e-07,metal1,metal1
50.5325,39.2,4.625e-07,metal1,metal1
50.239999999999995,50.4,1.628e-06,metal1,metal1
50.1425,92.4,5.057e-09,metal1,metal1
50.15,131.6,1.968e-09,metal1,metal1
49.975,8.4,2.133e-10,metal1,metal1
50.1475,56.0,1.687e-06,metal1,metal1
50.177499999999995,11.2,7.167e-11,metal1,metal1
49.9725,95.2,2.363e-08,metal1,metal1
50.723749999999995,103.6,3.344e-06,metal1,metal1
50.040000000000006,44.8,2.05e-06,metal1,metal1
50.015,64.315,7.203e-10,metal1,metal1
50.040000000000006,134.4,9.002e-08,metal1,metal1
50.019999999999996,36.485,1.422e-09,metal1,metal1
50.045,78.4,3.389e-09,metal1,metal1
50.045,95.2,1.443e-08,metal1,metal1
50.05500000000001,86.8,1.522e-07,metal1,metal1
50.05500000000001,120.4,3.173e-06,metal1,metal1
50.05,64.4,9.764e-11,metal1,metal1
50.06,84.0,1.755e-10,metal1,metal1
50.055,36.4,2.595e-10,metal1,metal1
50.06999999999999,112.0,2.812e-08,metal1,metal1
50.06999999999999,128.8,5.098e-08,metal1,metal1
50.08,8.4,2.394e-10,metal1,metal1
50.08,117.6,1.472e-06,metal1,metal1
50.08,126.0,1.939e-06,metal1,metal1
50.09,5.6,2.956e-08,metal1,metal1
50.61,44.8,2.05e-06,metal1,metal1
50.085,64.485,9.764e-11,metal1,metal1
50.135000000000005,134.4,2.565e-10,metal1,metal1
50.09,36.315,2.595e-10,metal1,metal1
50.2325,78.4,3.389e-09,metal1,metal1
50.1525,95.2,1.443e-08,metal1,metal1
50.1425,86.8,1.866e-08,metal1,metal1
50.24,120.4,3.173e-06,metal1,metal1
50.239999999999995,64.4,1.098e-10,metal1,metal1
50.349999999999994,84.0,4.89e-09,metal1,metal1
50.2425,36.4,2.595e-10,metal1,metal1
50.1525,112.0,2.812e-08,metal1,metal1
50.3525,128.8,2.456e-09,metal1,metal1
50.260000000000005,8.4,2.394e-10,metal1,metal1
50.8,117.6,1.472e-06,metal1,metal1
50.66125,126.0,1.939e-06,metal1,metal1
50.2325,5.6,2.956e-08,metal1,metal1
50.2575,137.2,2.942e-06,metal1,metal1
50.230000000000004,67.2,1.823e-06,metal1,metal1
50.230000000000004,86.8,4.266e-06,metal1,metal1
50.230000000000004,134.4,2.07e-08,metal1,metal1
50.235,25.2,7.976e-10,metal1,metal1
50.235,58.8,7.549e-08,metal1,metal1
50.235,109.2,6.391e-08,metal1,metal1
50.235,112.0,1.02e-07,metal1,metal1
50.245000000000005,19.6,1.194e-08,metal1,metal1
50.245000000000005,30.8,4.269e-09,metal1,metal1
50.245000000000005,98.0,1.795e-10,metal1,metal1
50.25,81.2,1.697e-08,metal1,metal1
50.260000000000005,95.2,9.172e-08,metal1,metal1
50.269999999999996,33.6,2.121e-09,metal1,metal1
50.275000000000006,106.4,4.168e-08,metal1,metal1
51.245000000000005,67.2,1.823e-06,metal1,metal1
50.3275,86.8,4.266e-06,metal1,metal1
50.435,134.4,2.191e-07,metal1,metal1
50.4225,25.2,7.976e-10,metal1,metal1
50.5175,58.8,1.984e-06,metal1,metal1
50.620000000000005,109.2,2.421e-06,metal1,metal1
50.4225,112.0,6.196e-10,metal1,metal1
50.620000000000005,19.6,5.553e-07,metal1,metal1
51.07125,30.8,1.864e-07,metal1,metal1
50.332499999999996,98.0,1.795e-10,metal1,metal1
50.3375,81.2,1.697e-08,metal1,metal1
50.545,95.2,1.053e-07,metal1,metal1
50.3475,33.6,5.04e-08,metal1,metal1
50.557500000000005,106.4,2.201e-09,metal1,metal1
50.64,137.2,2.942e-06,metal1,metal1
50.3775,5.685,1.877e-08,metal1,metal1
51.60875,75.6,1.659e-06,metal1,metal1
50.447500000000005,14.0,1.091e-06,metal1,metal1
50.42,36.4,2.208e-09,metal1,metal1
50.3925,64.315,1.098e-10,metal1,metal1
50.42,78.4,1.259e-10,metal1,metal1
50.42,92.4,2.716e-06,metal1,metal1
50.42,98.0,3.417e-06,metal1,metal1
50.425,33.6,2.398e-08,metal1,metal1
50.4025,42.085,1.667e-06,metal1,metal1
50.425,56.0,2.293e-09,metal1,metal1
50.425,81.2,3.314e-09,metal1,metal1
50.425,86.8,7.879e-08,metal1,metal1
50.425,120.4,5.868e-08,metal1,metal1
50.425,123.2,1.306e-07,metal1,metal1
50.427499999999995,64.4,2.223e-06,metal1,metal1
50.435,70.0,2.998e-08,metal1,metal1
50.435,131.6,2.203e-06,metal1,metal1
50.44,8.4,9.504e-11,metal1,metal1
50.445,5.61625,2.002e-09,metal1,metal1
50.4375,42.0,1.533e-10,metal1,metal1
50.459999999999994,11.2,7.975e-08,metal1,metal1
50.459999999999994,100.8,2.154e-06,metal1,metal1
50.61,36.4,2.208e-09,metal1,metal1
50.4625,64.485,2.223e-06,metal1,metal1
50.61,78.4,3.429e-09,metal1,metal1
50.6125,92.4,2.716e-06,metal1,metal1
50.8075,98.0,3.417e-06,metal1,metal1
50.5375,33.6,2.398e-08,metal1,metal1
50.4725,41.915,1.533e-10,metal1,metal1
50.6125,56.0,2.293e-09,metal1,metal1
50.6125,81.2,3.314e-09,metal1,metal1
50.6125,86.8,1.523e-09,metal1,metal1
50.6125,120.4,4.549e-09,metal1,metal1
50.5275,123.2,3.528e-06,metal1,metal1
51.208749999999995,64.4,2.223e-06,metal1,metal1
50.7225,70.0,1.418e-06,metal1,metal1
50.6275,131.6,2.203e-06,metal1,metal1
50.480000000000004,5.53125,2.002e-09,metal1,metal1
50.5025,8.4,9.504e-11,metal1,metal1
50.692499999999995,5.6,2.002e-09,metal1,metal1
50.635,42.0,5.143e-09,metal1,metal1
50.6325,11.2,7.975e-08,metal1,metal1
50.83,100.8,2.154e-06,metal1,metal1
50.65,14.0,1.091e-06,metal1,metal1
50.5975,8.4,4.584e-11,metal1,metal1
50.61,25.2,7.264e-10,metal1,metal1
50.587500000000006,111.89750000000001,6.196e-10,metal1,metal1
50.614999999999995,50.4,6.338e-08,metal1,metal1
50.625,72.8,4.686e-08,metal1,metal1
50.629999999999995,123.2,6.525e-08,metal1,metal1
50.6225,111.9825,8.584e-10,metal1,metal1
50.635000000000005,128.8,2.672e-06,metal1,metal1
50.614999999999995,83.91499999999999,4.89e-09,metal1,metal1
50.64,134.4,6.434e-07,metal1,metal1
50.9725,53.2,3.45e-06,metal1,metal1
50.650000000000006,33.6,4.153e-08,metal1,metal1
50.65,83.97375,1.964e-11,metal1,metal1
50.8,25.2,7.264e-10,metal1,metal1
50.6575,112.08500000000001,8.584e-10,metal1,metal1
50.707499999999996,50.4,6.338e-08,metal1,metal1
51.0925,72.8,3.205e-06,metal1,metal1
50.7225,8.4,4.584e-11,metal1,metal1
50.817499999999995,123.2,5.155e-09,metal1,metal1
51.17,112.0,2.482e-06,metal1,metal1
50.815,128.8,2.672e-06,metal1,metal1
50.685,84.05875,1.964e-11,metal1,metal1
50.72,134.4,6.434e-07,metal1,metal1
50.725,33.6,4.153e-08,metal1,metal1
50.84,84.0,2.744e-10,metal1,metal1
50.8,33.6,3.305e-10,metal1,metal1
50.8,36.4,1.649e-06,metal1,metal1
50.8,50.4,5.628e-08,metal1,metal1
50.8,56.0,8.352e-11,metal1,metal1
50.8,58.8,1.906e-06,metal1,metal1
50.8,78.4,2.383e-06,metal1,metal1
50.8,81.2,6.127e-11,metal1,metal1
50.78,86.715,1.523e-09,metal1,metal1
50.8,120.4,3.052e-06,metal1,metal1
50.8,134.4,3.083e-06,metal1,metal1
50.80500000000001,11.2,1.157e-10,metal1,metal1
50.80500000000001,92.4,9.743e-08,metal1,metal1
50.815,8.4,5.601e-11,metal1,metal1
50.81999999999999,14.0,2.018e-08,metal1,metal1
50.81999999999999,42.0,4.586e-09,metal1,metal1
50.81999999999999,131.6,7.966e-09,metal1,metal1
50.825,89.6,4.097e-09,metal1,metal1
50.815,86.8,7.885e-10,metal1,metal1
50.83,95.2,5.019e-07,metal1,metal1
50.84,106.4,2.398e-06,metal1,metal1
52.0325,2.8,8.12e-07,metal1,metal1
50.99,33.6,3.305e-10,metal1,metal1
51.095,36.4,1.649e-06,metal1,metal1
50.894999999999996,50.4,5.628e-08,metal1,metal1
50.99,56.0,2.23e-09,metal1,metal1
51.085,58.8,1.906e-06,metal1,metal1
51.085,78.4,2.383e-06,metal1,metal1
50.99,81.2,4.65e-12,metal1,metal1
50.85,86.88499999999999,7.885e-10,metal1,metal1
50.9925,120.4,3.052e-06,metal1,metal1
51.0025,134.4,9.228e-09,metal1,metal1
50.99250000000001,11.2,1.157e-10,metal1,metal1
50.8975,92.4,2.561e-06,metal1,metal1
50.97,8.4,5.601e-11,metal1,metal1
51.00749999999999,14.0,1.602e-09,metal1,metal1
50.9175,42.0,4.586e-09,metal1,metal1
50.9075,131.6,7.966e-09,metal1,metal1
51.075,89.6,4.097e-09,metal1,metal1
51.1125,86.8,3.729e-09,metal1,metal1
50.9075,95.2,5.019e-07,metal1,metal1
51.019999999999996,106.4,2.398e-06,metal1,metal1
50.935,5.6,7.961e-10,metal1,metal1
51.0175,95.2,1.203e-06,metal1,metal1
50.989999999999995,22.4,7.63e-08,metal1,metal1
50.989999999999995,25.2,5.419e-07,metal1,metal1
50.989999999999995,50.4,1.881e-09,metal1,metal1
50.989999999999995,92.4,1.043e-07,metal1,metal1
50.989999999999995,137.2,4.818e-08,metal1,metal1
50.995000000000005,19.6,7.726e-10,metal1,metal1
50.995000000000005,128.8,6.277e-08,metal1,metal1
50.995000000000005,131.6,1.929e-09,metal1,metal1
51.055,5.6,4.245e-08,metal1,metal1
51.004999999999995,47.6,8.533e-09,metal1,metal1
51.004999999999995,109.2,3.157e-09,metal1,metal1
51.004999999999995,123.2,3.46e-06,metal1,metal1
51.010000000000005,70.0,2.622e-08,metal1,metal1
51.015,42.0,1.023e-08,metal1,metal1
51.019999999999996,84.0,5.657e-10,metal1,metal1
52.0175,16.8,1.754e-06,metal1,metal1
52.2125,114.8,1.591e-06,metal1,metal1
51.4725,22.4,7.63e-08,metal1,metal1
51.53,25.2,5.419e-07,metal1,metal1
51.18,50.4,1.881e-09,metal1,metal1
51.655,92.4,2.433e-06,metal1,metal1
51.370000000000005,137.2,1.837e-09,metal1,metal1
51.182500000000005,19.6,7.726e-10,metal1,metal1
51.47,128.8,2.438e-06,metal1,metal1
51.095,131.6,6.534e-09,metal1,metal1
51.095,47.6,8.533e-09,metal1,metal1
51.195,109.2,3.157e-09,metal1,metal1
51.480000000000004,123.2,3.46e-06,metal1,metal1
51.197500000000005,70.0,1.957e-09,metal1,metal1
51.105,42.0,1.023e-08,metal1,metal1
51.1125,84.0,5.657e-10,metal1,metal1
51.2225,95.2,4.731e-09,metal1,metal1
51.120000000000005,8.30625,1.061e-11,metal1,metal1
51.207499999999996,5.6,2.445e-08,metal1,metal1
51.18000000000001,11.2,4.64e-09,metal1,metal1
51.18000000000001,33.6,2.054e-07,metal1,metal1
51.18000000000001,44.8,1.904e-06,metal1,metal1
51.18000000000001,56.0,1.55e-06,metal1,metal1
51.18000000000001,81.2,3.17e-09,metal1,metal1
51.155,8.408750000000001,1.061e-11,metal1,metal1
51.185,47.6,2.667e-08,metal1,metal1
51.185,120.4,7.316e-08,metal1,metal1
51.19,8.502500000000001,8.619e-11,metal1,metal1
51.19499999999999,14.0,1.075e-06,metal1,metal1
51.19499999999999,42.0,1.53e-06,metal1,metal1
51.19499999999999,98.0,4.457e-09,metal1,metal1
51.19499999999999,131.6,2.096e-06,metal1,metal1
51.2,39.2,7.171e-09,metal1,metal1
51.2,100.8,7.82e-08,metal1,metal1
51.2,106.4,1.103e-08,metal1,metal1
51.205,84.0,1.666e-09,metal1,metal1
51.205,134.4,3.846e-06,metal1,metal1
51.205,140.0,4.087e-09,metal1,metal1
51.75375,126.0,1.939e-06,metal1,metal1
51.4675,11.2,2.22e-07,metal1,metal1
51.3775,33.6,2.054e-07,metal1,metal1
51.7675,44.8,1.904e-06,metal1,metal1
51.63,56.0,1.55e-06,metal1,metal1
51.370000000000005,81.2,3.17e-09,metal1,metal1
51.3725,8.4,8.619e-11,metal1,metal1
51.3725,47.6,2.052e-09,metal1,metal1
51.480000000000004,120.4,2.904e-06,metal1,metal1
51.83125,14.0,1.075e-06,metal1,metal1
51.2975,42.0,1.53e-06,metal1,metal1
51.385,98.0,4.457e-09,metal1,metal1
51.7675,131.6,2.096e-06,metal1,metal1
51.3875,39.2,6.58e-10,metal1,metal1
51.73625,100.8,2.082e-06,metal1,metal1
51.295,106.4,1.103e-08,metal1,metal1
51.39,84.0,1.666e-09,metal1,metal1
51.2975,134.4,3.846e-06,metal1,metal1
51.455,140.0,4.087e-09,metal1,metal1
51.41,5.6,2.445e-08,metal1,metal1
51.3575,89.6,6.262e-08,metal1,metal1
51.370000000000005,19.6,8.437e-09,metal1,metal1
51.370000000000005,50.4,1.33e-06,metal1,metal1
51.370000000000005,53.2,3.368e-06,metal1,metal1
51.370000000000005,58.8,1.755e-06,metal1,metal1
51.370000000000005,78.4,2.322e-06,metal1,metal1
51.385000000000005,70.0,1.312e-06,metal1,metal1
51.385000000000005,109.2,6.935e-11,metal1,metal1
51.39,36.4,3.049e-08,metal1,metal1
51.39,106.4,3.495e-11,metal1,metal1
51.39,134.4,2.285e-08,metal1,metal1
51.394999999999996,86.8,4.133e-06,metal1,metal1
51.394999999999996,95.2,1.715e-06,metal1,metal1
51.400000000000006,42.0,1.624e-08,metal1,metal1
51.8475,19.6,4.03e-07,metal1,metal1
51.4675,50.4,1.33e-06,metal1,metal1
51.915,53.2,3.368e-06,metal1,metal1
51.845,58.8,1.755e-06,metal1,metal1
52.10125,78.4,2.322e-06,metal1,metal1
51.575,70.0,1.312e-06,metal1,metal1
51.67,109.2,1.968e-09,metal1,metal1
51.5775,36.4,2.371e-09,metal1,metal1
51.685,89.6,1.303e-11,metal1,metal1
51.4825,106.4,3.495e-11,metal1,metal1
51.4875,134.4,2.285e-08,metal1,metal1
51.791250000000005,86.8,4.133e-06,metal1,metal1
51.480000000000004,95.2,1.715e-06,metal1,metal1
51.4825,42.0,1.624e-08,metal1,metal1
52.17,117.6,1.472e-06,metal1,metal1
52.28125,103.6,3.344e-06,metal1,metal1
51.56,8.4,7.04e-12,metal1,metal1
51.56,47.6,1.377e-06,metal1,metal1
51.56,72.8,5.189e-08,metal1,metal1
51.56,81.2,2.368e-06,metal1,metal1
51.565,42.0,5.231e-08,metal1,metal1
51.565,50.4,1.807e-09,metal1,metal1
51.565,95.2,6.251e-08,metal1,metal1
51.575,28.0,2.221e-08,metal1,metal1
51.575,33.6,4.643e-09,metal1,metal1
51.575,39.2,3.611e-07,metal1,metal1
51.575,84.0,9.983e-11,metal1,metal1
51.575,98.0,8.354e-10,metal1,metal1
51.575,106.4,1.065e-08,metal1,metal1
51.58,5.6,1.306e-09,metal1,metal1
51.584999999999994,134.4,1.22e-08,metal1,metal1
51.775,8.4,4.235e-10,metal1,metal1
51.6575,47.6,1.377e-06,metal1,metal1
51.75,72.8,8.675e-10,metal1,metal1
52.0175,81.2,2.368e-06,metal1,metal1
51.7525,42.0,4.219e-10,metal1,metal1
51.7525,50.4,1.807e-09,metal1,metal1
51.667500000000004,95.2,1.67e-06,metal1,metal1
52.05,28.0,1.057e-06,metal1,metal1
51.95,33.6,2.45e-07,metal1,metal1
52.042500000000004,39.2,3.611e-07,metal1,metal1
51.66,84.0,9.983e-11,metal1,metal1
51.67,98.0,5.727e-08,metal1,metal1
51.67,106.4,1.065e-08,metal1,metal1
51.69,5.6,1.306e-09,metal1,metal1
51.675,134.4,1.22e-08,metal1,metal1
52.17,112.0,2.482e-06,metal1,metal1
51.7375,140.0,5.481e-12,metal1,metal1
51.7775,84.0,1.318e-06,metal1,metal1
51.75,137.2,2.789e-06,metal1,metal1
51.754999999999995,11.2,3.147e-10,metal1,metal1
51.754999999999995,47.6,1.873e-09,metal1,metal1
51.765,36.4,1.591e-06,metal1,metal1
51.765,70.0,2.667e-08,metal1,metal1
51.765,98.0,4.086e-10,metal1,metal1
51.765,106.4,2.274e-06,metal1,metal1
51.765,134.4,1.228e-08,metal1,metal1
51.769999999999996,95.2,1.593e-06,metal1,metal1
51.775000000000006,120.4,1.254e-08,metal1,metal1
51.8,5.6,2.06e-09,metal1,metal1
52.13249999999999,137.2,2.789e-06,metal1,metal1
51.942499999999995,11.2,3.147e-10,metal1,metal1
51.942499999999995,47.6,1.873e-09,metal1,metal1
52.14,36.4,1.591e-06,metal1,metal1
52.30625,70.0,1.275e-06,metal1,metal1
51.955,98.0,1.764e-08,metal1,metal1
52.16875,106.4,2.274e-06,metal1,metal1
51.925,134.4,1.228e-08,metal1,metal1
52.055,95.2,1.593e-06,metal1,metal1
52.1175,140.0,5.481e-12,metal1,metal1
51.86,120.4,1.254e-08,metal1,metal1
51.8775,5.6,2.06e-09,metal1,metal1
52.167500000000004,84.0,1.318e-06,metal1,metal1
52.65375,30.8,1.864e-07,metal1,metal1
51.917500000000004,41.915,4.219e-10,metal1,metal1
51.94,50.4,6.786e-11,metal1,metal1
51.915,72.72125,8.675e-10,metal1,metal1
51.94499999999999,120.4,2.21e-10,metal1,metal1
51.94499999999999,128.8,4.508e-08,metal1,metal1
51.955,5.6,2.994e-09,metal1,metal1
51.955,22.4,3.038e-10,metal1,metal1
51.955,109.2,2.203e-06,metal1,metal1
51.955,123.2,4.147e-10,metal1,metal1
51.95,72.80625,5.508e-10,metal1,metal1
51.9525,42.0,1.197e-08,metal1,metal1
51.980000000000004,89.6,7.779e-08,metal1,metal1
52.68625,64.4,2.223e-06,metal1,metal1
51.989999999999995,8.4,2.796e-12,metal1,metal1
51.9875,42.085,1.197e-08,metal1,metal1
52.129999999999995,50.4,1.868e-09,metal1,metal1
51.985,72.88499999999999,5.508e-10,metal1,metal1
52.11,120.4,5.682e-10,metal1,metal1
52.13249999999999,128.8,3.607e-09,metal1,metal1
52.057500000000005,5.6,2.994e-09,metal1,metal1
52.05,22.4,3.038e-10,metal1,metal1
52.045,109.2,2.203e-06,metal1,metal1
52.144999999999996,123.2,4.147e-10,metal1,metal1
52.147499999999994,72.8,3.887e-09,metal1,metal1
52.05,42.0,1.197e-08,metal1,metal1
52.0325,89.6,7.779e-08,metal1,metal1
52.17,8.4,2.795e-12,metal1,metal1
52.54,25.2,5.419e-07,metal1,metal1
52.46,56.0,1.55e-06,metal1,metal1
52.1175,89.6,3.51e-07,metal1,metal1
52.1175,134.4,7.953e-12,metal1,metal1
52.129999999999995,11.2,7.603e-09,metal1,metal1
52.129999999999995,47.6,1.792e-09,metal1,metal1
52.135000000000005,42.0,2.105e-07,metal1,metal1
52.135000000000005,109.2,8.11e-08,metal1,metal1
52.144999999999996,22.4,3.436e-11,metal1,metal1
52.144999999999996,98.0,3.219e-06,metal1,metal1
52.16,5.6,7.259e-10,metal1,metal1
52.51375,86.8,4.133e-06,metal1,metal1
52.62375,11.2,3.636e-07,metal1,metal1
52.32,47.6,1.792e-09,metal1,metal1
52.2275,42.0,2.105e-07,metal1,metal1
52.335,109.2,2.189e-06,metal1,metal1
52.620000000000005,22.4,3.132e-08,metal1,metal1
54.25,98.0,3.219e-06,metal1,metal1
52.2475,89.6,3.51e-07,metal1,metal1
52.4975,134.4,7.952e-12,metal1,metal1
52.5225,5.6,7.259e-10,metal1,metal1
53.205,67.2,1.823e-06,metal1,metal1
52.738749999999996,100.8,2.082e-06,metal1,metal1
52.265,120.4375,5.682e-10,metal1,metal1
52.31999999999999,42.0,1.255e-06,metal1,metal1
52.31999999999999,50.4,1.142e-06,metal1,metal1
52.31999999999999,58.8,1.229e-06,metal1,metal1
52.31999999999999,92.4,2.413e-06,metal1,metal1
52.31999999999999,128.8,2.421e-06,metal1,metal1
52.325,19.6,5.594e-10,metal1,metal1
52.325,33.6,1.04e-08,metal1,metal1
52.325,120.475,8.628e-12,metal1,metal1
52.334999999999994,72.8,2.657e-06,metal1,metal1
52.302499999999995,123.25,4.147e-10,metal1,metal1
52.3125,126.05,2.462e-09,metal1,metal1
52.34,95.2,1.523e-06,metal1,metal1
52.3375,123.16499999999999,2.912e-14,metal1,metal1
52.34,131.6,7.704e-08,metal1,metal1
52.345,89.6,2.327e-07,metal1,metal1
52.349999999999994,8.4,1.577e-09,metal1,metal1
52.8725,44.8,1.904e-06,metal1,metal1
52.3475,125.94749999999999,1.33e-10,metal1,metal1
52.709999999999994,42.0,1.374e-06,metal1,metal1
52.5125,50.4,1.142e-06,metal1,metal1
52.5125,58.8,1.229e-06,metal1,metal1
52.9925,92.4,2.413e-06,metal1,metal1
52.8925,128.8,2.421e-06,metal1,metal1
52.5125,19.6,5.594e-10,metal1,metal1
52.72875,33.6,3.183e-07,metal1,metal1
52.3675,120.4375,8.625e-12,metal1,metal1
52.9075,72.8,2.657e-06,metal1,metal1
52.3725,123.11500000000001,2.92e-14,metal1,metal1
52.3825,125.89750000000001,1.33e-10,metal1,metal1
52.5225,95.2,1.523e-06,metal1,metal1
52.519999999999996,120.4,9.591e-14,metal1,metal1
52.6175,123.2,4.316e-10,metal1,metal1
52.9075,131.6,2.077e-06,metal1,metal1
52.495000000000005,89.6,2.327e-07,metal1,metal1
52.5475,8.4,1.577e-09,metal1,metal1
52.5375,126.0,1.33e-10,metal1,metal1
52.935,53.2,3.368e-06,metal1,metal1
52.4725,139.91500000000002,4.459e-09,metal1,metal1
53.03375,14.0,1.075e-06,metal1,metal1
52.9375,81.2,1.065e-09,metal1,metal1
52.510000000000005,39.2,9.003e-08,metal1,metal1
52.510000000000005,47.6,1.337e-06,metal1,metal1
52.515,36.4,2.165e-09,metal1,metal1
52.515,61.6,9.4e-08,metal1,metal1
52.515,137.2,1.026e-07,metal1,metal1
52.525000000000006,28.0,2.14e-08,metal1,metal1
52.525000000000006,84.0,2.684e-08,metal1,metal1
52.535,109.2,4.517e-09,metal1,metal1
52.54,139.98375,8.915e-13,metal1,metal1
52.90625,106.4,2.274e-06,metal1,metal1
52.6075,39.2,9.003e-08,metal1,metal1
53.185,47.6,1.337e-06,metal1,metal1
52.7025,36.4,2.165e-09,metal1,metal1
52.8,61.6,2.48e-06,metal1,metal1
52.905,137.2,2.765e-06,metal1,metal1
52.900000000000006,28.0,1.019e-06,metal1,metal1
52.9075,84.0,1.285e-06,metal1,metal1
52.575,140.06875,8.917e-13,metal1,metal1
52.715,109.2,4.517e-09,metal1,metal1
52.74,140.0,4.435e-11,metal1,metal1
52.644999999999996,89.6,4.453e-09,metal1,metal1
52.7,19.6,5.159e-09,metal1,metal1
52.7,120.4,5.387e-11,metal1,metal1
52.705,39.2,5.292e-09,metal1,metal1
52.705,50.4,2.111e-08,metal1,metal1
52.705,58.8,2.271e-08,metal1,metal1
52.705,95.2,5.336e-08,metal1,metal1
52.705,112.0,5.868e-08,metal1,metal1
52.745000000000005,89.6,4.59e-07,metal1,metal1
52.682500000000005,126.05,1.33e-10,metal1,metal1
52.7175,125.965,6.893e-15,metal1,metal1
52.739999999999995,142.8,1.165e-06,metal1,metal1
52.745000000000005,8.4,9.626e-10,metal1,metal1
53.34125,19.6,2.463e-07,metal1,metal1
52.8675,120.4,5.387e-11,metal1,metal1
53.102500000000006,39.2,1.966e-07,metal1,metal1
52.8925,50.4,1.651e-09,metal1,metal1
52.8925,58.8,1.458e-09,metal1,metal1
53.0925,95.2,1.366e-06,metal1,metal1
53.2025,112.0,2.295e-06,metal1,metal1
52.7525,125.91499999999999,6.84e-15,metal1,metal1
52.9075,126.0,6.502e-11,metal1,metal1
53.412499999999994,142.8,1.165e-06,metal1,metal1
52.91,8.4,9.626e-10,metal1,metal1
53.49375,78.4,2.322e-06,metal1,metal1
52.8775,89.6,9.862e-08,metal1,metal1
52.8775,134.4,1.193e-10,metal1,metal1
53.31875,70.0,1.275e-06,metal1,metal1
52.917500000000004,5.6,1.105e-06,metal1,metal1
52.89,36.4,2.105e-09,metal1,metal1
52.89,117.6,1.388e-06,metal1,metal1
52.894999999999996,109.2,4.805e-09,metal1,metal1
52.864999999999995,123.11500000000001,4.316e-10,metal1,metal1
52.9,123.16499999999999,1.175e-09,metal1,metal1
52.91,56.0,5.598e-08,metal1,metal1
52.91,75.6,6.08e-08,metal1,metal1
52.91,86.8,1.51e-07,metal1,metal1
52.93000000000001,140.0,3.082e-08,metal1,metal1
53.08,36.4,2.105e-09,metal1,metal1
53.0875,117.6,1.388e-06,metal1,metal1
52.965,109.2,4.805e-09,metal1,metal1
52.935,123.25,1.175e-09,metal1,metal1
53.0025,123.2,3.208e-06,metal1,metal1
53.195,56.0,1.482e-06,metal1,metal1
54.823750000000004,75.6,1.634e-06,metal1,metal1
53.292500000000004,86.8,4.043e-06,metal1,metal1
53.21,89.6,9.862e-08,metal1,metal1
53.1575,134.4,1.193e-10,metal1,metal1
52.977500000000006,140.0,3.082e-08,metal1,metal1
53.71875,5.6,1.105e-06,metal1,metal1
53.025000000000006,140.0,6.048e-09,metal1,metal1
53.067499999999995,109.2,6.272e-09,metal1,metal1
53.03,120.485,5.387e-11,metal1,metal1
53.1075,8.4,4.135e-09,metal1,metal1
53.08,16.8,1.615e-06,metal1,metal1
53.08,25.2,4.314e-07,metal1,metal1
53.08,50.4,1.108e-06,metal1,metal1
53.08,58.8,9.741e-07,metal1,metal1
53.084999999999994,61.6,4.585e-08,metal1,metal1
53.095,22.4,1.399e-09,metal1,metal1
53.095,103.6,4.361e-09,metal1,metal1
53.095,120.57,9.258e-12,metal1,metal1
53.095,126.0,4.947e-10,metal1,metal1
53.16,140.0,3.381e-07,metal1,metal1
53.099999999999994,42.0,2.538e-08,metal1,metal1
53.099999999999994,123.2,5.932e-08,metal1,metal1
53.541250000000005,11.2,3.636e-07,metal1,metal1
53.46625,33.6,3.183e-07,metal1,metal1
53.3775,16.8,1.615e-06,metal1,metal1
53.4675,25.2,4.314e-07,metal1,metal1
53.2725,50.4,1.108e-06,metal1,metal1
53.3875,58.8,9.741e-07,metal1,metal1
53.272499999999994,61.6,3.235e-09,metal1,metal1
53.9275,22.4,1.044e-07,metal1,metal1
53.285,103.6,4.361e-09,metal1,metal1
53.1325,120.485,9.251e-12,metal1,metal1
53.19,126.0,4.947e-10,metal1,metal1
53.2825,42.0,1.701e-10,metal1,metal1
53.185,109.2,2.358e-11,metal1,metal1
53.287499999999994,120.4,9.252e-12,metal1,metal1
53.287499999999994,123.2,4.698e-09,metal1,metal1
53.224999999999994,8.4,4.135e-09,metal1,metal1
53.269999999999996,36.4,1.57e-06,metal1,metal1
53.269999999999996,109.2,9.548e-10,metal1,metal1
53.275000000000006,28.0,1.386e-09,metal1,metal1
53.275000000000006,100.8,3.849e-08,metal1,metal1
53.285,117.6,1.671e-10,metal1,metal1
53.2575,126.05,4.947e-10,metal1,metal1
53.290000000000006,2.8,8.222e-07,metal1,metal1
53.290000000000006,84.0,4.712e-09,metal1,metal1
53.295,137.2,1.085e-08,metal1,metal1
53.295,140.0,9.622e-10,metal1,metal1
53.292500000000004,125.965,2.535e-10,metal1,metal1
53.31,8.4,7.248e-07,metal1,metal1
53.31,106.4,2.169e-06,metal1,metal1
53.3675,36.4,1.57e-06,metal1,metal1
53.5325,109.2,9.548e-10,metal1,metal1
53.462500000000006,28.0,1.386e-09,metal1,metal1
53.462500000000006,100.8,2.992e-09,metal1,metal1
53.475,117.6,1.671e-10,metal1,metal1
53.3275,125.91499999999999,2.535e-10,metal1,metal1
53.8725,2.8,8.222e-07,metal1,metal1
53.375,84.0,4.712e-09,metal1,metal1
53.3775,137.2,1.085e-08,metal1,metal1
53.545,140.0,9.622e-10,metal1,metal1
53.39,126.0,2.535e-10,metal1,metal1
53.5975,8.4,7.248e-07,metal1,metal1
54.84375,106.4,2.169e-06,metal1,metal1
53.405,134.4,2.509e-09,metal1,metal1
53.459999999999994,44.8,1.059e-08,metal1,metal1
53.459999999999994,61.6,2.166e-06,metal1,metal1
53.459999999999994,64.4,1.668e-06,metal1,metal1
53.459999999999994,84.0,3.467e-09,metal1,metal1
53.459999999999994,137.2,1.435e-10,metal1,metal1
53.465,36.4,2.134e-09,metal1,metal1
53.435,41.915,1.701e-10,metal1,metal1
53.465,50.4,4.03e-08,metal1,metal1
53.465,114.8,4.244e-10,metal1,metal1
53.465,128.8,4.472e-08,metal1,metal1
53.5025,81.2,3.501e-09,metal1,metal1
53.47,42.0,1.281e-10,metal1,metal1
53.474999999999994,103.6,9.744e-11,metal1,metal1
53.474999999999994,120.4,6.919e-10,metal1,metal1
53.474999999999994,123.2,3.153e-06,metal1,metal1
53.474999999999994,131.6,2.708e-09,metal1,metal1
53.5475,134.4,5.199e-10,metal1,metal1
53.480000000000004,30.8,8.916e-10,metal1,metal1
53.480000000000004,53.2,1.235e-07,metal1,metal1
53.480000000000004,56.0,2.74e-08,metal1,metal1
53.480000000000004,72.8,9.583e-08,metal1,metal1
53.480000000000004,95.2,5.011e-08,metal1,metal1
53.480000000000004,126.0,1.173e-09,metal1,metal1
53.8275,39.2,1.966e-07,metal1,metal1
53.510000000000005,89.6,1.084e-06,metal1,metal1
53.5575,44.8,1.059e-08,metal1,metal1
53.565,61.6,2.166e-06,metal1,metal1
53.665,64.4,1.668e-06,metal1,metal1
53.5625,84.0,3.467e-09,metal1,metal1
53.6275,137.2,1.435e-10,metal1,metal1
53.6525,36.4,2.134e-09,metal1,metal1
53.504999999999995,42.085,1.281e-10,metal1,metal1
54.19625,50.4,1.075e-06,metal1,metal1
53.6525,114.8,4.244e-10,metal1,metal1
53.6525,128.8,1.801e-10,metal1,metal1
53.6575,42.0,1.281e-10,metal1,metal1
53.76,103.6,2.839e-09,metal1,metal1
53.535,120.4,6.919e-10,metal1,metal1
53.86,123.2,3.153e-06,metal1,metal1
53.665,131.6,2.708e-09,metal1,metal1
53.567499999999995,30.8,8.916e-10,metal1,metal1
54.015,53.2,3.322e-06,metal1,metal1
53.667500000000004,56.0,1.966e-09,metal1,metal1
53.8525,72.8,2.533e-06,metal1,metal1
54.8275,95.2,1.347e-06,metal1,metal1
53.6725,126.0,1.796e-09,metal1,metal1
53.557500000000005,89.6,1.084e-06,metal1,metal1
53.595,120.4,2.523e-09,metal1,metal1
53.692499999999995,81.2,3.501e-09,metal1,metal1
53.6375,89.6,3.384e-07,metal1,metal1
53.650000000000006,28.0,1.257e-09,metal1,metal1
53.650000000000006,100.8,2.007e-06,metal1,metal1
53.655,30.8,1.31e-09,metal1,metal1
53.655,44.8,5.445e-09,metal1,metal1
53.665000000000006,84.0,1.245e-06,metal1,metal1
53.665000000000006,92.4,4.871e-08,metal1,metal1
53.6325,117.65,1.671e-10,metal1,metal1
53.82,120.4,2.947e-10,metal1,metal1
53.67,14.0,1.988e-08,metal1,metal1
53.67,61.6,9.163e-09,metal1,metal1
53.667500000000004,117.565,4.319e-14,metal1,metal1
53.675,16.8,1.58e-09,metal1,metal1
53.675,86.8,3.952e-09,metal1,metal1
53.69,134.4,2.131e-10,metal1,metal1
53.69499999999999,58.8,1.969e-08,metal1,metal1
54.1275,112.0,2.295e-06,metal1,metal1
53.84,28.0,1.257e-09,metal1,metal1
53.9375,100.8,2.007e-06,metal1,metal1
53.754999999999995,30.8,1.604e-10,metal1,metal1
53.7475,44.8,5.445e-09,metal1,metal1
53.8475,84.0,1.245e-06,metal1,metal1
54.0375,92.4,2.312e-06,metal1,metal1
53.7025,117.515,4.322e-14,metal1,metal1
53.8575,14.0,1.577e-09,metal1,metal1
53.765,61.6,9.163e-09,metal1,metal1
53.769999999999996,89.6,3.384e-07,metal1,metal1
53.9525,117.6,1.086e-09,metal1,metal1
53.925,16.8,1.58e-09,metal1,metal1
53.925,86.8,3.952e-09,metal1,metal1
53.980000000000004,134.4,2.131e-10,metal1,metal1
53.9775,58.8,3.722e-10,metal1,metal1
53.8275,109.2,9.073e-13,metal1,metal1
53.8275,137.2,1.287e-10,metal1,metal1
53.8075,140.0375,1.322e-06,metal1,metal1
53.84,36.4,7.866e-11,metal1,metal1
53.84,42.0,1.558e-09,metal1,metal1
53.84,44.8,1.049e-08,metal1,metal1
53.815,114.69749999999999,4.244e-10,metal1,metal1
53.807500000000005,128.885,1.801e-10,metal1,metal1
53.8425,128.84375,5.888e-10,metal1,metal1
53.8825,81.2,2.25e-06,metal1,metal1
53.855000000000004,25.2,1.908e-09,metal1,metal1
53.855000000000004,30.8,9.182e-08,metal1,metal1
53.855000000000004,56.0,1.317e-06,metal1,metal1
53.855000000000004,131.6,5.924e-11,metal1,metal1
53.86,47.6,6.566e-09,metal1,metal1
53.86,61.6,7.231e-09,metal1,metal1
53.86,70.0,2.357e-08,metal1,metal1
53.85,114.7825,1.158e-10,metal1,metal1
53.864999999999995,126.0,1.332e-06,metal1,metal1
53.870000000000005,33.6,5.88e-09,metal1,metal1
53.870000000000005,64.4,3.083e-08,metal1,metal1
53.870000000000005,89.6,2.374e-07,metal1,metal1
53.885000000000005,8.4,1.175e-08,metal1,metal1
53.875,139.97875,2.682e-10,metal1,metal1
54.03,36.4,2.126e-09,metal1,metal1
54.03,42.0,1.558e-09,metal1,metal1
53.935,44.8,1.049e-08,metal1,metal1
53.885000000000005,114.88499999999999,1.158e-10,metal1,metal1
53.8775,128.75875000000002,5.888e-10,metal1,metal1
54.0475,128.8,2.158e-06,metal1,metal1
53.965,25.2,1.908e-09,metal1,metal1
54.0475,30.8,9.182e-08,metal1,metal1
54.0475,56.0,1.317e-06,metal1,metal1
54.14,131.6,1.669e-09,metal1,metal1
54.235,47.6,2.024e-11,metal1,metal1
54.0475,61.6,5.806e-10,metal1,metal1
54.0475,70.0,1.615e-09,metal1,metal1
54.1075,109.2,9.073e-13,metal1,metal1
54.1375,114.8,1.408e-06,metal1,metal1
54.040000000000006,137.2,1.287e-10,metal1,metal1
53.91,139.94125,2.682e-10,metal1,metal1
54.35625,126.0,1.332e-06,metal1,metal1
54.14,33.6,1.131e-10,metal1,metal1
54.1525,64.4,1.43e-09,metal1,metal1
54.0175,89.6,2.374e-07,metal1,metal1
54.167500000000004,8.4,7.587e-10,metal1,metal1
54.07,140.0,2.682e-10,metal1,metal1
54.553749999999994,19.6,2.463e-07,metal1,metal1
54.2675,81.2,2.25e-06,metal1,metal1
54.03,28.0,9.375e-07,metal1,metal1
54.03,44.8,4.19e-10,metal1,metal1
54.03,84.0,1.226e-06,metal1,metal1
54.035,11.2,5.135e-10,metal1,metal1
54.045,14.0,1.058e-06,metal1,metal1
54.045,103.6,3.179e-06,metal1,metal1
54.045,120.4,2.999e-10,metal1,metal1
54.075,25.2,6.37e-09,metal1,metal1
54.6875,142.8,1.165e-06,metal1,metal1
54.2275,28.0,9.375e-07,metal1,metal1
54.22,44.8,4.19e-10,metal1,metal1
54.525,84.0,1.178e-09,metal1,metal1
54.2225,11.2,5.135e-10,metal1,metal1
54.2275,14.0,1.058e-06,metal1,metal1
54.68125,103.6,3.179e-06,metal1,metal1
54.2525,120.4,2.999e-10,metal1,metal1
54.3575,25.2,2.625e-10,metal1,metal1
54.165000000000006,89.6,1.394e-09,metal1,metal1
54.207499999999996,16.8,1.192e-09,metal1,metal1
54.207499999999996,86.8,2.536e-12,metal1,metal1
54.22,36.4,1.477e-06,metal1,metal1
54.22,42.0,1.164e-06,metal1,metal1
54.22,67.2,8.762e-09,metal1,metal1
54.22,137.2,3.235e-10,metal1,metal1
54.224999999999994,39.2,3.64e-09,metal1,metal1
54.224999999999994,72.8,3.446e-09,metal1,metal1
54.224999999999994,78.4,8.463e-08,metal1,metal1
54.224999999999994,100.8,7.298e-08,metal1,metal1
54.235,61.6,2.868e-09,metal1,metal1
54.235,70.0,1.081e-06,metal1,metal1
54.38,89.6,1.665e-07,metal1,metal1
54.235,117.6,1.213e-06,metal1,metal1
54.239999999999995,30.8,1.697e-09,metal1,metal1
54.239999999999995,56.0,4.437e-08,metal1,metal1
54.245000000000005,123.2,3.082e-09,metal1,metal1
54.25,128.8,3.987e-08,metal1,metal1
54.25,140.0,2.583e-07,metal1,metal1
54.260000000000005,58.8,8.047e-07,metal1,metal1
54.269999999999996,134.4,2.41e-12,metal1,metal1
54.697500000000005,36.4,1.477e-06,metal1,metal1
54.3175,42.0,1.164e-06,metal1,metal1
54.315,67.2,8.762e-09,metal1,metal1
54.3875,137.2,3.235e-10,metal1,metal1
54.412499999999994,39.2,5.244e-10,metal1,metal1
54.412499999999994,72.8,3.446e-09,metal1,metal1
55.238749999999996,78.4,2.261e-06,metal1,metal1
54.676249999999996,100.8,1.946e-06,metal1,metal1
54.33,61.6,2.868e-09,metal1,metal1
55.868750000000006,70.0,1.081e-06,metal1,metal1
54.52,117.6,1.469e-07,metal1,metal1
54.3375,16.8,1.192e-09,metal1,metal1
54.427499999999995,30.8,1.015e-10,metal1,metal1
54.870000000000005,56.0,1.086e-06,metal1,metal1
54.5875,86.8,2.535e-12,metal1,metal1
54.495000000000005,123.2,3.082e-09,metal1,metal1
54.5325,128.8,1.96e-09,metal1,metal1
54.4025,140.0,2.583e-07,metal1,metal1
54.743750000000006,58.8,8.047e-07,metal1,metal1
54.45,134.4,2.411e-12,metal1,metal1
54.355000000000004,109.2,1.82e-14,metal1,metal1
54.41,11.2,1.109e-08,metal1,metal1
54.41,14.0,9.193e-07,metal1,metal1
54.3875,33.66875,1.131e-10,metal1,metal1
54.385000000000005,44.715,4.19e-10,metal1,metal1
54.41,67.2,1.306e-06,metal1,metal1
54.385000000000005,92.48750000000001,2.312e-06,metal1,metal1
54.415000000000006,42.0,2.152e-08,metal1,metal1
54.415000000000006,114.8,4.849e-08,metal1,metal1
54.425,28.0,1.886e-08,metal1,metal1
54.425,61.6,1.719e-06,metal1,metal1
54.7875,109.2,1.624e-15,metal1,metal1
54.425,131.6,1.869e-06,metal1,metal1
54.42,44.8025,1.646e-06,metal1,metal1
54.42,92.4025,6.537e-10,metal1,metal1
54.435,16.8,2.559e-10,metal1,metal1
54.4225,33.583749999999995,6.758e-11,metal1,metal1
54.435,64.4,1.554e-06,metal1,metal1
54.45,8.4,8.293e-07,metal1,metal1
54.9675,2.8,8.222e-07,metal1,metal1
54.459999999999994,120.4,1.302e-12,metal1,metal1
54.802499999999995,11.2,5.301e-07,metal1,metal1
54.894999999999996,14.0,9.193e-07,metal1,metal1
54.457499999999996,33.515,6.758e-11,metal1,metal1
54.455,44.8875,1.646e-06,metal1,metal1
55.29375,67.2,1.306e-06,metal1,metal1
54.455,92.315,6.537e-10,metal1,metal1
54.602500000000006,42.0,1.67e-09,metal1,metal1
54.95375,114.8,1.218e-06,metal1,metal1
55.18625,5.6,1.105e-06,metal1,metal1
54.8,28.0,8.923e-07,metal1,metal1
54.807500000000005,61.6,1.719e-06,metal1,metal1
55.0,131.6,1.869e-06,metal1,metal1
54.6125,44.8,1.646e-06,metal1,metal1
54.875,92.4,1.904e-06,metal1,metal1
54.685,16.8,2.559e-10,metal1,metal1
54.6125,33.6,7.406e-10,metal1,metal1
54.805,64.4,1.554e-06,metal1,metal1
54.5475,8.4,8.293e-07,metal1,metal1
54.64,120.4,1.296e-12,metal1,metal1
55.015,53.2,3.322e-06,metal1,metal1
54.587500000000006,137.2,3.002e-13,metal1,metal1
54.587500000000006,140.0,2.031e-07,metal1,metal1
54.6275,89.6,4.697e-08,metal1,metal1
54.599999999999994,39.2,3.549e-07,metal1,metal1
54.599999999999994,72.8,3.257e-09,metal1,metal1
54.5775,47.695,2.024e-11,metal1,metal1
54.614999999999995,30.8,6.772e-08,metal1,metal1
54.614999999999995,47.79,7.783e-10,metal1,metal1
54.620000000000005,81.2,8.272e-08,metal1,metal1
54.625,112.0,2.244e-09,metal1,metal1
54.629999999999995,134.4,1.939e-09,metal1,metal1
54.64,25.2,2.846e-07,metal1,metal1
54.644999999999996,8.4,1.344e-08,metal1,metal1
54.792500000000004,39.2,3.549e-07,metal1,metal1
54.79,72.8,3.257e-09,metal1,metal1
54.807500000000005,30.8,6.772e-08,metal1,metal1
54.68,47.695,7.783e-10,metal1,metal1
56.01625,81.2,2.23e-06,metal1,metal1
54.8675,137.2,3.008e-13,metal1,metal1
54.7975,140.0,2.031e-07,metal1,metal1
54.875,112.0,2.244e-09,metal1,metal1
54.9925,134.4,1.939e-09,metal1,metal1
54.817499999999995,25.2,2.846e-07,metal1,metal1
54.927499999999995,8.4,8.592e-10,metal1,metal1
54.83,89.6,4.697e-08,metal1,metal1
54.832499999999996,47.6,7.783e-10,metal1,metal1
54.7775,123.2,1.136e-11,metal1,metal1
55.5225,22.4,1.044e-07,metal1,metal1
54.790000000000006,33.6,4.732e-07,metal1,metal1
54.790000000000006,42.0,1.12e-06,metal1,metal1
54.795,44.8,5.785e-08,metal1,metal1
54.80500000000001,117.6,4.094e-07,metal1,metal1
54.815,128.8,2.133e-06,metal1,metal1
54.81999999999999,120.4,1.228e-09,metal1,metal1
55.26875,126.0,1.332e-06,metal1,metal1
55.075,33.6,4.732e-07,metal1,metal1
54.9825,42.0,1.12e-06,metal1,metal1
55.19125,44.8,1.487e-06,metal1,metal1
54.9125,117.6,4.094e-07,metal1,metal1
55.1575,123.2,1.136e-11,metal1,metal1
55.29,128.8,2.133e-06,metal1,metal1
55.1825,120.4,1.228e-09,metal1,metal1
55.58875,50.4,3.455e-10,metal1,metal1
54.9675,16.8,2.553e-10,metal1,metal1
54.9675,86.8,1.221e-12,metal1,metal1
55.0075,140.0,1.333e-06,metal1,metal1
54.980000000000004,72.8,2.43e-06,metal1,metal1
54.985,39.2,5.317e-08,metal1,metal1
55.0225,47.6,1.071e-06,metal1,metal1
54.995000000000005,25.2,1.454e-09,metal1,metal1
55.0,30.8,3.285e-09,metal1,metal1
54.980000000000004,89.515,4.697e-08,metal1,metal1
55.019999999999996,84.0,1.2e-06,metal1,metal1
55.019999999999996,117.6,6.276e-07,metal1,metal1
55.015,89.57375,2.383e-11,metal1,metal1
55.7625,72.8,2.43e-06,metal1,metal1
55.08,39.2,5.317e-08,metal1,metal1
55.09,25.2,1.454e-09,metal1,metal1
55.2475,16.8,2.553e-10,metal1,metal1
55.275,30.8,1.017e-10,metal1,metal1
55.2475,86.8,1.221e-12,metal1,metal1
55.05,89.65875,2.383e-11,metal1,metal1
55.58,84.0,1.2e-06,metal1,metal1
55.1025,117.6,6.276e-07,metal1,metal1
55.209999999999994,89.6,1.837e-10,metal1,metal1
55.0775,140.0,1.333e-06,metal1,metal1
55.114999999999995,137.2,6.806e-12,metal1,metal1
55.114999999999995,140.0,2.624e-08,metal1,metal1
55.53,47.6,1.071e-06,metal1,metal1
55.1575,112.0,1.439e-12,metal1,metal1
55.50875,100.8,1.946e-06,metal1,metal1
55.175,28.0,3.17e-08,metal1,metal1
55.175,36.4,2.008e-09,metal1,metal1
55.175,39.2,3.148e-07,metal1,metal1
55.175,42.0,3.957e-08,metal1,metal1
55.175,64.4,5.627e-08,metal1,metal1
55.185,25.2,4.686e-09,metal1,metal1
55.185,117.6,8.505e-09,metal1,metal1
55.5475,137.2,3.458e-10,metal1,metal1
55.332499999999996,140.0,1.806e-10,metal1,metal1
55.19,61.6,3.176e-08,metal1,metal1
55.19499999999999,11.2,5.182e-10,metal1,metal1
55.19499999999999,19.6,2.408e-10,metal1,metal1
55.209999999999994,8.4,9.389e-07,metal1,metal1
55.22,109.2,2.738e-12,metal1,metal1
55.64125,58.8,8.047e-07,metal1,metal1
55.28,28.0,8.246e-07,metal1,metal1
55.3625,36.4,2.008e-09,metal1,metal1
55.2675,39.2,1.009e-09,metal1,metal1
55.5525,42.0,6.668e-10,metal1,metal1
55.457499999999996,64.4,1.493e-06,metal1,metal1
55.56,25.2,2.08e-07,metal1,metal1
55.47,117.6,8.183e-10,metal1,metal1
55.567499999999995,61.6,1.116e-09,metal1,metal1
55.5375,112.0,1.439e-12,metal1,metal1
55.44499999999999,11.2,5.182e-10,metal1,metal1
55.44499999999999,19.6,2.408e-10,metal1,metal1
55.3825,8.4,9.389e-07,metal1,metal1
55.394999999999996,109.2,2.741e-12,metal1,metal1
55.88375,103.6,3.179e-06,metal1,metal1
55.69499999999999,92.4,1.904e-06,metal1,metal1
55.3875,134.4,2.959e-06,metal1,metal1
55.3275,33.6875,4.732e-07,metal1,metal1
55.36,39.2,5.351e-08,metal1,metal1
55.36,142.8,1.062e-06,metal1,metal1
55.3625,33.6025,5.141e-11,metal1,metal1
55.379999999999995,14.0,1.7e-08,metal1,metal1
55.385000000000005,28.0,8.064e-10,metal1,metal1
55.39,89.6,3.512e-08,metal1,metal1
55.3975,33.515,5.141e-11,metal1,metal1
55.455,39.2,5.351e-08,metal1,metal1
55.655,142.8,1.062e-06,metal1,metal1
55.552499999999995,33.6,1.268e-09,metal1,metal1
55.567499999999995,14.0,1.345e-09,metal1,metal1
55.635000000000005,28.0,8.064e-10,metal1,metal1
55.7525,89.6,5.164e-12,metal1,metal1
55.675,134.4,2.959e-06,metal1,metal1
55.96125000000001,114.8,1.218e-06,metal1,metal1
55.495000000000005,16.8,3.033e-11,metal1,metal1
55.495000000000005,86.8,1.283e-09,metal1,metal1
56.06,56.0,1.086e-06,metal1,metal1
55.537499999999994,123.2,1.464e-08,metal1,metal1
55.5775,120.4,1.873e-06,metal1,metal1
55.55,2.8,8.417e-07,metal1,metal1
55.55,30.8,8.436e-10,metal1,metal1
55.55,36.4,7.363e-11,metal1,metal1
55.55,39.2,1.51e-07,metal1,metal1
55.55,53.2,5.439e-08,metal1,metal1
55.55,140.0,7e-11,metal1,metal1
55.55500000000001,8.4,1.319e-09,metal1,metal1
55.595,16.8,1.796e-09,metal1,metal1
55.5375,86.8,1.283e-09,metal1,metal1
55.54,109.11500000000001,2.741e-12,metal1,metal1
55.575,131.6,1.827e-09,metal1,metal1
55.58,86.8,1.997e-09,metal1,metal1
55.575,109.18375,2.78e-12,metal1,metal1
55.91375,44.8,1.487e-06,metal1,metal1
55.845,2.8,8.417e-07,metal1,metal1
55.6525,30.8,8.436e-10,metal1,metal1
55.74,36.4,1.98e-09,metal1,metal1
55.6475,39.2,1.51e-07,metal1,metal1
55.93,53.2,2.11e-09,metal1,metal1
55.765,140.0,7e-11,metal1,metal1
55.74250000000001,8.4,1.319e-09,metal1,metal1
55.61,109.26875000000001,2.78e-12,metal1,metal1
55.665,123.2,1.464e-08,metal1,metal1
55.825,131.6,1.827e-09,metal1,metal1
55.8625,86.8,1.324e-12,metal1,metal1
55.9425,109.2,3.327e-10,metal1,metal1
56.045,120.4,1.873e-06,metal1,metal1
55.7275,11.2,6.123e-12,metal1,metal1
55.7275,16.8,2.384e-13,metal1,metal1
55.7275,19.6,1.551e-13,metal1,metal1
55.739999999999995,33.6,8.67e-07,metal1,metal1
55.739999999999995,64.4,2.445e-08,metal1,metal1
55.745000000000005,39.2,1.612e-07,metal1,metal1
55.754999999999995,14.0,9.029e-07,metal1,metal1
55.754999999999995,30.8,8.253e-08,metal1,metal1
55.754999999999995,117.6,9.077e-07,metal1,metal1
55.760000000000005,123.2,8.022e-11,metal1,metal1
55.760000000000005,126.0,2.459e-08,metal1,metal1
55.765,128.8,2.085e-09,metal1,metal1
56.3125,33.6,8.67e-07,metal1,metal1
56.120000000000005,64.4,8.829e-10,metal1,metal1
55.837500000000006,39.2,1.612e-07,metal1,metal1
55.9375,14.0,9.029e-07,metal1,metal1
55.845,30.8,8.253e-08,metal1,metal1
55.9375,117.6,9.077e-07,metal1,metal1
56.1075,11.2,6.124e-12,metal1,metal1
56.0075,16.8,2.365e-13,metal1,metal1
56.1075,19.6,1.546e-13,metal1,metal1
55.9125,123.2,1.029e-08,metal1,metal1
55.9425,126.0,1.882e-10,metal1,metal1
56.015,128.8,2.085e-09,metal1,metal1
55.917500000000004,28.0,3.082e-10,metal1,metal1
55.917500000000004,112.0,0.0,metal1,metal1
55.93000000000001,8.4,2.33e-08,metal1,metal1
55.93000000000001,36.4,1.376e-06,metal1,metal1
55.93000000000001,39.2,1.56e-07,metal1,metal1
55.93000000000001,42.0,2.564e-12,metal1,metal1
55.91,134.47,2.959e-06,metal1,metal1
55.935,25.2,9.273e-08,metal1,metal1
55.935,30.8,3.445e-10,metal1,metal1
55.94499999999999,61.6,1.679e-06,metal1,metal1
55.95,142.8,1.052e-06,metal1,metal1
55.955,5.6,1.069e-09,metal1,metal1
55.959999999999994,100.8,3.596e-08,metal1,metal1
55.945,134.385,2.901e-10,metal1,metal1
55.980000000000004,137.2,6.152e-07,metal1,metal1
55.980000000000004,140.0,6.423e-14,metal1,metal1
56.415000000000006,8.4,1.114e-06,metal1,metal1
56.405,36.4,2.471e-10,metal1,metal1
56.025000000000006,39.2,1.56e-07,metal1,metal1
56.102500000000006,42.0,2.563e-12,metal1,metal1
55.980000000000004,134.315,2.901e-10,metal1,metal1
56.0275,25.2,9.273e-08,metal1,metal1
56.1325,30.8,3.445e-10,metal1,metal1
56.41,47.6,1.071e-06,metal1,metal1
56.035,61.6,1.679e-06,metal1,metal1
56.2975,28.0,3.082e-10,metal1,metal1
56.1975,112.0,1.402e-15,metal1,metal1
56.225,142.8,1.052e-06,metal1,metal1
56.205,5.6,1.069e-09,metal1,metal1
56.2425,100.8,1.766e-09,metal1,metal1
56.2425,134.4,6.003e-10,metal1,metal1
56.0625,137.2,6.152e-07,metal1,metal1
56.144999999999996,140.0,6.304e-14,metal1,metal1
56.065,123.2,2.616e-10,metal1,metal1
56.1075,131.6,1.17e-12,metal1,metal1
56.1025,89.685,5.164e-12,metal1,metal1
56.120000000000005,14.0,8.335e-07,metal1,metal1
56.120000000000005,25.2,8.905e-08,metal1,metal1
56.120000000000005,39.2,1.762e-09,metal1,metal1
56.120000000000005,117.6,2.822e-08,metal1,metal1
56.0975,58.885,8.047e-07,metal1,metal1
56.11,61.515,8.996e-10,metal1,metal1
56.095,126.08500000000001,1.882e-10,metal1,metal1
56.2825,123.2,2.359e-08,metal1,metal1
56.129999999999995,126.0,2.924e-10,metal1,metal1
56.14,2.8,8.519e-07,metal1,metal1
56.13249999999999,58.8,4.318e-12,metal1,metal1
56.14,84.0,2.873e-09,metal1,metal1
56.14,92.4,3.52e-08,metal1,metal1
56.144999999999996,86.8,5.302e-10,metal1,metal1
56.144999999999996,137.2,5.038e-07,metal1,metal1
56.16,89.77,2.069e-06,metal1,metal1
56.144999999999996,61.583749999999995,8.996e-10,metal1,metal1
57.4525,95.2,1.347e-06,metal1,metal1
56.99125,67.2,1.306e-06,metal1,metal1
56.51875,14.0,8.335e-07,metal1,metal1
56.215,25.2,8.905e-08,metal1,metal1
56.2225,39.2,1.762e-09,metal1,metal1
56.215,117.6,1.32e-10,metal1,metal1
56.1675,58.715,4.318e-12,metal1,metal1
56.18,61.66875,1.253e-09,metal1,metal1
56.165,125.91499999999999,2.924e-10,metal1,metal1
56.225,126.0,1.204e-06,metal1,metal1
56.959999999999994,2.8,8.519e-07,metal1,metal1
56.32,58.8,1.154e-09,metal1,metal1
56.245,84.0,2.873e-09,metal1,metal1
56.3275,92.4,2.768e-09,metal1,metal1
56.4875,131.6,1.172e-12,metal1,metal1
56.2525,86.8,5.302e-10,metal1,metal1
56.2425,137.2,5.038e-07,metal1,metal1
56.205,89.685,2.069e-06,metal1,metal1
56.447500000000005,61.6,2.875e-09,metal1,metal1
56.3425,89.6,2.069e-06,metal1,metal1
57.19625,78.4,2.261e-06,metal1,metal1
56.254999999999995,16.8,2.045e-09,metal1,metal1
56.2975,128.8,5.984e-11,metal1,metal1
56.307500000000005,42.0,1.031e-09,metal1,metal1
56.2825,109.285,3.327e-10,metal1,metal1
56.31,25.2,2.762e-08,metal1,metal1
56.31,44.8,2.248e-09,metal1,metal1
56.31,53.2,3.204e-06,metal1,metal1
56.31,117.6,7.465e-09,metal1,metal1
56.29,139.91500000000002,6.3e-14,metal1,metal1
56.315,126.0,4.401e-08,metal1,metal1
56.3525,50.4,1.331e-09,metal1,metal1
56.307500000000005,16.8,2.045e-09,metal1,metal1
56.325,39.2,1.391e-10,metal1,metal1
56.33,30.8,3.973e-09,metal1,metal1
56.33,109.37,8.427e-10,metal1,metal1
56.34,137.2,2.931e-07,metal1,metal1
56.325,139.98375,4.229e-10,metal1,metal1
56.349999999999994,84.0,9.032e-07,metal1,metal1
56.355000000000004,22.4,1.694e-09,metal1,metal1
58.39,98.0,3.219e-06,metal1,metal1
56.36,16.8,3.677e-10,metal1,metal1
56.36,86.8,1.25e-08,metal1,metal1
57.84125,106.4,2.169e-06,metal1,metal1
56.4075,25.2,2.762e-08,metal1,metal1
56.4825,44.8,2.248e-09,metal1,metal1
56.89,53.2,3.204e-06,metal1,metal1
56.692499999999995,117.6,8.393e-07,metal1,metal1
56.36,140.06875,4.229e-10,metal1,metal1
56.5125,126.0,1.179e-06,metal1,metal1
56.4125,39.2,1.391e-10,metal1,metal1
56.6075,30.8,2.875e-08,metal1,metal1
56.385000000000005,109.285,8.427e-10,metal1,metal1
56.6775,128.8,5.984e-11,metal1,metal1
56.5125,42.0,1.031e-09,metal1,metal1
56.4925,137.2,2.931e-07,metal1,metal1
56.7025,140.0,4.229e-10,metal1,metal1
56.44,84.0,9.032e-07,metal1,metal1
56.6375,22.4,1.898e-10,metal1,metal1
56.540000000000006,16.8,3.677e-10,metal1,metal1
56.43000000000001,86.8,1.25e-08,metal1,metal1
56.5375,109.2,2.223e-09,metal1,metal1
56.44499999999999,112.0,1.82e-14,metal1,metal1
56.4875,5.6,1.098e-08,metal1,metal1
56.4525,11.114999999999998,6.124e-12,metal1,metal1
56.4875,19.6,0.0,metal1,metal1
56.542500000000004,50.4,1.331e-09,metal1,metal1
56.845,120.4,1.873e-06,metal1,metal1
56.5,39.2,5.595e-07,metal1,metal1
56.5,58.8,9.722e-10,metal1,metal1
56.5,64.4,1.339e-06,metal1,metal1
56.5,86.8,7.162e-09,metal1,metal1
56.5,114.8,1.974e-08,metal1,metal1
56.5,123.2,6.822e-12,metal1,metal1
56.5,142.8,9.675e-07,metal1,metal1
56.504999999999995,25.2,1.592e-10,metal1,metal1
56.504999999999995,89.6,1.641e-08,metal1,metal1
56.515,92.4,1.857e-06,metal1,metal1
56.8775,112.0,8.758e-13,metal1,metal1
56.519999999999996,11.114999999999998,1.747e-11,metal1,metal1
56.519999999999996,103.6,5.878e-08,metal1,metal1
56.525000000000006,100.8,1.921e-06,metal1,metal1
56.525000000000006,134.4,1.541e-08,metal1,metal1
56.53,84.0,1.669e-08,metal1,metal1
57.2575,72.8,2.43e-06,metal1,metal1
57.4725,39.2,5.595e-07,metal1,metal1
56.69,58.8,9.722e-10,metal1,metal1
57.06999999999999,64.4,1.339e-06,metal1,metal1
56.61,86.8,7.162e-09,metal1,metal1
56.69,114.8,1.746e-09,metal1,metal1
56.715,123.2,2.391e-08,metal1,metal1
56.795,142.8,9.675e-07,metal1,metal1
56.5975,25.2,3.624e-08,metal1,metal1
56.61,89.6,1.641e-08,metal1,metal1
56.802499999999995,92.4,1.857e-06,metal1,metal1
56.795,5.6,1.098e-08,metal1,metal1
56.707499999999996,11.2,2.589e-13,metal1,metal1
56.7675,19.6,2.337e-16,metal1,metal1
56.707499999999996,103.6,4.64e-09,metal1,metal1
56.6175,100.8,1.921e-06,metal1,metal1
56.6075,134.4,1.541e-08,metal1,metal1
56.8125,84.0,7.201e-10,metal1,metal1
56.6325,27.915,1.668e-10,metal1,metal1
56.677499999999995,137.2,2.154e-07,metal1,metal1
56.6875,44.8,1.762e-09,metal1,metal1
56.685,42.0,7.321e-07,metal1,metal1
56.69,25.2,8.631e-08,metal1,metal1
56.69,27.83,5.689e-11,metal1,metal1
56.69,56.0,9.319e-07,metal1,metal1
56.69,134.4,2.748e-06,metal1,metal1
56.7325,50.4,8.551e-07,metal1,metal1
56.705,109.2,1.32e-06,metal1,metal1
56.709999999999994,100.8,3.553e-08,metal1,metal1
56.709999999999994,126.0,2.181e-08,metal1,metal1
56.715,89.6,1.442e-08,metal1,metal1
56.72,16.8,6.566e-10,metal1,metal1
56.72,86.8,1.38e-08,metal1,metal1
56.730000000000004,61.6,1.546e-06,metal1,metal1
58.58125,75.6,1.634e-06,metal1,metal1
57.26,42.0,7.321e-07,metal1,metal1
57.087500000000006,25.2,8.631e-08,metal1,metal1
56.735,27.915,5.689e-11,metal1,metal1
56.879999999999995,56.0,9.319e-07,metal1,metal1
56.975,134.4,2.748e-06,metal1,metal1
56.795,109.2,1.32e-06,metal1,metal1
56.957499999999996,28.0,5.689e-11,metal1,metal1
56.897499999999994,100.8,2.839e-09,metal1,metal1
56.897499999999994,126.0,1.733e-09,metal1,metal1
56.8875,137.2,2.154e-07,metal1,metal1
56.7975,89.6,1.442e-08,metal1,metal1
56.92,16.8,6.566e-10,metal1,metal1
56.8925,44.8,1.762e-09,metal1,metal1
56.905,86.8,1.38e-08,metal1,metal1
56.9025,61.6,1.546e-06,metal1,metal1
57.62125,50.4,8.551e-07,metal1,metal1
56.8675,131.6,0.0,metal1,metal1
56.855000000000004,36.29625,2.471e-10,metal1,metal1
56.879999999999995,58.8,7.252e-07,metal1,metal1
56.879999999999995,89.6,1.541e-09,metal1,metal1
56.879999999999995,114.8,1.194e-06,metal1,metal1
56.885000000000005,30.8,9.042e-08,metal1,metal1
56.885000000000005,33.6,1.18e-09,metal1,metal1
56.885000000000005,47.6,3.866e-08,metal1,metal1
56.86,109.13125,1.32e-06,metal1,metal1
56.894999999999996,11.2,1.946e-10,metal1,metal1
56.894999999999996,103.6,3.114e-06,metal1,metal1
56.900000000000006,8.4,2.057e-08,metal1,metal1
56.89,36.38125,1.4e-11,metal1,metal1
56.894999999999996,109.2,6.813e-11,metal1,metal1
57.24625,14.0,8.335e-07,metal1,metal1
56.92,22.4,2.087e-07,metal1,metal1
56.93000000000001,123.2,1.027e-11,metal1,metal1
56.925,36.485,1.4e-11,metal1,metal1
56.985,58.8,7.252e-07,metal1,metal1
57.0475,89.6,1.541e-09,metal1,metal1
57.165,114.8,3.131e-09,metal1,metal1
56.985,30.8,9.042e-08,metal1,metal1
57.072500000000005,33.6,1.18e-09,metal1,metal1
57.072500000000005,47.6,1.44e-09,metal1,metal1
56.93,109.26875000000001,6.813e-11,metal1,metal1
56.955,11.2,1.946e-10,metal1,metal1
56.985,103.6,3.114e-06,metal1,metal1
57.087500000000006,8.4,1.611e-10,metal1,metal1
57.0625,36.4,4.227e-11,metal1,metal1
57.1475,131.6,1.402e-15,metal1,metal1
57.155,109.2,6.813e-11,metal1,metal1
57.195,22.4,2.087e-07,metal1,metal1
57.11,123.2,1.027e-11,metal1,metal1
57.015,11.2,3.831e-12,metal1,metal1
57.015,19.6,4.549e-15,metal1,metal1
57.057500000000005,128.8,9.122e-08,metal1,metal1
57.065,44.8,1.249e-06,metal1,metal1
57.0975,137.2,3.077e-07,metal1,metal1
57.0975,140.0,2.652e-06,metal1,metal1
57.06999999999999,5.6,6.165e-08,metal1,metal1
57.06999999999999,56.0,8.242e-07,metal1,metal1
57.075,61.6,2.859e-08,metal1,metal1
57.075,103.6,5.042e-08,metal1,metal1
57.075,117.6,3.065e-08,metal1,metal1
57.4475,11.2,2.999e-15,metal1,metal1
57.4475,19.6,3.748e-16,metal1,metal1
57.084999999999994,30.8,1.081e-07,metal1,metal1
57.084999999999994,100.8,1.906e-06,metal1,metal1
57.084999999999994,126.0,1.163e-06,metal1,metal1
57.09,58.8,2.627e-08,metal1,metal1
57.09,86.8,4.909e-11,metal1,metal1
57.09,92.4,6.665e-08,metal1,metal1
57.09,142.8,9.573e-07,metal1,metal1
57.095,84.0,7.815e-07,metal1,metal1
57.120000000000005,16.8,1.055e-10,metal1,metal1
57.55875,44.8,1.249e-06,metal1,metal1
57.1425,5.6,6.165e-08,metal1,metal1
57.47,56.0,8.242e-07,metal1,metal1
57.2625,61.6,2.247e-09,metal1,metal1
57.3575,103.6,2.636e-10,metal1,metal1
57.7375,117.6,8.206e-07,metal1,metal1
57.1725,30.8,1.081e-07,metal1,metal1
57.2675,100.8,1.906e-06,metal1,metal1
57.275,126.0,1.163e-06,metal1,metal1
57.67,58.8,6.975e-07,metal1,metal1
57.2675,86.8,1.114e-08,metal1,metal1
57.6725,92.4,1.752e-06,metal1,metal1
57.2825,128.8,9.122e-08,metal1,metal1
57.62625,142.8,9.573e-07,metal1,metal1
57.6525,84.0,7.815e-07,metal1,metal1
57.2825,16.8,1.055e-10,metal1,metal1
57.2675,137.2,3.077e-07,metal1,metal1
57.3975,140.0,2.652e-06,metal1,metal1
57.205,28.0,4.265e-10,metal1,metal1
57.2475,5.6,5.857e-11,metal1,metal1
57.2025,89.63749999999999,1.541e-09,metal1,metal1
57.215,36.305,4.227e-11,metal1,metal1
57.260000000000005,30.8,7.633e-10,metal1,metal1
57.260000000000005,33.6,1.191e-09,metal1,metal1
57.260000000000005,47.6,1.24e-09,metal1,metal1
57.260000000000005,89.675,9.768e-10,metal1,metal1
57.260000000000005,134.4,5.79e-08,metal1,metal1
57.245000000000005,8.485,1.611e-10,metal1,metal1
57.33,28.0,2.173e-08,metal1,metal1
57.275000000000006,36.21,2.065e-10,metal1,metal1
57.28,120.4,4.363e-08,metal1,metal1
57.28,8.41625,1.389e-10,metal1,metal1
57.290000000000006,123.2,1.656e-08,metal1,metal1
57.31,112.0,1.558e-09,metal1,metal1
57.3625,30.8,7.633e-10,metal1,metal1
57.45,33.6,1.191e-09,metal1,metal1
57.644999999999996,47.6,1.24e-09,metal1,metal1
57.305,89.63749999999999,9.768e-10,metal1,metal1
57.45,134.4,1.033e-09,metal1,metal1
57.315,8.33125,1.389e-10,metal1,metal1
57.3175,36.305,2.065e-10,metal1,metal1
57.5275,5.6,5.857e-11,metal1,metal1
57.474999999999994,89.6,9.768e-10,metal1,metal1
57.4675,120.4,2.665e-10,metal1,metal1
57.535,8.4,1.389e-10,metal1,metal1
57.38,36.4,2.065e-10,metal1,metal1
57.3725,123.2,1.656e-08,metal1,metal1
57.489999999999995,112.0,1.558e-09,metal1,metal1
57.394999999999996,131.6,4.549e-15,metal1,metal1
57.3925,109.23750000000001,4.326e-10,metal1,metal1
57.4375,137.2,2.924e-10,metal1,metal1
58.738749999999996,81.2,2.23e-06,metal1,metal1
57.427499999999995,16.884999999999998,1.055e-10,metal1,metal1
57.4775,86.8,2.994e-06,metal1,metal1
57.45,61.6,1.508e-06,metal1,metal1
57.45,100.8,1.844e-06,metal1,metal1
57.45,109.275,1.006e-10,metal1,metal1
57.45,114.8,2.852e-09,metal1,metal1
57.455,28.0,2.15e-12,metal1,metal1
57.455,123.2,2.662e-10,metal1,metal1
57.465,30.8,2.575e-10,metal1,metal1
57.465,126.0,3.677e-09,metal1,metal1
57.8275,131.6,3.748e-16,metal1,metal1
57.47,22.4,3.859e-09,metal1,metal1
57.47,36.4,9.127e-10,metal1,metal1
57.47,53.2,5.92e-08,metal1,metal1
57.474999999999994,128.8,4.894e-07,metal1,metal1
57.480000000000004,16.97,4.407e-11,metal1,metal1
57.8125,25.2,8.631e-08,metal1,metal1
59.06625,70.0,1.081e-06,metal1,metal1
58.125,61.6,1.508e-06,metal1,metal1
57.65,100.8,1.844e-06,metal1,metal1
57.495000000000005,109.23750000000001,1.005e-10,metal1,metal1
57.565,114.8,2.852e-09,metal1,metal1
57.6425,28.0,2.15e-12,metal1,metal1
57.735,123.2,2.144e-09,metal1,metal1
57.552499999999995,30.8,2.574e-10,metal1,metal1
57.5625,126.0,3.677e-09,metal1,metal1
57.6575,22.4,3.353e-10,metal1,metal1
57.5525,36.4,9.127e-10,metal1,metal1
57.8475,53.2,2.1e-09,metal1,metal1
57.8175,109.2,1.005e-10,metal1,metal1
57.7175,137.2,2.924e-10,metal1,metal1
57.53,128.8,4.894e-07,metal1,metal1
57.53,16.884999999999998,4.406e-11,metal1,metal1
57.6925,16.8,4.406e-11,metal1,metal1
57.6725,86.8,2.994e-06,metal1,metal1
57.584999999999994,128.8,7.603e-09,metal1,metal1
57.635000000000005,36.4,6.518e-07,metal1,metal1
57.64,30.8,3.323e-07,metal1,metal1
57.64,33.6,8.887e-07,metal1,metal1
57.64,64.4,3.899e-10,metal1,metal1
57.6075,103.66874999999999,2.636e-10,metal1,metal1
57.64,134.4,6.6e-07,metal1,metal1
57.644999999999996,14.0,1.162e-09,metal1,metal1
57.6425,103.58375000000001,2.038e-10,metal1,metal1
57.6325,120.315,2.665e-10,metal1,metal1
57.78,128.8,1.032e-07,metal1,metal1
57.66,126.0,2.081e-10,metal1,metal1
57.665000000000006,140.0,2.593e-09,metal1,metal1
57.67,89.6,1.238e-10,metal1,metal1
57.67,112.0,1.115e-06,metal1,metal1
57.68000000000001,114.8,3.945e-10,metal1,metal1
57.667500000000004,120.4175,1.697e-06,metal1,metal1
57.83,36.4,6.518e-07,metal1,metal1
57.84,30.8,3.323e-07,metal1,metal1
57.7375,33.6,8.887e-07,metal1,metal1
57.735,64.4,3.899e-10,metal1,metal1
57.677499999999995,103.515,2.038e-10,metal1,metal1
58.09125,134.4,6.6e-07,metal1,metal1
57.832499999999996,14.0,1.162e-09,metal1,metal1
57.832499999999996,103.6,4.175e-09,metal1,metal1
57.7025,120.5025,1.697e-06,metal1,metal1
57.7525,126.0,2.081e-10,metal1,metal1
57.915000000000006,140.0,2.593e-09,metal1,metal1
57.8225,89.6,1.238e-10,metal1,metal1
58.0325,112.0,4.612e-08,metal1,metal1
57.755,114.8,3.945e-10,metal1,metal1
57.85,120.4,1.697e-06,metal1,metal1
57.775000000000006,5.6,1.151e-12,metal1,metal1
58.53,2.8,8.519e-07,metal1,metal1
57.817499999999995,8.4,8.864e-14,metal1,metal1
57.83,28.0,2.014e-08,metal1,metal1
57.83,64.4,4.532e-08,metal1,metal1
57.83,114.8,1.067e-06,metal1,metal1
57.834999999999994,33.6,1.209e-09,metal1,metal1
57.834999999999994,42.0,9.961e-10,metal1,metal1
57.834999999999994,86.8,1.065e-07,metal1,metal1
58.207499999999996,5.6,1.749e-15,metal1,metal1
57.845,22.4,2.254e-07,metal1,metal1
57.845,126.0,9.193e-10,metal1,metal1
57.849999999999994,100.8,3.409e-08,metal1,metal1
57.870000000000005,56.0,1.336e-08,metal1,metal1
57.875,16.8,1.063e-10,metal1,metal1
57.875,67.2,7.485e-09,metal1,metal1
57.879999999999995,11.2,1.305e-12,metal1,metal1
57.879999999999995,19.6,5.342e-13,metal1,metal1
57.95,28.0,2.014e-08,metal1,metal1
58.22,64.4,1.225e-06,metal1,metal1
58.03,114.8,1.067e-06,metal1,metal1
58.022499999999994,33.6,1.209e-09,metal1,metal1
58.022499999999994,42.0,9.961e-10,metal1,metal1
58.1175,86.8,2.772e-06,metal1,metal1
58.571250000000006,22.4,2.254e-07,metal1,metal1
57.94,126.0,5.027e-10,metal1,metal1
58.1975,8.4,8.916e-14,metal1,metal1
58.037499999999994,100.8,2.723e-09,metal1,metal1
58.06,56.0,1.01e-09,metal1,metal1
58.04,16.8,1.063e-10,metal1,metal1
57.955,67.2,7.485e-09,metal1,metal1
58.06,11.2,1.3e-12,metal1,metal1
58.06,19.6,5.313e-13,metal1,metal1
57.965,137.2,5.746e-12,metal1,metal1
58.0075,89.6,1.899e-10,metal1,metal1
58.0075,128.8,8.006e-08,metal1,metal1
58.0475,123.2,2.187e-06,metal1,metal1
58.019999999999996,14.0,1.422e-08,metal1,metal1
58.019999999999996,103.6,2.855e-06,metal1,metal1
58.019999999999996,120.4,1.677e-06,metal1,metal1
58.025000000000006,36.4,4.037e-08,metal1,metal1
58.0625,47.6,1.224e-09,metal1,metal1
58.035,67.2,4.371e-10,metal1,metal1
58.035,126.0,1.024e-09,metal1,metal1
58.3975,137.2,3.998e-15,metal1,metal1
58.040000000000006,30.8,8.672e-10,metal1,metal1
58.040000000000006,72.8,4.488e-08,metal1,metal1
58.47625,44.8,1.249e-06,metal1,metal1
58.06999999999999,28.0,3.909e-08,metal1,metal1
58.305,14.0,6.792e-07,metal1,metal1
58.47625,103.6,2.855e-06,metal1,metal1
58.2125,120.4,1.677e-06,metal1,metal1
58.1325,36.4,4.037e-08,metal1,metal1
58.225,67.2,4.371e-10,metal1,metal1
58.225,126.0,1.024e-09,metal1,metal1
58.135000000000005,30.8,8.672e-10,metal1,metal1
58.6075,72.8,1.005e-09,metal1,metal1
58.1375,89.6,1.899e-10,metal1,metal1
58.245000000000005,128.8,8.006e-08,metal1,metal1
58.14,28.0,3.909e-08,metal1,metal1
58.144999999999996,123.2,3.198e-08,metal1,metal1
58.62875,142.8,9.573e-07,metal1,metal1
58.2525,47.6,1.224e-09,metal1,metal1
58.197500000000005,109.2,1.365e-08,metal1,metal1
58.197500000000005,140.0,1.663e-12,metal1,metal1
58.2375,16.8,7.199e-10,metal1,metal1
58.209999999999994,25.2,4.079e-07,metal1,metal1
58.209999999999994,28.0,2.99e-09,metal1,metal1
58.209999999999994,33.6,1.243e-09,metal1,metal1
58.209999999999994,42.0,9.525e-10,metal1,metal1
58.209999999999994,78.4,2.239e-06,metal1,metal1
58.209999999999994,84.0,6.98e-07,metal1,metal1
58.209999999999994,123.2,2.166e-06,metal1,metal1
58.224999999999994,53.2,3.16e-06,metal1,metal1
58.224999999999994,100.8,1.828e-06,metal1,metal1
58.230000000000004,30.8,5.122e-10,metal1,metal1
58.230000000000004,114.8,1.974e-08,metal1,metal1
58.235,89.6,2.522e-10,metal1,metal1
58.239999999999995,11.2,9.312e-10,metal1,metal1
58.239999999999995,19.6,3.808e-10,metal1,metal1
58.239999999999995,36.4,2.743e-07,metal1,metal1
58.25,56.0,6.882e-07,metal1,metal1
58.25,58.8,6.511e-07,metal1,metal1
58.254999999999995,92.4,3.569e-08,metal1,metal1
58.260000000000005,131.6,8.688e-13,metal1,metal1
58.6075,25.2,4.079e-07,metal1,metal1
58.3075,28.0,2.99e-09,metal1,metal1
58.4,33.6,1.243e-09,metal1,metal1
58.4,42.0,9.525e-10,metal1,metal1
58.3075,78.4,2.239e-06,metal1,metal1
59.178749999999994,84.0,6.98e-07,metal1,metal1
58.4,123.2,2.166e-06,metal1,metal1
58.80875,53.2,3.16e-06,metal1,metal1
58.802499999999995,100.8,1.828e-06,metal1,metal1
58.417500000000004,30.8,3.653e-11,metal1,metal1
58.41,109.2,1.014e-11,metal1,metal1
58.417500000000004,114.8,2.102e-09,metal1,metal1
58.5775,140.0,1.663e-12,metal1,metal1
58.385000000000005,89.6,2.522e-10,metal1,metal1
58.6025,11.2,9.312e-10,metal1,metal1
58.6025,19.6,3.808e-10,metal1,metal1
58.32,36.4,3.689e-12,metal1,metal1
59.73125,56.0,6.882e-07,metal1,metal1
58.325,58.8,3.087e-10,metal1,metal1
58.537499999999994,92.4,7.266e-10,metal1,metal1
58.44,131.6,8.7e-13,metal1,metal1
58.355000000000004,16.8,7.199e-10,metal1,metal1
58.427499999999995,112.0,2.154e-07,metal1,metal1
58.400000000000006,36.4,2.75e-07,metal1,metal1
58.375,58.8875,3.087e-10,metal1,metal1
58.400000000000006,86.8,4.344e-09,metal1,metal1
58.400000000000006,117.6,3.199e-08,metal1,metal1
58.3825,28.085,2.99e-09,metal1,metal1
58.405,78.4,1.567e-08,metal1,metal1
58.405,120.4,2.717e-08,metal1,metal1
58.442499999999995,47.6,7.855e-07,metal1,metal1
58.415000000000006,67.2,4.696e-09,metal1,metal1
58.415000000000006,126.0,9.006e-07,metal1,metal1
58.41,58.8025,7.369e-11,metal1,metal1
58.417500000000004,28.01625,4.458e-12,metal1,metal1
58.44,16.8,1.658e-07,metal1,metal1
59.3475,39.2,5.595e-07,metal1,metal1
58.45,128.8,1.348e-07,metal1,metal1
58.5925,36.4,1.869e-10,metal1,metal1
58.445,58.715,7.369e-11,metal1,metal1
58.59,86.8,4.344e-09,metal1,metal1
58.6875,117.6,7.103e-07,metal1,metal1
58.4525,27.93125,4.458e-12,metal1,metal1
58.5075,78.4,1.567e-08,metal1,metal1
58.6875,120.4,1.429e-09,metal1,metal1
59.26375,50.4,2.331e-10,metal1,metal1
58.7,67.2,6.54e-11,metal1,metal1
58.505,126.0,9.006e-07,metal1,metal1
58.6075,58.8,1.642e-11,metal1,metal1
58.605000000000004,28.0,8.692e-14,metal1,metal1
58.832499999999996,16.8,1.658e-07,metal1,metal1
58.5925,128.8,1.348e-07,metal1,metal1
58.545,112.0,2.154e-07,metal1,metal1
58.535,89.6,1.96e-09,metal1,metal1
58.92375,134.4,6.6e-07,metal1,metal1
58.5775,8.4,0.0,metal1,metal1
58.912499999999994,47.6,7.855e-07,metal1,metal1
58.59,14.0,1.427e-08,metal1,metal1
58.59,33.6,9.273e-07,metal1,metal1
58.59,42.0,7.106e-07,metal1,metal1
58.59,109.2,7.056e-09,metal1,metal1
58.59,123.2,8.823e-08,metal1,metal1
58.595,126.0,1.459e-08,metal1,metal1
58.605000000000004,30.8,1.413e-09,metal1,metal1
58.572500000000005,89.6,1.96e-09,metal1,metal1
58.605000000000004,114.8,1.418e-06,metal1,metal1
58.61,64.4,2.265e-08,metal1,metal1
58.61,78.4,6.237e-08,metal1,metal1
58.61,89.6,7.8e-08,metal1,metal1
58.620000000000005,131.6,6.225e-10,metal1,metal1
58.629999999999995,112.0,1.344e-06,metal1,metal1
58.64,5.6,1.886e-12,metal1,metal1
58.78,14.0,1.985e-09,metal1,metal1
59.129999999999995,33.6,9.273e-07,metal1,metal1
58.692499999999995,42.0,7.106e-07,metal1,metal1
58.6575,109.2,7.056e-09,metal1,metal1
59.1725,123.2,2.057e-06,metal1,metal1
58.8775,126.0,7.304e-10,metal1,metal1
58.7,30.8,1.413e-09,metal1,metal1
59.379999999999995,114.8,1.418e-06,metal1,metal1
58.8575,8.4,2.337e-16,metal1,metal1
58.7975,64.4,1.723e-09,metal1,metal1
58.695,78.4,7.301e-09,metal1,metal1
58.792500000000004,89.6,7.8e-08,metal1,metal1
58.9825,131.6,6.225e-10,metal1,metal1
59.0125,112.0,1.344e-06,metal1,metal1
58.82,5.6,1.885e-12,metal1,metal1
58.724999999999994,109.2,1.354e-10,metal1,metal1
58.7375,128.885,8.564e-08,metal1,metal1
58.78,28.0,5.901e-11,metal1,metal1
58.78,78.4,9.769e-09,metal1,metal1
58.78,86.8,2.216e-09,metal1,metal1
58.760000000000005,36.485,1.869e-10,metal1,metal1
58.795,30.8,4.024e-07,metal1,metal1
58.795,42.0,9.267e-10,metal1,metal1
58.7625,58.715,1.642e-11,metal1,metal1
59.052499999999995,109.2,1.749e-10,metal1,metal1
58.7975,58.8,2.672e-11,metal1,metal1
58.8,61.6,5.441e-08,metal1,metal1
58.8,95.2,2.491e-08,metal1,metal1
58.795,36.4,1.023e-10,metal1,metal1
58.805,128.81625,9.132e-09,metal1,metal1
58.81999999999999,92.4,1.574e-06,metal1,metal1
58.83,137.2,1.109e-12,metal1,metal1
58.9675,28.0,5.901e-11,metal1,metal1
58.8825,78.4,9.769e-09,metal1,metal1
58.97,86.8,2.216e-09,metal1,metal1
58.83,36.315,1.023e-10,metal1,metal1
58.885,30.8,4.024e-07,metal1,metal1
58.985,42.0,9.267e-10,metal1,metal1
58.832499999999996,58.885,2.672e-11,metal1,metal1
59.38375,58.8,1.751e-07,metal1,metal1
58.980000000000004,61.6,1.439e-06,metal1,metal1
58.9875,95.2,1.962e-09,metal1,metal1
58.84,128.73125,9.132e-09,metal1,metal1
58.9825,36.4,1.023e-10,metal1,metal1
59.052499999999995,128.8,9.132e-09,metal1,metal1
59.0875,92.4,1.574e-06,metal1,metal1
59.010000000000005,137.2,1.109e-12,metal1,metal1
58.957499999999996,140.0,5.739e-14,metal1,metal1
59.31875,103.6,2.855e-06,metal1,metal1
58.9975,11.2,1.421e-06,metal1,metal1
58.9975,19.6,5.81e-07,metal1,metal1
58.97,14.0,1.394e-06,metal1,metal1
58.97,44.8,5.138e-08,metal1,metal1
58.97,120.4,1.557e-06,metal1,metal1
58.974999999999994,30.8,1.594e-08,metal1,metal1
58.974999999999994,89.6,1.349e-09,metal1,metal1
58.974999999999994,117.6,1.151e-08,metal1,metal1
58.985,64.4,1.155e-06,metal1,metal1
58.962500000000006,67.15,6.54e-11,metal1,metal1
58.985,78.4,1.768e-06,metal1,metal1
59.0,5.6,1.349e-09,metal1,metal1
59.332499999999996,25.2,4.079e-07,metal1,metal1
58.9975,67.2125,1.025e-06,metal1,metal1
59.269999999999996,14.0,1.394e-06,metal1,metal1
59.352500000000006,44.8,1.21e-06,metal1,metal1
59.365,120.4,1.557e-06,metal1,metal1
59.082499999999996,30.8,4.61e-07,metal1,metal1
59.185,89.6,4.944e-09,metal1,metal1
59.2575,117.6,5.47e-10,metal1,metal1
59.2725,64.4,1.155e-06,metal1,metal1
59.0325,67.2625,1.025e-06,metal1,metal1
59.6525,78.4,1.768e-06,metal1,metal1
59.2375,140.0,5.703e-14,metal1,metal1
59.3625,5.6,1.349e-09,metal1,metal1
59.2775,67.2,1.025e-06,metal1,metal1
59.708749999999995,11.2,1.421e-06,metal1,metal1
59.192499999999995,19.6,5.81e-07,metal1,metal1
59.105000000000004,8.4,4.549e-15,metal1,metal1
59.125,27.915,5.901e-11,metal1,metal1
59.16,36.4,5.523e-11,metal1,metal1
59.16,61.6,1.155e-06,metal1,metal1
59.16,86.8,2.15e-06,metal1,metal1
59.16,126.0,7.951e-07,metal1,metal1
59.165000000000006,27.83,6.853e-10,metal1,metal1
59.165000000000006,142.8,3.41e-08,metal1,metal1
59.5375,8.4,1.249e-15,metal1,metal1
59.175,42.0,1.816e-11,metal1,metal1
59.175,72.8,2.348e-06,metal1,metal1
59.175,95.2,1.317e-06,metal1,metal1
59.19,30.8,8.521e-09,metal1,metal1
59.19,137.2,7.937e-10,metal1,metal1
59.5475,16.8,1.658e-07,metal1,metal1
59.35,36.4,5.523e-11,metal1,metal1
59.2575,61.6,1.155e-06,metal1,metal1
59.65375,86.8,2.15e-06,metal1,metal1
59.447500000000005,126.0,7.951e-07,metal1,metal1
59.227500000000006,27.915,6.853e-10,metal1,metal1
59.946250000000006,142.8,8.894e-07,metal1,metal1
59.46,42.0,4.152e-10,metal1,metal1
59.3775,72.8,2.348e-06,metal1,metal1
59.370000000000005,95.2,1.317e-06,metal1,metal1
59.4725,30.8,4.521e-10,metal1,metal1
59.5525,137.2,7.937e-10,metal1,metal1
59.745000000000005,28.0,4.479e-07,metal1,metal1
59.295,128.8,3.634e-09,metal1,metal1
59.95375,22.4,2.254e-07,metal1,metal1
59.3775,131.6,9.498e-07,metal1,metal1
59.349999999999994,2.8,8.714e-07,metal1,metal1
59.349999999999994,47.6,2.188e-08,metal1,metal1
59.355000000000004,19.6,2.304e-08,metal1,metal1
59.355000000000004,61.6,1.871e-08,metal1,metal1
59.33,92.315,1.574e-06,metal1,metal1
59.415,128.8,1.938e-07,metal1,metal1
59.365,92.38374999999999,1.446e-11,metal1,metal1
59.375,106.4,2.12e-09,metal1,metal1
59.375,134.4,7.227e-09,metal1,metal1
59.379999999999995,100.8,4.732e-10,metal1,metal1
59.379999999999995,109.2,6.163e-10,metal1,metal1
59.90625,53.2,3.16e-06,metal1,metal1
59.3625,89.53125,4.944e-09,metal1,metal1
59.394999999999996,112.0,2.178e-08,metal1,metal1
59.3975,89.59,2.035e-13,metal1,metal1
60.2275,2.8,8.714e-07,metal1,metal1
59.54,47.6,7.709e-10,metal1,metal1
59.5525,19.6,6.666e-07,metal1,metal1
59.6375,61.6,1.003e-09,metal1,metal1
59.4,92.46875,1.446e-11,metal1,metal1
59.552499999999995,92.4,1.012e-11,metal1,metal1
59.625,106.4,2.12e-09,metal1,metal1
59.555,134.4,7.227e-09,metal1,metal1
59.480000000000004,100.8,4.732e-10,metal1,metal1
59.485,109.2,6.163e-10,metal1,metal1
59.432500000000005,89.65875,2.036e-13,metal1,metal1
59.677499999999995,112.0,1.154e-09,metal1,metal1
59.58,89.6,2.035e-13,metal1,metal1
59.665,131.6,9.498e-07,metal1,metal1
59.485,140.0,5.866e-11,metal1,metal1
59.567499999999995,128.8,6.168e-08,metal1,metal1
59.540000000000006,36.4,2.396e-07,metal1,metal1
59.540000000000006,117.6,5.948e-07,metal1,metal1
59.545,67.2,3.74e-08,metal1,metal1
59.81,140.0,2.98e-09,metal1,metal1
59.56,64.4,2.683e-08,metal1,metal1
59.565,95.2,5.688e-09,metal1,metal1
59.56999999999999,14.0,2.576e-08,metal1,metal1
59.58,72.8,4.876e-08,metal1,metal1
59.58,100.8,3.281e-08,metal1,metal1
59.59,109.2,3.386e-09,metal1,metal1
59.7325,36.4,2.396e-07,metal1,metal1
60.1225,117.6,5.948e-07,metal1,metal1
59.925,67.2,1e-06,metal1,metal1
59.7475,64.4,1.666e-10,metal1,metal1
59.655,95.2,5.688e-09,metal1,metal1
59.8525,14.0,1.31e-09,metal1,metal1
59.7525,72.8,6.639e-07,metal1,metal1
59.7625,100.8,2.527e-09,metal1,metal1
59.7675,109.2,8.029e-12,metal1,metal1
60.14,33.6,9.273e-07,metal1,metal1
59.879999999999995,128.8,6.168e-08,metal1,metal1
59.7575,5.6,2.059e-06,metal1,metal1
59.730000000000004,25.2,5.636e-07,metal1,metal1
59.730000000000004,47.6,9.229e-09,metal1,metal1
59.730000000000004,92.4,6.449e-09,metal1,metal1
59.735,44.8,2.235e-08,metal1,metal1
59.735,126.0,1.288e-08,metal1,metal1
59.735,134.4,2.116e-08,metal1,metal1
59.745000000000005,42.0,4.649e-07,metal1,metal1
59.745000000000005,95.2,1.905e-10,metal1,metal1
59.75,19.6,1.233e-08,metal1,metal1
59.754999999999995,30.8,4.926e-07,metal1,metal1
59.754999999999995,123.2,2.011e-09,metal1,metal1
59.760000000000005,89.6,4.369e-10,metal1,metal1
59.760000000000005,120.4,2.877e-08,metal1,metal1
59.775000000000006,103.6,4.371e-08,metal1,metal1
59.825,25.2,5.636e-07,metal1,metal1
59.9225,47.6,9.229e-09,metal1,metal1
59.8025,92.4,6.449e-09,metal1,metal1
59.9225,44.8,3.616e-10,metal1,metal1
60.0175,126.0,6.216e-10,metal1,metal1
59.80500000000001,134.4,2.116e-08,metal1,metal1
59.8425,42.0,4.649e-07,metal1,metal1
59.905,95.2,1.905e-10,metal1,metal1
59.9375,19.6,1.017e-09,metal1,metal1
60.29,30.8,4.926e-07,metal1,metal1
60.004999999999995,123.2,2.011e-09,metal1,metal1
59.86,89.6,4.369e-10,metal1,metal1
60.042500000000004,120.4,1.318e-09,metal1,metal1
60.3425,103.6,1.192e-09,metal1,metal1
60.32,5.6,2.059e-06,metal1,metal1
59.9075,92.4,4.136e-12,metal1,metal1
59.9075,106.4,1.359e-12,metal1,metal1
59.9075,134.4,2.753e-08,metal1,metal1
59.947500000000005,137.2,1.211e-06,metal1,metal1
59.92,25.2,6.962e-07,metal1,metal1
59.92,61.6,1.093e-06,metal1,metal1
59.92,131.6,3.868e-08,metal1,metal1
59.925,36.4,4.424e-09,metal1,metal1
59.9075,72.715,6.639e-07,metal1,metal1
59.912499999999994,64.485,1.666e-10,metal1,metal1
59.94,16.8,3.062e-09,metal1,metal1
59.94,42.0,8.593e-09,metal1,metal1
59.94499999999999,100.8,1.639e-06,metal1,metal1
59.912499999999994,109.11500000000001,8.029e-12,metal1,metal1
59.9475,109.18375,5.292e-09,metal1,metal1
59.9475,64.3825,1.062e-06,metal1,metal1
59.942499999999995,72.8,4.423e-07,metal1,metal1
59.959999999999994,89.6,6.853e-08,metal1,metal1
59.959999999999994,112.0,1.258e-06,metal1,metal1
60.48125,58.8,1.751e-07,metal1,metal1
59.97,8.4,1.89e-12,metal1,metal1
60.11,25.2,6.962e-07,metal1,metal1
60.394999999999996,61.6,1.093e-06,metal1,metal1
60.4225,131.6,9.016e-07,metal1,metal1
60.1125,36.4,1.309e-11,metal1,metal1
59.9775,72.88499999999999,8.858e-07,metal1,metal1
59.9825,64.2975,1.062e-06,metal1,metal1
60.1225,16.8,2.602e-11,metal1,metal1
60.1275,42.0,5.024e-10,metal1,metal1
60.2875,92.4,4.136e-12,metal1,metal1
60.2875,106.4,1.36e-12,metal1,metal1
60.2875,134.4,3.191e-09,metal1,metal1
60.1425,100.8,4.357e-09,metal1,metal1
59.9825,109.26875000000001,5.292e-09,metal1,metal1
60.1275,109.2,5.292e-09,metal1,metal1
60.045,64.4,1.062e-06,metal1,metal1
60.425,72.8,1.871e-06,metal1,metal1
60.1325,89.6,6.853e-08,metal1,metal1
60.2375,112.0,1.258e-06,metal1,metal1
60.144999999999996,8.4,1.89e-12,metal1,metal1
60.504999999999995,137.2,1.211e-06,metal1,metal1
60.06,95.1625,1.905e-10,metal1,metal1
60.087500000000006,44.715,3.616e-10,metal1,metal1
60.114999999999995,47.6,1.064e-11,metal1,metal1
60.1525,50.4,1.042e-09,metal1,metal1
60.125,19.6,6.834e-07,metal1,metal1
60.125,95.125,3.765e-11,metal1,metal1
60.129999999999995,64.4,3.873e-08,metal1,metal1
60.135000000000005,14.0,1.427e-06,metal1,metal1
60.1225,44.78375,2.715e-10,metal1,metal1
60.135000000000005,81.2,2.18e-09,metal1,metal1
60.135000000000005,140.0,1.003e-08,metal1,metal1
61.04625,84.0,6.98e-07,metal1,metal1
60.57125,86.8,2.15e-06,metal1,metal1
60.86,114.8,1.418e-06,metal1,metal1
60.16,128.8,8.66e-11,metal1,metal1
60.1575,44.86875,2.715e-10,metal1,metal1
60.302499999999995,47.6,1.065e-11,metal1,metal1
60.62375,19.6,6.834e-07,metal1,metal1
60.162499999999994,95.1625,3.765e-11,metal1,metal1
60.71,64.4,1.035e-06,metal1,metal1
60.412499999999994,95.2,1.845e-12,metal1,metal1
60.7025,14.0,1.427e-06,metal1,metal1
60.385000000000005,44.8,2.715e-10,metal1,metal1
60.385000000000005,81.2,2.18e-09,metal1,metal1
60.2425,140.0,1.003e-08,metal1,metal1
60.34,128.8,8.66e-11,metal1,metal1
60.3425,50.4,1.042e-09,metal1,metal1
60.287499999999994,123.2,1.288e-12,metal1,metal1
60.725,28.0,4.479e-07,metal1,metal1
60.3,25.2,8.302e-07,metal1,metal1
60.2775,36.315,1.309e-11,metal1,metal1
60.3,126.0,6.761e-07,metal1,metal1
60.275000000000006,16.715,2.602e-11,metal1,metal1
60.30500000000001,67.2,3.647e-08,metal1,metal1
60.30500000000001,89.6,1.538e-07,metal1,metal1
60.30500000000001,109.2,1.773e-09,metal1,metal1
60.31,16.799999999999997,5.821e-11,metal1,metal1
60.315,42.0,3.349e-07,metal1,metal1
60.29,8.485,1.89e-12,metal1,metal1
60.31999999999999,39.2,3.238e-09,metal1,metal1
60.31999999999999,78.4,3.269e-08,metal1,metal1
60.3125,36.38375,6.786e-12,metal1,metal1
60.325,120.4,1.432e-06,metal1,metal1
60.325,8.41625,1.884e-12,metal1,metal1
60.34,100.8,1.535e-06,metal1,metal1
60.349999999999994,140.0,7.039e-09,metal1,metal1
60.585,25.2,8.302e-07,metal1,metal1
60.3475,36.46875,6.786e-12,metal1,metal1
60.49,126.0,6.761e-07,metal1,metal1
60.345,16.884999999999998,5.821e-11,metal1,metal1
60.685,67.2,9.751e-07,metal1,metal1
60.395,89.6,1.538e-07,metal1,metal1
60.49,109.2,1.013e-07,metal1,metal1
60.4975,16.8,3.193e-07,metal1,metal1
60.405,42.0,3.349e-07,metal1,metal1
60.99625,11.2,1.421e-06,metal1,metal1
60.36,8.33125,1.884e-12,metal1,metal1
60.42,39.2,3.238e-09,metal1,metal1
60.50749999999999,78.4,2.556e-09,metal1,metal1
60.6675,123.2,1.29e-12,metal1,metal1
60.575,36.4,6.786e-12,metal1,metal1
60.41,120.4,1.432e-06,metal1,metal1
60.5125,8.4,4.334e-12,metal1,metal1
60.43,100.8,1.535e-06,metal1,metal1
60.4925,140.0,7.039e-09,metal1,metal1
60.5175,89.6,4.536e-07,metal1,metal1
60.489999999999995,47.6,1.706e-08,metal1,metal1
60.489999999999995,53.2,3.096e-06,metal1,metal1
60.495000000000005,42.0,4.551e-10,metal1,metal1
60.495000000000005,75.6,6.008e-08,metal1,metal1
60.495000000000005,98.0,1.171e-07,metal1,metal1
60.495000000000005,120.4,2e-09,metal1,metal1
60.5325,50.4,6.698e-07,metal1,metal1
60.4825,111.93125,1.258e-06,metal1,metal1
60.519999999999996,39.2,1.845e-09,metal1,metal1
60.519999999999996,100.8,2.354e-08,metal1,metal1
60.5175,112.01625,1.031e-11,metal1,metal1
60.519999999999996,128.8,3.197e-10,metal1,metal1
60.59,47.6,1.706e-08,metal1,metal1
60.682500000000005,53.2,3.096e-06,metal1,metal1
60.682500000000005,42.0,4.551e-10,metal1,metal1
60.692499999999995,75.6,1.62e-06,metal1,metal1
60.587500000000006,98.0,3.122e-06,metal1,metal1
60.682500000000005,120.4,2e-09,metal1,metal1
60.552499999999995,112.08500000000001,1.031e-11,metal1,metal1
60.6075,39.2,1.845e-09,metal1,metal1
60.6,100.8,2.354e-08,metal1,metal1
60.7675,112.0,1.002e-09,metal1,metal1
60.8825,128.8,3.197e-10,metal1,metal1
60.615,89.6,7.968e-09,metal1,metal1
60.667500000000004,44.8,3.744e-07,metal1,metal1
61.04,50.4,6.698e-07,metal1,metal1
60.667500000000004,81.2,1.586e-12,metal1,metal1
60.667500000000004,92.4,5.982e-13,metal1,metal1
60.667500000000004,106.4,2.207e-15,metal1,metal1
60.667500000000004,134.4,3.033e-12,metal1,metal1
60.6375,139.9625,1.014e-08,metal1,metal1
60.707499999999996,109.2,1.512e-07,metal1,metal1
60.68000000000001,16.8,9.331e-07,metal1,metal1
60.68000000000001,22.4,2.971e-07,metal1,metal1
60.68000000000001,33.6,1.105e-06,metal1,metal1
60.68000000000001,89.6,6.31e-07,metal1,metal1
60.68000000000001,98.0,5.112e-08,metal1,metal1
60.68000000000001,100.8,1.228e-08,metal1,metal1
60.68000000000001,126.0,1.096e-08,metal1,metal1
60.7225,47.6,3.002e-08,metal1,metal1
60.69499999999999,8.4,2.868e-09,metal1,metal1
60.69499999999999,39.2,2.252e-08,metal1,metal1
60.69499999999999,78.4,1.715e-06,metal1,metal1
60.69499999999999,95.2,2.083e-09,metal1,metal1
60.7,70.0,3.914e-08,metal1,metal1
60.705,117.6,5.815e-10,metal1,metal1
60.705,140.03125,2.018e-10,metal1,metal1
61.43875,142.8,8.894e-07,metal1,metal1
61.3625,16.8,9.331e-07,metal1,metal1
60.965,22.4,2.971e-07,metal1,metal1
60.8725,33.6,1.105e-06,metal1,metal1
60.88,89.6,6.31e-07,metal1,metal1
61.06,98.0,1.979e-09,metal1,metal1
60.7875,100.8,1.228e-08,metal1,metal1
60.870000000000005,126.0,9.538e-10,metal1,metal1
60.875,8.4,2.868e-09,metal1,metal1
60.785,39.2,1.091e-07,metal1,metal1
60.9925,78.4,2.897e-09,metal1,metal1
60.76,95.2,2.083e-09,metal1,metal1
60.785,44.8,3.744e-07,metal1,metal1
61.085,70.0,1.039e-06,metal1,metal1
61.0475,81.2,1.587e-12,metal1,metal1
60.9475,92.4,5.979e-13,metal1,metal1
60.9475,106.4,1.402e-15,metal1,metal1
60.9475,134.4,3.032e-12,metal1,metal1
60.739999999999995,140.06875,2.018e-10,metal1,metal1
60.955,117.6,5.815e-10,metal1,metal1
61.052499999999995,140.0,2.018e-10,metal1,metal1
61.17125,109.2,1.512e-07,metal1,metal1
61.29,30.8,4.926e-07,metal1,metal1
60.8575,36.4,6.925e-15,metal1,metal1
60.8125,47.6,3.002e-08,metal1,metal1
60.8575,95.2,1.462e-10,metal1,metal1
61.31,5.6,2.059e-06,metal1,metal1
60.870000000000005,25.2,1.017e-06,metal1,metal1
60.870000000000005,42.0,2.29e-11,metal1,metal1
60.870000000000005,44.8,1.811e-07,metal1,metal1
60.870000000000005,47.6,1.611e-08,metal1,metal1
60.870000000000005,61.6,5.063e-07,metal1,metal1
60.870000000000005,120.4,2.711e-08,metal1,metal1
60.875,39.2,7.217e-08,metal1,metal1
60.875,53.2,5.724e-08,metal1,metal1
60.89,72.8,3.457e-08,metal1,metal1
60.89,75.6,2.992e-08,metal1,metal1
60.894999999999996,100.8,7.525e-08,metal1,metal1
60.91,103.6,2.796e-06,metal1,metal1
61.3575,131.6,9.016e-07,metal1,metal1
61.26875,25.2,1.017e-06,metal1,metal1
61.06,42.0,2.29e-11,metal1,metal1
61.07,44.8,1.811e-07,metal1,metal1
60.97,47.6,1.611e-08,metal1,metal1
61.25,61.6,5.063e-07,metal1,metal1
61.31625,120.4,1.295e-06,metal1,metal1
60.98,39.2,7.217e-08,metal1,metal1
61.0625,53.2,4.264e-09,metal1,metal1
61.2375,36.4,7.311e-15,metal1,metal1
61.2675,72.8,1.221e-09,metal1,metal1
61.0775,75.6,1.189e-10,metal1,metal1
61.0725,95.2,1.462e-10,metal1,metal1
61.085,100.8,5.656e-09,metal1,metal1
60.9875,103.6,2.796e-06,metal1,metal1
61.015,111.9625,2.335e-09,metal1,metal1
61.0475,123.2,2.207e-15,metal1,metal1
61.485,137.2,1.211e-06,metal1,metal1
61.087500000000006,8.4,1.988e-06,metal1,metal1
61.06,126.0,6.519e-07,metal1,metal1
61.065,33.6,2.043e-08,metal1,metal1
61.065,58.8,6.003e-09,metal1,metal1
61.065,67.2,7.928e-09,metal1,metal1
61.065,86.8,7.804e-08,metal1,metal1
61.065,103.6,8.619e-08,metal1,metal1
61.1025,47.6,3.295e-07,metal1,metal1
61.05,89.6875,6.31e-07,metal1,metal1
61.084999999999994,39.2,4.992e-07,metal1,metal1
61.082499999999996,112.0475,6.06e-11,metal1,metal1
61.085,89.6025,6.709e-11,metal1,metal1
61.9125,2.8,8.714e-07,metal1,metal1
61.551249999999996,19.6,6.834e-07,metal1,metal1
61.7275,126.0,6.519e-07,metal1,metal1
61.2525,33.6,1.888e-09,metal1,metal1
61.462500000000006,58.8,1.174e-10,metal1,metal1
61.167500000000004,67.2,7.928e-09,metal1,metal1
61.35,86.8,2.076e-06,metal1,metal1
61.16,103.6,8.619e-08,metal1,metal1
61.120000000000005,89.515,6.709e-11,metal1,metal1
61.1175,112.08500000000001,6.06e-11,metal1,metal1
61.3275,123.2,1.169e-15,metal1,metal1
61.167500000000004,39.2,6.777e-09,metal1,metal1
61.43,112.0,6.06e-11,metal1,metal1
61.3725,89.6,4.728e-10,metal1,metal1
61.2825,8.4,1.988e-06,metal1,metal1
61.19499999999999,92.4,6.256e-10,metal1,metal1
61.19499999999999,106.4,4.549e-15,metal1,metal1
61.19499999999999,134.4,5.914e-14,metal1,metal1
61.2875,47.6,3.295e-07,metal1,metal1
61.2375,117.6,3.74e-13,metal1,metal1
62.62375,56.0,6.882e-07,metal1,metal1
61.2775,128.8,4.878e-07,metal1,metal1
61.25,22.4,3.847e-07,metal1,metal1
61.25,28.0,5.418e-07,metal1,metal1
61.25,39.2,9.535e-07,metal1,metal1
61.2175,41.915,2.29e-11,metal1,metal1
61.25,53.2,2.858e-06,metal1,metal1
61.2525,42.0,6.399e-12,metal1,metal1
61.254999999999995,95.2,3.053e-10,metal1,metal1
61.254999999999995,103.6,1.476e-10,metal1,metal1
61.2325,75.515,1.189e-10,metal1,metal1
61.4225,92.4,3.178e-08,metal1,metal1
61.6275,106.4,2.024e-14,metal1,metal1
61.6275,134.4,1.249e-16,metal1,metal1
61.269999999999996,14.0,7.438e-09,metal1,metal1
61.269999999999996,44.8,4.019e-09,metal1,metal1
61.269999999999996,67.2,1.72e-08,metal1,metal1
61.2675,75.6,2.091e-10,metal1,metal1
61.275000000000006,100.8,6.61e-07,metal1,metal1
61.290000000000006,64.4,9.845e-07,metal1,metal1
61.290000000000006,78.4,5.806e-08,metal1,metal1
61.915,22.4,3.847e-07,metal1,metal1
61.442499999999995,28.0,5.418e-07,metal1,metal1
61.8275,39.2,9.535e-07,metal1,metal1
61.287499999999994,42.085,6.399e-12,metal1,metal1
61.442499999999995,53.2,2.858e-06,metal1,metal1
61.6525,42.0,3.375e-10,metal1,metal1
61.32,95.2,3.053e-10,metal1,metal1
61.3475,103.6,9.418e-08,metal1,metal1
61.302499999999995,75.685,2.091e-10,metal1,metal1
61.3775,14.0,7.438e-09,metal1,metal1
61.332499999999996,44.8,4.019e-09,metal1,metal1
61.457499999999996,67.2,2.625e-09,metal1,metal1
61.46,75.6,1.53e-06,metal1,metal1
61.6175,117.6,3.73e-13,metal1,metal1
61.4525,100.8,6.61e-07,metal1,metal1
61.575,64.4,1.647e-09,metal1,metal1
61.3875,78.4,2.327e-07,metal1,metal1
62.21875,128.8,4.878e-07,metal1,metal1
61.385000000000005,95.2,1.126e-09,metal1,metal1
61.427499999999995,44.8,1.463e-09,metal1,metal1
61.427499999999995,81.2,2.946e-10,metal1,metal1
61.379999999999995,139.91500000000002,2.018e-10,metal1,metal1
61.4475,140.0,5.055e-10,metal1,metal1
61.44,33.6,1.27e-06,metal1,metal1
61.415,47.6875,3.295e-07,metal1,metal1
61.44,98.0,3.005e-06,metal1,metal1
61.44,103.6,4.984e-08,metal1,metal1
61.44499999999999,8.4,2.785e-09,metal1,metal1
61.5225,95.2,4.046e-10,metal1,metal1
61.45,47.6025,6.896e-11,metal1,metal1
61.47,70.0,2.032e-08,metal1,metal1
61.485,14.0,5.071e-09,metal1,metal1
61.485,78.4,2.009e-07,metal1,metal1
62.175,33.6,1.27e-06,metal1,metal1
61.485,47.515,6.896e-11,metal1,metal1
61.7325,98.0,3.005e-06,metal1,metal1
61.629999999999995,103.6,2.479e-06,metal1,metal1
61.63249999999999,8.4,2.785e-09,metal1,metal1
61.92,50.4,6.698e-07,metal1,metal1
61.552499999999995,44.8,1.463e-09,metal1,metal1
61.647499999999994,47.6,7.223e-10,metal1,metal1
61.655,81.2,2.946e-10,metal1,metal1
61.515,140.08499999999998,5.055e-10,metal1,metal1
61.66,70.0,6.125e-08,metal1,metal1
61.565,14.0,5.071e-09,metal1,metal1
61.5775,78.4,2.009e-07,metal1,metal1
61.7275,140.0,5.055e-10,metal1,metal1
61.575,123.2,4.549e-15,metal1,metal1
61.6175,36.4,4.413e-12,metal1,metal1
61.963750000000005,109.2,1.512e-07,metal1,metal1
61.61,61.66875,5.063e-07,metal1,metal1
61.629999999999995,100.8,1.342e-08,metal1,metal1
61.635000000000005,28.0,5.128e-09,metal1,metal1
61.635000000000005,53.2,3.888e-09,metal1,metal1
61.635000000000005,86.8,7.035e-08,metal1,metal1
61.635000000000005,114.8,2.297e-08,metal1,metal1
61.644999999999996,14.0,5.112e-08,metal1,metal1
61.644999999999996,44.8,1.79e-09,metal1,metal1
61.644999999999996,67.2,8.705e-07,metal1,metal1
61.644999999999996,72.8,1.838e-06,metal1,metal1
62.0075,123.2,8.746e-16,metal1,metal1
61.650000000000006,75.6,2.829e-08,metal1,metal1
61.650000000000006,92.4,3.372e-08,metal1,metal1
61.655,89.6,5.24e-07,metal1,metal1
61.644999999999996,61.583749999999995,4.986e-11,metal1,metal1
61.66,95.2,7.003e-12,metal1,metal1
61.99625,25.2,1.017e-06,metal1,metal1
61.67,78.4,1.208e-06,metal1,metal1
61.675,11.2,2.302e-08,metal1,metal1
61.68,61.515,4.986e-11,metal1,metal1
61.82,100.8,4.537e-10,metal1,metal1
61.7425,28.0,5.128e-09,metal1,metal1
61.822500000000005,53.2,3.888e-09,metal1,metal1
61.83,86.8,1.734e-06,metal1,metal1
61.917500000000004,114.8,1.4e-09,metal1,metal1
61.8475,14.0,2.156e-09,metal1,metal1
61.8,44.8,1.79e-09,metal1,metal1
62.1125,67.2,8.21e-10,metal1,metal1
61.8475,72.8,4.8e-09,metal1,metal1
61.8975,36.4,4.414e-12,metal1,metal1
61.837500000000006,75.6,2.136e-09,metal1,metal1
61.855000000000004,92.4,3.372e-08,metal1,metal1
61.8475,89.6,5.24e-07,metal1,metal1
61.835,61.6,1.717e-10,metal1,metal1
61.942499999999995,95.2,2.537e-11,metal1,metal1
61.955,78.4,2.205e-09,metal1,metal1
61.957499999999996,11.2,1.407e-09,metal1,metal1
62.13875,120.4,1.295e-06,metal1,metal1
61.807500000000005,112.0,6.181e-14,metal1,metal1
61.81999999999999,8.4,4.483e-08,metal1,metal1
61.81999999999999,103.6,5.224e-08,metal1,metal1
61.7975,30.884999999999998,4.926e-07,metal1,metal1
61.834999999999994,47.6,4.938e-07,metal1,metal1
61.84,5.6,3.807e-08,metal1,metal1
61.832499999999996,30.799999999999997,3.703e-11,metal1,metal1
61.849999999999994,28.0,5.294e-09,metal1,metal1
61.849999999999994,70.0,1.344e-07,metal1,metal1
61.849999999999994,81.2,1.813e-09,metal1,metal1
61.86,58.8,4.059e-08,metal1,metal1
61.86,64.4,8.593e-07,metal1,metal1
61.86,131.6,7.915e-07,metal1,metal1
62.4875,8.4,2.143e-06,metal1,metal1
62.01,103.6,2.899e-10,metal1,metal1
61.8675,30.715,3.703e-11,metal1,metal1
62.27625,47.6,4.938e-07,metal1,metal1
62.0275,5.6,3.147e-09,metal1,metal1
62.2175,30.8,4.591e-10,metal1,metal1
62.0875,112.0,6.054e-14,metal1,metal1
61.93,28.0,5.294e-09,metal1,metal1
61.942499999999995,70.0,1.344e-07,metal1,metal1
61.9025,81.2,1.813e-09,metal1,metal1
62.03,58.8,4.059e-08,metal1,metal1
62.0325,64.4,8.593e-07,metal1,metal1
61.9375,131.6,7.915e-07,metal1,metal1
61.947500000000005,44.89375,2.194e-10,metal1,metal1
61.955,81.2,2.378e-09,metal1,metal1
61.947500000000005,139.90625,2.198e-12,metal1,metal1
61.9975,117.6,0.0,metal1,metal1
62.010000000000005,28.0,1.438e-08,metal1,metal1
61.9825,44.79,2.194e-10,metal1,metal1
62.010000000000005,53.2,3.52e-09,metal1,metal1
62.010000000000005,61.6,1.753e-09,metal1,metal1
62.010000000000005,100.8,6.162e-07,metal1,metal1
62.010000000000005,137.2,1.983e-08,metal1,metal1
61.9825,139.99375,2.198e-12,metal1,metal1
62.015,84.0,1.832e-08,metal1,metal1
62.015,131.6,2.888e-08,metal1,metal1
62.0175,44.69625,1.729e-09,metal1,metal1
62.025000000000006,75.6,1.432e-06,metal1,metal1
62.185,81.2,1.4e-10,metal1,metal1
61.9925,86.77250000000001,1.734e-06,metal1,metal1
62.025000000000006,98.0,3.922e-09,metal1,metal1
62.0175,140.0875,3.045e-09,metal1,metal1
62.0275,86.8575,1.115e-10,metal1,metal1
62.035,70.0,7.855e-07,metal1,metal1
62.040000000000006,89.6,9.683e-09,metal1,metal1
62.6575,16.8,9.331e-07,metal1,metal1
62.05,14.0,1.568e-06,metal1,metal1
62.05,19.6,1.108e-08,metal1,metal1
62.05,42.0,3.305e-07,metal1,metal1
62.05,72.8,1.766e-06,metal1,metal1
62.06,92.4,3.037e-11,metal1,metal1
62.06,106.4,3.628e-11,metal1,metal1
62.06,134.4,2.367e-13,metal1,metal1
62.212500000000006,28.0,1.927e-09,metal1,metal1
62.2,44.8,5.891e-12,metal1,metal1
62.2,53.2,3.52e-09,metal1,metal1
62.1175,61.6,1.753e-09,metal1,metal1
62.3925,100.8,6.162e-07,metal1,metal1
62.39,137.2,7.175e-10,metal1,metal1
62.295,140.0,3.045e-09,metal1,metal1
62.2025,84.0,2.944e-07,metal1,metal1
62.205,131.6,7.728e-07,metal1,metal1
62.2175,75.6,1.432e-06,metal1,metal1
62.0625,86.88499999999999,1.115e-10,metal1,metal1
62.215,98.0,3.922e-09,metal1,metal1
62.3275,86.8,1.44e-06,metal1,metal1
62.2775,117.6,7.012e-16,metal1,metal1
62.2225,70.0,1.278e-10,metal1,metal1
62.322500000000005,89.6,3.888e-10,metal1,metal1
62.695,14.0,1.568e-06,metal1,metal1
62.24,19.6,1.05e-09,metal1,metal1
62.6,42.0,3.305e-07,metal1,metal1
62.24,72.8,4.95e-09,metal1,metal1
62.239999999999995,92.4,3.037e-11,metal1,metal1
62.2275,106.4,3.627e-11,metal1,metal1
62.239999999999995,134.4,2.357e-13,metal1,metal1
62.144999999999996,36.4,4.646e-09,metal1,metal1
62.2,58.8,6.942e-07,metal1,metal1
62.2,103.6,1.492e-07,metal1,metal1
62.2,114.8,1.529e-06,metal1,metal1
62.1775,64.315,8.593e-07,metal1,metal1
62.215,5.6,2.113e-06,metal1,metal1
62.457499999999996,36.4,1.891e-10,metal1,metal1
62.212500000000006,64.4,6.427e-11,metal1,metal1
62.22,142.8,8.792e-07,metal1,metal1
62.224999999999994,61.6,4.488e-07,metal1,metal1
62.2025,95.285,2.537e-11,metal1,metal1
62.239999999999995,11.2,1.537e-06,metal1,metal1
62.239999999999995,78.4,1.26e-06,metal1,metal1
62.2375,95.22625,1.68e-11,metal1,metal1
62.31,58.8,6.942e-07,metal1,metal1
62.3925,103.6,1.492e-07,metal1,metal1
62.59,114.8,1.529e-06,metal1,metal1
62.2475,64.485,6.427e-11,metal1,metal1
63.51125,5.6,2.113e-06,metal1,metal1
62.4075,64.4,4.767e-10,metal1,metal1
62.505,142.8,8.792e-07,metal1,metal1
62.31,61.6,4.488e-07,metal1,metal1
62.272499999999994,95.14125,1.68e-11,metal1,metal1
62.71,11.2,1.537e-06,metal1,metal1
62.325,78.4,1.26e-06,metal1,metal1
62.43,95.2,1.68e-11,metal1,metal1
62.334999999999994,112.0,3.144e-12,metal1,metal1
62.39,44.8,5.823e-09,metal1,metal1
62.39,53.2,2.626e-06,metal1,metal1
62.39,84.0,1.943e-07,metal1,metal1
62.394999999999996,25.2,3.804e-08,metal1,metal1
62.394999999999996,50.4,1.239e-08,metal1,metal1
62.394999999999996,61.6,1.433e-08,metal1,metal1
62.3725,106.485,3.628e-11,metal1,metal1
62.394999999999996,109.2,2.449e-09,metal1,metal1
62.394999999999996,126.0,1.004e-09,metal1,metal1
62.394999999999996,131.6,3.092e-09,metal1,metal1
62.405,39.2,1.243e-09,metal1,metal1
62.405,98.0,2.812e-09,metal1,metal1
62.745,112.0,1.6e-10,metal1,metal1
62.3775,69.91499999999999,1.278e-10,metal1,metal1
62.41,75.6,5.138e-08,metal1,metal1
62.41,78.4,6.547e-09,metal1,metal1
62.415000000000006,28.0,7.53e-07,metal1,metal1
62.4125,70.0,1.241e-10,metal1,metal1
62.415000000000006,81.2,3.021e-10,metal1,metal1
62.42,58.8,1.283e-08,metal1,metal1
62.42,92.4,1.198e-08,metal1,metal1
62.4075,106.41624999999999,2.524e-11,metal1,metal1
62.42,134.4,1.687e-10,metal1,metal1
62.43000000000001,19.6,7.187e-07,metal1,metal1
62.43000000000001,72.8,1.673e-06,metal1,metal1
62.44,123.2,1.643e-12,metal1,metal1
62.605,44.8,5.823e-09,metal1,metal1
62.4875,53.2,2.626e-06,metal1,metal1
62.59,84.0,1.943e-07,metal1,metal1
63.02875,25.2,1.043e-06,metal1,metal1
62.582499999999996,50.4,9.702e-10,metal1,metal1
62.9725,61.6,3.274e-07,metal1,metal1
62.442499999999995,106.33125000000001,2.524e-11,metal1,metal1
62.677499999999995,109.2,3.559e-11,metal1,metal1
62.582499999999996,126.0,1.004e-09,metal1,metal1
62.4875,131.6,3.092e-09,metal1,metal1
62.595,39.2,1.243e-09,metal1,metal1
62.6075,98.0,2.038e-07,metal1,metal1
62.447500000000005,70.08500000000001,1.241e-10,metal1,metal1
62.685,75.6,1.351e-06,metal1,metal1
62.495000000000005,78.4,6.547e-09,metal1,metal1
62.806250000000006,28.0,7.53e-07,metal1,metal1
62.595,70.0,8.969e-07,metal1,metal1
62.6175,81.2,3.021e-10,metal1,metal1
62.7025,58.8,7.23e-10,metal1,metal1
62.5975,92.4,1.198e-08,metal1,metal1
62.7825,106.4,6.862e-10,metal1,metal1
62.7825,134.4,1.687e-10,metal1,metal1
63.09,19.6,7.187e-07,metal1,metal1
62.61,72.8,1.673e-06,metal1,metal1
62.620000000000005,123.2,1.646e-12,metal1,metal1
62.525000000000006,117.6,4.549e-15,metal1,metal1
62.58,22.4,5.574e-07,metal1,metal1
62.58,67.2,7.185e-07,metal1,metal1
62.58,78.4,3.919e-10,metal1,metal1
62.58,131.6,2.2e-09,metal1,metal1
62.58,140.0,1.644e-08,metal1,metal1
62.584999999999994,53.2,3.569e-09,metal1,metal1
62.584999999999994,103.6,2.416e-09,metal1,metal1
62.584999999999994,120.4,3.284e-09,metal1,metal1
62.595,30.8,5.662e-07,metal1,metal1
62.595,64.4,6.468e-07,metal1,metal1
62.957499999999996,117.6,2.499e-16,metal1,metal1
62.605000000000004,89.6,4.213e-07,metal1,metal1
62.61,95.2,1.198e-08,metal1,metal1
62.625,86.8,2.307e-08,metal1,metal1
62.69,22.4,5.574e-07,metal1,metal1
62.78,67.2,7.185e-07,metal1,metal1
62.682500000000005,78.4,3.919e-10,metal1,metal1
62.769999999999996,131.6,6.542e-10,metal1,metal1
62.7,140.0,1.644e-08,metal1,metal1
62.772499999999994,53.2,3.569e-09,metal1,metal1
62.8675,103.6,4.08e-11,metal1,metal1
62.78,120.4,3.284e-09,metal1,metal1
63.22625,30.8,5.662e-07,metal1,metal1
63.17,64.4,6.468e-07,metal1,metal1
62.69,89.6,4.213e-07,metal1,metal1
62.895,95.2,1.198e-08,metal1,metal1
63.0025,86.8,7.877e-10,metal1,metal1
63.08875,47.6,4.938e-07,metal1,metal1
62.769999999999996,36.4,1.085e-09,metal1,metal1
62.769999999999996,50.4,6.51e-07,metal1,metal1
62.769999999999996,126.0,8.049e-08,metal1,metal1
62.769999999999996,137.2,1.088e-06,metal1,metal1
62.775000000000006,70.0,2.612e-09,metal1,metal1
62.775000000000006,89.6,1.532e-08,metal1,metal1
62.775000000000006,92.4,2.014e-10,metal1,metal1
62.775000000000006,100.8,1.287e-08,metal1,metal1
62.785,39.2,3.039e-11,metal1,metal1
62.785,78.4,4.124e-07,metal1,metal1
62.790000000000006,2.8,8.816e-07,metal1,metal1
62.790000000000006,72.8,6.068e-08,metal1,metal1
62.790000000000006,84.0,4.445e-09,metal1,metal1
62.790000000000006,142.8,8.691e-07,metal1,metal1
62.8,22.4,9.785e-09,metal1,metal1
62.8,123.2,1.178e-09,metal1,metal1
62.81,98.0,4.888e-07,metal1,metal1
62.81999999999999,44.8,1.127e-11,metal1,metal1
62.81999999999999,81.2,7.843e-13,metal1,metal1
62.81999999999999,140.0,2.254e-11,metal1,metal1
62.89,36.4,1.085e-09,metal1,metal1
63.41,50.4,6.51e-07,metal1,metal1
62.8725,126.0,8.049e-08,metal1,metal1
63.067499999999995,137.2,1.088e-06,metal1,metal1
62.8775,70.0,2.612e-09,metal1,metal1
63.22,89.6,4.083e-07,metal1,metal1
62.96,92.4,1.07e-09,metal1,metal1
63.260000000000005,100.8,4.317e-07,metal1,metal1
63.07,39.2,1.002e-09,metal1,metal1
62.8875,78.4,4.124e-07,metal1,metal1
74.9825,2.8,8.816e-07,metal1,metal1
63.0675,72.8,1.613e-06,metal1,metal1
63.370000000000005,84.0,4.646e-08,metal1,metal1
63.065,142.8,8.691e-07,metal1,metal1
62.975,22.4,2.743e-08,metal1,metal1
63.0775,123.2,1.178e-09,metal1,metal1
62.8925,98.0,4.888e-07,metal1,metal1
63.0,44.8,1.127e-11,metal1,metal1
63.0,81.2,7.854e-13,metal1,metal1
63.0,140.0,2.255e-11,metal1,metal1
63.575,33.6,1.27e-06,metal1,metal1
62.959999999999994,53.2,3.47e-10,metal1,metal1
62.959999999999994,75.6,9.57e-07,metal1,metal1
62.959999999999994,109.2,3.701e-08,metal1,metal1
62.959999999999994,131.6,5.63e-07,metal1,metal1
62.974999999999994,98.0,2.106e-06,metal1,metal1
62.974999999999994,120.4,1.3e-08,metal1,metal1
62.974999999999994,126.0,3.844e-07,metal1,metal1
62.980000000000004,67.2,1.328e-08,metal1,metal1
62.980000000000004,70.0,4.982e-11,metal1,metal1
62.980000000000004,114.8,1.539e-06,metal1,metal1
62.985,58.8,7.886e-07,metal1,metal1
62.989999999999995,78.4,8.828e-09,metal1,metal1
63.010000000000005,36.4,3.186e-09,metal1,metal1
63.065,53.2,1.522e-08,metal1,metal1
63.552499999999995,75.6,9.57e-07,metal1,metal1
63.5325,109.2,3.701e-08,metal1,metal1
63.254999999999995,131.6,5.63e-07,metal1,metal1
63.16,98.0,2.547e-06,metal1,metal1
63.0625,120.4,4.899e-09,metal1,metal1
63.165,126.0,4.049e-08,metal1,metal1
63.167500000000004,67.2,7.789e-10,metal1,metal1
63.065,70.0,4.981e-11,metal1,metal1
63.4525,114.8,1.539e-06,metal1,metal1
63.1625,58.8,7.886e-07,metal1,metal1
63.165,78.4,6.575e-08,metal1,metal1
63.0625,36.4,3.186e-09,metal1,metal1
63.1475,36.4,1.272e-09,metal1,metal1
63.96625,128.8,4.878e-07,metal1,metal1
63.114999999999995,92.485,1.07e-09,metal1,metal1
63.177499999999995,106.4,1.241e-06,metal1,metal1
63.177499999999995,134.4,2.574e-07,metal1,metal1
63.150000000000006,22.4,4.749e-08,metal1,metal1
63.150000000000006,42.0,9.482e-07,metal1,metal1
63.150000000000006,70.0,5.427e-11,metal1,metal1
63.150000000000006,103.6,4.281e-08,metal1,metal1
63.150000000000006,120.4,1.071e-06,metal1,metal1
63.155,8.4,1.843e-08,metal1,metal1
63.155,92.57,1.004e-09,metal1,metal1
63.1425,112.08500000000001,4.617e-11,metal1,metal1
63.17,53.2,8.585e-09,metal1,metal1
63.18000000000001,11.2,2.84e-08,metal1,metal1
63.18000000000001,44.8,2.248e-09,metal1,metal1
63.18000000000001,81.2,8.643e-10,metal1,metal1
63.18000000000001,95.2,5.749e-08,metal1,metal1
63.18000000000001,140.0,3.029e-10,metal1,metal1
63.51875,28.0,7.53e-07,metal1,metal1
63.177499999999995,112.02625,4.617e-11,metal1,metal1
63.2575,22.4,4.749e-08,metal1,metal1
64.64500000000001,42.0,9.482e-07,metal1,metal1
63.2525,70.0,5.427e-11,metal1,metal1
63.93375,103.6,4.281e-08,metal1,metal1
63.4425,120.4,1.071e-06,metal1,metal1
63.26,8.4,1.843e-08,metal1,metal1
63.2175,92.485,1.004e-09,metal1,metal1
63.2125,111.94125,2.7e-10,metal1,metal1
63.254999999999995,53.2,8.585e-09,metal1,metal1
63.462500000000006,11.2,1.443e-09,metal1,metal1
63.275000000000006,36.4,1.272e-09,metal1,metal1
63.542500000000004,44.8,2.248e-09,metal1,metal1
63.542500000000004,81.2,8.643e-10,metal1,metal1
63.2575,95.2,5.749e-08,metal1,metal1
63.542500000000004,140.0,3.029e-10,metal1,metal1
63.364999999999995,112.0,4.841e-11,metal1,metal1
63.3775,92.4,4.775e-07,metal1,metal1
63.465,106.4,1.241e-06,metal1,metal1
64.92875,134.4,2.574e-07,metal1,metal1
63.3675,95.2,1.377e-07,metal1,metal1
63.34,14.0,1.642e-06,metal1,metal1
63.34,16.8,1.111e-06,metal1,metal1
63.34,53.2,1.302e-08,metal1,metal1
63.34,58.8,3.617e-08,metal1,metal1
63.34,78.4,1.09e-07,metal1,metal1
63.34,142.8,7.948e-07,metal1,metal1
63.345,72.8,5.812e-08,metal1,metal1
63.345,98.0,9.074e-08,metal1,metal1
63.355000000000004,39.2,1.122e-06,metal1,metal1
63.355000000000004,67.2,5.193e-07,metal1,metal1
63.355000000000004,70.0,2.865e-09,metal1,metal1
63.355000000000004,123.2,3.562e-10,metal1,metal1
63.355000000000004,126.0,5.521e-10,metal1,metal1
63.364999999999995,8.4,1.642e-08,metal1,metal1
63.364999999999995,22.4,6.626e-07,metal1,metal1
63.364999999999995,137.2,1.064e-09,metal1,metal1
63.370000000000005,36.4,1.845e-09,metal1,metal1
63.379999999999995,86.8,1.185e-06,metal1,metal1
63.39,117.6,2.028e-13,metal1,metal1
63.625,14.0,1.642e-06,metal1,metal1
64.02000000000001,16.8,1.111e-06,metal1,metal1
63.442499999999995,53.2,1.302e-08,metal1,metal1
64.0325,58.8,9.425e-07,metal1,metal1
63.447500000000005,78.4,1.09e-07,metal1,metal1
63.625,142.8,7.948e-07,metal1,metal1
63.7225,72.8,1.985e-09,metal1,metal1
63.6275,98.0,2.367e-06,metal1,metal1
63.4525,39.2,1.122e-06,metal1,metal1
63.5375,67.2,5.193e-07,metal1,metal1
63.442499999999995,70.0,2.865e-09,metal1,metal1
63.44,123.2,3.562e-10,metal1,metal1
63.64,126.0,3.032e-10,metal1,metal1
63.4475,8.4,1.642e-08,metal1,metal1
63.74249999999999,22.4,6.626e-07,metal1,metal1
63.614999999999995,137.2,1.064e-09,metal1,metal1
63.447500000000005,36.4,1.845e-09,metal1,metal1
63.81999999999999,86.8,1.185e-06,metal1,metal1
63.57,117.6,2.007e-13,metal1,metal1
63.5625,95.2,6.71e-11,metal1,metal1
63.525000000000006,36.4,1.457e-09,metal1,metal1
63.557500000000005,123.2,1.12e-06,metal1,metal1
63.53,8.4,3.511e-09,metal1,metal1
63.53,47.6,1.003e-06,metal1,metal1
63.53,70.0,8.605e-07,metal1,metal1
63.51,112.08500000000001,4.841e-11,metal1,metal1
63.545,53.2,2.23e-06,metal1,metal1
63.545,92.4,6.227e-10,metal1,metal1
63.55,39.2,8.548e-09,metal1,metal1
63.55,61.6,1.14e-08,metal1,metal1
63.55,131.6,1.041e-08,metal1,metal1
63.55500000000001,78.4,1.857e-07,metal1,metal1
63.545,112.01625,3.119e-09,metal1,metal1
63.81,36.4,1.457e-09,metal1,metal1
63.6975,8.4,3.511e-09,metal1,metal1
63.9125,47.6,1.003e-06,metal1,metal1
63.635,70.0,8.605e-07,metal1,metal1
63.58,111.93125,3.119e-09,metal1,metal1
63.6425,53.2,2.23e-06,metal1,metal1
63.735,92.4,6.227e-10,metal1,metal1
63.6375,39.2,8.548e-09,metal1,metal1
63.9225,61.6,2.901e-07,metal1,metal1
63.7375,131.6,7.382e-10,metal1,metal1
63.9225,78.4,1.418e-10,metal1,metal1
63.7375,112.0,3.119e-09,metal1,metal1
63.94,123.2,1.12e-06,metal1,metal1
64.22625,25.2,1.043e-06,metal1,metal1
64.04,89.6,4.083e-07,metal1,metal1
63.72,67.2,4.974e-07,metal1,metal1
63.72,106.4,1.222e-06,metal1,metal1
63.724999999999994,39.2,2.492e-08,metal1,metal1
63.7,95.11500000000001,6.71e-11,metal1,metal1
63.735,120.4,2.214e-07,metal1,metal1
63.739999999999995,53.2,8.163e-08,metal1,metal1
63.739999999999995,70.0,1.589e-08,metal1,metal1
63.745000000000005,11.2,1.571e-06,metal1,metal1
63.745000000000005,64.4,6.323e-10,metal1,metal1
63.735,95.2,3.808e-11,metal1,metal1
63.745000000000005,100.8,9.57e-10,metal1,metal1
63.75,19.6,1.328e-08,metal1,metal1
63.75,117.6,1.44e-10,metal1,metal1
63.912499999999994,67.2,4.974e-07,metal1,metal1
64.005,106.4,1.222e-06,metal1,metal1
63.912499999999994,39.2,2.063e-09,metal1,metal1
63.769999999999996,95.285,3.808e-11,metal1,metal1
63.835,120.4,2.214e-07,metal1,metal1
64.11749999999999,53.2,2.191e-06,metal1,metal1
63.9225,70.0,1.18e-10,metal1,metal1
64.39750000000001,11.2,1.571e-06,metal1,metal1
63.995,64.4,6.323e-10,metal1,metal1
63.83,95.2,1.041e-07,metal1,metal1
63.93,100.8,9.57e-10,metal1,metal1
64.0325,19.6,6.883e-10,metal1,metal1
64.1125,117.6,1.44e-10,metal1,metal1
64.41875,30.8,5.662e-07,metal1,metal1
63.8975,8.4,1.452e-09,metal1,metal1
63.8975,137.2,6.828e-13,metal1,metal1
63.9375,44.8,3.43e-06,metal1,metal1
63.9375,81.2,1.319e-06,metal1,metal1
63.8825,139.91500000000002,3.029e-10,metal1,metal1
63.91,14.0,1.809e-06,metal1,metal1
63.91,28.0,8.317e-07,metal1,metal1
63.91,98.0,7.229e-09,metal1,metal1
63.91,142.8,7.079e-07,metal1,metal1
63.915000000000006,95.2,5.655e-10,metal1,metal1
63.915000000000006,112.0,2.257e-08,metal1,metal1
63.925,92.4,1.13e-11,metal1,metal1
63.925,114.8,3.312e-08,metal1,metal1
63.925,126.0,3.39e-07,metal1,metal1
63.925,131.6,4.943e-07,metal1,metal1
63.93000000000001,139.83,9.146e-07,metal1,metal1
63.935,120.4,2.589e-07,metal1,metal1
63.95,84.0,1.006e-07,metal1,metal1
64.35625,14.0,1.809e-06,metal1,metal1
64.385,28.0,8.317e-07,metal1,metal1
64.0175,98.0,7.229e-09,metal1,metal1
64.355,142.8,7.079e-07,metal1,metal1
64.0175,95.2,5.655e-10,metal1,metal1
64.1,112.0,2.257e-08,metal1,metal1
64.21,92.4,2.123e-10,metal1,metal1
64.50875,114.8,1.674e-06,metal1,metal1
64.1175,126.0,3.39e-07,metal1,metal1
64.205,131.6,4.943e-07,metal1,metal1
64.2775,8.4,1.452e-09,metal1,metal1
64.2775,137.2,6.825e-13,metal1,metal1
63.985,139.91500000000002,9.146e-07,metal1,metal1
64.025,120.4,2.589e-07,metal1,metal1
64.3375,84.0,1.006e-07,metal1,metal1
64.405,44.8,3.43e-06,metal1,metal1
64.225,81.2,1.319e-06,metal1,metal1
64.225,140.0,9.146e-07,metal1,metal1
64.62,50.4,6.51e-07,metal1,metal1
64.1275,36.4,1.232e-06,metal1,metal1
64.1,39.2,1.386e-06,metal1,metal1
64.1,72.8,1.509e-06,metal1,metal1
64.10499999999999,56.0,2.268e-08,metal1,metal1
64.10499999999999,67.2,9.194e-09,metal1,metal1
64.07499999999999,70.08500000000001,1.18e-10,metal1,metal1
64.10499999999999,109.2,5.979e-10,metal1,metal1
64.11,70.0,1.877e-10,metal1,metal1
64.11500000000001,100.8,1.293e-09,metal1,metal1
64.11500000000001,120.4,1.581e-09,metal1,metal1
64.12,22.4,2.684e-08,metal1,metal1
64.12,95.2,3.358e-10,metal1,metal1
64.125,98.0,1.138e-09,metal1,metal1
64.66749999999999,75.6,9.57e-07,metal1,metal1
64.6,39.2,1.386e-06,metal1,metal1
64.30000000000001,72.8,1.509e-06,metal1,metal1
64.295,56.0,5.401e-07,metal1,metal1
64.29249999999999,67.2,5.67e-10,metal1,metal1
64.14500000000001,69.91499999999999,1.877e-10,metal1,metal1
64.3875,109.2,7.054e-11,metal1,metal1
64.5075,70.0,9.411e-10,metal1,metal1
64.18,100.8,1.293e-09,metal1,metal1
64.275,120.4,1.421e-07,metal1,metal1
64.795,22.4,7.911e-07,metal1,metal1
64.7,95.2,6.036e-08,metal1,metal1
64.2075,98.0,1.138e-09,metal1,metal1
64.785,36.4,1.232e-06,metal1,metal1
64.2775,64.4,4.474e-13,metal1,metal1
64.2775,100.8,6.419e-10,metal1,metal1
64.63,86.8,1.185e-06,metal1,metal1
64.3175,112.0,1.625e-07,metal1,metal1
64.28999999999999,78.4,2.536e-08,metal1,metal1
64.28999999999999,98.0,9.845e-10,metal1,metal1
64.26249999999999,106.2975,1.222e-06,metal1,metal1
64.265,123.30375000000001,1.12e-06,metal1,metal1
64.295,47.6,3.846e-08,metal1,metal1
64.295,61.6,1.02e-08,metal1,metal1
64.2975,106.3475,2.715e-11,metal1,metal1
64.31,33.6,4.782e-08,metal1,metal1
64.30000000000001,123.21625,1.264e-10,metal1,metal1
64.31,126.0,6.268e-09,metal1,metal1
64.315,19.6,7.497e-07,metal1,metal1
64.4825,78.4,2.536e-08,metal1,metal1
64.45750000000001,98.0,9.845e-10,metal1,metal1
64.33250000000001,106.45,2.715e-11,metal1,metal1
64.33500000000001,123.11250000000001,1.264e-10,metal1,metal1
64.78999999999999,47.6,1.08e-06,metal1,metal1
64.97749999999999,61.6,2.624e-07,metal1,metal1
64.495,106.4,1.399e-09,metal1,metal1
64.84625,33.6,1.319e-06,metal1,metal1
64.6575,64.4,4.474e-13,metal1,metal1
64.4025,100.8,6.419e-10,metal1,metal1
64.49000000000001,123.2,2.162e-09,metal1,metal1
64.4975,126.0,4.817e-10,metal1,metal1
64.7775,19.6,7.497e-07,metal1,metal1
64.41499999999999,112.0,1.683e-09,metal1,metal1
64.4675,120.4,1.9e-07,metal1,metal1
64.5075,117.6,2.197e-07,metal1,metal1
64.47999999999999,67.2,3.785e-07,metal1,metal1
64.47999999999999,81.2,2.159e-08,metal1,metal1
64.47999999999999,112.0,6.662e-08,metal1,metal1
64.47999999999999,140.0,1.923e-08,metal1,metal1
64.485,56.0,1.927e-08,metal1,metal1
64.485,89.6,7.549e-09,metal1,metal1
64.485,131.6,3.196e-09,metal1,metal1
64.495,53.2,4.439e-08,metal1,metal1
64.495,92.4,2.377e-07,metal1,metal1
64.495,100.8,7.802e-12,metal1,metal1
64.5,72.8,7.716e-09,metal1,metal1
64.6725,67.2,3.785e-07,metal1,metal1
64.86,81.2,7.78e-10,metal1,metal1
64.77250000000001,112.0,6.662e-08,metal1,metal1
64.67,140.0,1.674e-09,metal1,metal1
65.055,56.0,5.034e-07,metal1,metal1
64.6725,89.6,5.496e-10,metal1,metal1
64.5925,131.6,3.196e-09,metal1,metal1
64.9625,53.2,2.115e-06,metal1,metal1
64.6875,92.4,2.377e-07,metal1,metal1
64.75,100.8,6.559e-11,metal1,metal1
64.6075,72.8,7.716e-09,metal1,metal1
64.5925,120.4,1.9e-07,metal1,metal1
64.805,117.6,2.197e-07,metal1,metal1
64.6575,8.4,1.38e-12,metal1,metal1
64.6575,98.0,7.177e-10,metal1,metal1
64.6575,137.2,0.0,metal1,metal1
64.67,109.2,7.879e-08,metal1,metal1
64.67,123.2,1.406e-06,metal1,metal1
64.675,78.4,2.155e-09,metal1,metal1
64.685,106.4,3.071e-11,metal1,metal1
64.685,120.4,7.537e-08,metal1,metal1
64.685,126.0,3.231e-07,metal1,metal1
64.7,16.8,2.054e-08,metal1,metal1
64.7,131.6,6.896e-09,metal1,metal1
64.715,72.8,1.859e-09,metal1,metal1
65.43125,103.6,4.281e-08,metal1,metal1
65.3475,58.8,9.425e-07,metal1,metal1
65.04249999999999,84.0,1.006e-07,metal1,metal1
65.065,109.2,7.879e-08,metal1,metal1
64.7775,123.2,1.406e-06,metal1,metal1
64.7775,78.4,1.421e-07,metal1,metal1
64.97,106.4,8.694e-10,metal1,metal1
64.94,120.4,7.537e-08,metal1,metal1
65.745,126.0,3.231e-07,metal1,metal1
64.9375,8.4,1.38e-12,metal1,metal1
64.7875,98.0,7.177e-10,metal1,metal1
64.9375,137.2,4.675e-16,metal1,metal1
64.9825,16.8,1.048e-09,metal1,metal1
64.875,131.6,5.958e-10,metal1,metal1
64.9025,72.8,1.859e-09,metal1,metal1
65.175,142.8,7.079e-07,metal1,metal1
65.17875000000001,14.0,1.809e-06,metal1,metal1
66.03375,5.6,2.113e-06,metal1,metal1
65.20500000000001,44.8,3.43e-06,metal1,metal1
64.86,25.2,1.182e-06,metal1,metal1
64.86,28.0,1.104e-06,metal1,metal1
64.86,89.6,3.683e-07,metal1,metal1
64.86,140.0,1.183e-06,metal1,metal1
64.86500000000001,67.2,1.237e-08,metal1,metal1
64.875,128.8,8.79e-09,metal1,metal1
64.88,78.4,6.223e-09,metal1,metal1
64.88,92.4,1.74e-07,metal1,metal1
64.88499999999999,98.0,1.55e-10,metal1,metal1
64.88499999999999,123.2,3.302e-08,metal1,metal1
64.9,70.0,7.129e-07,metal1,metal1
65.3375,25.2,1.182e-06,metal1,metal1
65.16,28.0,1.104e-06,metal1,metal1
65.0525,89.6,3.683e-07,metal1,metal1
65.40625,140.0,1.183e-06,metal1,metal1
65.1675,67.2,4.631e-10,metal1,metal1
65.8925,128.8,3.649e-07,metal1,metal1
65.3475,78.4,1.95e-07,metal1,metal1
65.075,92.4,1.74e-07,metal1,metal1
65.13499999999999,98.0,1.55e-10,metal1,metal1
64.97,123.2,3.302e-08,metal1,metal1
64.97749999999999,70.0,7.129e-07,metal1,metal1
65.0375,64.4,6.508e-11,metal1,metal1
65.0,100.715,6.559e-11,metal1,metal1
65.05,11.2,1.645e-06,metal1,metal1
65.05,30.8,7.084e-07,metal1,metal1
65.05,131.6,2.607e-09,metal1,metal1
65.055,70.0,2.211e-08,metal1,metal1
65.055,123.2,1.671e-08,metal1,metal1
65.065,100.63,9.151e-12,metal1,metal1
65.0375,111.95,6.662e-08,metal1,metal1
65.07,86.8,2.191e-08,metal1,metal1
65.07,117.6,2.299e-07,metal1,metal1
65.07249999999999,112.035,3.379e-12,metal1,metal1
65.09,72.8,8.95e-10,metal1,metal1
65.60625,114.8,1.674e-06,metal1,metal1
65.53,39.2,1.386e-06,metal1,metal1
65.53999999999999,11.2,1.645e-06,metal1,metal1
65.2425,30.8,7.084e-07,metal1,metal1
65.1575,131.6,2.607e-09,metal1,metal1
65.3375,70.0,5.694e-10,metal1,metal1
65.22,123.2,1.671e-08,metal1,metal1
65.10249999999999,100.715,9.149e-12,metal1,metal1
65.10749999999999,112.08500000000001,3.379e-12,metal1,metal1
65.2525,64.4,6.508e-11,metal1,metal1
65.2575,86.8,1.706e-09,metal1,metal1
65.265,100.8,9.15e-12,metal1,metal1
65.155,117.6,2.13e-09,metal1,metal1
65.26249999999999,112.0,3.777e-11,metal1,metal1
65.175,72.8,8.95e-10,metal1,metal1
65.185,8.4,2.73e-14,metal1,metal1
65.185,137.2,0.0,metal1,metal1
65.22749999999999,120.4,7.178e-11,metal1,metal1
65.24000000000001,19.6,8.266e-07,metal1,metal1
65.24000000000001,81.2,1.18e-06,metal1,metal1
65.24000000000001,117.6,2.506e-07,metal1,metal1
65.245,89.6,6.807e-09,metal1,metal1
65.6175,8.4,1.624e-15,metal1,metal1
65.255,106.4,9.734e-07,metal1,metal1
65.6175,137.2,1.249e-16,metal1,metal1
65.25999999999999,50.4,2.229e-08,metal1,metal1
65.25999999999999,72.8,3.617e-10,metal1,metal1
65.25999999999999,75.6,2.267e-08,metal1,metal1
65.265,16.8,1.142e-06,metal1,metal1
65.265,131.6,2.606e-07,metal1,metal1
65.27000000000001,92.4,2.342e-10,metal1,metal1
65.28,95.2,2.826e-08,metal1,metal1
65.71000000000001,47.6,1.08e-06,metal1,metal1
65.33500000000001,19.6,8.266e-07,metal1,metal1
65.535,81.2,1.18e-06,metal1,metal1
65.695,117.6,2.506e-07,metal1,metal1
65.4325,89.6,3.896e-10,metal1,metal1
65.355,106.4,9.734e-07,metal1,metal1
65.64,50.4,5.561e-07,metal1,metal1
65.36500000000001,72.8,3.616e-10,metal1,metal1
65.44749999999999,75.6,1.285e-10,metal1,metal1
65.5075,120.4,7.177e-11,metal1,metal1
65.4425,16.8,1.142e-06,metal1,metal1
65.445,131.6,2.606e-07,metal1,metal1
65.45750000000001,92.4,2.342e-10,metal1,metal1
65.3575,95.2,2.826e-08,metal1,metal1
65.84875,33.6,1.319e-06,metal1,metal1
65.41749999999999,98.0,1.546e-10,metal1,metal1
65.41749999999999,123.2,6.67e-08,metal1,metal1
65.965,36.4,1.232e-06,metal1,metal1
65.43,19.6,9.499e-07,metal1,metal1
65.43,53.2,8.607e-08,metal1,metal1
65.43,84.0,2.472e-07,metal1,metal1
65.435,30.8,1.098e-08,metal1,metal1
65.435,64.4,2.618e-10,metal1,metal1
65.435,95.2,2.674e-09,metal1,metal1
65.445,86.8,1.145e-06,metal1,metal1
65.445,112.0,6.517e-13,metal1,metal1
65.455,106.4,6.608e-08,metal1,metal1
65.46000000000001,28.0,6.12e-09,metal1,metal1
65.46000000000001,100.8,1.962e-09,metal1,metal1
65.46000000000001,109.2,1.457e-09,metal1,metal1
65.47,22.4,8.49e-07,metal1,metal1
65.47,67.2,2.632e-07,metal1,metal1
65.47,72.8,4.599e-10,metal1,metal1
65.5275,19.6,9.499e-07,metal1,metal1
65.97125,53.2,2.004e-06,metal1,metal1
66.10249999999999,84.0,2.472e-07,metal1,metal1
65.6225,30.8,5.874e-10,metal1,metal1
65.5,64.4,2.618e-10,metal1,metal1
65.625,95.2,1.166e-07,metal1,metal1
65.7225,86.8,1.145e-06,metal1,metal1
65.545,112.0,8.583e-11,metal1,metal1
65.69749999999999,98.0,1.546e-10,metal1,metal1
65.535,123.2,2.736e-10,metal1,metal1
65.53999999999999,106.4,6.608e-08,metal1,metal1
65.5425,28.0,6.119e-09,metal1,metal1
65.5125,100.8,1.962e-09,metal1,metal1
65.7425,109.2,9.104e-11,metal1,metal1
65.7375,22.4,8.49e-07,metal1,metal1
65.83,67.2,3.463e-10,metal1,metal1
65.5525,72.8,4.599e-10,metal1,metal1
65.565,64.4,4.901e-10,metal1,metal1
65.565,100.8,2.57e-09,metal1,metal1
65.62,16.8,1.23e-06,metal1,metal1
65.60499999999999,69.93125,3.37e-10,metal1,metal1
65.62,89.6,2.596e-07,metal1,metal1
65.62,123.2,4.992e-09,metal1,metal1
65.62,142.8,6.374e-07,metal1,metal1
65.625,14.0,3.341e-08,metal1,metal1
65.625,19.6,1.757e-08,metal1,metal1
65.625,28.0,4.839e-09,metal1,metal1
65.625,56.0,1.798e-08,metal1,metal1
65.625,106.4,6.553e-10,metal1,metal1
65.625,131.6,9.381e-09,metal1,metal1
65.9975,64.4,1.389e-11,metal1,metal1
65.63499999999999,72.8,7.014e-10,metal1,metal1
65.6125,75.515,1.285e-10,metal1,metal1
65.79499999999999,100.8,1.803e-10,metal1,metal1
65.64,44.8,6.343e-08,metal1,metal1
65.64500000000001,92.4,1.877e-10,metal1,metal1
65.64500000000001,112.0,1.364e-10,metal1,metal1
65.66,61.6,7.417e-09,metal1,metal1
65.64,70.03375,3.37e-10,metal1,metal1
65.64750000000001,75.6175,8.168e-07,metal1,metal1
65.8125,16.8,1.23e-06,metal1,metal1
65.675,70.10249999999999,6.191e-07,metal1,metal1
65.925,89.6,3.946e-10,metal1,metal1
65.8825,123.2,4.992e-09,metal1,metal1
66.2,142.8,6.374e-07,metal1,metal1
65.8125,14.0,1.489e-10,metal1,metal1
65.8125,19.6,1.591e-09,metal1,metal1
65.8125,28.0,1.822e-10,metal1,metal1
66.3075,56.0,4.705e-07,metal1,metal1
65.78999999999999,106.4,3.059e-08,metal1,metal1
65.815,131.6,2.475e-07,metal1,metal1
65.7425,72.8,7.014e-10,metal1,metal1
65.6825,75.7025,8.168e-07,metal1,metal1
65.8275,44.8,5.43e-09,metal1,metal1
65.83500000000001,92.4,1.877e-10,metal1,metal1
65.83000000000001,112.0,1.364e-10,metal1,metal1
65.83,61.6,7.417e-09,metal1,metal1
65.83,70.0,6.191e-07,metal1,metal1
65.745,75.6,8.168e-07,metal1,metal1
65.755,120.4,1.818e-10,metal1,metal1
65.81,30.8,7.912e-07,metal1,metal1
65.815,25.2,2.187e-08,metal1,metal1
65.815,78.4,7.411e-09,metal1,metal1
65.815,95.2,4.555e-09,metal1,metal1
66.075,120.4,9.166e-09,metal1,metal1
65.83,75.6,1.51e-08,metal1,metal1
65.83,81.2,2.182e-08,metal1,metal1
65.85,72.8,1.611e-09,metal1,metal1
66.0025,30.8,7.912e-07,metal1,metal1
66.0025,25.2,1.835e-09,metal1,metal1
66.47999999999999,78.4,2.579e-07,metal1,metal1
66.0975,95.2,1.301e-07,metal1,metal1
66.0175,75.6,1.012e-09,metal1,metal1
66.0175,81.2,1.66e-09,metal1,metal1
66.03999999999999,72.8,1.611e-09,metal1,metal1
65.945,98.0,1.837e-11,metal1,metal1
66.42875000000001,140.0,1.183e-06,metal1,metal1
65.98750000000001,106.4,4.057e-08,metal1,metal1
65.9675,14.085,1.489e-10,metal1,metal1
66.0,19.6,1.07e-06,metal1,metal1
65.97749999999999,27.915,1.822e-10,metal1,metal1
66.0,61.6,3.923e-10,metal1,metal1
66.0,70.0,4.868e-07,metal1,metal1
66.0,86.8,1.03e-06,metal1,metal1
66.0025,14.0,2.699e-10,metal1,metal1
66.005,16.8,4.598e-08,metal1,metal1
66.005,22.4,3.33e-08,metal1,metal1
66.005,131.6,8.689e-09,metal1,metal1
66.015,44.8,3.65e-06,metal1,metal1
66.045,98.0,1.088e-09,metal1,metal1
66.015,112.0,1.237e-07,metal1,metal1
66.02000000000001,50.4,1.028e-08,metal1,metal1
66.01249999999999,28.0,1.195e-06,metal1,metal1
66.025,92.4,1.414e-07,metal1,metal1
66.025,100.8,2.501e-08,metal1,metal1
66.025,109.2,9.946e-08,metal1,metal1
66.03,11.2,3.041e-08,metal1,metal1
66.03,39.2,2.562e-08,metal1,metal1
66.03999999999999,58.8,9.867e-07,metal1,metal1
66.05,8.4,2.978e-12,metal1,metal1
66.05,137.2,3.178e-13,metal1,metal1
66.0375,13.915,2.699e-10,metal1,metal1
66.2125,19.6,1.07e-06,metal1,metal1
66.0475,28.085,1.195e-06,metal1,metal1
66.19,61.6,4.428e-11,metal1,metal1
66.285,70.0,4.868e-07,metal1,metal1
66.39,86.8,1.03e-06,metal1,metal1
66.195,14.0,2.032e-06,metal1,metal1
66.29750000000001,16.8,1.26e-06,metal1,metal1
66.29750000000001,22.4,9.543e-07,metal1,metal1
66.2875,131.6,2.231e-07,metal1,metal1
66.5775,44.8,3.65e-06,metal1,metal1
66.2075,112.0,1.237e-07,metal1,metal1
66.20750000000001,50.4,7.719e-10,metal1,metal1
66.105,106.4,4.057e-08,metal1,metal1
66.205,28.0,1.195e-06,metal1,metal1
66.11,92.4,1.414e-07,metal1,metal1
66.21000000000001,100.8,2.501e-08,metal1,metal1
66.2225,109.2,4.2e-10,metal1,metal1
66.3125,11.2,1.54e-09,metal1,metal1
66.3125,39.2,1.369e-09,metal1,metal1
66.1175,58.8,9.867e-07,metal1,metal1
66.22999999999999,8.4,2.972e-12,metal1,metal1
66.22999999999999,137.2,3.223e-13,metal1,metal1
67.565,42.0,9.482e-07,metal1,metal1
66.17750000000001,98.0,1.457e-13,metal1,metal1
66.14,123.11500000000001,4.992e-09,metal1,metal1
66.535,117.6,2.506e-07,metal1,metal1
66.19,25.2,1.233e-06,metal1,metal1
66.19,67.2,2.406e-07,metal1,metal1
66.19,106.4,4.128e-10,metal1,metal1
66.19,114.8,1.806e-06,metal1,metal1
66.195,30.8,1.464e-08,metal1,metal1
66.195,58.8,6.914e-10,metal1,metal1
66.195,92.4,2.29e-09,metal1,metal1
66.205,47.6,2.353e-11,metal1,metal1
66.205,75.6,6.772e-07,metal1,metal1
66.205,81.2,1.113e-06,metal1,metal1
66.205,123.03,6.051e-12,metal1,metal1
66.1875,103.66874999999999,1.548e-11,metal1,metal1
66.22999999999999,72.8,1.241e-06,metal1,metal1
66.22999999999999,89.6,2.175e-07,metal1,metal1
66.2225,103.56625,1.661e-11,metal1,metal1
66.475,25.2,1.233e-06,metal1,metal1
66.29499999999999,67.2,2.406e-07,metal1,metal1
66.4525,106.4,1.534e-08,metal1,metal1
66.38749999999999,114.8,1.806e-06,metal1,metal1
66.3825,30.8,1.507e-09,metal1,metal1
66.3825,58.8,6.914e-10,metal1,metal1
66.47749999999999,92.4,5.217e-11,metal1,metal1
66.3125,47.6,2.353e-11,metal1,metal1
66.38749999999999,75.6,6.772e-07,metal1,metal1
66.3075,81.2,1.113e-06,metal1,metal1
66.2425,123.11500000000001,6.047e-12,metal1,metal1
66.45750000000001,98.0,1.433e-13,metal1,metal1
66.39750000000001,123.2,6.047e-12,metal1,metal1
66.2575,103.4975,1.661e-11,metal1,metal1
66.315,72.8,1.241e-06,metal1,metal1
66.62375,89.6,2.175e-07,metal1,metal1
66.4075,103.6,1.661e-11,metal1,metal1
66.38,61.6,5.321e-10,metal1,metal1
66.38,95.2,2.681e-08,metal1,metal1
66.38499999999999,14.0,6.49e-08,metal1,metal1
66.38499999999999,28.0,4.636e-08,metal1,metal1
66.38499999999999,33.6,1.795e-09,metal1,metal1
66.39500000000001,50.4,5.175e-07,metal1,metal1
66.3775,100.8275,2.501e-08,metal1,metal1
66.39500000000001,120.4,2.776e-08,metal1,metal1
66.4,67.2,4.445e-09,metal1,metal1
66.4,72.8,2.294e-08,metal1,metal1
66.4,112.0,4.959e-09,metal1,metal1
66.41,8.4,2.128e-09,metal1,metal1
66.41,81.2,2.057e-08,metal1,metal1
66.41,137.2,2.305e-10,metal1,metal1
66.42,47.6,3.45e-09,metal1,metal1
66.42,109.2,2.065e-07,metal1,metal1
66.425,19.6,3.352e-09,metal1,metal1
66.43,64.4,2.744e-11,metal1,metal1
66.4125,100.76875000000001,1.775e-08,metal1,metal1
66.495,61.6,5.321e-10,metal1,metal1
66.475,95.2,2.681e-08,metal1,metal1
66.7775,14.0,2.16e-06,metal1,metal1
66.955,28.0,1.316e-06,metal1,metal1
66.57249999999999,33.6,1.795e-09,metal1,metal1
66.4925,50.4,5.175e-07,metal1,metal1
66.4475,100.74125000000001,2.604e-08,metal1,metal1
66.5075,120.4,2.776e-08,metal1,metal1
66.5875,67.2,1.133e-10,metal1,metal1
66.5875,72.8,1.748e-09,metal1,metal1
66.685,112.0,1.449e-07,metal1,metal1
66.7725,8.4,2.128e-09,metal1,metal1
66.6925,81.2,8.719e-10,metal1,metal1
66.7725,137.2,2.305e-10,metal1,metal1
66.5025,47.6,3.45e-09,metal1,metal1
66.5025,109.2,2.065e-07,metal1,metal1
66.595,19.6,3.352e-09,metal1,metal1
66.61,64.4,2.744e-11,metal1,metal1
66.61,100.8,5.123e-08,metal1,metal1
66.98375,53.2,2.004e-06,metal1,metal1
66.57,30.8,1.016e-06,metal1,metal1
66.57,58.8,7.503e-10,metal1,metal1
66.57,70.0,1.865e-08,metal1,metal1
66.57,75.6,5.488e-08,metal1,metal1
66.57,95.2,1.717e-07,metal1,metal1
66.57,131.6,8.271e-09,metal1,metal1
66.58500000000001,47.6,7.259e-09,metal1,metal1
66.58500000000001,103.6,5.062e-10,metal1,metal1
66.58500000000001,109.2,2.693e-10,metal1,metal1
66.58500000000001,114.8,6.39e-09,metal1,metal1
66.58500000000001,123.2,4.66e-10,metal1,metal1
66.59,16.8,8.216e-09,metal1,metal1
66.59,22.4,3.586e-08,metal1,metal1
66.59,36.4,4.728e-08,metal1,metal1
66.59,50.4,3.032e-09,metal1,metal1
66.595,11.2,1.676e-06,metal1,metal1
66.595,39.2,1.492e-06,metal1,metal1
66.61,61.6,1.577e-07,metal1,metal1
66.62,120.4,4.539e-08,metal1,metal1
66.7625,30.8,1.016e-06,metal1,metal1
66.76,58.8,7.503e-10,metal1,metal1
66.97,70.0,4.674e-10,metal1,metal1
66.66499999999999,75.6,2.856e-10,metal1,metal1
66.8575,95.2,3.764e-07,metal1,metal1
67.065,131.6,1.526e-10,metal1,metal1
68.29625,134.4,2.574e-07,metal1,metal1
66.87,47.6,2.065e-09,metal1,metal1
66.65,103.6,5.062e-10,metal1,metal1
66.775,109.2,2.693e-10,metal1,metal1
66.6825,114.8,6.39e-09,metal1,metal1
66.64500000000001,123.2,4.66e-10,metal1,metal1
66.685,16.8,8.216e-09,metal1,metal1
67.15,22.4,9.877e-07,metal1,metal1
67.03125,36.4,1.329e-06,metal1,metal1
66.685,50.4,3.032e-09,metal1,metal1
67.1525,11.2,1.676e-06,metal1,metal1
67.41375,39.2,1.492e-06,metal1,metal1
66.695,61.6,1.577e-07,metal1,metal1
66.69749999999999,120.4,4.539e-08,metal1,metal1
66.705,98.0,1.239e-09,metal1,metal1
66.705,123.2,1.699e-09,metal1,metal1
66.7475,103.6,7.504e-11,metal1,metal1
66.7475,106.4,4.797e-08,metal1,metal1
66.75999999999999,25.2,1.315e-06,metal1,metal1
66.75999999999999,33.6,1.799e-09,metal1,metal1
66.75999999999999,75.6,2.23e-08,metal1,metal1
66.75999999999999,92.4,5.554e-08,metal1,metal1
66.765,19.6,2.799e-09,metal1,metal1
66.775,67.2,7.301e-08,metal1,metal1
66.775,72.8,1.172e-06,metal1,metal1
66.755,84.0275,2.472e-07,metal1,metal1
66.7575,98.0,1.239e-09,metal1,metal1
66.775,120.4,9.269e-11,metal1,metal1
66.93,123.2,1.987e-10,metal1,metal1
66.78,16.8,2.623e-09,metal1,metal1
66.78,50.4,1.339e-08,metal1,metal1
66.78,61.6,7.176e-09,metal1,metal1
66.755,86.88499999999999,1.03e-06,metal1,metal1
66.78,114.8,7.127e-10,metal1,metal1
66.78,142.8,6.272e-07,metal1,metal1
66.78999999999999,64.4,1.963e-08,metal1,metal1
66.78999999999999,100.8,2.538e-10,metal1,metal1
66.78999999999999,86.81625,1.041e-10,metal1,metal1
66.78999999999999,83.95875000000001,3.468e-11,metal1,metal1
67.79499999999999,126.0,3.231e-07,metal1,metal1
66.81,98.0,2.227e-10,metal1,metal1
66.965,25.2,1.315e-06,metal1,metal1
66.95,33.6,1.799e-09,metal1,metal1
67.215,75.6,2.23e-08,metal1,metal1
66.9625,92.4,5.554e-08,metal1,metal1
66.8775,19.6,2.799e-09,metal1,metal1
66.95750000000001,67.2,2.406e-11,metal1,metal1
67.3475,72.8,1.172e-06,metal1,metal1
66.825,83.93125,3.468e-11,metal1,metal1
66.8775,120.4,3.854e-08,metal1,metal1
66.9825,16.8,2.623e-09,metal1,metal1
67.0625,50.4,2.652e-07,metal1,metal1
67.07,61.6,1.546e-08,metal1,metal1
66.82499999999999,86.73124999999999,1.041e-10,metal1,metal1
67.1275,103.6,7.504e-11,metal1,metal1
66.86500000000001,106.4,4.797e-08,metal1,metal1
66.8725,114.8,7.127e-10,metal1,metal1
67.0675,142.8,6.272e-07,metal1,metal1
67.07,64.4,1.963e-08,metal1,metal1
67.1525,100.8,2.538e-10,metal1,metal1
66.99,86.8,1.183e-09,metal1,metal1
67.0875,84.0,5.026e-10,metal1,metal1
66.99000000000001,98.0,2.227e-10,metal1,metal1
67.8575,128.8,3.649e-07,metal1,metal1
66.95,58.8,1.088e-06,metal1,metal1
66.95,106.4,2.505e-08,metal1,metal1
66.955,30.8,1.202e-08,metal1,metal1
66.965,109.2,8.419e-12,metal1,metal1
66.965,114.8,3.053e-09,metal1,metal1
66.97,112.0,2.677e-09,metal1,metal1
66.975,81.2,9.459e-07,metal1,metal1
66.975,140.0,1.46e-09,metal1,metal1
66.97999999999999,120.4,1.618e-08,metal1,metal1
66.99000000000001,19.6,3.761e-08,metal1,metal1
66.99000000000001,56.0,3.488e-07,metal1,metal1
66.99000000000001,117.6,3.657e-07,metal1,metal1
67.34125,89.6,2.175e-07,metal1,metal1
67.155,58.8,1.088e-06,metal1,metal1
67.1125,106.4,2.505e-08,metal1,metal1
67.0475,30.8,1.202e-08,metal1,metal1
67.25,109.2,3.526e-10,metal1,metal1
67.06,114.8,2.606e-09,metal1,metal1
67.3475,112.0,1.182e-10,metal1,metal1
67.0675,81.2,9.459e-07,metal1,metal1
67.155,140.0,1.46e-09,metal1,metal1
67.1625,120.4,1.618e-08,metal1,metal1
67.065,19.6,7.175e-09,metal1,metal1
67.17,56.0,3.488e-07,metal1,metal1
67.3825,117.6,3.657e-07,metal1,metal1
67.16749999999999,8.4,3.247e-06,metal1,metal1
67.16749999999999,137.2,3.516e-07,metal1,metal1
67.14,19.6,1.26e-06,metal1,metal1
67.14,30.8,1.149e-07,metal1,metal1
67.14,33.6,1.342e-06,metal1,metal1
67.14,44.8,5.976e-08,metal1,metal1
67.11250000000001,67.11250000000001,2.406e-11,metal1,metal1
67.14500000000001,78.4,9.765e-09,metal1,metal1
67.14500000000001,95.2,1.567e-08,metal1,metal1
67.155,47.6,1.778e-06,metal1,metal1
67.14750000000001,67.14,1.728e-11,metal1,metal1
67.155,114.8,2.545e-07,metal1,metal1
67.155,123.2,2.358e-11,metal1,metal1
67.16,81.2,3.382e-08,metal1,metal1
67.16499999999999,92.4,5.429e-11,metal1,metal1
67.17,14.0,8.001e-08,metal1,metal1
67.17,25.2,2.43e-08,metal1,metal1
67.17,98.0,3.977e-10,metal1,metal1
67.18,86.8,5.749e-07,metal1,metal1
67.185,16.8,2.377e-12,metal1,metal1
67.25,19.6,1.26e-06,metal1,metal1
67.53,30.8,1.249e-06,metal1,metal1
67.33,33.6,1.342e-06,metal1,metal1
67.52,44.8,2.486e-09,metal1,metal1
67.1825,67.22749999999999,1.728e-11,metal1,metal1
67.6275,78.4,2.709e-07,metal1,metal1
67.24000000000001,95.2,4.721e-07,metal1,metal1
67.245,47.6,1.778e-06,metal1,metal1
67.3475,67.2,2.007e-09,metal1,metal1
67.265,114.8,2.545e-07,metal1,metal1
67.2525,123.2,2.358e-11,metal1,metal1
67.5325,81.2,8.857e-07,metal1,metal1
67.41499999999999,92.4,5.429e-11,metal1,metal1
67.4525,14.0,1.874e-09,metal1,metal1
67.4525,25.2,1.237e-09,metal1,metal1
67.37,98.0,3.977e-10,metal1,metal1
67.36250000000001,86.8,5.749e-07,metal1,metal1
67.36,16.8,2.375e-12,metal1,metal1
67.9625,8.4,3.247e-06,metal1,metal1
67.6575,137.2,3.516e-07,metal1,metal1
67.275,106.4,6.08e-10,metal1,metal1
67.33,5.6,2.272e-06,metal1,metal1
67.33500000000001,47.6,3.283e-08,metal1,metal1
67.33500000000001,95.2,1.779e-08,metal1,metal1
67.33500000000001,140.0,3.461e-10,metal1,metal1
67.345,50.4,4.545e-09,metal1,metal1
67.7025,106.4,3.164e-14,metal1,metal1
67.345,120.4,1.647e-08,metal1,metal1
67.35,56.0,6.447e-09,metal1,metal1
67.35,64.4,8.465e-08,metal1,metal1
67.35,123.2,2.303e-10,metal1,metal1
67.35499999999999,142.8,6.132e-10,metal1,metal1
67.36,19.6,3.553e-09,metal1,metal1
67.36,58.8,2.144e-08,metal1,metal1
67.36,61.6,4.96e-08,metal1,metal1
67.37,70.0,3.578e-07,metal1,metal1
67.37,84.0,4.454e-07,metal1,metal1
67.375,114.8,3.74e-07,metal1,metal1
70.3,5.6,2.272e-06,metal1,metal1
67.52250000000001,47.6,3.976e-10,metal1,metal1
67.4375,95.2,4.911e-07,metal1,metal1
67.405,140.0,3.461e-10,metal1,metal1
67.5275,50.4,1.757e-07,metal1,metal1
67.525,120.4,1.647e-08,metal1,metal1
67.5375,56.0,3.607e-10,metal1,metal1
67.4325,64.4,8.465e-08,metal1,metal1
67.46000000000001,123.2,2.303e-10,metal1,metal1
67.60499999999999,142.8,6.132e-10,metal1,metal1
67.44999999999999,19.6,3.553e-09,metal1,metal1
67.55,58.8,7.367e-08,metal1,metal1
67.46000000000001,61.6,4.96e-08,metal1,metal1
67.455,70.0,3.578e-07,metal1,metal1
68.23875000000001,84.0,4.454e-07,metal1,metal1
67.455,114.8,3.74e-07,metal1,metal1
67.84375,36.4,1.329e-06,metal1,metal1
67.5075,103.6,7.285e-14,metal1,metal1
67.5075,140.0,4.194e-09,metal1,metal1
67.5475,64.4,2.214e-07,metal1,metal1
67.4975,100.715,2.538e-10,metal1,metal1
67.52000000000001,33.6,1.423e-06,metal1,metal1
67.525,28.0,4.149e-08,metal1,metal1
67.525,53.2,7.063e-08,metal1,metal1
67.535,16.8,6.391e-10,metal1,metal1
67.535,109.2,3.948e-07,metal1,metal1
67.535,114.8,1.348e-06,metal1,metal1
67.53999999999999,19.6,1.909e-09,metal1,metal1
67.53999999999999,67.2,1.946e-09,metal1,metal1
67.53999999999999,70.0,6.616e-09,metal1,metal1
67.53999999999999,95.2,1.978e-08,metal1,metal1
67.545,86.8,5.623e-10,metal1,metal1
67.55,100.63,3.68e-10,metal1,metal1
67.56,61.6,3.642e-07,metal1,metal1
67.56,131.6,1.414e-07,metal1,metal1
67.57,98.0,6.381e-11,metal1,metal1
67.57,123.2,1.672e-11,metal1,metal1
67.805,33.6,1.423e-06,metal1,metal1
67.72749999999999,28.0,1.364e-06,metal1,metal1
67.7125,53.2,1.821e-06,metal1,metal1
67.6325,16.8,6.391e-10,metal1,metal1
67.8125,109.2,3.948e-07,metal1,metal1
67.7375,114.8,4.582e-09,metal1,metal1
67.7325,19.6,2.105e-09,metal1,metal1
67.8175,67.2,1.074e-07,metal1,metal1
67.72749999999999,70.0,5.09e-10,metal1,metal1
67.8175,95.2,5.801e-07,metal1,metal1
67.7875,103.6,7.176e-14,metal1,metal1
67.73,140.0,4.194e-09,metal1,metal1
67.795,86.8,5.623e-10,metal1,metal1
67.6,100.715,3.68e-10,metal1,metal1
67.7425,61.6,1.346e-09,metal1,metal1
67.63499999999999,131.6,1.414e-07,metal1,metal1
67.7325,98.0,6.381e-11,metal1,metal1
67.73750000000001,123.2,1.672e-11,metal1,metal1
67.8425,64.4,6.443e-10,metal1,metal1
67.83500000000001,100.8,2.993e-10,metal1,metal1
67.69749999999999,92.4,3.463e-14,metal1,metal1
68.055,75.6,2.23e-08,metal1,metal1
67.73750000000001,120.4,1.877e-07,metal1,metal1
67.71000000000001,11.2,1.848e-06,metal1,metal1
67.71000000000001,22.4,1.114e-06,metal1,metal1
67.6825,47.515,3.976e-10,metal1,metal1
67.71000000000001,50.4,6.481e-07,metal1,metal1
67.67750000000001,131.4975,1.414e-07,metal1,metal1
67.7125,131.56625000000003,5.672e-12,metal1,metal1
67.7175,47.565,3.831e-10,metal1,metal1
67.725,56.0,2.402e-07,metal1,metal1
67.725,112.0,1.785e-07,metal1,metal1
67.705,16.884999999999998,6.391e-10,metal1,metal1
67.735,14.0,1.835e-08,metal1,metal1
67.735,25.2,1.346e-06,metal1,metal1
67.735,89.6,2.127e-10,metal1,metal1
67.74000000000001,58.8,1.617e-07,metal1,metal1
67.74000000000001,16.81625,3.153e-10,metal1,metal1
68.0975,117.6,3.657e-07,metal1,metal1
67.91,11.2,1.848e-06,metal1,metal1
68.185,22.4,1.114e-06,metal1,metal1
67.7525,47.650000000000006,3.831e-10,metal1,metal1
67.91,50.4,6.481e-07,metal1,metal1
67.7475,131.66875,5.672e-12,metal1,metal1
67.9975,131.6,9.595e-11,metal1,metal1
67.91499999999999,47.6,3.831e-10,metal1,metal1
67.815,56.0,2.402e-07,metal1,metal1
67.91,112.0,1.785e-07,metal1,metal1
67.775,16.731250000000003,3.153e-10,metal1,metal1
68.0775,92.4,3.497e-14,metal1,metal1
67.8375,14.0,1.835e-08,metal1,metal1
68.10499999999999,25.2,1.346e-06,metal1,metal1
67.985,89.6,2.127e-10,metal1,metal1
67.83250000000001,58.8,1.617e-07,metal1,metal1
67.9275,16.8,5.649e-10,metal1,metal1
67.9325,120.4,8.717e-08,metal1,metal1
67.88749999999999,142.8,3.934e-13,metal1,metal1
67.8775,98.08500000000001,6.381e-11,metal1,metal1
67.9,44.8,3.78e-06,metal1,metal1
67.8675,53.09625,1.821e-06,metal1,metal1
67.9025,53.18125,6.01e-11,metal1,metal1
67.89,56.085,9.707e-11,metal1,metal1
67.905,81.2,1.434e-08,metal1,metal1
67.8825,123.30250000000001,1.672e-11,metal1,metal1
67.91499999999999,70.0,3.414e-07,metal1,metal1
67.92,30.8,4.841e-08,metal1,metal1
67.92,72.8,4.213e-08,metal1,metal1
67.92,140.0,6.001e-09,metal1,metal1
67.925,19.6,1.387e-06,metal1,metal1
67.925,58.8,9.45e-07,metal1,metal1
67.925,61.6,5.263e-07,metal1,metal1
67.93,28.0,2.521e-08,metal1,metal1
67.93,98.17,5.202e-10,metal1,metal1
67.91749999999999,123.23375,2.723e-11,metal1,metal1
67.94,14.0,2.264e-06,metal1,metal1
67.94,114.8,2.093e-06,metal1,metal1
67.925,56.01625,9.707e-11,metal1,metal1
68.09,44.8,3.78e-06,metal1,metal1
67.9375,53.285,6.01e-11,metal1,metal1
68.0925,53.2,2.475e-09,metal1,metal1
67.96000000000001,55.93125,2.253e-10,metal1,metal1
68.1875,81.2,2.154e-10,metal1,metal1
67.9525,123.13125,2.723e-11,metal1,metal1
68.3675,70.0,3.414e-07,metal1,metal1
68.28999999999999,30.8,1.373e-06,metal1,metal1
68.5025,72.8,1.109e-06,metal1,metal1
68.0775,140.0,6.001e-09,metal1,metal1
68.2675,142.8,3.934e-13,metal1,metal1
68.19999999999999,19.6,1.387e-06,metal1,metal1
68.115,58.8,3.174e-09,metal1,metal1
68.0175,61.6,5.263e-07,metal1,metal1
68.2125,28.0,1.292e-09,metal1,metal1
67.98,98.08500000000001,5.202e-10,metal1,metal1
68.105,123.2,2.723e-11,metal1,metal1
68.025,14.0,2.264e-06,metal1,metal1
68.1325,114.8,2.093e-06,metal1,metal1
68.11250000000001,56.0,2.485e-10,metal1,metal1
68.13,98.0,5.202e-10,metal1,metal1
68.035,103.6,9.099e-15,metal1,metal1
68.0775,86.8,3.342e-10,metal1,metal1
68.09,33.6,1.565e-06,metal1,metal1
68.0675,100.73124999999999,2.993e-10,metal1,metal1
68.09,109.2,1.929e-08,metal1,metal1
68.095,67.2,1.987e-09,metal1,metal1
68.095,95.2,1.667e-08,metal1,metal1
68.095,112.0,8.717e-09,metal1,metal1
68.0775,120.46875,8.717e-08,metal1,metal1
68.085,16.884999999999998,5.649e-10,metal1,metal1
68.10499999999999,47.6,3.051e-11,metal1,metal1
68.10499999999999,64.4,4.351e-07,metal1,metal1
68.4675,103.6,7.497e-16,metal1,metal1
68.11,11.2,6.894e-08,metal1,metal1
68.11,14.0,1.211e-08,metal1,metal1
68.11,50.4,1.006e-08,metal1,metal1
68.11,61.6,9.734e-09,metal1,metal1
68.11,78.4,5.013e-09,metal1,metal1
68.10249999999999,100.81625,1.779e-10,metal1,metal1
68.11500000000001,137.2,3.438e-10,metal1,metal1
68.1,106.5025,3.141e-14,metal1,metal1
68.1125,120.36625,4.83e-08,metal1,metal1
68.12,16.81625,3.384e-10,metal1,metal1
68.135,106.44375,7.796e-12,metal1,metal1
68.495,33.6,1.565e-06,metal1,metal1
68.1375,100.88499999999999,1.779e-10,metal1,metal1
68.59,109.2,5.285e-07,metal1,metal1
68.2825,67.2,2.32e-10,metal1,metal1
68.38499999999999,95.2,7.773e-07,metal1,metal1
68.285,112.0,2.935e-07,metal1,metal1
68.14750000000001,120.2975,8.071e-08,metal1,metal1
68.155,16.731250000000003,3.384e-10,metal1,metal1
68.39,47.6,1.872e-09,metal1,metal1
68.2025,64.4,4.351e-07,metal1,metal1
68.555,11.2,1.885e-06,metal1,metal1
68.2175,14.0,1.211e-08,metal1,metal1
68.2975,50.4,1.487e-09,metal1,metal1
68.2975,61.6,8.113e-10,metal1,metal1
68.2975,78.4,5.33e-10,metal1,metal1
68.38749999999999,86.8,3.342e-10,metal1,metal1
68.2925,100.8,1.478e-09,metal1,metal1
68.36500000000001,137.2,3.438e-10,metal1,metal1
68.17,106.34125,7.796e-12,metal1,metal1
68.39500000000001,120.4,3.974e-10,metal1,metal1
68.4175,16.8,1.485e-09,metal1,metal1
68.32,106.4,7.796e-12,metal1,metal1
68.98125,39.2,1.492e-06,metal1,metal1
68.2675,89.6,1.357e-13,metal1,metal1
68.2675,140.0,5.498e-08,metal1,metal1
68.28,44.8,6.172e-08,metal1,metal1
68.28,53.2,3.379e-06,metal1,metal1
68.28,56.0,4.782e-10,metal1,metal1
68.28,123.2,9.33e-11,metal1,metal1
68.28,131.6,8.687e-08,metal1,metal1
68.285,36.4,6.145e-08,metal1,metal1
68.27000000000001,64.485,4.351e-07,metal1,metal1
68.3,98.0,9.685e-12,metal1,metal1
68.305,58.8,1.261e-06,metal1,metal1
68.305,64.4,2.53e-11,metal1,metal1
68.325,14.0,3.212e-09,metal1,metal1
68.325,114.8,8.714e-09,metal1,metal1
68.58500000000001,44.8,7.533e-12,metal1,metal1
68.4725,53.2,3.379e-06,metal1,metal1
68.395,56.0,4.782e-10,metal1,metal1
68.4675,123.2,4.493e-09,metal1,metal1
68.8575,131.6,8.687e-08,metal1,metal1
68.82499999999999,36.4,1.999e-06,metal1,metal1
68.34,64.315,2.53e-11,metal1,metal1
68.6475,89.6,1.365e-13,metal1,metal1
68.47749999999999,98.0,4.23e-12,metal1,metal1
68.38499999999999,140.0,5.498e-08,metal1,metal1
68.5025,58.8,3.708e-09,metal1,metal1
68.5925,64.4,7.243e-10,metal1,metal1
68.495,14.0,3.212e-09,metal1,metal1
68.39750000000001,114.8,8.714e-09,metal1,metal1
68.45750000000001,92.4,0.0,metal1,metal1
68.47,67.2,1.567e-07,metal1,metal1
68.445,81.26875000000001,2.154e-10,metal1,metal1
68.47,100.8,9.444e-07,metal1,metal1
68.47,114.8,1.212e-09,metal1,metal1
68.47,140.0,2.874e-08,metal1,metal1
68.475,19.6,2.151e-08,metal1,metal1
68.475,25.2,2.49e-08,metal1,metal1
68.475,112.0,2.846e-09,metal1,metal1
68.485,50.4,8.067e-07,metal1,metal1
68.485,61.6,3.573e-09,metal1,metal1
68.485,78.4,3.595e-07,metal1,metal1
68.47999999999999,81.18375,2.674e-10,metal1,metal1
68.49000000000001,117.6,6.766e-09,metal1,metal1
68.495,28.0,1.407e-06,metal1,metal1
68.5,106.4,1.568e-10,metal1,metal1
68.50999999999999,56.0,4.899e-08,metal1,metal1
68.50999999999999,75.6,5.014e-08,metal1,metal1
68.6625,67.2,1.567e-07,metal1,metal1
68.515,81.11500000000001,2.674e-10,metal1,metal1
68.5775,100.8,9.444e-07,metal1,metal1
68.68,114.8,2.811e-09,metal1,metal1
68.6325,140.0,2.874e-08,metal1,metal1
68.6625,19.6,2.878e-09,metal1,metal1
68.6625,25.2,2.069e-09,metal1,metal1
68.59,112.0,2.846e-09,metal1,metal1
68.57499999999999,50.4,8.067e-07,metal1,metal1
68.5825,61.6,3.573e-09,metal1,metal1
68.57499999999999,78.4,3.595e-07,metal1,metal1
68.95500000000001,81.2,7.021e-07,metal1,metal1
68.73750000000001,92.4,0.0,metal1,metal1
68.67750000000001,117.6,6.929e-10,metal1,metal1
68.58,28.0,1.407e-06,metal1,metal1
68.8625,106.4,1.568e-10,metal1,metal1
68.87,56.0,1.048e-10,metal1,metal1
68.5875,75.6,5.014e-08,metal1,metal1
68.64750000000001,137.2,8.989e-13,metal1,metal1
68.64750000000001,142.8,0.0,metal1,metal1
68.63,97.91499999999999,4.23e-12,metal1,metal1
68.6875,123.2,2.766e-06,metal1,metal1
68.66,22.4,6.264e-09,metal1,metal1
68.66,30.8,2.226e-08,metal1,metal1
68.66,120.4,3.287e-07,metal1,metal1
68.66499999999999,14.0,6.803e-10,metal1,metal1
68.66499999999999,28.0,5.281e-08,metal1,metal1
68.63499999999999,50.5025,8.067e-07,metal1,metal1
68.66499999999999,53.2,4.595e-09,metal1,metal1
68.66499999999999,75.6,9.279e-10,metal1,metal1
68.66499999999999,78.4,1.523e-08,metal1,metal1
68.66499999999999,86.8,8.77e-10,metal1,metal1
68.675,47.6,2.095e-06,metal1,metal1
68.67,50.43375,1.594e-11,metal1,metal1
68.675,95.2,1.712e-08,metal1,metal1
68.675,97.83,1.326e-06,metal1,metal1
68.68,61.6,2.475e-08,metal1,metal1
68.685,100.8,2.493e-08,metal1,metal1
68.7,16.8,1.646e-06,metal1,metal1
68.7,58.8,1.441e-06,metal1,metal1
68.705,112.0,3.715e-09,metal1,metal1
69.41749999999999,8.4,3.247e-06,metal1,metal1
68.775,22.4,6.264e-09,metal1,metal1
68.85,30.8,2.057e-09,metal1,metal1
69.62875,120.4,3.287e-07,metal1,metal1
69.14,14.0,1.806e-09,metal1,metal1
68.95750000000001,28.0,1.453e-06,metal1,metal1
68.705,50.33125,1.594e-11,metal1,metal1
68.85249999999999,53.2,4.595e-09,metal1,metal1
68.85249999999999,75.6,1.113e-10,metal1,metal1
69.045,78.4,4.652e-07,metal1,metal1
68.735,86.8,8.77e-10,metal1,metal1
68.96,47.6,2.095e-06,metal1,metal1
68.85749999999999,50.4,1.594e-11,metal1,metal1
69.15,95.2,8.835e-07,metal1,metal1
68.73249999999999,97.91499999999999,1.326e-06,metal1,metal1
68.95750000000001,61.6,7.266e-07,metal1,metal1
69.0275,137.2,8.997e-13,metal1,metal1
68.92750000000001,142.8,2.337e-16,metal1,metal1
68.77,100.8,2.493e-08,metal1,metal1
69.155,16.8,1.646e-06,metal1,metal1
69.13499999999999,58.8,1.441e-06,metal1,metal1
68.7775,112.0,3.715e-09,metal1,metal1
68.88749999999999,98.0,1.326e-06,metal1,metal1
69.1775,123.2,2.766e-06,metal1,metal1
68.78999999999999,139.90625,7.281e-12,metal1,metal1
68.8375,86.8,1.778e-10,metal1,metal1
69.2025,70.0,3.414e-07,metal1,metal1
68.85,19.6,1.554e-06,metal1,metal1
68.85,25.2,1.39e-06,metal1,metal1
68.85,112.0,9.056e-09,metal1,metal1
68.85499999999999,67.2,2.898e-09,metal1,metal1
68.85499999999999,100.8,1.243e-08,metal1,metal1
68.85499999999999,126.0,5.234e-09,metal1,metal1
68.82499999999999,140.00875000000002,7.281e-12,metal1,metal1
68.86500000000001,117.6,4.67e-07,metal1,metal1
68.86,140.10250000000002,7.365e-11,metal1,metal1
68.875,64.4,6.497e-07,metal1,metal1
68.875,128.8,3.567e-10,metal1,metal1
68.89,22.4,1.311e-06,metal1,metal1
68.89,44.8,1.728e-08,metal1,metal1
68.89,114.8,2.155e-06,metal1,metal1
69.235,33.6,1.565e-06,metal1,metal1
68.9,103.6,9.196e-13,metal1,metal1
69.0425,19.6,1.554e-06,metal1,metal1
69.24000000000001,25.2,1.39e-06,metal1,metal1
69.06,112.0,1.152e-09,metal1,metal1
69.04249999999999,67.2,2.744e-10,metal1,metal1
69.02000000000001,100.8,1.243e-08,metal1,metal1
69.1375,126.0,1.955e-10,metal1,metal1
69.04249999999999,140.0,7.365e-11,metal1,metal1
69.1625,117.6,8.174e-10,metal1,metal1
69.1175,86.8,1.778e-10,metal1,metal1
69.0625,64.4,1.891e-09,metal1,metal1
69.125,128.8,3.567e-10,metal1,metal1
69.36500000000001,22.4,1.36e-09,metal1,metal1
68.965,44.8,1.728e-08,metal1,metal1
69.07,114.8,2.155e-06,metal1,metal1
69.08,103.6,9.194e-13,metal1,metal1
68.985,92.4,4.549e-15,metal1,metal1
69.0275,89.6,0.0,metal1,metal1
69.375,11.2,1.885e-06,metal1,metal1
69.03999999999999,30.8,1.407e-06,metal1,metal1
69.03999999999999,44.8,3.839e-06,metal1,metal1
69.03999999999999,50.4,5.945e-09,metal1,metal1
69.03999999999999,53.2,6.165e-12,metal1,metal1
69.03999999999999,75.6,7.516e-08,metal1,metal1
69.41749999999999,92.4,4.998e-16,metal1,metal1
69.055,98.0,1.729e-09,metal1,metal1
69.06,42.0,3.541e-08,metal1,metal1
69.08500000000001,72.8,4.52e-09,metal1,metal1
69.52000000000001,109.2,5.285e-07,metal1,metal1
69.90625,84.0,4.454e-07,metal1,metal1
69.5175,30.8,1.407e-06,metal1,metal1
69.43,44.8,3.839e-06,metal1,metal1
69.32249999999999,50.4,1.246e-09,metal1,metal1
69.23,53.2,6.166e-12,metal1,metal1
69.24000000000001,75.6,7.866e-11,metal1,metal1
69.245,98.0,1.729e-09,metal1,metal1
69.62,42.0,9.693e-07,metal1,metal1
69.3075,89.6,0.0,metal1,metal1
69.1675,72.8,4.52e-09,metal1,metal1
69.175,142.8,0.0,metal1,metal1
69.2175,100.8,4.964e-08,metal1,metal1
69.2575,106.4,2.393e-07,metal1,metal1
69.22999999999999,56.0,1.125e-09,metal1,metal1
69.22999999999999,67.2,1.847e-07,metal1,metal1
69.22999999999999,140.0,6.033e-12,metal1,metal1
69.235,19.6,5.801e-08,metal1,metal1
69.20750000000001,61.685,7.266e-07,metal1,metal1
69.245,47.6,2.733e-09,metal1,metal1
69.60749999999999,142.8,1.249e-16,metal1,metal1
69.25,28.0,2.548e-09,metal1,metal1
69.2425,61.6,5.459e-11,metal1,metal1
69.25,64.4,3.28e-10,metal1,metal1
69.25,72.8,1.163e-09,metal1,metal1
69.25,114.8,8.201e-08,metal1,metal1
69.25999999999999,103.6,6.584e-10,metal1,metal1
69.27000000000001,112.0,4.667e-07,metal1,metal1
69.345,56.0,1.125e-09,metal1,metal1
69.3275,67.2,1.847e-07,metal1,metal1
69.445,140.0,3.624e-10,metal1,metal1
69.67875000000001,19.6,1.588e-06,metal1,metal1
69.2775,61.515,5.459e-11,metal1,metal1
69.435,47.6,2.733e-09,metal1,metal1
69.4325,28.0,2.548e-09,metal1,metal1
69.43,61.6,9.282e-11,metal1,metal1
69.35499999999999,64.4,3.28e-10,metal1,metal1
69.4375,72.8,1.003e-10,metal1,metal1
69.33500000000001,100.8,1.869e-10,metal1,metal1
69.62,114.8,3.064e-09,metal1,metal1
69.6225,103.6,6.584e-10,metal1,metal1
69.545,112.0,4.667e-07,metal1,metal1
69.46000000000001,106.4,2.393e-07,metal1,metal1
69.83500000000001,36.4,1.999e-06,metal1,metal1
69.36500000000001,86.8,2.18e-08,metal1,metal1
69.4075,128.8,2.729e-13,metal1,metal1
69.4075,137.2,1.059e-09,metal1,metal1
69.42,53.2,9.114e-12,metal1,metal1
69.42,81.2,1.396e-07,metal1,metal1
69.42,100.8,7.479e-09,metal1,metal1
69.42,126.0,2.115e-07,metal1,metal1
69.425,67.2,7.511e-09,metal1,metal1
69.425,78.4,8.604e-09,metal1,metal1
69.48750000000001,86.8,1.108e-06,metal1,metal1
69.435,98.0,4.167e-11,metal1,metal1
69.4125,131.55,1.91e-10,metal1,metal1
69.44,75.6,3.643e-10,metal1,metal1
69.46000000000001,56.0,2.042e-07,metal1,metal1
69.46000000000001,64.4,8.796e-07,metal1,metal1
69.46000000000001,117.6,4.939e-07,metal1,metal1
69.44749999999999,131.6525,3.22e-11,metal1,metal1
69.61,53.2,9.12e-12,metal1,metal1
70.0075,81.2,1.396e-07,metal1,metal1
69.6825,100.8,7.479e-09,metal1,metal1
69.62,126.0,2.115e-07,metal1,metal1
70.10749999999999,67.2,2.221e-07,metal1,metal1
69.6125,78.4,7.294e-10,metal1,metal1
69.72,98.0,1.35e-09,metal1,metal1
69.4825,131.7025,3.22e-11,metal1,metal1
69.54499999999999,75.6,3.643e-10,metal1,metal1
69.7875,128.8,2.719e-13,metal1,metal1
69.5325,137.2,1.059e-09,metal1,metal1
69.735,56.0,4.378e-10,metal1,metal1
69.6325,64.4,8.796e-07,metal1,metal1
69.6325,117.6,4.939e-07,metal1,metal1
69.6375,131.6,3.22e-11,metal1,metal1
69.555,89.6,0.0,metal1,metal1
69.935,58.8,1.441e-06,metal1,metal1
69.60499999999999,50.4,1.097e-06,metal1,metal1
69.61,16.8,1.715e-06,metal1,metal1
69.58250000000001,61.685,9.282e-11,metal1,metal1
69.61,86.8,2.33e-08,metal1,metal1
69.61500000000001,14.0,2.872e-10,metal1,metal1
69.61500000000001,28.0,6.751e-09,metal1,metal1
69.625,47.6,6.402e-11,metal1,metal1
69.6175,61.6,9.199e-07,metal1,metal1
69.625,72.8,2.114e-09,metal1,metal1
69.98750000000001,89.6,1.999e-15,metal1,metal1
69.625,95.2,1.152e-09,metal1,metal1
69.625,137.2,6.17e-10,metal1,metal1
69.63,25.2,3.287e-10,metal1,metal1
69.63,106.4,9.491e-09,metal1,metal1
69.63499999999999,123.2,2.704e-09,metal1,metal1
69.64,33.6,2.892e-08,metal1,metal1
69.65,75.6,2.496e-07,metal1,metal1
69.655,70.0,5.531e-09,metal1,metal1
69.66,140.0,4.752e-10,metal1,metal1
69.9975,50.4,1.097e-06,metal1,metal1
69.81,16.8,1.715e-06,metal1,metal1
69.6525,61.515,9.199e-07,metal1,metal1
69.8,86.8,1.432e-09,metal1,metal1
69.7275,14.0,1.736e-08,metal1,metal1
69.80250000000001,28.0,8.307e-11,metal1,metal1
69.91,47.6,1.998e-09,metal1,metal1
69.8175,61.6,9.199e-07,metal1,metal1
69.7325,72.8,2.114e-09,metal1,metal1
69.815,95.2,1.152e-09,metal1,metal1
69.78,137.2,6.17e-10,metal1,metal1
69.83000000000001,25.2,3.928e-09,metal1,metal1
70.0,106.4,2.747e-07,metal1,metal1
69.88499999999999,123.2,2.704e-09,metal1,metal1
69.9225,33.6,1.473e-09,metal1,metal1
70.315,75.6,2.496e-07,metal1,metal1
69.9375,70.0,2.874e-10,metal1,metal1
69.84,140.0,4.752e-10,metal1,metal1
69.8,39.2,2.443e-08,metal1,metal1
69.8,53.2,6.803e-09,metal1,metal1
69.8,78.4,4.901e-07,metal1,metal1
69.805,64.4,3.361e-08,metal1,metal1
69.805,117.6,9.135e-09,metal1,metal1
69.815,131.6,4.892e-12,metal1,metal1
69.82,11.2,7.027e-08,metal1,metal1
69.82,44.8,7.1e-08,metal1,metal1
69.82,112.0,8.62e-09,metal1,metal1
69.82,126.0,7.452e-09,metal1,metal1
69.84,14.0,2.46e-06,metal1,metal1
69.84,22.4,1.366e-06,metal1,metal1
69.84,72.8,9.334e-07,metal1,metal1
69.85,92.4,8.215e-13,metal1,metal1
70.18,39.2,1.065e-09,metal1,metal1
69.99,53.2,6.803e-09,metal1,metal1
69.9925,78.4,4.901e-07,metal1,metal1
70.09,64.4,9.408e-07,metal1,metal1
69.9925,117.6,7.625e-10,metal1,metal1
70.1,131.6,3.294e-10,metal1,metal1
70.0,11.2,1.92e-06,metal1,metal1
70.0075,44.8,5.801e-09,metal1,metal1
70.0,112.0,1.248e-10,metal1,metal1
70.21375,126.0,1.921e-07,metal1,metal1
70.02000000000001,14.0,2.46e-06,metal1,metal1
70.025,22.4,1.366e-06,metal1,metal1
70.28,72.8,9.334e-07,metal1,metal1
70.03,92.4,8.19e-13,metal1,metal1
69.935,137.2,3.805e-09,metal1,metal1
69.97749999999999,100.8,7.106e-12,metal1,metal1
70.0175,103.6,1.005e-06,metal1,metal1
69.9625,27.915,8.307e-11,metal1,metal1
69.99000000000001,86.8,1.019e-06,metal1,metal1
69.99000000000001,114.8,2.308e-06,metal1,metal1
69.995,30.8,2.603e-08,metal1,metal1
69.9975,28.0,1.537e-06,metal1,metal1
70.005,95.2,2.833e-11,metal1,metal1
70.005,98.0,1.511e-06,metal1,metal1
70.005,137.2,2.625e-09,metal1,metal1
70.00999999999999,16.8,3.172e-08,metal1,metal1
70.00999999999999,56.0,1.595e-10,metal1,metal1
70.00999999999999,61.6,1.701e-08,metal1,metal1
70.015,134.4,2.517e-10,metal1,metal1
70.02000000000001,109.2,9.77e-09,metal1,metal1
70.02000000000001,140.0,3.398e-07,metal1,metal1
70.03,25.2,1.473e-06,metal1,metal1
70.03999999999999,142.8,7.776e-14,metal1,metal1
70.0325,28.085,1.537e-06,metal1,metal1
70.11,86.8,1.019e-06,metal1,metal1
70.1825,114.8,2.308e-06,metal1,metal1
70.1825,30.8,2.362e-09,metal1,metal1
70.11500000000001,28.0,1.537e-06,metal1,metal1
70.29,95.2,9.409e-10,metal1,metal1
70.1025,98.0,1.511e-06,metal1,metal1
70.29,137.2,1.534e-12,metal1,metal1
70.19749999999999,16.8,2.775e-09,metal1,metal1
70.11500000000001,56.0,1.595e-10,metal1,metal1
70.19749999999999,61.6,1.395e-09,metal1,metal1
70.2575,100.8,7.106e-12,metal1,metal1
70.265,134.4,2.517e-10,metal1,metal1
70.30250000000001,109.2,5.471e-10,metal1,metal1
70.30250000000001,140.0,3.398e-07,metal1,metal1
70.4225,25.2,1.473e-06,metal1,metal1
70.22,142.8,7.639e-14,metal1,metal1
70.22999999999999,103.6,3.163e-09,metal1,metal1
70.49625,19.6,1.588e-06,metal1,metal1
70.16749999999999,123.2,1.734e-12,metal1,metal1
70.16749999999999,128.8,6.765e-11,metal1,metal1
70.18,8.4,3.383e-06,metal1,metal1
70.18,11.2,2.15e-06,metal1,metal1
70.18,42.0,1.656e-08,metal1,metal1
70.18,53.2,5.079e-06,metal1,metal1
70.1525,111.93125,1.248e-10,metal1,metal1
70.18,117.6,5.122e-07,metal1,metal1
70.185,78.4,1.855e-08,metal1,metal1
70.195,44.8,3.895e-06,metal1,metal1
70.195,47.6,2.237e-06,metal1,metal1
70.1875,112.01625,7.9e-11,metal1,metal1
70.2,14.0,9.279e-08,metal1,metal1
70.2,98.0,5.719e-08,metal1,metal1
70.205,33.6,1.604e-06,metal1,metal1
70.21000000000001,22.4,2.524e-08,metal1,metal1
70.21000000000001,92.4,5.864e-10,metal1,metal1
70.22,56.0,3.824e-07,metal1,metal1
70.22,70.0,3.13e-07,metal1,metal1
70.225,28.0,2.491e-08,metal1,metal1
70.22999999999999,86.8,1.423e-09,metal1,metal1
70.38,8.4,3.383e-06,metal1,metal1
70.2775,11.2,2.15e-06,metal1,metal1
70.48,42.0,4.24e-08,metal1,metal1
70.63,53.2,5.079e-06,metal1,metal1
70.2225,112.08500000000001,7.9e-11,metal1,metal1
70.485,117.6,8.699e-10,metal1,metal1
70.66749999999999,78.4,5.146e-07,metal1,metal1
70.2925,44.8,3.895e-06,metal1,metal1
70.2975,47.6,2.237e-06,metal1,metal1
70.3775,112.0,8.037e-10,metal1,metal1
70.47749999999999,14.0,8.648e-07,metal1,metal1
70.6725,98.0,1.586e-06,metal1,metal1
70.5475,123.2,1.734e-12,metal1,metal1
70.2875,128.8,6.765e-11,metal1,metal1
70.6925,33.6,1.604e-06,metal1,metal1
70.4925,22.4,1.284e-09,metal1,metal1
70.5725,92.4,5.864e-10,metal1,metal1
70.5,56.0,3.824e-07,metal1,metal1
70.78,70.0,3.13e-07,metal1,metal1
70.5075,28.0,1.45e-09,metal1,metal1
70.41,86.8,1.423e-09,metal1,metal1
70.37,30.8,1.589e-06,metal1,metal1
70.37,58.8,5.417e-08,metal1,metal1
70.37,106.4,1.413e-08,metal1,metal1
70.375,11.2,8.008e-08,metal1,metal1
70.375,36.4,3.697e-08,metal1,metal1
70.375,64.4,1.278e-09,metal1,metal1
70.375,114.8,8.862e-08,metal1,metal1
70.375,128.8,1.853e-11,metal1,metal1
70.38499999999999,16.8,1.866e-06,metal1,metal1
70.38499999999999,61.6,9.371e-07,metal1,metal1
70.38499999999999,131.6,3.688e-07,metal1,metal1
70.39,44.8,7.203e-08,metal1,metal1
70.39,50.4,4.218e-08,metal1,metal1
70.4,47.6,4.134e-08,metal1,metal1
70.4,142.8,5.498e-11,metal1,metal1
70.41,103.6,1.052e-06,metal1,metal1
70.42,89.6,3.529e-12,metal1,metal1
70.5625,30.8,9.765e-08,metal1,metal1
70.75,58.8,1.176e-09,metal1,metal1
70.775,106.4,4.017e-07,metal1,metal1
70.775,11.2,2.187e-06,metal1,metal1
70.5625,36.4,3.051e-09,metal1,metal1
70.5625,64.4,1.278e-09,metal1,metal1
70.47749999999999,114.8,2.491e-06,metal1,metal1
70.535,128.8,1.853e-11,metal1,metal1
70.4825,16.8,1.866e-06,metal1,metal1
70.7675,61.6,9.371e-07,metal1,metal1
70.575,131.6,3.688e-07,metal1,metal1
70.5775,44.8,5.825e-09,metal1,metal1
70.685,50.4,2.17e-09,metal1,metal1
70.6825,47.6,2.189e-09,metal1,metal1
70.7625,142.8,5.498e-11,metal1,metal1
70.78999999999999,103.6,1.052e-06,metal1,metal1
70.6,89.6,3.528e-12,metal1,metal1
70.505,100.8,1.365e-13,metal1,metal1
70.5475,134.4,1.607e-13,metal1,metal1
70.56,39.2,1.62e-06,metal1,metal1
70.56,112.0,5.315e-07,metal1,metal1
70.575,95.2,1.053e-06,metal1,metal1
70.9375,100.8,1.125e-15,metal1,metal1
70.575,137.2,9.075e-10,metal1,metal1
70.58,8.4,1.255e-07,metal1,metal1
70.58,16.8,3.446e-08,metal1,metal1
70.58,114.8,4.607e-08,metal1,metal1
70.58500000000001,109.2,5.967e-07,metal1,metal1
70.58500000000001,140.0,1.513e-06,metal1,metal1
70.59,86.8,1.826e-10,metal1,metal1
71.11250000000001,81.2,1.396e-07,metal1,metal1
71.49625,120.4,3.287e-07,metal1,metal1
70.93125,126.0,1.921e-07,metal1,metal1
70.7525,39.2,1.62e-06,metal1,metal1
71.1525,112.0,5.315e-07,metal1,metal1
71.15875,95.2,1.053e-06,metal1,metal1
70.6875,137.2,9.075e-10,metal1,metal1
78.8775,8.4,3.414e-06,metal1,metal1
70.75999999999999,16.8,4.019e-10,metal1,metal1
70.7675,114.8,3.74e-09,metal1,metal1
70.9275,134.4,1.612e-13,metal1,metal1
70.67750000000001,109.2,5.967e-07,metal1,metal1
70.66499999999999,140.0,1.513e-06,metal1,metal1
70.9525,86.8,1.826e-10,metal1,metal1
70.6875,128.70625,1.2e-15,metal1,metal1
71.09,72.8,9.334e-07,metal1,metal1
70.7775,140.0,3.511e-07,metal1,metal1
70.75,36.4,2.049e-06,metal1,metal1
70.75,64.4,4.945e-11,metal1,metal1
70.7225,128.79125,1.103e-15,metal1,metal1
70.7375,14.085,8.648e-07,metal1,metal1
70.755,30.8,1.647e-07,metal1,metal1
70.765,44.8,3.911e-06,metal1,metal1
70.7575,128.885,4.034e-12,metal1,metal1
70.765,131.6,8.827e-09,metal1,metal1
70.77000000000001,109.2,1.103e-08,metal1,metal1
70.775,22.4,1.398e-06,metal1,metal1
70.775,84.0,4.354e-10,metal1,metal1
70.78,42.0,1.94e-07,metal1,metal1
70.78,56.0,7.068e-09,metal1,metal1
70.78,89.6,2.526e-09,metal1,metal1
70.77250000000001,13.9825,6.215e-07,metal1,metal1
70.78999999999999,28.0,1.582e-06,metal1,metal1
70.78999999999999,67.2,3.281e-07,metal1,metal1
70.78999999999999,117.6,5.395e-07,metal1,metal1
70.8,137.2,1.778e-12,metal1,metal1
71.1375,25.2,1.473e-06,metal1,metal1
70.86,36.4,2.049e-06,metal1,metal1
70.94,64.4,1.4e-09,metal1,metal1
71.155,128.8,4.035e-12,metal1,metal1
70.8075,13.8975,1.138e-06,metal1,metal1
70.8675,30.8,1.647e-07,metal1,metal1
70.85499999999999,44.8,3.911e-06,metal1,metal1
71.14,131.6,4.875e-07,metal1,metal1
70.95750000000001,109.2,9.143e-10,metal1,metal1
71.0575,22.4,1.398e-06,metal1,metal1
71.025,84.0,4.354e-10,metal1,metal1
70.86,42.0,1.94e-07,metal1,metal1
71.0625,56.0,4.469e-10,metal1,metal1
70.955,89.6,2.526e-09,metal1,metal1
71.055,14.0,2.665e-06,metal1,metal1
71.065,28.0,1.582e-06,metal1,metal1
70.9625,67.2,3.281e-07,metal1,metal1
71.065,117.6,5.395e-07,metal1,metal1
70.97999999999999,137.2,1.774e-12,metal1,metal1
70.94749999999999,140.0,3.511e-07,metal1,metal1
70.92750000000001,123.2,2.207e-15,metal1,metal1
70.9675,92.4,8.948e-07,metal1,metal1
70.9125,16.887500000000003,4.019e-10,metal1,metal1
70.94,19.6,1.775e-06,metal1,metal1
70.94,42.0,9.288e-07,metal1,metal1
70.945,39.2,1.419e-07,metal1,metal1
70.945,44.8,6.337e-08,metal1,metal1
70.94749999999999,16.802500000000002,2.171e-06,metal1,metal1
70.955,114.8,2.511e-06,metal1,metal1
70.965,47.6,2.386e-06,metal1,metal1
70.97,36.4,3.785e-08,metal1,metal1
70.97999999999999,30.8,1.445e-06,metal1,metal1
70.97999999999999,50.4,1.339e-06,metal1,metal1
70.97999999999999,75.6,2.284e-09,metal1,metal1
70.98249999999999,16.715,2.171e-06,metal1,metal1
71.14,19.6,1.775e-06,metal1,metal1
71.1425,42.0,2.931e-09,metal1,metal1
71.045,39.2,1.419e-07,metal1,metal1
71.22749999999999,44.8,3.699e-09,metal1,metal1
71.4225,16.8,2.171e-06,metal1,metal1
71.0575,114.8,2.511e-06,metal1,metal1
71.20750000000001,123.2,2.104e-15,metal1,metal1
71.3425,47.6,2.386e-06,metal1,metal1
71.2475,36.4,6.891e-10,metal1,metal1
71.2475,30.8,1.807e-06,metal1,metal1
71.265,50.4,2.589e-09,metal1,metal1
71.075,75.6,2.284e-09,metal1,metal1
71.76375,92.4,8.948e-07,metal1,metal1
71.46000000000001,53.2,5.079e-06,metal1,metal1
71.07499999999999,140.0375,3.511e-07,metal1,metal1
71.1575,142.8,8.389e-08,metal1,metal1
71.11500000000001,58.885,8.881e-10,metal1,metal1
71.13,64.4,9.726e-07,metal1,metal1
71.13,89.6,1.165e-09,metal1,metal1
71.13499999999999,67.2,1.271e-08,metal1,metal1
71.13499999999999,140.075,6.526e-12,metal1,metal1
71.14500000000001,39.2,7.935e-07,metal1,metal1
71.14500000000001,98.0,3.396e-08,metal1,metal1
71.14500000000001,109.2,6.142e-07,metal1,metal1
71.15,61.6,3.502e-08,metal1,metal1
71.15,78.4,3.633e-09,metal1,metal1
71.16,114.8,4.641e-08,metal1,metal1
71.16,137.2,3.629e-10,metal1,metal1
71.15,58.7825,8.881e-10,metal1,metal1
71.17,75.6,3.95e-07,metal1,metal1
71.17,103.6,1.706e-08,metal1,metal1
71.175,11.2,3.544e-08,metal1,metal1
71.5975,33.6,1.604e-06,metal1,metal1
71.515,106.4,4.017e-07,metal1,metal1
71.185,58.6975,1.969e-06,metal1,metal1
72.25,64.4,9.726e-07,metal1,metal1
71.3175,89.6,1.165e-09,metal1,metal1
71.53625,67.2,3.605e-07,metal1,metal1
71.17750000000001,140.0375,6.529e-12,metal1,metal1
71.3275,39.2,3.493e-12,metal1,metal1
71.5325,98.0,1.708e-06,metal1,metal1
71.68875,109.2,6.142e-07,metal1,metal1
71.42750000000001,61.6,9.593e-07,metal1,metal1
71.23750000000001,78.4,3.633e-09,metal1,metal1
71.33,140.0,6.529e-12,metal1,metal1
71.4425,114.8,2.328e-09,metal1,metal1
71.5225,137.2,3.629e-10,metal1,metal1
71.83500000000001,58.8,1.969e-06,metal1,metal1
71.55,75.6,5.44e-10,metal1,metal1
71.36,103.6,1.598e-09,metal1,metal1
71.4575,11.2,2.051e-09,metal1,metal1
71.4575,142.8,8.389e-08,metal1,metal1
71.3075,84.0,2.299e-13,metal1,metal1
71.3075,134.4,1.766e-14,metal1,metal1
71.2825,86.715,1.826e-10,metal1,metal1
71.32,14.0,2.809e-06,metal1,metal1
71.32,86.63,3.013e-06,metal1,metal1
71.325,78.4,2.125e-08,metal1,metal1
71.325,126.0,5.384e-09,metal1,metal1
71.34,19.6,2.754e-08,metal1,metal1
71.34,22.4,1.018e-08,metal1,metal1
71.34,28.0,1.122e-08,metal1,metal1
71.315,69.91499999999999,1.816e-10,metal1,metal1
71.34,117.6,9.981e-09,metal1,metal1
71.345,42.0,1.272e-06,metal1,metal1
71.345,56.0,4.883e-07,metal1,metal1
71.35,70.0175,7.376e-11,metal1,metal1
71.37,100.8,1.755e-12,metal1,metal1
71.52000000000001,14.0,2.809e-06,metal1,metal1
71.385,86.715,3.013e-06,metal1,metal1
71.52250000000001,78.4,6.159e-07,metal1,metal1
71.525,126.0,5.384e-09,metal1,metal1
71.5275,19.6,3.577e-09,metal1,metal1
71.425,22.4,1.018e-08,metal1,metal1
71.42750000000001,28.0,1.122e-08,metal1,metal1
71.38499999999999,70.10249999999999,7.376e-11,metal1,metal1
71.6875,84.0,2.309e-13,metal1,metal1
71.5275,117.6,1.022e-09,metal1,metal1
71.5875,134.4,1.776e-14,metal1,metal1
71.715,42.0,1.272e-06,metal1,metal1
71.4425,56.0,4.883e-07,metal1,metal1
71.8175,70.0,2.237e-07,metal1,metal1
71.55,100.8,1.755e-12,metal1,metal1
71.635,86.8,3.013e-06,metal1,metal1
71.455,123.2,4.549e-15,metal1,metal1
71.5375,89.6,2.882e-09,metal1,metal1
71.50999999999999,22.4,6.101e-08,metal1,metal1
71.50999999999999,39.2,7.958e-07,metal1,metal1
71.50999999999999,44.8,4.037e-06,metal1,metal1
71.50999999999999,140.0,2.485e-10,metal1,metal1
71.515,28.0,6.206e-08,metal1,metal1
71.515,30.8,2.928e-08,metal1,metal1
71.515,131.6,7.9e-09,metal1,metal1
71.495,36.427499999999995,6.891e-10,metal1,metal1
71.88749999999999,123.2,3.765e-13,metal1,metal1
71.53,25.2,4.687e-08,metal1,metal1
71.53,72.8,1.726e-08,metal1,metal1
71.53,36.3425,5.612e-10,metal1,metal1
71.53999999999999,56.0,9.027e-09,metal1,metal1
71.55,50.4,1.56e-06,metal1,metal1
71.55,103.6,1.093e-06,metal1,metal1
71.56,128.8,5.173e-13,metal1,metal1
72.10249999999999,22.4,1.492e-06,metal1,metal1
71.7925,39.2,8.478e-10,metal1,metal1
71.6075,44.8,4.037e-06,metal1,metal1
71.67750000000001,140.0,2.485e-10,metal1,metal1
71.8925,28.0,1.701e-06,metal1,metal1
71.7975,30.8,1.731e-09,metal1,metal1
71.7975,131.6,5.46e-10,metal1,metal1
71.565,36.315,5.612e-10,metal1,metal1
71.815,25.2,1.554e-06,metal1,metal1
71.7175,72.8,1.365e-09,metal1,metal1
72.10249999999999,36.4,2.276e-06,metal1,metal1
71.82249999999999,56.0,5.351e-10,metal1,metal1
71.6325,50.4,1.56e-06,metal1,metal1
71.8175,103.6,1.093e-06,metal1,metal1
71.74000000000001,128.8,5.169e-13,metal1,metal1
71.73,89.6,2.882e-09,metal1,metal1
71.7,81.2,1.902e-09,metal1,metal1
71.705,44.8,1.008e-07,metal1,metal1
71.705,61.6,1.774e-08,metal1,metal1
71.715,19.6,1.964e-06,metal1,metal1
71.715,50.4,2.034e-09,metal1,metal1
71.715,117.6,6.887e-07,metal1,metal1
71.72,14.0,1.043e-07,metal1,metal1
71.72,47.6,4.412e-08,metal1,metal1
71.72,78.4,5.148e-09,metal1,metal1
71.725,114.8,2.534e-06,metal1,metal1
71.725,126.0,6.758e-08,metal1,metal1
71.725,142.8,8.201e-11,metal1,metal1
71.72999999999999,100.8,1.256e-09,metal1,metal1
71.74000000000001,11.2,2.238e-06,metal1,metal1
72.25625,95.2,1.053e-06,metal1,metal1
71.745,112.0,1.746e-08,metal1,metal1
71.815,81.2,1.902e-09,metal1,metal1
71.895,44.8,4.168e-06,metal1,metal1
71.8925,61.6,1.464e-09,metal1,metal1
71.8125,19.6,1.964e-06,metal1,metal1
71.905,50.4,2.034e-09,metal1,metal1
71.8125,117.6,6.887e-07,metal1,metal1
72.3,14.0,2.841e-06,metal1,metal1
71.9075,47.6,3.7e-09,metal1,metal1
71.805,78.4,5.148e-09,metal1,metal1
71.8225,114.8,2.534e-06,metal1,metal1
71.8075,126.0,2.854e-10,metal1,metal1
71.975,142.8,8.201e-11,metal1,metal1
72.0925,100.8,1.256e-09,metal1,metal1
72.1,11.2,2.238e-06,metal1,metal1
72.0275,112.0,4.733e-10,metal1,metal1
71.83500000000001,134.4,1.893e-11,metal1,metal1
71.8775,140.0,1.503e-10,metal1,metal1
71.91749999999999,137.2,5.538e-07,metal1,metal1
71.89,16.8,2.371e-06,metal1,metal1
71.89,78.4,1.155e-08,metal1,metal1
71.89,86.8,5.66e-08,metal1,metal1
71.89,89.6,1.036e-06,metal1,metal1
71.89,126.0,6.389e-09,metal1,metal1
71.905,72.8,9.16e-07,metal1,metal1
71.965,134.4,9.616e-10,metal1,metal1
71.91,19.6,3.633e-08,metal1,metal1
71.91,53.2,9.38e-08,metal1,metal1
71.91,117.6,2.582e-08,metal1,metal1
71.92,98.0,3.156e-08,metal1,metal1
71.92,106.4,7.42e-09,metal1,metal1
71.92,114.8,4.684e-08,metal1,metal1
71.92,128.8,3.663e-10,metal1,metal1
71.93,75.6,4.452e-07,metal1,metal1
71.93,81.2,4.304e-07,metal1,metal1
72.26875000000001,67.2,3.605e-07,metal1,metal1
72.09,16.8,2.371e-06,metal1,metal1
72.175,78.4,1.081e-07,metal1,metal1
72.1875,86.8,4.464e-07,metal1,metal1
71.9975,89.6,1.036e-06,metal1,metal1
72.0575,126.0,6.389e-09,metal1,metal1
71.995,72.8,9.16e-07,metal1,metal1
72.0975,19.6,3.071e-09,metal1,metal1
72.0925,53.2,7.402e-10,metal1,metal1
72.74,117.6,7.097e-07,metal1,metal1
72.1575,140.0,1.503e-10,metal1,metal1
72.2025,98.0,1.597e-09,metal1,metal1
72.1925,106.4,1.166e-10,metal1,metal1
72.2025,114.8,2.35e-09,metal1,metal1
72.2825,128.8,3.663e-10,metal1,metal1
72.2175,75.6,4.452e-07,metal1,metal1
72.015,81.2,4.304e-07,metal1,metal1
72.5,137.2,5.538e-07,metal1,metal1
72.0675,84.0,7.534e-11,metal1,metal1
72.05250000000001,39.26875,8.478e-10,metal1,metal1
72.08,30.8,1.89e-06,metal1,metal1
72.08,61.6,9.836e-07,metal1,metal1
72.08,131.6,5.974e-07,metal1,metal1
72.08500000000001,33.6,2.967e-08,metal1,metal1
72.08500000000001,42.0,4.81e-08,metal1,metal1
72.08500000000001,44.8,1.561e-07,metal1,metal1
72.08500000000001,72.8,8.299e-09,metal1,metal1
72.08500000000001,103.6,2.855e-08,metal1,metal1
72.095,47.6,2.486e-06,metal1,metal1
72.095,50.4,4.878e-11,metal1,metal1
72.095,134.4,1.232e-12,metal1,metal1
72.1,25.2,5.817e-08,metal1,metal1
72.0875,39.18375,3.702e-10,metal1,metal1
72.1,81.2,7.955e-09,metal1,metal1
72.10499999999999,56.0,5.841e-07,metal1,metal1
72.10499999999999,89.6,1.013e-09,metal1,metal1
72.1225,39.115,3.702e-10,metal1,metal1
72.3675,30.8,1.89e-06,metal1,metal1
72.365,61.6,9.836e-07,metal1,metal1
72.71875,131.6,5.974e-07,metal1,metal1
72.27250000000001,33.6,2.669e-09,metal1,metal1
72.57,42.0,1.333e-06,metal1,metal1
72.2825,44.8,4.288e-06,metal1,metal1
72.17750000000001,72.8,8.299e-09,metal1,metal1
72.53375,103.6,1.231e-06,metal1,metal1
72.775,47.6,2.486e-06,metal1,metal1
72.38,50.4,1.57e-09,metal1,metal1
72.285,134.4,1.233e-12,metal1,metal1
72.385,25.2,1.596e-06,metal1,metal1
72.2875,39.2,2.863e-09,metal1,metal1
72.47749999999999,81.2,3.607e-10,metal1,metal1
72.28999999999999,84.0,7.534e-11,metal1,metal1
72.3775,56.0,1.269e-09,metal1,metal1
72.35499999999999,89.6,1.013e-09,metal1,metal1
72.2575,126.0,4.097e-12,metal1,metal1
72.2575,142.8,5.402e-14,metal1,metal1
72.70625000000001,109.2,6.142e-07,metal1,metal1
72.27000000000001,28.0,2.006e-06,metal1,metal1
72.27000000000001,72.8,3.562e-08,metal1,metal1
72.245,53.285,7.402e-10,metal1,metal1
72.275,70.0,5.726e-09,metal1,metal1
72.285,19.6,2.063e-06,metal1,metal1
72.28,53.2,6.019e-10,metal1,metal1
72.25999999999999,16.884999999999998,2.371e-06,metal1,metal1
72.295,16.799999999999997,1.376e-10,metal1,metal1
72.31,112.0,5.231e-09,metal1,metal1
72.32,123.2,6.695e-10,metal1,metal1
72.565,28.0,2.006e-06,metal1,metal1
72.36500000000001,72.8,3.007e-09,metal1,metal1
72.315,53.115,6.019e-10,metal1,metal1
72.4725,70.0,8.642e-08,metal1,metal1
72.3825,19.6,2.063e-06,metal1,metal1
72.4675,53.2,7.855e-09,metal1,metal1
72.33,16.715,1.376e-10,metal1,metal1
72.6375,126.0,4.097e-12,metal1,metal1
72.6375,142.8,5.245e-14,metal1,metal1
72.5825,16.8,7.023e-10,metal1,metal1
72.405,112.0,5.231e-09,metal1,metal1
72.5,123.2,6.695e-10,metal1,metal1
72.405,140.0,9.101e-10,metal1,metal1
72.48750000000001,100.8,1.917e-06,metal1,metal1
72.46000000000001,11.2,2.385e-06,metal1,metal1
72.46000000000001,33.6,1.795e-06,metal1,metal1
72.46000000000001,72.8,9.11e-09,metal1,metal1
72.46000000000001,78.4,3.825e-07,metal1,metal1
72.44,106.315,1.166e-10,metal1,metal1
72.465,120.4,1.432e-08,metal1,metal1
72.475,39.2,1.957e-06,metal1,metal1
72.475,134.4,1.592e-11,metal1,metal1
72.53,140.0,4.639e-08,metal1,metal1
72.47999999999999,19.6,3.816e-08,metal1,metal1
72.47999999999999,44.8,1.599e-07,metal1,metal1
72.47999999999999,84.0,3.855e-10,metal1,metal1
72.485,86.8,1.917e-06,metal1,metal1
72.485,98.0,1.738e-06,metal1,metal1
72.475,106.4,1.795e-10,metal1,metal1
72.485,114.8,2.558e-06,metal1,metal1
72.5,58.8,2.049e-06,metal1,metal1
72.5,112.0,6.5e-07,metal1,metal1
72.505,75.6,7.214e-09,metal1,metal1
73.22125,92.4,8.948e-07,metal1,metal1
73.0475,11.2,2.385e-06,metal1,metal1
72.6575,33.6,1.795e-06,metal1,metal1
72.555,72.8,9.11e-09,metal1,metal1
72.555,78.4,3.825e-07,metal1,metal1
72.50999999999999,106.485,1.795e-10,metal1,metal1
72.96000000000001,120.4,4.471e-07,metal1,metal1
72.6575,39.2,1.957e-06,metal1,metal1
72.5875,134.4,1.177e-09,metal1,metal1
72.66749999999999,19.6,3.193e-09,metal1,metal1
73.39500000000001,44.8,4.37e-06,metal1,metal1
72.5375,84.0,3.855e-10,metal1,metal1
72.5675,86.8,1.917e-06,metal1,metal1
73.14,98.0,1.738e-06,metal1,metal1
73.05,106.4,5.51e-07,metal1,metal1
72.8775,114.8,2.558e-06,metal1,metal1
72.59,58.8,2.049e-06,metal1,metal1
72.5775,112.0,6.5e-07,metal1,metal1
72.7875,75.6,4.267e-10,metal1,metal1
72.5875,100.8,1.917e-06,metal1,metal1
72.595,84.0,5.926e-10,metal1,metal1
72.63749999999999,89.6,1.602e-10,metal1,metal1
72.67750000000001,128.8,5.59e-07,metal1,metal1
72.65,53.2,5.195e-06,metal1,metal1
72.65,56.0,7.661e-07,metal1,metal1
72.65,61.6,4.554e-08,metal1,metal1
72.65,72.8,3.785e-06,metal1,metal1
72.65,78.4,1.603e-06,metal1,metal1
72.65,86.8,8.116e-07,metal1,metal1
72.655,30.8,7.028e-08,metal1,metal1
72.655,100.8,1.76e-07,metal1,metal1
72.625,111.93125,6.5e-07,metal1,metal1
72.655,140.0,5.728e-10,metal1,metal1
72.66499999999999,50.4,1.758e-06,metal1,metal1
72.725,84.0,7.135e-11,metal1,metal1
72.66,111.98124999999999,9.511e-11,metal1,metal1
72.64,25.285,1.596e-06,metal1,metal1
72.67,36.4,8.567e-08,metal1,metal1
72.67,67.2,2.517e-09,metal1,metal1
72.67,70.0,5.31e-10,metal1,metal1
72.675,25.200000000000003,9.278e-11,metal1,metal1
72.68,58.8,3.784e-08,metal1,metal1
72.68,123.2,4.793e-07,metal1,metal1
72.695,22.4,2.417e-08,metal1,metal1
72.7,134.4,6.341e-11,metal1,metal1
72.75999999999999,53.2,5.195e-06,metal1,metal1
72.755,56.0,7.661e-07,metal1,metal1
73.0575,61.6,1.196e-06,metal1,metal1
72.945,72.8,3.785e-06,metal1,metal1
72.755,78.4,1.603e-06,metal1,metal1
72.8175,86.8,8.116e-07,metal1,metal1
73.035,30.8,1.917e-06,metal1,metal1
72.75,100.8,1.76e-07,metal1,metal1
72.695,112.05,9.511e-11,metal1,metal1
72.9625,140.0,1.537e-08,metal1,metal1
73.14,50.4,1.758e-06,metal1,metal1
72.855,112.0,9.511e-11,metal1,metal1
72.71000000000001,25.115000000000002,9.278e-11,metal1,metal1
72.94749999999999,36.4,2.364e-06,metal1,metal1
72.765,67.2,2.517e-09,metal1,metal1
72.7575,70.0,5.31e-10,metal1,metal1
72.86,89.6,1.602e-10,metal1,metal1
72.9625,25.2,2.054e-09,metal1,metal1
72.9525,58.8,5.33e-10,metal1,metal1
72.8675,123.2,4.793e-07,metal1,metal1
72.97749999999999,22.4,1.41e-09,metal1,metal1
72.8725,134.4,6.341e-11,metal1,metal1
73.0625,128.8,5.59e-07,metal1,metal1
72.84,39.2,3.341e-08,metal1,metal1
72.84,95.2,4.651e-08,metal1,metal1
72.845,70.0,1.238e-09,metal1,metal1
72.845,100.8,9.215e-07,metal1,metal1
72.85499999999999,19.6,2.145e-06,metal1,metal1
72.85499999999999,33.6,2.341e-09,metal1,metal1
72.85499999999999,81.2,5.45e-07,metal1,metal1
72.85499999999999,84.0,4.82e-11,metal1,metal1
72.86,28.0,7.521e-08,metal1,metal1
72.86,56.0,2.938e-09,metal1,metal1
72.86,67.2,1.702e-08,metal1,metal1
72.86,78.4,2.965e-08,metal1,metal1
72.84,16.715,7.023e-10,metal1,metal1
72.87,53.2,2.514e-08,metal1,metal1
72.88,14.0,2.902e-06,metal1,metal1
72.875,16.783749999999998,6.919e-10,metal1,metal1
73.125,39.2,8.458e-08,metal1,metal1
73.13499999999999,95.2,1.173e-06,metal1,metal1
73.0325,70.0,7.541e-11,metal1,metal1
73.0325,100.8,4.436e-12,metal1,metal1
72.9525,19.6,2.145e-06,metal1,metal1
73.045,33.6,2.341e-09,metal1,metal1
73.35374999999999,81.2,5.45e-07,metal1,metal1
73.1575,84.0,4.82e-11,metal1,metal1
73.54249999999999,28.0,2.067e-06,metal1,metal1
72.955,56.0,2.938e-09,metal1,metal1
73.13749999999999,67.2,4.71e-07,metal1,metal1
73.0475,78.4,2.732e-09,metal1,metal1
72.91,16.86875,6.919e-10,metal1,metal1
72.96000000000001,53.2,2.514e-08,metal1,metal1
73.525,14.0,2.902e-06,metal1,metal1
72.9675,16.8,6.919e-10,metal1,metal1
73.36125000000001,103.6,1.231e-06,metal1,metal1
73.0175,86.8,5.205e-10,metal1,metal1
73.0175,126.0,4.415e-15,metal1,metal1
73.0175,142.8,0.0,metal1,metal1
73.045,112.0,3.398e-09,metal1,metal1
73.01750000000001,134.45,6.341e-11,metal1,metal1
73.05,16.8,1.066e-08,metal1,metal1
73.05,19.6,3.967e-08,metal1,metal1
73.05,53.2,2.16e-08,metal1,metal1
73.05,56.0,1.634e-09,metal1,metal1
73.05,89.6,2.175e-12,metal1,metal1
73.05,137.2,1.024e-08,metal1,metal1
73.055,42.0,1.303e-09,metal1,metal1
73.055,123.2,5.145e-07,metal1,metal1
73.05250000000001,134.38125,2.15e-10,metal1,metal1
73.07,75.6,4.658e-07,metal1,metal1
73.1325,112.0,1.053e-09,metal1,metal1
73.0875,134.33125,2.15e-10,metal1,metal1
73.2375,16.8,4.061e-10,metal1,metal1
73.2375,19.6,3.33e-09,metal1,metal1
73.2375,53.2,4.046e-10,metal1,metal1
73.1425,56.0,1.634e-09,metal1,metal1
73.3975,86.8,5.205e-10,metal1,metal1
73.2075,89.6,4.246e-11,metal1,metal1
73.2975,126.0,3.973e-15,metal1,metal1
73.2375,137.2,9.336e-10,metal1,metal1
73.2975,142.8,2.337e-16,metal1,metal1
73.305,42.0,1.303e-09,metal1,metal1
73.23,123.2,5.145e-07,metal1,metal1
73.4225,134.4,2.15e-10,metal1,metal1
73.64875,75.6,4.658e-07,metal1,metal1
73.22,70.0,5.032e-08,metal1,metal1
73.22,100.8,9.245e-07,metal1,metal1
73.22,112.0,1.876e-09,metal1,metal1
73.225,36.4,8.914e-08,metal1,metal1
73.19999999999999,58.715,5.33e-10,metal1,metal1
73.235,33.6,5.625e-11,metal1,metal1
73.235,56.0,1.011e-06,metal1,metal1
73.235,78.4,1.839e-06,metal1,metal1
73.24000000000001,72.8,1.406e-07,metal1,metal1
73.245,25.2,1.818e-06,metal1,metal1
73.235,58.8,3.876e-10,metal1,metal1
73.25,109.2,1.135e-08,metal1,metal1
73.25999999999999,22.4,1.538e-06,metal1,metal1
76.17,5.6,2.272e-06,metal1,metal1
73.5925,114.8,2.558e-06,metal1,metal1
73.27000000000001,140.0,3.231e-09,metal1,metal1
73.525,70.0,6.172e-12,metal1,metal1
73.315,100.8,1.129e-08,metal1,metal1
73.41749999999999,112.0,1.876e-09,metal1,metal1
73.41499999999999,36.4,2.464e-06,metal1,metal1
73.27000000000001,58.885,3.876e-10,metal1,metal1
73.52,33.6,1.815e-09,metal1,metal1
73.6775,56.0,1.011e-06,metal1,metal1
73.3325,78.4,1.839e-06,metal1,metal1
73.51750000000001,72.8,3.829e-06,metal1,metal1
73.35,25.2,1.818e-06,metal1,metal1
73.4225,58.8,3.564e-09,metal1,metal1
73.5325,109.2,5.857e-10,metal1,metal1
73.44,22.4,1.538e-06,metal1,metal1
73.45,140.0,1.89e-11,metal1,metal1
73.92625000000001,131.6,5.974e-07,metal1,metal1
73.36,89.515,4.245e-11,metal1,metal1
74.41999999999999,64.4,9.726e-07,metal1,metal1
73.4375,123.2,2.618e-06,metal1,metal1
73.41,39.2,2.827e-07,metal1,metal1
73.41,100.8,2.127e-06,metal1,metal1
73.41499999999999,30.8,3.106e-08,metal1,metal1
73.41499999999999,67.2,1.791e-08,metal1,metal1
73.41499999999999,128.8,1.034e-08,metal1,metal1
73.4025,16.715,4.061e-10,metal1,metal1
73.425,19.6,2.238e-06,metal1,metal1
73.39500000000001,53.285,4.046e-10,metal1,metal1
73.425,89.43,4.967e-12,metal1,metal1
73.425,137.2,6.281e-07,metal1,metal1
73.43,78.4,2.849e-08,metal1,metal1
73.43,95.2,2.166e-08,metal1,metal1
73.43,53.2,5.801e-06,metal1,metal1
73.4375,16.783749999999998,2.664e-06,metal1,metal1
73.455,25.2,2.946e-08,metal1,metal1
74.065,47.6,2.486e-06,metal1,metal1
73.455,120.4,7.246e-09,metal1,metal1
73.46000000000001,84.0,1.143e-12,metal1,metal1
73.80250000000001,61.6,1.196e-06,metal1,metal1
73.505,39.2,2.827e-07,metal1,metal1
74.18875,100.8,2.127e-06,metal1,metal1
73.69749999999999,30.8,1.807e-09,metal1,metal1
73.795,67.2,4.989e-07,metal1,metal1
73.60249999999999,128.8,8.661e-10,metal1,metal1
73.4725,16.86875,2.664e-06,metal1,metal1
73.82,19.6,2.238e-06,metal1,metal1
73.465,53.115,5.801e-06,metal1,metal1
73.4625,89.515,4.966e-12,metal1,metal1
73.70249999999999,137.2,6.281e-07,metal1,metal1
73.6175,78.4,1.482e-09,metal1,metal1
73.67750000000001,89.6,4.966e-12,metal1,metal1
73.6175,95.2,2.54e-10,metal1,metal1
74.06375,53.2,5.801e-06,metal1,metal1
74.11500000000001,16.8,2.664e-06,metal1,metal1
73.7375,25.2,1.705e-09,metal1,metal1
73.7375,120.4,5.061e-10,metal1,metal1
73.64,84.0,1.142e-12,metal1,metal1
73.51249999999999,123.2,2.618e-06,metal1,metal1
73.545,126.0,0.0,metal1,metal1
73.545,142.8,0.0,metal1,metal1
73.5875,42.0,8.352e-13,metal1,metal1
73.5875,123.2,1.679e-09,metal1,metal1
74.33,117.6,7.097e-07,metal1,metal1
73.6,39.2,1.748e-06,metal1,metal1
73.6,58.8,2.277e-06,metal1,metal1
73.60499999999999,36.4,9.214e-08,metal1,metal1
73.61500000000001,50.4,6.359e-10,metal1,metal1
73.61500000000001,106.4,7.186e-10,metal1,metal1
73.61500000000001,112.0,9.816e-07,metal1,metal1
73.97749999999999,126.0,4.998e-16,metal1,metal1
73.97749999999999,142.8,2.499e-16,metal1,metal1
73.62,22.4,4.983e-09,metal1,metal1
73.6,140.06875,1.89e-11,metal1,metal1
74.1525,11.2,2.385e-06,metal1,metal1
73.635,139.96625,5.455e-09,metal1,metal1
73.885,39.2,9.181e-10,metal1,metal1
74.275,58.8,2.277e-06,metal1,metal1
73.9,36.4,2.526e-06,metal1,metal1
73.7975,50.4,6.359e-10,metal1,metal1
73.805,106.4,7.186e-10,metal1,metal1
73.7125,112.0,9.816e-07,metal1,metal1
73.705,22.4,4.983e-09,metal1,metal1
73.9675,42.0,8.354e-13,metal1,metal1
73.9675,123.2,1.679e-09,metal1,metal1
73.67,139.89749999999998,5.455e-09,metal1,metal1
73.7175,140.0,5.455e-09,metal1,metal1
73.7775,86.8,2.759e-13,metal1,metal1
73.8175,134.4,1.212e-06,metal1,metal1
73.78999999999999,22.4,5.532e-09,metal1,metal1
73.78999999999999,128.8,5.819e-07,metal1,metal1
73.795,72.8,7.08e-08,metal1,metal1
73.795,98.0,2.815e-08,metal1,metal1
73.795,140.0,8.883e-10,metal1,metal1
73.805,33.6,2.032e-06,metal1,metal1
73.805,78.4,1.995e-06,metal1,metal1
73.7775,95.11500000000001,2.54e-10,metal1,metal1
73.81,103.6,4.719e-08,metal1,metal1
73.78,111.91499999999999,9.816e-07,metal1,metal1
73.815,109.2,6.379e-07,metal1,metal1
73.82,84.0,7.697e-10,metal1,metal1
73.8125,95.2,5.469e-10,metal1,metal1
73.815,112.0,5.705e-11,metal1,metal1
73.83,70.0,4.286e-08,metal1,metal1
74.28125,81.2,5.45e-07,metal1,metal1
73.8925,22.4,5.532e-09,metal1,metal1
74.38875,128.8,5.819e-07,metal1,metal1
73.9825,72.8,5.783e-09,metal1,metal1
74.0775,98.0,5.024e-10,metal1,metal1
74.07499999999999,140.0,5.356e-08,metal1,metal1
74.25125,33.6,2.032e-06,metal1,metal1
74.29875,78.4,1.995e-06,metal1,metal1
73.8475,95.285,5.469e-10,metal1,metal1
74.0575,86.8,2.749e-13,metal1,metal1
74.1875,103.6,1.325e-06,metal1,metal1
73.85,112.08500000000001,5.705e-11,metal1,metal1
73.9,109.2,6.379e-07,metal1,metal1
74.1825,84.0,7.697e-10,metal1,metal1
73.9025,95.2,5.469e-10,metal1,metal1
74.10249999999999,112.0,1.316e-09,metal1,metal1
74.0,70.0,4.286e-08,metal1,metal1
74.0125,134.4,1.212e-06,metal1,metal1
73.925,89.6,8.553e-13,metal1,metal1
73.97999999999999,30.8,1.972e-06,metal1,metal1
73.95249999999999,50.47,6.359e-10,metal1,metal1
73.97999999999999,137.2,2.727e-08,metal1,metal1
73.985,92.4,3.461e-08,metal1,metal1
73.985,95.2,5.358e-08,metal1,metal1
73.985,109.2,2.676e-08,metal1,metal1
73.985,114.8,9.616e-08,metal1,metal1
73.995,22.4,1.798e-06,metal1,metal1
73.9875,50.42,2.544e-14,metal1,metal1
74.35749999999999,89.6,4.838e-11,metal1,metal1
73.995,106.4,1.822e-11,metal1,metal1
74.02000000000001,25.2,1.861e-06,metal1,metal1
74.02000000000001,120.4,5.537e-07,metal1,metal1
74.4825,30.8,1.972e-06,metal1,metal1
74.02250000000001,50.349999999999994,2.551e-14,metal1,metal1
74.455,137.2,6.773e-07,metal1,metal1
74.175,92.4,9.795e-07,metal1,metal1
74.1725,95.2,3.236e-10,metal1,metal1
74.175,109.2,8.113e-07,metal1,metal1
74.3725,114.8,2.65e-06,metal1,metal1
74.0975,22.4,1.798e-06,metal1,metal1
74.28,50.4,8.489e-10,metal1,metal1
74.28,106.4,6.281e-10,metal1,metal1
74.2125,25.2,1.861e-06,metal1,metal1
74.20500000000001,120.4,5.537e-07,metal1,metal1
74.4925,56.0,1.011e-06,metal1,metal1
74.17,14.0,1.226e-07,metal1,metal1
74.14500000000001,39.285,9.181e-10,metal1,metal1
74.17,70.0,1.016e-11,metal1,metal1
74.17,72.8,3.884e-06,metal1,metal1
74.175,67.2,2.032e-08,metal1,metal1
74.175,134.4,1.91e-09,metal1,metal1
74.18,39.2,3.861e-10,metal1,metal1
74.195,36.4,1.831e-10,metal1,metal1
74.2,22.4,3.325e-08,metal1,metal1
74.21000000000001,61.6,1.381e-06,metal1,metal1
74.54,19.6,2.238e-06,metal1,metal1
74.8375,28.0,2.067e-06,metal1,metal1
74.73625,75.6,4.658e-07,metal1,metal1
74.37,14.0,2.968e-06,metal1,metal1
74.215,39.115,3.861e-10,metal1,metal1
74.265,70.0,7.911e-11,metal1,metal1
74.6525,72.8,3.884e-06,metal1,metal1
74.6475,67.2,6.013e-07,metal1,metal1
74.3625,134.4,1.91e-09,metal1,metal1
74.3725,39.2,3.342e-10,metal1,metal1
74.3825,36.4,1.831e-10,metal1,metal1
74.38499999999999,22.4,2.703e-09,metal1,metal1
74.2875,61.6,1.381e-06,metal1,metal1
74.305,86.8,2.313e-10,metal1,metal1
75.155,44.8,4.37e-06,metal1,metal1
74.3475,42.0,2.207e-15,metal1,metal1
74.3475,123.2,1.876e-13,metal1,metal1
74.38749999999999,140.0,3.281e-06,metal1,metal1
74.36,70.0,3.459e-10,metal1,metal1
74.3375,95.0975,3.236e-10,metal1,metal1
74.33500000000001,98.06875,5.024e-10,metal1,metal1
74.36500000000001,61.6,1.937e-09,metal1,metal1
74.36500000000001,92.4,1.462e-07,metal1,metal1
74.36500000000001,109.2,1.5e-08,metal1,metal1
74.62,86.8,1.175e-08,metal1,metal1
74.37,97.98375,6.659e-10,metal1,metal1
74.3725,95.1825,6.887e-10,metal1,metal1
74.38499999999999,112.0,1.167e-06,metal1,metal1
74.39,120.4,1.023e-08,metal1,metal1
74.405,25.2,5.549e-09,metal1,metal1
74.41,126.0,6.931e-13,metal1,metal1
74.41,142.8,9.196e-13,metal1,metal1
74.455,70.0,3.459e-10,metal1,metal1
74.4075,95.285,6.887e-10,metal1,metal1
74.405,97.91499999999999,6.659e-10,metal1,metal1
74.55250000000001,61.6,1.937e-09,metal1,metal1
74.47,92.4,1.462e-07,metal1,metal1
74.55250000000001,109.2,1.242e-09,metal1,metal1
74.6275,42.0,9.349e-16,metal1,metal1
75.01625000000001,98.0,1.867e-06,metal1,metal1
74.6275,123.2,1.889e-13,metal1,metal1
74.49000000000001,95.2,6.887e-10,metal1,metal1
74.8575,112.0,1.167e-06,metal1,metal1
74.6725,120.4,5.303e-10,metal1,metal1
74.57499999999999,25.2,5.549e-09,metal1,metal1
74.59,126.0,6.895e-13,metal1,metal1
74.59,142.8,9.129e-13,metal1,metal1
74.4875,140.0,3.281e-06,metal1,metal1
74.5775,84.0,1.175e-06,metal1,metal1
74.55,70.0,8.979e-08,metal1,metal1
74.55,134.4,1.821e-07,metal1,metal1
74.525,39.285,3.342e-10,metal1,metal1
74.555,140.0,1.216e-07,metal1,metal1
74.56,39.2,5.609e-10,metal1,metal1
74.565,50.4,1.313e-08,metal1,metal1
74.565,103.6,1.728e-09,metal1,metal1
74.565,106.4,7.032e-07,metal1,metal1
74.565,131.6,7.79e-10,metal1,metal1
74.57,14.0,1.106e-07,metal1,metal1
74.57,22.4,1.465e-10,metal1,metal1
74.57,36.4,1.503e-08,metal1,metal1
74.575,92.4,8.647e-07,metal1,metal1
74.595,95.2,2.352e-08,metal1,metal1
74.94999999999999,70.0,1.258e-10,metal1,metal1
74.6575,134.4,1.821e-07,metal1,metal1
74.595,39.115,5.609e-10,metal1,metal1
74.745,140.0,3.303e-06,metal1,metal1
74.6625,39.2,2.453e-06,metal1,metal1
74.6525,50.4,1.313e-08,metal1,metal1
74.755,103.6,1.728e-09,metal1,metal1
74.655,106.4,7.032e-07,metal1,metal1
74.755,131.6,7.79e-10,metal1,metal1
75.225,14.0,3.022e-06,metal1,metal1
74.6675,22.4,1.465e-10,metal1,metal1
74.6325,36.4,1.503e-08,metal1,metal1
74.6575,92.4,3.648e-09,metal1,metal1
74.9725,95.2,2.163e-09,metal1,metal1
74.685,84.0,1.175e-06,metal1,metal1
75.25125,53.2,5.801e-06,metal1,metal1
74.72749999999999,36.4,1.64e-08,metal1,metal1
75.07374999999999,33.6,2.032e-06,metal1,metal1
74.74000000000001,11.2,2.524e-06,metal1,metal1
74.74000000000001,50.4,2.127e-06,metal1,metal1
74.74000000000001,61.6,3.227e-08,metal1,metal1
74.74000000000001,92.4,8.274e-08,metal1,metal1
74.74000000000001,109.2,8.341e-07,metal1,metal1
74.745,25.2,4.419e-09,metal1,metal1
74.745,47.6,4.028e-08,metal1,metal1
74.745,106.4,1.301e-08,metal1,metal1
74.75999999999999,39.2,4.532e-08,metal1,metal1
74.75999999999999,84.0,6.622e-09,metal1,metal1
74.75999999999999,114.8,4.9e-08,metal1,metal1
74.765,22.4,1.877e-06,metal1,metal1
74.765,134.4,1.111e-06,metal1,metal1
74.77000000000001,126.0,4.942e-10,metal1,metal1
74.77000000000001,142.8,6.537e-10,metal1,metal1
74.78,16.8,2.725e-06,metal1,metal1
74.78,81.2,6.271e-07,metal1,metal1
74.78999999999999,89.6,8.608e-08,metal1,metal1
75.21625,78.4,1.995e-06,metal1,metal1
75.12,11.2,2.524e-06,metal1,metal1
75.045,50.4,3.592e-09,metal1,metal1
75.025,61.6,1.543e-06,metal1,metal1
74.9075,92.4,8.274e-08,metal1,metal1
75.19,109.2,8.341e-07,metal1,metal1
74.8575,25.2,4.419e-09,metal1,metal1
75.0275,47.6,2.511e-09,metal1,metal1
74.9325,106.4,1.231e-09,metal1,metal1
75.0425,36.4,1.971e-12,metal1,metal1
75.1375,39.2,1.686e-09,metal1,metal1
74.8675,84.0,6.622e-09,metal1,metal1
74.94749999999999,114.8,4.064e-09,metal1,metal1
74.8575,22.4,1.877e-06,metal1,metal1
75.015,134.4,7.034e-08,metal1,metal1
75.1325,126.0,4.942e-10,metal1,metal1
75.1325,142.8,6.537e-10,metal1,metal1
75.15,16.8,2.725e-06,metal1,metal1
75.225,81.2,6.271e-07,metal1,metal1
74.97,89.6,8.815e-09,metal1,metal1
74.875,42.0,4.549e-15,metal1,metal1
74.875,123.2,1.878e-09,metal1,metal1
74.89750000000001,137.09625,6.773e-07,metal1,metal1
74.935,19.6,8.332e-08,metal1,metal1
74.935,56.0,1.638e-08,metal1,metal1
74.935,86.8,5.168e-10,metal1,metal1
74.9325,137.19875000000002,4.591e-11,metal1,metal1
74.935,140.0,2.79e-08,metal1,metal1
75.3075,42.0,1.374e-15,metal1,metal1
74.945,103.6,4.135e-11,metal1,metal1
75.2075,123.2,7.12e-11,metal1,metal1
74.945,131.6,1.926e-11,metal1,metal1
74.95,22.4,7.02e-08,metal1,metal1
74.95,58.8,4.211e-08,metal1,metal1
74.955,120.4,5.776e-07,metal1,metal1
75.67625000000001,100.8,2.127e-06,metal1,metal1
74.97,25.2,5.936e-08,metal1,metal1
74.975,84.0,2.45e-09,metal1,metal1
75.4175,30.8,1.972e-06,metal1,metal1
75.51625,128.8,5.819e-07,metal1,metal1
74.9675,137.3025,4.591e-11,metal1,metal1
75.6,19.6,2.275e-06,metal1,metal1
75.2175,56.0,1.042e-09,metal1,metal1
75.05250000000001,86.8,3.974e-08,metal1,metal1
75.1225,137.2,1.813e-09,metal1,metal1
75.03999999999999,140.0,2.79e-08,metal1,metal1
75.23,103.6,1.327e-09,metal1,metal1
75.23,131.6,6.444e-10,metal1,metal1
75.14,22.4,1.925e-06,metal1,metal1
75.1375,58.8,3.584e-09,metal1,metal1
75.32499999999999,120.4,5.776e-07,metal1,metal1
75.04499999999999,25.2,1.101e-08,metal1,metal1
75.1525,84.0,2.45e-09,metal1,metal1
75.1075,92.4,5.896e-08,metal1,metal1
75.12,25.2,1.931e-06,metal1,metal1
75.12,67.2,1.084e-06,metal1,metal1
75.12,106.4,8.286e-07,metal1,metal1
75.13499999999999,72.8,8.039e-08,metal1,metal1
75.13499999999999,114.8,2.73e-06,metal1,metal1
75.14500000000001,140.0,2.464e-08,metal1,metal1
75.15,89.6,1.651e-08,metal1,metal1
75.16,117.6,8.405e-07,metal1,metal1
75.17,86.8,5.922e-11,metal1,metal1
75.31,25.2,1.931e-06,metal1,metal1
75.515,67.2,1.084e-06,metal1,metal1
75.3125,106.4,8.286e-07,metal1,metal1
75.60249999999999,72.8,3.914e-06,metal1,metal1
75.7,114.8,2.73e-06,metal1,metal1
75.435,92.4,1.511e-11,metal1,metal1
75.2275,140.0,2.464e-08,metal1,metal1
75.25,89.6,1.651e-08,metal1,metal1
75.245,117.6,8.405e-07,metal1,metal1
75.35,86.8,5.922e-11,metal1,metal1
75.2975,134.4,1.749e-09,metal1,metal1
75.31,47.6,2.743e-06,metal1,metal1
75.31,61.6,6.938e-08,metal1,metal1
75.31,137.2,1.444e-07,metal1,metal1
75.31,140.0,5.268e-09,metal1,metal1
75.315,75.6,1.745e-08,metal1,metal1
75.325,36.4,1.422e-08,metal1,metal1
75.325,58.8,2.409e-06,metal1,metal1
75.33,22.4,7.205e-08,metal1,metal1
75.33,84.0,7.087e-09,metal1,metal1
75.33,112.0,2.159e-08,metal1,metal1
75.33,117.6,1.304e-08,metal1,metal1
75.35,50.4,2.216e-06,metal1,metal1
75.35,70.0,1.158e-07,metal1,metal1
75.35,89.6,7.336e-09,metal1,metal1
75.35,95.2,1.868e-06,metal1,metal1
75.69749999999999,47.6,2.743e-06,metal1,metal1
75.985,61.6,1.778e-06,metal1,metal1
75.7025,137.2,2.909e-06,metal1,metal1
75.47749999999999,140.0,5.268e-09,metal1,metal1
75.5175,75.6,4.792e-07,metal1,metal1
75.39,36.4,1.422e-08,metal1,metal1
75.50999999999999,58.8,2.409e-06,metal1,metal1
75.91,22.4,1.977e-06,metal1,metal1
75.5175,84.0,1.539e-10,metal1,metal1
75.5175,112.0,1.797e-09,metal1,metal1
75.5175,117.6,1.817e-09,metal1,metal1
75.6175,134.4,1.749e-09,metal1,metal1
75.4475,50.4,3.073e-07,metal1,metal1
75.73,70.0,1.664e-10,metal1,metal1
75.61250000000001,89.6,7.336e-09,metal1,metal1
75.5325,95.2,1.868e-06,metal1,metal1
75.48750000000001,36.4,5.414e-10,metal1,metal1
75.5275,126.0,7.541e-07,metal1,metal1
75.5275,142.8,9.975e-07,metal1,metal1
75.5,11.2,2.693e-06,metal1,metal1
75.475,25.112499999999997,1.931e-06,metal1,metal1
75.5,56.0,1.139e-06,metal1,metal1
75.505,106.4,3.266e-08,metal1,metal1
75.515,39.2,2.539e-06,metal1,metal1
75.515,103.6,1.486e-06,metal1,metal1
75.515,131.6,7.215e-07,metal1,metal1
75.52000000000001,16.8,5.04e-08,metal1,metal1
75.50999999999999,25.197499999999998,7.408e-10,metal1,metal1
75.52000000000001,28.0,7.758e-08,metal1,metal1
75.52000000000001,33.6,3.759e-08,metal1,metal1
75.53,86.8,2.659e-09,metal1,metal1
75.53999999999999,64.4,1.158e-06,metal1,metal1
75.53999999999999,123.2,5.578e-10,metal1,metal1
75.545,50.4,2.586e-07,metal1,metal1
75.60499999999999,11.2,2.693e-06,metal1,metal1
75.545,25.285,7.408e-10,metal1,metal1
76.16499999999999,56.0,1.139e-06,metal1,metal1
76.0875,106.4,9.403e-07,metal1,metal1
75.69749999999999,39.2,2.539e-06,metal1,metal1
75.89,103.6,4.533e-07,metal1,metal1
75.60499999999999,131.6,7.215e-07,metal1,metal1
75.70750000000001,16.8,4.182e-09,metal1,metal1
75.71000000000001,25.2,2.243e-06,metal1,metal1
75.805,28.0,2.134e-06,metal1,metal1
75.70750000000001,33.6,3.245e-09,metal1,metal1
75.605,36.4,5.414e-10,metal1,metal1
75.8925,86.8,2.659e-09,metal1,metal1
75.72,64.4,1.158e-06,metal1,metal1
75.64,123.2,5.578e-10,metal1,metal1
75.63749999999999,50.4,2.586e-07,metal1,metal1
75.8375,126.0,7.541e-07,metal1,metal1
75.815,142.8,9.975e-07,metal1,metal1
76.02000000000001,109.2,8.341e-07,metal1,metal1
75.67750000000001,140.0,2.179e-09,metal1,metal1
76.21875,98.0,1.867e-06,metal1,metal1
76.045,81.2,6.271e-07,metal1,metal1
75.69,36.4,1.553e-10,metal1,metal1
75.695,58.8,4.454e-08,metal1,metal1
75.695,120.4,1.068e-08,metal1,metal1
75.66749999999999,131.515,7.215e-07,metal1,metal1
75.6825,83.91499999999999,1.539e-10,metal1,metal1
75.705,112.0,1.207e-06,metal1,metal1
75.705,117.6,9.899e-07,metal1,metal1
75.71000000000001,11.2,1e-07,metal1,metal1
75.71000000000001,78.4,3.69e-08,metal1,metal1
75.7025,131.60000000000002,5.432e-11,metal1,metal1
75.715,95.2,2.27e-09,metal1,metal1
75.72,75.6,8.861e-09,metal1,metal1
75.72999999999999,50.4,1.761e-06,metal1,metal1
75.7175,83.9825,1.749e-06,metal1,metal1
75.72999999999999,92.4,7.655e-08,metal1,metal1
75.74000000000001,42.0,2.272e-12,metal1,metal1
75.74000000000001,123.2,5.014e-12,metal1,metal1
75.85249999999999,36.4,1.553e-10,metal1,metal1
75.8825,58.8,3.707e-09,metal1,metal1
75.8825,120.4,8.846e-10,metal1,metal1
75.73750000000001,131.685,5.432e-11,metal1,metal1
75.7525,84.0675,1.749e-06,metal1,metal1
75.79499999999999,112.0,1.207e-06,metal1,metal1
75.985,117.6,9.899e-07,metal1,metal1
75.995,11.2,2.724e-06,metal1,metal1
75.89750000000001,78.4,3.415e-09,metal1,metal1
75.89750000000001,131.6,1.674e-09,metal1,metal1
76.0575,140.0,2.179e-09,metal1,metal1
75.9025,95.2,2.27e-09,metal1,metal1
76.0025,75.6,6.488e-10,metal1,metal1
75.92,50.4,6.065e-09,metal1,metal1
75.815,84.0,1.749e-06,metal1,metal1
75.7825,92.4,7.655e-08,metal1,metal1
75.92,42.0,2.271e-12,metal1,metal1
75.92,123.2,5.01e-12,metal1,metal1
75.8675,92.4,7.272e-11,metal1,metal1
75.9075,89.6,1.994e-06,metal1,metal1
75.88,14.0,3.15e-06,metal1,metal1
75.88,39.2,3.392e-08,metal1,metal1
75.88,53.2,5.902e-06,metal1,metal1
75.88499999999999,112.0,6.187e-09,metal1,metal1
75.89500000000001,16.8,2.809e-06,metal1,metal1
75.89500000000001,33.6,2.181e-06,metal1,metal1
75.9,25.2,8.35e-08,metal1,metal1
75.9,64.4,1.797e-08,metal1,metal1
75.9,84.0,3.235e-08,metal1,metal1
75.905,134.4,1.265e-08,metal1,metal1
75.91,67.2,2.003e-08,metal1,metal1
75.92,30.8,2.115e-06,metal1,metal1
76.08000000000001,14.0,3.15e-06,metal1,metal1
76.26,39.2,9.361e-10,metal1,metal1
76.0725,53.2,5.902e-06,metal1,metal1
75.9925,112.0,6.187e-09,metal1,metal1
75.98500000000001,16.8,2.809e-06,metal1,metal1
76.36250000000001,33.6,2.181e-06,metal1,metal1
76.565,25.2,2.279e-06,metal1,metal1
76.0875,64.4,2.589e-09,metal1,metal1
76.0875,84.0,2.661e-09,metal1,metal1
76.14750000000001,92.4,7.272e-11,metal1,metal1
75.965,134.4,1.265e-08,metal1,metal1
76.1925,67.2,1.017e-09,metal1,metal1
76.1,30.8,2.115e-06,metal1,metal1
76.6625,89.6,1.994e-06,metal1,metal1
76.015,36.4,1.899e-09,metal1,metal1
76.0575,134.4,3.352e-09,metal1,metal1
76.07,44.8,4.794e-06,metal1,metal1
76.07,58.8,2.49e-06,metal1,metal1
76.07,72.8,3.936e-06,metal1,metal1
76.07,120.4,5.942e-07,metal1,metal1
76.07,142.8,1.069e-06,metal1,metal1
76.075,16.8,1.045e-07,metal1,metal1
76.44749999999999,36.4,9.974e-13,metal1,metal1
76.08500000000001,47.6,5.828e-08,metal1,metal1
76.08500000000001,78.4,2.298e-06,metal1,metal1
76.08500000000001,131.6,9.051e-07,metal1,metal1
76.09,28.0,3.941e-08,metal1,metal1
76.09,95.2,5.239e-10,metal1,metal1
76.095,137.2,2.862e-09,metal1,metal1
76.1,42.0,1.626e-09,metal1,metal1
76.1,112.0,4.348e-09,metal1,metal1
76.1,123.2,3.029e-09,metal1,metal1
76.11,50.4,2.454e-06,metal1,metal1
76.11,70.0,1.413e-07,metal1,metal1
76.11500000000001,126.0,2.387e-09,metal1,metal1
76.11500000000001,128.8,9.43e-09,metal1,metal1
76.4625,44.8,4.794e-06,metal1,metal1
76.5675,58.8,2.49e-06,metal1,metal1
76.565,72.8,3.842e-09,metal1,metal1
76.545,120.4,5.942e-07,metal1,metal1
76.355,142.8,1.069e-06,metal1,metal1
76.3675,16.8,2.852e-06,metal1,metal1
76.555,47.6,2.91e-06,metal1,metal1
76.48,78.4,2.298e-06,metal1,metal1
76.17500000000001,131.6,9.051e-07,metal1,metal1
76.27250000000001,28.0,3.261e-10,metal1,metal1
76.1525,95.2,5.239e-10,metal1,metal1
76.2475,134.4,3.352e-09,metal1,metal1
76.345,137.2,2.862e-09,metal1,metal1
76.4625,42.0,1.626e-09,metal1,metal1
76.18,112.0,4.348e-09,metal1,metal1
76.4625,123.2,3.029e-09,metal1,metal1
76.2875,50.4,1.861e-09,metal1,metal1
76.49,70.0,2.525e-10,metal1,metal1
76.2825,126.0,2.387e-09,metal1,metal1
76.39750000000001,128.8,6.231e-10,metal1,metal1
76.2475,95.2,2.668e-10,metal1,metal1
76.2875,86.8,4.058e-06,metal1,metal1
76.25999999999999,112.0,2.092e-08,metal1,metal1
76.265,19.6,8.445e-08,metal1,metal1
76.265,53.2,7.794e-09,metal1,metal1
76.2475,103.515,4.533e-07,metal1,metal1
76.265,114.8,1.018e-07,metal1,metal1
76.265,117.6,1.828e-08,metal1,metal1
76.235,131.66875,9.051e-07,metal1,metal1
76.275,64.4,1.421e-06,metal1,metal1
76.275,84.0,1.787e-06,metal1,metal1
76.27,131.64125,1.369e-10,metal1,metal1
76.28,11.2,5.037e-08,metal1,metal1
76.28,14.0,1.169e-07,metal1,metal1
76.28,30.8,8.059e-08,metal1,metal1
76.285,75.6,7.103e-07,metal1,metal1
76.2825,103.6175,3.742e-07,metal1,metal1
76.45,112.0,2.364e-11,metal1,metal1
76.3575,19.6,2.299e-06,metal1,metal1
76.455,53.2,7.794e-09,metal1,metal1
76.3175,103.7025,6.853e-07,metal1,metal1
76.455,114.8,2.781e-06,metal1,metal1
76.4525,117.6,7.533e-11,metal1,metal1
76.305,131.5725,1.369e-10,metal1,metal1
76.4725,64.4,1.421e-06,metal1,metal1
76.36500000000001,84.0,1.787e-06,metal1,metal1
76.55250000000001,131.6,1.309e-09,metal1,metal1
76.4675,11.2,4.179e-09,metal1,metal1
76.7475,14.0,3.179e-06,metal1,metal1
76.7475,30.8,2.25e-06,metal1,metal1
76.3725,95.2,2.668e-10,metal1,metal1
76.9375,75.6,7.103e-07,metal1,metal1
76.66999999999999,103.6,1.578e-06,metal1,metal1
76.75,86.8,4.058e-06,metal1,metal1
76.39500000000001,92.4,1.424e-12,metal1,metal1
76.4375,134.4,8.357e-09,metal1,metal1
76.4375,140.0,1.817e-12,metal1,metal1
76.45,19.6,2.491e-06,metal1,metal1
76.45,126.0,1.886e-09,metal1,metal1
76.42500000000001,28.085,3.261e-10,metal1,metal1
76.455,84.0,6.787e-08,metal1,metal1
76.455,100.8,3.447e-08,metal1,metal1
76.46000000000001,28.0,4.914e-10,metal1,metal1
76.4425,50.33125,1.861e-09,metal1,metal1
76.8275,92.4,6.36e-14,metal1,metal1
76.465,95.2,2.162e-08,metal1,metal1
76.47,109.2,3.239e-08,metal1,metal1
76.475,67.2,1.107e-06,metal1,metal1
76.49000000000001,22.4,2.015e-06,metal1,metal1
76.47749999999999,50.43375,4.389e-10,metal1,metal1
76.49000000000001,81.2,7.367e-07,metal1,metal1
77.02000000000001,19.6,2.491e-06,metal1,metal1
76.565,126.0,1.886e-09,metal1,metal1
76.495,27.915,4.914e-10,metal1,metal1
76.65,84.0,1.888e-06,metal1,metal1
76.7375,100.8,2.046e-09,metal1,metal1
76.5625,28.0,4.914e-10,metal1,metal1
76.5125,50.5025,4.389e-10,metal1,metal1
76.555,95.2,2.162e-08,metal1,metal1
77.03999999999999,109.2,9.201e-07,metal1,metal1
76.5275,134.4,8.357e-09,metal1,metal1
76.7175,140.0,1.817e-12,metal1,metal1
76.6625,67.2,1.107e-06,metal1,metal1
76.5675,22.4,2.015e-06,metal1,metal1
76.5675,50.4,4.389e-10,metal1,metal1
76.5675,81.2,7.367e-07,metal1,metal1
76.58500000000001,134.4,1.267e-10,metal1,metal1
76.595,137.1625,1.787e-08,metal1,metal1
76.64,39.2,2.855e-06,metal1,metal1
76.6175,111.91499999999999,2.364e-11,metal1,metal1
76.6075,117.685,7.532e-11,metal1,metal1
76.64,142.8,1.141e-06,metal1,metal1
76.64500000000001,22.4,7.565e-08,metal1,metal1
76.64500000000001,50.4,5.436e-12,metal1,metal1
76.64500000000001,53.2,5.575e-10,metal1,metal1
76.64500000000001,81.2,2.823e-08,metal1,metal1
76.64500000000001,95.2,1.025e-08,metal1,metal1
76.64500000000001,114.8,1.037e-07,metal1,metal1
76.6425,117.6,6.752e-11,metal1,metal1
76.655,11.2,2.807e-06,metal1,metal1
76.875,134.4,1.922e-09,metal1,metal1
76.66,16.8,1.779e-08,metal1,metal1
76.66,28.0,3.908e-08,metal1,metal1
76.66,61.6,3.289e-08,metal1,metal1
76.6525,112.0,1.25e-06,metal1,metal1
76.6625,137.23125,6.125e-13,metal1,metal1
76.67,64.4,2.627e-08,metal1,metal1
76.67,106.4,1.738e-08,metal1,metal1
76.68,126.0,4.187e-08,metal1,metal1
76.68,128.8,6.813e-07,metal1,metal1
76.945,39.2,2.855e-06,metal1,metal1
76.6875,112.08500000000001,1.25e-06,metal1,metal1
76.67750000000001,117.515,6.752e-11,metal1,metal1
76.925,142.8,1.141e-06,metal1,metal1
76.8425,22.4,1.064e-09,metal1,metal1
76.83250000000001,50.4,1.444e-10,metal1,metal1
76.73750000000001,53.2,2.372e-08,metal1,metal1
77.05125000000001,81.2,7.92e-07,metal1,metal1
76.81,95.2,1.025e-08,metal1,metal1
76.745,114.8,2.834e-06,metal1,metal1
76.83250000000001,117.6,2.624e-10,metal1,metal1
77.1325,11.2,2.807e-06,metal1,metal1
76.755,16.8,1.779e-08,metal1,metal1
76.745,28.0,9.953e-09,metal1,metal1
76.8475,61.6,2.75e-09,metal1,metal1
76.69749999999999,137.26875,6.124e-13,metal1,metal1
76.77000000000001,112.0,1.25e-06,metal1,metal1
76.91499999999999,137.2,6.124e-13,metal1,metal1
76.9525,64.4,1.324e-09,metal1,metal1
76.9525,106.4,9.239e-10,metal1,metal1
77.05000000000001,126.0,9.749e-07,metal1,metal1
77.595,128.8,6.813e-07,metal1,metal1
76.8575,42.0,2.481e-06,metal1,metal1
76.8575,123.2,4.622e-06,metal1,metal1
76.83,28.0,2.431e-06,metal1,metal1
76.83,33.6,3.572e-08,metal1,metal1
76.83,53.2,6.123e-06,metal1,metal1
76.83,56.0,5.092e-08,metal1,metal1
76.83,131.6,1.136e-06,metal1,metal1
76.845,84.0,2.463e-09,metal1,metal1
76.845,114.8,4.589e-08,metal1,metal1
76.85,16.8,5.331e-08,metal1,metal1
76.85,67.2,4.128e-08,metal1,metal1
76.85499999999999,44.8,1.456e-08,metal1,metal1
76.85499999999999,98.0,1.825e-09,metal1,metal1
76.87,70.0,2.487e-07,metal1,metal1
76.875,78.4,3.724e-08,metal1,metal1
76.875,112.0,2.026e-08,metal1,metal1
76.88,36.4,1.253e-10,metal1,metal1
77.03,28.0,2.431e-06,metal1,metal1
77.125,33.6,1.891e-09,metal1,metal1
76.9325,53.2,6.123e-06,metal1,metal1
77.2125,56.0,1.298e-06,metal1,metal1
77.1225,131.6,1.136e-06,metal1,metal1
77.035,84.0,2.463e-09,metal1,metal1
77.31,114.8,1.517e-09,metal1,metal1
77.0375,16.8,4.407e-09,metal1,metal1
77.23,67.2,1.129e-06,metal1,metal1
76.94749999999999,44.8,1.456e-08,metal1,metal1
77.10499999999999,98.0,1.825e-09,metal1,metal1
77.35249999999999,70.0,2.487e-07,metal1,metal1
77.1575,78.4,2.259e-09,metal1,metal1
77.1575,112.0,1.164e-09,metal1,metal1
77.06,36.4,1.253e-10,metal1,metal1
77.065,42.0,2.481e-06,metal1,metal1
77.5275,123.2,4.622e-06,metal1,metal1
76.965,140.0,2.663e-10,metal1,metal1
77.0075,95.2,6.499e-08,metal1,metal1
77.02000000000001,50.4,9.873e-08,metal1,metal1
77.02000000000001,100.8,2.234e-06,metal1,metal1
76.995,117.515,2.624e-10,metal1,metal1
77.02000000000001,120.4,1.742e-08,metal1,metal1
77.025,47.6,5.382e-08,metal1,metal1
77.035,53.2,8.458e-10,metal1,metal1
77.035,61.6,1.848e-06,metal1,metal1
77.28,140.0,1.353e-08,metal1,metal1
77.015,22.314999999999998,1.064e-09,metal1,metal1
77.03999999999999,44.8,2.702e-10,metal1,metal1
77.03999999999999,103.6,7.367e-09,metal1,metal1
77.03,117.6,1.768e-10,metal1,metal1
77.05000000000001,22.4175,6.368e-10,metal1,metal1
77.06,72.8,1.101e-08,metal1,metal1
77.4925,58.8,2.49e-06,metal1,metal1
77.20750000000001,50.4,1.07e-09,metal1,metal1
77.5975,100.8,2.234e-06,metal1,metal1
77.065,117.685,1.768e-10,metal1,metal1
77.21000000000001,120.4,9.485e-10,metal1,metal1
77.2125,47.6,4.449e-09,metal1,metal1
77.22,53.2,8.458e-10,metal1,metal1
77.3125,61.6,6.837e-10,metal1,metal1
77.08500000000001,22.502499999999998,6.368e-10,metal1,metal1
77.19749999999999,44.8,7.413e-11,metal1,metal1
77.125,95.2,2.413e-10,metal1,metal1
77.13499999999999,103.6,7.367e-09,metal1,metal1
77.22749999999999,117.6,1.528e-09,metal1,metal1
77.63,22.4,2.165e-06,metal1,metal1
77.25,72.8,1.101e-08,metal1,metal1
77.19749999999999,134.4,5.011e-09,metal1,metal1
77.19749999999999,137.2,2.562e-08,metal1,metal1
77.53999999999999,86.8,4.058e-06,metal1,metal1
77.21000000000001,95.2,1.057e-08,metal1,metal1
77.21000000000001,142.8,1.212e-06,metal1,metal1
77.215,14.0,1.181e-07,metal1,metal1
77.215,30.8,1.225e-08,metal1,metal1
77.225,16.8,2.96e-06,metal1,metal1
77.225,84.0,5.787e-11,metal1,metal1
77.22999999999999,25.2,8.633e-08,metal1,metal1
77.22999999999999,28.0,9.029e-08,metal1,metal1
77.22999999999999,103.6,2.391e-11,metal1,metal1
77.235,64.4,1.442e-06,metal1,metal1
77.235,106.4,1.007e-06,metal1,metal1
77.24000000000001,36.4,8.968e-08,metal1,metal1
77.24000000000001,42.0,4.583e-08,metal1,metal1
77.25,39.2,4.623e-08,metal1,metal1
77.25999999999999,92.4,1.146e-10,metal1,metal1
77.3725,95.2,1.057e-08,metal1,metal1
77.495,142.8,1.212e-06,metal1,metal1
77.6875,14.0,3.217e-06,metal1,metal1
77.3175,30.8,1.225e-08,metal1,metal1
77.505,16.8,4.291e-08,metal1,metal1
77.51,84.0,1.814e-09,metal1,metal1
77.69749999999999,25.2,2.396e-06,metal1,metal1
77.81,28.0,2.459e-06,metal1,metal1
77.32249999999999,103.6,2.391e-11,metal1,metal1
77.34,134.4,5.011e-09,metal1,metal1
77.29249999999999,137.2,2.562e-08,metal1,metal1
77.32,64.4,1.442e-06,metal1,metal1
77.3175,106.4,1.007e-06,metal1,metal1
77.51,36.4,8.968e-08,metal1,metal1
77.5125,42.0,6.094e-10,metal1,metal1
77.435,39.2,5.518e-10,metal1,metal1
77.44,92.4,1.146e-10,metal1,metal1
77.35,44.8375,7.413e-11,metal1,metal1
77.38749999999999,98.0,1.17e-12,metal1,metal1
77.38749999999999,137.2,2.934e-12,metal1,metal1
78.0375,89.6,1.994e-06,metal1,metal1
77.3725,50.33125,1.07e-09,metal1,metal1
77.4,47.6,2.989e-06,metal1,metal1
77.375,106.2975,1.007e-06,metal1,metal1
77.4,120.4,6.418e-07,metal1,metal1
77.375,53.115,8.458e-10,metal1,metal1
77.405,64.4,2.667e-08,metal1,metal1
77.41499999999999,44.875,1.102e-11,metal1,metal1
77.41,53.165,6.016e-13,metal1,metal1
77.41499999999999,103.6,7.466e-09,metal1,metal1
77.41499999999999,117.6,1.045e-06,metal1,metal1
77.3825,131.64999999999998,1.136e-06,metal1,metal1
77.42,30.8,3.928e-08,metal1,metal1
77.42,33.6,4.705e-10,metal1,metal1
77.4075,50.416250000000005,5.546e-10,metal1,metal1
77.41,106.3825,1.858e-10,metal1,metal1
77.42,126.0,3.659e-08,metal1,metal1
77.4175,131.565,1.378e-12,metal1,metal1
77.44,72.8,4.182e-06,metal1,metal1
77.44,78.4,2.467e-06,metal1,metal1
77.44,112.0,1.27e-06,metal1,metal1
77.45,134.4,4.149e-09,metal1,metal1
77.79375,81.2,7.92e-07,metal1,metal1
77.4425,50.485,5.546e-10,metal1,metal1
77.705,47.6,5.056e-09,metal1,metal1
77.445,106.485,1.858e-10,metal1,metal1
77.5925,120.4,6.418e-07,metal1,metal1
77.445,53.25,6.018e-13,metal1,metal1
77.5925,64.4,2.314e-09,metal1,metal1
77.4525,44.8375,1.102e-11,metal1,metal1
77.7,53.2,5.786e-09,metal1,metal1
77.50999999999999,103.6,7.466e-09,metal1,metal1
77.5025,117.6,1.045e-06,metal1,metal1
77.4525,131.515,1.378e-12,metal1,metal1
77.505,30.8,9.926e-09,metal1,metal1
77.505,33.6,4.705e-10,metal1,metal1
77.7675,44.8,1.102e-11,metal1,metal1
77.6075,50.4,4.321e-09,metal1,metal1
77.7675,98.0,1.17e-12,metal1,metal1
77.9925,106.4,1.254e-06,metal1,metal1
78.06125,126.0,1.006e-06,metal1,metal1
77.6075,131.6,1.725e-09,metal1,metal1
77.66749999999999,137.2,2.936e-12,metal1,metal1
77.63,72.8,1.216e-08,metal1,metal1
77.62,78.4,2.467e-06,metal1,metal1
77.6125,112.0,1.27e-06,metal1,metal1
77.5875,134.4,4.149e-09,metal1,metal1
77.535,95.2,2.08e-10,metal1,metal1
77.59,19.6,8.36e-09,metal1,metal1
77.59,30.8,2.396e-06,metal1,metal1
77.59,33.6,2.423e-06,metal1,metal1
77.5625,61.6875,6.837e-10,metal1,metal1
77.59,75.6,4.277e-10,metal1,metal1
77.565,117.53125,1.045e-06,metal1,metal1
77.595,56.0,2.401e-08,metal1,metal1
77.595,140.0,5.95e-10,metal1,metal1
77.5975,61.66,1.369e-09,metal1,metal1
77.9675,95.2,1.183e-13,metal1,metal1
77.60499999999999,103.6,1.61e-06,metal1,metal1
77.61,11.2,5.191e-08,metal1,metal1
77.61,67.2,4.204e-08,metal1,metal1
77.61,109.2,3.028e-09,metal1,metal1
77.6,117.61625000000001,9.382e-11,metal1,metal1
77.59,39.285,5.518e-10,metal1,metal1
77.62,92.4,8.205e-08,metal1,metal1
77.625,39.2,9.089e-10,metal1,metal1
77.695,19.6,8.36e-09,metal1,metal1
78.275,30.8,2.396e-06,metal1,metal1
77.7825,33.6,2.423e-06,metal1,metal1
77.6325,61.572500000000005,1.369e-09,metal1,metal1
77.78,75.6,4.277e-10,metal1,metal1
77.63499999999999,117.685,9.382e-11,metal1,metal1
77.7825,56.0,2.176e-09,metal1,metal1
77.7125,140.0,4.575e-08,metal1,metal1
77.7975,61.6,2.16e-06,metal1,metal1
77.715,103.6,1.61e-06,metal1,metal1
77.7975,11.2,4.394e-09,metal1,metal1
78.07499999999999,67.2,1.148e-06,metal1,metal1
77.695,109.2,3.028e-09,metal1,metal1
77.78999999999999,117.6,1.174e-10,metal1,metal1
77.66,39.115,9.089e-10,metal1,metal1
77.7,92.4,3.6e-10,metal1,metal1
77.9075,39.2,3.6e-09,metal1,metal1
77.725,134.4,1.307e-08,metal1,metal1
77.775,114.8,2.873e-06,metal1,metal1
77.78,36.4,3.354e-07,metal1,metal1
77.78,64.4,1.556e-06,metal1,metal1
77.78,92.4,8.907e-09,metal1,metal1
77.78,109.2,9.211e-10,metal1,metal1
77.78,142.8,1.281e-06,metal1,metal1
77.785,16.8,2.036e-09,metal1,metal1
77.75999999999999,42.085,6.094e-10,metal1,metal1
77.785,112.0,2.35e-08,metal1,metal1
77.785,120.4,7.693e-10,metal1,metal1
77.795,50.4,2.954e-06,metal1,metal1
77.795,84.0,2.031e-06,metal1,metal1
77.795,131.6,3.984e-11,metal1,metal1
77.76750000000001,134.4,1.307e-08,metal1,metal1
77.8,19.6,4.746e-09,metal1,metal1
77.7775,78.485,2.467e-06,metal1,metal1
77.79499999999999,42.0,9.103e-10,metal1,metal1
77.81,134.4,2.4e-12,metal1,metal1
77.82,72.8,4.27e-06,metal1,metal1
77.8125,78.33375,1.756e-11,metal1,metal1
77.825,103.6,2.609e-08,metal1,metal1
77.83,140.0,6.776e-11,metal1,metal1
78.2475,70.0,2.487e-07,metal1,metal1
78.445,114.8,2.873e-06,metal1,metal1
77.8725,36.4,3.354e-07,metal1,metal1
78.07499999999999,64.4,1.556e-06,metal1,metal1
77.97999999999999,92.4,8.907e-09,metal1,metal1
78.07249999999999,109.2,1.021e-09,metal1,metal1
78.16,142.8,1.281e-06,metal1,metal1
77.8975,16.8,1.532e-07,metal1,metal1
77.83,41.915,9.103e-10,metal1,metal1
77.9725,112.0,2.072e-09,metal1,metal1
77.9725,120.4,7.693e-10,metal1,metal1
77.88499999999999,50.4,2.954e-06,metal1,metal1
77.985,84.0,2.031e-06,metal1,metal1
78.08,131.6,1.219e-09,metal1,metal1
77.88499999999999,19.6,4.746e-09,metal1,metal1
77.8475,78.24875,1.756e-11,metal1,metal1
77.89,42.0,2.723e-06,metal1,metal1
78.1725,134.4,2.402e-12,metal1,metal1
77.99000000000001,72.8,4.27e-06,metal1,metal1
78.11,78.4,1.185e-07,metal1,metal1
78.1075,103.6,1.572e-09,metal1,metal1
78.00999999999999,140.0,6.776e-11,metal1,metal1
77.88499999999999,137.10625,2.936e-12,metal1,metal1
77.92,137.19125,1.613e-09,metal1,metal1
77.9975,36.4,4.038e-06,metal1,metal1
77.97,19.6,2.618e-06,metal1,metal1
77.97,56.0,1.464e-06,metal1,metal1
77.97,75.6,2.273e-09,metal1,metal1
77.97,86.8,1.706e-07,metal1,metal1
77.9425,117.52125,1.174e-10,metal1,metal1
77.975,33.6,4.48e-08,metal1,metal1
77.975,42.0,2.219e-08,metal1,metal1
77.975,50.4,1.101e-07,metal1,metal1
77.985,11.2,2.953e-06,metal1,metal1
77.985,53.2,6.446e-06,metal1,metal1
77.97749999999999,117.60624999999999,1.089e-06,metal1,metal1
77.98750000000001,137.285,2.016e-09,metal1,metal1
77.99000000000001,58.8,4.605e-08,metal1,metal1
77.99000000000001,61.6,3.995e-08,metal1,metal1
78.00999999999999,16.8,3.334e-06,metal1,metal1
78.00999999999999,47.6,3.125e-06,metal1,metal1
78.1825,19.6,2.618e-06,metal1,metal1
78.655,56.0,1.464e-06,metal1,metal1
78.16,75.6,2.273e-09,metal1,metal1
78.56875,86.8,4.106e-06,metal1,metal1
78.01249999999999,117.685,1.089e-06,metal1,metal1
78.1625,33.6,3.666e-09,metal1,metal1
78.0775,42.0,2.219e-08,metal1,metal1
78.355,50.4,9.348e-07,metal1,metal1
78.07499999999999,11.2,2.953e-06,metal1,metal1
78.57,53.2,6.446e-06,metal1,metal1
78.1825,117.6,1.089e-06,metal1,metal1
78.17750000000001,58.8,3.735e-09,metal1,metal1
78.17750000000001,61.6,3.54e-09,metal1,metal1
78.23750000000001,137.2,2.016e-09,metal1,metal1
78.56,16.8,3.334e-06,metal1,metal1
78.19,47.6,9.477e-09,metal1,metal1
78.19999999999999,36.4,4.038e-06,metal1,metal1
78.10499999999999,44.885,1.102e-11,metal1,metal1
78.14750000000001,98.0,0.0,metal1,metal1
78.16,14.0,3.359e-06,metal1,metal1
78.16,72.8,4.607e-06,metal1,metal1
78.16,112.0,1.393e-06,metal1,metal1
78.16,120.4,1.913e-10,metal1,metal1
78.16499999999999,11.2,1.099e-07,metal1,metal1
78.16499999999999,25.2,1.32e-08,metal1,metal1
78.16499999999999,44.97,3.87e-11,metal1,metal1
78.16499999999999,123.2,6.281e-09,metal1,metal1
78.175,84.0,4.344e-08,metal1,metal1
78.175,100.8,4.646e-08,metal1,metal1
78.18,42.0,9.671e-08,metal1,metal1
78.18,92.4,3.616e-10,metal1,metal1
78.185,39.2,3.36e-08,metal1,metal1
78.19,140.0,2.755e-09,metal1,metal1
78.2,22.4,1.024e-06,metal1,metal1
78.2,81.2,9.269e-07,metal1,metal1
78.255,14.0,3.359e-06,metal1,metal1
78.445,72.8,8.506e-09,metal1,metal1
78.5575,112.0,1.393e-06,metal1,metal1
78.255,120.4,1.913e-10,metal1,metal1
78.89875,11.2,2.997e-06,metal1,metal1
78.2675,25.2,1.32e-08,metal1,metal1
78.20750000000001,44.885,3.87e-11,metal1,metal1
78.35249999999999,123.2,6.281e-09,metal1,metal1
78.75874999999999,84.0,2.184e-06,metal1,metal1
78.7375,100.8,2.273e-06,metal1,metal1
78.265,42.0,1.132e-08,metal1,metal1
78.42750000000001,44.8,3.538e-10,metal1,metal1
78.2625,92.4,3.616e-10,metal1,metal1
78.42750000000001,98.0,1.169e-15,metal1,metal1
78.2875,39.2,3.36e-08,metal1,metal1
78.5525,140.0,2.755e-09,metal1,metal1
78.2775,22.4,1.024e-06,metal1,metal1
78.285,81.2,9.269e-07,metal1,metal1
78.3775,92.4,2.15e-06,metal1,metal1
78.35,14.0,3.529e-06,metal1,metal1
78.35,33.6,2.462e-06,metal1,metal1
78.35,42.0,1.533e-08,metal1,metal1
78.35,75.6,1.306e-06,metal1,metal1
78.35,120.4,2.001e-08,metal1,metal1
78.3375,22.314999999999998,1.024e-06,metal1,metal1
78.36500000000001,58.8,2.508e-06,metal1,metal1
78.36500000000001,61.6,2.381e-06,metal1,metal1
78.36500000000001,109.2,1.136e-06,metal1,metal1
78.36500000000001,131.6,1.365e-06,metal1,metal1
78.37,25.2,2.597e-09,metal1,metal1
78.37,36.4,1.502e-07,metal1,metal1
78.37,47.6,5.702e-10,metal1,metal1
78.37,64.4,5.897e-08,metal1,metal1
78.37,81.2,2.721e-08,metal1,metal1
78.38,117.6,2.013e-08,metal1,metal1
78.3725,22.4175,5.229e-07,metal1,metal1
78.39,28.0,2.517e-06,metal1,metal1
78.39,39.2,4.079e-06,metal1,metal1
78.39,103.6,1.717e-06,metal1,metal1
78.39500000000001,19.6,7.746e-09,metal1,metal1
78.39500000000001,78.4,3.986e-07,metal1,metal1
78.4,95.2,2.61e-12,metal1,metal1
78.8275,14.0,3.529e-06,metal1,metal1
78.93,33.6,2.462e-06,metal1,metal1
78.4525,42.0,1.533e-08,metal1,metal1
78.8475,75.6,1.306e-06,metal1,metal1
78.5425,120.4,9.022e-07,metal1,metal1
78.4075,22.502499999999998,9.581e-07,metal1,metal1
78.8075,58.8,2.508e-06,metal1,metal1
78.55000000000001,61.6,2.381e-06,metal1,metal1
79.0425,109.2,1.136e-06,metal1,metal1
78.8525,131.6,1.405e-09,metal1,metal1
78.64750000000001,25.2,2.55e-06,metal1,metal1
78.655,36.4,4.095e-06,metal1,metal1
78.475,47.6,5.702e-10,metal1,metal1
78.64750000000001,64.4,1.638e-06,metal1,metal1
78.5575,81.2,1.395e-10,metal1,metal1
78.6625,117.6,1.11e-09,metal1,metal1
78.4675,22.4,2.67e-06,metal1,metal1
78.475,28.0,2.517e-06,metal1,metal1
78.765,39.2,4.079e-06,metal1,metal1
78.66749999999999,103.6,1.717e-06,metal1,metal1
78.565,19.6,7.746e-09,metal1,metal1
78.48750000000001,78.4,3.986e-07,metal1,metal1
78.58,95.2,2.61e-12,metal1,metal1
79.55375,92.4,2.15e-06,metal1,metal1
78.485,137.2,2.452e-10,metal1,metal1
79.35499999999999,128.8,6.813e-07,metal1,metal1
78.5275,134.485,2.402e-12,metal1,metal1
78.53999999999999,67.2,1.171e-06,metal1,metal1
78.53999999999999,123.2,6.542e-10,metal1,metal1
78.53999999999999,142.8,1.35e-06,metal1,metal1
78.545,22.4,9.925e-08,metal1,metal1
78.555,42.0,2.806e-06,metal1,metal1
78.6325,137.2,1.447e-08,metal1,metal1
78.56,28.0,4.649e-08,metal1,metal1
78.565,106.4,1.229e-09,metal1,metal1
78.58,47.6,3.436e-06,metal1,metal1
78.58,78.4,2.085e-06,metal1,metal1
78.59,134.57,1.059e-10,metal1,metal1
79.03,67.2,1.171e-06,metal1,metal1
78.64500000000001,123.2,2.915e-08,metal1,metal1
79.0175,142.8,1.35e-06,metal1,metal1
79.0175,22.4,2.705e-06,metal1,metal1
78.6525,42.0,2.806e-06,metal1,metal1
78.93,28.0,4.397e-10,metal1,metal1
78.815,106.4,1.229e-09,metal1,metal1
78.75999999999999,47.6,3.436e-06,metal1,metal1
78.9625,78.4,8.24e-08,metal1,metal1
78.63,134.485,1.059e-10,metal1,metal1
78.7625,134.4,1.059e-10,metal1,metal1
78.675,44.8,3.732e-10,metal1,metal1
78.675,98.0,4.549e-15,metal1,metal1
79.27375,126.0,1.006e-06,metal1,metal1
78.72999999999999,70.0,3.924e-07,metal1,metal1
78.72999999999999,72.8,4.916e-06,metal1,metal1
78.735,19.6,6.01e-09,metal1,metal1
78.7175,50.485,9.348e-07,metal1,metal1
78.735,61.6,4.403e-08,metal1,metal1
78.735,120.4,1.462e-08,metal1,metal1
78.805,44.8,1.932e-08,metal1,metal1
78.745,81.2,4.242e-07,metal1,metal1
79.10749999999999,98.0,1.499e-15,metal1,metal1
78.75,42.0,4.348e-08,metal1,metal1
78.75,123.2,1.643e-08,metal1,metal1
78.75999999999999,89.6,3.688e-08,metal1,metal1
78.75999999999999,95.2,1.869e-09,metal1,metal1
78.7525,50.3825,7.768e-07,metal1,metal1
78.78,137.2,7.029e-12,metal1,metal1
78.93,70.0,3.924e-07,metal1,metal1
78.94,72.8,1.263e-08,metal1,metal1
78.8475,19.6,6.01e-09,metal1,metal1
78.7875,50.2975,1.421e-06,metal1,metal1
78.9225,61.6,3.712e-09,metal1,metal1
79.0175,120.4,9.565e-10,metal1,metal1
78.83500000000001,81.2,4.242e-07,metal1,metal1
78.9375,42.0,2.184e-09,metal1,metal1
78.83500000000001,123.2,1.643e-08,metal1,metal1
78.945,89.6,3.029e-09,metal1,metal1
79.1225,95.2,1.869e-09,metal1,metal1
78.94,50.4,7.584e-09,metal1,metal1
78.96000000000001,137.2,7.025e-12,metal1,metal1
78.94749999999999,140.0,4.204e-06,metal1,metal1
78.92,123.2,2.604e-08,metal1,metal1
78.925,25.2,9.596e-08,metal1,metal1
78.925,64.4,6.122e-08,metal1,metal1
78.9075,81.285,4.242e-07,metal1,metal1
78.9025,134.485,1.059e-10,metal1,metal1
78.935,44.8,6.446e-09,metal1,metal1
78.94,36.4,7.574e-08,metal1,metal1
78.94,47.6,2.419e-08,metal1,metal1
78.945,103.6,5.811e-08,metal1,metal1
78.945,117.6,1.211e-06,metal1,metal1
78.9375,134.41625,1.615e-11,metal1,metal1
79.2825,112.0,1.393e-06,metal1,metal1
78.96000000000001,19.6,1.26e-07,metal1,metal1
78.96000000000001,30.8,2.63e-06,metal1,metal1
78.9425,81.1825,2.23e-07,metal1,metal1
79.02250000000001,123.2,2.604e-08,metal1,metal1
79.115,25.2,2.646e-06,metal1,metal1
79.3175,64.4,1.677e-06,metal1,metal1
78.97749999999999,81.0975,4.081e-07,metal1,metal1
78.9725,134.33125,1.615e-11,metal1,metal1
79.2375,44.8,6.446e-09,metal1,metal1
79.1275,36.4,6.191e-09,metal1,metal1
79.0275,47.6,2.419e-08,metal1,metal1
79.195,103.6,5.401e-09,metal1,metal1
79.41,117.6,1.211e-06,metal1,metal1
79.3125,134.4,2.191e-09,metal1,metal1
79.225,19.6,2.719e-06,metal1,metal1
79.235,30.8,2.63e-06,metal1,metal1
79.13,81.2,2.473e-09,metal1,metal1
79.60125,140.0,4.204e-06,metal1,metal1
79.0975,106.4,3.258e-09,metal1,metal1
79.11,16.8,3.48e-06,metal1,metal1
79.11,50.4,3.171e-06,metal1,metal1
79.11,61.6,2.494e-06,metal1,metal1
79.11500000000001,47.6,8.934e-08,metal1,metal1
79.11500000000001,114.8,1.069e-07,metal1,metal1
79.125,42.0,2.939e-06,metal1,metal1
79.125,123.2,4.665e-06,metal1,metal1
79.13,70.0,1.877e-09,metal1,metal1
79.13,89.6,7.647e-11,metal1,metal1
79.14,5.6,4.2e-08,metal1,metal1
79.14,39.2,1.521e-07,metal1,metal1
79.14,137.2,1.95e-08,metal1,metal1
79.15,72.8,4.993e-06,metal1,metal1
79.67,53.2,6.446e-06,metal1,metal1
79.69624999999999,86.8,4.106e-06,metal1,metal1
79.395,16.8,3.48e-06,metal1,metal1
79.31,50.4,3.171e-06,metal1,metal1
79.3025,61.6,2.494e-06,metal1,metal1
79.4075,47.6,3.721e-06,metal1,metal1
79.84875,114.8,2.915e-06,metal1,metal1
79.3075,42.0,2.939e-06,metal1,metal1
79.4025,123.2,1.716e-09,metal1,metal1
79.225,70.0,1.877e-09,metal1,metal1
79.2275,89.6,7.647e-11,metal1,metal1
79.2275,106.4,3.258e-09,metal1,metal1
79.4225,5.6,2.138e-09,metal1,metal1
79.4225,39.2,3.615e-09,metal1,metal1
79.245,137.2,1.95e-08,metal1,metal1
79.4375,72.8,4.993e-06,metal1,metal1
79.6225,58.8,2.508e-06,metal1,metal1
79.27250000000001,28.0875,4.397e-10,metal1,metal1
79.3,81.2,1.089e-06,metal1,metal1
79.3,100.8,2.294e-06,metal1,metal1
79.3,120.4,1.046e-06,metal1,metal1
79.305,14.0,1.21e-08,metal1,metal1
79.305,25.2,9.918e-08,metal1,metal1
79.3075,28.002499999999998,3.016e-06,metal1,metal1
79.315,36.4,4.157e-06,metal1,metal1
79.32,70.0,6.373e-12,metal1,metal1
79.325,89.6,2.045e-06,metal1,metal1
79.325,106.4,7.007e-10,metal1,metal1
79.34,56.0,1.576e-06,metal1,metal1
79.34,131.6,1.48e-06,metal1,metal1
79.85625,84.0,2.184e-06,metal1,metal1
79.345,75.6,2.093e-08,metal1,metal1
79.345,78.4,4.563e-07,metal1,metal1
79.35,137.2,1.328e-11,metal1,metal1
79.3425,27.915,3.016e-06,metal1,metal1
79.585,81.2,1.089e-06,metal1,metal1
79.41499999999999,100.8,2.294e-06,metal1,metal1
79.60749999999999,120.4,1.046e-06,metal1,metal1
79.39750000000001,14.0,1.21e-08,metal1,metal1
79.4,25.2,2.725e-06,metal1,metal1
79.69749999999999,28.0,3.016e-06,metal1,metal1
79.80375,36.4,4.157e-06,metal1,metal1
79.4125,70.0,6.372e-12,metal1,metal1
79.6925,89.6,2.762e-09,metal1,metal1
79.575,106.4,7.007e-10,metal1,metal1
79.4375,56.0,1.576e-06,metal1,metal1
79.72749999999999,131.6,1.48e-06,metal1,metal1
79.7225,75.6,1.297e-09,metal1,metal1
79.4375,78.4,4.563e-07,metal1,metal1
79.53,137.2,1.328e-11,metal1,metal1
79.4525,103.5625,5.158e-08,metal1,metal1
79.5175,95.2,2.851e-06,metal1,metal1
79.49000000000001,14.0,1.399e-07,metal1,metal1
79.49000000000001,19.6,2.886e-06,metal1,metal1
79.49000000000001,22.4,2.928e-06,metal1,metal1
79.49000000000001,42.0,2.436e-08,metal1,metal1
79.495,25.2,6.981e-08,metal1,metal1
79.495,61.6,9.237e-08,metal1,metal1
79.495,142.8,1.893e-09,metal1,metal1
79.505,70.0,2.076e-09,metal1,metal1
79.50999999999999,30.8,9.942e-08,metal1,metal1
79.50999999999999,33.6,4.553e-08,metal1,metal1
79.50999999999999,50.4,5.86e-08,metal1,metal1
79.52000000000001,67.2,2.165e-08,metal1,metal1
79.53,78.4,3.226e-06,metal1,metal1
79.53,100.8,3.569e-08,metal1,metal1
79.52000000000001,103.665,2.365e-09,metal1,metal1
79.535,56.0,3.421e-09,metal1,metal1
79.53999999999999,44.8,1.218e-07,metal1,metal1
79.53999999999999,98.0,2.519e-12,metal1,metal1
79.58500000000001,14.0,1.45e-08,metal1,metal1
80.08000000000001,19.6,2.886e-06,metal1,metal1
79.6825,22.4,2.928e-06,metal1,metal1
79.5875,42.0,2.436e-08,metal1,metal1
79.5975,25.2,2.958e-06,metal1,metal1
79.6925,61.6,2.509e-06,metal1,metal1
79.6825,142.8,1.893e-09,metal1,metal1
79.6,70.0,2.076e-09,metal1,metal1
79.795,30.8,2.754e-06,metal1,metal1
79.69749999999999,33.6,3.736e-09,metal1,metal1
79.8875,50.4,2.171e-09,metal1,metal1
79.555,103.7025,2.365e-09,metal1,metal1
79.80250000000001,67.2,1.14e-09,metal1,metal1
79.995,78.4,3.226e-06,metal1,metal1
79.69999999999999,100.8,8.971e-08,metal1,metal1
79.6075,103.6,2.365e-09,metal1,metal1
79.7125,56.0,3.421e-09,metal1,metal1
79.7025,44.8,5.764e-11,metal1,metal1
79.72,98.0,2.516e-12,metal1,metal1
80.08,95.2,2.851e-06,metal1,metal1
80.29625,11.2,2.997e-06,metal1,metal1
79.70750000000001,134.4,3.056e-06,metal1,metal1
79.68,14.0,3.779e-06,metal1,metal1
79.68,16.8,1.468e-07,metal1,metal1
79.68,112.0,1.414e-06,metal1,metal1
79.6525,123.2875,1.716e-09,metal1,metal1
79.685,42.0,1.601e-08,metal1,metal1
79.685,103.6,3.22e-10,metal1,metal1
79.695,70.0,4.567e-07,metal1,metal1
79.6875,123.2375,9.372e-10,metal1,metal1
79.7,25.2,1.1e-07,metal1,metal1
79.7,47.6,6.881e-08,metal1,metal1
79.705,5.6,2.328e-06,metal1,metal1
79.705,39.2,1.829e-09,metal1,metal1
79.71000000000001,64.4,3.1e-08,metal1,metal1
79.71000000000001,137.2,2.901e-08,metal1,metal1
79.72,109.2,1.261e-06,metal1,metal1
79.725,72.8,8.09e-08,metal1,metal1
79.78999999999999,14.0,3.779e-06,metal1,metal1
80.2525,16.8,3.546e-06,metal1,metal1
79.98,112.0,1.414e-06,metal1,metal1
79.7225,123.15,9.372e-10,metal1,metal1
79.7775,42.0,1.601e-08,metal1,metal1
79.945,103.6,1.98e-08,metal1,metal1
79.7825,70.0,4.567e-07,metal1,metal1
79.885,123.2,9.372e-10,metal1,metal1
79.985,25.2,2.998e-06,metal1,metal1
79.8875,47.6,5.648e-09,metal1,metal1
83.44,5.6,2.328e-06,metal1,metal1
79.8025,39.2,1.829e-09,metal1,metal1
79.9925,64.4,1.634e-09,metal1,metal1
79.7875,137.2,2.901e-08,metal1,metal1
79.7975,109.2,1.261e-06,metal1,metal1
80.0075,72.8,4.656e-09,metal1,metal1
80.30000000000001,134.4,2.616e-09,metal1,metal1
79.8575,106.4,6.992e-10,metal1,metal1
79.8475,44.73125,5.764e-11,metal1,metal1
79.89750000000001,137.2,3.654e-09,metal1,metal1
79.87,42.0,3.153e-08,metal1,metal1
79.85749999999999,69.9125,7.256e-10,metal1,metal1
79.87,81.2,1.612e-06,metal1,metal1
79.85499999999999,100.88749999999999,4.6e-11,metal1,metal1
79.87,142.8,3.126e-08,metal1,metal1
79.875,22.4,1.105e-07,metal1,metal1
79.875,109.2,4.68e-08,metal1,metal1
79.8475,117.515,1.211e-06,metal1,metal1
79.88499999999999,33.6,2.509e-06,metal1,metal1
79.89,56.0,1.709e-11,metal1,metal1
79.89,61.6,4.639e-08,metal1,metal1
79.8825,117.6,3.926e-11,metal1,metal1
79.9,14.0,6.984e-08,metal1,metal1
79.87,39.115,1.829e-09,metal1,metal1
79.8825,44.8,2.761e-09,metal1,metal1
79.9,98.0,1.801e-09,metal1,metal1
79.905,39.2175,4.072e-10,metal1,metal1
79.89,100.8025,1.314e-08,metal1,metal1
79.8925,69.98125,6.17e-07,metal1,metal1
79.91499999999999,120.4,3.297e-09,metal1,metal1
79.91499999999999,126.0,1.631e-08,metal1,metal1
79.9175,44.86875,2.077e-09,metal1,metal1
79.965,42.0,3.153e-08,metal1,metal1
79.92750000000001,70.06875,6.85e-10,metal1,metal1
79.9725,81.2,1.612e-06,metal1,metal1
79.925,100.715,3.092e-06,metal1,metal1
80.36875,142.8,1.494e-06,metal1,metal1
80.07,22.4,3.057e-06,metal1,metal1
80.0775,109.2,1.274e-06,metal1,metal1
79.91749999999999,117.685,3.926e-11,metal1,metal1
79.9825,33.6,2.509e-06,metal1,metal1
79.995,56.0,1.709e-11,metal1,metal1
80.0775,61.6,3.761e-09,metal1,metal1
80.13749999999999,106.4,6.992e-10,metal1,metal1
80.07,117.6,6.946e-11,metal1,metal1
80.1825,14.0,3.524e-09,metal1,metal1
79.94,39.3025,4.072e-10,metal1,metal1
80.2625,44.8,2.077e-09,metal1,metal1
80.2625,98.0,1.801e-09,metal1,metal1
79.995,39.2,4.072e-10,metal1,metal1
80.175,100.8,3.092e-06,metal1,metal1
80.105,70.0,6.85e-10,metal1,metal1
80.08500000000001,120.4,3.297e-09,metal1,metal1
80.19749999999999,126.0,1.02e-09,metal1,metal1
80.1825,137.2,3.654e-09,metal1,metal1
80.06,42.0,6.931e-08,metal1,metal1
80.06,89.6,2.066e-06,metal1,metal1
80.065,58.8,9.306e-08,metal1,metal1
80.075,47.6,3.793e-06,metal1,metal1
80.075,81.2,3.653e-08,metal1,metal1
80.075,123.2,7.243e-11,metal1,metal1
80.08,28.0,1.88e-08,metal1,metal1
80.08,30.8,1.023e-07,metal1,metal1
80.08,33.6,4.633e-08,metal1,metal1
80.08,39.2,3.724e-10,metal1,metal1
80.08500000000001,67.2,1.242e-06,metal1,metal1
80.1,56.0,9.096e-09,metal1,metal1
80.1,75.6,1.967e-06,metal1,metal1
80.4325,131.6,1.48e-06,metal1,metal1
80.1575,42.0,6.931e-08,metal1,metal1
80.8425,89.6,2.066e-06,metal1,metal1
80.35749999999999,58.8,2.532e-06,metal1,metal1
80.2675,47.6,3.793e-06,metal1,metal1
80.35499999999999,81.2,1.932e-06,metal1,metal1
80.36,123.2,4.415e-09,metal1,metal1
80.175,28.0,1.88e-08,metal1,metal1
80.375,30.8,4.88e-09,metal1,metal1
80.2675,33.6,1.959e-10,metal1,metal1
80.27250000000001,39.2,6.19e-09,metal1,metal1
82.10125,67.2,1.242e-06,metal1,metal1
80.1825,56.0,9.096e-09,metal1,metal1
80.1975,75.6,1.967e-06,metal1,metal1
80.23750000000001,103.6,1.881e-11,metal1,metal1
80.77375,140.0,4.204e-06,metal1,metal1
80.2225,117.515,6.946e-11,metal1,metal1
80.255,42.0,7.569e-10,metal1,metal1
80.255,53.2,2.397e-07,metal1,metal1
80.255,120.4,2.771e-09,metal1,metal1
80.265,22.4,8.062e-09,metal1,metal1
80.265,50.4,3.269e-06,metal1,metal1
80.265,56.0,1.675e-06,metal1,metal1
80.265,61.6,2.525e-06,metal1,metal1
80.2575,117.6,2.263e-10,metal1,metal1
80.27000000000001,25.2,1.115e-07,metal1,metal1
80.27000000000001,28.0,1.132e-07,metal1,metal1
80.27000000000001,128.8,2.581e-08,metal1,metal1
80.275,64.4,1.78e-06,metal1,metal1
80.28,109.2,2.352e-08,metal1,metal1
80.28,112.0,2.615e-08,metal1,metal1
80.28999999999999,72.8,5.08e-06,metal1,metal1
80.71125,36.4,4.157e-06,metal1,metal1
80.295,70.0,1.99e-09,metal1,metal1
80.295,75.6,3.187e-08,metal1,metal1
80.295,86.8,6.653e-08,metal1,metal1
80.29249999999999,117.685,2.263e-10,metal1,metal1
80.3475,42.0,1.103e-07,metal1,metal1
80.5575,53.2,1.109e-08,metal1,metal1
80.3675,120.4,2.771e-09,metal1,metal1
80.3625,22.4,8.062e-09,metal1,metal1
80.3675,50.4,3.269e-06,metal1,metal1
80.455,56.0,1.675e-06,metal1,metal1
80.35499999999999,61.6,2.525e-06,metal1,metal1
80.44749999999999,117.6,2.263e-10,metal1,metal1
81.14750000000001,25.2,3.04e-06,metal1,metal1
80.4725,28.0,3.087e-06,metal1,metal1
80.51750000000001,103.6,1.881e-11,metal1,metal1
80.745,128.8,7.163e-07,metal1,metal1
80.36,64.4,1.78e-06,metal1,metal1
80.56,109.2,9.472e-11,metal1,metal1
80.465,112.0,2.274e-09,metal1,metal1
80.67750000000001,72.8,5.08e-06,metal1,metal1
80.38749999999999,70.0,1.99e-09,metal1,metal1
80.5775,75.6,1.878e-09,metal1,metal1
80.5775,86.8,3.859e-09,metal1,metal1
80.38499999999999,106.4,8.303e-11,metal1,metal1
80.415,137.285,3.654e-09,metal1,metal1
80.44,42.0,5.422e-06,metal1,metal1
80.44,84.0,2.613e-06,metal1,metal1
80.44,100.8,6.53e-08,metal1,metal1
80.445,61.6,4.091e-08,metal1,metal1
80.445,64.4,3.292e-08,metal1,metal1
80.4225,33.515,1.959e-10,metal1,metal1
80.485,106.4,4.917e-09,metal1,metal1
80.46000000000001,22.4,3.641e-10,metal1,metal1
80.4575,33.6,1.759e-10,metal1,metal1
80.46000000000001,47.6,1.413e-07,metal1,metal1
80.46000000000001,78.4,5.966e-08,metal1,metal1
80.465,14.0,3.836e-06,metal1,metal1
80.465,39.2,4.351e-06,metal1,metal1
80.465,137.37,1.634e-09,metal1,metal1
80.47,50.4,6.039e-08,metal1,metal1
80.47999999999999,70.0,2.118e-08,metal1,metal1
80.47999999999999,120.4,3.722e-08,metal1,metal1
80.47999999999999,126.0,1.115e-06,metal1,metal1
80.54499999999999,42.0,5.422e-06,metal1,metal1
80.64,84.0,2.613e-06,metal1,metal1
80.63,100.8,7.327e-09,metal1,metal1
80.72749999999999,61.6,2.401e-09,metal1,metal1
80.6325,64.4,2.877e-09,metal1,metal1
80.4925,33.685,1.759e-10,metal1,metal1
80.55250000000001,22.4,3.641e-10,metal1,metal1
80.64750000000001,33.6,4.007e-09,metal1,metal1
80.745,47.6,3.859e-06,metal1,metal1
80.64750000000001,78.4,4.847e-09,metal1,metal1
80.55,14.0,3.836e-06,metal1,metal1
80.8425,39.2,5.641e-09,metal1,metal1
80.5175,137.285,1.633e-09,metal1,metal1
80.74,50.4,1.08e-09,metal1,metal1
80.6575,70.0,3.761e-10,metal1,metal1
80.555,120.4,6.919e-09,metal1,metal1
81.495,126.0,1.115e-06,metal1,metal1
80.7325,137.2,1.633e-09,metal1,metal1
81.24625,114.8,2.915e-06,metal1,metal1
80.6175,106.4,6.49e-13,metal1,metal1
81.07,95.2,2.851e-06,metal1,metal1
80.6575,44.8,6.142e-06,metal1,metal1
80.6575,98.0,2.749e-06,metal1,metal1
80.63,117.6,1.312e-06,metal1,metal1
80.63,120.4,1.214e-06,metal1,metal1
80.63499999999999,14.0,3.008e-08,metal1,metal1
80.63499999999999,81.2,4.547e-10,metal1,metal1
80.64500000000001,22.4,1.413e-09,metal1,metal1
80.64500000000001,56.0,1.981e-09,metal1,metal1
80.64500000000001,123.2,4.943e-06,metal1,metal1
80.62,41.915,5.422e-06,metal1,metal1
80.65,58.8,4.683e-08,metal1,metal1
80.65,112.0,7.151e-11,metal1,metal1
80.655,42.0,3.146e-10,metal1,metal1
80.67,19.6,2.941e-06,metal1,metal1
80.67,30.8,2.898e-06,metal1,metal1
80.675,28.0,1.219e-08,metal1,metal1
81.77125,92.4,2.15e-06,metal1,metal1
81.22,117.6,1.312e-06,metal1,metal1
80.92250000000001,120.4,1.214e-06,metal1,metal1
80.7425,14.0,3.008e-08,metal1,metal1
80.82249999999999,81.2,4.547e-10,metal1,metal1
80.74000000000001,22.4,8.655e-10,metal1,metal1
80.83500000000001,56.0,2.74e-09,metal1,metal1
80.73500000000001,123.2,4.943e-06,metal1,metal1
80.69,42.085,3.146e-10,metal1,metal1
80.8375,58.8,3.867e-09,metal1,metal1
80.89750000000001,106.4,6.484e-13,metal1,metal1
80.7475,112.0,7.151e-11,metal1,metal1
80.8425,42.0,2.084e-09,metal1,metal1
80.85499999999999,19.6,2.941e-06,metal1,metal1
81.305,30.8,2.898e-06,metal1,metal1
80.75,28.0,1.219e-08,metal1,metal1
80.755,44.8,9.063e-08,metal1,metal1
81.03999999999999,98.0,4.057e-09,metal1,metal1
80.765,103.6,3.64e-13,metal1,metal1
80.82,44.8,6.194e-06,metal1,metal1
80.82,64.4,1.934e-06,metal1,metal1
80.82,100.8,5.027e-06,metal1,metal1
80.82,131.6,2.4e-08,metal1,metal1
80.825,16.8,1.316e-07,metal1,metal1
80.825,28.0,1.277e-09,metal1,metal1
80.825,123.2,1.853e-07,metal1,metal1
80.83500000000001,22.4,2.658e-08,metal1,metal1
80.83500000000001,33.6,2.74e-06,metal1,metal1
80.8125,70.05,3.761e-10,metal1,metal1
80.83500000000001,78.4,3.255e-06,metal1,metal1
81.19749999999999,103.6,1.874e-15,metal1,metal1
80.84,84.0,4.832e-08,metal1,metal1
80.8075,109.11500000000001,9.472e-11,metal1,metal1
80.8425,109.2,8.761e-11,metal1,metal1
80.845,112.0,1.546e-06,metal1,metal1
80.85,14.0,7.03e-08,metal1,metal1
80.86,53.2,6.749e-06,metal1,metal1
80.8475,69.98124999999999,1.67e-10,metal1,metal1
80.86,75.6,2.05e-06,metal1,metal1
80.86,86.8,4.211e-06,metal1,metal1
80.86,134.4,3.088e-06,metal1,metal1
81.29625,142.8,1.494e-06,metal1,metal1
80.9225,44.8,6.194e-06,metal1,metal1
81.02000000000001,64.4,1.934e-06,metal1,metal1
81.4025,100.8,5.027e-06,metal1,metal1
81.01,131.6,2.199e-09,metal1,metal1
81.1075,16.8,6.741e-09,metal1,metal1
81.3175,28.0,1.6e-09,metal1,metal1
81.4875,123.2,5.091e-06,metal1,metal1
80.92500000000001,22.4,2.658e-08,metal1,metal1
81.39750000000001,33.6,2.74e-06,metal1,metal1
80.8825,69.93125,1.67e-10,metal1,metal1
80.945,78.4,3.255e-06,metal1,metal1
81.0275,84.0,4.118e-09,metal1,metal1
80.8775,109.285,8.761e-11,metal1,metal1
81.03,109.2,1.963e-09,metal1,metal1
80.9375,112.0,1.546e-06,metal1,metal1
81.1325,14.0,7.032e-09,metal1,metal1
81.32499999999999,53.2,6.749e-06,metal1,metal1
81.0375,70.0,1.67e-10,metal1,metal1
81.03999999999999,75.6,2.05e-06,metal1,metal1
81.22,86.8,5.87e-09,metal1,metal1
81.4125,134.4,3.088e-06,metal1,metal1
80.9975,137.2,1.047e-12,metal1,metal1
80.9875,50.46875,1.08e-09,metal1,metal1
81.00999999999999,61.6,2.621e-06,metal1,metal1
80.985,81.285,4.547e-10,metal1,metal1
81.015,22.4,2.482e-10,metal1,metal1
81.025,42.0,2.368e-09,metal1,metal1
81.025,44.8,8.078e-09,metal1,metal1
81.025,56.0,1.132e-10,metal1,metal1
81.025,58.8,2.597e-06,metal1,metal1
81.03,11.2,5.543e-08,metal1,metal1
81.03,47.6,3.404e-08,metal1,metal1
81.02000000000001,81.2,2.139e-11,metal1,metal1
81.03,112.0,2.859e-08,metal1,metal1
81.02250000000001,50.38375,6.443e-10,metal1,metal1
81.03999999999999,19.6,5.374e-08,metal1,metal1
81.055,78.4,5.273e-08,metal1,metal1
81.3825,72.8,5.08e-06,metal1,metal1
81.0575,50.315,6.443e-10,metal1,metal1
81.30250000000001,61.6,2.621e-06,metal1,metal1
81.055,81.11500000000001,2.139e-11,metal1,metal1
81.11500000000001,22.4,4.003e-08,metal1,metal1
81.11500000000001,42.0,2.368e-09,metal1,metal1
81.215,44.8,8.078e-09,metal1,metal1
81.2175,56.0,5.623e-09,metal1,metal1
81.11500000000001,58.8,2.597e-06,metal1,metal1
81.2175,11.2,4.627e-09,metal1,metal1
81.1275,47.6,3.404e-08,metal1,metal1
81.21000000000001,81.2,3.75e-09,metal1,metal1
81.2175,112.0,2.429e-09,metal1,metal1
81.3775,137.2,1.048e-12,metal1,metal1
81.2125,50.4,5.391e-09,metal1,metal1
81.2175,19.6,3.062e-08,metal1,metal1
81.3375,78.4,3.044e-09,metal1,metal1
81.14500000000001,106.4,5.6e-09,metal1,metal1
81.2,36.4,4.757e-06,metal1,metal1
81.2,131.6,1.504e-06,metal1,metal1
81.18,41.915,2.368e-09,metal1,metal1
81.205,58.8,6.536e-08,metal1,metal1
81.215,22.4,3.527e-06,metal1,metal1
81.215,70.0,1.485e-11,metal1,metal1
81.215,84.0,2.767e-06,metal1,metal1
81.1975,106.4,5.6e-09,metal1,metal1
81.215,109.2,1.32e-06,metal1,metal1
81.215,120.4,2.588e-08,metal1,metal1
81.22,39.2,4.442e-10,metal1,metal1
81.22,64.4,3.572e-08,metal1,metal1
81.22,75.6,7.678e-08,metal1,metal1
81.22,128.8,2.69e-08,metal1,metal1
81.215,42.0,2.674e-09,metal1,metal1
81.225,47.6,1.227e-07,metal1,metal1
81.25,106.4,1.007e-09,metal1,metal1
81.69375,36.4,4.757e-06,metal1,metal1
81.7,131.6,1.504e-06,metal1,metal1
81.25,42.085,2.674e-09,metal1,metal1
81.5925,58.8,2.724e-06,metal1,metal1
81.70375,22.4,3.527e-06,metal1,metal1
81.5,70.0,9.306e-10,metal1,metal1
81.99000000000001,84.0,2.767e-06,metal1,metal1
81.5975,109.2,1.32e-06,metal1,metal1
81.59,120.4,1.296e-06,metal1,metal1
81.32499999999999,39.2,4.442e-10,metal1,metal1
81.4,64.4,3.926e-10,metal1,metal1
81.9075,75.6,2.108e-06,metal1,metal1
81.685,128.8,7.406e-07,metal1,metal1
81.3175,42.0,2.674e-09,metal1,metal1
81.475,47.6,2.564e-09,metal1,metal1
81.43,106.4,1.007e-09,metal1,metal1
81.39,16.8,3.89e-06,metal1,metal1
81.39,50.4,3.445e-06,metal1,metal1
81.39,81.2,2.181e-06,metal1,metal1
81.39,98.0,2.973e-06,metal1,metal1
81.39500000000001,19.6,7.655e-10,metal1,metal1
81.39500000000001,140.0,1.585e-07,metal1,metal1
81.405,11.2,3.108e-06,metal1,metal1
81.405,44.8,1.866e-10,metal1,metal1
81.405,112.0,1.633e-06,metal1,metal1
81.41,42.0,1.996e-07,metal1,metal1
81.41,56.0,6.363e-09,metal1,metal1
81.41499999999999,14.0,4.021e-06,metal1,metal1
81.43,39.2,4.611e-06,metal1,metal1
81.78999999999999,16.8,4.8e-09,metal1,metal1
81.5825,50.4,3.445e-06,metal1,metal1
81.5075,81.2,2.181e-06,metal1,metal1
81.93,98.0,2.973e-06,metal1,metal1
81.5,19.6,7.207e-08,metal1,metal1
81.67750000000001,140.0,4.382e-06,metal1,metal1
81.5875,11.2,3.108e-06,metal1,metal1
81.69,44.8,5.71e-09,metal1,metal1
81.785,112.0,1.633e-06,metal1,metal1
81.495,42.0,2.326e-08,metal1,metal1
81.5025,56.0,6.363e-09,metal1,metal1
82.04375,14.0,4.021e-06,metal1,metal1
81.60249999999999,39.2,4.611e-06,metal1,metal1
81.58,42.0,3.136e-08,metal1,metal1
81.55250000000001,64.3125,3.926e-10,metal1,metal1
81.58,86.8,4.33e-06,metal1,metal1
81.595,56.0,1.188e-08,metal1,metal1
81.5675,61.55,2.621e-06,metal1,metal1
81.5875,64.3975,1.982e-06,metal1,metal1
81.6,95.2,1.062e-07,metal1,metal1
81.60499999999999,19.6,3.079e-06,metal1,metal1
81.60249999999999,61.635000000000005,8.467e-12,metal1,metal1
81.61,106.4,1.798e-09,metal1,metal1
81.62,78.4,3.322e-06,metal1,metal1
81.625,81.2,3.535e-08,metal1,metal1
82.3375,89.6,2.066e-06,metal1,metal1
81.63,103.6,2.454e-12,metal1,metal1
81.6825,42.0,3.136e-08,metal1,metal1
81.6225,64.485,1.982e-06,metal1,metal1
81.78,86.8,4.33e-06,metal1,metal1
81.69,56.0,1.188e-08,metal1,metal1
81.63749999999999,61.685,8.467e-12,metal1,metal1
81.79249999999999,64.4,1.982e-06,metal1,metal1
81.97749999999999,95.2,2.899e-06,metal1,metal1
81.695,19.6,3.079e-06,metal1,metal1
81.79249999999999,61.6,4.133e-09,metal1,metal1
81.81,106.4,1.798e-09,metal1,metal1
82.245,78.4,3.322e-06,metal1,metal1
81.9075,81.2,2.105e-09,metal1,metal1
81.81,103.6,2.454e-12,metal1,metal1
81.72,47.6375,2.564e-09,metal1,metal1
81.7575,137.2,2.207e-15,metal1,metal1
81.77000000000001,11.2,3.232e-06,metal1,metal1
81.77000000000001,72.8,5.104e-06,metal1,metal1
81.775,39.2,1.722e-07,metal1,metal1
81.7475,50.315,3.445e-06,metal1,metal1
81.7525,19.55,3.079e-06,metal1,metal1
81.785,42.0,5.714e-06,metal1,metal1
81.785,47.675,5.627e-10,metal1,metal1
81.785,56.0,2.83e-09,metal1,metal1
81.785,70.0,1.042e-06,metal1,metal1
81.7875,19.634999999999998,4.942e-11,metal1,metal1
81.7825,50.4,2.592e-10,metal1,metal1
81.78999999999999,53.2,1.246e-07,metal1,metal1
81.795,142.8,1.461e-09,metal1,metal1
81.81,28.0,3.218e-06,metal1,metal1
81.81,117.6,1.354e-06,metal1,metal1
84.4725,11.2,3.232e-06,metal1,metal1
82.17250000000001,72.8,5.104e-06,metal1,metal1
81.88,39.2,4.715e-06,metal1,metal1
81.8175,50.485,2.592e-10,metal1,metal1
81.82249999999999,19.685000000000002,4.942e-11,metal1,metal1
81.8825,42.0,5.714e-06,metal1,metal1
81.82249999999999,47.6375,5.627e-10,metal1,metal1
81.975,56.0,2.83e-09,metal1,metal1
82.33125,70.0,1.042e-06,metal1,metal1
81.97749999999999,19.6,1.221e-09,metal1,metal1
81.985,47.6,5.627e-10,metal1,metal1
81.97749999999999,50.4,6.462e-09,metal1,metal1
81.97749999999999,53.2,5.067e-10,metal1,metal1
82.0375,137.2,1.169e-15,metal1,metal1
82.045,142.8,1.461e-09,metal1,metal1
82.08500000000001,28.0,3.218e-06,metal1,metal1
82.0,117.6,3.961e-09,metal1,metal1
82.505,30.8,2.898e-06,metal1,metal1
81.96000000000001,33.6,2.774e-06,metal1,metal1
81.96000000000001,140.0,9.251e-08,metal1,metal1
81.965,120.4,7.932e-09,metal1,metal1
81.965,134.4,1.143e-07,metal1,metal1
81.975,44.8,1.17e-09,metal1,metal1
81.975,61.6,7.016e-11,metal1,metal1
81.97999999999999,42.0,2.123e-07,metal1,metal1
81.97999999999999,58.8,5.033e-08,metal1,metal1
81.97999999999999,86.8,8.009e-08,metal1,metal1
81.97999999999999,109.2,4.91e-08,metal1,metal1
81.97999999999999,114.8,5.39e-08,metal1,metal1
81.985,39.2,4.84e-08,metal1,metal1
81.985,100.8,5.228e-07,metal1,metal1
81.99000000000001,64.4,3.623e-08,metal1,metal1
81.99000000000001,103.6,1.757e-09,metal1,metal1
82.00999999999999,106.4,2.888e-10,metal1,metal1
82.8325,25.2,3.04e-06,metal1,metal1
82.35,33.6,2.774e-06,metal1,metal1
82.15,140.0,9.171e-09,metal1,metal1
82.0575,120.4,7.932e-09,metal1,metal1
82.155,134.4,3.101e-06,metal1,metal1
82.1575,44.8,1.17e-09,metal1,metal1
82.075,61.6,9.317e-09,metal1,metal1
82.6375,42.0,5.783e-06,metal1,metal1
82.3575,58.8,1.887e-09,metal1,metal1
82.16749999999999,86.8,7.244e-09,metal1,metal1
82.2575,109.2,1.339e-06,metal1,metal1
82.16749999999999,114.8,4.368e-09,metal1,metal1
82.1625,39.2,4.84e-08,metal1,metal1
82.08,100.8,5.228e-07,metal1,metal1
82.1675,64.4,1.951e-08,metal1,metal1
82.3525,103.6,1.757e-09,metal1,metal1
82.1725,106.4,2.888e-10,metal1,metal1
82.15,120.4,3.23e-09,metal1,metal1
82.15,123.2,2.157e-07,metal1,metal1
82.15,128.8,7.614e-07,metal1,metal1
82.16499999999999,19.6,2.124e-08,metal1,metal1
82.16499999999999,50.4,3.542e-06,metal1,metal1
82.1325,53.115,5.067e-10,metal1,metal1
82.16499999999999,56.0,4.233e-11,metal1,metal1
82.16499999999999,112.0,3.334e-08,metal1,metal1
82.1675,53.2,4.54e-10,metal1,metal1
82.175,61.6,7.689e-09,metal1,metal1
82.175,100.8,2.786e-07,metal1,metal1
82.18,47.6,1.534e-10,metal1,metal1
82.61125,36.4,4.757e-06,metal1,metal1
82.19,16.8,3.952e-06,metal1,metal1
82.19,81.2,2.298e-06,metal1,metal1
82.19,117.6,1.399e-06,metal1,metal1
82.61125,22.4,3.527e-06,metal1,metal1
82.63,131.6,1.504e-06,metal1,metal1
82.74000000000001,120.4,1.459e-06,metal1,metal1
82.55375000000001,123.2,5.235e-06,metal1,metal1
82.83625,128.8,7.614e-07,metal1,metal1
82.45,19.6,3.102e-09,metal1,metal1
82.6425,50.4,3.542e-06,metal1,metal1
82.2025,53.285,4.54e-10,metal1,metal1
82.445,56.0,2.979e-10,metal1,metal1
82.2525,112.0,3.694e-10,metal1,metal1
82.3575,53.2,4.988e-10,metal1,metal1
82.36,61.6,7.689e-09,metal1,metal1
82.33,100.8,2.786e-07,metal1,metal1
82.33250000000001,47.6,1.534e-10,metal1,metal1
82.275,16.8,3.952e-06,metal1,metal1
82.57875,81.2,2.298e-06,metal1,metal1
82.4575,117.6,1.399e-06,metal1,metal1
82.285,137.2,9.099e-15,metal1,metal1
82.3275,142.8,9.363e-13,metal1,metal1
82.3175,106.315,2.888e-10,metal1,metal1
82.34,39.2,1.751e-07,metal1,metal1
82.3125,44.8875,1.17e-09,metal1,metal1
82.34,112.0,1.709e-06,metal1,metal1
82.34,140.0,6.281e-06,metal1,metal1
82.345,64.4,4.99e-10,metal1,metal1
82.345,134.4,1.15e-07,metal1,metal1
82.3475,44.837500000000006,8.625e-11,metal1,metal1
82.35499999999999,86.8,4.873e-06,metal1,metal1
82.35499999999999,95.2,6.064e-08,metal1,metal1
82.35499999999999,114.8,2.933e-06,metal1,metal1
82.7175,137.2,2.874e-15,metal1,metal1
82.36,16.8,1.469e-07,metal1,metal1
82.36,28.0,1.195e-07,metal1,metal1
82.37,106.23,1.046e-09,metal1,metal1
82.4125,39.2,1.751e-07,metal1,metal1
82.3825,44.75,8.625e-11,metal1,metal1
82.72,112.0,2.227e-09,metal1,metal1
82.6275,140.0,6.281e-06,metal1,metal1
82.44999999999999,64.4,4.653e-08,metal1,metal1
82.8275,134.4,3.125e-06,metal1,metal1
82.6325,44.8,1.102e-09,metal1,metal1
82.5375,86.8,4.873e-06,metal1,metal1
82.84375,95.2,2.983e-06,metal1,metal1
82.45750000000001,114.8,2.933e-06,metal1,metal1
82.84,16.8,4.005e-06,metal1,metal1
82.645,28.0,3.251e-06,metal1,metal1
82.7075,142.8,9.368e-13,metal1,metal1
82.42,106.315,1.046e-09,metal1,metal1
82.94,98.0,2.973e-06,metal1,metal1
82.7475,106.4,1.046e-09,metal1,metal1
82.5175,39.2,1.119e-10,metal1,metal1
82.5175,47.6,2.32e-10,metal1,metal1
82.5175,100.8,5.867e-07,metal1,metal1
83.455,126.0,1.115e-06,metal1,metal1
82.535,109.2,1.878e-09,metal1,metal1
82.5125,53.285,4.988e-10,metal1,metal1
82.545,61.6,2.848e-06,metal1,metal1
82.5475,53.2,4.558e-10,metal1,metal1
82.555,64.4,2.15e-06,metal1,metal1
82.56,114.8,5.42e-08,metal1,metal1
82.9075,72.8,5.104e-06,metal1,metal1
83.2125,75.6,2.108e-06,metal1,metal1
82.7225,109.2,1.878e-09,metal1,metal1
82.5825,53.115,4.558e-10,metal1,metal1
82.91749999999999,61.6,3.791e-09,metal1,metal1
82.8975,39.2,1.119e-10,metal1,metal1
82.6475,47.6,2.32e-10,metal1,metal1
82.7375,53.2,9.984e-09,metal1,metal1
82.6125,100.8,5.867e-07,metal1,metal1
82.6525,64.4,2.15e-06,metal1,metal1
82.8425,114.8,2.715e-09,metal1,metal1
83.23125,14.0,4.021e-06,metal1,metal1
82.70750000000001,100.8,1.467e-07,metal1,metal1
82.7475,103.6,2.681e-06,metal1,metal1
82.72,86.8,2.064e-07,metal1,metal1
82.695,55.915,2.979e-10,metal1,metal1
82.725,117.6,4.033e-09,metal1,metal1
82.735,19.6,3.452e-06,metal1,metal1
82.73,55.965,4.091e-10,metal1,metal1
82.735,58.8,2.843e-06,metal1,metal1
82.74000000000001,33.6,1.058e-07,metal1,metal1
82.745,47.6,2.108e-10,metal1,metal1
82.75,64.4,6.003e-08,metal1,metal1
83.47,84.0,2.767e-06,metal1,metal1
83.205,86.8,5.005e-06,metal1,metal1
82.765,56.05,4.091e-10,metal1,metal1
82.82,117.6,4.033e-09,metal1,metal1
82.8325,19.6,3.452e-06,metal1,metal1
82.91749999999999,56.0,3.553e-09,metal1,metal1
82.8375,58.8,2.843e-06,metal1,metal1
83.2325,33.6,2.954e-06,metal1,metal1
82.9925,100.8,1.467e-07,metal1,metal1
82.8375,47.6,2.108e-10,metal1,metal1
82.83,64.4,6.003e-08,metal1,metal1
84.02250000000001,103.6,2.681e-06,metal1,metal1
83.425,78.4,3.322e-06,metal1,metal1
83.35374999999999,70.0,1.042e-06,metal1,metal1
82.8825,44.9025,1.102e-09,metal1,metal1
82.91,64.4,3.34e-07,metal1,metal1
82.91,109.2,3.092e-08,metal1,metal1
82.91499999999999,92.4,7.985e-08,metal1,metal1
82.91499999999999,117.6,1.059e-09,metal1,metal1
82.91499999999999,140.0,2.331e-07,metal1,metal1
82.91749999999999,44.852500000000006,3.004e-09,metal1,metal1
82.925,53.2,6.826e-06,metal1,metal1
82.93,19.6,1.28e-07,metal1,metal1
82.93,28.0,1.222e-07,metal1,metal1
82.93,47.6,1.553e-09,metal1,metal1
82.94,58.8,5.255e-08,metal1,metal1
83.29124999999999,123.2,5.235e-06,metal1,metal1
83.28625,81.2,2.298e-06,metal1,metal1
82.95249999999999,44.75,3.004e-09,metal1,metal1
83.1125,64.4,3.874e-09,metal1,metal1
83.48249999999999,109.2,1.478e-06,metal1,metal1
83.485,92.4,2.174e-06,metal1,metal1
83.0075,117.6,5.86e-09,metal1,metal1
83.36500000000001,140.0,6.345e-06,metal1,metal1
83.3175,44.8,8.84e-09,metal1,metal1
83.7475,53.2,6.826e-06,metal1,metal1
83.49000000000001,19.6,3.48e-06,metal1,metal1
83.12,28.0,3.367e-06,metal1,metal1
82.98750000000001,47.6,1.553e-09,metal1,metal1
83.2225,58.8,2.805e-09,metal1,metal1
83.045,47.6,3.112e-09,metal1,metal1
83.0875,142.8,0.0,metal1,metal1
83.1275,106.4,3.03e-06,metal1,metal1
83.1,22.4,4.08e-06,metal1,metal1
83.1,56.0,2.35e-06,metal1,metal1
83.1,112.0,1.73e-06,metal1,metal1
83.1,117.6,1.465e-06,metal1,metal1
83.10499999999999,36.4,1.798e-07,metal1,metal1
83.3575,47.6,7.254e-08,metal1,metal1
83.12,50.4,1.312e-07,metal1,metal1
83.12,89.6,3.821e-08,metal1,metal1
83.125,114.8,2.955e-06,metal1,metal1
83.13,131.6,2.781e-08,metal1,metal1
83.14,30.8,3.01e-06,metal1,metal1
83.15,137.2,4.946e-12,metal1,metal1
83.30000000000001,22.4,4.08e-06,metal1,metal1
83.76750000000001,56.0,2.35e-06,metal1,metal1
83.68,112.0,1.73e-06,metal1,metal1
83.305,117.6,1.465e-06,metal1,metal1
83.485,36.4,4.979e-06,metal1,metal1
83.57,50.4,3.562e-06,metal1,metal1
83.3075,89.6,3.157e-09,metal1,metal1
83.3675,142.8,9.349e-16,metal1,metal1
83.39750000000001,114.8,5.605e-09,metal1,metal1
83.4125,131.6,1.494e-09,metal1,metal1
83.31,30.8,3.01e-06,metal1,metal1
83.33,137.2,4.946e-12,metal1,metal1
83.32249999999999,106.4,3.03e-06,metal1,metal1
83.2775,39.2,6.307e-10,metal1,metal1
83.2775,100.8,7.421e-07,metal1,metal1
83.28999999999999,61.6,2.879e-06,metal1,metal1
83.295,42.0,2.158e-07,metal1,metal1
83.31,28.0,2.127e-08,metal1,metal1
83.31,72.8,9.438e-08,metal1,metal1
83.31,134.4,5.78e-08,metal1,metal1
83.315,64.4,2.575e-06,metal1,metal1
83.32,16.8,7.402e-08,metal1,metal1
83.33,120.4,1.487e-06,metal1,metal1
83.75125,95.2,2.983e-06,metal1,metal1
83.49000000000001,61.6,2.879e-06,metal1,metal1
83.58500000000001,42.0,5.906e-06,metal1,metal1
83.405,28.0,2.127e-08,metal1,metal1
83.405,39.2,6.307e-10,metal1,metal1
83.4975,72.8,7.653e-09,metal1,metal1
83.3725,100.8,7.421e-07,metal1,metal1
83.4975,134.4,4.757e-09,metal1,metal1
83.7025,64.4,3.481e-09,metal1,metal1
83.60249999999999,16.8,3.804e-09,metal1,metal1
83.405,120.4,1.487e-06,metal1,metal1
83.4675,100.8,2.66e-07,metal1,metal1
83.47999999999999,30.8,3.663e-06,metal1,metal1
83.47999999999999,98.0,4.497e-09,metal1,metal1
83.47999999999999,120.4,6.472e-08,metal1,metal1
83.485,106.4,1.13e-07,metal1,metal1
83.495,89.6,2.12e-06,metal1,metal1
83.5,22.4,2.834e-08,metal1,metal1
83.5,28.0,1.313e-07,metal1,metal1
83.5,39.2,3.529e-12,metal1,metal1
83.505,58.8,3.057e-06,metal1,metal1
83.48249999999999,117.685,1.465e-06,metal1,metal1
83.50999999999999,137.2,3.541e-09,metal1,metal1
84.13875,128.8,7.614e-07,metal1,metal1
83.5175,117.61625000000001,1.306e-10,metal1,metal1
83.925,30.8,3.663e-06,metal1,metal1
83.6525,98.0,4.497e-09,metal1,metal1
83.87,120.4,1.611e-06,metal1,metal1
84.12375,106.4,3.087e-06,metal1,metal1
83.58500000000001,89.6,2.12e-06,metal1,metal1
83.5875,22.4,2.834e-08,metal1,metal1
83.89750000000001,28.0,3.624e-06,metal1,metal1
83.6525,39.2,4.394e-10,metal1,metal1
83.6525,100.8,2.66e-07,metal1,metal1
84.1675,58.8,3.057e-06,metal1,metal1
83.55250000000001,117.53125,1.306e-10,metal1,metal1
83.8725,137.2,3.541e-09,metal1,metal1
83.80000000000001,117.6,1.458e-10,metal1,metal1
83.61500000000001,142.8,0.0,metal1,metal1
83.67,47.6,2.086e-07,metal1,metal1
83.67,114.8,3.008e-06,metal1,metal1
83.675,22.4,1.528e-07,metal1,metal1
83.675,81.2,7.858e-08,metal1,metal1
83.675,89.6,1.595e-08,metal1,metal1
83.685,72.8,5.138e-06,metal1,metal1
83.685,134.4,3.195e-06,metal1,metal1
84.0475,142.8,9.996e-16,metal1,metal1
83.69,61.6,1.074e-07,metal1,metal1
83.69,86.8,1.863e-07,metal1,metal1
83.695,123.2,5.118e-09,metal1,metal1
83.695,131.6,1.628e-06,metal1,metal1
83.71000000000001,25.2,3.246e-06,metal1,metal1
83.71000000000001,44.8,7.117e-06,metal1,metal1
84.14750000000001,33.6,2.954e-06,metal1,metal1
83.78999999999999,47.6,2.086e-07,metal1,metal1
83.8625,114.8,3.008e-06,metal1,metal1
84.16749999999999,22.4,4.205e-09,metal1,metal1
84.07249999999999,81.2,2.504e-06,metal1,metal1
83.7875,89.6,1.595e-08,metal1,metal1
83.875,72.8,5.138e-06,metal1,metal1
84.345,134.4,3.195e-06,metal1,metal1
84.25999999999999,61.6,2.936e-06,metal1,metal1
83.9725,86.8,5.084e-06,metal1,metal1
83.945,123.2,5.118e-09,metal1,metal1
84.185,131.6,1.628e-06,metal1,metal1
85.4425,25.2,3.246e-06,metal1,metal1
83.795,44.8,7.117e-06,metal1,metal1
83.805,39.2,2.327e-09,metal1,metal1
83.805,100.8,6.986e-09,metal1,metal1
84.195,140.0,6.345e-06,metal1,metal1
83.8575,98.0,4.361e-09,metal1,metal1
83.86,14.0,4.139e-06,metal1,metal1
83.86500000000001,36.4,1.879e-07,metal1,metal1
83.875,39.2,1.02e-09,metal1,metal1
83.875,42.0,1.225e-07,metal1,metal1
83.9,100.8,6.209e-07,metal1,metal1
83.88,44.8,2.224e-07,metal1,metal1
83.88499999999999,16.8,4.143e-06,metal1,metal1
83.9,70.0,1.115e-06,metal1,metal1
83.9,75.6,2.238e-06,metal1,metal1
83.9,89.6,3.495e-08,metal1,metal1
83.91,47.6,2.961e-10,metal1,metal1
85.5175,14.0,4.139e-06,metal1,metal1
84.53,36.4,5.196e-06,metal1,metal1
83.97,39.2,1.02e-09,metal1,metal1
84.1625,42.0,5.978e-06,metal1,metal1
84.32,44.8,7.247e-06,metal1,metal1
85.53,16.8,4.143e-06,metal1,metal1
84.0625,98.0,4.361e-09,metal1,metal1
84.07,70.0,4.013e-09,metal1,metal1
84.07249999999999,75.6,2.238e-06,metal1,metal1
83.975,89.6,1.193e-08,metal1,metal1
84.09,47.6,2.961e-10,metal1,metal1
83.995,100.8,9.791e-09,metal1,metal1
84.4,50.4,3.562e-06,metal1,metal1
84.05,19.6,3.601e-06,metal1,metal1
84.05,78.4,3.434e-06,metal1,metal1
84.05,89.6,1.718e-08,metal1,metal1
84.055,92.4,3.523e-08,metal1,metal1
84.055,109.2,2.733e-08,metal1,metal1
84.055,114.8,4.873e-08,metal1,metal1
84.065,39.2,1.31e-12,metal1,metal1
84.065,72.8,1.074e-07,metal1,metal1
84.33250000000001,100.8,1.235e-07,metal1,metal1
84.04750000000001,117.685,1.458e-10,metal1,metal1
84.09,64.4,2.918e-06,metal1,metal1
84.08250000000001,117.61625000000001,1.569e-06,metal1,metal1
85.61125,67.2,1.242e-06,metal1,metal1
84.715,19.6,3.601e-06,metal1,metal1
84.2425,78.4,3.434e-06,metal1,metal1
84.16499999999999,89.6,1.718e-08,metal1,metal1
84.3375,92.4,2.098e-09,metal1,metal1
84.2425,109.2,2.226e-09,metal1,metal1
84.3375,114.8,2.845e-09,metal1,metal1
84.255,39.2,1.307e-12,metal1,metal1
84.44749999999999,72.8,5.276e-06,metal1,metal1
84.1175,117.53125,1.569e-06,metal1,metal1
84.55250000000001,64.4,2.918e-06,metal1,metal1
84.16749999999999,117.6,1.569e-06,metal1,metal1
84.22749999999999,123.2,1.158e-11,metal1,metal1
84.235,98.0,3.092e-06,metal1,metal1
84.2675,137.2,5.403e-06,metal1,metal1
84.24000000000001,70.0,1.315e-06,metal1,metal1
84.24000000000001,95.2,1.271e-07,metal1,metal1
84.245,75.6,5.83e-09,metal1,metal1
84.245,84.0,4.293e-08,metal1,metal1
84.245,117.6,6.127e-08,metal1,metal1
84.255,86.8,1.856e-07,metal1,metal1
84.25999999999999,112.0,6.424e-08,metal1,metal1
84.25999999999999,120.4,2.975e-08,metal1,metal1
84.27000000000001,47.6,3.391e-09,metal1,metal1
84.28,89.6,2.785e-06,metal1,metal1
84.6225,28.0,3.624e-06,metal1,metal1
84.33500000000001,98.0,3.092e-06,metal1,metal1
84.3375,70.0,1.315e-06,metal1,metal1
84.9075,95.2,3.1e-06,metal1,metal1
84.34,75.6,5.83e-09,metal1,metal1
84.4325,84.0,5.318e-09,metal1,metal1
84.6425,117.6,2.202e-09,metal1,metal1
84.3425,86.8,1.856e-07,metal1,metal1
84.98625,112.0,1.749e-06,metal1,metal1
84.44,120.4,2.806e-10,metal1,metal1
84.6075,123.2,1.158e-11,metal1,metal1
84.6325,47.6,3.391e-09,metal1,metal1
84.3575,89.6,2.785e-06,metal1,metal1
84.745,30.8,3.663e-06,metal1,metal1
85.34875,137.2,5.403e-06,metal1,metal1
84.43,86.8,1.757e-07,metal1,metal1
84.43,109.2,1.495e-06,metal1,metal1
84.435,56.0,8.894e-08,metal1,metal1
84.435,70.0,3.699e-08,metal1,metal1
84.435,75.6,2.364e-09,metal1,metal1
84.435,78.4,1.274e-07,metal1,metal1
84.435,89.6,1.058e-07,metal1,metal1
84.435,98.0,5.009e-08,metal1,metal1
84.445,39.2,1.723e-11,metal1,metal1
84.45,42.0,2.793e-08,metal1,metal1
84.7975,81.2,2.504e-06,metal1,metal1
84.47,126.0,1.209e-06,metal1,metal1
84.47999999999999,142.8,2.022e-12,metal1,metal1
84.5325,86.8,1.757e-07,metal1,metal1
85.01875000000001,109.2,1.495e-06,metal1,metal1
84.6325,56.0,2.467e-06,metal1,metal1
84.6325,70.0,1.696e-06,metal1,metal1
84.5275,75.6,1.05e-08,metal1,metal1
85.02250000000001,78.4,3.466e-06,metal1,metal1
84.625,89.6,2.948e-06,metal1,metal1
84.7175,98.0,2.941e-09,metal1,metal1
84.5575,39.2,1.274e-09,metal1,metal1
84.545,42.0,2.793e-08,metal1,metal1
84.905,126.0,1.209e-06,metal1,metal1
84.66,142.8,2.02e-12,metal1,metal1
85.32249999999999,53.2,6.826e-06,metal1,metal1
84.62,75.6,2.534e-06,metal1,metal1
84.62,84.0,2.905e-06,metal1,metal1
84.62,92.4,2.29e-06,metal1,metal1
84.62,114.8,3.105e-06,metal1,metal1
84.5925,120.29625,2.806e-10,metal1,metal1
84.63499999999999,86.8,2.445e-09,metal1,metal1
84.6275,120.38125,2.362e-10,metal1,metal1
84.64,33.6,1.102e-07,metal1,metal1
84.64,42.0,9.068e-11,metal1,metal1
84.64500000000001,140.0,6.193e-09,metal1,metal1
84.66,22.4,4.44e-06,metal1,metal1
84.67,39.2,6.963e-11,metal1,metal1
84.67,100.8,4.974e-07,metal1,metal1
85.095,131.6,1.628e-06,metal1,metal1
84.9075,75.6,2.534e-06,metal1,metal1
85.16,84.0,2.905e-06,metal1,metal1
84.91499999999999,92.4,2.29e-06,metal1,metal1
85.44624999999999,114.8,3.105e-06,metal1,metal1
84.6625,120.485,2.362e-10,metal1,metal1
84.92,86.8,5.038e-09,metal1,metal1
84.8175,120.4,5.888e-09,metal1,metal1
85.21000000000001,33.6,3.011e-06,metal1,metal1
84.7325,42.0,9.068e-11,metal1,metal1
84.89500000000001,140.0,6.193e-09,metal1,metal1
84.84,22.4,4.44e-06,metal1,metal1
84.8425,39.2,6.963e-11,metal1,metal1
84.765,100.8,4.974e-07,metal1,metal1
85.13,44.8,7.247e-06,metal1,metal1
85.33125000000001,106.4,3.087e-06,metal1,metal1
84.815,89.6,1.135e-07,metal1,metal1
84.825,42.0,2.834e-08,metal1,metal1
84.825,128.8,1.695e-08,metal1,metal1
84.83,56.0,9.432e-08,metal1,metal1
84.83,58.8,5.653e-08,metal1,metal1
84.83,61.6,5.43e-08,metal1,metal1
84.83,70.0,3.132e-08,metal1,metal1
84.83,72.8,1.966e-07,metal1,metal1
84.84,142.8,1.446e-09,metal1,metal1
84.85,50.4,3.697e-06,metal1,metal1
84.86,100.8,5.727e-07,metal1,metal1
85.21125,89.6,3.197e-06,metal1,metal1
84.92,42.0,2.834e-08,metal1,metal1
85.49000000000001,128.8,8.825e-07,metal1,metal1
85.305,56.0,2.641e-06,metal1,metal1
85.0175,58.8,4.627e-09,metal1,metal1
85.0175,61.6,4.419e-09,metal1,metal1
85.2075,70.0,1.291e-10,metal1,metal1
85.00999999999999,72.8,5.372e-06,metal1,metal1
85.2025,142.8,1.446e-09,metal1,metal1
84.92750000000001,50.4,3.697e-06,metal1,metal1
84.945,100.8,5.727e-07,metal1,metal1
84.955,123.285,1.294e-08,metal1,metal1
85.0275,47.6,5.174e-06,metal1,metal1
85.0,98.0,3.21e-06,metal1,metal1
85.0,120.4,3.894e-06,metal1,metal1
85.005,50.4,1.382e-07,metal1,metal1
85.005,134.4,5.176e-08,metal1,metal1
84.98750000000001,39.25,6.963e-11,metal1,metal1
85.015,42.0,6.109e-06,metal1,metal1
85.015,64.4,6.083e-08,metal1,metal1
85.02000000000001,22.4,8.211e-08,metal1,metal1
85.02000000000001,28.0,6.702e-08,metal1,metal1
85.02250000000001,123.21625,5.885e-10,metal1,metal1
85.02250000000001,39.18125,6.121e-09,metal1,metal1
85.03,100.8,5.062e-07,metal1,metal1
85.03999999999999,117.6,1.824e-06,metal1,metal1
85.2875,98.0,3.21e-06,metal1,metal1
85.1925,120.4,3.894e-06,metal1,metal1
85.5725,50.4,3.786e-06,metal1,metal1
85.2875,134.4,3.037e-09,metal1,metal1
85.0575,39.13125,6.121e-09,metal1,metal1
85.1125,42.0,6.109e-06,metal1,metal1
85.19749999999999,64.4,2.983e-06,metal1,metal1
85.20750000000001,22.4,6.731e-09,metal1,metal1
85.20750000000001,28.0,5.599e-09,metal1,metal1
85.0575,123.13125,5.885e-10,metal1,metal1
85.27000000000001,123.2,5.885e-10,metal1,metal1
85.215,39.2,6.121e-09,metal1,metal1
85.125,100.8,5.062e-07,metal1,metal1
85.13,117.6,1.824e-06,metal1,metal1
85.965,47.6,5.174e-06,metal1,metal1
85.17750000000001,140.0,9.559e-09,metal1,metal1
85.19,30.8,4.102e-06,metal1,metal1
85.19,72.8,4.46e-08,metal1,metal1
85.195,36.4,9.609e-08,metal1,metal1
85.195,75.6,9.434e-08,metal1,metal1
85.195,81.2,3.408e-09,metal1,metal1
85.205,58.8,3.107e-06,metal1,metal1
85.205,61.6,2.968e-06,metal1,metal1
85.205,86.8,5.638e-06,metal1,metal1
85.21000000000001,42.0,2.282e-07,metal1,metal1
85.21000000000001,92.4,8.518e-08,metal1,metal1
85.22,100.8,1.512e-07,metal1,metal1
85.22,117.6,3.371e-08,metal1,metal1
85.485,30.8,4.102e-06,metal1,metal1
85.29499999999999,72.8,4.46e-08,metal1,metal1
85.3825,36.4,7.792e-09,metal1,metal1
85.765,75.6,2.575e-06,metal1,metal1
85.3825,81.2,3.408e-09,metal1,metal1
86.4375,103.6,2.681e-06,metal1,metal1
85.3025,58.8,3.107e-06,metal1,metal1
85.7875,61.6,2.968e-06,metal1,metal1
85.58500000000001,86.8,5.638e-06,metal1,metal1
85.70500000000001,42.0,6.25e-06,metal1,metal1
85.58000000000001,92.4,2.323e-06,metal1,metal1
85.39250000000001,140.0,9.559e-09,metal1,metal1
85.4875,100.8,1.512e-07,metal1,metal1
85.5025,117.6,1.727e-09,metal1,metal1
85.70500000000001,126.0,1.209e-06,metal1,metal1
85.38,19.6,3.751e-06,metal1,metal1
85.38,64.4,1.276e-07,metal1,metal1
85.38499999999999,120.4,3.104e-07,metal1,metal1
85.39500000000001,22.4,4.521e-06,metal1,metal1
85.39500000000001,28.0,3.761e-06,metal1,metal1
85.4,39.2,1.098e-09,metal1,metal1
85.4,58.8,5.524e-08,metal1,metal1
85.4,72.8,9.997e-08,metal1,metal1
85.77875,19.6,3.751e-06,metal1,metal1
85.83500000000001,64.4,3.125e-06,metal1,metal1
85.48,120.4,3.104e-07,metal1,metal1
85.4925,22.4,4.521e-06,metal1,metal1
85.7875,28.0,4.779e-09,metal1,metal1
85.5775,39.2,6.556e-08,metal1,metal1
85.77000000000001,58.8,7.402e-11,metal1,metal1
85.77250000000001,72.8,1.379e-09,metal1,metal1
85.485,123.29375,5.885e-10,metal1,metal1
85.52,123.25625,3.598e-09,metal1,metal1
85.5975,142.8,2.206e-06,metal1,metal1
85.57,36.4,1.26e-08,metal1,metal1
85.57,44.8,7.747e-06,metal1,metal1
85.57,81.2,3.466e-09,metal1,metal1
85.57,134.4,3.315e-06,metal1,metal1
85.575,95.2,5.023e-08,metal1,metal1
85.575,98.0,5.935e-08,metal1,metal1
85.575,120.4,1.803e-06,metal1,metal1
85.575,140.0,1.211e-08,metal1,metal1
85.55250000000001,69.91499999999999,1.291e-10,metal1,metal1
85.5875,123.1625,3.357e-09,metal1,metal1
85.58500000000001,131.6,4.372e-09,metal1,metal1
85.59,22.4,1.675e-07,metal1,metal1
85.5875,70.0,2.475e-10,metal1,metal1
85.93375,89.6,3.197e-06,metal1,metal1
86.12625,109.2,1.495e-06,metal1,metal1
86.1275,78.4,3.466e-06,metal1,metal1
85.78,36.4,1.26e-08,metal1,metal1
85.6675,44.8,7.747e-06,metal1,metal1
85.76,81.2,3.466e-09,metal1,metal1
85.6675,134.4,3.315e-06,metal1,metal1
85.8575,95.2,2.946e-09,metal1,metal1
85.7625,98.0,4.822e-09,metal1,metal1
85.66749999999999,120.4,2.364e-11,metal1,metal1
85.74000000000001,140.0,1.211e-08,metal1,metal1
85.6225,70.08500000000001,2.475e-10,metal1,metal1
85.775,131.6,4.372e-09,metal1,metal1
85.9925,22.4,4.549e-06,metal1,metal1
85.875,70.0,1.854e-06,metal1,metal1
85.9375,123.2,3.357e-09,metal1,metal1
86.17,84.0,2.905e-06,metal1,metal1
85.7925,142.8,2.206e-06,metal1,metal1
86.36875,112.0,1.749e-06,metal1,metal1
85.7875,39.2,6.197e-06,metal1,metal1
85.7875,100.8,7.734e-07,metal1,metal1
85.75999999999999,120.4,1.809e-06,metal1,metal1
85.765,44.8,2.867e-07,metal1,metal1
85.765,134.4,1.228e-07,metal1,metal1
85.78,30.8,1.537e-07,metal1,metal1
85.78,33.6,1.134e-07,metal1,metal1
85.78,56.0,3.607e-09,metal1,metal1
85.785,117.6,1.88e-06,metal1,metal1
85.855,120.4,2.127e-08,metal1,metal1
86.35249999999999,44.8,7.78e-06,metal1,metal1
85.9625,134.4,3.334e-06,metal1,metal1
86.3675,30.8,4.221e-06,metal1,metal1
85.9825,33.6,3.13e-06,metal1,metal1
85.88499999999999,56.0,3.607e-09,metal1,metal1
86.37625,117.6,1.88e-06,metal1,metal1
86.17750000000001,39.2,6.197e-06,metal1,metal1
85.8825,100.8,7.734e-07,metal1,metal1
85.9375,140.0,7.663e-08,metal1,metal1
85.97749999999999,100.8,6.795e-06,metal1,metal1
85.95,81.2,2.586e-06,metal1,metal1
85.95,92.4,2.422e-06,metal1,metal1
85.95,98.0,3.586e-06,metal1,metal1
85.95,120.4,3.939e-06,metal1,metal1
85.955,142.8,3.091e-09,metal1,metal1
85.965,86.8,1.169e-07,metal1,metal1
85.965,131.6,3.598e-08,metal1,metal1
85.97,106.4,5.709e-08,metal1,metal1
85.99000000000001,36.4,5.31e-06,metal1,metal1
85.99000000000001,56.0,5.12e-10,metal1,metal1
86.0475,81.2,2.586e-06,metal1,metal1
86.2425,92.4,2.422e-06,metal1,metal1
86.155,98.0,3.586e-06,metal1,metal1
86.05250000000001,120.4,3.939e-06,metal1,metal1
86.1425,142.8,3.091e-09,metal1,metal1
86.51124999999999,86.8,5.698e-06,metal1,metal1
86.155,131.6,4.956e-09,metal1,metal1
86.1575,106.4,4.622e-09,metal1,metal1
86.055,140.0,2.835e-10,metal1,metal1
86.1725,36.4,5.31e-06,metal1,metal1
86.0675,56.0,5.12e-10,metal1,metal1
86.3675,100.8,6.795e-06,metal1,metal1
86.14,50.4,1.432e-08,metal1,metal1
86.14,58.8,4.71e-09,metal1,metal1
86.14,95.2,3.215e-06,metal1,metal1
86.14,126.0,5.295e-08,metal1,metal1
86.14,140.0,1.269e-08,metal1,metal1
86.1275,53.285,3.187e-06,metal1,metal1
86.11500000000001,56.085,5.12e-10,metal1,metal1
86.11500000000001,72.715,1.379e-09,metal1,metal1
86.14500000000001,81.2,4.782e-08,metal1,metal1
86.15,56.0,6.434e-10,metal1,metal1
86.15,72.8,1.311e-09,metal1,metal1
86.155,120.4,5.137e-09,metal1,metal1
86.155,128.8,1.151e-09,metal1,metal1
86.16,70.0,3.429e-08,metal1,metal1
86.16,134.4,1.235e-07,metal1,metal1
86.50625,19.6,3.751e-06,metal1,metal1
86.18,28.0,3.887e-06,metal1,metal1
86.1625,53.1825,1.443e-06,metal1,metal1
86.185,33.6,5.067e-08,metal1,metal1
86.625,42.0,6.25e-06,metal1,metal1
86.25,50.4,1.432e-08,metal1,metal1
86.3375,58.8,4.71e-09,metal1,metal1
86.245,95.2,3.215e-06,metal1,metal1
86.435,126.0,1.326e-06,metal1,metal1
86.30250000000001,140.0,1.269e-08,metal1,metal1
86.1975,53.0975,2.4e-06,metal1,metal1
86.185,55.915,6.434e-10,metal1,metal1
86.185,72.88499999999999,1.311e-09,metal1,metal1
86.33250000000001,81.2,4e-09,metal1,metal1
86.34,56.0,2.813e-06,metal1,metal1
86.2525,72.8,5.668e-06,metal1,metal1
86.345,120.4,5.137e-09,metal1,metal1
86.345,128.8,1.151e-09,metal1,metal1
86.3475,70.0,2.823e-09,metal1,metal1
86.66749999999999,134.4,3.354e-06,metal1,metal1
86.67750000000001,28.0,3.887e-06,metal1,metal1
86.265,53.2,2.4e-06,metal1,metal1
86.4675,33.6,2.833e-10,metal1,metal1
87.02875,114.8,3.105e-06,metal1,metal1
86.2975,123.11500000000001,1.755e-08,metal1,metal1
86.675,64.4,3.125e-06,metal1,metal1
86.33,89.6,3.361e-06,metal1,metal1
86.33,142.8,4.924e-08,metal1,metal1
86.33500000000001,75.6,9.537e-08,metal1,metal1
86.345,106.4,3.103e-06,metal1,metal1
86.345,131.6,1.069e-10,metal1,metal1
86.35,53.2,9.022e-08,metal1,metal1
86.35,72.8,2.109e-07,metal1,metal1
86.35,95.2,5.946e-08,metal1,metal1
86.35499999999999,36.4,2.167e-06,metal1,metal1
86.36,50.4,1.751e-08,metal1,metal1
86.36,98.0,6.629e-08,metal1,metal1
86.37,61.6,3.109e-06,metal1,metal1
86.36500000000001,123.17375,1.431e-11,metal1,metal1
86.72749999999999,22.4,4.549e-06,metal1,metal1
86.75125,137.2,5.403e-06,metal1,metal1
86.63499999999999,89.6,3.361e-06,metal1,metal1
86.995,142.8,2.353e-06,metal1,metal1
86.755,75.6,2.589e-06,metal1,metal1
86.74,106.4,3.103e-06,metal1,metal1
86.44,131.6,1.285e-08,metal1,metal1
86.6275,53.2,7.185e-06,metal1,metal1
86.92500000000001,72.8,5.752e-06,metal1,metal1
86.5375,95.2,4.889e-09,metal1,metal1
86.4,123.25874999999999,1.431e-11,metal1,metal1
86.44,36.4,2.167e-06,metal1,metal1
86.63,50.4,5.436e-10,metal1,metal1
86.6425,98.0,3.599e-09,metal1,metal1
86.77250000000001,61.6,3.109e-06,metal1,metal1
86.56,123.2,1.431e-11,metal1,metal1
86.465,140.0,1.465e-07,metal1,metal1
86.52000000000001,81.2,2.687e-06,metal1,metal1
86.525,36.4,9.456e-07,metal1,metal1
86.525,56.0,1.046e-07,metal1,metal1
86.535,39.2,8.212e-09,metal1,metal1
86.535,58.8,3.386e-06,metal1,metal1
86.535,70.0,1.896e-06,metal1,metal1
86.5125,92.3725,2.422e-06,metal1,metal1
86.535,120.4,3.409e-11,metal1,metal1
86.535,128.8,3.626e-11,metal1,metal1
86.535,131.6,7.093e-09,metal1,metal1
86.59,140.0,7.433e-06,metal1,metal1
86.5475,92.44125,3.266e-10,metal1,metal1
87.09,81.2,8.417e-06,metal1,metal1
86.8475,81.2,1.11e-05,metal1,metal2
86.69,36.4,9.456e-07,metal1,metal1
87.0175,56.0,1.201e-08,metal1,metal1
86.85,56.0,1.516e-05,metal1,metal2
86.725,39.2,8.212e-09,metal1,metal1
86.9225,58.8,6.423e-06,metal1,metal1
86.85499999999999,58.8,9.809e-06,metal1,metal2
86.9275,70.0,9.457e-09,metal1,metal1
86.85499999999999,70.0,9.538e-06,metal1,metal2
86.5825,92.46875,3.266e-10,metal1,metal1
86.645,120.4,2.618e-09,metal1,metal1
86.72749999999999,128.8,1.528e-09,metal1,metal1
86.725,131.6,7.093e-09,metal1,metal1
86.75,92.4,5.963e-09,metal1,metal1
86.71000000000001,84.0,3.069e-07,metal1,metal1
86.715,78.4,1.285e-07,metal1,metal1
86.715,109.2,5.57e-08,metal1,metal1
86.715,140.0,2.756e-07,metal1,metal1
86.725,95.2,3.283e-06,metal1,metal1
86.725,100.8,9.22e-09,metal1,metal1
86.72999999999999,126.0,5.05e-08,metal1,metal1
86.74000000000001,123.2,8.724e-08,metal1,metal1
86.7175,33.66875,2.833e-10,metal1,metal1
86.7525,33.60625,3.353e-07,metal1,metal1
86.755,120.4,7.272e-09,metal1,metal1
87.09,84.0,1.838e-08,metal1,metal1
86.9425,84.0,1.587e-05,metal1,metal2
87.30250000000001,78.4,7.119e-06,metal1,metal1
86.945,78.4,1.061e-05,metal1,metal2
87.21000000000001,109.2,6.774e-06,metal1,metal1
86.945,109.2,8.296e-06,metal1,metal2
87.02250000000001,140.0,2.471e-06,metal1,metal1
86.945,140.0,9.964e-06,metal1,metal2
87.45500000000001,95.2,9.301e-06,metal1,metal1
86.95,95.2,1.258e-05,metal1,metal2
86.91499999999999,100.8,9.22e-09,metal1,metal1
87.0175,126.0,7.359e-06,metal1,metal1
86.9525,126.0,8.769e-06,metal1,metal2
86.7925,123.2,8.724e-08,metal1,metal1
86.7875,33.5375,3.353e-07,metal1,metal1
87.02000000000001,33.6,3.592e-06,metal1,metal1
86.965,33.6,3.927e-06,metal1,metal2
86.93,120.4,7.272e-09,metal1,metal1
86.845,123.2,2.432e-07,metal1,metal1
86.88749999999999,36.4,3.777e-06,metal1,metal1
87.705,47.6,1.298e-06,metal1,metal1
86.9875,47.6,6.472e-06,metal1,metal2
86.8775,50.485,5.435e-10,metal1,metal1
86.905,19.6,1.392e-07,metal1,metal1
86.905,53.2,3.073e-07,metal1,metal1
86.91499999999999,39.2,1e-07,metal1,metal1
87.155,123.2,1.948e-08,metal1,metal1
87.00999999999999,123.2,1.229e-05,metal1,metal2
86.91499999999999,131.6,1.972e-06,metal1,metal1
86.92,128.8,8.441e-11,metal1,metal1
86.9125,50.4,3.97e-06,metal1,metal1
86.925,98.0,3.923e-06,metal1,metal1
86.94,44.8,8.07e-06,metal1,metal1
86.94,89.6,2.554e-07,metal1,metal1
86.94,92.4,3.462e-06,metal1,metal1
87.4725,30.8,4.618e-07,metal1,metal1
87.03,30.8,4.683e-06,metal1,metal2
87.48875000000001,117.6,9.543e-06,metal1,metal1
87.03625,117.6,1.142e-05,metal1,metal2
86.94749999999999,50.315,3.97e-06,metal1,metal1
87.31125,19.6,1.682e-07,metal1,metal1
87.03999999999999,19.6,3.954e-06,metal1,metal2
87.0925,53.2,1.654e-08,metal1,metal1
87.03999999999999,53.2,9.472e-06,metal1,metal2
87.2,39.2,7.445e-09,metal1,metal1
87.045,39.2,7.391e-06,metal1,metal2
87.5025,131.6,4.838e-06,metal1,metal1
87.045,131.6,6.809e-06,metal1,metal2
87.005,36.4,4.782e-08,metal1,metal1
87.01249999999999,128.8,8.441e-11,metal1,metal1
87.10499999999999,50.4,1.758e-06,metal1,metal1
87.05,50.4,5.728e-06,metal1,metal2
87.57749999999999,98.0,7.213e-06,metal1,metal1
87.05,98.0,1.114e-05,metal1,metal2
87.1125,44.8,2.072e-06,metal1,metal1
87.0575,44.8,1.014e-05,metal1,metal2
87.13,89.6,2.936e-08,metal1,metal1
87.0575,89.6,1.245e-05,metal1,metal2
87.1125,92.4,6.889e-06,metal1,metal1
87.0575,92.4,1.035e-05,metal1,metal2
87.53375,86.8,9.8e-06,metal1,metal1
87.08125,86.8,1.55e-05,metal1,metal2
87.09,36.4,7.009e-06,metal1,metal1
87.095,112.0,2.576e-07,metal1,metal1
87.10499999999999,100.8,2.751e-07,metal1,metal1
87.10499999999999,120.4,9.109e-06,metal1,metal1
87.10499999999999,128.8,1.128e-06,metal1,metal1
87.12,42.0,4.072e-08,metal1,metal1
87.1125,42.0,8.453e-06,metal1,metal2
87.13,22.4,1.259e-13,metal1,metal1
87.1175,22.4,4.66e-06,metal1,metal2
87.13,64.4,8.398e-06,metal1,metal1
87.1175,64.4,1.162e-05,metal1,metal2
87.46,106.4,3.103e-06,metal1,metal1
87.35249999999999,36.4,1.021e-06,metal1,metal1
87.1325,36.4,8.03e-06,metal1,metal2
87.2825,112.0,3.282e-08,metal1,metal1
87.13499999999999,112.0,1.223e-05,metal1,metal2
89.54875,2.8,5.623e-14,metal1,metal1
87.14,2.8,8.816e-07,metal1,metal2
93.7775,5.6,5.764e-14,metal1,metal1
87.14,5.6,2.328e-06,metal1,metal2
91.49625,8.4,9.698e-14,metal1,metal1
87.14,8.4,3.414e-06,metal1,metal2
94.29375,11.2,1.53e-13,metal1,metal1
87.14,11.2,3.232e-06,metal1,metal2
94.81625,14.0,7.296e-14,metal1,metal1
87.14,14.0,4.139e-06,metal1,metal2
94.82249999999999,16.8,1.028e-13,metal1,metal1
87.14,16.8,4.143e-06,metal1,metal2
94.77875,25.2,8.786e-09,metal1,metal1
87.14,25.2,3.254e-06,metal1,metal2
95.39625000000001,28.0,1.293e-13,metal1,metal1
87.14,28.0,3.887e-06,metal1,metal2
88.1575,61.6,5.028e-06,metal1,metal1
87.14,61.6,8.137e-06,metal1,metal2
87.5925,67.2,1.07e-05,metal1,metal1
87.14,67.2,1.194e-05,metal1,metal2
87.58250000000001,75.6,5.563e-06,metal1,metal1
87.14,75.6,8.153e-06,metal1,metal2
87.28999999999999,100.8,5.359e-08,metal1,metal1
87.14,100.8,2.037e-05,metal1,metal2
87.2125,120.4,2.051e-06,metal1,metal1
87.14,120.4,1.116e-05,metal1,metal2
87.2875,128.8,8.022e-06,metal1,metal1
87.14,128.8,9.15e-06,metal1,metal2
87.68,134.4,8.203e-06,metal1,metal1
87.14,134.4,1.156e-05,metal1,metal2
87.765,137.2,5.142e-06,metal1,metal1
87.14,137.2,1.055e-05,metal1,metal2
87.4025,42.0,2.005e-09,metal1,metal1
95.64625000000001,22.4,1.272e-13,metal1,metal1
87.22,64.4,8.398e-06,metal1,metal1
87.28,53.2,2.146e-06,metal1,metal1
87.285,33.6,3.885e-09,metal1,metal1
87.285,44.8,3.832e-08,metal1,metal1
87.285,50.4,6.44e-08,metal1,metal1
87.285,92.4,2.506e-07,metal1,metal1
87.305,126.0,7.238e-09,metal1,metal1
87.31,58.8,1.187e-07,metal1,metal1
87.31,64.4,1.552e-07,metal1,metal1
87.32,70.0,7.492e-06,metal1,metal1
87.32,89.6,8.21e-06,metal1,metal1
87.32,120.4,6.95e-06,metal1,metal1
87.33,140.0,6.926e-10,metal1,metal1
87.47,53.2,6.122e-09,metal1,metal1
87.5875,33.6,3.012e-09,metal1,metal1
87.4725,44.8,2.947e-09,metal1,metal1
87.85249999999999,50.4,1.73e-06,metal1,metal1
87.38999999999999,92.4,6.684e-06,metal1,metal1
87.555,126.0,7.238e-09,metal1,metal1
87.5925,58.8,5.868e-09,metal1,metal1
87.5925,64.4,7.68e-09,metal1,metal1
87.5125,70.0,7.492e-06,metal1,metal1
87.5875,89.6,8.21e-06,metal1,metal1
87.4975,120.4,6.95e-06,metal1,metal1
87.4975,140.0,6.926e-10,metal1,metal1
87.4975,123.2,3.43e-08,metal1,metal1
87.47,84.0,1.283e-05,metal1,metal1
87.47,112.0,1.047e-05,metal1,metal1
87.47,128.8,3.341e-07,metal1,metal1
87.475,100.8,8.108e-10,metal1,metal1
87.485,39.2,1.045e-06,metal1,metal1
87.495,92.4,6.534e-09,metal1,metal1
87.5,72.8,5.248e-08,metal1,metal1
87.30250000000001,72.8,8.592e-06,metal1,metal2
87.50999999999999,56.0,1.227e-05,metal1,metal1
87.86,84.0,1.283e-05,metal1,metal1
87.6625,112.0,3.739e-06,metal1,metal1
88.1425,128.8,7.969e-06,metal1,metal1
87.575,100.8,9.672e-09,metal1,metal1
87.9325,39.2,1.045e-06,metal1,metal1
87.745,92.4,6.534e-09,metal1,metal1
87.7825,72.8,2.555e-09,metal1,metal1
87.5875,56.0,1.227e-05,metal1,metal1
87.62,123.2,3.43e-08,metal1,metal1
87.64750000000001,36.4,9.772e-10,metal1,metal1
87.66,44.8,1.976e-06,metal1,metal1
87.66,53.2,2.109e-06,metal1,metal1
87.66,81.2,7.769e-06,metal1,metal1
87.66,142.8,7.821e-07,metal1,metal1
87.3825,142.8,3.206e-06,metal1,metal2
87.66499999999999,56.0,4.524e-07,metal1,metal1
87.6425,139.89749999999998,6.926e-10,metal1,metal1
87.675,100.8,1.311e-05,metal1,metal1
87.64750000000001,120.45,6.95e-06,metal1,metal1
87.68,103.6,1.87e-07,metal1,metal1
87.3925,103.6,1.279e-05,metal1,metal2
87.685,42.0,2.181e-06,metal1,metal1
87.6825,120.36500000000001,1.381e-11,metal1,metal1
87.67750000000001,139.96625,2.582e-11,metal1,metal1
87.705,70.0,1.214e-07,metal1,metal1
87.705,109.2,1.098e-07,metal1,metal1
87.71000000000001,123.2,1.801e-11,metal1,metal1
88.05375000000001,19.6,1.682e-07,metal1,metal1
88.335,44.8,1.976e-06,metal1,metal1
87.755,53.2,2.109e-06,metal1,metal1
87.7575,81.2,7.769e-06,metal1,metal1
87.945,142.8,7.821e-07,metal1,metal1
88.0575,56.0,1.223e-05,metal1,metal1
87.7125,140.06875,2.582e-11,metal1,metal1
87.7725,100.8,1.311e-05,metal1,metal1
87.7175,120.315,1.381e-11,metal1,metal1
87.92750000000001,36.4,9.772e-10,metal1,metal1
87.8675,103.6,1.497e-08,metal1,metal1
88.36125,42.0,2.181e-06,metal1,metal1
87.8725,120.4,1.028e-08,metal1,metal1
87.865,140.0,2.582e-11,metal1,metal1
87.9875,70.0,6.81e-09,metal1,metal1
87.9875,109.2,6.184e-09,metal1,metal1
87.89,123.2,1.801e-11,metal1,metal1
87.8375,126.0,4.49e-08,metal1,metal1
87.85,53.2,1.681e-06,metal1,metal1
87.85499999999999,81.2,2.863e-07,metal1,metal1
87.85499999999999,89.6,2.004e-07,metal1,metal1
87.85499999999999,106.4,1.672e-07,metal1,metal1
87.47999999999999,106.4,1.215e-05,metal1,metal2
87.8375,112.08500000000001,3.739e-06,metal1,metal1
87.85499999999999,114.8,3.281e-07,metal1,metal1
87.47999999999999,114.8,1.203e-05,metal1,metal2
87.87,100.8,7.831e-08,metal1,metal1
87.875,58.8,6.386e-06,metal1,metal1
87.875,64.4,8.358e-06,metal1,metal1
87.89,33.6,4.23e-07,metal1,metal1
87.89,78.4,7.045e-06,metal1,metal1
87.8725,111.9825,2.338e-06,metal1,metal1
88.295,53.2,1.681e-06,metal1,metal1
88.045,81.2,7.738e-06,metal1,metal1
88.3375,89.6,8.101e-06,metal1,metal1
88.04249999999999,106.4,1.343e-08,metal1,metal1
87.9075,111.89750000000001,4.278e-06,metal1,metal1
88.1375,114.8,8.843e-06,metal1,metal1
87.9675,100.8,7.831e-08,metal1,metal1
88.0575,126.0,4.49e-08,metal1,metal1
88.055,58.8,6.386e-06,metal1,metal1
88.41375,64.4,8.358e-06,metal1,metal1
87.975,33.6,4.23e-07,metal1,metal1
88.16499999999999,78.4,7.045e-06,metal1,metal1
88.06,112.0,2.414e-08,metal1,metal1
88.0275,92.4,4.191e-12,metal1,metal1
88.03999999999999,140.0,7.166e-11,metal1,metal1
88.055,103.6,1.005e-05,metal1,metal1
88.055,120.4,1.745e-10,metal1,metal1
88.06,30.8,1.39e-08,metal1,metal1
88.06,33.6,7.819e-09,metal1,metal1
88.06,75.6,2.047e-07,metal1,metal1
88.065,72.8,2.78e-06,metal1,metal1
88.065,100.8,4.203e-08,metal1,metal1
88.04249999999999,123.13125,1.801e-11,metal1,metal1
88.08,67.2,1.042e-05,metal1,metal1
88.08,86.8,9.719e-06,metal1,metal1
88.08,117.6,9.465e-06,metal1,metal1
88.0775,123.2,2.042e-11,metal1,metal1
88.6075,131.6,4.838e-06,metal1,metal1
88.22749999999999,140.0,3.404e-09,metal1,metal1
88.3425,103.6,1.005e-05,metal1,metal1
88.155,120.4,2.318e-08,metal1,metal1
88.3575,30.8,2.911e-07,metal1,metal1
88.2475,33.6,3.916e-10,metal1,metal1
88.6225,75.6,5.523e-06,metal1,metal1
88.4075,92.4,4.191e-12,metal1,metal1
88.84625,72.8,2.78e-06,metal1,metal1
88.155,100.8,4.203e-08,metal1,metal1
88.11250000000001,123.26875000000001,2.042e-11,metal1,metal1
88.25,67.2,1.042e-05,metal1,metal1
88.4425,86.8,9.719e-06,metal1,metal1
88.57,117.6,9.465e-06,metal1,metal1
88.3675,123.2,1.96e-11,metal1,metal1
88.175,36.4,7.19e-09,metal1,metal1
88.845,95.2,9.301e-06,metal1,metal1
88.19749999999999,97.9125,1.081e-09,metal1,metal1
88.22999999999999,106.4,9.017e-06,metal1,metal1
88.22999999999999,112.0,1.034e-05,metal1,metal1
88.22999999999999,142.8,1.268e-08,metal1,metal1
88.235,58.8,2.345e-07,metal1,metal1
88.235,81.2,2.851e-07,metal1,metal1
88.2325,97.9975,9.576e-10,metal1,metal1
88.2975,36.4,9.252e-10,metal1,metal1
88.245,100.8,4.254e-08,metal1,metal1
88.245,126.0,2.337e-10,metal1,metal1
88.25,84.0,2.372e-07,metal1,metal1
88.255,120.4,1.872e-08,metal1,metal1
88.255,134.4,8.019e-09,metal1,metal1
88.27000000000001,70.0,7.427e-06,metal1,metal1
88.27000000000001,109.2,6.745e-06,metal1,metal1
88.2675,98.08500000000001,9.576e-10,metal1,metal1
88.8075,106.4,9.017e-06,metal1,metal1
88.3275,112.0,1.034e-05,metal1,metal1
88.42,142.8,1.109e-09,metal1,metal1
88.4375,58.8,6.315e-06,metal1,metal1
88.445,81.2,7.701e-06,metal1,metal1
88.52,98.0,7.133e-06,metal1,metal1
88.405,100.8,4.254e-08,metal1,metal1
88.405,126.0,6.757e-08,metal1,metal1
88.4375,84.0,1.902e-08,metal1,metal1
88.44,120.4,1.872e-08,metal1,metal1
88.505,134.4,8.019e-09,metal1,metal1
88.6325,70.0,7.427e-06,metal1,metal1
88.5425,109.2,6.745e-06,metal1,metal1
88.7575,39.2,1.045e-06,metal1,metal1
88.44749999999999,140.0,2.617e-06,metal1,metal1
88.42,36.4,5.604e-10,metal1,metal1
88.42,50.4,2.804e-08,metal1,metal1
88.42,67.2,1.689e-07,metal1,metal1
88.42,114.8,1.434e-07,metal1,metal1
88.425,112.0,1.912e-07,metal1,metal1
88.425,137.2,1.894e-07,metal1,metal1
88.435,33.6,2.599e-07,metal1,metal1
88.44,78.4,2.58e-07,metal1,metal1
88.45,56.0,2.293e-07,metal1,metal1
88.46000000000001,19.6,1.171e-07,metal1,metal1
88.72999999999999,36.4,5.605e-10,metal1,metal1
88.61,50.4,2.45e-09,metal1,metal1
88.61,67.2,1.513e-08,metal1,metal1
88.61,114.8,1.29e-08,metal1,metal1
88.6125,112.0,1.524e-08,metal1,metal1
89.005,137.2,5.118e-06,metal1,metal1
88.545,33.6,2.599e-07,metal1,metal1
88.6225,78.4,6.927e-06,metal1,metal1
88.625,56.0,1.832e-07,metal1,metal1
89.2325,19.6,1.171e-07,metal1,metal1
88.845,140.0,2.617e-06,metal1,metal1
88.5975,100.8,1.34e-07,metal1,metal1
88.5975,126.0,6.368e-11,metal1,metal1
88.61,47.6,1.255e-06,metal1,metal1
88.61,142.8,7.577e-07,metal1,metal1
88.625,84.0,1.277e-05,metal1,metal1
88.625,120.4,6.791e-06,metal1,metal1
88.63,103.6,1.858e-07,metal1,metal1
88.64,58.8,1.167e-07,metal1,metal1
88.65,123.2,2.17e-08,metal1,metal1
88.655,30.8,4.456e-09,metal1,metal1
88.655,33.6,4.124e-10,metal1,metal1
88.655,81.2,1.248e-07,metal1,metal1
88.815,47.6,1.255e-06,metal1,metal1
89.625,142.8,7.577e-07,metal1,metal1
89.30375000000001,84.0,1.277e-05,metal1,metal1
89.4,120.4,6.791e-06,metal1,metal1
88.83000000000001,100.8,1.279e-10,metal1,metal1
88.8175,103.6,1.489e-08,metal1,metal1
88.8775,126.0,6.369e-11,metal1,metal1
88.9225,58.8,5.734e-09,metal1,metal1
88.7225,123.2,2.17e-08,metal1,metal1
89.2225,30.8,8.381e-11,metal1,metal1
88.91749999999999,33.6,4.124e-10,metal1,metal1
88.9375,81.2,6.919e-09,metal1,metal1
89.11500000000001,53.2,1.681e-06,metal1,metal1
88.7875,92.4,2.207e-15,metal1,metal1
88.7875,134.4,1.105e-10,metal1,metal1
88.8275,123.2,5.199e-06,metal1,metal1
88.8,50.4,1.674e-06,metal1,metal1
88.8,56.0,2.734e-07,metal1,metal1
88.8,67.2,1.035e-05,metal1,metal1
88.8,112.0,1.023e-05,metal1,metal1
88.8,114.8,8.819e-06,metal1,metal1
88.805,78.4,2.553e-07,metal1,metal1
88.805,86.8,7.069e-08,metal1,metal1
88.805,98.0,8.177e-07,metal1,metal1
88.815,109.2,1.382e-07,metal1,metal1
88.815,128.8,1.631e-07,metal1,metal1
88.82,89.6,1.457e-07,metal1,metal1
88.9925,50.4,1.674e-06,metal1,metal1
88.9075,56.0,2.734e-07,metal1,metal1
89.18,67.2,1.33e-08,metal1,metal1
89.3975,112.0,1.023e-05,metal1,metal1
89.29499999999999,114.8,8.819e-06,metal1,metal1
89.3825,78.4,6.899e-06,metal1,metal1
88.9175,86.8,7.069e-08,metal1,metal1
88.9,98.0,8.177e-07,metal1,metal1
89.19,109.2,6.659e-06,metal1,metal1
89.195,128.8,7.851e-06,metal1,metal1
89.0,89.6,3.867e-10,metal1,metal1
89.0675,92.4,3.74e-15,metal1,metal1
89.105,134.4,1.105e-10,metal1,metal1
89.3125,123.2,5.199e-06,metal1,metal1
89.42125,64.4,8.358e-06,metal1,metal1
88.995,70.0,1.373e-07,metal1,metal1
88.995,98.0,5.456e-06,metal1,metal1
89.005,103.6,9.997e-06,metal1,metal1
89.00999999999999,44.8,3.655e-08,metal1,metal1
89.015,56.0,1.174e-05,metal1,metal1
89.02000000000001,47.6,2.32e-08,metal1,metal1
89.03,86.8,1.523e-07,metal1,metal1
89.03,100.8,3.941e-08,metal1,metal1
89.64375,42.0,2.181e-06,metal1,metal1
89.03999999999999,36.4,7.791e-10,metal1,metal1
89.48,117.6,9.465e-06,metal1,metal1
89.1825,70.0,1.1e-08,metal1,metal1
89.0875,98.0,1.792e-08,metal1,metal1
89.095,103.6,9.997e-06,metal1,metal1
89.19749999999999,44.8,2.706e-09,metal1,metal1
89.1075,56.0,1.174e-05,metal1,metal1
89.30250000000001,47.6,1.1e-09,metal1,metal1
89.10499999999999,86.8,5.206e-08,metal1,metal1
89.17750000000001,100.8,3.941e-08,metal1,metal1
89.22,36.4,7.791e-10,metal1,metal1
89.125,126.0,5.344e-10,metal1,metal1
89.18,33.6,3.046e-09,metal1,metal1
89.18,86.8,6.629e-08,metal1,metal1
89.18,89.6,1.126e-09,metal1,metal1
89.18,98.0,8.125e-07,metal1,metal1
89.185,50.4,3.096e-08,metal1,metal1
89.185,75.6,1.021e-07,metal1,metal1
89.185,103.6,8.006e-08,metal1,metal1
89.1625,126.0,5.344e-10,metal1,metal1
89.195,131.6,6.309e-09,metal1,metal1
89.2,56.0,7.253e-08,metal1,metal1
89.2,126.0,6.439e-10,metal1,metal1
89.205,39.2,1.021e-09,metal1,metal1
89.205,58.8,6.24e-06,metal1,metal1
89.21000000000001,61.6,9.293e-08,metal1,metal1
89.21000000000001,140.0,3.856e-07,metal1,metal1
89.22,81.2,7.545e-06,metal1,metal1
89.485,33.6,3.016e-10,metal1,metal1
89.295,86.8,6.629e-08,metal1,metal1
89.3725,89.6,1.126e-09,metal1,metal1
89.275,98.0,8.125e-07,metal1,metal1
89.3725,50.4,2.399e-09,metal1,metal1
89.3725,75.6,8.15e-09,metal1,metal1
89.2875,103.6,8.006e-08,metal1,metal1
89.385,131.6,6.309e-09,metal1,metal1
89.295,56.0,7.253e-08,metal1,metal1
89.58250000000001,126.0,1.68e-09,metal1,metal1
89.455,39.2,1.021e-09,metal1,metal1
89.28999999999999,58.8,6.24e-06,metal1,metal1
89.4925,61.6,4.506e-09,metal1,metal1
89.30250000000001,140.0,3.856e-07,metal1,metal1
89.5875,81.2,7.545e-06,metal1,metal1
89.315,92.4,9.099e-15,metal1,metal1
89.3575,100.8,6.196e-12,metal1,metal1
89.37,70.0,7.387e-06,metal1,metal1
89.37,98.0,3.736e-08,metal1,metal1
89.375,58.8,2.297e-07,metal1,metal1
89.38499999999999,44.8,1.814e-06,metal1,metal1
89.7475,92.4,3.883e-13,metal1,metal1
89.38499999999999,106.4,1.176e-08,metal1,metal1
89.39,56.0,2.154e-07,metal1,metal1
89.39,103.6,3.457e-07,metal1,metal1
89.39,134.4,3.776e-10,metal1,metal1
89.39500000000001,140.0,1.925e-06,metal1,metal1
89.4,36.4,5.583e-07,metal1,metal1
89.41,86.8,8.598e-06,metal1,metal1
89.475,70.0,7.387e-06,metal1,metal1
89.48,98.0,3.736e-08,metal1,metal1
89.6725,58.8,6.198e-06,metal1,metal1
89.77000000000001,44.8,1.814e-06,metal1,metal1
89.575,106.4,1.176e-08,metal1,metal1
89.5775,56.0,1.713e-08,metal1,metal1
89.63749999999999,100.8,6.194e-12,metal1,metal1
89.475,103.6,4.046e-08,metal1,metal1
89.4525,134.4,3.776e-10,metal1,metal1
89.58500000000001,140.0,2.537e-09,metal1,metal1
89.48,36.4,5.583e-07,metal1,metal1
89.7775,86.8,8.598e-06,metal1,metal1
89.5475,134.4,1.851e-10,metal1,metal1
89.56,36.4,6.978e-09,metal1,metal1
89.56,50.4,1.61e-06,metal1,metal1
89.56,53.2,1.581e-06,metal1,metal1
89.56,67.2,1.02e-05,metal1,metal1
89.56,75.6,5.471e-06,metal1,metal1
89.56,103.6,5.425e-08,metal1,metal1
89.535,89.515,1.126e-09,metal1,metal1
89.565,109.2,2.457e-07,metal1,metal1
89.57,89.6,1.859e-09,metal1,metal1
89.575,95.2,1.914e-07,metal1,metal1
89.575,128.8,1.33e-09,metal1,metal1
89.575,131.6,1.421e-10,metal1,metal1
89.58,70.0,2.722e-07,metal1,metal1
89.58500000000001,47.6,1.196e-06,metal1,metal1
89.58500000000001,137.2,5.057e-09,metal1,metal1
89.59,98.0,1.262e-07,metal1,metal1
90.33875,72.8,2.78e-06,metal1,metal1
89.8425,36.4,1.319e-07,metal1,metal1
89.6575,50.4,1.61e-06,metal1,metal1
89.7575,53.2,1.581e-06,metal1,metal1
89.7525,67.2,1.02e-05,metal1,metal1
89.845,75.6,9.736e-09,metal1,metal1
89.6625,103.6,5.425e-08,metal1,metal1
89.60499999999999,89.685,1.859e-09,metal1,metal1
89.7675,109.2,6.645e-06,metal1,metal1
89.85499999999999,89.6,7.992e-06,metal1,metal1
90.2425,95.2,9.265e-06,metal1,metal1
89.7575,128.8,1.33e-09,metal1,metal1
89.86,131.6,4.189e-09,metal1,metal1
89.9525,70.0,7.352e-06,metal1,metal1
89.6725,134.4,1.851e-10,metal1,metal1
89.9625,47.6,1.196e-06,metal1,metal1
89.83500000000001,137.2,5.057e-09,metal1,metal1
89.8725,98.0,1.222e-08,metal1,metal1
89.73750000000001,39.2,6.565e-13,metal1,metal1
89.755,50.4,5.896e-08,metal1,metal1
89.765,56.0,1.15e-05,metal1,metal1
89.765,103.6,9.841e-06,metal1,metal1
89.765,106.4,1.726e-10,metal1,metal1
89.765,123.2,6.779e-09,metal1,metal1
89.765,134.4,2.26e-10,metal1,metal1
89.775,61.6,4.902e-06,metal1,metal1
89.775,140.0,1.622e-07,metal1,metal1
89.78999999999999,30.8,1.952e-07,metal1,metal1
89.78999999999999,33.6,1.731e-09,metal1,metal1
89.78999999999999,114.8,1.441e-07,metal1,metal1
89.85,50.4,1.584e-06,metal1,metal1
89.85499999999999,56.0,1.15e-05,metal1,metal1
89.9575,103.6,9.841e-06,metal1,metal1
90.05,106.4,9.939e-10,metal1,metal1
89.955,123.2,6.779e-09,metal1,metal1
89.92,134.4,2.26e-10,metal1,metal1
90.1175,39.2,6.569e-13,metal1,metal1
89.86,61.6,4.902e-06,metal1,metal1
89.83500000000001,140.0,1.622e-07,metal1,metal1
90.46375,30.8,1.952e-07,metal1,metal1
89.86500000000001,33.6,1.731e-09,metal1,metal1
89.8675,114.8,8.427e-08,metal1,metal1
89.88499999999999,100.8,6.577e-10,metal1,metal1
89.88499999999999,140.0375,1.622e-07,metal1,metal1
89.94,33.6,5.36e-08,metal1,metal1
89.9125,128.6975,1.33e-09,metal1,metal1
89.945,50.4,2.929e-08,metal1,metal1
89.945,56.0,4.239e-07,metal1,metal1
89.945,61.6,6.661e-09,metal1,metal1
89.945,67.2,1.886e-07,metal1,metal1
89.945,114.8,1.165e-09,metal1,metal1
89.945,140.075,3.356e-11,metal1,metal1
89.9225,53.1725,1.581e-06,metal1,metal1
89.955,81.2,1.536e-07,metal1,metal1
90.0275,100.8,1.362e-10,metal1,metal1
89.94749999999999,128.7475,8.74e-13,metal1,metal1
89.9575,53.2575,1.032e-10,metal1,metal1
89.96000000000001,64.4,1.545e-07,metal1,metal1
89.93,78.485,6.899e-06,metal1,metal1
89.9425,125.93125,1.68e-09,metal1,metal1
89.97,58.8,2.068e-08,metal1,metal1
89.965,78.4,4.009e-10,metal1,metal1
89.94,109.11500000000001,6.645e-06,metal1,metal1
89.97,117.6,1.749e-07,metal1,metal1
89.975,109.18375,4.63e-10,metal1,metal1
90.59125,84.0,1.277e-05,metal1,metal1
89.97749999999999,125.99000000000001,1.332e-09,metal1,metal1
90.5225,112.0,1.023e-05,metal1,metal1
90.7075,19.6,1.171e-07,metal1,metal1
90.14,33.6,5.36e-08,metal1,metal1
89.98249999999999,128.85000000000002,8.741e-13,metal1,metal1
90.1325,50.4,2.257e-09,metal1,metal1
90.2475,56.0,1.903e-08,metal1,metal1
90.1325,61.6,6.661e-09,metal1,metal1
90.1325,67.2,1.51e-08,metal1,metal1
90.0575,114.8,2.118e-08,metal1,metal1
89.98750000000001,140.0375,3.356e-11,metal1,metal1
89.9925,53.285,1.032e-10,metal1,metal1
90.14750000000001,81.2,7.359e-06,metal1,metal1
90.24,128.8,6.784e-09,metal1,metal1
90.23750000000001,53.2,1.356e-06,metal1,metal1
90.14750000000001,64.4,1.23e-08,metal1,metal1
90.0,78.315,4.009e-10,metal1,metal1
90.3075,140.0,2.285e-11,metal1,metal1
90.0125,126.05875,1.332e-09,metal1,metal1
90.06,58.8,2.068e-08,metal1,metal1
90.2525,78.4,7.574e-09,metal1,metal1
90.00999999999999,109.26875000000001,4.63e-10,metal1,metal1
90.2525,117.6,8.627e-09,metal1,metal1
90.17,109.2,1.811e-09,metal1,metal1
90.17,126.0,1.332e-09,metal1,metal1
90.075,134.4,1.246e-10,metal1,metal1
90.1175,137.2,5.557e-08,metal1,metal1
90.1575,36.4,6.246e-07,metal1,metal1
90.13,75.6,5.408e-06,metal1,metal1
90.13499999999999,89.6,1.915e-07,metal1,metal1
90.14500000000001,86.8,1.765e-07,metal1,metal1
90.14500000000001,123.2,1.528e-10,metal1,metal1
90.14500000000001,131.6,4.69e-06,metal1,metal1
90.295,134.4,6.558e-09,metal1,metal1
90.15,58.8,4.064e-10,metal1,metal1
90.15,103.6,3.609e-07,metal1,metal1
90.155,44.8,1.773e-09,metal1,metal1
90.155,98.0,6.789e-06,metal1,metal1
90.17,100.8,3.923e-11,metal1,metal1
90.17,114.8,8.652e-06,metal1,metal1
90.88,120.4,6.791e-06,metal1,metal1
90.18,92.4,6.907e-10,metal1,metal1
90.33000000000001,75.6,5.408e-06,metal1,metal1
90.515,89.6,7.597e-06,metal1,metal1
90.4425,86.8,1.447e-08,metal1,metal1
90.43,123.2,4.511e-09,metal1,metal1
90.51750000000001,131.6,6.194e-09,metal1,metal1
90.3425,58.8,8.439e-09,metal1,metal1
90.3375,103.6,1.354e-08,metal1,metal1
90.4975,137.2,6.393e-09,metal1,metal1
90.405,44.8,1.773e-09,metal1,metal1
90.33500000000001,98.0,6.789e-06,metal1,metal1
90.46000000000001,100.8,3.923e-11,metal1,metal1
90.53999999999999,114.8,8.652e-06,metal1,metal1
90.36,92.4,6.907e-10,metal1,metal1
90.255,36.4,6.246e-07,metal1,metal1
90.32,36.4,1.181e-06,metal1,metal1
90.32,42.0,3.57e-08,metal1,metal1
90.32,50.4,1.514e-06,metal1,metal1
90.32,61.6,2.525e-10,metal1,metal1
90.32,67.2,1.014e-05,metal1,metal1
90.325,70.0,2.709e-07,metal1,metal1
90.33500000000001,64.4,8.254e-06,metal1,metal1
90.30250000000001,106.45,9.939e-10,metal1,metal1
90.34,33.6,9.898e-10,metal1,metal1
90.34,47.6,2.21e-08,metal1,metal1
90.34,81.2,2.67e-07,metal1,metal1
90.3375,106.36500000000001,1.171e-09,metal1,metal1
90.35,126.0,7.618e-08,metal1,metal1
90.36,109.2,2.934e-08,metal1,metal1
90.8075,36.4,1.181e-06,metal1,metal1
90.7,42.0,1.433e-10,metal1,metal1
90.815,50.4,1.431e-09,metal1,metal1
90.51,61.6,7.012e-09,metal1,metal1
90.9925,67.2,1.014e-05,metal1,metal1
90.7025,70.0,9.498e-09,metal1,metal1
90.4225,64.4,6.916e-08,metal1,metal1
90.3725,106.315,1.171e-09,metal1,metal1
90.5275,33.6,1.447e-12,metal1,metal1
90.7175,47.6,7.23e-10,metal1,metal1
90.61500000000001,81.2,7.103e-06,metal1,metal1
90.44,106.4,1.171e-09,metal1,metal1
90.4075,126.0,7.618e-08,metal1,metal1
90.44749999999999,109.2,2.934e-08,metal1,metal1
90.4975,39.2,2.433e-12,metal1,metal1
90.4975,126.0,9.978e-09,metal1,metal1
90.50999999999999,64.4,8.116e-06,metal1,metal1
90.515,53.2,4.96e-08,metal1,metal1
90.515,98.0,4.342e-08,metal1,metal1
90.515,134.4,6.263e-09,metal1,metal1
90.525,103.6,9.986e-08,metal1,metal1
90.525,128.8,7.622e-06,metal1,metal1
90.53,75.6,1.988e-07,metal1,metal1
90.535,58.8,5.958e-06,metal1,metal1
90.535,78.4,6.724e-06,metal1,metal1
90.535,109.2,5.903e-06,metal1,metal1
90.535,117.6,9.388e-06,metal1,metal1
90.53999999999999,92.4,4.945e-07,metal1,metal1
90.53999999999999,106.4,1.598e-07,metal1,metal1
90.55,56.0,1.133e-05,metal1,metal1
90.9925,64.4,8.116e-06,metal1,metal1
91.18,53.2,1.331e-06,metal1,metal1
90.6075,98.0,4.342e-08,metal1,metal1
90.72749999999999,134.4,6.263e-09,metal1,metal1
90.61250000000001,103.6,9.986e-08,metal1,metal1
90.7175,128.8,7.622e-06,metal1,metal1
90.7775,39.2,2.432e-12,metal1,metal1
90.9975,75.6,5.36e-06,metal1,metal1
90.80250000000001,126.0,9.978e-09,metal1,metal1
90.6325,58.8,5.958e-06,metal1,metal1
90.62,78.4,6.724e-06,metal1,metal1
90.6275,109.2,5.903e-06,metal1,metal1
90.725,117.6,9.388e-06,metal1,metal1
90.83,92.4,4.945e-07,metal1,metal1
90.82249999999999,106.4,7.853e-09,metal1,metal1
90.63999999999999,56.0,1.133e-05,metal1,metal1
91.58500000000001,142.8,7.577e-07,metal1,metal1
90.6875,44.8,1.137e-12,metal1,metal1
90.6875,140.0,2.207e-14,metal1,metal1
90.7,61.6,4.873e-06,metal1,metal1
90.7,98.0,7.114e-10,metal1,metal1
90.7,103.6,9.794e-06,metal1,metal1
90.705,78.4,2.477e-07,metal1,metal1
90.715,33.6,4.683e-14,metal1,metal1
90.715,123.2,5.05e-06,metal1,metal1
90.72,109.2,2.176e-07,metal1,metal1
90.72999999999999,56.0,4.301e-08,metal1,metal1
90.72999999999999,58.8,1.101e-07,metal1,metal1
90.74000000000001,86.8,8.49e-06,metal1,metal1
90.75,100.8,8.114e-14,metal1,metal1
90.8925,61.6,4.873e-06,metal1,metal1
91.67750000000001,98.0,6.704e-06,metal1,metal1
90.905,103.6,9.794e-06,metal1,metal1
91.08500000000001,78.4,6.688e-06,metal1,metal1
98.33500000000001,33.6,4.48e-14,metal1,metal1
90.81,123.2,5.05e-06,metal1,metal1
91.0675,44.8,1.137e-12,metal1,metal1
91.005,109.2,5.881e-06,metal1,metal1
90.9675,140.0,2.174e-14,metal1,metal1
90.8125,56.0,4.301e-08,metal1,metal1
91.0125,58.8,5.412e-09,metal1,metal1
91.18125,86.8,8.49e-06,metal1,metal1
90.93,100.8,8.324e-14,metal1,metal1
90.8775,137.2,2.165e-08,metal1,metal1
90.89,81.2,1.152e-07,metal1,metal1
90.89,131.6,4.669e-06,metal1,metal1
90.89500000000001,56.0,2.803e-10,metal1,metal1
90.89500000000001,89.6,2.8e-07,metal1,metal1
90.905,123.2,6.586e-09,metal1,metal1
90.91,95.2,3.387e-07,metal1,metal1
90.91,114.8,3.182e-07,metal1,metal1
90.91,128.8,1.409e-07,metal1,metal1
90.91499999999999,117.6,9.178e-09,metal1,metal1
90.94,134.4,8.034e-08,metal1,metal1
91.08,81.2,1.035e-08,metal1,metal1
91.1825,131.6,4.669e-06,metal1,metal1
91.095,56.0,1.503e-08,metal1,metal1
91.2825,89.6,7.569e-06,metal1,metal1
91.095,123.2,6.586e-09,metal1,metal1
91.29499999999999,95.2,9.08e-06,metal1,metal1
91.3,114.8,1.073e-08,metal1,metal1
91.0975,128.8,1.125e-08,metal1,metal1
91.01499999999999,137.2,2.165e-08,metal1,metal1
91.16499999999999,117.6,9.178e-09,metal1,metal1
91.00999999999999,134.4,4.206e-10,metal1,metal1
91.025,39.2,2.56e-09,metal1,metal1
91.1075,126.0,9.089e-08,metal1,metal1
91.0475,41.915,1.433e-10,metal1,metal1
91.08,70.0,7.242e-06,metal1,metal1
91.08,134.4,1.37e-08,metal1,metal1
91.0825,42.0,2.705e-10,metal1,metal1
91.08500000000001,61.6,9.011e-08,metal1,metal1
91.2625,39.2,1.43e-10,metal1,metal1
91.095,47.6,1.086e-06,metal1,metal1
91.10499999999999,106.4,8.545e-06,metal1,metal1
91.08,100.86875,8.338e-14,metal1,metal1
91.11,103.6,3.529e-08,metal1,metal1
91.12,72.8,2.681e-06,metal1,metal1
91.12,92.4,4.853e-08,metal1,metal1
91.115,100.76625,1.029e-09,metal1,metal1
91.12,112.0,1.013e-05,metal1,metal1
91.12,137.2,1.703e-08,metal1,metal1
91.74125000000001,30.8,1.952e-07,metal1,metal1
91.1175,42.085,2.705e-10,metal1,metal1
91.27250000000001,70.0,7.242e-06,metal1,metal1
91.19,134.4,1.37e-08,metal1,metal1
91.7475,42.0,1.996e-06,metal1,metal1
91.27250000000001,61.6,7.23e-09,metal1,metal1
91.47999999999999,47.6,1.086e-06,metal1,metal1
91.2825,106.4,2.657e-08,metal1,metal1
91.15,100.69749999999999,1.029e-09,metal1,metal1
91.19,103.6,3.529e-08,metal1,metal1
91.4825,72.8,8.016e-08,metal1,metal1
91.1925,92.4,3.493e-06,metal1,metal1
91.47749999999999,100.8,1.029e-09,metal1,metal1
91.21000000000001,112.0,1.013e-05,metal1,metal1
91.2625,137.2,1.703e-08,metal1,metal1
91.1825,126.0,9.089e-08,metal1,metal1
91.215,140.0,0.0,metal1,metal1
91.2575,126.0,8.305e-10,metal1,metal1
91.2975,92.4,1.829e-06,metal1,metal1
91.27000000000001,81.2,7.075e-06,metal1,metal1
91.27000000000001,84.0,2.069e-07,metal1,metal1
91.27000000000001,103.6,1.57e-08,metal1,metal1
91.285,123.2,1.482e-10,metal1,metal1
91.285,128.8,7.55e-06,metal1,metal1
91.64750000000001,140.0,8.746e-16,metal1,metal1
91.28999999999999,109.2,1.088e-07,metal1,metal1
91.295,36.4,1.154e-09,metal1,metal1
91.295,56.0,1.117e-05,metal1,metal1
91.295,58.8,5.889e-06,metal1,metal1
91.3,112.0,1.873e-07,metal1,metal1
91.3,134.4,4.763e-09,metal1,metal1
91.31,50.4,1.432e-06,metal1,metal1
91.47,81.2,7.075e-06,metal1,metal1
91.46000000000001,84.0,1.851e-08,metal1,metal1
91.4725,103.6,7.071e-10,metal1,metal1
91.57,123.2,4.363e-09,metal1,metal1
91.475,128.8,7.55e-06,metal1,metal1
91.47749999999999,109.2,8.591e-09,metal1,metal1
91.3775,126.0,8.305e-10,metal1,metal1
91.545,36.4,1.154e-09,metal1,metal1
91.47999999999999,56.0,1.117e-05,metal1,metal1
91.66499999999999,58.8,5.889e-06,metal1,metal1
91.5825,112.0,9.293e-09,metal1,metal1
91.6625,134.4,4.763e-09,metal1,metal1
91.58500000000001,50.4,1.432e-06,metal1,metal1
91.41499999999999,92.4,1.829e-06,metal1,metal1
91.405,137.2,3.352e-10,metal1,metal1
91.44749999999999,44.8,0.0,metal1,metal1
91.44749999999999,117.6,1.181e-11,metal1,metal1
91.46000000000001,61.6,4.853e-06,metal1,metal1
91.46000000000001,106.4,8.436e-06,metal1,metal1
91.465,70.0,2.668e-07,metal1,metal1
91.465,75.6,1.972e-07,metal1,metal1
91.465,78.4,2.468e-07,metal1,metal1
91.465,126.0,3.01e-10,metal1,metal1
91.475,64.4,1.058e-08,metal1,metal1
91.475,131.6,6.089e-09,metal1,metal1
91.8375,137.2,1.478e-13,metal1,metal1
91.47999999999999,19.6,2.161e-09,metal1,metal1
91.5,39.2,3.371e-10,metal1,metal1
91.5,92.4,5.781e-06,metal1,metal1
91.855,61.6,1.232e-07,metal1,metal1
91.5575,106.4,8.436e-06,metal1,metal1
91.8625,70.0,7.206e-06,metal1,metal1
92.13,75.6,5.322e-06,metal1,metal1
91.57249999999999,78.4,6.675e-06,metal1,metal1
91.625,126.0,3.01e-10,metal1,metal1
91.66499999999999,64.4,1.058e-08,metal1,metal1
91.66499999999999,131.6,6.089e-09,metal1,metal1
98.90875,19.6,8.887e-14,metal1,metal1
91.72749999999999,44.8,1.169e-15,metal1,metal1
91.8275,117.6,1.181e-11,metal1,metal1
91.695,39.2,3.371e-10,metal1,metal1
91.69,92.4,5.781e-06,metal1,metal1
91.99375,86.8,8.49e-06,metal1,metal1
91.65,84.0,1.266e-05,metal1,metal1
91.655,106.4,1.162e-08,metal1,metal1
91.655,120.4,1.256e-07,metal1,metal1
91.66499999999999,56.0,2.289e-07,metal1,metal1
91.66499999999999,67.2,1.215e-09,metal1,metal1
91.66499999999999,109.2,5.765e-06,metal1,metal1
91.66499999999999,128.8,1.545e-07,metal1,metal1
91.67,81.2,1.308e-07,metal1,metal1
91.67,89.6,1.4e-07,metal1,metal1
91.6425,103.515,7.071e-10,metal1,metal1
91.68,78.4,1.234e-07,metal1,metal1
91.68,95.2,1.678e-07,metal1,metal1
91.6775,103.6,8.106e-10,metal1,metal1
91.69,114.8,8.47e-06,metal1,metal1
92.03,84.0,1.616e-08,metal1,metal1
91.8425,106.4,1.162e-08,metal1,metal1
91.8425,120.4,9.92e-09,metal1,metal1
92.03999999999999,56.0,1.103e-05,metal1,metal1
91.855,67.2,1.215e-09,metal1,metal1
92.06375,109.2,5.765e-06,metal1,metal1
92.48750000000001,128.8,7.433e-06,metal1,metal1
91.8575,81.2,1.045e-08,metal1,metal1
91.8575,89.6,1.116e-08,metal1,metal1
91.7125,103.685,8.106e-10,metal1,metal1
91.9625,78.4,6.052e-09,metal1,metal1
91.9625,95.2,8.251e-09,metal1,metal1
91.95,103.6,1.26e-09,metal1,metal1
92.2525,114.8,8.47e-06,metal1,metal1
91.785,126.0,1.88e-09,metal1,metal1
91.8275,36.4,7.396e-13,metal1,metal1
91.8675,100.8,1.176e-05,metal1,metal1
91.845,53.2,4.802e-08,metal1,metal1
91.845,72.8,3.628e-07,metal1,metal1
91.85499999999999,64.4,2.381e-10,metal1,metal1
91.85499999999999,123.2,4.885e-06,metal1,metal1
91.9075,126.0,2.434e-10,metal1,metal1
91.85499999999999,131.6,1.368e-10,metal1,metal1
91.86,50.4,5.141e-08,metal1,metal1
91.86500000000001,47.6,1.062e-09,metal1,metal1
91.86500000000001,112.0,1.011e-05,metal1,metal1
91.88,92.4,1.067e-07,metal1,metal1
91.89,39.2,4.733e-13,metal1,metal1
92.425,53.2,1.27e-06,metal1,metal1
91.9375,72.8,3.628e-07,metal1,metal1
92.14,64.4,7.009e-09,metal1,metal1
92.2475,123.2,6.087e-09,metal1,metal1
92.14,131.6,4.018e-09,metal1,metal1
92.2075,36.4,7.402e-13,metal1,metal1
92.3275,50.4,1.352e-06,metal1,metal1
92.11500000000001,47.6,1.062e-09,metal1,metal1
92.33500000000001,112.0,1.011e-05,metal1,metal1
91.9775,92.4,8.132e-07,metal1,metal1
92.07,39.2,4.706e-13,metal1,metal1
92.1575,100.8,1.176e-05,metal1,metal1
91.975,44.8,4.549e-15,metal1,metal1
106.52375,2.8,5.623e-14,metal1,metal1
92.0575,134.4,7.281e-06,metal1,metal1
92.03,72.8,2.21e-06,metal1,metal1
92.03,106.4,4.447e-08,metal1,metal1
92.03,120.4,6.657e-06,metal1,metal1
92.03,126.0,1.466e-10,metal1,metal1
92.035,58.8,1.089e-07,metal1,metal1
92.4075,44.8,4.998e-16,metal1,metal1
92.0125,67.25,1.215e-09,metal1,metal1
92.045,81.2,7.016e-06,metal1,metal1
92.045,89.6,7.493e-06,metal1,metal1
92.0475,67.16499999999999,1.356e-13,metal1,metal1
92.075,92.4,7.038e-07,metal1,metal1
92.08,140.0,1.562e-12,metal1,metal1
92.235,72.8,2.628e-06,metal1,metal1
92.13499999999999,106.4,4.447e-08,metal1,metal1
92.2225,120.4,6.657e-06,metal1,metal1
92.34,126.0,1.466e-10,metal1,metal1
92.2225,58.8,8.704e-09,metal1,metal1
92.0825,67.11500000000001,1.358e-13,metal1,metal1
92.22999999999999,81.2,7.016e-06,metal1,metal1
92.22749999999999,89.6,7.493e-06,metal1,metal1
92.3325,67.2,2.722e-09,metal1,metal1
92.16749999999999,92.4,7.038e-07,metal1,metal1
92.25999999999999,140.0,1.567e-12,metal1,metal1
92.35499999999999,134.4,7.281e-06,metal1,metal1
92.16499999999999,117.685,1.181e-11,metal1,metal1
92.19749999999999,103.51249999999999,1.26e-09,metal1,metal1
92.225,117.77,5.634e-12,metal1,metal1
92.24000000000001,106.4,1.498e-07,metal1,metal1
92.245,78.4,6.585e-06,metal1,metal1
92.245,95.2,8.979e-06,metal1,metal1
92.23249999999999,103.5975,9.351e-06,metal1,metal1
92.25,39.2,0.0,metal1,metal1
92.25,61.6,5.513e-07,metal1,metal1
92.5875,70.0,7.206e-06,metal1,metal1
92.25999999999999,92.4,4.224e-06,metal1,metal1
92.27000000000001,137.2,5.983e-10,metal1,metal1
92.2675,103.685,9.351e-06,metal1,metal1
92.26750000000001,117.685,5.631e-12,metal1,metal1
92.42750000000001,106.4,2.329e-08,metal1,metal1
92.48750000000001,117.6,4.926e-11,metal1,metal1
92.3375,78.4,6.585e-06,metal1,metal1
92.68875,95.2,8.979e-06,metal1,metal1
92.33,103.6,9.351e-06,metal1,metal1
92.6125,39.2,4.55e-16,metal1,metal1
92.35,61.6,5.513e-07,metal1,metal1
92.4425,92.4,2.364e-09,metal1,metal1
92.435,137.2,5.983e-10,metal1,metal1
92.39750000000001,47.6,6.801e-13,metal1,metal1
92.41,42.0,1.696e-08,metal1,metal1
92.41,58.8,5.843e-06,metal1,metal1
92.41,84.0,1.229e-05,metal1,metal1
92.41,89.6,3.104e-07,metal1,metal1
92.41499999999999,30.8,3.605e-09,metal1,metal1
92.41499999999999,56.0,6.036e-08,metal1,metal1
92.41499999999999,81.2,5.058e-08,metal1,metal1
92.41499999999999,100.8,4.321e-07,metal1,metal1
92.41499999999999,103.6,3.444e-07,metal1,metal1
92.3925,120.5025,6.657e-06,metal1,metal1
92.425,64.4,7.847e-06,metal1,metal1
92.425,131.6,4.499e-06,metal1,metal1
92.43,78.4,2.417e-07,metal1,metal1
92.435,86.8,1.336e-08,metal1,metal1
92.44,72.8,4.856e-08,metal1,metal1
92.42750000000001,120.4175,5.008e-11,metal1,metal1
92.44,140.0,1.122e-09,metal1,metal1
92.45,61.6,4.047e-06,metal1,metal1
92.79124999999999,109.2,5.765e-06,metal1,metal1
92.505,42.0,1.696e-08,metal1,metal1
92.61,58.8,5.843e-06,metal1,metal1
92.60749999999999,84.0,1.229e-05,metal1,metal1
92.8175,89.6,7.364e-06,metal1,metal1
99.61,30.8,6.183e-14,metal1,metal1
92.5075,56.0,6.036e-08,metal1,metal1
92.5075,81.2,5.058e-08,metal1,metal1
92.96375,100.8,1.165e-05,metal1,metal1
92.9925,103.6,9.3e-06,metal1,metal1
92.4625,120.315,5.008e-11,metal1,metal1
92.8075,64.4,7.847e-06,metal1,metal1
92.6175,131.6,4.499e-06,metal1,metal1
92.7775,47.6,6.812e-13,metal1,metal1
92.6175,78.4,9.101e-09,metal1,metal1
92.6225,86.8,1.336e-08,metal1,metal1
92.7225,72.8,2.394e-09,metal1,metal1
92.615,120.4,9.691e-09,metal1,metal1
92.8025,140.0,1.122e-09,metal1,metal1
92.6325,61.6,1.323e-08,metal1,metal1
92.5875,36.4,0.0,metal1,metal1
92.6,42.0,3.824e-08,metal1,metal1
92.6,56.0,1.206e-08,metal1,metal1
92.6,81.2,1.658e-07,metal1,metal1
92.58,137.30374999999998,5.983e-10,metal1,metal1
92.6,142.8,6.858e-07,metal1,metal1
92.5875,67.25,2.722e-09,metal1,metal1
92.61500000000001,106.4,7.899e-06,metal1,metal1
92.62,134.4,6.951e-06,metal1,metal1
92.5975,92.46875,2.364e-09,metal1,metal1
92.6225,67.16499999999999,1.611e-09,metal1,metal1
92.61500000000001,137.235,3.905e-10,metal1,metal1
92.6325,92.4,8.833e-10,metal1,metal1
92.64,123.2,4.856e-06,metal1,metal1
92.65,126.0,4.692e-12,metal1,metal1
93.5625,98.0,6.704e-06,metal1,metal1
92.78999999999999,42.0,2.569e-09,metal1,metal1
92.695,56.0,1.206e-08,metal1,metal1
92.695,81.2,2.434e-08,metal1,metal1
92.65,137.13125,3.905e-10,metal1,metal1
93.095,142.8,6.136e-10,metal1,metal1
92.6575,67.11500000000001,1.611e-09,metal1,metal1
93.08500000000001,106.4,7.899e-06,metal1,metal1
92.8675,36.4,7.012e-16,metal1,metal1
92.905,134.4,6.951e-06,metal1,metal1
92.66749999999999,92.33125000000001,8.833e-10,metal1,metal1
92.9125,67.2,8.827e-09,metal1,metal1
92.805,137.2,3.168e-12,metal1,metal1
92.8825,92.4,8.833e-10,metal1,metal1
93.02,123.2,6.271e-09,metal1,metal1
92.83,126.0,4.694e-12,metal1,metal1
92.735,117.6,2.054e-09,metal1,metal1
92.78999999999999,56.0,1.194e-08,metal1,metal1
92.78999999999999,81.2,6.742e-06,metal1,metal1
92.78999999999999,120.4,1.575e-08,metal1,metal1
92.795,50.4,3.169e-08,metal1,metal1
92.795,75.6,7.241e-09,metal1,metal1
92.805,78.4,5.07e-08,metal1,metal1
92.805,84.0,1.603e-08,metal1,metal1
92.805,112.0,5.366e-08,metal1,metal1
92.86,117.6,1.044e-07,metal1,metal1
92.81,58.8,1.08e-07,metal1,metal1
92.81,86.8,8.071e-09,metal1,metal1
92.81,131.6,8.32e-08,metal1,metal1
92.815,61.6,4.701e-06,metal1,metal1
92.815,114.8,8.281e-09,metal1,metal1
92.84,44.8,1.021e-12,metal1,metal1
92.88499999999999,56.0,1.194e-08,metal1,metal1
93.17,81.2,3.563e-09,metal1,metal1
92.89750000000001,120.4,1.575e-08,metal1,metal1
93.3625,50.4,1.227e-06,metal1,metal1
92.9825,75.6,7.241e-09,metal1,metal1
92.9125,78.4,5.07e-08,metal1,metal1
92.995,84.0,1.603e-08,metal1,metal1
92.9025,112.0,5.366e-08,metal1,metal1
92.9975,58.8,8.643e-09,metal1,metal1
92.8725,86.8,8.071e-09,metal1,metal1
92.9975,131.6,6.678e-09,metal1,metal1
93.10749999999999,61.6,8.064e-09,metal1,metal1
93.065,114.8,8.281e-09,metal1,metal1
93.02000000000001,44.8,1.021e-12,metal1,metal1
92.9675,86.8,8.894e-09,metal1,metal1
93.0075,39.2,1.501e-13,metal1,metal1
92.97999999999999,42.0,1.149e-08,metal1,metal1
92.97999999999999,56.0,2.443e-08,metal1,metal1
92.97999999999999,137.2,2.38e-09,metal1,metal1
92.985,70.0,1.724e-07,metal1,metal1
92.985,117.6,1.69e-09,metal1,metal1
93.0,112.0,1.865e-07,metal1,metal1
93.005,53.2,1.241e-09,metal1,metal1
93.005,72.8,2.606e-06,metal1,metal1
93.005,120.4,2.323e-07,metal1,metal1
93.00999999999999,126.0,3.507e-09,metal1,metal1
93.02000000000001,78.4,6.406e-06,metal1,metal1
93.075,42.0,1.149e-08,metal1,metal1
93.075,56.0,2.443e-08,metal1,metal1
93.16749999999999,137.2,2.38e-09,metal1,metal1
94.14750000000001,70.0,6.825e-06,metal1,metal1
93.2675,117.6,4.938e-12,metal1,metal1
93.2825,86.8,7.132e-12,metal1,metal1
93.1875,112.0,1.5e-08,metal1,metal1
93.255,53.2,1.241e-09,metal1,metal1
93.565,72.8,2.606e-06,metal1,metal1
93.1025,120.4,6.496e-06,metal1,metal1
93.3725,126.0,3.507e-09,metal1,metal1
93.39,78.4,6.406e-06,metal1,metal1
100.07875,39.2,1.504e-13,metal1,metal1
93.11500000000001,36.4,4.549e-15,metal1,metal1
93.1575,47.6,0.0,metal1,metal1
93.1575,92.4,2.901e-11,metal1,metal1
93.50625,95.2,8.979e-06,metal1,metal1
93.19749999999999,140.0,1.712e-06,metal1,metal1
93.17,42.0,1.575e-13,metal1,metal1
93.17,56.0,1.36e-08,metal1,metal1
93.17,75.6,7.092e-09,metal1,metal1
93.5475,36.4,1.249e-16,metal1,metal1
93.185,58.8,5.802e-06,metal1,metal1
93.185,84.0,1.373e-09,metal1,metal1
93.185,131.6,4.483e-06,metal1,metal1
93.19,64.4,4.833e-08,metal1,metal1
93.19,109.2,1.066e-07,metal1,metal1
93.19,134.4,2.563e-07,metal1,metal1
93.195,67.2,9.783e-06,metal1,metal1
93.2,44.8,7.31e-10,metal1,metal1
93.2,120.4,1.201e-07,metal1,metal1
93.5625,89.6,7.364e-06,metal1,metal1
100.17625,42.0,1.521e-13,metal1,metal1
93.28,56.0,1.36e-08,metal1,metal1
93.36,75.6,7.092e-09,metal1,metal1
93.77625,58.8,5.802e-06,metal1,metal1
93.2825,84.0,8.541e-08,metal1,metal1
94.065,131.6,4.483e-06,metal1,metal1
93.4375,47.6,7.012e-16,metal1,metal1
93.285,64.4,4.833e-08,metal1,metal1
93.5375,92.4,2.901e-11,metal1,metal1
93.3775,109.2,8.561e-09,metal1,metal1
93.4675,134.4,2.637e-06,metal1,metal1
93.285,67.2,9.783e-06,metal1,metal1
93.5625,44.8,7.31e-10,metal1,metal1
93.4825,120.4,5.95e-09,metal1,metal1
93.3925,140.0,1.712e-06,metal1,metal1
94.0625,128.8,7.433e-06,metal1,metal1
93.3475,114.8,1.288e-09,metal1,metal1
93.38749999999999,137.2,2.185e-06,metal1,metal1
93.3425,67.25,9.783e-06,metal1,metal1
93.375,112.0,1.007e-05,metal1,metal1
93.38,64.4,1.428e-07,metal1,metal1
93.3775,67.16499999999999,1.712e-10,metal1,metal1
93.38,84.0,1.623e-08,metal1,metal1
93.39,56.0,2.045e-08,metal1,metal1
93.4,61.6,4.599e-06,metal1,metal1
93.4,123.2,4.828e-06,metal1,metal1
93.4125,67.11500000000001,1.712e-10,metal1,metal1
93.7475,112.0,1.007e-05,metal1,metal1
93.5675,64.4,5.737e-10,metal1,metal1
93.5675,67.2,3.577e-09,metal1,metal1
93.5675,84.0,1.623e-08,metal1,metal1
93.6575,114.8,1.288e-09,metal1,metal1
93.47,56.0,2.045e-08,metal1,metal1
93.84,61.6,4.599e-06,metal1,metal1
93.66499999999999,123.2,4.828e-06,metal1,metal1
93.6875,137.2,2.185e-06,metal1,metal1
93.5375,53.2,7.964e-13,metal1,metal1
93.99125000000001,100.8,1.165e-05,metal1,metal1
93.55,56.0,9.904e-08,metal1,metal1
93.55,75.6,5.291e-06,metal1,metal1
93.53,81.2875,3.563e-09,metal1,metal1
93.53999999999999,117.53125,7.164e-09,metal1,metal1
93.555,106.4,2.539e-07,metal1,metal1
93.555,140.0,2.391e-09,metal1,metal1
93.565,86.8,9.883e-10,metal1,metal1
93.565,109.2,5.747e-06,metal1,metal1
93.57,103.6,6.428e-08,metal1,metal1
93.565,81.2025,1.308e-09,metal1,metal1
93.59,142.8,5.773e-07,metal1,metal1
93.57499999999999,117.59,7.164e-09,metal1,metal1
93.74,56.0,5.315e-11,metal1,metal1
93.94,75.6,5.291e-06,metal1,metal1
93.6,81.11500000000001,1.308e-09,metal1,metal1
93.61,117.65875,1.132e-12,metal1,metal1
93.8375,106.4,6.799e-09,metal1,metal1
93.7425,140.0,2.391e-09,metal1,metal1
93.63,86.8,9.883e-10,metal1,metal1
94.0475,109.2,5.747e-06,metal1,metal1
93.9175,53.2,7.961e-13,metal1,metal1
93.6575,103.6,6.428e-08,metal1,metal1
93.7575,81.2,4.491e-07,metal1,metal1
94.045,142.8,5.773e-07,metal1,metal1
93.78,117.6,1.132e-12,metal1,metal1
93.685,47.6,0.0,metal1,metal1
93.69,86.715,9.883e-10,metal1,metal1
93.7675,126.0,5.352e-06,metal1,metal1
93.745,103.6,3.378e-07,metal1,metal1
93.72749999999999,134.33125,2.637e-06,metal1,metal1
94.1175,47.6,1.249e-16,metal1,metal1
93.7225,64.485,5.737e-10,metal1,metal1
93.755,67.2,6.218e-08,metal1,metal1
93.755,84.0,3.336e-09,metal1,metal1
93.755,86.63,1.469e-11,metal1,metal1
93.7575,64.4,5.147e-10,metal1,metal1
93.75999999999999,78.4,1.185e-07,metal1,metal1
93.765,120.4,6.475e-06,metal1,metal1
93.7625,134.43374999999997,1.825e-06,metal1,metal1
94.1325,103.6,9.026e-06,metal1,metal1
93.7975,134.5025,2.438e-06,metal1,metal1
93.7925,64.315,5.147e-10,metal1,metal1
94.04,67.2,8.543e-09,metal1,metal1
93.945,84.0,3.336e-09,metal1,metal1
93.7925,86.715,1.469e-11,metal1,metal1
93.94749999999999,64.4,1.113e-08,metal1,metal1
93.94749999999999,78.4,9.439e-09,metal1,metal1
93.94749999999999,86.8,1.469e-11,metal1,metal1
94.49875,120.4,6.475e-06,metal1,metal1
93.9625,134.4,2.438e-06,metal1,metal1
94.47375,126.0,5.352e-06,metal1,metal1
93.91749999999999,92.4,1.063e-10,metal1,metal1
93.95750000000001,44.8,1.116e-06,metal1,metal1
93.93,50.4,1.174e-06,metal1,metal1
93.9075,56.08625,5.315e-11,metal1,metal1
93.93,123.2,1.992e-07,metal1,metal1
93.93,140.0,3.256e-08,metal1,metal1
93.935,81.2,7.682e-07,metal1,metal1
93.935,114.8,7.569e-09,metal1,metal1
93.95,95.2,5.323e-08,metal1,metal1
93.9425,56.00125,5.488e-06,metal1,metal1
93.955,137.2,2.136e-09,metal1,metal1
93.96000000000001,117.6,5.417e-09,metal1,metal1
93.97,89.6,7.331e-06,metal1,metal1
93.97999999999999,36.4,0.0,metal1,metal1
94.31,50.4,1.174e-06,metal1,metal1
93.97749999999999,55.915,5.488e-06,metal1,metal1
94.33250000000001,123.2,4.705e-06,metal1,metal1
95.18875,140.0,1.556e-06,metal1,metal1
94.03999999999999,81.2,7.682e-07,metal1,metal1
94.005,114.8,7.569e-09,metal1,metal1
94.055,92.4,1.063e-10,metal1,metal1
94.0475,95.2,5.323e-08,metal1,metal1
94.03999999999999,56.0,5.488e-06,metal1,metal1
94.205,137.2,2.136e-09,metal1,metal1
94.3225,117.6,5.417e-09,metal1,metal1
94.3325,89.6,7.331e-06,metal1,metal1
94.16,36.4,3.425e-16,metal1,metal1
94.2575,44.8,1.116e-06,metal1,metal1
94.1075,114.8,4.889e-09,metal1,metal1
94.10499999999999,106.33125000000001,4.071e-09,metal1,metal1
94.12,112.0,2.123e-07,metal1,metal1
94.125,56.0,1.015e-07,metal1,metal1
94.125,72.8,9.598e-08,metal1,metal1
94.13499999999999,64.4,7.609e-06,metal1,metal1
94.13499999999999,78.4,6.336e-06,metal1,metal1
94.10499999999999,84.08500000000001,3.336e-09,metal1,metal1
94.13499999999999,86.8,1.102e-09,metal1,metal1
94.14500000000001,81.2,5.3e-06,metal1,metal1
94.14,84.01625,2.059e-09,metal1,metal1
94.14500000000001,95.2,2.828e-08,metal1,metal1
94.14500000000001,134.4,3.959e-06,metal1,metal1
94.16,92.4,1.674e-10,metal1,metal1
94.14,106.43375,4.071e-09,metal1,metal1
94.175,106.5025,7.665e-06,metal1,metal1
94.31,112.0,7.9e-09,metal1,metal1
94.3125,56.0,8.103e-09,metal1,metal1
94.41,72.8,2.592e-06,metal1,metal1
94.3275,64.4,3.854e-09,metal1,metal1
94.3275,78.4,6.336e-06,metal1,metal1
94.17500000000001,83.93125,2.059e-09,metal1,metal1
94.195,86.8,1.102e-09,metal1,metal1
94.225,114.8,4.889e-09,metal1,metal1
94.2275,81.2,5.465e-08,metal1,metal1
94.3225,84.0,2.059e-09,metal1,metal1
94.23500000000001,95.2,2.828e-08,metal1,metal1
94.2275,134.4,1.671e-08,metal1,metal1
94.3025,92.4,1.674e-10,metal1,metal1
94.25,106.4,7.665e-06,metal1,metal1
94.255,86.8,4.017e-09,metal1,metal1
94.2975,53.2,2.207e-15,metal1,metal1
94.65,61.6,4.599e-06,metal1,metal1
94.31,81.2,6.413e-06,metal1,metal1
94.31,114.8,2.56e-09,metal1,metal1
94.31,134.4,3.775e-07,metal1,metal1
94.325,67.2,9.503e-06,metal1,metal1
94.48,86.8,4.693e-10,metal1,metal1
94.325,95.2,5.246e-08,metal1,metal1
94.33,75.6,1.363e-08,metal1,metal1
94.34,36.4,0.0,metal1,metal1
94.34,106.4,1.417e-07,metal1,metal1
94.88874999999999,58.8,5.802e-06,metal1,metal1
94.50999999999999,81.2,6.413e-06,metal1,metal1
94.4725,114.8,2.56e-09,metal1,metal1
94.47749999999999,134.4,3.775e-07,metal1,metal1
94.4225,67.2,9.503e-06,metal1,metal1
94.4225,95.2,5.246e-08,metal1,metal1
94.5775,53.2,7.012e-16,metal1,metal1
94.525,75.6,1.363e-08,metal1,metal1
94.7025,36.4,1.517e-16,metal1,metal1
94.6225,106.4,6.961e-09,metal1,metal1
94.445,92.4,3.298e-12,metal1,metal1
94.48750000000001,137.2,1.37e-12,metal1,metal1
94.5,56.0,5.439e-06,metal1,metal1
94.5,84.0,1.783e-08,metal1,metal1
94.5,112.0,5.278e-06,metal1,metal1
94.5,142.8,5.086e-07,metal1,metal1
94.8775,92.4,5.573e-14,metal1,metal1
94.495,64.315,3.854e-09,metal1,metal1
94.52000000000001,67.2,1.757e-07,metal1,metal1
94.52000000000001,78.4,2.334e-07,metal1,metal1
94.52000000000001,95.2,3.059e-10,metal1,metal1
94.52000000000001,103.6,3.197e-08,metal1,metal1
94.525,44.8,1.09e-09,metal1,metal1
94.53,109.2,1.062e-07,metal1,metal1
94.53,64.4175,1.123e-09,metal1,metal1
94.53999999999999,98.0,6.677e-06,metal1,metal1
94.53999999999999,100.8,1.161e-05,metal1,metal1
94.55,47.6,2.333e-13,metal1,metal1
94.69999999999999,56.0,5.439e-06,metal1,metal1
94.57249999999999,84.0,1.783e-08,metal1,metal1
94.995,112.0,5.115e-09,metal1,metal1
96.18,142.8,5.086e-07,metal1,metal1
94.565,64.5025,1.123e-09,metal1,metal1
94.70750000000001,67.2,1.41e-08,metal1,metal1
95.86250000000001,78.4,6.304e-06,metal1,metal1
94.58250000000001,95.2,3.059e-10,metal1,metal1
94.6075,103.6,3.197e-08,metal1,metal1
94.8675,137.2,1.37e-12,metal1,metal1
94.775,44.8,1.09e-09,metal1,metal1
94.8125,109.2,5.247e-09,metal1,metal1
94.7175,64.4,1.178e-08,metal1,metal1
94.8075,98.0,6.677e-06,metal1,metal1
94.995,100.8,1.161e-05,metal1,metal1
94.72999999999999,47.6,2.37e-13,metal1,metal1
94.6275,114.70625,7.769e-11,metal1,metal1
94.67750000000001,84.0,7.127e-08,metal1,metal1
94.67750000000001,95.2,3.37e-12,metal1,metal1
94.67750000000001,134.4,2.421e-10,metal1,metal1
94.7175,117.6,8.266e-06,metal1,metal1
94.69,50.4,1.922e-08,metal1,metal1
94.6625,114.78999999999999,7.769e-11,metal1,metal1
94.695,72.8,4.2e-08,metal1,metal1
94.695,89.6,2.665e-07,metal1,metal1
94.695,103.6,4.386e-09,metal1,metal1
94.705,86.8,4.73e-10,metal1,metal1
94.69749999999999,114.88374999999999,2.852e-10,metal1,metal1
94.71000000000001,81.2,1.186e-07,metal1,metal1
94.72,75.6,9.562e-08,metal1,metal1
95.0675,123.2,4.705e-06,metal1,metal1
95.07,50.4,2.226e-10,metal1,metal1
95.095,114.8,2.852e-10,metal1,metal1
94.97749999999999,72.8,2.272e-09,metal1,metal1
95.14375000000001,89.6,7.1e-06,metal1,metal1
94.795,103.6,2.889e-08,metal1,metal1
94.9125,86.8,4.73e-10,metal1,metal1
94.89750000000001,81.2,9.499e-09,metal1,metal1
94.81,84.0,7.127e-08,metal1,metal1
94.80250000000001,95.2,3.366e-12,metal1,metal1
95.0575,134.4,2.421e-10,metal1,metal1
94.9025,75.6,1.533e-08,metal1,metal1
94.9125,117.6,8.266e-06,metal1,metal1
94.825,53.2,1.319e-13,metal1,metal1
94.88499999999999,128.8,1.204e-07,metal1,metal1
95.2575,53.2,6.448e-12,metal1,metal1
94.89500000000001,64.4,7.528e-06,metal1,metal1
94.89500000000001,67.2,9.465e-06,metal1,metal1
94.89500000000001,95.2,3.014e-12,metal1,metal1
94.89500000000001,103.6,8.828e-06,metal1,metal1
94.9,56.0,1.006e-07,metal1,metal1
94.905,106.4,7.575e-06,metal1,metal1
94.91,47.6,1.693e-10,metal1,metal1
94.91,84.0,6.903e-10,metal1,metal1
95.755,131.6,4.483e-06,metal1,metal1
95.1675,128.8,6.711e-09,metal1,metal1
95.58125000000001,64.4,7.528e-06,metal1,metal1
94.9925,67.2,9.465e-06,metal1,metal1
95.15,95.2,3.017e-12,metal1,metal1
95.0775,103.6,8.828e-06,metal1,metal1
95.0875,56.0,8.03e-09,metal1,metal1
95.19749999999999,106.4,1.297e-08,metal1,metal1
95.2725,47.6,1.693e-10,metal1,metal1
95.1575,84.0,3.389e-08,metal1,metal1
95.0575,44.8,6.981e-13,metal1,metal1
95.0975,36.4,8.388e-14,metal1,metal1
95.075,98.0,1.628e-07,metal1,metal1
95.075,117.6,1.339e-07,metal1,metal1
95.08500000000001,75.6,4.46e-08,metal1,metal1
95.08500000000001,81.2,6.377e-06,metal1,metal1
95.09,61.6,1.69e-07,metal1,metal1
95.09,67.2,1.75e-07,metal1,metal1
95.095,109.2,5.71e-06,metal1,metal1
95.12,86.8,3.832e-09,metal1,metal1
95.4625,98.0,6.578e-06,metal1,metal1
95.3575,117.6,7.475e-09,metal1,metal1
95.75125,126.0,5.352e-06,metal1,metal1
95.185,75.6,4.46e-08,metal1,metal1
95.1825,81.2,6.377e-06,metal1,metal1
95.4375,44.8,6.996e-13,metal1,metal1
95.3675,61.6,4.555e-06,metal1,metal1
95.2775,67.2,1.407e-08,metal1,metal1
95.75,109.2,5.71e-06,metal1,metal1
95.3,86.8,2.128e-11,metal1,metal1
101.64625000000001,36.4,8.566e-14,metal1,metal1
95.2475,137.2,2.207e-15,metal1,metal1
95.89625000000001,120.4,6.475e-06,metal1,metal1
95.25999999999999,72.8,2.477e-06,metal1,metal1
95.25999999999999,103.6,1.862e-07,metal1,metal1
95.275,56.0,1.327e-08,metal1,metal1
95.28,81.2,1.179e-07,metal1,metal1
95.285,75.6,5.114e-06,metal1,metal1
96.4025,70.0,6.825e-06,metal1,metal1
95.31,92.4,1.023e-10,metal1,metal1
95.64,72.8,2.477e-06,metal1,metal1
95.45,103.6,9.839e-09,metal1,metal1
95.47749999999999,56.0,1.327e-08,metal1,metal1
95.4675,81.2,9.377e-09,metal1,metal1
95.5275,137.2,9.349e-16,metal1,metal1
95.57,75.6,5.114e-06,metal1,metal1
95.49000000000001,92.4,1.023e-10,metal1,metal1
95.405,83.91499999999999,3.488e-08,metal1,metal1
95.4375,95.2,2.207e-15,metal1,metal1
95.4375,134.4,2.296e-13,metal1,metal1
95.42500000000001,50.485,2.226e-10,metal1,metal1
95.45,100.8,1.882e-07,metal1,metal1
95.45,128.8,7.318e-06,metal1,metal1
95.465,67.2,9.446e-06,metal1,metal1
95.46000000000001,50.4,3.514e-10,metal1,metal1
95.47,123.2,8.7e-08,metal1,metal1
95.4725,84.0,2.036e-09,metal1,metal1
95.47999999999999,58.8,1.344e-07,metal1,metal1
95.44999999999999,86.73124999999999,2.128e-11,metal1,metal1
95.485,86.83375,2.13e-09,metal1,metal1
95.49000000000001,106.4,7.386e-06,metal1,metal1
95.49000000000001,112.0,5.251e-06,metal1,metal1
95.5,114.8,5.801e-12,metal1,metal1
95.495,50.315,3.514e-10,metal1,metal1
95.64,100.8,1.691e-08,metal1,metal1
95.8425,128.8,7.318e-06,metal1,metal1
96.0275,67.2,9.446e-06,metal1,metal1
96.05,50.4,9.998e-07,metal1,metal1
95.5075,84.08500000000001,2.036e-09,metal1,metal1
95.7175,95.2,2.805e-15,metal1,metal1
95.6575,123.2,6.985e-09,metal1,metal1
95.7175,134.4,2.312e-13,metal1,metal1
95.72,84.0,2.036e-09,metal1,metal1
95.7625,58.8,5.289e-10,metal1,metal1
95.52000000000001,86.9025,2.13e-09,metal1,metal1
95.67,86.8,2.13e-09,metal1,metal1
96.14500000000001,106.4,7.386e-06,metal1,metal1
95.8775,112.0,5.251e-06,metal1,metal1
95.68,114.8,5.806e-12,metal1,metal1
95.97125,89.6,7.1e-06,metal1,metal1
95.66749999999999,47.6,2.583e-07,metal1,metal1
95.64,103.6,6.652e-06,metal1,metal1
95.64,117.6,8.152e-06,metal1,metal1
95.64500000000001,61.6,8.422e-08,metal1,metal1
95.655,81.2,6.294e-06,metal1,metal1
95.67,92.4,7.323e-08,metal1,metal1
95.68,56.0,5.262e-06,metal1,metal1
95.69,53.2,1.147e-08,metal1,metal1
95.9325,103.6,6.652e-06,metal1,metal1
96.0475,117.6,8.152e-06,metal1,metal1
95.83250000000001,61.6,6.662e-09,metal1,metal1
95.745,81.2,6.294e-06,metal1,metal1
96.0325,92.4,1.208e-11,metal1,metal1
96.12,56.0,5.262e-06,metal1,metal1
95.75999999999999,53.2,1.147e-08,metal1,metal1
96.16,47.6,2.583e-07,metal1,metal1
95.775,137.2,9.099e-15,metal1,metal1
95.8175,44.8,0.0,metal1,metal1
95.83,53.2,6.059e-09,metal1,metal1
95.83,100.8,1.157e-05,metal1,metal1
95.83500000000001,81.2,2.004e-08,metal1,metal1
95.845,123.2,2.052e-07,metal1,metal1
96.20750000000001,137.2,4.998e-16,metal1,metal1
95.85,86.8,4.115e-10,metal1,metal1
95.85,98.0,2.426e-07,metal1,metal1
95.85499999999999,75.6,1.903e-08,metal1,metal1
95.86,114.8,4.441e-09,metal1,metal1
108.47125,8.4,9.698e-14,metal1,metal1
95.94,53.2,6.059e-09,metal1,metal1
96.32499999999999,100.8,1.12e-08,metal1,metal1
95.93,81.2,2.004e-08,metal1,metal1
96.32499999999999,123.2,4.523e-06,metal1,metal1
96.0975,44.8,4.675e-16,metal1,metal1
96.0275,86.8,2.442e-08,metal1,metal1
96.1325,98.0,6.558e-06,metal1,metal1
96.0325,75.6,1.903e-08,metal1,metal1
96.2225,114.8,4.441e-09,metal1,metal1
95.96000000000001,83.90625,1.238e-11,metal1,metal1
95.965,95.2,4.549e-15,metal1,metal1
95.96000000000001,134.49375,8.893e-13,metal1,metal1
96.02000000000001,61.6,4.471e-06,metal1,metal1
96.02000000000001,72.8,1.486e-08,metal1,metal1
96.025,81.2,1.697e-09,metal1,metal1
95.995,83.99125000000001,1.224e-11,metal1,metal1
95.995,134.40875,8.892e-13,metal1,metal1
96.03,84.08500000000001,1.73e-10,metal1,metal1
96.39750000000001,95.2,3.873e-15,metal1,metal1
96.03,134.315,1.217e-11,metal1,metal1
96.01750000000001,58.885,5.289e-10,metal1,metal1
96.05,53.2,2.124e-07,metal1,metal1
96.05250000000001,58.7825,5.593e-06,metal1,metal1
96.41,61.6,4.471e-06,metal1,metal1
96.1175,72.8,1.486e-08,metal1,metal1
96.2125,81.2,8.547e-09,metal1,metal1
96.3075,84.0,3.485e-09,metal1,metal1
96.42750000000001,134.4,1.528e-11,metal1,metal1
96.0875,58.6975,5.593e-06,metal1,metal1
96.13999999999999,53.2,2.124e-07,metal1,metal1
96.2425,58.8,5.593e-06,metal1,metal1
96.23750000000001,86.8,7.126e-06,metal1,metal1
96.21000000000001,75.6,3.785e-08,metal1,metal1
96.215,72.8,5.076e-10,metal1,metal1
96.225,103.6,1.217e-09,metal1,metal1
96.22999999999999,53.2,2.791e-09,metal1,metal1
96.235,128.8,7.154e-09,metal1,metal1
96.58250000000001,112.0,5.251e-06,metal1,metal1
96.88374999999999,64.4,7.528e-06,metal1,metal1
96.2825,75.6,3.785e-08,metal1,metal1
96.6075,72.8,2.305e-06,metal1,metal1
96.42750000000001,103.6,1.714e-08,metal1,metal1
96.5025,53.2,6.119e-08,metal1,metal1
96.485,128.8,7.154e-09,metal1,metal1
96.62,86.8,9.972e-09,metal1,metal1
96.345,44.8,4.549e-15,metal1,metal1
96.38749999999999,75.6,5.041e-08,metal1,metal1
96.3825,92.485,1.208e-11,metal1,metal1
96.4,81.2,6.002e-06,metal1,metal1
96.405,109.2,2.106e-07,metal1,metal1
96.7775,44.8,1.249e-16,metal1,metal1
96.41499999999999,98.0,1.344e-07,metal1,metal1
96.42,89.6,1.312e-07,metal1,metal1
96.425,58.8,5.861e-08,metal1,metal1
96.425,126.0,5.232e-09,metal1,metal1
96.44,92.57,4.448e-06,metal1,metal1
97.63624999999999,140.0,1.556e-06,metal1,metal1
96.7925,117.6,8.152e-06,metal1,metal1
96.8775,81.2,6.002e-06,metal1,metal1
96.88,109.2,5.696e-06,metal1,metal1
96.7875,98.0,6.477e-06,metal1,metal1
96.7675,75.6,5.844e-09,metal1,metal1
96.7975,89.6,4.696e-09,metal1,metal1
96.5075,58.8,2.877e-10,metal1,metal1
96.675,126.0,5.232e-09,metal1,metal1
96.485,92.485,4.448e-06,metal1,metal1
96.5275,92.4,4.448e-06,metal1,metal1
96.93,56.0,5.262e-06,metal1,metal1
96.6175,114.8,6.776e-06,metal1,metal1
96.59,58.8,3.056e-09,metal1,metal1
96.59,67.2,1.531e-07,metal1,metal1
96.59,84.0,4.939e-09,metal1,metal1
96.595,92.4,1.121e-08,metal1,metal1
96.62,47.6,4.771e-09,metal1,metal1
96.63,50.4,9.117e-07,metal1,metal1
96.63,103.6,6.414e-06,metal1,metal1
96.63,120.4,6.348e-06,metal1,metal1
96.63499999999999,131.6,7.263e-08,metal1,metal1
96.64,137.2,1.146e-12,metal1,metal1
96.7575,58.8,3.056e-09,metal1,metal1
96.78,67.2,1.375e-08,metal1,metal1
96.71000000000001,84.0,4.939e-09,metal1,metal1
96.78999999999999,92.4,1.121e-08,metal1,metal1
96.9025,47.6,9.01e-11,metal1,metal1
96.715,50.4,9.117e-07,metal1,metal1
96.70750000000001,103.6,6.414e-06,metal1,metal1
96.905,120.4,6.348e-06,metal1,metal1
96.9175,131.6,4.026e-09,metal1,metal1
96.82,137.2,1.151e-12,metal1,metal1
96.7175,114.8,6.776e-06,metal1,metal1
96.7675,128.8,4.698e-12,metal1,metal1
96.8075,53.2,2.43e-07,metal1,metal1
96.785,103.6,2.362e-07,metal1,metal1
96.785,114.8,1.626e-07,metal1,metal1
96.8,50.4,1.686e-08,metal1,metal1
96.8,61.6,3.836e-09,metal1,metal1
96.8,106.4,1.365e-07,metal1,metal1
96.805,123.2,4.422e-09,metal1,metal1
96.82,100.8,1.15e-05,metal1,metal1
96.83,84.0,9.406e-09,metal1,metal1
96.83,95.2,7.306e-12,metal1,metal1
96.83,134.4,1.119e-09,metal1,metal1
96.9,103.6,6.379e-06,metal1,metal1
96.88,114.8,6.458e-06,metal1,metal1
96.9875,50.4,1.239e-09,metal1,metal1
97.085,61.6,3.836e-09,metal1,metal1
97.1775,106.4,4.886e-09,metal1,metal1
97.1475,128.8,4.698e-12,metal1,metal1
97.055,123.2,4.422e-09,metal1,metal1
96.9925,100.8,1.15e-05,metal1,metal1
96.9,84.0,9.406e-09,metal1,metal1
97.00999999999999,95.2,7.307e-12,metal1,metal1
97.00999999999999,134.4,1.119e-09,metal1,metal1
96.9125,53.2,2.43e-07,metal1,metal1
96.95750000000001,58.8,9.021e-11,metal1,metal1
96.95750000000001,126.0,3.133e-10,metal1,metal1
96.97,67.2,9.405e-06,metal1,metal1
96.97,84.0,1.1e-08,metal1,metal1
96.97,86.8,6.936e-06,metal1,metal1
96.97,112.0,2.167e-07,metal1,metal1
96.975,114.8,1.194e-07,metal1,metal1
96.985,53.2,3.85e-07,metal1,metal1
96.985,92.4,4.414e-08,metal1,metal1
97.0,72.8,4.259e-08,metal1,metal1
97.0,137.2,8.236e-10,metal1,metal1
97.015,103.6,1.786e-08,metal1,metal1
97.645,67.2,9.405e-06,metal1,metal1
97.08,84.0,1.1e-08,metal1,metal1
97.255,86.8,6.936e-06,metal1,metal1
97.275,112.0,8.387e-09,metal1,metal1
97.1625,114.8,9.595e-09,metal1,metal1
97.0825,53.2,3.85e-07,metal1,metal1
97.07249999999999,92.4,1.794e-08,metal1,metal1
97.1725,58.8,9.021e-11,metal1,metal1
97.3375,126.0,3.133e-10,metal1,metal1
97.2825,72.8,2.099e-09,metal1,metal1
97.3625,137.2,8.236e-10,metal1,metal1
97.195,103.6,1.787e-08,metal1,metal1
97.14750000000001,75.6,5.483e-12,metal1,metal1
97.16,92.4,4.252e-06,metal1,metal1
97.16,98.0,6.357e-06,metal1,metal1
97.16499999999999,100.8,8.704e-08,metal1,metal1
97.175,50.4,8.305e-07,metal1,metal1
97.175,89.6,7.069e-06,metal1,metal1
97.18,53.2,7.117e-09,metal1,metal1
97.18,120.4,1.174e-07,metal1,metal1
97.185,47.6,9.511e-08,metal1,metal1
97.19,84.0,1.242e-08,metal1,metal1
97.19,95.2,5.231e-09,metal1,metal1
97.19,134.4,8.014e-07,metal1,metal1
97.2,117.6,8.044e-06,metal1,metal1
97.2,131.6,4.39e-06,metal1,metal1
98.47749999999999,78.4,6.304e-06,metal1,metal1
97.21000000000001,44.8,3.043e-14,metal1,metal1
97.455,92.4,4.252e-06,metal1,metal1
97.7075,98.0,6.357e-06,metal1,metal1
97.35249999999999,100.8,4.358e-09,metal1,metal1
97.45249999999999,50.4,1.486e-09,metal1,metal1
97.46,89.6,7.069e-06,metal1,metal1
97.3675,53.2,4.669e-10,metal1,metal1
97.42750000000001,75.6,5.484e-12,metal1,metal1
97.3675,120.4,9.431e-09,metal1,metal1
99.33875,47.6,9.511e-08,metal1,metal1
97.375,84.0,1.242e-08,metal1,metal1
97.5525,95.2,5.231e-09,metal1,metal1
97.4725,134.4,8.014e-07,metal1,metal1
97.4675,117.6,8.044e-06,metal1,metal1
97.3775,131.6,4.39e-06,metal1,metal1
97.39,44.8,3.288e-14,metal1,metal1
97.3375,123.2,2.835e-12,metal1,metal1
97.35,114.8,6.441e-06,metal1,metal1
97.35499999999999,58.8,1.022e-13,metal1,metal1
97.35499999999999,81.2,9.725e-08,metal1,metal1
97.32499999999999,109.26875000000001,5.696e-06,metal1,metal1
97.36,109.21875,6.971e-10,metal1,metal1
97.37,56.0,1.931e-07,metal1,metal1
97.37,61.6,5.039e-10,metal1,metal1
97.375,103.6,1.728e-08,metal1,metal1
97.85,114.8,6.441e-06,metal1,metal1
97.52000000000001,58.8,1.028e-13,metal1,metal1
97.6375,81.2,5.405e-09,metal1,metal1
97.39500000000001,109.15,6.971e-10,metal1,metal1
97.555,109.2,6.971e-10,metal1,metal1
97.8375,56.0,5.196e-06,metal1,metal1
97.6525,61.6,3.912e-09,metal1,metal1
97.7175,123.2,2.836e-12,metal1,metal1
97.47749999999999,103.6,1.728e-08,metal1,metal1
97.5275,128.8,1.724e-10,metal1,metal1
97.53999999999999,86.8,6.741e-06,metal1,metal1
97.53999999999999,100.8,1.865e-08,metal1,metal1
97.555,53.2,6.504e-10,metal1,metal1
97.555,106.4,7.355e-06,metal1,metal1
97.555,120.4,6.331e-06,metal1,metal1
97.555,131.6,5.725e-09,metal1,metal1
97.56,84.0,2.278e-10,metal1,metal1
97.565,70.0,4.349e-09,metal1,metal1
97.565,72.8,2.284e-06,metal1,metal1
97.57,44.8,2.312e-11,metal1,metal1
97.57,64.4,1.39e-07,metal1,metal1
97.58,103.6,2.241e-08,metal1,metal1
97.58,112.0,5.018e-06,metal1,metal1
98.1175,86.8,6.741e-06,metal1,metal1
97.73,100.8,1.865e-08,metal1,metal1
97.7575,53.2,6.504e-10,metal1,metal1
97.6525,106.4,7.355e-06,metal1,metal1
97.83500000000001,120.4,6.331e-06,metal1,metal1
97.745,131.6,5.725e-09,metal1,metal1
97.7375,84.0,8.158e-11,metal1,metal1
97.75,128.8,1.724e-10,metal1,metal1
97.815,70.0,4.349e-09,metal1,metal1
97.76249999999999,72.8,6.135e-09,metal1,metal1
97.9325,44.8,2.312e-11,metal1,metal1
97.8425,64.4,1.777e-09,metal1,metal1
97.72749999999999,103.6,2.241e-08,metal1,metal1
97.75999999999999,112.0,5.018e-06,metal1,metal1
97.675,75.6,7.172e-11,metal1,metal1
97.6725,58.885,2.473e-11,metal1,metal1
97.7175,126.0,4.834e-07,metal1,metal1
97.7575,137.2,1.257e-06,metal1,metal1
97.72999999999999,50.4,7.839e-07,metal1,metal1
97.72999999999999,58.97,8.585e-13,metal1,metal1
97.735,117.6,1.303e-07,metal1,metal1
98.085,75.6,3.649e-09,metal1,metal1
97.745,89.6,9.265e-09,metal1,metal1
97.745,109.2,1.845e-08,metal1,metal1
97.75,92.4,2.925e-08,metal1,metal1
97.75,106.4,2.713e-07,metal1,metal1
97.755,134.4,3.565e-06,metal1,metal1
99.51124999999999,50.4,7.839e-07,metal1,metal1
97.775,58.885,8.553e-13,metal1,metal1
98.0175,117.6,7.271e-09,metal1,metal1
97.9375,89.6,9.265e-09,metal1,metal1
97.83250000000001,109.2,5.72e-09,metal1,metal1
97.9525,58.8,8.552e-13,metal1,metal1
97.8375,92.4,2.925e-08,metal1,metal1
98.13,106.4,7.336e-06,metal1,metal1
97.8475,126.0,4.834e-07,metal1,metal1
97.83500000000001,134.4,3.565e-06,metal1,metal1
98.25,137.2,1.257e-06,metal1,metal1
99.47,142.8,5.086e-07,metal1,metal1
97.9075,103.6,6.398e-08,metal1,metal1
97.89,83.91499999999999,8.158e-11,metal1,metal1
97.94749999999999,95.2,7.982e-06,metal1,metal1
97.94749999999999,134.4,1.669e-06,metal1,metal1
97.92,81.2,3.523e-07,metal1,metal1
97.92,100.8,1.065e-05,metal1,metal1
97.92,109.2,1.024e-08,metal1,metal1
97.925,92.4,1.178e-08,metal1,metal1
97.935,61.6,4.379e-06,metal1,metal1
97.935,83.83,8.475e-06,metal1,metal1
97.935,131.6,1.286e-10,metal1,metal1
97.94,112.0,9.279e-08,metal1,metal1
97.94,128.8,8.82e-10,metal1,metal1
97.945,126.0,3.203e-07,metal1,metal1
97.96000000000001,53.2,2.102e-07,metal1,metal1
97.96000000000001,72.8,2.185e-06,metal1,metal1
98.375,81.2,5.771e-06,metal1,metal1
98.11,100.8,1.065e-05,metal1,metal1
98.1175,109.2,1.024e-08,metal1,metal1
98.025,92.4,1.178e-08,metal1,metal1
98.0375,61.6,4.379e-06,metal1,metal1
97.9925,83.91499999999999,8.475e-06,metal1,metal1
98.22,131.6,3.777e-09,metal1,metal1
98.12,103.6,7.371e-11,metal1,metal1
98.1275,112.0,7.45e-09,metal1,metal1
97.9975,128.8,8.82e-10,metal1,metal1
98.095,126.0,3.203e-07,metal1,metal1
99.6875,53.2,2.102e-07,metal1,metal1
98.61500000000001,72.8,2.185e-06,metal1,metal1
98.435,84.0,8.997e-09,metal1,metal1
98.235,95.2,7.982e-06,metal1,metal1
98.1175,134.4,1.669e-06,metal1,metal1
98.055,128.8,1.356e-09,metal1,metal1
98.055,70.0375,4.349e-09,metal1,metal1
98.0975,123.2,1.06e-13,metal1,metal1
98.09,64.315,1.777e-09,metal1,metal1
98.11500000000001,70.075,5.294e-11,metal1,metal1
98.11500000000001,120.4,1.548e-07,metal1,metal1
98.125,92.4,2.785e-08,metal1,metal1
98.185,128.8,1.632e-10,metal1,metal1
98.13,89.6,1.72e-11,metal1,metal1
98.125,64.4,3.364e-08,metal1,metal1
98.14,61.6,8.092e-08,metal1,metal1
98.155,58.8,3.659e-10,metal1,metal1
98.16,64.485,3.364e-08,metal1,metal1
98.1575,70.0375,5.294e-11,metal1,metal1
98.61125000000001,120.4,6.176e-06,metal1,metal1
98.215,92.4,2.785e-08,metal1,metal1
98.4775,70.0,1.44e-10,metal1,metal1
98.4025,89.6,6.493e-09,metal1,metal1
98.3775,123.2,1.063e-13,metal1,metal1
98.22,64.4,3.364e-08,metal1,metal1
98.4225,61.6,4.004e-09,metal1,metal1
98.19999999999999,58.8,3.659e-10,metal1,metal1
98.245,58.8,3.84e-10,metal1,metal1
98.245,126.0,6.129e-09,metal1,metal1
98.7325,98.0,6.357e-06,metal1,metal1
98.2875,134.4,1.071e-09,metal1,metal1
98.3275,44.8,3.528e-08,metal1,metal1
98.3,100.8,2.246e-07,metal1,metal1
98.3,103.6,1.605e-08,metal1,metal1
98.3,117.6,7.929e-06,metal1,metal1
98.305,56.0,1.205e-07,metal1,metal1
98.305,64.4,3.681e-06,metal1,metal1
98.305,92.4,7.455e-10,metal1,metal1
98.4825,58.8,2.185e-11,metal1,metal1
98.315,109.2,5.373e-06,metal1,metal1
98.315,112.0,5.002e-06,metal1,metal1
98.345,126.0,6.317e-07,metal1,metal1
98.315,128.8,1.103e-10,metal1,metal1
98.32,67.2,3.456e-07,metal1,metal1
98.78,114.8,6.441e-06,metal1,metal1
98.49,100.8,8.721e-09,metal1,metal1
98.4675,103.6,1.605e-08,metal1,metal1
98.595,117.6,7.929e-06,metal1,metal1
98.4925,56.0,3.855e-09,metal1,metal1
98.39750000000001,64.4,5.311e-12,metal1,metal1
98.39750000000001,92.4,1.597e-08,metal1,metal1
98.7975,109.2,5.373e-06,metal1,metal1
98.6875,112.0,5.002e-06,metal1,metal1
98.6175,128.8,1.103e-10,metal1,metal1
98.61,67.2,9.31e-06,metal1,metal1
98.6675,134.4,1.071e-09,metal1,metal1
104.06875,44.8,3.528e-08,metal1,metal1
98.47749999999999,126.0,1.357e-07,metal1,metal1
98.49000000000001,64.4,3.682e-06,metal1,metal1
98.49000000000001,92.4,4.124e-06,metal1,metal1
98.49000000000001,95.2,7.792e-06,metal1,metal1
98.48249999999999,75.53125,1.215e-09,metal1,metal1
98.505,131.6,4.229e-06,metal1,metal1
98.50999999999999,106.4,2.705e-07,metal1,metal1
98.5175,75.59,1.215e-09,metal1,metal1
98.58500000000001,64.4,4.085e-08,metal1,metal1
98.785,92.4,4.124e-06,metal1,metal1
99.0675,95.2,7.792e-06,metal1,metal1
98.55250000000001,75.65875,5.964e-11,metal1,metal1
98.595,131.6,4.229e-06,metal1,metal1
98.88,106.4,7.316e-06,metal1,metal1
98.81,126.0,1.357e-07,metal1,metal1
98.72,75.6,5.964e-11,metal1,metal1
98.625,123.2,1.089e-10,metal1,metal1
98.66749999999999,103.6,9.311e-12,metal1,metal1
98.66499999999999,89.53125,6.918e-06,metal1,metal1
98.68,56.0,5.144e-06,metal1,metal1
98.68,64.4,7.358e-06,metal1,metal1
98.68,100.8,5.836e-06,metal1,metal1
98.685,131.6,5.915e-09,metal1,metal1
98.695,86.8,8.791e-09,metal1,metal1
98.94999999999999,123.2,5.534e-09,metal1,metal1
98.705,61.6,4.357e-06,metal1,metal1
98.71000000000001,137.2,2.322e-08,metal1,metal1
98.72,58.8,5.06e-11,metal1,metal1
98.69999999999999,89.6,6.918e-06,metal1,metal1
98.735,89.66874999999999,6.613e-09,metal1,metal1
99.225,56.0,5.144e-06,metal1,metal1
98.8725,64.4,7.358e-06,metal1,metal1
98.885,100.8,5.836e-06,metal1,metal1
98.8725,131.6,5.915e-09,metal1,metal1
98.885,86.8,8.791e-09,metal1,metal1
98.94749999999999,103.6,9.313e-12,metal1,metal1
98.88499999999999,61.6,4.357e-06,metal1,metal1
98.9925,137.2,1.042e-09,metal1,metal1
98.91499999999999,58.8,5.06e-11,metal1,metal1
99.0075,89.6,6.187e-09,metal1,metal1
98.8575,70.0,4.216e-13,metal1,metal1
99.215,81.2,5.771e-06,metal1,metal1
98.89,84.0,3.665e-12,metal1,metal1
98.89,117.6,2.916e-07,metal1,metal1
98.89500000000001,140.0,1.521e-09,metal1,metal1
98.9,67.2,1.721e-07,metal1,metal1
98.9,75.6,9.918e-08,metal1,metal1
98.92,128.8,5.801e-12,metal1,metal1
99.13749999999999,70.0,4.198e-13,metal1,metal1
98.995,84.0,3.667e-12,metal1,metal1
99.36500000000001,117.6,7.861e-06,metal1,metal1
99.14500000000001,140.0,1.521e-09,metal1,metal1
99.1825,67.2,8.53e-09,metal1,metal1
98.98,75.6,4.869e-10,metal1,metal1
99.1,128.8,5.803e-12,metal1,metal1
99.0475,134.4,1.018e-12,metal1,metal1
99.06,75.6,2.593e-10,metal1,metal1
99.06,112.0,4.89e-06,metal1,metal1
99.06,131.6,8.724e-08,metal1,metal1
99.065,61.6,1.604e-07,metal1,metal1
99.065,64.4,1.361e-07,metal1,metal1
99.075,86.8,1.981e-10,metal1,metal1
99.08,92.4,1.494e-07,metal1,metal1
99.09,100.8,1.349e-07,metal1,metal1
99.1,84.0,8.416e-06,metal1,metal1
99.53375,120.4,6.176e-06,metal1,metal1
99.11,58.8,1.504e-12,metal1,metal1
99.11,126.0,1.492e-06,metal1,metal1
99.3425,75.6,2.593e-10,metal1,metal1
99.265,112.0,4.89e-06,metal1,metal1
99.5375,131.6,4.17e-06,metal1,metal1
99.3475,61.6,7.74e-09,metal1,metal1
99.2525,64.4,1.081e-08,metal1,metal1
99.36,86.8,5.849e-09,metal1,metal1
99.365,92.4,3.968e-06,metal1,metal1
99.3275,134.4,1.017e-12,metal1,metal1
99.36,100.8,7.852e-10,metal1,metal1
99.54625,84.0,8.416e-06,metal1,metal1
99.28999999999999,58.8,1.509e-12,metal1,metal1
99.1575,126.0,1.492e-06,metal1,metal1
99.195,103.6,6.25e-09,metal1,metal1
99.23750000000001,126.0,4.658e-07,metal1,metal1
99.25,106.4,7.29e-06,metal1,metal1
99.42500000000001,103.6,3.176e-07,metal1,metal1
99.27000000000001,72.8,4.04e-08,metal1,metal1
99.275,123.2,1.862e-08,metal1,metal1
99.275,137.2,1.132e-06,metal1,metal1
99.28,98.0,1.175e-07,metal1,metal1
99.28,109.2,9.93e-08,metal1,metal1
99.28,114.8,9.977e-08,metal1,metal1
99.28,128.8,4.265e-09,metal1,metal1
99.28999999999999,89.6,6.852e-06,metal1,metal1
99.8275,106.4,7.29e-06,metal1,metal1
99.45750000000001,72.8,3.205e-09,metal1,metal1
99.37,126.0,4.658e-07,metal1,metal1
99.3825,123.2,1.862e-08,metal1,metal1
99.455,137.2,1.132e-06,metal1,metal1
99.5625,98.0,5.73e-09,metal1,metal1
99.5625,109.2,4.872e-09,metal1,metal1
99.5625,114.8,2.808e-09,metal1,metal1
99.6425,128.8,4.265e-09,metal1,metal1
99.4625,89.6,6.852e-06,metal1,metal1
99.38499999999999,70.0,5.86e-10,metal1,metal1
99.42750000000001,140.0,9.751e-13,metal1,metal1
99.44,64.4,7.254e-06,metal1,metal1
99.61,70.0,2.977e-08,metal1,metal1
99.465,67.2,9.283e-06,metal1,metal1
99.47,58.8,1.131e-09,metal1,metal1
99.47,112.0,9.037e-08,metal1,metal1
99.47,126.0,3.267e-07,metal1,metal1
99.49000000000001,123.2,1.307e-08,metal1,metal1
100.0175,64.4,7.254e-06,metal1,metal1
99.8075,140.0,9.756e-13,metal1,metal1
99.85249999999999,67.2,1.17e-08,metal1,metal1
99.8325,58.8,1.131e-09,metal1,metal1
99.7525,112.0,4.41e-09,metal1,metal1
99.6175,126.0,3.267e-07,metal1,metal1
99.6325,123.2,1.307e-08,metal1,metal1
99.575,134.4,1.82e-14,metal1,metal1
99.595,75.685,2.593e-10,metal1,metal1
99.63,61.6,4.25e-06,metal1,metal1
99.6075,100.88749999999999,7.852e-10,metal1,metal1
99.63499999999999,75.77,3.43e-09,metal1,metal1
99.63499999999999,89.6,2.512e-07,metal1,metal1
99.63499999999999,137.2,1.579e-09,metal1,metal1
99.64500000000001,72.8,2.151e-06,metal1,metal1
99.64500000000001,86.8,6.549e-06,metal1,metal1
99.64500000000001,95.2,1.599e-07,metal1,metal1
100.0075,134.4,2.624e-15,metal1,metal1
99.65,92.4,7.338e-08,metal1,metal1
99.64250000000001,100.8025,5.694e-06,metal1,metal1
99.655,103.6,3.396e-07,metal1,metal1
99.67,81.2,5.74e-06,metal1,metal1
99.8225,61.6,4.25e-06,metal1,metal1
99.67750000000001,100.715,5.694e-06,metal1,metal1
99.69749999999999,75.685,3.43e-09,metal1,metal1
100.1075,89.6,6.754e-06,metal1,metal1
99.82249999999999,137.2,1.579e-09,metal1,metal1
99.9375,72.8,2.151e-06,metal1,metal1
100.23375,86.8,6.549e-06,metal1,metal1
100.215,95.2,7.716e-06,metal1,metal1
99.8375,92.4,5.888e-09,metal1,metal1
99.83500000000001,100.8,5.694e-06,metal1,metal1
99.8575,103.6,3.396e-07,metal1,metal1
99.8425,81.2,5.74e-06,metal1,metal1
99.945,75.6,4.102e-09,metal1,metal1
99.765,126.0,1.924e-09,metal1,metal1
100.245,56.0,5.144e-06,metal1,metal1
99.7775,123.1625,1.883e-08,metal1,metal1
99.82,78.4,6.284e-06,metal1,metal1
99.83500000000001,70.0,1.028e-11,metal1,metal1
99.97999999999999,126.0,2.29e-07,metal1,metal1
99.84,117.6,1.206e-09,metal1,metal1
99.845,98.0,6.234e-06,metal1,metal1
99.845,109.2,5.301e-06,metal1,metal1
99.845,114.8,6.119e-06,metal1,metal1
99.845,123.23125,3.748e-10,metal1,metal1
100.26625,78.4,6.284e-06,metal1,metal1
100.025,70.0,1.029e-11,metal1,metal1
100.03999999999999,117.6,2.094e-08,metal1,metal1
99.88,123.26875000000001,3.748e-10,metal1,metal1
100.0325,98.0,6.234e-06,metal1,metal1
99.94999999999999,109.2,5.301e-06,metal1,metal1
99.93,114.8,6.119e-06,metal1,metal1
100.1925,123.2,3.748e-10,metal1,metal1
100.36875,84.0,8.416e-06,metal1,metal1
100.0375,128.8,6.508e-06,metal1,metal1
100.00999999999999,137.2,2.065e-08,metal1,metal1
100.015,61.6,7.86e-08,metal1,metal1
100.015,81.2,2.106e-07,metal1,metal1
100.015,100.8,2.1e-07,metal1,metal1
100.015,114.8,2.255e-07,metal1,metal1
100.015,131.6,1.528e-07,metal1,metal1
100.025,92.4,3.953e-06,metal1,metal1
100.03,120.4,2.265e-07,metal1,metal1
100.035,112.0,4.798e-06,metal1,metal1
100.055,109.2,8.589e-08,metal1,metal1
100.06,103.6,2.241e-06,metal1,metal1
100.56,137.2,9.87e-07,metal1,metal1
100.2025,61.6,6.3e-09,metal1,metal1
100.21000000000001,81.2,5.668e-06,metal1,metal1
100.2225,100.8,1.455e-08,metal1,metal1
100.395,114.8,6.092e-06,metal1,metal1
100.2025,131.6,4.107e-06,metal1,metal1
100.325,92.4,3.953e-06,metal1,metal1
100.4,120.4,6.092e-06,metal1,metal1
100.5175,112.0,4.735e-09,metal1,metal1
100.3375,109.2,4.822e-09,metal1,metal1
100.1075,103.6,2.241e-06,metal1,metal1
100.14750000000001,128.8,6.508e-06,metal1,metal1
100.1875,103.6,6.079e-07,metal1,metal1
100.1875,140.0,0.0,metal1,metal1
100.1725,58.885,1.131e-09,metal1,metal1
100.22749999999999,126.0,2.389e-07,metal1,metal1
100.2,75.6,4.04e-06,metal1,metal1
100.1975,69.95,1.029e-11,metal1,metal1
100.22,58.97,5.611e-09,metal1,metal1
100.22,98.0,2.299e-07,metal1,metal1
100.225,128.8,6.362e-09,metal1,metal1
100.22999999999999,72.8,3.976e-08,metal1,metal1
100.24000000000001,67.2,9.174e-06,metal1,metal1
100.24000000000001,117.6,7.711e-06,metal1,metal1
100.2325,70.00875,1.072e-08,metal1,metal1
100.8725,75.6,4.04e-06,metal1,metal1
100.2675,70.05875,1.98e-08,metal1,metal1
100.275,58.885,5.611e-09,metal1,metal1
100.59,98.0,6.215e-06,metal1,metal1
100.32,103.6,6.079e-07,metal1,metal1
100.4675,140.0,9.349e-16,metal1,metal1
100.475,128.8,6.362e-09,metal1,metal1
100.5125,72.8,1.938e-09,metal1,metal1
100.3175,67.2,9.174e-06,metal1,metal1
100.77375,117.6,7.711e-06,metal1,metal1
100.43,70.0,3.882e-08,metal1,metal1
100.42750000000001,58.8,4.602e-06,metal1,metal1
100.445,126.0,2.389e-07,metal1,metal1
100.39,61.6,4.229e-06,metal1,metal1
100.39,131.6,8.659e-08,metal1,metal1
100.39500000000001,67.2,3.375e-07,metal1,metal1
100.405,81.2,7.391e-09,metal1,metal1
100.405,106.4,9.507e-09,metal1,metal1
100.42,103.6,2.731e-07,metal1,metal1
100.43,100.8,5.573e-06,metal1,metal1
100.44,134.4,4.703e-12,metal1,metal1
110.7525,5.6,5.764e-14,metal1,metal1
100.59,61.6,4.229e-06,metal1,metal1
100.58,131.6,3.176e-09,metal1,metal1
100.5925,67.2,9.104e-06,metal1,metal1
100.595,81.2,7.391e-09,metal1,metal1
100.595,106.4,9.507e-09,metal1,metal1
100.66749999999999,103.6,2.731e-07,metal1,metal1
100.5075,100.8,5.573e-06,metal1,metal1
100.62,134.4,4.705e-12,metal1,metal1
100.52000000000001,123.11500000000001,3.748e-10,metal1,metal1
100.5875,123.2,9.395e-10,metal1,metal1
100.58,89.6,6.612e-06,metal1,metal1
100.58500000000001,100.8,2.049e-07,metal1,metal1
100.595,58.8,4.327e-08,metal1,metal1
100.595,64.4,1.486e-07,metal1,metal1
100.61,70.0,8.53e-08,metal1,metal1
100.62,109.2,5.26e-06,metal1,metal1
100.625,92.4,6.404e-08,metal1,metal1
100.63,126.0,4.638e-10,metal1,metal1
100.8725,89.6,6.612e-06,metal1,metal1
101.1675,100.8,5.526e-06,metal1,metal1
100.685,58.8,4.327e-08,metal1,metal1
100.8825,64.4,7.156e-06,metal1,metal1
100.655,123.285,9.395e-10,metal1,metal1
100.69749999999999,70.0,8.53e-08,metal1,metal1
101.06,109.2,5.26e-06,metal1,metal1
100.9075,92.4,3.528e-09,metal1,metal1
100.81,126.0,4.638e-10,metal1,metal1
100.8675,123.2,9.395e-10,metal1,metal1
101.08875,78.4,6.284e-06,metal1,metal1
100.715,140.0,0.0,metal1,metal1
100.7575,128.8,9.673e-11,metal1,metal1
100.77000000000001,120.4,2.516e-07,metal1,metal1
100.77000000000001,131.6,2.121e-06,metal1,metal1
100.775,58.8,2.162e-10,metal1,metal1
100.775,114.8,2.245e-07,metal1,metal1
100.785,70.0,1.709e-08,metal1,metal1
100.785,81.2,1.662e-10,metal1,metal1
100.785,95.2,1.25e-07,metal1,metal1
100.785,106.4,1.413e-10,metal1,metal1
101.14750000000001,140.0,1.249e-16,metal1,metal1
100.78999999999999,56.0,1.936e-08,metal1,metal1
100.78999999999999,61.6,1.55e-07,metal1,metal1
100.78999999999999,67.2,3.353e-07,metal1,metal1
100.795,72.8,2.109e-06,metal1,metal1
100.8,134.4,3.368e-09,metal1,metal1
100.815,84.0,1.364e-07,metal1,metal1
101.34125,86.8,6.549e-06,metal1,metal1
100.97,120.4,5.951e-06,metal1,metal1
101.065,131.6,2.121e-06,metal1,metal1
100.875,58.8,3.156e-08,metal1,metal1
101.2675,114.8,5.865e-09,metal1,metal1
101.06,70.0,1.709e-08,metal1,metal1
101.07,81.2,4.889e-09,metal1,metal1
101.25,95.2,4e-09,metal1,metal1
101.065,106.4,9.332e-10,metal1,metal1
100.8775,56.0,1.936e-08,metal1,metal1
101.1925,61.6,4.163e-06,metal1,metal1
101.3725,67.2,9.057e-06,metal1,metal1
101.075,128.8,9.673e-11,metal1,metal1
101.44749999999999,72.8,2.109e-06,metal1,metal1
101.1625,134.4,3.368e-09,metal1,metal1
101.0975,84.0,7.604e-09,metal1,metal1
100.94749999999999,103.6,8.796e-07,metal1,metal1
100.96000000000001,98.0,6.195e-06,metal1,metal1
100.965,56.0,5.651e-09,metal1,metal1
100.975,58.8,3.779e-10,metal1,metal1
100.99000000000001,126.0,1.262e-10,metal1,metal1
101.0,112.0,4.684e-06,metal1,metal1
101.41625,98.0,6.195e-06,metal1,metal1
101.065,56.0,1.283e-08,metal1,metal1
101.26,58.8,3.644e-09,metal1,metal1
101.0625,103.6,8.796e-07,metal1,metal1
101.185,126.0,1.262e-10,metal1,metal1
101.44624999999999,112.0,4.684e-06,metal1,metal1
101.095,123.2,2.321e-09,metal1,metal1
101.59,137.2,9.87e-07,metal1,metal1
101.17750000000001,103.6,5.143e-07,metal1,metal1
101.15,142.8,4.401e-07,metal1,metal1
101.16499999999999,56.0,4.617e-06,metal1,metal1
101.16499999999999,89.6,1.348e-07,metal1,metal1
101.13749999999999,123.2,2.321e-09,metal1,metal1
101.17,64.4,1.537e-07,metal1,metal1
101.17,120.4,1.101e-07,metal1,metal1
101.18,123.2,3.599e-09,metal1,metal1
101.19,92.4,3.847e-06,metal1,metal1
101.73750000000001,142.8,4.401e-07,metal1,metal1
101.73,56.0,4.617e-06,metal1,metal1
101.3575,89.6,6.461e-06,metal1,metal1
101.56,64.4,1.447e-09,metal1,metal1
101.3575,120.4,8.837e-09,metal1,metal1
101.4625,123.2,9.502e-11,metal1,metal1
101.375,92.4,3.847e-06,metal1,metal1
101.3425,103.6,5.143e-07,metal1,metal1
103.00375,50.4,7.839e-07,metal1,metal1
101.77125,117.6,7.711e-06,metal1,metal1
101.3675,70.0,5.665e-06,metal1,metal1
101.315,106.315,9.332e-10,metal1,metal1
101.35499999999999,81.2,5.474e-06,metal1,metal1
101.35,106.36500000000001,1.281e-09,metal1,metal1
101.36,128.8,3.321e-10,metal1,metal1
101.36,131.6,1.79e-06,metal1,metal1
101.38,84.0,8.292e-06,metal1,metal1
101.38,126.0,4.916e-09,metal1,metal1
103.07249999999999,53.2,2.102e-07,metal1,metal1
101.38499999999999,106.45,1.281e-09,metal1,metal1
101.56,81.2,5.474e-06,metal1,metal1
101.5375,106.4,1.063e-08,metal1,metal1
101.4225,128.8,3.321e-10,metal1,metal1
101.445,131.6,1.79e-06,metal1,metal1
102.24625,84.0,8.292e-06,metal1,metal1
101.54750000000001,126.0,4.916e-09,metal1,metal1
101.7525,70.0,5.665e-06,metal1,metal1
101.475,103.6,8.669e-09,metal1,metal1
111.26875000000001,11.2,1.53e-13,metal1,metal1
101.5175,128.8,2.842e-10,metal1,metal1
103.57624999999999,47.6,9.511e-08,metal1,metal1
101.87,109.2,5.26e-06,metal1,metal1
101.5575,134.4,5.14e-06,metal1,metal1
101.53,131.6,7.232e-08,metal1,metal1
101.535,78.4,1.162e-07,metal1,metal1
101.545,58.8,4.08e-06,metal1,metal1
101.545,75.6,8.293e-08,metal1,metal1
101.5125,103.6,8.669e-09,metal1,metal1
101.545,120.4,5.933e-06,metal1,metal1
101.55,89.6,1.195e-07,metal1,metal1
101.55,103.6,4.243e-10,metal1,metal1
101.56,92.4,7.537e-08,metal1,metal1
101.58,140.0,2.874e-13,metal1,metal1
101.92750000000001,61.6,4.163e-06,metal1,metal1
102.195,131.6,1.671e-06,metal1,metal1
101.7225,78.4,9.29e-09,metal1,metal1
101.64750000000001,58.8,4.08e-06,metal1,metal1
101.91749999999999,75.6,4.005e-06,metal1,metal1
101.6425,120.4,5.933e-06,metal1,metal1
101.7375,89.6,9.535e-09,metal1,metal1
101.945,103.6,2.264e-11,metal1,metal1
101.6425,128.8,2.842e-10,metal1,metal1
101.75,92.4,2.348e-07,metal1,metal1
101.75999999999999,140.0,2.901e-13,metal1,metal1
101.8475,134.4,5.14e-06,metal1,metal1
101.715,95.2,3.507e-08,metal1,metal1
101.7475,126.0,3.333e-06,metal1,metal1
101.72,106.4,7.026e-06,metal1,metal1
101.735,128.8,4.334e-08,metal1,metal1
101.74000000000001,120.4,4.265e-08,metal1,metal1
101.745,123.2,1.017e-07,metal1,metal1
101.75,58.8,7.541e-08,metal1,metal1
101.75,100.8,1.021e-07,metal1,metal1
101.75999999999999,114.8,5.943e-06,metal1,metal1
101.765,81.2,8.87e-08,metal1,metal1
101.83250000000001,95.2,3.507e-08,metal1,metal1
102.0075,106.4,7.026e-06,metal1,metal1
101.82499999999999,128.8,4.334e-08,metal1,metal1
101.825,120.4,4.265e-08,metal1,metal1
101.83,123.2,1.017e-07,metal1,metal1
102.0325,58.8,3.688e-09,metal1,metal1
102.02250000000001,100.8,1.275e-09,metal1,metal1
102.3125,114.8,5.943e-06,metal1,metal1
102.0475,81.2,4.973e-09,metal1,metal1
101.94999999999999,126.0,3.333e-06,metal1,metal1
102.25875,98.0,6.195e-06,metal1,metal1
102.26875000000001,112.0,4.684e-06,metal1,metal1
101.91,78.4,6.236e-06,metal1,metal1
101.91,120.4,1.245e-07,metal1,metal1
101.9025,123.285,4.908e-09,metal1,metal1
101.91499999999999,128.8,7.227e-08,metal1,metal1
101.925,89.6,6.4e-06,metal1,metal1
101.93,86.8,1.211e-07,metal1,metal1
101.94,92.4,5.154e-07,metal1,metal1
101.94,140.0,2.075e-10,metal1,metal1
101.95,64.4,1.132e-06,metal1,metal1
101.95,95.2,7.527e-06,metal1,metal1
101.955,67.2,1.467e-07,metal1,metal1
101.9375,123.22625,4.908e-09,metal1,metal1
102.405,78.4,6.046e-09,metal1,metal1
102.1,120.4,8.621e-10,metal1,metal1
101.9725,123.14125,2.875e-08,metal1,metal1
101.98,128.8,7.227e-08,metal1,metal1
102.3175,89.6,7.977e-09,metal1,metal1
102.1175,86.8,9.64e-09,metal1,metal1
102.0325,92.4,5.154e-07,metal1,metal1
102.3025,140.0,2.075e-10,metal1,metal1
102.0275,64.4,1.132e-06,metal1,metal1
102.4075,95.2,7.527e-06,metal1,metal1
102.2375,67.2,8.186e-09,metal1,metal1
102.14,123.2,4.378e-08,metal1,metal1
102.045,128.8,7.62e-10,metal1,metal1
102.1,72.8,1.177e-08,metal1,metal1
102.10499999999999,64.4,7.715e-07,metal1,metal1
102.10499999999999,70.0,2.072e-07,metal1,metal1
102.10499999999999,134.4,1.886e-07,metal1,metal1
102.16749999999999,128.8,3.356e-08,metal1,metal1
102.12,126.0,1.225e-07,metal1,metal1
102.125,92.4,3.012e-06,metal1,metal1
102.14,137.2,8.698e-07,metal1,metal1
102.1975,72.8,1.177e-08,metal1,metal1
102.205,64.4,7.715e-07,metal1,metal1
102.58,70.0,5.558e-06,metal1,metal1
102.295,134.4,5.075e-06,metal1,metal1
102.56,126.0,3.301e-06,metal1,metal1
102.315,92.4,9.702e-09,metal1,metal1
103.4825,137.2,8.698e-07,metal1,metal1
102.2575,75.53125,4.005e-06,metal1,metal1
102.265,120.50375,8.621e-10,metal1,metal1
102.28999999999999,128.8,4.773e-10,metal1,metal1
102.295,56.0,8.538e-08,metal1,metal1
102.295,72.8,5.778e-09,metal1,metal1
102.2925,75.61625000000001,1.363e-10,metal1,metal1
102.27000000000001,100.715,1.275e-09,metal1,metal1
102.295,106.4,2.588e-07,metal1,metal1
102.305,64.4,5.142e-06,metal1,metal1
102.305,86.8,6.47e-06,metal1,metal1
102.305,117.6,1.006e-08,metal1,metal1
102.31,109.2,1.93e-07,metal1,metal1
102.30000000000001,120.41875,1.266e-09,metal1,metal1
102.315,58.8,4.013e-06,metal1,metal1
102.305,100.8,2.391e-08,metal1,metal1
102.32,123.2,1.379e-07,metal1,metal1
102.8425,142.8,4.401e-07,metal1,metal1
102.33,61.6,4.025e-06,metal1,metal1
102.33,81.2,5.424e-06,metal1,metal1
102.34,103.6,8.469e-12,metal1,metal1
102.3275,75.685,1.363e-10,metal1,metal1
102.33500000000001,120.315,1.266e-09,metal1,metal1
102.6,128.8,1.071e-08,metal1,metal1
102.4825,56.0,6.708e-09,metal1,metal1
102.38749999999999,72.8,5.778e-09,metal1,metal1
102.4825,75.6,7.152e-09,metal1,metal1
102.34,100.88499999999999,2.391e-08,metal1,metal1
102.5775,106.4,6.987e-06,metal1,metal1
102.4075,64.4,6.984e-06,metal1,metal1
102.6975,86.8,8.058e-09,metal1,metal1
102.495,117.6,1.006e-08,metal1,metal1
102.595,109.2,5.193e-06,metal1,metal1
102.775,120.4,3.853e-06,metal1,metal1
102.4,58.8,4.013e-06,metal1,metal1
102.4,100.8,2.391e-08,metal1,metal1
102.61250000000001,123.2,1.379e-07,metal1,metal1
102.8,61.6,4.025e-06,metal1,metal1
102.515,81.2,5.424e-06,metal1,metal1
102.52000000000001,103.6,8.473e-12,metal1,metal1
111.75375,25.2,8.786e-09,metal1,metal1
102.47999999999999,72.8,1.018e-07,metal1,metal1
102.485,58.8,1.468e-07,metal1,metal1
102.485,100.8,2.615e-06,metal1,metal1
102.485,134.4,1.872e-07,metal1,metal1
102.505,92.4,3.73e-06,metal1,metal1
102.50999999999999,64.4,1.377e-07,metal1,metal1
102.52000000000001,67.2,8.927e-06,metal1,metal1
111.79125,14.0,7.297e-14,metal1,metal1
111.7975,16.8,1.028e-13,metal1,metal1
103.065,72.8,1.989e-06,metal1,metal1
102.5925,58.8,3.938e-06,metal1,metal1
102.5775,100.8,3.815e-10,metal1,metal1
102.97749999999999,134.4,4.895e-09,metal1,metal1
102.7775,92.4,3.73e-06,metal1,metal1
102.6875,64.4,4.706e-07,metal1,metal1
102.95625000000001,67.2,8.927e-06,metal1,metal1
102.6425,139.91500000000002,2.075e-10,metal1,metal1
102.67,56.0,5.414e-10,metal1,metal1
102.67,75.6,3.905e-06,metal1,metal1
102.67,100.8,2.714e-06,metal1,metal1
102.685,117.6,2.278e-10,metal1,metal1
102.69,139.83,1.023e-09,metal1,metal1
102.7,58.8,7.273e-08,metal1,metal1
102.7,81.2,1.005e-07,metal1,metal1
102.7,103.6,6.089e-09,metal1,metal1
102.71000000000001,89.6,6.364e-06,metal1,metal1
102.715,98.0,1.266e-07,metal1,metal1
102.715,112.0,1.945e-08,metal1,metal1
102.88,56.0,5.414e-10,metal1,metal1
103.05250000000001,75.6,3.905e-06,metal1,metal1
102.87,100.8,5.327e-06,metal1,metal1
102.97,117.6,6.779e-09,metal1,metal1
102.745,139.91500000000002,1.023e-09,metal1,metal1
102.97999999999999,58.8,2.776e-10,metal1,metal1
102.875,81.2,1.724e-08,metal1,metal1
102.88499999999999,103.6,6.089e-09,metal1,metal1
102.795,89.6,6.364e-06,metal1,metal1
102.97999999999999,98.0,1.627e-06,metal1,metal1
102.78999999999999,112.0,1.945e-08,metal1,metal1
103.255,140.0,8.334e-07,metal1,metal1
102.86,106.4,6.834e-06,metal1,metal1
102.86,131.6,2.709e-08,metal1,metal1
102.86500000000001,64.4,8.043e-07,metal1,metal1
102.86500000000001,95.2,2.763e-07,metal1,metal1
102.86500000000001,112.0,3.969e-10,metal1,metal1
102.86500000000001,114.8,2.181e-07,metal1,metal1
102.88,89.6,1.175e-07,metal1,metal1
102.88,109.2,1.906e-07,metal1,metal1
102.9,78.4,6.211e-06,metal1,metal1
102.905,123.2,7.621e-07,metal1,metal1
102.91,128.8,1.001e-11,metal1,metal1
103.26249999999999,106.4,6.834e-06,metal1,metal1
103.05,131.6,2.408e-09,metal1,metal1
102.97,64.4,8.043e-07,metal1,metal1
103.4525,95.2,7.435e-06,metal1,metal1
103.05250000000001,112.0,1.176e-12,metal1,metal1
103.0625,114.8,5.869e-06,metal1,metal1
103.0675,89.6,4.746e-10,metal1,metal1
103.345,109.2,5.131e-06,metal1,metal1
103.37,78.4,6.211e-06,metal1,metal1
102.975,123.2,7.621e-07,metal1,metal1
103.09,128.8,1e-11,metal1,metal1
103.37,126.0,3.301e-06,metal1,metal1
103.0775,123.2,1.631e-06,metal1,metal1
103.05,81.2,1.388e-08,metal1,metal1
103.05,92.4,1.525e-07,metal1,metal1
103.055,70.0,2.026e-07,metal1,metal1
103.07,100.8,3.014e-08,metal1,metal1
103.07,103.6,1.121e-10,metal1,metal1
103.075,64.4,5.677e-06,metal1,metal1
103.0575,55.8975,5.414e-10,metal1,metal1
103.09,86.8,6.425e-06,metal1,metal1
103.0925,55.96625,3.525e-10,metal1,metal1
103.90875,84.0,8.292e-06,metal1,metal1
103.1575,81.2,1.388e-08,metal1,metal1
103.975,92.4,3.567e-06,metal1,metal1
103.45750000000001,70.0,5.413e-06,metal1,metal1
103.17,100.8,3.014e-08,metal1,metal1
103.2475,103.6,1.567e-11,metal1,metal1
103.16749999999999,64.4,6.836e-06,metal1,metal1
103.1275,56.06875,3.525e-10,metal1,metal1
103.27000000000001,86.8,6.425e-06,metal1,metal1
103.3775,56.0,3.928e-09,metal1,metal1
103.28999999999999,123.2,6.229e-09,metal1,metal1
103.225,111.91499999999999,8.432e-10,metal1,metal1
103.24000000000001,120.4,3.708e-06,metal1,metal1
103.24000000000001,131.6,1.647e-06,metal1,metal1
103.22749999999999,98.08500000000001,1.627e-06,metal1,metal1
103.2225,89.515,4.746e-10,metal1,metal1
103.255,117.6,7.59e-06,metal1,metal1
103.22749999999999,58.885,2.776e-10,metal1,metal1
103.25999999999999,64.4,2.508e-07,metal1,metal1
103.2575,89.6,8.116e-10,metal1,metal1
103.25999999999999,114.8,2.082e-07,metal1,metal1
103.2625,58.8,2.565e-10,metal1,metal1
103.265,81.2,8.719e-10,metal1,metal1
103.27000000000001,61.6,7.438e-08,metal1,metal1
103.27000000000001,100.8,1.683e-08,metal1,metal1
103.27000000000001,128.8,3.553e-09,metal1,metal1
103.2625,98.01625,1.4e-06,metal1,metal1
103.26,111.98375,8.432e-10,metal1,metal1
103.295,112.06875,4.644e-06,metal1,metal1
103.63,120.4,3.708e-06,metal1,metal1
103.445,131.6,1.647e-06,metal1,metal1
103.2975,97.93125,3.135e-06,metal1,metal1
103.2925,89.685,8.116e-10,metal1,metal1
103.65375,117.6,7.59e-06,metal1,metal1
103.2975,58.715,2.565e-10,metal1,metal1
103.45,64.4,6.748e-06,metal1,metal1
103.36,89.6,8.116e-10,metal1,metal1
103.345,114.8,1.709e-09,metal1,metal1
103.44999999999999,58.8,5.629e-09,metal1,metal1
103.3475,81.2,8.719e-10,metal1,metal1
103.55250000000001,61.6,3.661e-09,metal1,metal1
103.3575,100.8,1.683e-08,metal1,metal1
103.6325,128.8,3.553e-09,metal1,metal1
103.46000000000001,98.0,6.15e-06,metal1,metal1
103.545,112.0,4.644e-06,metal1,metal1
103.75874999999999,67.2,8.927e-06,metal1,metal1
103.4,103.685,1.567e-11,metal1,metal1
103.39750000000001,81.12125,8.719e-10,metal1,metal1
103.43,114.8,5.757e-06,metal1,metal1
103.43,142.8,3.716e-07,metal1,metal1
103.435,75.6,3.222e-10,metal1,metal1
103.4325,81.20625000000001,3.582e-10,metal1,metal1
103.445,100.8,1.865e-07,metal1,metal1
103.445,103.77,4.337e-06,metal1,metal1
103.45,86.8,1.188e-07,metal1,metal1
103.46000000000001,89.6,2.007e-08,metal1,metal1
103.47,123.2,2.42e-06,metal1,metal1
103.47,134.4,2.035e-06,metal1,metal1
103.4675,81.285,3.582e-10,metal1,metal1
103.725,114.8,5.757e-06,metal1,metal1
104.39875,142.8,3.716e-07,metal1,metal1
103.6425,75.6,3.222e-10,metal1,metal1
103.6225,81.2,7.735e-09,metal1,metal1
103.64,100.8,7.567e-09,metal1,metal1
103.5025,103.685,4.337e-06,metal1,metal1
103.6375,86.8,9.526e-09,metal1,metal1
103.5475,89.6,2.007e-08,metal1,metal1
104.1525,123.2,2.42e-06,metal1,metal1
103.5475,134.4,2.035e-06,metal1,metal1
103.92,103.6,4.337e-06,metal1,metal1
103.6075,134.2975,2.035e-06,metal1,metal1
103.63499999999999,58.8,3.786e-06,metal1,metal1
103.63499999999999,89.6,2.217e-07,metal1,metal1
103.64,64.4,2.482e-07,metal1,metal1
103.64,98.0,1.137e-07,metal1,metal1
103.65,72.8,3.683e-08,metal1,metal1
103.65,131.6,3.043e-08,metal1,metal1
103.66,56.0,4.354e-06,metal1,metal1
103.6425,134.39999999999998,1.124e-06,metal1,metal1
103.9975,106.4,6.834e-06,metal1,metal1
112.37125,28.0,1.293e-13,metal1,metal1
103.6775,134.5025,1.769e-06,metal1,metal1
104.2,58.8,3.786e-06,metal1,metal1
103.83,89.6,8.944e-09,metal1,metal1
103.925,64.4,6.694e-06,metal1,metal1
103.8275,98.0,9.035e-09,metal1,metal1
103.83500000000001,72.8,5.633e-09,metal1,metal1
103.9325,131.6,1.494e-09,metal1,metal1
103.9275,56.0,4.354e-06,metal1,metal1
103.83,134.4,1.769e-06,metal1,metal1
104.235,140.0,8.334e-07,metal1,metal1
103.81,81.2,5.289e-06,metal1,metal1
103.81,109.2,1.584e-08,metal1,metal1
103.81,112.0,7.529e-08,metal1,metal1
103.81,126.0,3.136e-06,metal1,metal1
103.825,86.8,6.395e-06,metal1,metal1
103.83500000000001,61.6,3.984e-06,metal1,metal1
103.83500000000001,100.8,5.241e-06,metal1,metal1
103.84,78.4,1.148e-07,metal1,metal1
103.85,75.6,7.392e-08,metal1,metal1
104.1925,70.0,5.413e-06,metal1,metal1
104.40375,81.2,5.289e-06,metal1,metal1
103.9075,109.2,1.584e-08,metal1,metal1
104.0,112.0,6.756e-09,metal1,metal1
104.36,126.0,3.136e-06,metal1,metal1
104.4625,86.8,6.395e-06,metal1,metal1
104.02250000000001,61.6,3.984e-06,metal1,metal1
103.92500000000001,100.8,5.241e-06,metal1,metal1
104.1225,78.4,5.574e-09,metal1,metal1
103.92500000000001,75.6,2.074e-08,metal1,metal1
104.0275,128.8,5.421e-06,metal1,metal1
104.0,75.6,3.677e-06,metal1,metal1
104.0,134.4,1.368e-07,metal1,metal1
104.005,109.2,3.566e-09,metal1,metal1
104.015,98.0,6.064e-06,metal1,metal1
104.015,100.8,6.835e-09,metal1,metal1
104.02000000000001,72.8,5.605e-09,metal1,metal1
104.02000000000001,114.8,2.122e-07,metal1,metal1
104.02000000000001,120.4,3.467e-08,metal1,metal1
104.025,89.6,6.194e-06,metal1,metal1
104.5575,95.2,7.435e-06,metal1,metal1
104.38125,117.6,7.59e-06,metal1,metal1
104.295,75.6,3.677e-06,metal1,metal1
105.11125,134.4,4.777e-06,metal1,metal1
104.0975,109.2,1.67e-08,metal1,metal1
104.2075,98.0,6.064e-06,metal1,metal1
104.205,100.8,6.835e-09,metal1,metal1
104.1175,72.8,5.605e-09,metal1,metal1
104.48750000000001,114.8,5.735e-06,metal1,metal1
104.20750000000001,120.4,5.576e-10,metal1,metal1
104.2175,89.6,6.194e-06,metal1,metal1
104.32249999999999,128.8,5.421e-06,metal1,metal1
112.60875,22.4,1.272e-13,metal1,metal1
104.19,109.2,4.85e-06,metal1,metal1
104.19,112.0,4.62e-06,metal1,metal1
104.195,56.0,6.47e-07,metal1,metal1
104.195,67.2,3.293e-07,metal1,metal1
104.21000000000001,61.6,1.466e-07,metal1,metal1
104.21000000000001,64.4,1.236e-07,metal1,metal1
104.215,72.8,1.243e-08,metal1,metal1
104.215,131.6,1.626e-06,metal1,metal1
104.475,109.2,4.85e-06,metal1,metal1
104.58,112.0,4.62e-06,metal1,metal1
104.295,56.0,6.47e-07,metal1,metal1
104.67500000000001,67.2,8.906e-06,metal1,metal1
104.4925,61.6,3.953e-06,metal1,metal1
104.39250000000001,64.4,1.767e-09,metal1,metal1
104.305,72.8,1.243e-08,metal1,metal1
104.6875,131.6,1.626e-06,metal1,metal1
104.71000000000001,103.6,4.337e-06,metal1,metal1
104.39500000000001,56.0,2.991e-06,metal1,metal1
104.39500000000001,72.8,1.848e-06,metal1,metal1
104.39500000000001,100.8,2.526e-10,metal1,metal1
104.3725,120.315,5.576e-10,metal1,metal1
104.4,98.0,1.16e-07,metal1,metal1
104.4,106.4,2.52e-07,metal1,metal1
104.405,78.4,6.064e-06,metal1,metal1
104.41,89.6,1.144e-07,metal1,metal1
104.4075,120.4175,3.585e-06,metal1,metal1
104.4825,56.0,1.001e-08,metal1,metal1
104.4975,72.8,1.848e-06,metal1,metal1
104.5775,100.8,1.183e-08,metal1,metal1
104.4425,120.5025,3.585e-06,metal1,metal1
104.88499999999999,98.0,1.185e-10,metal1,metal1
104.93625,106.4,6.815e-06,metal1,metal1
104.5925,78.4,6.064e-06,metal1,metal1
104.68,89.6,1.686e-09,metal1,metal1
104.50999999999999,120.4,3.585e-06,metal1,metal1
104.57,56.0,6.229e-07,metal1,metal1
104.545,64.44125,1.767e-09,metal1,metal1
104.58,64.35625,1.609e-09,metal1,metal1
104.58500000000001,128.8,7.149e-09,metal1,metal1
104.59,75.6,6.799e-08,metal1,metal1
104.595,70.0,5.368e-09,metal1,metal1
104.6,72.8,3.618e-08,metal1,metal1
104.6,120.4,1.308e-08,metal1,metal1
104.6725,56.0,6.229e-07,metal1,metal1
104.61500000000001,64.315,1.609e-09,metal1,metal1
105.2525,64.4,6.384e-06,metal1,metal1
104.775,128.8,7.149e-09,metal1,metal1
104.7775,75.6,5.438e-09,metal1,metal1
104.845,70.0,5.368e-09,metal1,metal1
104.795,72.8,1.628e-10,metal1,metal1
104.6875,120.4,1.308e-08,metal1,metal1
104.75999999999999,100.8,7.894e-09,metal1,metal1
104.75999999999999,109.2,4.295e-08,metal1,metal1
104.75999999999999,140.0,3.215e-08,metal1,metal1
104.765,58.8,1.38e-07,metal1,metal1
104.775,56.0,2.285e-08,metal1,metal1
104.775,61.6,5.155e-09,metal1,metal1
104.775,84.0,1.081e-08,metal1,metal1
104.775,120.4,8.469e-10,metal1,metal1
104.78,78.4,3.871e-08,metal1,metal1
104.78,117.6,1.404e-07,metal1,metal1
104.785,50.4,7.664e-10,metal1,metal1
104.8,53.2,1.332e-07,metal1,metal1
106.0975,137.2,8.698e-07,metal1,metal1
104.86250000000001,100.8,7.894e-09,metal1,metal1
104.8575,109.2,4.295e-08,metal1,metal1
105.63875,140.0,7.054e-07,metal1,metal1
104.9625,58.8,3.687e-06,metal1,metal1
105.44749999999999,123.2,2.42e-06,metal1,metal1
105.05250000000001,56.0,3.143e-10,metal1,metal1
104.965,61.6,5.155e-09,metal1,metal1
104.965,84.0,1.081e-08,metal1,metal1
104.97,120.4,4.681e-09,metal1,metal1
104.8725,78.4,3.871e-08,metal1,metal1
104.9675,117.6,1.119e-08,metal1,metal1
105.035,50.4,7.664e-10,metal1,metal1
105.94874999999999,53.2,1.332e-07,metal1,metal1
105.755,92.4,3.567e-06,metal1,metal1
105.39,126.0,3.136e-06,metal1,metal1
104.92750000000001,89.6875,1.686e-09,metal1,metal1
104.955,109.2,7.496e-08,metal1,metal1
104.955,114.8,1.387e-07,metal1,metal1
104.965,75.6,3.65e-06,metal1,metal1
104.965,78.4,7.823e-09,metal1,metal1
104.965,100.8,5.02e-06,metal1,metal1
104.965,128.8,1.033e-10,metal1,metal1
104.97,112.0,1.7e-07,metal1,metal1
104.9625,89.6025,5.652e-06,metal1,metal1
104.99000000000001,72.8,5.12e-09,metal1,metal1
105.52125000000001,81.2,5.289e-06,metal1,metal1
104.9975,89.515,5.652e-06,metal1,metal1
105.2375,109.2,8.329e-09,metal1,metal1
105.52250000000001,114.8,5.558e-06,metal1,metal1
107.02125000000001,75.6,3.65e-06,metal1,metal1
105.155,78.4,7.823e-09,metal1,metal1
105.055,100.8,5.02e-06,metal1,metal1
105.25,128.8,4.506e-09,metal1,metal1
105.55,112.0,4.589e-06,metal1,metal1
105.06,89.6,5.652e-06,metal1,metal1
105.0775,72.8,5.12e-09,metal1,metal1
105.1275,70.0,7.799e-08,metal1,metal1
105.66749999999999,86.8,6.395e-06,metal1,metal1
105.14,103.6,4.314e-06,metal1,metal1
105.14500000000001,89.6,1.044e-07,metal1,metal1
105.14500000000001,95.2,1.375e-07,metal1,metal1
105.14500000000001,100.8,1.848e-07,metal1,metal1
105.155,61.6,1.159e-10,metal1,metal1
105.155,67.2,1.82e-07,metal1,metal1
105.155,84.0,2.43e-10,metal1,metal1
105.155,117.6,7.511e-06,metal1,metal1
105.16,58.8,6.818e-08,metal1,metal1
105.16,131.6,3.007e-08,metal1,metal1
105.16499999999999,72.8,1.633e-06,metal1,metal1
105.16499999999999,120.4,3.453e-06,metal1,metal1
105.2375,103.6,4.314e-06,metal1,metal1
105.33250000000001,89.6,1.7e-09,metal1,metal1
105.33250000000001,95.2,1.105e-08,metal1,metal1
105.81,100.8,4.988e-06,metal1,metal1
105.44,61.6,3.408e-09,metal1,metal1
105.53,67.2,8.747e-06,metal1,metal1
105.44,84.0,7.141e-09,metal1,metal1
105.2425,117.6,4.181e-09,metal1,metal1
105.3475,58.8,5.457e-09,metal1,metal1
105.245,70.0,2.934e-10,metal1,metal1
105.3475,131.6,2.399e-09,metal1,metal1
105.63,72.8,1.633e-06,metal1,metal1
105.355,120.4,3.453e-06,metal1,metal1
105.3175,50.4,4.917e-13,metal1,metal1
105.30250000000001,55.9125,3.143e-10,metal1,metal1
105.33,70.0,1.182e-08,metal1,metal1
105.305,117.51249999999999,4.181e-09,metal1,metal1
105.33500000000001,103.6,1.039e-07,metal1,metal1
105.3375,55.962500000000006,3.446e-06,metal1,metal1
105.345,78.4,1.556e-08,metal1,metal1
105.34,117.5975,1.263e-09,metal1,metal1
106.26625,142.8,3.716e-07,metal1,metal1
105.37,98.0,2.116e-08,metal1,metal1
105.3725,56.05,3.446e-06,metal1,metal1
105.5925,70.0,1.182e-08,metal1,metal1
105.375,117.685,1.263e-09,metal1,metal1
105.4425,103.6,4.147e-06,metal1,metal1
105.4425,56.0,3.446e-06,metal1,metal1
105.535,78.4,1.142e-06,metal1,metal1
105.6975,50.4,4.916e-13,metal1,metal1
105.5375,117.6,1.077e-08,metal1,metal1
105.4525,98.0,2.116e-08,metal1,metal1
105.93875,106.4,6.815e-06,metal1,metal1
105.4975,89.515,1.7e-09,metal1,metal1
105.52000000000001,95.2,7.417e-06,metal1,metal1
105.52000000000001,109.2,4.626e-06,metal1,metal1
105.535,58.8,3.663e-06,metal1,metal1
105.535,98.0,5.824e-06,metal1,metal1
105.535,128.8,5.101e-06,metal1,metal1
105.535,131.6,1.61e-06,metal1,metal1
105.53999999999999,56.0,1.267e-07,metal1,metal1
105.5325,89.58375000000001,9.647e-10,metal1,metal1
105.545,120.4,8.87e-09,metal1,metal1
105.55,103.6,7.664e-08,metal1,metal1
105.5675,89.66874999999999,9.647e-10,metal1,metal1
105.7125,95.2,7.417e-06,metal1,metal1
105.9,109.2,4.626e-06,metal1,metal1
105.625,58.8,3.663e-06,metal1,metal1
106.10749999999999,98.0,5.824e-06,metal1,metal1
105.63,128.8,5.101e-06,metal1,metal1
105.625,131.6,1.61e-06,metal1,metal1
106.11,56.0,3.414e-06,metal1,metal1
105.795,89.6,9.647e-10,metal1,metal1
105.7225,120.4,8.87e-09,metal1,metal1
105.8325,103.6,3.788e-09,metal1,metal1
105.715,58.8,6.774e-08,metal1,metal1
105.715,131.6,2.188e-09,metal1,metal1
105.725,61.6,3.815e-06,metal1,metal1
105.725,78.4,2.316e-06,metal1,metal1
105.725,84.0,7.995e-06,metal1,metal1
105.725,117.6,7.363e-06,metal1,metal1
105.705,128.75,5.101e-06,metal1,metal1
105.72999999999999,47.6,1.757e-09,metal1,metal1
105.74000000000001,128.81875,5.532e-10,metal1,metal1
105.9025,58.8,5.263e-09,metal1,metal1
105.9025,131.6,2.188e-09,metal1,metal1
105.91,61.6,3.815e-06,metal1,metal1
105.82,78.4,2.316e-06,metal1,metal1
106.1075,84.0,7.995e-06,metal1,metal1
105.9075,117.6,7.363e-06,metal1,metal1
105.775,128.86875,5.532e-10,metal1,metal1
105.91749999999999,47.6,3.527e-11,metal1,metal1
105.93,128.8,5.532e-10,metal1,metal1
105.88749999999999,70.0,1.123e-11,metal1,metal1
105.9,120.4,1.268e-08,metal1,metal1
105.905,67.2,1.618e-07,metal1,metal1
105.905,95.2,2.736e-07,metal1,metal1
105.91499999999999,78.4,2.319e-06,metal1,metal1
105.92,64.4,1.179e-07,metal1,metal1
105.94,126.0,3.005e-06,metal1,metal1
113.505,33.6,4.48e-14,metal1,metal1
105.9725,120.4,1.268e-08,metal1,metal1
106.0925,67.2,1.299e-08,metal1,metal1
106.19749999999999,95.2,7.403e-06,metal1,metal1
106.00999999999999,78.4,2.319e-06,metal1,metal1
106.1,64.4,1.109e-09,metal1,metal1
106.16749999999999,70.0,1.123e-11,metal1,metal1
106.0225,126.0,3.005e-06,metal1,metal1
106.0775,50.4,2.207e-15,metal1,metal1
106.0775,89.6,6.205e-13,metal1,metal1
106.0775,120.4,1.69e-08,metal1,metal1
106.09,58.8,3.531e-06,metal1,metal1
106.09,114.8,2.29e-07,metal1,metal1
106.0625,117.53125,7.363e-06,metal1,metal1
106.09,131.6,8.252e-11,metal1,metal1
106.095,61.6,7.056e-08,metal1,metal1
106.095,72.8,2.646e-08,metal1,metal1
106.10499999999999,47.6,2.236e-08,metal1,metal1
106.10499999999999,78.4,3.145e-08,metal1,metal1
106.0975,117.58125000000001,4.576e-10,metal1,metal1
106.085,126.0275,3.005e-06,metal1,metal1
106.10499999999999,128.8,1.635e-08,metal1,metal1
106.11500000000001,81.2,5.17e-09,metal1,metal1
106.11500000000001,103.6,4.123e-06,metal1,metal1
106.13,112.0,4.471e-06,metal1,metal1
106.13,123.2,2.238e-06,metal1,metal1
106.12,125.95875000000001,4.211e-10,metal1,metal1
106.7675,58.8,3.531e-06,metal1,metal1
106.5675,114.8,5.401e-06,metal1,metal1
106.1325,117.65,4.576e-10,metal1,metal1
106.28,131.6,2.281e-09,metal1,metal1
106.2825,61.6,5.634e-09,metal1,metal1
106.3775,72.8,1.395e-09,metal1,metal1
109.8775,47.6,2.236e-08,metal1,metal1
106.39,78.4,5.029e-09,metal1,metal1
106.2875,117.6,3.81e-10,metal1,metal1
106.155,125.93125,4.211e-10,metal1,metal1
106.2125,128.8,7.344e-09,metal1,metal1
106.35749999999999,50.4,7.012e-16,metal1,metal1
106.4575,89.6,6.202e-13,metal1,metal1
106.4575,120.4,1.959e-09,metal1,metal1
106.36500000000001,81.2,5.17e-09,metal1,metal1
106.20750000000001,103.6,4.123e-06,metal1,metal1
106.20750000000001,112.0,4.471e-06,metal1,metal1
107.9475,123.2,2.238e-06,metal1,metal1
106.4175,126.0,3.129e-09,metal1,metal1
107.26375,134.4,4.777e-06,metal1,metal1
106.2525,64.5025,1.109e-09,metal1,metal1
106.28,67.2,8.718e-06,metal1,metal1
106.28,109.2,7.574e-08,metal1,metal1
106.285,112.0,1.64e-07,metal1,metal1
106.2875,64.4175,1.821e-09,metal1,metal1
106.3,103.6,7.624e-08,metal1,metal1
106.305,86.8,2.006e-08,metal1,metal1
106.32,128.8,2.242e-09,metal1,metal1
113.69624999999999,19.6,8.886e-14,metal1,metal1
106.32249999999999,64.315,1.821e-09,metal1,metal1
106.47999999999999,67.2,8.718e-06,metal1,metal1
106.66,109.2,2.957e-09,metal1,metal1
106.73374999999999,112.0,4.41e-06,metal1,metal1
106.765,64.4,1.692e-06,metal1,metal1
106.4875,103.6,6.012e-09,metal1,metal1
106.39750000000001,86.8,2.006e-08,metal1,metal1
106.4975,128.8,2.242e-09,metal1,metal1
106.41499999999999,70.0,2.138e-13,metal1,metal1
106.47,61.6,3.781e-06,metal1,metal1
106.4425,117.52125,3.81e-10,metal1,metal1
106.47,131.6,1.585e-06,metal1,metal1
106.475,100.8,1.837e-07,metal1,metal1
106.475,106.4,2.514e-07,metal1,metal1
106.8475,70.0,1.587e-14,metal1,metal1
106.47749999999999,117.57124999999999,4.152e-10,metal1,metal1
106.49000000000001,84.0,1.478e-07,metal1,metal1
106.49000000000001,86.8,3.703e-10,metal1,metal1
106.49000000000001,95.2,1.369e-07,metal1,metal1
107.32625,140.0,7.054e-07,metal1,metal1
106.66999999999999,61.6,3.781e-06,metal1,metal1
106.51249999999999,117.65,4.152e-10,metal1,metal1
106.775,131.6,1.585e-06,metal1,metal1
106.86250000000001,100.8,4.96e-06,metal1,metal1
106.86250000000001,106.4,6.801e-06,metal1,metal1
106.6775,117.6,1.983e-08,metal1,metal1
106.67750000000001,84.0,1.179e-08,metal1,metal1
106.64750000000001,86.8,5.538e-13,metal1,metal1
106.67750000000001,95.2,1.1e-08,metal1,metal1
106.60499999999999,50.4,0.0,metal1,metal1
106.64750000000001,81.2,3.316e-12,metal1,metal1
106.66,72.8,1.52e-06,metal1,metal1
107.0375,50.4,1.249e-16,metal1,metal1
106.675,78.4,5.599e-06,metal1,metal1
106.675,103.6,4.034e-06,metal1,metal1
106.64750000000001,128.75,2.242e-09,metal1,metal1
106.68,56.0,6.313e-08,metal1,metal1
106.68,67.2,1.61e-07,metal1,metal1
106.68,92.4,1.292e-07,metal1,metal1
106.68,98.0,2.135e-07,metal1,metal1
106.6825,128.83499999999998,9.346e-10,metal1,metal1
106.7,126.0,2.776e-06,metal1,metal1
107.19999999999999,72.8,1.52e-06,metal1,metal1
106.7725,78.4,5.599e-06,metal1,metal1
106.85749999999999,103.6,4.034e-06,metal1,metal1
106.7175,128.885,9.346e-10,metal1,metal1
106.8675,56.0,5.027e-09,metal1,metal1
106.86,67.2,2.136e-09,metal1,metal1
107.0275,81.2,3.316e-12,metal1,metal1
107.0625,92.4,3.429e-06,metal1,metal1
106.95750000000001,98.0,5.737e-06,metal1,metal1
106.8775,128.8,9.296e-07,metal1,metal1
107.1875,126.0,2.776e-06,metal1,metal1
113.93,30.8,6.183e-14,metal1,metal1
106.8,86.8375,5.539e-13,metal1,metal1
106.8375,89.6,2.183e-12,metal1,metal1
106.8375,120.4,1.437e-12,metal1,metal1
106.86500000000001,84.0,7.914e-06,metal1,metal1
106.86500000000001,86.875,6.06e-14,metal1,metal1
106.86500000000001,95.2,7.385e-06,metal1,metal1
106.87,61.6,2.156e-08,metal1,metal1
106.87,78.4,2.054e-07,metal1,metal1
106.87,117.6,2.244e-08,metal1,metal1
107.0575,84.0,7.914e-06,metal1,metal1
106.9025,86.8375,5.742e-14,metal1,metal1
107.14250000000001,95.2,1.349e-08,metal1,metal1
106.97,61.6,2.156e-08,metal1,metal1
107.14750000000001,78.4,5.525e-06,metal1,metal1
107.2175,86.8,5.738e-14,metal1,metal1
107.1175,89.6,2.182e-12,metal1,metal1
106.9625,117.6,2.244e-08,metal1,metal1
107.1175,120.4,1.44e-12,metal1,metal1
107.01249999999999,67.26875000000001,2.136e-09,metal1,metal1
107.03999999999999,103.6,3.755e-06,metal1,metal1
107.03999999999999,109.2,4.491e-06,metal1,metal1
107.02000000000001,114.86875,5.401e-06,metal1,metal1
107.055,56.0,3.374e-06,metal1,metal1
107.0475,67.18375,1.349e-09,metal1,metal1
107.055,117.6,4.112e-08,metal1,metal1
107.055,114.8,2.483e-10,metal1,metal1
107.065,128.8,1.924e-06,metal1,metal1
107.07,61.6,6.75e-08,metal1,metal1
107.08,131.6,2.588e-08,metal1,metal1
108.17625000000001,53.2,1.332e-07,metal1,metal1
107.08250000000001,67.11500000000001,1.349e-09,metal1,metal1
107.24000000000001,103.6,3.755e-06,metal1,metal1
107.4225,109.2,4.491e-06,metal1,metal1
107.09,114.73124999999999,2.483e-10,metal1,metal1
114.08625,39.2,1.504e-13,metal1,metal1
107.49625,56.0,3.374e-06,metal1,metal1
107.23750000000001,67.2,1.3e-08,metal1,metal1
107.15,117.6,4.112e-08,metal1,metal1
107.315,114.8,2.483e-10,metal1,metal1
107.16,128.8,1.924e-06,metal1,metal1
107.35249999999999,61.6,3.236e-09,metal1,metal1
107.16499999999999,131.6,1.37e-08,metal1,metal1
114.11875,42.0,1.521e-13,metal1,metal1
107.56125,112.0,4.41e-06,metal1,metal1
107.2175,64.485,1.692e-06,metal1,metal1
107.235,98.0,2.113e-07,metal1,metal1
107.235,142.8,1.238e-08,metal1,metal1
107.245,117.6,7.048e-06,metal1,metal1
107.25,84.0,1.467e-07,metal1,metal1
107.25,100.8,1.816e-07,metal1,metal1
107.25,106.4,2.508e-07,metal1,metal1
107.25,131.6,4.146e-09,metal1,metal1
107.255,128.8,1.799e-06,metal1,metal1
107.2525,64.3825,1.573e-06,metal1,metal1
107.28,70.0,2.85e-11,metal1,metal1
107.2875,64.2975,2.878e-06,metal1,metal1
107.52,98.0,5.704e-06,metal1,metal1
107.5175,142.8,2.989e-07,metal1,metal1
107.9025,117.6,7.048e-06,metal1,metal1
107.33500000000001,84.0,6.371e-10,metal1,metal1
107.5275,100.8,4.876e-06,metal1,metal1
107.64750000000001,106.4,6.781e-06,metal1,metal1
107.35499999999999,131.6,4.146e-09,metal1,metal1
107.34,128.8,1.799e-06,metal1,metal1
107.44,64.4,1.484e-08,metal1,metal1
107.46000000000001,70.0,2.85e-11,metal1,metal1
107.36500000000001,89.6,2.296e-09,metal1,metal1
107.36500000000001,120.4,4.439e-10,metal1,metal1
107.4075,81.2,3.466e-13,metal1,metal1
107.42,67.2,8.6e-06,metal1,metal1
107.42,84.0,2.182e-08,metal1,metal1
107.42,95.2,7.27e-06,metal1,metal1
107.425,78.4,2.016e-07,metal1,metal1
107.425,128.8,6.307e-07,metal1,metal1
107.58500000000001,89.6,1.167e-07,metal1,metal1
107.4975,120.4,2.255e-08,metal1,metal1
107.44,103.6,1.383e-07,metal1,metal1
107.44,137.2,3.168e-08,metal1,metal1
107.445,58.8,3.452e-09,metal1,metal1
107.445,92.4,3.352e-09,metal1,metal1
107.46000000000001,131.6,4.497e-10,metal1,metal1
107.47,50.4,3.381e-15,metal1,metal1
107.5175,67.2,8.6e-06,metal1,metal1
107.52250000000001,84.0,2.182e-08,metal1,metal1
107.705,95.2,7.27e-06,metal1,metal1
107.71,78.4,5.391e-06,metal1,metal1
107.495,128.8,6.307e-07,metal1,metal1
107.6875,81.2,3.452e-13,metal1,metal1
107.63,103.6,3.734e-06,metal1,metal1
108.26625,137.2,8.46e-07,metal1,metal1
107.695,58.8,3.452e-09,metal1,metal1
107.695,92.4,3.352e-09,metal1,metal1
107.5375,131.6,4.497e-10,metal1,metal1
107.65,50.4,3.425e-16,metal1,metal1
107.5975,86.8,2.126e-10,metal1,metal1
107.55250000000001,114.76249999999999,2.042e-09,metal1,metal1
107.5975,128.8,8.383e-07,metal1,metal1
107.61,64.4,6.107e-06,metal1,metal1
107.61,114.725,4.521e-10,metal1,metal1
107.61500000000001,67.2,3.173e-07,metal1,metal1
107.58500000000001,131.515,4.497e-10,metal1,metal1
107.625,84.0,7.747e-06,metal1,metal1
107.62,131.60000000000002,3.369e-10,metal1,metal1
107.63,120.4,2.628e-10,metal1,metal1
107.63499999999999,61.6,3.519e-06,metal1,metal1
107.64,70.0,2.04e-08,metal1,metal1
108.0925,126.0,2.776e-06,metal1,metal1
107.905,64.4,6.107e-06,metal1,metal1
107.655,114.76249999999999,4.521e-10,metal1,metal1
107.8125,67.2,8.583e-06,metal1,metal1
107.655,131.685,3.369e-10,metal1,metal1
107.735,84.0,7.747e-06,metal1,metal1
107.81,131.6,1.419e-06,metal1,metal1
107.825,86.8,2.126e-10,metal1,metal1
107.9775,114.8,4.521e-10,metal1,metal1
107.93,120.4,8.32e-09,metal1,metal1
107.81,128.8,9.672e-10,metal1,metal1
107.72749999999999,61.6,3.519e-06,metal1,metal1
107.72999999999999,70.0,2.04e-08,metal1,metal1
108.21000000000001,72.8,1.52e-06,metal1,metal1
107.8,142.8,2.304e-07,metal1,metal1
107.805,89.6,6.036e-11,metal1,metal1
107.805,98.0,2.1e-07,metal1,metal1
107.775,100.84125,4.876e-06,metal1,metal1
107.805,109.2,8.305e-08,metal1,metal1
107.81,100.79124999999999,5.424e-11,metal1,metal1
107.82,61.6,1.067e-07,metal1,metal1
107.82,70.0,3.44e-10,metal1,metal1
107.82,103.6,1.45e-08,metal1,metal1
107.83,50.4,0.0,metal1,metal1
107.845,84.0,6.751e-08,metal1,metal1
108.91,142.8,2.304e-07,metal1,metal1
108.0175,89.6,1.216e-07,metal1,metal1
107.9075,98.0,5.67e-06,metal1,metal1
107.845,100.75,5.424e-11,metal1,metal1
107.9925,109.2,6.656e-09,metal1,metal1
108.005,100.8,6.261e-09,metal1,metal1
108.0975,61.6,3.37e-06,metal1,metal1
108.0925,70.0,1.771e-09,metal1,metal1
107.91499999999999,103.6,1.45e-08,metal1,metal1
108.1925,50.4,1.517e-16,metal1,metal1
107.94,84.0,6.751e-08,metal1,metal1
107.935,81.2,3.608e-10,metal1,metal1
108.30875,56.0,3.374e-06,metal1,metal1
107.97749999999999,58.8,2.213e-12,metal1,metal1
107.97749999999999,92.4,4.994e-11,metal1,metal1
107.99000000000001,95.2,1.179e-07,metal1,metal1
107.99000000000001,128.8,2.094e-07,metal1,metal1
107.995,78.4,1.982e-07,metal1,metal1
107.995,131.6,2.299e-08,metal1,metal1
108.06,81.2,1.833e-08,metal1,metal1
108.00999999999999,67.2,1.33e-07,metal1,metal1
108.00999999999999,98.0,2.09e-07,metal1,metal1
108.00999999999999,103.6,5.979e-09,metal1,metal1
108.00999999999999,112.0,1.625e-07,metal1,metal1
108.02000000000001,86.8,1.309e-09,metal1,metal1
108.035,84.0,2.378e-07,metal1,metal1
108.3725,106.4,6.781e-06,metal1,metal1
108.18,95.2,1.059e-08,metal1,metal1
108.1575,128.8,2.094e-07,metal1,metal1
108.38,78.4,5.343e-06,metal1,metal1
108.2775,131.6,1.198e-09,metal1,metal1
108.3575,58.8,2.214e-12,metal1,metal1
108.39,67.2,6.919e-09,metal1,metal1
108.2,92.4,4.994e-11,metal1,metal1
108.2,98.0,5.647e-06,metal1,metal1
108.10249999999999,103.6,5.979e-09,metal1,metal1
108.2875,112.0,4.39e-06,metal1,metal1
108.0725,86.8,1.309e-09,metal1,metal1
108.2225,84.0,1.049e-08,metal1,metal1
108.125,86.8,1.716e-09,metal1,metal1
114.60875,36.4,8.565e-14,metal1,metal1
108.18,109.2,4.451e-06,metal1,metal1
108.185,81.2,2.263e-10,metal1,metal1
108.35499999999999,86.8,1.011e-10,metal1,metal1
108.195,100.8,1.385e-10,metal1,metal1
108.195,103.6,3.695e-06,metal1,metal1
108.2,64.4,9.462e-08,metal1,metal1
108.205,140.0,6.896e-10,metal1,metal1
108.22999999999999,89.6,2.228e-10,metal1,metal1
108.22999999999999,120.4,1.043e-09,metal1,metal1
108.3725,109.2,4.451e-06,metal1,metal1
108.4925,81.2,6.074e-09,metal1,metal1
108.48,100.8,3.972e-09,metal1,metal1
108.875,103.6,3.695e-06,metal1,metal1
108.5775,64.4,4.864e-09,metal1,metal1
108.455,140.0,6.896e-10,metal1,metal1
108.41,89.6,2.228e-10,metal1,metal1
108.3075,120.4,1.043e-09,metal1,metal1
108.3575,114.8,4.282e-13,metal1,metal1
108.3575,128.8,2.77e-07,metal1,metal1
108.39750000000001,70.0,4.392e-06,metal1,metal1
108.37,95.2,7.241e-06,metal1,metal1
108.375,61.6,6.232e-08,metal1,metal1
108.375,134.4,1.762e-07,metal1,metal1
108.38499999999999,120.4,3.439e-10,metal1,metal1
108.39,92.4,6.982e-13,metal1,metal1
108.39,98.0,1.044e-07,metal1,metal1
108.41,84.0,4.531e-08,metal1,metal1
108.5625,95.2,7.241e-06,metal1,metal1
108.5625,61.6,4.975e-09,metal1,metal1
108.66,134.4,4.763e-06,metal1,metal1
108.48750000000001,120.4,3.439e-10,metal1,metal1
108.5475,92.4,1.21e-11,metal1,metal1
108.5775,98.0,8.388e-09,metal1,metal1
108.63749999999999,114.8,4.296e-13,metal1,metal1
108.5825,128.8,2.77e-07,metal1,metal1
108.505,84.0,4.531e-08,metal1,metal1
108.5975,70.0,4.392e-06,metal1,metal1
108.5875,50.4,5.077e-14,metal1,metal1
108.56,117.6,2.919e-07,metal1,metal1
108.56,131.6,1.305e-06,metal1,metal1
108.565,109.2,8.23e-08,metal1,metal1
108.565,112.0,8.119e-08,metal1,metal1
108.58,126.0,1.021e-07,metal1,metal1
108.58500000000001,86.8,2.181e-10,metal1,metal1
108.59,89.6,2.811e-07,metal1,metal1
108.59,120.4,1.376e-09,metal1,metal1
108.6,84.0,7.54e-06,metal1,metal1
109.04249999999999,117.6,6.925e-06,metal1,metal1
108.85249999999999,131.6,1.305e-06,metal1,metal1
108.7525,109.2,6.605e-09,metal1,metal1
108.7525,112.0,6.515e-09,metal1,metal1
109.065,126.0,2.678e-09,metal1,metal1
108.7875,86.8,2.181e-10,metal1,metal1
108.8625,89.6,2.811e-07,metal1,metal1
108.9525,120.4,1.376e-09,metal1,metal1
108.67750000000001,84.0,7.54e-06,metal1,metal1
111.76375,50.4,4.892e-14,metal1,metal1
108.73750000000001,58.8,2.207e-15,metal1,metal1
108.7,92.315,1.21e-11,metal1,metal1
108.73750000000001,140.0,4.418e-13,metal1,metal1
108.75,56.0,7.112e-08,metal1,metal1
108.75,61.6,3.34e-06,metal1,metal1
108.75,72.8,2.464e-08,metal1,metal1
108.755,84.0,1.221e-07,metal1,metal1
108.755,95.2,2.641e-07,metal1,metal1
108.765,70.0,5.728e-09,metal1,metal1
108.765,78.4,2.35e-09,metal1,metal1
108.765,92.23,2.372e-11,metal1,metal1
108.765,98.0,5.631e-06,metal1,metal1
108.765,100.8,4.447e-06,metal1,metal1
108.77000000000001,67.2,1.272e-10,metal1,metal1
108.77000000000001,106.4,2.501e-07,metal1,metal1
108.775,128.8,1.485e-06,metal1,metal1
108.8,81.2,1.722e-10,metal1,metal1
108.94,56.0,1.912e-09,metal1,metal1
108.94749999999999,61.6,2.916e-09,metal1,metal1
108.94,72.8,2.183e-09,metal1,metal1
109.0375,84.0,6.521e-10,metal1,metal1
108.8475,95.2,7.062e-06,metal1,metal1
108.955,70.0,5.728e-09,metal1,metal1
108.955,78.4,2.35e-09,metal1,metal1
108.80250000000001,92.315,2.372e-11,metal1,metal1
108.85499999999999,98.0,5.631e-06,metal1,metal1
108.9575,100.8,4.447e-06,metal1,metal1
109.01750000000001,58.8,1.87e-15,metal1,metal1
108.95750000000001,67.2,3.188e-11,metal1,metal1
108.86250000000001,92.4,2.372e-11,metal1,metal1
109.435,106.4,6.762e-06,metal1,metal1
109.1175,140.0,4.423e-13,metal1,metal1
108.83,128.8,1.485e-06,metal1,metal1
108.88,81.2,1.722e-10,metal1,metal1
108.88499999999999,114.8,9.099e-15,metal1,metal1
108.88499999999999,128.8,2.306e-08,metal1,metal1
108.94,95.2,1.489e-07,metal1,metal1
108.94,109.2,4.434e-06,metal1,metal1
108.94,112.0,4.374e-06,metal1,metal1
108.945,98.0,1.363e-07,metal1,metal1
108.945,134.4,1.739e-07,metal1,metal1
108.955,64.4,5.91e-06,metal1,metal1
108.955,92.4,5.41e-10,metal1,metal1
109.3175,114.8,2.249e-15,metal1,metal1
109.08,128.8,3.129e-07,metal1,metal1
108.96000000000001,81.2,7.143e-11,metal1,metal1
108.99000000000001,86.8,4.662e-12,metal1,metal1
109.13,95.2,7.382e-09,metal1,metal1
109.13,109.2,6.256e-10,metal1,metal1
109.435,112.0,4.189e-09,metal1,metal1
109.5325,98.0,5.464e-06,metal1,metal1
109.42750000000001,134.4,4.657e-06,metal1,metal1
109.0575,64.4,5.91e-06,metal1,metal1
109.11,92.4,5.41e-10,metal1,metal1
109.06,81.2,7.143e-11,metal1,metal1
109.17,86.8,4.663e-12,metal1,metal1
111.06375,75.6,3.65e-06,metal1,metal1
109.84875,137.2,8.46e-07,metal1,metal1
109.13,56.0,1.258e-06,metal1,metal1
109.13,72.8,1.493e-06,metal1,metal1
109.13499999999999,89.6,1.019e-06,metal1,metal1
109.1225,61.650000000000006,2.916e-09,metal1,metal1
109.14500000000001,67.2,8.444e-06,metal1,metal1
109.14500000000001,70.0,1.284e-10,metal1,metal1
109.1225,78.35,2.35e-09,metal1,metal1
109.14500000000001,131.6,1.701e-09,metal1,metal1
109.15,100.8,1.639e-07,metal1,metal1
109.16,64.4,1.092e-07,metal1,metal1
109.16,81.2,2.912e-09,metal1,metal1
109.1575,61.5475,5.081e-10,metal1,metal1
109.1575,78.41874999999999,2.953e-13,metal1,metal1
109.815,56.0,1.258e-06,metal1,metal1
109.805,72.8,1.493e-06,metal1,metal1
109.225,89.6,1.019e-06,metal1,metal1
109.1925,61.4975,5.081e-10,metal1,metal1
109.2425,67.2,8.444e-06,metal1,metal1
109.43,70.0,3.761e-09,metal1,metal1
109.1925,78.46875,2.952e-13,metal1,metal1
109.33500000000001,131.6,1.701e-09,metal1,metal1
109.42750000000001,100.8,4.427e-06,metal1,metal1
109.4425,64.4,5.337e-09,metal1,metal1
109.5225,81.2,2.912e-09,metal1,metal1
109.3475,61.6,5.081e-10,metal1,metal1
109.36,78.4,6.946e-11,metal1,metal1
109.265,58.8,4.549e-15,metal1,metal1
109.265,92.4,3.327e-09,metal1,metal1
109.3075,128.8,2.429e-07,metal1,metal1
109.3475,89.6,3.078e-06,metal1,metal1
109.3475,120.4,2.237e-06,metal1,metal1
109.2875,83.93125,6.521e-10,metal1,metal1
109.32,95.2,4.981e-06,metal1,metal1
109.2875,109.2875,6.256e-10,metal1,metal1
109.325,53.2,4.607e-09,metal1,metal1
109.3225,83.9725,1.94e-09,metal1,metal1
109.3225,109.21875,3.522e-10,metal1,metal1
109.69749999999999,58.8,1.249e-15,metal1,metal1
109.33500000000001,92.4,2.295e-09,metal1,metal1
109.34,67.2,3.112e-07,metal1,metal1
109.35,86.8,3.556e-09,metal1,metal1
109.3575,84.04124999999999,1.94e-09,metal1,metal1
109.52000000000001,95.2,4.981e-06,metal1,metal1
109.3575,109.13125,3.522e-10,metal1,metal1
112.29249999999999,53.2,1.163e-07,metal1,metal1
109.81,84.0,7.25e-06,metal1,metal1
109.6075,109.2,3.785e-09,metal1,metal1
109.62,92.4,1.546e-11,metal1,metal1
109.5275,67.2,8.407e-06,metal1,metal1
109.545,128.8,2.429e-07,metal1,metal1
109.7125,86.8,3.556e-09,metal1,metal1
109.54,89.6,1.306e-08,metal1,metal1
109.445,120.4,3.209e-08,metal1,metal1
109.4975,140.0,0.0,metal1,metal1
109.50999999999999,120.4,2.131e-06,metal1,metal1
109.525,61.6,4.372e-11,metal1,metal1
109.525,117.6,9.031e-09,metal1,metal1
109.525,131.6,3.658e-11,metal1,metal1
109.55,78.4,1.889e-08,metal1,metal1
109.55,126.0,2.64e-06,metal1,metal1
110.16499999999999,103.6,3.695e-06,metal1,metal1
109.7975,120.4,2.131e-06,metal1,metal1
109.81,61.6,2.722e-09,metal1,metal1
109.715,117.6,9.031e-09,metal1,metal1
109.81,131.6,1.002e-09,metal1,metal1
109.7775,140.0,4.675e-16,metal1,metal1
109.6325,78.4,1.889e-08,metal1,metal1
110.13125,126.0,2.64e-06,metal1,metal1
109.7,89.6,4.247e-06,metal1,metal1
109.6875,100.715,4.427e-06,metal1,metal1
109.715,67.2,1.721e-07,metal1,metal1
109.715,70.0,4.211e-06,metal1,metal1
109.715,78.4,5.093e-06,metal1,metal1
109.72,95.2,9.212e-08,metal1,metal1
109.725,64.4,5.807e-06,metal1,metal1
109.7225,100.78375,3.932e-09,metal1,metal1
109.75,114.8,4.033e-12,metal1,metal1
109.75,128.8,4.09e-07,metal1,metal1
111.5125,123.2,2.238e-06,metal1,metal1
110.27250000000001,89.6,4.247e-06,metal1,metal1
109.7575,100.86875,2.908e-09,metal1,metal1
115.41625,44.8,3.528e-08,metal1,metal1
110.095,67.2,8.285e-06,metal1,metal1
110.28,70.0,4.211e-06,metal1,metal1
110.445,78.4,5.093e-06,metal1,metal1
109.9075,95.2,7.289e-09,metal1,metal1
110.5925,64.4,5.807e-06,metal1,metal1
109.93,100.8,1.25e-08,metal1,metal1
109.93,114.8,4.033e-12,metal1,metal1
109.8925,128.8,4.09e-07,metal1,metal1
109.91749999999999,81.2,4.469e-06,metal1,metal1
109.89,109.2,4.195e-06,metal1,metal1
109.905,92.4,1.502e-08,metal1,metal1
109.905,117.6,2.031e-10,metal1,metal1
109.91,134.4,8.604e-08,metal1,metal1
109.93,112.0,4.25e-06,metal1,metal1
109.9975,109.2,4.195e-06,metal1,metal1
109.995,92.4,1.502e-08,metal1,metal1
110.19,117.6,5.976e-09,metal1,metal1
110.2875,134.4,3.073e-09,metal1,metal1
110.39500000000001,112.0,4.25e-06,metal1,metal1
110.025,81.2,4.469e-06,metal1,metal1
111.06,142.8,2.304e-07,metal1,metal1
110.025,140.0,4.549e-15,metal1,metal1
110.0375,128.885,2.598e-07,metal1,metal1
110.1075,86.8,5.426e-06,metal1,metal1
110.07249999999999,92.46875,1.016e-09,metal1,metal1
110.08500000000001,120.4,7.823e-08,metal1,metal1
110.095,61.6,3.048e-06,metal1,metal1
110.095,95.2,4.892e-06,metal1,metal1
110.095,131.6,1.122e-06,metal1,metal1
110.45750000000001,140.0,2.499e-16,metal1,metal1
110.1,81.2,8.263e-08,metal1,metal1
110.1,106.4,9.278e-09,metal1,metal1
110.10499999999999,109.2,5.824e-09,metal1,metal1
110.11,114.8,2.887e-09,metal1,metal1
110.105,128.81625,2.77e-08,metal1,metal1
110.63749999999999,98.0,5.464e-06,metal1,metal1
110.12,100.8,4.328e-06,metal1,metal1
110.13,58.8,2.505e-12,metal1,metal1
110.1075,92.41,1.016e-09,metal1,metal1
110.14250000000001,92.34125,5.001e-11,metal1,metal1
110.27250000000001,120.4,6.128e-09,metal1,metal1
110.1925,61.6,3.048e-06,metal1,metal1
110.73124999999999,95.2,4.892e-06,metal1,metal1
110.185,131.6,1.122e-06,metal1,metal1
110.2875,81.2,6.536e-09,metal1,metal1
110.20500000000001,106.4,9.278e-09,metal1,metal1
110.14,128.73125,2.77e-08,metal1,metal1
110.29249999999999,109.2,5.824e-09,metal1,metal1
110.4725,114.8,2.887e-09,metal1,metal1
110.35249999999999,128.8,2.77e-08,metal1,metal1
110.58500000000001,100.8,4.328e-06,metal1,metal1
110.31,58.8,2.505e-12,metal1,metal1
110.31,92.4,5.001e-11,metal1,metal1
110.6225,86.8,5.426e-06,metal1,metal1
110.275,131.6,6.2e-09,metal1,metal1
110.28999999999999,61.6,5.636e-08,metal1,metal1
110.295,84.0,7.314e-09,metal1,metal1
110.31,106.4,3.162e-08,metal1,metal1
110.3775,131.6,6.2e-09,metal1,metal1
110.47749999999999,61.6,4.389e-09,metal1,metal1
110.545,84.0,7.314e-09,metal1,metal1
110.3925,106.4,3.162e-08,metal1,metal1
110.46000000000001,120.4,2.084e-06,metal1,metal1
110.475,67.2,1.08e-08,metal1,metal1
110.475,81.2,4.387e-06,metal1,metal1
110.475,106.4,6.575e-06,metal1,metal1
110.475,117.6,6.691e-06,metal1,metal1
110.455,72.88499999999999,9.084e-10,metal1,metal1
110.47999999999999,109.2,3.496e-10,metal1,metal1
110.47999999999999,131.6,2.021e-08,metal1,metal1
110.49000000000001,58.8,1.793e-09,metal1,metal1
110.49000000000001,92.4,8.316e-08,metal1,metal1
110.5,56.0,1.224e-06,metal1,metal1
110.49000000000001,72.7825,2.568e-10,metal1,metal1
111.14375000000001,120.4,2.084e-06,metal1,metal1
110.66499999999999,67.2,1.08e-08,metal1,metal1
110.5625,81.2,6.388e-10,metal1,metal1
111.045,106.4,6.575e-06,metal1,metal1
110.565,117.6,6.691e-06,metal1,metal1
110.525,72.69749999999999,2.568e-10,metal1,metal1
110.54249999999999,109.2,3.496e-10,metal1,metal1
110.565,131.6,4.692e-09,metal1,metal1
110.8525,58.8,1.793e-09,metal1,metal1
110.57,92.4,3.974e-10,metal1,metal1
110.775,56.0,1.224e-06,metal1,metal1
110.58500000000001,72.8,2.568e-10,metal1,metal1
110.595,128.8,1.102e-08,metal1,metal1
110.63749999999999,109.2,1.606e-10,metal1,metal1
110.6175,81.11250000000001,6.388e-10,metal1,metal1
110.65,92.4,2.426e-09,metal1,metal1
110.65,131.6,1.047e-06,metal1,metal1
110.6525,81.1975,5.616e-10,metal1,metal1
110.655,117.6,1.084e-07,metal1,metal1
110.66499999999999,61.6,2.945e-06,metal1,metal1
110.715,128.8,5.878e-07,metal1,metal1
110.66499999999999,134.4,4.626e-06,metal1,metal1
110.67,72.8,2.165e-09,metal1,metal1
110.675,137.2,8.27e-10,metal1,metal1
111.22375,126.0,2.64e-06,metal1,metal1
110.6875,81.285,5.616e-10,metal1,metal1
110.9325,92.4,2.426e-09,metal1,metal1
110.85,131.6,1.047e-06,metal1,metal1
111.28875,81.2,4.128e-06,metal1,metal1
110.9375,117.6,6.035e-09,metal1,metal1
110.9425,61.6,2.945e-06,metal1,metal1
110.86,134.4,4.626e-06,metal1,metal1
110.76249999999999,72.8,2.165e-09,metal1,metal1
110.76249999999999,109.2,1.606e-10,metal1,metal1
110.925,137.2,8.271e-10,metal1,metal1
110.8275,84.0,2.317e-07,metal1,metal1
110.8675,114.8,4.406e-06,metal1,metal1
110.8675,128.8,1.871e-07,metal1,metal1
110.845,70.0,1.551e-07,metal1,metal1
110.845,89.6,6.882e-08,metal1,metal1
110.845,103.6,1.348e-07,metal1,metal1
110.85499999999999,67.2,2.446e-10,metal1,metal1
110.85499999999999,72.8,1.343e-06,metal1,metal1
110.85499999999999,109.2,1.799e-10,metal1,metal1
110.86,112.0,7.849e-08,metal1,metal1
110.89,140.0,3.381e-15,metal1,metal1
111.235,70.0,4.187e-06,metal1,metal1
111.1275,89.6,3.799e-09,metal1,metal1
111.13,103.6,3.607e-06,metal1,metal1
111.14,67.2,7.273e-09,metal1,metal1
111.1425,72.8,1.343e-06,metal1,metal1
110.95,109.2,1.799e-10,metal1,metal1
111.0525,84.0,2.317e-07,metal1,metal1
111.04249999999999,112.0,5.907e-10,metal1,metal1
111.07,140.0,6.851e-16,metal1,metal1
111.075,114.8,4.406e-06,metal1,metal1
111.18,128.8,1.871e-07,metal1,metal1
111.045,109.2,1.236e-10,metal1,metal1
111.05,56.0,2.264e-08,metal1,metal1
111.05,100.8,8.003e-08,metal1,metal1
111.05,131.6,6.012e-09,metal1,metal1
111.055,134.4,1.715e-08,metal1,metal1
111.5175,86.8,5.426e-06,metal1,metal1
111.205,109.2,1.236e-10,metal1,metal1
111.2375,56.0,1.701e-09,metal1,metal1
111.2375,100.8,6.368e-09,metal1,metal1
111.1475,131.6,6.012e-09,metal1,metal1
111.14,134.4,1.715e-08,metal1,metal1
111.83500000000001,78.4,5.093e-06,metal1,metal1
111.20750000000001,137.2,5.305e-13,metal1,metal1
111.2475,58.8,2.735e-06,metal1,metal1
111.2475,92.4,2.303e-06,metal1,metal1
111.22,61.6,1.202e-07,metal1,metal1
111.22,117.6,6.564e-06,metal1,metal1
111.225,98.0,8.853e-08,metal1,metal1
111.195,111.91499999999999,5.907e-10,metal1,metal1
111.225,134.4,9.254e-11,metal1,metal1
111.23,112.0,9.505e-10,metal1,metal1
111.245,84.0,3.342e-07,metal1,metal1
111.245,131.6,3.096e-09,metal1,metal1
111.25,114.8,8.142e-08,metal1,metal1
111.25,140.0,3.715e-15,metal1,metal1
111.6125,61.6,2.809e-06,metal1,metal1
111.8025,117.6,6.564e-06,metal1,metal1
111.5075,98.0,4.981e-09,metal1,metal1
111.265,112.08500000000001,9.505e-10,metal1,metal1
111.39,134.4,9.254e-11,metal1,metal1
111.77250000000001,112.0,4.061e-06,metal1,metal1
111.5875,137.2,5.304e-13,metal1,metal1
111.4,84.0,3.342e-07,metal1,metal1
111.33500000000001,131.6,3.096e-09,metal1,metal1
111.5325,114.8,4.027e-09,metal1,metal1
111.6125,140.0,1.517e-16,metal1,metal1
111.71375,58.8,2.735e-06,metal1,metal1
111.83,92.4,2.303e-06,metal1,metal1
111.39750000000001,109.2,7.511e-10,metal1,metal1
111.93375,95.2,4.892e-06,metal1,metal1
111.41,89.6,4.142e-06,metal1,metal1
111.41499999999999,103.6,5.843e-08,metal1,metal1
111.425,56.0,1.14e-06,metal1,metal1
111.425,67.2,8.143e-06,metal1,metal1
111.425,100.8,4.274e-06,metal1,metal1
111.425,131.6,3.118e-09,metal1,metal1
111.43,72.8,4.924e-08,metal1,metal1
112.2575,64.4,5.807e-06,metal1,metal1
111.46000000000001,128.8,2.112e-08,metal1,metal1
111.69749999999999,89.6,4.142e-06,metal1,metal1
111.69749999999999,103.6,3.207e-09,metal1,metal1
112.77,56.0,1.14e-06,metal1,metal1
111.51499999999999,67.2,8.143e-06,metal1,metal1
111.7125,100.8,4.274e-06,metal1,metal1
111.585,131.6,3.118e-09,metal1,metal1
111.80000000000001,72.8,1.324e-06,metal1,metal1
111.67750000000001,109.2,8.036e-11,metal1,metal1
111.5325,128.8,2.112e-08,metal1,metal1
111.5875,84.0,8.887e-07,metal1,metal1
111.54249999999999,134.3625,9.254e-11,metal1,metal1
111.6,134.325,9.142e-11,metal1,metal1
111.60499999999999,67.2,1.126e-08,metal1,metal1
111.60499999999999,128.8,1.217e-08,metal1,metal1
111.61500000000001,106.4,1.349e-07,metal1,metal1
111.625,70.0,4.134e-09,metal1,metal1
111.64500000000001,134.3625,9.141e-11,metal1,metal1
111.795,67.2,1.126e-08,metal1,metal1
111.7125,128.8,1.217e-08,metal1,metal1
112.11375000000001,106.4,6.51e-06,metal1,metal1
111.6825,84.0,8.887e-07,metal1,metal1
111.9675,134.4,1.914e-10,metal1,metal1
111.875,70.0,4.134e-09,metal1,metal1
111.7775,84.0,2.911e-07,metal1,metal1
111.7775,131.6,1.999e-12,metal1,metal1
111.78999999999999,98.0,5.433e-06,metal1,metal1
111.805,126.0,3.443e-09,metal1,metal1
111.815,114.8,4.383e-06,metal1,metal1
111.82,128.8,7.744e-08,metal1,metal1
112.44125,120.4,2.084e-06,metal1,metal1
112.1825,98.0,5.433e-06,metal1,metal1
111.995,126.0,3.443e-09,metal1,metal1
111.9625,84.0,2.911e-07,metal1,metal1
112.1575,131.6,2e-12,metal1,metal1
112.28,114.8,4.383e-06,metal1,metal1
111.995,128.8,1.188e-10,metal1,metal1
112.48625,81.2,4.128e-06,metal1,metal1
111.91499999999999,109.29375,5.071e-12,metal1,metal1
111.9675,137.2,0.0,metal1,metal1
111.94999999999999,109.225,5.071e-12,metal1,metal1
112.0075,140.0,1.457e-13,metal1,metal1
111.97999999999999,103.6,3.496e-06,metal1,metal1
111.985,67.2,1.906e-09,metal1,metal1
111.985,89.6,1.519e-07,metal1,metal1
111.985,109.13125,1.236e-11,metal1,metal1
112.0,86.8,1.003e-07,metal1,metal1
112.0,100.8,1.575e-07,metal1,metal1
112.005,61.6,7.494e-08,metal1,metal1
112.3825,109.2,1.236e-11,metal1,metal1
112.3675,103.6,3.496e-06,metal1,metal1
112.0775,67.2,2.961e-08,metal1,metal1
112.66749999999999,89.6,4.082e-06,metal1,metal1
112.1875,86.8,7.983e-09,metal1,metal1
112.285,100.8,4.255e-06,metal1,metal1
112.2475,137.2,4.675e-16,metal1,metal1
112.09,61.6,7.494e-08,metal1,metal1
114.32875,140.0,1.454e-13,metal1,metal1
112.11500000000001,84.0,2.191e-10,metal1,metal1
112.1575,70.0,4.167e-08,metal1,metal1
112.51124999999999,58.8,2.735e-06,metal1,metal1
112.17,67.2,7.836e-06,metal1,metal1
112.17,72.8,5.255e-08,metal1,metal1
112.17,128.8,2.842e-09,metal1,metal1
112.17,142.8,1.61e-07,metal1,metal1
112.175,61.6,1.05e-09,metal1,metal1
112.31,84.0,2.8e-07,metal1,metal1
112.185,126.0,7.629e-11,metal1,metal1
112.645,67.2,7.836e-06,metal1,metal1
112.9575,72.8,1.191e-06,metal1,metal1
112.3575,128.8,2.842e-09,metal1,metal1
112.4575,142.8,1.61e-07,metal1,metal1
112.34,61.6,1.807e-08,metal1,metal1
112.47,126.0,2.194e-09,metal1,metal1
112.2775,70.0,4.167e-08,metal1,metal1
112.7775,112.0,4.061e-06,metal1,metal1
112.3475,134.4,2.385e-11,metal1,metal1
112.36500000000001,70.0,4.665e-10,metal1,metal1
112.375,86.8,5.358e-06,metal1,metal1
112.38,92.4,4.259e-08,metal1,metal1
112.38499999999999,117.6,4.167e-09,metal1,metal1
112.625,70.0,1.641e-08,metal1,metal1
112.4725,86.8,5.358e-06,metal1,metal1
112.5675,92.4,3.352e-09,metal1,metal1
112.6275,134.4,2.385e-11,metal1,metal1
112.63499999999999,117.6,4.167e-09,metal1,metal1
112.495,137.2,4.549e-15,metal1,metal1
112.5025,61.6375,1.807e-08,metal1,metal1
112.5375,84.0,2.305e-07,metal1,metal1
112.5375,131.6,0.0,metal1,metal1
112.5775,128.8,2.683e-06,metal1,metal1
112.565,78.4,1.662e-08,metal1,metal1
112.92750000000001,137.2,2.499e-16,metal1,metal1
112.57,61.6375,2.619e-10,metal1,metal1
112.57,86.8,9.909e-08,metal1,metal1
112.57,95.2,1.803e-07,metal1,metal1
112.57,100.8,1.568e-07,metal1,metal1
112.575,98.0,5.311e-09,metal1,metal1
113.04124999999999,106.4,6.51e-06,metal1,metal1
112.6525,78.4,1.662e-08,metal1,metal1
112.9175,61.6,1.653e-10,metal1,metal1
112.775,84.0,2.305e-07,metal1,metal1
112.7575,86.8,7.958e-09,metal1,metal1
112.8475,95.2,4.871e-06,metal1,metal1
112.7525,100.8,4.235e-06,metal1,metal1
112.8175,131.6,1.87e-15,metal1,metal1
112.825,98.0,5.311e-09,metal1,metal1
112.6825,128.8,2.683e-06,metal1,metal1
112.74000000000001,78.4,3.287e-12,metal1,metal1
112.745,114.8,1.588e-07,metal1,metal1
112.745,142.8,2.207e-10,metal1,metal1
112.755,92.4,2.249e-06,metal1,metal1
112.755,103.6,7.177e-08,metal1,metal1
112.755,126.0,2.456e-06,metal1,metal1
112.755,128.8,7.156e-09,metal1,metal1
112.78999999999999,109.2,5.113e-09,metal1,metal1
112.8425,78.4,3.282e-12,metal1,metal1
112.94749999999999,114.8,4.22e-06,metal1,metal1
112.9325,142.8,2.207e-10,metal1,metal1
112.9525,92.4,2.249e-06,metal1,metal1
113.1375,103.6,3.466e-06,metal1,metal1
112.9375,126.0,2.456e-06,metal1,metal1
112.86500000000001,128.8,7.156e-09,metal1,metal1
112.87,109.2,5.113e-09,metal1,metal1
112.875,134.4,2.529e-08,metal1,metal1
112.91749999999999,70.0,1.513e-11,metal1,metal1
112.875,117.63749999999999,4.167e-09,metal1,metal1
112.935,100.8,1.553e-07,metal1,metal1
112.935,117.675,2.839e-11,metal1,metal1
112.945,58.8,8.754e-10,metal1,metal1
112.945,78.4,2.387e-10,metal1,metal1
112.945,86.8,5.343e-06,metal1,metal1
112.91499999999999,134.4,2.529e-08,metal1,metal1
112.95,109.2,3.919e-09,metal1,metal1
112.955,134.4,1.802e-09,metal1,metal1
112.975,128.8,9.018e-10,metal1,metal1
112.97999999999999,84.0,1.985e-06,metal1,metal1
113.2325,100.8,4.177e-06,metal1,metal1
112.97749999999999,117.63749999999999,2.839e-11,metal1,metal1
113.135,58.8,8.754e-10,metal1,metal1
113.0325,78.4,1.748e-10,metal1,metal1
113.1375,86.8,5.343e-06,metal1,metal1
113.19749999999999,70.0,1.513e-11,metal1,metal1
113.05,109.2,3.919e-09,metal1,metal1
113.13,117.6,2.839e-11,metal1,metal1
113.205,134.4,1.802e-09,metal1,metal1
113.055,128.8,9.018e-10,metal1,metal1
113.02250000000001,84.0,1.985e-06,metal1,metal1
113.065,84.0,3.047e-08,metal1,metal1
113.065,131.6,9.099e-15,metal1,metal1
113.1075,98.0,1.13e-10,metal1,metal1
113.12,67.2,1.653e-07,metal1,metal1
113.12,75.6,5.918e-08,metal1,metal1
113.12,78.4,6.235e-09,metal1,metal1
113.12,81.2,6.692e-08,metal1,metal1
113.12,126.0,3.982e-08,metal1,metal1
113.12,142.8,4.619e-12,metal1,metal1
113.125,64.4,1.074e-07,metal1,metal1
113.0975,95.285,4.871e-06,metal1,metal1
113.125,120.4,3.376e-08,metal1,metal1
113.2025,84.0,4.364e-07,metal1,metal1
113.13499999999999,128.8,1.665e-09,metal1,metal1
113.4975,131.6,1.249e-16,metal1,metal1
113.1325,95.2,7.292e-10,metal1,metal1
113.15,92.4,4.157e-08,metal1,metal1
113.15,109.2,2.225e-08,metal1,metal1
113.15,114.8,7.804e-08,metal1,metal1
113.31,67.2,8.463e-09,metal1,metal1
113.31,75.6,5.275e-09,metal1,metal1
113.3175,78.4,6.235e-09,metal1,metal1
113.31,81.2,6e-09,metal1,metal1
113.31,126.0,3.556e-09,metal1,metal1
115.13875,142.8,3.042e-14,metal1,metal1
113.3125,64.4,8.625e-09,metal1,metal1
113.16749999999999,95.11500000000001,7.292e-10,metal1,metal1
113.4075,120.4,1.796e-09,metal1,metal1
113.3375,128.8,1.755e-10,metal1,metal1
113.625,95.2,4.756e-09,metal1,metal1
113.425,98.0,1.13e-10,metal1,metal1
113.4325,92.4,1.99e-09,metal1,metal1
113.42750000000001,109.2,2.073e-11,metal1,metal1
113.33500000000001,114.8,6.367e-09,metal1,metal1
113.2975,61.6,9.647e-10,metal1,metal1
113.31,117.6,1.117e-10,metal1,metal1
113.315,112.0,1.492e-07,metal1,metal1
113.295,58.849999999999994,8.754e-10,metal1,metal1
113.33,86.8,5.012e-06,metal1,metal1
113.33,123.2,1.432e-08,metal1,metal1
113.33,58.78125,1.873e-10,metal1,metal1
113.34,84.0,1.631e-07,metal1,metal1
113.35,89.6,4.01e-06,metal1,metal1
113.36,137.2,1.217e-13,metal1,metal1
113.47749999999999,117.6,1.117e-10,metal1,metal1
114.09125,112.0,4.019e-06,metal1,metal1
113.36500000000001,58.73125,1.873e-10,metal1,metal1
113.41499999999999,61.6,9.647e-10,metal1,metal1
113.60499999999999,86.8,5.012e-06,metal1,metal1
113.4225,123.2,1.432e-08,metal1,metal1
113.58500000000001,58.8,8.809e-10,metal1,metal1
113.63499999999999,84.0,1.631e-07,metal1,metal1
113.8075,89.6,4.01e-06,metal1,metal1
113.53999999999999,137.2,1.243e-13,metal1,metal1
113.445,70.0,4.848e-10,metal1,metal1
113.48750000000001,134.4,7.379e-09,metal1,metal1
113.5,61.6,4.931e-10,metal1,metal1
113.5,64.4,5.79e-06,metal1,metal1
113.5,67.2,5.716e-06,metal1,metal1
113.5,75.6,3.607e-06,metal1,metal1
113.5,81.2,4.103e-06,metal1,metal1
113.5,126.0,2.432e-06,metal1,metal1
113.76,70.0,2.464e-08,metal1,metal1
113.515,78.4,4.92e-06,metal1,metal1
113.515,123.2,4.443e-08,metal1,metal1
113.52000000000001,103.6,1.265e-07,metal1,metal1
113.52000000000001,114.8,1.503e-10,metal1,metal1
113.53,100.8,8.969e-08,metal1,metal1
113.53999999999999,106.4,1.055e-07,metal1,metal1
113.53999999999999,128.8,7.842e-09,metal1,metal1
113.6625,61.6,4.931e-10,metal1,metal1
113.805,64.4,9.491e-09,metal1,metal1
113.6925,67.2,5.716e-06,metal1,metal1
113.60499999999999,75.6,3.607e-06,metal1,metal1
113.6925,81.2,4.103e-06,metal1,metal1
113.60499999999999,126.0,2.432e-06,metal1,metal1
113.625,78.4,4.92e-06,metal1,metal1
113.705,123.2,2.091e-06,metal1,metal1
114.005,103.6,3.307e-09,metal1,metal1
113.6175,114.8,1.503e-10,metal1,metal1
113.63,134.4,7.379e-09,metal1,metal1
113.725,100.8,6.805e-07,metal1,metal1
113.73,106.4,9.458e-09,metal1,metal1
113.6225,128.8,7.842e-09,metal1,metal1
113.67750000000001,117.6,6.597e-11,metal1,metal1
117.35249999999999,47.6,2.236e-08,metal1,metal1
113.69,120.4,1.957e-06,metal1,metal1
113.705,109.2,2.599e-10,metal1,metal1
113.705,128.8,2.396e-06,metal1,metal1
113.71000000000001,75.6,6.669e-08,metal1,metal1
113.71000000000001,98.0,3.945e-10,metal1,metal1
113.71000000000001,126.0,2.101e-06,metal1,metal1
113.715,92.4,2.164e-06,metal1,metal1
113.715,114.8,4.092e-06,metal1,metal1
113.72,137.2,8.91e-11,metal1,metal1
113.735,78.4,7.971e-08,metal1,metal1
113.74000000000001,134.4,2.13e-11,metal1,metal1
114.4625,72.8,1.191e-06,metal1,metal1
115.56625,120.4,1.957e-06,metal1,metal1
113.78999999999999,109.2,2.599e-10,metal1,metal1
113.88749999999999,128.8,2.396e-06,metal1,metal1
113.89750000000001,75.6,5.346e-09,metal1,metal1
113.77250000000001,98.0,3.945e-10,metal1,metal1
113.95750000000001,117.6,6.597e-11,metal1,metal1
114.0,126.0,2.101e-06,metal1,metal1
114.30375000000001,92.4,2.164e-06,metal1,metal1
114.285,114.8,4.092e-06,metal1,metal1
114.0825,137.2,8.909e-11,metal1,metal1
114.0175,78.4,4.411e-09,metal1,metal1
113.92,134.4,2.13e-11,metal1,metal1
113.825,61.6,3.126e-09,metal1,metal1
113.83,58.7625,8.809e-10,metal1,metal1
113.8675,98.0,1.933e-10,metal1,metal1
113.845,109.285,2.599e-10,metal1,metal1
113.8675,86.90375,1.537e-09,metal1,metal1
113.88499999999999,67.2,3.299e-09,metal1,metal1
113.88499999999999,81.2,7.587e-08,metal1,metal1
113.88499999999999,109.37,2.596e-09,metal1,metal1
113.89500000000001,58.725,8.917e-09,metal1,metal1
114.04249999999999,61.6,1.946e-10,metal1,metal1
113.89500000000001,123.2,2.729e-09,metal1,metal1
113.92,100.8,2.227e-08,metal1,metal1
113.92,106.4,6.467e-06,metal1,metal1
113.9025,86.835,1.537e-09,metal1,metal1
113.93,84.0,9.402e-07,metal1,metal1
113.93,131.6,1.961e-13,metal1,metal1
113.9375,86.73124999999999,4.939e-09,metal1,metal1
114.07249999999999,67.2,1.535e-10,metal1,metal1
114.07249999999999,81.2,6.081e-09,metal1,metal1
113.94749999999999,109.285,2.596e-09,metal1,metal1
113.9325,58.7625,8.917e-09,metal1,metal1
114.08500000000001,123.2,2.729e-09,metal1,metal1
114.0925,58.8,8.917e-09,metal1,metal1
113.9925,98.0,1.933e-10,metal1,metal1
114.0075,100.8,2.056e-06,metal1,metal1
114.0975,106.4,6.467e-06,metal1,metal1
114.0925,86.8,4.845e-09,metal1,metal1
113.9975,84.0,9.402e-07,metal1,metal1
114.11,131.6,1.987e-13,metal1,metal1
114.1,109.2,5.554e-09,metal1,metal1
114.0975,84.0,6.59e-07,metal1,metal1
114.07,128.8,5.047e-08,metal1,metal1
114.075,70.0,1.084e-09,metal1,metal1
114.08500000000001,75.6,3.588e-06,metal1,metal1
114.08500000000001,98.0,2.363e-10,metal1,metal1
114.095,100.8,1.375e-06,metal1,metal1
114.1,134.4,2.263e-08,metal1,metal1
114.11,64.4,5.684e-06,metal1,metal1
114.11,95.2,4.741e-06,metal1,metal1
115.39,56.0,1.14e-06,metal1,metal1
114.26,128.8,2.213e-11,metal1,metal1
114.1925,70.0,8.333e-08,metal1,metal1
114.46000000000001,75.6,3.588e-06,metal1,metal1
114.24000000000001,98.0,2.363e-10,metal1,metal1
114.19749999999999,100.8,1.375e-06,metal1,metal1
114.1575,134.4,2.263e-08,metal1,metal1
114.2875,64.4,5.684e-06,metal1,metal1
114.29249999999999,95.2,4.741e-06,metal1,metal1
114.21000000000001,84.0,6.59e-07,metal1,metal1
114.205,117.6,2.094e-09,metal1,metal1
114.2475,134.4,2.128e-11,metal1,metal1
114.25999999999999,61.6,9.694e-11,metal1,metal1
114.25999999999999,67.2,1.016e-07,metal1,metal1
114.25999999999999,81.2,4.082e-06,metal1,metal1
114.25999999999999,86.8,1.403e-08,metal1,metal1
114.25999999999999,109.2,3.112e-06,metal1,metal1
114.265,89.6,5.607e-09,metal1,metal1
114.275,106.4,1.322e-07,metal1,metal1
114.33,117.6,1.065e-07,metal1,metal1
114.275,123.2,1.222e-09,metal1,metal1
114.285,58.8,9.385e-08,metal1,metal1
114.28999999999999,84.0,7.056e-08,metal1,metal1
114.28999999999999,126.0,3.884e-08,metal1,metal1
114.28999999999999,131.6,1.422e-10,metal1,metal1
114.3,78.4,4.81e-06,metal1,metal1
114.3,100.8,3.427e-06,metal1,metal1
114.31,70.0,1.127e-10,metal1,metal1
114.46000000000001,61.6,9.694e-11,metal1,metal1
114.355,67.2,2.1e-08,metal1,metal1
114.545,81.2,4.082e-06,metal1,metal1
114.375,86.8,1.403e-08,metal1,metal1
114.545,109.2,3.112e-06,metal1,metal1
114.4525,89.6,5.607e-09,metal1,metal1
114.6625,106.4,6.357e-06,metal1,metal1
114.36250000000001,123.2,8.759e-08,metal1,metal1
114.5275,134.4,2.128e-11,metal1,metal1
114.44,58.8,9.385e-08,metal1,metal1
114.4725,84.0,7.056e-08,metal1,metal1
114.57249999999999,126.0,1.828e-09,metal1,metal1
114.6525,131.6,1.422e-10,metal1,metal1
114.675,78.4,4.81e-06,metal1,metal1
114.5675,100.8,3.427e-06,metal1,metal1
114.49000000000001,70.0,1.127e-10,metal1,metal1
114.3875,97.90625,1.128e-11,metal1,metal1
114.47749999999999,137.2,1.359e-07,metal1,metal1
114.45,67.2,5.574e-06,metal1,metal1
114.42250000000001,98.00874999999999,1.128e-11,metal1,metal1
114.45,123.2,1.287e-09,metal1,metal1
114.4175,128.69625000000002,2.213e-11,metal1,metal1
114.455,117.6,1.724e-09,metal1,metal1
114.4525,128.765,2.518e-11,metal1,metal1
114.465,64.4,1.164e-07,metal1,metal1
114.45750000000001,98.10249999999999,8.949e-11,metal1,metal1
114.475,95.2,4.634e-09,metal1,metal1
114.49000000000001,86.8,2.798e-06,metal1,metal1
114.49000000000001,103.6,3.274e-06,metal1,metal1
114.7375,67.2,5.574e-06,metal1,metal1
114.85499999999999,98.0,1.534e-10,metal1,metal1
114.64750000000001,123.2,2.599e-08,metal1,metal1
114.4875,128.86875,2.518e-11,metal1,metal1
114.7375,117.6,5.037e-12,metal1,metal1
114.7375,128.8,1.789e-10,metal1,metal1
115.04249999999999,64.4,5.607e-06,metal1,metal1
114.725,95.2,4.634e-09,metal1,metal1
114.945,86.8,2.798e-06,metal1,metal1
114.58000000000001,103.6,3.274e-06,metal1,metal1
114.6725,137.2,1.359e-07,metal1,metal1
114.6275,58.8,2.493e-07,metal1,metal1
114.64,89.6,8.102e-08,metal1,metal1
114.655,84.0,1.743e-11,metal1,metal1
114.64,61.515,9.694e-11,metal1,metal1
114.67,70.0,2.657e-09,metal1,metal1
114.67,103.6,6.051e-08,metal1,metal1
114.675,61.573750000000004,6.986e-12,metal1,metal1
115.02250000000001,89.6,3.872e-06,metal1,metal1
114.83500000000001,84.0,6.887e-08,metal1,metal1
114.7225,58.8,2.493e-07,metal1,metal1
114.71,61.65875,6.986e-12,metal1,metal1
114.94999999999999,70.0,2.657e-09,metal1,metal1
114.9525,103.6,2.971e-09,metal1,metal1
114.87,61.6,8.95e-11,metal1,metal1
114.765,134.49375,2.228e-10,metal1,metal1
114.8175,58.8,8.167e-08,metal1,metal1
114.80000000000001,134.40875,2.228e-10,metal1,metal1
114.83,81.2,4.06e-06,metal1,metal1
114.83,109.2,1.27e-07,metal1,metal1
114.83500000000001,75.6,5.814e-08,metal1,metal1
114.83500000000001,100.8,1.24e-07,metal1,metal1
114.83500000000001,137.2,3.91e-09,metal1,metal1
114.845,123.2,1.797e-06,metal1,metal1
114.8675,134.315,1.118e-08,metal1,metal1
114.85499999999999,114.8,4e-09,metal1,metal1
114.85499999999999,126.0,1.987e-06,metal1,metal1
115.57374999999999,112.0,4.019e-06,metal1,metal1
115.41125,92.4,2.164e-06,metal1,metal1
115.41999999999999,81.2,4.06e-06,metal1,metal1
115.03999999999999,109.2,7.529e-09,metal1,metal1
115.1175,75.6,3.183e-09,metal1,metal1
115.57,100.8,3.286e-06,metal1,metal1
116.42500000000001,137.2,7.581e-08,metal1,metal1
117.98125,50.4,4.89e-14,metal1,metal1
115.0375,123.2,1.797e-06,metal1,metal1
115.0025,58.8,8.167e-08,metal1,metal1
115.10499999999999,114.8,4e-09,metal1,metal1
115.0325,126.0,1.987e-06,metal1,metal1
115.2425,134.4,1.118e-08,metal1,metal1
115.0075,95.2,3.053e-12,metal1,metal1
115.0475,84.0,5.446e-06,metal1,metal1
115.0475,131.6,2.17e-07,metal1,metal1
115.00999999999999,117.53125,7.307e-09,metal1,metal1
115.0075,128.86875,1.982e-07,metal1,metal1
115.025,67.2,9.03e-08,metal1,metal1
115.05,61.6,1.051e-09,metal1,metal1
115.05,78.4,8.89e-08,metal1,metal1
115.05,106.4,7.997e-07,metal1,metal1
115.0425,128.8,1.982e-07,metal1,metal1
115.045,117.59,7.307e-09,metal1,metal1
115.08000000000001,117.65875,2.432e-12,metal1,metal1
115.0775,128.73125,1.704e-10,metal1,metal1
115.3075,67.2,5.011e-09,metal1,metal1
115.3875,95.2,3.053e-12,metal1,metal1
115.4125,61.6,1.051e-09,metal1,metal1
115.3325,78.4,4.327e-09,metal1,metal1
115.1425,106.4,7.997e-07,metal1,metal1
115.3375,128.8,1.715e-11,metal1,metal1
115.25,117.6,2.431e-12,metal1,metal1
115.25,84.0,5.446e-06,metal1,metal1
115.2425,131.6,2.17e-07,metal1,metal1
115.155,58.8,6.146e-11,metal1,metal1
115.21000000000001,126.0,8.065e-08,metal1,metal1
115.35,58.8,7.855e-08,metal1,metal1
115.22999999999999,70.0,5.362e-11,metal1,metal1
115.22999999999999,123.2,1.087e-08,metal1,metal1
115.235,103.6,3.233e-06,metal1,metal1
115.235,106.4,3.977e-06,metal1,metal1
115.25,72.8,1.057e-06,metal1,metal1
115.25,109.2,2.938e-06,metal1,metal1
118.1575,53.2,1.163e-07,metal1,metal1
115.25999999999999,98.0,3.807e-12,metal1,metal1
115.6875,126.0,1.873e-06,metal1,metal1
115.3125,70.0,5.362e-11,metal1,metal1
115.325,123.2,1.087e-08,metal1,metal1
115.3275,103.6,3.233e-06,metal1,metal1
115.425,106.4,3.579e-09,metal1,metal1
115.705,72.8,1.057e-06,metal1,metal1
115.33500000000001,109.2,2.938e-06,metal1,metal1
115.44,98.0,3.805e-12,metal1,metal1
115.38749999999999,114.8,2.564e-12,metal1,metal1
115.42750000000001,70.0,3.041e-06,metal1,metal1
115.4,75.6,3.47e-06,metal1,metal1
115.4,86.8,1.155e-07,metal1,metal1
115.405,89.6,1.407e-07,metal1,metal1
115.405,131.6,6.7e-09,metal1,metal1
115.42,84.0,2.191e-08,metal1,metal1
115.42,103.6,5.978e-08,metal1,metal1
115.42,109.2,1.081e-07,metal1,metal1
115.42,123.2,5.413e-09,metal1,metal1
115.43,117.6,3.554e-09,metal1,metal1
115.88499999999999,75.6,3.47e-06,metal1,metal1
115.85,86.8,2.729e-06,metal1,metal1
115.7825,89.6,3.75e-06,metal1,metal1
115.69,131.6,1.459e-07,metal1,metal1
115.51249999999999,84.0,2.191e-08,metal1,metal1
115.6075,103.6,4.712e-09,metal1,metal1
115.61500000000001,109.2,2.917e-06,metal1,metal1
115.7675,114.8,2.565e-12,metal1,metal1
115.51249999999999,123.2,5.413e-09,metal1,metal1
115.7925,117.6,3.554e-09,metal1,metal1
115.715,70.0,3.041e-06,metal1,metal1
115.5775,58.8,6.466e-08,metal1,metal1
115.59,67.2,5.464e-06,metal1,metal1
115.58250000000001,134.315,3.495e-09,metal1,metal1
115.60499999999999,84.0,7.438e-09,metal1,metal1
115.60499999999999,123.2,1.679e-08,metal1,metal1
115.58500000000001,128.885,1.715e-11,metal1,metal1
115.61500000000001,78.4,4.707e-06,metal1,metal1
115.61500000000001,106.4,1.49e-06,metal1,metal1
115.62,64.4,1.036e-07,metal1,metal1
115.62,98.0,2.878e-09,metal1,metal1
115.62,128.81625,1.484e-11,metal1,metal1
115.6175,134.37375,3.495e-09,metal1,metal1
115.9825,67.2,5.464e-06,metal1,metal1
115.6525,134.45875,2.041e-08,metal1,metal1
115.7,84.0,7.438e-09,metal1,metal1
115.695,123.2,1.679e-08,metal1,metal1
115.815,58.8,6.466e-08,metal1,metal1
115.655,128.73125,1.483e-11,metal1,metal1
115.8875,78.4,4.707e-06,metal1,metal1
115.67500000000001,106.4,1.49e-06,metal1,metal1
115.9025,64.4,5.059e-09,metal1,metal1
115.9825,98.0,2.878e-09,metal1,metal1
115.8075,128.8,2.335e-14,metal1,metal1
115.82,134.4,3.101e-08,metal1,metal1
115.7675,95.2,1.268e-10,metal1,metal1
115.7675,106.4,7.421e-07,metal1,metal1
115.8075,61.6,1.603e-06,metal1,metal1
115.785,123.2,2.009e-09,metal1,metal1
115.795,84.0,5.396e-06,metal1,metal1
115.795,103.6,3.162e-06,metal1,metal1
115.81,109.2,5.39e-08,metal1,metal1
115.97999999999999,123.2,2.009e-09,metal1,metal1
116.0825,84.0,5.396e-06,metal1,metal1
115.8925,103.6,3.162e-06,metal1,metal1
115.99,95.2,1.268e-10,metal1,metal1
115.88499999999999,106.4,7.421e-07,metal1,metal1
116.0925,109.2,2.602e-09,metal1,metal1
116.0125,61.6,1.603e-06,metal1,metal1
115.97,70.0,9.729e-08,metal1,metal1
115.97,106.4,1.559e-08,metal1,metal1
115.975,131.6,1.999e-10,metal1,metal1
115.985,128.8,6.386e-14,metal1,metal1
115.99000000000001,103.6,1.161e-07,metal1,metal1
116.0,92.4,4e-08,metal1,metal1
116.0,134.4,1.451e-07,metal1,metal1
116.00999999999999,81.2,3.954e-06,metal1,metal1
116.02000000000001,58.8,5.568e-07,metal1,metal1
116.16,70.0,4.108e-09,metal1,metal1
116.16,106.4,1.881e-09,metal1,metal1
116.1625,131.6,1.999e-10,metal1,metal1
117.2875,128.8,6.634e-14,metal1,metal1
116.17,103.6,3.127e-06,metal1,metal1
116.2825,92.4,1.962e-09,metal1,metal1
116.0825,134.4,1.451e-07,metal1,metal1
116.1,81.2,3.954e-06,metal1,metal1
116.0625,58.8,5.568e-07,metal1,metal1
116.10499999999999,58.8,8.549e-09,metal1,metal1
116.14750000000001,114.8,2.207e-15,metal1,metal1
116.1875,117.6,5.423e-06,metal1,metal1
116.16,72.8,1.713e-08,metal1,metal1
116.16,78.4,1.312e-07,metal1,metal1
116.16,89.6,1.552e-07,metal1,metal1
116.16499999999999,126.0,3.034e-08,metal1,metal1
116.16499999999999,134.4,2.056e-09,metal1,metal1
116.2425,58.8,1.224e-07,metal1,metal1
116.175,123.2,6.023e-08,metal1,metal1
116.18,95.2,6.489e-10,metal1,metal1
116.185,61.6,1.567e-09,metal1,metal1
116.185,64.4,5.504e-06,metal1,metal1
116.19,81.2,4.919e-07,metal1,metal1
116.35,72.8,1.51e-09,metal1,metal1
116.35,78.4,6.83e-09,metal1,metal1
116.7375,89.6,3.68e-06,metal1,metal1
116.44749999999999,126.0,1.612e-09,metal1,metal1
116.445,134.4,3.375e-08,metal1,metal1
116.26249999999999,123.2,6.937e-09,metal1,metal1
116.23750000000001,95.2,6.489e-10,metal1,metal1
116.42750000000001,114.8,2.571e-15,metal1,metal1
116.435,61.6,1.567e-09,metal1,metal1
116.6725,64.4,5.504e-06,metal1,metal1
116.2825,81.2,4.919e-07,metal1,metal1
116.5825,117.6,5.423e-06,metal1,metal1
116.295,95.2,9.977e-10,metal1,metal1
116.68,86.8,2.729e-06,metal1,metal1
116.97,100.8,3.286e-06,metal1,metal1
116.3775,98.0,4.391e-06,metal1,metal1
116.35,70.0,2.101e-08,metal1,metal1
116.35,103.6,2.976e-06,metal1,metal1
116.35,106.4,1.323e-06,metal1,metal1
116.35,112.0,1.65e-07,metal1,metal1
116.35,123.2,1.582e-06,metal1,metal1
116.35,131.6,4.183e-12,metal1,metal1
116.425,95.2,1.43e-10,metal1,metal1
116.37,75.6,8.082e-08,metal1,metal1
116.37,84.0,9.979e-08,metal1,metal1
116.375,67.2,5.341e-09,metal1,metal1
116.375,81.2,2.446e-06,metal1,metal1
116.375,109.2,2.83e-06,metal1,metal1
116.38,58.8,4.576e-08,metal1,metal1
116.465,70.0,2.101e-08,metal1,metal1
116.4475,103.6,2.976e-06,metal1,metal1
116.4225,106.4,1.323e-06,metal1,metal1
116.6375,112.0,3.878e-06,metal1,metal1
116.6575,123.2,1.582e-06,metal1,metal1
117.56125,131.6,8.821e-14,metal1,metal1
116.7475,75.6,4.11e-10,metal1,metal1
116.5575,84.0,8.012e-09,metal1,metal1
116.625,67.2,5.341e-09,metal1,metal1
116.565,81.2,2.205e-09,metal1,metal1
116.935,109.2,2.83e-06,metal1,metal1
116.67500000000001,58.8,4.576e-08,metal1,metal1
116.66749999999999,98.0,4.391e-06,metal1,metal1
116.5275,106.4,2.447e-07,metal1,metal1
116.53999999999999,72.8,1.032e-06,metal1,metal1
116.53999999999999,78.4,4.615e-06,metal1,metal1
116.545,103.6,4.822e-08,metal1,metal1
116.555,95.2,9.696e-09,metal1,metal1
116.565,92.4,2.135e-06,metal1,metal1
116.58,70.0,2.868e-06,metal1,metal1
116.9375,72.8,1.032e-06,metal1,metal1
117.22375,78.4,4.615e-06,metal1,metal1
116.8275,103.6,2.67e-09,metal1,metal1
118.83625,140.0,1.455e-13,metal1,metal1
116.75,95.2,9.696e-09,metal1,metal1
116.7525,106.4,2.447e-07,metal1,metal1
116.755,92.4,2.135e-06,metal1,metal1
116.6775,70.0,2.868e-06,metal1,metal1
116.675,114.8,4.549e-15,metal1,metal1
116.7175,61.6,2.956e-10,metal1,metal1
116.7575,134.4,2.769e-06,metal1,metal1
116.72999999999999,126.0,4.123e-09,metal1,metal1
116.735,56.0,1.847e-08,metal1,metal1
116.745,84.0,5.379e-06,metal1,metal1
117.10749999999999,114.8,1.499e-15,metal1,metal1
116.755,81.2,9.136e-07,metal1,metal1
116.775,70.0,1.343e-08,metal1,metal1
116.94,126.0,4.123e-09,metal1,metal1
117.0175,56.0,9.386e-10,metal1,metal1
117.12,84.0,5.379e-06,metal1,metal1
116.93,61.6,2.956e-10,metal1,metal1
116.815,81.2,9.136e-07,metal1,metal1
116.8475,70.0,1.343e-08,metal1,metal1
117.045,134.4,2.769e-06,metal1,metal1
116.9075,67.2,3.425e-12,metal1,metal1
116.9075,81.2,5.862e-10,metal1,metal1
116.92,70.0,1.958e-09,metal1,metal1
116.925,98.0,1.599e-07,metal1,metal1
116.925,112.0,6.284e-08,metal1,metal1
116.945,92.4,2.087e-09,metal1,metal1
116.945,95.2,1.959e-08,metal1,metal1
116.945,106.4,1.322e-06,metal1,metal1
116.945,117.6,5.301e-09,metal1,metal1
116.965,123.2,8.41e-09,metal1,metal1
116.97,58.8,2.638e-07,metal1,metal1
117.13,70.0,3.229e-09,metal1,metal1
117.02,98.0,4.269e-06,metal1,metal1
117.2075,112.0,3.448e-09,metal1,metal1
117.2875,67.2,3.425e-12,metal1,metal1
117.2875,81.2,5.86e-10,metal1,metal1
117.195,92.4,2.087e-09,metal1,metal1
117.05250000000001,95.2,1.959e-08,metal1,metal1
117.0,106.4,1.322e-06,metal1,metal1
117.195,117.6,5.301e-09,metal1,metal1
117.0475,123.2,8.41e-09,metal1,metal1
117.0375,58.8,2.638e-07,metal1,metal1
117.055,106.4,2.053e-08,metal1,metal1
117.13749999999999,58.8,1.848e-07,metal1,metal1
117.11,61.6,1.858e-10,metal1,metal1
117.11,103.6,2.912e-06,metal1,metal1
117.11500000000001,98.0,1.632e-08,metal1,metal1
117.10249999999999,75.515,4.11e-10,metal1,metal1
117.25,106.4,2.786e-07,metal1,metal1
117.13,86.8,1.004e-07,metal1,metal1
117.13,123.2,6.646e-09,metal1,metal1
117.13749999999999,75.6175,3.303e-06,metal1,metal1
117.15,126.0,1.725e-06,metal1,metal1
119.10625,142.8,3.04e-14,metal1,metal1
117.5775,64.4,5.504e-06,metal1,metal1
117.16,95.2,1.376e-08,metal1,metal1
117.2775,61.6,1.858e-10,metal1,metal1
117.5,103.6,2.912e-06,metal1,metal1
117.30250000000001,98.0,1.632e-08,metal1,metal1
117.1725,75.7025,3.303e-06,metal1,metal1
117.5,86.8,2.71e-06,metal1,metal1
117.3175,123.2,2.213e-10,metal1,metal1
117.22749999999999,75.6,3.303e-06,metal1,metal1
117.24000000000001,126.0,1.725e-06,metal1,metal1
117.3025,95.2,1.376e-08,metal1,metal1
117.25,58.8,1.848e-07,metal1,metal1
117.3,56.0,1.022e-06,metal1,metal1
117.3,134.4,5.836e-08,metal1,metal1
117.305,75.6,1.211e-07,metal1,metal1
117.315,89.6,7.457e-08,metal1,metal1
117.33,58.8,6.745e-10,metal1,metal1
117.33,126.0,5.134e-08,metal1,metal1
117.6625,72.8,1.032e-06,metal1,metal1
117.34,70.0,2.64e-06,metal1,metal1
117.3975,56.0,1.022e-06,metal1,metal1
117.49,134.4,1.249e-09,metal1,metal1
117.99000000000001,75.6,3.258e-06,metal1,metal1
117.78999999999999,89.6,3.554e-06,metal1,metal1
117.6925,58.8,6.745e-10,metal1,metal1
117.6125,126.0,3.219e-10,metal1,metal1
117.6275,70.0,2.64e-06,metal1,metal1
119.24875,120.4,1.957e-06,metal1,metal1
117.47749999999999,61.6,1.133e-10,metal1,metal1
117.47749999999999,92.4,6.788e-12,metal1,metal1
117.44749999999999,95.1625,1.981e-08,metal1,metal1
117.47749999999999,106.4,2.162e-07,metal1,metal1
117.47749999999999,117.6,3.399e-12,metal1,metal1
117.49000000000001,98.0,1.289e-07,metal1,metal1
117.49000000000001,112.0,3.76e-06,metal1,metal1
117.495,56.0,1.89e-08,metal1,metal1
117.495,84.0,7.522e-09,metal1,metal1
117.495,109.2,3.85e-09,metal1,metal1
117.4825,123.11500000000001,2.213e-10,metal1,metal1
117.515,95.23125,3.944e-10,metal1,metal1
117.51750000000001,123.18375,1.452e-06,metal1,metal1
117.53999999999999,114.8,2.972e-12,metal1,metal1
117.58500000000001,98.0,1.438e-08,metal1,metal1
117.975,112.0,3.76e-06,metal1,metal1
117.6825,56.0,1.475e-09,metal1,metal1
117.6825,84.0,7.522e-09,metal1,metal1
117.6825,109.2,3.85e-09,metal1,metal1
117.55250000000001,123.26875000000001,1.452e-06,metal1,metal1
117.7575,61.6,1.133e-10,metal1,metal1
117.8575,92.4,6.789e-12,metal1,metal1
117.55000000000001,95.26875000000001,3.944e-10,metal1,metal1
117.715,106.4,2.162e-07,metal1,metal1
117.8575,117.6,3.4e-12,metal1,metal1
117.86250000000001,95.2,3.944e-10,metal1,metal1
117.9,123.2,1.452e-06,metal1,metal1
117.72,114.8,2.973e-12,metal1,metal1
117.66749999999999,67.2,2.207e-15,metal1,metal1
117.66749999999999,81.2,2.377e-10,metal1,metal1
117.68,98.0,2.47e-08,metal1,metal1
117.68,134.4,8.099e-07,metal1,metal1
117.705,100.8,3.343e-09,metal1,metal1
117.775,98.0,2.47e-08,metal1,metal1
118.2625,134.4,8.099e-07,metal1,metal1
117.94749999999999,67.2,3.272e-15,metal1,metal1
117.8,81.2,2.377e-10,metal1,metal1
117.955,100.8,3.343e-09,metal1,metal1
117.87,56.0,9.896e-07,metal1,metal1
117.87,84.0,1.095e-07,metal1,metal1
117.87,86.8,1.459e-08,metal1,metal1
117.87,98.0,4.136e-06,metal1,metal1
117.87,109.2,3.771e-09,metal1,metal1
117.89,103.6,2.582e-06,metal1,metal1
117.89500000000001,126.0,6.479e-07,metal1,metal1
117.9,81.2,8.389e-11,metal1,metal1
117.9,114.8,2.128e-09,metal1,metal1
118.52125000000001,78.4,4.615e-06,metal1,metal1
117.91499999999999,70.0,4.277e-08,metal1,metal1
117.92,106.4,3.64e-07,metal1,metal1
118.1675,56.0,9.896e-07,metal1,metal1
118.2575,84.0,5.232e-06,metal1,metal1
117.975,86.8,1.459e-08,metal1,metal1
118.155,98.0,4.136e-06,metal1,metal1
118.06,109.2,3.771e-09,metal1,metal1
118.29249999999999,103.6,2.582e-06,metal1,metal1
117.98,126.0,6.479e-07,metal1,metal1
118.0475,81.2,8.389e-11,metal1,metal1
118.2625,114.8,2.128e-09,metal1,metal1
118.19749999999999,70.0,2.327e-09,metal1,metal1
118.0625,106.4,3.64e-07,metal1,metal1
118.005,61.6,2.234e-12,metal1,metal1
119.535,137.2,7.581e-08,metal1,metal1
118.0875,58.8,8.444e-07,metal1,metal1
118.06,72.8,1.674e-08,metal1,metal1
118.065,64.4,8.918e-08,metal1,metal1
118.0475,126.08500000000001,6.479e-07,metal1,metal1
118.4375,61.6,9.746e-15,metal1,metal1
118.08,86.8,9.695e-11,metal1,metal1
118.0825,125.9825,3.37e-07,metal1,metal1
118.25,72.8,1.459e-09,metal1,metal1
118.3475,64.4,4.938e-09,metal1,metal1
118.1175,125.89750000000001,6.174e-07,metal1,metal1
118.4575,86.8,2.534e-06,metal1,metal1
118.63625,126.0,1.589e-06,metal1,metal1
118.5775,58.8,8.444e-07,metal1,metal1
118.195,67.2,0.0,metal1,metal1
118.195,81.2,9.205e-10,metal1,metal1
118.195,92.315,6.789e-12,metal1,metal1
118.19,95.11500000000001,3.944e-10,metal1,metal1
118.23750000000001,100.8,1.339e-07,metal1,metal1
118.20750000000001,106.315,2.313e-07,metal1,metal1
118.23750000000001,117.6,2.207e-15,metal1,metal1
118.2575,95.2,1.078e-09,metal1,metal1
118.25,109.2,2.813e-06,metal1,metal1
118.255,92.23,3.981e-12,metal1,metal1
118.6275,67.2,1.424e-14,metal1,metal1
118.33000000000001,81.2,2.084e-10,metal1,metal1
118.265,89.6,4.636e-09,metal1,metal1
118.24000000000001,123.11500000000001,1.452e-06,metal1,metal1
118.275,106.38374999999999,2.466e-08,metal1,metal1
118.275,123.2,8.426e-11,metal1,metal1
118.3675,109.2,2.813e-06,metal1,metal1
118.29750000000001,92.315,3.98e-12,metal1,metal1
118.455,89.6,4.636e-09,metal1,metal1
118.45,92.4,2.511e-13,metal1,metal1
118.325,95.285,1.078e-09,metal1,metal1
118.4525,100.8,1.339e-07,metal1,metal1
118.31,106.46875,2.466e-08,metal1,metal1
118.51750000000001,117.6,3.272e-15,metal1,metal1
118.31,123.285,8.426e-11,metal1,metal1
118.52250000000001,106.4,2.466e-08,metal1,metal1
118.4625,123.2,5.226e-10,metal1,metal1
118.4725,95.2,1.078e-09,metal1,metal1
118.44,72.8,9.969e-07,metal1,metal1
118.44,98.0,4.932e-07,metal1,metal1
118.46000000000001,112.0,2.697e-08,metal1,metal1
118.465,56.0,9.674e-10,metal1,metal1
118.465,81.2,1.565e-09,metal1,metal1
118.47999999999999,70.0,2.537e-06,metal1,metal1
118.485,109.2,4.558e-08,metal1,metal1
118.8475,72.8,9.969e-07,metal1,metal1
118.5375,98.0,4.932e-07,metal1,metal1
118.545,112.0,2.697e-08,metal1,metal1
118.715,56.0,9.674e-10,metal1,metal1
118.74000000000001,81.2,1.565e-09,metal1,metal1
118.5575,70.0,2.537e-06,metal1,metal1
118.7675,109.2,2.498e-09,metal1,metal1
119.8225,128.8,6.638e-14,metal1,metal1
118.6575,114.8,3.247e-06,metal1,metal1
118.63,64.4,5.384e-06,metal1,metal1
118.63,92.4,1.671e-10,metal1,metal1
118.63,112.0,1.53e-07,metal1,metal1
118.63499999999999,70.0,5.975e-08,metal1,metal1
118.63499999999999,95.2,1.601e-10,metal1,metal1
118.63499999999999,98.0,3.34e-06,metal1,metal1
118.63499999999999,100.8,1.39e-09,metal1,metal1
118.64500000000001,84.0,6.823e-09,metal1,metal1
118.64500000000001,89.6,1.268e-09,metal1,metal1
118.64500000000001,123.2,6.143e-09,metal1,metal1
119.28999999999999,75.6,3.258e-06,metal1,metal1
119.0275,103.6,2.582e-06,metal1,metal1
119.2025,64.4,5.384e-06,metal1,metal1
118.6975,92.4,1.671e-10,metal1,metal1
119.2275,112.0,3.591e-06,metal1,metal1
119.31,70.0,2.327e-06,metal1,metal1
118.7,95.2,1.601e-10,metal1,metal1
118.82249999999999,98.0,2.301e-07,metal1,metal1
118.80000000000001,100.8,5.868e-08,metal1,metal1
118.83500000000001,84.0,6.823e-09,metal1,metal1
118.74000000000001,89.6,8.904e-08,metal1,metal1
118.745,123.2,6.143e-09,metal1,metal1
119.0775,114.8,3.247e-06,metal1,metal1
118.765,92.4,1.211e-09,metal1,metal1
118.765,95.2,3.107e-10,metal1,metal1
118.765,106.4,9.813e-09,metal1,metal1
118.765,117.6,0.0,metal1,metal1
119.91375,131.6,8.812e-14,metal1,metal1
118.83500000000001,86.8,3.305e-09,metal1,metal1
118.83500000000001,89.6,6.091e-10,metal1,metal1
118.89750000000001,92.4,6.169e-08,metal1,metal1
118.88749999999999,95.2,4.117e-11,metal1,metal1
118.88499999999999,106.4,5.233e-07,metal1,metal1
119.19749999999999,117.6,4.998e-15,metal1,metal1
118.845,123.2,1.415e-06,metal1,metal1
118.845,134.4,7.917e-10,metal1,metal1
118.87,61.6,1.938e-11,metal1,metal1
119.025,86.8,3.305e-09,metal1,metal1
119.025,89.6,2.996e-08,metal1,metal1
119.02250000000001,123.2,1.415e-06,metal1,metal1
119.095,134.4,7.917e-10,metal1,metal1
119.05,61.6,1.939e-11,metal1,metal1
118.9975,56.0,6.205e-13,metal1,metal1
118.95500000000001,100.88499999999999,5.868e-08,metal1,metal1
119.0375,106.4,1.666e-07,metal1,metal1
119.00999999999999,95.2,2.427e-10,metal1,metal1
119.00999999999999,98.0,8.679e-08,metal1,metal1
119.0025,81.13125,3.682e-10,metal1,metal1
119.015,100.97,3.796e-12,metal1,metal1
119.025,84.0,1.89e-10,metal1,metal1
119.03,92.4,7.19e-10,metal1,metal1
119.035,58.8,8.254e-10,metal1,metal1
119.05,109.2,2.723e-06,metal1,metal1
119.06,67.2,2.52e-11,metal1,metal1
119.0375,81.19,3.682e-10,metal1,metal1
119.2025,95.2,2.427e-10,metal1,metal1
119.4,98.0,3.924e-06,metal1,metal1
119.07249999999999,81.25874999999999,1.808e-11,metal1,metal1
119.0575,100.88499999999999,3.787e-12,metal1,metal1
119.2175,84.0,7.145e-09,metal1,metal1
119.3775,56.0,6.203e-13,metal1,metal1
119.33,92.4,2.275e-08,metal1,metal1
119.21000000000001,100.8,6.998e-13,metal1,metal1
119.285,58.8,8.254e-10,metal1,metal1
119.705,109.2,2.723e-06,metal1,metal1
119.24000000000001,67.2,2.52e-11,metal1,metal1
119.24000000000001,81.2,1.808e-11,metal1,metal1
119.35,106.4,1.666e-07,metal1,metal1
119.63875,126.0,1.589e-06,metal1,metal1
119.17750000000001,123.11250000000001,1.415e-06,metal1,metal1
119.205,78.4,1.702e-07,metal1,metal1
119.215,86.8,7.261e-11,metal1,metal1
119.215,89.6,3.24e-06,metal1,metal1
119.2125,123.18125,3.329e-09,metal1,metal1
119.22999999999999,61.6,1.388e-08,metal1,metal1
119.5925,72.8,9.969e-07,metal1,metal1
119.2475,123.26875000000001,3.329e-09,metal1,metal1
119.495,78.4,4.602e-06,metal1,metal1
119.5,86.8,2.06e-09,metal1,metal1
119.505,89.6,3.24e-06,metal1,metal1
119.405,123.2,3.329e-09,metal1,metal1
119.41499999999999,61.6,1.388e-08,metal1,metal1
119.3775,134.4,5.083e-13,metal1,metal1
119.39,100.8,4.591e-10,metal1,metal1
119.39500000000001,95.2,4.937e-10,metal1,metal1
119.41,84.0,8.548e-11,metal1,metal1
119.42,67.2,1.804e-08,metal1,metal1
119.42,81.2,3.006e-08,metal1,metal1
119.43,103.6,2.468e-06,metal1,metal1
119.4575,100.8,4.591e-10,metal1,metal1
119.5125,95.2,4.937e-10,metal1,metal1
119.7825,114.8,3.247e-06,metal1,metal1
119.5025,84.0,8.548e-11,metal1,metal1
119.7575,134.4,5.078e-13,metal1,metal1
119.6925,67.2,1.804e-08,metal1,metal1
119.5,81.2,1.524e-10,metal1,metal1
119.99000000000001,103.6,2.468e-06,metal1,metal1
119.525,100.8,9.031e-12,metal1,metal1
119.5675,58.8,5.291e-13,metal1,metal1
119.58,81.2,9.043e-10,metal1,metal1
119.58500000000001,123.2,8.243e-08,metal1,metal1
119.595,84.0,4.977e-06,metal1,metal1
119.95750000000001,100.8,4.873e-15,metal1,metal1
119.6,61.6,2.382e-11,metal1,metal1
119.63,92.4,1.236e-08,metal1,metal1
119.63,95.2,3.184e-09,metal1,metal1
119.63,106.4,2.349e-10,metal1,metal1
119.63,117.6,8.891e-12,metal1,metal1
119.8625,81.2,9.043e-10,metal1,metal1
119.655,123.2,8.243e-08,metal1,metal1
119.88,84.0,4.977e-06,metal1,metal1
119.9475,58.8,5.296e-13,metal1,metal1
119.7775,61.6,1.517e-08,metal1,metal1
119.715,92.4,1.236e-08,metal1,metal1
119.795,95.2,4.5e-11,metal1,metal1
119.81,106.4,2.349e-10,metal1,metal1
119.79750000000001,117.6,8.89e-12,metal1,metal1
119.7575,56.0,0.0,metal1,metal1
119.7575,123.2,4.356e-08,metal1,metal1
119.775,64.4,8.724e-08,metal1,metal1
119.785,78.4,9.457e-08,metal1,metal1
119.785,86.8,2.306e-06,metal1,metal1
119.78999999999999,98.0,1.445e-07,metal1,metal1
119.795,89.6,1.058e-07,metal1,metal1
119.8,92.4,1.105e-08,metal1,metal1
120.3525,112.0,3.591e-06,metal1,metal1
120.0575,64.4,4.817e-09,metal1,metal1
120.065,78.4,4.572e-06,metal1,metal1
119.88749999999999,86.8,2.306e-06,metal1,metal1
120.0375,56.0,4.675e-16,metal1,metal1
120.0875,98.0,3.904e-06,metal1,metal1
119.875,123.2,4.356e-08,metal1,metal1
120.045,89.6,3.284e-09,metal1,metal1
119.895,92.4,1.105e-08,metal1,metal1
119.98750000000001,61.6,4.706e-07,metal1,metal1
119.94,95.26875000000001,4.5e-11,metal1,metal1
119.96000000000001,123.2,5.639e-10,metal1,metal1
119.965,67.2,8.45e-10,metal1,metal1
119.9425,117.685,8.89e-12,metal1,metal1
119.975,75.6,6.583e-08,metal1,metal1
119.985,70.0,1.353e-08,metal1,metal1
119.99000000000001,86.8,9.922e-09,metal1,metal1
119.99000000000001,92.4,5.863e-08,metal1,metal1
119.975,95.2,4.784e-10,metal1,metal1
119.99000000000001,106.4,1.587e-09,metal1,metal1
119.97749999999999,117.61625000000001,6.153e-12,metal1,metal1
120.0,72.8,8.752e-07,metal1,metal1
120.01,95.13125,4.784e-10,metal1,metal1
120.2225,123.2,1.657e-08,metal1,metal1
120.055,67.2,6.381e-08,metal1,metal1
120.0125,117.53125,6.153e-12,metal1,metal1
120.355,75.6,3.128e-06,metal1,metal1
120.1775,70.0,1.353e-08,metal1,metal1
120.07,86.8,9.922e-09,metal1,metal1
120.17750000000001,92.4,8.016e-11,metal1,metal1
120.3525,95.2,4.784e-10,metal1,metal1
120.3525,106.4,1.587e-09,metal1,metal1
120.165,117.6,9.633e-12,metal1,metal1
120.185,72.8,8.752e-07,metal1,metal1
120.5725,61.6,4.706e-07,metal1,metal1
120.13749999999999,134.4,0.0,metal1,metal1
120.17750000000001,67.2,4.456e-06,metal1,metal1
120.17750000000001,81.2,2.913e-06,metal1,metal1
120.15,86.8,2.183e-09,metal1,metal1
120.16499999999999,84.0,1.014e-07,metal1,metal1
120.17,114.8,1.195e-07,metal1,metal1
120.175,126.0,1.554e-09,metal1,metal1
120.35249999999999,86.8,2.629e-09,metal1,metal1
120.64500000000001,84.0,4.862e-06,metal1,metal1
120.465,114.8,5.445e-09,metal1,metal1
120.41749999999999,134.4,2.337e-16,metal1,metal1
120.425,126.0,1.554e-09,metal1,metal1
120.6575,67.2,4.456e-06,metal1,metal1
120.3775,81.2,2.913e-06,metal1,metal1
120.285,56.0,4.549e-15,metal1,metal1
120.3275,58.8,0.0,metal1,metal1
120.30250000000001,89.63749999999999,3.206e-08,metal1,metal1
120.34,64.4,5.252e-06,metal1,metal1
120.34,117.6,6.043e-09,metal1,metal1
120.345,78.4,3.04e-07,metal1,metal1
120.705,56.0,1.29e-16,metal1,metal1
120.36,109.2,1.001e-07,metal1,metal1
120.36500000000001,92.4,3.821e-09,metal1,metal1
120.37,70.0,5.188e-08,metal1,metal1
120.37,72.8,1.617e-08,metal1,metal1
120.37,89.535,2.158e-09,metal1,metal1
120.38499999999999,98.0,6.326e-08,metal1,metal1
120.39,100.8,4.091e-13,metal1,metal1
120.7325,64.4,5.252e-06,metal1,metal1
120.5275,117.6,6.043e-09,metal1,metal1
120.46000000000001,78.4,3.04e-07,metal1,metal1
120.60749999999999,58.8,4.675e-16,metal1,metal1
120.405,89.4975,2.158e-09,metal1,metal1
120.7425,109.2,2.7e-06,metal1,metal1
120.54,92.4,3.821e-09,metal1,metal1
120.42750000000001,70.0,5.188e-08,metal1,metal1
120.6525,72.8,6.933e-10,metal1,metal1
120.465,89.6,2.158e-09,metal1,metal1
120.6675,98.0,3.485e-09,metal1,metal1
120.57,100.8,4.107e-13,metal1,metal1
120.5175,70.0,4.953e-08,metal1,metal1
120.5175,123.2,1.505e-11,metal1,metal1
120.545,81.2,3.799e-09,metal1,metal1
120.55,89.6,2.776e-10,metal1,metal1
120.55,103.6,4.565e-08,metal1,metal1
120.555,86.8,2.088e-06,metal1,metal1
120.575,78.4,1.98e-06,metal1,metal1
120.735,81.2,3.799e-09,metal1,metal1
120.7425,70.0,4.658e-11,metal1,metal1
120.8025,89.6,1.719e-08,metal1,metal1
120.7375,103.6,3.654e-09,metal1,metal1
120.7975,123.2,1.505e-11,metal1,metal1
120.84,86.8,2.088e-06,metal1,metal1
120.64750000000001,78.4,1.675e-09,metal1,metal1
120.66499999999999,134.4,9.099e-15,metal1,metal1
120.70750000000001,126.0,3.658e-11,metal1,metal1
120.7475,92.4,1.035e-06,metal1,metal1
120.7475,95.2,2.893e-06,metal1,metal1
120.7475,106.4,2.421e-06,metal1,metal1
120.7475,117.6,4.505e-06,metal1,metal1
120.72,78.4,2.264e-06,metal1,metal1
120.735,75.6,6.85e-10,metal1,metal1
120.89500000000001,134.4,5.858e-15,metal1,metal1
120.75,100.8,2.942e-10,metal1,metal1
120.75999999999999,114.8,3.116e-06,metal1,metal1
120.9225,78.4,1.33e-09,metal1,metal1
120.925,75.6,6.85e-10,metal1,metal1
120.9325,126.0,3.658e-11,metal1,metal1
120.9375,100.8,2.942e-10,metal1,metal1
120.9425,114.8,3.116e-06,metal1,metal1
120.9525,92.4,1.035e-06,metal1,metal1
120.9525,95.2,2.893e-06,metal1,metal1
120.9525,106.4,2.421e-06,metal1,metal1
120.85249999999999,117.6,4.505e-06,metal1,metal1
120.85499999999999,58.8,0.0,metal1,metal1
120.99000000000001,58.8,2.831e-14,metal1,metal1
120.925,81.2,5.73e-11,metal1,metal1
120.925,103.6,2.453e-06,metal1,metal1
120.925,117.6,2.294e-08,metal1,metal1
120.935,70.0,1.664e-08,metal1,metal1
120.935,72.8,7.523e-07,metal1,metal1
120.95,98.0,3.799e-06,metal1,metal1
120.95,112.0,3.485e-06,metal1,metal1
121.025,81.2,4.35e-10,metal1,metal1
121.01249999999999,103.6,2.453e-06,metal1,metal1
121.025,117.6,2.294e-08,metal1,metal1
121.03,70.0,1.664e-08,metal1,metal1
121.03,72.8,7.523e-07,metal1,metal1
121.0375,98.0,3.799e-06,metal1,metal1
121.0375,112.0,3.485e-06,metal1,metal1
121.045,123.2,7.282e-10,metal1,metal1
121.055,89.685,1.439e-09,metal1,metal1
121.0775,103.7025,2.453e-06,metal1,metal1
121.08,67.26875000000001,4.456e-06,metal1,metal1
121.08500000000001,75.65,6.85e-10,metal1,metal1
121.08500000000001,123.2,7.282e-10,metal1,metal1
121.125,2.8,1.192e-13,metal1,metal1
121.125,5.6,1.192e-13,metal1,metal1
121.125,8.4,1.149e-13,metal1,metal1
121.125,11.2,1.192e-13,metal1,metal1
121.125,14.0,1.107e-13,metal1,metal1
121.125,16.8,1.149e-13,metal1,metal1
121.125,19.6,1.149e-13,metal1,metal1
121.125,22.4,1.149e-13,metal1,metal1
121.125,25.2,8.786e-09,metal1,metal1
121.125,28.0,1.149e-13,metal1,metal1
121.125,30.8,1.149e-13,metal1,metal1
121.125,33.6,1.192e-13,metal1,metal1
121.125,36.4,1.149e-13,metal1,metal1
121.125,39.2,1.192e-13,metal1,metal1
121.125,42.0,1.192e-13,metal1,metal1
121.125,44.8,3.528e-08,metal1,metal1
121.125,47.6,2.236e-08,metal1,metal1
121.125,50.4,1.192e-13,metal1,metal1
121.125,53.2,1.163e-07,metal1,metal1
121.10249999999999,55.915,0.0,metal1,metal1
121.125,58.8,8.514e-15,metal1,metal1
121.125,61.6,4.706e-07,metal1,metal1
121.125,64.4,5.252e-06,metal1,metal1
121.11500000000001,67.18375,8.008e-10,metal1,metal1
121.125,70.0,1.664e-08,metal1,metal1
121.125,72.8,7.523e-07,metal1,metal1
121.12,75.565,3.11e-11,metal1,metal1
121.0975,78.315,1.33e-09,metal1,metal1
121.125,81.2,4.35e-10,metal1,metal1
121.125,84.0,4.862e-06,metal1,metal1
121.125,86.8,2.088e-06,metal1,metal1
121.1225,89.6,1.439e-09,metal1,metal1
121.125,92.4,1.035e-06,metal1,metal1
121.125,95.2,2.893e-06,metal1,metal1
121.125,98.0,3.799e-06,metal1,metal1
121.125,100.8,2.942e-10,metal1,metal1
121.11250000000001,103.6175,8.018e-10,metal1,metal1
121.125,106.4,2.421e-06,metal1,metal1
121.125,109.2,2.7e-06,metal1,metal1
121.125,112.0,3.485e-06,metal1,metal1
121.125,114.8,3.116e-06,metal1,metal1
121.125,117.6,4.388e-06,metal1,metal1
121.125,120.4,1.957e-06,metal1,metal1
121.125,123.2,5.329e-08,metal1,metal1
121.125,126.0,3.653e-11,metal1,metal1
121.125,128.8,1.149e-13,metal1,metal1
121.125,131.6,1.149e-13,metal1,metal1
121.125,134.4,4.257e-15,metal1,metal1
121.125,137.2,7.581e-08,metal1,metal1
121.125,140.0,1.149e-13,metal1,metal1
121.125,142.8,8.514e-15,metal1,metal1
121.1325,78.38374999999999,4.461e-06,metal1,metal1
121.13749999999999,55.973749999999995,1.436e-14,metal1,metal1
121.14750000000001,103.515,8.018e-10,metal1,metal1
121.15,67.11500000000001,8.008e-10,metal1,metal1
121.155,75.515,3.11e-11,metal1,metal1
121.1575,89.515,1.439e-09,metal1,metal1
126.605,2.8,1.149e-13,metal1,metal1
126.605,5.6,1.149e-13,metal1,metal1
126.605,8.4,1.149e-13,metal1,metal1
126.605,11.2,1.148e-13,metal1,metal1
126.605,14.0,1.148e-13,metal1,metal1
126.605,16.8,1.148e-13,metal1,metal1
126.605,19.6,1.148e-13,metal1,metal1
126.605,22.4,1.148e-13,metal1,metal1
126.50874999999999,25.2,8.786e-09,metal1,metal1
126.605,28.0,1.148e-13,metal1,metal1
126.605,30.8,1.149e-13,metal1,metal1
126.605,33.6,1.148e-13,metal1,metal1
126.605,36.4,1.148e-13,metal1,metal1
126.605,39.2,1.148e-13,metal1,metal1
126.605,42.0,1.148e-13,metal1,metal1
123.23625,44.8,3.528e-08,metal1,metal1
126.40875,47.6,2.236e-08,metal1,metal1
126.605,50.4,1.148e-13,metal1,metal1
122.22999999999999,53.2,1.163e-07,metal1,metal1
121.1725,56.05875,1.455e-14,metal1,metal1
121.4225,58.8,1.022e-14,metal1,metal1
121.215,61.6,4.706e-07,metal1,metal1
121.4925,64.4,5.252e-06,metal1,metal1
121.39750000000001,67.2,4.073e-09,metal1,metal1
121.185,70.0,1.664e-08,metal1,metal1
121.5025,72.8,7.523e-07,metal1,metal1
121.305,75.6,2.534e-07,metal1,metal1
121.16749999999999,78.46875,4.461e-06,metal1,metal1
121.3025,81.2,4.35e-10,metal1,metal1
121.21000000000001,84.0,4.862e-06,metal1,metal1
121.685,86.8,2.088e-06,metal1,metal1
121.31,89.6,1.439e-09,metal1,metal1
121.3125,92.4,1.035e-06,metal1,metal1
121.5675,95.2,2.893e-06,metal1,metal1
121.3025,98.0,3.799e-06,metal1,metal1
121.3,100.8,2.943e-10,metal1,metal1
121.2175,103.6,8.018e-10,metal1,metal1
121.80625,106.4,2.421e-06,metal1,metal1
121.5,109.2,2.7e-06,metal1,metal1
121.2175,112.0,3.485e-06,metal1,metal1
121.31,114.8,3.116e-06,metal1,metal1
121.21000000000001,117.6,4.388e-06,metal1,metal1
121.7125,120.4,1.957e-06,metal1,metal1
121.21000000000001,123.2,5.329e-08,metal1,metal1
121.28,126.0,3.654e-11,metal1,metal1
126.605,128.8,1.148e-13,metal1,metal1
126.605,131.6,1.148e-13,metal1,metal1
121.3275,134.4,6.524e-15,metal1,metal1
124.55625,137.2,7.581e-08,metal1,metal1
126.605,140.0,1.148e-13,metal1,metal1
126.605,142.8,1.015e-14,metal1,metal1
121.5025,78.4,4.461e-06,metal1,metal1
121.33,56.0,1.439e-14,metal1,metal1
121.2775,70.0,1.581e-11,metal1,metal1
121.295,84.0,7.878e-08,metal1,metal1
121.295,117.6,8.105e-08,metal1,metal1
121.295,123.2,7.601e-10,metal1,metal1
121.305,61.6,6.137e-10,metal1,metal1
121.31,103.6,4.946e-10,metal1,metal1
121.31,112.0,1.283e-07,metal1,metal1
121.5775,84.0,4.352e-09,metal1,metal1
121.4825,117.6,8.904e-10,metal1,metal1
121.60249999999999,123.2,1.213e-08,metal1,metal1
121.495,61.6,6.137e-10,metal1,metal1
121.5575,70.0,1.581e-11,metal1,metal1
121.6825,103.6,2.312e-06,metal1,metal1
121.68,112.0,3.462e-06,metal1,metal1
121.4675,126.0,5.164e-08,metal1,metal1
121.445,100.88499999999999,2.943e-10,metal1,metal1
121.45249999999999,81.0975,4.35e-10,metal1,metal1
121.47999999999999,98.0,1.573e-07,metal1,metal1
121.485,75.6,4.619e-07,metal1,metal1
121.485,100.97,5.072e-08,metal1,metal1
121.4875,81.14750000000001,1.128e-09,metal1,metal1
121.495,89.6,1.287e-07,metal1,metal1
121.495,114.8,6.306e-08,metal1,metal1
121.5,92.4,1.913e-08,metal1,metal1
121.50999999999999,56.0,7.008e-11,metal1,metal1
121.53,134.4,8.452e-14,metal1,metal1
121.52250000000001,81.25,1.128e-09,metal1,metal1
121.9625,98.0,3.73e-06,metal1,metal1
121.58500000000001,75.6,4.619e-07,metal1,metal1
121.5475,100.88499999999999,5.072e-08,metal1,metal1
121.8775,81.2,2.549e-06,metal1,metal1
121.555,89.6,1.287e-07,metal1,metal1
121.875,114.8,3.001e-06,metal1,metal1
121.6875,92.4,1.518e-09,metal1,metal1
121.6925,126.0,5.164e-08,metal1,metal1
121.8725,56.0,7.008e-11,metal1,metal1
121.71000000000001,134.4,8.563e-14,metal1,metal1
121.7025,100.8,5.072e-08,metal1,metal1
121.61500000000001,89.6,1.431e-09,metal1,metal1
121.6575,67.26875000000001,4.332e-06,metal1,metal1
121.64250000000001,117.515,8.904e-10,metal1,metal1
121.685,61.6,1.106e-11,metal1,metal1
121.685,75.6,2.23e-06,metal1,metal1
121.745,89.6,5.599e-08,metal1,metal1
121.67750000000001,117.565,1.657e-09,metal1,metal1
121.6925,67.2,4.332e-06,metal1,metal1
121.72,58.8,0.0,metal1,metal1
121.72749999999999,67.13125,3.725e-09,metal1,metal1
121.7125,117.65,1.657e-09,metal1,metal1
121.97,61.6,2.035e-10,metal1,metal1
121.8675,75.6,7.653e-09,metal1,metal1
121.875,117.6,1.657e-09,metal1,metal1
121.9875,67.2,9.879e-10,metal1,metal1
121.9,58.8,3.425e-16,metal1,metal1
121.805,70.0,3.048e-13,metal1,metal1
121.86,64.4,2.165e-07,metal1,metal1
121.86,84.0,4.745e-06,metal1,metal1
121.86500000000001,78.4,6.069e-09,metal1,metal1
121.86500000000001,100.8,1.877e-06,metal1,metal1
122.23750000000001,70.0,3.748e-16,metal1,metal1
121.875,89.6,7.577e-10,metal1,metal1
121.875,92.4,1.019e-06,metal1,metal1
121.875,109.2,3.522e-09,metal1,metal1
121.88,72.8,1.391e-08,metal1,metal1
121.88499999999999,126.0,2.771e-07,metal1,metal1
121.89,134.4,6.139e-11,metal1,metal1
121.91,123.2,1.681e-11,metal1,metal1
122.155,64.4,5.111e-06,metal1,metal1
121.965,84.0,4.745e-06,metal1,metal1
122.05250000000001,78.4,6.069e-09,metal1,metal1
121.95750000000001,100.8,6.193e-09,metal1,metal1
122.16,89.6,4.24e-12,metal1,metal1
121.9725,92.4,1.019e-06,metal1,metal1
122.065,109.2,3.522e-09,metal1,metal1
122.0675,72.8,1.021e-09,metal1,metal1
121.94,126.0,2.771e-07,metal1,metal1
122.2525,134.4,6.139e-11,metal1,metal1
122.09,123.2,1.681e-11,metal1,metal1
121.995,126.0,4.304e-09,metal1,metal1
122.3825,95.2,2.893e-06,metal1,metal1
122.05,75.6,2.832e-06,metal1,metal1
122.05,100.8,2.724e-07,metal1,metal1
122.05,112.0,5.612e-08,metal1,metal1
122.055,103.6,3.743e-08,metal1,metal1
122.065,117.6,8.529e-08,metal1,metal1
122.19,126.0,5.84e-08,metal1,metal1
122.07,84.0,8.774e-08,metal1,metal1
122.07,92.4,1.884e-08,metal1,metal1
122.08,58.8,3.715e-15,metal1,metal1
122.4375,75.6,2.832e-06,metal1,metal1
122.145,100.8,2.724e-07,metal1,metal1
122.24,112.0,5.023e-09,metal1,metal1
122.3375,103.6,6.98e-10,metal1,metal1
122.255,117.6,1.174e-08,metal1,metal1
122.2575,84.0,7.033e-09,metal1,metal1
122.2575,92.4,1.394e-09,metal1,metal1
122.4425,58.8,0.0,metal1,metal1
122.2675,56.0,1.069e-07,metal1,metal1
122.24000000000001,78.4,5.944e-09,metal1,metal1
122.24000000000001,100.8,4.863e-08,metal1,metal1
122.245,86.8,7.569e-08,metal1,metal1
122.255,61.6,2.278e-07,metal1,metal1
122.255,72.8,6.845e-07,metal1,metal1
122.255,109.2,7.771e-11,metal1,metal1
122.255,114.8,3.913e-09,metal1,metal1
122.235,67.285,9.879e-10,metal1,metal1
122.25999999999999,81.2,9.359e-08,metal1,metal1
122.27000000000001,123.2,9.242e-11,metal1,metal1
122.27000000000001,67.21625,1.706e-09,metal1,metal1
122.8175,120.4,1.957e-06,metal1,metal1
122.43,78.4,5.944e-09,metal1,metal1
122.6275,100.8,2.055e-06,metal1,metal1
122.53,86.8,2.011e-06,metal1,metal1
122.5325,61.6,2.278e-07,metal1,metal1
122.64750000000001,72.8,7.897e-10,metal1,metal1
122.54,109.2,2.221e-09,metal1,metal1
122.445,114.8,3.913e-09,metal1,metal1
122.305,67.13125,1.706e-09,metal1,metal1
122.545,81.2,2.52e-06,metal1,metal1
122.6325,123.2,9.242e-11,metal1,metal1
122.85,67.2,4.208e-06,metal1,metal1
127.10499999999999,56.0,1.069e-07,metal1,metal1
122.41749999999999,126.0,4.532e-08,metal1,metal1
122.43,112.0,3.434e-06,metal1,metal1
122.445,84.0,4.721e-06,metal1,metal1
122.4275,89.55,4.24e-12,metal1,metal1
122.445,92.4,9.345e-07,metal1,metal1
122.445,98.0,1.841e-08,metal1,metal1
122.445,117.6,2.538e-10,metal1,metal1
122.45,64.4,1.881e-07,metal1,metal1
122.4625,89.60875,1.011e-08,metal1,metal1
123.09875,106.4,2.421e-06,metal1,metal1
122.92500000000001,112.0,3.287e-09,metal1,metal1
122.53999999999999,84.0,4.721e-06,metal1,metal1
122.4975,89.65875,2.591e-11,metal1,metal1
123.1225,92.4,9.345e-07,metal1,metal1
122.5475,98.0,1.841e-08,metal1,metal1
122.53999999999999,117.6,3.049e-08,metal1,metal1
123.125,64.4,5.079e-06,metal1,metal1
122.655,126.0,4.532e-08,metal1,metal1
122.64750000000001,89.6,2.591e-11,metal1,metal1
122.64750000000001,134.4,9.368e-08,metal1,metal1
122.62,78.4,4.434e-06,metal1,metal1
122.5975,103.66874999999999,6.98e-10,metal1,metal1
122.63499999999999,84.0,6.157e-09,metal1,metal1
122.63499999999999,114.8,8.751e-11,metal1,metal1
122.63499999999999,117.6,2.676e-09,metal1,metal1
122.6325,103.6,4.083e-10,metal1,metal1
122.65,98.0,6.671e-08,metal1,metal1
122.67,70.0,1.332e-12,metal1,metal1
122.73,78.4,4.434e-06,metal1,metal1
122.6675,103.53125,4.083e-10,metal1,metal1
122.825,84.0,6.157e-09,metal1,metal1
122.92,114.8,2.553e-09,metal1,metal1
122.825,117.6,2.676e-09,metal1,metal1
122.89500000000001,103.6,4.083e-10,metal1,metal1
122.92750000000001,98.0,7.318e-10,metal1,metal1
122.85,70.0,1.333e-12,metal1,metal1
123.11,134.4,9.368e-08,metal1,metal1
122.8375,58.8,4.04e-13,metal1,metal1
122.81,61.6,6.742e-09,metal1,metal1
122.815,86.8,3.21e-09,metal1,metal1
122.7925,89.53125,2.591e-11,metal1,metal1
122.825,75.6,3.693e-09,metal1,metal1
122.825,95.2,3.772e-09,metal1,metal1
122.825,109.2,2.486e-06,metal1,metal1
122.83,81.2,9.27e-08,metal1,metal1
122.84,78.4,9.783e-08,metal1,metal1
122.8275,89.6,2.554e-11,metal1,metal1
122.86,126.0,7.632e-08,metal1,metal1
124.68125,61.6,9.488e-08,metal1,metal1
123.005,86.8,3.21e-09,metal1,metal1
122.8625,89.66874999999999,2.554e-11,metal1,metal1
123.015,75.6,3.693e-09,metal1,metal1
123.015,95.2,3.772e-09,metal1,metal1
123.27375,109.2,2.486e-06,metal1,metal1
123.39750000000001,81.2,2.5e-06,metal1,metal1
123.02250000000001,78.4,8.64e-07,metal1,metal1
123.11,89.6,5.345e-12,metal1,metal1
123.0025,126.0,7.632e-08,metal1,metal1
127.91375000000001,58.8,4.029e-13,metal1,metal1
123.0275,123.2,1.41e-07,metal1,metal1
123.015,84.0,9.142e-11,metal1,metal1
123.015,100.8,4.113e-08,metal1,metal1
122.985,117.55,2.676e-09,metal1,metal1
123.02,117.61875,5.214e-10,metal1,metal1
123.03,70.0,9.542e-10,metal1,metal1
123.03999999999999,72.8,5.792e-07,metal1,metal1
123.295,84.0,5.985e-10,metal1,metal1
123.19999999999999,100.8,1.934e-06,metal1,metal1
123.055,117.66874999999999,5.214e-10,metal1,metal1
123.275,117.6,5.214e-10,metal1,metal1
123.3925,70.0,9.542e-10,metal1,metal1
123.42,72.8,6.967e-10,metal1,metal1
123.63374999999999,123.2,1.41e-07,metal1,metal1
123.17750000000001,103.6,3.526e-12,metal1,metal1
123.14750000000001,125.91499999999999,4.848e-08,metal1,metal1
123.195,86.8,2.487e-09,metal1,metal1
123.205,75.6,8.178e-11,metal1,metal1
123.205,78.4,1.564e-06,metal1,metal1
123.205,95.2,8.338e-11,metal1,metal1
123.17500000000001,97.95,7.318e-10,metal1,metal1
123.205,114.8,2.859e-06,metal1,metal1
123.21000000000001,98.035,3.968e-10,metal1,metal1
123.215,125.98375,5.17e-09,metal1,metal1
123.2875,86.8,5.683e-09,metal1,metal1
123.49,75.6,2.35e-09,metal1,metal1
123.305,78.4,1.564e-06,metal1,metal1
123.49,95.2,2.388e-09,metal1,metal1
123.245,98.08500000000001,3.968e-10,metal1,metal1
123.69874999999999,114.8,2.859e-06,metal1,metal1
123.5575,103.6,3.526e-12,metal1,metal1
123.25,126.06875,5.17e-09,metal1,metal1
123.4,98.0,3.968e-10,metal1,metal1
123.4625,126.0,5.17e-09,metal1,metal1
124.37,53.2,1.163e-07,metal1,metal1
123.38,86.8,1.678e-06,metal1,metal1
123.38,89.6,5.6e-09,metal1,metal1
123.38499999999999,100.8,3.134e-08,metal1,metal1
123.405,78.4,1.904e-06,metal1,metal1
123.405,120.4,1.071e-07,metal1,metal1
123.42,67.2,4.111e-06,metal1,metal1
123.42,112.0,3.331e-06,metal1,metal1
124.3525,86.8,1.678e-06,metal1,metal1
123.4725,89.6,5.6e-09,metal1,metal1
123.6675,100.8,1.673e-09,metal1,metal1
123.495,78.4,1.904e-06,metal1,metal1
123.5,120.4,1.071e-07,metal1,metal1
124.07499999999999,67.2,4.111e-06,metal1,metal1
123.5975,112.0,3.331e-06,metal1,metal1
123.5575,117.6,1.294e-10,metal1,metal1
123.9,134.4,9.368e-08,metal1,metal1
123.5975,89.6,2.011e-06,metal1,metal1
123.545,83.91499999999999,5.985e-10,metal1,metal1
123.58500000000001,78.4,2.582e-08,metal1,metal1
123.58,83.965,1.447e-09,metal1,metal1
123.58500000000001,98.0,1.857e-10,metal1,metal1
123.595,120.4,5.555e-08,metal1,metal1
123.61500000000001,84.05,1.447e-09,metal1,metal1
123.87,78.4,3.723e-09,metal1,metal1
123.78,84.0,1.447e-09,metal1,metal1
123.67500000000001,98.0,1.333e-08,metal1,metal1
123.9375,117.6,1.294e-10,metal1,metal1
123.75,120.4,5.555e-08,metal1,metal1
123.80000000000001,89.6,2.011e-06,metal1,metal1
123.705,126.0,2.057e-09,metal1,metal1
124.10125,109.2,2.486e-06,metal1,metal1
123.7875,70.0,1.456e-06,metal1,metal1
123.765,98.0,2.459e-10,metal1,metal1
123.775,75.6,2.632e-06,metal1,metal1
123.775,95.2,2.674e-06,metal1,metal1
123.775,112.0,4.344e-09,metal1,metal1
123.82499999999999,126.0,1.097e-07,metal1,metal1
123.78,106.4,4.478e-08,metal1,metal1
123.8,64.4,5.029e-06,metal1,metal1
123.8,72.8,4.967e-07,metal1,metal1
123.8,92.4,9.031e-07,metal1,metal1
123.96000000000001,98.0,1.05e-11,metal1,metal1
123.965,75.6,2.632e-06,metal1,metal1
124.18,95.2,2.674e-06,metal1,metal1
123.965,112.0,4.344e-09,metal1,metal1
123.9675,106.4,3.583e-09,metal1,metal1
123.8825,64.4,5.029e-06,metal1,metal1
123.9725,72.8,4.967e-07,metal1,metal1
124.18,92.4,1.103e-09,metal1,metal1
124.38,70.0,1.226e-09,metal1,metal1
123.9125,103.515,5.09e-09,metal1,metal1
123.9375,120.4,1.17e-07,metal1,metal1
123.97749999999999,126.0,3.492e-08,metal1,metal1
123.95,100.8,1.823e-06,metal1,metal1
123.965,64.4,6.558e-09,metal1,metal1
123.935,81.25,2.5e-06,metal1,metal1
123.97,89.6,3.719e-08,metal1,metal1
123.97,81.18125,1.044e-10,metal1,metal1
123.975,84.0,4.439e-09,metal1,metal1
123.97999999999999,103.58375000000001,1.018e-12,metal1,metal1
124.16,100.8,4.5e-09,metal1,metal1
124.155,64.4,6.558e-09,metal1,metal1
124.005,81.13125,1.044e-10,metal1,metal1
124.1575,89.6,2.895e-09,metal1,metal1
124.015,103.66874999999999,1.018e-12,metal1,metal1
124.0325,120.4,1.17e-07,metal1,metal1
124.16,81.2,1.044e-10,metal1,metal1
124.225,84.0,4.439e-09,metal1,metal1
124.18,103.6,5.072e-11,metal1,metal1
124.28999999999999,126.0,3.492e-08,metal1,metal1
124.1275,120.4,2.925e-08,metal1,metal1
124.14500000000001,72.8,1.716e-08,metal1,metal1
124.155,75.6,1.5e-08,metal1,metal1
124.155,78.4,4.143e-06,metal1,metal1
124.155,98.0,3.296e-06,metal1,metal1
124.155,106.4,2.405e-06,metal1,metal1
124.155,112.0,9.675e-11,metal1,metal1
124.61625000000001,114.8,2.859e-06,metal1,metal1
124.71125,123.2,1.41e-07,metal1,metal1
124.23750000000001,72.8,4.328e-07,metal1,metal1
124.245,75.6,1.5e-08,metal1,metal1
124.74000000000001,78.4,4.143e-06,metal1,metal1
124.25,98.0,3.296e-06,metal1,metal1
124.555,106.4,2.405e-06,metal1,metal1
124.44,112.0,2.805e-09,metal1,metal1
124.4125,120.4,2.925e-08,metal1,metal1
124.3175,117.6,2.013e-07,metal1,metal1
124.33,72.8,1.518e-08,metal1,metal1
124.33,134.4,5.643e-14,metal1,metal1
124.33500000000001,75.6,5.928e-08,metal1,metal1
124.345,64.4,1.472e-10,metal1,metal1
124.345,81.2,2.313e-09,metal1,metal1
124.345,89.6,1.942e-06,metal1,metal1
124.345,98.0,4.298e-09,metal1,metal1
124.37,100.8,1.707e-06,metal1,metal1
124.37,103.6,3.525e-08,metal1,metal1
124.815,72.8,2.936e-07,metal1,metal1
129.00875,134.4,5.498e-14,metal1,metal1
124.6275,75.6,2.315e-06,metal1,metal1
124.63,64.4,4.317e-09,metal1,metal1
124.41,81.2,2.313e-09,metal1,metal1
124.63749999999999,89.6,1.942e-06,metal1,metal1
124.535,98.0,4.298e-09,metal1,metal1
124.445,117.6,2.013e-07,metal1,metal1
124.4525,100.8,1.707e-06,metal1,metal1
124.4175,103.6,3.525e-08,metal1,metal1
124.465,103.6,6.938e-10,metal1,metal1
124.5075,81.2,4.9e-10,metal1,metal1
124.5075,84.0,5.272e-08,metal1,metal1
124.535,100.8,5.694e-09,metal1,metal1
124.89750000000001,103.6,3.895e-13,metal1,metal1
124.53999999999999,117.6,1.289e-07,metal1,metal1
124.55,109.2,4.595e-08,metal1,metal1
124.56,92.4,7.996e-07,metal1,metal1
124.57,126.0,4.877e-11,metal1,metal1
124.92,95.2,2.674e-06,metal1,metal1
124.6225,100.8,5.694e-09,metal1,metal1
124.72749999999999,81.2,4.9e-10,metal1,metal1
124.72749999999999,84.0,5.272e-08,metal1,metal1
124.6925,117.6,1.289e-07,metal1,metal1
124.8325,109.2,2.179e-09,metal1,metal1
125.3325,92.4,7.996e-07,metal1,metal1
124.75,126.0,4.877e-11,metal1,metal1
124.69749999999999,120.4,1.48e-07,metal1,metal1
124.71000000000001,100.8,5.412e-11,metal1,metal1
124.725,98.0,9.559e-11,metal1,metal1
124.725,112.0,3.14e-06,metal1,metal1
124.72999999999999,67.2,7.602e-08,metal1,metal1
124.8125,100.8,5.412e-11,metal1,metal1
125.01,98.0,2.765e-09,metal1,metal1
125.17750000000001,112.0,3.14e-06,metal1,metal1
124.91749999999999,67.2,6.098e-09,metal1,metal1
124.79249999999999,120.4,1.48e-07,metal1,metal1
124.845,117.6,1.798e-08,metal1,metal1
124.88749999999999,120.4,5.305e-08,metal1,metal1
124.91499999999999,64.4,4.834e-06,metal1,metal1
124.91499999999999,81.2,6.555e-08,metal1,metal1
124.91499999999999,84.0,2.745e-10,metal1,metal1
124.91499999999999,100.8,3.403e-10,metal1,metal1
124.9675,117.6,1.043e-06,metal1,metal1
124.92,75.6,1.31e-08,metal1,metal1
124.93,89.6,3.59e-08,metal1,metal1
124.93,126.0,2.972e-14,metal1,metal1
124.94,70.0,1.425e-06,metal1,metal1
125.285,106.4,2.405e-06,metal1,metal1
125.48750000000001,64.4,4.834e-06,metal1,metal1
125.00999999999999,81.2,6.555e-08,metal1,metal1
125.075,84.0,7.935e-08,metal1,metal1
125.0025,100.8,2.192e-10,metal1,metal1
125.02,75.6,1.31e-08,metal1,metal1
125.07249999999999,120.4,5.305e-08,metal1,metal1
125.2125,89.6,1.723e-09,metal1,metal1
125.2925,126.0,3.23e-14,metal1,metal1
125.11,70.0,1.425e-06,metal1,metal1
125.09,100.8,1.883e-09,metal1,metal1
125.09,117.6,2.193e-08,metal1,metal1
125.10499999999999,67.2,4.093e-06,metal1,metal1
125.10499999999999,81.2,1.031e-07,metal1,metal1
125.11,114.8,5.287e-08,metal1,metal1
125.11500000000001,109.2,2.37e-06,metal1,metal1
125.12,75.6,7.321e-09,metal1,metal1
125.2875,100.8,1.883e-09,metal1,metal1
125.28,117.6,1.348e-09,metal1,metal1
125.195,67.2,4.093e-06,metal1,metal1
125.17,81.2,1.031e-07,metal1,metal1
125.2975,114.8,4.235e-09,metal1,metal1
125.305,109.2,2.37e-06,metal1,metal1
125.20750000000001,75.6,7.321e-09,metal1,metal1
125.225,120.4,1.393e-09,metal1,metal1
125.2675,81.2,5.969e-08,metal1,metal1
125.2675,84.0,7.538e-11,metal1,metal1
125.28,70.0,5.646e-08,metal1,metal1
125.285,67.2,9.814e-08,metal1,metal1
125.285,123.2,4.099e-09,metal1,metal1
125.295,75.6,8.112e-08,metal1,metal1
125.295,98.0,3.096e-06,metal1,metal1
125.32,120.4,1.238e-07,metal1,metal1
125.3,72.8,1.049e-08,metal1,metal1
125.325,78.4,7.391e-09,metal1,metal1
126.2275,86.8,1.678e-06,metal1,metal1
125.325,95.2,4.329e-08,metal1,metal1
125.33,103.6,1.173e-12,metal1,metal1
127.38875,44.8,3.528e-08,metal1,metal1
125.725,70.0,1.278e-06,metal1,metal1
126.495,67.2,3.896e-06,metal1,metal1
127.15875,123.2,8.093e-08,metal1,metal1
125.49000000000001,75.6,3.242e-09,metal1,metal1
125.78875,98.0,3.096e-06,metal1,metal1
125.78875,72.8,2.743e-07,metal1,metal1
125.3925,81.2,5.969e-08,metal1,metal1
125.5475,84.0,7.538e-11,metal1,metal1
125.5025,78.4,7.391e-09,metal1,metal1
125.60249999999999,95.2,3.455e-10,metal1,metal1
125.50999999999999,103.6,1.177e-12,metal1,metal1
125.41499999999999,120.4,1.952e-09,metal1,metal1
125.47,117.6,9.588e-07,metal1,metal1
125.475,53.2,1.882e-09,metal1,metal1
125.485,81.2,2.657e-10,metal1,metal1
125.485,100.8,1.525e-06,metal1,metal1
125.485,114.8,2.843e-06,metal1,metal1
125.7525,120.4,2.463e-08,metal1,metal1
125.495,89.6,1.875e-06,metal1,metal1
125.495,109.2,2.316e-09,metal1,metal1
125.59,117.6,9.588e-07,metal1,metal1
125.7575,53.2,1.698e-12,metal1,metal1
125.64,81.2,4.006e-08,metal1,metal1
125.5825,100.8,1.525e-06,metal1,metal1
126.40875,114.8,2.843e-06,metal1,metal1
126.17,89.6,1.875e-06,metal1,metal1
125.745,109.2,2.316e-09,metal1,metal1
126.0125,112.0,3.14e-06,metal1,metal1
125.6875,126.0,8.388e-14,metal1,metal1
125.68,78.4,5.513e-09,metal1,metal1
125.68,100.8,5.337e-08,metal1,metal1
125.685,75.6,2.244e-06,metal1,metal1
125.685,106.4,2.352e-09,metal1,metal1
125.69,103.6,8.425e-10,metal1,metal1
125.71000000000001,117.6,1.562e-08,metal1,metal1
125.785,78.4,5.513e-09,metal1,metal1
126.4125,100.8,1.365e-06,metal1,metal1
125.8725,75.6,2.244e-06,metal1,metal1
125.935,106.4,2.352e-09,metal1,metal1
126.0525,103.6,8.425e-10,metal1,metal1
125.7825,117.6,1.562e-08,metal1,metal1
130.05124999999998,126.0,8.413e-14,metal1,metal1
125.795,81.2,2.115e-10,metal1,metal1
125.78999999999999,84.09375,6.268e-12,metal1,metal1
125.82499999999999,84.00874999999999,6.268e-12,metal1,metal1
125.85499999999999,117.6,1.181e-08,metal1,metal1
125.925,81.2,5.08e-08,metal1,metal1
125.86,83.91499999999999,8.582e-11,metal1,metal1
125.85,95.11500000000001,3.455e-10,metal1,metal1
125.89,78.4,4.029e-06,metal1,metal1
125.885,95.18375,3.577e-10,metal1,metal1
126.2575,84.0,1.126e-10,metal1,metal1
125.9625,117.6,1.181e-08,metal1,metal1
125.92,95.26875000000001,3.577e-10,metal1,metal1
126.155,78.4,4.029e-06,metal1,metal1
126.16749999999999,95.2,2.252e-09,metal1,metal1
126.0275,109.2,1.486e-12,metal1,metal1
126.03999999999999,53.2,5.572e-14,metal1,metal1
126.055,81.2,1.084e-07,metal1,metal1
126.06,64.4,4.504e-06,metal1,metal1
126.06,75.6,4.15e-08,metal1,metal1
126.07,117.6,7.503e-08,metal1,metal1
126.09,120.4,9.919e-08,metal1,metal1
126.8075,92.4,7.996e-07,metal1,metal1
130.29125,53.2,5.465e-14,metal1,metal1
126.14500000000001,81.2,1.084e-07,metal1,metal1
126.14750000000001,64.4,4.504e-06,metal1,metal1
126.2475,75.6,3.245e-09,metal1,metal1
126.4075,109.2,1.485e-12,metal1,metal1
126.245,117.6,1.113e-10,metal1,metal1
126.185,120.4,9.919e-08,metal1,metal1
126.545,70.0,1.278e-06,metal1,metal1
126.2175,106.4,1.508e-12,metal1,metal1
126.235,64.4,1.707e-08,metal1,metal1
126.235,81.2,6.971e-10,metal1,metal1
126.69625,72.8,2.743e-07,metal1,metal1
126.28,120.4,1.142e-07,metal1,metal1
126.70625000000001,98.0,3.096e-06,metal1,metal1
126.4225,64.4,1.707e-08,metal1,metal1
126.44749999999999,81.2,7.061e-08,metal1,metal1
126.5975,106.4,1.509e-12,metal1,metal1
126.36500000000001,120.4,1.142e-07,metal1,metal1
126.44749999999999,103.6,1.286e-06,metal1,metal1
126.42,78.4,8.494e-08,metal1,metal1
126.42,117.6,5.142e-09,metal1,metal1
126.435,75.6,2.177e-06,metal1,metal1
126.445,95.2,2.445e-06,metal1,metal1
126.45,120.4,1.009e-07,metal1,metal1
126.465,112.0,5.085e-08,metal1,metal1
126.61,78.4,3.068e-09,metal1,metal1
126.6075,117.6,5.142e-09,metal1,metal1
126.525,75.6,2.177e-06,metal1,metal1
126.92750000000001,95.2,2.393e-09,metal1,metal1
126.545,120.4,1.009e-07,metal1,metal1
126.7375,112.0,7.193e-10,metal1,metal1
127.1175,103.6,1.286e-06,metal1,metal1
128.35375,61.6,9.488e-08,metal1,metal1
126.61,64.4,1.756e-07,metal1,metal1
126.61500000000001,75.6,3.527e-08,metal1,metal1
126.64,120.4,3.016e-08,metal1,metal1
126.66,81.2,9.758e-11,metal1,metal1
126.66,84.0,3.049e-12,metal1,metal1
126.705,64.4,1.49e-08,metal1,metal1
126.89750000000001,75.6,1.891e-09,metal1,metal1
126.9075,120.4,3.016e-08,metal1,metal1
126.84,81.2,9.758e-11,metal1,metal1
126.84,84.0,3.047e-12,metal1,metal1
126.7875,109.2,4.415e-15,metal1,metal1
126.8275,117.6,8.239e-07,metal1,metal1
126.8,64.4,2.05e-08,metal1,metal1
126.8,78.4,2.047e-06,metal1,metal1
126.845,89.6,3.003e-08,metal1,metal1
126.895,64.4,2.05e-08,metal1,metal1
127.0975,78.4,8.547e-10,metal1,metal1
127.0675,109.2,3.038e-15,metal1,metal1
127.2225,89.6,1.098e-09,metal1,metal1
127.115,117.6,8.239e-07,metal1,metal1
126.97749999999999,106.4,1.333e-12,metal1,metal1
126.99000000000001,64.4,2.563e-06,metal1,metal1
126.99000000000001,70.0,5.076e-08,metal1,metal1
126.985,112.08500000000001,7.193e-10,metal1,metal1
127.02000000000001,81.2,7.457e-10,metal1,metal1
127.02000000000001,84.0,2.294e-09,metal1,metal1
127.02000000000001,112.01625,6.145e-10,metal1,metal1
127.2875,64.4,2.563e-06,metal1,metal1
127.825,70.0,1.152e-06,metal1,metal1
127.2575,106.4,1.332e-12,metal1,metal1
127.055,111.93125,6.145e-10,metal1,metal1
127.3825,81.2,7.457e-10,metal1,metal1
127.3825,84.0,2.294e-09,metal1,metal1
127.2075,112.0,4.649e-09,metal1,metal1
127.8075,100.8,1.365e-06,metal1,metal1
127.20750000000001,120.4,1.495e-07,metal1,metal1
127.18,75.6,2.061e-06,metal1,metal1
127.185,72.8,5.072e-09,metal1,metal1
127.17750000000001,86.88499999999999,1.678e-06,metal1,metal1
127.2,98.0,5.725e-08,metal1,metal1
127.2125,86.81625,9.169e-11,metal1,metal1
127.4675,75.6,2.061e-06,metal1,metal1
127.3725,72.8,3.845e-10,metal1,metal1
127.2475,86.73124999999999,9.169e-11,metal1,metal1
127.3875,98.0,4.498e-09,metal1,metal1
127.4,86.8,6.574e-10,metal1,metal1
127.30250000000001,120.4,1.495e-07,metal1,metal1
127.315,109.2,1.697e-12,metal1,metal1
128.18625,114.8,2.843e-06,metal1,metal1
127.39750000000001,120.4,2.914e-07,metal1,metal1
127.37,117.6,1.334e-08,metal1,metal1
127.7475,109.2,8.636e-11,metal1,metal1
127.38499999999999,112.0,2.97e-06,metal1,metal1
127.3675,78.46875,8.547e-10,metal1,metal1
127.4025,78.36625,2.68e-10,metal1,metal1
127.41,95.2,2.346e-06,metal1,metal1
127.56,117.6,2.631e-10,metal1,metal1
127.485,112.0,2.97e-06,metal1,metal1
127.4375,78.2975,2.68e-10,metal1,metal1
127.5075,78.4,2.68e-10,metal1,metal1
127.5925,95.2,2.346e-06,metal1,metal1
127.685,120.4,2.914e-07,metal1,metal1
127.505,106.4,1.401e-09,metal1,metal1
127.56,72.8,2.578e-07,metal1,metal1
127.575,86.8,5.225e-09,metal1,metal1
127.575,98.0,3.019e-06,metal1,metal1
127.8175,106.4,7.119e-08,metal1,metal1
127.58,92.4,1.478e-08,metal1,metal1
127.58500000000001,64.4,2.506e-09,metal1,metal1
127.58500000000001,112.0,4.09e-08,metal1,metal1
127.6,89.6,1.654e-06,metal1,metal1
127.60499999999999,78.4,1.495e-10,metal1,metal1
128.195,72.8,2.578e-07,metal1,metal1
127.6825,86.8,5.225e-09,metal1,metal1
128.82875,98.0,3.019e-06,metal1,metal1
127.7675,92.4,1.082e-09,metal1,metal1
127.83500000000001,64.4,2.506e-09,metal1,metal1
127.67,112.0,4.09e-08,metal1,metal1
128.04500000000002,89.6,1.654e-06,metal1,metal1
127.75,78.4,1.495e-10,metal1,metal1
128.845,67.2,3.896e-06,metal1,metal1
127.7775,81.2,1.138e-06,metal1,metal1
127.7775,84.0,3.5e-06,metal1,metal1
127.72749999999999,117.52125,2.631e-10,metal1,metal1
127.755,75.6,7.588e-08,metal1,metal1
127.755,103.6,8.475e-09,metal1,metal1
127.755,112.0,1.34e-08,metal1,metal1
127.775,95.2,2.294e-09,metal1,metal1
127.76249999999999,117.59,1.442e-10,metal1,metal1
127.78999999999999,86.8,1.564e-06,metal1,metal1
127.7975,117.66874999999999,1.442e-10,metal1,metal1
128.2475,75.6,1.959e-09,metal1,metal1
127.8475,103.6,8.475e-09,metal1,metal1
127.92000000000002,112.0,1.34e-08,metal1,metal1
128.025,95.2,2.294e-09,metal1,metal1
128.025,117.6,1.442e-10,metal1,metal1
128.0625,86.8,1.564e-06,metal1,metal1
128.38875000000002,81.2,1.138e-06,metal1,metal1
127.99249999999999,84.0,3.5e-06,metal1,metal1
127.92750000000001,78.4,1.918e-10,metal1,metal1
127.94,103.6,1.978e-09,metal1,metal1
127.94,120.4,2.024e-07,metal1,metal1
127.955,92.4,7.254e-07,metal1,metal1
131.34875,137.2,7.581e-08,metal1,metal1
128.58499999999998,103.6,1.15e-06,metal1,metal1
128.41750000000002,120.4,2.024e-07,metal1,metal1
128.145,92.4,7.254e-07,metal1,metal1
128.065,78.4,1.918e-10,metal1,metal1
128.1175,64.4,7.908e-11,metal1,metal1
128.1175,112.0,5.36e-08,metal1,metal1
128.13,106.4,2.045e-07,metal1,metal1
128.17000000000002,78.4,8.088e-09,metal1,metal1
128.175,84.0,5.671e-08,metal1,metal1
128.18,109.2,1.536e-07,metal1,metal1
128.25,106.4,2.045e-07,metal1,metal1
128.4975,64.4,7.908e-11,metal1,metal1
128.235,112.0,2.019e-10,metal1,metal1
128.3425,78.4,8.088e-09,metal1,metal1
128.4575,84.0,3.128e-09,metal1,metal1
128.25,109.2,8.012e-10,metal1,metal1
128.3075,95.2,1.471e-12,metal1,metal1
128.3075,117.6,2.306e-10,metal1,metal1
128.32,109.2,2.667e-08,metal1,metal1
128.32,112.0,8.076e-09,metal1,metal1
128.335,86.8,3.123e-08,metal1,metal1
128.335,92.4,1.402e-08,metal1,metal1
128.37,106.4,2.797e-10,metal1,metal1
128.43,109.2,2.667e-08,metal1,metal1
128.58249999999998,112.0,8.076e-09,metal1,metal1
129.01375000000002,86.8,1.466e-06,metal1,metal1
129.0125,92.4,6.35e-07,metal1,metal1
128.6875,95.2,1.471e-12,metal1,metal1
128.54250000000002,117.6,2.306e-10,metal1,metal1
128.55,106.4,2.797e-10,metal1,metal1
128.865,89.6,1.654e-06,metal1,metal1
128.515,78.4,2.566e-08,metal1,metal1
128.54,100.8,2.742e-08,metal1,metal1
128.54,109.2,3.487e-08,metal1,metal1
128.585,78.4,2.566e-08,metal1,metal1
128.735,100.8,1.718e-10,metal1,metal1
128.63,109.2,3.487e-08,metal1,metal1
128.6875,78.4,5.495e-08,metal1,metal1
129.425,70.0,1.152e-06,metal1,metal1
128.72,109.2,6.43e-10,metal1,metal1
128.73,106.4,4.305e-09,metal1,metal1
128.74,75.6,1.963e-06,metal1,metal1
128.74,84.0,3.411e-06,metal1,metal1
128.745,117.6,1.893e-10,metal1,metal1
128.89999999999998,78.4,4.244e-11,metal1,metal1
128.9075,109.2,4.934e-11,metal1,metal1
128.825,106.4,4.305e-09,metal1,metal1
128.825,75.6,1.963e-06,metal1,metal1
129.31,84.0,3.411e-06,metal1,metal1
128.89,117.6,1.893e-10,metal1,metal1
129.39499999999998,72.8,2.578e-07,metal1,metal1
128.8775,64.4,1.208e-07,metal1,metal1
128.8775,112.0,2.654e-10,metal1,metal1
128.895,120.4,2.791e-10,metal1,metal1
128.91,75.6,3.63e-08,metal1,metal1
128.92000000000002,106.4,7.939e-11,metal1,metal1
128.93,100.8,3.328e-09,metal1,metal1
129.0825,120.4,2.791e-10,metal1,metal1
129.47625,81.2,1.138e-06,metal1,metal1
129.1025,64.4,1.208e-07,metal1,metal1
129.0975,75.6,2.776e-09,metal1,metal1
129.09,112.0,2.654e-10,metal1,metal1
129.1875,106.4,5.067e-12,metal1,metal1
129.01749999999998,100.8,3.328e-09,metal1,metal1
130.83625,123.2,8.093e-08,metal1,metal1
129.0675,95.2,2.207e-15,metal1,metal1
129.0675,117.6,2.52e-10,metal1,metal1
129.07999999999998,78.4,2.735e-08,metal1,metal1
129.095,109.2,3.438e-08,metal1,metal1
129.105,100.8,1.152e-06,metal1,metal1
129.07999999999998,114.715,8.67e-10,metal1,metal1
129.115,114.8175,2.716e-10,metal1,metal1
129.1475,78.4,2.735e-08,metal1,metal1
129.18,109.2,3.438e-08,metal1,metal1
129.3475,95.2,1.402e-15,metal1,metal1
129.20499999999998,117.6,2.52e-10,metal1,metal1
129.545,100.8,1.152e-06,metal1,metal1
129.15,114.9025,2.716e-10,metal1,metal1
129.39749999999998,114.8,2.436e-09,metal1,metal1
129.215,78.4,5.362e-10,metal1,metal1
129.805,103.6,1.15e-06,metal1,metal1
129.2975,109.2,1.208e-06,metal1,metal1
129.27,112.0,1.067e-09,metal1,metal1
129.27,120.4,1.214e-09,metal1,metal1
129.285,75.6,1.862e-06,metal1,metal1
129.5375,78.4,1.039e-10,metal1,metal1
129.29500000000002,64.4,6.482e-07,metal1,metal1
129.31,89.6,1.55e-06,metal1,metal1
129.31,117.6,3.87e-10,metal1,metal1
129.3375,112.0,1.067e-09,metal1,metal1
129.71625,120.4,5.781e-08,metal1,metal1
129.48,75.6,1.862e-06,metal1,metal1
129.35000000000002,64.4,6.482e-07,metal1,metal1
129.95749999999998,89.6,1.55e-06,metal1,metal1
129.4525,117.6,3.87e-10,metal1,metal1
129.6875,109.2,1.016e-09,metal1,metal1
129.405,64.4,1.007e-08,metal1,metal1
129.405,112.0,2.05e-09,metal1,metal1
129.435,106.485,5.067e-12,metal1,metal1
129.6,64.4,1.366e-07,metal1,metal1
129.8375,112.0,5.503e-11,metal1,metal1
129.485,106.57,1.388e-06,metal1,metal1
129.5,44.8,5.712e-10,metal1,metal1
129.53750000000002,106.485,1.388e-06,metal1,metal1
129.69,44.8,8.219e-13,metal1,metal1
129.60750000000002,106.4,1.388e-06,metal1,metal1
129.595,95.2,0.0,metal1,metal1
129.595,117.6,7.62e-12,metal1,metal1
130.0275,95.2,7.497e-16,metal1,metal1
130.0275,117.6,4.248e-15,metal1,metal1
129.675,75.6,1.82e-09,metal1,metal1
129.675,114.8,2.645e-06,metal1,metal1
129.69,92.4,5.185e-07,metal1,metal1
130.30124999999998,86.8,1.466e-06,metal1,metal1
129.695,106.4,1.496e-07,metal1,metal1
129.925,75.6,1.82e-09,metal1,metal1
130.1575,114.8,2.626e-09,metal1,metal1
130.26749999999998,92.4,5.185e-07,metal1,metal1
129.76999999999998,106.4,1.496e-07,metal1,metal1
129.8275,64.4,1.06e-07,metal1,metal1
129.845,106.4,5.671e-07,metal1,metal1
129.86,78.4,1.723e-10,metal1,metal1
129.88,44.8,2.554e-14,metal1,metal1
129.88,84.0,3.321e-06,metal1,metal1
130.0525,106.4,3.334e-12,metal1,metal1
130.065,64.4,1.06e-07,metal1,metal1
129.97,78.4,1.723e-10,metal1,metal1
133.17125,44.8,2.273e-14,metal1,metal1
129.97,84.0,3.321e-06,metal1,metal1
130.355,100.8,1.152e-06,metal1,metal1
130.03,72.8,4.179e-09,metal1,metal1
130.02249999999998,109.22749999999999,1.016e-09,metal1,metal1
130.055,67.2,3.808e-09,metal1,metal1
130.055,81.2,1.112e-09,metal1,metal1
130.06,84.0,7.655e-08,metal1,metal1
130.0575,109.125,3.929e-10,metal1,metal1
130.07999999999998,78.4,2.597e-10,metal1,metal1
131.26625,98.0,3.019e-06,metal1,metal1
130.22,72.8,3.369e-10,metal1,metal1
130.0925,109.0975,3.929e-10,metal1,metal1
130.305,67.2,3.808e-09,metal1,metal1
130.305,81.2,1.112e-09,metal1,metal1
130.3425,84.0,2.987e-10,metal1,metal1
130.45749999999998,109.2,9.796e-07,metal1,metal1
130.1575,78.4,2.597e-10,metal1,metal1
130.53875,120.4,5.781e-08,metal1,metal1
130.20749999999998,75.6,1.166e-12,metal1,metal1
130.225,61.6,1.754e-09,metal1,metal1
130.235,78.4,3.758e-10,metal1,metal1
130.26,70.0,1.12e-06,metal1,metal1
130.26,106.4,5.696e-07,metal1,metal1
130.27,64.4,1.785e-07,metal1,metal1
130.27,112.0,5.324e-09,metal1,metal1
130.4125,61.6,1.136e-10,metal1,metal1
130.3375,78.4,3.758e-10,metal1,metal1
130.5875,75.6,1.168e-12,metal1,metal1
130.69625,70.0,1.12e-06,metal1,metal1
130.33499999999998,106.4,9.611e-09,metal1,metal1
130.41250000000002,64.4,1.785e-07,metal1,metal1
130.35000000000002,112.0,5.324e-09,metal1,metal1
130.41,72.8,2.299e-07,metal1,metal1
130.41,106.4,1.168e-06,metal1,metal1
130.43,112.0,4.081e-09,metal1,metal1
130.44,78.4,5.048e-10,metal1,metal1
130.45,103.6,1.068e-06,metal1,metal1
130.46,95.2,1.45e-12,metal1,metal1
130.46,117.6,3.381e-15,metal1,metal1
131.33125,72.8,2.299e-07,metal1,metal1
130.60750000000002,106.4,1.168e-06,metal1,metal1
130.53,112.0,4.081e-09,metal1,metal1
130.8025,78.4,5.048e-10,metal1,metal1
130.6325,103.6,1.068e-06,metal1,metal1
130.64,95.2,1.451e-12,metal1,metal1
130.64,117.6,0.0,metal1,metal1
130.5575,64.315,1.134e-07,metal1,metal1
130.5875,67.2,2.442e-12,metal1,metal1
130.5875,81.2,7.133e-13,metal1,metal1
130.6,61.6,7.59e-08,metal1,metal1
130.605,89.6,5.701e-08,metal1,metal1
130.5975,83.91499999999999,2.987e-10,metal1,metal1
130.625,64.38374999999999,1.209e-08,metal1,metal1
130.63,112.0,2.317e-08,metal1,metal1
130.6325,84.0175,3.158e-06,metal1,metal1
130.64,114.8,2.614e-06,metal1,metal1
133.61,61.6,7.59e-08,metal1,metal1
131.245,89.6,1.537e-06,metal1,metal1
130.66,64.46875,1.209e-08,metal1,metal1
130.9675,67.2,2.442e-12,metal1,metal1
130.9675,81.2,7.133e-13,metal1,metal1
130.66750000000002,84.10249999999999,3.158e-06,metal1,metal1
130.8725,64.4,1.209e-08,metal1,metal1
130.9075,112.0,2.284e-11,metal1,metal1
131.02,84.0,4.023e-09,metal1,metal1
131.21,114.8,2.614e-06,metal1,metal1
130.79500000000002,100.8,4.232e-08,metal1,metal1
130.805,106.4,6.483e-09,metal1,metal1
130.815,103.6,1.057e-09,metal1,metal1
130.82,95.2,1.038e-09,metal1,metal1
130.82,117.6,3.715e-15,metal1,metal1
131.35250000000002,92.4,5.185e-07,metal1,metal1
131.1625,109.2,9.796e-07,metal1,metal1
131.0775,100.8,1.139e-06,metal1,metal1
130.89499999999998,106.4,6.483e-09,metal1,metal1
131.065,103.6,1.057e-09,metal1,metal1
131.1825,95.2,1.038e-09,metal1,metal1
131.1825,117.6,3.033e-16,metal1,metal1
130.9675,75.6,4.415e-15,metal1,metal1
130.965,86.73124999999999,1.635e-11,metal1,metal1
130.985,106.4,3.781e-08,metal1,metal1
130.985,120.4,1.068e-09,metal1,metal1
131.0,86.83375,1.634e-11,metal1,metal1
131.035,86.9025,6.59e-10,metal1,metal1
131.28,106.4,9.928e-07,metal1,metal1
134.0,120.4,5.655e-14,metal1,metal1
131.2475,75.6,4.675e-15,metal1,metal1
131.19,86.8,2.229e-09,metal1,metal1
131.115,64.4,4.813e-09,metal1,metal1
131.49875,70.0,1.12e-06,metal1,metal1
131.1975,78.4,7.706e-07,metal1,metal1
131.235,64.4,2.566e-07,metal1,metal1
131.185,112.0,1.636e-09,metal1,metal1
131.26999999999998,112.0,1.636e-09,metal1,metal1
131.80374999999998,78.4,7.706e-07,metal1,metal1
131.3475,67.2,0.0,metal1,metal1
131.3475,81.2,0.0,metal1,metal1
131.3475,103.6,1.375e-08,metal1,metal1
131.3875,64.4,8.169e-08,metal1,metal1
131.3875,112.0,1.89e-06,metal1,metal1
131.36,86.8,1.349e-06,metal1,metal1
131.36,100.8,4.555e-08,metal1,metal1
131.4,84.0,3.055e-06,metal1,metal1
131.7425,86.8,1.349e-06,metal1,metal1
131.85875,100.8,1.041e-06,metal1,metal1
131.6275,67.2,2.337e-15,metal1,metal1
131.6275,81.2,7.012e-16,metal1,metal1
131.675,103.6,3.382e-12,metal1,metal1
132.055,84.0,3.055e-06,metal1,metal1
131.7,64.4,8.169e-08,metal1,metal1
131.59,112.0,1.89e-06,metal1,metal1
131.495,75.6,3.485e-12,metal1,metal1
131.5775,95.2,1.584e-06,metal1,metal1
131.5775,117.6,3.973e-14,metal1,metal1
131.55,109.2,1.588e-08,metal1,metal1
131.81,75.6,1.769e-10,metal1,metal1
131.575,106.4,9.706e-10,metal1,metal1
131.74,109.2,1.397e-09,metal1,metal1
131.825,106.4,9.706e-10,metal1,metal1
131.6875,95.2,1.584e-06,metal1,metal1
134.46875,117.6,4.014e-14,metal1,metal1
136.90625,47.6,2.236e-08,metal1,metal1
131.76,112.0,1.123e-08,metal1,metal1
131.765,95.2,6.601e-09,metal1,metal1
131.78,114.8,2.513e-06,metal1,metal1
131.8575,112.0,1.123e-08,metal1,metal1
131.85000000000002,95.2,6.601e-09,metal1,metal1
132.14,114.8,2.513e-06,metal1,metal1
131.875,67.2,4.549e-15,metal1,metal1
131.875,81.2,4.549e-15,metal1,metal1
132.45499999999998,89.6,1.537e-06,metal1,metal1
137.20625,25.2,8.786e-09,metal1,metal1
136.64499999999998,56.0,1.069e-07,metal1,metal1
131.93,92.4,8.404e-09,metal1,metal1
131.93,109.2,9.549e-07,metal1,metal1
131.935,70.0,1.563e-09,metal1,metal1
131.935,95.2,1.134e-10,metal1,metal1
132.3075,67.2,1.499e-15,metal1,metal1
132.3075,81.2,1.249e-16,metal1,metal1
131.95499999999998,112.0,5.973e-09,metal1,metal1
131.97,103.6,1.768e-08,metal1,metal1
131.98,64.4,1.149e-10,metal1,metal1
132.12,92.4,7.221e-10,metal1,metal1
132.5025,109.2,9.549e-07,metal1,metal1
132.1225,70.0,1.563e-09,metal1,metal1
132.1,95.2,1.134e-10,metal1,metal1
132.04500000000002,112.0,5.973e-09,metal1,metal1
132.02249999999998,103.6,1.768e-08,metal1,metal1
132.16,64.4,1.149e-10,metal1,metal1
132.0775,103.515,2.51e-10,metal1,metal1
132.10750000000002,106.4,6.717e-11,metal1,metal1
137.495,2.8,1.148e-13,metal1,metal1
137.495,5.6,1.148e-13,metal1,metal1
137.495,8.4,1.148e-13,metal1,metal1
137.495,11.2,1.148e-13,metal1,metal1
137.495,14.0,1.148e-13,metal1,metal1
137.495,16.8,1.149e-13,metal1,metal1
137.495,19.6,1.149e-13,metal1,metal1
137.495,22.4,1.148e-13,metal1,metal1
137.495,28.0,1.148e-13,metal1,metal1
137.495,30.8,1.148e-13,metal1,metal1
137.495,33.6,1.148e-13,metal1,metal1
137.495,36.4,1.148e-13,metal1,metal1
137.495,39.2,1.148e-13,metal1,metal1
137.495,42.0,1.148e-13,metal1,metal1
137.495,50.4,1.148e-13,metal1,metal1
137.495,128.8,1.148e-13,metal1,metal1
137.495,131.6,1.148e-13,metal1,metal1
137.495,140.0,1.148e-13,metal1,metal1
137.495,142.8,1.017e-14,metal1,metal1
132.125,75.6,5.083e-10,metal1,metal1
132.125,86.8,4.86e-08,metal1,metal1
132.135,112.0,1.265e-08,metal1,metal1
132.145,103.6,2.062e-16,metal1,metal1
132.2425,75.6,5.083e-10,metal1,metal1
132.5325,86.8,1.283e-06,metal1,metal1
132.225,112.0,1.265e-08,metal1,metal1
132.18,103.685,3.437e-17,metal1,metal1
132.4875,106.4,6.717e-11,metal1,metal1
132.39249999999998,103.6,2.503e-10,metal1,metal1
133.10375,72.8,2.299e-07,metal1,metal1
132.2525,95.23750000000001,1.134e-10,metal1,metal1
132.31,70.0,2.039e-08,metal1,metal1
132.31,92.4,4.934e-07,metal1,metal1
132.31,95.275,1.022e-10,metal1,metal1
132.315,112.0,1.693e-10,metal1,metal1
132.34,64.4,6.043e-10,metal1,metal1
132.78625,100.8,1.041e-06,metal1,metal1
132.36,75.6,3.277e-09,metal1,metal1
132.88125,78.4,7.706e-07,metal1,metal1
132.75625,70.0,9.742e-07,metal1,metal1
132.97750000000002,92.4,4.934e-07,metal1,metal1
132.35500000000002,95.23750000000001,1.022e-10,metal1,metal1
132.385,112.0,1.693e-10,metal1,metal1
132.6775,95.2,1.868e-10,metal1,metal1
132.7025,64.4,6.043e-10,metal1,metal1
132.525,75.6,4.638e-11,metal1,metal1
132.4875,112.0,2.006e-10,metal1,metal1
132.5,114.8,5.294e-08,metal1,metal1
132.52,98.0,5.582e-08,metal1,metal1
132.69,114.8,5.226e-10,metal1,metal1
132.7075,98.0,4.375e-09,metal1,metal1
132.7975,112.0,2.006e-10,metal1,metal1
132.635,103.6,1.609e-09,metal1,metal1
132.67000000000002,75.66874999999999,4.638e-11,metal1,metal1
132.675,103.6,1.609e-09,metal1,metal1
132.71,84.0,5.65e-08,metal1,metal1
132.71,123.2,1.494e-09,metal1,metal1
132.715,103.6,7.044e-11,metal1,metal1
132.70499999999998,75.6,1.5e-10,metal1,metal1
132.74,67.2,2.765e-12,metal1,metal1
132.74,81.2,3.415e-13,metal1,metal1
132.74,75.53125,1.5e-10,metal1,metal1
132.8975,84.0,4.488e-09,metal1,metal1
132.8975,123.2,2.185e-12,metal1,metal1
133.10750000000002,103.6,7.045e-11,metal1,metal1
133.08249999999998,75.6,1.5e-10,metal1,metal1
132.92000000000002,67.2,2.764e-12,metal1,metal1
132.92000000000002,81.2,3.419e-13,metal1,metal1
132.8675,106.4,2.488e-10,metal1,metal1
132.88,114.8,3.103e-07,metal1,metal1
132.895,98.0,2.936e-06,metal1,metal1
133.2775,86.8,1.283e-06,metal1,metal1
133.5625,114.8,3.103e-07,metal1,metal1
137.93125,58.8,4.029e-13,metal1,metal1
132.98250000000002,98.0,2.936e-06,metal1,metal1
133.005,106.4,2.488e-10,metal1,metal1
133.0575,95.2,3.811e-08,metal1,metal1
133.0975,64.4,9.22e-07,metal1,metal1
133.07,98.0,6.187e-08,metal1,metal1
133.075,109.2,3.502e-08,metal1,metal1
133.075,112.0,1.462e-09,metal1,metal1
133.085,84.0,3.012e-06,metal1,metal1
133.085,123.2,8.089e-14,metal1,metal1
133.095,89.6,7.784e-08,metal1,metal1
133.1,67.2,1.978e-09,metal1,metal1
133.1,81.2,2.447e-10,metal1,metal1
133.11,106.4,3.917e-10,metal1,metal1
133.26,98.0,1.221e-09,metal1,metal1
133.52875,109.2,9.415e-07,metal1,metal1
133.145,112.0,1.462e-09,metal1,metal1
133.76875,84.0,3.012e-06,metal1,metal1
135.575,123.2,8.39e-14,metal1,metal1
133.2775,95.2,3.811e-08,metal1,metal1
133.19,89.6,7.784e-08,metal1,metal1
133.46249999999998,67.2,1.978e-09,metal1,metal1
133.46249999999998,81.2,2.447e-10,metal1,metal1
133.2525,106.4,3.917e-10,metal1,metal1
133.66125,64.4,9.22e-07,metal1,metal1
133.57875,70.0,9.742e-07,metal1,metal1
133.2475,112.0,9.14e-10,metal1,metal1
133.285,89.6,4.016e-08,metal1,metal1
133.285,100.8,1.017e-09,metal1,metal1
133.365,112.0,9.139e-10,metal1,metal1
133.44,89.6,4.016e-08,metal1,metal1
133.535,100.8,1.017e-09,metal1,metal1
133.395,106.4,7.711e-12,metal1,metal1
133.4775,75.6,9.84e-07,metal1,metal1
133.45,98.0,7.87e-07,metal1,metal1
133.45,112.0,2.437e-10,metal1,metal1
133.45499999999998,78.4,2.801e-08,metal1,metal1
133.465,95.2,1.617e-07,metal1,metal1
133.8275,106.4,4.248e-15,metal1,metal1
133.5,103.6,5.071e-14,metal1,metal1
133.6425,98.0,7.87e-07,metal1,metal1
133.6125,112.0,2.437e-10,metal1,metal1
134.14625,78.4,7.462e-07,metal1,metal1
133.525,95.2,1.617e-07,metal1,metal1
133.68,103.6,5.412e-14,metal1,metal1
134.1575,75.6,9.84e-07,metal1,metal1
133.585,95.2,1.796e-09,metal1,metal1
133.6275,89.6,8.459e-08,metal1,metal1
133.645,92.4,1.676e-08,metal1,metal1
133.715,95.2,7.044e-08,metal1,metal1
133.685,86.8,1.533e-07,metal1,metal1
138.29625,134.4,5.495e-14,metal1,metal1
134.0225,92.4,4.145e-07,metal1,metal1
133.7225,89.6,8.459e-08,metal1,metal1
133.76999999999998,86.8,1.533e-07,metal1,metal1
133.775,112.0,2.982e-09,metal1,metal1
133.8175,89.6,2.115e-08,metal1,metal1
133.8175,100.8,6.524e-13,metal1,metal1
133.85750000000002,67.2,3.019e-06,metal1,metal1
133.85750000000002,81.2,3.734e-07,metal1,metal1
133.835,98.0,2.882e-08,metal1,metal1
133.845,95.2,9.532e-10,metal1,metal1
134.20749999999998,112.0,1.581e-12,metal1,metal1
133.855,86.8,6.961e-07,metal1,metal1
133.86,103.6,1.092e-10,metal1,metal1
134.71125,98.0,7.739e-07,metal1,metal1
134.13,95.2,5.335e-12,metal1,metal1
134.1025,89.6,2.115e-08,metal1,metal1
134.1975,100.8,6.526e-13,metal1,metal1
134.0525,86.8,5.325e-10,metal1,metal1
134.22250000000003,103.6,1.092e-10,metal1,metal1
134.0525,67.2,3.019e-06,metal1,metal1
134.145,81.2,3.734e-07,metal1,metal1
134.36624999999998,109.2,9.415e-07,metal1,metal1
134.025,70.0,1.359e-09,metal1,metal1
134.025,72.8,3.172e-10,metal1,metal1
134.2125,70.0,1.359e-09,metal1,metal1
134.2125,72.8,3.172e-10,metal1,metal1
134.65375,64.4,9.22e-07,metal1,metal1
134.215,67.2,4.22e-09,metal1,metal1
134.85750000000002,114.8,3.103e-07,metal1,metal1
134.25,86.8,3.082e-07,metal1,metal1
134.26,106.4,3.381e-15,metal1,metal1
134.4025,67.2,4.22e-09,metal1,metal1
134.3025,86.8,3.082e-07,metal1,metal1
134.44,106.4,3.425e-16,metal1,metal1
134.3875,86.8,1.982e-10,metal1,metal1
134.3875,89.6,1.07e-07,metal1,metal1
138.64375,126.0,8.413e-14,metal1,metal1
134.4,70.0,1.749e-08,metal1,metal1
134.4,72.8,1.496e-09,metal1,metal1
134.4,81.2,2.925e-07,metal1,metal1
134.4,92.4,1.63e-08,metal1,metal1
134.39749999999998,95.15,5.335e-12,metal1,metal1
134.4325,95.20875,1.272e-08,metal1,metal1
135.06625,84.0,3.012e-06,metal1,metal1
134.84625,70.0,8.358e-07,metal1,metal1
136.0325,72.8,7.127e-08,metal1,metal1
134.9725,81.2,2.925e-07,metal1,metal1
134.8775,92.4,3.659e-07,metal1,metal1
134.4675,95.25874999999999,6.511e-12,metal1,metal1
134.7675,86.8,1.982e-10,metal1,metal1
134.48250000000002,89.6,1.07e-07,metal1,metal1
134.63,95.2,6.511e-12,metal1,metal1
138.72375,53.2,5.465e-14,metal1,metal1
134.5775,89.6,3.835e-08,metal1,metal1
134.5775,100.8,0.0,metal1,metal1
134.6175,103.6,1.666e-07,metal1,metal1
134.59,67.2,6.024e-08,metal1,metal1
134.62,106.4,3.715e-15,metal1,metal1
134.64,112.0,1.69e-10,metal1,metal1
135.13125,67.2,2.879e-06,metal1,metal1
134.7625,89.6,3.835e-08,metal1,metal1
134.85750000000002,100.8,4.675e-16,metal1,metal1
134.98250000000002,106.4,1.517e-16,metal1,metal1
134.82,112.0,1.69e-10,metal1,metal1
136.31625,103.6,1.666e-07,metal1,metal1
134.78,137.2,1.129e-13,metal1,metal1
134.805,75.6,6.631e-10,metal1,metal1
134.81,95.2,1.788e-10,metal1,metal1
134.82,109.2,2.16e-08,metal1,metal1
135.45875,78.4,7.462e-07,metal1,metal1
136.84625,137.2,1.103e-13,metal1,metal1
135.055,75.6,6.631e-10,metal1,metal1
135.1725,95.2,1.788e-10,metal1,metal1
134.89749999999998,109.2,3.928e-07,metal1,metal1
134.915,89.6,1.007e-09,metal1,metal1
134.975,109.2,1.898e-07,metal1,metal1
135.01,89.6,8.952e-08,metal1,metal1
135.0,112.0,1.21e-07,metal1,metal1
135.08749999999998,109.2,1.898e-07,metal1,metal1
135.1875,112.0,1.21e-07,metal1,metal1
135.105,89.6,1.412e-09,metal1,metal1
135.105,100.8,4.549e-15,metal1,metal1
135.1475,86.8,8.541e-10,metal1,metal1
135.4425,89.6,1.781e-08,metal1,metal1
135.5375,100.8,1.249e-16,metal1,metal1
135.185,64.4,9.13e-10,metal1,metal1
135.2,109.2,3.237e-07,metal1,metal1
135.26749999999998,86.8,8.541e-10,metal1,metal1
135.435,64.4,9.13e-10,metal1,metal1
135.275,109.2,3.237e-07,metal1,metal1
135.66875,70.0,8.358e-07,metal1,metal1
135.29500000000002,75.5625,6.631e-10,metal1,metal1
135.3775,106.4,1.987e-14,metal1,metal1
135.35,109.2,2.261e-08,metal1,metal1
135.355,75.525,2.79e-11,metal1,metal1
135.355,86.8,4.739e-10,metal1,metal1
135.355,92.4,5.078e-10,metal1,metal1
135.375,112.0,1.299e-07,metal1,metal1
136.02749999999997,109.2,7.587e-07,metal1,metal1
135.39749999999998,75.5625,2.79e-11,metal1,metal1
135.515,86.8,4.739e-10,metal1,metal1
135.5425,92.4,5.078e-10,metal1,metal1
135.55,75.6,2.789e-11,metal1,metal1
135.55,112.0,1.299e-07,metal1,metal1
137.31875,106.4,1.813e-14,metal1,metal1
135.5675,95.2,2.728e-07,metal1,metal1
135.54,114.8,2.297e-07,metal1,metal1
135.54500000000002,81.2,4.052e-10,metal1,metal1
136.39375,98.0,7.739e-07,metal1,metal1
136.11,114.8,2.297e-07,metal1,metal1
135.73250000000002,81.2,4.052e-10,metal1,metal1
136.51,95.2,2.728e-07,metal1,metal1
136.14375,67.2,2.879e-06,metal1,metal1
135.6675,86.70625,1.279e-11,metal1,metal1
135.7175,64.4,1.201e-08,metal1,metal1
135.7575,112.0,6.608e-07,metal1,metal1
135.73,75.6,1.124e-10,metal1,metal1
135.7025,86.80875,1.279e-11,metal1,metal1
135.73,92.4,4.649e-09,metal1,metal1
135.7375,86.9025,1.016e-10,metal1,metal1
135.75,84.0,2.682e-06,metal1,metal1
135.78,89.6,7.171e-08,metal1,metal1
135.89749999999998,75.6,1.124e-10,metal1,metal1
136.135,86.8,1.741e-10,metal1,metal1
136.12875,92.4,2.22e-07,metal1,metal1
136.02499999999998,64.4,1.201e-08,metal1,metal1
135.8475,84.0,2.682e-06,metal1,metal1
135.875,89.6,7.171e-08,metal1,metal1
135.83249999999998,112.0,6.608e-07,metal1,metal1
135.9075,112.0,4.238e-10,metal1,metal1
135.92000000000002,81.2,3.127e-09,metal1,metal1
135.945,84.0,9.412e-09,metal1,metal1
135.97,89.6,8.257e-08,metal1,metal1
135.97,100.8,1.217e-13,metal1,metal1
136.41375,81.2,1.493e-07,metal1,metal1
136.2875,112.0,4.238e-10,metal1,metal1
136.1225,84.0,9.413e-09,metal1,metal1
136.055,89.6,8.257e-08,metal1,metal1
136.14999999999998,100.8,1.243e-13,metal1,metal1
136.0975,75.6,6.842e-11,metal1,metal1
136.115,70.0,2.972e-08,metal1,metal1
136.14,89.6,7.298e-08,metal1,metal1
136.15,78.4,7.209e-07,metal1,metal1
136.41,70.0,7.738e-07,metal1,metal1
136.3775,75.6,6.842e-11,metal1,metal1
136.235,89.6,7.298e-08,metal1,metal1
136.8075,78.4,7.209e-07,metal1,metal1
136.3,64.4,6.744e-08,metal1,metal1
136.3,84.0,9.042e-09,metal1,metal1
136.32999999999998,89.6,2.18e-08,metal1,metal1
136.32999999999998,100.8,8.89e-11,metal1,metal1
136.3725,64.4,6.744e-08,metal1,metal1
136.3725,84.0,9.042e-09,metal1,metal1
136.59750000000003,89.6,2.18e-08,metal1,metal1
136.6925,100.8,8.89e-11,metal1,metal1
136.4775,64.4,6.407e-11,metal1,metal1
136.4775,84.0,5.045e-09,metal1,metal1
139.68375,44.8,2.271e-14,metal1,metal1
136.85625,92.4,2.22e-07,metal1,metal1
136.54,86.8,1.183e-13,metal1,metal1
136.7575,64.4,6.407e-11,metal1,metal1
136.595,84.0,5.045e-09,metal1,metal1
136.72,86.8,1.182e-13,metal1,metal1
139.56,61.6,7.59e-08,metal1,metal1
136.625,75.6,1.342e-12,metal1,metal1
136.66750000000002,112.0,4.018e-13,metal1,metal1
136.68,84.0,3.663e-09,metal1,metal1
136.68,114.8,1.502e-07,metal1,metal1
136.685,67.2,1.052e-07,metal1,metal1
137.0575,75.6,7.497e-16,metal1,metal1
136.70499999999998,70.0,7.564e-10,metal1,metal1
136.70499999999998,109.2,7.417e-10,metal1,metal1
136.9425,84.0,3.663e-09,metal1,metal1
137.83875,114.8,1.502e-07,metal1,metal1
136.875,67.2,2.819e-06,metal1,metal1
136.9475,112.0,4.027e-13,metal1,metal1
136.95499999999998,70.0,7.564e-10,metal1,metal1
136.95499999999998,109.2,7.417e-10,metal1,metal1
136.8975,89.6,1.077e-07,metal1,metal1
136.9,86.8,8.943e-11,metal1,metal1
137.33125,81.2,1.493e-07,metal1,metal1
137.2625,86.8,8.943e-11,metal1,metal1
136.9925,89.6,1.077e-07,metal1,metal1
137.005,64.4,1.256e-12,metal1,metal1
139.95999999999998,120.4,5.655e-14,metal1,metal1
137.0875,89.6,1.196e-07,metal1,metal1
137.0875,100.8,1.357e-07,metal1,metal1
137.065,67.2,1.03e-07,metal1,metal1
137.4375,64.4,6.247e-16,metal1,metal1
137.2625,67.2,2.756e-06,metal1,metal1
137.2825,89.6,1.196e-07,metal1,metal1
137.49,100.8,9.046e-11,metal1,metal1
137.195,112.0,9.099e-15,metal1,metal1
137.2375,70.0,4.848e-13,metal1,metal1
137.2375,84.0,3.481e-12,metal1,metal1
137.2375,109.2,4.751e-13,metal1,metal1
137.255,92.4,7.749e-09,metal1,metal1
137.6275,112.0,0.0,metal1,metal1
137.27,98.0,7.064e-07,metal1,metal1
138.46375,92.4,1.976e-07,metal1,metal1
140.11624999999998,117.6,4.014e-14,metal1,metal1
137.6175,70.0,4.852e-13,metal1,metal1
137.51749999999998,84.0,3.48e-12,metal1,metal1
137.5575,98.0,7.064e-07,metal1,metal1
137.6175,109.2,4.757e-13,metal1,metal1
138.26,95.2,2.728e-07,metal1,metal1
137.445,89.6,3.33e-09,metal1,metal1
137.46,67.2,5.096e-08,metal1,metal1
137.465,78.4,7.047e-10,metal1,metal1
137.49,75.6,2.028e-14,metal1,metal1
138.015,89.6,6.074e-08,metal1,metal1
137.6475,67.2,3.597e-09,metal1,metal1
137.715,78.4,7.047e-10,metal1,metal1
137.67000000000002,75.6,2.466e-14,metal1,metal1
137.6575,86.8,1.365e-07,metal1,metal1
139.2275,72.8,7.127e-08,metal1,metal1
138.12125,86.8,1.365e-07,metal1,metal1
137.765,84.0,6.824e-14,metal1,metal1
137.825,81.2,5.252e-09,metal1,metal1
137.835,67.2,2.408e-06,metal1,metal1
138.1975,84.0,0.0,metal1,metal1
137.845,98.0,6.905e-10,metal1,metal1
137.85,75.6,1.761e-11,metal1,metal1
137.86,100.8,1.646e-13,metal1,metal1
137.87,64.4,1.285e-13,metal1,metal1
138.22250000000003,81.2,1.352e-07,metal1,metal1
138.03,67.2,2.408e-06,metal1,metal1
138.095,98.0,6.905e-10,metal1,metal1
138.21249999999998,75.6,1.761e-11,metal1,metal1
139.15625,100.8,1.666e-13,metal1,metal1
138.05,64.4,1.326e-13,metal1,metal1
137.9975,70.0,0.0,metal1,metal1
137.9975,78.4,4.515e-13,metal1,metal1
137.9975,109.2,0.0,metal1,metal1
139.57875,103.6,1.666e-07,metal1,metal1
138.06,112.0,1.893e-13,metal1,metal1
140.485,123.2,8.388e-14,metal1,metal1
138.2775,70.0,4.675e-16,metal1,metal1
138.3775,78.4,4.519e-13,metal1,metal1
138.2775,109.2,4.675e-16,metal1,metal1
138.24,112.0,1.932e-13,metal1,metal1
138.225,67.2,2.481e-09,metal1,metal1
138.23,64.4,9.502e-11,metal1,metal1
138.475,67.2,2.481e-09,metal1,metal1
138.59249999999997,64.4,9.502e-11,metal1,metal1
138.3775,98.0,4.432e-13,metal1,metal1
138.42000000000002,112.0,1.378e-10,metal1,metal1
138.7575,98.0,4.43e-13,metal1,metal1
138.78250000000003,112.0,1.378e-10,metal1,metal1
138.525,70.0,4.549e-15,metal1,metal1
138.525,109.2,0.0,metal1,metal1
138.91375,86.8,1.365e-07,metal1,metal1
138.54500000000002,75.515,1.761e-11,metal1,metal1
138.585,75.43,1.849e-10,metal1,metal1
138.585,89.6,1.121e-09,metal1,metal1
138.95749999999998,70.0,0.0,metal1,metal1
138.95749999999998,109.2,0.0,metal1,metal1
138.9475,81.2,1.352e-07,metal1,metal1
138.63,84.0,3.381e-15,metal1,metal1
138.6475,75.515,1.849e-10,metal1,metal1
139.7,89.6,3.976e-13,metal1,metal1
138.81,84.0,3.425e-16,metal1,metal1
139.64125,75.6,8.267e-08,metal1,metal1
138.7125,67.23750000000001,2.481e-09,metal1,metal1
138.7575,78.4,2.207e-15,metal1,metal1
138.77,67.275,1.163e-09,metal1,metal1
138.815,67.23750000000001,1.163e-09,metal1,metal1
138.97,67.2,6.383e-12,metal1,metal1
139.0375,78.4,7.012e-16,metal1,metal1
140.90875,137.2,1.103e-13,metal1,metal1
138.9875,64.4,1.45e-07,metal1,metal1
138.99,84.0,0.0,metal1,metal1
140.08625,114.8,1.502e-07,metal1,metal1
139.35250000000002,84.0,0.0,metal1,metal1
139.655,64.4,1.45e-07,metal1,metal1
139.1375,98.0,2.207e-15,metal1,metal1
139.1775,112.0,2.103e-07,metal1,metal1
139.15,67.2,5.313e-09,metal1,metal1
139.17000000000002,95.2,2.078e-07,metal1,metal1
139.3175,67.2,5.313e-09,metal1,metal1
141.06625,106.4,1.813e-14,metal1,metal1
139.71,95.2,2.078e-07,metal1,metal1
139.41750000000002,98.0,7.012e-16,metal1,metal1
139.75,112.0,2.103e-07,metal1,metal1
139.285,78.4,9.099e-15,metal1,metal1
139.345,81.2,3.867e-09,metal1,metal1
139.345,86.8,3.94e-09,metal1,metal1
139.7175,78.4,1.249e-16,metal1,metal1
139.39,70.0,6.761e-15,metal1,metal1
139.39,109.2,5.071e-14,metal1,metal1
140.16875,81.2,7.427e-08,metal1,metal1
139.8175,86.8,7.69e-08,metal1,metal1
139.57,70.0,7.193e-15,metal1,metal1
139.57,109.2,5.344e-14,metal1,metal1
139.51749999999998,67.2,5.048e-12,metal1,metal1
139.7975,67.2,5.048e-12,metal1,metal1
139.665,98.0,4.549e-15,metal1,metal1
140.81125,92.4,1.976e-07,metal1,metal1
139.7475,84.0,4.194e-14,metal1,metal1
140.0975,98.0,1.249e-16,metal1,metal1
139.75,70.0,5.167e-12,metal1,metal1
139.75,109.2,3.809e-11,metal1,metal1
140.1125,70.0,5.168e-12,metal1,metal1
140.1125,109.2,3.81e-11,metal1,metal1
140.59625,84.0,4.31e-14,metal1,metal1
140.04500000000002,67.2,1.001e-13,metal1,metal1
140.47750000000002,67.2,0.0,metal1,metal1
140.15,78.4,2.028e-14,metal1,metal1
140.32999999999998,78.4,2.021e-14,metal1,metal1
140.72,95.2,2.078e-07,metal1,metal1
140.29,64.4,6.984e-08,metal1,metal1
140.29,86.8,1.042e-13,metal1,metal1
140.29,112.0,6.199e-08,metal1,metal1
140.86,64.4,6.984e-08,metal1,metal1
140.97875,86.8,1.036e-13,metal1,metal1
140.4825,112.0,6.199e-08,metal1,metal1
141.67874999999998,100.8,1.666e-13,metal1,metal1
140.4425,69.91499999999999,5.168e-12,metal1,metal1
140.5075,109.2,5.813e-08,metal1,metal1
140.48,69.83,1.579e-13,metal1,metal1
140.51,78.4,1.465e-11,metal1,metal1
140.53,98.0,0.0,metal1,metal1
140.545,69.91499999999999,1.503e-13,metal1,metal1
140.8725,78.4,1.465e-11,metal1,metal1
140.70999999999998,98.0,0.0,metal1,metal1
141.16625,70.0,1.505e-13,metal1,metal1
140.7025,109.2,5.813e-08,metal1,metal1
141.57375,75.6,8.267e-08,metal1,metal1
140.675,112.0,1.145e-09,metal1,metal1
141.26749999999998,112.0,1.247e-14,metal1,metal1
141.86,89.6,3.976e-13,metal1,metal1
140.86,72.8,6.077e-14,metal1,metal1
140.865,109.2,1.073e-09,metal1,metal1
140.89,98.0,0.0,metal1,metal1
140.91,67.2,3.381e-15,metal1,metal1
141.40625,72.8,5.848e-14,metal1,metal1
141.41,109.2,1.083e-13,metal1,metal1
141.2525,98.0,1.517e-16,metal1,metal1
141.09,67.2,3.425e-16,metal1,metal1
141.74625,81.2,7.427e-08,metal1,metal1
141.26749999999998,78.4,2.236e-08,metal1,metal1
141.245,103.6,2.283e-10,metal1,metal1
141.245,114.8,2.058e-10,metal1,metal1
141.26,95.2,1.446e-07,metal1,metal1
141.27,67.2,3.715e-15,metal1,metal1
141.4325,103.6,2.283e-10,metal1,metal1
141.4325,114.8,2.058e-10,metal1,metal1
141.64,95.2,1.446e-07,metal1,metal1
141.6325,67.2,1.517e-16,metal1,metal1
141.555,78.4,2.236e-08,metal1,metal1
142.15875,84.0,4.317e-14,metal1,metal1
141.43,64.4,1.302e-13,metal1,metal1
141.45,56.0,9.674e-08,metal1,metal1
141.83375,64.4,1.249e-13,metal1,metal1
141.72500000000002,56.0,9.674e-08,metal1,metal1
141.6475,98.0,1.766e-14,metal1,metal1
141.62,103.6,4.774e-12,metal1,metal1
141.62,114.8,4.304e-12,metal1,metal1
142.28625,86.8,1.036e-13,metal1,metal1
142.2975,103.6,2.953e-14,metal1,metal1
142.2975,114.8,2.953e-14,metal1,metal1
142.3275,98.0,1.873e-14,metal1,metal1
142.34875,70.0,1.504e-13,metal1,metal1
141.81,78.4,4.71e-10,metal1,metal1
142.3825,112.0,1.256e-14,metal1,metal1
142.0,78.4,6.78e-13,metal1,metal1
142.42874999999998,72.8,5.839e-14,metal1,metal1
142.43,109.2,1.083e-13,metal1,metal1
142.0275,67.2,1.457e-13,metal1,metal1
142.0,56.0,1.949e-08,metal1,metal1
142.02,92.4,1.355e-07,metal1,metal1
142.02,95.2,8.068e-08,metal1,metal1
142.285,56.0,1.949e-08,metal1,metal1
142.29500000000002,92.4,1.355e-07,metal1,metal1
142.29500000000002,95.2,8.068e-08,metal1,metal1
142.51749999999998,67.2,1.454e-13,metal1,metal1
142.19,47.6,4.71e-10,metal1,metal1
142.19,78.4,1.758e-13,metal1,metal1
142.57125,64.4,1.247e-13,metal1,metal1
142.38,47.6,6.777e-13,metal1,metal1
142.58249999999998,78.4,1.719e-13,metal1,metal1
142.57,47.6,4.883e-15,metal1,metal1
142.57,56.0,2.257e-13,metal1,metal1
142.57,61.6,6.077e-14,metal1,metal1
142.57,81.2,4.341e-15,metal1,metal1
142.54500000000002,92.48750000000001,1.355e-07,metal1,metal1
142.57,95.2,1.997e-13,metal1,metal1
142.575,75.6,1.526e-09,metal1,metal1
142.59,25.2,1.823e-13,metal1,metal1
142.57999999999998,92.4,1.841e-13,metal1,metal1
142.77249999999998,47.6,5.041e-15,metal1,metal1
142.77249999999998,56.0,2.283e-13,metal1,metal1
142.77249999999998,61.6,6.286e-14,metal1,metal1
142.77249999999998,81.2,5.041e-15,metal1,metal1
142.615,92.3125,1.841e-13,metal1,metal1
142.77249999999998,95.2,1.972e-13,metal1,metal1
142.775,75.6,3.913e-14,metal1,metal1
142.7825,25.2,1.845e-13,metal1,metal1
142.7825,92.4,1.842e-13,metal1,metal1
142.975,2.8,0.0,metal1,metal1
142.975,5.6,0.0,metal1,metal1
142.975,8.4,0.0,metal1,metal1
142.975,11.2,0.0,metal1,metal1
142.975,14.0,0.0,metal1,metal1
142.975,16.8,0.0,metal1,metal1
142.975,19.6,0.0,metal1,metal1
142.975,22.4,0.0,metal1,metal1
142.975,25.2,0.0,metal1,metal1
142.975,28.0,0.0,metal1,metal1
142.975,30.8,0.0,metal1,metal1
142.975,33.6,0.0,metal1,metal1
142.975,36.4,0.0,metal1,metal1
142.975,39.2,0.0,metal1,metal1
142.975,42.0,0.0,metal1,metal1
142.975,44.8,0.0,metal1,metal1
142.975,47.6,0.0,metal1,metal1
142.975,50.4,0.0,metal1,metal1
142.975,53.2,0.0,metal1,metal1
142.975,56.0,0.0,metal1,metal1
142.975,58.8,0.0,metal1,metal1
142.975,61.6,0.0,metal1,metal1
142.975,64.4,0.0,metal1,metal1
142.975,67.2,0.0,metal1,metal1
142.975,70.0,0.0,metal1,metal1
142.975,72.8,0.0,metal1,metal1
142.975,75.6,0.0,metal1,metal1
142.975,78.4,0.0,metal1,metal1
142.975,81.2,0.0,metal1,metal1
142.975,84.0,0.0,metal1,metal1
142.975,86.8,0.0,metal1,metal1
142.975,89.6,0.0,metal1,metal1
142.975,92.4,0.0,metal1,metal1
142.975,95.2,0.0,metal1,metal1
142.975,98.0,0.0,metal1,metal1
142.975,100.8,0.0,metal1,metal1
142.975,103.6,0.0,metal1,metal1
142.975,106.4,0.0,metal1,metal1
142.975,109.2,0.0,metal1,metal1
142.975,112.0,0.0,metal1,metal1
142.975,114.8,0.0,metal1,metal1
142.975,117.6,0.0,metal1,metal1
142.975,120.4,0.0,metal1,metal1
142.975,123.2,0.0,metal1,metal1
142.975,126.0,0.0,metal1,metal1
142.975,128.8,0.0,metal1,metal1
142.975,131.6,0.0,metal1,metal1
142.975,134.4,0.0,metal1,metal1
142.975,137.2,0.0,metal1,metal1
142.975,140.0,0.0,metal1,metal1
142.975,142.8,0.0,metal1,metal1
31.14,2.8,1.539e-06,metal2,metal3
31.14,5.6,6.664e-06,metal2,metal3
31.14,8.4,6.263e-06,metal2,metal3
31.14,11.2,5.072e-06,metal2,metal3
31.14,14.0,7.149e-06,metal2,metal3
31.14,16.8,1.209e-05,metal2,metal3
31.14,19.6,1.036e-05,metal2,metal3
31.14,22.4,6.473e-06,metal2,metal3
31.14,25.2,8.432e-06,metal2,metal3
31.14,28.0,5.642e-06,metal2,metal3
31.14,30.8,8.747e-06,metal2,metal3
31.14,33.6,8.86e-06,metal2,metal3
31.14,36.4,6.636e-06,metal2,metal3
31.14,39.2,6.4e-06,metal2,metal3
31.14,42.0,1.628e-05,metal2,metal3
31.14,44.8,8.975e-06,metal2,metal3
31.14,47.6,1.133e-05,metal2,metal3
31.14,50.4,1.058e-05,metal2,metal3
31.14,53.2,1.043e-05,metal2,metal3
31.14,56.0,9.455e-06,metal2,metal3
31.14,58.8,1.367e-05,metal2,metal3
31.14,61.6,8.171e-06,metal2,metal3
31.14,64.4,1.1e-05,metal2,metal3
31.14,67.2,1.041e-05,metal2,metal3
31.14,70.0,7.591e-06,metal2,metal3
31.14,72.8,9.64e-06,metal2,metal3
31.14,75.6,6.693e-06,metal2,metal3
31.14,78.4,1.166e-05,metal2,metal3
31.14,81.2,1.115e-05,metal2,metal3
31.14,84.0,1.312e-05,metal2,metal3
31.14,86.8,1.587e-05,metal2,metal3
31.14,89.6,1.142e-05,metal2,metal3
31.14,92.4,1.378e-05,metal2,metal3
31.14,95.2,1.315e-05,metal2,metal3
31.14,98.0,1.007e-05,metal2,metal3
31.14,100.8,1.884e-05,metal2,metal3
31.14,103.6,1.141e-05,metal2,metal3
31.14,106.4,1.121e-05,metal2,metal3
31.14,109.2,9.298e-06,metal2,metal3
31.14,112.0,1.148e-05,metal2,metal3
31.14,114.8,1.811e-05,metal2,metal3
31.14,117.6,1.079e-05,metal2,metal3
31.14,120.4,1.164e-05,metal2,metal3
31.14,123.2,1.101e-05,metal2,metal3
31.14,126.0,8.617e-06,metal2,metal3
31.14,128.8,7.496e-06,metal2,metal3
31.14,131.6,6.564e-06,metal2,metal3
31.14,134.4,1.284e-05,metal2,metal3
31.14,137.2,1.506e-05,metal2,metal3
31.14,140.0,7.992e-06,metal2,metal3
31.14,142.8,1.855e-06,metal2,metal3
87.14,2.8,8.816e-07,metal2,metal3
87.14,5.6,2.328e-06,metal2,metal3
87.14,8.4,3.414e-06,metal2,metal3
87.14,11.2,3.232e-06,metal2,metal3
87.14,14.0,4.139e-06,metal2,metal3
87.14,16.8,4.143e-06,metal2,metal3
87.14,19.6,3.954e-06,metal2,metal3
87.14,22.4,4.66e-06,metal2,metal3
87.14,25.2,3.254e-06,metal2,metal3
87.14,28.0,3.887e-06,metal2,metal3
87.14,30.8,4.683e-06,metal2,metal3
87.14,33.6,3.927e-06,metal2,metal3
87.14,36.4,8.03e-06,metal2,metal3
87.14,39.2,7.391e-06,metal2,metal3
87.14,42.0,8.453e-06,metal2,metal3
87.14,44.8,1.014e-05,metal2,metal3
87.14,47.6,6.472e-06,metal2,metal3
87.14,50.4,5.728e-06,metal2,metal3
87.14,53.2,9.472e-06,metal2,metal3
87.14,56.0,1.516e-05,metal2,metal3
87.14,58.8,9.809e-06,metal2,metal3
87.14,61.6,8.137e-06,metal2,metal3
87.14,64.4,1.162e-05,metal2,metal3
87.14,67.2,1.194e-05,metal2,metal3
87.14,70.0,9.538e-06,metal2,metal3
87.14,72.8,8.592e-06,metal2,metal3
87.14,75.6,8.153e-06,metal2,metal3
87.14,78.4,1.061e-05,metal2,metal3
87.14,81.2,1.11e-05,metal2,metal3
87.14,84.0,1.587e-05,metal2,metal3
87.14,86.8,1.55e-05,metal2,metal3
87.14,89.6,1.245e-05,metal2,metal3
87.14,92.4,1.035e-05,metal2,metal3
87.14,95.2,1.258e-05,metal2,metal3
87.14,98.0,1.114e-05,metal2,metal3
87.14,100.8,2.037e-05,metal2,metal3
87.14,103.6,1.279e-05,metal2,metal3
87.14,106.4,1.215e-05,metal2,metal3
87.14,109.2,8.296e-06,metal2,metal3
87.14,112.0,1.223e-05,metal2,metal3
87.14,114.8,1.203e-05,metal2,metal3
87.14,117.6,1.142e-05,metal2,metal3
87.14,120.4,1.116e-05,metal2,metal3
87.14,123.2,1.229e-05,metal2,metal3
87.14,126.0,8.769e-06,metal2,metal3
87.14,128.8,9.15e-06,metal2,metal3
87.14,131.6,6.809e-06,metal2,metal3
87.14,134.4,1.156e-05,metal2,metal3
87.14,137.2,1.055e-05,metal2,metal3
87.14,140.0,9.964e-06,metal2,metal3
87.14,142.8,3.206e-06,metal2,metal3
31.14,2.8,1.539e-06,metal3,metal4
31.14,5.6,6.664e-06,metal3,metal4
31.14,8.4,6.263e-06,metal3,metal4
31.14,11.2,5.072e-06,metal3,metal4
31.14,14.0,7.149e-06,metal3,metal4
31.14,16.8,1.209e-05,metal3,metal4
31.14,19.0,1.036e-05,metal3,metal4
31.14,22.4,6.473e-06,metal3,metal4
31.14,25.2,8.432e-06,metal3,metal4
31.14,28.0,5.642e-06,metal3,metal4
31.14,30.8,8.747e-06,metal3,metal4
31.14,33.6,8.86e-06,metal3,metal4
31.14,36.4,6.636e-06,metal3,metal4
31.14,39.2,6.4e-06,metal3,metal4
31.14,42.0,1.628e-05,metal3,metal4
31.14,44.8,8.975e-06,metal3,metal4
31.14,47.6,1.133e-05,metal3,metal4
31.14,50.4,1.058e-05,metal3,metal4
31.14,53.2,1.043e-05,metal3,metal4
31.14,56.0,9.455e-06,metal3,metal4
31.14,58.8,1.367e-05,metal3,metal4
31.14,61.6,8.171e-06,metal3,metal4
31.14,64.4,1.1e-05,metal3,metal4
31.14,67.2,1.041e-05,metal3,metal4
31.14,70.0,7.591e-06,metal3,metal4
31.14,72.8,9.64e-06,metal3,metal4
31.14,75.6,6.693e-06,metal3,metal4
31.14,78.4,1.166e-05,metal3,metal4
31.14,81.2,1.115e-05,metal3,metal4
31.14,84.0,1.312e-05,metal3,metal4
31.14,86.8,1.587e-05,metal3,metal4
31.14,89.6,1.142e-05,metal3,metal4
31.14,92.4,1.378e-05,metal3,metal4
31.14,95.2,1.315e-05,metal3,metal4
31.14,98.0,1.007e-05,metal3,metal4
31.14,100.8,1.884e-05,metal3,metal4
31.14,103.6,1.141e-05,metal3,metal4
31.14,106.4,1.121e-05,metal3,metal4
31.14,108.80000000000001,9.298e-06,metal3,metal4
31.14,112.0,1.148e-05,metal3,metal4
31.14,114.8,1.811e-05,metal3,metal4
31.14,117.6,1.079e-05,metal3,metal4
31.14,120.4,1.164e-05,metal3,metal4
31.14,123.2,1.101e-05,metal3,metal4
31.14,126.0,8.617e-06,metal3,metal4
31.14,128.8,7.496e-06,metal3,metal4
31.14,131.6,6.564e-06,metal3,metal4
31.14,134.4,1.284e-05,metal3,metal4
31.14,137.2,1.506e-05,metal3,metal4
31.14,140.0,7.992e-06,metal3,metal4
31.14,142.8,1.855e-06,metal3,metal4
87.14,2.8,8.816e-07,metal3,metal4
87.14,5.6,2.328e-06,metal3,metal4
87.14,8.4,3.414e-06,metal3,metal4
87.14,11.2,3.232e-06,metal3,metal4
87.14,14.0,4.139e-06,metal3,metal4
87.14,16.8,4.143e-06,metal3,metal4
87.14,19.0,3.954e-06,metal3,metal4
87.14,22.4,4.66e-06,metal3,metal4
87.14,25.2,3.254e-06,metal3,metal4
87.14,28.0,3.887e-06,metal3,metal4
87.14,30.8,4.683e-06,metal3,metal4
87.14,33.6,3.927e-06,metal3,metal4
87.14,36.4,8.03e-06,metal3,metal4
87.14,39.2,7.391e-06,metal3,metal4
87.14,42.0,8.453e-06,metal3,metal4
87.14,44.8,1.014e-05,metal3,metal4
87.14,47.6,6.472e-06,metal3,metal4
87.14,50.4,5.728e-06,metal3,metal4
87.14,53.2,9.472e-06,metal3,metal4
87.14,56.0,1.516e-05,metal3,metal4
87.14,58.8,9.809e-06,metal3,metal4
87.14,61.6,8.137e-06,metal3,metal4
87.14,64.4,1.162e-05,metal3,metal4
87.14,67.2,1.194e-05,metal3,metal4
87.14,70.0,9.538e-06,metal3,metal4
87.14,72.8,8.592e-06,metal3,metal4
87.14,75.6,8.153e-06,metal3,metal4
87.14,78.4,1.061e-05,metal3,metal4
87.14,81.2,1.11e-05,metal3,metal4
87.14,84.0,1.587e-05,metal3,metal4
87.14,86.8,1.55e-05,metal3,metal4
87.14,89.6,1.245e-05,metal3,metal4
87.14,92.4,1.035e-05,metal3,metal4
87.14,95.2,1.258e-05,metal3,metal4
87.14,98.0,1.114e-05,metal3,metal4
87.14,100.8,2.037e-05,metal3,metal4
87.14,103.6,1.279e-05,metal3,metal4
87.14,106.4,1.215e-05,metal3,metal4
87.14,108.80000000000001,8.296e-06,metal3,metal4
87.14,112.0,1.223e-05,metal3,metal4
87.14,114.8,1.203e-05,metal3,metal4
87.14,117.6,1.142e-05,metal3,metal4
87.14,120.4,1.116e-05,metal3,metal4
87.14,123.2,1.229e-05,metal3,metal4
87.14,126.0,8.769e-06,metal3,metal4
87.14,128.8,9.15e-06,metal3,metal4
87.14,131.6,6.809e-06,metal3,metal4
87.14,134.4,1.156e-05,metal3,metal4
87.14,137.2,1.055e-05,metal3,metal4
87.14,140.0,9.964e-06,metal3,metal4
87.14,142.8,3.206e-06,metal3,metal4
31.14,4.199999999999999,1.539e-06,metal4,metal4
31.14,7.0,8.203e-06,metal4,metal4
31.14,9.8,1.447e-05,metal4,metal4
31.14,12.6,1.954e-05,metal4,metal4
31.14,15.4,2.669e-05,metal4,metal4
31.14,17.6,3.878e-05,metal4,metal4
31.14,20.4,3.817e-05,metal4,metal4
31.14,18.4,8.731e-05,metal4,metal5
31.14,23.799999999999997,3.169e-05,metal4,metal4
31.14,26.6,2.326e-05,metal4,metal4
31.14,29.4,1.762e-05,metal4,metal4
31.14,32.2,8.873e-06,metal4,metal4
31.14,35.0,1.331e-08,metal4,metal4
31.14,37.8,6.623e-06,metal4,metal4
31.14,40.6,1.302e-05,metal4,metal4
31.14,43.4,2.931e-05,metal4,metal4
31.14,46.2,3.828e-05,metal4,metal4
31.14,49.0,5.495e-05,metal4,metal4
31.14,48.0,0.0001046,metal4,metal5
31.14,51.8,4.437e-05,metal4,metal4
31.14,54.6,3.394e-05,metal4,metal4
31.14,57.4,2.448e-05,metal4,metal4
31.14,60.2,1.082e-05,metal4,metal4
31.14,63.0,2.644e-06,metal4,metal4
31.14,65.80000000000001,8.358e-06,metal4,metal4
31.14,68.6,1.877e-05,metal4,metal4
31.14,71.4,2.636e-05,metal4,metal4
31.14,74.19999999999999,3.6e-05,metal4,metal4
31.14,77.0,4.269e-05,metal4,metal4
31.14,79.80000000000001,6.348e-05,metal4,metal4
31.14,78.4,0.0001178,metal4,metal5
31.14,82.6,5.233e-05,metal4,metal4
31.14,85.4,3.921e-05,metal4,metal4
31.14,88.19999999999999,2.334e-05,metal4,metal4
31.14,91.0,1.191e-05,metal4,metal4
31.14,93.80000000000001,1.87e-06,metal4,metal4
31.14,96.6,1.502e-05,metal4,metal4
31.14,99.4,2.509e-05,metal4,metal4
31.14,102.19999999999999,4.393e-05,metal4,metal4
31.14,105.0,5.534e-05,metal4,metal4
31.14,107.4,6.655e-05,metal4,metal4
31.14,110.2,4.289e-05,metal4,metal4
31.14,108.4,0.0001187,metal4,metal5
31.14,113.4,3.141e-05,metal4,metal4
31.14,116.19999999999999,1.33e-05,metal4,metal4
31.14,119.0,2.505e-06,metal4,metal4
31.14,121.80000000000001,9.13e-06,metal4,metal4
31.14,124.6,2.014e-05,metal4,metal4
31.14,127.4,2.876e-05,metal4,metal4
31.14,130.2,3.626e-05,metal4,metal4
31.14,133.0,4.282e-05,metal4,metal4
31.14,135.8,5.566e-05,metal4,metal4
31.14,138.6,9.847e-06,metal4,metal4
31.14,137.8,8.057e-05,metal4,metal5
31.14,141.4,1.855e-06,metal4,metal4
87.14,4.199999999999999,8.816e-07,metal4,metal4
87.14,7.0,3.209e-06,metal4,metal4
87.14,9.8,6.623e-06,metal4,metal4
87.14,12.6,9.855e-06,metal4,metal4
87.14,15.4,1.399e-05,metal4,metal4
87.14,17.6,1.814e-05,metal4,metal4
87.14,20.4,3.058e-05,metal4,metal4
87.14,18.4,5.267e-05,metal4,metal5
87.14,23.799999999999997,2.592e-05,metal4,metal4
87.14,26.6,2.266e-05,metal4,metal4
87.14,29.4,1.878e-05,metal4,metal4
87.14,32.2,1.409e-05,metal4,metal4
87.14,35.0,1.017e-05,metal4,metal4
87.14,37.8,2.138e-06,metal4,metal4
87.14,40.6,5.254e-06,metal4,metal4
87.14,43.4,1.371e-05,metal4,metal4
87.14,46.2,2.385e-05,metal4,metal4
87.14,49.0,5.664e-05,metal4,metal4
87.14,48.0,8.696e-05,metal4,metal5
87.14,51.8,5.091e-05,metal4,metal4
87.14,54.6,4.144e-05,metal4,metal4
87.14,57.4,2.627e-05,metal4,metal4
87.14,60.2,1.646e-05,metal4,metal4
87.14,63.0,8.326e-06,metal4,metal4
87.14,65.80000000000001,3.296e-06,metal4,metal4
87.14,68.6,1.524e-05,metal4,metal4
87.14,71.4,2.478e-05,metal4,metal4
87.14,74.19999999999999,3.337e-05,metal4,metal4
87.14,77.0,4.152e-05,metal4,metal4
87.14,79.80000000000001,6.476e-05,metal4,metal4
87.14,78.4,0.0001169,metal4,metal5
87.14,82.6,5.365e-05,metal4,metal4
87.14,85.4,3.779e-05,metal4,metal4
87.14,88.19999999999999,2.229e-05,metal4,metal4
87.14,91.0,9.843e-06,metal4,metal4
87.14,93.80000000000001,5.08e-07,metal4,metal4
87.14,96.6,1.309e-05,metal4,metal4
87.14,99.4,2.423e-05,metal4,metal4
87.14,102.19999999999999,4.46e-05,metal4,metal4
87.14,105.0,5.739e-05,metal4,metal4
87.14,107.4,6.954e-05,metal4,metal4
87.14,110.2,3.845e-05,metal4,metal4
87.14,108.4,0.0001163,metal4,metal5
87.14,113.4,2.621e-05,metal4,metal4
87.14,116.19999999999999,1.418e-05,metal4,metal4
87.14,119.0,2.757e-06,metal4,metal4
87.14,121.80000000000001,8.403e-06,metal4,metal4
87.14,124.6,2.069e-05,metal4,metal4
87.14,127.4,2.946e-05,metal4,metal4
87.14,130.2,3.861e-05,metal4,metal4
87.14,133.0,4.542e-05,metal4,metal4
87.14,135.8,5.698e-05,metal4,metal4
87.14,138.6,1.317e-05,metal4,metal4
87.14,137.8,8.069e-05,metal4,metal5
87.14,141.4,3.206e-06,metal4,metal4
31.14,18.4,8.731e-05,metal5,metal6
31.14,48.4,0.0001046,metal5,metal6
31.14,78.4,0.0001178,metal5,metal6
31.14,108.4,0.0001187,metal5,metal6
31.14,138.4,8.057e-05,metal5,metal6
87.14,18.4,5.267e-05,metal5,metal6
87.14,48.4,8.696e-05,metal5,metal6
87.14,78.4,0.0001169,metal5,metal6
87.14,108.4,0.0001163,metal5,metal6
87.14,138.4,8.069e-05,metal5,metal6
30.14,18.4,8.731e-05,metal6,metal7
30.14,48.4,0.0001046,metal6,metal7
30.14,78.4,0.0001178,metal6,metal7
30.14,108.4,0.0001187,metal6,metal7
30.14,138.4,8.057e-05,metal6,metal7
86.14,18.4,5.267e-05,metal6,metal7
86.14,48.4,8.696e-05,metal6,metal7
86.14,78.4,0.0001169,metal6,metal7
86.14,108.4,0.0001163,metal6,metal7
86.14,138.4,8.069e-05,metal6,metal7
9.14,18.4,9.359e-05,metal7,metal7
9.14,48.4,0.0001219,metal7,metal7
9.14,78.4,0.0001452,metal7,metal7
9.14,108.4,0.0001457,metal7,metal7
9.14,138.4,9.958e-05,metal7,metal7
17.14,18.4,9.359e-05,metal7,metal7
17.14,48.4,0.0001219,metal7,metal7
17.14,78.4,0.0001452,metal7,metal7
17.14,108.4,0.0001457,metal7,metal7
17.14,138.4,9.958e-05,metal7,metal7
25.14,18.4,9.359e-05,metal7,metal7
25.14,48.4,0.0001219,metal7,metal7
25.14,78.4,0.0001452,metal7,metal7
25.14,108.4,0.0001457,metal7,metal7
25.14,138.4,9.958e-05,metal7,metal7
33.14,18.4,6.281e-06,metal7,metal7
33.14,48.4,1.735e-05,metal7,metal7
33.14,78.4,2.734e-05,metal7,metal7
33.14,108.4,2.693e-05,metal7,metal7
33.14,138.4,1.901e-05,metal7,metal7
41.14,18.4,6.281e-06,metal7,metal7
41.14,48.4,1.735e-05,metal7,metal7
41.14,78.4,2.734e-05,metal7,metal7
41.14,108.4,2.693e-05,metal7,metal7
41.14,138.4,1.901e-05,metal7,metal7
49.14,18.4,6.281e-06,metal7,metal7
49.14,48.4,1.735e-05,metal7,metal7
49.14,78.4,2.734e-05,metal7,metal7
49.14,108.4,2.693e-05,metal7,metal7
49.14,138.4,1.901e-05,metal7,metal7
57.14,18.4,6.281e-06,metal7,metal7
57.14,48.4,1.735e-05,metal7,metal7
57.14,78.4,2.734e-05,metal7,metal7
57.14,108.4,2.693e-05,metal7,metal7
57.14,138.4,1.901e-05,metal7,metal7
65.14,18.4,6.281e-06,metal7,metal7
65.14,48.4,1.735e-05,metal7,metal7
65.14,78.4,2.734e-05,metal7,metal7
65.14,108.4,2.693e-05,metal7,metal7
65.14,138.4,1.901e-05,metal7,metal7
73.14,18.4,6.281e-06,metal7,metal7
73.14,48.4,1.735e-05,metal7,metal7
73.14,78.4,2.734e-05,metal7,metal7
73.14,108.4,2.693e-05,metal7,metal7
73.14,138.4,1.901e-05,metal7,metal7
81.14,18.4,6.281e-06,metal7,metal7
81.14,48.4,1.735e-05,metal7,metal7
81.14,78.4,2.734e-05,metal7,metal7
81.14,108.4,2.693e-05,metal7,metal7
81.14,138.4,1.901e-05,metal7,metal7
89.14,18.4,4.639e-05,metal7,metal7
89.14,48.4,6.96e-05,metal7,metal7
89.14,78.4,8.956e-05,metal7,metal7
89.14,108.4,8.935e-05,metal7,metal7
89.14,138.4,6.168e-05,metal7,metal7
97.14,18.4,4.639e-05,metal7,metal7
97.14,48.4,6.96e-05,metal7,metal7
97.14,78.4,8.956e-05,metal7,metal7
97.14,108.4,8.935e-05,metal7,metal7
97.14,138.4,6.168e-05,metal7,metal7
105.14,18.4,4.639e-05,metal7,metal7
105.14,48.4,6.96e-05,metal7,metal7
105.14,78.4,8.956e-05,metal7,metal7
105.14,108.4,8.935e-05,metal7,metal7
105.14,138.4,6.168e-05,metal7,metal7
113.14,18.4,4.639e-05,metal7,metal7
113.14,48.4,6.96e-05,metal7,metal7
113.14,78.4,8.956e-05,metal7,metal7
113.14,108.4,8.935e-05,metal7,metal7
113.14,138.4,6.168e-05,metal7,metal7
121.14,18.4,4.639e-05,metal7,metal7
121.14,48.4,6.96e-05,metal7,metal7
121.14,78.4,8.956e-05,metal7,metal7
121.14,108.4,8.935e-05,metal7,metal7
121.14,138.4,6.168e-05,metal7,metal7
129.14,18.4,4.639e-05,metal7,metal7
129.14,48.4,6.96e-05,metal7,metal7
129.14,78.4,8.956e-05,metal7,metal7
129.14,108.4,8.935e-05,metal7,metal7
129.14,138.4,6.168e-05,metal7,metal7
137.14,18.4,4.639e-05,metal7,metal7
137.14,48.4,6.96e-05,metal7,metal7
137.14,78.4,8.956e-05,metal7,metal7
137.14,108.4,8.935e-05,metal7,metal7
137.14,138.4,6.168e-05,metal7,metal7
