net,source,x_um,y_um,scope_scan_data,transitions,ground_ff,incident_coupling_ff,pin_ff,ground_pin_ff,cap_status
FE_OFN0_g5536,FE_OFC0_g5536/ZN,76.38,82.6,False,1187,1.166128,1.031915408,3.616799,4.782927,EXTRACTED
FE_OFN101_g277,FE_OFC101_g277/ZN,39.9,54.6,True,7022,1.2229544700000001,1.0548211739999998,5.59875,6.82170447,EXTRACTED
FE_OFN107_g677,FE_OFC107_g677/ZN,42.75,35.0,True,7429,0.334864,0.6250493100000001,1.70023,2.035094,EXTRACTED
FE_OFN110_g677,FE_OFC110_g677/ZN,43.32,32.2,True,7429,3.3195197,3.6732091979999995,11.1975,14.517019699999999,EXTRACTED
FE_OFN150_g278,FE_OFC150_g278/ZN,39.9,70.0,True,6894,0.289526,0.30583567,1.70023,1.9897559999999999,EXTRACTED
FE_OFN152_g278,FE_OFC152_g278/ZN,37.24,72.8,True,6894,2.1398821000000003,1.2154635760000003,9.349729,11.489611100000001,EXTRACTED
FE_OFN164_g677,FE_OFC164_g677/ZN,47.12,30.8,True,7429,0.49809,0.717130573,1.70023,2.19832,EXTRACTED
FE_OFN166_g677,FE_OFC166_g677/ZN,48.64,37.8,True,7429,1.239534,0.744583164,1.70023,2.939764,EXTRACTED
FE_OFN175_g677,FE_OFC175_g677/ZN,53.58,22.4,True,7429,0.821467,0.9569025659999998,1.70023,2.5216969999999996,EXTRACTED
FE_OFN177_g677,FE_OFC177_g677/ZN,48.26,30.8,True,7429,0.01630032,0.00176665,1.70023,1.71653032,EXTRACTED
FE_OFN180_g677,FE_OFC180_g677/ZN,48.64,30.8,True,7429,0.6507928,0.5305910149999999,3.40046,4.051252799999999,EXTRACTED
FE_OFN181_g677,FE_OFC181_g677/ZN,49.02,30.8,True,7429,0.47691669000000003,0.360266714,4.62412,5.10103669,EXTRACTED
FE_OFN182_g677,FE_OFC182_g677/ZN,44.08,36.4,True,7429,1.809271,3.009926808000001,7.029547,8.838818,EXTRACTED
FE_OFN37_g5605,FE_OFC37_g5605/ZN,7.22,71.4,False,74,0.600522,0.475107621,2.67486,3.2753819999999996,EXTRACTED
FE_OFN39_g5605,FE_OFC39_g5605/ZN,15.58,68.6,False,74,0.30420579999999997,0.36814663000000003,2.67486,2.9790658,EXTRACTED
FE_OFN51_g4237,FE_OFC51_g4237/ZN,62.32,98.0,False,1172,0.8945312999999999,1.370038761,4.596304,5.4908353,EXTRACTED
FE_OFN54_g4237,FE_OFC54_g4237/ZN,72.2,91.0,False,1172,0.9114392,1.140432828,7.54801,8.4594492,EXTRACTED
FE_OFN59_g2908,FE_OFC59_g2908/ZN,63.65,9.8,False,2898,0.6159060000000001,0.8899424400000001,4.62412,5.240025999999999,EXTRACTED
FE_OFN62_g2908,FE_OFC62_g2908/ZN,60.23,12.6,False,2898,2.21854155,2.636443432,12.17213,14.390671549999999,EXTRACTED
FE_OFN64_g2908,FE_OFC64_g2908/ZN,52.25,14.0,False,2898,1.2333918000000001,0.9532307819999999,5.59875,6.8321418000000005,EXTRACTED
FE_OFN67_g2908,FE_OFC67_g2908/ZN,53.39,12.6,False,2898,0.8260852999999999,1.0836050700000002,5.59875,6.4248353,EXTRACTED
FE_OFN80_g971,FE_OFC80_g971/ZN,88.35,37.8,True,7042,1.9746305999999998,2.242915488,11.1975,13.1721306,EXTRACTED
FE_OFN82_g971,FE_OFC82_g971/ZN,88.92,61.6,True,7042,0.38159856,0.124748356,4.62412,5.005718559999999,EXTRACTED
FE_OFN85_g971,FE_OFC85_g971/ZN,89.3,61.6,True,7042,6.22051259,7.846663066999999,25.31889,31.53940259,EXTRACTED
FE_OFN99_g277,FE_OFC99_g277/ZN,40.28,54.6,True,7022,0.0476902,0.04504133,1.70023,1.7479201999999998,EXTRACTED
I1935,U_I1935/ZN,37.81,98.0,True,7427,0.0687008,0.02053448,1.70023,1.7689308,EXTRACTED
I1947,U_I1947/ZN,59.66,89.6,True,7308,0.64932,0.4775192099999999,2.642169,3.291489,EXTRACTED
I1951,U_I1951/ZN,62.7,54.6,False,5468,0.2308518,0.449287954,3.328398,3.5592498,EXTRACTED
I1952,U_I1952/ZN,65.55,51.8,False,5216,0.36754000000000003,0.38215250999999995,1.599032,1.966572,EXTRACTED
I1953,U_I1953/ZN,64.98,51.8,False,5570,0.322028,0.4238314100000001,1.664199,1.986227,EXTRACTED
I1961,U_I1961/ZN,69.73,42.0,False,5097,0.1193707,0.11152534,3.328398,3.4477687,EXTRACTED
I1962,U_I1962/ZN,69.16,42.0,False,5662,0.07551100000000001,0.06645311000000001,1.599032,1.6745430000000001,EXTRACTED
I1963,U_I1963/ZN,69.73,43.4,False,5896,0.0668156,0.02308261,1.664199,1.7310146,EXTRACTED
I1969,U_I1969/ZN,68.02,42.0,False,3747,0.14802939999999998,0.05808342999999999,3.328398,3.4764274,EXTRACTED
I1970,U_I1970/ZN,67.45,42.0,False,7366,0.29194,0.14618556,1.599032,1.890972,EXTRACTED
I1971,U_I1971/ZN,67.64,43.4,False,7357,0.425234,0.25165716999999993,1.664199,2.089433,EXTRACTED
I1978,U_I1978/ZN,64.79,43.4,False,5203,0.08828959,0.10127687000000002,3.328398,3.41668759,EXTRACTED
I1979,U_I1979/ZN,65.55,43.4,False,5595,0.0859504,0.08951847400000001,1.599032,1.6849824,EXTRACTED
I1980,U_I1980/ZN,66.31,43.4,False,5555,0.0312062,0.02031279,1.664199,1.6954052,EXTRACTED
I1986,U_I1986/ZN,65.55,56.0,False,2224,0.35556640000000006,0.37211323,3.328398,3.6839644,EXTRACTED
I1987,U_I1987/ZN,65.93,57.4,False,6377,0.0602832,0.01230506,1.599032,1.6593152,EXTRACTED
I1988,U_I1988/ZN,61.75,54.6,False,6391,0.3341697,0.7089790320000001,1.664199,1.9983686999999999,EXTRACTED
I1994,U_I1994/ZN,62.13,53.2,False,937,0.5144815,0.579424265,3.328398,3.8428795,EXTRACTED
I1995,U_I1995/ZN,58.71,57.4,False,6452,0.507182,0.52037935,1.599032,2.106214,EXTRACTED
I1996,U_I1996/ZN,63.27,53.2,False,7109,0.053406999999999996,0.006508870999999999,1.664199,1.717606,EXTRACTED
I2003,U_I2003/ZN,64.98,50.4,False,4076,0.192687,0.19985148299999997,3.328398,3.521085,EXTRACTED
I2004,U_I2004/ZN,65.55,50.4,False,5762,0.1301636,0.07979940999999999,1.599032,1.7291956,EXTRACTED
I2005,U_I2005/ZN,67.45,51.8,False,5987,0.071849,0.02183421,1.664199,1.736048,EXTRACTED
I2013,U_I2013/ZN,63.27,58.8,False,3256,1.2803384,1.13194069,3.328398,4.6087364,EXTRACTED
I2014,U_I2014/ZN,62.7,50.4,False,6269,0.817326,0.670828758,1.599032,2.416358,EXTRACTED
I2015,U_I2015/ZN,59.28,67.2,False,5951,0.760163,0.9283092900000001,1.664199,2.424362,EXTRACTED
I2021,U_I2021/ZN,72.58,51.8,False,3659,0.2397973,0.34985431,3.328398,3.5681953,EXTRACTED
I2022,U_I2022/ZN,68.02,51.8,False,5917,0.1471916,0.2810244,1.599032,1.7462236,EXTRACTED
I2023,U_I2023/ZN,68.59,51.8,False,6201,0.11472260000000001,0.215564922,1.664199,1.7789215999999999,EXTRACTED
I2060,U_I2060/ZN,66.88,78.4,False,4158,0.6638177000000001,0.580476328,3.328398,3.9922157,EXTRACTED
I2061,U_I2061/ZN,63.46,86.8,False,6070,0.46524400000000005,0.583138838,1.599032,2.064276,EXTRACTED
I2062,U_I2062/ZN,66.88,81.2,False,5797,0.029504000000000002,0.02374912,1.664199,1.693703,EXTRACTED
I2072,U_I2072/ZN,66.88,79.8,False,5040,0.08603279999999999,0.2795921,3.328398,3.4144308,EXTRACTED
I2073,U_I2073/ZN,67.45,79.8,False,5887,0.250344,0.143785528,1.599032,1.849376,EXTRACTED
I2074,U_I2074/ZN,69.35,79.8,False,5502,0.421058,0.27463756,1.664199,2.085257,EXTRACTED
I2080,U_I2080/ZN,68.97,74.2,False,3147,0.4962643,0.484609,3.328398,3.8246623,EXTRACTED
I2081,U_I2081/ZN,63.46,78.4,False,6332,0.10573640000000001,0.20650061000000003,1.599032,1.7047684,EXTRACTED
I2082,U_I2082/ZN,64.98,78.4,False,6391,0.0329004,0.01689531,1.664199,1.6970994,EXTRACTED
I2089,U_I2089/ZN,73.34,78.4,False,4117,0.3579231,0.17596098,3.328398,3.6863211,EXTRACTED
I2090,U_I2090/ZN,72.96,84.0,False,6071,0.24046199999999998,0.410320465,1.599032,1.839494,EXTRACTED
I2091,U_I2091/ZN,73.72,79.8,False,5768,0.036816,0.011214149999999999,1.664199,1.701015,EXTRACTED
I2108,U_I2108/ZN,29.07,84.0,False,2365,0.4285541,0.37724621500000005,3.328398,3.7569521,EXTRACTED
I2109,U_I2109/ZN,29.64,84.0,False,6425,0.283114,0.019561705000000002,1.599032,1.882146,EXTRACTED
I2110,U_I2110/ZN,25.65,88.2,False,6631,0.19109500000000001,0.1059026,1.664199,1.855294,EXTRACTED
I2134,U_I2134/ZN,99.94,77.0,False,0,0.448608,0.27612129999999996,1.70023,2.148838,EXTRACTED
I2221,U_I2221/ZN,95.38,64.4,True,7426,0.5152181,0.5427161540000001,3.40046,3.9156781,EXTRACTED
I2244,U_I2244/ZN,48.45,75.6,False,2624,0.3787522,0.484788653,3.328398,3.7071502,EXTRACTED
I2245,U_I2245/ZN,47.88,75.6,False,2624,0.036069399999999995,0.08224400999999999,1.599032,1.6351014,EXTRACTED
I2246,U_I2246/ZN,51.11,79.8,False,4815,0.484842,0.3110366300000001,1.664199,2.149041,EXTRACTED
I2299,U_I2299/ZN,16.15,37.8,False,6759,1.2197829,0.59157637,3.328398,4.5481809,EXTRACTED
I2300,U_I2300/ZN,8.36,50.4,False,3588,0.605642,0.061318740000000004,1.599032,2.204674,EXTRACTED
I2301,U_I2301/ZN,9.31,43.4,False,4212,0.398954,0.06777209,1.664199,2.063153,EXTRACTED
I2388,U_I2388/ZN,41.23,86.8,False,0,0.60226,1.0993347619999998,0.941939,1.5441989999999999,EXTRACTED
I2497,U_I2497/ZN,68.02,81.2,False,6196,0.1814048,0.22291966000000002,3.328398,3.5098028,EXTRACTED
I2498,U_I2498/ZN,66.12,82.6,False,5879,0.1741626,0.26574239,1.599032,1.7731946,EXTRACTED
I2499,U_I2499/ZN,66.88,82.6,False,7225,0.1263956,0.17017328999999998,1.664199,1.7905946,EXTRACTED
I2506,U_I2506/ZN,72.58,79.8,False,5417,0.5766662,0.5521604609999999,3.328398,3.9050642,EXTRACTED
I2507,U_I2507/ZN,73.15,79.8,False,7422,0.203712,0.102874452,1.599032,1.8027440000000001,EXTRACTED
I2508,U_I2508/ZN,67.26,85.4,False,8790,0.6517519,0.47927741,1.664199,2.3159509,EXTRACTED
I2526,U_I2526/ZN,32.3,22.4,False,3871,0.10465559999999999,0.125752,3.328398,3.4330536,EXTRACTED
I2527,U_I2527/ZN,32.3,23.8,False,7126,0.047547,0.00964378,1.599032,1.646579,EXTRACTED
I2528,U_I2528/ZN,32.87,22.4,False,6985,0.14279139999999999,0.17223019,1.664199,1.8069903999999999,EXTRACTED
I2542,U_I2542/ZN,35.15,56.0,False,4278,0.1516178,0.061554870000000005,3.328398,3.4800158,EXTRACTED
I2543,U_I2543/ZN,36.67,56.0,False,5890,0.09681959999999999,0.037175506,1.599032,1.6958516,EXTRACTED
I2544,U_I2544/ZN,35.91,57.4,False,5762,0.0282986,0.023402712,1.664199,1.6924976,EXTRACTED
I2566,U_I2566/ZN,28.31,19.6,False,965,0.640402,0.6682643500000001,0.944508,1.58491,EXTRACTED
I2574,U_I2574/ZN,30.21,57.4,False,1260,0.4465943,0.6178630980000002,0.944508,1.3911023,EXTRACTED
I2584,U_I2584/ZN,85.88,77.0,False,0,1.25627,0.5516980650000001,0.918145,2.1744149999999998,EXTRACTED
I2596,U_I2596/ZN,91.96,79.8,True,6912,0.0463442,0.008809850000000001,0.941939,0.9882831999999999,EXTRACTED
I2674,U_I2674/ZN,33.82,86.8,False,5889,0.08126610000000001,0.08848035,3.328398,3.4096641,EXTRACTED
I2675,U_I2675/ZN,34.2,88.2,False,6351,0.0603852,0.012079403999999998,1.599032,1.6594172,EXTRACTED
I2676,U_I2676/ZN,33.63,88.2,False,5337,0.0818336,0.042096724,1.664199,1.7460326,EXTRACTED
I2681,U_I2681/ZN,29.45,81.2,False,1308,0.26751820000000004,0.125500007,3.328398,3.5959162,EXTRACTED
I2682,U_I2682/ZN,30.02,81.2,False,1383,0.1217584,0.048845589999999994,1.599032,1.7207904,EXTRACTED
I2683,U_I2683/ZN,32.3,82.6,False,7225,0.1476024,0.058978795,1.664199,1.8118014,EXTRACTED
I2766,U_I2766/ZN,26.41,22.4,False,2663,0.1715678,0.24722490500000002,3.328398,3.4999658,EXTRACTED
I2767,U_I2767/ZN,26.98,22.4,False,6236,0.17060019999999998,0.17572095999999998,1.599032,1.7696322,EXTRACTED
I2768,U_I2768/ZN,25.65,21.0,False,6129,0.20899800000000002,0.13836467,1.664199,1.873197,EXTRACTED
I2795,U_I2795/ZN,27.93,51.8,False,3618,0.15656779999999998,0.27266331,3.328398,3.4849658,EXTRACTED
I2796,U_I2796/ZN,26.41,51.8,False,7011,0.461946,0.7666197899999999,1.599032,2.060978,EXTRACTED
I2797,U_I2797/ZN,25.84,51.8,False,6992,0.66523,0.24269026700000002,1.664199,2.329429,EXTRACTED
I2897,U_I2897/ZN,85.69,79.8,False,1494,0.5084420000000001,0.23683558400000002,3.328398,3.83684,EXTRACTED
I2898,U_I2898/ZN,87.78,81.2,False,2016,0.587086,0.108377954,1.599032,2.186118,EXTRACTED
I2899,U_I2899/ZN,85.88,75.6,False,6824,0.09356500000000001,0.000729164,1.664199,1.7577639999999999,EXTRACTED
I2933,U_I2933/ZN,10.26,40.6,False,3006,0.09224141,0.12404326,3.328398,3.42063941,EXTRACTED
I2934,U_I2934/ZN,10.45,42.0,False,2940,0.099194,0.009277259999999999,1.599032,1.698226,EXTRACTED
I2935,U_I2935/ZN,9.88,42.0,False,5809,0.0949024,0.00806824,1.664199,1.7591014,EXTRACTED
I3125,U_I3125/ZN,75.43,29.4,False,3725,0.4590719,0.9283700500000001,3.328398,3.7874699,EXTRACTED
I3126,U_I3126/ZN,81.51,26.6,False,7316,0.1070072,0.09657139,1.599032,1.7060392,EXTRACTED
I3127,U_I3127/ZN,83.22,25.2,False,7320,0.0520518,0.07181346,1.664199,1.7162508,EXTRACTED
I3168,U_I3168/ZN,76.0,81.2,False,6524,0.2065815,0.29828819,3.328398,3.5349795,EXTRACTED
I3169,U_I3169/ZN,74.67,82.6,False,10570,0.40250990000000003,1.1306387,1.599032,2.0015419,EXTRACTED
I3170,U_I3170/ZN,74.86,79.8,False,6870,0.502488,0.14077218,1.664199,2.166687,EXTRACTED
I3177,U_I3177/ZN,36.1,22.4,False,1459,0.6418697,0.34212652,3.328398,3.9702677,EXTRACTED
I3178,U_I3178/ZN,28.88,18.2,False,1737,0.1103232,0.0894336,1.599032,1.7093552,EXTRACTED
I3179,U_I3179/ZN,29.26,19.6,False,7647,0.0283272,0.02316354,1.664199,1.6925262,EXTRACTED
I3188,U_I3188/ZN,30.4,56.0,False,674,0.7087539999999999,0.6366279409999999,3.328398,4.037152,EXTRACTED
I3189,U_I3189/ZN,25.08,47.6,False,668,1.000496,0.651170049,1.599032,2.5995280000000003,EXTRACTED
I3190,U_I3190/ZN,28.5,53.2,False,6648,0.350278,0.41688719,1.664199,2.014477,EXTRACTED
I3398,U_I3398/ZN,22.8,88.2,False,3845,0.7020577,0.10554741000000001,3.328398,4.0304557,EXTRACTED
I3399,U_I3399/ZN,30.97,91.0,False,2506,0.0590316,0.018922895000000002,1.599032,1.6580636,EXTRACTED
I3400,U_I3400/ZN,30.4,91.0,False,3618,0.05917,0.0847387,1.664199,1.723369,EXTRACTED
I3411,U_I3411/ZN,31.54,78.4,False,502,0.7745279,0.6433639589999999,3.328398,4.1029259,EXTRACTED
I3412,U_I3412/ZN,33.25,79.8,False,874,0.6969760999999999,0.268962275,1.599032,2.2960081,EXTRACTED
I3413,U_I3413/ZN,28.12,70.0,False,6747,0.190488,0.17219233399999997,1.664199,1.854687,EXTRACTED
I3445,U_I3445/ZN,32.3,15.4,False,2738,0.48678730000000003,0.17907819,3.328398,3.8151853,EXTRACTED
I3446,U_I3446/ZN,29.26,12.6,False,3035,0.471956,0.13290794,1.599032,2.070988,EXTRACTED
I3447,U_I3447/ZN,31.92,16.8,False,6309,0.033551199999999996,0.01060882,1.664199,1.6977502,EXTRACTED
I3455,U_I3455/ZN,40.28,61.6,False,1206,0.5627359000000001,0.36428653199999994,3.328398,3.8911339,EXTRACTED
I3456,U_I3456/ZN,39.33,54.6,False,3498,0.362564,0.37979939,1.599032,1.9615960000000001,EXTRACTED
I3457,U_I3457/ZN,37.62,61.6,False,6860,0.0778024,0.02626598,1.664199,1.7420014,EXTRACTED
I3468,U_I3468/ZN,50.16,100.8,False,0,0.37743,0.5577039239999999,1.70023,2.07766,EXTRACTED
I3697,U_I3697/ZN,88.35,84.0,False,724,0.2765904,0.40887581500000003,3.328398,3.6049884,EXTRACTED
I3698,U_I3698/ZN,87.59,79.8,False,1004,0.057384,0.145748252,1.599032,1.656416,EXTRACTED
I3699,U_I3699/ZN,86.83,79.8,False,6882,0.10089640000000001,0.092396855,1.664199,1.7650954,EXTRACTED
I3739,U_I3739/ZN,4.18,35.0,False,1981,0.5930723,0.7110612199999999,3.328398,3.9214703,EXTRACTED
I3740,U_I3740/ZN,3.8,36.4,False,2225,0.35854600000000003,0.757021609,1.599032,1.957578,EXTRACTED
I3741,U_I3741/ZN,15.39,35.0,False,6305,0.23333199999999998,0.12186140000000001,1.664199,1.8975309999999999,EXTRACTED
I3846,U_I3846/ZN,69.54,58.8,False,4003,0.2558816,0.085119407,3.328398,3.5842796,EXTRACTED
I3847,U_I3847/ZN,70.11,58.8,False,5738,0.303508,0.33972081,1.599032,1.9025400000000001,EXTRACTED
I3848,U_I3848/ZN,69.16,61.6,False,5990,0.467418,0.5230035,1.664199,2.131617,EXTRACTED
I3874,U_I3874/ZN,68.4,58.8,False,2983,0.7863829999999999,1.2286924539999997,3.328398,4.114781,EXTRACTED
I3875,U_I3875/ZN,64.41,51.8,False,6249,0.432512,0.18137589,1.599032,2.0315440000000002,EXTRACTED
I3876,U_I3876/ZN,74.29,51.8,False,6169,0.581028,0.6656552,1.664199,2.245227,EXTRACTED
I3893,U_I3893/ZN,64.22,44.8,False,2140,0.5603624,0.5221973200000001,3.328398,3.8887604,EXTRACTED
I3894,U_I3894/ZN,69.92,49.0,False,6515,0.6866341,0.36091616699999995,1.599032,2.2856661000000003,EXTRACTED
I3895,U_I3895/ZN,63.46,46.2,False,6586,0.442448,0.46007406000000006,1.664199,2.106647,EXTRACTED
I3914,U_I3914/ZN,68.59,65.8,False,1530,0.7254085,0.5210335300000001,3.328398,4.0538065,EXTRACTED
I3915,U_I3915/ZN,72.58,68.6,False,6667,0.201624,0.27576880000000004,1.599032,1.800656,EXTRACTED
I3916,U_I3916/ZN,72.77,60.2,False,6667,0.34365399999999996,0.488551082,1.664199,2.007853,EXTRACTED
I3933,U_I3933/ZN,74.1,74.2,False,4751,0.5521601999999999,0.52983373,3.328398,3.8805582,EXTRACTED
I3934,U_I3934/ZN,73.53,74.2,False,5594,0.28587799999999997,0.4855464,1.599032,1.88491,EXTRACTED
I3935,U_I3935/ZN,66.5,71.4,False,5921,0.106047,0.25914269999999995,1.664199,1.770246,EXTRACTED
I3952,U_I3952/ZN,35.34,70.0,False,3494,0.6995796000000001,0.8830795499999999,3.328398,4.0279776,EXTRACTED
I3953,U_I3953/ZN,29.64,65.8,False,5963,0.1105114,0.09273313300000001,1.599032,1.7095434,EXTRACTED
I3954,U_I3954/ZN,26.79,71.4,False,6085,0.5624560000000001,0.27795227549,1.664199,2.226655,EXTRACTED
I3970,U_I3970/ZN,61.75,75.6,False,4995,0.615133,0.92721115,3.328398,3.943531,EXTRACTED
I3971,U_I3971/ZN,66.69,72.8,False,5829,0.6007480000000001,0.37716339200000004,1.599032,2.19978,EXTRACTED
I3972,U_I3972/ZN,70.87,71.4,False,5691,0.550324,0.17301696000000003,1.664199,2.214523,EXTRACTED
I3988,U_I3988/ZN,80.75,67.2,False,2019,0.6947786,0.7340354649999999,3.328398,4.0231766,EXTRACTED
I3989,U_I3989/ZN,83.79,61.6,False,6489,0.6860200000000001,0.27497383000000003,1.599032,2.2850520000000003,EXTRACTED
I3990,U_I3990/ZN,84.93,58.8,False,6725,0.8185399999999999,0.928345521,1.664199,2.482739,EXTRACTED
I4008,U_I4008/ZN,79.04,75.6,False,4750,0.5913256,0.717512737,3.328398,3.9197236,EXTRACTED
I4009,U_I4009/ZN,74.67,68.6,False,5636,0.111915,0.015274275,1.599032,1.710947,EXTRACTED
I4010,U_I4010/ZN,75.05,70.0,False,5942,0.0653732,0.09317545899999999,1.664199,1.7295722,EXTRACTED
I4040,U_I4040/ZN,81.7,25.2,False,2396,0.1667596,0.49544413000000004,0.944508,1.1112676000000001,EXTRACTED
I4150,U_I4150/ZN,30.59,93.8,False,2019,0.5171675,0.33297331299999994,3.328398,3.8455655,EXTRACTED
I4151,U_I4151/ZN,31.16,93.8,False,2565,0.7951280000000001,0.14693174,1.599032,2.3941600000000003,EXTRACTED
I4152,U_I4152/ZN,33.25,86.8,False,6474,1.052252,0.31818847400000005,1.664199,2.716451,EXTRACTED
I4159,U_I4159/ZN,32.3,68.6,False,268,0.888084,0.812811738,3.328398,4.216482,EXTRACTED
I4160,U_I4160/ZN,30.97,78.4,False,252,0.234988,0.23419175000000003,1.599032,1.83402,EXTRACTED
I4161,U_I4161/ZN,35.15,75.6,False,6760,0.625684,0.5145363199999999,1.664199,2.289883,EXTRACTED
I4182,U_I4182/ZN,26.22,21.0,False,163,0.480098,0.47338957000000004,3.328398,3.808496,EXTRACTED
I4183,U_I4183/ZN,22.99,26.6,False,703,0.67201,0.33140677500000004,1.599032,2.271042,EXTRACTED
I4184,U_I4184/ZN,26.79,21.0,False,7202,0.0482416,0.1183809,1.664199,1.7124406,EXTRACTED
I4203,U_I4203/ZN,28.69,12.6,False,838,0.713202,0.47076994000000005,3.328398,4.0416,EXTRACTED
I4204,U_I4204/ZN,30.21,18.2,False,1037,0.0652378,0.06515372000000001,1.599032,1.6642698,EXTRACTED
I4205,U_I4205/ZN,23.18,12.6,False,6600,0.8681637,0.0511552,1.664199,2.5323627,EXTRACTED
I4210,U_I4210/ZN,27.17,58.8,False,262,0.157221,0.30476678999999995,3.328398,3.485619,EXTRACTED
I4211,U_I4211/ZN,27.74,58.8,False,155,0.1713148,0.32865633000000005,1.599032,1.7703468,EXTRACTED
I4212,U_I4212/ZN,30.59,58.8,False,7149,0.033613,0.01306444,1.664199,1.6978119999999999,EXTRACTED
I4233,U_I4233/ZN,29.07,61.6,False,409,0.24320589999999997,0.21905200000000002,3.328398,3.5716039,EXTRACTED
I4234,U_I4234/ZN,31.73,60.2,False,291,0.33488799999999996,0.52752341,1.599032,1.93392,EXTRACTED
I4235,U_I4235/ZN,30.21,61.6,False,7105,0.340092,0.42739631,1.664199,2.004291,EXTRACTED
I4444,U_I4444/ZN,89.49,81.2,False,410,0.8616218,0.9722556700000002,3.328398,4.1900198,EXTRACTED
I4445,U_I4445/ZN,96.9,84.0,False,374,0.0816638,0.03596055,1.599032,1.6806958,EXTRACTED
I4446,U_I4446/ZN,85.88,88.2,False,6985,0.7171125,0.7240171300000001,1.664199,2.3813115,EXTRACTED
I4526,U_I4526/ZN,92.15,85.4,False,233,0.23386569999999998,0.47473159,3.328398,3.5622637,EXTRACTED
I4527,U_I4527/ZN,90.06,84.0,False,191,0.21631,0.0985695,1.599032,1.815342,EXTRACTED
I4528,U_I4528/ZN,91.96,82.6,False,7061,0.03261,0.026281185,1.664199,1.696809,EXTRACTED
I4537,U_I4537/ZN,55.1,91.0,False,0,1.49736909,1.99949444549,8.77167,10.26903909,EXTRACTED
I4545,U_I4545/ZN,8.55,33.6,False,822,0.3714962,0.40283668,3.328398,3.6998942,EXTRACTED
I4546,U_I4546/ZN,11.78,37.8,False,1403,0.32513600000000004,0.59306117,1.599032,1.924168,EXTRACTED
I4547,U_I4547/ZN,12.16,36.4,False,5934,0.4409517,0.85812228,1.664199,2.1051507,EXTRACTED
I4782,U_I4782/ZN,38.0,72.8,False,26,0.08476321,0.015486287,3.328398,3.41316121,EXTRACTED
I4783,U_I4783/ZN,39.14,72.8,False,242,0.135332,0.10594302000000001,1.599032,1.734364,EXTRACTED
I4784,U_I4784/ZN,38.57,72.8,False,6887,0.1466744,0.12357155,1.664199,1.8108734,EXTRACTED
I4919,U_I4919/ZN,90.44,74.2,False,150,0.07486290000000001,0.099377497,3.328398,3.4032609,EXTRACTED
I4920,U_I4920/ZN,91.01,74.2,False,101,0.1780712,0.030280045000000002,1.599032,1.7771032,EXTRACTED
I4921,U_I4921/ZN,89.87,74.2,False,6939,0.14452700000000002,0.023152953,1.664199,1.808726,EXTRACTED
I4939,U_I4939/ZN,9.69,46.2,False,608,0.1925728,0.27052029,3.328398,3.5209707999999997,EXTRACTED
I4940,U_I4940/ZN,9.88,47.6,False,795,0.0497942,0.26735180000000003,1.599032,1.6488262,EXTRACTED
I4941,U_I4941/ZN,11.97,44.8,False,6177,0.1761162,0.14551176,1.664199,1.8403152,EXTRACTED
I5169,U_I5169/ZN,100.13,75.6,False,0,0.0167349,0.000729164,1.70023,1.7169649,EXTRACTED
I5177,U_I5177/ZN,100.13,70.0,False,0,0.0301606,0.0,1.70023,1.7303906,EXTRACTED
I5182,U_I5182/ZN,99.56,72.8,False,0,0.0697122,0.23158478999999998,1.70023,1.7699422,EXTRACTED
I5187,U_I5187/ZN,98.99,72.8,False,0,0.39773400000000003,0.26563907000000003,3.328398,3.7261319999999998,EXTRACTED
I5188,U_I5188/ZN,95.0,75.6,False,0,0.209304,0.074701451,1.599032,1.808336,EXTRACTED
I5189,U_I5189/ZN,98.8,74.2,False,0,0.323258,0.32905779,1.664199,1.987457,EXTRACTED
I5195,U_I5195/ZN,53.2,86.8,False,0,0.4386219,0.8110790999999999,3.328398,3.7670199,EXTRACTED
I5196,U_I5196/ZN,58.33,81.2,False,0,0.0697276,0.01403231,1.599032,1.6687596,EXTRACTED
I5197,U_I5197/ZN,57.19,86.8,False,0,0.300966,0.188811928,1.664199,1.965165,EXTRACTED
I5207,U_I5207/ZN,96.33,72.8,False,0,0.28703029999999996,0.081728275,3.328398,3.6154283,EXTRACTED
I5208,U_I5208/ZN,93.67,71.4,False,0,0.1880252,0.15476484,1.599032,1.7870572,EXTRACTED
I5209,U_I5209/ZN,96.9,72.8,False,0,0.45834199999999997,0.39698082999999995,1.664199,2.122541,EXTRACTED
I5214,U_I5214/ZN,59.47,99.4,False,0,0.07570940000000001,0.00576901,1.70023,1.7759394,EXTRACTED
I5217,U_I5217/ZN,1.33,51.8,False,0,0.468138,0.217205765,1.70023,2.168368,EXTRACTED
I5226,U_I5226/ZN,64.03,70.0,False,5034,0.49966410000000006,0.6863133549999999,3.328398,3.8280621,EXTRACTED
I5227,U_I5227/ZN,62.32,70.0,False,5440,0.0837892,0.32429479,1.599032,1.6828212,EXTRACTED
I5228,U_I5228/ZN,57.19,67.2,False,5518,0.29419199999999995,0.218058666,1.664199,1.958391,EXTRACTED
I5233,U_I5233/ZN,56.05,100.8,False,0,0.12191819999999999,0.19168336099999997,1.70023,1.8221482,EXTRACTED
I5242,U_I5242/ZN,62.32,75.6,False,3732,0.6580738,1.002011809,3.328398,3.9864718,EXTRACTED
I5243,U_I5243/ZN,59.85,68.6,False,6819,0.381808,0.47628209,1.599032,1.98084,EXTRACTED
I5244,U_I5244/ZN,56.43,75.6,False,6813,0.6655198,0.34620860999999997,1.664199,2.3297188,EXTRACTED
I5249,U_I5249/ZN,99.18,65.8,False,0,0.1464944,0.035365704,1.70023,1.8467243999999998,EXTRACTED
I5252,U_I5252/ZN,100.13,60.2,False,0,0.1345754,0.396099,1.70023,1.8348054,EXTRACTED
I5257,U_I5257/ZN,58.9,75.6,False,5146,0.61687215,0.670743694,3.328398,3.94527015,EXTRACTED
I5258,U_I5258/ZN,60.04,75.6,False,5383,0.06490159999999999,0.014012585,1.599032,1.6639336,EXTRACTED
I5259,U_I5259/ZN,64.6,70.0,False,5405,0.446698,0.680685923,1.664199,2.110897,EXTRACTED
I5264,U_I5264/ZN,37.24,100.8,False,0,0.26958,0.14667980000000003,1.70023,1.9698099999999998,EXTRACTED
I5269,U_I5269/ZN,54.53,74.2,False,3461,0.2397136,0.149609642,3.328398,3.5681116,EXTRACTED
I5270,U_I5270/ZN,57.95,72.8,False,5976,0.48456,0.30155200000000004,1.599032,2.083592,EXTRACTED
I5271,U_I5271/ZN,55.29,74.2,False,5927,0.275752,0.17473182,1.664199,1.939951,EXTRACTED
I5292,U_I5292/ZN,42.18,78.4,False,18,0.7662811,0.47700333500000003,3.328398,4.0946791000000005,EXTRACTED
I5293,U_I5293/ZN,38.38,70.0,False,8,0.0865232,0.014841664000000001,1.599032,1.6855552,EXTRACTED
I5294,U_I5294/ZN,37.81,70.0,False,6734,0.0613678,0.024729599999999997,1.664199,1.7255668,EXTRACTED
I5300,U_I5300/ZN,23.56,22.4,False,5100,0.3706801,0.494897,3.328398,3.6990781,EXTRACTED
I5301,U_I5301/ZN,25.27,22.4,False,5628,0.5071439999999999,0.1863974,1.599032,2.106176,EXTRACTED
I5302,U_I5302/ZN,20.71,25.2,False,9292,0.39192,0.7460198,1.664199,2.056119,EXTRACTED
I5307,U_I5307/ZN,21.09,37.8,False,4028,1.1590297600000001,1.623782126,3.328398,4.48742776,EXTRACTED
I5308,U_I5308/ZN,30.59,50.4,False,6187,0.6326721,0.3242776,1.599032,2.2317041,EXTRACTED
I5309,U_I5309/ZN,20.71,40.6,False,5955,0.513936,0.134829795,1.664199,2.178135,EXTRACTED
I5320,U_I5320/ZN,99.18,68.6,False,0,0.01710698,0.00031916400000000004,1.70023,1.71733698,EXTRACTED
I5333,U_I5333/ZN,92.91,65.8,False,0,1.8111449000000002,1.978573844,5.911554,7.7226989,EXTRACTED
I5343,U_I5343/ZN,95.95,79.8,False,2474,0.01742614,0.0,1.70023,1.7176561399999999,EXTRACTED
I5351,U_I5351/ZN,57.19,50.4,False,5477,0.363006,0.8739268949999999,0.918145,1.281151,EXTRACTED
I5352,U_I5352/ZN,49.4,50.4,False,4517,0.1183188,0.055402906,0.97463,1.0929488,EXTRACTED
I5359,U_I5359/ZN,50.92,54.6,False,5477,0.16661320000000002,0.0506669,0.918145,1.0847582,EXTRACTED
I5360,U_I5360/ZN,51.49,50.4,False,4517,0.1115802,0.025433194,0.97463,1.0862102,EXTRACTED
I5535,U_I5535/ZN,90.82,75.6,False,82,0.0551904,0.09213895,3.328398,3.3835884,EXTRACTED
I5536,U_I5536/ZN,91.96,75.6,False,76,0.431712,0.216806784,1.599032,2.030744,EXTRACTED
I5537,U_I5537/ZN,91.39,75.6,False,6969,0.42582600000000004,0.25711054000000005,1.664199,2.090025,EXTRACTED
I5600,U_I5600/ZN,59.85,99.4,False,0,0.240366,0.155071802,0.918145,1.158511,EXTRACTED
I5647,U_I5647/ZN,60.23,71.4,False,5014,0.10701659999999999,0.04071927,3.328398,3.4354146,EXTRACTED
I5648,U_I5648/ZN,61.37,71.4,False,5438,0.1374116,0.011774341,1.599032,1.7364436,EXTRACTED
I5649,U_I5649/ZN,60.8,71.4,False,6994,0.10370399999999999,0.16793374000000005,1.664199,1.767903,EXTRACTED
I5657,U_I5657/ZN,63.65,72.8,False,5763,0.22514636999999998,0.20224771,3.328398,3.55354437,EXTRACTED
I5658,U_I5658/ZN,61.56,74.2,False,8612,0.37489,0.7119896,1.599032,1.973922,EXTRACTED
I5659,U_I5659/ZN,60.99,74.2,False,6139,0.33994,0.81410972,1.664199,2.004139,EXTRACTED
I5723,U_I5723/ZN,20.9,54.6,False,0,1.323434,0.626128078,1.83629,3.1597239999999998,EXTRACTED
I5759,U_I5759/ZN,48.83,67.2,False,2189,0.2619599,0.183375709,3.328398,3.5903579,EXTRACTED
I5760,U_I5760/ZN,48.83,64.4,False,5413,0.549972,0.520555728,1.599032,2.149004,EXTRACTED
I5761,U_I5761/ZN,48.45,68.6,False,3910,0.35718399999999995,0.20232310000000003,1.664199,2.021383,EXTRACTED
I5766,U_I5766/ZN,97.09,78.4,False,0,0.10947380000000001,0.036608575000000004,3.328398,3.4378718,EXTRACTED
I5767,U_I5767/ZN,97.66,78.4,False,0,0.271522,0.017138578,1.599032,1.870554,EXTRACTED
I5768,U_I5768/ZN,96.52,78.4,False,0,0.283138,0.16625678,1.664199,1.947337,EXTRACTED
I5782,U_I5782/ZN,30.78,72.8,False,14,0.20580358999999998,0.36494840600000006,3.328398,3.53420159,EXTRACTED
I5783,U_I5783/ZN,32.49,74.2,False,4,0.061451000000000006,0.018044555,1.599032,1.660483,EXTRACTED
I5784,U_I5784/ZN,30.02,72.8,False,6711,0.1669172,0.3119932839999999,1.664199,1.8311161999999999,EXTRACTED
I6026,U_I6026/ZN,61.37,72.8,False,6221,0.590812,0.7769173970000001,3.328398,3.91921,EXTRACTED
I6027,U_I6027/ZN,57.38,72.8,False,8670,0.371338,0.7278950599999999,1.599032,1.97037,EXTRACTED
I6028,U_I6028/ZN,61.75,79.8,False,6719,0.44002,0.333187229,1.664199,2.104219,EXTRACTED
I6175,U_I6175/ZN,88.54,72.8,False,29,0.0848537,0.11269114,3.328398,3.4132517,EXTRACTED
I6176,U_I6176/ZN,87.78,72.8,False,53,0.498285,0.71102209,1.599032,2.097317,EXTRACTED
I6177,U_I6177/ZN,87.21,72.8,False,7154,0.37420639999999994,1.027943984,1.664199,2.0384054,EXTRACTED
I6185,U_I6185/ZN,98.42,77.0,False,0,0.112147,0.02107877,3.328398,3.440545,EXTRACTED
I6186,U_I6186/ZN,98.99,77.0,False,0,0.0989054,0.00943568,1.599032,1.6979374,EXTRACTED
I6187,U_I6187/ZN,97.85,77.0,False,0,0.0834392,0.01872932,1.664199,1.7476382,EXTRACTED
I6194,U_I6194/ZN,36.67,78.4,False,12,0.8432793999999999,0.30175858200000005,3.328398,4.1716774,EXTRACTED
I6195,U_I6195/ZN,33.25,71.4,False,2,0.9419506,0.43783772000000015,1.599032,2.5409826,EXTRACTED
I6196,U_I6196/ZN,37.24,79.8,False,6673,0.409838,0.618627068,1.664199,2.074037,EXTRACTED
I6390,U_I6390/ZN,80.37,75.6,False,2828,0.3110178,0.5954950800000001,3.328398,3.6394158,EXTRACTED
I6391,U_I6391/ZN,78.47,81.2,False,8477,0.25466,0.52784439,1.599032,1.8536920000000001,EXTRACTED
I6392,U_I6392/ZN,80.37,77.0,False,2828,0.0322602,0.021546100000000002,1.664199,1.6964592,EXTRACTED
I6473,U_I6473/ZN,75.81,30.8,False,9,0.4882674,0.506867435,3.328398,3.8166653999999998,EXTRACTED
I6474,U_I6474/ZN,73.53,32.2,False,3,0.215314,0.18352649999999998,1.599032,1.814346,EXTRACTED
I6475,U_I6475/ZN,74.67,26.6,False,7335,0.44991,0.29563924,1.664199,2.114109,EXTRACTED
I6488,U_I6488/ZN,3.8,37.8,False,10537,0.01742614,0.0,0.918145,0.93557114,EXTRACTED
I6499,U_I6499/ZN,74.48,70.0,False,5943,0.5280981,0.6968752920000001,3.328398,3.8564961,EXTRACTED
I6500,U_I6500/ZN,80.94,74.2,False,8684,0.0798036,0.15510151,1.599032,1.6788356,EXTRACTED
I6501,U_I6501/ZN,80.37,74.2,False,5979,0.0949662,0.12741237,1.664199,1.7591652,EXTRACTED
I6659,U_I6659/ZN,81.51,77.0,False,5904,0.12516059999999998,0.0749125,3.328398,3.4535586,EXTRACTED
I6660,U_I6660/ZN,82.08,77.0,False,8811,0.4481,0.21852300600000002,1.599032,2.047132,EXTRACTED
I6661,U_I6661/ZN,81.51,75.6,False,6018,0.35583400000000004,0.6204393300000002,1.664199,2.020033,EXTRACTED
I6743,U_I6743/ZN,79.23,25.2,False,5,0.1110314,0.18982382,3.328398,3.4394294,EXTRACTED
I6744,U_I6744/ZN,77.9,23.8,False,4,0.288274,0.08166327699999999,1.599032,1.887306,EXTRACTED
I6745,U_I6745/ZN,79.42,23.8,False,7123,0.297926,0.40586275000000005,1.664199,1.962125,EXTRACTED
I6962,U_I6962/ZN,78.66,14.0,False,4,0.49140819999999996,0.5142553320000001,3.328398,3.8198062,EXTRACTED
I6963,U_I6963/ZN,83.22,16.8,False,1,0.7708999999999999,0.049390500000000004,1.599032,2.369932,EXTRACTED
I6964,U_I6964/ZN,79.42,19.6,False,7117,0.6841679,0.188749402,1.664199,2.3483669000000003,EXTRACTED
I7097,U_I7097/ZN,83.41,19.6,False,3,0.4170239,0.244220275,3.328398,3.7454219,EXTRACTED
I7098,U_I7098/ZN,85.88,15.4,False,1,0.208526,0.34355899999999995,1.599032,1.807558,EXTRACTED
I7099,U_I7099/ZN,82.84,19.6,False,7418,0.1086044,0.022900449999999996,1.664199,1.7728034,EXTRACTED
I7208,U_I7208/ZN,74.67,91.0,False,7244,0.1321936,0.15497962000000004,3.328398,3.4605916,EXTRACTED
I7209,U_I7209/ZN,75.81,91.0,False,94,0.4556354,0.83858034,1.599032,2.0546674,EXTRACTED
I7210,U_I7210/ZN,75.24,91.0,False,7747,0.5711900000000001,0.7632504010000001,1.664199,2.235389,EXTRACTED
I7216,U_I7216/ZN,66.5,98.0,False,5255,0.17789982,0.030281775000000004,3.328398,3.50629782,EXTRACTED
I7217,U_I7217/ZN,67.07,98.0,False,3633,0.428606,0.60840694,1.599032,2.027638,EXTRACTED
I7218,U_I7218/ZN,68.02,99.4,False,10193,0.513152,0.390509355,1.664199,2.177351,EXTRACTED
I7223,U_I7223/ZN,66.5,89.6,False,4421,0.5443838999999999,0.5948768999999999,3.328398,3.8727818999999997,EXTRACTED
I7224,U_I7224/ZN,67.07,89.6,False,5510,0.236258,0.028963179999999998,1.599032,1.83529,EXTRACTED
I7225,U_I7225/ZN,72.77,85.4,False,6653,0.389174,0.40913391,1.664199,2.053373,EXTRACTED
I7230,U_I7230/ZN,73.34,93.8,False,2373,0.7457860000000001,0.630367346,3.328398,4.074184,EXTRACTED
I7231,U_I7231/ZN,76.95,89.6,False,6602,0.5575715,0.37963502800000004,1.599032,2.1566035,EXTRACTED
I7232,U_I7232/ZN,76.76,84.0,False,5432,0.205988,0.2695911100000001,1.664199,1.870187,EXTRACTED
I7237,U_I7237/ZN,74.86,92.4,False,1349,0.4069395,0.43878588999999996,3.328398,3.7353375,EXTRACTED
I7238,U_I7238/ZN,76.38,93.8,False,6975,0.25122,0.3509852409999999,1.599032,1.850252,EXTRACTED
I7239,U_I7239/ZN,79.99,91.0,False,4627,0.254618,0.604683991,1.664199,1.918817,EXTRACTED
I7244,U_I7244/ZN,83.98,96.6,False,748,0.21929989,0.16401061,3.328398,3.54769789,EXTRACTED
I7245,U_I7245/ZN,83.98,93.8,False,6850,0.0966134,0.08596716499999998,1.599032,1.6956454,EXTRACTED
I7246,U_I7246/ZN,83.41,93.8,False,4034,0.08967939999999999,0.15748808,1.664199,1.7538784,EXTRACTED
I7311,U_I7311/ZN,85.12,29.4,False,2,0.43284619999999996,0.5355228679999999,3.328398,3.7612442,EXTRACTED
I7312,U_I7312/ZN,85.5,23.8,False,1,0.5055714,0.62571419,1.599032,2.1046034000000002,EXTRACTED
I7313,U_I7313/ZN,88.35,26.6,False,7337,0.570878,0.21003649000000002,1.664199,2.235077,EXTRACTED
I7318,U_I7318/ZN,4.18,32.2,False,0,0.437184,0.00826038,1.70023,2.1374139999999997,EXTRACTED
I7432,U_I7432/ZN,55.48,96.6,False,7,0.0979188,0.04515868,3.328398,3.4263168,EXTRACTED
I7433,U_I7433/ZN,54.91,96.6,False,7446,0.0981154,0.157492794,1.599032,1.6971474,EXTRACTED
I7434,U_I7434/ZN,56.05,96.6,False,27,0.0302322,0.018414718,1.664199,1.6944312,EXTRACTED
I7439,U_I7439/ZN,84.74,22.4,False,1,0.6301235199999999,0.08154861799999999,3.328398,3.9585215199999997,EXTRACTED
I7440,U_I7440/ZN,87.78,26.6,False,1,0.1294402,0.05057882,1.599032,1.7284722000000001,EXTRACTED
I7441,U_I7441/ZN,86.64,26.6,False,7300,0.12273739999999998,0.1819675,1.664199,1.7869363999999999,EXTRACTED
I7520,U_I7520/ZN,16.53,81.2,False,6699,0.6659404,0.45118964999999994,3.328398,3.9943384,EXTRACTED
I7521,U_I7521/ZN,16.53,89.6,False,169,0.44202830000000004,0.18732477897,1.599032,2.0410603,EXTRACTED
I7522,U_I7522/ZN,13.68,82.6,False,8567,0.1119652,0.0,1.664199,1.7761642,EXTRACTED
I7527,U_I7527/ZN,6.27,92.4,False,6178,0.7845040000000001,0.21264429500000004,3.328398,4.112902,EXTRACTED
I7528,U_I7528/ZN,14.06,86.8,False,4720,0.1512124,0.042016479999999995,1.599032,1.7502444,EXTRACTED
I7529,U_I7529/ZN,10.45,89.6,False,5342,0.17759660000000002,0.0985726,1.664199,1.8417956,EXTRACTED
I7534,U_I7534/ZN,10.64,85.4,False,3361,0.2199762,0.23458715600000002,3.328398,3.5483742,EXTRACTED
I7535,U_I7535/ZN,11.4,85.4,False,5578,0.450982,0.566453054,1.599032,2.050014,EXTRACTED
I7536,U_I7536/ZN,12.35,88.2,False,4027,0.704187,0.64012511,1.664199,2.368386,EXTRACTED
I7541,U_I7541/ZN,10.83,77.0,False,4558,0.0899064,0.23305169999999997,3.328398,3.4183044,EXTRACTED
I7542,U_I7542/ZN,13.3,77.0,False,3818,0.43365,0.138731747,1.599032,2.032682,EXTRACTED
I7543,U_I7543/ZN,12.54,77.0,False,6332,0.330244,0.16990074,1.664199,1.994443,EXTRACTED
I7548,U_I7548/ZN,14.82,81.2,False,1770,0.5471376000000001,0.3886676,3.328398,3.8755356,EXTRACTED
I7549,U_I7549/ZN,10.07,85.4,False,6133,0.681337,0.52666063,1.599032,2.280369,EXTRACTED
I7550,U_I7550/ZN,15.39,81.2,False,5263,0.6301732,0.5205408899999999,1.664199,2.2943721999999998,EXTRACTED
I7555,U_I7555/ZN,11.21,74.2,False,1051,0.3589544,0.26577803499999997,3.328398,3.6873524,EXTRACTED
I7556,U_I7556/ZN,10.07,75.6,False,6372,0.046730999999999995,0.207993,1.599032,1.645763,EXTRACTED
I7557,U_I7557/ZN,10.07,71.4,False,4683,0.25114000000000003,0.29168924,1.664199,1.915339,EXTRACTED
I7562,U_I7562/ZN,8.17,67.2,False,851,0.8499505,0.22369190500000002,3.328398,4.1783485,EXTRACTED
I7563,U_I7563/ZN,8.74,67.2,False,6428,0.461886,0.226855231,1.599032,2.060918,EXTRACTED
I7564,U_I7564/ZN,1.33,72.8,False,4613,0.8118405000000001,0.5904043039999999,1.664199,2.4760395,EXTRACTED
I7569,U_I7569/ZN,8.74,79.8,False,2653,0.6143939,0.20596464999999997,3.328398,3.9427919,EXTRACTED
I7570,U_I7570/ZN,12.16,72.8,False,5920,0.386308,0.34056264999999997,1.599032,1.9853399999999999,EXTRACTED
I7571,U_I7571/ZN,11.02,72.8,False,4109,0.247468,0.7106223119999999,1.664199,1.911667,EXTRACTED
I7576,U_I7576/ZN,10.64,75.6,False,446,0.8491665,1.3284213950000001,3.328398,4.1775645,EXTRACTED
I7577,U_I7577/ZN,20.52,68.6,False,6507,0.48799,0.22230594,1.599032,2.087022,EXTRACTED
I7578,U_I7578/ZN,20.71,78.4,False,4784,0.74424,0.420326248,1.664199,2.408439,EXTRACTED
I7970,U_I7970/ZN,55.1,35.0,False,231,0.8298026000000001,0.8730040550000001,6.69652,7.526322599999999,EXTRACTED
I7972,U_I7972/ZN,70.87,33.6,False,88,1.255556,1.0052494200000002,1.60595,2.861506,EXTRACTED
I7980,U_I7980/ZN,64.98,26.6,False,155,1.1116475000000001,0.6452388299999999,1.635974,2.7476215,EXTRACTED
I7981,U_I7981/ZN,70.49,25.2,False,88,1.98851691,2.178592685000001,6.4238,8.41231691,EXTRACTED
I7987,U_I7987/ZN,62.89,35.0,False,574,1.1441545,1.9595482979999999,8.68402,9.8281745,EXTRACTED
I7999,U_I7999/ZN,97.85,67.2,False,1362,0.01742614,0.0,0.918145,0.93557114,EXTRACTED
I8002,U_I8002/ZN,75.43,88.2,False,729,0.9336660000000001,0.39402143800000006,1.70023,2.633896,EXTRACTED
I8079,U_I8079/ZN,67.45,35.0,False,574,0.042691999999999994,0.138564309,1.736804,1.779496,EXTRACTED
I8080,U_I8080/ZN,66.31,32.2,False,231,0.258608,0.07661221499999998,1.67413,1.9327379999999998,EXTRACTED
I8082,U_I8082/ZN,69.54,36.4,False,96,0.1853588,0.184287292,1.60595,1.7913088,EXTRACTED
I8118,U_I8118/ZN,60.61,30.8,False,231,0.823779,1.135034496,1.67413,2.497909,EXTRACTED
I8119,U_I8119/ZN,63.65,30.8,False,155,1.2993268,1.512489711,4.907922,6.2072488,EXTRACTED
I8128,U_I8128/ZN,67.64,39.2,False,155,0.7186404,0.646661801,1.635974,2.3546144,EXTRACTED
I8137,U_I8137/ZN,68.21,37.8,False,149,0.18320899999999998,0.109290371,1.635974,1.819183,EXTRACTED
I8144,U_I8144/ZN,71.44,98.0,False,804,0.342146,0.41227677500000004,1.70023,2.042376,EXTRACTED
I8150,U_I8150/ZN,74.1,95.2,False,834,0.358126,0.178404452,1.70023,2.058356,EXTRACTED
I8156,U_I8156/ZN,73.34,98.0,False,733,0.425966,0.23402929,1.70023,2.1261959999999998,EXTRACTED
I8162,U_I8162/ZN,76.0,88.2,False,953,0.978566,0.7182132399999999,1.70023,2.678796,EXTRACTED
I8168,U_I8168/ZN,60.04,98.0,False,730,0.7616480000000001,0.42898174,1.70023,2.461878,EXTRACTED
I8174,U_I8174/ZN,68.59,96.6,False,730,0.0132445,0.006561849999999999,1.70023,1.7134745,EXTRACTED
I8180,U_I8180/ZN,59.09,95.2,False,732,0.447768,0.535023403,1.70023,2.147998,EXTRACTED
I8186,U_I8186/ZN,59.85,96.6,False,803,0.5981479999999999,0.6159681230000001,1.70023,2.2983779999999996,EXTRACTED
I8194,U_I8194/ZN,21.47,32.2,False,4809,0.66626338,0.755554898,3.328398,3.99466138,EXTRACTED
I8195,U_I8195/ZN,27.55,25.2,False,5789,0.0525216,0.009518809999999999,1.599032,1.6515536,EXTRACTED
I8196,U_I8196/ZN,28.12,25.2,False,7582,0.0588098,0.12103439999999999,1.664199,1.7230088,EXTRACTED
I8201,U_I8201/ZN,26.41,44.8,False,4955,0.62492013,0.6074093700000001,3.328398,3.95331813,EXTRACTED
I8202,U_I8202/ZN,33.06,49.0,False,5636,0.9044970000000001,0.613615857,1.599032,2.5035290000000003,EXTRACTED
I8203,U_I8203/ZN,32.68,50.4,False,9415,0.759922,0.9245567900000001,1.664199,2.424121,EXTRACTED
I8345,U_I8345/ZN,55.29,36.4,False,326,0.13179559999999998,0.20790967999999999,0.941245,1.0730406,EXTRACTED
I8346,U_I8346/ZN,57.95,25.2,False,123,1.2429001,1.07984893,0.938321,2.1812211,EXTRACTED
I8347,U_I8347/ZN,63.08,37.8,False,78,0.555252,0.33402487599999997,0.923766,1.479018,EXTRACTED
I8348,U_I8348/ZN,73.91,36.4,False,34,1.188054,1.184255674,0.914189,2.102243,EXTRACTED
I8349,U_I8349/ZN,56.43,39.2,False,549,0.367038,0.09676156,0.946814,1.313852,EXTRACTED
I8356,U_I8356/ZN,49.21,35.0,False,279,0.47629122,0.7675458289999999,0.941245,1.4175362200000001,EXTRACTED
I8357,U_I8357/ZN,60.42,21.0,False,115,0.855292,1.226488674,0.938321,1.7936130000000001,EXTRACTED
I8358,U_I8358/ZN,60.04,36.4,False,38,0.1167866,0.04274623,0.923766,1.0405526,EXTRACTED
I8359,U_I8359/ZN,61.18,35.0,False,30,0.1072896,0.12610096399999998,0.914189,1.0214786,EXTRACTED
I8360,U_I8360/ZN,60.04,35.0,False,438,0.743993,0.465323632,0.946814,1.690807,EXTRACTED
I8367,U_I8367/ZN,54.53,32.2,False,336,0.7224478999999999,1.8651453,0.941245,1.6636929,EXTRACTED
I8368,U_I8368/ZN,63.46,21.0,False,128,1.0293766,1.528610966,0.938321,1.9676976,EXTRACTED
I8369,U_I8369/ZN,67.26,36.4,False,18,0.07307179999999999,0.1462228,0.923766,0.9968378,EXTRACTED
I8370,U_I8370/ZN,65.17,32.2,False,979,0.309576,0.14893954,0.914189,1.223765,EXTRACTED
I8376,U_I8376/ZN,46.36,42.0,False,130,0.92287534,1.15597667,0.941245,1.86412034,EXTRACTED
I8377,U_I8377/ZN,50.73,29.4,False,56,1.410992,1.6622257999,0.938321,2.349313,EXTRACTED
I8378,U_I8378/ZN,60.61,37.8,False,26,0.284354,0.45971097,0.923766,1.20812,EXTRACTED
I8379,U_I8379/ZN,56.05,30.8,False,957,1.180186,1.2668909380000002,0.914189,2.094375,EXTRACTED
I8385,U_I8385/ZN,43.13,35.0,False,275,0.494954,0.272371551,0.959052,1.4540060000000001,EXTRACTED
I8386,U_I8386/ZN,53.58,19.6,False,112,1.1142671499999999,0.298032492,0.940092,2.05435915,EXTRACTED
I8387,U_I8387/ZN,55.67,32.2,False,948,0.414224,0.16027980880000003,0.921561,1.335785,EXTRACTED
I8393,U_I8393/ZN,53.39,35.0,False,334,0.14942439999999999,0.11277508,0.959052,1.1084764,EXTRACTED
I8394,U_I8394/ZN,53.96,11.2,False,121,1.19809622,1.729625062,0.940092,2.13818822,EXTRACTED
I8395,U_I8395/ZN,46.93,29.4,False,966,0.7144302999999999,1.4816485600000002,0.921561,1.6359912999999997,EXTRACTED
I8767,U_I8767/ZN,99.56,65.8,False,0,0.250944,0.11046379,1.70023,1.951174,EXTRACTED
I8773,U_I8773/ZN,99.18,53.2,False,757,0.0807402,0.061821976,0.946814,1.0275542,EXTRACTED
I8774,U_I8774/ZN,101.08,60.2,False,764,0.495566,0.51212895,0.941939,1.437505,EXTRACTED
I8778,U_I8778/ZN,97.28,63.0,False,707,0.318196,0.10915937299999999,0.946814,1.26501,EXTRACTED
I8779,U_I8779/ZN,98.23,60.2,False,801,0.133075,0.14275777,0.941939,1.075014,EXTRACTED
I9050,U_I9050/ZN,14.82,53.2,False,2723,0.5931111,0.432349475,3.328398,3.9215090999999997,EXTRACTED
I9051,U_I9051/ZN,18.62,47.6,False,5554,0.6697369,0.5292998289999999,1.599032,2.2687689,EXTRACTED
I9052,U_I9052/ZN,14.25,53.2,False,4310,0.10088079999999999,0.11597835999999999,1.664199,1.7650798,EXTRACTED
I9057,U_I9057/ZN,45.79,40.6,False,191,0.605548,0.3983833,0.959052,1.5646,EXTRACTED
I9058,U_I9058/ZN,56.81,25.2,False,101,0.97295147,1.502105031,0.940092,1.91304347,EXTRACTED
I9059,U_I9059/ZN,58.9,39.2,False,952,0.155644,0.1924832,0.921561,1.077205,EXTRACTED
I9064,U_I9064/ZN,37.05,37.8,False,301,1.5465849999999999,1.5380765950000002,0.959052,2.505637,EXTRACTED
I9065,U_I9065/ZN,56.43,28.0,False,108,0.0591958,0.016995965,0.940092,0.9992878000000001,EXTRACTED
I9066,U_I9066/ZN,57.0,32.2,False,968,0.18410400000000002,0.12811632800000003,0.921561,1.105665,EXTRACTED
g1,U_g1/Q,52.63,61.6,True,6933,2.4442275700000002,1.91021142,6.356216,8.80044357,EXTRACTED
g10,U_g10/Q,56.62,78.4,True,6701,1.9875494999999999,1.36474879,6.4213830000000005,8.4089325,EXTRACTED
g102,PORT/g102,46.015,103.37,False,0,0.1443662,0.033063676,0.974659,1.1190252,EXTRACTED
g1027,U_g1027/ZN,79.61,74.2,False,2624,1.0574045,1.11645815,4.172694,5.2300985,EXTRACTED
g1036,U_g1036/ZN,67.45,81.2,False,8723,0.1529414,0.087932868,3.263231,3.4161724,EXTRACTED
g1038,U_g1038/ZN,44.46,89.6,True,7412,0.07575054,0.051878047,2.67486,2.75061054,EXTRACTED
g1039,U_g1039/ZN,78.66,42.0,True,7104,0.59622,0.38534578,3.428942,4.025162,EXTRACTED
g1042,U_g1042/ZN,66.69,84.0,False,8317,0.2960561,0.298123318,3.198064,3.4941201,EXTRACTED
g1043,U_g1043/ZN,59.47,37.8,True,7277,0.1745062,0.08166466,0.918145,1.0926512,EXTRACTED
g1044,U_g1044/ZN,65.55,78.4,False,10363,0.7731383,0.854066555,3.263231,4.0363693000000005,EXTRACTED
g1046,U_g1046/ZN,58.9,35.0,True,7079,0.6441795,0.8294075759999999,0.918145,1.5623245,EXTRACTED
g1047,U_g1047/ZN,74.29,79.8,False,9325,0.0925985,0.03200359,3.198064,3.2906625,EXTRACTED
g1048,U_g1048/ZN,24.51,39.2,True,6754,0.0556296,0.0,1.651345,1.7069746000000001,EXTRACTED
g1049,U_g1049/ZN,76.38,44.8,True,7432,0.1797952,0.0369603,2.094309,2.2741042,EXTRACTED
g1052,U_g1052/ZN,35.72,98.0,True,7382,0.130604,0.0,3.40046,3.5310639999999998,EXTRACTED
g1053,U_g1053/ZN,78.28,28.0,True,7109,8.394617399999998,7.173546004999998,19.96917,28.363787399999996,EXTRACTED
g1054,U_g1054/ZN,62.89,4.2,True,7205,0.2161957,0.00351992,3.40046,3.6166557,EXTRACTED
g1055,U_g1055/ZN,79.04,43.4,True,7245,6.4113221399999984,6.404198009999999,21.6694,28.08072214,EXTRACTED
g1056,U_g1056/ZN,49.59,99.4,False,0,0.3223081,0.540240945,2.582344,2.9046521,EXTRACTED
g1059,U_g1059/ZN,47.69,86.8,False,0,0.9506676999999999,0.8683854900000001,0.946814,1.8974817,EXTRACTED
g1060,U_g1060/ZN,48.64,99.4,False,0,0.2354703,0.11561406910000001,3.211511,3.4469812999999996,EXTRACTED
g1063,U_g1063/ZN,76.57,81.2,True,7244,0.6344582999999999,0.55241929,0.946814,1.5812723,EXTRACTED
g1064,U_g1064/ZN,49.78,100.8,False,0,0.7350254,0.8423531519999999,7.449372,8.1843974,EXTRACTED
g107,PORT/g107,48.815,103.37,False,0,0.243426,0.0033560680000000002,0.974659,1.218085,EXTRACTED
g1070,U_g1070/ZN,36.86,100.8,False,0,0.7942796000000001,0.903615026,6.534833,7.3291126,EXTRACTED
g1075,U_g1075/ZN,29.83,88.2,False,11648,0.34555600000000003,0.09307956,0.918145,1.263701,EXTRACTED
g1084,U_g1084/ZN,39.52,92.4,False,0,1.0538059299999998,1.5242718499999999,4.303028,5.3568339300000005,EXTRACTED
g11,U_g11/Q,62.32,81.2,True,7454,2.9347384699999997,1.714887166,6.0748,9.009538469999999,EXTRACTED
g111,U_g111/Q,54.72,93.8,True,7449,1.5109825000000001,1.3482323500000002,5.817088,7.3280705,EXTRACTED
g1112,U_g1112/ZN,13.3,53.2,True,7432,0.14059470000000002,0.06925925,2.67486,2.8154546999999996,EXTRACTED
g1138,U_g1138/ZN,46.17,93.8,False,0,0.39808730000000003,0.707523883,4.1250800000000005,4.523167300000001,EXTRACTED
g114,U_g114/Q,35.53,96.6,True,7442,2.4189491199999997,2.439144381,8.353833999999999,10.77278312,EXTRACTED
g1157,U_g1157/ZN,47.69,98.0,False,0,0.8059422,0.96876292,2.615201,3.4211432,EXTRACTED
g117,U_g117/Q,44.08,67.2,True,7422,0.85487,1.3543502300000003,1.836939,2.691809,EXTRACTED
g118,U_g118/Q,51.87,75.6,True,7280,0.879117,0.67442482,1.836939,2.716056,EXTRACTED
g119,U_g119/Q,45.03,81.2,True,6640,1.0859755,0.9242487929999998,2.7644640000000003,3.8504395000000002,EXTRACTED
g1192,U_g1192/ZN,19.19,1.4,False,0,0.22951,0.35485300000000003,1.70023,1.9297399999999998,EXTRACTED
g122,U_g122/Q,33.63,84.0,True,7217,1.53949807,1.2826689619999998,1.836939,3.37643707,EXTRACTED
g123,U_g123/Q,38.95,60.2,True,6947,4.06559561,1.6411735529699996,4.568284,8.633879610000001,EXTRACTED
g1250,U_g1250/ZN,50.35,91.0,True,6947,0.81635215,0.5985616279999999,3.568848,4.38520015,EXTRACTED
g1253,U_g1253/ZN,46.93,75.6,False,7439,0.20635599999999998,0.073655261,0.918145,1.124501,EXTRACTED
g1254,U_g1254/ZN,68.78,99.4,True,7474,0.06377139999999999,0.29969679,0.97463,1.0384014,EXTRACTED
g1255,U_g1255/ZN,72.77,96.6,True,7217,0.0770062,0.135053185,0.97463,1.0516362,EXTRACTED
g127,U_g127/Q,44.46,60.2,True,7412,3.07380638,3.3713042779999998,2.619024,5.69283038,EXTRACTED
g128,U_g128/Q,36.67,81.2,True,7496,1.5595857,1.4128416899999998,3.537169,5.0967547,EXTRACTED
g1290,output39/Z,37.62,100.8,True,7427,0.0731624,0.049819600000000006,0,0.0731624,EXTRACTED
g1293,output40/Z,65.74,96.6,True,7308,0.56203,0.41492646,0,0.56203,EXTRACTED
g131,U_g131/Q,40.47,91.0,True,7422,0.9188000000000001,0.536216541,6.8004,7.7192,EXTRACTED
g1316,U_g1316/ZN,4.18,44.8,False,7800,0.680918,0.3687982,0.918145,1.5990630000000001,EXTRACTED
g135,U_g135/Q,31.16,96.6,True,7463,1.67720828,1.2680250320000004,6.8004,8.47760828,EXTRACTED
g1359,U_g1359/ZN,5.89,57.4,False,0,0.4278486,0.8661828130000001,3.436505,3.8643536,EXTRACTED
g1387,U_g1387/ZN,3.42,63.0,False,0,0.649591,0.48230642900000004,4.296085,4.945676,EXTRACTED
g139,U_g139/Q,23.37,100.8,True,7431,4.1836348,1.0627796959999998,6.8004,10.9840348,EXTRACTED
g1398,U_g1398/ZN,1.9,60.2,False,0,0.5283095,0.631186101,3.54249,4.0707995,EXTRACTED
g14,U_g14/Q,54.91,68.6,True,6809,1.3318793000000002,1.154356057,6.356216,7.6880953000000005,EXTRACTED
g1402,U_g1402/ZN,4.75,58.8,False,0,1.1571941,1.3473973749999997,5.887926,7.0451201,EXTRACTED
g1407,U_g1407/ZN,3.42,64.4,False,0,1.8408446299999999,1.4551768200000001,2.494301,4.3351456299999995,EXTRACTED
g1411,U_g1411/ZN,4.37,60.2,False,0,1.0006957400000003,1.0474959360000002,4.889548,5.89024374,EXTRACTED
g1415,U_g1415/ZN,30.97,35.0,True,7153,1.2039739999999999,0.712093128,2.92389,4.127864,EXTRACTED
g1416,U_g1416/ZN,74.86,63.0,False,6948,0.533952,0.440223461,1.651345,2.1852970000000003,EXTRACTED
g1417,U_g1417/ZN,5.13,61.6,False,0,0.221274,0.26841075,0.918145,1.139419,EXTRACTED
g1418,U_g1418/ZN,26.03,39.2,False,5925,0.0726302,0.27491439,1.714471,1.7871012000000002,EXTRACTED
g1419,U_g1419/ZN,30.59,81.2,False,1308,0.363058,0.352340029,4.172694,4.535752,EXTRACTED
g1422,U_g1422/ZN,75.62,47.6,False,2140,2.584082,3.0176698209999993,8.748796,11.332878000000001,EXTRACTED
g143,U_g143/Q,76.0,86.8,True,7250,1.4700868,1.5002208369999999,8.571523,10.0416098,EXTRACTED
g1436,U_g1436/ZN,11.59,35.0,False,3588,0.50810405,0.29077246,4.172694,4.68079805,EXTRACTED
g1449,U_g1449/ZN,25.46,39.2,False,6233,0.10496860000000001,0.15201462000000002,1.651345,1.7563136000000001,EXTRACTED
g1459,U_g1459/ZN,66.12,56.0,False,10876,0.35556200000000004,0.24081577,1.650377,2.005939,EXTRACTED
g1470,U_g1470/ZN,66.88,44.8,False,8350,0.345522,0.226865034,1.621225,1.9667469999999998,EXTRACTED
g1473,U_g1473/ZN,66.12,51.8,False,8601,0.0846832,0.027625329999999997,1.590286,1.6749692,EXTRACTED
g1474,U_g1474/ZN,23.18,23.8,False,11381,0.44248625,0.7139106299999999,1.8927749999999999,2.33526125,EXTRACTED
g148,U_g148/Q,41.23,88.2,True,7456,3.9549010000000004,5.297779779000002,3.729094,7.683995,EXTRACTED
g1481,U_g1481/ZN,19.57,44.8,False,11785,0.680194,0.6127381889700001,1.8927749999999999,2.5729689999999996,EXTRACTED
g1499,U_g1499/ZN,76.76,50.4,False,3655,0.551382,0.7583013300000002,1.8927749999999999,2.4441569999999997,EXTRACTED
g15,U_g15/Q,56.05,79.8,True,7323,2.03542297,1.86779547397,6.009633,8.04505597,EXTRACTED
g1518,U_g1518/ZN,77.52,42.0,False,8644,0.47470599999999996,0.7023827699999999,1.63809,2.112796,EXTRACTED
g152,U_g152/Q,56.43,100.8,True,7474,5.620981780000001,3.6320823349699998,7.709863,13.330844780000001,EXTRACTED
g1534,U_g1534/ZN,68.78,81.2,False,9132,0.40322181,0.5871393800000001,3.263231,3.66645281,EXTRACTED
g1535,U_g1535/ZN,77.71,60.2,True,7497,1.3771198,1.21712696,7.548813,8.9259328,EXTRACTED
g1540,U_g1540/ZN,75.43,81.2,False,12620,0.2135155,0.044053117,3.198064,3.4115795,EXTRACTED
g1541,U_g1541/ZN,73.72,50.4,True,6930,0.56856,0.38451128300000004,0.918145,1.486705,EXTRACTED
g1550,U_g1550/ZN,76.57,42.0,True,6918,0.0458222,0.08119504,1.63809,1.6839122,EXTRACTED
g1551,U_g1551/ZN,78.28,36.4,True,7195,0.1015096,0.11899758,3.27618,3.3776896,EXTRACTED
g1557,U_g1557/ZN,76.57,65.8,True,7154,0.63827222,0.423338798,1.59521,2.23348222,EXTRACTED
g1558,U_g1558/ZN,31.73,23.8,False,8025,0.1635846,0.06444519,0.964824,1.1284086,EXTRACTED
g1559,U_g1559/ZN,74.67,40.6,True,6695,0.1697282,0.14730738200000001,1.63809,1.8078182,EXTRACTED
g1560,U_g1560/ZN,70.49,39.2,False,11572,0.3489369,0.46570933,3.2333,3.5822369,EXTRACTED
g1563,U_g1563/ZN,83.41,35.0,True,7258,0.35936811999999996,0.5300107199999999,1.94926,2.30862812,EXTRACTED
g1564,U_g1564/ZN,78.09,58.8,True,7440,0.9363340800000001,0.9179012299999999,6.50948,7.44581408,EXTRACTED
g157,U_g157/Q,61.75,88.2,True,7491,1.8796721999999997,2.2147851830000005,3.673229,5.5529012,EXTRACTED
g1570,U_g1570/ZN,93.48,79.8,False,1494,0.5225208,0.5709225549999999,4.172694,4.6952148,EXTRACTED
g1573,U_g1573/ZN,30.78,22.4,False,2738,0.3077475,0.68326952,0.941939,1.2496865,EXTRACTED
g1574,U_g1574/ZN,36.48,57.4,False,9034,0.1827598,0.018764751,0.964824,1.1475838,EXTRACTED
g1575,U_g1575/ZN,76.95,43.4,False,3287,0.1545558,0.10017024,1.59521,1.7497658,EXTRACTED
g1577,U_g1577/ZN,75.05,40.6,True,6909,0.3926,0.20908114000000003,0.918145,1.310745,EXTRACTED
g1582,U_g1582/ZN,35.53,54.6,False,1206,0.564112,0.20774192000000002,0.941939,1.5060509999999998,EXTRACTED
g1584,U_g1584/ZN,28.88,22.4,True,6700,0.0607966,0.01445004,1.590286,1.6510826,EXTRACTED
g1585,U_g1585/ZN,78.28,39.2,False,3484,0.7469277000000001,0.8776183700000001,6.42372,7.1706477,EXTRACTED
g1587,U_g1587/ZN,62.89,15.4,True,7034,0.10157000000000001,0.112159252,1.119679,1.221249,EXTRACTED
g1588,U_g1588/ZN,26.79,54.6,True,6992,0.0642064,0.005474155,1.590286,1.6544924,EXTRACTED
g1589,U_g1589/ZN,65.74,85.4,False,5849,2.4307461999999997,2.894160941,4.377793,6.808539199999999,EXTRACTED
g1594,U_g1594/ZN,63.46,44.8,True,7024,0.0534206,0.029980839999999998,1.119679,1.1730996,EXTRACTED
g1595,U_g1595/ZN,27.93,29.4,False,163,1.5290018099999998,0.8401646949999998,7.303634,8.83263581,EXTRACTED
g1603,U_g1603/ZN,75.81,49.0,False,6534,2.053333,2.527988913,5.250991,7.304323999999999,EXTRACTED
g1609,U_g1609/ZN,23.56,28.0,False,1883,0.7134224,0.454597873,1.929648,2.6430704,EXTRACTED
g161,U_g161/Q,69.16,92.4,True,7217,2.02136007,2.0010103,7.709863,9.73122307,EXTRACTED
g1612,U_g1612/ZN,35.34,53.2,False,262,1.8208068199999998,1.6898147710000002,7.303634,9.12444082,EXTRACTED
g1620,U_g1620/ZN,53.58,100.8,False,0,0.6083744,0.6334274349999999,3.300754,3.9091284,EXTRACTED
g1628,U_g1628/ZN,29.45,44.8,False,1650,0.22040636,0.40925241,1.929648,2.15005436,EXTRACTED
g1632,U_g1632/ZN,26.98,33.6,True,7380,0.41632600000000003,0.181732052,0.918145,1.334471,EXTRACTED
g1633,U_g1633/ZN,65.74,100.8,False,2058,0.9522952,0.5726388899999999,1.83629,2.7885852,EXTRACTED
g1638,U_g1638/ZN,24.51,30.8,True,7096,0.1009384,0.23307131,0.97463,1.0755684,EXTRACTED
g1639,U_g1639/ZN,27.17,44.8,True,7457,0.034607000000000006,0.021507544,0.918145,0.952752,EXTRACTED
g1642,U_g1642/ZN,28.31,46.2,True,6976,0.47028800000000004,0.071272855,0.97463,1.444918,EXTRACTED
g166,U_g166/Q,48.64,84.0,True,6616,2.29348171,1.9767706209999996,3.673229,5.96671071,EXTRACTED
g1661,U_g1661/ZN,76.57,53.2,True,6685,0.514716,0.669709724,8.121935,8.636651,EXTRACTED
g1675,U_g1675/ZN,76.95,57.4,True,6923,0.0699143,0.14364287,1.94926,2.0191743,EXTRACTED
g1683,U_g1683/ZN,77.71,58.8,True,7154,0.1175896,0.078861457,1.59521,1.7127996,EXTRACTED
g1686,U_g1686/ZN,34.77,88.2,False,8330,0.0443926,0.02806623,0.918145,0.9625376,EXTRACTED
g1687,U_g1687/ZN,31.73,81.2,False,7632,0.48846969999999995,0.88217577,0.918145,1.4066147,EXTRACTED
g1689,U_g1689/ZN,31.16,14.0,False,3871,0.3966959,0.09947989,3.198064,3.5947599,EXTRACTED
g1691,U_g1691/ZN,37.62,54.6,False,4278,0.6379897999999999,0.418012838,3.198064,3.8360538,EXTRACTED
g170,U_g170/Q,79.04,81.2,True,6911,2.1659985,1.9503237659999997,7.709863,9.875861500000001,EXTRACTED
g1706,U_g1706/ZN,30.97,19.6,False,2738,1.526126,0.5784224869999999,4.995956,6.522081999999999,EXTRACTED
g1716,U_g1716/ZN,34.2,56.0,False,1206,1.0660534,1.9014273099999999,4.995956,6.062009399999999,EXTRACTED
g1743,U_g1743/ZN,45.03,96.6,False,0,0.8387986999999999,1.117910125,3.436505,4.2753037,EXTRACTED
g1749,U_g1749/ZN,24.7,22.4,False,10749,0.9482298,1.6217508799999996,4.482132,5.4303618,EXTRACTED
g175,U_g175/Q,38.57,79.8,True,6675,2.3051996000000003,1.8187473650000003,3.673229,5.978428600000001,EXTRACTED
g1763,U_g1763/ZN,26.6,42.0,False,3299,0.371606,0.34582264999999995,0.941939,1.313545,EXTRACTED
g1764,U_g1764/ZN,22.61,44.8,False,7463,0.81893957,0.794135808,4.482132,5.3010715699999995,EXTRACTED
g1777,U_g1777/ZN,48.83,96.6,False,0,0.7272001,0.9369642560000001,4.296085,5.0232851,EXTRACTED
g1784,U_g1784/ZN,4.37,61.6,False,0,0.4265499,0.58750097,3.300754,3.7273039,EXTRACTED
g179,U_g179/Q,85.5,89.6,True,7154,1.7288447999999998,2.0823238799999997,7.709863,9.4387078,EXTRACTED
g1793,U_g1793/ZN,45.79,96.6,False,0,0.5854698,0.8946682800000001,3.54249,4.1279598,EXTRACTED
g1797,U_g1797/ZN,49.02,98.0,False,0,0.8403983,0.790451991,5.887926,6.728324300000001,EXTRACTED
g18,U_g18/Q,59.85,67.2,True,6823,5.025859990000001,4.675550284000001,6.4213830000000005,11.447242990000001,EXTRACTED
g1802,U_g1802/ZN,48.07,100.8,False,0,0.7803678000000001,0.4680572579999999,3.414701,4.1950688,EXTRACTED
g1808,U_g1808/ZN,6.08,84.0,False,4089,0.7980457999999999,0.55636677,1.83629,2.6343357999999997,EXTRACTED
g1815,U_g1815/ZN,45.98,98.0,False,0,1.1630769,1.3080451170000003,4.889548,6.0526249,EXTRACTED
g1822,U_g1822/ZN,46.36,96.6,False,0,0.1749618,0.61445516,0.918145,1.0931068,EXTRACTED
g1826,U_g1826/ZN,34.2,89.6,False,6351,1.1034225,0.4785400550000001,4.172694,5.2761165,EXTRACTED
g1829,U_g1829/ZN,85.88,74.2,False,8002,0.760733,1.1400537,0.918145,1.678878,EXTRACTED
g1838,U_g1838/ZN,26.03,29.4,False,163,0.2920547,0.42814122,1.83629,2.1283447,EXTRACTED
g184,U_g184/Q,51.87,82.6,True,7375,1.5934339,2.632895771,3.673229,5.2666629,EXTRACTED
g1842,U_g1842/ZN,31.16,43.4,False,262,0.1867026,0.26714294,1.83629,2.0229926,EXTRACTED
g1845,U_g1845/ZN,9.31,42.0,False,7535,0.468468,0.539862332,0.918145,1.386613,EXTRACTED
g1879,U_g1879/ZN,83.6,64.4,False,8111,0.744918,1.09035931,1.663842,2.40876,EXTRACTED
g188,U_g188/Q,85.69,86.8,True,7178,1.71418416,1.6743772219700002,7.709863,9.42404716,EXTRACTED
g1880,U_g1880/ZN,73.34,60.2,False,6534,0.7563219999999999,0.596332288,3.257295,4.013617,EXTRACTED
g1883,U_g1883/ZN,44.84,95.2,False,0,0.40589800000000004,0.6125589800000001,0.918145,1.324043,EXTRACTED
g1890,U_g1890/ZN,14.63,58.8,False,0,0.355582,0.50858972,0.918145,1.273727,EXTRACTED
g19,U_g19/Q,51.68,79.8,True,7472,1.9126765300000002,1.258819207,6.0748,7.98747653,EXTRACTED
g193,U_g193/Q,56.24,91.0,True,7406,1.745959,2.6857600599999993,3.673229,5.419188,EXTRACTED
g1936,U_g1936/ZN,44.84,89.6,True,7412,0.0936866,0.08188408700000001,0.97463,1.0683166,EXTRACTED
g197,U_g197/Q,47.69,25.2,True,7109,6.199767,4.425808796999998,13.301642,19.501409,EXTRACTED
g1978,U_g1978/ZN,7.98,60.2,False,0,0.1428528,0.07529856400000001,0.918145,1.0609978,EXTRACTED
g1997,U_g1997/ZN,6.08,58.8,False,0,0.064389,0.019296822,1.599032,1.663421,EXTRACTED
g2,U_g2/Q,56.05,74.2,True,6742,2.6802749,1.986901946,6.4213830000000005,9.101657900000001,EXTRACTED
g2007,U_g2007/ZN,1.9,57.4,False,0,0.278002,0.53673915,1.590286,1.8682880000000002,EXTRACTED
g2008,U_g2008/ZN,9.88,57.4,False,0,0.287566,0.19202243399999996,1.70023,1.987796,EXTRACTED
g2009,U_g2009/ZN,7.79,56.0,False,0,0.0744278,0.09624644,0.918145,0.9925728,EXTRACTED
g2010,U_g2010/ZN,66.12,50.4,False,3076,1.7029169999999998,1.66942296,6.072626,7.775542999999999,EXTRACTED
g2015,U_g2015/ZN,31.73,77.0,False,502,0.7426948999999999,0.9022249379999998,4.172694,4.9153889,EXTRACTED
g2018,U_g2018/ZN,66.69,99.4,False,11322,0.40432480000000004,0.6930463750000001,1.83629,2.2406148,EXTRACTED
g2021,U_g2021/ZN,10.83,40.6,False,2940,1.0573635000000001,1.3912189099999996,4.172694,5.2300575,EXTRACTED
g2024,U_g2024/ZN,82.65,25.2,False,8140,0.0995598,0.10189630000000001,0.97463,1.0741898,EXTRACTED
g2025,U_g2025/ZN,88.92,28.0,True,7337,0.47559399999999996,0.6020417499999999,0.927525,1.403119,EXTRACTED
g2026,U_g2026/ZN,7.79,57.4,False,0,0.49914400000000003,0.402823765,3.364429,3.8635729999999997,EXTRACTED
g2032,U_g2032/ZN,16.91,32.2,False,10749,0.9115582699999999,1.22896145,1.807272,2.7188302699999998,EXTRACTED
g2036,U_g2036/ZN,23.18,43.4,False,7463,0.8290287000000001,1.4636647689699998,1.807272,2.6363007,EXTRACTED
g204,U_g204/Q,38.38,29.4,True,7053,4.165468989999999,3.4180474660000013,19.35378,23.51924899,EXTRACTED
g205,U_g205/Q,45.6,23.8,True,7058,2.8817028099999997,2.7659989780000007,14.206427,17.088129809999998,EXTRACTED
g2059,U_g2059/ZN,7.03,49.0,False,0,0.6614188000000001,0.6184593340000001,2.56949,3.2309088,EXTRACTED
g206,U_g206/Q,44.27,35.0,True,6993,2.73058215,2.8063409500000005,11.243153,13.97373515,EXTRACTED
g2060,U_g2060/ZN,13.3,54.6,True,7432,0.07723060000000001,0.05937803,0.97463,1.0518606,EXTRACTED
g2061,U_g2061/ZN,82.46,78.4,False,13134,0.701546,0.27587076,1.70023,2.401776,EXTRACTED
g2067,U_g2067/ZN,29.83,19.6,False,7246,0.443212,0.30249381,0.941939,1.385151,EXTRACTED
g2068,U_g2068/ZN,76.19,57.4,False,3772,0.83091463,1.0331755649999999,9.830072,10.66098663,EXTRACTED
g207,U_g207/Q,38.57,39.2,True,7018,2.6713668999999998,2.8537644210000024,11.374241,14.0456079,EXTRACTED
g2073,U_g2073/ZN,76.38,56.0,False,1722,1.33689049,1.8661069209999999,6.639652,7.97654249,EXTRACTED
g2078,U_g2078/ZN,37.62,23.8,True,7058,1.00737605,1.2278568559999998,3.89852,4.90589605,EXTRACTED
g208,U_g208/Q,32.68,63.0,True,6700,5.0386141,2.6819288050000005,11.037835,16.076449099999998,EXTRACTED
g2080,U_g2080/ZN,31.35,57.4,False,6838,0.38594999999999996,0.37510113200000006,0.941939,1.3278889999999999,EXTRACTED
g2081,U_g2081/ZN,75.43,57.4,False,6963,0.7059271,0.52226285,6.543203999999999,7.2491311,EXTRACTED
g2084,U_g2084/ZN,79.42,37.8,False,8189,0.6246335000000001,1.05487665,3.27618,3.9008135,EXTRACTED
g2085,U_g2085/ZN,53.96,44.8,False,6418,0.736829,0.5502947199999999,1.883878,2.620707,EXTRACTED
g209,U_g209/Q,38.76,84.0,True,7179,5.54329018,2.790143524970001,9.881060999999999,15.424351179999999,EXTRACTED
g2092,U_g2092/ZN,88.35,79.8,False,724,0.99571191,0.40251415,4.172694,5.16840591,EXTRACTED
g2095,U_g2095/ZN,28.12,22.4,False,1038,0.237226,0.33803912999999997,0.946814,1.18404,EXTRACTED
g2098,U_g2098/ZN,36.67,21.0,True,6993,0.4963862,0.284544488,1.94926,2.4456462,EXTRACTED
g2099,U_g2099/ZN,34.39,49.0,True,7022,0.5387238,0.570212459,1.94926,2.4879838,EXTRACTED
g210,U_g210/Q,31.73,25.2,True,7096,2.6412485300000004,2.88711316997,7.1471540000000005,9.78840253,EXTRACTED
g2100,U_g2100/ZN,27.17,54.6,False,1291,0.058737399999999995,0.038997768,0.946814,1.0055514,EXTRACTED
g2101,U_g2101/ZN,79.23,35.0,False,6025,0.1485226,0.208367,1.59521,1.7437326,EXTRACTED
g2105,U_g2105/ZN,29.07,26.6,True,7018,0.5378699,0.25832611,0.97463,1.5124999,EXTRACTED
g2106,U_g2106/ZN,34.39,47.6,True,6894,0.25171160000000004,0.271849942,1.94926,2.2009716,EXTRACTED
g211,U_g211/Q,26.6,35.0,True,7380,1.2004595299999998,1.2515940250000002,7.09731,8.29776953,EXTRACTED
g2111,U_g2111/ZN,33.44,51.8,True,6614,0.0796588,0.0994727,0.97463,1.0542888,EXTRACTED
g2113,U_g2113/ZN,72.77,57.4,False,3305,2.1127519,1.990641986,7.614282,9.7270339,EXTRACTED
g212,U_g212/Q,73.72,19.6,True,7115,4.51341,2.9023457559999994,6.93646,11.44987,EXTRACTED
g2121,U_g2121/ZN,24.51,29.4,False,6399,0.8443822699999999,1.18106321,2.6392409999999997,3.48362327,EXTRACTED
g2137,U_g2137/ZN,22.8,32.2,False,6803,0.423856,0.696606035,0.918145,1.342001,EXTRACTED
g2138,U_g2138/ZN,27.55,44.8,False,6716,0.7896109600000001,1.4652219970000004,2.6392409999999997,3.42885196,EXTRACTED
g2142,U_g2142/ZN,49.02,91.0,False,0,0.29286880000000004,0.32725654000000004,3.249409,3.5422778,EXTRACTED
g2156,U_g2156/ZN,29.83,51.8,False,6789,0.506822,0.275564007,0.918145,1.424967,EXTRACTED
g2160,U_g2160/ZN,1.33,77.0,False,3563,0.5002724999999999,0.240344778,1.83629,2.3365625,EXTRACTED
g2166,U_g2166/ZN,72.39,95.2,False,1034,0.662292,0.294326681,1.83629,2.498582,EXTRACTED
g218,U_g218/Q,30.78,70.0,True,7428,5.6232434399999995,6.154542689999998,6.93646,12.55970344,EXTRACTED
g22,PORT/g22,103.37,67.27,False,0,0.319224,0.036599376,0.77983,1.099054,EXTRACTED
g224,U_g224/Q,65.36,64.4,True,6945,3.0505344,3.0104090760000006,6.93646,9.9869944,EXTRACTED
g2255,U_g2255/ZN,25.46,26.6,False,1459,1.0868297,0.824465608,3.198064,4.2848937,EXTRACTED
g2263,U_g2263/ZN,31.54,91.0,False,6124,0.031535799999999996,0.02016544,0.918145,0.9496808,EXTRACTED
g2266,U_g2266/ZN,30.21,71.4,False,7217,0.320344,0.16877266999999999,0.918145,1.238489,EXTRACTED
g2267,U_g2267/ZN,38.38,56.0,False,674,0.778626,0.7817944219999999,3.198064,3.97669,EXTRACTED
g2292,U_g2292/ZN,27.36,19.6,False,838,0.68854335,0.696039045,3.198064,3.8866073500000002,EXTRACTED
g2294,U_g2294/ZN,29.07,57.4,False,409,0.16314265,0.32723692897000006,3.198064,3.36120665,EXTRACTED
g23,PORT/g23,8.495,0.07,False,0,0.129767,0.084018,0.974659,1.1044260000000001,EXTRACTED
g230,U_g230/Q,33.44,64.4,True,6986,5.432195800000001,7.342569239000005,6.018315,11.4505108,EXTRACTED
g2306,U_g2306/ZN,48.83,93.8,False,0,0.39134599999999997,0.091127295,0.918145,1.309491,EXTRACTED
g2307,U_g2307/ZN,32.49,16.8,False,7622,0.6829158,0.27554895999999995,0.964824,1.6477398,EXTRACTED
g2311,U_g2311/ZN,37.62,60.2,False,9518,0.5132220000000001,0.64771056,0.964824,1.478046,EXTRACTED
g2323,U_g2323/ZN,21.47,35.0,False,6257,0.7327793,0.37706062999999995,0.946814,1.6795933,EXTRACTED
g2330,U_g2330/ZN,46.55,100.8,False,0,0.6559701,0.5808835040000001,2.517177,3.1731471000000004,EXTRACTED
g2339,U_g2339/ZN,71.06,44.8,False,1525,0.738183,0.754129229,0.946814,1.684997,EXTRACTED
g2340,U_g2340/ZN,7.98,58.8,False,0,0.32824359999999997,0.28960907,3.249409,3.5776526,EXTRACTED
g2356,U_g2356/ZN,78.47,49.0,False,3404,0.0664708,0.043640265,0.946814,1.0132848,EXTRACTED
g236,U_g236/Q,72.58,43.4,True,7346,3.05622835,3.455024606999999,6.018315,9.07454335,EXTRACTED
g2360,U_g2360/ZN,52.25,96.6,False,0,0.21510600000000002,0.54217577,1.599032,1.814138,EXTRACTED
g24,U_g24/Q,68.4,77.0,True,6672,2.66639055,4.171819798,6.356216,9.022606549999999,EXTRACTED
g2409,U_g2409/ZN,42.37,93.8,False,0,0.54243815,0.5134831280000001,1.590286,2.13272415,EXTRACTED
g2419,U_g2419/ZN,1.33,86.8,False,2603,0.3346703,0.090966805,1.83629,2.1709603,EXTRACTED
g242,U_g242/Q,80.94,43.4,True,7279,2.39224301,1.9131492647000001,6.93646,9.32870301,EXTRACTED
g2433,U_g2433/ZN,23.75,39.2,False,10537,0.8663652,1.8346390500000003,1.70023,2.5665952,EXTRACTED
g2434,U_g2434/ZN,44.46,99.4,False,0,0.1930492,0.25082261,1.70023,1.8932791999999998,EXTRACTED
g2435,U_g2435/ZN,49.59,96.6,False,0,0.19203199999999998,0.140825845,0.918145,1.110177,EXTRACTED
g248,U_g248/Q,23.75,49.0,True,6666,5.884686199999999,3.972903093900002,6.018315,11.903001199999999,EXTRACTED
g25,U_g25/Q,51.3,40.6,True,7199,4.7837634,4.060547441,6.009633,10.793396399999999,EXTRACTED
g254,U_g254/Q,81.89,36.4,True,7294,3.65019167,4.8703021839,6.018315,9.66850667,EXTRACTED
g2551,U_g2551/ZN,24.51,92.4,False,2506,0.8795850000000001,0.077322517,4.172694,5.052279,EXTRACTED
g2577,U_g2577/ZN,47.88,91.0,False,0,0.31119379999999996,0.35734010499999996,3.364429,3.6756227999999997,EXTRACTED
g2582,U_g2582/ZN,86.26,79.8,False,7316,0.329132,0.666003715,0.918145,1.247277,EXTRACTED
g2584,output41/Z,43.89,99.4,False,0,0.347634,0.0893197,0,0.347634,EXTRACTED
g260,U_g260/Q,63.84,63.0,True,6935,2.4324829,1.5894226280000003,6.93646,9.3689429,EXTRACTED
g2602,U_g2602/ZN,75.24,82.6,False,13134,0.323782,0.5273021,1.8927749999999999,2.216557,EXTRACTED
g2607,U_g2607/ZN,12.73,36.4,False,7500,0.0504598,0.013056499999999999,0.918145,0.9686048,EXTRACTED
g2659,U_g2659/ZN,35.53,88.2,False,5933,0.1185898,0.04760738999999999,0.941939,1.0605288,EXTRACTED
g266,U_g266/Q,64.79,53.2,True,7432,2.8513145,1.7115122029999998,3.593654,6.4449685,EXTRACTED
g2663,U_g2663/ZN,63.65,56.0,True,7429,1.4782746000000002,1.3354805790000004,4.2773200000000005,5.7555946,EXTRACTED
g2670,U_g2670/ZN,33.06,85.4,False,6372,0.5062393000000001,0.509700975,1.119679,1.6259183000000001,EXTRACTED
g2671,U_g2671/ZN,32.11,91.0,False,5527,0.1138514,0.209046509,0.941939,1.0557904,EXTRACTED
g2678,U_g2678/ZN,45.98,22.4,True,7429,1.0771481,0.92142902,2.92389,4.001038100000001,EXTRACTED
g269,U_g269/Q,62.89,16.8,True,7245,5.873404240000001,3.702723604999999,13.301642,19.17504624,EXTRACTED
g2698,U_g2698/ZN,74.48,57.4,False,9378,0.575354,0.34844139,1.616298,2.191652,EXTRACTED
g2699,U_g2699/ZN,91.39,54.6,False,6615,0.051515399999999996,0.019165034000000004,0.941939,0.9934544,EXTRACTED
g2700,U_g2700/ZN,89.87,54.6,False,5893,0.040077999999999996,0.0475751,0.941939,0.9820169999999999,EXTRACTED
g2719,U_g2719/ZN,67.26,56.0,False,10714,0.484904,0.477674412,1.663842,2.148746,EXTRACTED
g2720,U_g2720/ZN,92.34,53.2,False,5580,0.057511,0.0475724,0.941939,0.99945,EXTRACTED
g2731,U_g2731/ZN,66.88,40.6,False,11889,1.673122,0.8892123399999999,1.763571,3.436693,EXTRACTED
g2733,U_g2733/ZN,92.15,61.6,False,5580,0.060670800000000004,0.1662651,0.941939,1.0026097999999999,EXTRACTED
g2745,U_g2745/ZN,70.68,65.8,False,12492,0.486712,0.38924133,1.616298,2.10301,EXTRACTED
g2757,U_g2757/ZN,69.54,71.4,False,8819,0.753411,1.54364424,1.663842,2.417253,EXTRACTED
g2758,U_g2758/ZN,97.85,47.6,False,6106,0.0509926,0.049412790000000005,0.941939,0.9929315999999999,EXTRACTED
g2759,U_g2759/ZN,99.94,47.6,False,5930,0.123577,0.38828366000000003,0.941939,1.065516,EXTRACTED
g276,U_g276/Q,44.27,47.6,True,7204,2.88390632,4.047934021000002,17.404519999999998,20.28842632,EXTRACTED
g2768,U_g2768/ZN,83.41,49.0,True,7042,3.06007483,2.3314271420000003,4.87315,7.93322483,EXTRACTED
g2769,U_g2769/ZN,31.16,65.8,False,9848,3.3664152,0.45251900899999997,1.763571,5.1299862,EXTRACTED
g277,U_g277/Q,42.94,56.0,True,7022,1.62804445,2.326049217,9.333276999999999,10.96132145,EXTRACTED
g2770,U_g2770/ZN,89.3,51.8,False,6714,0.968353,0.98460277,0.941939,1.910292,EXTRACTED
g2771,U_g2771/ZN,97.47,46.2,False,6106,0.07754420000000001,0.06345063000000001,0.941939,1.0194832,EXTRACTED
g278,U_g278/Q,39.9,74.2,True,6894,0.30687180000000003,0.38557065999999995,2.619024,2.9258958,EXTRACTED
g2780,U_g2780/ZN,72.39,78.4,False,8470,0.5037480000000001,0.23395831,1.616298,2.1200460000000003,EXTRACTED
g2782,U_g2782/ZN,95.38,46.2,False,6714,0.0755866,0.028372460000000002,0.941939,1.0175256,EXTRACTED
g2787,U_g2787/ZN,59.28,18.2,True,7429,0.9810152,1.1196167609999996,3.89852,4.8795352,EXTRACTED
g279,U_g279/Q,24.13,57.4,True,6614,1.8730090600000002,2.167777373,11.374241,13.247250059999999,EXTRACTED
g2791,U_g2791/ZN,84.93,71.4,False,12056,0.749969,0.606722701,1.663842,2.413811,EXTRACTED
g2792,U_g2792/ZN,81.51,60.2,True,7042,1.7362214000000002,1.904387524,5.84778,7.5840014,EXTRACTED
g2793,U_g2793/ZN,69.92,65.8,False,5974,0.6464025,0.8953050079999999,1.883878,2.5302805,EXTRACTED
g2794,U_g2794/ZN,92.91,49.0,False,7211,0.0535762,0.0057312479999999996,0.941939,0.9955151999999999,EXTRACTED
g2795,U_g2795/ZN,6.46,58.8,False,0,0.5949996000000001,0.34552489000000003,1.650377,2.2453766,EXTRACTED
g28,U_g28/Q,62.13,71.4,True,6772,1.6098925999999998,0.9983514379999999,6.4213830000000005,8.0312756,EXTRACTED
g280,U_g280/Q,33.06,60.2,True,6992,2.8113288199999995,2.538415057,11.037835,13.84916382,EXTRACTED
g2804,U_g2804/ZN,73.91,70.0,False,8596,0.039900200000000004,0.09351259,1.763571,1.8034712,EXTRACTED
g2808,U_g2808/ZN,6.84,56.0,False,2724,0.22429000000000002,0.28133537999999997,0.946814,1.1711040000000001,EXTRACTED
g281,U_g281/Q,43.13,43.4,True,7011,2.8950852499999997,1.7642223070000005,9.881060999999999,12.776146249999998,EXTRACTED
g282,U_g282/Q,40.85,49.0,True,6976,2.40553152,2.9544940899999994,7.1471540000000005,9.55268552,EXTRACTED
g2821,U_g2821/ZN,9.5,56.0,False,165,0.19085280000000002,0.030177480000000003,0.941939,1.1327918,EXTRACTED
g2826,U_g2826/ZN,43.51,23.8,True,7429,0.59565505,0.6714595459999999,2.92389,3.51954505,EXTRACTED
g2827,U_g2827/ZN,91.2,46.2,True,7042,1.66211251,2.2276400759999997,6.57338,8.23549251,EXTRACTED
g283,U_g283/Q,27.36,60.2,True,7457,3.4946881700000003,3.151375729,7.09731,10.59199817,EXTRACTED
g2831,U_g2831/ZN,5.7,60.2,False,0,0.8088241,0.60363203,2.627755,3.4365791000000003,EXTRACTED
g2834,U_g2834/ZN,77.14,25.2,False,71,0.19117320000000002,0.34386051,1.70023,1.8914031999999998,EXTRACTED
g284,U_g284/Q,61.75,22.4,True,7327,3.7159683999999995,2.202572429,4.116858,7.832826399999999,EXTRACTED
g2841,U_g2841/ZN,87.97,63.0,True,7042,0.926009,0.893385876,4.87315,5.7991589999999995,EXTRACTED
g2846,U_g2846/ZN,35.91,70.0,False,268,0.5667629000000001,0.799995612,4.172694,4.7394569,EXTRACTED
g2849,U_g2849/ZN,49.78,93.8,False,0,0.1023416,0.16399114399999998,0.964824,1.0671656,EXTRACTED
g285,U_g285/Q,68.4,60.2,True,7238,1.4373855999999998,0.7634034289999998,4.116858,5.5542435999999995,EXTRACTED
g2850,U_g2850/ZN,74.1,96.6,False,8431,0.36013569999999995,0.6191228299999999,1.83629,2.1964257,EXTRACTED
g2853,U_g2853/ZN,18.43,36.4,False,2225,1.032326,0.27325738,4.172694,5.20502,EXTRACTED
g2856,U_g2856/ZN,54.15,39.2,False,3076,2.3313118,2.0545698714900005,6.478497,8.809808799999999,EXTRACTED
g2858,U_g2858/ZN,50.73,91.0,False,0,2.8489168,1.6539962290000003,6.57338,9.4222968,EXTRACTED
g2859,U_g2859/ZN,44.84,74.2,False,4277,0.481446,0.31284432,1.119679,1.6011250000000001,EXTRACTED
g286,U_g286/Q,79.04,29.4,True,7325,2.1571204,1.7410826310000003,4.116858,6.2739784,EXTRACTED
g2860,U_g2860/ZN,33.06,82.6,False,6035,0.829924,0.149045783,0.941939,1.771863,EXTRACTED
g2861,U_g2861/ZN,91.39,85.4,False,3921,0.1969634,0.45995352,1.119679,1.3166424,EXTRACTED
g2868,U_g2868/ZN,13.49,42.0,False,6718,0.06820040000000001,0.07959290000000001,0.941939,1.0101394,EXTRACTED
g2869,U_g2869/ZN,7.03,43.4,False,10537,0.6948191,0.15046243,4.37509,5.0699091,EXTRACTED
g287,U_g287/Q,50.35,65.8,True,7131,2.276498,2.289838611000001,4.116858,6.393356,EXTRACTED
g2870,U_g2870/ZN,34.01,92.4,True,7442,1.1558262000000001,0.9449917770000001,3.89852,5.0543462,EXTRACTED
g2872,U_g2872/ZN,89.3,56.0,True,7042,4.05391092,4.407821920000001,5.84778,9.90169092,EXTRACTED
g2873,U_g2873/ZN,12.16,47.6,False,6640,0.7816319999999999,0.33268906,0.941939,1.7235709999999997,EXTRACTED
g2877,U_g2877/ZN,47.12,100.8,False,0,3.74358289,3.256855954999999,7.426996,11.17057889,EXTRACTED
g288,U_g288/Q,76.0,77.0,True,7185,0.67207785,0.584289335,4.116858,4.78893585,EXTRACTED
g2886,U_g2886/ZN,97.47,39.2,True,7042,0.38286748000000004,0.5563929449999999,2.92389,3.30675748,EXTRACTED
g2887,U_g2887/ZN,71.44,22.4,True,7118,1.0524074,0.70047395,3.89852,4.9509274,EXTRACTED
g289,U_g289/Q,32.3,81.2,True,7205,1.6091435,1.10234971,4.116858,5.7260015,EXTRACTED
g2890,U_g2890/ZN,49.21,29.4,True,7053,0.9558918300000001,1.2090298140000002,3.89852,4.85441183,EXTRACTED
g2891,U_g2891/ZN,72.2,23.8,True,7121,0.38556789999999996,0.18013192897,1.94926,2.3348279,EXTRACTED
g2893,U_g2893/ZN,94.62,44.8,True,7042,0.35546426999999997,0.13559949599999999,1.94926,2.30472427,EXTRACTED
g2894,U_g2894/ZN,39.14,22.4,True,7053,0.7902600999999999,0.5555981170000002,3.89852,4.6887801,EXTRACTED
g2896,U_g2896/ZN,24.32,46.2,False,7530,4.43022569,0.588815548,0.918145,5.34837069,EXTRACTED
g29,U_g29/Q,64.22,67.2,True,7153,2.28939837,1.6741560150000008,6.0748,8.36419837,EXTRACTED
g290,U_g290/Q,25.65,72.8,True,7186,2.69644973,2.1027703470000003,4.116858,6.81330773,EXTRACTED
g2903,U_g2903/ZN,75.43,23.8,True,7415,0.0472212,0.017427989999999997,0.97463,1.0218512,EXTRACTED
g2908,U_g2908/ZN,58.52,42.0,False,2898,4.0232432,0.76609983,4.62412,8.6473632,EXTRACTED
g2909,U_g2909/ZN,94.81,77.0,False,410,0.763432,0.79491649,4.172694,4.936126,EXTRACTED
g291,U_g291/Q,84.17,64.4,True,7252,1.9506708000000001,1.082989046,4.116858,6.0675288,EXTRACTED
g2915,U_g2915/ZN,32.68,54.6,True,7204,0.5846480000000001,0.9595736800000001,0.97463,1.559278,EXTRACTED
g2916,U_g2916/ZN,81.32,44.8,False,869,1.3930886,1.0089699440000002,9.821657,11.2147456,EXTRACTED
g292,U_g292/Q,72.58,67.2,True,7198,1.095469,0.8432844910000002,4.116858,5.212327,EXTRACTED
g2921,U_g2921/ZN,33.44,44.8,True,7204,1.3199885999999998,1.39911658874,3.89852,5.2185086,EXTRACTED
g2924,U_g2924/ZN,24.7,21.0,False,197,1.9423616,1.053130598,1.83629,3.7786516,EXTRACTED
g2928,U_g2928/ZN,27.93,54.6,False,152,0.3400603,0.22889544299999998,1.83629,2.1763503,EXTRACTED
g293,U_g293/Q,79.99,32.2,True,7325,3.1284204599999996,3.3863030570000006,3.729714,6.85813446,EXTRACTED
g2935,U_g2935/ZN,96.14,88.2,False,4438,0.7772779999999999,0.23212475,0.946814,1.724092,EXTRACTED
g2936,U_g2936/ZN,4.37,58.8,False,0,0.574502,0.14340339,0.964824,1.539326,EXTRACTED
g2937,U_g2937/ZN,4.56,81.2,False,2268,0.9697678,1.1372233109699998,1.83629,2.8060578,EXTRACTED
g2940,U_g2940/ZN,72.01,43.4,False,1153,0.618414,0.38871431799999995,1.664199,2.282613,EXTRACTED
g2941,U_g2941/ZN,76.0,95.2,False,537,0.26338819999999996,0.130493685,1.83629,2.0996782,EXTRACTED
g2944,U_g2944/ZN,82.65,42.0,False,1314,0.663297,0.791970628,1.664199,2.327496,EXTRACTED
g2947,U_g2947/ZN,11.02,56.0,False,0,6.09618959,3.8237118780000015,6.57338,12.66956959,EXTRACTED
g2948,U_g2948/ZN,29.07,29.4,False,44,0.26909,0.2383378,0.914189,1.183279,EXTRACTED
g2949,U_g2949/ZN,6.08,47.6,False,6470,0.868683,1.01726118,0.941939,1.810622,EXTRACTED
g2950,U_g2950/ZN,28.69,44.8,False,60,0.24764999999999998,0.402854106,0.914189,1.161839,EXTRACTED
g2951,U_g2951/ZN,48.45,95.2,False,0,0.420626,0.20200345000000003,0.946814,1.36744,EXTRACTED
g2953,U_g2953/ZN,87.59,58.8,False,1355,0.5651820999999999,0.875508271,0.946814,1.5119961,EXTRACTED
g2954,U_g2954/ZN,79.04,57.4,False,2140,0.7914835499999999,0.7199340550000001,3.198064,3.98954755,EXTRACTED
g2955,U_g2955/ZN,80.18,53.2,False,1353,0.197895,0.21338586896999998,0.946814,1.144709,EXTRACTED
g2957,U_g2957/ZN,13.11,40.6,True,7151,0.8325178000000001,0.9308441080000001,3.89852,4.7310378,EXTRACTED
g2958,U_g2958/ZN,14.44,39.2,True,7151,0.3425939,0.671284642,1.94926,2.2918539,EXTRACTED
g2960,U_g2960/ZN,37.62,99.4,False,7929,0.153478,0.07049059499999999,0.918145,1.071623,EXTRACTED
g2962,U_g2962/ZN,7.6,60.2,False,0,2.9632077900000007,2.0410996540000004,12.3033,15.26650779,EXTRACTED
g2966,U_g2966/ZN,28.88,81.2,False,6808,0.203232,0.14043144999999999,0.918145,1.121377,EXTRACTED
g2968,U_g2968/ZN,61.94,29.4,False,0,2.7386923999999997,2.411648518,6.639652,9.3783444,EXTRACTED
g297,U_g297/Q,63.08,18.2,True,7251,3.61954166,3.6233085249999992,3.729714,7.34925566,EXTRACTED
g2995,U_g2995/ZN,28.12,21.0,False,7783,0.48022400000000004,0.2117149,0.941939,1.422163,EXTRACTED
g3,U_g3/Q,44.46,54.6,True,7135,3.87172588,2.0705658810000003,6.0748,9.94652588,EXTRACTED
g3007,U_g3007/ZN,48.45,72.8,True,7439,2.32599288,1.8701889520000006,8.19045,10.51644288,EXTRACTED
g301,PORT/g301,0.07,58.87,False,0,0.1988546,0.09957818000000002,0.77983,0.9786846,EXTRACTED
g3012,U_g3012/ZN,30.97,18.2,False,7151,0.9636,0.19704366,0.921561,1.885161,EXTRACTED
g3013,U_g3013/ZN,31.16,58.8,False,7086,0.0793722,0.10257592999999998,0.941939,1.0213112,EXTRACTED
g3023,U_g3023/ZN,51.87,56.0,True,7334,1.0267004199999998,0.7776361540000001,7.97605,9.00275042,EXTRACTED
g3028,U_g3028/ZN,24.89,60.2,False,7144,0.246458,0.20057480999999996,0.921561,1.168019,EXTRACTED
g306,PORT/g306,0.07,59.43,False,0,0.841938,0.2643331,0.974659,1.816597,EXTRACTED
g3089,U_g3089/ZN,86.45,44.8,False,5719,0.201606,0.102816489,0.941939,1.143545,EXTRACTED
g3099,U_g3099/ZN,81.7,40.6,False,6880,0.40517,0.268463362,0.941939,1.347109,EXTRACTED
g310,PORT/g310,0.07,59.99,False,0,0.22439800000000001,0.06427097,0.974659,1.199057,EXTRACTED
g3103,U_g3103/ZN,83.79,50.4,False,5719,0.06360160000000001,0.08581018,0.941939,1.0055406,EXTRACTED
g3109,U_g3109/ZN,46.93,96.6,False,0,0.5160539999999999,0.3066023730000001,1.650377,2.1664309999999998,EXTRACTED
g3113,U_g3113/ZN,86.64,65.8,False,6265,1.47798,2.180689427,1.883878,3.361858,EXTRACTED
g3117,U_g3117/ZN,86.07,51.8,False,6880,0.261696,0.117634068,0.941939,1.203635,EXTRACTED
g3122,U_g3122/ZN,50.16,93.8,False,2361,0.1326028,0.20159862000000003,0.946814,1.0794168,EXTRACTED
g3123,U_g3123/ZN,86.45,63.0,False,6427,0.311894,0.47100890999999995,0.941939,1.253833,EXTRACTED
g3132,U_g3132/ZN,49.78,98.0,False,280,0.373536,0.23929831999999998,0.941939,1.315475,EXTRACTED
g3133,U_g3133/ZN,97.85,39.2,False,6535,0.1881127,0.10747388000000001,1.883878,2.0719906999999997,EXTRACTED
g3135,U_g3135/ZN,91.01,58.8,False,5893,0.297192,0.32750984800000005,0.941939,1.239131,EXTRACTED
g314,PORT/g314,0.07,61.11,False,0,0.1155596,0.011015209999999998,0.974659,1.0902186,EXTRACTED
g3140,U_g3140/ZN,48.26,98.0,False,0,0.8810822,1.12852559,2.627755,3.5088372000000003,EXTRACTED
g3143,U_g3143/ZN,94.81,39.2,False,6007,0.1201928,0.0027241419999999997,0.941939,1.0621318,EXTRACTED
g3145,U_g3145/ZN,91.2,64.4,False,6615,0.588232,0.87481039,0.941939,1.530171,EXTRACTED
g3146,U_g3146/ZN,89.11,65.8,False,5893,0.1039398,0.11650483,0.941939,1.0458787999999999,EXTRACTED
g3147,U_g3147/ZN,1.33,82.6,False,698,0.8431029999999999,0.6290736310000001,1.83629,2.679393,EXTRACTED
g3154,U_g3154/ZN,28.31,40.6,False,86,0.1514002,0.04117291000000001,0.946814,1.0982142000000001,EXTRACTED
g3155,U_g3155/ZN,86.26,50.4,False,5748,0.7541625000000001,0.6963711940000001,1.883878,2.6380405,EXTRACTED
g3156,U_g3156/ZN,97.09,42.0,False,6007,0.1314498,0.10189189,0.941939,1.0733888,EXTRACTED
g3157,U_g3157/ZN,93.29,64.4,False,5580,0.0500968,0.0132323,0.941939,0.9920358,EXTRACTED
g3161,U_g3161/ZN,87.02,67.2,False,6615,0.054799999999999995,0.0031129779999999998,0.941939,0.9967389999999999,EXTRACTED
g3166,U_g3166/ZN,28.12,43.4,False,152,0.052731600000000003,0.005941930999999999,0.941939,0.9946706,EXTRACTED
g3167,U_g3167/ZN,51.3,92.4,False,122,0.8778944,0.9349291799999999,2.56949,3.4473844,EXTRACTED
g3172,U_g3172/ZN,85.69,63.0,False,5697,0.329282,0.26885914,0.941939,1.271221,EXTRACTED
g3176,U_g3176/ZN,89.49,68.6,False,5580,0.5346801000000001,0.6156288,0.941939,1.4766191000000002,EXTRACTED
g3180,U_g3180/ZN,78.47,63.0,False,6213,0.0932198,0.14718248,0.941939,1.0351588,EXTRACTED
g3181,U_g3181/ZN,91.2,42.0,False,5993,0.0526404,0.0503093,0.941939,0.9945794,EXTRACTED
g3182,U_g3182/ZN,86.64,61.6,False,5930,0.1119064,0.0015125040000000002,0.941939,1.0538454,EXTRACTED
g3186,U_g3186/ZN,82.84,64.4,False,5697,1.0735358,1.1414099699999998,1.883878,2.9574138,EXTRACTED
g319,PORT/g319,0.07,60.55,False,0,0.984488,0.56574661,0.974659,1.9591470000000002,EXTRACTED
g3191,U_g3191/ZN,87.78,60.2,False,6106,0.445932,0.5161049,0.941939,1.387871,EXTRACTED
g3195,U_g3195/ZN,79.04,60.2,False,5930,0.6018840000000001,0.6353958600000001,0.941939,1.5438230000000002,EXTRACTED
g32,PORT/g32,103.37,61.67,False,0,0.281702,0.058005230000000005,0.77983,1.0615320000000001,EXTRACTED
g3207,U_g3207/ZN,96.33,82.6,False,7065,0.7453835,0.83214999,0.918145,1.6635285,EXTRACTED
g3208,U_g3208/ZN,35.53,95.2,False,2565,0.39690625999999996,0.374910614,0.97463,1.37153626,EXTRACTED
g3215,U_g3215/ZN,10.64,60.2,False,0,0.153604,0.06638142,0.946814,1.1004180000000001,EXTRACTED
g3222,output42/Z,100.89,77.0,False,0,0.101326,0.0616622,0,0.101326,EXTRACTED
g323,U_g323/Q,66.31,70.0,True,7151,5.8347799,7.117384630000002,12.003324,17.8381039,EXTRACTED
g3246,U_g3246/ZN,92.53,82.6,False,6974,0.0460602,0.01659807,0.918145,0.9642052,EXTRACTED
g326,U_g326/Q,70.3,82.6,True,6858,3.1862003999999997,2.6586592300000005,1.836939,5.0231394,EXTRACTED
g327,U_g327/Q,27.93,74.2,True,6699,0.396148,0.41209807,1.836939,2.2330870000000003,EXTRACTED
g3275,U_g3275/ZN,36.48,26.6,False,6523,0.34304799999999996,0.5229550399999999,0.941939,1.2849869999999999,EXTRACTED
g3276,U_g3276/ZN,6.08,40.6,False,7337,0.409638,0.35158801,0.918145,1.327783,EXTRACTED
g3277,U_g3277/ZN,43.32,28.0,False,6412,0.19444579999999997,0.37070376,0.941939,1.1363847999999999,EXTRACTED
g3278,U_g3278/ZN,45.79,46.2,False,5762,0.0861776,0.023595042,0.941939,1.0281166,EXTRACTED
g328,U_g328/Q,18.43,51.8,True,6569,4.1557136,2.485467102,2.7644640000000003,6.920177600000001,EXTRACTED
g3280,U_g3280/ZN,49.78,21.0,False,6620,1.80795,0.50980536,0.941939,2.749889,EXTRACTED
g3281,U_g3281/ZN,42.75,58.8,False,5818,0.337688,0.45465933,0.941939,1.279627,EXTRACTED
g3282,U_g3282/ZN,35.72,89.6,False,5752,0.033152799999999996,4.55949e-06,0.946814,0.9799668,EXTRACTED
g3283,U_g3283/ZN,57.38,23.8,False,4646,0.378886,0.47523751999999997,1.651345,2.030231,EXTRACTED
g3285,U_g3285/ZN,34.58,29.4,False,6030,0.48442599999999997,0.53583337,0.941939,1.4263649999999999,EXTRACTED
g3286,U_g3286/ZN,41.23,58.8,False,5670,0.389546,0.274464098,0.941939,1.331485,EXTRACTED
g3287,U_g3287/ZN,32.87,91.0,False,5772,0.07351020000000001,0.13481717,0.946814,1.0203242000000001,EXTRACTED
g3288,U_g3288/ZN,52.06,25.2,False,4468,0.15974000000000002,0.26204658399999997,1.651345,1.811085,EXTRACTED
g3290,U_g3290/ZN,38.0,32.2,False,6565,0.10138019999999999,0.11427728599999999,0.941939,1.0433192,EXTRACTED
g3292,U_g3292/ZN,41.42,57.4,False,6596,0.1033032,0.09607657,0.941939,1.0452422,EXTRACTED
g3294,U_g3294/ZN,35.15,85.4,False,5525,0.5681283,0.38031056649,0.946814,1.5149423,EXTRACTED
g3295,U_g3295/ZN,53.58,25.2,False,4440,0.08250740000000001,0.2700919,1.651345,1.7338524,EXTRACTED
g3296,U_g3296/ZN,49.78,22.4,False,4440,0.255036,0.45937501,1.651345,1.906381,EXTRACTED
g3298,U_g3298/ZN,47.88,29.4,False,6525,0.6549403899999999,1.122975944,0.941939,1.5968793899999998,EXTRACTED
g33,U_g33/Q,60.61,28.0,True,7188,4.739983960000001,5.555842439999998,6.009633,10.74961696,EXTRACTED
g3300,U_g3300/ZN,38.19,60.2,False,5709,0.567924,0.535032214,0.941939,1.509863,EXTRACTED
g3301,U_g3301/ZN,85.69,54.6,False,1416,0.37707,0.355556785,0.946814,1.323884,EXTRACTED
g3302,U_g3302/ZN,84.36,51.8,False,4450,0.377544,0.368019847,0.946814,1.3243580000000001,EXTRACTED
g3303,U_g3303/ZN,39.52,21.0,False,6437,0.09493120000000001,0.01674168,1.714471,1.8094022,EXTRACTED
g3304,U_g3304/ZN,39.71,85.4,False,4220,0.5442441,0.7946912449999999,0.946814,1.4910581,EXTRACTED
g3305,U_g3305/ZN,40.09,99.4,False,5473,0.645632,0.5670236550000001,0.941939,1.587571,EXTRACTED
g3307,U_g3307/ZN,37.05,40.6,False,6244,0.391858,0.12811971,0.941939,1.333797,EXTRACTED
g3309,U_g3309/ZN,39.33,43.4,False,5746,0.046756,0.022048704,0.941939,0.988695,EXTRACTED
g331,U_g331/Q,62.51,61.6,True,7183,2.6418342,2.3611587849999998,1.836939,4.4787732,EXTRACTED
g3310,U_g3310/ZN,90.06,56.0,False,2696,0.19642880000000001,0.20132074800000002,0.946814,1.1432428000000001,EXTRACTED
g3316,U_g3316/ZN,40.85,22.4,False,5825,0.4136256,1.0465688000000002,1.714471,2.1280966,EXTRACTED
g3319,U_g3319/ZN,54.72,22.4,False,4906,0.645374,0.27286984000000003,1.651345,2.296719,EXTRACTED
g332,U_g332/Q,18.81,56.0,True,6728,1.3066640999999999,1.5609728119999997,4.568284,5.8749481,EXTRACTED
g3320,U_g3320/ZN,93.67,36.4,True,7109,0.54120536,0.5094012520000001,1.94926,2.49046536,EXTRACTED
g3321,U_g3321/ZN,36.67,29.4,False,6565,0.260476,0.14810969300000001,0.941939,1.202415,EXTRACTED
g3323,U_g3323/ZN,40.85,43.4,False,7242,0.23566,0.01334954,0.941939,1.177599,EXTRACTED
g3324,U_g3324/ZN,87.21,63.0,False,2569,0.630536,0.690101948,0.946814,1.57735,EXTRACTED
g3325,U_g3325/ZN,93.1,61.6,False,2696,0.0428952,0.0,0.946814,0.9897092000000001,EXTRACTED
g3326,U_g3326/ZN,47.69,26.6,False,1992,1.4314521,0.743014967,3.30269,4.7341421,EXTRACTED
g3327,U_g3327/ZN,40.47,26.6,False,6451,0.6276379999999999,0.2900058,1.714471,2.3421089999999998,EXTRACTED
g3328,U_g3328/ZN,39.9,53.2,False,4214,0.01822642,2.27974e-06,1.651345,1.66957142,EXTRACTED
g3329,U_g3329/ZN,38.38,54.6,False,6453,0.284052,0.37185819000000003,1.714471,1.998523,EXTRACTED
g3330,U_g3330/ZN,49.02,100.8,False,0,2.86040639,2.7709960710000003,9.24824,12.108646389999999,EXTRACTED
g3332,U_g3332/ZN,99.37,42.0,True,7245,0.6097839,0.26810426949,1.94926,2.5590439,EXTRACTED
g3333,U_g3333/ZN,40.66,37.8,False,5733,0.603404,0.5685699770000001,0.941939,1.545343,EXTRACTED
g3336,U_g3336/ZN,36.29,19.6,False,1885,0.01742614,0.0,1.651345,1.66877114,EXTRACTED
g3337,U_g3337/ZN,41.42,23.8,False,6682,0.7467520000000001,0.660097673,1.714471,2.4612230000000004,EXTRACTED
g3338,U_g3338/ZN,42.18,23.8,False,6682,0.1458808,0.19256242999999998,1.714471,1.8603518,EXTRACTED
g3339,U_g3339/ZN,42.75,51.8,False,3887,0.0910864,0.11124903,1.651345,1.7424314,EXTRACTED
g3340,U_g3340/ZN,41.04,50.4,False,5851,0.1482536,0.25753026,1.714471,1.8627246000000002,EXTRACTED
g3341,U_g3341/ZN,62.32,25.2,False,4646,0.5073223,0.7208831580000001,1.651345,2.1586673000000003,EXTRACTED
g3345,U_g3345/ZN,94.81,43.4,False,2115,0.34954,0.27801902000000006,0.946814,1.296354,EXTRACTED
g3349,U_g3349/ZN,41.23,25.2,False,2956,0.4962358,0.73519729,1.651345,2.1475808,EXTRACTED
g3350,U_g3350/ZN,37.62,29.4,False,2956,0.379568,0.35115597,1.651345,2.030913,EXTRACTED
g3353,U_g3353/ZN,42.75,54.6,False,5929,0.7035899999999999,1.3022097000000001,1.714471,2.418061,EXTRACTED
g3356,U_g3356/ZN,95.19,47.6,False,5136,0.5005039,0.28514577799999996,1.893628,2.3941319,EXTRACTED
g3357,U_g3357/ZN,97.28,43.4,False,4034,0.22304831,0.171199028,1.893628,2.11667631,EXTRACTED
g3358,U_g3358/ZN,14.25,54.6,False,119,0.1035978,0.0072780399999999995,0.941939,1.0455368,EXTRACTED
g3359,U_g3359/ZN,46.36,22.4,False,6437,0.879066,0.5421097500000001,1.714471,2.593537,EXTRACTED
g336,U_g336/Q,18.24,53.2,True,7432,1.36904931,1.433390301,2.619024,3.98807331,EXTRACTED
g3360,U_g3360/ZN,39.14,47.6,False,4837,0.18331820000000001,0.43861739200000005,1.651345,1.8346632,EXTRACTED
g3362,U_g3362/ZN,44.27,21.0,False,4468,1.022054,0.8685625100000001,1.651345,2.673399,EXTRACTED
g3367,U_g3367/ZN,34.01,23.8,False,2258,1.1994542,0.6691686010000001,3.30269,4.5021442,EXTRACTED
g3368,U_g3368/ZN,40.28,50.4,False,5743,0.1738304,0.07883733999999999,1.714471,1.8883014,EXTRACTED
g337,U_g337/Q,44.27,61.6,True,7406,2.084078,1.5337109180000004,2.619024,4.7031019999999994,EXTRACTED
g3371,U_g3371/ZN,69.54,57.4,False,2802,0.01742614,0.0,0.946814,0.96424014,EXTRACTED
g3372,U_g3372/ZN,94.43,47.6,False,4057,0.128876,0.19839129000000003,0.946814,1.07569,EXTRACTED
g3373,U_g3373/ZN,44.46,28.0,False,5825,0.49845399999999995,0.31626358499999996,1.714471,2.2129250000000003,EXTRACTED
g3375,U_g3375/ZN,74.1,58.8,False,2802,0.0275356,0.06607736,0.946814,0.9743496,EXTRACTED
g3378,U_g3378/ZN,40.09,22.4,False,6451,0.048711000000000004,0.0288659,1.714471,1.763182,EXTRACTED
g338,U_g338/Q,13.49,40.6,True,6809,1.3481347,0.8477407069999999,3.537169,4.8853037,EXTRACTED
g3380,U_g3380/ZN,2.09,68.6,False,0,0.519578,0.53195254,1.599032,2.11861,EXTRACTED
g3381,U_g3381/ZN,41.04,21.0,False,1885,0.180639,0.41586124500000005,1.651345,1.831984,EXTRACTED
g3382,U_g3382/ZN,41.61,56.0,False,5851,0.60221,0.33677924900000006,1.714471,2.316681,EXTRACTED
g3383,U_g3383/ZN,42.18,47.6,False,3729,0.4633319,0.6139881,3.30269,3.7660219,EXTRACTED
g3384,U_g3384/ZN,81.32,25.2,False,71,0.7700382000000001,0.652392062,1.8927749999999999,2.6628132,EXTRACTED
g341,U_g341/Q,16.53,42.0,True,6845,0.9060919,1.175243205,6.8004,7.7064919,EXTRACTED
g3421,U_g3421/ZN,34.96,67.2,False,26,1.0001647200000001,0.8419486740000002,4.172694,5.17285872,EXTRACTED
g3425,U_g3425/ZN,33.63,91.0,False,1330,1.5486098,1.484480282,8.741982,10.2905918,EXTRACTED
g3433,U_g3433/ZN,6.84,57.4,False,0,0.0651518,0.22628547000000002,1.621225,1.6863768,EXTRACTED
g3434,U_g3434/ZN,79.8,96.6,False,7043,0.14435039,0.42602264,1.83629,1.98064039,EXTRACTED
g3437,U_g3437/ZN,12.73,39.2,False,1403,1.6044011,0.75915803,4.172694,5.7770951,EXTRACTED
g3449,U_g3449/ZN,40.66,82.6,False,5713,0.995784,0.524435419,0.946814,1.942598,EXTRACTED
g345,U_g345/Q,14.44,56.0,True,6673,1.7238417999999998,1.7659633810000004,6.8004,8.524241799999999,EXTRACTED
g3453,U_g3453/ZN,69.92,46.2,True,7245,4.3688044999999995,5.383588170999999,8.77167,13.1404745,EXTRACTED
g3454,U_g3454/ZN,76.95,67.2,False,4415,2.9573535,1.22889937,1.119679,4.0770325,EXTRACTED
g3456,U_g3456/ZN,90.82,46.2,True,7245,5.7791713,5.681548221000003,5.84778,11.6269513,EXTRACTED
g3459,U_g3459/ZN,86.07,30.8,True,7109,7.63723523,5.7674525028999994,14.61945,22.256685230000002,EXTRACTED
g3464,U_g3464/ZN,9.88,39.2,False,6249,0.302208,0.70125132,0.946814,1.249022,EXTRACTED
g3479,U_g3479/ZN,13.68,43.4,False,6167,0.27146400000000004,0.82874557,0.946814,1.2182780000000002,EXTRACTED
g3480,U_g3480/ZN,34.01,36.4,False,3076,3.3821529,2.4409938,3.89852,7.2806729,EXTRACTED
g3484,U_g3484/ZN,14.63,36.4,False,6265,0.465796,0.44603501799999995,0.946814,1.41261,EXTRACTED
g3487,U_g3487/ZN,55.86,25.2,True,7336,1.2735925,1.359788843,2.92389,4.1974825,EXTRACTED
g3489,U_g3489/ZN,13.49,36.4,False,6687,0.4816619,0.65809162,0.941939,1.4236008999999998,EXTRACTED
g349,U_g349/Q,16.34,35.0,True,6752,1.1744953200000001,1.342755485,6.8004,7.97489532,EXTRACTED
g3490,U_g3490/ZN,13.68,37.8,False,6255,0.8501099999999999,0.26851368000000003,0.946814,1.796924,EXTRACTED
g3499,U_g3499/ZN,13.3,46.2,False,6260,0.01742614,0.0,0.946814,0.96424014,EXTRACTED
g3502,U_g3502/ZN,11.97,53.2,False,0,3.1207612200000003,2.6865630620000007,13.87236,16.99312122,EXTRACTED
g3503,U_g3503/ZN,49.02,92.4,False,2567,1.7048775,1.4407141400000003,3.263231,4.9681085000000005,EXTRACTED
g3504,U_g3504/ZN,54.72,26.6,True,7336,0.6186400000000001,0.4882272680000001,2.92389,3.54253,EXTRACTED
g3505,U_g3505/ZN,22.04,23.8,False,10710,0.8562107099999999,0.9815097500000001,7.596077,8.45228771,EXTRACTED
g3512,U_g3512/ZN,27.36,50.4,False,7429,1.16202011,0.7136658010000001,7.596077,8.75809711,EXTRACTED
g3517,U_g3517/ZN,48.83,54.6,False,1581,0.5263880000000001,0.8082454299999999,0.902272,1.42866,EXTRACTED
g3518,U_g3518/ZN,50.92,46.2,False,2882,0.9101779999999999,1.1159231019999998,1.713056,2.623234,EXTRACTED
g3521,U_g3521/ZN,49.97,56.0,False,1581,0.10222039999999999,0.11054312,0.902272,1.0044924,EXTRACTED
g3522,U_g3522/ZN,90.82,78.4,False,233,0.4028735,0.192023762,4.172694,4.5755675,EXTRACTED
g3525,U_g3525/ZN,50.92,56.0,False,130,0.45974974999999996,1.068069546,1.889016,2.34876575,EXTRACTED
g3526,U_g3526/ZN,49.02,56.0,False,1572,0.57675443,1.3022181410000002,1.84823,2.4249844300000003,EXTRACTED
g3528,U_g3528/ZN,41.23,96.6,False,74,0.46327229999999997,0.458234363,1.664199,2.1274713,EXTRACTED
g353,U_g353/Q,16.72,37.8,True,6756,1.156493,0.7292859979999999,6.8004,7.956893,EXTRACTED
g3532,U_g3532/ZN,55.67,46.2,False,1916,0.6084307,0.6129120210000001,1.713056,2.3214867,EXTRACTED
g3533,U_g3533/ZN,28.88,43.4,False,232,1.1962945999999999,1.91193181,0.964824,2.1611186,EXTRACTED
g3536,U_g3536/ZN,52.63,51.8,False,1219,0.20653385000000002,0.52174673,1.804544,2.01107785,EXTRACTED
g3538,U_g3538/ZN,47.31,53.2,False,821,0.30004800000000004,0.137431604,0.944508,1.244556,EXTRACTED
g3539,U_g3539/ZN,50.92,47.6,False,1003,0.2965977,0.359828356,1.84823,2.1448277,EXTRACTED
g3544,U_g3544/ZN,43.51,54.6,False,821,0.6217713,0.95258676541,0.944508,1.5662793000000002,EXTRACTED
g3551,U_g3551/ZN,11.78,77.0,False,7268,0.683934,0.7451945150000001,1.83629,2.520224,EXTRACTED
g3554,U_g3554/ZN,79.04,96.6,False,220,0.1722993,0.032515555,1.83629,2.0085893,EXTRACTED
g3558,U_g3558/ZN,7.6,42.0,False,6288,0.5574220999999999,0.5478108899999999,0.946814,1.5042361,EXTRACTED
g357,U_g357/Q,16.53,49.0,True,6785,2.4499622800000003,0.7311778040000001,6.8004,9.250362280000001,EXTRACTED
g3597,U_g3597/ZN,39.14,70.0,False,7107,0.1072472,0.23091625999999998,0.918145,1.0253922,EXTRACTED
g3598,U_g3598/ZN,9.5,53.2,False,2823,0.17201463,0.49752867000000006,3.263231,3.4352456300000003,EXTRACTED
g3599,U_g3599/ZN,92.34,79.8,False,2474,0.219632,0.08568703999999999,1.70023,1.919862,EXTRACTED
g36,PORT/g36,103.37,71.75,False,0,0.346236,0.08368144,0.77983,1.126066,EXTRACTED
g3600,output43/Z,98.8,64.4,True,7426,0.27473200000000003,0.044917117000000006,0,0.27473200000000003,EXTRACTED
g3602,U_g3602/ZN,59.85,42.0,False,5999,0.1512578,0.39791354999999995,0.946814,1.0980718,EXTRACTED
g3603,U_g3603/ZN,89.68,42.0,False,5808,0.11704060000000001,0.009092862,0.941939,1.0589796,EXTRACTED
g3608,U_g3608/ZN,59.28,35.0,False,3851,0.617556,0.357202634,0.941939,1.559495,EXTRACTED
g3609,U_g3609/ZN,48.45,32.2,False,6074,0.778886,0.730314499,0.946814,1.7257,EXTRACTED
g361,U_g361/Q,27.17,85.4,True,6694,1.5087062,1.7133817850000002,8.571523,10.0802292,EXTRACTED
g3610,U_g3610/ZN,87.4,42.0,False,6623,0.0592526,0.00841832,0.941939,1.0011916,EXTRACTED
g3611,U_g3611/ZN,86.83,51.8,False,5965,0.0771046,0.034693772,0.941939,1.0190436,EXTRACTED
g3613,U_g3613/ZN,46.17,29.4,False,3786,0.41673,0.42284404000000003,0.941939,1.358669,EXTRACTED
g3614,U_g3614/ZN,49.02,37.8,False,6077,0.1115144,0.07468472,0.946814,1.0583284,EXTRACTED
g3615,U_g3615/ZN,90.06,46.2,False,5815,0.07410860000000001,0.07046792,0.941939,1.0160476,EXTRACTED
g3616,U_g3616/ZN,78.66,50.4,False,5802,0.6629183000000001,1.070664911,0.941939,1.6048573,EXTRACTED
g3617,U_g3617/ZN,50.35,35.0,False,4120,0.061428399999999994,0.034410001999999995,0.941939,1.0033674,EXTRACTED
g3618,U_g3618/ZN,48.45,26.6,False,6866,0.31365800000000005,0.19351248399999998,0.946814,1.260472,EXTRACTED
g3619,U_g3619/ZN,80.18,50.4,False,5867,0.827314,1.0494447230000001,0.941939,1.769253,EXTRACTED
g3620,U_g3620/ZN,88.16,53.2,False,6395,0.0452064,0.01824378,0.941939,0.9871454,EXTRACTED
g3621,U_g3621/ZN,13.68,53.2,False,0,0.1841262,0.292721992,1.664199,1.8483252,EXTRACTED
g3626,U_g3626/ZN,45.22,28.0,False,5831,0.1662252,0.14037891,0.946814,1.1130392,EXTRACTED
g3627,U_g3627/ZN,99.75,35.0,False,5903,0.21865400000000002,0.17449617,0.941939,1.160593,EXTRACTED
g3628,U_g3628/ZN,88.54,47.6,False,6421,0.0741112,0.03888998,0.941939,1.0160502,EXTRACTED
g3629,U_g3629/ZN,45.6,18.2,False,5999,0.08548180000000001,0.01816636,0.946814,1.0322958,EXTRACTED
g3630,U_g3630/ZN,45.22,89.6,False,141,0.087281,0.00650581,0.941939,1.02922,EXTRACTED
g3631,U_g3631/ZN,43.89,29.4,False,4252,0.0147184,0.041113,0.941939,0.9566574,EXTRACTED
g3632,U_g3632/ZN,45.22,32.2,False,5999,0.1400172,0.084404076,0.946814,1.0868312,EXTRACTED
g3633,U_g3633/ZN,87.02,37.8,False,6209,0.48391599999999996,0.200394694,0.941939,1.4258549999999999,EXTRACTED
g3634,U_g3634/ZN,83.41,42.0,False,2556,0.32830400000000004,0.27137347800000006,0.946814,1.275118,EXTRACTED
g3635,U_g3635/ZN,99.18,39.2,False,6087,0.13857219999999998,0.011655080000000002,0.941939,1.0805112,EXTRACTED
g3636,U_g3636/ZN,46.36,18.2,False,3851,0.0495358,0.00561821,0.941939,0.9914748,EXTRACTED
g3637,U_g3637/ZN,60.04,22.4,False,6074,0.0351896,0.018296800000000002,0.946814,0.9820036000000001,EXTRACTED
g3641,U_g3641/ZN,44.08,33.6,False,3909,0.0480754,0.016964669999999998,0.941939,0.9900144,EXTRACTED
g3642,U_g3642/ZN,52.82,42.0,False,6158,0.353854,0.23104285000000002,0.946814,1.300668,EXTRACTED
g3643,U_g3643/ZN,93.48,28.0,False,6729,0.6119135,0.35961613,0.941939,1.5538525,EXTRACTED
g3644,U_g3644/ZN,85.31,43.4,False,1254,0.40161199999999997,0.202976665,0.946814,1.348426,EXTRACTED
g3645,U_g3645/ZN,98.42,43.4,False,5726,0.1627238,0.03221933,0.941939,1.1046628,EXTRACTED
g3646,U_g3646/ZN,84.55,50.4,False,2556,0.01742614,0.0,0.946814,0.96424014,EXTRACTED
g3647,U_g3647/ZN,70.3,61.6,False,8304,0.472752,0.39891558699999996,1.650377,2.123129,EXTRACTED
g3648,U_g3648/ZN,59.28,22.4,False,3786,0.11342819999999999,0.047972522,0.941939,1.0553672,EXTRACTED
g3649,U_g3649/ZN,60.8,25.2,False,6077,0.5962365000000001,0.3608244480000001,0.946814,1.5430505,EXTRACTED
g3650,U_g3650/ZN,47.88,33.6,False,3386,0.426678,0.6474173950000001,0.941939,1.368617,EXTRACTED
g3651,U_g3651/ZN,45.79,30.8,False,6122,0.07533340000000001,0.09388881999999998,0.946814,1.0221474000000002,EXTRACTED
g3652,U_g3652/ZN,96.33,43.4,False,7103,0.1026214,0.09818806999999999,0.941939,1.0445604,EXTRACTED
g3653,U_g3653/ZN,86.64,58.8,False,2454,0.9514020000000001,0.6022205100000001,0.946814,1.8982160000000001,EXTRACTED
g3654,U_g3654/ZN,84.93,47.6,False,5838,0.9682381999999999,0.9418734040000001,0.941939,1.9101772,EXTRACTED
g3655,U_g3655/ZN,82.65,49.0,False,1254,0.39030800000000004,0.26038285000000005,0.946814,1.3371220000000001,EXTRACTED
g3656,U_g3656/ZN,77.71,63.0,False,9054,0.650131,1.28264759,1.621225,2.271356,EXTRACTED
g3657,U_g3657/ZN,61.75,30.8,False,4120,0.785552,0.82595434,0.941939,1.727491,EXTRACTED
g3658,U_g3658/ZN,50.73,23.8,False,6866,0.1584676,0.200330492,0.946814,1.1052816,EXTRACTED
g3659,U_g3659/ZN,41.23,26.6,False,4116,0.41163,0.33519480399999996,0.941939,1.353569,EXTRACTED
g366,U_g366/Q,18.81,75.6,True,6644,2.301572,1.8576645379999994,3.673229,5.974801,EXTRACTED
g3660,U_g3660/ZN,80.37,46.2,False,6075,0.399758,0.35101470100000004,0.941939,1.341697,EXTRACTED
g3661,U_g3661/ZN,88.54,60.2,False,3249,0.38501399999999997,0.35500589999999993,0.946814,1.331828,EXTRACTED
g3662,U_g3662/ZN,92.34,43.4,False,6312,0.044267999999999995,0.051252900000000004,0.941939,0.986207,EXTRACTED
g3663,U_g3663/ZN,80.94,50.4,False,2454,0.3887388,0.681829742,0.946814,1.3355528,EXTRACTED
g3664,U_g3664/ZN,72.77,70.0,False,8775,0.303122,0.15989292,1.590286,1.893408,EXTRACTED
g3665,U_g3665/ZN,54.34,18.2,False,720,0.5710583,0.793172178,1.883878,2.4549363,EXTRACTED
g3666,U_g3666/ZN,51.49,21.0,False,5831,0.016417420000000002,0.002495814,0.946814,0.9632314200000001,EXTRACTED
g3667,U_g3667/ZN,96.71,40.6,False,3147,0.0848124,0.07431453,0.946814,1.0316264,EXTRACTED
g3668,U_g3668/ZN,81.89,46.2,False,6200,0.0840212,0.04477336,0.941939,1.0259601999999999,EXTRACTED
g3670,U_g3670/ZN,90.82,56.0,False,3249,0.4589106,0.45201803,0.946814,1.4057246,EXTRACTED
g3671,U_g3671/ZN,50.73,21.0,False,4252,0.0688288,0.06346173799999999,0.941939,1.0107678,EXTRACTED
g3672,U_g3672/ZN,51.87,19.6,False,5999,0.16663419999999998,0.27739302,0.946814,1.1134482,EXTRACTED
g3677,U_g3677/ZN,49.97,99.4,False,0,0.1430964,0.05821648,1.599032,1.7421284,EXTRACTED
g3678,U_g3678/ZN,96.71,35.0,False,3332,0.441254,0.4354320120000001,0.946814,1.388068,EXTRACTED
g3679,U_g3679/ZN,95.76,40.6,False,3147,0.1146712,0.1377077,0.946814,1.0614852000000001,EXTRACTED
g3680,U_g3680/ZN,92.53,64.4,False,3147,0.939872,0.30129863999999995,0.946814,1.886686,EXTRACTED
g3681,U_g3681/ZN,85.88,65.8,False,3249,0.262618,0.11634035,0.946814,1.209432,EXTRACTED
g3682,U_g3682/ZN,58.52,19.6,False,3909,0.25684,0.34516723,0.941939,1.198779,EXTRACTED
g3683,U_g3683/ZN,49.4,30.8,False,6158,0.33495600000000003,0.72589884,0.946814,1.28177,EXTRACTED
g3684,U_g3684/ZN,89.3,60.2,False,2832,1.1491037,1.141836749,2.8404420000000004,3.9895457000000003,EXTRACTED
g3685,U_g3685/ZN,95.57,43.4,False,3332,0.205702,0.13755476,0.946814,1.152516,EXTRACTED
g3687,U_g3687/ZN,87.59,65.8,False,3147,0.10148220000000001,0.034234033,0.946814,1.0482962,EXTRACTED
g3688,U_g3688/ZN,50.92,30.8,False,3386,0.47493799999999997,0.63671595,0.941939,1.416877,EXTRACTED
g3689,U_g3689/ZN,49.97,23.8,False,6122,0.1645168,0.048988620000000004,0.946814,1.1113308,EXTRACTED
g3691,U_g3691/ZN,90.63,47.6,False,2832,0.5247978,0.8281177299999999,0.946814,1.4716118,EXTRACTED
g3693,U_g3693/ZN,89.3,64.4,False,3332,0.7885945999999999,1.784128077,1.893628,2.6822226000000002,EXTRACTED
g3694,U_g3694/ZN,5.7,77.0,False,460,0.26780400000000004,0.10715516949000001,1.83629,2.104094,EXTRACTED
g3697,U_g3697/ZN,48.26,28.0,False,4116,0.1921288,0.10340052,0.941939,1.1340678,EXTRACTED
g3698,U_g3698/ZN,89.68,70.0,False,3446,0.9147757100000001,1.0105574840000002,1.893628,2.8084037100000003,EXTRACTED
g3699,U_g3699/ZN,87.59,33.6,False,3066,0.584624,0.39654666000000005,0.946814,1.531438,EXTRACTED
g37,PORT/g37,56.095,103.37,False,0,0.21750599999999998,0.20314087800000002,0.77983,0.997336,EXTRACTED
g370,U_g370/Q,20.52,47.6,True,6774,2.9080865399999998,2.703035365999999,3.673229,6.58131554,EXTRACTED
g3700,U_g3700/ZN,85.12,61.6,False,3066,0.01742614,0.0,0.946814,0.96424014,EXTRACTED
g3704,U_g3704/ZN,90.82,72.8,False,3066,0.663276,0.9696729000000001,0.946814,1.61009,EXTRACTED
g3718,U_g3718/ZN,41.23,89.6,False,0,0.9296504,0.4205439470000001,1.621225,2.5508754,EXTRACTED
g3724,U_g3724/ZN,43.32,75.6,False,3110,0.44231000000000004,1.08929861,1.119679,1.561989,EXTRACTED
g3725,U_g3725/ZN,47.88,79.8,False,2857,0.1201448,0.023767960000000005,1.119679,1.2398238000000001,EXTRACTED
g3726,U_g3726/ZN,38.0,84.0,False,2643,0.0872562,0.0,1.119679,1.2069352000000002,EXTRACTED
g3727,U_g3727/ZN,42.56,98.0,False,2846,0.308114,0.20228513000000004,1.119679,1.427793,EXTRACTED
g3728,U_g3728/ZN,34.77,74.2,False,3425,0.1534912,0.30448674,1.119679,1.2731702,EXTRACTED
g3729,U_g3729/ZN,27.36,71.4,False,3361,1.756056,1.0052208294899998,1.119679,2.875735,EXTRACTED
g3730,U_g3730/ZN,67.45,57.4,False,3164,0.40621999999999997,0.17700184600000002,1.119679,1.5258990000000001,EXTRACTED
g3731,U_g3731/ZN,78.09,72.8,False,3451,0.6278298,0.34408700000000003,1.119679,1.7475088,EXTRACTED
g3732,U_g3732/ZN,94.24,57.4,False,6774,0.7126796,0.56618807,1.83629,2.5489696,EXTRACTED
g3733,U_g3733/ZN,94.24,61.6,False,6850,0.86075223,1.5415536389999998,8.396749999999999,9.257502229999998,EXTRACTED
g374,U_g374/Q,28.31,64.4,True,6674,2.0709619999999997,2.3327487439999994,3.673229,5.744191,EXTRACTED
g3741,U_g3741/ZN,9.12,57.4,False,0,0.5041781000000001,0.52046878,0.879747,1.3839251,EXTRACTED
g3742,U_g3742/ZN,89.49,72.8,False,6970,0.0273438,0.024421400000000003,0.918145,0.9454888,EXTRACTED
g3743,U_g3743/ZN,98.23,46.2,False,8288,0.523106,0.28947120000000004,0.918145,1.4412509999999998,EXTRACTED
g3744,U_g3744/ZN,97.09,47.6,False,6823,0.781452,0.42558645999999994,1.94926,2.730712,EXTRACTED
g3745,U_g3745/ZN,100.89,44.8,False,10910,0.101795,0.10544512799999999,0.97463,1.076425,EXTRACTED
g3746,U_g3746/ZN,98.99,46.2,False,8288,0.062512,0.031364500000000003,0.918145,0.980657,EXTRACTED
g3747,U_g3747/ZN,93.67,49.0,False,10796,0.451787,0.6390835300000002,1.83629,2.288077,EXTRACTED
g3748,U_g3748/ZN,95.95,47.6,False,10910,0.219104,0.159901966,0.97463,1.193734,EXTRACTED
g3749,U_g3749/ZN,70.3,57.4,False,7014,1.0325735999999999,1.3300071109999998,1.599032,2.6316056,EXTRACTED
g3751,U_g3751/ZN,75.05,58.8,False,7014,0.9270338,0.97254712,1.599032,2.5260658,EXTRACTED
g3755,U_g3755/ZN,55.1,26.6,False,5789,0.268702,0.376121376,1.714471,1.983173,EXTRACTED
g3756,U_g3756/ZN,11.59,47.6,False,6972,0.7220319,0.34534558400000004,0.918145,1.6401769,EXTRACTED
g3758,U_g3758/ZN,29.07,36.4,False,6785,0.062639,0.12039093000000001,0.946814,1.0094530000000002,EXTRACTED
g3759,U_g3759/ZN,56.24,19.6,False,5818,0.38316799999999995,0.291745445,1.714471,2.097639,EXTRACTED
g3760,U_g3760/ZN,38.38,40.6,False,7335,0.855353,0.7336987899999999,0.946814,1.802167,EXTRACTED
g3762,U_g3762/ZN,48.64,21.0,False,5871,0.6578596999999999,0.97781266,1.714471,2.3723307,EXTRACTED
g3763,U_g3763/ZN,53.77,21.0,False,5871,0.345316,0.288015754,1.714471,2.059787,EXTRACTED
g3764,U_g3764/ZN,75.62,35.0,False,7099,0.1239182,0.32192856000000003,0.946814,1.0707322000000001,EXTRACTED
g3765,U_g3765/ZN,31.16,33.6,False,7388,0.49640969999999995,0.69081898,0.946814,1.4432236999999999,EXTRACTED
g3768,U_g3768/ZN,25.84,70.0,False,3891,0.4783918,0.6983698604899999,1.119679,1.5980708000000001,EXTRACTED
g3774,U_g3774/ZN,61.56,25.2,False,6668,0.6840019,0.6446173450000001,3.428942,4.1129439,EXTRACTED
g378,U_g378/Q,21.09,72.8,True,6702,1.43069699,1.1515133520000003,3.673229,5.1039259900000005,EXTRACTED
g3780,U_g3780/ZN,55.29,30.8,False,5818,0.1312482,0.016401970000000002,1.714471,1.8457192,EXTRACTED
g3782,U_g3782/ZN,50.16,14.0,False,2898,1.2844210999999999,1.9038781400000004,3.89852,5.1829411,EXTRACTED
g3784,U_g3784/ZN,40.28,78.4,False,2904,0.0708042,0.010858977999999998,0.941939,1.0127432,EXTRACTED
g3790,U_g3790/ZN,56.24,8.4,False,2898,1.62972739,2.1686167299999997,4.87315,6.50287739,EXTRACTED
g38,PORT/g38,56.655,103.37,False,0,0.218568,0.21041407,0.77983,0.998398,EXTRACTED
g3806,U_g3806/ZN,83.79,25.2,False,8117,0.0452434,0.01660164,0.941939,0.9871824,EXTRACTED
g3810,U_g3810/ZN,36.67,70.0,False,18,0.6118097,0.8943482370000002,4.172694,4.7845037,EXTRACTED
g3814,U_g3814/ZN,70.68,36.4,False,2599,2.0783584,1.97297817,1.119679,3.1980374,EXTRACTED
g3815,U_g3815/ZN,36.67,89.6,False,8159,0.01742614,0.0,0.918145,0.93557114,EXTRACTED
g3816,U_g3816/ZN,78.28,96.6,False,5929,0.2513582,0.08578316,1.83629,2.0876482,EXTRACTED
g3819,U_g3819/ZN,15.01,54.6,False,795,0.596304,0.078421633,0.97463,1.5709339999999998,EXTRACTED
g382,U_g382/Q,24.13,79.8,True,6705,2.2885381000000002,1.3488632659999997,3.673229,5.9617671,EXTRACTED
g3820,U_g3820/ZN,34.58,91.0,False,7831,0.0815156,0.131998086,0.918145,0.9996606,EXTRACTED
g3821,U_g3821/ZN,54.91,95.2,False,0,0.453954,0.456064744,1.70023,2.154184,EXTRACTED
g3828,U_g3828/ZN,33.82,79.8,False,4220,0.0733058,0.13885366000000002,1.119679,1.1929848,EXTRACTED
g3829,U_g3829/ZN,34.77,92.4,False,7796,0.1203636,0.10978166,0.918145,1.0385086,EXTRACTED
g3831,U_g3831/ZN,53.39,98.0,False,122,0.25115,0.20644920000000003,0.941939,1.193089,EXTRACTED
g3833,U_g3833/ZN,57.19,42.0,False,7034,0.24847600000000003,0.277112134,0.918145,1.1666210000000001,EXTRACTED
g3837,U_g3837/ZN,45.22,22.4,False,7024,0.6586158,0.441326549,0.918145,1.5767608,EXTRACTED
g3841,U_g3841/ZN,50.73,36.4,False,7131,0.01211868,0.00832851,0.918145,0.93026368,EXTRACTED
g3842,U_g3842/ZN,90.25,63.0,False,7008,0.20841800000000002,0.13078903,0.97463,1.183048,EXTRACTED
g3843,U_g3843/ZN,57.38,43.4,False,2,0.62361,0.39820062,0.946814,1.570424,EXTRACTED
g3844,U_g3844/ZN,91.96,77.0,False,3961,0.48650800000000005,0.442994625,1.119679,1.6061870000000003,EXTRACTED
g3849,U_g3849/ZN,47.69,22.4,False,6870,0.5758677000000001,0.521968412,0.918145,1.4940127,EXTRACTED
g3850,U_g3850/ZN,85.88,71.4,False,8556,1.016158,1.08668867,0.918145,1.9343029999999999,EXTRACTED
g3851,U_g3851/ZN,89.3,67.2,False,7008,0.1142324,0.10534541999999998,0.97463,1.0888624,EXTRACTED
g3855,U_g3855/ZN,44.65,29.4,False,7123,0.168082,0.12268324,0.918145,1.086227,EXTRACTED
g3856,U_g3856/ZN,94.05,64.4,False,6986,0.19579539999999998,0.5660529000000001,0.97463,1.1704254,EXTRACTED
g3857,U_g3857/ZN,87.78,67.2,False,8556,0.01742614,0.0,0.918145,0.93557114,EXTRACTED
g3858,U_g3858/ZN,47.12,18.2,False,7034,0.44746,0.45792798,0.918145,1.365605,EXTRACTED
g386,U_g386/Q,17.29,50.4,True,6738,1.7894627,1.9145912459999999,3.673229,5.462691700000001,EXTRACTED
g3862,U_g3862/ZN,44.84,33.6,False,7074,0.041831600000000004,0.008374534999999999,0.918145,0.9599766,EXTRACTED
g3863,U_g3863/ZN,90.44,61.6,False,6951,0.40333399999999997,0.6606201700000001,0.918145,1.321479,EXTRACTED
g3864,U_g3864/ZN,83.6,72.8,False,6986,0.6840979,0.886303496,0.97463,1.6587279000000001,EXTRACTED
g3865,U_g3865/ZN,60.8,22.4,False,7024,0.0768922,0.041523562,0.918145,0.9950372,EXTRACTED
g3869,U_g3869/ZN,54.15,36.4,False,7220,0.49840599999999996,0.470011451,0.918145,1.416551,EXTRACTED
g3870,U_g3870/ZN,85.88,61.6,False,7056,0.08731839999999999,0.19667169,0.97463,1.0619484,EXTRACTED
g3871,U_g3871/ZN,83.03,61.6,False,6951,0.646286,0.7732355909999998,0.918145,1.564431,EXTRACTED
g3873,U_g3873/ZN,68.97,22.4,False,7131,0.31913800000000003,0.58206417,0.918145,1.2372830000000001,EXTRACTED
g3877,U_g3877/ZN,45.03,30.8,False,7130,0.1616748,0.17920708000000002,0.918145,1.0798198,EXTRACTED
g3878,U_g3878/ZN,82.84,63.0,False,7702,0.4423189,0.5110471930000001,1.83629,2.2786089,EXTRACTED
g3879,U_g3879/ZN,84.36,65.8,False,7056,0.530226,0.58427089,0.97463,1.504856,EXTRACTED
g3880,U_g3880/ZN,49.02,22.4,False,6870,0.607995,0.6002361409999999,0.918145,1.5261399999999998,EXTRACTED
g3884,U_g3884/ZN,52.25,21.0,False,7123,0.01734158,0.000945832,0.918145,0.93548658,EXTRACTED
g3887,U_g3887/ZN,12.92,37.8,False,6562,0.883902,0.407037636,0.941939,1.825841,EXTRACTED
g3888,U_g3888/ZN,55.1,18.2,False,7074,0.14743699999999998,0.169209485,0.918145,1.065582,EXTRACTED
g3891,U_g3891/ZN,46.93,25.2,False,7220,0.6167639999999999,0.7402769119999999,0.918145,1.5349089999999999,EXTRACTED
g3893,U_g3893/ZN,68.78,68.6,False,3201,2.8924993,2.160242982,3.328398,6.2208973,EXTRACTED
g3896,U_g3896/ZN,50.73,26.6,False,7130,0.48900619999999995,0.341593,0.918145,1.4071512,EXTRACTED
g3897,U_g3897/ZN,41.04,78.4,False,0,0.0132445,0.006561849999999999,0.946814,0.9600585,EXTRACTED
g3899,U_g3899/ZN,67.83,72.8,False,3625,0.620986,0.9841194199999999,0.941939,1.562925,EXTRACTED
g39,PORT/g39,103.37,72.31,False,0,0.27776199999999995,0.123780982,0.77983,1.057592,EXTRACTED
g390,U_g390/Q,12.35,61.6,True,6580,1.6865281,0.9583896910000004,3.673229,5.3597571,EXTRACTED
g3903,U_g3903/ZN,22.42,25.2,False,9544,0.394992,0.37683990999999994,0.918145,1.313137,EXTRACTED
g3905,U_g3905/ZN,25.65,47.6,False,8182,0.7002029999999999,0.786264483,0.918145,1.618348,EXTRACTED
g3906,U_g3906/ZN,17.86,54.6,False,0,1.59489231,1.930009566,10.72093,12.31582231,EXTRACTED
g3907,U_g3907/ZN,90.06,75.6,False,150,0.8712461,0.379472806,4.172694,5.0439401,EXTRACTED
g3910,U_g3910/ZN,75.05,46.2,False,2703,0.8677900000000001,0.37406773,1.119679,1.9874690000000002,EXTRACTED
g3912,U_g3912/ZN,14.82,28.0,False,10710,0.534506,0.25519852,0.946814,1.4813200000000002,EXTRACTED
g3913,U_g3913/ZN,32.87,92.4,False,8454,0.4604216,0.682790304,0.918145,1.3785666,EXTRACTED
g3921,U_g3921/ZN,23.37,49.0,False,7429,0.209492,0.25822742000000004,0.946814,1.156306,EXTRACTED
g3923,U_g3923/ZN,39.52,22.4,False,7146,0.881067,0.84345866,0.918145,1.799212,EXTRACTED
g3924,U_g3924/ZN,20.71,23.8,False,5100,0.320102,0.23373634000000004,1.651345,1.971447,EXTRACTED
g3925,U_g3925/ZN,40.09,19.6,False,7027,0.450056,0.1855609,0.918145,1.368201,EXTRACTED
g3926,U_g3926/ZN,40.09,23.8,False,8280,0.047369800000000004,0.03041803,0.918145,0.9655148,EXTRACTED
g3927,U_g3927/ZN,41.42,46.2,False,7300,0.6088519,0.367406093,0.918145,1.5269968999999999,EXTRACTED
g3928,U_g3928/ZN,22.8,46.2,False,4028,0.5896631999999999,0.5597106909999999,1.651345,2.2410082,EXTRACTED
g3929,U_g3929/ZN,42.56,21.0,False,6795,0.0422948,0.040745,0.918145,0.9604398,EXTRACTED
g3930,U_g3930/ZN,40.66,53.2,False,7009,0.15785760000000001,0.24025180000000002,0.918145,1.0760026,EXTRACTED
g3933,U_g3933/ZN,37.05,19.6,False,7146,0.1193066,0.054691295,0.918145,1.0374516,EXTRACTED
g3935,U_g3935/ZN,15.01,42.0,False,11569,0.015055220000000001,0.002370928,0.918145,0.93320022,EXTRACTED
g3936,U_g3936/ZN,4.94,77.0,False,6449,0.5691269,0.673770179,1.83629,2.4054169,EXTRACTED
g3939,U_g3939/ZN,38.57,50.4,False,7300,0.09634680000000001,0.055119662,0.918145,1.0144918,EXTRACTED
g394,U_g394/Q,18.43,60.2,True,6700,1.1828804,1.4711779149999995,3.673229,4.8561094,EXTRACTED
g3941,U_g3941/ZN,20.9,42.0,False,11399,0.4068,0.47790817999999996,0.918145,1.324945,EXTRACTED
g3942,U_g3942/ZN,10.64,63.0,False,0,1.0806019999999998,0.7522986375999998,1.70023,2.7808319999999997,EXTRACTED
g3953,U_g3953/ZN,80.56,98.0,False,118,0.227942,0.10095925,0.918145,1.146087,EXTRACTED
g3954,U_g3954/ZN,16.91,43.4,False,11100,0.416984,0.33671513999999997,0.918145,1.335129,EXTRACTED
g3955,U_g3955/ZN,94.05,72.8,False,0,0.5834035900000001,0.13060217999999998,3.263231,3.8466345900000003,EXTRACTED
g3956,U_g3956/ZN,48.64,29.4,False,8280,0.2156,0.30293580900000006,0.918145,1.133745,EXTRACTED
g3957,U_g3957/ZN,57.38,81.2,False,0,2.40903697,1.3031974570000004,3.263231,5.67226797,EXTRACTED
g3958,U_g3958/ZN,33.63,18.2,False,6795,0.332342,0.8341114599999999,0.918145,1.2504870000000001,EXTRACTED
g3959,U_g3959/ZN,35.53,47.6,False,8516,0.6454918,0.9870499209999999,0.918145,1.5636367999999998,EXTRACTED
g3961,U_g3961/ZN,92.34,68.6,False,0,0.82013394,0.7676447869999999,3.198064,4.01819794,EXTRACTED
g3964,U_g3964/ZN,85.12,46.2,False,6171,0.240768,0.16374194869999997,0.918145,1.158913,EXTRACTED
g3965,U_g3965/ZN,42.18,11.2,False,7027,0.5673279999999999,0.18512193999999998,0.918145,1.4854729999999998,EXTRACTED
g3966,U_g3966/ZN,41.8,51.8,False,9246,0.4815975,0.821980194,0.918145,1.3997425,EXTRACTED
g3968,U_g3968/ZN,59.85,70.0,False,8436,0.15127859999999999,0.09967289999999998,3.263231,3.4145096,EXTRACTED
g3971,U_g3971/ZN,82.65,46.2,False,7406,0.369832,0.9888255460000002,0.918145,1.287977,EXTRACTED
g3972,U_g3972/ZN,85.31,50.4,False,6171,0.589956,0.445915438,0.918145,1.508101,EXTRACTED
g3974,U_g3974/ZN,54.72,65.8,False,7430,0.6817295,0.565312961,3.198064,3.8797935,EXTRACTED
g3977,U_g3977/ZN,79.23,51.8,False,7191,0.82497,0.6483162000000001,0.918145,1.743115,EXTRACTED
g3978,U_g3978/ZN,84.93,54.6,False,7406,0.0644882,0.04539099,0.918145,0.9826332,EXTRACTED
g3979,U_g3979/ZN,60.61,75.6,False,8300,0.2709657,0.35359056,3.263231,3.5341967000000003,EXTRACTED
g398,U_g398/Q,24.7,68.6,True,7445,2.6575475,0.9841006089999997,3.673229,6.330776500000001,EXTRACTED
g3982,U_g3982/ZN,87.78,50.4,False,7191,0.42781399999999997,0.38984037,0.918145,1.345959,EXTRACTED
g3983,U_g3983/ZN,51.3,75.6,False,10243,0.6684011000000001,1.269481623,3.198064,3.8664651,EXTRACTED
g3985,U_g3985/ZN,49.02,95.2,False,0,0.6208089999999999,0.3654323179999999,0.879747,1.500556,EXTRACTED
g3986,U_g3986/ZN,97.85,42.0,False,8328,0.406148,0.193848178,0.918145,1.324293,EXTRACTED
g3987,U_g3987/ZN,90.82,65.8,False,7908,2.1009920400000004,2.4859844829999997,1.83629,3.9372820400000004,EXTRACTED
g3988,U_g3988/ZN,93.86,39.2,False,7161,0.33612,0.1900063,0.918145,1.254265,EXTRACTED
g3989,U_g3989/ZN,98.42,40.6,False,8328,0.0219496,4.55949e-06,0.918145,0.9400946,EXTRACTED
g3990,U_g3990/ZN,90.63,49.0,False,6968,1.4900440000000001,0.52852098,0.918145,2.408189,EXTRACTED
g3991,U_g3991/ZN,98.61,42.0,False,7161,0.4555036,0.47648226999999993,0.918145,1.3736486,EXTRACTED
g3992,U_g3992/ZN,77.71,70.0,False,2601,0.1395354,0.08842934,1.868375,2.0079104,EXTRACTED
g3996,U_g3996/ZN,86.64,42.0,False,6968,0.5752919999999999,0.507579754,0.918145,1.493437,EXTRACTED
g3997,U_g3997/ZN,51.11,93.8,False,420,0.0765236,0.023446974000000002,0.946814,1.0233376,EXTRACTED
g3998,U_g3998/ZN,80.75,63.0,False,7913,1.0492810000000001,0.7635615879700001,1.83629,2.885571,EXTRACTED
g3999,U_g3999/ZN,91.58,40.6,False,7065,0.7281461,0.7172410085999998,1.83629,2.5644361,EXTRACTED
g40,PORT/g40,103.37,74.55,False,0,0.239836,0.11911151999999998,0.77983,1.019666,EXTRACTED
g4000,U_g4000/ZN,53.96,99.4,False,6973,0.433912,0.424746669,0.941939,1.375851,EXTRACTED
g4002,U_g4002/ZN,38.0,68.6,False,6726,0.051860800000000006,0.05576255,0.918145,0.9700058,EXTRACTED
g4003,U_g4003/ZN,68.59,72.8,False,0,0.6916213,0.60179335,0.946814,1.6384353,EXTRACTED
g4004,U_g4004/ZN,29.26,25.2,False,11436,0.989822,0.6219869379999999,1.892349,2.882171,EXTRACTED
g4007,U_g4007/ZN,23.75,46.2,False,9448,0.630698,0.58529643,1.892349,2.523047,EXTRACTED
g4015,U_g4015/ZN,58.71,14.0,False,237,0.737738,0.561038857,0.941939,1.6796769999999999,EXTRACTED
g4017,U_g4017/ZN,50.73,98.0,False,1153,0.38558000000000003,0.38230133200000005,3.364429,3.750009,EXTRACTED
g402,U_g402/Q,49.21,8.4,True,7139,2.106846,1.0477422279999997,3.673229,5.780075,EXTRACTED
g4021,U_g4021/ZN,16.72,39.2,False,11536,0.416702,0.58866855,0.918145,1.334847,EXTRACTED
g4032,U_g4032/ZN,53.2,14.0,False,111,0.17020539999999998,0.29915346,0.941939,1.1121444,EXTRACTED
g4033,U_g4033/ZN,65.36,9.8,False,101,0.690226,0.89528451,0.941939,1.632165,EXTRACTED
g4035,U_g4035/ZN,55.67,11.2,False,227,0.294136,0.32135206,0.941939,1.236075,EXTRACTED
g4037,U_g4037/ZN,49.78,11.2,False,502,0.60814,0.23783525800000002,0.941939,1.550079,EXTRACTED
g4038,U_g4038/ZN,55.48,16.8,False,238,0.5653220000000001,0.18422497000000002,0.941939,1.5072610000000002,EXTRACTED
g4039,U_g4039/ZN,56.24,12.6,False,81,0.300352,0.45415809,0.941939,1.242291,EXTRACTED
g4041,U_g4041/ZN,57.95,9.8,False,268,0.555734,0.16416348000000003,0.941939,1.4976729999999998,EXTRACTED
g4042,U_g4042/ZN,69.35,12.6,False,1535,0.23807999999999999,0.15625201099999997,0.941939,1.180019,EXTRACTED
g4043,U_g4043/ZN,64.03,9.8,False,190,0.8142480000000001,0.1768155,0.941939,1.7561870000000002,EXTRACTED
g4044,U_g4044/ZN,71.44,9.8,False,93,0.48972800000000005,0.18193890000000001,0.941939,1.431667,EXTRACTED
g4045,U_g4045/ZN,50.92,95.2,False,56,0.049311200000000006,0.05004561,0.97463,1.0239412,EXTRACTED
g4046,U_g4046/ZN,50.54,51.8,False,7346,0.0706676,0.03795038,1.70023,1.7708975999999998,EXTRACTED
g4047,U_g4047/ZN,66.88,14.0,False,113,0.891454,1.5835551199999998,0.941939,1.833393,EXTRACTED
g4048,U_g4048/ZN,57.95,8.4,False,156,0.094339,0.10919725000000001,0.941939,1.036278,EXTRACTED
g4049,U_g4049/ZN,51.3,98.0,False,19,0.31024999999999997,0.16766049,1.599032,1.909282,EXTRACTED
g4050,U_g4050/ZN,51.87,51.8,False,7346,0.0679228,0.03685109,1.70023,1.7681528,EXTRACTED
g4051,U_g4051/ZN,51.3,7.0,False,1525,0.4435561,0.59229014,0.941939,1.3854951,EXTRACTED
g4052,U_g4052/ZN,58.71,9.8,False,68,0.77947773,0.56531667,0.941939,1.72141673,EXTRACTED
g4053,U_g4053/ZN,27.55,40.6,False,7169,0.596228,0.17433612599999998,0.946814,1.543042,EXTRACTED
g4054,U_g4054/ZN,5.89,72.8,False,266,0.2262421,0.23978663800000002,1.83629,2.0625321,EXTRACTED
g4057,U_g4057/ZN,61.56,11.2,False,62,0.22217800000000001,0.4018679,0.941939,1.164117,EXTRACTED
g4058,U_g4058/ZN,28.12,50.4,False,7160,0.101624,0.07207059500000002,0.941939,1.043563,EXTRACTED
g4059,U_g4059/ZN,43.13,92.4,False,533,0.5914006599999999,0.35445891700000004,5.467986,6.0593866599999995,EXTRACTED
g406,U_g406/Q,39.71,7.0,True,7422,9.9618015,0.4358680879,3.673229,13.6350305,EXTRACTED
g4074,U_g4074/ZN,92.15,54.6,False,7219,2.26590003,2.238264882000001,14.788022,17.05392203,EXTRACTED
g4080,U_g4080/ZN,90.25,53.2,False,8015,2.38822723,1.7139223139999997,14.54783,16.93605723,EXTRACTED
g4086,U_g4086/ZN,92.91,54.6,False,6850,0.8323147000000001,1.0447917349999998,8.396749999999999,9.229064699999999,EXTRACTED
g4098,output44/Z,3.8,5.6,False,0,0.699834,0.0847705,0,0.699834,EXTRACTED
g4099,output45/Z,101.65,70.0,False,0,0.1005402,0.02607672,0,0.1005402,EXTRACTED
g41,PORT/g41,103.37,63.35,False,0,0.219848,0.125714668,0.77983,0.9996780000000001,EXTRACTED
g410,U_g410/Q,69.92,11.2,True,7140,1.4454909800000002,1.2714665889999999,3.673229,5.11871998,EXTRACTED
g4100,output46/Z,101.08,70.0,False,0,0.248316,0.08357265,0,0.248316,EXTRACTED
g4101,output47/Z,57.38,99.4,False,0,0.109491,0.22747420000000002,0,0.109491,EXTRACTED
g4102,output48/Z,56.81,99.4,False,0,0.11955099999999999,0.20735641999999999,0,0.11955099999999999,EXTRACTED
g4103,output49/Z,94.81,64.4,False,0,0.816744,0.9189424570000001,0,0.816744,EXTRACTED
g4104,output50/Z,99.75,67.2,False,0,0.337578,0.08337573,0,0.337578,EXTRACTED
g4105,output51/Z,101.08,71.4,False,0,0.379132,0.07686446,0,0.379132,EXTRACTED
g4106,output52/Z,1.9,44.8,False,0,0.1459732,0.04471768,0,0.1459732,EXTRACTED
g4107,output53/Z,20.14,1.4,False,0,0.22026,0.01360901,0,0.22026,EXTRACTED
g4108,output54/Z,100.51,60.2,False,0,0.21343800000000002,0.07971461,0,0.21343800000000002,EXTRACTED
g4109,output55/Z,42.75,100.8,False,0,0.1286996,0.045055700000000004,0,0.1286996,EXTRACTED
g4110,output56/Z,101.65,65.8,False,0,0.37316,0.05393037,0,0.37316,EXTRACTED
g4112,output57/Z,61.18,2.8,False,0,0.357932,0.34772946,0,0.357932,EXTRACTED
g4121,output58/Z,98.99,82.6,False,2474,0.280692,0.0,0,0.280692,EXTRACTED
g414,U_g414/Q,64.03,15.4,True,7109,2.8259933,2.070772675,3.673229,6.4992223,EXTRACTED
g4151,U_g4151/ZN,93.67,81.2,False,6941,0.31728,0.2280946,0.918145,1.235425,EXTRACTED
g4156,U_g4156/ZN,40.66,23.8,False,10845,0.280256,0.22147074000000003,1.714471,1.9947270000000001,EXTRACTED
g4157,U_g4157/ZN,31.54,82.6,False,3694,0.769058,0.549763726,1.119679,1.888737,EXTRACTED
g4159,U_g4159/ZN,21.09,65.8,False,3389,0.26114200000000004,0.12030626200000001,0.918145,1.179287,EXTRACTED
g4160,U_g4160/ZN,30.21,26.6,False,6398,0.7395240000000001,0.623017406,1.651345,2.3908690000000004,EXTRACTED
g4163,U_g4163/ZN,25.84,67.2,False,3486,0.12275059999999999,0.14319937399999996,0.918145,1.0408956,EXTRACTED
g4164,U_g4164/ZN,40.28,21.0,False,8312,0.1511196,0.074453732,1.714471,1.8655906,EXTRACTED
g4165,U_g4165/ZN,46.55,50.4,False,5902,0.74336661,1.364843342,1.651345,2.39471161,EXTRACTED
g4167,U_g4167/ZN,18.43,67.2,False,3485,0.1031662,0.10242103000000001,0.918145,1.0213112,EXTRACTED
g4168,U_g4168/ZN,39.33,12.6,False,6250,0.409112,0.16373359,1.651345,2.060457,EXTRACTED
g4169,U_g4169/ZN,35.72,56.0,False,11293,0.32545,0.257604948,1.714471,2.039921,EXTRACTED
g4170,U_g4170/ZN,19.0,70.0,False,3488,0.306492,0.19523464,0.918145,1.224637,EXTRACTED
g4171,U_g4171/ZN,45.41,29.4,False,10845,0.7806740000000001,0.460846933,1.714471,2.495145,EXTRACTED
g4172,U_g4172/ZN,38.38,53.2,False,6708,0.01742614,0.0,1.651345,1.66877114,EXTRACTED
g4176,U_g4176/ZN,17.48,60.2,False,3388,0.23369600000000001,0.22137658999999998,0.918145,1.1518410000000001,EXTRACTED
g4177,U_g4177/ZN,37.43,21.0,False,6398,0.1280938,0.16969761500000002,1.651345,1.7794388,EXTRACTED
g4178,U_g4178/ZN,33.06,56.0,False,7551,0.3060737,0.29512013000000004,3.428942,3.7350157,EXTRACTED
g4179,U_g4179/ZN,15.77,63.0,False,3240,0.46290600000000004,0.48088311,0.918145,1.381051,EXTRACTED
g418,U_g418/Q,61.75,2.8,True,7246,2.3251873499999998,1.5523626160000001,3.673229,5.998416349999999,EXTRACTED
g4180,U_g4180/ZN,41.8,21.0,False,8312,0.28250600000000003,0.18425811,1.714471,1.9969770000000002,EXTRACTED
g4181,U_g4181/ZN,37.81,50.4,False,5902,0.41839386,0.3132320970000001,1.651345,2.06973886,EXTRACTED
g4182,U_g4182/ZN,18.05,61.6,False,3384,0.048365799999999994,0.028382579999999998,0.918145,0.9665108,EXTRACTED
g4183,U_g4183/ZN,40.85,19.6,False,6250,0.515022,0.193611893,1.651345,2.166367,EXTRACTED
g4185,U_g4185/ZN,19.0,65.8,False,3752,0.025950599999999997,0.05495002,0.918145,0.9440956,EXTRACTED
g4199,U_g4199/ZN,36.86,74.2,False,14,0.5646491,0.66501846,4.172694,4.7373431,EXTRACTED
g42,PORT/g42,0.07,44.31,False,0,0.0988776,0.03487542,0.77983,0.8787076,EXTRACTED
g4205,U_g4205/ZN,57.95,54.6,False,7153,0.044823600000000005,0.013034690000000002,0.918145,0.9629686,EXTRACTED
g4209,U_g4209/ZN,78.47,99.4,False,5176,0.0735312,0.0456484,0.918145,0.9916762,EXTRACTED
g4214,U_g4214/ZN,51.3,96.6,False,29,0.168133,0.24831672,0.946814,1.1149470000000001,EXTRACTED
g4219,U_g4219/ZN,86.45,88.2,False,5429,0.282016,0.133432848,1.119679,1.4016950000000001,EXTRACTED
g422,U_g422/Q,39.33,15.4,True,7298,1.8577479000000001,2.6198430470000003,3.673229,5.530976900000001,EXTRACTED
g4221,U_g4221/ZN,61.94,72.8,False,8792,0.41582430000000004,0.462179606,3.263231,3.6790553000000004,EXTRACTED
g4223,U_g4223/ZN,67.26,77.0,False,10701,0.8462140599999999,0.769890795,3.198064,4.04427806,EXTRACTED
g4224,U_g4224/ZN,50.16,51.8,False,7346,0.30076,0.16632254300000002,1.599032,1.8997920000000001,EXTRACTED
g4226,U_g4226/ZN,51.49,51.8,False,7346,0.363252,0.4619255599999999,1.599032,1.962284,EXTRACTED
g4227,U_g4227/ZN,37.81,91.0,False,533,0.4388664,0.5065477690000001,3.89852,4.3373864,EXTRACTED
g4230,U_g4230/ZN,20.14,43.4,False,6686,0.594912,0.20695029897000003,0.941939,1.536851,EXTRACTED
g4231,U_g4231/ZN,52.06,92.4,False,7377,0.1058804,0.009847412,0.918145,1.0240254,EXTRACTED
g4233,U_g4233/ZN,13.87,19.6,False,9292,0.851372,0.9446227000000001,1.714471,2.565843,EXTRACTED
g4234,U_g4234/ZN,21.66,46.2,False,5955,0.624611,0.8555841399999999,1.714471,2.3390820000000003,EXTRACTED
g4235,U_g4235/ZN,56.24,29.4,False,7326,0.231394,0.33693938,0.918145,1.1495389999999999,EXTRACTED
g4236,U_g4236/ZN,86.07,68.6,False,82,0.42647385,0.296317194,3.198064,3.62453785,EXTRACTED
g4237,U_g4237/ZN,49.78,95.2,False,1172,0.934669,0.7176655000000001,2.642169,3.576838,EXTRACTED
g4239,U_g4239/ZN,53.01,25.2,False,7833,0.6724143,1.44306707297,0.918145,1.5905593,EXTRACTED
g4240,U_g4240/ZN,75.81,58.8,False,2850,1.030017,0.59387904449,0.974659,2.004676,EXTRACTED
g4241,U_g4241/ZN,69.73,28.0,False,10138,0.4986606,0.7459490200000001,0.918145,1.4168056,EXTRACTED
g4243,U_g4243/ZN,28.12,49.0,False,179,1.3634661000000001,0.9419696700000001,0.946814,2.3102801,EXTRACTED
g4244,U_g4244/ZN,24.51,26.6,False,560,0.33995,0.18521702999999998,0.941939,1.281889,EXTRACTED
g4245,U_g4245/ZN,55.1,25.2,False,7326,0.6074796,0.5280658869999999,0.918145,1.5256246,EXTRACTED
g4247,U_g4247/ZN,28.5,47.6,False,462,0.1204084,0.16791795499999998,0.941939,1.0623474,EXTRACTED
g4253,U_g4253/ZN,10.64,50.4,False,4573,1.5372515999999998,1.169664572,11.254707,12.7919586,EXTRACTED
g426,U_g426/Q,64.98,12.6,True,7297,2.2233040999999996,1.642662736,3.673229,5.896533099999999,EXTRACTED
g4261,U_g4261/ZN,56.24,25.2,False,7833,0.5353604000000001,0.9230374700000001,0.918145,1.4535054,EXTRACTED
g4266,U_g4266/ZN,64.03,25.2,False,10138,0.26122199999999995,0.33239894000000003,0.918145,1.179367,EXTRACTED
g4271,U_g4271/ZN,19.0,30.8,False,3223,0.38450799999999996,0.21747837,0.941939,1.326447,EXTRACTED
g4272,U_g4272/ZN,59.85,26.6,False,7189,0.295058,0.579912736,0.918145,1.213203,EXTRACTED
g4277,U_g4277/ZN,10.07,81.2,False,5950,0.7525918,0.66656958,1.83629,2.5888818000000002,EXTRACTED
g4280,U_g4280/ZN,21.85,42.0,False,1292,0.510136,0.46933580999999996,0.941939,1.452075,EXTRACTED
g4285,U_g4285/ZN,20.33,29.4,False,11355,0.5710259999999999,0.12505238000000002,0.918145,1.4891709999999998,EXTRACTED
g43,U_g43/Q,87.97,43.4,True,7426,4.574443390000001,0.97632071,2.619024,7.19346739,EXTRACTED
g430,U_g430/Q,60.61,12.6,True,7109,1.6133454999999999,2.3598364130000005,3.673229,5.2865745,EXTRACTED
g4300,U_g4300/ZN,49.59,74.2,False,8949,1.0839231,0.4375311199999999,0.964824,2.0487471,EXTRACTED
g4301,U_g4301/ZN,100.32,77.0,False,0,0.1212821,0.136437956,3.198064,3.3193461,EXTRACTED
g4307,output59/Z,63.84,1.4,True,7205,0.1279116,0.04266031,0,0.1279116,EXTRACTED
g4309,U_g4309/ZN,98.61,57.4,False,7219,1.12152068,0.9881558670000001,13.087792,14.20931268,EXTRACTED
g4314,U_g4314/ZN,98.23,57.4,False,8015,1.7665404000000002,1.712562050999999,12.8476,14.6141404,EXTRACTED
g4319,U_g4319/ZN,33.06,74.2,False,6711,0.1210058,0.214574188,0.918145,1.0391508,EXTRACTED
g4321,output60/Z,36.86,99.4,True,7382,0.188385,0.047468050000000005,0,0.188385,EXTRACTED
g4323,U_g4323/ZN,101.27,51.8,False,6850,0.48993780000000003,0.7426794550000001,6.69652,7.1864577999999995,EXTRACTED
g4333,U_g4333/ZN,85.88,42.0,False,4212,0.1204196,0.27076726,0.946814,1.0672336,EXTRACTED
g4334,U_g4334/ZN,95.19,61.6,False,6850,0.8897383999999999,0.7929770639999997,6.69652,7.586258399999999,EXTRACTED
g4339,U_g4339/ZN,91.39,44.8,False,1484,0.367128,0.17187276999999998,0.946814,1.313942,EXTRACTED
g434,U_g434/Q,56.81,11.2,True,7109,1.4460439999999999,2.7712855330000004,2.755084,4.201128,EXTRACTED
g4340,U_g4340/ZN,88.54,56.0,False,3212,0.402146,0.45313991,0.946814,1.34896,EXTRACTED
g4341,U_g4341/ZN,87.78,46.2,False,2904,0.0755108,0.05988924,0.946814,1.0223248,EXTRACTED
g4342,U_g4342/ZN,85.31,53.2,False,3354,0.17103339999999997,0.18909902299999998,0.946814,1.1178474,EXTRACTED
g4344,U_g4344/ZN,80.94,40.6,False,3265,0.6339619999999999,0.6101880479999999,0.946814,1.580776,EXTRACTED
g4345,U_g4345/ZN,87.78,56.0,False,4869,0.1764054,0.07724545,0.946814,1.1232194,EXTRACTED
g4346,U_g4346/ZN,50.54,92.4,False,3207,0.538416,0.23114969897000004,0.918145,1.456561,EXTRACTED
g4347,U_g4347/ZN,97.09,36.4,False,3007,0.14408220000000002,0.205473963,0.946814,1.0908962,EXTRACTED
g4348,U_g4348/ZN,87.97,49.0,False,4972,0.01678782,0.0006383280000000001,0.946814,0.96360182,EXTRACTED
g4349,U_g4349/ZN,70.68,14.0,False,7107,0.92389,0.54403487,0.946814,1.870704,EXTRACTED
g4351,U_g4351/ZN,44.84,91.0,False,2748,1.4390256,0.6440132199999998,0.918145,2.3571706,EXTRACTED
g4352,U_g4352/ZN,88.73,37.8,False,4072,0.236868,0.57937921,0.946814,1.1836820000000001,EXTRACTED
g4353,U_g4353/ZN,99.18,40.6,False,4949,0.1534584,0.08005714,0.946814,1.1002724000000002,EXTRACTED
g4354,U_g4354/ZN,53.58,8.4,False,7079,0.252332,0.16974076,0.946814,1.199146,EXTRACTED
g4355,U_g4355/ZN,66.5,9.8,False,7077,0.7938000000000001,0.5216613000000001,0.946814,1.740614,EXTRACTED
g4356,U_g4356/ZN,48.83,86.8,False,2732,0.01742614,0.0,0.918145,0.93557114,EXTRACTED
g4357,U_g4357/ZN,98.8,35.0,False,4199,0.403076,0.7156666,0.946814,1.34989,EXTRACTED
g4358,U_g4358/ZN,101.46,35.0,False,4106,0.458196,0.31178484,0.946814,1.40501,EXTRACTED
g4359,U_g4359/ZN,57.95,12.6,False,7069,0.34483199999999997,0.24037076999999998,0.946814,1.291646,EXTRACTED
g4360,U_g4360/ZN,54.15,88.2,False,2965,0.01742614,0.0,0.918145,0.93557114,EXTRACTED
g4361,U_g4361/ZN,90.82,39.2,False,3897,0.42785799999999996,0.25185933,0.946814,1.374672,EXTRACTED
g4362,U_g4362/ZN,92.15,47.6,False,3017,0.714309,0.3030649860000001,0.946814,1.661123,EXTRACTED
g4363,U_g4363/ZN,51.87,9.8,False,7134,0.360432,0.22907017000000002,0.946814,1.3072460000000001,EXTRACTED
g4367,U_g4367/ZN,56.62,92.4,False,3204,0.01742614,0.0,0.918145,0.93557114,EXTRACTED
g4368,U_g4368/ZN,81.13,46.2,False,3370,0.541102,0.26506841000000003,0.946814,1.487916,EXTRACTED
g4369,U_g4369/ZN,98.04,35.0,False,4214,0.696524,0.67956058,0.946814,1.643338,EXTRACTED
g437,U_g437/Q,48.26,12.6,True,7104,2.4686607,1.69784535,3.673229,6.1418897,EXTRACTED
g4371,U_g4371/ZN,49.21,15.4,False,7096,0.193601,0.1489252,0.946814,1.140415,EXTRACTED
g4372,U_g4372/ZN,46.17,11.2,False,6787,0.327486,0.456860288,0.946814,1.2743,EXTRACTED
g4373,U_g4373/ZN,81.7,50.4,False,5089,0.291098,0.27227301600000003,0.946814,1.2379120000000001,EXTRACTED
g4377,U_g4377/ZN,60.04,15.4,False,7102,0.01742614,0.0,0.946814,0.96424014,EXTRACTED
g4378,U_g4378/ZN,68.4,11.2,False,7139,0.411702,0.12194469000000001,0.946814,1.358516,EXTRACTED
g4383,U_g4383/ZN,70.87,15.4,False,7112,0.0132445,0.006561849999999999,0.946814,0.9600585,EXTRACTED
g4384,U_g4384/ZN,69.16,11.2,False,7093,0.354834,0.475815992,0.946814,1.3016480000000001,EXTRACTED
g4389,U_g4389/ZN,46.55,15.4,False,6777,0.01742614,0.0,0.946814,0.96424014,EXTRACTED
g4390,U_g4390/ZN,53.01,1.4,False,7232,0.655302,0.20109497,0.946814,1.602116,EXTRACTED
g4395,U_g4395/ZN,47.31,14.0,False,7085,0.0251674,0.13636320000000002,0.946814,0.9719814,EXTRACTED
g4396,U_g4396/ZN,46.74,12.6,False,7280,0.01742614,0.0,0.946814,0.96424014,EXTRACTED
g44,PORT/g44,19.135,0.07,False,0,0.1786326,0.00989166,0.974659,1.1532916,EXTRACTED
g4401,U_g4401/ZN,67.64,11.2,False,7274,0.078201,0.12548794,0.946814,1.025015,EXTRACTED
g4402,U_g4402/ZN,52.06,93.8,False,1153,0.24832400000000002,0.18998833999999998,1.599032,1.847356,EXTRACTED
g4407,U_g4407/ZN,3.23,71.4,False,197,0.5236713,0.389248742,1.83629,2.3599613,EXTRACTED
g441,U_g441/Q,72.2,16.8,True,7138,1.5886765299999999,1.8821863049999998,3.673229,5.26190553,EXTRACTED
g4410,U_g4410/ZN,19.0,29.4,False,7083,1.7256865,2.1515704040000014,6.1747440000000005,7.900430500000001,EXTRACTED
g4416,U_g4416/ZN,19.38,40.6,False,9425,2.4471626399999997,1.9887443009699999,6.1747440000000005,8.62190664,EXTRACTED
g4422,output61/Z,101.65,49.0,False,0,0.41678,0.007726660000000001,0,0.41678,EXTRACTED
g4427,U_g4427/ZN,83.41,46.2,False,8975,0.0648618,0.005065468,0.97463,1.0394918,EXTRACTED
g4429,U_g4429/ZN,9.31,54.6,False,1623,0.1935362,0.11705717999999998,0.946814,1.1403502,EXTRACTED
g4430,U_g4430/ZN,62.7,21.0,False,7298,0.861192,0.8237360369999999,1.119679,1.980871,EXTRACTED
g4432,U_g4432/ZN,9.31,51.8,False,6609,0.1660132,0.18882121,0.941939,1.1079522,EXTRACTED
g4433,U_g4433/ZN,52.25,11.2,False,7106,0.0641182,0.10078628,1.119679,1.1837972,EXTRACTED
g4434,U_g4434/ZN,74.48,2.8,False,7166,1.122992,0.8581587900000001,1.119679,2.242671,EXTRACTED
g4436,U_g4436/ZN,59.28,8.4,False,7176,0.261522,0.01399187,1.119679,1.3812010000000001,EXTRACTED
g4438,U_g4438/ZN,52.25,2.8,False,7622,0.344576,0.09454046,1.119679,1.464255,EXTRACTED
g4440,U_g4440/ZN,48.64,18.2,False,7148,0.686655,0.3659463399999999,1.119679,1.806334,EXTRACTED
g4441,U_g4441/ZN,51.3,14.0,False,6848,0.78363,0.7453073090000001,1.119679,1.9033090000000001,EXTRACTED
g4442,U_g4442/ZN,67.26,25.2,False,10565,0.1254376,0.170195938,1.714471,1.8399086,EXTRACTED
g4443,U_g4443/ZN,60.8,15.4,False,7200,0.46542,0.37414501000000006,1.119679,1.585099,EXTRACTED
g4444,U_g4444/ZN,69.73,16.8,False,8660,0.44253800000000004,0.39073302,1.119679,1.5622170000000002,EXTRACTED
g4445,U_g4445/ZN,59.85,30.8,False,6356,0.6675525,0.9463453250000002,1.651345,2.3188975000000003,EXTRACTED
g4446,U_g4446/ZN,71.63,15.4,False,7198,0.349112,0.046972781,1.119679,1.468791,EXTRACTED
g4447,U_g4447/ZN,64.41,8.4,False,7100,0.561116,0.38730156,1.119679,1.680795,EXTRACTED
g4448,U_g4448/ZN,37.43,89.6,False,3055,0.242976,0.10892397999999998,0.946814,1.1897900000000001,EXTRACTED
g4449,U_g4449/ZN,68.21,23.8,False,9832,0.06490119999999999,0.07473506699999999,1.714471,1.7793722,EXTRACTED
g445,U_g445/Q,41.99,16.8,True,7104,1.4793729199999999,2.86262638,3.673229,5.15260192,EXTRACTED
g4450,U_g4450/ZN,47.31,15.4,False,6880,0.1145084,0.03059209,1.119679,1.2341874000000002,EXTRACTED
g4451,U_g4451/ZN,57.0,8.4,False,7378,0.6771259999999999,0.528480484,1.119679,1.796805,EXTRACTED
g4452,U_g4452/ZN,36.67,91.0,False,2804,0.0431826,0.130199135,0.946814,0.9899966,EXTRACTED
g4454,U_g4454/ZN,48.83,14.0,False,8606,0.424286,0.34311139000000007,1.119679,1.543965,EXTRACTED
g4455,U_g4455/ZN,47.5,12.6,False,7292,0.38078599999999996,0.37446805,1.119679,1.5004650000000002,EXTRACTED
g4456,U_g4456/ZN,36.67,93.8,False,3135,0.281678,0.27619033000000004,0.946814,1.2284920000000001,EXTRACTED
g4457,U_g4457/ZN,66.5,23.8,False,10565,0.1194992,0.01640779,1.714471,1.8339702,EXTRACTED
g4458,U_g4458/ZN,66.88,11.2,False,7262,0.14829799999999999,0.19031467000000002,1.119679,1.2679770000000001,EXTRACTED
g4459,U_g4459/ZN,63.84,26.6,False,6356,0.44006999999999996,0.19467774199999996,1.651345,2.091415,EXTRACTED
g4460,U_g4460/ZN,41.99,70.0,False,3867,0.0466136,0.029600249999999998,1.119679,1.1662926,EXTRACTED
g4461,U_g4461/ZN,61.18,29.4,False,9832,0.6558094000000001,0.35809726999999997,1.714471,2.3702804000000004,EXTRACTED
g4463,U_g4463/ZN,78.66,95.2,False,0,0.349134,0.1770479,0.97463,1.323764,EXTRACTED
g4464,U_g4464/ZN,65.74,25.2,False,6221,0.20628980000000002,0.432119902,3.30269,3.5089798,EXTRACTED
g4465,U_g4465/ZN,5.51,63.0,False,2302,0.18339840000000002,0.077232702,3.364429,3.5478274,EXTRACTED
g4468,U_g4468/ZN,53.01,93.8,False,140,0.55814188,0.64719406,1.9214440000000002,2.47958588,EXTRACTED
g4471,U_g4471/ZN,9.5,60.2,False,547,0.4922341,0.6059633640000002,0.97463,1.4668641,EXTRACTED
g4472,U_g4472/ZN,6.08,61.6,False,73,0.12505,0.07153881000000001,1.599032,1.7240820000000001,EXTRACTED
g4473,U_g4473/ZN,6.27,46.2,False,2421,1.7334546,1.5229890820000005,6.409924999999999,8.1433796,EXTRACTED
g4486,U_g4486/ZN,70.68,98.0,False,2172,0.055855,0.125104716,0.941939,0.997794,EXTRACTED
g4488,U_g4488/ZN,76.95,100.8,False,632,0.5639500000000001,0.20037793000000004,0.941939,1.505889,EXTRACTED
g4489,U_g4489/ZN,68.02,92.4,False,305,0.400358,0.7627505469999999,0.941939,1.3422969999999999,EXTRACTED
g449,U_g449/Q,42.94,14.0,True,7424,2.215126,0.789886582,3.673229,5.888355000000001,EXTRACTED
g4490,U_g4490/ZN,79.8,95.2,False,176,0.310006,0.34438989999999997,0.941939,1.251945,EXTRACTED
g4491,U_g4491/ZN,79.8,98.0,False,81,0.051765399999999996,0.22079905,0.941939,0.9937043999999999,EXTRACTED
g4495,U_g4495/ZN,38.95,89.6,False,3295,0.0428952,0.0,0.946814,0.9897092000000001,EXTRACTED
g4497,U_g4497/ZN,41.42,78.4,False,2904,1.003092,0.4012818,1.119679,2.122771,EXTRACTED
g45,PORT/g45,103.37,58.87,False,0,0.25751799999999997,0.21386897,0.77983,1.037348,EXTRACTED
g4500,U_g4500/ZN,51.87,47.6,False,2,0.439056,0.5545971999999999,0.97463,1.413686,EXTRACTED
g4501,U_g4501/ZN,93.29,82.6,False,5469,0.299746,0.8743373019999999,1.119679,1.4194250000000002,EXTRACTED
g4504,U_g4504/ZN,64.6,74.2,False,11305,1.551357,1.5087194510000004,6.396128,7.947485,EXTRACTED
g453,U_g453/Q,69.35,19.6,True,7131,0.9135770000000001,1.4196893899999998,3.673229,4.586806,EXTRACTED
g4535,U_g4535/ZN,3.61,65.8,False,0,0.08699660000000001,0.01479538,0.97463,1.0616266,EXTRACTED
g4537,U_g4537/ZN,31.92,29.4,False,7083,0.2539341,0.215867382,2.677639,2.9315731,EXTRACTED
g4541,U_g4541/ZN,37.43,75.6,False,12,7.3995459,0.565617912,4.172694,11.5722399,EXTRACTED
g4544,U_g4544/ZN,22.42,18.2,False,10562,1.0577290000000001,0.505416214,0.97463,2.032359,EXTRACTED
g4545,U_g4545/ZN,36.48,58.8,False,9425,0.7590386,1.1225957095999999,2.677639,3.4366776000000003,EXTRACTED
g4549,U_g4549/ZN,32.87,58.8,False,13354,0.7169128,0.30478637449000007,0.97463,1.6915428000000001,EXTRACTED
g4568,U_g4568/ZN,22.04,29.4,False,9292,0.30770800000000004,0.170161455,0.97463,1.282338,EXTRACTED
g457,U_g457/Q,62.51,11.2,True,7108,0.6873519,0.705495038,3.673229,4.3605809,EXTRACTED
g4578,U_g4578/ZN,27.74,53.2,False,5955,0.512242,0.368668264,0.97463,1.486872,EXTRACTED
g4580,U_g4580/ZN,7.03,84.0,False,1506,0.0337934,0.08816982,0.941939,0.9757323999999999,EXTRACTED
g4581,U_g4581/ZN,38.19,21.0,False,8137,0.41946,0.44190592,0.918145,1.337605,EXTRACTED
g4582,U_g4582/ZN,77.52,96.6,False,0,0.6150726499999999,1.182118216,4.87315,5.48822265,EXTRACTED
g4583,U_g4583/ZN,3.04,78.4,False,963,0.34673,0.5714981936,0.941939,1.288669,EXTRACTED
g4584,U_g4584/ZN,39.52,19.6,False,6024,0.19138919999999998,0.02474655,0.918145,1.1095342,EXTRACTED
g4585,U_g4585/ZN,38.38,23.8,False,8137,0.09869839999999999,0.30416267999999996,0.918145,1.0168434,EXTRACTED
g4586,U_g4586/ZN,32.68,51.8,False,8493,0.484684,0.21843774200000002,0.918145,1.402829,EXTRACTED
g4588,U_g4588/ZN,2.85,82.6,False,620,0.33895600000000004,0.56737065,0.941939,1.2808950000000001,EXTRACTED
g4589,U_g4589/ZN,44.46,23.8,False,6024,0.7261500999999999,0.5736750040000002,0.918145,1.6442951,EXTRACTED
g4590,U_g4590/ZN,39.14,53.2,False,10105,0.06872600000000001,0.27557027,0.918145,0.986871,EXTRACTED
g4591,U_g4591/ZN,34.77,53.2,False,8493,0.38966,0.17308000599999998,0.918145,1.307805,EXTRACTED
g4592,U_g4592/ZN,7.98,79.8,False,226,0.6040324,0.7756335000000001,0.941939,1.5459714,EXTRACTED
g4593,U_g4593/ZN,7.03,75.6,False,5978,0.555496,0.436496005,1.83629,2.3917859999999997,EXTRACTED
g4597,U_g4597/ZN,6.27,74.2,False,149,0.7608440000000001,0.521959058,0.941939,1.7027830000000002,EXTRACTED
g4598,U_g4598/ZN,8.36,63.0,False,218,0.0490788,0.005945098000000001,0.941939,0.9910178,EXTRACTED
g4599,U_g4599/ZN,14.06,46.2,False,11214,0.055765,0.0673878,0.918145,0.9739099999999999,EXTRACTED
g46,PORT/g46,42.095,103.37,False,0,0.19295900000000002,0.13297973000000002,0.77983,0.972789,EXTRACTED
g4600,U_g4600/ZN,4.75,71.4,False,100,0.0630262,0.048437890000000004,0.941939,1.0049652,EXTRACTED
g4602,U_g4602/ZN,8.17,75.6,False,77,0.317352,0.48468811999999994,0.941939,1.259291,EXTRACTED
g4607,U_g4607/ZN,75.43,65.8,False,3625,1.02256007,0.652140392,1.119679,2.14223907,EXTRACTED
g4608,U_g4608/ZN,92.91,78.4,False,7179,0.63784,0.90786455,0.918145,1.555985,EXTRACTED
g461,U_g461/Q,51.87,23.8,True,7110,1.4541256699999998,1.4371607300000002,3.673229,5.12735467,EXTRACTED
g4610,U_g4610/ZN,98.61,75.6,False,0,1.1348623,0.95980938,3.263231,4.3980933,EXTRACTED
g4611,U_g4611/ZN,46.17,88.2,False,1969,0.1848882,0.06140024999999999,1.599032,1.7839202,EXTRACTED
g4613,U_g4613/ZN,33.82,85.4,False,6673,0.5323465000000001,0.6681199600000001,0.918145,1.4504915,EXTRACTED
g4616,U_g4616/ZN,53.01,91.0,False,3425,3.2355899299999997,0.77891720341,0.946814,4.1824039299999995,EXTRACTED
g4621,U_g4621/ZN,81.7,95.2,False,34,0.427732,0.13487342,0.941939,1.3696709999999999,EXTRACTED
g4627,U_g4627/ZN,88.92,42.0,False,7686,0.23271,0.49499545999999994,0.97463,1.20734,EXTRACTED
g4630,U_g4630/ZN,88.16,42.0,False,7169,0.31357599999999997,0.3012816,0.918145,1.2317209999999998,EXTRACTED
g4631,U_g4631/ZN,87.02,50.4,False,7093,0.5164759999999999,0.30820269,0.97463,1.4911059999999998,EXTRACTED
g4632,U_g4632/ZN,6.65,75.6,False,0,0.8691221,0.6107051900000001,3.89852,4.7676421,EXTRACTED
g4634,U_g4634/ZN,89.3,46.2,False,7173,0.085332,0.011919955,0.97463,1.059962,EXTRACTED
g4635,U_g4635/ZN,87.59,54.6,False,7240,0.32905,0.575973337,0.918145,1.247195,EXTRACTED
g4637,U_g4637/ZN,88.73,44.8,False,7388,0.0450614,0.003393933,0.918145,0.9632064,EXTRACTED
g4638,U_g4638/ZN,88.92,53.2,False,9640,0.6486977899999999,0.26583548,0.97463,1.6233277899999998,EXTRACTED
g4640,U_g4640/ZN,51.87,98.0,False,906,0.291684,0.25424125,1.70023,1.991914,EXTRACTED
g4641,U_g4641/ZN,95.95,35.0,False,7080,0.0847022,0.011169093,0.97463,1.0593322,EXTRACTED
g4642,U_g4642/ZN,88.73,49.0,False,9619,0.27615,0.29179661999999995,0.918145,1.1942949999999999,EXTRACTED
g4645,U_g4645/ZN,95.57,37.8,False,8251,0.074503,0.01862811,0.918145,0.992648,EXTRACTED
g4646,U_g4646/ZN,101.46,39.2,False,8768,0.5922580000000001,0.397408,0.97463,1.566888,EXTRACTED
g4647,U_g4647/ZN,5.51,72.8,False,0,0.3845445,0.255027405,3.89852,4.2830645,EXTRACTED
g4648,U_g4648/ZN,3.61,70.0,False,123,0.4880097,0.63911697,1.83629,2.3242997,EXTRACTED
g465,U_g465/Q,59.47,60.2,True,7153,5.38055784,3.843871395999999,7.379204,12.75976184,EXTRACTED
g4651,U_g4651/ZN,92.15,37.8,False,9916,0.037319,0.092442,0.97463,1.011949,EXTRACTED
g4652,U_g4652/ZN,100.13,42.0,False,7290,0.495866,0.32382255,0.918145,1.414011,EXTRACTED
g4653,U_g4653/ZN,95.95,42.0,False,10514,0.40874,0.35045582,0.918145,1.3268849999999999,EXTRACTED
g4654,U_g4654/ZN,95.57,39.2,False,7677,0.454278,0.3269835,0.97463,1.428908,EXTRACTED
g4655,U_g4655/ZN,80.56,39.2,False,7385,0.37979399999999996,0.2651320100000001,0.941939,1.321733,EXTRACTED
g4656,U_g4656/ZN,92.72,42.0,False,9518,0.0363614,0.0714788,0.918145,0.9545064,EXTRACTED
g4661,U_g4661/ZN,89.49,44.8,False,4430,0.8335410000000001,0.8252795936,0.946814,1.7803550000000001,EXTRACTED
g4662,U_g4662/ZN,52.44,93.8,False,906,2.50718059,2.1439855410000006,9.24824,11.75542059,EXTRACTED
g4666,U_g4666/ZN,94.62,42.0,False,3079,1.33089126,0.06491782,0.941939,2.27283026,EXTRACTED
g4667,U_g4667/ZN,92.91,37.8,False,5531,0.01985746,0.0,0.946814,0.96667146,EXTRACTED
g4668,U_g4668/ZN,85.69,47.6,False,5925,0.82594,0.656143355,0.946814,1.772754,EXTRACTED
g4669,U_g4669/ZN,77.33,36.4,False,46,0.120694,0.100241159,1.70023,1.820924,EXTRACTED
g4670,U_g4670/ZN,45.98,91.0,False,1876,0.0800288,0.04747789,0.918145,0.9981738,EXTRACTED
g4671,U_g4671/ZN,96.33,36.4,False,4192,0.24728,0.36422652,0.941939,1.189219,EXTRACTED
g4672,U_g4672/ZN,83.6,51.8,False,2815,0.501116,0.22215276,0.941939,1.443055,EXTRACTED
g4673,U_g4673/ZN,93.29,43.4,False,4556,0.01742614,0.0,0.946814,0.96424014,EXTRACTED
g4674,U_g4674/ZN,76.38,36.4,False,14,0.4723903,0.36715317,5.007778,5.4801683,EXTRACTED
g4677,U_g4677/ZN,101.46,50.4,False,4258,0.74658,0.786120592,0.941939,1.6885189999999999,EXTRACTED
g4678,U_g4678/ZN,82.46,35.0,False,2,0.78102777,0.9017826900000001,6.258425,7.03945277,EXTRACTED
g4680,U_g4680/ZN,76.38,35.0,False,10,1.0692979999999999,1.956570914,3.30269,4.371988,EXTRACTED
g4683,U_g4683/ZN,36.86,22.4,False,7047,0.40803,0.5942554999999999,1.714471,2.122501,EXTRACTED
g4684,U_g4684/ZN,37.62,19.6,False,3358,0.409006,0.5943405129999999,1.651345,2.060351,EXTRACTED
g4685,U_g4685/ZN,36.1,47.6,False,7515,0.29865,0.5278768010000001,1.714471,2.013121,EXTRACTED
g4687,U_g4687/ZN,37.24,68.6,False,3623,0.039552,0.11430486800000002,1.119679,1.1592310000000001,EXTRACTED
g4688,U_g4688/ZN,23.75,25.2,False,5903,0.7227573,0.20469996099999999,1.888753,2.6115103,EXTRACTED
g4691,U_g4691/ZN,38.19,28.0,False,7047,0.397032,0.51723935,1.714471,2.111503,EXTRACTED
g4694,U_g4694/ZN,25.84,46.2,False,3396,0.3700679,0.520653466,1.888753,2.2588209,EXTRACTED
g4697,U_g4697/ZN,31.54,22.4,False,3358,0.1250234,0.26040434,1.651345,1.7763684,EXTRACTED
g4698,U_g4698/ZN,38.0,49.0,False,7515,0.267116,0.287661639,1.714471,1.9815870000000002,EXTRACTED
g47,PORT/g47,65.615,0.07,False,0,0.098241,0.1077149,0.77983,0.878071,EXTRACTED
g4701,U_g4701/ZN,37.05,53.2,False,4437,0.3312876,0.2111224,3.30269,3.6339776,EXTRACTED
g4708,U_g4708/ZN,73.91,25.2,False,9,0.49758805,0.51762513497,4.172694,4.67028205,EXTRACTED
g471,U_g471/Q,14.44,33.6,True,7418,3.390688,2.3643087389999997,11.800981,15.191669000000001,EXTRACTED
g4717,U_g4717/ZN,6.84,61.6,False,2302,0.349762,0.088962348,1.599032,1.948794,EXTRACTED
g4730,U_g4730/ZN,72.58,98.0,False,5078,0.1347516,0.34285737,0.946814,1.0815656,EXTRACTED
g4735,U_g4735/ZN,68.4,98.0,False,7971,0.343374,0.22658393999999998,0.946814,1.2901880000000001,EXTRACTED
g4739,U_g4739/ZN,75.24,99.4,False,5945,0.2523,0.18167755000000005,0.946814,1.199114,EXTRACTED
g4740,U_g4740/ZN,42.18,89.6,False,3326,0.143379,0.0743186,1.119679,1.263058,EXTRACTED
g4744,U_g4744/ZN,76.38,96.6,False,4972,0.41909,0.18993717999999998,0.946814,1.365904,EXTRACTED
g4745,U_g4745/ZN,54.15,95.2,False,1296,2.5913372499999996,2.7754790964900002,9.24824,11.839577249999998,EXTRACTED
g4752,U_g4752/ZN,38.19,91.0,False,3205,0.396986,0.58316357,1.119679,1.5166650000000002,EXTRACTED
g4756,U_g4756/ZN,77.9,98.0,False,4193,0.01742614,0.0,0.946814,0.96424014,EXTRACTED
g4757,U_g4757/ZN,38.19,89.6,False,3290,1.3136079999999999,0.651663648,1.119679,2.433287,EXTRACTED
g4759,U_g4759/ZN,59.47,49.0,False,7198,0.1074668,0.11838456,0.918145,1.0256118,EXTRACTED
g4761,U_g4761/ZN,90.06,72.8,False,4825,0.894476,0.6880891299999999,1.119679,2.014155,EXTRACTED
g4762,U_g4762/ZN,80.94,77.0,False,11305,0.13863137,0.028392685,3.198064,3.33669537,EXTRACTED
g4773,U_g4773/ZN,40.09,89.6,False,3488,0.5909679999999999,0.20484599999999997,1.119679,1.710647,EXTRACTED
g4774,U_g4774/ZN,69.35,25.2,False,7829,0.0814912,0.031384624,0.918145,0.9996362,EXTRACTED
g4776,U_g4776/ZN,69.16,23.8,False,10263,0.31349,0.27176264,0.918145,1.231635,EXTRACTED
g4777,U_g4777/ZN,67.45,22.4,False,7829,0.4533098,0.6522637800000001,0.918145,1.3714548,EXTRACTED
g4779,U_g4779/ZN,68.59,25.2,False,10263,0.28834200000000004,0.30263389999999996,0.918145,1.206487,EXTRACTED
g478,U_g478/Q,40.47,85.4,True,7475,7.2336838000000006,2.952501456,11.800981,19.0346648,EXTRACTED
g4782,U_g4782/ZN,5.89,82.6,False,5188,0.1658934,0.06540563999999999,0.946814,1.1127074000000001,EXTRACTED
g4785,U_g4785/ZN,5.13,82.6,False,2703,0.1008562,0.11817652000000001,0.946814,1.0476702,EXTRACTED
g4787,U_g4787/ZN,1.9,72.8,False,1739,0.4975003,0.56560484,0.946814,1.4443143,EXTRACTED
g4789,U_g4789/ZN,1.9,74.2,False,5547,0.800512,0.39977728999999995,0.946814,1.7473260000000002,EXTRACTED
g4791,U_g4791/ZN,4.94,74.2,False,4923,0.736262,0.6860002414899999,0.946814,1.683076,EXTRACTED
g4792,U_g4792/ZN,4.94,65.8,False,194,0.37414000000000003,0.1182869,0.946814,1.320954,EXTRACTED
g4793,U_g4793/ZN,4.75,72.8,False,4580,0.1410054,0.13589723,0.946814,1.0878194,EXTRACTED
g4794,U_g4794/ZN,2.85,70.0,False,5471,0.5783536,0.5588593800000001,1.83629,2.4146436,EXTRACTED
g4797,U_g4797/ZN,5.51,71.4,False,4597,0.01630032,0.00176665,0.946814,0.9631143200000001,EXTRACTED
g48,U_g48/Q,74.29,85.4,True,6856,1.75426327,1.3722683969999998,7.445256,9.19951927,EXTRACTED
g4800,U_g4800/ZN,1.33,70.0,False,51,0.297152,0.0805923,0.941939,1.239091,EXTRACTED
g4803,U_g4803/ZN,76.19,33.6,False,7336,0.636868,0.70910792,0.918145,1.555013,EXTRACTED
g4806,U_g4806/ZN,16.34,39.2,False,2421,1.3752650999999998,0.356245802,5.84778,7.2230451,EXTRACTED
g4809,output62/Z,1.33,37.8,False,10537,0.119077,0.008866649999999998,0,0.119077,EXTRACTED
g4811,U_g4811/ZN,7.41,53.2,False,8084,0.44966439999999996,0.9184568099999999,0.918145,1.3678094,EXTRACTED
g4812,U_g4812/ZN,72.77,42.0,False,97,0.1134568,0.0433502,1.70023,1.8136868,EXTRACTED
g4813,U_g4813/ZN,74.67,42.0,False,40,0.1797086,0.10066382,1.70023,1.8799386,EXTRACTED
g4814,U_g4814/ZN,75.62,42.0,False,42,0.1644468,0.19703880000000001,1.70023,1.8646767999999998,EXTRACTED
g4816,U_g4816/ZN,71.25,37.8,False,6,0.22408199999999998,0.1476584,1.70023,1.9243119999999998,EXTRACTED
g4819,U_g4819/ZN,78.85,74.2,False,11275,0.1526546,0.21801304500000002,2.70551,2.8581646,EXTRACTED
g4825,U_g4825/ZN,6.08,63.0,False,2375,3.26875538,2.0430855555699994,13.114069,16.382824380000002,EXTRACTED
g4826,U_g4826/ZN,79.23,100.8,False,3659,0.1167578,0.015895435,0.946814,1.0635718,EXTRACTED
g4827,U_g4827/ZN,98.8,63.0,False,4476,0.5346206,0.9204979129999997,0.946814,1.4814346,EXTRACTED
g4828,U_g4828/ZN,91.39,60.2,False,4346,0.122564,0.20879861500000002,0.941939,1.064503,EXTRACTED
g4829,U_g4829/ZN,90.06,65.8,False,4476,1.024184,0.8142034170000001,0.946814,1.970998,EXTRACTED
g4830,U_g4830/ZN,99.94,44.8,False,5821,0.43992,0.15953087999999999,0.946814,1.3867340000000001,EXTRACTED
g4831,U_g4831/ZN,84.36,61.6,False,4307,0.10729659999999999,0.067988667,0.941939,1.0492356,EXTRACTED
g4832,U_g4832/ZN,88.54,67.2,False,4346,0.574148,1.13420165949,0.941939,1.516087,EXTRACTED
g4833,U_g4833/ZN,91.77,49.0,False,3608,0.691692,0.707546778,0.941939,1.6336309999999998,EXTRACTED
g4834,U_g4834/ZN,95.0,44.8,False,5821,0.39011599999999996,0.565101614,0.946814,1.33693,EXTRACTED
g4835,U_g4835/ZN,80.94,58.8,False,4307,1.127173,1.6291877899999998,0.941939,2.069112,EXTRACTED
g4836,U_g4836/ZN,100.7,46.2,False,3608,0.278364,0.25838326,0.941939,1.220303,EXTRACTED
g4838,U_g4838/ZN,2.66,63.0,False,40,0.27730400000000005,0.10801059,0.918145,1.195449,EXTRACTED
g485,U_g485/Q,54.72,44.8,True,7205,3.946221,0.223106314,2.619024,6.565245,EXTRACTED
g4859,U_g4859/ZN,69.92,98.0,False,7250,0.0634162,0.15924623999999998,0.918145,0.9815612,EXTRACTED
g486,U_g486/Q,58.52,16.8,True,7277,3.91927228,4.46861171,4.333495,8.25276728,EXTRACTED
g4860,U_g4860/ZN,73.15,95.2,False,8603,0.51302,0.10973681200000002,0.918145,1.431165,EXTRACTED
g4862,U_g4862/ZN,75.05,95.2,False,6250,0.25982,0.20987217799999996,0.918145,1.177965,EXTRACTED
g4863,U_g4863/ZN,73.72,26.6,False,6877,0.1152904,0.15544696,1.714471,1.8297614,EXTRACTED
g4864,U_g4864/ZN,78.28,91.0,False,5148,0.1943134,0.30547275,0.918145,1.1124584,EXTRACTED
g4865,U_g4865/ZN,67.64,28.0,False,4207,0.363414,0.35865726,1.651345,2.014759,EXTRACTED
g4866,U_g4866/ZN,78.66,98.0,False,4274,0.40581,0.23187326000000003,0.918145,1.323955,EXTRACTED
g4867,U_g4867/ZN,17.1,54.6,False,4835,0.1181346,0.1407836,0.946814,1.0649486000000001,EXTRACTED
g4868,U_g4868/ZN,69.92,23.8,False,6877,0.428048,0.40783399800000003,1.714471,2.142519,EXTRACTED
g4870,U_g4870/ZN,73.34,23.8,False,4207,0.488978,0.33251522000000006,1.651345,2.140323,EXTRACTED
g4872,U_g4872/ZN,32.11,72.8,False,3609,0.40991,0.5218309599999998,1.119679,1.529589,EXTRACTED
g4873,U_g4873/ZN,3.8,67.2,False,26,0.0452848,0.05653869,0.941939,0.9872238,EXTRACTED
g4874,U_g4874/ZN,79.42,22.4,False,5,0.8643615,0.79830921,4.172694,5.0370555,EXTRACTED
g4877,U_g4877/ZN,67.26,30.8,False,4,3.3956608499999996,2.948318536,10.539607,13.935267849999999,EXTRACTED
g489,U_g489/Q,59.09,44.8,True,7079,3.3491712000000002,3.8418728239999997,4.333495,7.6826662,EXTRACTED
g4894,U_g4894/ZN,72.39,42.0,False,40,0.8612269799999999,1.1095663960000002,3.8120659999999997,4.673292979999999,EXTRACTED
g49,U_g49/Q,19.57,84.0,True,6724,2.4302109999999995,2.282412233,7.709863,10.140074,EXTRACTED
g4903,U_g4903/ZN,2.47,60.2,False,1736,0.5899059999999999,0.30543587897,1.70023,2.290136,EXTRACTED
g4904,U_g4904/ZN,73.91,40.6,False,97,1.23414647,1.3488775120000003,3.8466329999999997,5.0807794699999995,EXTRACTED
g4915,U_g4915/ZN,76.0,36.4,False,46,1.70313749,1.5052704599999998,6.730469,8.43360649,EXTRACTED
g492,U_g492/Q,22.99,40.6,True,6754,3.3255562299999997,3.435527411,4.479108,7.80466423,EXTRACTED
g4928,U_g4928/ZN,77.9,89.6,False,609,0.4084384,0.64702793,0.941939,1.3503774,EXTRACTED
g4932,U_g4932/ZN,68.02,93.8,False,423,0.2784,0.165960081,0.941939,1.220339,EXTRACTED
g4936,U_g4936/ZN,90.63,60.2,False,6701,0.504672,0.391777418,1.650377,2.155049,EXTRACTED
g4937,U_g4937/ZN,68.21,91.0,False,140,0.0567472,0.02209362,0.941939,0.9986862,EXTRACTED
g4941,U_g4941/ZN,80.75,72.8,False,6701,0.74838,0.441017111,1.650377,2.398757,EXTRACTED
g4942,U_g4942/ZN,71.25,89.6,False,134,0.5677717,0.5301698899999999,0.941939,1.5097106999999999,EXTRACTED
g4946,U_g4946/ZN,97.66,40.6,False,7683,1.095036,0.30259367000000004,0.918145,2.013181,EXTRACTED
g4947,U_g4947/ZN,71.25,91.0,False,394,0.34112,0.514425766,0.941939,1.283059,EXTRACTED
g4948,U_g4948/ZN,98.42,49.0,False,7683,0.6909384,0.31466039,0.918145,1.6090833999999998,EXTRACTED
g4949,U_g4949/ZN,72.2,93.8,False,386,0.251802,0.7719365999999999,0.941939,1.193741,EXTRACTED
g4950,U_g4950/ZN,62.7,39.2,False,6,4.028206880000001,4.106160228070001,10.568338,14.596544880000001,EXTRACTED
g496,U_g496/Q,22.23,35.0,True,7395,2.6215219999999997,2.72926257,4.479108,7.10063,EXTRACTED
g4967,U_g4967/ZN,70.11,35.0,False,6,1.9657204,2.8401528970000007,7.584007,9.5497274,EXTRACTED
g4980,U_g4980/ZN,70.11,32.2,False,2,2.13848221,1.745437574000001,7.582332,9.72081421,EXTRACTED
g4993,U_g4993/ZN,69.54,35.0,False,8,3.42481953,2.8449827609999994,11.535769,14.96058853,EXTRACTED
g500,U_g500/Q,64.41,54.6,True,7154,1.9080603,1.5414374560000004,5.953148,7.8612082999999995,EXTRACTED
g5012,U_g5012/ZN,7.98,84.0,False,6694,0.09493359999999999,0.42571546000000005,0.918145,1.0130786,EXTRACTED
g5013,U_g5013/ZN,79.23,99.4,False,3693,1.1884017,0.43300936000000007,0.918145,2.1065467,EXTRACTED
g5014,U_g5014/ZN,7.41,82.6,False,3666,0.0607196,0.01765994,0.918145,0.9788646,EXTRACTED
g5015,U_g5015/ZN,7.22,78.4,False,2359,0.1160914,0.0657663,0.918145,1.0342364,EXTRACTED
g5016,U_g5016/ZN,2.85,88.2,False,5773,0.830746,0.8648099979999998,0.918145,1.748891,EXTRACTED
g5017,U_g5017/ZN,95.76,77.0,False,5106,0.454314,0.36804174500000003,1.119679,1.5739930000000002,EXTRACTED
g5018,U_g5018/ZN,13.11,67.2,False,5072,0.5671079,0.5368786299999999,0.918145,1.4852528999999999,EXTRACTED
g5019,U_g5019/ZN,87.78,78.4,False,11275,0.9343794000000001,0.51896676,2.83415,3.7685294000000003,EXTRACTED
g5023,U_g5023/ZN,15.77,42.0,False,3590,0.1767572,0.0582305,0.946814,1.1235712,EXTRACTED
g5024,U_g5024/ZN,5.32,70.0,False,4680,0.129654,0.06253405,0.918145,1.047799,EXTRACTED
g5025,U_g5025/ZN,74.86,39.2,False,42,3.91201442,2.1212431730000003,10.604684,14.51669842,EXTRACTED
g504,U_g504/Q,21.85,63.0,True,6641,4.2550468,4.834935246000003,5.953148,10.2081948,EXTRACTED
g5043,U_g5043/ZN,15.2,43.4,False,3492,0.32918,0.19749796999999997,0.946814,1.275994,EXTRACTED
g5044,U_g5044/ZN,6.27,71.4,False,4674,0.38457600000000003,0.47356739,0.918145,1.302721,EXTRACTED
g5047,U_g5047/ZN,16.53,36.4,False,3377,0.0428952,0.0,0.946814,0.9897092000000001,EXTRACTED
g5048,U_g5048/ZN,78.09,71.4,False,1032,0.271746,0.177407556,0.946814,1.21856,EXTRACTED
g5050,U_g5050/ZN,13.49,32.2,False,3377,0.6057410000000001,0.44818627,1.119679,1.7254200000000002,EXTRACTED
g5053,U_g5053/ZN,15.58,46.2,False,3326,0.382428,0.48256859,0.946814,1.329242,EXTRACTED
g5054,U_g5054/ZN,74.48,39.2,False,6,0.41650174,0.6640175,3.803541,4.22004274,EXTRACTED
g5060,U_g5060/ZN,78.85,71.4,False,3084,0.584392,1.3484107350000003,1.664199,2.2485910000000002,EXTRACTED
g5062,U_g5062/ZN,81.7,37.8,False,6483,0.584973,0.488049528,1.650377,2.23535,EXTRACTED
g5065,U_g5065/ZN,93.67,37.8,False,7709,0.634714,0.54745405,1.621225,2.2559389999999997,EXTRACTED
g5066,U_g5066/ZN,85.5,58.8,False,7572,0.765618,0.18169505200000002,1.650377,2.415995,EXTRACTED
g5068,U_g5068/ZN,94.05,43.4,False,6933,0.62393,0.832273025,1.621225,2.245155,EXTRACTED
g5069,U_g5069/ZN,28.69,23.8,False,6058,0.8388169,1.4335172600000006,5.369667,6.2084839,EXTRACTED
g5074,U_g5074/ZN,9.12,63.0,False,397,0.33650559999999996,0.18836709000000001,1.9214440000000002,2.2579496,EXTRACTED
g5077,U_g5077/ZN,31.73,47.6,False,3610,1.34188795,1.3189999944899997,5.369667,6.71155495,EXTRACTED
g508,U_g508/Q,34.2,71.4,True,6901,5.258426259999999,3.22255772287,5.953148,11.211574259999999,EXTRACTED
g5083,U_g5083/ZN,19.38,23.8,False,6876,0.655392,0.5507346419999998,1.70023,2.355622,EXTRACTED
g5085,U_g5085/ZN,27.55,46.2,False,4250,0.0919334,0.043630890000000006,1.70023,1.7921634,EXTRACTED
g5086,U_g5086/ZN,72.96,93.8,False,1172,1.09662615,1.1531666880000002,2.92389,4.020516150000001,EXTRACTED
g5088,U_g5088/ZN,35.34,22.4,False,9031,0.079819,0.01720968,0.918145,0.997964,EXTRACTED
g5091,U_g5091/ZN,36.67,51.8,False,10772,0.097961,0.19033691000000003,0.918145,1.016106,EXTRACTED
g5093,U_g5093/ZN,42.94,23.8,False,9031,0.225986,0.04663517,0.918145,1.144131,EXTRACTED
g5094,U_g5094/ZN,33.82,51.8,False,10772,0.28982600000000003,0.154982742,0.918145,1.2079710000000001,EXTRACTED
g5095,U_g5095/ZN,1.33,61.6,False,5121,0.257842,0.17195459999999999,0.918145,1.1759870000000001,EXTRACTED
g5096,U_g5096/ZN,4.37,70.0,False,4299,0.1091626,0.01078111,0.946814,1.0559766000000002,EXTRACTED
g5098,U_g5098/ZN,14.44,44.8,False,3567,0.10163939999999999,0.16645569999999998,0.946814,1.0484534,EXTRACTED
g5111,U_g5111/ZN,77.71,28.0,False,7125,0.349624,0.15949845,0.918145,1.267769,EXTRACTED
g512,U_g512/Q,59.47,65.8,True,6958,2.6802703600000006,1.9958041769999997,5.953148,8.63341836,EXTRACTED
g5122,U_g5122/ZN,51.3,91.0,False,296,0.0790982,0.014752359,0.941939,1.0210371999999999,EXTRACTED
g5123,U_g5123/ZN,45.98,89.6,False,7316,0.01742614,0.0,0.946814,0.96424014,EXTRACTED
g5137,output63/Z,100.51,64.4,True,7426,0.17297079999999998,0.070859935,0,0.17297079999999998,EXTRACTED
g5142,U_g5142/ZN,55.86,85.4,False,477,0.3449,0.38461800900000004,0.941939,1.286839,EXTRACTED
g5143,U_g5143/ZN,44.46,86.8,False,338,0.257072,0.7312973999999999,0.941939,1.199011,EXTRACTED
g5144,U_g5144/ZN,49.78,85.4,False,114,0.476582,0.07097794999999998,0.941939,1.418521,EXTRACTED
g5145,U_g5145/ZN,60.99,86.8,False,112,0.052805,0.13607522,0.941939,0.994744,EXTRACTED
g5146,U_g5146/ZN,58.14,92.4,False,310,0.052805200000000004,0.00634904,0.941939,0.9947442,EXTRACTED
g5149,U_g5149/ZN,85.88,72.8,False,4677,0.8090890000000001,1.505082327,1.119679,1.9287680000000003,EXTRACTED
g5152,U_g5152/ZN,55.67,28.0,False,3,0.0871824,0.014787302999999998,0.923766,1.0109484,EXTRACTED
g5153,U_g5153/ZN,64.6,47.6,False,13,0.9522439999999999,0.5648441100000001,0.938321,1.8905649999999998,EXTRACTED
g5154,U_g5154/ZN,63.46,36.4,False,5,0.157422,0.169668923,0.923766,1.081188,EXTRACTED
g5156,U_g5156/ZN,57.57,28.0,False,1,0.11750820000000001,0.011515405,0.914189,1.0316972,EXTRACTED
g5157,U_g5157/ZN,64.22,37.8,False,51,0.094664,0.098450069,0.938321,1.032985,EXTRACTED
g5158,U_g5158/ZN,64.22,39.2,False,1,0.367658,0.55586181,0.923766,1.291424,EXTRACTED
g5159,U_g5159/ZN,65.74,39.2,False,3,0.1725526,0.26530503,0.938321,1.1108736,EXTRACTED
g516,U_g516/Q,40.85,42.0,True,7377,1.68469301,2.3065276900000007,5.953148,7.63784101,EXTRACTED
g5160,U_g5160/ZN,50.73,96.6,False,906,2.1234954999999998,1.7452599959999997,4.87315,6.9966455,EXTRACTED
g5161,U_g5161/ZN,2.85,65.8,False,4030,0.0726746,0.0330736,0.946814,1.0194886,EXTRACTED
g5162,U_g5162/ZN,35.34,23.8,False,11069,0.6041321,0.5057782000000001,1.714471,2.3186031,EXTRACTED
g5163,U_g5163/ZN,57.95,18.2,False,1,0.32086400000000004,0.420610388,0.923766,1.24463,EXTRACTED
g5164,U_g5164/ZN,55.48,29.4,False,1,0.28967400000000004,0.50536927397,0.914189,1.2038630000000001,EXTRACTED
g5165,U_g5165/ZN,61.75,32.2,False,1,0.5554321,0.7093554,0.941245,1.4966770999999999,EXTRACTED
g5166,U_g5166/ZN,57.19,35.0,False,1,0.288978,0.4006469730000001,0.938321,1.227299,EXTRACTED
g5167,U_g5167/ZN,41.04,81.2,False,3622,0.1078192,0.178122003,1.119679,1.2274982,EXTRACTED
g5168,U_g5168/ZN,48.07,89.6,False,906,0.24919200000000002,0.11495609000000001,0.97463,1.223822,EXTRACTED
g5169,U_g5169/ZN,44.46,26.6,False,6754,0.89640374,1.08194762,1.651345,2.5477487400000003,EXTRACTED
g5170,U_g5170/ZN,35.15,51.8,False,11319,0.0683838,0.038722521999999995,1.714471,1.7828548,EXTRACTED
g5171,U_g5171/ZN,60.61,19.6,False,1,0.12437200000000001,0.14740189,0.923766,1.048138,EXTRACTED
g5172,U_g5172/ZN,54.72,16.8,False,3,0.36602599999999996,0.15486624,0.914189,1.280215,EXTRACTED
g5173,U_g5173/ZN,60.61,39.2,False,3,0.09434239999999999,0.09832414,0.941245,1.0355874,EXTRACTED
g5175,U_g5175/ZN,34.77,47.6,False,5997,0.153016,0.10033007199999999,1.651345,1.804361,EXTRACTED
g5176,U_g5176/ZN,65.93,14.0,False,3,0.5043759999999999,0.5703826879999999,0.923766,1.4281419999999998,EXTRACTED
g5177,U_g5177/ZN,54.72,19.6,False,3,0.0807586,0.060541670000000006,0.914189,0.9949476,EXTRACTED
g5178,U_g5178/ZN,61.75,39.2,False,3,0.973022,0.955731434,0.959052,1.932074,EXTRACTED
g5180,U_g5180/ZN,52.63,19.6,False,3,0.6685420000000001,0.87301997,0.923766,1.592308,EXTRACTED
g5181,U_g5181/ZN,53.96,22.4,False,3,0.6199346000000001,0.7585145700000001,0.914189,1.5341236,EXTRACTED
g5182,U_g5182/ZN,48.26,42.0,False,3,0.877422,1.0625132379999997,0.959052,1.836474,EXTRACTED
g5183,U_g5183/ZN,53.58,15.4,False,3,0.21582400000000002,0.213137776,0.923766,1.13959,EXTRACTED
g5184,U_g5184/ZN,66.88,19.6,False,1,0.35497399999999996,0.34368891000000007,0.914189,1.269163,EXTRACTED
g5185,U_g5185/ZN,56.81,30.8,False,1,0.5932738,0.45869658,0.959052,1.5523258,EXTRACTED
g5186,U_g5186/ZN,53.77,16.8,False,1,0.26622,0.25110785999999996,0.923766,1.189986,EXTRACTED
g5187,U_g5187/ZN,60.61,18.2,False,3,0.21011200000000002,0.11151156200000001,0.914189,1.124301,EXTRACTED
g5188,U_g5188/ZN,61.75,37.8,False,21,0.1261838,0.11633808000000001,0.941245,1.0674288,EXTRACTED
g5189,U_g5189/ZN,56.62,33.6,False,5,0.06499,0.051181739999999996,0.959052,1.0240420000000001,EXTRACTED
g5190,U_g5190/ZN,57.57,30.8,False,1,0.404262,0.16218512699999998,0.923766,1.328028,EXTRACTED
g5191,U_g5191/ZN,53.01,11.2,False,3,0.8824322,1.987181176,0.914189,1.7966212000000001,EXTRACTED
g5192,U_g5192/ZN,66.5,39.2,False,23,0.44608400000000004,0.8654278260000001,0.941245,1.387329,EXTRACTED
g5193,U_g5193/ZN,63.46,39.2,False,3,0.0936476,0.09361659,0.914189,1.0078366,EXTRACTED
g5194,U_g5194/ZN,81.89,21.0,False,4,1.1508720000000001,0.783412955,4.172694,5.323566,EXTRACTED
g5197,U_g5197/ZN,61.37,42.0,False,1,0.3657,0.334196212,0.914189,1.279889,EXTRACTED
g5198,U_g5198/ZN,64.98,4.2,False,39,2.4636658000000002,1.775274824,0.940092,3.4037578,EXTRACTED
g520,U_g520/Q,68.21,40.6,True,7213,2.6878308,2.7798257399999997,5.953148,8.6409788,EXTRACTED
g5200,U_g5200/ZN,59.28,1.4,False,19,3.0683297,0.4134119059,0.940092,4.0084217,EXTRACTED
g5201,U_g5201/ZN,69.16,98.0,False,7903,0.090669,0.27439139,0.946814,1.037483,EXTRACTED
g5202,U_g5202/ZN,70.3,37.8,False,141,1.2591683,1.0459886479999998,2.823735,4.0829033,EXTRACTED
g5209,U_g5209/ZN,54.53,4.2,False,41,1.01171672,2.18487621,0.940092,1.9518087199999998,EXTRACTED
g5211,U_g5211/ZN,73.34,89.6,False,8846,0.22950600000000002,0.5901326,0.946814,1.17632,EXTRACTED
g5212,U_g5212/ZN,55.48,4.2,False,35,1.31452592,0.82332049,0.946814,2.26133992,EXTRACTED
g5213,U_g5213/ZN,73.53,92.4,False,6505,0.6734762,0.43776924000000006,0.946814,1.6202902,EXTRACTED
g5214,U_g5214/ZN,61.37,4.2,False,7,2.428704,0.8412619399999999,0.946814,3.3755180000000005,EXTRACTED
g5215,U_g5215/ZN,76.95,93.8,False,5378,0.056307800000000005,0.05982574,0.946814,1.0031218,EXTRACTED
g5216,U_g5216/ZN,60.61,4.2,False,11,2.3668826199999997,1.1179563478999999,0.923766,3.29064862,EXTRACTED
g5217,U_g5217/ZN,86.26,96.6,False,4504,0.510314,0.442187564,0.946814,1.457128,EXTRACTED
g5218,U_g5218/ZN,70.49,42.0,False,17,0.436776,0.52523595,0.923766,1.360542,EXTRACTED
g5220,U_g5220/ZN,9.12,56.0,False,1736,2.3390700400000006,2.7786705489999997,13.87236,16.21143004,EXTRACTED
g5224,U_g5224/ZN,46.74,89.6,False,7281,0.1753794,0.18978276499999996,0.918145,1.0935244,EXTRACTED
g5225,U_g5225/ZN,74.29,37.8,False,3,0.059045400000000005,0.10996900000000001,0.914189,0.9732344,EXTRACTED
g5226,U_g5226/ZN,72.2,36.4,False,5,0.7524359999999999,0.7212241340000003,0.914189,1.6666249999999998,EXTRACTED
g5227,U_g5227/ZN,82.65,67.2,False,4203,1.6686802900000002,2.226544744,0.946814,2.61549429,EXTRACTED
g5228,U_g5228/ZN,5.32,68.6,False,4350,0.1636388,0.25965522500000005,0.918145,1.0817838,EXTRACTED
g5229,U_g5229/ZN,73.15,36.4,False,1,0.01742614,0.0,0.941245,0.95867114,EXTRACTED
g5231,U_g5231/ZN,78.09,74.2,False,7422,0.459152,0.72202473,1.119679,1.578831,EXTRACTED
g5232,U_g5232/ZN,61.18,36.4,False,1,0.1167556,0.032316819999999996,0.941245,1.0580006,EXTRACTED
g5233,U_g5233/ZN,71.44,36.4,False,1,0.364686,0.32627883300000005,0.923766,1.288452,EXTRACTED
g5234,U_g5234/ZN,75.05,33.6,False,13,0.283638,0.111938538,0.938321,1.221959,EXTRACTED
g5235,U_g5235/ZN,59.85,37.8,False,1,0.048900000000000006,0.05618608,0.923766,0.972666,EXTRACTED
g5236,U_g5236/ZN,64.22,35.0,False,13,0.238944,0.15235832900000001,0.938321,1.177265,EXTRACTED
g5237,U_g5237/ZN,27.55,29.4,False,6876,0.41617800000000005,0.3323963720000001,1.929648,2.345826,EXTRACTED
g524,U_g524/Q,42.75,70.0,True,6900,4.57894753,1.7254747860000001,5.953148,10.53209553,EXTRACTED
g5240,U_g5240/ZN,68.4,36.4,False,13,0.094376,0.077395302,0.914189,1.008565,EXTRACTED
g5241,U_g5241/ZN,29.45,26.6,False,9885,0.214608,0.19725717000000004,0.97463,1.189238,EXTRACTED
g5242,U_g5242/ZN,27.17,46.2,False,4250,0.5242906999999999,0.7615797250000002,1.929648,2.4539387,EXTRACTED
g5245,U_g5245/ZN,62.7,36.4,False,21,0.1891142,0.36428826200000003,0.914189,1.1033032,EXTRACTED
g5246,U_g5246/ZN,26.6,60.2,False,8807,0.6055527999999999,0.7272114829999998,0.97463,1.5801827999999998,EXTRACTED
g5248,U_g5248/ZN,80.94,96.6,False,1296,1.0332679,1.2793006200000003,2.92389,3.9571579000000003,EXTRACTED
g5249,U_g5249/ZN,71.63,16.8,False,9360,0.6750703,0.30221057100000004,0.918145,1.5932153,EXTRACTED
g5251,U_g5251/ZN,27.17,28.0,False,6058,0.4154573,0.5239637380000001,2.7731950000000003,3.1886523,EXTRACTED
g5255,U_g5255/ZN,74.48,93.8,False,1296,0.572344,0.7521564799999998,2.92389,3.4962340000000003,EXTRACTED
g5256,U_g5256/ZN,34.39,58.8,False,3610,1.25950783,0.65983157249,2.7731950000000003,4.03270283,EXTRACTED
g5265,U_g5265/ZN,74.1,29.4,False,9360,0.348346,0.20980058,0.918145,1.266491,EXTRACTED
g5269,U_g5269/ZN,53.77,4.2,False,13,2.148775,1.6054934109999999,0.940092,3.088867,EXTRACTED
g5277,U_g5277/ZN,17.86,40.6,False,5927,0.1862786,0.24233288000000003,1.119679,1.3059576000000002,EXTRACTED
g528,U_g528/Q,44.84,65.8,True,6958,4.73465673,2.627648060000001,5.953148,10.68780473,EXTRACTED
g5281,U_g5281/ZN,10.83,67.2,False,2660,2.24617961,2.43313985377,13.87236,16.11853961,EXTRACTED
g5291,U_g5291/ZN,15.77,49.0,False,5831,0.520726,0.226150808,1.119679,1.6404050000000001,EXTRACTED
g5295,U_g5295/ZN,17.67,36.4,False,5724,0.206466,0.067533,1.119679,1.3261450000000001,EXTRACTED
g5303,U_g5303/ZN,22.04,49.0,False,5747,0.1254514,0.24094265000000004,1.119679,1.2451304,EXTRACTED
g5308,U_g5308/ZN,75.05,12.6,False,7118,0.20771599999999998,0.0834452,0.918145,1.125861,EXTRACTED
g5311,U_g5311/ZN,60.42,98.0,False,35,0.3920677,0.5362083120000001,2.606138,2.9982057,EXTRACTED
g5317,U_g5317/ZN,43.13,86.8,False,7379,0.44574179999999997,0.833053375,0.946814,1.3925558,EXTRACTED
g5318,U_g5318/ZN,69.73,75.6,False,6335,1.06097925,1.3659035319999997,4.5778870000000005,5.63886625,EXTRACTED
g532,U_g532/Q,59.28,56.0,True,7429,1.8252079,1.8367592479999997,5.953148,7.778355899999999,EXTRACTED
g5323,U_g5323/ZN,15.01,47.6,False,5904,0.57535791,0.542029844,1.119679,1.6950369100000002,EXTRACTED
g5324,U_g5324/ZN,22.04,32.2,False,8970,0.5245198,0.8437041099999999,0.918145,1.4426648,EXTRACTED
g5325,U_g5325/ZN,30.97,44.8,False,11818,0.7555560000000001,1.02781435949,0.918145,1.673701,EXTRACTED
g5326,U_g5326/ZN,30.78,28.0,False,9356,0.370124,0.48162358399999994,0.918145,1.288269,EXTRACTED
g5327,U_g5327/ZN,28.31,58.8,False,11706,0.6573774000000001,0.39709740696999996,0.918145,1.5755224,EXTRACTED
g5348,U_g5348/ZN,51.49,89.6,False,7457,0.5416957,0.673118599,0.918145,1.4598407,EXTRACTED
g5349,U_g5349/ZN,30.02,28.0,False,3979,0.6398863,0.8130776499999999,0.946814,1.5867003,EXTRACTED
g5350,U_g5350/ZN,41.42,47.6,False,4413,0.35721800000000004,0.37280046999999994,0.946814,1.304032,EXTRACTED
g5351,U_g5351/ZN,28.69,32.2,False,6228,0.35038,0.441871278,0.946814,1.2971940000000002,EXTRACTED
g5353,U_g5353/ZN,38.0,58.8,False,6020,0.5270296,0.486822858,0.946814,1.4738436,EXTRACTED
g5354,U_g5354/ZN,75.81,23.8,False,10374,0.0206302,0.06323983,1.714471,1.7351012000000001,EXTRACTED
g5356,U_g5356/ZN,74.67,23.8,False,6330,0.07662500000000001,0.07777558,1.651345,1.72797,EXTRACTED
g5357,U_g5357/ZN,20.52,67.2,False,1011,0.1933984,0.36003947999999997,0.941939,1.1353374,EXTRACTED
g5359,U_g5359/ZN,57.19,89.6,False,3198,0.08913639999999999,0.06510258000000001,0.946814,1.0359504,EXTRACTED
g536,U_g536/Q,58.14,46.2,True,7198,1.79195948,1.6279387270000003,7.820506,9.612465480000001,EXTRACTED
g5360,U_g5360/ZN,59.47,82.6,False,2741,0.709041,0.34665369,0.946814,1.655855,EXTRACTED
g5361,U_g5361/ZN,49.59,86.8,False,2731,0.306842,0.25376387999999994,0.946814,1.253656,EXTRACTED
g5362,U_g5362/ZN,54.91,88.2,False,2953,0.40762600000000004,0.50418748,0.946814,1.35444,EXTRACTED
g5363,U_g5363/ZN,57.38,92.4,False,3192,0.0870954,0.05060711000000001,0.946814,1.0339094,EXTRACTED
g5364,U_g5364/ZN,75.62,25.2,False,3,1.1115581,1.19338035,4.172694,5.2842521,EXTRACTED
g5367,U_g5367/ZN,73.34,91.0,False,667,0.15380011999999998,0.1935085,3.263231,3.4170311200000003,EXTRACTED
g5368,U_g5368/ZN,67.64,98.0,False,7804,0.2363855,0.30982643,3.263231,3.4996165,EXTRACTED
g5369,U_g5369/ZN,77.52,91.0,False,7244,0.645286,0.30844563499999994,0.946814,1.5921,EXTRACTED
g5370,U_g5370/ZN,68.97,91.0,False,8898,0.6100299,0.7380325579999999,3.263231,3.8732609,EXTRACTED
g5371,U_g5371/ZN,66.5,95.2,False,7189,0.0585098,0.025257059999999998,0.946814,1.0053238,EXTRACTED
g5372,U_g5372/ZN,75.62,82.6,False,6579,0.93832842,1.3902697499999999,3.263231,4.201559420000001,EXTRACTED
g5373,U_g5373/ZN,66.5,93.8,False,7202,0.36876200000000003,0.65324749,0.946814,1.315576,EXTRACTED
g5374,U_g5374/ZN,77.71,92.4,False,5506,0.3785001,0.458903756,3.263231,3.6417311000000003,EXTRACTED
g5376,U_g5376/ZN,82.08,92.4,False,6940,0.01742614,0.0,0.946814,0.96424014,EXTRACTED
g5377,U_g5377/ZN,79.61,93.8,False,4662,0.4065320499999999,0.42671445849,3.263231,3.6697630500000002,EXTRACTED
g5378,U_g5378/ZN,81.51,91.0,False,7136,0.08086159999999999,0.04651708,0.946814,1.0276756,EXTRACTED
g5380,U_g5380/ZN,74.48,100.8,False,7163,0.620457,1.0298249419999999,0.946814,1.567271,EXTRACTED
g5384,U_g5384/ZN,21.47,63.0,False,1736,1.1151687000000001,1.03710832,3.89852,5.0136887,EXTRACTED
g5385,U_g5385/ZN,78.47,67.2,False,1362,0.7147961,1.0946612400000002,1.70023,2.4150261,EXTRACTED
g5386,U_g5386/ZN,82.65,39.2,False,8774,0.5428299000000001,0.4974926600000001,1.119679,1.6625089000000002,EXTRACTED
g5388,U_g5388/ZN,77.9,65.8,False,519,0.862724,0.24907218249,3.414701,4.277425,EXTRACTED
g5398,U_g5398/ZN,13.68,79.8,False,471,0.112229,0.11805940999999999,0.941939,1.054168,EXTRACTED
g54,U_g54/Q,22.04,85.4,True,6671,2.23055685,1.4102439350000002,7.709863,9.940419850000001,EXTRACTED
g5402,U_g5402/ZN,12.92,79.8,False,169,0.271598,0.18373274,0.941939,1.213537,EXTRACTED
g5406,U_g5406/ZN,10.64,79.8,False,628,0.1976712,0.107226454,0.941939,1.1396102,EXTRACTED
g541,U_g541/Q,55.29,70.0,True,7151,3.2326624999999996,2.3705776190000005,6.22167,9.4543325,EXTRACTED
g5410,U_g5410/ZN,22.04,67.2,False,590,1.238818,1.3276793999999998,0.941939,2.180757,EXTRACTED
g5414,U_g5414/ZN,15.2,79.8,False,551,0.060805399999999996,0.101019792,0.941939,1.0027443999999999,EXTRACTED
g5418,U_g5418/ZN,31.35,30.8,False,9031,1.00577958,1.0325042140000003,3.263231,4.26901058,EXTRACTED
g5419,U_g5419/ZN,6.84,60.2,False,216,1.2869255,0.30463554000000004,0.941939,2.2288645,EXTRACTED
g5423,U_g5423/ZN,35.15,50.4,False,10772,0.82295987,0.7349452219999998,3.263231,4.08619087,EXTRACTED
g5424,U_g5424/ZN,10.07,68.6,False,37,0.1035,0.2338247,0.941939,1.045439,EXTRACTED
g5428,U_g5428/ZN,12.54,64.4,False,257,0.6739850000000001,0.36104230800000003,0.941939,1.6159240000000001,EXTRACTED
g5429,U_g5429/ZN,16.72,63.0,False,1528,0.64073,0.24445829000000005,0.941939,1.582669,EXTRACTED
g5430,U_g5430/ZN,4.18,65.8,False,4056,0.208758,0.53791963,0.918145,1.126903,EXTRACTED
g5431,U_g5431/ZN,84.55,19.6,False,7417,0.665284,0.5446274600000001,0.918145,1.583429,EXTRACTED
g5438,U_g5438/ZN,48.07,86.8,False,3056,1.60878982,2.2422585,0.946814,2.55560382,EXTRACTED
g5439,U_g5439/ZN,4.37,78.4,False,2375,1.40336762,1.1628513353000003,6.794594,8.197961620000001,EXTRACTED
g5441,U_g5441/ZN,31.73,26.6,False,5971,0.187405,0.4468173739999999,0.918145,1.10555,EXTRACTED
g5443,U_g5443/ZN,32.68,26.6,False,5950,0.254122,0.29286431999999996,0.918145,1.172267,EXTRACTED
g5444,U_g5444/ZN,34.77,58.8,False,7660,0.5359079999999999,0.243874829,0.918145,1.454053,EXTRACTED
g5446,U_g5446/ZN,32.68,28.0,False,9502,0.18363480000000001,0.3003993,0.918145,1.1017798,EXTRACTED
g5447,U_g5447/ZN,44.65,63.0,False,7181,0.538332,0.46610733499999996,0.918145,1.456477,EXTRACTED
g5449,U_g5449/ZN,37.05,57.4,False,8242,0.230574,0.22567380999999997,0.918145,1.148719,EXTRACTED
g545,U_g545/Q,21.85,36.4,True,6758,2.9555537000000003,3.67525745,2.755084,5.7106377,EXTRACTED
g5451,U_g5451/ZN,30.97,26.6,False,11535,0.6770479999999999,0.36177766997000005,0.918145,1.5951929999999999,EXTRACTED
g5452,U_g5452/ZN,4.18,37.8,False,0,0.400244,0.07017140000000001,1.70023,2.1004739999999997,EXTRACTED
g5453,U_g5453/ZN,8.93,68.6,False,2375,0.09658180000000001,0.30705295600000004,1.94926,2.0458418,EXTRACTED
g5454,U_g5454/ZN,40.09,56.0,False,12855,0.1128234,0.18378963,0.918145,1.0309684,EXTRACTED
g5455,U_g5455/ZN,55.67,98.0,False,30,0.5764863,0.566540873,1.70023,2.2767163,EXTRACTED
g5458,U_g5458/ZN,57.95,96.6,False,35,0.15761278,0.32828239000000004,2.67486,2.83247278,EXTRACTED
g5467,U_g5467/ZN,77.9,68.6,False,1187,0.71214,0.47050306897,1.70023,2.41237,EXTRACTED
g5468,output64/Z,68.78,1.4,True,7205,0.329268,0.11485651000000002,0,0.329268,EXTRACTED
g5469,output65/Z,37.24,98.0,True,7382,0.44334799999999996,0.034082286,0,0.44334799999999996,EXTRACTED
g5470,U_g5470/ZN,58.71,89.6,False,3637,0.44433199999999995,0.22254216997,1.119679,1.564011,EXTRACTED
g5471,U_g5471/ZN,51.49,86.8,False,3069,0.19144799999999998,0.06887323499999999,1.119679,1.3111270000000002,EXTRACTED
g5472,U_g5472/ZN,53.01,89.6,False,2835,1.155512,0.93109584,1.119679,2.2751910000000004,EXTRACTED
g5473,U_g5473/ZN,62.7,86.8,False,3047,0.6346932000000001,0.65402207,1.119679,1.7543722000000002,EXTRACTED
g5474,U_g5474/ZN,58.9,92.4,False,3476,0.1005388,0.12086622999999999,1.119679,1.2202178000000001,EXTRACTED
g548,U_g548/Q,28.69,46.2,True,7389,2.6630259699999996,3.907593146999999,2.755084,5.41810997,EXTRACTED
g5481,U_g5481/ZN,22.8,60.2,False,333,0.052380199999999995,0.008910240000000002,0.941939,0.9943192,EXTRACTED
g5482,U_g5482/ZN,26.6,64.4,False,120,0.117272,0.01387942,0.941939,1.059211,EXTRACTED
g5483,U_g5483/ZN,18.24,68.6,False,424,0.0488404,0.013033159999999998,0.941939,0.9907794,EXTRACTED
g5484,U_g5484/ZN,26.6,70.0,False,403,0.0544362,0.05290979999999999,0.941939,0.9963752,EXTRACTED
g5485,U_g5485/ZN,15.96,60.2,False,389,0.42579,0.626227435,0.941939,1.367729,EXTRACTED
g5486,U_g5486/ZN,21.09,68.6,False,151,0.5250819999999999,0.43113499000000005,0.941939,1.467021,EXTRACTED
g5487,U_g5487/ZN,20.71,63.0,False,27,0.0895404,0.07745453,0.941939,1.0314794,EXTRACTED
g5488,U_g5488/ZN,20.71,64.4,False,175,0.413846,0.4424153819999999,0.941939,1.355785,EXTRACTED
g5492,U_g5492/ZN,36.1,28.0,False,3334,0.55992,0.71862388,0.946814,1.506734,EXTRACTED
g5494,U_g5494/ZN,37.43,28.0,False,3515,0.328734,0.42277459100000003,0.946814,1.2755480000000001,EXTRACTED
g5495,U_g5495/ZN,34.39,51.8,False,4012,1.2047856700000001,1.0151797230000001,0.946814,2.1515996700000004,EXTRACTED
g5496,U_g5496/ZN,35.91,29.4,False,4868,0.404298,0.44049095,0.946814,1.351112,EXTRACTED
g5497,U_g5497/ZN,40.09,58.8,False,2683,0.33306800000000003,0.40860963000000006,0.946814,1.2798820000000002,EXTRACTED
g5498,U_g5498/ZN,40.85,56.0,False,3313,0.1433916,0.17960864999999998,0.946814,1.0902056,EXTRACTED
g5499,U_g5499/ZN,35.15,35.0,False,4334,0.7081225,0.19145564949000002,0.946814,1.6549365,EXTRACTED
g5500,U_g5500/ZN,10.26,65.8,False,74,0.0271364,0.025829070000000003,3.454664,3.4818004,EXTRACTED
g5501,U_g5501/ZN,39.33,56.0,False,5444,0.7081620000000001,1.0394733199999997,0.946814,1.654976,EXTRACTED
g5502,U_g5502/ZN,69.16,86.8,False,7759,0.6306620000000001,1.35996504,0.918145,1.548807,EXTRACTED
g5503,U_g5503/ZN,16.91,72.8,False,6601,0.20384,0.162192978,0.946814,1.150654,EXTRACTED
g5504,U_g5504/ZN,69.73,91.0,False,12136,0.36178000000000005,0.600303998,0.918145,1.279925,EXTRACTED
g5505,U_g5505/ZN,66.12,86.8,False,11343,0.34173,0.4289466900000001,0.918145,1.259875,EXTRACTED
g5506,U_g5506/ZN,81.7,84.0,False,10180,0.5230779999999999,0.29583182999999996,0.918145,1.441223,EXTRACTED
g5507,U_g5507/ZN,74.1,91.0,False,10564,0.412892,0.7092964560000001,0.918145,1.331037,EXTRACTED
g5508,U_g5508/ZN,83.03,95.2,False,10506,0.7748140000000001,0.25152727399999997,0.918145,1.692959,EXTRACTED
g551,U_g551/Q,74.1,32.2,True,7129,1.3916339999999998,1.025391692,2.755084,4.146718,EXTRACTED
g5515,U_g5515/ZN,90.25,25.2,False,2,0.5351812,0.7612244100000001,4.172694,4.7078752,EXTRACTED
g5531,U_g5531/ZN,40.66,30.8,False,9022,0.99305417,0.5734529100000001,2.037824,3.0308781700000003,EXTRACTED
g5532,U_g5532/ZN,46.93,46.2,False,7707,0.7597661,0.96129901,2.037824,2.7975901,EXTRACTED
g5533,U_g5533/ZN,36.48,32.2,False,11327,2.7973701999999996,1.28923652449,2.037824,4.8351942,EXTRACTED
g5535,U_g5535/ZN,35.91,51.8,False,8723,1.7735156500000002,1.9843691230000002,2.037824,3.8113396500000003,EXTRACTED
g5536,U_g5536/ZN,76.95,79.8,False,1187,0.207244,0.10616954899999999,1.70023,1.907474,EXTRACTED
g5537,U_g5537/ZN,92.91,67.2,False,1362,0.7424443100000001,0.7489412140000001,4.37509,5.11753431,EXTRACTED
g5539,U_g5539/ZN,24.7,65.8,False,1736,0.050457800000000004,0.013198226,0.97463,1.0250878,EXTRACTED
g554,U_g554/Q,29.83,37.8,True,7389,2.7360458000000003,2.836664483,2.755084,5.4911298,EXTRACTED
g5541,U_g5541/ZN,70.87,67.2,False,156,1.8211739,1.7316752649999998,12.313124,14.1342979,EXTRACTED
g5544,U_g5544/ZN,19.95,63.0,False,1736,0.7633962,0.3067940969999999,3.89852,4.6619162,EXTRACTED
g5546,U_g5546/ZN,79.23,63.0,False,519,2.23727805,0.9290413200000001,3.044184,5.28146205,EXTRACTED
g5552,U_g5552/ZN,76.57,23.8,False,9360,0.259108,0.38986029,0.918145,1.1772529999999999,EXTRACTED
g5553,U_g5553/ZN,11.59,84.0,False,7839,0.01742614,0.0,0.946814,0.96424014,EXTRACTED
g5554,U_g5554/ZN,64.03,100.8,False,30,0.6795842000000001,0.6767782200000002,3.263231,3.9428152,EXTRACTED
g5555,U_g5555/ZN,8.93,82.6,False,4848,0.0471962,0.027054499999999995,0.946814,0.9940102000000001,EXTRACTED
g5556,U_g5556/ZN,9.88,78.4,False,3540,0.203208,0.150822399,0.946814,1.150022,EXTRACTED
g5557,U_g5557/ZN,11.4,79.8,False,5706,0.148889,0.10406934999999999,0.946814,1.095703,EXTRACTED
g5558,U_g5558/ZN,9.31,74.2,False,5014,0.01742614,0.0,0.946814,0.96424014,EXTRACTED
g5559,U_g5559/ZN,7.03,68.6,False,4633,0.07636079999999999,0.023289241,0.946814,1.0231748,EXTRACTED
g5560,U_g5560/ZN,3.23,75.6,False,4625,0.6866025,0.40057245999999996,0.946814,1.6334165,EXTRACTED
g5561,U_g5561/ZN,78.47,64.4,False,1130,0.27391600000000005,0.12526290949,0.974659,1.2485750000000002,EXTRACTED
g5562,U_g5562/ZN,9.31,68.6,False,3988,0.0750402,0.13236501,0.946814,1.0218542,EXTRACTED
g5565,U_g5565/ZN,83.6,30.8,False,7338,0.6306758,0.45849636999999993,0.918145,1.5488208,EXTRACTED
g5569,U_g5569/ZN,45.79,84.0,False,3006,0.694143,0.54105372,0.946814,1.640957,EXTRACTED
g557,PORT/g557,46.015,0.07,False,0,0.141547,0.019313340000000002,0.77983,0.921377,EXTRACTED
g5570,U_g5570/ZN,16.53,82.6,False,2660,0.7757865,0.4650665499999999,3.89852,4.6743065,EXTRACTED
g5576,U_g5576/ZN,9.69,75.6,False,2660,1.0462601900000001,2.1455314580000002,3.89852,4.94478019,EXTRACTED
g5578,U_g5578/ZN,16.34,70.0,False,2660,0.1659264,0.20787845000000005,0.97463,1.1405564,EXTRACTED
g558,PORT/g558,54.415,0.07,False,0,0.1868552,0.22942253999999998,0.974659,1.1615142,EXTRACTED
g5583,U_g5583/ZN,49.78,92.4,False,3006,0.4017843,0.6408142200000001,1.119679,1.5214633000000002,EXTRACTED
g559,PORT/g559,51.055,0.07,False,0,0.351006,0.0674276,0.974659,1.325665,EXTRACTED
g560,PORT/g560,45.455,0.07,False,0,0.537,0.121828688,0.974659,1.511659,EXTRACTED
g5600,U_g5600/ZN,79.23,92.4,False,739,0.34361400000000003,0.22421363000000002,0.941939,1.285553,EXTRACTED
g5602,U_g5602/ZN,85.88,26.6,False,1,0.392052,0.14565414,1.70023,2.092282,EXTRACTED
g5603,U_g5603/ZN,66.31,96.6,False,693,0.054487799999999996,0.0056983400000000005,0.941939,0.9964268,EXTRACTED
g5605,U_g5605/ZN,11.02,65.8,False,74,0.6657026,0.769072479,2.67486,3.3405625999999997,EXTRACTED
g561,PORT/g561,47.695,0.07,False,0,0.34874,0.05460404,0.974659,1.323399,EXTRACTED
g5616,U_g5616/ZN,67.45,91.0,False,247,0.280144,0.70894205,0.941939,1.222083,EXTRACTED
g5618,U_g5618/ZN,81.32,92.4,False,298,0.0654264,0.07550689,0.941939,1.0073653999999999,EXTRACTED
g5619,U_g5619/ZN,58.71,96.6,False,2,1.9523532,2.3098307410000003,5.651634,7.6039872,EXTRACTED
g562,PORT/g562,53.295,0.07,False,0,0.324034,0.00533754,0.974659,1.298693,EXTRACTED
g5620,U_g5620/ZN,82.27,91.0,False,472,0.0496754,0.00725377,0.941939,0.9916144,EXTRACTED
g5621,U_g5621/ZN,90.63,89.6,False,461,0.759396,0.13181541,0.941939,1.7013349999999998,EXTRACTED
g5622,U_g5622/ZN,45.79,25.2,False,8730,0.9250733,0.723758574,2.037824,2.9628973,EXTRACTED
g5623,U_g5623/ZN,17.48,68.6,False,7424,0.3603479,0.48352977599999997,0.918145,1.2784929,EXTRACTED
g5624,U_g5624/ZN,35.72,32.2,False,9181,0.8110411,1.2975056600000001,2.037824,2.8488651000000003,EXTRACTED
g5625,U_g5625/ZN,49.4,57.4,False,7430,1.5323480000000003,1.56670019,2.037824,3.5701720000000003,EXTRACTED
g5626,U_g5626/ZN,39.33,35.0,False,8166,0.9214144,0.5278351579999999,2.037824,2.9592384000000003,EXTRACTED
g5627,U_g5627/ZN,37.62,56.0,False,7185,3.0272170000000003,2.6262232930000007,2.037824,5.065041000000001,EXTRACTED
g5628,U_g5628/ZN,40.28,57.4,False,8395,2.2218286000000003,1.4287269459999998,2.037824,4.259652600000001,EXTRACTED
g5629,U_g5629/ZN,44.08,37.8,False,9385,3.2685560000000002,3.4980290170000004,2.037824,5.306380000000001,EXTRACTED
g563,PORT/g563,59.455,0.07,False,0,0.193515,0.0,0.974659,1.168174,EXTRACTED
g5630,U_g5630/ZN,40.09,43.4,False,8174,0.7140679999999999,0.5247781800000001,2.037824,2.751892,EXTRACTED
g5632,U_g5632/ZN,21.66,61.6,False,3369,0.1215728,0.14794796000000004,0.946814,1.0683868,EXTRACTED
g5633,U_g5633/ZN,25.08,65.8,False,3424,0.1956544,0.28112355,0.946814,1.1424684,EXTRACTED
g5634,U_g5634/ZN,52.63,50.4,False,7349,0.385872,0.15058304,1.70023,2.086102,EXTRACTED
g5635,U_g5635/ZN,19.76,68.6,False,3438,0.060168,0.151930587,0.946814,1.006982,EXTRACTED
g5636,U_g5636/ZN,45.22,53.2,False,7349,1.1169338999999998,2.1928371900000005,1.70023,2.8171638999999997,EXTRACTED
g5637,U_g5637/ZN,22.8,67.2,False,3467,0.435382,0.302624229,0.946814,1.382196,EXTRACTED
g564,PORT/g564,103.37,44.87,False,0,0.55761,0.23841344499999997,0.974659,1.532269,EXTRACTED
g5646,U_g5646/ZN,21.47,58.8,False,3367,0.8901138000000001,0.5490418799999999,0.946814,1.8369278000000002,EXTRACTED
g5648,U_g5648/ZN,20.52,58.8,False,3241,0.43614400000000003,0.22283373799999995,0.946814,1.3829580000000001,EXTRACTED
g5659,U_g5659/ZN,12.73,81.2,False,2120,0.2638296,0.35376252500000005,3.263231,3.5270606000000004,EXTRACTED
g5660,U_g5660/ZN,18.81,61.6,False,3369,0.059954,0.15090624,0.946814,1.006768,EXTRACTED
g5662,U_g5662/ZN,12.35,84.0,False,7902,0.929385,0.25534028,3.263231,4.192616,EXTRACTED
g5663,U_g5663/ZN,19.95,65.8,False,3579,0.458712,0.3306853,0.946814,1.405526,EXTRACTED
g5665,U_g5665/ZN,17.29,84.0,False,6664,0.47704799999999997,0.43207935299999994,0.946814,1.423862,EXTRACTED
g5666,U_g5666/ZN,10.07,82.6,False,5034,0.3681501,0.41803238400000003,3.263231,3.6313811,EXTRACTED
g5668,U_g5668/ZN,24.13,81.2,False,6727,1.284568,0.37397689999999995,0.946814,2.231382,EXTRACTED
g5669,U_g5669/ZN,8.93,75.6,False,3830,0.18342978999999998,0.38739755530000003,3.263231,3.44666079,EXTRACTED
g567,PORT/g567,78.495,0.07,False,0,0.849684,0.1059087,0.974659,1.824343,EXTRACTED
g5670,U_g5670/ZN,61.75,96.6,False,35,1.8827264099999999,2.7200335330000005,5.84778,7.73050641,EXTRACTED
g5671,U_g5671/ZN,16.15,85.4,False,6700,0.401416,0.29660283000000004,0.946814,1.34823,EXTRACTED
g5672,U_g5672/ZN,14.44,79.8,False,6133,0.15488960000000002,0.02747456,3.263231,3.4181206000000004,EXTRACTED
g5673,U_g5673/ZN,18.05,75.6,False,6930,0.26952,0.34506318999999996,0.946814,1.216334,EXTRACTED
g5674,U_g5674/ZN,10.07,74.2,False,5214,0.1867706,0.20864118,3.263231,3.4500016000000002,EXTRACTED
g5675,U_g5675/ZN,17.29,82.6,False,6606,0.0482654,0.024201939999999998,0.946814,0.9950794000000001,EXTRACTED
g5676,U_g5676/ZN,8.17,68.6,False,4664,0.6880778000000001,0.531601624,3.263231,3.9513088000000005,EXTRACTED
g5677,U_g5677/ZN,16.15,75.6,False,6553,0.0644216,0.08760501,0.946814,1.0112356,EXTRACTED
g5678,U_g5678/ZN,14.63,74.2,False,4868,0.6667178,0.9047831220000001,3.263231,3.9299488,EXTRACTED
g5679,U_g5679/ZN,17.29,65.8,False,6753,0.274032,0.35967809999999995,0.946814,1.220846,EXTRACTED
g5680,U_g5680/ZN,11.4,68.6,False,5200,1.0282329,1.36107065,3.263231,4.2914639,EXTRACTED
g5681,U_g5681/ZN,23.56,75.6,False,6737,0.53247541,0.57783284,0.946814,1.47928941,EXTRACTED
g5682,U_g5682/ZN,13.87,71.4,False,6676,0.1334172,0.17657564,0.946814,1.0802312,EXTRACTED
g5683,U_g5683/ZN,56.62,96.6,False,7455,0.0860422,0.038457808,0.918145,1.0041872,EXTRACTED
g5684,U_g5684/ZN,88.35,28.0,False,7299,0.27987599999999996,0.39014970000000004,0.918145,1.198021,EXTRACTED
g5686,U_g5686/ZN,78.66,36.4,False,5,0.258292,0.0929243,1.70023,1.9585219999999999,EXTRACTED
g5688,U_g5688/ZN,82.46,30.8,False,10,2.4796183,1.9683556140000003,3.30269,5.7823083,EXTRACTED
g5692,output66/Z,1.9,43.4,False,0,0.65789,0.01772917,0,0.65789,EXTRACTED
g5693,U_g5693/ZN,23.56,60.2,False,3624,0.6402341,0.54634866,1.119679,1.7599131000000001,EXTRACTED
g5694,U_g5694/ZN,27.55,63.0,False,3484,0.37970000000000004,0.06516367,1.119679,1.4993790000000002,EXTRACTED
g5695,U_g5695/ZN,19.0,68.6,False,3552,0.544654,0.29534957000000006,1.119679,1.664333,EXTRACTED
g5696,U_g5696/ZN,27.36,70.0,False,3632,0.536146,0.35470586600000004,1.119679,1.655825,EXTRACTED
g5697,U_g5697/ZN,8.93,61.6,False,3686,1.490244,0.75723264,1.119679,2.609923,EXTRACTED
g5698,U_g5698/ZN,24.13,61.6,False,3380,0.4367341,0.573181026,1.119679,1.5564131,EXTRACTED
g5699,U_g5699/ZN,20.71,61.6,False,3378,0.1507984,0.14536388,1.119679,1.2704774,EXTRACTED
g5700,U_g5700/ZN,26.6,67.2,False,3704,0.14265640000000002,0.0922242,1.119679,1.2623354,EXTRACTED
g5701,U_g5701/ZN,56.62,95.2,False,3210,0.1503998,0.17938199000000002,1.119679,1.2700788,EXTRACTED
g571,U_g571/Q,74.1,64.4,True,7151,2.8150650400000004,1.650124074,7.3395280000000005,10.154593040000002,EXTRACTED
g5728,U_g5728/ZN,21.85,65.8,False,3928,0.317458,0.5846866119999999,0.946814,1.264272,EXTRACTED
g5731,U_g5731/ZN,53.58,36.4,False,3,2.7246549,3.0283754380000003,5.59875,8.3234049,EXTRACTED
g574,U_g574/Q,81.13,18.2,True,7415,3.16532585,2.64834918,8.739854,11.90517985,EXTRACTED
g5741,U_g5741/ZN,85.88,29.4,False,1,0.1700814,0.11442299,1.599032,1.7691134,EXTRACTED
g5742,U_g5742/ZN,80.56,33.6,False,5,2.2025688199999998,2.0684810448,5.59875,7.80131882,EXTRACTED
g5753,U_g5753/ZN,62.13,42.0,False,7,4.3800728,4.312875763999998,11.1975,15.577572799999999,EXTRACTED
g5775,U_g5775/ZN,14.25,84.0,False,8598,0.1023888,0.18527582999999997,0.918145,1.0205338,EXTRACTED
g5776,U_g5776/ZN,11.4,86.8,False,8894,0.271872,0.11863484999999999,0.918145,1.190017,EXTRACTED
g5777,U_g5777/ZN,7.41,79.8,False,8773,0.8412740000000001,0.44391078,0.918145,1.759419,EXTRACTED
g5778,U_g5778/ZN,13.11,82.6,False,9274,0.1633316,0.04770573,0.918145,1.0814766,EXTRACTED
g5779,U_g5779/ZN,11.78,74.2,False,11056,0.6613279999999999,0.5654288650000001,0.918145,1.579473,EXTRACTED
g578,U_g578/Q,72.77,28.0,True,7336,3.3383741200000006,3.22635000597,16.247155,19.58552912,EXTRACTED
g5780,U_g5780/ZN,11.4,75.6,False,10821,0.11572980000000001,0.23960478,0.918145,1.0338748,EXTRACTED
g5781,U_g5781/ZN,14.44,70.0,False,10749,0.32756,0.04638778,0.918145,1.245705,EXTRACTED
g5782,U_g5782/ZN,5.7,74.2,False,8655,1.059513,1.18973544,0.918145,1.977658,EXTRACTED
g5783,U_g5783/ZN,15.01,71.4,False,11125,0.0318968,0.02253806,0.918145,0.9500417999999999,EXTRACTED
g5800,U_g5800/ZN,83.6,95.2,False,7821,0.5280161,1.038210454,0.918145,1.4461610999999999,EXTRACTED
g5804,U_g5804/ZN,67.07,96.6,False,7588,0.13970559999999999,0.36504473,0.918145,1.0578506,EXTRACTED
g5808,U_g5808/ZN,60.61,91.0,False,7265,0.364652,0.11249168,0.918145,1.282797,EXTRACTED
g5812,U_g5812/ZN,82.84,92.4,False,6966,0.0301606,0.0,0.918145,0.9483056,EXTRACTED
g5816,U_g5816/ZN,83.03,91.0,False,7378,0.01742614,0.0,0.918145,0.93557114,EXTRACTED
g5817,U_g5817/ZN,84.74,95.2,False,7394,0.0771984,0.10400385,0.918145,0.9953434,EXTRACTED
g5818,U_g5818/ZN,77.9,53.2,False,250,0.7341242,0.5892856879999999,3.2992619999999997,4.0333862,EXTRACTED
g582,U_g582/Q,72.39,22.4,True,7118,2.4375834199999997,2.22438745549,10.626562,13.06414542,EXTRACTED
g5821,U_g5821/ZN,71.44,53.2,False,97,0.9144720000000001,0.6084391849999998,3.2992619999999997,4.213734,EXTRACTED
g5852,U_g5852/ZN,77.9,56.0,False,162,0.373812,0.30833117600000004,6.258425,6.632237,EXTRACTED
g5853,U_g5853/ZN,75.05,53.2,False,129,0.605637,0.5935551400000001,1.70023,2.305867,EXTRACTED
g5854,U_g5854/ZN,76.76,58.8,False,110,1.279969,1.084141485,3.364429,4.644398,EXTRACTED
g5857,U_g5857/ZN,69.35,54.6,False,63,2.2252986,2.4453651160000005,3.364429,5.5897276,EXTRACTED
g586,U_g586/Q,73.34,21.0,True,7121,2.066572,1.639786486,9.606188,11.67276,EXTRACTED
g5860,U_g5860/ZN,50.16,53.2,False,7349,0.760619,0.9145278539999999,0.946814,1.707433,EXTRACTED
g5861,U_g5861/ZN,58.14,42.0,False,7349,0.0606692,0.0498613,0.946814,1.0074832,EXTRACTED
g5862,U_g5862/ZN,78.85,53.2,False,28,0.4527253,0.435677043,1.651345,2.1040703,EXTRACTED
g5863,U_g5863/ZN,74.86,51.8,False,15,0.36032990000000004,0.515864466,1.651345,2.0116749,EXTRACTED
g5864,U_g5864/ZN,79.23,54.6,False,12,0.1195782,0.10844375199999999,1.70023,1.8198082,EXTRACTED
g5865,U_g5865/ZN,78.66,56.0,False,7,0.6485204,0.4854405880000001,1.70023,2.3487504,EXTRACTED
g5866,U_g5866/ZN,81.13,54.6,False,15,0.43028606999999996,0.4752393860000001,1.8927749999999999,2.3230610699999996,EXTRACTED
g5869,U_g5869/ZN,75.43,54.6,False,17,0.51356606,0.4481335886,1.8927749999999999,2.40634106,EXTRACTED
g5872,U_g5872/ZN,71.82,58.8,False,31,0.4488085,0.9831975789700003,1.70023,2.1490385,EXTRACTED
g5873,U_g5873/ZN,78.09,60.2,False,9,0.1634444,0.1806236,1.70023,1.8636743999999998,EXTRACTED
g5883,U_g5883/ZN,69.54,84.0,False,750,0.37813599999999997,0.26928392897000003,0.946814,1.32495,EXTRACTED
g5884,U_g5884/ZN,80.94,53.2,False,12,0.0447782,0.02852366,0.941939,0.9867172,EXTRACTED
g5885,U_g5885/ZN,87.78,53.2,False,7,0.4087411,0.858514432,0.941939,1.3506801,EXTRACTED
g5888,U_g5888/ZN,53.96,57.4,False,3,0.98033416,0.6270546379999999,3.89852,4.8788541599999995,EXTRACTED
g5889,U_g5889/ZN,74.1,14.0,False,5,1.37508656,1.318305498,3.89852,5.27360656,EXTRACTED
g5898,U_g5898/ZN,73.34,96.6,False,3261,0.5359249,0.49463858500000013,0.946814,1.4827389000000002,EXTRACTED
g5899,U_g5899/ZN,58.9,56.0,False,7,2.19734079,2.5991005510000007,3.89852,6.09586079,EXTRACTED
g59,U_g59/Q,42.75,77.0,True,7462,3.1895123,2.161495957,7.709863,10.8993753,EXTRACTED
g590,U_g590/Q,79.23,28.0,True,7337,2.4572347100000003,1.3484687430000002,10.063630999999999,12.520865709999999,EXTRACTED
g5900,U_g5900/ZN,63.84,96.6,False,3190,0.0789,0.16759184,0.946814,1.025714,EXTRACTED
g5902,U_g5902/ZN,66.12,92.4,False,3071,0.084776,0.09164389999999999,0.946814,1.03159,EXTRACTED
g5903,U_g5903/ZN,45.98,58.8,False,7,1.7356723,1.0988824999999998,3.89852,5.6341923000000005,EXTRACTED
g5904,U_g5904/ZN,83.79,92.4,False,2853,0.258324,0.08566672,0.946814,1.205138,EXTRACTED
g5905,U_g5905/ZN,75.81,51.8,False,162,4.66397005,4.1931091388000015,11.558817,16.22278705,EXTRACTED
g5909,U_g5909/ZN,76.0,18.2,False,9351,0.9130878,0.5186125699999999,0.946814,1.8599018,EXTRACTED
g5910,U_g5910/ZN,83.79,91.0,False,3118,0.339668,0.1766904,0.946814,1.2864820000000001,EXTRACTED
g5911,U_g5911/ZN,86.64,95.2,False,3115,0.5178119999999999,0.14857969,0.946814,1.464626,EXTRACTED
g5912,U_g5912/ZN,68.21,57.4,False,129,4.25630172,3.149814348000002,10.626344,14.88264572,EXTRACTED
g5916,U_g5916/ZN,19.57,61.6,False,3928,1.4902106000000002,0.38552169000000003,1.119679,2.6098896000000003,EXTRACTED
g5926,U_g5926/ZN,85.31,26.6,False,1,0.31623513,0.59541964,3.5841079999999996,3.9003431299999995,EXTRACTED
g5937,U_g5937/ZN,16.53,84.0,False,648,0.46256197,0.752293142,0.941939,1.40450097,EXTRACTED
g5938,U_g5938/ZN,15.96,68.6,False,2,2.6200148,1.371525349,7.535512,10.1555268,EXTRACTED
g5939,U_g5939/ZN,15.39,85.4,False,481,0.44223,0.25444734999999996,0.941939,1.384169,EXTRACTED
g594,U_g594/Q,75.43,26.6,True,7299,1.14260411,1.172763573,9.177980999999999,10.32058511,EXTRACTED
g5941,U_g5941/ZN,14.63,85.4,False,854,0.308638,0.228674991,0.941939,1.250577,EXTRACTED
g5943,U_g5943/ZN,78.85,47.6,False,1385,0.5459963999999999,0.37899305399999994,0.946814,1.4928104,EXTRACTED
g5944,U_g5944/ZN,11.97,81.2,False,1634,0.9735480000000001,0.66623564,0.941939,1.9154870000000002,EXTRACTED
g5947,U_g5947/ZN,77.9,49.0,False,1391,0.211414,0.0766785346,0.946814,1.158228,EXTRACTED
g5948,U_g5948/ZN,17.1,81.2,False,696,0.0427936,0.019385509999999998,0.941939,0.9847326,EXTRACTED
g5949,U_g5949/ZN,14.82,65.8,False,2,0.054193,0.025308,0.941939,0.996132,EXTRACTED
g5951,U_g5951/ZN,13.87,75.6,False,623,0.0886684,0.334356812,0.941939,1.0306074,EXTRACTED
g5953,U_g5953/ZN,12.35,67.2,False,437,0.1137608,0.13140754,0.941939,1.0556998,EXTRACTED
g5955,U_g5955/ZN,18.24,65.8,False,1627,0.251212,0.18953783,0.941939,1.1931509999999999,EXTRACTED
g5956,U_g5956/ZN,15.58,71.4,False,1735,0.042852400000000006,0.16657361,0.941939,0.9847914,EXTRACTED
g5958,U_g5958/ZN,78.28,42.0,False,250,4.36576313,4.769368846999999,9.673682,14.03944513,EXTRACTED
g5975,U_g5975/ZN,69.73,50.4,False,97,3.7670222700000005,2.8571607349999986,9.644572,13.41159427,EXTRACTED
g598,U_g598/Q,46.36,78.4,True,7439,1.1020334,0.7521240779999999,3.593683,4.6957164,EXTRACTED
g5993,U_g5993/ZN,79.99,60.2,False,31,0.043095,0.02081474,0.941939,0.985034,EXTRACTED
g5994,U_g5994/ZN,80.18,61.6,False,9,0.374054,0.16756339396999997,0.941939,1.315993,EXTRACTED
g5997,U_g5997/ZN,71.44,47.6,False,110,3.39968615,3.181155849,9.625418,13.02510415,EXTRACTED
g6,U_g6/Q,61.37,82.6,True,6641,1.9292862000000004,1.9818076389999995,6.356216,8.2855022,EXTRACTED
g6015,U_g6015/ZN,71.63,33.6,False,63,4.0162442700000005,3.7496564459999995,10.620775,14.63701927,EXTRACTED
g602,U_g602/Q,85.5,82.6,True,7162,3.74445357,3.753907077000001,6.7917179999999995,10.53617157,EXTRACTED
g6047,U_g6047/ZN,60.61,95.2,False,547,0.5876222,0.45064126,0.946814,1.5344362,EXTRACTED
g6052,U_g6052/ZN,61.75,85.4,False,1187,0.24012480000000003,0.16855662999999999,4.62412,4.8642448,EXTRACTED
g6055,U_g6055/ZN,64.98,84.0,False,523,0.383762,0.6205324509999999,0.946814,1.330576,EXTRACTED
g6056,U_g6056/ZN,72.2,84.0,False,668,0.813968,0.6099244199999999,0.946814,1.760782,EXTRACTED
g606,U_g606/Q,84.93,85.4,True,6949,6.68049547,3.938662805000001,11.012108,17.69260347,EXTRACTED
g6060,U_g6060/ZN,64.98,86.8,False,350,0.281624,0.47658343000000003,0.946814,1.2284380000000001,EXTRACTED
g6061,U_g6061/ZN,61.94,86.8,False,701,0.607091,0.41946466799999993,0.946814,1.553905,EXTRACTED
g6066,U_g6066/ZN,67.45,86.8,False,695,0.046597,0.02750193,0.946814,0.993411,EXTRACTED
g6068,U_g6068/ZN,72.58,91.0,False,693,0.6208792,1.04284724,0.946814,1.5676932,EXTRACTED
g6070,U_g6070/ZN,74.1,84.0,False,1187,2.5056508000000006,2.4708025759700005,14.108891999999999,16.6145428,EXTRACTED
g6073,U_g6073/ZN,82.08,47.6,False,15,0.450208,0.22830091199999997,0.941939,1.392147,EXTRACTED
g6075,U_g6075/ZN,72.01,56.0,False,7,0.8934020999999999,0.5520955450000001,0.941939,1.8353411,EXTRACTED
g6077,U_g6077/ZN,61.94,84.0,False,608,0.047201599999999996,0.09674202999999999,0.946814,0.9940156,EXTRACTED
g6079,U_g6079/ZN,47.69,63.0,False,2,0.0965872,0.09067854,0.941939,1.0385262,EXTRACTED
g6081,U_g6081/ZN,59.47,57.4,False,2,0.598986,0.4715285799999999,0.941939,1.540925,EXTRACTED
g6082,U_g6082/ZN,62.7,19.6,False,2,0.668934,0.24075658500000002,0.941939,1.610873,EXTRACTED
g6084,U_g6084/ZN,53.58,51.8,False,1,0.7463584000000001,0.512634544,0.941939,1.6882974000000002,EXTRACTED
g6085,U_g6085/ZN,60.8,47.6,False,1,0.0997104,0.059257029999999995,0.941939,1.0416494,EXTRACTED
g6086,U_g6086/ZN,69.73,22.4,False,1,0.347954,0.0,0.941939,1.289893,EXTRACTED
g6087,U_g6087/ZN,18.43,71.4,False,74,1.7742524700000002,1.2258906990000003,7.79704,9.57129247,EXTRACTED
g6088,U_g6088/ZN,43.7,60.2,False,2,0.0817864,0.11460059,0.941939,1.0237254,EXTRACTED
g6089,U_g6089/ZN,67.64,58.8,False,1,0.46456600000000003,0.15776576999999997,0.941939,1.4065050000000001,EXTRACTED
g6090,U_g6090/ZN,67.26,23.8,False,3,0.37674189999999996,0.8465201150000001,0.941939,1.3186809,EXTRACTED
g6091,U_g6091/ZN,43.51,61.6,False,2,0.0545336,0.03728941,0.941939,0.9964725999999999,EXTRACTED
g6092,U_g6092/ZN,53.39,49.0,False,2,0.681362,0.44101986,0.941939,1.623301,EXTRACTED
g6093,U_g6093/ZN,64.6,21.0,False,2,0.0626534,0.2009959,0.941939,1.0045924,EXTRACTED
g6094,U_g6094/ZN,66.69,58.8,False,3,0.47729,0.457813232,0.941939,1.419229,EXTRACTED
g6095,U_g6095/ZN,71.44,64.4,False,2188,0.6253423,0.889279218,0.946814,1.5721563,EXTRACTED
g6096,U_g6096/ZN,49.4,40.6,False,4,0.505564,0.18586543000000003,0.941939,1.447503,EXTRACTED
g6097,U_g6097/ZN,77.14,63.0,False,2163,0.62742,0.32571726700000003,0.946814,1.5742340000000001,EXTRACTED
g6098,U_g6098/ZN,51.3,49.0,False,3,0.557926,0.27078417,0.941939,1.499865,EXTRACTED
g6099,U_g6099/ZN,45.03,50.4,False,4,0.832012,0.7159031060000001,0.941939,1.7739509999999998,EXTRACTED
g610,U_g610/Q,31.73,93.8,True,7460,1.6107229999999997,1.2955008199999998,5.10017,6.710893,EXTRACTED
g6108,U_g6108/ZN,76.19,89.6,False,3261,0.269056,0.29537610000000003,1.119679,1.388735,EXTRACTED
g6109,U_g6109/ZN,62.32,96.6,False,3190,0.300308,0.46813496200000004,1.119679,1.419987,EXTRACTED
g6110,U_g6110/ZN,74.86,86.8,False,729,0.8960163999999999,0.623775093,2.618375,3.5143914,EXTRACTED
g6113,U_g6113/ZN,65.17,92.4,False,3071,0.36477200000000004,0.5117492699999999,1.119679,1.4844510000000002,EXTRACTED
g6114,U_g6114/ZN,82.65,89.6,False,2851,0.5208079999999999,0.10482050000000001,1.119679,1.640487,EXTRACTED
g6116,U_g6116/ZN,89.87,89.6,False,3118,0.0989362,0.01135449,1.119679,1.2186152000000001,EXTRACTED
g6117,U_g6117/ZN,80.94,79.8,False,1187,1.6419625999999998,1.6631266230000001,5.429295,7.071257599999999,EXTRACTED
g6118,U_g6118/ZN,84.74,89.6,False,3113,0.35924,0.31745599,1.119679,1.478919,EXTRACTED
g6123,U_g6123/ZN,48.64,33.6,False,141,0.07750979999999999,0.030678740000000003,0.938321,1.0158308,EXTRACTED
g6124,U_g6124/ZN,51.68,35.0,False,159,0.260076,0.29599186,0.938321,1.198397,EXTRACTED
g6125,U_g6125/ZN,47.31,36.4,False,32,0.1167382,0.30106444,0.923766,1.0405042,EXTRACTED
g6126,U_g6126/ZN,36.67,44.8,False,15,0.5358359,0.88160796,0.938321,1.4741569,EXTRACTED
g6127,U_g6127/ZN,50.73,39.2,False,53,0.6182239,0.35708652399999996,0.923766,1.5419899,EXTRACTED
g6128,U_g6128/ZN,43.32,37.8,False,119,0.1962314,0.05061665,0.938321,1.1345524,EXTRACTED
g6129,U_g6129/ZN,39.9,37.8,False,38,0.48946449999999997,0.6374337350000001,0.923766,1.4132305,EXTRACTED
g613,U_g613/Q,28.5,79.8,True,7475,1.11438982,1.1013118100000001,5.10017,6.21455982,EXTRACTED
g6130,U_g6130/ZN,41.61,33.6,False,181,0.5545039,1.1130789730000004,0.938321,1.4928249,EXTRACTED
g6131,U_g6131/ZN,42.94,39.2,False,55,0.368448,0.07470592,0.923766,1.292214,EXTRACTED
g6132,U_g6132/ZN,75.81,84.0,False,12970,0.6588014,0.53600439,0.946814,1.6056154,EXTRACTED
g6133,U_g6133/ZN,45.79,39.2,False,44,0.51266323,0.896764974,0.923766,1.43642923,EXTRACTED
g6135,U_g6135/ZN,44.27,39.2,False,174,0.7628934,0.41299426,0.938321,1.7012144,EXTRACTED
g6140,U_g6140/ZN,53.01,39.2,False,47,0.225792,0.19659805,0.923766,1.1495579999999999,EXTRACTED
g6141,U_g6141/ZN,50.16,30.8,False,64,0.279014,0.20503743,0.914189,1.193203,EXTRACTED
g6142,U_g6142/ZN,84.55,25.2,False,9101,1.472965,0.7813504899999999,1.119679,2.592644,EXTRACTED
g6144,U_g6144/ZN,52.63,35.0,False,56,0.232688,0.26782319600000004,0.914189,1.146877,EXTRACTED
g6145,U_g6145/ZN,59.28,21.0,False,45,0.031065600000000002,0.0429321,0.941245,0.9723106,EXTRACTED
g6146,U_g6146/ZN,42.56,36.4,False,45,0.6292141,0.36668145500000004,0.914189,1.5434031,EXTRACTED
g6148,U_g6148/ZN,66.12,22.4,False,34,0.25618599999999997,0.1945784388,0.941245,1.197431,EXTRACTED
g6149,U_g6149/ZN,45.6,37.8,False,51,0.263746,0.17808455,0.914189,1.177935,EXTRACTED
g6150,U_g6150/ZN,56.24,22.4,False,34,0.8500236,0.9170942010000002,0.941245,1.7912686,EXTRACTED
g6151,U_g6151/ZN,44.84,37.8,False,63,0.5705960999999999,0.47878197999999994,0.914189,1.4847850999999999,EXTRACTED
g6152,U_g6152/ZN,50.54,14.0,False,33,0.45139,0.30622908,0.941245,1.392635,EXTRACTED
g6153,U_g6153/ZN,45.03,40.6,False,60,0.09884,0.05979571,0.914189,1.013029,EXTRACTED
g6154,U_g6154/ZN,56.43,23.8,False,30,1.0819936399999999,1.2814283899999999,0.941245,2.0232386399999998,EXTRACTED
g6155,U_g6155/ZN,42.37,33.6,False,52,0.5211635,0.572319966,0.914189,1.4353525,EXTRACTED
g6156,U_g6156/ZN,54.15,30.8,False,33,0.49520800000000004,0.20048309,0.941245,1.436453,EXTRACTED
g6157,U_g6157/ZN,51.68,32.2,False,48,0.485558,0.484705393,0.914189,1.399747,EXTRACTED
g6158,U_g6158/ZN,50.54,22.4,False,35,0.7614782,0.816299856,0.941245,1.7027231999999999,EXTRACTED
g6159,U_g6159/ZN,56.62,16.8,False,39,0.583256,0.195758194,0.941245,1.5245009999999999,EXTRACTED
g616,U_g616/Q,25.84,77.0,True,6701,1.0377653999999998,0.8577310290000003,5.10017,6.1379354,EXTRACTED
g6160,U_g6160/ZN,85.31,22.4,False,1,2.26375692,0.6642575930000001,5.84778,8.11153692,EXTRACTED
g6167,U_g6167/ZN,75.43,92.4,False,733,1.2665806,1.286709611,2.618375,3.8849555999999996,EXTRACTED
g6170,U_g6170/ZN,55.48,91.0,False,730,1.142732,0.8289133390000001,2.618375,3.761107,EXTRACTED
g6173,U_g6173/ZN,68.21,86.8,False,730,0.85179907,0.794725732,2.618375,3.4701740699999997,EXTRACTED
g6176,U_g6176/ZN,66.5,85.4,False,732,1.0596961,0.8169168330000001,2.618375,3.6780711,EXTRACTED
g6179,U_g6179/ZN,63.46,84.0,False,803,1.0795850999999999,0.5579229350000001,2.618375,3.6979600999999995,EXTRACTED
g6182,U_g6182/ZN,64.22,86.8,False,804,1.4141344999999998,0.780055232,2.618375,4.0325095,EXTRACTED
g6185,U_g6185/ZN,73.34,85.4,False,834,0.9049349999999999,0.8673031219999999,2.618375,3.52331,EXTRACTED
g6189,U_g6189/ZN,71.06,86.8,False,953,0.3377217,0.5859621039999999,2.618375,2.9560967,EXTRACTED
g619,U_g619/Q,32.87,72.8,True,6698,1.3697572999999998,1.4124745489999997,5.10017,6.4699273,EXTRACTED
g622,U_g622/Q,38.57,71.4,True,6901,0.6743037,0.7834454030000001,5.10017,5.774473700000001,EXTRACTED
g6230,U_g6230/ZN,70.3,85.4,False,1187,2.19124302,2.480847338,12.08225,14.27349302,EXTRACTED
g6235,U_g6235/ZN,60.61,85.4,False,1187,0.2191827,0.4542936,2.92389,3.1430727000000003,EXTRACTED
g6237,U_g6237/ZN,69.92,51.8,False,2231,0.0592598,0.045506723,0.959052,1.0183118,EXTRACTED
g6238,U_g6238/ZN,47.31,64.4,False,6958,0.01742614,0.0,0.946814,0.96424014,EXTRACTED
g6239,U_g6239/ZN,79.42,50.4,False,1540,0.33959799999999996,0.63024484,0.941939,1.281537,EXTRACTED
g6240,U_g6240/ZN,58.71,54.6,False,7152,0.679375,0.77004217,0.946814,1.626189,EXTRACTED
g6241,U_g6241/ZN,67.45,18.2,False,7108,0.828562,1.168892489,0.946814,1.775376,EXTRACTED
g6242,U_g6242/ZN,79.99,49.0,False,3409,0.086288,0.059759799999999995,0.941939,1.028227,EXTRACTED
g6243,U_g6243/ZN,61.94,49.0,False,7155,0.0369366,0.06609419999999999,0.946814,0.9837506,EXTRACTED
g6244,U_g6244/ZN,60.04,51.8,False,7199,0.1152376,0.14076799,0.946814,1.0620516,EXTRACTED
g6245,U_g6245/ZN,68.21,18.2,False,7245,0.0428952,0.0,0.946814,0.9897092000000001,EXTRACTED
g6246,U_g6246/ZN,22.04,78.4,False,7020,0.399358,0.66275663,0.918145,1.3175029999999999,EXTRACTED
g6247,U_g6247/ZN,50.54,58.8,False,6642,0.38082,0.488761632,0.946814,1.327634,EXTRACTED
g6248,U_g6248/ZN,61.37,57.4,False,7151,0.0366746,0.021201650000000002,0.946814,0.9834886,EXTRACTED
g6249,U_g6249/ZN,68.97,28.0,False,7325,0.435384,0.41870183000000005,0.946814,1.382198,EXTRACTED
g625,U_g625/Q,32.87,68.6,True,6720,1.0011351999999998,1.431209528,5.10017,6.1013052000000005,EXTRACTED
g6250,U_g6250/ZN,62.32,85.4,False,7152,0.1127354,0.14013919,0.946814,1.0595494,EXTRACTED
g6251,U_g6251/ZN,12.73,91.0,False,6894,0.5799125,0.36419123000000003,0.918145,1.4980575,EXTRACTED
g6252,U_g6252/ZN,72.39,49.0,False,2266,1.0672481,1.3917666800000001,0.959052,2.0263001000000003,EXTRACTED
g6253,U_g6253/ZN,43.13,63.0,False,6900,0.01630032,0.00176665,0.946814,0.9631143200000001,EXTRACTED
g6254,U_g6254/ZN,59.66,54.6,False,7428,0.04369,0.0670288,0.946814,0.990504,EXTRACTED
g6255,U_g6255/ZN,64.41,19.6,False,7252,0.281636,0.26518326999999997,0.946814,1.22845,EXTRACTED
g6256,U_g6256/ZN,70.3,84.0,False,7068,0.846468,0.596239818,0.946814,1.793282,EXTRACTED
g6257,U_g6257/ZN,14.25,91.0,False,7126,0.49172599999999994,0.45492646200000003,0.918145,1.4098709999999999,EXTRACTED
g6258,U_g6258/ZN,61.56,63.0,False,6961,0.028864400000000002,0.014191229999999999,0.946814,0.9756784000000001,EXTRACTED
g6259,U_g6259/ZN,69.35,81.2,False,7123,0.01742614,0.0,0.946814,0.96424014,EXTRACTED
g6260,U_g6260/ZN,68.4,84.0,False,7104,0.516145,0.8665417799999999,0.946814,1.4629590000000001,EXTRACTED
g6261,U_g6261/ZN,20.14,71.4,False,7558,0.397694,0.312072535,0.918145,1.315839,EXTRACTED
g6262,U_g6262/ZN,49.59,43.4,False,7376,0.320138,0.17336050000000003,0.946814,1.266952,EXTRACTED
g6263,U_g6263/ZN,60.99,85.4,False,7313,0.558594,0.897474701,0.946814,1.505408,EXTRACTED
g6264,U_g6264/ZN,17.86,81.2,False,6900,0.0298432,0.00465942,0.918145,0.9479882,EXTRACTED
g6265,U_g6265/ZN,52.06,42.0,False,7213,0.08744700000000001,0.07173126999999999,0.946814,1.034261,EXTRACTED
g6266,U_g6266/ZN,67.83,85.4,False,7313,0.36283000000000004,0.8367585100000001,0.946814,1.309644,EXTRACTED
g6267,U_g6267/ZN,81.7,53.2,False,1365,0.6916517,0.425828548,1.70023,2.3918817,EXTRACTED
g6268,U_g6268/ZN,16.91,75.6,False,6754,0.341062,0.13632272,0.918145,1.259207,EXTRACTED
g6269,U_g6269/ZN,45.03,64.4,False,6898,0.401872,0.564648402,0.946814,1.348686,EXTRACTED
g6270,U_g6270/ZN,60.61,84.0,False,7290,0.0557086,0.204590365,0.946814,1.0025226,EXTRACTED
g6271,U_g6271/ZN,81.89,56.0,False,1360,0.6345939,0.38387393000000003,1.70023,2.3348239,EXTRACTED
g6272,U_g6272/ZN,13.87,68.6,False,6886,0.035497999999999995,0.040016815,0.918145,0.953643,EXTRACTED
g6273,U_g6273/ZN,22.99,65.8,False,7244,0.74775,0.781731234,0.918145,1.665895,EXTRACTED
g6274,U_g6274/ZN,17.1,71.4,False,8097,0.631562,0.71021246,0.918145,1.549707,EXTRACTED
g6275,U_g6275/ZN,62.7,79.8,False,7388,0.195448,0.08264202,0.946814,1.142262,EXTRACTED
g6279,U_g6279/ZN,54.72,33.6,False,986,0.6020583,0.4358632,0.921561,1.5236193,EXTRACTED
g628,U_g628/Q,24.51,75.6,True,6707,1.0025776,0.93171357,5.10017,6.102747600000001,EXTRACTED
g6280,U_g6280/ZN,56.24,35.0,False,986,0.7843979999999999,1.0419965749999998,0.921561,1.705959,EXTRACTED
g6282,output68/Z,99.94,65.8,False,1362,0.206318,0.12716588,0,0.206318,EXTRACTED
g6284,output69/Z,76.0,99.4,False,729,0.219996,0.02960095,0,0.219996,EXTRACTED
g6286,U_g6286/ZN,48.07,64.4,False,6958,0.0666726,0.0165403,1.119679,1.1863516,EXTRACTED
g6287,U_g6287/ZN,54.53,21.0,False,7108,0.480786,0.47508039399999996,1.119679,1.600465,EXTRACTED
g6288,U_g6288/ZN,78.47,12.6,False,4053,1.05554,0.325311733,0.946814,2.002354,EXTRACTED
g6289,U_g6289/ZN,55.67,64.4,False,7152,0.5068943,0.313248506,1.119679,1.6265733,EXTRACTED
g6290,U_g6290/ZN,69.35,18.2,False,7244,0.231808,0.07437951000000001,1.119679,1.351487,EXTRACTED
g6291,U_g6291/ZN,83.03,26.6,False,4010,0.415936,0.3849714000000001,1.119679,1.535615,EXTRACTED
g6292,U_g6292/ZN,62.51,47.6,False,7154,0.5634140000000001,0.9250408549999999,1.119679,1.6830930000000002,EXTRACTED
g6293,U_g6293/ZN,60.61,49.0,False,7198,0.223518,0.06410253,1.119679,1.343197,EXTRACTED
g6294,U_g6294/ZN,62.32,26.6,False,7326,1.40492946,0.90997161,1.119679,2.52460846,EXTRACTED
g6295,U_g6295/ZN,80.18,23.8,False,3910,0.25879800000000003,0.20223925,1.119679,1.3784770000000002,EXTRACTED
g6296,U_g6296/ZN,43.51,58.8,False,6640,0.959735,2.0895497730000003,1.119679,2.079414,EXTRACTED
g6297,U_g6297/ZN,62.51,57.4,False,7152,0.1502162,0.09227789,1.119679,1.2698952000000001,EXTRACTED
g6298,U_g6298/ZN,66.31,21.0,False,7250,0.20343999999999998,0.07316310999999999,1.119679,1.3231190000000002,EXTRACTED
g6299,U_g6299/ZN,77.9,14.0,False,3916,0.477322,0.13625374,1.119679,1.5970010000000001,EXTRACTED
g6300,U_g6300/ZN,43.89,63.0,False,6898,0.7835780000000001,0.557144034,1.119679,1.9032570000000002,EXTRACTED
g6301,U_g6301/ZN,60.99,54.6,False,7428,0.1991386,0.31179399,1.119679,1.3188176,EXTRACTED
g6302,U_g6302/ZN,92.72,28.0,False,4011,0.4835241,0.5466526349999999,0.946814,1.4303381000000002,EXTRACTED
g6303,U_g6303/ZN,62.32,63.0,False,6960,0.1650332,0.06577528,1.119679,1.2847122,EXTRACTED
g6304,U_g6304/ZN,83.79,26.6,False,4008,0.202682,0.3751234600000001,1.119679,1.3223610000000001,EXTRACTED
g6307,U_g6307/ZN,48.64,47.6,False,7376,0.5112019999999999,0.4810663100000001,1.119679,1.630881,EXTRACTED
g6309,U_g6309/ZN,53.58,42.0,False,7212,0.8517797,1.66907798,1.119679,1.9714587000000001,EXTRACTED
g631,U_g631/Q,36.29,82.6,True,6669,0.8485897,0.18369036200000005,5.10017,5.9487597,EXTRACTED
g6310,U_g6310/ZN,50.35,60.2,False,6902,0.7937799999999999,0.57125791,1.119679,1.913459,EXTRACTED
g6311,U_g6311/ZN,47.69,32.2,False,44,0.18649500000000002,0.20826869999999997,0.941245,1.12774,EXTRACTED
g6313,U_g6313/ZN,51.49,36.4,False,70,0.3844206,0.4900597600000001,0.941245,1.3256656,EXTRACTED
g6315,U_g6315/ZN,52.25,29.4,False,32,1.1144355,1.32949792797,0.941245,2.0556805,EXTRACTED
g6316,U_g6316/ZN,44.46,32.2,False,54,0.25029799999999996,0.18228794000000004,0.941245,1.191543,EXTRACTED
g6317,U_g6317/ZN,45.6,33.6,False,48,0.47437999999999997,0.647166214,0.941245,1.415625,EXTRACTED
g6318,U_g6318/ZN,61.56,21.0,False,70,0.1043308,0.07139785,0.938321,1.0426518,EXTRACTED
g6320,U_g6320/ZN,47.5,37.8,False,57,0.282038,0.32744206000000003,0.941245,1.223283,EXTRACTED
g6321,U_g6321/ZN,63.27,23.8,False,92,0.1696004,0.15408299,0.938321,1.1079214,EXTRACTED
g6323,U_g6323/ZN,43.7,32.2,False,59,0.60295,0.703643938,0.941245,1.544195,EXTRACTED
g6324,U_g6324/ZN,53.39,29.4,False,16,0.1318258,0.24772299,0.938321,1.0701467999999998,EXTRACTED
g6326,U_g6326/ZN,55.67,39.2,False,59,0.16461800000000001,0.219842505,0.941245,1.105863,EXTRACTED
g6327,U_g6327/ZN,53.01,21.0,False,75,0.0735624,0.02271984,0.938321,1.0118833999999999,EXTRACTED
g6329,U_g6329/ZN,53.2,18.2,False,87,0.4124934,0.40169675,0.938321,1.3508144,EXTRACTED
g6331,U_g6331/ZN,53.01,30.8,False,66,0.5504059000000001,0.36810796897000003,0.938321,1.4887269,EXTRACTED
g6333,U_g6333/ZN,55.48,22.4,False,73,0.409116,0.6315229450000001,0.938321,1.347437,EXTRACTED
g6334,U_g6334/ZN,55.86,18.2,False,80,0.48481,0.44021907699999996,0.938321,1.423131,EXTRACTED
g6335,U_g6335/ZN,68.59,35.0,False,986,1.629262,2.0104045720000006,1.883878,3.51314,EXTRACTED
g6336,U_g6336/ZN,18.81,84.0,False,3676,0.09344999999999999,0.07020594,0.946814,1.040264,EXTRACTED
g6338,U_g6338/ZN,18.43,85.4,False,3534,0.0517816,0.08966836199999999,0.946814,0.9985956,EXTRACTED
g634,U_g634/Q,83.98,28.0,True,7334,7.750244009999999,10.946660228000002,18.852098,26.60234201,EXTRACTED
g6340,U_g6340/ZN,19.19,85.4,False,3768,0.6211245999999999,0.15559917,0.946814,1.5679386,EXTRACTED
g6341,U_g6341/ZN,18.43,77.0,False,4022,0.133948,0.02868022,0.946814,1.080762,EXTRACTED
g6342,U_g6342/ZN,18.81,81.2,False,3644,0.1940006,0.283833541,0.946814,1.1408146000000001,EXTRACTED
g6343,U_g6343/ZN,22.04,74.2,False,3542,0.311978,0.13078842999999998,0.946814,1.2587920000000001,EXTRACTED
g6344,U_g6344/ZN,14.82,68.6,False,3476,0.1975082,0.038163622999999994,0.946814,1.1443222,EXTRACTED
g6345,U_g6345/ZN,18.62,74.2,False,3776,0.0428952,0.0,0.946814,0.9897092000000001,EXTRACTED
g6346,U_g6346/ZN,22.8,64.4,False,4364,0.6576841,0.543614692,0.946814,1.6044981,EXTRACTED
g6348,U_g6348/ZN,79.23,49.0,False,17,1.4351481,1.1818353409999998,3.365816,4.8009641,EXTRACTED
g6354,U_g6354/ZN,74.1,54.6,False,15,0.1960377,0.21078902,3.365816,3.5618537000000003,EXTRACTED
g6357,U_g6357/ZN,69.35,37.8,False,986,1.219244,1.172693326,0.941939,2.161183,EXTRACTED
g6358,U_g6358/ZN,58.71,36.4,False,986,0.5547383000000001,0.5794120979999999,0.941939,1.4966773,EXTRACTED
g6360,output70/Z,61.75,95.2,False,804,0.6530140000000001,0.12309544,0,0.6530140000000001,EXTRACTED
g6362,output71/Z,81.32,100.8,False,834,0.41487799999999997,0.14920924,0,0.41487799999999997,EXTRACTED
g6364,output72/Z,72.96,100.8,False,733,0.096512,0.05793121,0,0.096512,EXTRACTED
g6366,output73/Z,72.01,99.4,False,953,0.20831,0.06029506,0,0.20831,EXTRACTED
g6368,output74/Z,64.22,99.4,False,730,0.1860244,0.09856991000000001,0,0.1860244,EXTRACTED
g6370,output75/Z,69.16,99.4,False,730,0.26174400000000003,0.05973217,0,0.26174400000000003,EXTRACTED
g6372,output76/Z,67.45,99.4,False,732,0.260552,0.0906955,0,0.260552,EXTRACTED
g6374,output77/Z,67.83,100.8,False,803,0.394948,0.03631218,0,0.394948,EXTRACTED
g6376,U_g6376/ZN,89.11,58.8,False,1365,1.6542397400000002,1.4846646819999996,13.894432,15.54867174,EXTRACTED
g638,U_g638/Q,70.3,75.6,True,6912,4.94060062,4.139180173000002,11.390694,16.33129462,EXTRACTED
g6385,U_g6385/ZN,92.53,57.4,False,1360,1.4076144300000002,1.3669843680000002,13.894432,15.30204643,EXTRACTED
g639,PORT/g639,51.055,103.37,False,0,0.5248740000000001,0.0886459,0.77983,1.304704,EXTRACTED
g6394,U_g6394/ZN,26.98,25.2,False,10195,1.441284,1.2103876990000002,1.892349,3.333633,EXTRACTED
g6397,U_g6397/ZN,23.75,56.0,False,11947,1.164158,1.194285105,1.892349,3.056507,EXTRACTED
g64,U_g64/Q,25.46,78.4,True,6637,1.8968289399999998,1.8905012700000001,7.709863,9.606691940000001,EXTRACTED
g6400,U_g6400/ZN,62.51,32.2,False,986,0.4357218,0.38348834510000007,1.843122,2.2788437999999998,EXTRACTED
g642,U_g642/Q,81.32,79.8,True,6898,5.39588672,6.185448832000002,10.093963,15.48984972,EXTRACTED
g6426,U_g6426/ZN,82.08,26.6,False,4052,0.72199,0.162811769,1.119679,1.841669,EXTRACTED
g6427,U_g6427/ZN,101.27,57.4,False,288,0.203394,0.050431014,0.914189,1.117583,EXTRACTED
g6429,U_g6429/ZN,97.09,54.6,False,247,0.4923438,0.32360996399999997,0.923766,1.4161098,EXTRACTED
g6430,U_g6430/ZN,100.32,67.2,False,298,0.530298,0.31952834999999996,0.914189,1.444487,EXTRACTED
g6432,U_g6432/ZN,93.67,56.0,False,168,0.53427047,0.73376953,0.938321,1.47259147,EXTRACTED
g6433,U_g6433/ZN,92.34,60.2,False,274,0.2509,0.44957481,0.923766,1.174666,EXTRACTED
g6435,U_g6435/ZN,96.14,53.2,False,119,0.76217,0.17614410800000002,0.941245,1.7034150000000001,EXTRACTED
g6436,U_g6436/ZN,98.04,58.8,False,171,0.0917586,0.036377067000000006,0.938321,1.0300795999999999,EXTRACTED
g6437,U_g6437/ZN,84.55,26.6,False,4010,0.1431866,0.299624086,1.119679,1.2628656,EXTRACTED
g6438,U_g6438/ZN,98.99,47.6,False,302,0.468434,0.150212128,0.914189,1.3826230000000002,EXTRACTED
g6439,U_g6439/ZN,97.28,60.2,False,106,0.0489918,0.01491216,0.941245,0.9902368,EXTRACTED
g6440,U_g6440/ZN,19.95,82.6,False,3676,0.6907738999999999,0.5288440300000001,1.119679,1.8104529,EXTRACTED
g6442,U_g6442/ZN,98.04,54.6,False,288,0.1631582,0.0387925,0.923766,1.0869242,EXTRACTED
g6443,U_g6443/ZN,95.57,61.6,False,277,0.1355424,0.174778,0.914189,1.0497314,EXTRACTED
g6444,U_g6444/ZN,19.95,85.4,False,3536,0.15302100000000002,0.26492313,1.119679,1.2727000000000002,EXTRACTED
g6445,U_g6445/ZN,98.8,51.8,False,115,0.0679234,0.05855565000000001,0.938321,1.0062444,EXTRACTED
g6446,U_g6446/ZN,101.27,67.2,False,248,0.46168000000000003,0.4584221989999999,0.923766,1.385446,EXTRACTED
g6447,U_g6447/ZN,15.01,91.0,False,3768,0.944996,0.26265037999999996,1.119679,2.0646750000000003,EXTRACTED
g6448,U_g6448/ZN,97.85,51.8,False,116,0.199149,0.18114215200000003,0.941245,1.140394,EXTRACTED
g6449,U_g6449/ZN,95.19,60.2,False,118,0.200984,0.21838495300000005,0.938321,1.139305,EXTRACTED
g6450,U_g6450/ZN,20.71,77.0,False,4024,1.487954,0.8863075200000002,1.119679,2.607633,EXTRACTED
g6451,U_g6451/ZN,96.33,58.8,False,124,0.357126,0.23681909999999998,0.941245,1.298371,EXTRACTED
g6452,U_g6452/ZN,16.34,79.8,False,3646,0.5699686499999999,0.9571586999999999,1.119679,1.68964765,EXTRACTED
g6453,U_g6453/ZN,21.28,78.4,False,3540,0.28621199999999997,0.07896093,1.119679,1.405891,EXTRACTED
g6454,U_g6454/ZN,15.77,65.8,False,3478,0.1453064,0.28658377,1.119679,1.2649854,EXTRACTED
g6455,U_g6455/ZN,19.76,74.2,False,3776,0.6378535999999999,0.92601313,1.119679,1.7575326,EXTRACTED
g6456,U_g6456/ZN,21.28,71.4,False,4366,0.1188202,0.242921695,1.119679,1.2384992000000001,EXTRACTED
g6457,U_g6457/ZN,80.37,60.2,False,2199,0.19718184,0.10029068000000001,3.514,3.7111818399999996,EXTRACTED
g646,U_g646/Q,82.46,84.0,True,6926,7.419161649999999,6.483110824999997,10.093963,17.513124649999998,EXTRACTED
g6461,U_g6461/ZN,80.18,56.0,False,2162,1.06321407,0.9172931559999999,3.514,4.57721407,EXTRACTED
g6468,U_g6468/ZN,17.67,32.2,False,643,0.38047,0.30987749000000003,0.946814,1.3272840000000001,EXTRACTED
g6469,U_g6469/ZN,31.73,28.0,False,1221,0.66746338,0.9185114987399999,3.64949,4.31695338,EXTRACTED
g6473,U_g6473/ZN,30.02,47.6,False,668,0.01742614,0.0,0.946814,0.96424014,EXTRACTED
g6474,U_g6474/ZN,35.91,46.2,False,2738,1.0679566999999999,0.929156621,3.64949,4.7174467,EXTRACTED
g6479,U_g6479/ZN,58.33,43.4,False,517,1.0649419999999998,1.22183993,1.119679,2.184621,EXTRACTED
g6480,U_g6480/ZN,66.69,28.0,False,604,4.175621,3.7182299160000003,1.119679,5.295299999999999,EXTRACTED
g6481,U_g6481/ZN,66.12,36.4,False,577,2.8749217,0.44506640899999994,1.119679,3.9946007,EXTRACTED
g6482,U_g6482/ZN,64.6,40.6,False,773,3.3689670000000005,1.5500868300000001,1.119679,4.488646000000001,EXTRACTED
g6483,U_g6483/ZN,49.78,32.2,False,623,3.3567904,0.5004206800000001,1.119679,4.4764694,EXTRACTED
g6485,U_g6485/ZN,54.34,37.8,False,567,0.15760000000000002,0.038649,1.119679,1.277279,EXTRACTED
g6492,U_g6492/ZN,68.78,54.6,False,5,0.15351399999999998,0.14237819,0.940092,1.093606,EXTRACTED
g6494,U_g6494/ZN,73.53,58.8,False,12,0.405412,0.58882611,0.921561,1.326973,EXTRACTED
g6495,U_g6495/ZN,70.87,54.6,False,9,0.7168760000000001,1.1450954169999998,0.940092,1.656968,EXTRACTED
g6496,U_g6496/ZN,72.01,54.6,False,6,0.8511820000000001,0.5236964800000002,0.921561,1.7727430000000002,EXTRACTED
g650,U_g650/Q,92.15,63.0,True,6915,7.169804770000001,6.6306817229999995,9.175818,16.34562277,EXTRACTED
g6538,U_g6538/ZN,29.26,30.8,False,1221,0.0415026,0.13593799,0.964824,1.0063266,EXTRACTED
g654,U_g654/Q,90.63,84.0,True,6923,4.354711829999999,3.2435225229999993,10.093963,14.44867483,EXTRACTED
g6540,U_g6540/ZN,29.07,40.6,False,2738,0.6719838,0.45721842199999996,0.964824,1.6368078000000001,EXTRACTED
g6545,U_g6545/ZN,25.46,32.2,False,1165,0.1972829,0.10618227899999999,1.94926,2.1465429,EXTRACTED
g6549,U_g6549/ZN,30.97,47.6,False,1032,0.3318156,0.338180715,1.94926,2.2810756,EXTRACTED
g6554,U_g6554/ZN,75.81,53.2,False,2487,0.81932,0.6369300220000002,0.97463,1.7939500000000002,EXTRACTED
g6555,U_g6555/ZN,23.56,32.2,False,1192,0.252498,0.348741102,0.941939,1.194437,EXTRACTED
g6556,U_g6556/ZN,80.75,49.0,False,4301,0.08211539999999999,0.06452676,0.97463,1.0567454,EXTRACTED
g6557,U_g6557/ZN,26.79,30.8,False,29,0.0877726,0.041149870000000005,0.941245,1.0290176,EXTRACTED
g6558,U_g6558/ZN,32.11,43.4,False,2686,0.263,0.40703811,0.941939,1.204939,EXTRACTED
g6559,U_g6559/ZN,34.77,36.4,False,58,0.6482859000000001,0.497417166,0.941245,1.5895309000000002,EXTRACTED
g658,U_g658/Q,38.95,28.0,True,7042,5.721843949999999,3.236216415,4.270369,9.992212949999999,EXTRACTED
g6603,U_g6603/ZN,60.61,82.6,False,608,0.0754872,0.01602666,0.941939,1.0174262,EXTRACTED
g6613,U_g6613/ZN,81.32,47.6,False,1889,0.357192,0.326097583,0.946814,1.304006,EXTRACTED
g6614,U_g6614/ZN,81.89,49.0,False,3154,0.1787094,0.057143115,0.946814,1.1255234,EXTRACTED
g6619,U_g6619/ZN,98.23,67.2,False,0,0.1059312,0.04976756,1.70023,1.8061612,EXTRACTED
g662,U_g662/Q,71.82,44.8,True,7104,2.4165929999999998,2.4488340339999994,2.619024,5.035617,EXTRACTED
g6620,U_g6620/ZN,68.97,93.8,False,750,0.4577106,0.7204802960000001,0.941939,1.3996496,EXTRACTED
g6625,U_g6625/ZN,28.31,30.8,False,22,0.3254538,0.20035011000000003,1.880184,2.2056378,EXTRACTED
g6628,U_g6628/ZN,33.06,46.2,False,51,0.2271974,0.14006719799999998,1.880184,2.1073814,EXTRACTED
g663,U_g663/Q,23.37,53.2,True,6604,1.9563092999999998,0.8592071099999999,2.038473,3.9947823,EXTRACTED
g6631,U_g6631/ZN,26.41,29.4,False,1145,0.2497245,0.157628133,1.888753,2.1384775,EXTRACTED
g6634,U_g6634/ZN,26.03,30.8,False,32,0.2477265,0.22412185974,1.885135,2.1328615,EXTRACTED
g6637,U_g6637/ZN,30.21,44.8,False,1023,0.3568861,0.262169015,1.888753,2.2456391,EXTRACTED
g664,U_g664/Q,22.04,33.6,True,6750,0.3660983,0.7665583,2.038473,2.4045713,EXTRACTED
g6640,U_g6640/ZN,30.4,43.4,False,17,0.369008,0.4883478500000001,1.885135,2.254143,EXTRACTED
g6643,U_g6643/ZN,64.22,85.4,False,547,0.0893304,0.06252297000000001,0.941939,1.0312694,EXTRACTED
g6644,U_g6644/ZN,78.66,85.4,False,523,1.001922,2.01607913,0.941939,1.943861,EXTRACTED
g6645,U_g6645/ZN,71.44,84.0,False,668,0.226812,0.104499396,0.941939,1.1687509999999999,EXTRACTED
g6646,U_g6646/ZN,69.92,86.8,False,350,0.447308,0.20813224000000005,0.941939,1.389247,EXTRACTED
g6647,U_g6647/ZN,63.08,85.4,False,701,0.60285,0.77400628,0.941939,1.544789,EXTRACTED
g6648,U_g6648/ZN,66.69,86.8,False,695,0.4620898,0.55986548,0.941939,1.4040287999999999,EXTRACTED
g665,U_g665/Q,24.32,56.0,True,6623,2.9878679999999997,0.9151995029999996,2.038473,5.026341,EXTRACTED
g6650,U_g6650/ZN,64.98,85.4,False,693,0.1881172,0.246624982,0.941939,1.1300562,EXTRACTED
g6658,U_g6658/ZN,78.47,92.4,False,13134,0.434156,0.30652756999999997,1.119679,1.553835,EXTRACTED
g6659,U_g6659/ZN,26.22,32.2,False,1165,0.42369199999999996,0.17163057999999998,0.946814,1.370506,EXTRACTED
g666,U_g666/Q,38.19,98.0,True,7427,1.006708,0.42869528,2.619024,3.625732,EXTRACTED
g6660,U_g6660/ZN,29.64,43.4,False,1032,0.7095274,0.9348242030000001,0.946814,1.6563414,EXTRACTED
g6661,U_g6661/ZN,99.75,51.8,False,1365,0.65727877,0.73621074,2.8674049999999998,3.5246837699999998,EXTRACTED
g6665,U_g6665/ZN,97.28,58.8,False,1360,0.16007177,0.1720103,2.8674049999999998,3.02747677,EXTRACTED
g6669,U_g6669/ZN,80.56,44.8,False,7360,0.479818,0.390377552,1.590286,2.070104,EXTRACTED
g667,U_g667/Q,73.53,71.4,True,6931,1.5119013,1.875061236,2.038473,3.5503743,EXTRACTED
g6670,U_g6670/ZN,26.98,32.2,False,7162,0.2870458,0.21193236799999998,2.659282,2.9463278,EXTRACTED
g6673,U_g6673/ZN,31.92,44.8,False,9536,0.22963763,0.22235546948999999,2.659282,2.88891963,EXTRACTED
g6676,U_g6676/ZN,27.55,30.8,False,2179,0.22316180000000002,0.10348359800000001,2.659282,2.8824438000000003,EXTRACTED
g6679,U_g6679/ZN,27.36,43.4,False,3507,0.4991835,0.36541471400000003,2.659282,3.1584655,EXTRACTED
g668,U_g668/Q,35.91,42.0,True,7382,4.242301299999999,2.879511324,2.619024,6.861325299999999,EXTRACTED
g6682,U_g6682/ZN,79.23,61.6,False,2275,0.75938443,1.28983101,0.918145,1.6775294299999999,EXTRACTED
g6683,U_g6683/ZN,70.49,53.2,False,2242,0.5244880000000001,0.63944308,1.590286,2.114774,EXTRACTED
g6684,U_g6684/ZN,64.22,84.0,False,7199,1.285442,0.545276784,1.119679,2.4051210000000003,EXTRACTED
g6685,U_g6685/ZN,63.65,91.0,False,7153,1.311037,1.2669499519999998,1.119679,2.4307160000000003,EXTRACTED
g6686,U_g6686/ZN,70.11,81.2,False,7135,1.63258883,1.8806210369999996,1.119679,2.75226783,EXTRACTED
g6687,U_g6687/ZN,76.57,88.2,False,7188,1.520307,2.3191513379999997,1.119679,2.6399860000000004,EXTRACTED
g6688,U_g6688/ZN,66.88,92.4,False,7418,1.7220659999999999,1.3138677399999996,1.119679,2.841745,EXTRACTED
g6689,U_g6689/ZN,59.85,85.4,False,7454,0.5021121,0.54789096,1.119679,1.6217911,EXTRACTED
g669,U_g669/Q,82.08,44.8,True,7446,1.4860676699999997,1.6958188840000001,2.7788779999999997,4.2649456699999995,EXTRACTED
g6690,U_g6690/ZN,62.7,84.0,False,7323,0.42241,0.47102271200000007,1.119679,1.542089,EXTRACTED
g6691,U_g6691/ZN,61.18,81.2,False,7472,0.8729958,0.9436602019999999,1.119679,1.9926748,EXTRACTED
g6692,U_g6692/ZN,82.84,60.2,False,2199,0.0718942,0.09595618,0.946814,1.0187082,EXTRACTED
g6693,U_g6693/ZN,80.18,68.6,False,2162,0.5063424,0.862110882,0.946814,1.4531564000000001,EXTRACTED
g6702,U_g6702/ZN,28.5,37.8,False,7135,0.305842,0.22885514999999998,1.119679,1.425521,EXTRACTED
g6703,U_g6703/ZN,84.55,60.2,False,5013,0.07212679999999999,0.13604891,1.590286,1.6624128,EXTRACTED
g6704,U_g6704/ZN,26.98,51.8,False,6715,0.862256,0.31205253200000005,1.119679,1.981935,EXTRACTED
g6705,U_g6705/ZN,90.44,70.0,False,4995,0.810138,0.5748614139999999,1.590286,2.400424,EXTRACTED
g6712,U_g6712/ZN,28.31,32.2,False,2179,0.0497088,0.10809547999999998,0.879747,0.9294557999999999,EXTRACTED
g6713,U_g6713/ZN,35.53,43.4,False,3507,0.06391379999999999,0.0415895,0.879747,0.9436608,EXTRACTED
g6714,U_g6714/ZN,27.93,33.6,False,7162,0.0374158,0.031239609999999998,0.879747,0.9171628,EXTRACTED
g6715,U_g6715/ZN,33.06,44.8,False,9536,0.0639104,0.052174843000000005,0.879747,0.9436574,EXTRACTED
g6716,U_g6716/ZN,77.9,50.4,False,1770,0.8006899999999999,0.8480657100000001,1.650377,2.451067,EXTRACTED
g6717,U_g6717/ZN,87.21,43.4,False,1374,0.311006,0.378351816,0.918145,1.2291509999999999,EXTRACTED
g6718,U_g6718/ZN,96.71,46.2,False,784,0.6627379999999999,0.3565478,0.946814,1.6095519999999999,EXTRACTED
g6719,U_g6719/ZN,94.81,58.8,False,785,0.244094,0.5940892899999999,0.946814,1.190908,EXTRACTED
g672,U_g672/Q,71.06,81.2,True,7172,4.215417400000001,1.6326525119999997,2.7788779999999997,6.9942954,EXTRACTED
g6728,output78/Z,100.7,68.6,False,0,0.36442199999999997,0.028491159999999998,0,0.36442199999999997,EXTRACTED
g6731,U_g6731/ZN,84.36,46.2,False,8894,0.1548614,0.08561871100000001,0.941939,1.0968004,EXTRACTED
g6736,U_g6736/ZN,29.45,32.2,False,5394,0.1042254,0.023599770000000003,0.921561,1.0257863999999999,EXTRACTED
g6737,U_g6737/ZN,28.31,33.6,False,7388,0.0561718,0.023637599999999998,0.921561,0.9777328,EXTRACTED
g6738,U_g6738/ZN,35.72,44.8,False,5921,0.094617,0.03265482,0.921561,1.016178,EXTRACTED
g6739,U_g6739/ZN,33.82,44.8,False,7464,0.060882399999999996,0.052792399999999996,0.921561,0.9824434,EXTRACTED
g6740,U_g6740/ZN,83.6,60.2,False,1201,2.3318176,1.3090090799999998,0.946814,3.2786315999999998,EXTRACTED
g6741,U_g6741/ZN,84.36,63.0,False,1201,1.9992899,1.1319108,0.946814,2.9461038999999998,EXTRACTED
g6742,U_g6742/ZN,67.26,46.2,False,1692,2.3115418,4.647272236,0.918145,3.2296868,EXTRACTED
g6747,U_g6747/ZN,84.55,49.0,False,9084,0.22421,0.097521496,1.590286,1.814496,EXTRACTED
g6748,U_g6748/ZN,94.43,53.2,False,1365,0.371604,0.33303448500000005,0.941939,1.313543,EXTRACTED
g6749,U_g6749/ZN,95.57,58.8,False,1360,0.220106,0.5864679300000001,0.941939,1.162045,EXTRACTED
g675,U_g675/Q,44.84,85.4,True,7244,2.098154,2.18455448649,2.619024,4.7171780000000005,EXTRACTED
g6750,U_g6750/ZN,30.21,33.6,False,8279,0.7757471,0.65736757,3.500489,4.2762361,EXTRACTED
g6754,U_g6754/ZN,29.26,33.6,False,7976,0.8888045,0.535172899,3.435322,4.3241265,EXTRACTED
g6758,U_g6758/ZN,34.77,44.8,False,8864,1.3851181000000001,1.1817027160000002,3.500489,4.8856071,EXTRACTED
g676,U_g676/Q,78.85,70.0,True,7138,0.9590454399999999,0.7292493560000001,2.517826,3.47687144,EXTRACTED
g6762,U_g6762/ZN,34.2,43.4,False,9469,1.18329267,1.015453531,3.435322,4.61861467,EXTRACTED
g6766,U_g6766/ZN,32.11,36.4,False,2099,0.264212,0.07896551,0.941939,1.206151,EXTRACTED
g6767,U_g6767/ZN,31.35,36.4,False,495,0.332272,0.31811138,0.941939,1.274211,EXTRACTED
g6768,U_g6768/ZN,29.83,36.4,False,4793,0.441612,0.5125611500000001,0.946814,1.388426,EXTRACTED
g6769,U_g6769/ZN,38.76,49.0,False,2173,2.9473591,2.35367995,0.941939,3.8892981,EXTRACTED
g677,U_g677/Q,48.83,72.8,True,7429,8.37401517,6.039400125,23.046701,31.42071617,EXTRACTED
g6770,U_g6770/ZN,33.06,39.2,False,2412,0.443764,0.30241647000000005,0.946814,1.390578,EXTRACTED
g6771,U_g6771/ZN,43.7,40.6,False,3962,0.12167839999999999,0.212796625,0.946814,1.0684924,EXTRACTED
g6772,U_g6772/ZN,22.61,53.2,False,915,0.43599,0.559609851,0.941939,1.377929,EXTRACTED
g6773,U_g6773/ZN,35.15,40.6,False,736,0.1175468,0.045879680000000006,0.941939,1.0594858,EXTRACTED
g6774,U_g6774/ZN,36.48,37.8,False,1090,0.8730199999999999,0.593442045,2.061618,2.934638,EXTRACTED
g6777,U_g6777/ZN,37.62,44.8,False,4326,0.39856,0.42032447,0.946814,1.345374,EXTRACTED
g6778,U_g6778/ZN,44.46,51.8,False,1059,1.4659661000000002,1.678602836,2.061618,3.5275841000000003,EXTRACTED
g678,U_g678/Q,59.66,77.0,True,6695,6.18188547,5.662280130000001,14.694165,20.87605047,EXTRACTED
g6781,U_g6781/ZN,97.47,57.4,False,1365,0.5429462,0.41473350999999997,0.97463,1.5175762000000002,EXTRACTED
g6782,U_g6782/ZN,101.46,58.8,False,1360,0.325802,0.459249352,0.97463,1.300432,EXTRACTED
g6783,U_g6783/ZN,87.21,49.0,False,840,7.29454,0.415903288,0.918145,8.212685,EXTRACTED
g6787,U_g6787/ZN,30.59,36.4,False,8328,0.339882,0.24479732,1.119679,1.459561,EXTRACTED
g6788,U_g6788/ZN,30.4,32.2,False,7512,0.9383523,0.484150414,1.119679,2.0580313,EXTRACTED
g6789,U_g6789/ZN,73.34,35.0,False,9024,0.340994,0.42535115999999995,1.119679,1.460673,EXTRACTED
g679,U_g679/Q,55.86,71.4,True,7106,6.99801821,6.199396691000002,13.056711,20.054729209999998,EXTRACTED
g6790,U_g6790/ZN,36.48,39.2,False,7778,0.254076,0.22560294000000003,1.119679,1.373755,EXTRACTED
g6791,U_g6791/ZN,37.62,35.0,False,9791,2.19001927,2.1238379340000004,2.037824,4.22784327,EXTRACTED
g6792,U_g6792/ZN,36.48,33.6,False,7565,0.7982099,0.52918655,2.037824,2.8360339000000003,EXTRACTED
g6793,U_g6793/ZN,41.8,40.6,False,7656,0.8251497,0.98480771,2.037824,2.8629737,EXTRACTED
g6794,U_g6794/ZN,45.41,44.8,False,7703,4.389423799999999,1.4968351750000004,5.235888,9.625311799999999,EXTRACTED
g6795,U_g6795/ZN,17.86,57.4,False,5750,0.36441799999999996,0.07022787999999999,1.119679,1.484097,EXTRACTED
g6798,U_g6798/ZN,94.43,51.8,False,601,2.5867319,2.4177784300000003,0.946814,3.5335459,EXTRACTED
g6799,U_g6799/ZN,96.52,57.4,False,588,2.80693295,0.631656334,0.946814,3.75374695,EXTRACTED
g680,U_g680/Q,51.11,60.2,True,6918,5.833107060000001,5.925778148000002,14.627688,20.46079506,EXTRACTED
g681,U_g681/Q,49.21,68.6,True,6909,5.555923129999999,6.135519688,10.47298,16.02890313,EXTRACTED
g6816,U_g6816/ZN,15.39,44.8,False,518,0.761108,0.70790848,0.941939,1.703047,EXTRACTED
g682,U_g682/Q,70.3,46.2,True,7258,6.4430781,6.6168721889999995,12.11107,18.5541481,EXTRACTED
g6828,U_g6828/ZN,50.16,46.2,False,42,0.6229297,0.33674331999999996,0.938321,1.5612507,EXTRACTED
g6829,U_g6829/ZN,39.71,30.8,False,145,0.526162,0.366106586,0.938321,1.464483,EXTRACTED
g683,U_g683/Q,58.33,50.4,True,7195,8.3136946,6.734472554000001,11.44761,19.7613046,EXTRACTED
g6830,U_g6830/ZN,46.74,37.8,False,32,0.206796,0.15200062,0.923766,1.130562,EXTRACTED
g6831,U_g6831/ZN,45.03,39.2,False,51,0.49344799999999994,0.5951931599999999,0.923766,1.417214,EXTRACTED
g684,U_g684/Q,40.47,65.8,True,7154,9.35429301,9.430468429999994,18.59693,27.95122301,EXTRACTED
g6843,U_g6843/ZN,13.68,54.6,False,9326,0.456572,0.62854853,0.964824,1.421396,EXTRACTED
g6844,U_g6844/ZN,57.38,40.6,False,700,2.18196045,0.61958397,1.119679,3.30163945,EXTRACTED
g6845,U_g6845/ZN,57.19,29.4,False,623,0.448988,0.35960903,1.119679,1.568667,EXTRACTED
g6846,U_g6846/ZN,42.94,46.2,False,628,0.0682324,0.13809656,0.918145,0.9863774,EXTRACTED
g6847,U_g6847/ZN,58.33,40.6,False,594,0.677657,0.8294699149999998,0.918145,1.595802,EXTRACTED
g6848,U_g6848/ZN,16.72,61.6,False,2485,0.5771879999999999,0.268742062,1.599032,2.17622,EXTRACTED
g685,U_g685/Q,96.52,61.6,True,7440,9.8604494,2.8710161809999986,8.636041,18.4964904,EXTRACTED
g6851,U_g6851/ZN,44.46,46.2,False,7076,0.1294002,0.14465471,0.946814,1.0762142000000001,EXTRACTED
g6852,U_g6852/ZN,52.44,46.2,False,7103,0.251502,0.18201148000000003,0.946814,1.1983160000000002,EXTRACTED
g6855,U_g6855/ZN,45.22,49.0,False,10736,0.08643297,0.018136492,1.8927749999999999,1.9792079699999998,EXTRACTED
g686,U_g686/Q,81.32,86.8,True,7272,3.8690820300000004,2.7794450610000005,6.93646,10.805542030000002,EXTRACTED
g6864,U_g6864/ZN,54.72,49.0,False,10775,0.24672207000000002,0.015889518,1.8927749999999999,2.13949707,EXTRACTED
g687,U_g687/Q,55.29,77.0,True,6685,3.321387,2.5832201889999995,10.762016,14.083402999999999,EXTRACTED
g6873,U_g6873/ZN,13.11,56.0,False,2416,0.0404226,0.021756410000000004,0.918145,0.9585676,EXTRACTED
g6874,U_g6874/ZN,13.68,56.0,False,7393,0.1500006,0.07302451,0.946814,1.0968146,EXTRACTED
g688,U_g688/Q,50.16,74.2,True,7497,3.8033347999999996,2.459234880000001,6.770469,10.5738038,EXTRACTED
g689,U_g689/Q,91.2,70.0,True,6930,2.8332782000000005,2.9193210389999993,4.511799,7.3450772,EXTRACTED
g69,U_g69/Q,21.47,77.0,True,6597,1.05853838,1.8759970687999998,7.709863,8.76840138,EXTRACTED
g690,U_g690/Q,53.58,54.6,True,7034,6.7866655300000005,7.551837401000001,17.913291,24.69995653,EXTRACTED
g6907,U_g6907/ZN,15.77,54.6,False,7274,0.11207740000000001,0.10480363999999999,0.918145,1.0302224,EXTRACTED
g6908,U_g6908/ZN,18.24,54.6,False,3560,0.1475772,0.18665785000000001,0.946814,1.0943912,EXTRACTED
g691,U_g691/Q,44.46,57.4,True,7024,7.998239660000001,9.947703322599997,19.435382999999998,27.433622659999997,EXTRACTED
g6911,U_g6911/ZN,45.79,50.4,False,10736,0.72998824,0.54069994,1.888753,2.61874124,EXTRACTED
g6916,U_g6916/ZN,54.34,51.8,False,10775,0.14043686,0.0,1.888753,2.02918986,EXTRACTED
g6917,U_g6917/ZN,50.16,57.4,False,10736,0.33569561000000003,0.39128598400000014,1.8927749999999999,2.22847061,EXTRACTED
g692,U_g692/Q,61.56,68.6,True,7131,8.28486319,6.279706348000005,16.213061,24.49792419,EXTRACTED
g6920,U_g6920/ZN,55.48,53.2,False,10775,0.20218367,0.025117350000000004,1.8927749999999999,2.09495867,EXTRACTED
g6921,U_g6921/ZN,21.28,54.6,False,4078,0.0804354,0.013244379999999998,1.119679,1.2001144000000001,EXTRACTED
g6923,U_g6923/ZN,48.26,53.2,False,10736,0.0712826,0.09357012,0.941939,1.0132216,EXTRACTED
g6924,U_g6924/ZN,55.86,56.0,False,10775,0.061845800000000006,0.0199808,0.941939,1.0037848,EXTRACTED
g6926,U_g6926/ZN,49.4,53.2,False,10714,0.36263799999999996,0.109208549,1.664199,2.026837,EXTRACTED
g6927,U_g6927/ZN,56.24,57.4,False,10761,0.0235098,0.03103749,1.664199,1.6877088,EXTRACTED
g6928,U_g6928/ZN,50.92,57.4,False,4646,0.29660400000000003,0.536115,0.941939,1.238543,EXTRACTED
g6929,U_g6929/ZN,57.0,57.4,False,4643,0.13753680000000001,0.06229793,0.941939,1.0794758,EXTRACTED
g693,U_g693/Q,49.4,70.0,True,6870,8.804682,7.5612790500000004,15.294916,24.099598,EXTRACTED
g6930,U_g6930/ZN,46.55,58.8,False,707,0.6455757,0.5233722899999999,0.918145,1.5637207,EXTRACTED
g6931,U_g6931/ZN,57.19,58.8,False,688,0.0752562,0.10279578099999999,0.918145,0.9934012,EXTRACTED
g6934,U_g6934/ZN,56.43,58.8,False,432,0.7833920000000001,0.423380511,0.941939,1.7253310000000002,EXTRACTED
g6935,U_g6935/ZN,54.15,63.0,False,445,0.460514,0.61935284,0.941939,1.402453,EXTRACTED
g6936,U_g6936/ZN,48.64,58.8,False,3501,0.101077,0.08329992000000001,1.119679,1.2207560000000002,EXTRACTED
g6937,U_g6937/ZN,50.92,53.2,False,3857,0.8944099999999999,1.17015546,1.119679,2.0140890000000002,EXTRACTED
g694,U_g694/Q,51.3,64.4,True,7123,7.969292399999999,6.435323245700006,15.294916,23.2642084,EXTRACTED
g695,U_g695/Q,48.45,44.8,True,7074,6.3764449700000005,6.641057087000003,16.213061,22.58950597,EXTRACTED
g696,U_g696/Q,60.23,40.6,True,7220,6.7965405999999975,7.436762660000002,15.294916,22.091456599999997,EXTRACTED
g697,U_g697/Q,40.28,64.4,True,7130,5.990062420000001,5.773904595190001,20.015072,26.00513442,EXTRACTED
g698,U_g698/Q,92.15,74.2,True,6923,2.45103284,2.31410741,3.537169,5.98820184,EXTRACTED
g699,U_g699/Q,59.66,7.0,True,7308,6.3408274,0.6944466299,2.619024,8.9598514,EXTRACTED
g7,U_g7/Q,56.24,84.0,True,7418,2.17635159,2.0967462149999996,6.009633,8.18598459,EXTRACTED
g702,PORT/g702,53.855,103.37,False,0,0.33998,0.14604855,0.77983,1.11981,EXTRACTED
g705,PORT/g705,103.37,77.35,False,0,0.1260976,0.061017738,0.974659,1.1007566,EXTRACTED
g710,U_g710/ZN,43.51,84.0,True,7496,0.9605763,1.101785672,5.090839,6.0514153,EXTRACTED
g714,U_g714/ZN,33.82,89.6,True,7422,0.039982199999999996,0.036011428,0.918145,0.9581272,EXTRACTED
g715,U_g715/ZN,32.49,92.4,True,7463,0.556898,0.03569941,0.918145,1.4750429999999999,EXTRACTED
g74,U_g74/Q,13.87,67.2,True,6761,1.6269490199999999,1.3343224570000005,7.709863,9.33681202,EXTRACTED
g79,U_g79/Q,28.88,75.6,True,7223,3.1649019000000003,2.6637717520000006,7.709863,10.8747649,EXTRACTED
g830,U_g830/ZN,11.4,44.8,True,6809,1.5907956,1.094183367,5.090839,6.6816346,EXTRACTED
g834,U_g834/ZN,11.02,42.0,True,6845,0.33786,0.422936408,0.918145,1.256005,EXTRACTED
g835,U_g835/ZN,11.59,40.6,True,6673,0.1142838,0.043909390000000006,0.918145,1.0324288,EXTRACTED
g836,U_g836/ZN,10.83,35.0,True,6752,0.47477199999999997,0.213758468,0.918145,1.392917,EXTRACTED
g837,U_g837/ZN,9.12,37.8,True,6756,0.23164200000000001,0.26000300000000004,0.918145,1.149787,EXTRACTED
g838,U_g838/ZN,99.18,43.4,False,0,0.451612,0.20695978499999998,1.70023,2.151842,EXTRACTED
g84,U_g84/Q,19.76,70.0,True,6737,2.8834775,2.2107204229999993,7.709863,10.5933405,EXTRACTED
g850,U_g850/ZN,86.26,77.0,True,7162,0.8627480000000001,0.67104129,0.918145,1.780893,EXTRACTED
g857,U_g857/ZN,83.6,98.0,True,6911,0.215562,0.24600889299999998,0.97463,1.190192,EXTRACTED
g858,U_g858/ZN,3.99,61.6,False,0,0.1653718,0.30291501499999995,2.582344,2.7477158,EXTRACTED
g861,U_g861/ZN,77.9,96.6,True,7154,0.0463788,0.02263063,0.97463,1.0210088,EXTRACTED
g862,U_g862/ZN,5.7,61.6,False,0,0.2510496,0.257121298,3.211511,3.4625605999999998,EXTRACTED
g865,U_g865/ZN,79.42,98.0,True,7178,0.108354,0.05647512,0.97463,1.082984,EXTRACTED
g866,U_g866/ZN,3.8,57.4,False,0,0.90823907,0.9460229679999997,7.449372,8.35761107,EXTRACTED
g872,U_g872/ZN,72.2,98.0,True,7250,0.49565839999999994,0.31301247,1.83629,2.3319484,EXTRACTED
g873,U_g873/ZN,4.37,57.4,False,0,0.6519022,0.8970708250000001,6.534833,7.1867352,EXTRACTED
g889,U_g889/ZN,3.99,58.8,False,0,0.34960271,0.46326058600000003,4.303028,4.65263071,EXTRACTED
g89,PORT/g89,47.135,103.37,False,0,0.37992400000000004,0.20569281200000006,0.974659,1.354583,EXTRACTED
g893,U_g893/ZN,8.17,1.4,False,0,0.1086766,0.025516699999999996,1.70023,1.8089065999999998,EXTRACTED
g895,U_g895/ZN,35.15,95.2,True,7431,0.01630032,0.00176665,0.918145,0.93444532,EXTRACTED
g898,U_g898/ZN,64.6,4.2,False,0,0.31203159999999996,0.121158542,2.48006,2.7920916,EXTRACTED
g901,U_g901/ZN,3.23,58.8,False,0,0.45719579999999993,0.53765575,4.1250800000000005,4.582275800000001,EXTRACTED
g905,U_g905/ZN,5.51,58.8,False,0,0.2564737,0.205556773,2.615201,2.8716747,EXTRACTED
g913,U_g913/ZN,86.45,67.2,True,7042,6.014871300000001,4.442214594000002,14.685134999999999,20.7000063,EXTRACTED
g918,U_g918/ZN,31.54,85.4,False,2365,0.39082439999999996,0.34117063699999994,4.172694,4.5635183999999995,EXTRACTED
g921,U_g921/ZN,39.9,93.8,True,7449,0.66481,0.685933806,0.97463,1.63944,EXTRACTED
g923,U_g923/ZN,10.26,56.0,True,6728,0.467264,0.44472170999999994,3.568848,4.036112,EXTRACTED
g926,U_g926/ZN,64.98,58.8,False,8060,0.204176,0.22183817100000003,1.763571,1.967747,EXTRACTED
g928,U_g928/ZN,69.16,43.4,False,8250,0.1867534,0.19762419999999997,1.616298,1.8030514,EXTRACTED
g929,U_g929/ZN,8.93,81.2,True,6724,0.6564445999999999,0.353194,0.97463,1.6310745999999998,EXTRACTED
g930,U_g930/ZN,67.64,37.8,False,8139,0.5585736,0.422162029,1.663842,2.2224156,EXTRACTED
g931,U_g931/ZN,6.08,81.2,True,6671,0.1037952,0.04493397999999999,0.97463,1.0784252,EXTRACTED
g932,U_g932/ZN,68.02,49.0,True,7406,1.1736383,1.14091379,4.432145,5.605783300000001,EXTRACTED
g937,U_g937/ZN,66.88,43.4,False,8356,0.08965039999999999,0.02595409,1.763571,1.8532214,EXTRACTED
g938,U_g938/ZN,3.8,79.8,True,7462,0.4819077,1.0502599099999999,0.97463,1.4565377,EXTRACTED
g939,U_g939/ZN,66.5,57.4,False,11586,0.316298,0.36332726897,1.616298,1.932596,EXTRACTED
g94,PORT/g94,44.335,103.37,False,0,0.14876940000000002,0.06730164,0.974659,1.1234284,EXTRACTED
g940,U_g940/ZN,6.46,77.0,True,6637,0.0796416,0.09073215199999998,0.97463,1.0542716,EXTRACTED
g941,U_g941/ZN,63.84,53.2,False,12979,0.240286,0.23357689499999998,1.663842,1.904128,EXTRACTED
g942,U_g942/ZN,7.03,74.2,True,6597,0.5455129,0.39965126160000003,0.97463,1.5201429,EXTRACTED
g943,U_g943/ZN,25.08,37.8,True,7395,0.12216199999999999,0.053373170000000004,1.651345,1.773507,EXTRACTED
g944,U_g944/ZN,66.88,51.8,False,9453,0.0559554,0.05025935,1.763571,1.8195264,EXTRACTED
g945,U_g945/ZN,52.44,39.2,True,7198,0.44491,0.64805568,0.927525,1.372435,EXTRACTED
g946,U_g946/ZN,5.51,84.0,True,6694,0.6265605000000001,0.517997431,1.83629,2.4628505,EXTRACTED
g947,U_g947/ZN,2.85,71.4,True,6761,0.42308,0.529364408,0.97463,1.39771,EXTRACTED
g948,U_g948/ZN,65.74,58.8,False,9960,0.29211200000000004,0.26375357000000005,1.616298,1.90841,EXTRACTED
g949,U_g949/ZN,6.46,68.6,True,7223,0.27015999999999996,0.358861424,0.97463,1.24479,EXTRACTED
g950,U_g950/ZN,70.3,50.4,False,9692,0.5817737000000001,0.504023904,1.663842,2.2456157,EXTRACTED
g951,U_g951/ZN,2.85,68.6,True,6737,0.376212,0.36400140999999997,0.97463,1.350842,EXTRACTED
g964,U_g964/ZN,2.47,51.8,True,6785,0.8549433499999999,0.830080311,0.918145,1.7730883499999999,EXTRACTED
g98,PORT/g98,44.895,103.37,False,0,0.12761940000000002,0.077544287,0.974659,1.1022784,EXTRACTED
net1,input1/Z,45.98,100.8,False,0,0.7184735999999999,0.7210938370000001,6.519519,7.2379926,EXTRACTED
net10,input10/Z,100.51,65.8,False,0,0.9211792,0.477388127,5.678124,6.5993032000000005,EXTRACTED
net100,hold101/Z,58.52,99.4,False,0,0.216176,0.18775893,0.77983,0.9960060000000001,EXTRACTED
net101,hold102/Z,54.15,93.8,False,0,0.9110859999999998,0.25020112,1.119679,2.0307649999999997,EXTRACTED
net102,hold103/Z,101.08,74.2,False,0,0.0692656,0.011634390000000001,0.77983,0.8490956000000001,EXTRACTED
net103,hold104/Z,98.23,74.2,False,0,0.12809559999999998,0.171349,1.119679,1.2477746,EXTRACTED
net104,hold105/Z,101.65,64.4,False,0,0.10796979999999999,0.10951632,0.77983,0.8877998,EXTRACTED
net105,hold106/Z,101.08,64.4,False,0,0.157972,0.159197025,1.119679,1.277651,EXTRACTED
net106,hold107/Z,101.27,72.8,False,0,0.0546224,0.137827468,0.77983,0.8344524,EXTRACTED
net107,hold108/Z,97.28,71.4,False,0,0.191133,0.08473934100000001,1.119679,1.310812,EXTRACTED
net108,hold109/Z,2.47,44.8,False,0,0.1015374,0.24887539000000003,0.77983,0.8813674,EXTRACTED
net109,hold110/Z,14.63,50.4,False,0,1.20297397,0.777921543,2.239358,3.44233197,EXTRACTED
net11,input11/Z,100.32,71.4,False,0,0.7878650100000001,0.797185258,5.743291,6.53115601,EXTRACTED
net110,hold111/Z,1.33,43.4,False,0,0.1318216,0.022521954,0.77983,0.9116516,EXTRACTED
net111,hold112/Z,1.52,46.2,False,0,0.0913232,0.068406105,0.974659,1.0659822,EXTRACTED
net112,hold113/Z,101.65,71.4,False,0,0.09060119999999999,0.04748485,0.974659,1.0652602,EXTRACTED
net113,hold114/Z,94.24,79.8,False,0,0.944368,0.444710192,1.119679,2.064047,EXTRACTED
net114,hold115/Z,55.48,100.8,True,6614,0.24409,0.05869408000000001,0.974659,1.218749,EXTRACTED
net115,hold116/Z,34.01,82.6,True,6614,3.052581,0.287534121,0.918794,3.971375,EXTRACTED
net116,hold117/Z,55.48,99.4,False,0,0.1079262,0.08178326999999999,0.974659,1.0825852,EXTRACTED
net117,hold118/Z,57.95,89.6,False,0,0.8092140000000001,0.686447728,1.119679,1.9288930000000002,EXTRACTED
net118,hold119/Z,56.24,98.0,False,0,0.250854,0.22545531000000002,0.974659,1.225513,EXTRACTED
net119,hold120/Z,55.67,88.2,False,0,0.9989079999999999,0.373580765,1.119679,2.1185869999999998,EXTRACTED
net12,input12/Z,54.91,100.8,False,0,1.6926356999999999,1.4709314900000003,5.678124,7.370759700000001,EXTRACTED
net120,hold121/Z,65.93,1.4,False,0,0.042320800000000006,0.11059355,0.974659,1.0169798,EXTRACTED
net121,hold122/Z,66.12,2.8,False,0,0.14289819999999998,0.11849748,1.70023,1.8431281999999998,EXTRACTED
net122,hold123/Z,64.22,5.6,False,0,0.10419020000000001,0.0577487,1.119679,1.2238692000000002,EXTRACTED
net123,hold124/Z,99.94,58.8,False,0,0.01416998,0.0038845599999999996,0.974659,0.9888289800000001,EXTRACTED
net124,hold125/Z,88.54,65.8,False,0,3.4517347000000003,1.767931788,3.012454,6.4641887,EXTRACTED
net125,hold126/Z,99.37,58.8,False,0,0.01742614,0.0,0.77983,0.79725614,EXTRACTED
net126,hold127/Z,1.9,58.8,False,0,0.060754,0.0705466,0.974659,1.0354130000000001,EXTRACTED
net127,hold128/Z,2.09,63.0,False,0,0.1647452,0.1650153,0.918145,1.0828902,EXTRACTED
net128,hold129/Z,26.03,64.4,False,0,1.0184217,1.9113554099999999,1.119679,2.1381007,EXTRACTED
net129,hold130/Z,100.13,18.2,False,0,0.216532,0.0421999,1.421162,1.637694,EXTRACTED
net13,input13/Z,54.34,100.8,False,0,1.366261,0.7704949140000001,5.743291,7.109552,EXTRACTED
net130,hold131/Z,101.27,68.6,False,0,0.218102,0.12696284,0.974659,1.192761,EXTRACTED
net131,hold132/Z,99.94,63.0,False,0,0.1451352,0.4162747,0.974659,1.1197942,EXTRACTED
net132,hold133/Z,50.35,95.2,False,0,0.639008,0.388272756,0.974659,1.613667,EXTRACTED
net133,hold134/Z,45.6,1.4,False,0,0.01742614,0.0,0.974659,0.99208514,EXTRACTED
net134,hold135/Z,41.04,100.8,False,0,0.08249580000000001,0.15331311800000003,0.77983,0.8623258,EXTRACTED
net135,hold136/Z,41.61,100.8,False,0,0.132864,0.0,0.974659,1.107523,EXTRACTED
net136,hold137/Z,100.89,75.6,False,0,0.0719254,0.04523787,0.77983,0.8517554,EXTRACTED
net137,hold138/Z,101.46,75.6,False,0,0.1696302,0.061008919999999994,0.974659,1.1442892,EXTRACTED
net138,hold139/Z,56.05,99.4,False,0,0.1355566,0.09260419,0.77983,0.9153866,EXTRACTED
net139,hold140/Z,60.8,100.8,False,0,0.01742614,0.0,0.974659,0.99208514,EXTRACTED
net14,input14/Z,98.99,71.4,False,0,1.0389151699999999,0.28999010999999997,5.678124,6.7170391700000005,EXTRACTED
net140,hold141/Z,101.65,63.0,False,0,0.0700686,0.08791844,0.77983,0.8498986000000001,EXTRACTED
net141,hold142/Z,101.08,65.8,False,0,0.0424116,0.12930755,0.974659,1.0170706,EXTRACTED
net142,hold143/Z,99.94,72.8,False,0,0.0705498,0.07585528999999999,0.77983,0.8503798,EXTRACTED
net143,hold144/Z,100.51,72.8,False,0,0.1745162,0.06084443,0.974659,1.1491752000000002,EXTRACTED
net144,hold145/Z,56.81,98.0,True,6614,0.289088,0.15203218000000002,0.77983,1.068918,EXTRACTED
net145,hold146/Z,101.65,74.2,False,0,0.19084700000000002,0.05397551,0.77983,0.970677,EXTRACTED
net146,hold147/Z,57.95,99.4,False,0,0.1895888,0.212985802,0.77983,0.9694188,EXTRACTED
net147,hold148/Z,54.91,99.4,False,0,0.01742614,0.0,0.77983,0.79725614,EXTRACTED
net15,input15/Z,100.32,74.2,False,0,0.39243530000000004,0.11104500999999997,5.743291,6.1357263,EXTRACTED
net16,input16/Z,96.52,63.0,False,0,1.78653253,1.013843457,5.232447,7.018979529999999,EXTRACTED
net17,input17/Z,1.33,44.8,False,0,1.31450833,0.45757323499999997,2.48006,3.7945683299999997,EXTRACTED
net18,input18/Z,18.62,1.4,False,0,0.01742614,0.0,1.70023,1.7176561399999999,EXTRACTED
net19,input19/Z,100.51,58.8,False,0,1.0486632,0.9231020549999998,2.48006,3.5287232,EXTRACTED
net2,input2/Z,47.5,100.8,False,0,0.4610086,0.41856287300000006,4.963461,5.4244696,EXTRACTED
net20,input20/Z,40.47,100.8,False,0,0.2985476,0.23142752800000002,2.48006,2.7786076,EXTRACTED
net21,input21/Z,65.36,1.4,False,0,0.1133358,0.0032986359999999998,0.77983,0.8931658,EXTRACTED
net22,input22/Z,46.17,1.4,False,0,0.579196,0.12836663,0.918145,1.497341,EXTRACTED
net23,input23/Z,56.62,1.4,False,0,0.5229323,0.43854997399999995,0.918145,1.4410773,EXTRACTED
net24,input24/Z,49.02,2.8,False,0,0.5437523,0.35291779,0.918145,1.4618973,EXTRACTED
net25,input25/Z,52.44,1.4,False,0,0.251224,0.07199636,0.918145,1.169369,EXTRACTED
net26,input26/Z,45.79,2.8,False,0,0.6264399,0.07783337800000001,0.918145,1.5445849,EXTRACTED
net27,input27/Z,55.48,1.4,False,0,0.431516,0.38657865999999996,0.918145,1.349661,EXTRACTED
net28,input28/Z,60.04,1.4,False,0,0.1930954,0.0037951799999999996,0.918145,1.1112404,EXTRACTED
net29,input29/Z,101.65,51.8,False,0,2.41295845,1.67866702,2.618375,5.03133345,EXTRACTED
net3,input3/Z,98.99,67.2,False,0,1.5025766999999999,1.40099203097,5.909812,7.412388699999999,EXTRACTED
net30,input30/Z,66.5,1.4,False,0,2.7473006,0.863061029,2.674889,5.422189599999999,EXTRACTED
net31,input31/Z,50.73,86.8,False,0,10.792742410000002,7.315273973000001,12.136099,22.928841410000004,EXTRACTED
net32,input32/Z,61.37,100.8,False,0,1.8888379,0.9918536679999999,2.48006,4.3688979,EXTRACTED
net33,input33/Z,101.46,77.0,False,0,0.1030734,0.13911415600000002,1.70023,1.8033034,EXTRACTED
net34,input34/Z,47.5,96.6,False,0,0.45776337,0.404635469,5.867784,6.325547370000001,EXTRACTED
net35,input35/Z,44.46,100.8,False,0,0.7721764,0.5968893619999999,4.963461,5.7356374,EXTRACTED
net36,input36/Z,45.03,100.8,False,0,1.0809811,1.6074784911,4.954715,6.0356961,EXTRACTED
net37,input37/Z,96.9,18.2,False,0,13.067901219999998,11.069884422489997,64.632239,77.70014022,EXTRACTED
net38,input38/Z,51.87,100.8,True,6614,2.960318,0.116918392,0.77983,3.740148,EXTRACTED
net39,U_g1290/ZN,38.19,99.4,True,7427,0.12476119999999999,0.014962300000000001,0.974659,1.0994202,EXTRACTED
net4,input4/Z,8.55,1.4,False,0,0.0612754,0.025516699999999996,1.70023,1.7615053999999999,EXTRACTED
net40,U_g1293/ZN,63.27,91.0,True,7308,0.38236200000000004,0.45277218897,0.974659,1.357021,EXTRACTED
net41,U_g2584/ZN,43.51,99.4,False,0,0.01742614,0.0,0.974659,0.99208514,EXTRACTED
net42,U_g3222/ZN,101.84,84.0,False,0,0.403176,0.33352358,0.974659,1.3778350000000001,EXTRACTED
net43,U_g3600/ZN,91.77,67.2,True,7426,0.453998,0.640335875,0.974659,1.428657,EXTRACTED
net44,U_g4098/ZN,9.88,1.4,False,0,0.658714,0.028109699999999998,0.974659,1.6333730000000002,EXTRACTED
net45,U_g4099/ZN,100.7,70.0,False,0,0.07840420000000001,0.000716188,0.974659,1.0530632,EXTRACTED
net46,U_g4100/ZN,101.84,72.8,False,0,0.240392,0.044945488,0.974659,1.215051,EXTRACTED
net47,U_g4101/ZN,59.09,99.4,False,0,0.1200236,0.11753768,0.974659,1.0946826,EXTRACTED
net48,U_g4102/ZN,54.53,99.4,False,0,0.0764886,0.26043169400000005,0.974659,1.0511476,EXTRACTED
net49,U_g4103/ZN,98.04,64.4,False,0,0.1361142,0.31308022,0.974659,1.1107732000000001,EXTRACTED
net5,input5/Z,1.33,58.8,False,0,0.6603245,0.6204329190000001,5.729469,6.3897935,EXTRACTED
net50,U_g4104/ZN,99.56,68.6,False,0,0.0500614,0.03828153,0.974659,1.0247204,EXTRACTED
net51,U_g4105/ZN,100.51,75.6,False,0,0.315894,0.08150109,0.974659,1.290553,EXTRACTED
net52,U_g4106/ZN,3.04,44.8,False,0,0.0950544,0.09437837,0.974659,1.0697134000000001,EXTRACTED
net53,U_g4107/ZN,14.06,1.4,False,0,0.280782,0.35857035000000004,0.974659,1.255441,EXTRACTED
net54,U_g4108/ZN,96.71,60.2,False,0,0.28382,0.29636641,0.974659,1.2584790000000001,EXTRACTED
net55,U_g4109/ZN,41.8,99.4,False,0,0.1919488,0.022418966,0.974659,1.1666078,EXTRACTED
net56,U_g4110/ZN,97.66,64.4,False,0,0.341574,0.17534372,0.974659,1.316233,EXTRACTED
net57,U_g4112/ZN,66.69,2.8,False,0,0.216572,0.353365288,0.974659,1.1912310000000002,EXTRACTED
net58,U_g4121/ZN,96.33,79.8,False,2474,0.326602,0.009886,0.974659,1.301261,EXTRACTED
net59,U_g4307/ZN,63.46,1.4,True,7205,0.01742614,0.0,0.974659,0.99208514,EXTRACTED
net6,input6/Z,3.99,50.4,False,0,0.8423365,0.20640466,4.963461,5.8057975,EXTRACTED
net60,U_g4321/ZN,36.48,99.4,True,7382,0.0419582,0.00592728,0.974659,1.0166172,EXTRACTED
net61,U_g4422/ZN,101.27,37.8,False,0,0.483742,0.5814986,0.974659,1.458401,EXTRACTED
net62,U_g4809/ZN,1.9,37.8,False,10537,0.0790878,0.0,0.974659,1.0537468,EXTRACTED
net63,U_g5137/ZN,98.42,64.4,True,7426,0.1294698,0.030385105,0.974659,1.1041288,EXTRACTED
net64,U_g5468/ZN,63.08,1.4,True,7205,0.29299000000000003,0.17635689999999998,0.974659,1.267649,EXTRACTED
net65,U_g5469/ZN,35.72,99.4,True,7382,0.12648299999999998,0.062498200000000004,0.974659,1.101142,EXTRACTED
net66,U_g5692/ZN,2.28,36.4,False,0,0.54419,0.01096871,0.974659,1.518849,EXTRACTED
net67,U_g6282/ZN,101.27,63.0,False,1362,0.245848,0.260452825,0.974659,1.220507,EXTRACTED
net68,U_g6284/ZN,81.32,98.0,False,729,0.314438,0.415407766,0.974659,1.289097,EXTRACTED
net69,U_g6360/ZN,64.79,99.4,False,804,0.392138,0.31395476999999994,0.974659,1.366797,EXTRACTED
net7,input7/Z,2.66,58.8,False,0,0.14044288,0.214086092,4.954715,5.09515788,EXTRACTED
net70,U_g6362/ZN,73.91,100.8,False,834,0.27655799999999997,0.5504637,0.974659,1.251217,EXTRACTED
net71,U_g6364/ZN,78.09,100.8,False,733,0.22313000000000002,0.38105153,0.974659,1.197789,EXTRACTED
net72,U_g6366/ZN,71.44,100.8,False,953,0.10161360000000001,0.009742745,0.974659,1.0762726,EXTRACTED
net73,U_g6368/ZN,65.74,89.6,False,730,0.7130977000000001,0.354062908,0.974659,1.6877567,EXTRACTED
net74,U_g6370/ZN,68.97,96.6,False,730,0.215978,0.05688721,0.974659,1.1906370000000002,EXTRACTED
net75,U_g6372/ZN,65.93,98.0,False,732,0.171215,0.03613481,0.974659,1.145874,EXTRACTED
net76,U_g6374/ZN,67.26,100.8,False,803,0.0301606,0.0,0.974659,1.0048196,EXTRACTED
net77,U_g6728/ZN,99.75,70.0,False,0,0.1333394,0.008745304,0.974659,1.1079984,EXTRACTED
net8,input8/Z,1.33,60.2,False,0,0.6780648,0.71589966097,6.519519,7.1975838,EXTRACTED
net88,place89/Z,77.52,61.6,False,1130,1.1494175800000002,1.5953018479999999,9.26894,10.41835758,EXTRACTED
net89,place90/Z,81.89,68.6,False,2850,3.35007852,3.4087484129999996,12.387675,15.73775352,EXTRACTED
net9,input9/Z,8.55,51.8,False,0,0.7959859,0.7183826939999998,4.963461,5.7594468999999995,EXTRACTED
net90,place91/Z,46.55,74.2,True,7439,9.1665095,6.734225507999998,16.447474,25.6139835,EXTRACTED
net91,place92/Z,57.19,5.6,False,0,11.17695728,8.985300429999999,56.69727,67.87422728,EXTRACTED
net92,place93/Z,66.5,49.0,False,0,5.350118519999999,4.698215447999999,32.128453,37.47857152,EXTRACTED
net93,place94/Z,29.07,71.4,False,0,6.078020690000001,4.068114472000001,35.908271,41.98629169,EXTRACTED
net94,place95/Z,34.77,82.6,False,0,4.42382607,2.56997338349,36.88293,41.30675607,EXTRACTED
net95,place96/Z,64.03,64.4,False,0,15.381759789999997,12.732744485000007,116.259108,131.64086779,EXTRACTED
net96,place97/Z,79.99,67.2,False,0,9.870951849999997,7.296561180970001,66.146815,76.01776685,EXTRACTED
net97,place98/Z,65.74,21.0,False,0,11.27838299,8.379367299000002,19.90805,31.18643299,EXTRACTED
net98,hold99/Z,43.32,100.8,False,0,0.1949174,0.05560242,0.77983,0.9747474,EXTRACTED
net99,hold100/Z,42.18,100.8,False,0,0.1698294,0.031834167999999996,1.119679,1.2895084,EXTRACTED
phase0c_scan_in_1,PORT/test_si_1,103.37,68.95,True,6870,3.674568,0.7725111659999999,0.918794,4.593362,EXTRACTED
test_se,PORT/test_se,103.37,18.55,False,0,0.23028400000000002,0.0114231,0.77983,1.010114,EXTRACTED
test_si,PORT/test_si,58.335,103.37,True,6614,0.319796,0.152023083,0.77983,1.099626,EXTRACTED
test_so,output67/Z,1.33,84.0,True,7456,2.3609804,0.005359879999999999,0,2.3609804,EXTRACTED
