net,source,x_um,y_um,scope_scan_data,transitions,ground_ff,incident_coupling_ff,pin_ff,ground_pin_ff,cap_status
FE_OFN0_g10950,FE_OFC0_g10950/ZN,83.41,40.6,False,444,0.5466782,0.64828591,1.70023,2.2469082,EXTRACTED
FE_OFN10_g10702,FE_OFC10_g10702/ZN,42.37,58.8,False,7455,0.54226594,1.06606781,4.62412,5.16638594,EXTRACTED
FE_OFN110_g3586,FE_OFC110_g3586/ZN,55.1,105.0,False,6487,0.1276208,0.23433422,1.70023,1.8278508,EXTRACTED
FE_OFN111_g3914,FE_OFC111_g3914/ZN,89.49,124.6,False,6487,0.8827387,1.4410698199999998,3.64949,4.5322287,EXTRACTED
FE_OFN113_g3914,FE_OFC113_g3914/ZN,80.18,121.8,False,6487,0.339316,0.39757271,1.70023,2.039546,EXTRACTED
FE_OFN131_g3015,FE_OFC131_g3015/ZN,111.91,84.0,False,6487,1.2951494000000001,1.2834387310000002,11.1975,12.4926494,EXTRACTED
FE_OFN134_g3863,FE_OFC134_g3863/ZN,132.62,65.8,False,9844,0.480878,0.29763766999999997,1.70023,2.181108,EXTRACTED
FE_OFN136_g3863,FE_OFC136_g3863/ZN,129.77,60.2,False,9844,1.9343451799999998,1.0535457439999998,6.57338,8.50772518,EXTRACTED
FE_OFN13_g10702,FE_OFC13_g10702/ZN,38.38,57.4,False,7455,5.7042178,4.5946323750000015,24.59329,30.297507799999998,EXTRACTED
FE_OFN141_g3829,FE_OFC141_g3829/ZN,139.46,95.2,False,9844,1.3364086,1.134333066,6.57338,7.909788600000001,EXTRACTED
FE_OFN142_g4682,FE_OFC142_g4682/ZN,103.36,46.2,False,22707,0.728005,1.18967115,1.70023,2.428235,EXTRACTED
FE_OFN144_g4682,FE_OFC144_g4682/ZN,97.28,56.0,False,22707,7.500679559999999,6.769888187,15.34505,22.84572956,EXTRACTED
FE_OFN153_g4640,FE_OFC153_g4640/ZN,115.9,75.6,False,22572,4.625779189999999,5.459827364000001,15.34505,19.97082919,EXTRACTED
FE_OFN15_g10702,FE_OFC15_g10702/ZN,46.74,57.4,False,7455,0.7679743,0.872222588,5.59875,6.3667243,EXTRACTED
FE_OFN161_g5361,FE_OFC161_g5361/ZN,70.3,42.0,False,23694,0.49773000000000006,0.50039206,1.70023,2.19796,EXTRACTED
FE_OFN164_g5361,FE_OFC164_g5361/ZN,65.36,46.2,False,23694,1.5649926,1.8686910314899996,4.62412,6.1891126,EXTRACTED
FE_OFN166_g5361,FE_OFC166_g5361/ZN,68.4,39.2,False,23694,8.56413302,7.941625414999998,15.34505,23.90918302,EXTRACTED
FE_OFN168_g5361,FE_OFC168_g5361/ZN,76.76,37.8,False,23694,0.10045209999999999,0.025741078,2.67486,2.7753121,EXTRACTED
FE_OFN17_g10702,FE_OFC17_g10702/ZN,46.36,60.2,False,7455,1.1842268,1.4813432180000001,5.59875,6.7829768,EXTRACTED
FE_OFN187_g7638,FE_OFC187_g7638/ZN,23.18,110.6,False,2970,0.27965,0.3738533799999999,2.67486,2.95451,EXTRACTED
FE_OFN189_g7638,FE_OFC189_g7638/ZN,22.8,112.0,False,2970,2.17432486,1.9104142129999997,9.49727,11.67159486,EXTRACTED
FE_OFN192_g6488,FE_OFC192_g6488/ZN,26.03,106.4,False,2004,0.7752637,0.59811852,2.647044,3.4223077,EXTRACTED
FE_OFN195_g6488,FE_OFC195_g6488/ZN,27.17,99.4,False,2004,1.037766,0.9263653999999998,2.642169,3.679935,EXTRACTED
FE_OFN196_g7697,FE_OFC196_g7697/ZN,35.72,103.6,False,944,0.39029389999999997,0.10096431,2.67486,3.0651539,EXTRACTED
FE_OFN198_g7697,FE_OFC198_g7697/ZN,37.81,100.8,False,944,1.52590056,1.96301244,11.1975,12.72340056,EXTRACTED
FE_OFN207_g6863,FE_OFC207_g6863/ZN,52.63,25.2,False,3030,1.4618759,1.5477579030000002,4.62412,6.0859958999999995,EXTRACTED
FE_OFN209_g6863,FE_OFC209_g6863/ZN,46.74,35.0,False,3030,1.8546956999999997,1.6894908210000001,5.59875,7.4534457,EXTRACTED
FE_OFN217_g5013,FE_OFC217_g5013/ZN,32.87,25.2,False,19733,1.1029885,0.9531081990000002,6.57338,7.676368500000001,EXTRACTED
FE_OFN227_g3880,FE_OFC227_g3880/ZN,119.32,78.4,False,21093,0.31040619999999997,0.7165519599999999,2.67486,2.9852662,EXTRACTED
FE_OFN229_g3880,FE_OFC229_g3880/ZN,118.94,78.4,False,21093,0.105103,0.06160595500000001,1.70023,1.8053329999999999,EXTRACTED
FE_OFN230_I5565,FE_OFC230_I5565/ZN,130.53,88.2,True,16659,0.0301606,0.0,1.70023,1.7303906,EXTRACTED
FE_OFN233_I5565,FE_OFC233_I5565/ZN,131.1,88.2,True,16659,0.049180800000000004,0.10522792000000002,1.70023,1.7494108,EXTRACTED
FE_OFN245_g1690,FE_OFC245_g1690/ZN,81.89,86.8,True,16781,7.458577169999999,6.257507881999996,9.3843,16.842877169999998,EXTRACTED
FE_OFN284_g3586,FE_OFC284_g3586/ZN,57.38,103.6,False,6487,0.01742614,0.0,1.70023,1.7176561399999999,EXTRACTED
FE_OFN287_g3586,FE_OFC287_g3586/ZN,57.76,103.6,False,6487,4.123285299999999,3.315952901,9.49727,13.6205553,EXTRACTED
FE_OFN294_g3914,FE_OFC294_g3914/ZN,86.45,120.4,False,6487,0.014858679999999999,0.00270833,1.70023,1.7150886799999998,EXTRACTED
FE_OFN296_g3914,FE_OFC296_g3914/ZN,86.83,120.4,False,6487,5.00089347,6.183563353000002,9.49727,14.498163470000001,EXTRACTED
FE_OFN312_g5117,FE_OFC312_g5117/ZN,102.6,56.0,False,22707,0.640128,0.7760375499999999,1.70023,2.340358,EXTRACTED
FE_OFN315_g5117,FE_OFC315_g5117/ZN,96.71,50.4,False,22707,8.78379414,7.351005179000006,12.67019,21.45398414,EXTRACTED
FE_OFN316_g5361,FE_OFC316_g5361/ZN,77.14,37.8,False,23694,0.25995,0.19580911999999998,1.70023,1.9601799999999998,EXTRACTED
FE_OFN318_g5361,FE_OFC318_g5361/ZN,75.24,40.6,False,23694,0.7528687999999999,1.5206976,1.70023,2.4530988,EXTRACTED
FE_OFN337_g4525,FE_OFC337_g4525/ZN,118.56,70.0,False,21093,0.6625,0.5274403149999999,1.70023,2.36273,EXTRACTED
FE_OFN339_g4525,FE_OFC339_g4525/ZN,114.95,77.0,False,21093,0.348446,0.44285922,1.70023,2.048676,EXTRACTED
FE_OFN340_I5565,FE_OFC340_I5565/ZN,132.43,88.2,True,16659,0.01630032,0.00176665,1.70023,1.71653032,EXTRACTED
FE_OFN343_I5565,FE_OFC343_I5565/ZN,132.81,88.2,True,16659,2.8094696,2.213272343,9.49727,12.3067396,EXTRACTED
FE_OFN354_g5361,FE_OFC354_g5361/ZN,86.07,47.6,False,23694,0.8739399999999999,0.7925412299999999,1.70023,2.5741699999999996,EXTRACTED
FE_OFN356_g5361,FE_OFC356_g5361/ZN,78.28,39.2,False,23694,6.00006434,5.729744157000001,8.77167,14.77173434,EXTRACTED
FE_OFN360_g4525,FE_OFC360_g4525/ZN,119.51,74.2,False,21093,0.4514878,0.488721836,1.70023,2.1517178,EXTRACTED
FE_OFN362_g4525,FE_OFC362_g4525/ZN,124.83,78.4,False,21093,0.41878,0.6533844419999999,1.70023,2.11901,EXTRACTED
FE_OFN368_g4525,FE_OFC368_g4525/ZN,117.61,77.0,False,21093,0.38520160000000003,0.41942387697,3.40046,3.7856616,EXTRACTED
FE_OFN369_g4525,FE_OFC369_g4525/ZN,116.85,71.4,False,21093,1.5774484199999999,1.0545053239699997,5.84778,7.42522842,EXTRACTED
FE_OFN370_g4525,FE_OFC370_g4525/ZN,116.28,75.6,False,21093,1.06943003,0.790771024,3.89852,4.96795003,EXTRACTED
FE_OFN3_g10950,FE_OFC3_g10950/ZN,76.95,44.8,False,444,4.10215887,2.749816516000001,10.4719,14.57405887,EXTRACTED
FE_OFN57_g9432,FE_OFC57_g9432/ZN,86.45,36.4,False,0,0.47526155000000003,0.70228964497,2.67486,3.1501215499999997,EXTRACTED
FE_OFN59_g9432,FE_OFC59_g9432/ZN,90.06,36.4,False,0,1.030844,1.415420784,7.54801,8.578854,EXTRACTED
FE_OFN79_g8700,FE_OFC79_g8700/ZN,125.02,15.4,False,0,1.8092270799999999,2.4788278950000002,5.48578,7.2950070799999995,EXTRACTED
FE_OFN81_g2176,FE_OFC81_g2176/ZN,11.97,134.4,False,0,0.6970433,0.27594362,5.10069,5.7977333,EXTRACTED
FE_OFN82_g2176,FE_OFC82_g2176/ZN,18.24,137.2,False,0,0.358156,0.32208612999999997,1.70023,2.058386,EXTRACTED
FE_OFN83_g2176,FE_OFC83_g2176/ZN,20.71,137.2,False,0,4.59933117,3.5226056209700003,39.78559,44.38492117,EXTRACTED
FE_OFN84_g2176,FE_OFC84_g2176/ZN,21.09,137.2,False,0,0.226498,0.48441647,1.70023,1.926728,EXTRACTED
I10507,U_I10507/ZN,82.46,5.6,False,22,0.1337425,0.09008615,3.328398,3.4621405,EXTRACTED
I10508,U_I10508/ZN,83.03,7.0,False,457,0.319102,0.19617848599999999,1.599032,1.918134,EXTRACTED
I10509,U_I10509/ZN,83.6,7.0,False,16894,0.318032,0.39511304300000005,1.664199,1.982231,EXTRACTED
I10519,U_I10519/ZN,93.67,63.0,False,75,0.16549380000000002,0.10784143199999999,3.328398,3.4938918,EXTRACTED
I10520,U_I10520/ZN,94.05,64.4,False,48,0.348718,0.44904479199999997,1.599032,1.94775,EXTRACTED
I10521,U_I10521/ZN,92.72,64.4,False,16786,0.35555,0.26792474,1.664199,2.019749,EXTRACTED
I10769,U_I10769/ZN,145.73,88.2,False,25,0.51442,0.35593366,3.328398,3.842818,EXTRACTED
I10770,U_I10770/ZN,141.17,84.0,False,37,0.090961,0.000843215,1.599032,1.689993,EXTRACTED
I10771,U_I10771/ZN,141.74,88.2,False,16856,0.22969599999999998,0.142867138,1.664199,1.8938949999999999,EXTRACTED
I10930,U_I10930/ZN,39.14,114.8,False,1938,0.1596924,0.43818015999999993,3.328398,3.4880904,EXTRACTED
I10931,U_I10931/ZN,39.71,114.8,False,3032,0.0913722,0.12631694000000002,1.599032,1.6904042,EXTRACTED
I10932,U_I10932/ZN,43.13,114.8,False,15531,0.087765,0.28332494,1.664199,1.751964,EXTRACTED
I11241,U_I11241/ZN,79.42,7.0,False,12,0.14315119999999998,0.05026936,3.328398,3.4715492,EXTRACTED
I11242,U_I11242/ZN,80.37,7.0,False,10,0.0409474,0.06263033000000001,1.599032,1.6399794,EXTRACTED
I11243,U_I11243/ZN,80.56,5.6,False,16858,0.063697,0.018528902,1.664199,1.7278959999999999,EXTRACTED
I11261,U_I11261/ZN,89.68,71.4,False,58,0.6960660000000001,0.569946768,3.328398,4.024464,EXTRACTED
I11262,U_I11262/ZN,90.63,64.4,False,17,0.1251038,0.023689679999999998,1.599032,1.7241358,EXTRACTED
I11263,U_I11263/ZN,91.39,60.2,False,16603,0.301548,0.4693056519999999,1.664199,1.965747,EXTRACTED
I11278,U_I11278/ZN,53.58,54.6,False,16631,0.6230536,0.9393123,3.328398,3.9514516,EXTRACTED
I11279,U_I11279/ZN,45.6,49.0,False,224,0.6608400000000001,0.59241261949,1.599032,2.259872,EXTRACTED
I11280,U_I11280/ZN,52.44,54.6,False,213,0.035216399999999995,0.01729676,1.664199,1.6994154,EXTRACTED
I11360,U_I11360/ZN,115.52,8.4,False,0,3.8248984,4.2775012629999996,16.048801,19.8736994,EXTRACTED
I11508,U_I11508/ZN,143.83,71.4,False,18,0.60010738,0.686748366,3.328398,3.92850538,EXTRACTED
I11509,U_I11509/ZN,141.36,78.4,False,7,0.10780719999999999,0.13313026,1.599032,1.7068392000000001,EXTRACTED
I11510,U_I11510/ZN,140.22,77.0,False,16283,0.033231000000000004,0.019434260000000002,1.664199,1.69743,EXTRACTED
I11907,U_I11907/ZN,131.86,92.4,False,6212,0.5066167,0.5647389799999999,3.328398,3.8350147,EXTRACTED
I11908,U_I11908/ZN,127.49,89.6,False,14056,0.0628094,0.00799101,1.599032,1.6618414,EXTRACTED
I11909,U_I11909/ZN,123.88,91.0,False,13920,0.235012,0.35116086199999996,1.664199,1.899211,EXTRACTED
I11914,U_I11914/ZN,108.87,113.4,False,8789,1.2573059999999998,0.61766036,3.328398,4.585704,EXTRACTED
I11915,U_I11915/ZN,115.33,107.8,False,13680,0.38954,0.39586137199999993,1.599032,1.988572,EXTRACTED
I11916,U_I11916/ZN,108.11,120.4,False,12937,0.742542,0.55482441,1.664199,2.4067410000000002,EXTRACTED
I11935,U_I11935/ZN,82.27,95.2,False,4336,0.1869629,0.07413237,3.328398,3.5153609,EXTRACTED
I11936,U_I11936/ZN,81.13,96.6,False,15206,0.0417232,0.02154689,1.599032,1.6407552,EXTRACTED
I11937,U_I11937/ZN,81.7,95.2,False,14222,0.1145138,0.175994818,1.664199,1.7787128,EXTRACTED
I11973,U_I11973/ZN,88.92,74.2,False,3159,1.357647,1.526459955,3.328398,4.686045,EXTRACTED
I11974,U_I11974/ZN,95.57,82.6,False,15396,0.243368,0.04439409799999999,1.599032,1.8424,EXTRACTED
I11975,U_I11975/ZN,104.31,85.4,False,14851,0.44813200000000003,0.58352792,1.664199,2.112331,EXTRACTED
I11980,U_I11980/ZN,100.7,88.2,False,5144,0.21251401999999997,0.254130605,3.328398,3.54091202,EXTRACTED
I11981,U_I11981/ZN,100.89,92.4,False,14870,0.345412,0.5357559130000001,1.599032,1.944444,EXTRACTED
I11982,U_I11982/ZN,101.46,92.4,False,14059,0.355152,0.37407394,1.664199,2.019351,EXTRACTED
I11995,U_I11995/ZN,62.7,95.2,False,8432,1.2672676,1.143075954,3.328398,4.5956656,EXTRACTED
I11996,U_I11996/ZN,70.49,100.8,False,13228,0.046010600000000006,0.00938926,1.599032,1.6450426,EXTRACTED
I11997,U_I11997/ZN,77.52,103.6,False,13141,0.6705182700000001,0.23932326900000003,1.664199,2.33471727,EXTRACTED
I12002,U_I12002/ZN,63.65,74.2,False,8496,0.6186683,0.43268461699999994,3.328398,3.9470663,EXTRACTED
I12003,U_I12003/ZN,61.56,70.0,False,13743,0.506613,0.634418748,1.599032,2.105645,EXTRACTED
I12004,U_I12004/ZN,65.93,75.6,False,13107,0.032407399999999996,0.020588707999999997,1.664199,1.6966064,EXTRACTED
I12019,U_I12019/ZN,59.47,65.8,False,8709,0.6809295,0.5223203799999999,3.328398,4.0093274999999995,EXTRACTED
I12020,U_I12020/ZN,53.39,71.4,False,13570,0.5848040000000001,0.289301378,1.599032,2.1838360000000003,EXTRACTED
I12021,U_I12021/ZN,58.33,65.8,False,13312,0.090392,0.044175988,1.664199,1.754591,EXTRACTED
I12038,U_I12038/ZN,112.86,95.2,False,7820,0.1711373,0.18501458599999998,3.328398,3.4995353,EXTRACTED
I12039,U_I12039/ZN,113.05,93.8,False,14133,0.1327722,0.039459720000000004,1.599032,1.7318042,EXTRACTED
I12040,U_I12040/ZN,111.72,95.2,False,13543,0.035870400000000004,0.01167377,1.664199,1.7000694,EXTRACTED
I12045,U_I12045/ZN,111.72,86.8,False,5144,0.0589356,0.16572557,3.328398,3.3873336,EXTRACTED
I12046,U_I12046/ZN,111.15,86.8,False,15086,0.201226,0.22112775699999998,1.599032,1.800258,EXTRACTED
I12047,U_I12047/ZN,110.58,86.8,False,13911,0.211364,0.27243079000000003,1.664199,1.875563,EXTRACTED
I12060,U_I12060/ZN,114.95,100.8,False,8621,0.43372199999999994,0.34185119,3.328398,3.76212,EXTRACTED
I12061,U_I12061/ZN,114.0,105.0,False,13407,0.64225,0.7059737150000001,1.599032,2.241282,EXTRACTED
I12062,U_I12062/ZN,117.04,105.0,False,13242,1.034956,0.316152114,1.664199,2.699155,EXTRACTED
I12067,U_I12067/ZN,76.38,74.2,False,8645,1.010354,0.7353515949999999,3.328398,4.3387519999999995,EXTRACTED
I12068,U_I12068/ZN,68.97,71.4,False,13106,0.06677419999999999,0.036356038,1.599032,1.6658062,EXTRACTED
I12069,U_I12069/ZN,74.86,64.4,False,13534,0.6080337,0.9180226849999998,1.664199,2.2722327,EXTRACTED
I12074,U_I12074/ZN,78.66,53.2,False,7038,1.283985,1.316044716,3.328398,4.6123829999999995,EXTRACTED
I12075,U_I12075/ZN,66.12,60.2,False,14008,0.0746698,0.0442938,1.599032,1.6737018,EXTRACTED
I12076,U_I12076/ZN,73.72,50.4,False,13776,1.011338,1.5528871639999997,1.664199,2.6755370000000003,EXTRACTED
I12085,U_I12085/ZN,105.26,86.8,False,8740,0.3930417,0.5610615080000001,3.328398,3.7214397,EXTRACTED
I12086,U_I12086/ZN,107.16,85.4,False,13155,0.0488922,0.012961002,1.599032,1.6479242,EXTRACTED
I12087,U_I12087/ZN,104.69,91.0,False,12421,0.393866,0.432430117,1.664199,2.058065,EXTRACTED
I12092,U_I12092/ZN,107.54,127.4,False,5162,0.03620182,0.1397687,3.328398,3.36459982,EXTRACTED
I12093,U_I12093/ZN,108.11,127.4,False,14826,0.13825379999999998,0.1458144,1.599032,1.7372858,EXTRACTED
I12094,U_I12094/ZN,106.97,127.4,False,13990,0.230196,0.009903200000000001,1.664199,1.894395,EXTRACTED
I12106,U_I12106/ZN,71.25,63.0,False,6932,1.2437374,1.8713287739999998,3.328398,4.5721354000000005,EXTRACTED
I12107,U_I12107/ZN,57.95,75.6,False,14345,0.6655899000000001,0.41087038800000003,1.599032,2.2646219,EXTRACTED
I12108,U_I12108/ZN,65.17,70.0,False,13799,0.060738600000000004,0.015175075,1.664199,1.7249376,EXTRACTED
I12113,U_I12113/ZN,60.04,81.2,False,7654,0.35172000000000003,0.4764700800000001,3.328398,3.6801180000000002,EXTRACTED
I12114,U_I12114/ZN,61.56,75.6,False,13925,0.30053799999999997,0.19744164,1.599032,1.89957,EXTRACTED
I12115,U_I12115/ZN,62.32,79.8,False,13642,0.0369966,0.01492742,1.664199,1.7011956,EXTRACTED
I12126,U_I12126/ZN,77.71,72.8,False,6572,0.1719866,0.11296840000000001,3.328398,3.5003846,EXTRACTED
I12127,U_I12127/ZN,79.04,71.4,False,13986,0.066429,0.00534685,1.599032,1.665461,EXTRACTED
I12128,U_I12128/ZN,78.47,72.8,False,13919,0.1386704,0.057140595,1.664199,1.8028694,EXTRACTED
I12136,U_I12136/ZN,77.71,68.6,False,6649,0.4287326,0.5376341069999999,3.328398,3.7571306,EXTRACTED
I12137,U_I12137/ZN,81.89,71.4,False,13537,0.524798,0.8023160999999999,1.599032,2.12383,EXTRACTED
I12138,U_I12138/ZN,81.13,67.2,False,14347,0.485518,1.03769709,1.664199,2.149717,EXTRACTED
I12143,U_I12143/ZN,70.11,86.8,False,9754,0.8027199999999999,0.386236771,3.328398,4.131118,EXTRACTED
I12144,U_I12144/ZN,69.92,91.0,False,13150,0.801716,0.606648035,1.599032,2.400748,EXTRACTED
I12145,U_I12145/ZN,76.95,85.4,False,12968,0.1008782,0.038523547600000006,1.664199,1.7650772,EXTRACTED
I12214,U_I12214/ZN,84.17,9.8,False,7,0.1818716,0.15253398999999998,3.328398,3.5102696,EXTRACTED
I12215,U_I12215/ZN,84.55,12.6,False,5,0.0623494,0.06770499,1.599032,1.6613814,EXTRACTED
I12216,U_I12216/ZN,83.98,12.6,False,16892,0.093874,0.024492279999999998,1.664199,1.758073,EXTRACTED
I13076,U_I13076/ZN,30.97,35.0,False,16223,0.2458819,0.92571566,3.328398,3.5742799,EXTRACTED
I13077,U_I13077/ZN,32.68,35.0,False,1220,0.051098399999999995,0.012884821999999999,1.599032,1.6501304,EXTRACTED
I13078,U_I13078/ZN,38.95,35.0,False,17414,0.340086,0.54221687,1.664199,2.004285,EXTRACTED
I13089,U_I13089/ZN,45.6,26.6,False,1176,0.1740769,0.24792854,3.328398,3.5024749,EXTRACTED
I13090,U_I13090/ZN,46.17,26.6,False,581,0.0653086,0.14402297799999997,1.599032,1.6643406,EXTRACTED
I13091,U_I13091/ZN,47.69,28.0,False,16339,0.1154876,0.025638025,1.664199,1.7796866,EXTRACTED
I13248,U_I13248/ZN,40.09,25.2,False,10624,1.1315223,1.2284524419999998,3.328398,4.4599203,EXTRACTED
I13249,U_I13249/ZN,35.72,37.8,False,13007,0.27337599999999995,0.11416641,1.599032,1.872408,EXTRACTED
I13250,U_I13250/ZN,33.63,30.8,False,24576,0.39956200000000003,0.5497130499999999,1.664199,2.063761,EXTRACTED
I13258,U_I13258/ZN,27.17,25.2,False,7419,0.65763397,0.3305582830000001,3.328398,3.98603197,EXTRACTED
I13259,U_I13259/ZN,23.18,32.2,False,13393,0.442276,0.7820815300000001,1.599032,2.041308,EXTRACTED
I13260,U_I13260/ZN,24.32,32.2,False,19239,0.501274,0.244575266,1.664199,2.165473,EXTRACTED
I13265,U_I13265/ZN,20.52,32.2,False,4552,0.170134,0.123304654,3.328398,3.498532,EXTRACTED
I13266,U_I13266/ZN,20.33,35.0,False,14811,0.1018778,0.03497032,1.599032,1.7009098,EXTRACTED
I13267,U_I13267/ZN,21.09,32.2,False,16295,0.1595286,0.067678712,1.664199,1.8237276,EXTRACTED
I13272,U_I13272/ZN,29.26,28.0,False,5276,0.41654599999999997,0.485133862,3.328398,3.744944,EXTRACTED
I13273,U_I13273/ZN,28.12,30.8,False,15119,0.0444856,0.01246123,1.599032,1.6435176,EXTRACTED
I13274,U_I13274/ZN,25.46,29.4,False,13044,0.1550602,0.174817171,1.664199,1.8192592,EXTRACTED
I13283,U_I13283/ZN,29.07,33.6,False,2183,0.6830081000000001,0.6224114630000002,3.328398,4.0114061,EXTRACTED
I13284,U_I13284/ZN,21.28,28.0,False,15019,0.6102358999999999,0.49015588300000007,1.599032,2.2092679,EXTRACTED
I13285,U_I13285/ZN,27.93,33.6,False,11575,0.0460572,0.16188560000000002,1.664199,1.7102562,EXTRACTED
I13293,U_I13293/ZN,23.18,29.4,False,15297,0.2762003,0.11114428800000001,3.328398,3.6045983,EXTRACTED
I13294,U_I13294/ZN,25.46,30.8,False,4781,0.473652,0.47468293,1.599032,2.072684,EXTRACTED
I13295,U_I13295/ZN,22.61,29.4,False,30097,0.406124,0.38295650000000003,1.664199,2.070323,EXTRACTED
I13300,U_I13300/ZN,36.1,32.2,False,3312,0.7892222,0.47258638712000006,3.328398,4.1176202,EXTRACTED
I13301,U_I13301/ZN,37.62,32.2,False,15966,0.0534672,0.012632116,1.599032,1.6524992,EXTRACTED
I13302,U_I13302/ZN,44.08,37.8,False,9170,0.58355,0.8618955070000001,1.664199,2.2477489999999998,EXTRACTED
I13307,U_I13307/ZN,37.24,105.0,False,298,0.5558141,0.5827389500000001,3.328398,3.8842121,EXTRACTED
I13308,U_I13308/ZN,36.86,106.4,False,274,0.09680079999999999,0.1748753,1.599032,1.6958328,EXTRACTED
I13309,U_I13309/ZN,45.03,107.8,False,16530,0.427956,0.245294712,1.664199,2.092155,EXTRACTED
I13323,U_I13323/ZN,34.39,137.2,False,7975,0.29046,0.09318496400000001,1.70023,1.9906899999999998,EXTRACTED
I13332,U_I13332/ZN,33.06,141.4,False,8113,0.38495599999999996,0.35269656000000005,1.70023,2.0851859999999998,EXTRACTED
I13338,U_I13338/ZN,22.04,141.4,False,8108,0.211964,0.25655183,1.70023,1.912194,EXTRACTED
I13351,U_I13351/ZN,18.24,135.8,False,8094,0.7334719999999999,0.22788652600000003,1.70023,2.433702,EXTRACTED
I13364,U_I13364/ZN,22.99,141.4,False,7968,0.1507584,0.05945969,1.70023,1.8509883999999999,EXTRACTED
I13373,U_I13373/ZN,31.73,135.8,False,8106,0.224666,0.19881833999999998,1.70023,1.924896,EXTRACTED
I13385,U_I13385/ZN,29.64,140.0,False,8112,0.30605600000000005,0.352274435,1.70023,2.006286,EXTRACTED
I13400,U_I13400/ZN,32.11,144.2,False,7972,0.234464,0.226627746,1.70023,1.934694,EXTRACTED
I13421,U_I13421/ZN,36.67,144.2,False,8110,0.01991644,0.09691639999999999,1.70023,1.72014644,EXTRACTED
I13427,U_I13427/ZN,15.39,140.0,False,8091,0.34243,0.0975958,1.70023,2.0426599999999997,EXTRACTED
I13436,U_I13436/ZN,23.37,141.4,False,8090,0.20542,0.10671753,1.70023,1.9056499999999998,EXTRACTED
I13504,U_I13504/ZN,18.62,89.6,False,7533,0.19119940000000002,0.032143405,3.328398,3.5195974,EXTRACTED
I13505,U_I13505/ZN,17.67,88.2,False,15146,0.0676046,0.00603154,1.599032,1.6666366,EXTRACTED
I13506,U_I13506/ZN,17.86,89.6,False,11023,0.0799364,0.039259271,1.664199,1.7441354,EXTRACTED
I13513,U_I13513/ZN,20.9,96.6,False,4695,0.7739560999999999,0.6961504540000001,3.328398,4.1023540999999994,EXTRACTED
I13514,U_I13514/ZN,28.31,103.6,False,15952,0.756275,0.4912604499999999,1.599032,2.355307,EXTRACTED
I13515,U_I13515/ZN,22.04,96.6,False,7296,0.039830199999999996,0.0646726,1.664199,1.7040292,EXTRACTED
I13521,U_I13521/ZN,21.28,82.6,False,2888,0.5015919,0.41959447,3.328398,3.8299899,EXTRACTED
I13522,U_I13522/ZN,20.9,89.6,False,16309,0.425946,0.216817724,1.599032,2.024978,EXTRACTED
I13523,U_I13523/ZN,20.9,91.0,False,5233,0.296792,0.24361194,1.664199,1.960991,EXTRACTED
I13529,U_I13529/ZN,14.25,109.2,False,5545,0.5586879,0.78016193,3.328398,3.8870858999999998,EXTRACTED
I13530,U_I13530/ZN,17.86,103.6,False,12855,0.0977968,0.30350101500000004,1.599032,1.6968288,EXTRACTED
I13531,U_I13531/ZN,20.9,103.6,False,7435,0.09203399999999999,0.029823435,1.664199,1.756233,EXTRACTED
I13537,U_I13537/ZN,26.79,89.6,False,16829,0.0608066,0.18161059999999998,3.328398,3.3892046,EXTRACTED
I13538,U_I13538/ZN,25.46,89.6,False,500,0.049858,0.013880516,1.599032,1.64889,EXTRACTED
I13539,U_I13539/ZN,26.22,89.6,False,17271,0.0947094,0.11121937,1.664199,1.7589084,EXTRACTED
I13544,U_I13544/ZN,22.61,100.8,False,1085,0.2170818,0.20741679000000002,3.328398,3.5454798,EXTRACTED
I13545,U_I13545/ZN,21.47,98.0,False,16696,0.06305939999999999,0.02932306,1.599032,1.6620914,EXTRACTED
I13546,U_I13546/ZN,22.04,100.8,False,6359,0.13246539999999998,0.09053509,1.664199,1.7966644,EXTRACTED
I13552,U_I13552/ZN,20.52,88.2,False,12702,0.3645118,0.43605269799999996,3.328398,3.6929098,EXTRACTED
I13553,U_I13553/ZN,22.99,92.4,False,11929,0.430958,0.39080015,1.599032,2.02999,EXTRACTED
I13554,U_I13554/ZN,19.95,88.2,False,15635,0.5339037,0.342180216,1.664199,2.1981026999999997,EXTRACTED
I13559,U_I13559/ZN,24.7,112.0,False,942,0.6241975,0.6720558400000001,3.328398,3.9525955,EXTRACTED
I13560,U_I13560/ZN,26.98,109.2,False,16654,0.41606,0.31345040999999996,1.599032,2.015092,EXTRACTED
I13561,U_I13561/ZN,20.33,107.8,False,5698,0.037571,0.10026489,1.664199,1.70177,EXTRACTED
I13659,U_I13659/ZN,39.71,28.0,False,2642,0.5373738,1.0155747099999999,3.328398,3.8657718,EXTRACTED
I13660,U_I13660/ZN,39.14,28.0,False,16631,0.528932,0.254481803,1.599032,2.127964,EXTRACTED
I13661,U_I13661/ZN,33.63,33.6,False,7952,0.6462314,0.5509967669999999,1.664199,2.3104304,EXTRACTED
I13765,U_I13765/ZN,18.62,112.0,False,617,0.3536304,0.18187123000000002,3.328398,3.6820284,EXTRACTED
I13766,U_I13766/ZN,19.0,117.6,False,16642,0.31119600000000003,0.5861515,1.599032,1.910228,EXTRACTED
I13767,U_I13767/ZN,19.19,112.0,False,5493,0.2221,0.590072082,1.664199,1.886299,EXTRACTED
I13857,U_I13857/ZN,93.48,126.0,False,5453,0.49785028,0.516968532,3.328398,3.8262482799999997,EXTRACTED
I13858,U_I13858/ZN,94.05,126.0,False,14580,0.362374,0.46800456999999995,1.599032,1.961406,EXTRACTED
I13859,U_I13859/ZN,96.71,133.0,False,14975,0.617152,0.31779191,1.664199,2.281351,EXTRACTED
I13867,U_I13867/ZN,104.12,113.4,False,9922,0.8566290999999999,0.5269421900000001,3.328398,4.1850271,EXTRACTED
I13868,U_I13868/ZN,104.69,113.4,False,13717,0.5464180999999999,0.4478662300000001,1.599032,2.1454500999999997,EXTRACTED
I13869,U_I13869/ZN,110.96,120.4,False,12164,0.1727336,0.31843412,1.664199,1.8369326,EXTRACTED
I13876,U_I13876/ZN,125.21,100.8,False,8096,0.638537,0.4660726540000001,3.328398,3.966935,EXTRACTED
I13877,U_I13877/ZN,124.64,100.8,False,14080,0.0885932,0.025742519999999998,1.599032,1.6876252,EXTRACTED
I13878,U_I13878/ZN,130.34,95.2,False,13238,0.597415,0.7682165,1.664199,2.261614,EXTRACTED
I13886,U_I13886/ZN,91.96,100.8,False,9268,0.926911,1.448923101,3.328398,4.2553090000000005,EXTRACTED
I13887,U_I13887/ZN,95.19,89.6,False,13113,0.435564,0.35643817999999994,1.599032,2.034596,EXTRACTED
I13888,U_I13888/ZN,87.59,102.2,False,13091,0.700294,0.6650968520000001,1.664199,2.364493,EXTRACTED
I13893,U_I13893/ZN,88.54,106.4,False,9498,0.851176,0.608349068,3.328398,4.179574,EXTRACTED
I13894,U_I13894/ZN,95.19,105.0,False,13474,0.395706,0.47707046999999997,1.599032,1.994738,EXTRACTED
I13895,U_I13895/ZN,86.45,102.2,False,12663,0.569484,0.32695228000000004,1.664199,2.233683,EXTRACTED
I13900,U_I13900/ZN,101.27,112.0,False,9894,0.32601199999999997,0.26941376600000005,3.328398,3.65441,EXTRACTED
I13901,U_I13901/ZN,100.89,114.8,False,13432,0.17270339999999998,0.07003972,1.599032,1.7717354,EXTRACTED
I13902,U_I13902/ZN,99.75,116.2,False,12676,0.19583879999999998,0.16015296,1.664199,1.8600378,EXTRACTED
I13907,U_I13907/ZN,108.68,120.4,False,9873,0.6467980999999999,0.5904338119999999,3.328398,3.9751961,EXTRACTED
I13908,U_I13908/ZN,109.25,120.4,False,13544,0.12495740000000001,0.4241418,1.599032,1.7239894,EXTRACTED
I13909,U_I13909/ZN,116.09,116.2,False,12577,0.7970199999999998,1.071879,1.664199,2.461219,EXTRACTED
I13990,U_I13990/ZN,27.93,96.6,False,2,0.13318069999999999,0.215085149,3.328398,3.4615787,EXTRACTED
I13991,U_I13991/ZN,29.45,96.6,False,16804,0.13926159999999999,0.022036769999999997,1.599032,1.7382936,EXTRACTED
I13992,U_I13992/ZN,30.02,96.6,False,1,0.0366482,0.02072526,1.664199,1.7008472,EXTRACTED
I14202,U_I14202/ZN,32.68,120.4,False,4,1.1565919999999998,0.6717196260000001,3.328398,4.48499,EXTRACTED
I14203,U_I14203/ZN,37.62,128.8,False,2,0.469882,0.0541296,1.599032,2.068914,EXTRACTED
I14204,U_I14204/ZN,37.24,113.4,False,16835,1.1873603,0.94224361,1.664199,2.8515593,EXTRACTED
I14209,U_I14209/ZN,32.3,99.4,False,3,0.3536477,0.55200606,3.328398,3.6820456999999998,EXTRACTED
I14210,U_I14210/ZN,30.02,105.0,False,3,0.4795016,0.39601236900000003,1.599032,2.0785336,EXTRACTED
I14211,U_I14211/ZN,30.59,105.0,False,16813,0.498858,0.19517099,1.664199,2.1630570000000002,EXTRACTED
I14216,U_I14216/ZN,30.21,121.8,False,3,0.6435685999999999,0.789287132,3.328398,3.9719666,EXTRACTED
I14217,U_I14217/ZN,31.54,121.8,False,9188,0.078293,0.006544621,1.599032,1.677325,EXTRACTED
I14218,U_I14218/ZN,36.86,127.4,False,16783,0.55592,0.36460845999999997,1.664199,2.220119,EXTRACTED
I14263,U_I14263/ZN,61.94,19.6,False,102,0.6343319000000001,0.7445073590000001,3.328398,3.9627299000000002,EXTRACTED
I14264,U_I14264/ZN,67.83,25.2,False,80,0.530066,0.34311316,1.599032,2.129098,EXTRACTED
I14265,U_I14265/ZN,61.37,21.0,False,16425,0.41999600000000004,0.53344858,1.664199,2.0841950000000002,EXTRACTED
I14270,U_I14270/ZN,44.46,15.4,False,121,0.3849365,0.39368579899999995,3.328398,3.7133345,EXTRACTED
I14271,U_I14271/ZN,52.06,14.0,False,3,0.15080000000000002,0.0781782,1.599032,1.749832,EXTRACTED
I14272,U_I14272/ZN,50.73,14.0,False,16102,0.096005,0.0164551,1.664199,1.7602039999999999,EXTRACTED
I14277,U_I14277/ZN,51.68,37.8,False,75,1.223558,1.4379354520000003,3.328398,4.551956,EXTRACTED
I14278,U_I14278/ZN,63.08,29.4,False,8982,0.37609200000000004,0.79434154,1.599032,1.975124,EXTRACTED
I14279,U_I14279/ZN,60.8,26.6,False,16470,0.457178,0.70232676,1.664199,2.121377,EXTRACTED
I14295,U_I14295/ZN,36.48,141.4,False,16600,0.1392098,0.11602927,1.70023,1.8394397999999998,EXTRACTED
I14299,U_I14299/ZN,27.55,134.4,False,16831,0.5874695999999999,0.41885828999999997,1.70023,2.2876996,EXTRACTED
I14303,U_I14303/ZN,21.28,142.8,False,16825,0.01654948,0.0010458400000000001,1.70023,1.7167794799999998,EXTRACTED
I14306,U_I14306/ZN,19.19,137.2,False,16794,0.16224260000000001,0.233492,1.70023,1.8624725999999998,EXTRACTED
I14309,U_I14309/ZN,26.03,144.2,False,16573,0.234322,0.26491148000000003,1.70023,1.9345519999999998,EXTRACTED
I14312,U_I14312/ZN,32.68,135.8,False,16819,0.36213,0.6475773020000001,1.70023,2.06236,EXTRACTED
I14315,U_I14315/ZN,31.54,138.6,False,16846,0.0893072,0.0145878,1.70023,1.7895371999999998,EXTRACTED
I14319,U_I14319/ZN,26.98,142.8,False,16582,0.5572,0.18228581,1.70023,2.25743,EXTRACTED
I14323,U_I14323/ZN,46.55,144.2,False,16840,0.427052,0.6366642779999999,1.70023,2.127282,EXTRACTED
I14326,U_I14326/ZN,22.42,142.8,False,16789,0.34808799999999995,0.5655373779999999,1.70023,2.048318,EXTRACTED
I14330,U_I14330/ZN,26.98,144.2,False,16773,0.29702,0.21376048,1.70023,1.99725,EXTRACTED
I14442,U_I14442/ZN,47.31,15.4,False,3325,0.448488,0.6058492499999999,3.328398,3.776886,EXTRACTED
I14443,U_I14443/ZN,47.69,18.2,False,3030,0.215206,0.08334130000000001,1.599032,1.814238,EXTRACTED
I14444,U_I14444/ZN,50.92,22.4,False,15647,0.38396600000000003,0.6067397379999999,1.664199,2.048165,EXTRACTED
I14602,U_I14602/ZN,86.45,8.4,False,0,0.55265,0.201438338,1.60595,2.1586,EXTRACTED
I14612,U_I14612/ZN,40.66,109.2,False,1211,0.08664897,0.02161712,3.328398,3.41504697,EXTRACTED
I14613,U_I14613/ZN,41.23,109.2,False,944,0.0761904,0.10240207000000001,1.599032,1.6752224,EXTRACTED
I14614,U_I14614/ZN,41.8,109.2,False,16526,0.0367898,0.00884982,1.664199,1.7009888,EXTRACTED
I14642,U_I14642/ZN,115.71,1.4,False,0,0.27489199999999997,0.57356719,1.70023,1.9751219999999998,EXTRACTED
I14779,U_I14779/ZN,98.42,16.8,False,0,0.6787474,0.807514028,1.60595,2.2846973999999998,EXTRACTED
I14822,U_I14822/ZN,129.01,30.8,False,355,0.26395,0.35527922999999995,0.921561,1.185511,EXTRACTED
I14827,U_I14827/ZN,134.33,18.2,False,356,0.282684,0.32436196,0.921561,1.204245,EXTRACTED
I14831,U_I14831/ZN,134.71,35.0,False,358,0.263932,0.3939016,0.921561,1.185493,EXTRACTED
I14835,U_I14835/ZN,135.09,32.2,False,359,0.7960040000000002,1.011850809,0.921561,1.717565,EXTRACTED
I14855,U_I14855/ZN,93.86,7.0,False,262,0.307898,0.38365683999999994,0.914189,1.2220870000000001,EXTRACTED
I14858,U_I14858/ZN,89.3,5.6,False,262,0.980458,1.5265117000000001,0.914189,1.894647,EXTRACTED
I14862,U_I14862/ZN,81.89,14.0,False,262,0.560838,0.48377769400000004,0.914189,1.4750269999999999,EXTRACTED
I14866,U_I14866/ZN,87.78,15.4,False,262,0.1823168,0.287968999,0.914189,1.0965058,EXTRACTED
I15033,U_I15033/ZN,115.14,19.6,False,0,0.9813338,0.33406687,1.60595,2.5872838,EXTRACTED
I15045,U_I15045/ZN,106.97,21.0,False,0,0.36889,0.332427358,1.60595,1.97484,EXTRACTED
I15048,U_I15048/ZN,106.97,23.8,False,0,1.181536,1.308795455,3.2119,4.3934359999999995,EXTRACTED
I15051,U_I15051/ZN,105.64,26.6,False,0,0.1066032,0.041149250000000005,1.60595,1.7125531999999999,EXTRACTED
I15054,U_I15054/ZN,114.0,22.4,False,0,0.1703568,0.31031672000000005,3.2119,3.3822568,EXTRACTED
I15057,U_I15057/ZN,112.86,26.6,False,0,0.1262212,0.09193434,1.60595,1.7321712,EXTRACTED
I15157,U_I15157/ZN,124.07,5.6,False,0,0.11974359999999999,0.571517,1.70023,1.8199736,EXTRACTED
I15171,U_I15171/ZN,112.1,18.2,False,8359,0.377844,0.4106078499999999,0.946814,1.3246580000000001,EXTRACTED
I15172,U_I15172/ZN,116.66,18.2,False,1647,0.524524,0.233360792,0.941939,1.466463,EXTRACTED
I15176,U_I15176/ZN,107.16,22.4,False,8129,0.550528,1.0897293319999999,0.946814,1.4973420000000002,EXTRACTED
I15177,U_I15177/ZN,109.25,26.6,False,1146,0.895092,1.09133454,0.941939,1.837031,EXTRACTED
I15199,U_I15199/ZN,97.09,25.2,False,10179,0.305246,0.9907738,0.946814,1.2520600000000002,EXTRACTED
I15200,U_I15200/ZN,105.26,30.8,False,2121,0.382636,0.12675903,0.941939,1.3245749999999998,EXTRACTED
I15204,U_I15204/ZN,93.67,22.4,False,10196,1.21618202,1.434110196,0.946814,2.16299602,EXTRACTED
I15205,U_I15205/ZN,108.3,22.4,False,2133,0.5508758,0.6072507200000001,0.941939,1.4928148,EXTRACTED
I15209,U_I15209/ZN,93.29,28.0,False,10216,1.4552580000000002,0.44525558000000004,0.946814,2.4020720000000004,EXTRACTED
I15210,U_I15210/ZN,113.43,30.8,False,2133,0.061389000000000006,0.15423076,0.941939,1.003328,EXTRACTED
I15214,U_I15214/ZN,94.05,29.4,False,10290,0.8303358999999999,2.0951902440000003,0.946814,1.7771499,EXTRACTED
I15215,U_I15215/ZN,115.14,30.8,False,2152,0.0882126,0.01775482,0.941939,1.0301516,EXTRACTED
I15219,U_I15219/ZN,88.54,22.4,False,9455,1.8800099000000001,1.2606412699999998,0.946814,2.8268239,EXTRACTED
I15220,U_I15220/ZN,114.95,25.2,False,1764,0.260316,0.27663236,0.941939,1.202255,EXTRACTED
I15224,U_I15224/ZN,104.5,14.0,False,8641,1.1892390000000002,1.188610454,0.946814,2.1360530000000004,EXTRACTED
I15225,U_I15225/ZN,117.04,23.8,False,1543,0.048218199999999996,0.01797782,0.941939,0.9901572,EXTRACTED
I15256,U_I15256/ZN,124.64,22.4,False,4378,0.6144782,0.39348496000000005,3.328398,3.9428761999999997,EXTRACTED
I15257,U_I15257/ZN,125.78,22.4,False,9483,0.1019376,0.043281509999999995,1.599032,1.7009696,EXTRACTED
I15258,U_I15258/ZN,119.32,18.2,False,9254,0.5576156999999999,0.40630054399999993,1.664199,2.2218147,EXTRACTED
I15287,U_I15287/ZN,116.47,44.8,False,10006,0.8203573,0.5220763060000002,5.998432,6.818789300000001,EXTRACTED
I15290,U_I15290/ZN,117.23,44.8,False,9275,0.9656079099999999,1.1455455550000002,5.143413000000001,6.109020910000001,EXTRACTED
I15365,U_I15365/ZN,121.6,43.4,False,10184,0.3984478,0.43316852000000006,4.283961,4.682408799999999,EXTRACTED
I15430,U_I15430/ZN,110.39,26.6,False,6486,0.7927935,1.2202613049999997,3.328398,4.1211915,EXTRACTED
I15431,U_I15431/ZN,118.37,33.6,False,9889,0.6545719999999999,0.8844354899999998,1.599032,2.253604,EXTRACTED
I15432,U_I15432/ZN,110.2,28.0,False,9888,0.0693184,0.16230093999999998,1.664199,1.7335174,EXTRACTED
I15441,U_I15441/ZN,124.07,32.2,False,5398,0.1069418,0.041280063000000006,3.328398,3.4353398,EXTRACTED
I15442,U_I15442/ZN,125.21,32.2,False,11732,0.24562,0.5454457300000001,1.599032,1.844652,EXTRACTED
I15443,U_I15443/ZN,124.64,32.2,False,11689,0.232484,0.547081901,1.664199,1.896683,EXTRACTED
I15451,U_I15451/ZN,114.0,28.0,False,3444,0.8108040000000001,0.54755928,3.328398,4.139202,EXTRACTED
I15452,U_I15452/ZN,117.04,33.6,False,10358,0.12214739999999999,0.27443765,1.599032,1.7211794,EXTRACTED
I15453,U_I15453/ZN,119.13,36.4,False,9145,0.26882,0.14771696,1.664199,1.933019,EXTRACTED
I15500,U_I15500/ZN,117.42,30.8,False,11219,2.1179167,1.6626389609999999,6.120251,8.2381677,EXTRACTED
I15503,U_I15503/ZN,110.58,49.0,False,12300,1.3780667,1.0504867900000001,7.776029,9.154095700000001,EXTRACTED
I15507,U_I15507/ZN,114.38,33.6,False,12329,0.7586515999999999,0.9277016329999999,6.061558,6.8202096,EXTRACTED
I15510,U_I15510/ZN,115.33,43.4,False,12442,1.6487919399999997,1.1286794690000002,7.776029,9.42482094,EXTRACTED
I15514,U_I15514/ZN,114.76,43.4,False,12349,1.0081707,0.715487959,5.143413000000001,6.151583700000001,EXTRACTED
I15607,U_I15607/ZN,125.02,21.0,False,8196,0.1012594,0.07064525399999999,3.328398,3.4296574,EXTRACTED
I15608,U_I15608/ZN,125.59,21.0,False,11077,0.076706,0.021733539999999996,1.599032,1.675738,EXTRACTED
I15609,U_I15609/ZN,124.45,21.0,False,11219,0.0628696,0.13007710000000003,1.664199,1.7270686,EXTRACTED
I15615,U_I15615/ZN,125.02,18.2,False,6186,0.0862842,0.11208133,3.328398,3.4146822,EXTRACTED
I15616,U_I15616/ZN,125.59,18.2,False,9323,0.6268279999999999,0.27687593999999993,1.599032,2.22586,EXTRACTED
I15617,U_I15617/ZN,124.45,18.2,False,14935,0.523274,0.20615797496999996,1.664199,2.187473,EXTRACTED
I15716,U_I15716/ZN,126.16,16.8,False,10917,0.1063394,0.094921152,3.328398,3.4347374,EXTRACTED
I15717,U_I15717/ZN,126.16,15.4,False,17153,0.0736526,0.0663452,1.599032,1.6726846,EXTRACTED
I15718,U_I15718/ZN,125.59,15.4,False,12341,0.0960862,0.07484305899999999,1.664199,1.7602852,EXTRACTED
I15855,U_I15855/ZN,129.39,5.6,False,0,0.23865999999999998,0.449132209,1.70023,1.9388899999999998,EXTRACTED
I15861,U_I15861/ZN,126.35,5.6,False,0,0.0988226,0.092108,1.70023,1.7990526,EXTRACTED
I15870,U_I15870/ZN,121.41,54.6,False,6448,0.441822,0.3988952,3.328398,3.77022,EXTRACTED
I15871,U_I15871/ZN,124.45,53.2,False,12132,0.395626,0.38469996999999995,1.599032,1.994658,EXTRACTED
I15872,U_I15872/ZN,124.07,58.8,False,11796,0.0950536,0.16972549999999997,1.664199,1.7592526,EXTRACTED
I15878,U_I15878/ZN,116.47,49.0,False,6838,0.15016416,0.028199113999999997,3.328398,3.47856216,EXTRACTED
I15879,U_I15879/ZN,117.04,49.0,False,11680,0.273128,0.30095698,1.599032,1.87216,EXTRACTED
I15880,U_I15880/ZN,117.61,49.0,False,11739,0.18598360000000003,0.35283266,1.664199,1.8501826000000001,EXTRACTED
I15890,U_I15890/ZN,113.24,54.6,False,5929,0.5327227,0.7663882810000001,3.328398,3.8611207,EXTRACTED
I15891,U_I15891/ZN,120.08,50.4,False,12185,0.079341,0.04226095,1.599032,1.6783730000000001,EXTRACTED
I15892,U_I15892/ZN,114.76,51.8,False,12321,0.31694999999999995,0.6426065320000001,1.664199,1.9811489999999998,EXTRACTED
I15898,U_I15898/ZN,118.18,47.6,False,6030,0.3363698,0.081788756,3.328398,3.6647678,EXTRACTED
I15899,U_I15899/ZN,118.75,47.6,False,12080,0.0591956,0.024518262,1.599032,1.6582276,EXTRACTED
I15900,U_I15900/ZN,115.52,49.0,False,11800,0.256596,0.22374459200000002,1.664199,1.920795,EXTRACTED
I15906,U_I15906/ZN,124.26,9.8,False,12841,0.0578814,0.19472601,3.328398,3.3862794,EXTRACTED
I15907,U_I15907/ZN,125.4,9.8,False,12954,0.360208,0.28865377000000003,1.599032,1.9592399999999999,EXTRACTED
I15908,U_I15908/ZN,125.97,9.8,False,12965,0.367212,0.33591963999999996,1.664199,2.031411,EXTRACTED
I15956,U_I15956/ZN,122.17,8.4,False,127,0.25650199999999995,0.34729685,1.70023,1.956732,EXTRACTED
I15962,U_I15962/ZN,111.53,9.8,False,123,0.268034,0.13840078,1.70023,1.968264,EXTRACTED
I15968,U_I15968/ZN,120.08,9.8,False,121,0.556054,0.7351975079999999,1.70023,2.256284,EXTRACTED
I15974,U_I15974/ZN,125.21,7.0,False,126,0.1733498,0.06826871999999999,1.70023,1.8735798,EXTRACTED
I15980,U_I15980/ZN,120.08,14.0,False,123,0.5037419999999999,0.323382022,1.70023,2.203972,EXTRACTED
I15986,U_I15986/ZN,114.38,7.0,False,0,0.213092,0.13808596,1.70023,1.913322,EXTRACTED
I15992,U_I15992/ZN,105.83,50.4,False,8267,0.65354183,0.511340604,3.328398,3.98193983,EXTRACTED
I15993,U_I15993/ZN,102.22,57.4,False,12419,0.596055,0.807477372,1.599032,2.195087,EXTRACTED
I15994,U_I15994/ZN,106.4,50.4,False,11866,0.0699762,0.01955978,1.664199,1.7341752,EXTRACTED
I15999,U_I15999/ZN,106.21,43.4,False,4346,0.48286039999999997,0.66181163,3.328398,3.8112584,EXTRACTED
I16000,U_I16000/ZN,107.35,43.4,False,13413,0.055761399999999996,0.04280601,1.599032,1.6547934,EXTRACTED
I16001,U_I16001/ZN,110.58,37.8,False,13099,0.54469,0.19424092199999998,1.664199,2.208889,EXTRACTED
I16007,U_I16007/ZN,112.48,44.8,False,5176,0.40917567,0.37131099000000006,3.328398,3.7375736699999997,EXTRACTED
I16008,U_I16008/ZN,113.62,44.8,False,13051,0.15389339999999999,0.10006493,1.599032,1.7529254,EXTRACTED
I16009,U_I16009/ZN,116.66,47.6,False,12829,0.570942,0.41703907100000004,1.664199,2.235141,EXTRACTED
I16015,U_I16015/ZN,105.07,46.2,False,7996,0.8349034999999999,0.8431548110000001,3.328398,4.1633015,EXTRACTED
I16016,U_I16016/ZN,114.19,50.4,False,11951,0.880366,0.882588049,1.599032,2.4793979999999998,EXTRACTED
I16017,U_I16017/ZN,113.05,50.4,False,12206,1.121078,0.524353634,1.664199,2.785277,EXTRACTED
I16023,U_I16023/ZN,121.22,42.0,False,7662,0.108958,0.19343318200000004,3.328398,3.437356,EXTRACTED
I16024,U_I16024/ZN,121.79,42.0,False,11640,0.389202,0.71280828,1.599032,1.988234,EXTRACTED
I16025,U_I16025/ZN,123.5,42.0,False,11935,0.412376,0.24042745000000001,1.664199,2.076575,EXTRACTED
I16030,U_I16030/ZN,115.33,47.6,False,8030,0.4884497,0.542025874,3.328398,3.8168477,EXTRACTED
I16031,U_I16031/ZN,108.3,47.6,False,12184,0.395474,0.45901902,1.599032,1.994506,EXTRACTED
I16032,U_I16032/ZN,108.68,49.0,False,12432,0.49253600000000003,0.30773386,1.664199,2.156735,EXTRACTED
I16037,U_I16037/ZN,125.02,47.6,False,7943,0.09372717000000001,0.032013353,3.328398,3.42212517,EXTRACTED
I16038,U_I16038/ZN,125.59,47.6,False,12039,0.44959,0.293095088,1.599032,2.048622,EXTRACTED
I16039,U_I16039/ZN,125.59,49.0,False,11335,0.42526800000000003,0.19622549,1.664199,2.089467,EXTRACTED
I16044,U_I16044/ZN,107.16,44.8,False,6058,0.0866496,0.084268365,3.328398,3.4150476,EXTRACTED
I16045,U_I16045/ZN,107.73,44.8,False,12608,0.068419,0.16178599,1.599032,1.667451,EXTRACTED
I16046,U_I16046/ZN,108.3,44.8,False,12785,0.0638476,0.00860814,1.664199,1.7280465999999999,EXTRACTED
I16051,U_I16051/ZN,117.61,47.6,False,6329,0.5302357,0.47684997999999995,3.328398,3.8586337,EXTRACTED
I16052,U_I16052/ZN,111.15,46.2,False,12550,0.280682,0.177168202,1.599032,1.8797139999999999,EXTRACTED
I16053,U_I16053/ZN,110.96,44.8,False,12756,0.1831242,0.30267315400000006,1.664199,1.8473232,EXTRACTED
I16058,U_I16058/ZN,112.67,49.0,False,4639,0.11401319,0.03692373,3.328398,3.44241119,EXTRACTED
I16059,U_I16059/ZN,111.53,49.0,False,13078,0.0570082,0.03071683,1.599032,1.6560402,EXTRACTED
I16060,U_I16060/ZN,112.1,49.0,False,13262,0.07542679999999999,0.10163820000000001,1.664199,1.7396258,EXTRACTED
I16065,U_I16065/ZN,110.39,54.6,False,5771,0.6207743,0.5642875919999999,3.328398,3.9491723,EXTRACTED
I16066,U_I16066/ZN,113.62,49.0,False,13183,0.536176,0.26277220097000004,1.599032,2.135208,EXTRACTED
I16067,U_I16067/ZN,110.96,56.0,False,12436,0.044325,0.016713000000000002,1.664199,1.708524,EXTRACTED
I16072,U_I16072/ZN,118.75,43.4,False,8413,0.1966544,0.11231915999999999,3.328398,3.5250524,EXTRACTED
I16073,U_I16073/ZN,119.32,46.2,False,11433,0.31841200000000003,0.5658198399999999,1.599032,1.9174440000000001,EXTRACTED
I16074,U_I16074/ZN,119.32,43.4,False,11225,0.242732,0.183886515,1.664199,1.906931,EXTRACTED
I16079,U_I16079/ZN,123.69,47.6,False,8454,0.6252575,0.9492131460000001,3.328398,3.9536555,EXTRACTED
I16080,U_I16080/ZN,121.03,47.6,False,11186,0.09164499999999999,0.09461542,1.599032,1.690677,EXTRACTED
I16081,U_I16081/ZN,128.82,51.8,False,11650,0.593744,0.6135543899999999,1.664199,2.257943,EXTRACTED
I16086,U_I16086/ZN,106.59,49.0,False,5855,0.5776078,0.541612196,3.328398,3.9060058,EXTRACTED
I16087,U_I16087/ZN,105.45,49.0,False,12402,0.054444,0.06912657600000001,1.599032,1.653476,EXTRACTED
I16088,U_I16088/ZN,99.56,51.8,False,13061,0.515088,0.120601825,1.664199,2.179287,EXTRACTED
I16142,U_I16142/ZN,112.48,42.0,False,12573,0.1870914,0.259518335,0.964824,1.1519154,EXTRACTED
I16145,U_I16145/ZN,121.79,44.8,False,12902,0.633282,0.21694197899999998,0.964824,1.598106,EXTRACTED
I16148,U_I16148/ZN,123.12,50.4,False,12357,0.396706,0.34014982000000005,0.946814,1.34352,EXTRACTED
I16149,U_I16149/ZN,113.43,51.8,False,16982,0.693239,0.74923935,0.941939,1.635178,EXTRACTED
I16160,U_I16160/ZN,119.89,47.6,False,13145,0.59842155,0.7343331590000001,0.946814,1.5452355500000001,EXTRACTED
I16161,U_I16161/ZN,108.68,43.4,False,15535,0.266642,0.319339888,0.941939,1.208581,EXTRACTED
I16220,U_I16220/ZN,67.83,36.4,False,21165,0.5288904,0.65582161,0.918145,1.4470353999999999,EXTRACTED
I16252,U_I16252/ZN,141.36,40.6,False,13075,0.580372,0.18352858000000002,1.70023,2.280602,EXTRACTED
I16330,U_I16330/ZN,61.94,23.8,False,7770,0.5249600999999999,0.852038728,3.328398,3.8533581,EXTRACTED
I16331,U_I16331/ZN,68.02,18.2,False,12974,0.48720359999999996,0.9494034740000001,1.599032,2.0862356,EXTRACTED
I16332,U_I16332/ZN,62.51,23.8,False,8318,0.1504772,0.2145103,1.664199,1.8146762,EXTRACTED
I16427,U_I16427/ZN,121.22,63.0,False,7432,0.324114,0.255303802,0.921561,1.2456749999999999,EXTRACTED
I16467,U_I16467/ZN,122.17,9.8,False,19427,0.4152768,0.549486195,3.328398,3.7436748,EXTRACTED
I16468,U_I16468/ZN,115.14,11.2,False,10710,0.299022,0.60713925,1.599032,1.8980540000000001,EXTRACTED
I16469,U_I16469/ZN,120.46,9.8,False,18691,0.036104199999999996,0.042062150000000006,1.664199,1.7003032,EXTRACTED
I16507,U_I16507/ZN,123.31,5.6,False,216,0.338498,0.5586777749999999,1.70023,2.038728,EXTRACTED
I16717,U_I16717/ZN,123.69,5.6,False,23023,0.26222399999999996,0.14720005,1.70023,1.962454,EXTRACTED
I16982,U_I16982/ZN,145.92,43.4,False,12014,0.269322,0.28390447999999996,0.918145,1.187467,EXTRACTED
I17051,U_I17051/ZN,65.93,134.4,False,17166,0.4695215,0.16432117,3.328398,3.7979195,EXTRACTED
I17052,U_I17052/ZN,68.4,128.8,False,542,0.0471932,0.01584217,1.599032,1.6462252,EXTRACTED
I17053,U_I17053/ZN,66.69,128.8,False,979,0.052034199999999996,0.08739926,1.664199,1.7162332,EXTRACTED
I17281,U_I17281/ZN,31.35,74.2,False,2299,0.8765639999999999,0.9030067540000001,3.328398,4.204962,EXTRACTED
I17282,U_I17282/ZN,38.76,79.8,False,18393,0.5493477999999999,0.54003148,1.599032,2.1483798,EXTRACTED
I17283,U_I17283/ZN,38.76,84.0,False,17849,0.813448,0.89067396,1.664199,2.477647,EXTRACTED
I17288,U_I17288/ZN,32.68,70.0,False,3106,0.645251,0.39200372,3.328398,3.973649,EXTRACTED
I17289,U_I17289/ZN,38.57,64.4,False,14979,0.564138,0.6615682090000001,1.599032,2.16317,EXTRACTED
I17290,U_I17290/ZN,36.1,68.6,False,18075,0.285592,0.28693283,1.664199,1.949791,EXTRACTED
I17295,U_I17295/ZN,43.13,74.2,False,2153,0.26989431,0.337531067,3.328398,3.59829231,EXTRACTED
I17296,U_I17296/ZN,42.56,74.2,False,17444,0.0907442,0.2166559,1.599032,1.6897762,EXTRACTED
I17297,U_I17297/ZN,39.71,72.8,False,18064,0.06736199999999999,0.18083375999999998,1.664199,1.731561,EXTRACTED
I17305,U_I17305/ZN,39.14,68.6,False,11271,0.37815756,0.19363406900000002,3.328398,3.70655556,EXTRACTED
I17306,U_I17306/ZN,39.71,74.2,False,12762,0.260936,0.13043819,1.599032,1.859968,EXTRACTED
I17307,U_I17307/ZN,39.71,68.6,False,13119,0.0674576,0.025308269999999997,1.664199,1.7316566,EXTRACTED
I17393,U_I17393/ZN,33.82,72.8,False,18245,0.0884192,0.05890437,3.328398,3.4168172,EXTRACTED
I17394,U_I17394/ZN,34.2,74.2,False,26845,0.52002075,0.672955902,1.599032,2.11905275,EXTRACTED
I17395,U_I17395/ZN,33.63,74.2,False,27763,0.7514839099999999,0.45735028999999994,1.664199,2.41568291,EXTRACTED
I17400,U_I17400/ZN,38.38,72.8,False,12200,0.5054122,0.4382402070000001,3.328398,3.8338102,EXTRACTED
I17401,U_I17401/ZN,39.14,74.2,False,13727,0.0592794,0.05724733,1.599032,1.6583114,EXTRACTED
I17402,U_I17402/ZN,46.36,72.8,False,27628,0.300074,0.7865489499999999,1.664199,1.964273,EXTRACTED
I17413,U_I17413/ZN,143.83,39.2,False,0,0.057576,0.0152648,1.70023,1.757806,EXTRACTED
I17459,U_I17459/ZN,36.48,74.2,False,22174,0.0646572,0.06048064,3.328398,3.3930552,EXTRACTED
I17460,U_I17460/ZN,37.24,74.2,False,25011,0.6405940000000001,0.422101227,1.599032,2.2396260000000003,EXTRACTED
I17461,U_I17461/ZN,35.91,74.2,False,25328,0.5622458,0.36310116000000003,1.664199,2.2264448,EXTRACTED
I17485,U_I17485/ZN,35.91,77.0,False,12597,0.0986228,0.029126172,3.328398,3.4270207999999998,EXTRACTED
I17486,U_I17486/ZN,36.1,78.4,False,12606,0.050871999999999994,0.01129508,1.599032,1.649904,EXTRACTED
I17487,U_I17487/ZN,36.48,77.0,False,29744,0.060585799999999995,0.04148329,1.664199,1.7247848,EXTRACTED
I17492,U_I17492/ZN,87.97,127.4,False,13757,0.5850594,0.888657935,3.328398,3.9134574,EXTRACTED
I17493,U_I17493/ZN,89.3,127.4,False,14355,0.0589306,0.007526252000000001,1.599032,1.6579626,EXTRACTED
I17494,U_I17494/ZN,94.05,133.0,False,22808,0.5467310000000001,0.7209998440000002,1.664199,2.2109300000000003,EXTRACTED
I17503,U_I17503/ZN,96.52,120.4,False,10558,0.51627,0.81563379,3.328398,3.844668,EXTRACTED
I17504,U_I17504/ZN,98.42,124.6,False,15384,0.610512,0.5401069850000001,1.599032,2.209544,EXTRACTED
I17505,U_I17505/ZN,92.72,119.0,False,19449,0.8646962,0.44896866,1.664199,2.5288952,EXTRACTED
I17567,U_I17567/ZN,112.29,119.0,False,11923,0.72486594,1.204488155,3.328398,4.05326394,EXTRACTED
I17568,U_I17568/ZN,104.31,112.0,False,28632,0.6576280000000001,0.717477907,1.599032,2.25666,EXTRACTED
I17569,U_I17569/ZN,112.86,119.0,False,9598,0.130069,0.19333005,1.664199,1.794268,EXTRACTED
I17584,U_I17584/ZN,39.33,79.8,False,17919,0.5894456800000001,0.7457660319999999,3.328398,3.91784368,EXTRACTED
I17585,U_I17585/ZN,35.91,71.4,False,17204,0.369288,0.33341393,1.599032,1.96832,EXTRACTED
I17586,U_I17586/ZN,38.0,79.8,False,28331,0.284484,0.15963719999999998,1.664199,1.948683,EXTRACTED
I4780,U_I4780/ZN,77.9,142.8,False,0,0.1857974,0.032362840000000004,3.40046,3.5862574,EXTRACTED
I4783,U_I4783/ZN,144.21,110.6,False,0,0.41641859999999997,0.45680228200000006,3.40046,3.8168786,EXTRACTED
I4820,U_I4820/ZN,57.38,5.6,True,16890,0.0915634,0.00741329,1.70023,1.7917934,EXTRACTED
I4859,U_I4859/ZN,51.68,4.2,True,16812,0.0674468,0.0,1.70023,1.7676767999999998,EXTRACTED
I4866,U_I4866/ZN,140.22,107.8,True,16222,0.285746,0.008756410000000001,1.70023,1.985976,EXTRACTED
I4876,U_I4876/ZN,43.7,4.2,True,16844,0.0581096,0.017593900000000003,1.70023,1.7583396,EXTRACTED
I4883,U_I4883/ZN,16.91,75.6,True,16867,0.72846,0.16066629999999998,1.70023,2.42869,EXTRACTED
I4891,U_I4891/ZN,15.96,75.6,True,16915,0.9070144999999998,0.681623998,1.70023,2.6072444999999997,EXTRACTED
I4900,U_I4900/ZN,138.89,61.6,True,16281,0.6387546,0.513832392,1.70023,2.3389846,EXTRACTED
I4910,U_I4910/ZN,49.78,68.6,False,1988,0.4034319,0.22676866500000004,3.328398,3.7318299,EXTRACTED
I4911,U_I4911/ZN,48.64,74.2,False,15265,0.357908,0.17463310000000004,1.599032,1.95694,EXTRACTED
I4912,U_I4912/ZN,48.83,71.4,False,16194,0.1494438,0.08974463,1.664199,1.8136428,EXTRACTED
I4917,U_I4917/ZN,128.44,112.0,True,16742,0.8331667899999999,0.04116854,1.70023,2.53339679,EXTRACTED
I4928,U_I4928/ZN,43.13,70.0,False,7324,0.3794078,0.4886768100000001,3.328398,3.7078058,EXTRACTED
I4929,U_I4929/ZN,40.66,65.8,False,13700,0.7549442,1.2277185,1.599032,2.3539762,EXTRACTED
I4930,U_I4930/ZN,44.27,70.0,False,13216,0.41332,0.5358566800000001,1.664199,2.077519,EXTRACTED
I4935,U_I4935/ZN,131.29,98.0,True,16841,0.642434,0.00556936,1.70023,2.342664,EXTRACTED
I4941,U_I4941/ZN,51.68,65.8,False,8095,0.62801524,0.176021476,3.328398,3.95641324,EXTRACTED
I4942,U_I4942/ZN,46.55,70.0,False,14022,0.433812,0.20351598,1.599032,2.032844,EXTRACTED
I4943,U_I4943/ZN,45.98,70.0,False,13061,0.467146,0.12302185000000002,1.664199,2.131345,EXTRACTED
I4948,U_I4948/ZN,12.35,79.8,True,16837,0.780024,0.960220135,1.70023,2.480254,EXTRACTED
I4954,U_I4954/ZN,41.99,71.4,False,7583,0.8333412,1.2619651950000002,3.328398,4.1617391999999995,EXTRACTED
I4955,U_I4955/ZN,56.05,67.2,False,13616,0.596502,0.6608709199999999,1.599032,2.195534,EXTRACTED
I4956,U_I4956/ZN,43.13,68.6,False,14254,0.426018,0.377605582,1.664199,2.090217,EXTRACTED
I4964,U_I4964/ZN,41.8,65.8,False,9815,0.11848194,0.2541030479,3.328398,3.44687994,EXTRACTED
I4965,U_I4965/ZN,41.23,65.8,False,12332,0.10976759999999999,0.016506054,1.599032,1.7087996,EXTRACTED
I4966,U_I4966/ZN,40.09,65.8,False,12443,0.093107,0.02615881,1.664199,1.757306,EXTRACTED
I4971,U_I4971/ZN,71.44,120.4,False,7721,1.0383781,0.7903226239999999,3.328398,4.3667761,EXTRACTED
I4972,U_I4972/ZN,77.71,127.4,False,14420,0.0693074,0.1911182,1.599032,1.6683394,EXTRACTED
I4973,U_I4973/ZN,76.19,133.0,False,13459,0.42951,0.42495890000000003,1.664199,2.093709,EXTRACTED
I4978,U_I4978/ZN,39.52,61.6,False,8523,0.20937825,0.275359373,3.328398,3.53777625,EXTRACTED
I4979,U_I4979/ZN,42.37,60.2,False,13582,0.1299324,0.1657933,1.599032,1.7289644,EXTRACTED
I4980,U_I4980/ZN,40.09,61.6,False,13446,0.0331764,0.019709774,1.664199,1.6973754,EXTRACTED
I4985,U_I4985/ZN,85.88,120.4,False,9719,0.7949701,0.390057724,3.328398,4.1233681,EXTRACTED
I4986,U_I4986/ZN,80.37,124.6,False,12633,0.28065,0.25463596200000005,1.599032,1.879682,EXTRACTED
I4987,U_I4987/ZN,78.66,119.0,False,12872,0.518168,0.46020022000000005,1.664199,2.182367,EXTRACTED
I4992,U_I4992/ZN,136.8,28.0,False,0,0.46631,0.076201356,1.70023,2.16654,EXTRACTED
I4995,U_I4995/ZN,35.15,63.0,False,6759,0.7537191999999999,0.660359463,3.328398,4.0821172,EXTRACTED
I4996,U_I4996/ZN,38.95,70.0,False,13223,0.7823307,0.5031578200000001,1.599032,2.3813627,EXTRACTED
I4997,U_I4997/ZN,37.62,61.6,False,14444,0.33002,0.26676131000000003,1.664199,1.994219,EXTRACTED
I5002,U_I5002/ZN,134.14,1.4,False,0,0.014858679999999999,0.00270833,1.70023,1.7150886799999998,EXTRACTED
I5005,U_I5005/ZN,41.04,50.4,False,10127,0.65174,0.63469332897,3.328398,3.980138,EXTRACTED
I5006,U_I5006/ZN,41.23,54.6,False,12810,0.0636954,0.07054730000000001,1.599032,1.6627274,EXTRACTED
I5007,U_I5007/ZN,37.43,58.8,False,12917,0.328874,0.1414102,1.664199,1.9930729999999999,EXTRACTED
I5013,U_I5013/ZN,82.08,114.8,False,6240,0.9838164,0.431053887,3.328398,4.3122144,EXTRACTED
I5014,U_I5014/ZN,74.67,109.2,False,13868,0.5180480000000001,0.6829231,1.599032,2.11708,EXTRACTED
I5015,U_I5015/ZN,81.32,117.6,False,13880,0.205326,0.16080489999999997,1.664199,1.8695249999999999,EXTRACTED
I5020,U_I5020/ZN,145.16,35.0,False,0,0.01742614,0.0,1.70023,1.7176561399999999,EXTRACTED
I5023,U_I5023/ZN,72.58,127.4,False,7593,0.0664438,0.10276826,3.328398,3.3948418,EXTRACTED
I5024,U_I5024/ZN,72.01,127.4,False,13715,0.1110078,0.03090024,1.599032,1.7100398,EXTRACTED
I5025,U_I5025/ZN,71.44,127.4,False,14359,0.1376336,0.04378964999999999,1.664199,1.8018326,EXTRACTED
I5034,U_I5034/ZN,77.9,117.6,False,3082,0.5852662,0.37421734,3.328398,3.9136642,EXTRACTED
I5035,U_I5035/ZN,79.04,117.6,False,15720,0.22251,0.39469185900000003,1.599032,1.821542,EXTRACTED
I5036,U_I5036/ZN,71.82,114.8,False,14707,0.785447,0.629574314,1.664199,2.449646,EXTRACTED
I5041,U_I5041/ZN,143.45,32.2,False,0,0.0965298,0.041410037,1.70023,1.7967597999999998,EXTRACTED
I5044,U_I5044/ZN,126.35,2.8,False,0,0.0901912,0.01981148,1.70023,1.7904212,EXTRACTED
I5047,U_I5047/ZN,129.77,1.4,False,0,0.061043400000000005,0.014078015000000001,1.70023,1.7612733999999999,EXTRACTED
I5053,U_I5053/ZN,128.44,2.8,False,0,0.08116,0.01223513,1.70023,1.7813899999999998,EXTRACTED
I5057,U_I5057/ZN,2.47,30.8,False,0,0.0301606,0.0,1.70023,1.7303906,EXTRACTED
I5060,U_I5060/ZN,144.59,37.8,False,0,0.36672,0.09685640000000001,1.70023,2.06695,EXTRACTED
I5070,U_I5070/ZN,145.92,26.6,False,0,0.24384799999999998,0.054664788,1.70023,1.944078,EXTRACTED
I5084,U_I5084/ZN,106.21,89.6,False,433,0.355654,0.4063842,0.918145,1.273799,EXTRACTED
I5085,U_I5085/ZN,109.82,89.6,False,542,0.398698,0.20313920000000002,0.97463,1.3733279999999999,EXTRACTED
I5101,U_I5101/ZN,143.45,2.8,False,0,0.17044879999999998,0.18255379,1.70023,1.8706787999999999,EXTRACTED
I5104,U_I5104/ZN,45.22,53.2,False,7899,0.071793,0.06005204499999999,3.328398,3.400191,EXTRACTED
I5105,U_I5105/ZN,45.79,53.2,False,12920,0.6795694,0.6288996999999998,1.599032,2.2786014,EXTRACTED
I5106,U_I5106/ZN,46.36,53.2,False,13799,0.5579315,0.77971407,1.664199,2.2221305,EXTRACTED
I5126,U_I5126/ZN,59.28,95.2,False,8913,0.13417616,0.115948196,3.328398,3.46257416,EXTRACTED
I5127,U_I5127/ZN,60.23,95.2,False,13241,0.516034,0.6614595200000001,1.599032,2.115066,EXTRACTED
I5128,U_I5128/ZN,60.04,96.6,False,13540,0.72665,0.62885777,1.664199,2.3908490000000002,EXTRACTED
I5135,U_I5135/ZN,28.5,53.2,False,7749,0.25821799,0.184997079,3.328398,3.58661599,EXTRACTED
I5136,U_I5136/ZN,27.55,56.0,False,13733,0.69647,0.4732228600000001,1.599032,2.295502,EXTRACTED
I5137,U_I5137/ZN,27.36,53.2,False,13118,1.0353693000000002,0.651469163,1.664199,2.6995683,EXTRACTED
I5164,U_I5164/ZN,109.06,124.6,False,9133,0.06686700000000001,0.06559233,3.328398,3.395265,EXTRACTED
I5165,U_I5165/ZN,109.63,124.6,False,13111,0.626582,0.489550734,1.599032,2.225614,EXTRACTED
I5166,U_I5166/ZN,110.2,124.6,False,13070,0.60381,0.634612485,1.664199,2.268009,EXTRACTED
I5184,U_I5184/ZN,90.44,127.4,False,10086,1.017988,1.20049191,3.328398,4.346386,EXTRACTED
I5185,U_I5185/ZN,82.65,131.6,False,13082,0.223082,0.13927712,1.599032,1.822114,EXTRACTED
I5186,U_I5186/ZN,79.04,123.2,False,13116,0.535373,0.56165665,1.664199,2.199572,EXTRACTED
I5202,U_I5202/ZN,84.93,56.0,False,9372,0.57059377,0.4872822099999999,3.328398,3.89899177,EXTRACTED
I5203,U_I5203/ZN,78.66,54.6,False,13296,0.0528718,0.019297,1.599032,1.6519038,EXTRACTED
I5204,U_I5204/ZN,76.57,54.6,False,12546,0.049326,0.12534849999999997,1.664199,1.713525,EXTRACTED
I5229,U_I5229/ZN,62.13,49.0,False,9915,0.0615054,0.08356658,3.328398,3.3899034,EXTRACTED
I5230,U_I5230/ZN,63.27,49.0,False,12945,0.0630612,0.021015100000000002,1.599032,1.6620932,EXTRACTED
I5231,U_I5231/ZN,62.7,49.0,False,12954,0.1098322,0.049738111999999994,1.664199,1.7740312,EXTRACTED
I5245,U_I5245/ZN,90.63,1.4,False,0,0.149144,0.38254215,1.70023,1.8493739999999999,EXTRACTED
I5254,U_I5254/ZN,143.26,78.4,False,0,0.7869458,0.35284611299999996,0.77983,1.5667758,EXTRACTED
I5263,U_I5263/ZN,23.56,77.0,False,11273,0.8411869999999999,1.9837629599999995,3.328398,4.169585,EXTRACTED
I5264,U_I5264/ZN,9.88,68.6,False,12783,0.630138,0.7808748000000001,1.599032,2.22917,EXTRACTED
I5265,U_I5265/ZN,15.96,77.0,False,12917,0.0488018,0.04763204,1.664199,1.7130007999999999,EXTRACTED
I5282,U_I5282/ZN,57.76,14.0,False,9784,0.13727499999999998,0.038437477,3.328398,3.465673,EXTRACTED
I5283,U_I5283/ZN,58.9,14.0,False,12833,0.049545,0.01270229,1.599032,1.648577,EXTRACTED
I5284,U_I5284/ZN,57.19,14.0,False,12525,0.086103,0.019332888,1.664199,1.750302,EXTRACTED
I5295,U_I5295/ZN,68.59,65.8,False,7380,0.3856142,0.530325449,3.328398,3.7140122,EXTRACTED
I5296,U_I5296/ZN,71.82,63.0,False,16533,0.048347,0.028838710000000004,1.599032,1.647379,EXTRACTED
I5297,U_I5297/ZN,71.25,61.6,False,16606,0.1654618,0.10393240100000002,1.664199,1.8296608,EXTRACTED
I5315,U_I5315/ZN,92.15,120.4,False,9723,1.0770147,1.5032979500000003,3.328398,4.4054127,EXTRACTED
I5316,U_I5316/ZN,101.65,134.4,False,12883,0.448596,0.50657902,1.599032,2.047628,EXTRACTED
I5317,U_I5317/ZN,98.04,131.6,False,12985,0.57611,0.27324981,1.664199,2.240309,EXTRACTED
I5323,U_I5323/ZN,136.61,46.2,False,6832,0.8105249999999999,0.6837117399999999,3.328398,4.138923,EXTRACTED
I5324,U_I5324/ZN,133.38,33.6,False,16248,0.5474122,0.48392644000000007,1.599032,2.1464442,EXTRACTED
I5325,U_I5325/ZN,136.99,40.6,False,16280,0.210768,0.7060180500000001,1.664199,1.874967,EXTRACTED
I5341,U_I5341/ZN,54.53,60.2,False,6523,0.58148982,0.30048543600000005,3.328398,3.90988782,EXTRACTED
I5342,U_I5342/ZN,55.1,60.2,False,13562,0.0780694,0.01972921,1.599032,1.6771014,EXTRACTED
I5343,U_I5343/ZN,55.67,51.8,False,14377,0.485516,0.16142842000000002,1.664199,2.149715,EXTRACTED
I5351,U_I5351/ZN,89.49,110.6,False,13798,0.1955868,0.055302048000000006,0.946814,1.1424008,EXTRACTED
I5352,U_I5352/ZN,98.8,114.8,False,10051,0.665368,0.4069631,0.941939,1.607307,EXTRACTED
I5357,U_I5357/ZN,60.8,116.2,False,8479,0.438046,0.29572456999999996,0.946814,1.38486,EXTRACTED
I5358,U_I5358/ZN,63.27,120.4,False,12321,0.02896,0.09821732000000002,0.941939,0.970899,EXTRACTED
I5363,U_I5363/ZN,93.86,79.8,False,14896,4.32947835,2.36477407,0.914189,5.24366735,EXTRACTED
I5366,U_I5366/ZN,52.44,124.6,False,22826,0.644158,0.360316498,0.914189,1.558347,EXTRACTED
I5371,U_I5371/ZN,67.45,9.8,False,7077,0.06986980000000001,0.06289822,3.328398,3.3982678,EXTRACTED
I5372,U_I5372/ZN,68.02,9.8,False,16318,0.1006378,0.026046680000000003,1.599032,1.6996698000000001,EXTRACTED
I5373,U_I5373/ZN,68.59,9.8,False,16335,0.0350694,0.01685683,1.664199,1.6992684,EXTRACTED
I5383,U_I5383/ZN,102.03,1.4,False,0,0.400864,0.5535920599999999,1.70023,2.101094,EXTRACTED
I5388,U_I5388/ZN,81.13,4.2,False,0,0.13773139999999998,0.19503279,1.70023,1.8379614,EXTRACTED
I5395,U_I5395/ZN,82.46,2.8,False,0,0.1381668,0.15179861400000003,1.70023,1.8383968,EXTRACTED
I5399,U_I5399/ZN,84.17,8.4,False,0,0.35318,0.20177479599999998,1.70023,2.05341,EXTRACTED
I5406,U_I5406/ZN,90.63,2.8,False,0,0.38009,0.65877344,1.70023,2.08032,EXTRACTED
I5410,U_I5410/ZN,80.37,2.8,False,0,0.341138,0.069794155,1.70023,2.041368,EXTRACTED
I5414,U_I5414/ZN,85.12,2.8,False,0,0.12698240000000002,0.04201989,1.70023,1.8272123999999998,EXTRACTED
I5418,U_I5418/ZN,84.55,4.2,False,0,0.0757766,0.11413314,1.70023,1.7760065999999999,EXTRACTED
I5424,U_I5424/ZN,96.71,1.4,False,0,0.36198600000000003,0.5455888040000001,1.70023,2.062216,EXTRACTED
I5427,U_I5427/ZN,94.05,1.4,False,0,0.1204908,0.29196317000000005,1.70023,1.8207208,EXTRACTED
I5430,U_I5430/ZN,86.45,2.8,False,0,0.0301606,0.0,1.70023,1.7303906,EXTRACTED
I5435,U_I5435/ZN,93.29,110.6,False,0,1.556937,0.5235746290000001,2.67486,4.231797,EXTRACTED
I5441,U_I5441/ZN,92.91,1.4,False,0,0.293614,0.3172855,1.70023,1.993844,EXTRACTED
I5445,U_I5445/ZN,89.87,1.4,False,0,0.01742614,0.0,1.70023,1.7176561399999999,EXTRACTED
I5449,U_I5449/ZN,68.78,124.6,False,10430,0.486799,0.43937398499999997,3.328398,3.815197,EXTRACTED
I5450,U_I5450/ZN,69.54,127.4,False,12877,0.20571599999999998,0.16377392799999999,1.599032,1.804748,EXTRACTED
I5451,U_I5451/ZN,66.5,121.8,False,12995,0.338136,0.399713633,1.664199,2.002335,EXTRACTED
I5459,U_I5459/ZN,74.1,123.2,False,9885,0.3750854,0.39760558500000004,3.328398,3.7034834,EXTRACTED
I5460,U_I5460/ZN,74.29,124.6,False,12588,0.11217239999999999,0.06290682,1.599032,1.7112044,EXTRACTED
I5461,U_I5461/ZN,75.05,130.2,False,12746,0.500396,0.41358592,1.664199,2.164595,EXTRACTED
I5468,U_I5468/ZN,72.01,120.4,False,8296,0.3808761,0.488040167,3.328398,3.7092741,EXTRACTED
I5469,U_I5469/ZN,75.62,123.2,False,13897,0.244034,0.29604831,1.599032,1.843066,EXTRACTED
I5470,U_I5470/ZN,72.01,121.8,False,13284,0.302732,0.44701570099999993,1.664199,1.966931,EXTRACTED
I5484,U_I5484/ZN,81.13,121.8,False,6664,0.07294039999999999,0.124528129,3.328398,3.4013383999999998,EXTRACTED
I5485,U_I5485/ZN,80.56,121.8,False,14786,0.19712000000000002,0.3950036,1.599032,1.796152,EXTRACTED
I5486,U_I5486/ZN,81.7,121.8,False,13860,0.25675200000000004,0.72300886,1.664199,1.920951,EXTRACTED
I5497,U_I5497/ZN,27.55,138.6,True,16802,0.226904,0.36780549000000007,1.70023,1.927134,EXTRACTED
I5500,U_I5500/ZN,68.59,116.2,False,3634,0.40722990000000003,0.729952293,3.328398,3.7356279,EXTRACTED
I5501,U_I5501/ZN,70.11,116.2,False,15566,0.10999400000000001,0.45935875,1.599032,1.709026,EXTRACTED
I5502,U_I5502/ZN,63.27,113.4,False,14446,0.304376,0.33883149500000004,1.664199,1.968575,EXTRACTED
I5510,U_I5510/ZN,9.31,35.0,True,16992,0.335064,0.04872079,1.70023,2.035294,EXTRACTED
I5516,U_I5516/ZN,67.45,116.2,False,4119,0.7627898,0.789816328,3.328398,4.0911878,EXTRACTED
I5517,U_I5517/ZN,74.86,112.0,False,15372,0.51991,0.49530056,1.599032,2.118942,EXTRACTED
I5518,U_I5518/ZN,75.24,109.2,False,14186,0.6621239999999999,0.70645720349,1.664199,2.326323,EXTRACTED
I5525,U_I5525/ZN,143.26,63.0,True,16297,0.0485984,0.01012666,1.70023,1.7488283999999998,EXTRACTED
I5528,U_I5528/ZN,70.3,107.8,False,10505,1.019468,0.7850349750000001,3.328398,4.347866,EXTRACTED
I5529,U_I5529/ZN,72.77,116.2,False,12799,0.11111399999999999,0.07018426,1.599032,1.710146,EXTRACTED
I5530,U_I5530/ZN,69.16,121.8,False,12911,0.38240799999999997,0.4277739,1.664199,2.046607,EXTRACTED
I5538,U_I5538/ZN,77.14,119.0,False,9574,0.2775877,0.29495329000000003,3.328398,3.6059856999999997,EXTRACTED
I5539,U_I5539/ZN,75.43,119.0,False,12836,0.056236400000000006,0.012031430000000001,1.599032,1.6552684,EXTRACTED
I5540,U_I5540/ZN,78.47,117.6,False,13033,0.19056720000000002,0.49834144,1.664199,1.8547662,EXTRACTED
I5570,U_I5570/ZN,49.02,61.6,False,13660,0.0655226,0.06703835,0.946814,1.0123366,EXTRACTED
I5571,U_I5571/ZN,50.16,61.6,False,15345,0.054125400000000004,0.0028307700000000002,0.941939,0.9960644,EXTRACTED
I5576,U_I5576/ZN,46.55,50.4,False,15680,0.1328186,0.5174736000000001,0.914189,1.0470076000000001,EXTRACTED
I5579,U_I5579/ZN,138.89,1.4,False,0,0.44048600000000004,0.13849962999999998,1.70023,2.140716,EXTRACTED
I5584,U_I5584/ZN,144.78,26.6,False,0,0.607962,0.260397027,1.70023,2.308192,EXTRACTED
I5588,U_I5588/ZN,144.02,29.4,False,0,0.205184,0.07881755,1.70023,1.905414,EXTRACTED
I5591,U_I5591/ZN,137.56,61.6,False,9844,1.247376,0.89545575,3.328398,4.575774,EXTRACTED
I5592,U_I5592/ZN,129.39,67.2,False,9844,0.268942,0.23190014000000003,0.77983,1.048772,EXTRACTED
I5593,U_I5593/ZN,140.6,56.0,False,6487,0.478228,0.261157,1.664199,2.142427,EXTRACTED
I5599,U_I5599/ZN,29.45,51.8,False,23238,0.508922,0.47351554900000004,0.946814,1.455736,EXTRACTED
I5600,U_I5600/ZN,30.02,54.6,False,22727,0.353864,0.464163564,0.941939,1.295803,EXTRACTED
I5604,U_I5604/ZN,92.34,84.0,False,7821,0.08861669999999999,0.055707889999999996,3.328398,3.4170147,EXTRACTED
I5605,U_I5605/ZN,93.48,84.0,False,13010,0.057299800000000005,0.02296854,1.599032,1.6563318,EXTRACTED
I5606,U_I5606/ZN,92.91,84.0,False,13206,0.0840684,0.04236898,1.664199,1.7482674,EXTRACTED
I5611,U_I5611/ZN,59.09,124.6,False,1963,0.3960045,0.281821104,3.328398,3.7244025,EXTRACTED
I5612,U_I5612/ZN,60.99,120.4,False,16108,0.451904,0.357460401,1.599032,2.050936,EXTRACTED
I5613,U_I5613/ZN,58.52,124.6,False,15255,0.08021400000000001,0.017166864,1.664199,1.744413,EXTRACTED
I5618,U_I5618/ZN,136.99,81.2,False,2734,0.65958598,0.21774159899999998,3.328398,3.98798398,EXTRACTED
I5619,U_I5619/ZN,137.56,81.2,False,15553,0.558192,0.22765287000000003,1.599032,2.1572240000000003,EXTRACTED
I5620,U_I5620/ZN,129.77,84.0,False,15107,1.0341499,1.102018614,1.664199,2.6983489,EXTRACTED
I5626,U_I5626/ZN,29.45,53.2,False,12548,0.18600919999999999,0.104258814,0.914189,1.1001982,EXTRACTED
I5629,U_I5629/ZN,103.74,46.2,False,15853,0.07324900000000001,0.17527365999999997,0.921561,0.99481,EXTRACTED
I5649,U_I5649/ZN,107.35,95.2,False,24102,0.47739400000000004,0.4150855,0.921561,1.398955,EXTRACTED
I5675,U_I5675/ZN,39.52,121.8,False,7769,1.1026121,0.88135111,3.328398,4.4310101,EXTRACTED
I5676,U_I5676/ZN,47.69,134.4,False,16823,0.5608839999999999,0.08079163,1.599032,2.159916,EXTRACTED
I5677,U_I5677/ZN,44.65,127.4,False,16719,0.0545622,0.08780215,1.664199,1.7187611999999999,EXTRACTED
I5689,U_I5689/ZN,89.11,99.4,False,775,0.5125819,0.8466528400000001,0.918145,1.4307269,EXTRACTED
I5690,U_I5690/ZN,93.29,107.8,False,1723,0.886287,0.8081645,0.97463,1.8609170000000002,EXTRACTED
I5804,U_I5804/ZN,41.04,63.0,False,10847,0.389768,0.435506333,0.946814,1.336582,EXTRACTED
I5805,U_I5805/ZN,44.65,71.4,False,15803,0.715566,0.38697623000000003,0.941939,1.657505,EXTRACTED
I5815,U_I5815/ZN,70.87,67.2,True,16591,0.01742614,0.0,0.918145,0.93557114,EXTRACTED
I5865,U_I5865/ZN,77.33,133.0,False,12308,0.5292399999999999,0.534852872,3.328398,3.8576379999999997,EXTRACTED
I5866,U_I5866/ZN,81.13,126.0,False,13667,0.41789000000000004,0.282923592,1.599032,2.016922,EXTRACTED
I5867,U_I5867/ZN,80.56,128.8,False,17765,0.315502,0.084129174,1.664199,1.979701,EXTRACTED
I5878,U_I5878/ZN,85.69,124.6,False,15175,0.7852256200000001,0.7920517850000001,3.328398,4.11362362,EXTRACTED
I5879,U_I5879/ZN,80.18,119.0,False,22740,0.46439199999999997,0.32915437999999997,1.599032,2.063424,EXTRACTED
I5880,U_I5880/ZN,80.75,119.0,False,17143,0.529752,0.18851620200000002,1.664199,2.193951,EXTRACTED
I5886,U_I5886/ZN,69.35,58.8,False,1980,0.9692042000000001,0.848996904,0.918145,1.8873492,EXTRACTED
I5887,U_I5887/ZN,57.38,54.6,False,7073,0.5316420000000001,0.34592997600000003,0.97463,1.506272,EXTRACTED
I5891,U_I5891/ZN,10.64,79.8,False,6506,0.3802755,0.24444791999999999,3.328398,3.7086734999999997,EXTRACTED
I5892,U_I5892/ZN,11.78,79.8,False,6506,0.1320446,0.1518164,0.77983,0.9118746,EXTRACTED
I5893,U_I5893/ZN,6.84,77.0,False,10360,0.7068380000000001,0.2205542,1.664199,2.3710370000000003,EXTRACTED
I6109,U_I6109/ZN,108.87,128.8,False,11140,0.5885098,0.6871156,3.328398,3.9169077999999997,EXTRACTED
I6110,U_I6110/ZN,110.01,128.8,False,15451,0.0437176,0.07983432,1.599032,1.6427496,EXTRACTED
I6111,U_I6111/ZN,116.66,133.0,False,11782,0.5753302,0.551451304,1.664199,2.2395291999999998,EXTRACTED
I6124,U_I6124/ZN,85.31,128.8,False,4089,0.6052851,1.211877732,3.328398,3.9336831,EXTRACTED
I6125,U_I6125/ZN,84.74,128.8,False,17315,0.057894,0.2344102,1.599032,1.656926,EXTRACTED
I6126,U_I6126/ZN,94.62,133.0,False,14358,0.4984586,1.0995573140000001,1.664199,2.1626576,EXTRACTED
I6136,U_I6136/ZN,77.33,51.8,False,1706,0.4508942,0.21285820000000003,3.328398,3.7792922,EXTRACTED
I6137,U_I6137/ZN,76.76,51.8,False,8052,0.12661519999999998,0.21993260999999997,1.599032,1.7256472,EXTRACTED
I6138,U_I6138/ZN,74.86,56.0,False,16533,0.148123,0.17241077999999999,1.664199,1.812322,EXTRACTED
I6143,U_I6143/ZN,68.59,135.8,False,14038,0.5832259999999999,0.48849124000000005,3.328398,3.9116239999999998,EXTRACTED
I6144,U_I6144/ZN,68.02,135.8,False,19930,0.0463272,0.016069140000000003,1.599032,1.6453592,EXTRACTED
I6145,U_I6145/ZN,64.22,142.8,False,7732,0.551862,0.27838277,1.664199,2.216061,EXTRACTED
I6166,U_I6166/ZN,64.22,50.4,False,10219,0.0721694,0.112337736,3.328398,3.4005674,EXTRACTED
I6167,U_I6167/ZN,64.79,50.4,False,15730,0.49970400000000004,0.503146588,1.599032,2.098736,EXTRACTED
I6168,U_I6168/ZN,65.36,50.4,False,12126,0.5291781,0.5713495460000001,1.664199,2.1933771,EXTRACTED
I6176,U_I6176/ZN,53.96,102.2,False,10453,0.6382933,0.293059283,3.328398,3.9666913,EXTRACTED
I6177,U_I6177/ZN,59.47,98.0,False,17132,0.1424152,0.10665251999999999,1.599032,1.7414472,EXTRACTED
I6178,U_I6178/ZN,59.85,99.4,False,12477,0.0345216,0.014483488,1.664199,1.6987206,EXTRACTED
I6186,U_I6186/ZN,17.86,71.4,False,6228,0.062415399999999996,0.04894253999999999,3.328398,3.3908134,EXTRACTED
I6187,U_I6187/ZN,19.0,71.4,False,6739,0.0737006,0.06119985,1.599032,1.6727326,EXTRACTED
I6188,U_I6188/ZN,18.43,71.4,False,16006,0.0922286,0.05441849,1.664199,1.7564275999999999,EXTRACTED
I6199,U_I6199/ZN,61.18,11.2,False,5059,0.3620545,0.34056391,3.328398,3.6904525,EXTRACTED
I6200,U_I6200/ZN,61.94,14.0,False,6209,0.1677026,0.14675267,1.599032,1.7667346,EXTRACTED
I6201,U_I6201/ZN,64.22,9.8,False,15642,0.15453999999999998,0.130999744,1.664199,1.8187389999999999,EXTRACTED
I6207,U_I6207/ZN,80.94,61.6,False,2574,0.09068224999999999,0.13607278,3.328398,3.41908025,EXTRACTED
I6208,U_I6208/ZN,82.08,61.6,False,6416,0.682718,0.5791827799999999,1.599032,2.28175,EXTRACTED
I6209,U_I6209/ZN,81.51,61.6,False,15853,0.8101321,0.26049952000000004,1.664199,2.4743311,EXTRACTED
I6220,U_I6220/ZN,73.72,5.6,True,16351,0.430796,0.09506745,1.70023,2.131026,EXTRACTED
I6224,U_I6224/ZN,137.75,44.8,False,3911,0.9740046,1.036053889,3.328398,4.3024026,EXTRACTED
I6225,U_I6225/ZN,127.3,39.2,False,5369,0.34682,0.3490662600000001,1.599032,1.945852,EXTRACTED
I6226,U_I6226/ZN,135.09,44.8,False,14750,0.6992018,0.524053332,1.664199,2.3634008,EXTRACTED
I6240,U_I6240/ZN,74.29,5.6,True,16927,0.32611,0.09381138,1.70023,2.02634,EXTRACTED
I6260,U_I6260/ZN,138.13,63.0,False,0,0.4151042,0.5415730379999999,7.991147,8.4062512,EXTRACTED
I6273,U_I6273/ZN,142.88,74.2,True,16659,0.216618,0.01817343,0.941939,1.158557,EXTRACTED
I6277,U_I6277/ZN,1.33,46.2,True,16698,1.612216,0.11910967,1.70023,3.312446,EXTRACTED
I6287,U_I6287/ZN,74.1,12.6,False,4303,0.7175819999999999,0.641844154,3.328398,4.04598,EXTRACTED
I6288,U_I6288/ZN,72.96,8.4,False,5694,0.1260192,0.011678290000000001,1.599032,1.7250512,EXTRACTED
I6289,U_I6289/ZN,65.93,9.8,False,14307,0.397408,0.29310822000000003,1.664199,2.061607,EXTRACTED
I6309,U_I6309/ZN,71.25,99.4,False,12332,0.49055599999999994,0.25983743,0.918145,1.408701,EXTRACTED
I6310,U_I6310/ZN,64.6,95.2,False,20436,0.552586,0.62684882,0.97463,1.5272160000000001,EXTRACTED
I6316,U_I6316/ZN,76.0,98.0,False,22216,0.454666,0.56018123,0.918145,1.372811,EXTRACTED
I6317,U_I6317/ZN,69.54,93.8,False,20274,0.28742999999999996,0.33108781000000004,0.97463,1.26206,EXTRACTED
I6322,U_I6322/ZN,69.35,25.2,False,15961,0.4384028,0.53648138,3.328398,3.7668008,EXTRACTED
I6323,U_I6323/ZN,61.56,25.2,False,29098,0.4826664,0.9315779,1.599032,2.0816984,EXTRACTED
I6324,U_I6324/ZN,67.26,25.2,False,2374,0.335316,0.298136314,1.664199,1.999515,EXTRACTED
I6330,U_I6330/ZN,63.65,86.8,False,16824,0.045411200000000006,0.11167910999999998,0.918145,0.9635562,EXTRACTED
I6331,U_I6331/ZN,62.51,86.8,False,22122,0.1243734,0.206632512,0.97463,1.0990034,EXTRACTED
I6337,U_I6337/ZN,60.04,92.4,False,8550,0.27018000000000003,0.6303389829999999,0.918145,1.188325,EXTRACTED
I6338,U_I6338/ZN,67.26,92.4,False,12332,0.153225,0.11404325800000001,0.97463,1.127855,EXTRACTED
I6350,U_I6350/ZN,71.44,117.6,False,15378,0.3196018,0.57884856,0.946814,1.2664158,EXTRACTED
I6351,U_I6351/ZN,70.68,114.8,False,11389,0.480458,0.43687046500000004,0.941939,1.422397,EXTRACTED
I6360,U_I6360/ZN,77.71,84.0,True,16659,4.1439209,2.6374535299999997,6.256666,10.4005869,EXTRACTED
I6447,U_I6447/ZN,137.18,74.2,False,1215,1.055581,0.4224608,3.328398,4.383979,EXTRACTED
I6448,U_I6448/ZN,145.16,79.8,False,1771,0.6568620000000001,0.33758189999999993,1.599032,2.255894,EXTRACTED
I6449,U_I6449/ZN,140.98,70.0,False,15930,0.362348,0.19126474,1.664199,2.026547,EXTRACTED
I6467,U_I6467/ZN,139.46,110.6,False,5444,0.3890026,0.223640707,3.328398,3.7174006,EXTRACTED
I6468,U_I6468/ZN,135.85,109.2,False,5444,0.23824800000000002,0.0989642,0.77983,1.018078,EXTRACTED
I6469,U_I6469/ZN,134.14,109.2,False,11382,0.22044999999999998,0.13194430000000001,1.664199,1.884649,EXTRACTED
I6487,U_I6487/ZN,47.12,131.6,False,5225,0.4558823,0.49191339,3.328398,3.7842803,EXTRACTED
I6488,U_I6488/ZN,43.89,126.0,False,5808,0.544062,0.240553345,1.599032,2.143094,EXTRACTED
I6489,U_I6489/ZN,45.98,130.2,False,14916,0.228826,0.06809931500000001,1.664199,1.893025,EXTRACTED
I6630,U_I6630/ZN,137.18,75.6,False,537,0.824011,0.831966669,0.918145,1.742156,EXTRACTED
I6631,U_I6631/ZN,132.24,70.0,False,816,0.325834,0.11070243,0.97463,1.300464,EXTRACTED
I6664,U_I6664/ZN,81.7,124.6,False,15313,0.4251001,0.6095448500000001,3.328398,3.7534981,EXTRACTED
I6665,U_I6665/ZN,88.73,126.0,False,23886,0.289452,0.6318622059999999,1.599032,1.888484,EXTRACTED
I6666,U_I6666/ZN,82.84,124.6,False,17651,0.03472,0.010538394999999999,1.664199,1.698919,EXTRACTED
I6714,U_I6714/ZN,61.94,102.2,False,11742,0.2115924,0.09232963,3.328398,3.5399903999999998,EXTRACTED
I6715,U_I6715/ZN,61.56,100.8,False,17779,0.0546494,0.06009464,1.599032,1.6536814,EXTRACTED
I6716,U_I6716/ZN,61.75,99.4,False,12269,0.08744299999999999,0.01871448749,1.664199,1.751642,EXTRACTED
I6746,U_I6746/ZN,109.63,130.2,False,10917,0.3255456,0.44751680000000005,3.328398,3.6539436,EXTRACTED
I6747,U_I6747/ZN,109.06,130.2,False,16008,0.241772,0.5081100000000001,1.599032,1.8408039999999999,EXTRACTED
I6748,U_I6748/ZN,105.83,133.0,False,11915,0.335272,0.26029404,1.664199,1.999471,EXTRACTED
I6760,U_I6760/ZN,81.7,128.8,False,11271,0.39774135,0.47625376499999994,3.328398,3.72613935,EXTRACTED
I6761,U_I6761/ZN,87.97,128.8,False,25144,0.797507,0.16667539,1.599032,2.3965389999999998,EXTRACTED
I6762,U_I6762/ZN,89.11,128.8,False,11841,0.544908,0.26737878000000004,1.664199,2.209107,EXTRACTED
I6770,U_I6770/ZN,75.43,57.4,False,883,0.6875675,0.5215911120000001,3.328398,4.0159655,EXTRACTED
I6771,U_I6771/ZN,76.95,50.4,False,925,0.7056804999999999,0.8069577050000001,1.599032,2.3047125,EXTRACTED
I6772,U_I6772/ZN,72.39,54.6,False,16365,0.477232,0.5292272050000001,1.664199,2.141431,EXTRACTED
I6777,U_I6777/ZN,70.87,137.2,False,11518,0.16660247,0.046830642,3.328398,3.49500047,EXTRACTED
I6778,U_I6778/ZN,70.3,137.2,False,13364,0.16872600000000001,0.50407693,1.599032,1.767758,EXTRACTED
I6779,U_I6779/ZN,70.87,135.8,False,10613,0.09599500000000001,0.32005647,1.664199,1.760194,EXTRACTED
I6792,U_I6792/ZN,67.07,51.8,False,8814,0.51517255,0.421428904,3.328398,3.84357055,EXTRACTED
I6793,U_I6793/ZN,67.83,44.8,False,17564,0.36781200000000003,0.7206393,1.599032,1.966844,EXTRACTED
I6794,U_I6794/ZN,69.54,51.8,False,12680,0.21058200000000002,0.32172693,1.664199,1.874781,EXTRACTED
I6805,U_I6805/ZN,14.44,71.4,False,3164,0.4832036,0.156085385,3.328398,3.8116016,EXTRACTED
I6806,U_I6806/ZN,14.06,64.4,False,3538,0.8713580000000001,0.0,1.599032,2.47039,EXTRACTED
I6807,U_I6807/ZN,13.87,71.4,False,18323,0.48870399999999997,0.17277649,1.664199,2.152903,EXTRACTED
I6825,U_I6825/ZN,61.75,7.0,False,2730,0.1067952,0.233609788,3.328398,3.4351932,EXTRACTED
I6826,U_I6826/ZN,60.61,7.0,False,2685,0.1011044,0.061767600000000006,1.599032,1.7001364,EXTRACTED
I6827,U_I6827/ZN,59.47,7.0,False,16045,0.19308340000000002,0.10026779,1.664199,1.8572823999999999,EXTRACTED
I6836,U_I6836/ZN,83.03,63.0,False,1197,0.6544582,0.8344742600000001,3.328398,3.9828562,EXTRACTED
I6837,U_I6837/ZN,86.07,65.8,False,1695,0.13996319999999998,0.161059752,1.599032,1.7389952,EXTRACTED
I6838,U_I6838/ZN,87.59,57.4,False,16344,0.6820059,0.434166636,1.664199,2.3462049,EXTRACTED
I6879,U_I6879/ZN,132.43,46.2,False,1678,0.80183,0.5427439439999999,3.328398,4.130228,EXTRACTED
I6880,U_I6880/ZN,129.39,51.8,False,2773,0.481232,0.187747691,1.599032,2.080264,EXTRACTED
I6881,U_I6881/ZN,128.25,43.4,False,16895,0.400034,0.5944647400000002,1.664199,2.0642329999999998,EXTRACTED
I6962,U_I6962/ZN,4.75,78.4,False,10255,0.4040874,0.6515597799999999,1.70023,2.1043174,EXTRACTED
I6988,U_I6988/ZN,75.24,7.0,False,339,0.4061262,0.189289018,3.328398,3.7345242,EXTRACTED
I6989,U_I6989/ZN,74.67,7.0,False,4090,0.0839026,0.03936924,1.599032,1.6829346,EXTRACTED
I6990,U_I6990/ZN,75.05,1.4,False,16746,0.474212,0.359070654,1.664199,2.138411,EXTRACTED
I7033,U_I7033/ZN,67.45,12.6,False,11740,0.8272554,0.694471285,3.328398,4.1556534,EXTRACTED
I7034,U_I7034/ZN,70.49,16.8,False,26546,0.814277,0.6672836799999999,1.599032,2.413309,EXTRACTED
I7035,U_I7035/ZN,63.27,21.0,False,11530,0.386404,0.37423657,1.664199,2.050603,EXTRACTED
I7048,U_I7048/ZN,84.93,88.2,False,0,6.1066648,5.816209500000002,14.046175,20.1528398,EXTRACTED
I7223,U_I7223/ZN,126.16,68.6,False,396,0.8281376,0.84668859,3.328398,4.1565356,EXTRACTED
I7224,U_I7224/ZN,134.9,75.6,False,851,0.0671532,0.05636592,1.599032,1.6661852,EXTRACTED
I7225,U_I7225/ZN,134.33,75.6,False,16762,0.0842152,0.04958289,1.664199,1.7484142,EXTRACTED
I7321,U_I7321/ZN,56.24,133.0,False,2547,0.8357458,0.6518361149999999,3.328398,4.1641438,EXTRACTED
I7322,U_I7322/ZN,53.2,130.2,False,3546,0.272296,0.19547599,1.599032,1.871328,EXTRACTED
I7323,U_I7323/ZN,60.61,124.6,False,17655,1.0609657,0.4753496039999999,1.664199,2.7251646999999997,EXTRACTED
I7562,U_I7562/ZN,81.32,131.6,False,6350,0.671794,0.7067507699999999,3.328398,4.000192,EXTRACTED
I7563,U_I7563/ZN,78.28,140.0,False,11734,0.6831098,0.6276151699999999,1.599032,2.2821417999999998,EXTRACTED
I7564,U_I7564/ZN,76.95,131.6,False,13761,0.15284319999999998,0.28138,1.664199,1.8170422,EXTRACTED
I7683,U_I7683/ZN,83.98,124.6,False,11628,0.7666141,0.9748253249999999,3.328398,4.0950121,EXTRACTED
I7684,U_I7684/ZN,87.97,121.8,False,11611,0.286214,0.485349074,1.599032,1.885246,EXTRACTED
I7685,U_I7685/ZN,77.9,119.0,False,27787,0.5992999999999999,1.0219595000000001,1.664199,2.263499,EXTRACTED
I7752,U_I7752/ZN,78.66,1.4,False,0,0.434324,0.76673501,1.70023,2.134554,EXTRACTED
I7771,U_I7771/ZN,74.29,1.4,False,0,0.01742614,0.0,1.70023,1.7176561399999999,EXTRACTED
I7817,U_I7817/ZN,108.49,141.4,False,17376,0.26759,0.032633,3.40046,3.66805,EXTRACTED
I7825,U_I7825/ZN,83.22,144.2,False,17786,0.2436004,0.84160214,3.40046,3.6440604,EXTRACTED
I7829,U_I7829/ZN,136.04,70.0,False,20260,0.6878340000000001,0.6992834899999999,3.40046,4.088293999999999,EXTRACTED
I7840,U_I7840/ZN,107.54,141.4,False,16767,0.1209408,0.04609597,3.40046,3.5214008,EXTRACTED
I7847,U_I7847/ZN,141.55,113.4,False,16605,0.4965566,0.28685955349,3.40046,3.8970165999999997,EXTRACTED
I7852,U_I7852/ZN,100.13,141.4,False,16669,0.49603200000000003,0.15583561999999998,3.40046,3.896492,EXTRACTED
I7863,U_I7863/ZN,67.64,5.6,False,1379,0.0623566,0.17767507500000002,3.328398,3.3907546,EXTRACTED
I7864,U_I7864/ZN,68.21,5.6,False,1351,0.202714,0.22948437,1.599032,1.801746,EXTRACTED
I7865,U_I7865/ZN,69.35,5.6,False,17642,0.1383484,0.09430223,1.664199,1.8025474,EXTRACTED
I7875,U_I7875/ZN,85.5,57.4,False,573,0.8374889000000001,0.8986276000000001,3.328398,4.1658869,EXTRACTED
I7876,U_I7876/ZN,80.37,64.4,False,688,0.8962910000000001,0.37939883397000007,1.599032,2.495323,EXTRACTED
I7877,U_I7877/ZN,89.68,57.4,False,16726,0.1083562,0.37768663999999996,1.664199,1.7725552,EXTRACTED
I8178,U_I8178/ZN,140.03,92.4,False,189,0.6469309999999999,0.810689895,3.328398,3.975329,EXTRACTED
I8179,U_I8179/ZN,138.7,88.2,False,213,0.15137540000000002,0.5370826999999999,1.599032,1.7504074,EXTRACTED
I8180,U_I8180/ZN,131.67,86.8,False,16684,0.1118132,0.31312251,1.664199,1.7760122,EXTRACTED
I8479,U_I8479/ZN,58.14,109.2,False,0,0.7287844,0.7626513100000001,3.328398,4.0571824,EXTRACTED
I8480,U_I8480/ZN,63.84,100.8,False,3197,0.55559,0.18493972999999997,1.599032,2.154622,EXTRACTED
I8481,U_I8481/ZN,62.7,100.8,False,21734,0.340948,0.39489094949,1.664199,2.005147,EXTRACTED
I8503,U_I8503/ZN,85.69,44.8,False,0,1.61328966,1.795590415,3.3590370000000003,4.97232666,EXTRACTED
I8513,U_I8513/ZN,29.26,61.6,False,1370,0.19901239999999998,0.225441763,3.328398,3.5274104,EXTRACTED
I8514,U_I8514/ZN,27.17,63.0,False,3686,0.317076,0.3933044,1.599032,1.916108,EXTRACTED
I8515,U_I8515/ZN,27.36,61.6,False,23864,0.4824679,0.55464746,1.664199,2.1466669,EXTRACTED
I8527,U_I8527/ZN,23.56,74.2,False,2107,0.5828992,0.8920109600000001,3.328398,3.9112972,EXTRACTED
I8528,U_I8528/ZN,24.7,74.2,False,2919,0.36707,0.20557281,1.599032,1.966102,EXTRACTED
I8529,U_I8529/ZN,27.55,67.2,False,16627,0.246078,0.20474126800000003,1.664199,1.910277,EXTRACTED
I8543,U_I8543/ZN,26.03,67.2,False,133,0.7227399999999999,0.6284760779999999,3.328398,4.051138,EXTRACTED
I8544,U_I8544/ZN,22.99,74.2,False,3593,0.1517314,0.12716761,1.599032,1.7507634,EXTRACTED
I8545,U_I8545/ZN,26.6,75.6,False,16003,0.404236,0.324061884,1.664199,2.068435,EXTRACTED
I8561,U_I8561/ZN,22.04,71.4,False,192,0.36669799999999997,0.196698275,3.328398,3.695096,EXTRACTED
I8562,U_I8562/ZN,22.99,68.6,False,5352,0.340354,0.22997918,1.599032,1.939386,EXTRACTED
I8563,U_I8563/ZN,22.23,65.8,False,16045,0.143745,0.0521216,1.664199,1.807944,EXTRACTED
I8575,U_I8575/ZN,28.88,65.8,False,1571,0.10663239999999999,0.035565941999999996,3.328398,3.4350304,EXTRACTED
I8576,U_I8576/ZN,29.45,65.8,False,2177,0.06574680000000001,0.11577283000000001,1.599032,1.6647788000000001,EXTRACTED
I8577,U_I8577/ZN,30.02,65.8,False,15312,0.0379276,0.00708049,1.664199,1.7021266,EXTRACTED
I8589,U_I8589/ZN,26.6,71.4,False,119,0.7935888,0.745486505,3.328398,4.1219868,EXTRACTED
I8590,U_I8590/ZN,35.15,77.0,False,4004,0.64641987,1.06679823,1.599032,2.24545187,EXTRACTED
I8591,U_I8591/ZN,34.77,78.4,False,16032,0.89667423,0.71805019,1.664199,2.56087323,EXTRACTED
I8604,U_I8604/ZN,24.13,79.8,False,1692,0.5377700999999999,0.44082430397,3.328398,3.8661681,EXTRACTED
I8605,U_I8605/ZN,27.93,72.8,False,1846,0.09961819999999999,0.021992732,1.599032,1.6986501999999999,EXTRACTED
I8606,U_I8606/ZN,27.74,74.2,False,16984,0.0340576,0.019761179999999996,1.664199,1.6982566,EXTRACTED
I8624,U_I8624/ZN,31.73,65.8,False,2197,0.23031010000000002,0.09122088,3.328398,3.5587081,EXTRACTED
I8625,U_I8625/ZN,32.11,68.6,False,2917,0.32771,0.19725926,1.599032,1.926742,EXTRACTED
I8626,U_I8626/ZN,32.87,65.8,False,16880,0.0787668,0.042938590000000006,1.664199,1.7429658,EXTRACTED
I8640,U_I8640/ZN,32.3,71.4,False,1908,1.255979,1.636056818,3.328398,4.584377,EXTRACTED
I8641,U_I8641/ZN,29.45,67.2,False,2281,0.5491059300000001,1.3982782200000001,1.599032,2.14813793,EXTRACTED
I8642,U_I8642/ZN,42.18,63.0,False,15963,0.241564,0.36683821449,1.664199,1.9057629999999999,EXTRACTED
I8650,U_I8650/ZN,64.41,5.6,False,746,0.41445242,0.47114793,3.328398,3.74285042,EXTRACTED
I8651,U_I8651/ZN,64.98,5.6,False,751,0.039858,0.18379890000000002,1.599032,1.63889,EXTRACTED
I8652,U_I8652/ZN,67.45,11.2,False,16022,0.36263,0.258032924,1.664199,2.026829,EXTRACTED
I8662,U_I8662/ZN,27.55,60.2,False,271,0.7858942999999999,0.75026464,3.328398,4.1142923,EXTRACTED
I8663,U_I8663/ZN,19.95,67.2,False,3739,0.8827240000000001,0.86757585,1.599032,2.481756,EXTRACTED
I8664,U_I8664/ZN,27.93,58.8,False,16058,0.0347178,0.014091079999999999,1.664199,1.6989168,EXTRACTED
I8669,U_I8669/ZN,88.16,61.6,False,200,0.13297989999999998,0.263881605,3.328398,3.4613779,EXTRACTED
I8670,U_I8670/ZN,90.44,61.6,False,381,0.3921848,0.9735673099999999,1.599032,1.9912168000000001,EXTRACTED
I8671,U_I8671/ZN,89.49,61.6,False,16621,0.4834653,0.89475806,1.664199,2.1476642999999997,EXTRACTED
I8676,U_I8676/ZN,94.24,123.2,False,11511,0.0748462,0.21504627999999998,3.328398,3.4032442,EXTRACTED
I8677,U_I8677/ZN,94.81,123.2,False,27789,0.17552299999999998,0.31973208,1.599032,1.7745549999999999,EXTRACTED
I8678,U_I8678/ZN,95.38,123.2,False,11649,0.0950488,0.17139429,1.664199,1.7592478,EXTRACTED
I8715,U_I8715/ZN,94.24,120.4,False,1963,0.10120559,0.010090015,3.328398,3.42960359,EXTRACTED
I8716,U_I8716/ZN,94.81,120.4,False,4012,0.103885,0.10411576,1.599032,1.702917,EXTRACTED
I8717,U_I8717/ZN,95.38,120.4,False,22853,0.036653599999999995,0.016764134,1.664199,1.7008526,EXTRACTED
I8728,U_I8728/ZN,96.52,116.2,False,1565,0.1265936,0.17003953500000002,3.328398,3.4549916,EXTRACTED
I8729,U_I8729/ZN,98.99,116.2,False,3707,0.7551505,0.36729522300000006,1.599032,2.3541825,EXTRACTED
I8730,U_I8730/ZN,97.85,116.2,False,16518,0.78647,0.38347855999999997,1.664199,2.450669,EXTRACTED
I8738,U_I8738/ZN,98.04,109.2,False,1190,0.4879816,0.226114283,3.328398,3.8163796,EXTRACTED
I8739,U_I8739/ZN,94.62,106.4,False,2996,0.454976,0.16248511000000002,1.599032,2.054008,EXTRACTED
I8740,U_I8740/ZN,97.47,109.2,False,16619,0.0759374,0.09236699999999999,1.664199,1.7401364,EXTRACTED
I8750,U_I8750/ZN,91.39,119.0,False,2294,0.7433510999999999,0.42161684000000005,3.328398,4.0717491,EXTRACTED
I8751,U_I8751/ZN,97.09,113.4,False,3809,0.0745278,0.10332288,1.599032,1.6735598,EXTRACTED
I8752,U_I8752/ZN,97.66,113.4,False,16622,0.034900999999999995,0.015022694,1.664199,1.6991,EXTRACTED
I8761,U_I8761/ZN,94.43,109.2,False,1350,0.6339714,0.581459155,3.328398,3.9623694,EXTRACTED
I8762,U_I8762/ZN,98.42,116.2,False,2917,0.463916,0.43699024299999994,1.599032,2.062948,EXTRACTED
I8763,U_I8763/ZN,95.57,109.2,False,16447,0.0615658,0.007984372,1.664199,1.7257647999999999,EXTRACTED
I8770,U_I8770/ZN,90.44,113.4,False,1556,0.51113057,0.717697569,3.328398,3.8395285699999997,EXTRACTED
I8771,U_I8771/ZN,90.63,112.0,False,2568,0.373172,0.36200830000000006,1.599032,1.972204,EXTRACTED
I8772,U_I8772/ZN,82.84,113.4,False,16491,0.241616,0.1835175,1.664199,1.905815,EXTRACTED
I8778,U_I8778/ZN,85.5,109.2,False,933,0.33469820000000006,0.137427885,3.328398,3.6630962,EXTRACTED
I8779,U_I8779/ZN,88.73,110.6,False,1894,0.0861556,0.069406981,1.599032,1.6851876,EXTRACTED
I8780,U_I8780/ZN,84.93,109.2,False,16323,0.151795,0.2376946,1.664199,1.8159939999999999,EXTRACTED
I8786,U_I8786/ZN,94.05,106.4,False,2381,0.58381,0.420606747,3.328398,3.912208,EXTRACTED
I8787,U_I8787/ZN,92.72,109.2,False,4069,0.621956,0.706455417,1.599032,2.220988,EXTRACTED
I8788,U_I8788/ZN,94.05,100.8,False,15793,0.37681200000000004,0.5832031849999999,1.664199,2.041011,EXTRACTED
I8795,U_I8795/ZN,89.3,117.6,False,1470,0.5220473999999999,0.456704134,3.328398,3.8504454,EXTRACTED
I8796,U_I8796/ZN,88.73,119.0,False,2050,0.8100415,0.375898546,1.599032,2.4090735,EXTRACTED
I8797,U_I8797/ZN,88.35,112.0,False,16530,0.267452,0.38773442999999996,1.664199,1.931651,EXTRACTED
I8803,U_I8803/ZN,91.96,124.6,False,1607,0.8301130000000001,0.978531994,3.328398,4.158511,EXTRACTED
I8804,U_I8804/ZN,90.44,117.6,False,2346,0.327842,0.23738815199999996,1.599032,1.926874,EXTRACTED
I8805,U_I8805/ZN,94.05,130.2,False,16415,0.73312,0.34513886949000006,1.664199,2.397319,EXTRACTED
I8869,U_I8869/ZN,33.25,82.6,False,6506,4.652309799999999,3.9573609729999997,12.42116,17.073469799999998,EXTRACTED
I9006,U_I9006/ZN,141.93,85.4,False,87,1.0221036000000001,1.778823043,3.328398,4.3505016,EXTRACTED
I9007,U_I9007/ZN,133.95,85.4,False,108,0.39825,0.38493316899999996,1.599032,1.997282,EXTRACTED
I9008,U_I9008/ZN,132.43,98.0,False,16845,0.5146583,0.5543959119999999,1.664199,2.1788572999999998,EXTRACTED
I9221,U_I9221/ZN,115.52,5.6,False,0,0.08040512,0.199132328,2.647044,2.72744912,EXTRACTED
I9237,U_I9237/ZN,117.23,7.0,False,0,0.7827412,0.635981794,3.593005,4.3757462,EXTRACTED
I9259,U_I9259/ZN,80.56,141.4,False,0,0.0543366,0.08273247499999999,1.70023,1.7545666,EXTRACTED
I9265,U_I9265/ZN,119.51,8.4,False,0,1.09328574,1.291280596,5.000984,6.09426974,EXTRACTED
I9268,U_I9268/ZN,66.69,142.8,False,0,0.8066127,0.47779281,1.70023,2.5068427,EXTRACTED
I9273,U_I9273/ZN,105.64,4.2,False,0,0.6847585999999999,0.8308760119999999,4.971832,5.6565905999999995,EXTRACTED
I9276,U_I9276/ZN,59.47,2.8,False,0,0.01742614,0.0,1.70023,1.7176561399999999,EXTRACTED
I9279,U_I9279/ZN,87.21,141.4,False,0,0.282286,0.0370674,1.70023,1.982516,EXTRACTED
I9282,U_I9282/ZN,139.65,121.8,False,0,0.21979,0.11922218,1.70023,1.9200199999999998,EXTRACTED
I9290,U_I9290/ZN,98.61,2.8,False,0,0.0679396,0.016283600000000002,1.70023,1.7681696,EXTRACTED
I9293,U_I9293/ZN,62.51,142.8,False,0,0.39456,0.1030506,1.70023,2.0947899999999997,EXTRACTED
I9296,U_I9296/ZN,143.64,114.8,False,0,0.294904,0.20042897,1.70023,1.995134,EXTRACTED
I9308,U_I9308/ZN,68.02,142.8,False,0,0.08087720000000001,0.020559470000000003,1.70023,1.7811072,EXTRACTED
I9311,U_I9311/ZN,5.13,86.8,False,0,0.16622340000000002,0.1601433,1.70023,1.8664534,EXTRACTED
I9326,U_I9326/ZN,70.49,141.4,False,0,1.3206305999999999,1.575082925,6.57338,7.8940106,EXTRACTED
I9329,U_I9329/ZN,71.06,140.0,False,0,0.53793,0.09261463,1.70023,2.2381599999999997,EXTRACTED
I9332,U_I9332/ZN,29.64,135.8,False,0,0.1408342,0.08757268000000001,1.70023,1.8410642,EXTRACTED
I9346,U_I9346/ZN,138.7,114.8,False,0,0.782902,0.402157503,1.70023,2.483132,EXTRACTED
I9349,U_I9349/ZN,144.02,126.0,False,0,0.01742614,0.0,1.70023,1.7176561399999999,EXTRACTED
I9352,U_I9352/ZN,2.85,32.2,False,0,0.0374458,0.0409784,1.70023,1.7376757999999999,EXTRACTED
I9368,U_I9368/ZN,143.07,123.2,False,0,0.1113766,0.0,1.70023,1.8116066,EXTRACTED
I9371,U_I9371/ZN,143.26,127.4,False,0,0.33838199999999996,0.56468759,1.70023,2.0386119999999996,EXTRACTED
I9383,U_I9383/ZN,70.87,141.4,False,0,0.46706990000000004,0.5030976450000001,1.70023,2.1672998999999997,EXTRACTED
I9479,U_I9479/ZN,143.64,64.4,False,0,0.117398,0.004996612,1.70023,1.817628,EXTRACTED
I9557,U_I9557/ZN,59.66,14.0,False,475,0.5477616700000001,0.54103853,3.328398,3.87615967,EXTRACTED
I9558,U_I9558/ZN,57.76,7.0,False,311,0.0654788,0.019576841,1.599032,1.6645108,EXTRACTED
I9559,U_I9559/ZN,56.62,7.0,False,16354,0.034677,0.008842160000000002,1.664199,1.698876,EXTRACTED
I9574,U_I9574/ZN,93.29,58.8,False,115,0.724466,0.83747704,3.328398,4.052864,EXTRACTED
I9575,U_I9575/ZN,90.25,58.8,False,87,0.36246,0.19982571500000004,1.599032,1.961492,EXTRACTED
I9576,U_I9576/ZN,100.89,56.0,False,16508,0.49202399999999996,0.516754595,1.664199,2.156223,EXTRACTED
I9717,U_I9717/ZN,39.14,137.2,False,6506,1.80162659,1.641136844,4.709695,6.51132159,EXTRACTED
I9769,U_I9769/ZN,142.88,64.4,False,4751,0.50864,0.26307667999999995,1.70023,2.20887,EXTRACTED
I9810,U_I9810/ZN,43.89,26.6,False,18998,0.439582,0.256596412,1.656515,2.096097,EXTRACTED
I9880,U_I9880/ZN,26.98,113.4,False,20531,0.01742614,0.0,1.656515,1.67394114,EXTRACTED
I9946,U_I9946/ZN,136.42,85.4,False,62,0.1709374,0.032606655,3.328398,3.4993354,EXTRACTED
I9947,U_I9947/ZN,137.75,85.4,False,27,0.0667518,0.10786686,1.599032,1.6657838,EXTRACTED
I9948,U_I9948/ZN,137.56,84.0,False,16682,0.0347638,0.014597690000000002,1.664199,1.6989627999999999,EXTRACTED
g1,U_g1/Q,81.89,96.6,True,16618,5.1674866,1.8282898299999997,2.7788779999999997,7.9463646,EXTRACTED
g100,PORT/g100,0.07,2.87,False,0,0.1667792,0.03445708,0.974659,1.1414382,EXTRACTED
g10001,U_g10001/ZN,112.29,15.4,False,12329,2.32549052,2.5676240800000008,7.709214,10.03470452,EXTRACTED
g10007,U_g10007/ZN,112.67,30.8,False,12349,2.1175102999999997,1.8716023429999997,7.774381,9.8918913,EXTRACTED
g10013,U_g10013/ZN,115.71,29.4,False,12442,2.2051982000000003,2.3435947380000006,7.709214,9.914412200000001,EXTRACTED
g10019,U_g10019/ZN,120.08,25.2,False,11219,1.9348513999999997,1.2097767889999997,7.774381,9.7092324,EXTRACTED
g10025,U_g10025/ZN,118.18,23.8,False,10184,2.3833849,1.8763930770000001,7.709214,10.0925989,EXTRACTED
g1003,U_g1003/Q,100.13,124.6,True,16713,2.6079607000000005,3.234023835,8.363401,10.9713617,EXTRACTED
g10043,U_g10043/ZN,126.16,21.0,False,10893,0.22603182000000002,0.185799305,3.198064,3.4240958200000002,EXTRACTED
g1007,U_g1007/Q,69.16,112.0,True,16006,1.7753922000000002,1.9074960359999997,8.298234,10.073626200000001,EXTRACTED
g101,PORT/g101,147.46,120.47,False,0,0.29450800000000005,0.0287706,0.77983,1.074338,EXTRACTED
g1011,U_g1011/Q,81.7,98.0,True,16630,2.4809966,1.9780780429999998,8.363401,10.8443976,EXTRACTED
g10144,U_g10144/ZN,110.96,26.6,False,14137,0.89075707,1.5546323850000001,3.263231,4.1539880700000005,EXTRACTED
g10149,U_g10149/ZN,119.51,32.2,False,13901,0.8628895,1.105004325,3.198064,4.0609535,EXTRACTED
g1015,U_g1015/Q,65.17,105.0,True,16712,2.4128081000000003,2.554483878,8.298234,10.7110421,EXTRACTED
g10153,U_g10153/ZN,118.75,32.2,False,17679,1.07694607,0.96532122,3.263231,4.34017707,EXTRACTED
g1019,U_g1019/Q,69.73,105.0,True,16039,2.177807,1.261890345,8.363401,10.541208,EXTRACTED
g102,PORT/g102,147.46,119.35,False,0,0.42698200000000003,0.05965352,0.77983,1.206812,EXTRACTED
g10229,U_g10229/ZN,125.4,19.6,False,16436,0.34930929999999993,0.17876736700000004,3.263231,3.6125403,EXTRACTED
g1023,U_g1023/Q,83.6,127.4,True,16751,1.4509143,1.7724688539999998,8.298234,9.749148300000002,EXTRACTED
g10230,U_g10230/ZN,125.97,19.6,False,0,0.39907000000000004,0.8268675249999999,0.946814,1.345884,EXTRACTED
g10231,U_g10231/ZN,124.83,9.8,False,20106,0.4917273,0.31570623000000003,3.198064,3.6897913,EXTRACTED
g10232,U_g10232/ZN,129.2,28.0,False,0,0.43084,0.07099435,0.946814,1.3776540000000002,EXTRACTED
g10237,U_g10237/ZN,126.92,29.4,False,10006,0.0867746,0.09548331,0.946814,1.0335886,EXTRACTED
g10239,U_g10239/ZN,118.94,53.2,False,8986,0.0843758,0.006541465,1.651345,1.7357208000000002,EXTRACTED
g10240,U_g10240/ZN,123.88,29.4,False,9275,0.6419999999999999,0.40449238400000004,0.946814,1.588814,EXTRACTED
g10268,U_g10268/ZN,119.51,53.2,False,9612,0.9365467999999999,1.8686582499999997,1.70023,2.6367768,EXTRACTED
g1027,U_g1027/Q,99.56,107.8,True,16694,2.4151572000000003,2.746170338000001,9.281546,11.696703200000002,EXTRACTED
g10285,U_g10285/ZN,118.56,50.4,False,9612,0.7800440000000001,0.8014991449999997,4.8622630000000004,5.642307000000001,EXTRACTED
g10291,U_g10291/ZN,120.27,53.2,False,9612,0.41857980000000006,0.54285465,4.140003,4.5585828,EXTRACTED
g10295,U_g10295/ZN,108.3,25.2,False,127,0.26090599999999997,0.25793629399999995,0.946814,1.2077200000000001,EXTRACTED
g10297,U_g10297/ZN,105.26,23.8,False,123,0.29736999999999997,0.45174975000000006,0.946814,1.244184,EXTRACTED
g10298,U_g10298/ZN,126.16,29.4,False,121,0.26491600000000004,0.25256525399999996,0.946814,1.2117300000000002,EXTRACTED
g10299,U_g10299/ZN,125.4,29.4,False,126,0.336136,0.57489223,0.946814,1.28295,EXTRACTED
g103,PORT/g103,0.07,88.55,False,0,0.11150320000000001,0.0247137,0.77983,0.8913332,EXTRACTED
g10300,U_g10300/ZN,121.22,28.0,False,123,0.0892162,0.009993244,0.946814,1.0360302000000001,EXTRACTED
g10301,U_g10301/ZN,121.98,23.8,False,0,0.07564860000000001,0.040063715,0.946814,1.0224626,EXTRACTED
g10302,U_g10302/ZN,127.11,15.4,False,22342,0.4840061,0.40539722199999995,3.263231,3.7472371000000004,EXTRACTED
g10303,U_g10303/ZN,109.25,32.2,False,12173,0.34546,0.7517134000000001,0.946814,1.292274,EXTRACTED
g10304,U_g10304/ZN,110.77,32.2,False,12206,0.01742614,0.0,0.946814,0.96424014,EXTRACTED
g10306,U_g10306/ZN,126.73,30.8,False,12228,0.1816982,0.7210443,0.946814,1.1285122,EXTRACTED
g10308,U_g10308/ZN,129.96,35.0,False,12316,0.683121,0.6337617360000001,0.946814,1.6299350000000001,EXTRACTED
g10312,U_g10312/ZN,124.45,28.0,False,11096,0.1174714,0.20492158,0.946814,1.0642854000000002,EXTRACTED
g10316,U_g10316/ZN,115.52,23.8,False,10184,0.278108,0.40861551,0.946814,1.224922,EXTRACTED
g1032,U_g1032/Q,99.18,127.4,True,16704,1.5796184,1.7508990000000002,5.035003,6.6146214,EXTRACTED
g10322,U_g10322/ZN,126.92,37.8,False,10201,0.7280198,0.4832424159999999,1.651345,2.3793648000000003,EXTRACTED
g10324,U_g10324/ZN,122.93,46.2,False,9110,0.1263722,0.05832504499999999,1.651345,1.7777172,EXTRACTED
g10325,U_g10325/ZN,109.63,53.2,False,11766,0.9806339,0.46537834600000005,1.70023,2.6808639,EXTRACTED
g10328,U_g10328/ZN,110.39,43.4,False,11801,1.7614621000000001,0.53942059,1.70023,3.4616921,EXTRACTED
g10331,U_g10331/ZN,117.23,51.8,False,11855,0.347476,0.70680773,1.70023,2.047706,EXTRACTED
g10333,U_g10333/ZN,125.21,43.4,False,10812,1.8049338,2.715308581,1.70023,3.5051638,EXTRACTED
g10334,U_g10334/ZN,126.35,46.2,False,9722,1.475898,1.9329845850000003,1.70023,3.176128,EXTRACTED
g10336,U_g10336/ZN,119.7,16.8,False,0,1.98438,0.624174082,2.618375,4.602755,EXTRACTED
g10339,U_g10339/ZN,126.16,25.2,False,0,1.7004240000000002,0.9781256750000004,2.618375,4.318799,EXTRACTED
g10348,U_g10348/ZN,123.31,39.2,False,10812,0.0429774,0.0282094,1.70023,1.7432074,EXTRACTED
g1035,U_g1035/Q,131.1,113.4,True,16207,1.4389006,0.368609692,2.755084,4.1939846,EXTRACTED
g10357,U_g10357/ZN,121.6,37.8,False,10812,0.0818882,0.01140998,1.70023,1.7821182,EXTRACTED
g10359,U_g10359/ZN,117.23,46.2,False,8984,0.44744691000000003,0.35380701400000003,6.461295,6.90874191,EXTRACTED
g10360,U_g10360/ZN,118.75,39.2,False,8984,0.490008,0.37222568199999995,1.599032,2.08904,EXTRACTED
g10361,U_g10361/ZN,118.56,71.4,False,9612,0.17255579999999998,0.07026412,0.918145,1.0907008,EXTRACTED
g10362,U_g10362/ZN,109.63,47.6,False,8984,1.9717879999999999,1.91910845,0.918145,2.889933,EXTRACTED
g10363,U_g10363/ZN,123.69,46.2,False,9722,0.97176658,1.1072218849999997,9.002266,9.974032580000001,EXTRACTED
g10364,U_g10364/ZN,110.39,42.0,False,11801,2.4320342999999998,1.8887370199999998,0.918145,3.3501792999999997,EXTRACTED
g10366,U_g10366/ZN,121.6,50.4,False,1053,0.41255200000000003,0.27444315999999996,0.879747,1.2922989999999999,EXTRACTED
g10367,U_g10367/ZN,117.23,71.4,False,10877,0.0559654,0.04201613,0.941939,0.9979043999999999,EXTRACTED
g10369,U_g10369/ZN,118.18,74.2,False,12648,0.228906,0.26247596000000006,0.918145,1.147051,EXTRACTED
g10377,output80/Z,134.9,2.8,False,0,0.254302,0.2325236,0,0.254302,EXTRACTED
g10379,output81/Z,123.88,2.8,False,0,0.88405604,0.44575304000000004,0,0.88405604,EXTRACTED
g1038,U_g1038/Q,63.08,107.8,True,16717,0.523505,1.0850752600000002,2.755084,3.278589,EXTRACTED
g10381,U_g10381/ZN,114.57,58.8,False,11766,1.3721240000000001,1.4511314659999999,2.7953419999999998,4.167466,EXTRACTED
g10382,U_g10382/ZN,111.15,43.4,False,11801,2.239909,1.8425179140000003,2.757851,4.9977599999999995,EXTRACTED
g10383,U_g10383/ZN,118.75,51.8,False,11797,1.7617331,0.7380486089999999,2.776382,4.5381151,EXTRACTED
g10384,U_g10384/ZN,123.31,60.2,False,21582,0.621892,0.22351179000000002,0.938321,1.560213,EXTRACTED
g10385,U_g10385/ZN,122.93,47.6,False,11855,1.8164222,0.8931627939999999,3.53652,5.3529422,EXTRACTED
g10386,U_g10386/ZN,121.6,49.0,False,20937,0.1590842,0.18192628,0.941245,1.1003292,EXTRACTED
g10387,U_g10387/ZN,121.22,37.8,False,10812,6.0032583,6.335962379799999,4.116209,10.1194673,EXTRACTED
g10392,U_g10392/ZN,119.7,49.0,False,22902,0.0485564,0.03545679,0.938321,0.9868774,EXTRACTED
g10394,U_g10394/ZN,119.32,47.6,False,22260,0.0594616,0.02817795,0.941245,1.0007066,EXTRACTED
g10396,U_g10396/ZN,123.5,14.0,False,21881,1.0068778,1.4791001140000004,3.809344,4.8162218,EXTRACTED
g104,PORT/g104,0.07,119.35,False,0,0.238628,0.0,0.77983,1.018458,EXTRACTED
g10400,U_g10400/ZN,124.07,39.2,False,10812,0.0816312,0.09553215,0.941939,1.0235702,EXTRACTED
g10401,U_g10401/ZN,124.26,56.0,False,8592,0.26224400000000003,0.73434503,1.714471,1.976715,EXTRACTED
g10402,U_g10402/ZN,110.77,28.0,False,127,1.9169972,1.2050952830000001,2.618375,4.535372199999999,EXTRACTED
g10405,U_g10405/ZN,108.3,28.0,False,123,1.80216415,0.546333166,2.618375,4.42053915,EXTRACTED
g10408,U_g10408/ZN,126.54,23.8,False,121,1.3167977,0.9257455199999999,2.618375,3.9351727,EXTRACTED
g1041,U_g1041/Q,110.2,130.2,True,16693,1.1872399999999999,0.9514455399999998,2.755084,3.942324,EXTRACTED
g10411,U_g10411/ZN,118.94,29.4,False,126,2.0522598,1.28480928,2.618375,4.6706348,EXTRACTED
g10414,U_g10414/ZN,121.6,26.6,False,123,1.0262955,0.46654268200000004,2.618375,3.6446705,EXTRACTED
g10417,U_g10417/ZN,122.36,22.4,False,0,1.3105003,1.160274073,2.618375,3.9288752999999996,EXTRACTED
g10421,U_g10421/ZN,122.93,49.0,False,11855,2.54386534,1.604926336,0.918145,3.46201034,EXTRACTED
g10428,U_g10428/ZN,102.79,57.4,False,11766,1.0412233,1.20470188,3.198064,4.2392873,EXTRACTED
g10429,U_g10429/ZN,104.31,58.8,False,11766,1.784996,2.1287373720000002,0.918145,2.703141,EXTRACTED
g10430,U_g10430/ZN,108.87,50.4,False,11766,1.96653226,1.5965954280000005,11.323558,13.29009026,EXTRACTED
g10431,U_g10431/ZN,110.2,65.8,False,11801,0.554532,0.45533648800000004,0.918145,1.472677,EXTRACTED
g10432,U_g10432/ZN,109.82,43.4,False,11801,0.8273375399999998,0.5700356610000001,8.060327000000001,8.887664540000001,EXTRACTED
g10433,U_g10433/ZN,113.62,50.4,False,11797,1.4444792,1.94686255,1.83629,3.2807692,EXTRACTED
g10434,U_g10434/ZN,113.43,43.4,False,11797,0.82564258,0.7369035010000001,8.060327000000001,8.885969580000001,EXTRACTED
g10435,U_g10435/ZN,114.57,54.6,False,11855,0.786768,0.255463157,0.918145,1.704913,EXTRACTED
g10436,U_g10436/ZN,114.19,43.4,False,11855,0.1746402,0.16859369800000001,1.599032,1.7736722,EXTRACTED
g10437,U_g10437/ZN,118.94,71.4,False,10812,0.203698,0.17210736,0.918145,1.121843,EXTRACTED
g10438,U_g10438/ZN,115.14,46.2,False,10812,1.4810904200000001,1.106142151,9.659359,11.14044942,EXTRACTED
g10439,U_g10439/ZN,121.6,68.6,False,9722,0.46543,0.22349423,0.918145,1.383575,EXTRACTED
g1044,U_g1044/Q,115.9,124.6,True,16715,0.8305752000000001,0.57342858,2.755084,3.5856592000000003,EXTRACTED
g10440,U_g10440/ZN,115.9,44.8,False,5725,0.5597184,0.39778266,0.927525,1.4872434,EXTRACTED
g10441,U_g10441/ZN,114.19,49.0,False,11855,0.81828224,1.2082193579699998,8.060327000000001,8.878609240000001,EXTRACTED
g10442,U_g10442/ZN,126.73,47.6,False,7659,0.1481152,0.18963076,0.941939,1.0900542,EXTRACTED
g10444,U_g10444/ZN,110.58,68.6,False,11766,0.044833399999999995,0.039806,0.918145,0.9629784,EXTRACTED
g10445,U_g10445/ZN,133.76,47.6,False,7711,0.468734,0.13620848,0.941939,1.410673,EXTRACTED
g10446,U_g10446/ZN,122.17,40.6,False,4474,0.25796,0.13493158000000002,0.964824,1.222784,EXTRACTED
g10447,U_g10447/ZN,121.6,47.6,False,12102,0.201014,0.3867975739999999,0.927525,1.128539,EXTRACTED
g10448,U_g10448/ZN,120.27,82.6,False,13989,0.756116,0.6632622499999999,0.918145,1.674261,EXTRACTED
g10449,U_g10449/ZN,113.24,72.8,False,12429,0.303434,0.148795469,0.941939,1.2453729999999998,EXTRACTED
g10450,U_g10450/ZN,114.38,71.4,False,12449,0.37195,0.27234715000000004,0.941939,1.313889,EXTRACTED
g10451,U_g10451/ZN,111.72,68.6,False,14123,0.061573600000000006,0.03947566,0.941939,1.0035126,EXTRACTED
g10452,U_g10452/ZN,118.37,72.8,False,13513,0.6237139999999999,0.769465661,0.918145,1.5418589999999999,EXTRACTED
g10453,U_g10453/ZN,120.27,68.6,False,12584,0.5263599000000001,0.70285632,0.918145,1.4445049,EXTRACTED
g10454,U_g10454/ZN,112.67,64.4,False,12660,1.400217,1.4367313050000001,0.918145,2.318362,EXTRACTED
g10455,output82/Z,131.29,1.4,False,127,0.27101600000000003,0.58759831,0,0.27101600000000003,EXTRACTED
g10457,output83/Z,123.31,4.2,False,123,0.457304,0.50153653,0,0.457304,EXTRACTED
g10459,output84/Z,129.39,4.2,False,121,0.32492000000000004,0.157889209,0,0.32492000000000004,EXTRACTED
g10461,output85/Z,125.59,1.4,False,126,0.1358358,0.09883637,0,0.1358358,EXTRACTED
g10463,output86/Z,108.3,4.2,False,123,0.6115001,0.75140327,0,0.6115001,EXTRACTED
g10465,output87/Z,118.18,4.2,False,0,0.344836,0.18158129,0,0.344836,EXTRACTED
g10467,U_g10467/ZN,106.97,50.4,False,19921,0.508244,0.27737206400000003,0.914189,1.422433,EXTRACTED
g10468,U_g10468/ZN,108.11,43.4,False,25010,0.9129961,1.1041561269999998,0.923766,1.8367621,EXTRACTED
g10469,U_g10469/ZN,103.74,44.8,False,7260,0.429244,0.43560203,0.927525,1.3567690000000001,EXTRACTED
g1047,U_g1047/Q,126.73,113.4,True,16187,0.8693096299999998,0.7107727,2.755084,3.62439363,EXTRACTED
g10470,U_g10470/ZN,113.43,42.0,False,23774,0.751928,0.5602863199999999,0.938321,1.6902490000000001,EXTRACTED
g10472,U_g10472/ZN,121.41,58.8,False,19691,0.909132,0.507971328,0.941245,1.850377,EXTRACTED
g10474,U_g10474/ZN,125.21,36.4,False,19431,1.0818109,0.46706051800000004,0.914189,1.9959999000000002,EXTRACTED
g10475,U_g10475/ZN,113.05,44.8,False,20378,0.24907400000000002,0.42091307349,0.914189,1.1632630000000002,EXTRACTED
g10476,U_g10476/ZN,127.3,54.6,False,20226,0.44223199999999996,0.37314913,0.923766,1.3659979999999998,EXTRACTED
g10477,U_g10477/ZN,109.06,44.8,False,22793,0.06855220000000001,0.06022841,0.923766,0.9923181999999999,EXTRACTED
g10478,U_g10478/ZN,114.38,44.8,False,22484,0.318384,0.606291305,0.938321,1.256705,EXTRACTED
g10479,U_g10479/ZN,110.96,49.0,False,24432,0.505192,0.502515182,0.941245,1.446437,EXTRACTED
g10480,U_g10480/ZN,111.53,56.0,False,23233,0.045247,0.0867762,1.714471,1.7597180000000001,EXTRACTED
g10481,U_g10481/ZN,123.88,43.4,False,17518,0.37175199999999997,0.4531496099999999,0.914189,1.285941,EXTRACTED
g10482,U_g10482/ZN,122.17,47.6,False,19022,0.214032,0.22012467000000002,0.923766,1.137798,EXTRACTED
g10483,U_g10483/ZN,104.88,49.0,False,22967,0.0508274,0.01305056,1.714471,1.7652984,EXTRACTED
g10484,U_g10484/ZN,125.02,39.2,False,9794,0.668898,0.9516105549999999,1.714471,2.383369,EXTRACTED
g10485,U_g10485/ZN,121.03,44.8,False,8648,0.266382,0.400747605,1.714471,1.9808530000000002,EXTRACTED
g10489,U_g10489/ZN,117.61,72.8,False,14120,0.1914274,0.18132487300000003,0.918145,1.1095724,EXTRACTED
g10494,U_g10494/ZN,112.48,72.8,False,12429,0.5865101,0.39669480999999995,0.918145,1.5046551,EXTRACTED
g10495,U_g10495/ZN,111.15,75.6,False,13778,0.1821044,0.23402343949000004,0.941939,1.1240434,EXTRACTED
g10496,U_g10496/ZN,118.18,77.0,False,12794,0.803535,0.8114827099999998,0.918145,1.72168,EXTRACTED
g10497,U_g10497/ZN,126.54,4.2,False,9593,0.7831344,0.9670977700000001,0.918145,1.7012794,EXTRACTED
g105,U_g105/Q,114.38,120.4,True,16710,4.3434391,2.1725736550000003,3.55141,7.8948491,EXTRACTED
g1050,U_g1050/Q,82.65,135.8,True,16736,0.4947251,0.5492271339999999,2.755084,3.2498091000000002,EXTRACTED
g10500,U_g10500/ZN,129.77,47.6,False,15120,0.0886728,0.012566350000000002,0.97463,1.0633028,EXTRACTED
g10501,U_g10501/ZN,128.44,46.2,False,14524,0.07611259999999999,0.073311756,0.918145,0.9942576,EXTRACTED
g10502,U_g10502/ZN,105.83,36.4,False,21165,2.6056186,0.51840999,1.70023,4.3058486,EXTRACTED
g10503,U_g10503/ZN,115.71,35.0,False,9354,0.7560643,1.2312396509999999,1.883878,2.6399423,EXTRACTED
g10504,U_g10504/ZN,114.0,39.2,False,9179,0.6790567000000001,0.6810791700000001,0.941939,1.6209957,EXTRACTED
g10505,U_g10505/ZN,114.0,42.0,False,5399,0.23491599999999999,0.425363925,0.879747,1.114663,EXTRACTED
g10506,U_g10506/ZN,120.08,40.6,False,8415,0.464328,0.588862178,0.941939,1.406267,EXTRACTED
g10507,U_g10507/ZN,111.91,43.4,False,4638,0.07915280000000001,0.123585,0.964824,1.0439768,EXTRACTED
g10508,U_g10508/ZN,124.45,43.4,False,8662,0.1547886,0.026958233999999998,0.941939,1.0967276,EXTRACTED
g10509,U_g10509/ZN,111.91,42.0,False,8313,0.073518,0.13244551,0.927525,1.0010430000000001,EXTRACTED
g10510,U_g10510/ZN,125.4,37.8,False,7015,0.31347800000000003,0.35346102,0.941939,1.255417,EXTRACTED
g10511,U_g10511/ZN,116.47,33.6,False,3250,0.91587135,0.6985259300000001,0.879747,1.7956183499999998,EXTRACTED
g10512,U_g10512/ZN,124.45,40.6,False,8792,0.22758,0.442066473,0.941939,1.169519,EXTRACTED
g10513,U_g10513/ZN,116.85,50.4,False,3967,0.1521756,0.18299855199999995,0.879747,1.0319226,EXTRACTED
g10514,U_g10514/ZN,116.66,74.2,False,18291,1.7006819000000002,1.4738375000000001,0.946814,2.6474959,EXTRACTED
g10515,U_g10515/ZN,109.44,42.0,False,13075,1.79113915,0.9622594480000001,2.67486,4.46599915,EXTRACTED
g10518,U_g10518/ZN,119.13,50.4,False,13248,3.6457964,3.8520841970000013,4.181376,7.8271724,EXTRACTED
g10521,U_g10521/ZN,121.22,46.2,False,7099,1.26987,0.8214098900000001,1.651345,2.921215,EXTRACTED
g10522,U_g10522/ZN,118.94,54.6,False,8986,0.48614204000000005,0.9053570300000001,1.70023,2.18637204,EXTRACTED
g10529,U_g10529/ZN,110.58,47.6,False,5735,0.462148,0.37288484899999996,1.651345,2.113493,EXTRACTED
g1053,U_g1053/Q,102.79,134.4,True,16721,1.0441116,1.1855172849999998,2.755084,3.7991956,EXTRACTED
g10533,U_g10533/ZN,117.42,74.2,False,18604,0.36544000000000004,0.46540254999999997,0.918145,1.283585,EXTRACTED
g10544,U_g10544/ZN,112.86,78.4,False,16493,0.471628,0.45542113000000006,0.918145,1.389773,EXTRACTED
g10549,U_g10549/ZN,112.1,70.0,False,16326,0.0718462,0.03561757000000001,0.918145,0.9899912,EXTRACTED
g10550,U_g10550/ZN,113.24,77.0,False,17822,0.60398,0.254358205,0.918145,1.522125,EXTRACTED
g10554,U_g10554/ZN,116.47,40.6,False,15405,0.051107,0.01604299,0.97463,1.025737,EXTRACTED
g10555,U_g10555/ZN,113.43,47.6,False,22805,0.6531224,0.28044112800000004,0.918145,1.5712674,EXTRACTED
g10556,U_g10556/ZN,127.3,43.4,False,20385,0.49184150000000004,1.1456724550000001,0.97463,1.4664715,EXTRACTED
g10557,U_g10557/ZN,126.54,43.4,False,15801,0.70477,0.5771501899999999,0.918145,1.6229149999999999,EXTRACTED
g10558,U_g10558/ZN,129.96,40.6,False,16514,0.0837044,0.031062700000000002,0.97463,1.0583344,EXTRACTED
g10559,U_g10559/ZN,128.63,42.0,False,15174,0.0601412,0.11972859999999999,0.918145,0.9782862,EXTRACTED
g1056,U_g1056/Q,76.38,137.2,True,16747,2.8885178000000002,1.863389252,2.755084,5.643601800000001,EXTRACTED
g10560,U_g10560/ZN,116.85,77.0,False,6995,0.230052,0.07589979000000001,0.946814,1.176866,EXTRACTED
g10561,U_g10561/ZN,112.48,71.4,False,18109,0.6520171499999999,2.180326915,0.946814,1.59883115,EXTRACTED
g10562,U_g10562/ZN,104.31,49.0,False,4732,0.0593916,0.15691118,1.74594,1.8053316000000001,EXTRACTED
g10563,U_g10563/ZN,133.38,44.8,False,9794,1.1547607,0.5581181909999999,1.70023,2.8549907,EXTRACTED
g10564,U_g10564/ZN,116.09,79.8,False,13813,1.9766487000000001,1.8525828410000003,1.83629,3.8129387,EXTRACTED
g10567,U_g10567/ZN,115.52,96.6,False,21806,1.7875896999999998,2.643110331,1.83629,3.6238797,EXTRACTED
g10570,U_g10570/ZN,125.02,46.2,False,9110,1.4409118300000001,0.80635504,1.70023,3.14114183,EXTRACTED
g10581,U_g10581/ZN,128.44,25.2,False,0,0.1372594,0.19462057000000002,0.941939,1.0791984,EXTRACTED
g10582,U_g10582/ZN,121.6,19.6,False,0,0.0570076,0.13958053,0.941939,0.9989466,EXTRACTED
g10583,U_g10583/ZN,140.22,40.6,False,12014,0.01742614,0.0,1.70023,1.7176561399999999,EXTRACTED
g10584,U_g10584/ZN,108.3,54.6,False,8986,12.35040436,5.736299637490001,3.64949,15.99989436,EXTRACTED
g1059,U_g1059/Q,71.44,137.2,True,16805,3.97346626,1.6961745639999999,2.755084,6.7285502600000004,EXTRACTED
g10594,U_g10594/ZN,112.29,56.0,False,6000,0.40738,0.08470946800000001,0.918145,1.325525,EXTRACTED
g10595,U_g10595/ZN,119.13,81.2,False,17434,2.002662,0.574382314,0.946814,2.9494759999999998,EXTRACTED
g10597,U_g10597/ZN,114.19,77.0,False,17328,1.8097942,1.332732533,1.83629,3.6460841999999998,EXTRACTED
g10599,U_g10599/ZN,114.95,75.6,False,4314,1.6660757,0.52927747,1.83629,3.5023657,EXTRACTED
g1062,U_g1062/Q,59.66,133.0,True,16800,1.9167877,2.3695012180000004,2.755084,4.6718717000000005,EXTRACTED
g10622,U_g10622/ZN,109.63,70.0,False,3864,0.568462,0.35310398949,0.946814,1.515276,EXTRACTED
g10623,U_g10623/ZN,111.72,71.4,False,17964,1.510231,1.7024367200000006,0.946814,2.457045,EXTRACTED
g10624,U_g10624/ZN,108.68,65.8,False,3351,1.602214,0.63734071,0.946814,2.549028,EXTRACTED
g10625,U_g10625/ZN,119.32,82.6,False,3210,0.67336441,1.9765383400000003,0.946814,1.62017841,EXTRACTED
g10626,U_g10626/ZN,116.85,75.6,False,6593,0.6408119999999999,0.415069979,0.946814,1.587626,EXTRACTED
g10627,U_g10627/ZN,126.16,78.4,False,5073,1.569824,1.2844360160000003,0.946814,2.5166380000000004,EXTRACTED
g10628,output88/Z,144.59,40.6,False,13075,0.1495706,0.07971384999999999,0,0.1495706,EXTRACTED
g10629,U_g10629/ZN,140.98,40.6,False,12014,0.44136137000000003,0.356738615,4.37509,4.81645137,EXTRACTED
g10633,U_g10633/ZN,130.15,60.2,False,8330,0.220386,0.04828527,0.941939,1.162325,EXTRACTED
g10634,U_g10634/ZN,129.2,58.8,False,8345,0.1050802,0.14509655000000002,0.941939,1.0470192,EXTRACTED
g10635,U_g10635/ZN,110.96,79.8,False,13444,0.15624559999999998,0.114841621,1.83629,1.9925356,EXTRACTED
g10638,U_g10638/ZN,128.82,61.6,False,8147,0.1928314,0.19914222,0.941939,1.1347703999999998,EXTRACTED
g10639,U_g10639/ZN,104.69,96.6,False,18680,2.06746825,5.629038233,1.83629,3.90375825,EXTRACTED
g10642,U_g10642/ZN,131.29,65.8,False,8168,0.5596181,0.393898817,0.941939,1.5015570999999999,EXTRACTED
g10643,U_g10643/ZN,109.06,89.6,False,13752,0.329622,0.37872975999999997,1.83629,2.165912,EXTRACTED
g10646,U_g10646/ZN,101.84,82.6,False,13216,0.30614637,0.98476459,1.83629,2.14243637,EXTRACTED
g10649,U_g10649/ZN,117.8,85.4,False,17428,0.446252,0.546683888,1.83629,2.282542,EXTRACTED
g1065,U_g1065/Q,66.88,109.2,True,15994,1.2815264,1.373011994,2.755084,4.0366104,EXTRACTED
g10652,U_g10652/ZN,119.7,99.4,False,13865,0.723977,1.2721652900000004,1.83629,2.560267,EXTRACTED
g10655,U_g10655/ZN,94.62,71.4,False,21381,1.4377743,3.03094232,1.83629,3.2740643,EXTRACTED
g10658,U_g10658/ZN,101.84,91.0,False,19503,0.9252699,1.0069571999999998,1.83629,2.7615599,EXTRACTED
g10661,U_g10661/ZN,112.29,61.6,False,2674,0.234648,0.2194507,0.941939,1.176587,EXTRACTED
g10662,U_g10662/ZN,124.07,12.6,False,216,0.364602,0.25021840897000003,0.946814,1.311416,EXTRACTED
g10663,U_g10663/ZN,128.25,28.0,False,10006,0.528154,0.33852650400000006,1.119679,1.647833,EXTRACTED
g10664,U_g10664/ZN,123.31,19.6,False,9275,1.1005499,0.699852194,1.119679,2.2202289000000004,EXTRACTED
g10665,U_g10665/ZN,60.8,22.4,False,16978,0.1293806,0.023853788,0.964824,1.0942046,EXTRACTED
g10666,U_g10666/ZN,109.06,25.2,False,127,1.0757964,0.8384930639999999,0.941939,2.0177354,EXTRACTED
g10667,U_g10667/ZN,113.24,21.0,False,123,0.7472835999999999,0.47473346000000005,0.941939,1.6892226,EXTRACTED
g10668,U_g10668/ZN,126.54,57.4,False,9794,0.234202,0.15235142,0.940092,1.174294,EXTRACTED
g10669,U_g10669/ZN,127.68,25.2,False,121,0.53558987,0.65672179,0.941939,1.47752887,EXTRACTED
g10670,U_g10670/ZN,124.83,12.6,False,21665,0.1031946,0.16745119000000003,0.946814,1.0500086,EXTRACTED
g10671,U_g10671/ZN,125.59,26.6,False,126,0.1878726,0.23289225500000005,0.941939,1.1298116,EXTRACTED
g10672,U_g10672/ZN,122.55,26.6,False,123,0.28006,0.15089768349,0.941939,1.2219989999999998,EXTRACTED
g10673,U_g10673/ZN,121.03,22.4,False,0,0.0631556,0.05526039,0.941939,1.0050946,EXTRACTED
g10676,U_g10676/ZN,125.59,67.2,False,9110,0.5037407,0.564389638,0.918145,1.4218857,EXTRACTED
g10679,U_g10679/ZN,52.06,124.6,False,8986,7.051729999999999,3.0926201279,2.891199,9.942929,EXTRACTED
g1068,U_g1068/Q,122.93,106.4,True,16827,0.29210590000000003,0.28516654,2.755084,3.0471899000000002,EXTRACTED
g10680,U_g10680/ZN,111.91,103.6,False,2500,0.9957119999999999,0.88060799,0.941939,1.9376509999999998,EXTRACTED
g10681,U_g10681/ZN,84.17,93.8,False,4158,0.15502,0.27106824000000007,0.941939,1.096959,EXTRACTED
g10682,U_g10682/ZN,114.57,67.2,False,3901,0.8156159999999999,0.23514932500000002,0.941939,1.757555,EXTRACTED
g10683,U_g10683/ZN,121.41,65.8,False,11855,0.18274200000000002,0.17089974000000002,0.959052,1.141794,EXTRACTED
g10684,U_g10684/ZN,112.29,57.4,False,3767,0.0760722,0.06600481200000001,0.941939,1.0180112,EXTRACTED
g10685,U_g10685/ZN,113.81,54.6,False,3669,0.273704,0.26003931,0.941939,1.215643,EXTRACTED
g10686,U_g10686/ZN,121.98,60.2,False,3524,0.548772,0.35270929,0.941939,1.4907110000000001,EXTRACTED
g10690,U_g10690/ZN,125.97,60.2,False,5558,0.313682,0.378865,0.941939,1.255621,EXTRACTED
g10701,U_g10701/ZN,129.96,46.2,False,9712,0.261386,0.16930354,0.946814,1.2082000000000002,EXTRACTED
g10702,U_g10702/ZN,103.17,49.0,False,7455,6.917236150000001,7.187906038000001,27.770967,34.68820315,EXTRACTED
g10705,U_g10705/ZN,114.19,79.8,False,4572,0.9566049999999999,0.51334059,0.941939,1.8985439999999998,EXTRACTED
g10706,U_g10706/ZN,87.59,92.4,False,8548,0.428246,0.43305008999999994,0.941939,1.370185,EXTRACTED
g10707,U_g10707/ZN,115.71,57.4,False,15483,0.94469,0.3149251650000002,1.119679,2.064369,EXTRACTED
g1071,U_g1071/Q,80.75,35.0,True,16885,5.4050323,2.341562815,2.755084,8.1601163,EXTRACTED
g10711,U_g10711/ZN,120.08,60.2,False,16090,0.1372212,0.03546684,1.119679,1.2569002,EXTRACTED
g10712,U_g10712/ZN,127.11,9.8,False,216,0.8085597,0.36364987000000004,2.618375,3.4269347,EXTRACTED
g10715,U_g10715/ZN,97.28,120.4,False,10089,0.335496,0.367494735,0.941939,1.277435,EXTRACTED
g10716,U_g10716/ZN,116.47,9.8,False,21881,0.4735338,0.5671520000000001,3.198064,3.6715978,EXTRACTED
g10717,U_g10717/ZN,102.79,74.2,False,15783,0.550306,0.429678124,1.119679,1.669985,EXTRACTED
g10718,U_g10718/ZN,91.39,96.6,False,19263,0.0796322,0.21684703,1.119679,1.1993112000000001,EXTRACTED
g10719,U_g10719/ZN,102.6,33.6,False,12300,2.7126074,0.608510074,1.119679,3.8322864,EXTRACTED
g10720,U_g10720/ZN,111.53,32.2,False,12329,1.211752,1.7014570799999997,1.119679,2.3314310000000003,EXTRACTED
g10721,U_g10721/ZN,133.19,30.8,False,12349,2.9900371000000003,0.42495588999999995,1.119679,4.1097161,EXTRACTED
g10722,U_g10722/ZN,124.64,29.4,False,12442,1.38051,3.0737515,1.119679,2.5001889999999998,EXTRACTED
g10723,U_g10723/ZN,132.62,61.6,False,17645,0.16200599999999998,0.046041740000000005,0.918145,1.0801509999999999,EXTRACTED
g10724,U_g10724/ZN,122.74,28.0,False,11219,1.9563249999999999,0.80736305,1.119679,3.076004,EXTRACTED
g10725,U_g10725/ZN,131.86,58.8,False,17701,0.01742614,0.0,0.918145,0.93557114,EXTRACTED
g10726,U_g10726/ZN,121.22,23.8,False,10184,1.8731018,2.21528806,1.119679,2.9927808000000002,EXTRACTED
g10727,U_g10727/ZN,130.34,58.8,False,15804,0.224918,0.161428668,0.918145,1.143063,EXTRACTED
g10728,U_g10728/ZN,137.75,70.0,False,17933,0.380682,0.677943462,0.918145,1.298827,EXTRACTED
g10731,U_g10731/ZN,59.85,23.8,False,7770,1.19413,0.5662133509999999,1.599032,2.7931619999999997,EXTRACTED
g10732,U_g10732/ZN,110.77,64.4,False,14333,0.747295,0.6560286,1.119679,1.8669740000000001,EXTRACTED
g10733,U_g10733/ZN,92.72,123.2,False,16196,1.03301512,1.47107166,0.918145,1.95116012,EXTRACTED
g10736,U_g10736/ZN,106.59,100.8,False,7353,0.0424262,0.05841629999999999,0.941939,0.9843651999999999,EXTRACTED
g10737,U_g10737/ZN,113.81,82.6,False,5557,0.0419658,0.06398412,0.941939,0.9839047999999999,EXTRACTED
g10738,U_g10738/ZN,111.91,78.4,False,1343,0.353576,0.33524390000000004,0.941939,1.295515,EXTRACTED
g10739,U_g10739/ZN,129.2,74.2,False,11640,0.36612639999999996,0.42692899999999995,3.414701,3.7808273999999997,EXTRACTED
g1074,U_g1074/Q,52.06,98.0,True,16038,1.4396586,2.0886809374899995,2.755084,4.1947426,EXTRACTED
g10741,U_g10741/ZN,111.91,79.8,False,4139,0.260108,0.48812432,0.941939,1.2020469999999999,EXTRACTED
g10742,U_g10742/ZN,82.08,68.6,False,4020,0.1759216,0.23480483000000002,0.941939,1.1178606,EXTRACTED
g10743,U_g10743/ZN,59.47,89.6,False,7530,0.104449,0.07922312,0.941939,1.0463879999999999,EXTRACTED
g10744,U_g10744/ZN,125.02,60.2,False,3928,0.136401,0.15548543,0.918145,1.054546,EXTRACTED
g10745,U_g10745/ZN,107.73,96.6,False,3890,0.0888242,0.01157266,0.941939,1.0307632,EXTRACTED
g10746,U_g10746/ZN,111.34,85.4,False,4231,1.131827,1.58256341,0.941939,2.073766,EXTRACTED
g10750,U_g10750/ZN,124.64,95.2,False,3276,0.41121199999999997,0.14030930000000003,0.941939,1.353151,EXTRACTED
g10751,U_g10751/ZN,110.77,82.6,False,3989,0.1810544,0.20552378100000002,0.941939,1.1229934,EXTRACTED
g10752,U_g10752/ZN,113.62,93.8,False,677,0.820106,0.5910395919999998,0.941939,1.762045,EXTRACTED
g10753,U_g10753/ZN,114.19,85.4,False,5803,0.156527,0.040037,0.941939,1.098466,EXTRACTED
g10758,U_g10758/ZN,126.73,99.4,False,4411,0.6048036,1.1449077980000002,0.941939,1.5467426,EXTRACTED
g10759,U_g10759/ZN,135.09,49.0,False,6786,0.9098143999999999,1.44691652,0.946814,1.8566284,EXTRACTED
g10760,U_g10760/ZN,117.23,40.6,False,7111,0.35219,0.31363708999999995,0.941939,1.2941289999999999,EXTRACTED
g10761,U_g10761/ZN,130.53,42.0,False,8767,0.0434108,0.02163972,0.941939,0.9853497999999999,EXTRACTED
g10762,U_g10762/ZN,110.58,78.4,False,4139,2.1867055,2.15252002,0.941939,3.1286445,EXTRACTED
g10763,U_g10763/ZN,62.51,89.6,False,7530,0.050052400000000004,0.14844228099999998,0.941939,0.9919914,EXTRACTED
g10764,U_g10764/ZN,108.3,85.4,False,4231,0.6902779,0.4243297199999999,0.941939,1.6322169,EXTRACTED
g10765,U_g10765/ZN,121.41,113.4,False,17767,0.510096,0.12606334800000002,1.119679,1.629775,EXTRACTED
g10766,U_g10766/ZN,107.16,82.6,False,3989,0.35386,0.8940531759999999,0.941939,1.295799,EXTRACTED
g10767,U_g10767/ZN,81.32,93.8,False,16970,0.31391600000000003,0.2800745,1.119679,1.4335950000000002,EXTRACTED
g10768,U_g10768/ZN,110.58,85.4,False,5803,2.29683423,1.974330846,0.941939,3.23877323,EXTRACTED
g10769,U_g10769/ZN,111.72,98.0,False,4411,0.947808,0.5360916,0.941939,1.8897469999999998,EXTRACTED
g1077,U_g1077/Q,79.61,106.4,True,16671,3.3725690000000004,2.5722896449999992,2.755084,6.1276530000000005,EXTRACTED
g10770,U_g10770/ZN,110.96,58.8,False,18603,0.47390000000000004,0.39187046499999995,1.119679,1.593579,EXTRACTED
g10771,U_g10771/ZN,111.53,57.4,False,18338,0.1332944,0.040706320000000004,1.119679,1.2529734000000001,EXTRACTED
g10772,U_g10772/ZN,67.26,65.8,False,8198,0.050170799999999995,0.04482565,0.941939,0.9921097999999999,EXTRACTED
g10773,U_g10773/ZN,116.66,57.4,False,15371,0.0336732,0.054723799999999996,1.119679,1.1533522,EXTRACTED
g10776,U_g10776/ZN,121.22,106.4,False,15874,0.391492,0.12641908,1.119679,1.511171,EXTRACTED
g10777,U_g10777/ZN,112.86,120.4,False,8546,0.228376,0.19686873800000002,0.941939,1.170315,EXTRACTED
g10778,U_g10778/ZN,95.19,126.0,False,9831,0.0812288,0.03562146000000001,0.946814,1.0280428000000001,EXTRACTED
g10779,U_g10779/ZN,121.22,9.8,False,23023,0.271936,0.41091999999999995,1.70023,1.9721659999999999,EXTRACTED
g10780,U_g10780/ZN,133.38,58.8,False,11973,0.625268,0.27653518000000005,1.119679,1.7449470000000002,EXTRACTED
g10782,U_g10782/ZN,132.62,58.8,False,10864,0.292138,0.0684505,1.119679,1.411817,EXTRACTED
g10784,U_g10784/ZN,130.53,63.0,False,9063,0.5974364,0.53513574,1.119679,1.7171154,EXTRACTED
g10785,U_g10785/ZN,132.05,67.2,False,12187,0.1828388,0.34426430999999996,1.119679,1.3025178000000002,EXTRACTED
g10788,U_g10788/ZN,70.49,56.0,False,861,4.98033334,5.598135386999999,7.6365739999999995,12.61690734,EXTRACTED
g10791,U_g10791/ZN,72.39,79.8,False,15058,2.3174316,1.721481426,1.119679,3.4371106,EXTRACTED
g10793,U_g10793/ZN,61.75,89.6,False,17990,2.5054588,1.14761877,1.119679,3.6251378,EXTRACTED
g10795,U_g10795/ZN,98.04,86.8,False,16489,0.057247,0.07149373,1.119679,1.1769260000000001,EXTRACTED
g10797,U_g10797/ZN,99.75,81.2,False,16285,0.0663384,0.029072439999999998,1.119679,1.1860174,EXTRACTED
g10798,U_g10798/ZN,78.47,77.0,False,17964,1.0707520000000001,0.6167876280000001,1.119679,2.1904310000000002,EXTRACTED
g10799,U_g10799/ZN,99.37,100.8,False,16385,0.230108,0.363473667,1.119679,1.349787,EXTRACTED
g108,U_g108/Q,68.02,110.6,True,15988,2.6451344,2.9207653459999996,2.619024,5.2641583999999995,EXTRACTED
g1080,U_g1080/Q,122.17,89.6,True,16699,1.2865067,0.8806414200000001,2.755084,4.0415907,EXTRACTED
g10800,U_g10800/ZN,67.64,64.4,False,18836,0.8090679999999999,1.1574166760000002,1.119679,1.928747,EXTRACTED
g10801,output89/Z,128.44,8.4,False,216,0.807584,0.13249018999999998,0,0.807584,EXTRACTED
g10805,U_g10805/ZN,122.74,42.0,False,9676,0.65552834,0.64495577,1.664199,2.31972734,EXTRACTED
g10807,U_g10807/ZN,131.29,42.0,False,12602,0.1088808,0.35091412499999997,1.599032,1.7079128,EXTRACTED
g10808,U_g10808/ZN,127.87,60.2,False,11676,0.11888919999999999,0.09647800000000001,0.941939,1.0608282,EXTRACTED
g10809,U_g10809/ZN,70.68,53.2,False,8298,1.191776,0.9411096919999997,5.59875,6.790526,EXTRACTED
g10818,U_g10818/ZN,61.94,30.8,False,11721,0.29953,0.45565698,0.941939,1.241469,EXTRACTED
g1083,U_g1083/Q,59.09,119.0,True,16742,1.6158999,1.7312554610000004,2.755084,4.370983900000001,EXTRACTED
g10849,U_g10849/ZN,127.87,68.6,False,13391,0.1410978,0.12376123999999998,0.918145,1.0592428,EXTRACTED
g10852,U_g10852/ZN,128.06,70.0,False,11640,0.382694,0.6250896,0.918145,1.3008389999999999,EXTRACTED
g10853,U_g10853/ZN,52.63,33.6,False,6121,0.385846,0.20276616500000003,0.918145,1.303991,EXTRACTED
g10855,U_g10855/ZN,106.97,102.2,False,17888,1.191781,0.58686737,1.119679,2.3114600000000003,EXTRACTED
g10856,U_g10856/ZN,114.19,84.0,False,16331,0.21204399999999998,0.09794376600000002,1.119679,1.331723,EXTRACTED
g10857,U_g10857/ZN,105.64,77.0,False,13516,0.239466,0.26848463000000006,1.119679,1.359145,EXTRACTED
g10858,U_g10858/ZN,115.71,82.6,False,15268,0.6418079999999999,0.8077983310000001,1.119679,1.761487,EXTRACTED
g10859,U_g10859/ZN,84.93,70.0,False,16855,0.6044560000000001,0.38403665000000003,1.119679,1.7241350000000002,EXTRACTED
g1086,U_g1086/Q,77.52,86.8,True,16605,3.8104060100000003,3.264331700000001,2.755084,6.56549001,EXTRACTED
g10860,U_g10860/ZN,60.61,88.2,False,18187,0.1947644,0.16343205100000002,1.119679,1.3144434,EXTRACTED
g10861,U_g10861/ZN,108.3,95.2,False,16948,0.21539,0.47495049999999994,1.119679,1.335069,EXTRACTED
g10862,U_g10862/ZN,124.83,74.2,False,15496,0.501698,0.27733071000000004,1.119679,1.621377,EXTRACTED
g10863,U_g10863/ZN,125.78,100.8,False,18144,0.4343015,0.78879866,1.119679,1.5539805000000002,EXTRACTED
g10864,U_g10864/ZN,108.3,81.2,False,16295,0.615228,1.08368777,1.119679,1.7349070000000002,EXTRACTED
g10865,U_g10865/ZN,109.44,103.6,False,16352,0.5763262,0.5954276720000001,1.119679,1.6960052,EXTRACTED
g10866,U_g10866/ZN,115.9,86.8,False,17277,1.3481422,1.9390965900000001,1.119679,2.4678212000000004,EXTRACTED
g10883,U_g10883/ZN,73.91,51.8,False,8298,0.7076901000000001,1.0552008799999997,3.89852,4.6062101,EXTRACTED
g10886,U_g10886/ZN,134.33,42.0,False,4917,3.3603841,3.4078526229999997,0.918145,4.2785291,EXTRACTED
g1089,U_g1089/Q,76.76,78.4,True,16605,2.1138524700000003,1.7389307170000001,2.755084,4.86893647,EXTRACTED
g10898,U_g10898/ZN,116.09,119.0,False,18879,0.168972,0.07517183000000001,1.119679,1.2886510000000002,EXTRACTED
g109,PORT/g109,61.695,0.07,False,0,0.1910766,0.066909782,0.77983,0.9709066000000001,EXTRACTED
g1092,U_g1092/Q,42.94,96.6,True,16595,2.7161623,1.26529252,2.755084,5.471246300000001,EXTRACTED
g10923,U_g10923/ZN,95.57,124.6,False,17286,2.2117864999999997,2.3870647694900002,4.116209,6.327995499999999,EXTRACTED
g10927,U_g10927/ZN,45.03,61.6,False,7455,3.22707524,2.5139754192700003,11.69556,14.92263524,EXTRACTED
g10933,U_g10933/ZN,54.15,28.0,False,15949,0.467742,0.638970758,0.946814,1.4145560000000001,EXTRACTED
g10936,U_g10936/ZN,128.25,63.0,False,16258,0.568314,0.13029780800000001,1.119679,1.687993,EXTRACTED
g10937,U_g10937/ZN,18.05,72.8,False,10116,1.0663388,0.3808468950000001,5.59875,6.6650887999999995,EXTRACTED
g10946,U_g10946/ZN,38.19,53.2,False,18867,1.120476,1.3754068494900002,0.941939,2.062415,EXTRACTED
g10948,U_g10948/ZN,76.38,56.0,False,18657,0.0564358,0.06725694,0.941939,0.9983748,EXTRACTED
g10949,U_g10949/ZN,72.01,58.8,False,22606,0.788961,0.6584318404899999,0.941939,1.7309,EXTRACTED
g1095,U_g1095/Q,51.49,93.8,True,16672,2.1979056,2.630090633,2.755084,4.9529896,EXTRACTED
g10950,U_g10950/ZN,80.75,43.4,False,444,0.219132,0.33171625,1.70023,1.919362,EXTRACTED
g10969,U_g10969/ZN,78.47,57.4,False,16274,0.31935600000000003,0.33604404,0.941939,1.261295,EXTRACTED
g10970,U_g10970/ZN,133.95,72.8,False,12743,0.6895699,0.26671139,1.714471,2.4040409,EXTRACTED
g10971,U_g10971/ZN,127.3,70.0,False,16082,0.1487212,0.13899533500000003,1.651345,1.8000662,EXTRACTED
g1098,U_g1098/Q,82.84,79.8,True,16625,1.6495229999999999,1.9815530209999999,2.755084,4.404607,EXTRACTED
g11005,U_g11005/ZN,30.02,63.0,False,25159,0.6712596000000001,1.3777416,0.941939,1.6131986,EXTRACTED
g11006,U_g11006/ZN,25.84,75.6,False,16777,0.22450799999999999,0.44043083000000005,0.941939,1.166447,EXTRACTED
g11007,U_g11007/ZN,29.07,74.2,False,18482,0.1624108,0.0,0.941939,1.1043498,EXTRACTED
g11008,U_g11008/ZN,26.22,68.6,False,19941,0.493924,0.31463304,0.941939,1.435863,EXTRACTED
g11009,U_g11009/ZN,40.85,75.6,False,16901,0.7324360000000001,0.5497629340000001,0.941939,1.674375,EXTRACTED
g1101,U_g1101/Q,83.22,112.0,True,16677,1.7366557999999999,2.041896317,11.566919,13.3035748,EXTRACTED
g11010,U_g11010/ZN,28.5,68.6,False,18751,0.8651617,1.2847106599999998,0.941939,1.8071007,EXTRACTED
g11011,U_g11011/ZN,71.63,51.8,False,21499,0.0663516,0.13823644000000002,0.941939,1.0082906,EXTRACTED
g11012,U_g11012/ZN,38.0,74.2,False,16341,0.172409,0.13826431,0.941939,1.114348,EXTRACTED
g11013,U_g11013/ZN,31.35,67.2,False,16659,0.296188,0.7641045500000001,0.941939,1.238127,EXTRACTED
g11015,U_g11015/ZN,37.05,67.2,False,16726,0.0820804,0.15405396999999998,0.941939,1.0240194,EXTRACTED
g11018,U_g11018/ZN,47.88,57.4,False,16509,0.277488,0.9099894900000001,0.941939,1.219427,EXTRACTED
g11019,U_g11019/ZN,58.9,47.6,False,16449,0.2401,0.19277517,0.941939,1.182039,EXTRACTED
g11020,U_g11020/ZN,57.38,50.4,False,16239,0.1289626,0.06587219,0.941939,1.0709016,EXTRACTED
g11021,U_g11021/ZN,50.54,51.8,False,16428,0.1115626,0.0555124,0.941939,1.0535016,EXTRACTED
g11022,U_g11022/ZN,49.78,50.4,False,16456,0.33278,0.5572096919999999,0.941939,1.274719,EXTRACTED
g11023,U_g11023/ZN,41.42,49.0,False,16419,0.7433940000000001,0.33703861,0.941939,1.685333,EXTRACTED
g11024,U_g11024/ZN,42.94,50.4,False,16338,0.1780538,0.10198484,0.941939,1.1199928,EXTRACTED
g11025,U_g11025/ZN,43.7,58.8,False,16363,0.312864,0.283060541,0.941939,1.254803,EXTRACTED
g11026,U_g11026/ZN,50.35,57.4,False,15596,0.0466236,0.016844483,0.941939,0.9885626,EXTRACTED
g11027,U_g11027/ZN,54.34,64.4,False,16384,0.0681264,0.186012632,0.941939,1.0100654,EXTRACTED
g11028,U_g11028/ZN,46.74,61.6,False,16595,0.0385854,0.0246393,0.941939,0.9805244,EXTRACTED
g11029,U_g11029/ZN,49.02,65.8,False,16384,0.212988,0.507054855,0.941939,1.154927,EXTRACTED
g11030,U_g11030/ZN,41.23,67.2,False,15649,0.561116,0.33720436000000004,0.941939,1.5030549999999998,EXTRACTED
g11031,U_g11031/ZN,41.23,47.6,False,16371,0.5944313999999999,0.589474374,0.941939,1.5363704,EXTRACTED
g11032,U_g11032/ZN,49.21,57.4,False,15868,0.1000282,0.010335559999999999,0.941939,1.0419672,EXTRACTED
g1104,U_g1104/Q,78.85,116.2,True,16673,2.5417137000000003,1.9791742520000002,11.717039,14.2587527,EXTRACTED
g11058,U_g11058/ZN,60.8,23.8,False,16595,0.13650040000000002,0.098116925,0.918145,1.0546454,EXTRACTED
g11060,U_g11060/ZN,18.24,77.0,False,10116,1.05558631,2.0264879799999997,3.89852,4.95410631,EXTRACTED
g1107,U_g1107/Q,83.79,114.8,True,16726,1.47310055,1.8824456155,13.581949,15.05504955,EXTRACTED
g11070,U_g11070/ZN,76.0,14.0,False,541,0.109577,0.023490984,0.941939,1.051516,EXTRACTED
g11077,U_g11077/ZN,125.4,70.0,False,16331,4.0396148,1.2696526799999999,0.918145,4.9577598,EXTRACTED
g11083,U_g11083/ZN,68.59,16.8,False,861,1.4228914,1.049623655,3.89852,5.3214114,EXTRACTED
g11085,U_g11085/ZN,35.72,63.0,False,1062,0.6411728000000001,0.48579955999999996,0.946814,1.5879868000000001,EXTRACTED
g11087,U_g11087/ZN,78.28,37.8,False,153,0.1048936,0.009166529999999999,0.941939,1.0468326,EXTRACTED
g11091,U_g11091/ZN,85.69,32.2,False,193,0.095262,0.014452900000000001,0.941939,1.037201,EXTRACTED
g11092,U_g11092/ZN,78.66,43.4,False,211,0.5423521,0.8314609399999999,0.941939,1.4842911,EXTRACTED
g11093,U_g11093/ZN,87.59,53.2,False,151,0.18697080000000002,0.159304675,0.941939,1.1289098,EXTRACTED
g11094,U_g11094/ZN,75.62,56.0,False,1834,0.08836,0.10672788,0.946814,1.035174,EXTRACTED
g11095,U_g11095/ZN,81.89,19.6,False,187,0.1081028,0.0126998,0.941939,1.0500418,EXTRACTED
g11097,U_g11097/ZN,76.19,50.4,False,2712,0.0315118,0.1322776,0.946814,0.9783258,EXTRACTED
g11098,U_g11098/ZN,89.49,47.6,False,206,0.6598679999999999,0.92866523,0.941939,1.601807,EXTRACTED
g11099,U_g11099/ZN,72.77,57.4,False,1836,0.0785704,0.045007831,0.946814,1.0253844,EXTRACTED
g1110,U_g1110/Q,100.32,105.0,True,16719,1.8491746999999998,2.214610875,15.694797,17.5439717,EXTRACTED
g11100,U_g11100/ZN,74.29,40.6,False,185,0.207622,0.26458468999999996,0.941939,1.149561,EXTRACTED
g11101,U_g11101/ZN,74.86,49.0,False,202,0.9171900000000001,0.29925483899999994,0.941939,1.859129,EXTRACTED
g11102,U_g11102/ZN,84.93,21.0,False,175,0.0526892,0.11007826799999998,0.941939,0.9946282,EXTRACTED
g11103,U_g11103/ZN,17.29,75.6,False,17430,0.1397738,0.10363323999999999,0.941939,1.0817128,EXTRACTED
g11104,U_g11104/ZN,19.95,72.8,False,17024,0.07633559999999999,0.007193615,0.941939,1.0182746,EXTRACTED
g11105,U_g11105/ZN,15.39,71.4,False,16593,0.6943729999999999,0.09891048999999999,0.941939,1.6363119999999998,EXTRACTED
g11107,U_g11107/ZN,54.72,49.0,False,7455,0.6163919,0.8242065800000001,1.94926,2.5656518999999998,EXTRACTED
g11111,U_g11111/ZN,46.36,51.8,False,7455,0.99781237,1.2089885040000001,3.89852,4.89633237,EXTRACTED
g1113,U_g1113/Q,94.24,134.4,True,16732,0.97413121,1.3414484100000001,6.023936,6.99806721,EXTRACTED
g11143,U_g11143/ZN,71.06,130.2,False,17038,1.1003509999999999,1.129375549,0.941939,2.04229,EXTRACTED
g11144,U_g11144/ZN,38.0,58.8,False,1088,0.732278,0.47708764500000006,0.946814,1.679092,EXTRACTED
g11145,U_g11145/ZN,35.34,72.8,False,1641,0.314548,0.43020166,0.946814,1.261362,EXTRACTED
g11146,U_g11146/ZN,33.06,75.6,False,1728,0.18565079999999998,0.18208324999999997,0.946814,1.1324648,EXTRACTED
g11147,U_g11147/ZN,35.72,70.0,False,1580,0.06448759999999999,0.27455250999999997,0.946814,1.0113016000000001,EXTRACTED
g11148,U_g11148/ZN,69.73,9.8,False,368,0.83945,0.5946504,0.941939,1.781389,EXTRACTED
g11149,U_g11149/ZN,30.59,68.6,False,856,0.268482,0.151847631,0.946814,1.215296,EXTRACTED
g11150,U_g11150/ZN,72.01,9.8,False,314,0.051727800000000004,0.00522756,0.941939,0.9936668,EXTRACTED
g11151,U_g11151/ZN,44.84,72.8,False,1386,0.11762299999999999,0.24869682999999998,0.946814,1.064437,EXTRACTED
g11152,U_g11152/ZN,71.82,50.4,False,1939,0.058237,0.018091272000000002,0.946814,1.0050510000000001,EXTRACTED
g11153,U_g11153/ZN,75.43,9.8,False,319,0.0796364,0.0383825,0.941939,1.0215754,EXTRACTED
g11154,U_g11154/ZN,40.28,74.2,False,1536,0.01742614,0.0,0.946814,0.96424014,EXTRACTED
g11156,U_g11156/ZN,38.57,67.2,False,1071,0.01630032,0.00176665,0.946814,0.9631143200000001,EXTRACTED
g11157,U_g11157/ZN,85.69,22.4,False,444,3.8741393,3.037949659000001,8.77167,12.6458093,EXTRACTED
g11158,U_g11158/ZN,41.8,74.2,False,967,0.453006,0.67109697,0.946814,1.39982,EXTRACTED
g11161,U_g11161/ZN,21.85,75.6,False,20526,0.08051660000000001,0.031213364,0.941939,1.0224556,EXTRACTED
g11163,output90/Z,117.99,5.6,False,23023,0.44727,0.54424439,0,0.44727,EXTRACTED
g11164,U_g11164/ZN,25.84,60.2,False,23204,0.066957,0.10961451,0.941939,1.008896,EXTRACTED
g11165,U_g11165/ZN,30.59,58.8,False,15709,0.12720599999999999,0.31031773,0.941939,1.069145,EXTRACTED
g11166,U_g11166/ZN,35.91,58.8,False,15682,0.31885,0.7027628419999999,0.941939,1.260789,EXTRACTED
g11167,U_g11167/ZN,32.49,54.6,False,15829,0.362788,0.14697097,0.941939,1.304727,EXTRACTED
g11168,U_g11168/ZN,26.41,51.8,False,15713,0.469748,0.33953029,0.941939,1.411687,EXTRACTED
g11169,U_g11169/ZN,37.24,50.4,False,16348,0.34422800000000003,0.06292706399999999,0.941939,1.286167,EXTRACTED
g1117,U_g1117/Q,46.74,128.8,True,16825,4.10391031,6.293882562,6.014359,10.118269309999999,EXTRACTED
g11170,U_g11170/ZN,41.99,44.8,False,15859,0.440054,0.41721999,0.941939,1.381993,EXTRACTED
g11171,U_g11171/ZN,18.81,57.4,False,16458,0.6934583000000001,0.524225361,0.941939,1.6353973000000002,EXTRACTED
g11172,U_g11172/ZN,13.68,54.6,False,15181,0.1796792,0.6075824200000001,0.941939,1.1216182,EXTRACTED
g11173,U_g11173/ZN,19.95,63.0,False,15285,0.0452064,0.01824378,0.941939,0.9871454,EXTRACTED
g11174,U_g11174/ZN,18.81,61.6,False,16346,0.0876804,0.11669867,0.941939,1.0296194,EXTRACTED
g11175,U_g11175/ZN,28.31,57.4,False,15187,0.387436,0.15815010100000004,0.941939,1.329375,EXTRACTED
g11176,U_g11176/ZN,17.1,56.0,False,16242,0.367726,0.20706375999999999,0.941939,1.3096649999999999,EXTRACTED
g11177,U_g11177/ZN,22.04,63.0,False,16262,0.0483822,0.015103179999999999,0.941939,0.9903212,EXTRACTED
g11178,U_g11178/ZN,26.41,61.6,False,16389,0.86824,0.8676374530000001,0.941939,1.810179,EXTRACTED
g11186,U_g11186/ZN,45.41,63.0,False,1045,0.70934036,1.4565083900000002,0.946814,1.65615436,EXTRACTED
g11187,U_g11187/ZN,42.75,58.8,False,1607,0.302942,0.19501227,0.946814,1.249756,EXTRACTED
g11188,U_g11188/ZN,47.12,57.4,False,956,0.1796752,0.160041334,0.946814,1.1264892,EXTRACTED
g11189,U_g11189/ZN,47.88,58.8,False,1056,0.7121219999999999,0.71184231,0.946814,1.658936,EXTRACTED
g11190,U_g11190/ZN,46.17,63.0,False,995,0.1095796,0.019471855000000003,0.946814,1.0563936,EXTRACTED
g11192,U_g11192/ZN,44.65,64.4,False,1668,0.01742614,0.0,0.946814,0.96424014,EXTRACTED
g11194,U_g11194/ZN,43.89,63.0,False,960,0.1698876,0.19763724600000002,0.946814,1.1167016,EXTRACTED
g11196,U_g11196/ZN,39.52,58.8,False,1458,0.252572,0.15176867,0.946814,1.199386,EXTRACTED
g11198,U_g11198/ZN,48.07,56.0,False,924,0.0308884,0.09034853999999999,0.946814,0.9777024000000001,EXTRACTED
g11199,U_g11199/ZN,18.24,57.4,False,7455,1.1921598800000002,0.6191315379999999,3.89852,5.09067988,EXTRACTED
g11201,U_g11201/ZN,72.58,50.4,False,21134,0.19570500000000002,0.445099482,0.918145,1.11385,EXTRACTED
g11203,U_g11203/ZN,21.28,57.4,False,7455,1.1012778,0.9875956130000001,3.89852,4.9997978,EXTRACTED
g11204,U_g11204/ZN,74.67,12.6,False,16293,0.0711818,0.022655150000000002,0.946814,1.0179958,EXTRACTED
g11206,output91/Z,135.47,47.6,False,12014,1.1566040000000002,0.41623702199999996,0,1.1566040000000002,EXTRACTED
g11209,U_g11209/ZN,125.21,14.0,False,216,0.1140184,0.22841336,0.941939,1.0559574,EXTRACTED
g1121,U_g1121/Q,93.48,39.2,True,16785,4.419002580000001,7.848333870999998,6.023936,10.44293858,EXTRACTED
g11210,U_g11210/ZN,71.82,37.8,False,11724,0.935772,0.581565776,0.941939,1.8777110000000001,EXTRACTED
g11211,U_g11211/ZN,61.56,26.6,False,16203,0.131765,0.17767921,0.946814,1.078579,EXTRACTED
g11212,U_g11212/ZN,75.24,29.4,False,16394,0.537714,0.46659999999999996,0.946814,1.484528,EXTRACTED
g11213,U_g11213/ZN,85.69,36.4,False,16861,0.1374778,0.11563414,0.946814,1.0842918000000001,EXTRACTED
g11214,U_g11214/ZN,85.5,42.0,False,16828,0.1418282,0.10693799000000001,0.946814,1.0886422,EXTRACTED
g11215,U_g11215/ZN,84.74,47.6,False,16416,0.360238,0.39567220000000003,0.946814,1.307052,EXTRACTED
g11216,U_g11216/ZN,88.92,21.0,False,16834,0.519568,0.651830965,0.946814,1.466382,EXTRACTED
g11217,U_g11217/ZN,44.65,65.8,False,25517,1.5200938,1.3653837359999998,4.116209,5.636302799999999,EXTRACTED
g11218,U_g11218/ZN,88.92,43.4,False,16721,0.475104,0.4576642939999999,0.946814,1.421918,EXTRACTED
g11219,U_g11219/ZN,30.59,74.2,False,18368,1.18065504,1.0364076000000002,4.181376,5.36203104,EXTRACTED
g11220,U_g11220/ZN,80.56,33.6,False,16381,0.7477785000000001,0.47444950999999996,0.946814,1.6945925000000002,EXTRACTED
g11221,U_g11221/ZN,30.59,75.6,False,19966,0.89246647,0.48857956,4.116209,5.00867547,EXTRACTED
g11222,U_g11222/ZN,75.05,46.2,False,16483,0.576636,0.55917419,0.946814,1.52345,EXTRACTED
g11223,U_g11223/ZN,34.2,70.0,False,20373,0.4496886000000001,0.87862387,4.181376,4.6310646,EXTRACTED
g11224,U_g11224/ZN,83.03,18.2,False,16836,0.1827028,0.047232826,0.946814,1.1295168,EXTRACTED
g11225,U_g11225/ZN,35.34,68.6,False,17635,0.952746,1.17483574,4.116209,5.068955,EXTRACTED
g11226,U_g11226/ZN,10.83,77.0,False,4996,0.20938,0.82372305,0.946814,1.1561940000000002,EXTRACTED
g11227,U_g11227/ZN,42.75,72.8,False,19745,0.3966321,0.721972731,4.181376,4.5780081,EXTRACTED
g11228,U_g11228/ZN,27.55,70.0,False,5059,0.505962,0.375084378,0.946814,1.452776,EXTRACTED
g11229,U_g11229/ZN,41.04,74.2,False,17837,0.26223903,0.270745315,4.116209,4.3784480299999995,EXTRACTED
g11230,U_g11230/ZN,18.05,75.6,False,4977,0.40386787,0.72244165,0.946814,1.35068187,EXTRACTED
g11231,U_g11231/ZN,39.33,67.2,False,17634,0.58057893,0.24101965700000003,4.181376,4.76195493,EXTRACTED
g11232,U_g11232/ZN,38.38,68.6,False,17311,0.506262,0.272321233,4.116209,4.622470999999999,EXTRACTED
g11233,U_g11233/ZN,44.08,67.2,False,19309,1.2889226999999999,0.865540491,4.116209,5.405131699999999,EXTRACTED
g11234,U_g11234/ZN,53.96,49.0,False,1008,0.0433862,0.04526666,0.946814,0.9902002000000001,EXTRACTED
g11235,U_g11235/ZN,63.08,46.2,False,970,0.3293,0.5078398900000001,0.946814,1.276114,EXTRACTED
g11236,U_g11236/ZN,43.7,49.0,False,1239,0.46187999999999996,0.608219562,0.946814,1.4086940000000001,EXTRACTED
g11237,U_g11237/ZN,53.01,50.4,False,987,0.1525932,0.487954932,0.946814,1.0994072000000001,EXTRACTED
g11238,U_g11238/ZN,42.94,49.0,False,914,0.6934915100000001,0.222231086,0.946814,1.6403055100000001,EXTRACTED
g11239,U_g11239/ZN,37.43,64.4,False,7455,0.7348239999999999,0.8731758800000001,2.92389,3.658714,EXTRACTED
g11240,U_g11240/ZN,42.94,57.4,False,1584,0.213544,0.18716541399999997,0.946814,1.160358,EXTRACTED
g11243,U_g11243/ZN,41.23,44.8,False,7455,1.0865765,1.321498212,3.89852,4.9850965,EXTRACTED
g11246,U_g11246/ZN,77.52,56.0,False,18637,0.467842,0.5652879700000001,0.918145,1.385987,EXTRACTED
g11247,U_g11247/ZN,77.71,50.4,False,23068,0.0635454,0.014195851,0.918145,0.9816904,EXTRACTED
g11248,U_g11248/ZN,65.17,11.2,False,16308,0.9607321,0.93153839,0.946814,1.9075461,EXTRACTED
g11249,U_g11249/ZN,60.23,121.8,False,17559,1.1477180999999999,0.6633675699999998,4.181376,5.3290941,EXTRACTED
g1125,U_g1125/Q,54.34,100.8,True,16714,3.7077231,3.4723173190000023,6.038491,9.7462141,EXTRACTED
g11252,U_g11252/ZN,73.53,58.8,False,16598,0.1289836,0.004288813,0.918145,1.0471286,EXTRACTED
g11253,U_g11253/ZN,77.9,8.4,False,15994,0.26098,0.62027579,0.946814,1.207794,EXTRACTED
g11254,U_g11254/ZN,80.56,9.8,False,16785,0.284128,0.37851587,0.946814,1.230942,EXTRACTED
g11255,U_g11255/ZN,21.66,77.0,False,4852,0.01710698,0.00031916400000000004,0.946814,0.96392098,EXTRACTED
g11256,U_g11256/ZN,55.48,56.0,False,16810,0.791212,0.58720085,1.119679,1.9108910000000001,EXTRACTED
g11257,U_g11257/ZN,54.53,47.6,False,16797,0.1051472,0.01975513,1.119679,1.2248262,EXTRACTED
g11258,U_g11258/ZN,57.76,47.6,False,16597,0.394314,0.44620495,1.119679,1.5139930000000001,EXTRACTED
g11259,U_g11259/ZN,50.16,53.2,False,16899,2.2153395,0.9224970060000001,1.119679,3.3350185,EXTRACTED
g11260,U_g11260/ZN,56.81,49.0,False,16845,0.309542,0.58257032,1.119679,1.429221,EXTRACTED
g11261,U_g11261/ZN,45.98,40.6,False,16673,0.1002126,0.04954987,1.119679,1.2198916000000002,EXTRACTED
g11262,U_g11262/ZN,43.89,53.2,False,17246,0.1028116,0.08233126,1.119679,1.2224906,EXTRACTED
g11263,U_g11263/ZN,40.09,56.0,False,17400,1.3567419,1.271615284,1.119679,2.4764209,EXTRACTED
g11264,U_g11264/ZN,51.11,57.4,False,16020,0.1571924,0.2661338,1.119679,1.2768714,EXTRACTED
g11265,U_g11265/ZN,56.05,64.4,False,16812,0.1085458,0.227585,1.119679,1.2282248,EXTRACTED
g11266,U_g11266/ZN,47.5,61.6,False,16962,1.2868870000000001,0.83772661,1.119679,2.406566,EXTRACTED
g11267,U_g11267/ZN,45.41,64.4,False,17448,0.307662,0.49877045400000003,1.119679,1.4273410000000002,EXTRACTED
g11268,U_g11268/ZN,47.12,63.0,False,16085,0.6515878,0.6935678129999999,1.119679,1.7712668000000003,EXTRACTED
g11269,U_g11269/ZN,43.7,57.4,False,17341,0.31396199999999996,0.186613078,1.119679,1.4336410000000002,EXTRACTED
g11270,U_g11270/ZN,49.21,56.0,False,16208,0.6173321,0.63532859,1.119679,1.7370111000000001,EXTRACTED
g11271,U_g11271/ZN,22.99,60.2,False,2258,0.10252359999999999,0.00468472,0.946814,1.0493376,EXTRACTED
g11272,U_g11272/ZN,12.92,54.6,False,2087,0.9229939300000001,0.41441733000000003,0.946814,1.8698079300000001,EXTRACTED
g11273,U_g11273/ZN,12.54,47.6,False,2000,0.769231,0.28075966,0.946814,1.716045,EXTRACTED
g11274,U_g11274/ZN,18.81,60.2,False,2251,0.204842,0.23348977399999998,0.946814,1.151656,EXTRACTED
g11275,U_g11275/ZN,75.81,19.6,False,16342,0.0364252,0.020972110000000002,0.918145,0.9545702,EXTRACTED
g11276,U_g11276/ZN,67.83,128.8,False,1445,0.105739,0.15659047,1.70023,1.805969,EXTRACTED
g11277,U_g11277/ZN,16.53,60.2,False,2014,0.1110676,0.07291669,0.946814,1.0578816,EXTRACTED
g11278,U_g11278/ZN,72.77,9.8,False,16112,0.13133219999999998,0.04031930300000001,0.918145,1.0494771999999999,EXTRACTED
g11279,U_g11279/ZN,30.4,57.4,False,2458,0.559434,0.42927174099999993,0.946814,1.506248,EXTRACTED
g11280,U_g11280/ZN,75.62,11.2,False,16846,0.1207558,0.04925692,0.918145,1.0389008,EXTRACTED
g11281,U_g11281/ZN,22.42,54.6,False,2405,0.24846200000000002,0.42779350999999993,0.946814,1.195276,EXTRACTED
g11282,U_g11282/ZN,22.8,65.8,False,2388,0.1539024,0.18476616000000004,0.946814,1.1007164,EXTRACTED
g11283,U_g11283/ZN,29.64,57.4,False,1652,0.49677200000000005,0.499518161,0.946814,1.443586,EXTRACTED
g11285,U_g11285/ZN,22.42,77.0,False,20090,0.10834300000000001,0.0194608,0.918145,1.026488,EXTRACTED
g11286,U_g11286/ZN,124.45,14.0,False,21881,0.31013999999999997,0.40173709,1.119679,1.4298190000000002,EXTRACTED
g11288,U_g11288/ZN,75.24,14.0,False,16460,0.11552000000000001,0.007124554999999999,0.918145,1.033665,EXTRACTED
g1129,U_g1129/Q,97.66,50.4,True,16681,4.36599116,6.968556327000001,6.041415,10.40740616,EXTRACTED
g11290,U_g11290/ZN,74.29,50.4,False,14358,0.874534,1.032833612,1.119679,1.9942130000000002,EXTRACTED
g11291,U_g11291/ZN,78.85,50.4,False,17701,0.5964400000000001,0.508749985,1.119679,1.7161190000000002,EXTRACTED
g11292,U_g11292/ZN,74.67,57.4,False,12078,2.0473353,1.906265183,1.119679,3.1670143,EXTRACTED
g11293,U_g11293/ZN,59.85,26.6,False,21644,0.436986,0.32768716999999997,1.119679,1.5566650000000002,EXTRACTED
g11294,U_g11294/ZN,63.65,29.4,False,21295,0.23688,0.34895876,1.119679,1.356559,EXTRACTED
g11295,U_g11295/ZN,32.3,58.8,False,1562,0.037650800000000005,0.065746,0.946814,0.9844648,EXTRACTED
g11296,U_g11296/ZN,36.67,58.8,False,1501,0.359716,0.751964842,0.946814,1.30653,EXTRACTED
g11297,U_g11297/ZN,37.62,51.8,False,1501,0.555006,0.20828908999999998,0.946814,1.50182,EXTRACTED
g11298,U_g11298/ZN,79.04,36.4,False,16407,0.5481316,0.73856368,1.119679,1.6678106000000001,EXTRACTED
g11299,U_g11299/ZN,30.4,47.6,False,943,0.01742614,0.0,0.946814,0.96424014,EXTRACTED
g113,U_g113/Q,70.49,91.0,True,16046,0.49973875,0.6560329520000001,2.038473,2.5382117500000003,EXTRACTED
g11300,U_g11300/ZN,86.45,33.6,False,16920,0.29228000000000004,0.14283584,1.119679,1.4119590000000002,EXTRACTED
g11302,U_g11302/ZN,34.2,51.8,False,1466,0.261496,0.6577532199999999,0.946814,1.20831,EXTRACTED
g11303,U_g11303/ZN,86.26,39.2,False,16851,0.994734,1.04513323,1.119679,2.114413,EXTRACTED
g11304,U_g11304/ZN,36.29,47.6,False,1054,0.01742614,0.0,0.946814,0.96424014,EXTRACTED
g11305,U_g11305/ZN,89.11,50.4,False,16441,0.281526,0.22093031000000002,1.119679,1.401205,EXTRACTED
g11306,U_g11306/ZN,81.89,18.2,False,16899,0.0553174,0.00289521,1.119679,1.1749964000000002,EXTRACTED
g11308,U_g11308/ZN,83.79,40.6,False,16831,0.66652445,0.584784226,1.119679,1.7862034500000001,EXTRACTED
g11310,U_g11310/ZN,77.9,42.0,False,16404,0.300398,0.20246673399999998,1.119679,1.420077,EXTRACTED
g11312,U_g11312/ZN,81.13,40.6,False,16387,0.593854,0.7445961600000001,1.119679,1.713533,EXTRACTED
g11314,U_g11314/ZN,84.17,21.0,False,16857,0.0429096,0.12179082,1.119679,1.1625886,EXTRACTED
g11316,U_g11316/ZN,18.62,77.0,False,17368,0.1272014,0.55486303,0.918145,1.0453464,EXTRACTED
g11318,U_g11318/ZN,20.33,71.4,False,16289,0.100803,0.032157960000000006,0.918145,1.018948,EXTRACTED
g11320,U_g11320/ZN,70.11,51.8,False,21769,0.27342,0.53401422,1.119679,1.393099,EXTRACTED
g11321,U_g11321/ZN,8.55,75.6,False,15310,0.595307,0.8749389710000001,0.918145,1.513452,EXTRACTED
g11324,U_g11324/ZN,25.08,60.2,False,25140,0.0905522,0.051194692,1.119679,1.2102312000000002,EXTRACTED
g11325,U_g11325/ZN,32.87,60.2,False,16093,0.1134846,0.1257206,1.119679,1.2331636000000001,EXTRACTED
g11326,U_g11326/ZN,30.78,56.0,False,15977,0.5046120000000001,0.7001932100000001,1.119679,1.6242910000000002,EXTRACTED
g11327,U_g11327/ZN,32.11,49.0,False,15462,0.8480719999999999,0.150415824,1.119679,1.967751,EXTRACTED
g11328,U_g11328/ZN,31.16,47.6,False,16122,0.159728,0.055312379999999994,1.119679,1.2794070000000002,EXTRACTED
g11329,U_g11329/ZN,41.23,51.8,False,17226,0.29920599999999997,0.047455924,1.119679,1.418885,EXTRACTED
g1133,U_g1133/Q,89.49,137.2,True,16731,2.11623754,1.541937865999999,6.014359,8.130596539999999,EXTRACTED
g11330,U_g11330/ZN,37.05,47.6,False,16233,0.09408799999999999,0.085123,1.119679,1.213767,EXTRACTED
g11331,U_g11331/ZN,27.17,51.8,False,18511,0.764606,0.6220133619999999,1.119679,1.8842850000000002,EXTRACTED
g11332,U_g11332/ZN,19.57,54.6,False,15315,0.0920362,0.004050584,1.119679,1.2117152,EXTRACTED
g11333,U_g11333/ZN,20.71,63.0,False,17478,0.700234,0.274587405,1.119679,1.8199130000000001,EXTRACTED
g11334,U_g11334/ZN,18.05,61.6,False,18330,0.08597919999999999,0.10937686,1.119679,1.2056582,EXTRACTED
g11335,U_g11335/ZN,28.12,51.8,False,17629,0.293006,0.186319252,1.119679,1.4126850000000002,EXTRACTED
g11336,U_g11336/ZN,19.57,51.8,False,15797,0.561445,0.34922198948999994,1.119679,1.681124,EXTRACTED
g11337,U_g11337/ZN,22.8,63.0,False,16864,0.334582,0.5338072479999999,1.119679,1.454261,EXTRACTED
g11338,U_g11338/ZN,30.02,50.4,False,17999,0.601834,0.40236862,1.119679,1.721513,EXTRACTED
g11340,U_g11340/ZN,24.32,77.0,False,22060,0.282958,0.34874823,1.119679,1.4026370000000001,EXTRACTED
g11348,U_g11348/ZN,70.11,128.8,False,1445,0.04909,0.041472079999999995,0.964824,1.013914,EXTRACTED
g11349,U_g11349/ZN,75.62,15.4,False,13390,0.305794,0.15375815399999998,1.119679,1.4254730000000002,EXTRACTED
g1137,U_g1137/Q,61.56,39.2,True,16414,6.73102557,4.912773473999999,6.023936,12.754961569999999,EXTRACTED
g11372,U_g11372/ZN,15.01,77.0,False,14479,0.36385,0.11788860999999999,1.119679,1.483529,EXTRACTED
g11376,U_g11376/ZN,21.47,70.0,False,13849,0.23163999999999998,0.50473541,1.119679,1.3513190000000002,EXTRACTED
g11380,U_g11380/ZN,17.48,70.0,False,13262,0.0956488,0.1362059,1.119679,1.2153278,EXTRACTED
g11387,U_g11387/ZN,83.41,86.8,False,2491,1.5464250000000002,2.69503354,0.946814,2.493239,EXTRACTED
g11391,U_g11391/ZN,76.95,19.6,False,12970,0.395692,0.467403,1.119679,1.515371,EXTRACTED
g11392,U_g11392/ZN,72.39,11.2,False,12777,0.622234,0.9088561119999999,1.119679,1.741913,EXTRACTED
g11393,U_g11393/ZN,77.14,12.6,False,14848,0.26043000000000005,0.281644345,1.119679,1.380109,EXTRACTED
g114,U_g114/Q,74.67,92.4,True,16585,0.8527995,1.66480131,2.619024,3.4718235,EXTRACTED
g11407,U_g11407/ZN,64.41,130.2,False,1004,0.1386552,0.11483499999999999,0.941939,1.0805942,EXTRACTED
g1141,U_g1141/Q,89.68,72.8,True,16478,3.3721114,2.0263193750000004,6.038491,9.4106024,EXTRACTED
g11413,U_g11413/ZN,39.9,81.2,False,15951,0.01742614,0.0,0.946814,0.96424014,EXTRACTED
g11414,U_g11414/ZN,32.87,74.2,False,31982,0.1404518,0.03227145,3.263231,3.4036828000000003,EXTRACTED
g11415,U_g11415/ZN,33.82,71.4,False,32160,0.1819831,0.08450552,3.198064,3.3800471,EXTRACTED
g11416,U_g11416/ZN,41.42,72.8,False,31922,0.5374481,0.40204246499999996,3.263231,3.8006791,EXTRACTED
g11418,U_g11418/ZN,39.9,70.0,False,18537,0.3935959,0.23247922000000001,3.198064,3.5916599,EXTRACTED
g11425,U_g11425/ZN,143.26,40.6,False,0,0.06580760000000001,0.00447741,1.70023,1.7660376,EXTRACTED
g11430,U_g11430/ZN,85.12,113.4,False,16448,2.2905191100000004,2.0804518919999997,6.396128,8.686647110000001,EXTRACTED
g11443,U_g11443/ZN,61.75,130.2,False,16089,0.1101086,0.0468148,1.119679,1.2297876,EXTRACTED
g11448,U_g11448/ZN,38.0,67.2,False,32980,0.57808616,0.31904147449,3.263231,3.84131716,EXTRACTED
g11449,U_g11449/ZN,38.95,72.8,False,32485,0.25950427,0.13058690099999998,3.198064,3.45756827,EXTRACTED
g1145,U_g1145/Q,84.36,126.0,True,16764,1.26528435,1.2797131945000002,6.041415,7.30669935,EXTRACTED
g11455,U_g11455/ZN,41.42,79.8,False,6620,0.5653564,0.41487375,0.941939,1.5072953999999998,EXTRACTED
g11456,U_g11456/ZN,70.87,128.8,False,8502,0.1899212,0.03319522,1.714471,1.9043922000000002,EXTRACTED
g11458,U_g11458/ZN,32.87,71.4,False,5441,1.683021,0.7534557020000001,0.941939,2.62496,EXTRACTED
g11459,U_g11459/ZN,31.54,75.6,False,7098,1.6066037,0.09798892,0.941939,2.5485427,EXTRACTED
g11460,U_g11460/ZN,39.71,71.4,False,7262,2.118344,0.46225336,0.941939,3.060283,EXTRACTED
g11461,U_g11461/ZN,42.75,71.4,False,5122,0.429726,0.7376894599999999,0.941939,1.371665,EXTRACTED
g11462,U_g11462/ZN,46.93,72.8,False,6960,0.299988,0.36088537000000004,0.941939,1.241927,EXTRACTED
g11463,U_g11463/ZN,42.94,77.0,False,5224,0.919166,0.33899756000000003,0.941939,1.861105,EXTRACTED
g11464,U_g11464/ZN,36.29,64.4,False,5168,1.3489697,0.20143893000000002,0.941939,2.2909087,EXTRACTED
g11465,U_g11465/ZN,40.66,70.0,False,5115,0.748724,0.41196311,0.941939,1.6906629999999998,EXTRACTED
g11474,U_g11474/ZN,31.54,68.6,False,32695,0.767198,0.7476232987900001,3.263231,4.030429,EXTRACTED
g11478,U_g11478/ZN,39.71,88.2,False,18829,0.543128,0.6492093999999999,1.119679,1.6628070000000001,EXTRACTED
g11480,U_g11480/ZN,68.97,128.8,False,2526,0.1860366,0.057022939999999994,0.918145,1.1041816,EXTRACTED
g11481,U_g11481/ZN,41.42,89.6,False,16648,0.1520506,0.17220870499999996,1.119679,1.2717296,EXTRACTED
g11482,U_g11482/ZN,53.77,75.6,False,19355,0.356686,0.15094354,1.119679,1.4763650000000001,EXTRACTED
g11483,U_g11483/ZN,52.82,88.2,False,17367,0.11040359999999999,0.028888769999999998,1.119679,1.2300826,EXTRACTED
g11484,U_g11484/ZN,51.68,70.0,False,16380,0.1660206,0.27646164,1.119679,1.2856996,EXTRACTED
g11485,U_g11485/ZN,49.59,77.0,False,19102,0.1747268,0.3713892,1.119679,1.2944058,EXTRACTED
g11486,U_g11486/ZN,45.41,89.6,False,16550,0.19357080000000002,0.20143040799999998,1.119679,1.3132498000000001,EXTRACTED
g11487,U_g11487/ZN,55.1,64.4,False,16412,0.399352,0.439367372,1.119679,1.519031,EXTRACTED
g11488,U_g11488/ZN,53.58,70.0,False,16239,0.436224,0.22579235,1.119679,1.555903,EXTRACTED
g11489,output92/Z,145.35,39.2,False,0,0.1987216,0.053804927,0,0.1987216,EXTRACTED
g1149,U_g1149/Q,91.96,67.2,True,16461,1.38342433,0.7086988129999998,5.976248,7.35967233,EXTRACTED
g11490,U_g11490/ZN,36.67,78.4,False,33518,0.42165600000000003,0.16519746800000001,1.70023,2.121886,EXTRACTED
g11491,U_g11491/ZN,88.73,127.4,False,29055,0.367576,0.5425032000000001,0.918145,1.2857210000000001,EXTRACTED
g11492,U_g11492/ZN,69.54,126.0,False,62,3.52678844,2.110764952,5.238321,8.76510944,EXTRACTED
g11496,U_g11496/ZN,105.64,120.4,False,28941,0.9361466,1.133544375,3.198064,4.1342106,EXTRACTED
g115,U_g115/Q,79.8,72.8,True,16461,0.39165801,0.621851,3.537169,3.92882701,EXTRACTED
g11514,U_g11514/ZN,83.6,130.2,False,26478,0.657713,0.778044703,1.119679,1.777392,EXTRACTED
g11515,U_g11515/ZN,35.53,84.0,False,33518,0.4553464,0.27041524000000006,4.181376,4.6367224,EXTRACTED
g11519,U_g11519/ZN,73.15,79.8,False,31,10.917107069999998,9.553224578,12.17213,23.089237069999996,EXTRACTED
g1153,U_g1153/Q,41.99,86.8,True,16055,3.955114600000001,2.7125566779700003,6.038491,9.9936056,EXTRACTED
g11538,U_g11538/ZN,110.58,119.0,False,31092,0.718264,0.6306285190000002,0.918145,1.636409,EXTRACTED
g11539,U_g11539/ZN,127.68,82.6,False,31,5.96807725,7.093266631999998,7.79704,13.76511725,EXTRACTED
g11544,U_g11544/ZN,36.1,79.8,False,16662,0.333588,0.251441729,0.941939,1.2755269999999999,EXTRACTED
g11547,U_g11547/ZN,70.3,44.8,False,31,0.1058064,0.049997799999999995,0.97463,1.0804364,EXTRACTED
g11549,U_g11549/ZN,37.81,75.6,False,32987,0.396616,0.1704574,0.918145,1.314761,EXTRACTED
g11551,U_g11551/ZN,102.98,123.2,False,11207,0.5434174,0.79399125,0.941939,1.4853564000000001,EXTRACTED
g11552,U_g11552/ZN,105.83,44.8,False,22,0.658616,0.9024568850000001,0.941939,1.600555,EXTRACTED
g11553,U_g11553/ZN,121.6,77.0,False,19,0.08447059999999999,0.061437179999999994,0.941939,1.0264096,EXTRACTED
g11554,U_g11554/ZN,104.69,54.6,False,22,0.5309820000000001,0.28588252000000003,0.941939,1.472921,EXTRACTED
g11555,U_g11555/ZN,88.73,47.6,False,17,0.408526,0.645138312,0.941939,1.350465,EXTRACTED
g11556,U_g11556/ZN,97.47,46.2,False,20,0.781334,0.64080428,0.941939,1.7232729999999998,EXTRACTED
g11557,U_g11557/ZN,123.88,65.8,False,21,0.0514086,0.005546723999999999,0.941939,0.9933476,EXTRACTED
g11558,U_g11558/ZN,121.6,53.2,False,18,0.800771,0.4637412700000001,0.941939,1.74271,EXTRACTED
g11559,U_g11559/ZN,69.92,46.2,False,15,0.1505812,0.045831805,0.941939,1.0925202,EXTRACTED
g11560,U_g11560/ZN,91.96,75.6,False,14,0.34296,0.30755134,0.941939,1.284899,EXTRACTED
g11561,U_g11561/ZN,70.11,99.4,False,62,9.5574076,6.414513767999999,6.718429,16.275836599999998,EXTRACTED
g1157,U_g1157/Q,46.17,75.6,True,16032,2.7440331,2.9447269660000006,2.7607049999999997,5.504738099999999,EXTRACTED
g11571,U_g11571/ZN,131.29,40.6,False,40,0.5440581,0.7096610299999999,0.941939,1.4859971,EXTRACTED
g11575,U_g11575/ZN,137.75,51.8,False,62,0.7788271,0.53685426,3.89852,4.6773471,EXTRACTED
g11579,U_g11579/ZN,109.25,117.6,False,22131,0.9056839999999999,0.8537755239999999,1.119679,2.025363,EXTRACTED
g11580,U_g11580/ZN,40.66,81.2,False,28247,0.332102,0.6478855800000001,1.70023,2.032332,EXTRACTED
g11581,U_g11581/ZN,102.79,47.6,False,16769,0.6658440000000001,0.9152040850000002,0.946814,1.6126580000000001,EXTRACTED
g11582,U_g11582/ZN,121.98,75.6,False,16746,0.1862608,0.06479773896999999,0.946814,1.1330748000000002,EXTRACTED
g11583,U_g11583/ZN,100.89,49.0,False,16762,0.01697836,0.03931017,0.946814,0.96379236,EXTRACTED
g11584,U_g11584/ZN,89.68,43.4,False,16498,0.28887,0.47814894799999996,0.946814,1.235684,EXTRACTED
g11585,U_g11585/ZN,91.58,46.2,False,16425,0.40964,0.267119271,0.946814,1.356454,EXTRACTED
g11586,U_g11586/ZN,123.12,65.8,False,16762,0.1014324,0.029204614,0.946814,1.0482464,EXTRACTED
g11587,U_g11587/ZN,121.98,57.4,False,16279,0.55106,0.360239913,0.946814,1.497874,EXTRACTED
g11588,U_g11588/ZN,68.78,44.8,False,16405,0.037731600000000004,0.013543015,0.946814,0.9845456,EXTRACTED
g11589,U_g11589/ZN,90.06,74.2,False,16649,0.38258600000000004,0.19108568,0.946814,1.3294000000000001,EXTRACTED
g11590,U_g11590/ZN,139.65,49.0,False,27,0.11298699999999999,0.0702343,0.941939,1.054926,EXTRACTED
g11591,U_g11591/ZN,126.92,44.8,False,16,0.61272152,1.540487736,0.941939,1.55466052,EXTRACTED
g11592,U_g11592/ZN,136.8,47.6,False,21,0.26106799999999997,0.46687822,0.941939,1.203007,EXTRACTED
g11595,U_g11595/ZN,137.37,49.0,False,16262,0.2424,0.12566884,0.946814,1.189214,EXTRACTED
g11596,U_g11596/ZN,34.39,82.6,False,28247,0.371584,0.55111456,0.918145,1.289729,EXTRACTED
g11597,U_g11597/ZN,42.75,78.4,False,11846,0.30262809999999996,0.50921507,0.941939,1.2445670999999998,EXTRACTED
g11599,U_g11599/ZN,136.04,47.6,False,16275,0.1601756,0.17420329,0.946814,1.1069896000000001,EXTRACTED
g1160,U_g1160/Q,87.78,85.4,True,16649,0.7059643500000001,0.972417629,2.751128,3.45709235,EXTRACTED
g11600,U_g11600/ZN,135.85,49.0,False,16375,0.638262,0.12019825600000002,0.946814,1.585076,EXTRACTED
g11601,U_g11601/ZN,128.63,49.0,False,16406,0.62259,0.44113448000000005,0.946814,1.569404,EXTRACTED
g11602,U_g11602/ZN,97.85,39.2,False,16761,0.451542,0.4790152939999999,1.119679,1.571221,EXTRACTED
g11603,U_g11603/ZN,122.36,78.4,False,16747,2.7510970300000004,1.09356547,1.119679,3.8707760300000005,EXTRACTED
g11604,U_g11604/ZN,101.65,49.0,False,16762,0.49253399999999997,0.34440062000000005,1.119679,1.6122130000000001,EXTRACTED
g11605,U_g11605/ZN,84.74,43.4,False,16505,1.8544121,4.1614238100000005,1.119679,2.9740911,EXTRACTED
g11606,U_g11606/ZN,91.96,53.2,False,16429,0.372454,0.490868107,1.119679,1.4921330000000002,EXTRACTED
g11607,U_g11607/ZN,124.64,65.8,False,16769,0.16317320000000002,0.39364085,1.119679,1.2828522000000002,EXTRACTED
g11608,U_g11608/ZN,115.14,58.8,False,16281,0.4723023,1.0172326299999999,1.119679,1.5919813,EXTRACTED
g11609,U_g11609/ZN,69.54,44.8,False,16398,0.258644,0.24783110800000002,1.119679,1.378323,EXTRACTED
g11610,U_g11610/ZN,89.87,79.8,False,16655,0.1773186,0.10536489600000001,1.119679,1.2969976,EXTRACTED
g11612,U_g11612/ZN,138.13,49.0,False,16278,0.01742614,0.0,0.918145,0.93557114,EXTRACTED
g11613,U_g11613/ZN,142.31,44.8,False,16381,0.6273903000000001,0.74011531,0.918145,1.5455353,EXTRACTED
g11615,U_g11615/ZN,134.71,43.4,False,16403,0.327608,0.28242652,0.918145,1.245753,EXTRACTED
g11624,U_g11624/ZN,138.32,44.8,False,16264,0.042809,0.00422732,0.918145,0.960954,EXTRACTED
g11625,U_g11625/ZN,38.76,81.2,False,23344,0.413074,0.8808537710000001,1.119679,1.532753,EXTRACTED
g1163,U_g1163/Q,86.83,138.6,True,16726,0.6864515999999999,0.20193785,2.778184,3.4646356,EXTRACTED
g11636,U_g11636/ZN,139.08,44.8,False,13961,0.1380604,0.0403432,1.119679,1.2577394000000002,EXTRACTED
g11637,U_g11637/ZN,41.8,82.6,False,11947,0.13092900000000002,0.05882519,0.941939,1.072868,EXTRACTED
g11639,U_g11639/ZN,138.89,49.0,False,14173,0.16685,0.07398898000000001,1.119679,1.286529,EXTRACTED
g11640,U_g11640/ZN,136.99,51.8,False,14110,0.11769199999999999,0.05792732,1.119679,1.237371,EXTRACTED
g11641,U_g11641/ZN,136.61,49.0,False,14219,0.111607,0.09060311700000001,1.119679,1.231286,EXTRACTED
g11647,U_g11647/ZN,41.23,84.0,False,22786,0.20644,1.0425909999999998,1.119679,1.326119,EXTRACTED
g1166,U_g1166/Q,89.68,128.8,True,16658,0.8050065999999999,0.6156989100000001,2.77526,3.5802666,EXTRACTED
g1169,U_g1169/Q,74.29,110.6,True,16652,0.6089525,0.83342509,1.836939,2.4458915,EXTRACTED
g1170,PORT/g1170,135.615,0.07,False,0,0.35972800000000005,0.02214375,0.974659,1.334387,EXTRACTED
g1173,PORT/g1173,135.055,0.07,False,0,0.11865519999999999,0.02905042,0.974659,1.0933142,EXTRACTED
g1176,PORT/g1176,147.46,37.59,False,0,0.874476,0.14380852,0.974659,1.849135,EXTRACTED
g1179,PORT/g1179,147.46,33.11,False,0,0.214032,0.08947722,0.974659,1.188691,EXTRACTED
g1182,PORT/g1182,128.335,0.07,False,0,0.20848,0.23820161,0.974659,1.1831390000000002,EXTRACTED
g1185,PORT/g1185,132.815,0.07,False,0,0.13363080000000002,0.0435233,0.974659,1.1082898,EXTRACTED
g1188,PORT/g1188,131.135,0.07,False,0,0.188485,0.07432877,0.974659,1.163144,EXTRACTED
g119,U_g119/Q,26.03,49.0,True,16963,5.911374400000001,2.279180821,4.479108,10.3904824,EXTRACTED
g1191,PORT/g1191,147.46,38.71,False,0,0.987044,0.5048340600000001,0.974659,1.961703,EXTRACTED
g1194,PORT/g1194,147.46,30.87,False,0,0.21417,0.061156318,0.974659,1.1888290000000001,EXTRACTED
g1197,PORT/g1197,134.495,0.07,False,0,0.45131,0.16836980000000001,0.974659,1.425969,EXTRACTED
g12,U_g12/Q,80.75,36.4,True,16899,2.0390680999999997,1.25014479849,4.479108,6.5181761,EXTRACTED
g1200,PORT/g1200,147.46,36.47,False,0,0.233198,0.08931942400000001,0.974659,1.207857,EXTRACTED
g1203,PORT/g1203,147.46,33.67,False,0,0.1767696,0.20329718,0.974659,1.1514286,EXTRACTED
g1206,U_g1206/Q,95.38,49.0,True,16698,5.87318376,5.1736170590000015,5.402902,11.27608576,EXTRACTED
g1209,U_g1209/Q,112.29,74.2,True,16786,1.5398478,1.698783362,2.755084,4.2949318000000005,EXTRACTED
g1212,U_g1212/Q,62.89,110.6,True,16715,9.202427550000001,5.446901377,5.421047,14.623474550000001,EXTRACTED
g1215,U_g1215/Q,89.87,50.4,True,16751,0.4420378,0.6117980650000001,1.836939,2.2789768,EXTRACTED
g1216,U_g1216/Q,80.56,70.0,True,16434,1.2076559,0.8702700299999998,1.860733,3.0683889,EXTRACTED
g1217,U_g1217/Q,70.87,107.8,True,16014,0.3725446,0.38953989999999994,2.038473,2.4110176,EXTRACTED
g1218,U_g1218/Q,47.5,120.4,True,16778,2.0075732,1.084429161,7.709863,9.7174362,EXTRACTED
g1223,U_g1223/Q,48.45,117.6,True,16764,1.4608660699999998,1.5032364310000002,6.018315,7.47918107,EXTRACTED
g1227,U_g1227/Q,51.3,128.8,True,16827,0.7494371,1.0047549839999996,6.018315,6.7677521,EXTRACTED
g123,U_g123/Q,56.05,46.2,True,16444,3.5181757000000005,1.5465091316,2.7788779999999997,6.2970537,EXTRACTED
g1231,U_g1231/Q,50.35,133.0,True,16808,1.6751584,1.071177228,6.018315,7.6934734,EXTRACTED
g1235,U_g1235/Q,67.07,120.4,True,16739,1.1604013,1.5699732914900002,6.876914,8.0373153,EXTRACTED
g1240,U_g1240/Q,74.86,124.6,True,16663,2.70300291,3.999404172999999,6.891469,9.59447191,EXTRACTED
g1245,U_g1245/Q,53.77,124.6,True,16803,2.02722544,2.7122937190000007,6.894393,8.92161844,EXTRACTED
g1250,U_g1250/Q,49.97,116.2,True,16724,2.25119063,2.271179598000001,6.867337,9.118527629999999,EXTRACTED
g1255,U_g1255/Q,46.93,107.8,True,16590,1.7651378000000002,2.034396871,6.876914,8.6420518,EXTRACTED
g126,U_g126/Q,78.85,42.0,True,16907,0.9514326,1.6171775290000001,1.840355,2.7917876,EXTRACTED
g1260,U_g1260/Q,44.27,106.4,True,16581,2.4949744,3.1295208870000004,6.891469,9.3864434,EXTRACTED
g1265,U_g1265/Q,46.55,103.6,True,16592,2.6203417999999994,2.931684215999999,6.894393,9.5147348,EXTRACTED
g127,U_g127/Q,83.79,67.2,True,16427,5.9378144299999995,6.634856858999999,6.8004,12.73821443,EXTRACTED
g1270,U_g1270/Q,107.16,121.8,True,16742,3.0292908,3.9437588139999993,6.876914,9.906204800000001,EXTRACTED
g1275,U_g1275/Q,57.76,131.6,True,16794,1.69849167,2.000850775,6.932504,8.630995669999999,EXTRACTED
g1280,U_g1280/Q,46.55,130.2,True,16831,1.33500159,1.0263966529999997,5.976248,7.31124959,EXTRACTED
g1284,U_g1284/Q,60.99,114.8,True,16018,9.220259050000001,3.0886827399999994,6.956636,16.17689505,EXTRACTED
g1289,U_g1289/Q,17.67,43.4,True,16013,7.2054428,1.7519191410000001,5.13764,12.343082800000001,EXTRACTED
g1292,U_g1292/Q,56.43,116.2,True,16744,1.16896997,1.0872390119999997,3.6788499999999997,4.84781997,EXTRACTED
g1296,U_g1296/Q,41.04,121.8,True,16579,2.90989435,1.8868617160000003,3.669273,6.5791673500000005,EXTRACTED
g1300,U_g1300/Q,59.66,126.0,True,16800,0.8684356199999999,1.03318529,3.696329,4.56476462,EXTRACTED
g1304,U_g1304/Q,63.46,119.0,True,16747,0.81974982,1.1836761910000002,3.693405,4.51315482,EXTRACTED
g1308,U_g1308/Q,91.96,44.8,True,16760,3.4122118400000003,1.593833765,2.755084,6.16729584,EXTRACTED
g131,U_g131/Q,62.51,72.8,True,16514,3.72825703,2.8556275614900004,6.8004,10.52865703,EXTRACTED
g1311,U_g1311/Q,116.66,113.4,True,16746,6.05025071,3.689016049,2.755084,8.80533471,EXTRACTED
g1314,U_g1314/Q,92.34,46.2,True,16760,3.0196782,3.0126275890000005,2.755084,5.7747622,EXTRACTED
g1317,U_g1317/Q,68.59,75.6,True,16592,0.7620073,1.059061612,4.003918,4.765925299999999,EXTRACTED
g1318,U_g1318/Q,36.86,46.2,True,16497,5.5267523,7.604238512,2.755084,8.2818363,EXTRACTED
g1321,U_g1321/Q,94.24,51.8,True,16422,3.6463609999999997,2.9536750269999996,2.755084,6.401445,EXTRACTED
g1324,U_g1324/Q,124.26,64.4,True,16764,2.8285905,2.3356809800000002,2.755084,5.5836745,EXTRACTED
g1327,U_g1327/Q,119.89,56.0,True,16276,2.66551799,3.422873998,2.755084,5.42060199,EXTRACTED
g1330,U_g1330/Q,65.55,49.0,True,16397,6.185079699999999,3.3026785999999997,2.755084,8.9401637,EXTRACTED
g1333,U_g1333/Q,87.59,81.2,True,16652,4.8441468,8.14258124,2.755084,7.5992308,EXTRACTED
g1336,U_g1336/Q,137.18,46.2,True,16260,1.8386300000000002,1.3656853080000002,7.709863,9.548493,EXTRACTED
g1341,U_g1341/Q,137.56,47.6,True,16268,2.5203458299999992,2.1672562880000004,6.93646,9.45680583,EXTRACTED
g1346,U_g1346/Q,131.67,51.8,True,16381,1.7814068600000001,1.4995409169999996,6.93646,8.71786686,EXTRACTED
g135,U_g135/Q,72.58,71.4,True,16627,3.4996403000000003,2.4727051929999995,6.8004,10.3000403,EXTRACTED
g1351,U_g1351/Q,132.43,50.4,True,16405,1.9894220700000003,1.8108395320000006,6.93646,8.92588207,EXTRACTED
g1356,U_g1356/Q,73.34,68.6,True,16629,0.918634,0.6335991449999999,2.038473,2.957107,EXTRACTED
g1357,U_g1357/Q,90.82,77.0,True,16220,1.1536416,1.032678102,3.537169,4.6908106,EXTRACTED
g1360,U_g1360/Q,86.45,78.4,True,16652,0.7178799,0.31286190999999997,2.038473,2.7563529000000004,EXTRACTED
g1361,U_g1361/Q,91.96,54.6,True,16426,0.663625,1.16581313,2.619024,3.282649,EXTRACTED
g1362,U_g1362/Q,58.14,103.6,True,16717,1.7946659999999999,1.22607075,3.537169,5.331835,EXTRACTED
g1365,U_g1365/Q,67.26,84.0,True,16644,3.1445356500000003,1.631092029,3.537169,6.68170465,EXTRACTED
g1368,U_g1368/Q,104.12,103.6,True,16220,1.5730574000000002,1.0553902830000002,3.537169,5.1102264,EXTRACTED
g1371,U_g1371/Q,62.89,98.0,True,16027,2.24481481,1.4730710100000002,3.537169,5.78198381,EXTRACTED
g1374,U_g1374/Q,69.73,92.4,True,16044,0.8438287,0.9225455489999999,3.537169,4.3809977,EXTRACTED
g1377,U_g1377/Q,104.5,70.0,True,16764,3.1014,3.686871658999998,3.537169,6.638569,EXTRACTED
g1380,U_g1380/Q,52.06,103.6,True,16034,1.9209209999999999,2.5687784660000004,3.537169,5.45809,EXTRACTED
g1383,U_g1383/Q,63.27,89.6,True,16029,1.2904735999999999,0.9322259449999999,3.537169,4.8276426,EXTRACTED
g1386,U_g1386/Q,58.9,84.0,True,16634,1.38829436,1.3554004700000002,5.817088,7.20538236,EXTRACTED
g1389,U_g1389/Q,54.34,95.2,True,16681,0.83541207,0.628282885,6.8004,7.63581207,EXTRACTED
g139,U_g139/Q,50.35,72.8,True,16693,3.79089482,2.932868252000001,6.8004,10.59129482,EXTRACTED
g1393,U_g1393/Q,67.64,81.2,True,16618,1.1197563000000001,0.8053753410000001,1.865608,2.9853643,EXTRACTED
g1394,U_g1394/Q,72.58,85.4,True,16573,1.1152069999999998,0.78512148,2.7788779999999997,3.8940849999999996,EXTRACTED
g1397,U_g1397/Q,44.08,85.4,True,16668,3.97968324,5.543350752,3.537169,7.51685224,EXTRACTED
g1400,U_g1400/Q,60.99,68.6,True,16566,2.2097039,2.8859699799999996,3.537169,5.7468729,EXTRACTED
g1403,U_g1403/Q,113.43,123.2,True,16716,3.15727818,3.9493718407999987,6.041415,9.19869318,EXTRACTED
g1407,U_g1407/Q,83.22,116.2,True,16700,3.5755038299999997,3.4800555629999987,3.693405,7.268908829999999,EXTRACTED
g1411,U_g1411/Q,88.92,88.2,True,16665,4.589026869999999,5.908181962,3.6788499999999997,8.267876869999998,EXTRACTED
g1415,U_g1415/Q,56.62,114.8,True,16752,4.69569231,5.0294950499999995,5.949192,10.64488431,EXTRACTED
g1419,U_g1419/Q,54.34,89.6,True,16079,7.1350305999999994,7.852143299,6.874843,14.009873599999999,EXTRACTED
g1424,U_g1424/Q,121.22,93.8,True,16744,5.7465308,3.6659333299999997,3.657356,9.4038868,EXTRACTED
g1428,U_g1428/Q,99.75,113.4,True,16708,1.7374782999999998,2.1431614039999998,6.024285,7.7617633,EXTRACTED
g143,U_g143/Q,61.18,54.6,True,16044,2.5243671999999995,1.5874721934899998,7.718545,10.2429122,EXTRACTED
g1432,U_g1432/Q,95.57,128.8,True,16672,3.7424918,4.996059963000002,6.044678,9.787169800000001,EXTRACTED
g1436,U_g1436/Q,89.87,92.4,True,16689,2.0355436,0.9498902949999999,5.956698,7.9922416,EXTRACTED
g1440,U_g1440/Q,134.14,95.2,True,16851,3.9919839,4.201375853000001,6.002442,9.9944259,EXTRACTED
g1444,U_g1444/Q,111.53,124.6,True,16740,6.50303359,6.703941852999999,6.024285,12.52731859,EXTRACTED
g1448,U_g1448/Q,85.5,123.2,True,16754,4.902108070000001,4.0082902140000005,9.307909,14.210017070000001,EXTRACTED
g1453,U_g1453/Q,100.32,130.2,True,16682,5.054672140000001,2.47728941,7.718545,12.77321714,EXTRACTED
g1458,U_g1458/Q,102.03,92.4,True,16200,2.5292448799999994,4.379019009999999,6.040262,8.569506879999999,EXTRACTED
g1462,U_g1462/Q,70.3,96.6,True,16044,5.18667331,5.578451789000001,5.956698,11.14337131,EXTRACTED
g1466,U_g1466/Q,95.76,92.4,True,16675,1.8451338,1.186962814,6.059222,7.9043558,EXTRACTED
g1470,U_g1470/Q,109.44,92.4,True,16223,3.15540165,2.046394153,6.002442,9.15784365,EXTRACTED
g1474,U_g1474/Q,101.84,84.0,True,16212,2.32814745,2.7680349760000014,6.024285,8.35243245,EXTRACTED
g1478,U_g1478/Q,125.78,88.2,True,16691,3.1583943600000004,2.5471073469700003,6.044678,9.20307236,EXTRACTED
g148,U_g148/Q,60.61,81.2,True,16633,2.61242107,1.859547902,7.718545,10.330966069999999,EXTRACTED
g1482,U_g1482/Q,110.77,99.4,True,16225,1.58855416,2.161714045,6.021731,7.61028516,EXTRACTED
g1486,U_g1486/Q,103.17,93.8,True,16233,2.3988862400000004,1.642758786,6.040262,8.439148240000002,EXTRACTED
g1490,U_g1490/Q,99.94,85.4,True,16206,4.18962367,2.5609789660000004,5.956698,10.146321669999999,EXTRACTED
g1494,U_g1494/Q,109.06,123.2,True,16742,3.8634566699999997,2.6625994400000006,9.265673,13.12912967,EXTRACTED
g1499,U_g1499/Q,108.68,116.2,True,16733,3.09377915,3.806538910000001,6.977367,10.07114615,EXTRACTED
g1504,U_g1504/Q,116.28,93.8,True,16748,0.8574876,1.33367339,3.679199,4.5366866,EXTRACTED
g1508,U_g1508/Q,112.86,91.0,True,16750,5.1523885,2.586258702,5.9795110000000005,11.1318995,EXTRACTED
g1512,U_g1512/Q,77.33,100.8,True,16605,1.4685004,1.56723421,2.755084,4.2235844,EXTRACTED
g1515,U_g1515/Q,54.72,96.6,True,16676,5.509422900000001,4.586407347200001,7.617347,13.1267699,EXTRACTED
g1520,U_g1520/Q,71.44,95.2,True,16045,2.97422919,3.084239217,4.419283,7.39351219,EXTRACTED
g1524,U_g1524/Q,98.61,67.2,True,16442,2.650974,3.3094114500000007,2.755084,5.406058,EXTRACTED
g1527,U_g1527/Q,98.23,53.2,True,16673,0.4159982,0.7632077969999997,2.591767,3.0077651999999997,EXTRACTED
g1528,U_g1528/Q,118.56,95.2,True,16737,5.2217396,3.143946962,2.755084,7.9768236,EXTRACTED
g153,U_g153/Q,72.96,75.6,True,16613,3.57882785,3.149207084,10.063630999999999,13.642458849999999,EXTRACTED
g1531,U_g1531/Q,113.43,98.0,True,16221,4.180077699999999,0.9528171529999999,2.755084,6.935161699999999,EXTRACTED
g1534,U_g1534/Q,94.81,84.0,True,16257,3.8495554,2.456921488,2.755084,6.6046394,EXTRACTED
g1537,U_g1537/Q,100.7,72.8,True,16276,2.8037939,1.7681885260000005,2.755084,5.558877900000001,EXTRACTED
g1540,U_g1540/Q,112.29,63.0,True,16269,2.6025052799999995,2.652507792,2.755084,5.357589279999999,EXTRACTED
g1543,U_g1543/Q,105.64,74.2,True,16769,4.982205700000001,1.6352764020000001,2.755084,7.737289700000001,EXTRACTED
g1546,U_g1546/Q,102.6,53.2,True,16675,2.6205849999999997,3.8518766089999996,2.755084,5.375669,EXTRACTED
g1549,U_g1549/Q,96.71,79.8,True,16277,3.569187,2.7782693710000004,2.755084,6.3242709999999995,EXTRACTED
g1552,U_g1552/Q,110.58,65.8,True,16292,2.597635,2.79025166,2.755084,5.3527190000000004,EXTRACTED
g1555,U_g1555/Q,103.55,126.0,True,16710,5.2217379,6.5154717490000005,2.755084,7.9768219,EXTRACTED
g1558,U_g1558/Q,105.83,67.2,True,16748,2.0661094,1.6138167440000006,2.755084,4.8211934,EXTRACTED
g1561,U_g1561/Q,97.47,71.4,True,16257,2.7321069000000002,2.9119187750000006,2.755084,5.4871909,EXTRACTED
g1564,U_g1564/Q,125.02,103.6,True,16224,4.9157032,7.1577443500000015,2.755084,7.6707872,EXTRACTED
g1567,U_g1567/Q,98.99,99.4,True,16234,6.17765364,3.4504260239999995,2.755084,8.93273764,EXTRACTED
g1570,U_g1570/Q,95.76,47.6,True,16763,0.50268,0.6111728299999999,1.840355,2.343035,EXTRACTED
g1571,U_g1571/Q,92.34,91.0,True,16696,4.648681599999999,0.5181064,2.755084,7.403765599999999,EXTRACTED
g1574,U_g1574/Q,79.23,91.0,True,16605,3.2022127700000005,7.75009079,2.755084,5.957296770000001,EXTRACTED
g1577,U_g1577/Q,98.04,61.6,True,16416,2.1938256999999997,0.895027746,2.755084,4.9489097,EXTRACTED
g158,U_g158/Q,65.74,77.0,True,16608,3.0642452000000002,2.2683251716000004,6.8004,9.8646452,EXTRACTED
g1580,U_g1580/Q,85.5,51.8,True,16771,2.1935971,1.976223078,2.755084,4.9486811,EXTRACTED
g1583,U_g1583/Q,64.41,29.4,True,16502,2.6267509999999996,3.3318311999999994,2.755084,5.381835,EXTRACTED
g1586,U_g1586/Q,103.93,106.4,True,16212,4.432113510000001,5.3733824299999995,2.755084,7.187197510000001,EXTRACTED
g1589,U_g1589/Q,95.76,105.0,True,16722,6.107468,5.675807564,2.755084,8.862552,EXTRACTED
g1592,U_g1592/Q,106.02,56.0,True,16696,2.4158064,3.7096687160000004,2.755084,5.1708904,EXTRACTED
g1595,U_g1595/Q,98.99,106.4,True,16715,3.2791623,5.583387528,2.755084,6.0342462999999995,EXTRACTED
g1598,U_g1598/Q,90.44,43.4,True,16760,0.9997357,0.661876953,2.755084,3.7548197,EXTRACTED
g16,U_g16/Q,83.41,37.8,True,16910,1.305984,1.272183018,1.836939,3.142923,EXTRACTED
g1601,U_g1601/Q,99.56,75.6,True,16253,3.3081867500000004,1.37983279,2.755084,6.063270750000001,EXTRACTED
g1604,U_g1604/Q,82.08,78.4,True,16659,4.8833939,3.6953101999999993,2.755084,7.6384779,EXTRACTED
g1607,U_g1607/Q,48.83,79.8,True,16660,5.54079817,4.8391457749999995,2.755084,8.29588217,EXTRACTED
g1610,U_g1610/Q,128.82,119.0,True,16239,6.0249032,5.4374582190000025,8.541118,14.566021200000002,EXTRACTED
g1615,U_g1615/Q,114.57,112.0,True,16754,2.61614636,1.2782343000000003,2.755084,5.37123036,EXTRACTED
g1618,U_g1618/Q,94.43,112.0,True,16725,0.9338198,1.3358708019999999,2.755084,3.6889038000000003,EXTRACTED
g162,U_g162/Q,65.55,47.6,True,16398,2.8668951999999996,2.8558407594899995,6.8004,9.6672952,EXTRACTED
g1621,U_g1621/Q,91.39,131.6,True,16693,1.76893866,1.3911514200000004,2.755084,4.52402266,EXTRACTED
g1624,U_g1624/Q,119.32,103.6,True,16227,0.7520477099999999,0.9434293699999999,2.755084,3.50713171,EXTRACTED
g1627,U_g1627/Q,83.98,106.4,True,16675,0.7127840999999999,0.687489826,2.755084,3.4678681,EXTRACTED
g1630,U_g1630/Q,86.83,103.6,True,16608,1.4510355000000001,1.1395809110999997,2.755084,4.2061195,EXTRACTED
g1633,U_g1633/Q,130.34,100.8,True,16851,2.02325765,1.6761107720000001,2.755084,4.77834165,EXTRACTED
g1636,U_g1636/Q,88.73,130.2,True,16647,3.98404208,2.1413347257999997,2.755084,6.73912608,EXTRACTED
g1639,U_g1639/Q,113.24,114.8,True,16761,0.5263874000000001,0.316147665,2.755084,3.2814714,EXTRACTED
g1642,U_g1642/Q,124.07,71.4,True,16766,1.128448,0.626748808,3.511069,4.639517,EXTRACTED
g1645,U_g1645/Q,132.81,67.2,True,16234,0.7960375,0.7001213019999999,3.573743,4.3697805,EXTRACTED
g1648,U_g1648/Q,133.57,65.8,True,16253,1.16593634,0.6721583040000001,3.442889,4.60882534,EXTRACTED
g1651,U_g1651/Q,131.67,56.0,True,16369,1.4908827,1.0989264819999995,3.472913,4.9637957,EXTRACTED
g1654,U_g1654/Q,115.9,107.8,True,16757,1.5285614,0.526912221,2.811569,4.3401304,EXTRACTED
g1657,U_g1657/Q,74.86,91.0,True,16561,1.4055373,1.3774978429999998,2.811569,4.2171063,EXTRACTED
g166,U_g166/Q,65.93,63.0,True,16567,1.2134865799999999,1.083426493,6.024285,7.2377715799999995,EXTRACTED
g1660,U_g1660/Q,75.43,64.4,True,16618,3.6414696,1.73490595,2.811569,6.4530386,EXTRACTED
g1663,U_g1663/Q,99.75,95.2,True,16240,0.7254728000000001,0.915770653,2.811569,3.5370418,EXTRACTED
g1666,U_g1666/Q,128.25,96.6,True,16864,1.1556668,1.9011226600000002,2.811569,3.9672358,EXTRACTED
g1669,U_g1669/Q,114.57,106.4,True,16757,0.8198805,0.45805941000000006,2.811569,3.6314495,EXTRACTED
g1672,U_g1672/Q,117.61,75.6,True,16769,3.2117749800000004,3.458512851,2.811569,6.02334398,EXTRACTED
g1675,U_g1675/Q,56.43,85.4,True,16651,1.4541974,1.2513870379999998,2.811569,4.2657664,EXTRACTED
g1678,U_g1678/Q,119.7,67.2,True,16785,0.82999817,0.6802904939999999,2.811569,3.64156717,EXTRACTED
g1681,U_g1681/Q,91.96,81.2,True,16240,2.8057776,3.011147883,2.811569,5.617346599999999,EXTRACTED
g1684,U_g1684/Q,112.48,110.6,True,16762,2.7300448999999998,1.5492147119999997,2.811569,5.5416139,EXTRACTED
g1687,U_g1687/Q,114.57,109.2,True,16750,1.0958871700000001,1.9874278040000002,2.811569,3.90745617,EXTRACTED
g1690,U_g1690/Q,127.87,79.8,True,16781,7.238547899999999,7.258868558000001,15.417434,22.6559819,EXTRACTED
g1696,PORT/g1696,147.46,61.11,False,0,0.349154,0.19842449999999998,0.77983,1.128984,EXTRACTED
g17,U_g17/Q,37.81,113.4,True,16588,10.4014169,2.976974375,1.836939,12.238355899999998,EXTRACTED
g170,U_g170/Q,65.93,32.2,True,16473,3.6109349,3.832051167999999,6.002442,9.6133769,EXTRACTED
g1700,PORT/g1700,147.46,66.71,False,0,0.434112,0.071581794,0.77983,1.213942,EXTRACTED
g1703,U_g1703/Q,134.9,58.8,True,16331,1.24209536,1.298022899,9.995754,11.23784936,EXTRACTED
g1707,U_g1707/Q,125.02,81.2,True,16678,0.4163221,0.668825738,4.333495,4.7498171000000005,EXTRACTED
g1710,U_g1710/Q,134.33,68.6,True,16244,1.53402997,1.100780422,1.836939,3.37096897,EXTRACTED
g1711,U_g1711/Q,91.96,135.8,True,16730,0.7171162,0.42348815599999995,1.836939,2.5540552,EXTRACTED
g1712,PORT/g1712,98.095,147.46,False,0,0.288262,0.0031028799999999997,0.77983,1.068092,EXTRACTED
g1713,U_g1713/Q,123.69,85.4,True,16659,8.171719300000001,5.647064833000002,5.574993,13.746712300000002,EXTRACTED
g1718,U_g1718/Q,54.91,61.6,True,16565,3.3074092999999998,2.759709635999999,8.095364,11.4027733,EXTRACTED
g1721,U_g1721/Q,106.4,51.8,True,16684,2.48095892,1.0960287510000002,2.755084,5.23604292,EXTRACTED
g1724,U_g1724/Q,106.4,57.4,True,16696,1.7517504000000002,0.9874281540000001,2.755084,4.506834400000001,EXTRACTED
g1727,U_g1727/Q,113.24,56.0,True,16283,1.7923822999999999,1.438312384,2.755084,4.5474663,EXTRACTED
g1730,U_g1730/Q,115.9,68.6,True,16287,2.9358247,3.901114302,2.755084,5.6909087,EXTRACTED
g1733,U_g1733/Q,116.66,63.0,True,16302,2.3367542,2.3552730840000002,2.755084,5.0918382,EXTRACTED
g1736,U_g1736/Q,125.02,53.2,True,16255,0.14216041000000001,0.23606790999999996,2.038473,2.1806334100000004,EXTRACTED
g1737,U_g1737/Q,122.93,54.6,True,16235,0.6006800999999999,0.3802203920000001,2.570139,3.1708191,EXTRACTED
g1738,U_g1738/Q,129.39,39.2,True,16391,2.1498466,1.205552932,2.755084,4.9049306,EXTRACTED
g174,U_g174/Q,119.51,72.8,True,16776,4.7322109999999995,4.663600476000002,5.956698,10.688908999999999,EXTRACTED
g1741,U_g1741/Q,118.18,84.0,True,16773,4.61253629,2.186215671,2.755084,7.3676202900000005,EXTRACTED
g1744,U_g1744/Q,113.43,64.4,True,16266,2.57895408,3.162605665,2.755084,5.33403808,EXTRACTED
g1747,U_g1747/Q,103.36,60.2,True,16730,2.88382761,2.337916985,2.755084,5.63891161,EXTRACTED
g1750,U_g1750/Q,115.33,92.4,True,16742,3.3351418,2.02740687,2.755084,6.090225800000001,EXTRACTED
g1753,U_g1753/Q,133.38,86.8,True,16843,5.206367599999999,4.070802957,2.755084,7.961451599999999,EXTRACTED
g1756,U_g1756/Q,129.77,53.2,True,16369,2.09882001,3.1642091939999997,2.755084,4.85390401,EXTRACTED
g1759,U_g1759/Q,123.31,82.6,True,16693,4.2209579,2.2674287900000003,2.755084,6.9760419,EXTRACTED
g1762,U_g1762/Q,51.87,82.6,True,16658,7.1721119,2.1502019900000007,2.755084,9.927195900000001,EXTRACTED
g1765,U_g1765/Q,119.89,64.4,True,16793,0.5237778,0.592670306,2.575309,3.0990868,EXTRACTED
g1766,U_g1766/Q,133.0,79.8,True,16815,1.0520091,0.719427748,7.709863,8.7618721,EXTRACTED
g1771,U_g1771/Q,141.36,77.0,True,16235,2.3738198,1.1393096249999999,2.811598,5.1854178,EXTRACTED
g1776,U_g1776/Q,136.04,56.0,True,16289,6.99318033,6.110580169490002,12.960096,19.95327633,EXTRACTED
g178,U_g178/Q,60.61,71.4,True,16549,1.4265237699999997,1.9958738919999996,4.354116,5.7806397700000005,EXTRACTED
g1781,U_g1781/Q,118.94,70.0,True,16798,5.02405125,5.629649558000001,13.710111,18.73416225,EXTRACTED
g1786,U_g1786/Q,94.62,93.8,True,16693,4.92300215,7.309753307999998,3.729743,8.652745150000001,EXTRACTED
g1791,U_g1791/Q,127.49,92.4,True,16862,5.18778357,4.377007713999999,12.892509,18.08029257,EXTRACTED
g1796,U_g1796/Q,123.88,86.8,True,16678,4.1104818000000005,4.987694686999999,12.938253,17.0487348,EXTRACTED
g18,PORT/g18,92.495,147.46,False,0,0.57717,0.002890875,0.974659,1.5518290000000001,EXTRACTED
g1801,U_g1801/Q,132.62,81.2,True,16843,7.93627885,7.367408939,12.960096,20.89637485,EXTRACTED
g1806,U_g1806/Q,136.8,50.4,True,16271,8.50367463,6.215158446000001,12.062344,20.566018630000002,EXTRACTED
g1810,U_g1810/Q,100.51,131.6,True,16703,1.5247938,0.725085271,4.319254,5.8440478,EXTRACTED
g1811,U_g1811/Q,126.92,56.0,True,16246,12.96594611,1.05626091,2.618375,15.584321110000001,EXTRACTED
g1814,U_g1814/Q,63.84,33.6,True,16453,3.0345189,2.646695773999999,13.304458,16.3389769,EXTRACTED
g182,U_g182/Q,56.62,60.2,True,16544,2.05786924,1.39818455249,6.699202,8.75707124,EXTRACTED
g1822,U_g1822/Q,51.87,11.2,True,16109,2.04309732,2.0161921510000003,10.809685,12.85278232,EXTRACTED
g1828,U_g1828/Q,51.87,36.4,True,16483,2.78047067,2.8343126780000008,10.73195,13.51242067,EXTRACTED
g1834,U_g1834/Q,55.48,15.4,True,16072,2.42571643,2.6035487010000002,10.730696,13.15641243,EXTRACTED
g1840,U_g1840/Q,48.83,42.0,True,16407,2.3672778100000005,2.493624205,9.145486,11.512763810000001,EXTRACTED
g1845,U_g1845/Q,68.59,19.6,True,16332,2.1860571,1.3641458499999999,7.379204,9.5652611,EXTRACTED
g1848,U_g1848/Q,59.28,32.2,True,16482,0.6571615,1.104095242,1.836939,2.4941005,EXTRACTED
g1849,U_g1849/Q,63.08,36.4,True,16408,0.6169119999999999,0.09994754,1.836939,2.4538510000000002,EXTRACTED
g1850,U_g1850/Q,62.7,35.0,True,16427,1.01242,1.1267450969999997,2.7644640000000003,3.7768840000000004,EXTRACTED
g1853,U_g1853/Q,50.92,43.4,True,16416,1.6645651,0.88783476,1.836939,3.5015041,EXTRACTED
g1854,U_g1854/Q,56.81,33.6,True,16468,1.3442164799999998,1.237957046,3.738703,5.08291948,EXTRACTED
g1857,U_g1857/Q,56.81,30.8,True,16463,1.9002618999999998,1.4259952070000002,4.568284,6.4685459000000005,EXTRACTED
g186,U_g186/Q,64.6,82.6,True,16635,1.1063153000000001,1.87787509,4.4553139999999996,5.5616293,EXTRACTED
g1861,U_g1861/Q,69.92,28.0,True,16381,0.5306462000000001,0.4806971709999999,3.537169,4.0678152,EXTRACTED
g1864,U_g1864/Q,79.42,26.6,True,16847,0.7814515799999999,1.0055545660000003,6.8004,7.5818515799999995,EXTRACTED
g1868,U_g1868/Q,71.63,22.4,True,16840,2.4122871,0.972904127,6.8004,9.2126871,EXTRACTED
g1872,U_g1872/Q,30.59,40.6,True,16497,2.4900752,1.612602372,8.571523,11.061598199999999,EXTRACTED
g1878,U_g1878/Q,48.83,30.8,True,16457,1.8249887999999999,1.611865483,3.673229,5.4982178,EXTRACTED
g1882,U_g1882/Q,21.47,42.0,True,16998,1.5594609,0.9936385060000001,7.709863,9.2693239,EXTRACTED
g1887,U_g1887/Q,50.35,35.0,True,16468,1.01175331,1.6413426769999997,3.673229,4.6849823100000005,EXTRACTED
g1891,U_g1891/Q,25.65,43.4,True,16969,3.5290993,1.5598231329999999,7.709863,11.2389623,EXTRACTED
g1896,U_g1896/Q,41.42,39.2,True,16475,1.109766,1.1707717910000002,3.673229,4.782995,EXTRACTED
g1900,U_g1900/Q,25.65,44.8,True,16956,2.13805,1.5200544630000001,7.709863,9.847913,EXTRACTED
g1905,U_g1905/Q,39.33,43.4,True,16531,3.4945679,2.0667299300000006,3.673229,7.1677969,EXTRACTED
g1909,U_g1909/Q,20.33,37.8,True,17011,2.08182937,0.9539625499999997,7.709863,9.79169237,EXTRACTED
g1914,U_g1914/Q,44.08,43.4,True,16546,2.1848829,2.4095151249999995,3.673229,5.8581119,EXTRACTED
g1918,U_g1918/Q,31.92,47.6,True,16515,2.0387132,1.4085177600000005,7.709863,9.7485762,EXTRACTED
g192,U_g192/Q,48.83,95.2,True,16634,2.1871903,2.604481626,4.4553139999999996,6.6425043,EXTRACTED
g1923,U_g1923/Q,58.33,28.0,True,16520,2.7456000699999996,2.832682635,3.673229,6.418829069999999,EXTRACTED
g1927,U_g1927/Q,25.84,42.0,True,16976,1.93940037,1.3359883590000001,7.709863,9.64926337,EXTRACTED
g1932,U_g1932/Q,125.97,50.4,True,16263,6.108737649999999,4.8189951980000005,3.673229,9.78196665,EXTRACTED
g1936,U_g1936/Q,37.05,42.0,True,16510,1.7193094,0.9883581929999998,7.709863,9.4291724,EXTRACTED
g1941,U_g1941/Q,66.88,30.8,True,16496,1.8175596,1.9855738589999996,3.673229,5.4907886,EXTRACTED
g1945,U_g1945/Q,38.76,37.8,True,16461,1.3149459000000001,0.9767987569700002,7.709863,9.0248089,EXTRACTED
g1950,U_g1950/Q,39.71,32.2,True,16447,1.63965205,2.7000577120000004,5.337428,6.97708005,EXTRACTED
g1955,U_g1955/Q,64.22,15.4,True,16319,4.5757036,3.308394665,2.038473,6.6141766,EXTRACTED
g1956,U_g1956/Q,58.33,78.4,True,16644,0.5211327000000001,0.60723651,2.038473,2.5596057000000005,EXTRACTED
g1957,output93/Z,3.42,79.8,True,16635,0.350986,0.06791053999999999,0,0.350986,EXTRACTED
g1958,U_g1958/Q,125.02,72.8,True,16718,4.63003596,3.2901260100000003,2.038473,6.6685089600000005,EXTRACTED
g1959,U_g1959/Q,122.55,84.0,True,16663,0.7892091000000001,0.8084303,1.865608,2.6548171,EXTRACTED
g1960,PORT/g1960,144.015,0.07,False,0,0.308778,0.02599576,0.974659,1.2834370000000002,EXTRACTED
g1961,PORT/g1961,0.07,30.87,False,0,0.19313840000000002,0.06749472000000001,0.974659,1.1677974,EXTRACTED
g1962,U_g1962/ZN,3.23,137.2,False,0,0.36853400000000003,0.0,1.70023,2.068764,EXTRACTED
g1964,U_g1964/ZN,86.83,84.0,True,16585,2.0457635,2.8779838499999997,0.918145,2.9639085,EXTRACTED
g1965,U_g1965/ZN,65.55,51.8,True,16963,0.940974,0.57952301,1.8927749999999999,2.833749,EXTRACTED
g1968,U_g1968/ZN,71.25,51.8,True,16378,0.01742614,0.0,0.918145,0.93557114,EXTRACTED
g1969,U_g1969/ZN,19.57,71.4,True,16906,0.3583007,0.32380807999999994,2.618375,2.9766757,EXTRACTED
g197,U_g197/Q,92.91,98.0,True,16690,2.79369441,4.719376413000001,6.8004,9.59409441,EXTRACTED
g1975,U_g1975/ZN,30.21,98.0,True,16806,2.2800395,1.078954715,3.539546,5.8195855000000005,EXTRACTED
g1976,U_g1976/ZN,76.76,135.8,True,16676,1.02556654,1.5343495230000002,5.090839,6.11640554,EXTRACTED
g1980,U_g1980/ZN,69.54,135.8,True,16800,0.464809,1.052133204,0.918145,1.382954,EXTRACTED
g1981,U_g1981/ZN,66.31,131.6,True,16797,0.576006,0.42313303399999996,0.918145,1.494151,EXTRACTED
g1984,U_g1984/ZN,61.56,14.0,True,16221,0.7012536,0.6910751330000001,2.618375,3.3196285999999997,EXTRACTED
g1987,U_g1987/ZN,61.37,1.4,True,16103,0.504254,0.14492356,1.70023,2.204484,EXTRACTED
g1988,U_g1988/ZN,9.12,32.2,True,16303,0.272632,0.08559789999999999,1.70023,1.972862,EXTRACTED
g1989,U_g1989/ZN,61.94,5.6,True,16169,0.462028,0.60915892,1.70023,2.162258,EXTRACTED
g1990,U_g1990/ZN,64.98,2.8,True,16263,0.065343,0.025036540000000003,1.70023,1.7655729999999998,EXTRACTED
g1991,U_g1991/ZN,69.92,1.4,True,16048,0.23006000000000001,0.0898178,1.70023,1.9302899999999998,EXTRACTED
g1992,U_g1992/ZN,55.1,5.6,True,16127,0.1035722,0.0035809400000000003,1.70023,1.8038021999999998,EXTRACTED
g1993,U_g1993/ZN,111.53,2.8,True,16894,0.38106059999999997,0.8796500199999999,1.70023,2.0812906,EXTRACTED
g2008,U_g2008/ZN,74.86,14.0,True,16325,0.32680774,0.6926199189999999,2.618375,2.94518274,EXTRACTED
g201,U_g201/Q,56.81,102.2,True,16725,4.113262499999999,3.4235084259,8.575073,12.688335499999999,EXTRACTED
g2016,U_g2016/ZN,98.61,46.2,True,16426,0.7582115,0.5444902199999999,1.599032,2.3572435,EXTRACTED
g2017,U_g2017/ZN,47.69,124.6,True,16778,0.09297559999999999,0.017171288,0.918145,1.0111206,EXTRACTED
g2018,U_g2018/ZN,136.61,43.4,True,16260,1.25978737,1.2223958800000003,2.618375,3.87816237,EXTRACTED
g2023,U_g2023/ZN,95.19,74.2,True,16220,0.0507988,0.00768071,1.726477,1.7772758,EXTRACTED
g2024,U_g2024/ZN,96.14,65.8,True,16565,3.9207083099999993,2.8481951249999993,18.452765,22.373473309999998,EXTRACTED
g2028,U_g2028/ZN,135.47,61.6,True,16331,0.14686960000000002,0.16080109999999997,6.390708,6.5375776,EXTRACTED
g2031,U_g2031/ZN,129.39,77.0,True,16781,0.15909587000000003,0.03878208,2.524095,2.68319087,EXTRACTED
g2034,U_g2034/ZN,136.42,72.8,True,16815,0.8423934,0.5610307100000002,2.618375,3.4607684,EXTRACTED
g2045,U_g2045/ZN,126.73,65.8,True,16246,0.514824,0.51489551,2.67486,3.1896839999999997,EXTRACTED
g2047,U_g2047/ZN,57.76,22.4,True,16463,0.6288166,0.41723048999999995,3.568848,4.1976645999999995,EXTRACTED
g2050,U_g2050/ZN,68.78,26.6,True,16381,0.58097223,0.6110800259999999,5.090839,5.671811229999999,EXTRACTED
g2054,U_g2054/ZN,66.88,25.2,True,16847,0.07560940000000001,0.03178139000000001,0.918145,0.9937544,EXTRACTED
g2057,U_g2057/ZN,13.11,77.0,True,16866,0.7151412,0.3664788,6.619975999999999,7.335117199999999,EXTRACTED
g2060,U_g2060/ZN,61.56,86.8,True,16034,0.0556296,0.0,0.856528,0.9121576,EXTRACTED
g2061,U_g2061/ZN,50.35,22.4,True,16483,0.6316457,0.7353282150000001,7.467554,8.0991997,EXTRACTED
g2067,U_g2067/ZN,81.13,81.2,True,15988,0.899429,0.5490545659999999,1.714471,2.6139,EXTRACTED
g207,U_g207/Q,52.63,84.0,True,16654,1.5949631,1.6506418660000004,4.4553139999999996,6.0502771,EXTRACTED
g2070,U_g2070/ZN,59.66,81.2,True,16690,0.47767000000000004,0.394992,0.902272,1.379942,EXTRACTED
g2074,U_g2074/ZN,64.79,86.8,True,16764,0.09867219999999999,0.25162638,0.924115,1.0227872,EXTRACTED
g2077,U_g2077/ZN,69.16,93.8,True,16639,0.682918,0.83304424,0.944508,1.627426,EXTRACTED
g2078,U_g2078/ZN,55.29,54.6,True,16627,0.084924,0.15261439999999998,0.856528,0.941452,EXTRACTED
g2081,U_g2081/ZN,78.09,18.2,False,10247,0.052818000000000004,0.12595884,0.97463,1.027448,EXTRACTED
g2082,U_g2082/ZN,68.21,98.0,True,16027,0.33747,0.67520212,0.856528,1.193998,EXTRACTED
g2083,U_g2083/ZN,62.89,63.0,True,16693,0.68519,0.747316043,0.902272,1.587462,EXTRACTED
g2087,U_g2087/ZN,78.66,102.2,True,16762,0.354066,0.33932543,0.902272,1.256338,EXTRACTED
g2088,U_g2088/ZN,49.21,68.6,False,30093,0.270884,0.57467096,0.914189,1.185073,EXTRACTED
g2091,U_g2091/ZN,71.25,9.8,False,7077,0.42170906999999996,0.503760973,4.172694,4.59440307,EXTRACTED
g2095,U_g2095/ZN,60.04,51.8,True,16044,0.23896,0.27468073,0.944508,1.183468,EXTRACTED
g2096,U_g2096/ZN,52.25,71.4,False,22080,0.456304,0.34635024999999997,0.923766,1.38007,EXTRACTED
g2099,U_g2099/ZN,51.3,67.2,False,21113,0.47007341999999996,0.862703939,0.938321,1.40839442,EXTRACTED
g2102,U_g2102/ZN,48.26,71.4,False,22450,0.1359066,0.47600214999999996,0.941245,1.0771516,EXTRACTED
g2104,U_g2104/ZN,40.85,64.4,False,17637,0.11108080000000001,0.01673711,0.914189,1.0252698,EXTRACTED
g2105,U_g2105/ZN,79.42,127.4,False,22333,0.477506,0.44730787,3.263231,3.740737,EXTRACTED
g2106,U_g2106/ZN,40.66,61.6,False,20072,0.0755046,0.054755820000000004,0.923766,0.9992706,EXTRACTED
g2107,U_g2107/ZN,76.57,126.0,False,18043,0.6503024,0.749036965,3.198064,3.8483663999999997,EXTRACTED
g2109,U_g2109/ZN,42.94,60.2,False,22263,0.207982,0.26976962,0.938321,1.146303,EXTRACTED
g2111,U_g2111/ZN,40.85,56.0,False,18401,0.45598,0.167991628,0.941245,1.397225,EXTRACTED
g2115,U_g2115/ZN,80.18,114.8,False,22930,0.9003539700000001,1.148027804,3.263231,4.1635849700000005,EXTRACTED
g2117,U_g2117/ZN,72.58,128.8,False,22652,0.349716,0.419584,1.70023,2.049946,EXTRACTED
g2118,U_g2118/ZN,57.76,29.4,True,16468,0.7863045,0.832175263,2.67486,3.4611644999999998,EXTRACTED
g2120,U_g2120/ZN,83.03,119.0,False,27863,0.7381852999999999,1.0789223700000001,3.198064,3.9362493,EXTRACTED
g2126,U_g2126/ZN,87.4,46.2,True,16899,3.2355881,1.1131280700000001,2.8674049999999998,6.1029931,EXTRACTED
g213,U_g213/Q,54.72,70.0,True,16690,5.7463589,4.795020772000001,4.4553139999999996,10.201672899999998,EXTRACTED
g2132,U_g2132/ZN,24.32,28.0,False,4166,0.21633787,0.379050655,1.83629,2.05262787,EXTRACTED
g2160,U_g2160/ZN,60.23,89.6,False,2955,0.685148,0.533421782,3.053103,3.738251,EXTRACTED
g2161,U_g2161/ZN,109.25,84.0,False,21,0.848904,0.304986891,1.70023,2.549134,EXTRACTED
g2167,U_g2167/ZN,54.34,57.4,False,20693,0.286832,0.67970325,0.941939,1.228771,EXTRACTED
g2169,U_g2169/ZN,121.22,1.4,False,0,2.0348415600000003,2.78110938,13.359938,15.39477956,EXTRACTED
g2172,U_g2172/ZN,119.89,1.4,False,0,1.30893692,2.0298467920000003,14.867090000000001,16.17602692,EXTRACTED
g2175,U_g2175/ZN,116.85,2.8,False,0,2.0745522,2.0144213499999997,14.56693,16.6414822,EXTRACTED
g2176,U_g2176/ZN,13.49,140.0,False,0,1.4223524,0.7350224144900002,7.719065,9.1414174,EXTRACTED
g2177,U_g2177/ZN,56.24,88.2,False,20527,1.280019,0.9433840709999999,3.198064,4.478083,EXTRACTED
g2178,U_g2178/ZN,116.47,2.8,False,0,1.2763023000000002,1.5454758889999995,15.577196,16.853498300000002,EXTRACTED
g2180,U_g2180/ZN,32.49,63.0,False,21037,0.44253800000000004,0.15524615800000002,0.941939,1.384477,EXTRACTED
g2187,U_g2187/ZN,13.87,84.0,True,16738,0.7088599999999999,0.06403152000000001,3.428942,4.137802,EXTRACTED
g219,U_g219/Q,56.05,74.2,True,16639,6.75750469,5.534512507999999,5.3734589999999995,12.13096369,EXTRACTED
g2198,U_g2198/ZN,15.39,88.2,True,16845,0.1013048,0.0425973,0.97463,1.0759348,EXTRACTED
g2202,U_g2202/ZN,64.22,53.2,True,16633,0.30620400000000003,0.28956464,1.659913,1.9661170000000001,EXTRACTED
g2203,U_g2203/ZN,15.77,92.4,True,16909,0.0887862,0.0606516,0.97463,1.0634162,EXTRACTED
g2204,U_g2204/ZN,80.56,79.8,False,16730,0.01742614,0.0,0.918145,0.93557114,EXTRACTED
g2205,U_g2205/ZN,104.69,119.0,False,18945,1.0186003,0.8669916050000002,3.198064,4.2166643,EXTRACTED
g2208,U_g2208/ZN,145.16,142.8,False,0,0.26212799999999997,0.2620118,1.70023,1.9623579999999998,EXTRACTED
g2211,U_g2211/ZN,66.31,58.8,True,16613,0.0898848,0.13218284,1.63809,1.7279748000000001,EXTRACTED
g2212,U_g2212/ZN,20.9,100.8,True,16805,0.7687919999999999,0.31432476,0.97463,1.7434219999999998,EXTRACTED
g2214,U_g2214/ZN,81.32,77.0,True,16461,0.218162,0.09459805499999999,0.918145,1.136307,EXTRACTED
g2215,U_g2215/ZN,84.17,128.8,False,18660,0.14253290000000002,0.095296223,3.198064,3.3405969,EXTRACTED
g2216,U_g2216/ZN,117.8,2.8,False,0,4.8273687800000005,5.585680195459999,31.099309,35.926677780000006,EXTRACTED
g2222,U_g2222/ZN,65.17,61.6,True,16608,0.1800972,0.037016383,1.59521,1.7753072,EXTRACTED
g2223,U_g2223/ZN,78.09,54.6,False,18842,0.1840032,0.31298333,0.918145,1.1021482,EXTRACTED
g2224,U_g2224/ZN,15.01,96.6,True,16909,0.34084000000000003,0.4678021,0.97463,1.31547,EXTRACTED
g2229,U_g2229/ZN,63.27,50.4,True,16398,0.661492,0.32957471,1.522092,2.1835839999999997,EXTRACTED
g2230,U_g2230/ZN,16.72,100.8,True,16614,0.7984959999999999,0.57936279,0.97463,1.773126,EXTRACTED
g2236,U_g2236/ZN,63.84,49.0,False,18789,0.13719883,0.12534839849,3.198064,3.33526283,EXTRACTED
g2237,U_g2237/ZN,16.72,103.6,True,16823,0.389418,0.47771084999999996,0.97463,1.364048,EXTRACTED
g2241,U_g2241/ZN,21.66,105.0,True,16780,0.6987241000000001,0.57026656,0.97463,1.6733541,EXTRACTED
g2248,U_g2248/ZN,144.4,1.4,False,0,0.19721819999999998,0.000677409,1.70023,1.8974482,EXTRACTED
g2249,U_g2249/ZN,64.98,65.8,True,16427,0.5723013,0.727804428,0.924115,1.4964163,EXTRACTED
g225,U_g225/Q,114.0,88.2,True,16762,5.614068999999999,5.294384732999999,6.2916039999999995,11.905672999999998,EXTRACTED
g2250,U_g2250/ZN,16.34,75.6,False,17820,0.041984799999999996,0.086154958,0.918145,0.9601298,EXTRACTED
g2251,U_g2251/ZN,15.39,112.0,True,16779,0.501732,0.9345099100000002,0.97463,1.476362,EXTRACTED
g2253,U_g2253/ZN,2.47,2.8,False,0,0.0301606,0.0,1.70023,1.7303906,EXTRACTED
g2254,U_g2254/ZN,70.87,58.8,True,16514,0.10534,0.0074773240000000005,0.944508,1.0498480000000001,EXTRACTED
g2257,U_g2257/ZN,58.33,14.0,False,17868,0.0910612,0.009164150000000001,0.918145,1.0092062,EXTRACTED
g2260,U_g2260/ZN,72.39,63.0,False,16861,0.1337012,0.18097674,0.918145,1.0518462,EXTRACTED
g2264,U_g2264/ZN,136.42,78.4,False,2734,1.1230699,0.5372338429999999,4.172694,5.2957639,EXTRACTED
g2268,U_g2268/ZN,68.21,138.6,True,16729,0.7350619999999999,0.577009294,0.918145,1.6532069999999999,EXTRACTED
g2271,U_g2271/ZN,141.17,44.8,False,0,1.7577237,1.2924145,1.714471,3.4721947,EXTRACTED
g2272,U_g2272/ZN,102.98,126.0,False,17660,0.623672,0.5058749650000001,0.918145,1.541817,EXTRACTED
g2273,U_g2273/ZN,143.45,43.4,False,0,1.3503383000000002,0.55141214,1.714471,3.0648093000000003,EXTRACTED
g2274,U_g2274/ZN,132.05,42.0,False,16796,1.02146,0.36944846,0.918145,1.939605,EXTRACTED
g2275,U_g2275/ZN,91.96,39.2,True,16819,0.7060379999999999,1.17346844,1.714471,2.420509,EXTRACTED
g2276,U_g2276/ZN,118.94,64.4,False,2207,4.77922082,4.3527253370000025,13.87236,18.65158082,EXTRACTED
g2297,U_g2297/ZN,99.75,42.0,True,16890,0.19888720000000001,0.36057498,1.714471,1.9133582,EXTRACTED
g2299,U_g2299/ZN,129.2,78.4,True,16678,0.6986224000000001,0.30548036999999995,4.310834,5.0094563999999995,EXTRACTED
g23,PORT/g23,147.46,119.91,False,0,0.1732118,0.11037721,0.77983,0.9530418,EXTRACTED
g2303,U_g2303/ZN,54.91,58.8,False,22875,0.632605,0.324275937,1.70023,2.3328349999999998,EXTRACTED
g2305,U_g2305/ZN,92.53,110.6,False,10039,1.143398,1.0035462570000002,1.651345,2.794743,EXTRACTED
g2306,U_g2306/ZN,46.74,127.4,False,7769,0.799709,0.7499707480000001,4.172694,4.972403,EXTRACTED
g2309,U_g2309/ZN,64.6,120.4,False,5272,0.456606,0.6731099040000001,1.651345,2.107951,EXTRACTED
g231,U_g231/Q,83.03,85.4,True,16615,3.2502470900000002,3.055395615,5.3734589999999995,8.623706089999999,EXTRACTED
g2310,U_g2310/ZN,26.98,110.6,False,11056,0.9978818,1.2994155965999998,6.518892,7.5167738,EXTRACTED
g2315,U_g2315/ZN,90.82,135.8,False,10028,0.753952,0.7107639420000003,1.714471,2.468423,EXTRACTED
g2316,U_g2316/ZN,60.99,121.8,False,15499,0.319532,0.311726355,1.714471,2.0340030000000002,EXTRACTED
g2321,U_g2321/ZN,69.16,9.8,False,16755,0.0359172,0.00882495,0.918145,0.9540622,EXTRACTED
g2325,U_g2325/ZN,35.15,110.6,False,10683,0.4551401,0.16271137500000002,2.615201,3.0703411,EXTRACTED
g2328,U_g2328/ZN,26.03,28.0,True,16998,0.0824048,0.0355199,0.97463,1.0570348,EXTRACTED
g2330,U_g2330/ZN,23.94,25.2,True,16969,0.0966702,0.035541869000000004,0.97463,1.0713002,EXTRACTED
g2331,U_g2331/ZN,14.44,89.6,True,16849,0.1422524,0.20375490000000002,1.83629,1.9785424,EXTRACTED
g2336,U_g2336/ZN,23.56,23.8,True,16956,0.0469022,0.01853907,0.97463,1.0215322,EXTRACTED
g2338,U_g2338/ZN,27.93,21.0,True,17011,0.12126680000000001,0.0557263,0.97463,1.0958968,EXTRACTED
g2340,U_g2340/ZN,24.32,25.2,True,16515,0.596248,0.08651762,0.97463,1.570878,EXTRACTED
g2343,U_g2343/ZN,28.31,28.0,True,16976,0.5521605,0.4527521280000001,0.97463,1.5267905000000002,EXTRACTED
g2345,U_g2345/ZN,36.29,25.2,True,16510,0.402016,0.27508649999999996,0.97463,1.376646,EXTRACTED
g2347,U_g2347/ZN,38.76,23.8,True,16461,0.0658248,0.02791279,0.97463,1.0404548,EXTRACTED
g2353,U_g2353/ZN,87.97,99.4,False,13780,0.1106104,0.2218542,1.616298,1.7269084000000001,EXTRACTED
g2354,U_g2354/ZN,87.4,99.4,False,3439,0.194861,0.29755768,1.663842,1.858703,EXTRACTED
g2355,output94/Z,87.78,144.2,False,0,0.292826,0.0007757150000000001,0,0.292826,EXTRACTED
g2364,U_g2364/ZN,37.81,107.8,True,16587,0.7091679,0.9994784100000002,4.807516,5.516683899999999,EXTRACTED
g2369,U_g2369/ZN,34.39,112.0,True,16578,0.8383878,0.55975668,2.517811,3.3561988,EXTRACTED
g237,U_g237/Q,56.05,91.0,True,16033,5.7480307999999996,4.659909838,5.3734589999999995,11.121489799999999,EXTRACTED
g2372,U_g2372/ZN,70.68,124.6,False,18616,0.65167,0.769005922,0.914189,1.5658590000000001,EXTRACTED
g2374,U_g2374/ZN,33.44,113.4,True,16833,0.8575366,0.784454027,6.522546,7.3800826,EXTRACTED
g2379,U_g2379/ZN,72.58,2.8,False,0,0.01742614,0.0,0.918145,0.93557114,EXTRACTED
g2380,U_g2380/ZN,73.34,123.2,False,17742,0.6454275,0.36128491,0.923766,1.5691935,EXTRACTED
g2381,U_g2381/ZN,102.6,98.0,True,16220,1.36469,1.7386211480000002,0.924115,2.288805,EXTRACTED
g2382,U_g2382/ZN,34.96,114.8,True,16814,1.21538378,1.2568344190000003,9.685899,10.901282779999999,EXTRACTED
g2389,U_g2389/ZN,77.9,120.4,False,21127,0.8991897,0.26564207000000006,0.938321,1.8375107,EXTRACTED
g2395,U_g2395/ZN,78.66,99.4,True,16615,0.156715,0.23820025,0.944508,1.101223,EXTRACTED
g2396,U_g2396/ZN,63.27,95.2,True,16681,0.32641450000000005,0.55476266,1.8010359999999999,2.1274505,EXTRACTED
g2399,U_g2399/ZN,33.44,121.8,True,16784,1.2138951,1.303119345,7.467554,8.6814491,EXTRACTED
g2405,U_g2405/ZN,75.81,121.8,False,23842,0.70135,0.5616763029999999,0.941245,1.642595,EXTRACTED
g2406,U_g2406/ZN,73.91,102.2,True,16644,0.6444559999999999,0.719072601,0.856528,1.5009839999999999,EXTRACTED
g2407,U_g2407/ZN,63.65,96.6,True,16690,0.43194360000000004,0.605661084,1.826387,2.2583306,EXTRACTED
g2410,U_g2410/ZN,98.8,86.8,True,16682,0.6739916,0.311492959,1.663842,2.3378336,EXTRACTED
g2419,U_g2419/ZN,66.31,116.2,False,27190,0.369172,0.45133950399999995,0.914189,1.283361,EXTRACTED
g2420,U_g2420/ZN,62.89,93.8,True,16033,0.285926,0.85470981,0.902272,1.1881979999999999,EXTRACTED
g2421,U_g2421/ZN,64.79,96.6,True,16044,0.4422142,0.5931801600000001,1.826387,2.2686012,EXTRACTED
g2424,U_g2424/ZN,126.73,98.0,True,16781,9.6245736,5.588103078,8.18373,17.808303600000002,EXTRACTED
g243,U_g243/Q,66.31,114.8,True,16749,5.1876023600000005,1.023090176,4.4553139999999996,9.642916360000001,EXTRACTED
g2433,U_g2433/ZN,69.16,116.2,False,26852,0.272234,0.165538464,0.923766,1.196,EXTRACTED
g2434,U_g2434/ZN,67.07,99.4,True,16717,0.44770600000000005,0.29929587999999996,0.924115,1.3718210000000002,EXTRACTED
g2435,U_g2435/ZN,63.27,96.6,True,16725,0.134771,0.18943148999999998,0.944508,1.079279,EXTRACTED
g2437,U_g2437/ZN,73.34,117.6,False,18806,0.1417708,0.18907043000000004,0.938321,1.0800918,EXTRACTED
g2438,U_g2438/ZN,63.65,95.2,True,16749,0.37645799999999996,0.36628845,0.944508,1.3209659999999999,EXTRACTED
g2439,U_g2439/ZN,46.74,15.4,False,10222,1.294756,1.3572681220000002,6.518892,7.813648000000001,EXTRACTED
g2444,U_g2444/ZN,85.12,36.4,True,16911,0.5715758,0.7309412100000001,1.599032,2.1706078,EXTRACTED
g2445,U_g2445/ZN,74.86,119.0,False,18631,0.25524199999999997,0.20729036,0.941245,1.1964869999999999,EXTRACTED
g2446,U_g2446/ZN,65.17,86.8,True,16566,1.0320520000000002,0.9694053959999998,1.8010359999999999,2.833088,EXTRACTED
g2449,U_g2449/ZN,74.29,7.0,True,16850,0.51786,0.30254819400000005,1.70023,2.21809,EXTRACTED
g2451,U_g2451/ZN,69.54,91.0,True,16744,0.7718218000000001,0.7279507799999999,1.826387,2.5982088,EXTRACTED
g2456,U_g2456/ZN,67.45,95.2,True,16668,0.68599,0.357329118,1.826387,2.512377,EXTRACTED
g2459,U_g2459/ZN,130.72,74.2,False,18615,0.48188894000000004,0.6536547399999998,3.351575,3.83346394,EXTRACTED
g2475,U_g2475/ZN,65.55,92.4,True,16634,0.7801285,0.868721885,1.8010359999999999,2.5811645,EXTRACTED
g2478,U_g2478/ZN,125.02,63.0,False,17913,0.1880506,0.026434613999999995,1.119679,1.3077296,EXTRACTED
g2479,U_g2479/ZN,130.91,107.8,True,16826,0.609442,0.49593355000000006,3.263231,3.8726730000000003,EXTRACTED
g248,U_g248/Q,113.43,89.6,True,16744,3.69011601,5.082340903999999,4.4553139999999996,8.14543001,EXTRACTED
g2481,U_g2481/ZN,85.69,35.0,True,16906,0.51943,0.374100253,1.599032,2.118462,EXTRACTED
g2493,U_g2493/ZN,53.01,22.4,False,9019,0.1514039,0.19410012,2.615201,2.7666049,EXTRACTED
g2496,U_g2496/ZN,69.92,47.6,False,9372,1.0219855,1.43289537,4.172694,5.1946794999999995,EXTRACTED
g2499,U_g2499/ZN,51.3,61.6,False,7332,0.1567624,0.16746673,1.651345,1.8081074000000001,EXTRACTED
g2500,U_g2500/ZN,63.65,58.8,False,10453,0.0560532,0.031469204,1.616298,1.6723512,EXTRACTED
g2501,U_g2501/ZN,51.11,50.4,False,9025,0.6950262999999999,0.4873926100000001,1.714471,2.4094973,EXTRACTED
g2503,U_g2503/ZN,32.49,33.6,True,16497,0.7129235999999999,0.8648189440000001,1.83629,2.5492136,EXTRACTED
g2506,U_g2506/ZN,41.61,116.2,True,16569,0.38840233,0.20077856300000002,2.67486,3.0632623299999997,EXTRACTED
g2510,U_g2510/ZN,136.99,60.2,False,16331,0.035726799999999996,0.01253089,0.77983,0.8155568,EXTRACTED
g2511,U_g2511/ZN,25.84,74.2,False,11273,0.7018993,0.607994862,4.172694,4.8745933,EXTRACTED
g2514,U_g2514/ZN,26.03,57.4,False,8077,0.6572560000000001,0.7101724700000001,1.651345,2.3086010000000003,EXTRACTED
g2515,U_g2515/ZN,94.05,84.0,False,20750,2.0291812,0.8166408300000001,0.941939,2.9711202,EXTRACTED
g2516,U_g2516/ZN,58.9,126.0,False,29989,0.25244,0.10537303999999999,0.941939,1.194379,EXTRACTED
g2517,U_g2517/ZN,141.17,75.6,False,28460,0.43185199999999996,0.6893799679999999,0.918145,1.349997,EXTRACTED
g2518,U_g2518/ZN,83.98,14.0,True,16891,0.57049713,0.537606972,4.92743,5.49792713,EXTRACTED
g2521,U_g2521/ZN,29.64,56.0,False,6116,0.9910969999999999,0.547133608,1.714471,2.705568,EXTRACTED
g2522,U_g2522/ZN,102.41,46.2,False,21180,0.46405399999999997,0.6437353899999999,0.941939,1.405993,EXTRACTED
g2525,U_g2525/ZN,59.85,12.6,False,9784,0.29070969,0.24754968000000002,4.172694,4.46340369,EXTRACTED
g2528,U_g2528/ZN,102.41,50.4,False,21085,0.6392737,0.8998999719999999,0.946814,1.5860877,EXTRACTED
g253,U_g253/Q,49.78,85.4,True,16671,0.6496666000000001,0.7884996270000002,2.038473,2.6881396000000004,EXTRACTED
g2531,U_g2531/ZN,23.37,89.6,False,7875,0.5371298,0.24876067000000002,1.83629,2.3734197999999997,EXTRACTED
g2538,U_g2538/ZN,105.83,88.2,False,16665,0.395696,0.12000343,1.616298,2.011994,EXTRACTED
g254,U_g254/Q,60.61,65.8,True,16565,0.3822179,0.36618944,2.038473,2.4206909000000003,EXTRACTED
g2542,U_g2542/ZN,65.55,21.0,True,16840,0.01742614,0.0,0.918145,0.93557114,EXTRACTED
g2544,U_g2544/ZN,130.53,37.8,False,6832,1.2327971599999998,0.818382393,4.172694,5.4054911599999995,EXTRACTED
g2549,U_g2549/ZN,67.45,88.2,True,16634,0.289332,0.33761611799999997,0.856528,1.1458599999999999,EXTRACTED
g255,U_g255/Q,55.1,42.0,True,16455,1.17204196,1.0725152539999998,2.956618,4.12865996,EXTRACTED
g2550,U_g2550/ZN,47.88,22.4,True,16072,0.5080950799999999,0.5001977219999999,4.807516,5.31561108,EXTRACTED
g2555,U_g2555/ZN,45.79,127.4,False,17164,0.1047984,0.016578076,0.918145,1.0229434,EXTRACTED
g2556,U_g2556/ZN,63.27,85.4,True,16635,0.0891966,0.04272426,0.902272,0.9914685999999999,EXTRACTED
g2557,U_g2557/ZN,48.26,22.4,True,16407,0.2623336,0.35736915300000005,2.517811,2.7801446,EXTRACTED
g256,U_g256/Q,79.23,84.0,True,16594,1.8243644,1.6572265979999992,2.038473,3.8628374,EXTRACTED
g2561,U_g2561/ZN,78.28,2.8,False,0,0.048516000000000004,0.15114146,0.918145,0.966661,EXTRACTED
g2562,U_g2562/ZN,63.65,85.4,True,16029,0.08490020000000001,0.059966359999999996,0.924115,1.0090152000000001,EXTRACTED
g2563,U_g2563/ZN,97.66,95.2,False,47,0.5707201,0.8435837799999999,1.70023,2.2709501,EXTRACTED
g2564,U_g2564/ZN,57.38,23.8,True,16453,0.6634692,1.2165412899999999,6.522546,7.1860152,EXTRACTED
g257,U_g257/Q,47.88,84.0,True,16681,0.8140562,1.1652456800000002,2.038473,2.8525292,EXTRACTED
g2570,U_g2570/ZN,62.7,88.2,True,16654,0.112205,0.1864126,0.944508,1.056713,EXTRACTED
g2571,U_g2571/ZN,52.06,22.4,True,16109,1.4101043,2.022387661,9.685899,11.0960033,EXTRACTED
g2579,U_g2579/ZN,22.99,75.6,True,16906,1.39250166,1.247179505,9.72998,11.12248166,EXTRACTED
g258,U_g258/Q,65.55,54.6,True,16037,1.942176,1.9546515039999999,2.038473,3.980649,EXTRACTED
g259,U_g259/Q,80.56,74.2,True,16458,0.8906354,1.2830609900000003,2.038473,2.9291084,EXTRACTED
g26,U_g26/Q,130.34,106.4,True,16826,0.3180482,0.255683052,2.619024,2.9370722000000002,EXTRACTED
g260,U_g260/Q,64.79,103.6,True,16707,0.17809639,0.017196645,2.038473,2.21656939,EXTRACTED
g2601,output95/Z,51.87,1.4,True,16812,0.169958,0.0,0,0.169958,EXTRACTED
g2602,output96/Z,35.72,144.2,True,16802,0.5440762,0.26720439999999995,0,0.5440762,EXTRACTED
g2603,output97/Z,10.26,32.2,True,16992,0.792602,0.09554689,0,0.792602,EXTRACTED
g2604,output98/Z,144.02,63.0,True,16297,0.1753528,0.07689044,0,0.1753528,EXTRACTED
g2605,output99/Z,137.56,105.0,True,16222,0.9947539999999999,0.472414,0,0.9947539999999999,EXTRACTED
g2606,output100/Z,49.4,5.6,True,16844,0.7815874,0.0,0,0.7815874,EXTRACTED
g2607,output101/Z,2.47,75.6,True,16867,0.195853,0.005897250000000001,0,0.195853,EXTRACTED
g2608,output102/Z,2.85,81.2,True,16915,0.207404,0.08736987000000002,0,0.207404,EXTRACTED
g2609,output103/Z,145.73,68.6,True,16281,0.0962114,0.0102872,0,0.0962114,EXTRACTED
g261,U_g261/Q,74.29,58.8,True,16604,2.8894645,3.2515473660000005,2.038473,4.9279375000000005,EXTRACTED
g2610,output104/Z,145.16,119.0,True,16742,0.362066,0.2196324,0,0.362066,EXTRACTED
g2611,output105/Z,144.21,107.8,True,16841,0.6831123,0.57905934,0,0.6831123,EXTRACTED
g2612,output106/Z,1.33,86.8,True,16837,0.1009824,0.035709199999999996,0,0.1009824,EXTRACTED
g262,U_g262/Q,53.96,65.8,True,16702,2.4251186999999996,1.3177984839999999,2.038473,4.4635917,EXTRACTED
g263,U_g263/Q,64.6,37.8,True,16441,1.8537806,2.609526,2.755084,4.6088646,EXTRACTED
g2648,output107/Z,56.24,11.2,True,16890,0.6159263,0.48501557000000006,0,0.6159263,EXTRACTED
g2652,U_g2652/ZN,82.84,14.0,True,16325,0.292688,0.66791524,0.918145,1.210833,EXTRACTED
g266,U_g266/Q,63.08,88.2,True,16043,5.1396796,4.4012010199999985,2.755084,7.8947636,EXTRACTED
g2677,U_g2677/ZN,127.49,68.6,True,16815,4.88193459,3.1390872760000006,6.874194,11.75612859,EXTRACTED
g269,U_g269/Q,55.48,44.8,True,16437,3.44826216,3.184311722,2.755084,6.203346160000001,EXTRACTED
g27,PORT/g27,6.255,147.46,False,0,0.222718,0.0604805,0.974659,1.1973770000000001,EXTRACTED
g272,U_g272/Q,132.05,40.6,True,16389,3.0994102,3.746693517,2.755084,5.8544941999999995,EXTRACTED
g2725,U_g2725/ZN,130.15,29.4,True,16260,0.288164,0.18807810999999997,0.918145,1.206309,EXTRACTED
g2744,U_g2744/ZN,49.4,63.0,False,9336,0.212174,0.08084643999999999,1.70023,1.912404,EXTRACTED
g275,U_g275/Q,76.38,63.0,True,16623,2.173296,2.2959692649999996,2.755084,4.928380000000001,EXTRACTED
g2756,U_g2756/ZN,77.33,18.2,False,5167,0.0676448,0.05166414,0.97463,1.0422748,EXTRACTED
g2760,U_g2760/ZN,73.34,7.0,False,4303,0.1471227,0.52711357,4.172694,4.3198167,EXTRACTED
g2774,U_g2774/ZN,123.88,72.8,False,2207,3.7596517599999997,3.228817406,6.82241,10.582061759999998,EXTRACTED
g2776,U_g2776/ZN,82.08,133.0,False,22554,0.48655270000000006,0.556332644,3.263231,3.7497837,EXTRACTED
g2777,U_g2777/ZN,118.75,81.2,False,2207,0.28362398,0.24956968400000007,1.94926,2.23288398,EXTRACTED
g278,U_g278/Q,85.12,72.8,True,16493,2.841181944,2.9087265920000007,2.755084,5.596265944000001,EXTRACTED
g2791,U_g2791/ZN,7.6,88.2,False,10255,0.8251903,0.10263367,1.70023,2.5254203,EXTRACTED
g2792,U_g2792/ZN,81.89,126.0,False,29653,0.3580879,0.7981214600000001,3.198064,3.5561519,EXTRACTED
g2794,U_g2794/ZN,58.33,64.4,False,241,0.75689,0.34028418000000005,1.70023,2.4571199999999997,EXTRACTED
g2795,U_g2795/ZN,15.01,81.2,False,16866,0.348344,0.005781499999999999,1.651345,1.999689,EXTRACTED
g28,PORT/g28,0.07,80.15,False,0,0.204616,0.19211092999999999,0.77983,0.984446,EXTRACTED
g2800,U_g2800/ZN,33.06,112.0,False,9054,0.1369874,0.22817225000000002,1.650377,1.7873644,EXTRACTED
g2801,U_g2801/ZN,79.04,128.8,False,22652,0.370678,0.5669216670000001,0.927525,1.298203,EXTRACTED
g2804,U_g2804/ZN,24.32,26.6,False,2287,0.21520979,0.139234812,1.83629,2.05149979,EXTRACTED
g2807,U_g2807/ZN,88.35,77.0,False,0,0.8837250000000001,0.56260667,6.258425,7.14215,EXTRACTED
g281,U_g281/Q,98.99,65.8,True,16418,2.3312238,4.589214660000001,2.755084,5.0863078,EXTRACTED
g284,U_g284/Q,69.16,36.4,True,16378,1.9011273900000003,0.9016864450000002,2.755084,4.65621139,EXTRACTED
g2862,U_g2862/ZN,88.54,124.6,False,7106,0.49411599999999994,0.50833359,0.946814,1.44093,EXTRACTED
g2863,U_g2863/ZN,60.04,124.6,False,10967,0.209952,0.23663849999999997,0.946814,1.156766,EXTRACTED
g287,U_g287/Q,97.85,57.4,True,16420,1.531814,1.292243477,2.755084,4.286898,EXTRACTED
g2892,U_g2892/ZN,77.52,140.0,False,19930,0.583538,1.33385792,4.172694,4.756232,EXTRACTED
g2895,U_g2895/ZN,123.31,71.4,False,9330,0.09838720000000001,0.08993165,0.946814,1.0452012000000002,EXTRACTED
g29,PORT/g29,147.46,64.47,False,0,0.1556148,0.072883171,0.77983,0.9354448,EXTRACTED
g290,U_g290/Q,60.42,40.6,True,16415,2.5905416700000004,1.076287116,2.755084,5.34562567,EXTRACTED
g2910,U_g2910/ZN,123.31,70.0,False,14352,0.0513062,0.014080710000000001,0.941939,0.9932451999999999,EXTRACTED
g2911,U_g2911/ZN,77.14,88.2,False,8005,0.5568420000000001,0.61743774,0.946814,1.503656,EXTRACTED
g2917,U_g2917/ZN,73.72,109.2,False,14263,0.896667,0.737243758,0.941939,1.838606,EXTRACTED
g2918,U_g2918/ZN,107.92,107.8,False,9381,0.285844,0.439910901,0.946814,1.232658,EXTRACTED
g293,U_g293/Q,84.17,58.8,True,16619,2.57855927,1.7218242449999999,2.755084,5.33364327,EXTRACTED
g2938,U_g2938/ZN,110.58,128.8,False,19127,0.21604410000000002,0.07776331499999999,3.198064,3.4141081,EXTRACTED
g2939,U_g2939/ZN,110.96,107.8,False,9431,0.34934000000000004,0.39583412800000006,0.946814,1.296154,EXTRACTED
g2940,U_g2940/ZN,107.73,105.0,False,13133,0.1768026,0.11968579,0.941939,1.1187416,EXTRACTED
g2943,U_g2943/ZN,86.26,128.8,False,28663,0.31853200000000004,0.50527927,3.198064,3.516596,EXTRACTED
g2944,U_g2944/ZN,110.01,105.0,False,12890,0.6325082,0.633770626,0.941939,1.5744471999999998,EXTRACTED
g2945,U_g2945/ZN,117.42,102.2,False,9266,0.314902,0.2611519,0.946814,1.261716,EXTRACTED
g2947,U_g2947/ZN,74.86,53.2,False,23279,0.39107,0.5928622109999999,0.918145,1.309215,EXTRACTED
g2948,U_g2948/ZN,67.45,135.8,False,21902,0.0802246,0.04451096,0.918145,0.9983696,EXTRACTED
g2950,U_g2950/ZN,123.69,99.4,False,12871,0.5984665,0.3082367,0.941939,1.5404054999999999,EXTRACTED
g2951,U_g2951/ZN,105.07,105.0,False,3526,0.35858,0.62019899,0.946814,1.3053940000000002,EXTRACTED
g2957,U_g2957/ZN,106.97,98.0,False,15053,0.1174938,0.07829026,0.941939,1.0594328,EXTRACTED
g2959,U_g2959/ZN,71.44,53.2,False,20404,0.7292383,0.7876755089999999,3.198064,3.9273023,EXTRACTED
g296,U_g296/Q,85.88,100.8,True,16626,4.60128157,5.445380806099999,2.755084,7.35636557,EXTRACTED
g2961,U_g2961/ZN,60.42,99.4,False,21521,0.282902,0.16434871,3.198064,3.480966,EXTRACTED
g2963,U_g2963/ZN,19.19,72.8,False,17523,0.052181200000000004,0.01971742,0.918145,0.9703262,EXTRACTED
g2970,U_g2970/ZN,62.51,11.2,False,17115,0.415286,0.47074201,0.918145,1.333431,EXTRACTED
g2979,U_g2979/ZN,90.25,57.4,False,20347,0.24049,0.20341379000000004,0.918145,1.158635,EXTRACTED
g2981,U_g2981/ZN,135.09,77.0,False,1215,0.7580397999999999,1.5895981349999997,4.172694,4.9307338,EXTRACTED
g2984,U_g2984/ZN,96.71,43.4,False,10406,0.7854490000000001,0.7205967,1.694286,2.479735,EXTRACTED
g2986,output108/Z,72.77,1.4,True,16351,0.1295194,0.04301764,0,0.1295194,EXTRACTED
g2987,U_g2987/ZN,88.16,40.6,False,15205,0.389074,0.5925017450000001,1.714471,2.103545,EXTRACTED
g2988,U_g2988/ZN,131.67,36.4,False,17147,0.8006059999999999,0.35477081,0.918145,1.718751,EXTRACTED
g299,U_g299/Q,60.42,67.2,True,16566,3.4845325999999996,3.97309022,2.755084,6.2396166,EXTRACTED
g2990,U_g2990/ZN,46.74,19.6,False,8616,0.279536,0.35014509000000005,1.650377,1.929913,EXTRACTED
g30,PORT/g30,114.335,0.07,False,0,0.40803,0.201089992,0.974659,1.382689,EXTRACTED
g3003,U_g3003/ZN,31.54,114.8,False,12745,0.6272016,0.4849046250000001,4.278288,4.9054896,EXTRACTED
g3007,output109/Z,74.1,2.8,True,16927,0.27251400000000003,0.0551071,0,0.27251400000000003,EXTRACTED
g3008,U_g3008/ZN,90.82,40.6,False,13243,0.6063829000000001,0.5058429110000001,1.714471,2.3208539000000004,EXTRACTED
g3010,U_g3010/ZN,26.22,112.0,False,15209,0.12318459999999999,0.00477786,0.918145,1.0413296,EXTRACTED
g3011,U_g3011/ZN,26.98,116.2,False,12879,0.1522164,0.072376464,1.650377,1.8025934,EXTRACTED
g3015,U_g3015/ZN,133.76,63.0,False,6487,20.337330490000006,17.459465175,40.730201,61.06753149000001,EXTRACTED
g302,U_g302/Q,64.22,28.0,True,16512,2.5922243000000003,2.468933307000001,2.755084,5.3473083,EXTRACTED
g3039,U_g3039/ZN,30.97,116.2,False,11056,0.466016,0.28663649999999996,1.599032,2.065048,EXTRACTED
g3041,U_g3041/ZN,32.11,112.0,False,11303,0.3238991,0.432926692,3.2992619999999997,3.6231611,EXTRACTED
g3047,U_g3047/ZN,50.92,130.2,False,5225,0.9108859999999999,0.9127944000000002,4.172694,5.0835799999999995,EXTRACTED
g305,U_g305/Q,43.32,81.2,True,16665,3.6995485,3.347035537489999,5.953148,9.6526965,EXTRACTED
g3056,U_g3056/ZN,33.44,114.8,False,12978,0.9042866999999999,0.7788229400000002,4.102069,5.0063557,EXTRACTED
g3060,U_g3060/ZN,116.85,44.8,True,16781,1.7306767,1.6648520230000001,7.79704,9.5277167,EXTRACTED
g3061,U_g3061/ZN,35.91,112.0,False,13478,0.037952,0.00923268,1.664199,1.702151,EXTRACTED
g3062,U_g3062/ZN,40.28,117.6,False,5615,0.4843322,1.0278253910000001,4.296085,4.7804172,EXTRACTED
g3068,U_g3068/ZN,49.78,53.2,False,22875,0.6331058,0.30138818,0.927525,1.5606308000000002,EXTRACTED
g3069,output110/Z,1.9,36.4,True,16698,0.41527,0.01706154,0,0.41527,EXTRACTED
g3070,U_g3070/ZN,96.71,57.4,False,15438,0.486964,0.462053734,1.714471,2.201435,EXTRACTED
g3071,U_g3071/ZN,40.28,114.8,False,8395,1.21028436,1.3886307019999997,6.580864,7.79114836,EXTRACTED
g3086,U_g3086/ZN,122.55,54.6,False,2207,0.274636,0.208466175,1.714471,1.9891070000000002,EXTRACTED
g3087,U_g3087/ZN,72.01,7.0,False,16877,0.1904508,0.006367442,0.918145,1.1085958,EXTRACTED
g3089,U_g3089/ZN,66.12,25.2,False,29098,0.9661573,0.8104636619999999,4.172694,5.1388513,EXTRACTED
g309,U_g309/Q,60.99,64.4,True,16567,2.29493788,2.556038416,5.10017,7.39510788,EXTRACTED
g3092,U_g3092/ZN,38.76,114.8,True,16714,0.28326009999999996,0.37929823500000004,3.568848,3.8521081,EXTRACTED
g3098,U_g3098/ZN,14.82,89.6,False,9377,0.8144675,0.6857277699999998,1.83629,2.6507575,EXTRACTED
g31,PORT/g31,123.855,0.07,False,0,0.24948199999999998,0.20796541,0.974659,1.224141,EXTRACTED
g3101,U_g3101/ZN,74.86,93.8,False,11399,0.409926,0.542559498,1.70023,2.110156,EXTRACTED
g3103,U_g3103/ZN,22.8,43.4,True,16715,0.41958799999999996,0.36452557,0.97463,1.394218,EXTRACTED
g3104,U_g3104/ZN,68.59,98.0,False,10776,0.0980876,0.039212949999999996,1.70023,1.7983175999999998,EXTRACTED
g3106,U_g3106/ZN,72.2,26.6,False,29624,0.379206,0.43301579999999995,0.918145,1.297351,EXTRACTED
g3107,U_g3107/ZN,53.77,60.2,False,4315,0.4968825,0.48095736000000006,0.946814,1.4436965000000002,EXTRACTED
g3108,U_g3108/ZN,65.55,86.8,False,13130,0.49313999999999997,0.20989624,1.70023,2.19337,EXTRACTED
g3111,U_g3111/ZN,66.5,93.8,False,1805,0.089561,0.016473805,1.70023,1.789791,EXTRACTED
g3118,U_g3118/ZN,19.19,50.4,False,3519,1.345276,0.18911869999999995,0.946814,2.29209,EXTRACTED
g312,U_g312/Q,34.96,44.8,True,16504,1.4461566,1.4735568150000002,5.10017,6.5463266,EXTRACTED
g3120,U_g3120/ZN,71.44,123.2,False,9070,0.5571821,0.292734974,1.70023,2.2574121,EXTRACTED
g3121,U_g3121/ZN,59.85,44.8,False,0,8.31377335,7.864118702,23.560829000000002,31.874602350000004,EXTRACTED
g3141,U_g3141/ZN,90.25,99.4,False,47,0.0822656,0.05012479000000001,1.763571,1.8458366,EXTRACTED
g315,U_g315/Q,102.79,82.6,True,16217,5.67980011,3.931987765,5.035003,10.71480311,EXTRACTED
g318,U_g318/Q,32.49,85.4,True,16836,2.5799404999999997,2.6137491859999997,5.10017,7.6801105,EXTRACTED
g32,U_g32/Q,116.66,15.4,True,16417,2.554524,1.57675962,1.860733,4.4152569999999995,EXTRACTED
g3200,U_g3200/ZN,52.44,22.4,False,12706,0.6623488,0.5892877730000001,4.278288,4.9406368,EXTRACTED
g3204,U_g3204/ZN,49.4,21.0,False,18057,0.351636,0.321398197,0.918145,1.269781,EXTRACTED
g3205,U_g3205/ZN,42.94,28.0,False,13218,0.506494,0.36691158,1.650377,2.1568709999999998,EXTRACTED
g3207,U_g3207/ZN,48.07,25.2,False,10222,0.5816319999999999,1.084208045,1.599032,2.180664,EXTRACTED
g3209,U_g3209/ZN,51.49,23.8,False,11132,0.31510415,0.5417784899999999,3.2992619999999997,3.6143661499999995,EXTRACTED
g321,U_g321/Q,44.84,68.6,True,16020,1.0305724100000002,0.91805296,5.10017,6.130742410000001,EXTRACTED
g3215,U_g3215/ZN,55.1,21.0,False,12762,0.3182895,0.382085838,4.102069,4.4203585,EXTRACTED
g3221,U_g3221/ZN,54.34,25.2,False,12976,0.1468498,0.01076195,1.664199,1.8110488,EXTRACTED
g3222,U_g3222/ZN,48.64,21.0,False,5264,0.46433330000000006,0.3697665279999999,4.296085,4.7604182999999995,EXTRACTED
g324,U_g324/Q,90.25,71.4,True,16478,4.768925,1.6054412010000003,5.10017,9.869095000000002,EXTRACTED
g3247,U_g3247/ZN,59.47,21.0,False,8864,1.05202903,1.0357182160000002,6.580864,7.63289303,EXTRACTED
g3257,U_g3257/ZN,84.17,46.2,False,1706,1.4360943000000002,1.7082707179999994,4.172694,5.6087883000000005,EXTRACTED
g3261,U_g3261/ZN,64.98,58.8,False,12647,0.0416332,0.13407723000000002,1.663842,1.7054752,EXTRACTED
g3263,U_g3263/ZN,25.84,26.6,False,26247,0.1704102,0.28324276600000003,1.83629,2.0067002,EXTRACTED
g3268,U_g3268/ZN,18.62,74.2,False,6228,0.8550030000000001,0.30186201999999995,4.172694,5.027697,EXTRACTED
g327,U_g327/Q,60.42,105.0,True,16709,3.8290140000000004,2.580631406,5.10017,8.929184000000001,EXTRACTED
g3273,U_g3273/ZN,138.89,74.2,False,16333,0.1367218,0.10013118000000001,0.918145,1.0548668,EXTRACTED
g3275,U_g3275/ZN,79.8,74.2,False,13805,5.66204225,6.441788316000001,7.544137,13.20617925,EXTRACTED
g3281,U_g3281/ZN,61.75,11.2,False,5059,0.73741612,0.6151072840000001,4.172694,4.91011012,EXTRACTED
g3284,U_g3284/ZN,16.15,91.0,False,5323,0.33622217,0.205373213,1.83629,2.17251217,EXTRACTED
g3287,U_g3287/ZN,89.11,56.0,False,2574,0.8690362,1.018354163,4.172694,5.0417302,EXTRACTED
g3291,U_g3291/ZN,105.26,91.0,False,21,0.040063,0.11117310500000002,1.763571,1.803634,EXTRACTED
g33,U_g33/Q,102.41,61.6,True,16749,2.5702439999999998,3.0989551900000003,1.836939,4.407183,EXTRACTED
g330,U_g330/Q,45.03,77.0,True,16034,1.79755397,0.908373145,5.10017,6.89772397,EXTRACTED
g3301,U_g3301/ZN,132.62,43.4,False,3911,0.7115741000000001,0.281791725,4.172694,4.8842681,EXTRACTED
g3304,U_g3304/ZN,133.0,112.0,False,16826,0.1080392,0.06693257,0.77983,0.8878692,EXTRACTED
g3322,U_g3322/ZN,47.69,131.6,False,17246,0.0856894,0.1092485,0.918145,1.0038344,EXTRACTED
g3327,output111/Z,143.64,119.0,False,0,0.5815459999999999,0.360244104,0,0.5815459999999999,EXTRACTED
g333,U_g333/Q,58.33,37.8,True,16411,3.1245207,1.8531068860000002,5.10017,8.2246907,EXTRACTED
g3348,U_g3348/ZN,70.87,44.8,False,0,5.365886,6.897755822000001,10.233534,15.59942,EXTRACTED
g3354,U_g3354/ZN,91.2,74.2,False,15135,0.5354599999999999,0.08624893199999999,1.70023,2.23569,EXTRACTED
g336,U_g336/Q,30.02,84.0,True,16842,6.2800535,4.630068556000001,2.755084,9.035137500000001,EXTRACTED
g3368,U_g3368/ZN,126.73,68.6,False,18615,0.5075923,0.27127784200000005,0.97463,1.4822223,EXTRACTED
g3374,U_g3374/ZN,52.44,123.2,False,2547,0.493348,0.29134014,1.70023,2.193578,EXTRACTED
g3381,U_g3381/ZN,77.9,19.6,False,2382,0.35011,0.70785963,1.119679,1.469789,EXTRACTED
g3383,U_g3383/ZN,82.27,85.4,False,13911,3.5225450999999994,5.260792507999999,2.825817,6.348362099999999,EXTRACTED
g339,U_g339/Q,43.51,84.0,True,16663,2.2715463000000002,2.11733858,2.755084,5.026630300000001,EXTRACTED
g3390,U_g3390/ZN,129.39,71.4,True,16246,0.342316,0.1741332,0.97463,1.316946,EXTRACTED
g3399,U_g3399/ZN,108.49,102.2,False,17376,2.86066581,1.58907028,1.70023,4.56089581,EXTRACTED
g34,U_g34/Q,91.39,40.6,True,16776,1.2610823,0.76438367,1.836939,3.0980213,EXTRACTED
g3407,U_g3407/ZN,77.52,2.8,False,0,0.1950764,0.16576831,1.70023,1.8953064,EXTRACTED
g3408,U_g3408/ZN,63.65,92.4,False,13130,0.3662778,0.47404906,3.2801400000000003,3.6464178,EXTRACTED
g3412,U_g3412/ZN,86.07,98.0,False,13921,0.7103550000000001,0.7248795939999999,0.941939,1.652294,EXTRACTED
g3414,U_g3414/ZN,79.42,98.0,False,17786,4.0176644,0.649059451,1.70023,5.7178944000000005,EXTRACTED
g3418,U_g3418/ZN,73.34,2.8,False,0,0.0833608,0.05174954999999999,1.70023,1.7835907999999998,EXTRACTED
g3419,U_g3419/ZN,68.78,96.6,False,10776,0.2527683,0.13537979800000002,3.427413,3.6801813,EXTRACTED
g342,U_g342/Q,54.72,72.8,True,16667,1.9694300999999999,1.9316119800000002,2.755084,4.7245141,EXTRACTED
g3422,U_g3422/ZN,82.46,107.8,False,14025,0.63845,1.0102818240000002,0.941939,1.5803889999999998,EXTRACTED
g3423,U_g3423/ZN,129.39,68.6,False,33,0.290846,0.27589733,1.70023,1.9910759999999998,EXTRACTED
g3425,U_g3425/ZN,124.26,70.0,False,20260,0.6482159000000001,0.7891624500000001,1.70023,2.3484458999999998,EXTRACTED
g3429,U_g3429/ZN,100.32,96.6,False,13938,0.643675,2.0942354400000003,0.941939,1.585614,EXTRACTED
g3431,U_g3431/ZN,108.11,99.4,False,16767,2.80752617,0.04146426,1.70023,4.50775617,EXTRACTED
g3434,U_g3434/ZN,88.92,112.0,False,13464,0.541164,0.3918305839999999,0.941939,1.4831029999999998,EXTRACTED
g3435,U_g3435/ZN,120.46,106.4,False,16605,1.790048,0.3414509,1.70023,3.490278,EXTRACTED
g3438,U_g3438/ZN,113.81,112.0,False,16669,3.0691818000000004,1.00372829,1.70023,4.7694118,EXTRACTED
g3440,U_g3440/ZN,37.05,110.6,False,11303,4.40426455,3.001665519000001,11.492693,15.89695755,EXTRACTED
g345,U_g345/Q,28.12,85.4,True,16846,2.30235562,2.061106323,2.755084,5.05743962,EXTRACTED
g3460,U_g3460/ZN,83.41,124.6,False,31235,0.76497697,0.7696231299999998,3.263231,4.02820797,EXTRACTED
g3462,U_g3462/ZN,14.63,85.4,False,11143,0.966904,0.35401408,1.119679,2.086583,EXTRACTED
g3475,U_g3475/ZN,28.5,120.4,False,12978,0.7652764000000001,0.7829876360000001,4.116209,4.8814854,EXTRACTED
g3479,U_g3479/ZN,94.81,114.8,True,16677,0.8274351999999999,0.9777555800000002,8.02975,8.8571852,EXTRACTED
g348,U_g348/Q,40.09,91.0,True,16613,4.17094029,4.865294112,2.755084,6.92602429,EXTRACTED
g3485,U_g3485/ZN,93.1,114.8,True,16673,1.275496,0.952274154,8.179870000000001,9.455366000000001,EXTRACTED
g3491,U_g3491/ZN,92.91,113.4,True,16726,0.8447841,0.858082022,6.69652,7.5413041,EXTRACTED
g3497,U_g3497/ZN,24.7,23.8,False,1159,0.15191107999999998,0.09687073,1.83629,1.98820108,EXTRACTED
g35,U_g35/Q,87.97,30.8,True,16912,0.5487446,0.4179726112,1.836939,2.3856836,EXTRACTED
g3501,U_g3501/ZN,91.77,114.8,True,16719,0.5606207000000001,0.5398471700000002,5.210412,5.7710327,EXTRACTED
g3506,U_g3506/ZN,78.28,7.0,False,339,0.1958124,0.129935729,1.119679,1.3154914,EXTRACTED
g351,U_g351/Q,50.92,81.2,True,16656,1.2352106,1.0699125489699999,2.755084,3.9902946000000004,EXTRACTED
g3512,U_g3512/ZN,69.16,26.6,False,12639,0.6833560000000001,0.44170609,0.941939,1.625295,EXTRACTED
g3513,U_g3513/ZN,31.35,57.4,False,23762,0.60343049,0.719992314,4.181376,4.78480649,EXTRACTED
g3516,U_g3516/ZN,104.88,63.0,False,6101,1.2402300999999998,1.554969778,0.941939,2.1821691,EXTRACTED
g3521,U_g3521/ZN,104.69,105.0,False,0,11.184754179999999,7.605163627000004,22.41649,33.601244179999995,EXTRACTED
g3523,U_g3523/ZN,69.73,23.8,True,16332,0.2823583,0.23322875,2.92389,3.2062483,EXTRACTED
g3524,U_g3524/ZN,55.67,26.6,False,18212,2.24091165,2.7404832799999994,4.5343800000000005,6.775291650000001,EXTRACTED
g3529,U_g3529/ZN,34.96,116.2,False,16820,0.14564560000000001,0.22328204999999998,0.918145,1.0637906,EXTRACTED
g3530,U_g3530/ZN,62.13,100.8,False,21734,0.80142604,0.6775059767000001,3.263231,4.06465704,EXTRACTED
g3533,U_g3533/ZN,67.83,140.0,False,13364,1.4738041499999999,0.9025854919999998,4.172694,5.646498149999999,EXTRACTED
g3536,U_g3536/ZN,19.57,37.8,False,15024,0.37839599999999995,0.27374938000000004,0.946814,1.32521,EXTRACTED
g3539,U_g3539/ZN,114.95,119.0,False,6487,0.247244,0.782542312,0.97463,1.221874,EXTRACTED
g354,U_g354/Q,49.97,89.6,True,16053,2.1334875,0.5117593859999999,2.755084,4.8885715,EXTRACTED
g3543,U_g3543/ZN,68.59,95.2,False,11399,0.01669674,0.07987312999999999,1.763571,1.78026774,EXTRACTED
g3546,U_g3546/ZN,58.71,100.8,False,0,0.8155277,0.36935334,7.205239,8.0207667,EXTRACTED
g3563,U_g3563/ZN,87.78,56.0,False,12420,0.7287221,0.423579578,2.652102,3.3808241000000003,EXTRACTED
g357,U_g357/Q,50.35,68.6,True,16725,1.6652166,0.6767921330000001,2.755084,4.4203006,EXTRACTED
g3584,U_g3584/ZN,62.13,127.4,False,21122,0.47118000000000004,0.14271003,0.918145,1.389325,EXTRACTED
g3585,U_g3585/ZN,105.07,127.4,False,19651,0.631904,0.13253744,0.918145,1.550049,EXTRACTED
g3586,U_g3586/ZN,132.81,64.4,False,6487,8.1151658,6.134376229000003,13.87236,21.9875258,EXTRACTED
g36,U_g36/Q,88.73,29.4,True,16926,0.6555134,0.8718520240000002,1.836939,2.4924524000000003,EXTRACTED
g360,U_g360/Q,50.35,77.0,True,16660,1.5874597000000001,1.2412018720000004,2.755084,4.3425437,EXTRACTED
g3623,U_g3623/ZN,93.67,134.4,False,28451,0.7377893,0.8547921269999996,3.263231,4.0010203,EXTRACTED
g3625,U_g3625/ZN,66.5,51.8,False,16484,1.015046,0.58286138,0.918145,1.9331909999999999,EXTRACTED
g3626,U_g3626/ZN,73.72,135.8,False,22301,0.317592,0.7534756599999999,0.918145,1.2357369999999999,EXTRACTED
g3628,U_g3628/ZN,66.12,93.8,False,1805,0.0541982,0.16930515000000002,1.616298,1.6704962,EXTRACTED
g3629,U_g3629/ZN,88.54,84.0,False,0,0.79376,0.7524790960000001,2.625975,3.419735,EXTRACTED
g363,U_g363/Q,44.65,91.0,True,16606,1.271838,1.1908348420000001,2.755084,4.026922,EXTRACTED
g3631,U_g3631/ZN,65.93,51.8,False,23842,0.18092180000000002,0.11997931999999999,0.918145,1.0990668000000001,EXTRACTED
g3634,U_g3634/ZN,6.46,70.0,False,17037,0.38663000000000003,0.66307558,0.918145,1.304775,EXTRACTED
g366,U_g366/Q,55.29,68.6,True,16689,1.78899257,1.510684976,2.755084,4.54407657,EXTRACTED
g3661,U_g3661/ZN,72.01,53.2,False,883,0.1436378,0.15004781,1.70023,1.8438678,EXTRACTED
g3662,U_g3662/ZN,61.18,8.4,False,16362,0.57718,0.12606334,0.918145,1.495325,EXTRACTED
g3664,U_g3664/ZN,54.53,26.6,False,11132,3.1919184,2.7306095719999997,11.525383999999999,14.7173024,EXTRACTED
g3681,U_g3681/ZN,84.36,64.4,False,16983,0.356338,0.14353807,0.918145,1.274483,EXTRACTED
g3684,U_g3684/ZN,132.24,79.8,False,5022,0.8604539999999999,1.4302556000000002,0.941939,1.802393,EXTRACTED
g3685,U_g3685/ZN,126.35,70.0,False,396,2.0141704000000002,2.0530383289999996,4.172694,6.1868644,EXTRACTED
g3688,U_g3688/ZN,35.34,78.4,False,15287,0.452032,0.70230546,1.70023,2.152262,EXTRACTED
g369,U_g369/Q,70.11,49.0,True,16378,1.7237772100000002,1.5386787044900003,7.709863,9.43364021,EXTRACTED
g3695,U_g3695/ZN,97.66,135.8,False,5036,0.0516576,0.124085644,0.77983,0.8314876,EXTRACTED
g3696,U_g3696/ZN,60.23,70.0,False,5864,0.477642,0.47766124000000004,0.941939,1.419581,EXTRACTED
g3698,U_g3698/ZN,79.99,60.2,False,15281,0.8907309999999999,0.478508112,1.70023,2.590961,EXTRACTED
g37,U_g37/Q,88.92,25.2,True,16428,2.49638617,2.37297712,1.836939,4.33332517,EXTRACTED
g3705,U_g3705/ZN,123.5,40.6,False,0,0.078482,0.018150549999999998,0.97463,1.053112,EXTRACTED
g3706,U_g3706/ZN,16.15,71.4,False,3164,0.015981159999999998,0.00208582,1.70023,1.7162111599999998,EXTRACTED
g3710,U_g3710/ZN,54.91,23.8,False,12762,0.66485,0.7800367110000002,4.116209,4.781059,EXTRACTED
g3714,U_g3714/ZN,126.16,74.2,False,12762,0.36471000000000003,0.430304029,1.651345,2.016055,EXTRACTED
g3717,U_g3717/ZN,133.19,47.6,False,16348,0.29097999999999996,0.12257525,0.918145,1.209125,EXTRACTED
g3723,U_g3723/ZN,28.69,116.2,False,8395,1.0319124,0.79497699,2.517177,3.5490894,EXTRACTED
g3734,U_g3734/ZN,23.37,116.2,False,5984,0.317244,0.105249586,1.599032,1.916276,EXTRACTED
g3737,U_g3737/ZN,40.09,120.4,True,16569,0.401988,0.24743497700000003,0.97463,1.3766180000000001,EXTRACTED
g3738,U_g3738/ZN,34.58,116.2,False,5615,1.1922644999999998,1.225244206,3.435322,4.6275865,EXTRACTED
g374,U_g374/Q,78.66,58.8,True,16618,1.8977975500000002,1.9598682060000001,6.018315,7.91611255,EXTRACTED
g3744,U_g3744/ZN,68.59,68.6,False,0,8.22147395,7.481777152999999,15.461964,23.68343795,EXTRACTED
g3753,U_g3753/ZN,31.73,113.4,False,4103,0.44562389999999996,0.8338290710000003,2.627755,3.0733789,EXTRACTED
g3760,U_g3760/ZN,33.63,119.0,False,12745,0.289352,0.15663017,1.599032,1.888384,EXTRACTED
g3765,U_g3765/ZN,74.67,130.2,False,9070,0.22556400000000001,0.37727973,0.879747,1.105311,EXTRACTED
g3766,U_g3766/ZN,54.34,21.0,False,15690,0.1482086,0.14007127,0.918145,1.0663536,EXTRACTED
g3771,U_g3771/ZN,74.67,8.4,False,20502,0.0950402,0.0064421700000000005,0.918145,1.0131852,EXTRACTED
g3772,U_g3772/ZN,65.93,21.0,False,26546,0.102507,0.13717499,0.97463,1.077137,EXTRACTED
g3776,U_g3776/ZN,27.36,68.6,True,16906,0.91678759,0.7126326980000001,8.02975,8.94653759,EXTRACTED
g378,U_g378/Q,75.62,40.6,True,16875,1.5824874999999998,1.646476062,6.018315,7.6008025,EXTRACTED
g3784,U_g3784/ZN,29.26,72.8,True,16878,0.726117,0.75923682,8.179870000000001,8.905987000000001,EXTRACTED
g3793,U_g3793/ZN,33.06,58.8,True,16934,1.1276264,1.243472926,6.69652,7.8241464,EXTRACTED
g38,U_g38/Q,80.37,25.2,True,16844,0.9643128000000001,1.463776213,1.836939,2.8012518,EXTRACTED
g3800,U_g3800/ZN,34.77,72.8,True,16901,0.7534714,0.9586919090000001,5.210412,5.9638834,EXTRACTED
g3804,U_g3804/ZN,15.39,91.0,False,8470,0.4831761,0.42516332,1.83629,2.3194661,EXTRACTED
g3807,U_g3807/ZN,32.11,114.8,False,14943,0.476878,0.533650471,3.249409,3.726287,EXTRACTED
g3813,U_g3813/ZN,65.55,26.6,False,29936,0.243706,0.47765570999999996,0.918145,1.161851,EXTRACTED
g3814,U_g3814/ZN,91.39,105.0,False,0,0.3584324,0.30537281999999993,2.92389,3.2823224,EXTRACTED
g3818,U_g3818/ZN,34.77,112.0,False,15209,0.5449599,0.515586814,0.964824,1.5097839,EXTRACTED
g3819,U_g3819/ZN,60.42,43.4,False,15393,0.0656774,0.07107471,0.964824,1.0305014,EXTRACTED
g382,U_g382/Q,72.77,88.2,True,16578,2.65983541,1.6833653049999997,6.018315,8.67815041,EXTRACTED
g3829,U_g3829/ZN,136.04,63.0,False,9844,2.5531799299999993,2.101565553,12.17213,14.725309929999998,EXTRACTED
g386,U_g386/Q,43.89,74.2,True,16021,2.41512151,2.3875404039999997,6.876914,9.29203551,EXTRACTED
g3860,U_g3860/ZN,50.92,53.2,False,24236,0.028466199999999997,0.026318079999999997,0.918145,0.9466112,EXTRACTED
g3863,U_g3863/ZN,137.18,54.6,False,9844,0.690938,1.6659826199999999,1.70023,2.391168,EXTRACTED
g3875,U_g3875/ZN,86.83,43.4,False,25433,0.0526006,0.00726455,0.927525,0.9801256,EXTRACTED
g3879,U_g3879/ZN,90.25,100.8,False,5,0.7891300000000001,1.130917122,0.97463,1.76376,EXTRACTED
g3880,U_g3880/ZN,95.57,74.2,False,21093,5.4832462500000005,6.149722014000001,13.14676,18.63000625,EXTRACTED
g39,U_g39/Q,125.78,36.4,True,16397,2.154404,3.18843653,1.836939,3.991343,EXTRACTED
g3904,U_g3904/ZN,67.45,134.4,False,12500,0.048786199999999995,0.009180849999999999,0.941939,0.9907252,EXTRACTED
g3906,U_g3906/ZN,114.57,117.6,False,6487,12.22579765,6.092651467900001,6.82241,19.048207650000002,EXTRACTED
g391,U_g391/Q,49.97,58.8,True,16534,2.3954473,1.23800740694,6.891469,9.2869163,EXTRACTED
g3912,U_g3912/ZN,69.16,85.4,False,13928,5.012086,4.34130752,2.825817,7.837903,EXTRACTED
g3913,U_g3913/ZN,86.45,40.6,False,0,16.308795479999997,13.005991656999994,14.61945,30.928245479999998,EXTRACTED
g3938,U_g3938/ZN,129.39,81.2,True,16678,0.289094,0.133278438,0.97463,1.263724,EXTRACTED
g3942,U_g3942/ZN,106.02,98.0,False,13921,0.823351,1.2502500900000002,1.883878,2.707229,EXTRACTED
g3943,U_g3943/ZN,75.62,134.4,True,16704,1.61707,0.9623755429999998,3.89852,5.5155899999999995,EXTRACTED
g396,U_g396/Q,49.97,64.4,True,16711,1.4185350600000002,1.7044588160000003,6.894393,8.31292806,EXTRACTED
g3967,U_g3967/ZN,54.91,26.6,False,8864,1.4168272000000002,1.7408837819999998,4.168522,5.5853492000000005,EXTRACTED
g3970,U_g3970/ZN,78.66,74.2,False,14025,0.365878,0.12747685,0.941939,1.307817,EXTRACTED
g3974,U_g3974/ZN,81.89,103.6,False,13938,0.12138717,0.307107786,1.883878,2.00526517,EXTRACTED
g3978,U_g3978/ZN,58.14,29.4,False,4598,0.441982,0.55638678,1.599032,2.041014,EXTRACTED
g3979,U_g3979/ZN,91.39,78.4,False,13464,0.6668084,0.341025437,1.883878,2.5506864,EXTRACTED
g3982,U_g3982/ZN,57.19,22.4,True,16468,0.4777615,0.463270785,0.97463,1.4523915,EXTRACTED
g3983,U_g3983/ZN,49.02,19.6,False,5264,0.8577532000000001,0.7355717070000001,3.435322,4.2930752000000005,EXTRACTED
g3987,U_g3987/ZN,109.25,99.4,False,13978,1.8464186999999999,2.4647233139700004,1.883878,3.7302967,EXTRACTED
g3989,U_g3989/ZN,88.92,79.8,False,14008,1.5039783999999998,1.76665654,1.883878,3.3878563999999995,EXTRACTED
g3991,U_g3991/ZN,135.66,54.6,False,16127,0.634708,0.4499023300000001,0.946814,1.581522,EXTRACTED
g3992,U_g3992/ZN,49.59,22.4,False,4251,0.47031425000000004,0.4849506499999999,2.627755,3.09806925,EXTRACTED
g3998,U_g3998/ZN,126.92,51.8,False,881,0.437262,0.43073152299999995,0.941939,1.379201,EXTRACTED
g3999,U_g3999/ZN,119.89,81.2,False,16411,0.5741041,0.7237672399999999,0.946814,1.5209181,EXTRACTED
g4,U_g4/Q,72.96,86.8,True,16605,5.81639823,2.2339716939999996,2.7788779999999997,8.59527623,EXTRACTED
g40,U_g40/Q,122.93,35.0,True,16421,2.0881582000000005,0.74546691,1.836939,3.9250972000000006,EXTRACTED
g4000,U_g4000/ZN,116.28,65.8,False,16087,0.1143844,0.0547531,0.946814,1.0611984,EXTRACTED
g4001,U_g4001/ZN,53.58,19.6,False,12706,0.090308,0.00787811,1.599032,1.68934,EXTRACTED
g4002,U_g4002/ZN,51.68,51.8,False,0,4.0431431799999995,4.871423825,14.61945,18.662593180000002,EXTRACTED
g4006,U_g4006/ZN,86.83,119.0,False,13957,0.503264,0.30276577999999993,0.941939,1.445203,EXTRACTED
g4007,U_g4007/ZN,121.98,82.6,False,999,0.658814,0.30787477999999996,0.941939,1.600753,EXTRACTED
g4008,U_g4008/ZN,121.6,71.4,False,1061,0.696582,0.3633797389999999,0.941939,1.638521,EXTRACTED
g4009,U_g4009/ZN,121.22,60.2,False,16529,0.385258,0.2998923,0.946814,1.3320720000000001,EXTRACTED
g401,U_g401/Q,46.93,44.8,True,16523,3.1704394999999996,1.9875131879999997,6.867337,10.0377765,EXTRACTED
g4010,U_g4010/ZN,34.77,50.4,False,0,3.5099064900000005,2.6316501850000016,14.61945,18.12935649,EXTRACTED
g4047,U_g4047/ZN,117.99,58.8,False,1027,0.1330936,0.19570120000000002,0.941939,1.0750326,EXTRACTED
g4048,U_g4048/ZN,121.79,85.4,False,16406,0.69571,0.96402359,0.946814,1.642524,EXTRACTED
g4052,U_g4052/ZN,90.25,116.2,False,22952,0.45711532,0.554736691,3.263231,3.72034632,EXTRACTED
g4053,U_g4053/ZN,119.89,85.4,False,1110,0.88714,0.8433131890000001,0.941939,1.8290790000000001,EXTRACTED
g4054,U_g4054/ZN,129.58,89.6,False,16540,0.0301606,0.0,0.946814,0.9769746,EXTRACTED
g4058,U_g4058/ZN,132.62,93.8,False,1016,0.410186,0.29654417,0.941939,1.352125,EXTRACTED
g4059,U_g4059/ZN,132.24,54.6,False,16104,0.370112,0.428682441,0.946814,1.316926,EXTRACTED
g406,U_g406/Q,36.67,63.0,True,16013,1.89144077,1.1719420790000001,6.876914,8.76835477,EXTRACTED
g4063,U_g4063/ZN,129.2,54.6,False,942,0.310056,0.3427159,0.941939,1.251995,EXTRACTED
g4064,U_g4064/ZN,124.07,75.6,False,16404,0.644304,0.7380936349999998,0.946814,1.591118,EXTRACTED
g4065,U_g4065/ZN,65.93,58.8,False,241,0.1644912,0.16059226,1.763571,1.9280622,EXTRACTED
g4068,U_g4068/ZN,121.6,78.4,False,970,0.5205179999999999,0.335705,0.941939,1.462457,EXTRACTED
g4069,U_g4069/ZN,120.84,78.4,False,16597,0.257722,0.29407073,0.946814,1.204536,EXTRACTED
g4070,U_g4070/ZN,24.7,25.2,False,22918,0.7711626,0.6051440439999999,1.83629,2.6074526000000002,EXTRACTED
g4073,U_g4073/ZN,48.83,22.4,False,14750,0.5461860000000001,0.630850223,3.249409,3.795595,EXTRACTED
g4076,U_g4076/ZN,129.77,81.2,False,6350,0.130256,0.08891305000000001,1.119679,1.249935,EXTRACTED
g4079,U_g4079/ZN,118.94,77.0,False,987,0.210052,0.186184,0.941939,1.151991,EXTRACTED
g4088,U_g4088/ZN,134.9,74.2,False,17159,0.0934754,0.100967095,0.918145,1.0116204,EXTRACTED
g4089,U_g4089/ZN,125.21,75.6,False,6354,1.75338342,0.7555881059999998,2.819909,4.57329242,EXTRACTED
g4094,U_g4094/ZN,52.25,61.6,False,9336,0.99999,0.48730283,0.879747,1.879737,EXTRACTED
g4097,U_g4097/ZN,115.9,42.0,False,16795,0.059735199999999995,0.04358617,0.946814,1.0065492,EXTRACTED
g4099,U_g4099/ZN,64.22,1.4,False,2730,0.44559981,0.47717642499999996,4.172694,4.61829381,EXTRACTED
g41,PORT/g41,118.255,0.07,False,0,0.5611200000000001,0.27106464,0.974659,1.5357790000000002,EXTRACTED
g4103,U_g4103/ZN,115.14,39.2,False,15282,0.777926,0.7363594679999999,0.946814,1.7247400000000002,EXTRACTED
g4104,U_g4104/ZN,54.72,22.4,False,18057,0.397936,0.62126259,0.964824,1.36276,EXTRACTED
g4106,U_g4106/ZN,16.15,96.6,False,2898,0.17121979999999998,0.039686217999999995,1.83629,2.0075098,EXTRACTED
g4109,U_g4109/ZN,84.93,63.0,False,1197,0.8395659999999999,0.7975432314900001,4.172694,5.0122599999999995,EXTRACTED
g411,U_g411/Q,49.97,56.0,True,16525,2.67481948,2.2598392599999992,6.891469,9.56628848,EXTRACTED
g4114,U_g4114/ZN,132.43,49.0,False,1678,1.965676,1.577083728,1.119679,3.085355,EXTRACTED
g4115,U_g4115/ZN,127.87,44.8,False,14412,0.1121454,0.164974555,0.946814,1.0589594,EXTRACTED
g4117,U_g4117/ZN,36.48,112.0,False,15663,0.6928898,0.464741906,4.5343800000000005,5.2272698,EXTRACTED
g4122,U_g4122/ZN,105.83,91.0,False,3,0.96570657,1.9682325259999995,0.97463,1.94033657,EXTRACTED
g4123,U_g4123/ZN,125.4,56.0,False,13065,0.803048,0.35414067000000005,0.946814,1.749862,EXTRACTED
g4126,U_g4126/ZN,129.39,42.0,False,13839,0.0628408,0.0405421,0.946814,1.0096548,EXTRACTED
g4128,U_g4128/ZN,73.15,128.8,False,14229,0.150811,0.1942642,0.941939,1.0927499999999999,EXTRACTED
g4130,U_g4130/ZN,79.8,8.4,False,15377,0.364408,0.336428561,1.70023,2.064638,EXTRACTED
g4141,U_g4141/ZN,128.25,47.6,False,12940,0.38195,0.153133754,0.946814,1.328764,EXTRACTED
g4144,U_g4144/ZN,68.21,93.8,False,2794,2.4569037,2.6640273550000004,3.5841079999999996,6.041011699999999,EXTRACTED
g4157,U_g4157/ZN,129.01,47.6,False,12875,0.0515842,0.020555160000000003,0.946814,0.9983982,EXTRACTED
g4158,U_g4158/ZN,134.52,107.8,False,16826,0.084968,0.0038845599999999996,1.119679,1.204647,EXTRACTED
g416,U_g416/Q,35.34,56.0,True,16024,2.0381280099999994,1.9195124599000002,6.894393,8.932521009999999,EXTRACTED
g4161,U_g4161/ZN,127.68,46.2,False,12751,0.01742614,0.0,0.946814,0.96424014,EXTRACTED
g4162,U_g4162/ZN,64.79,26.6,False,12410,0.350274,0.8784935200000001,0.941939,1.2922129999999998,EXTRACTED
g4168,U_g4168/ZN,53.58,134.4,False,16909,0.567818,0.21601347,0.918145,1.485963,EXTRACTED
g4169,U_g4169/ZN,113.05,40.6,False,14613,0.46594599999999997,1.006508,0.946814,1.41276,EXTRACTED
g4171,output112/Z,6.84,81.2,False,10255,0.566524,0.03599675,0,0.566524,EXTRACTED
g4172,output113/Z,9.31,79.8,True,16866,0.534548,0.5578664899999999,0,0.534548,EXTRACTED
g4173,output114/Z,61.75,4.2,True,16221,0.261118,0.18344855,0,0.261118,EXTRACTED
g4174,output115/Z,55.48,2.8,True,16103,0.21296600000000002,0.11043226,0,0.21296600000000002,EXTRACTED
g4175,output116/Z,1.33,32.2,True,16303,0.0855058,0.06461154999999999,0,0.0855058,EXTRACTED
g4176,output117/Z,60.04,7.0,True,16169,0.594724,0.32835825399999996,0,0.594724,EXTRACTED
g4177,output118/Z,63.84,5.6,True,16263,0.480088,0.04632804,0,0.480088,EXTRACTED
g4178,output119/Z,68.21,2.8,True,16048,0.270372,0.02597996,0,0.270372,EXTRACTED
g4179,output120/Z,54.91,2.8,True,16127,0.24963,0.07040279,0,0.24963,EXTRACTED
g4180,output121/Z,112.67,2.8,True,16894,0.175071,0.07972252999999999,0,0.175071,EXTRACTED
g4181,output122/Z,74.86,9.8,True,16850,0.84978,0.14549923,0,0.84978,EXTRACTED
g4191,output123/Z,88.73,1.4,False,0,0.24520199999999998,0.7161964000000001,0,0.24520199999999998,EXTRACTED
g4192,output124/Z,77.9,4.2,False,0,0.31061,0.124733328,0,0.31061,EXTRACTED
g4193,output125/Z,81.51,1.4,False,0,0.1689532,0.038974850000000005,0,0.1689532,EXTRACTED
g4194,output126/Z,83.6,2.8,False,0,0.14418840000000002,0.12966550999999998,0,0.14418840000000002,EXTRACTED
g4195,output127/Z,88.35,2.8,False,0,0.30853,0.05438282,0,0.30853,EXTRACTED
g4196,output128/Z,85.69,1.4,False,0,0.15628720000000001,0.03063082,0,0.15628720000000001,EXTRACTED
g4197,output129/Z,79.04,2.8,False,0,0.220556,0.3089727,0,0.220556,EXTRACTED
g4198,output130/Z,83.98,1.4,False,0,0.1693422,0.05284486,0,0.1693422,EXTRACTED
g4199,output131/Z,80.56,8.4,False,0,0.775258,0.40589733,0,0.775258,EXTRACTED
g42,PORT/g42,124.415,0.07,False,0,0.782854,0.68604611,0.974659,1.757513,EXTRACTED
g4200,output132/Z,85.12,1.4,False,0,0.314656,0.07998682,0,0.314656,EXTRACTED
g4201,output133/Z,95.57,2.8,False,0,0.360958,0.27590517999999997,0,0.360958,EXTRACTED
g4202,output134/Z,91.77,1.4,False,0,0.37484999999999996,0.17029213,0,0.37484999999999996,EXTRACTED
g4203,output135/Z,93.48,1.4,False,0,0.18651759999999998,0.01978332,0,0.18651759999999998,EXTRACTED
g4204,output136/Z,89.3,1.4,False,0,0.1337758,0.11328748,0,0.1337758,EXTRACTED
g4205,output137/Z,145.73,28.0,False,0,0.27867000000000003,0.05098787,0,0.27867000000000003,EXTRACTED
g4206,output138/Z,130.91,2.8,False,0,0.38956199999999996,0.10125052,0,0.38956199999999996,EXTRACTED
g4207,output139/Z,145.73,32.2,False,0,0.314606,0.20086066,0,0.314606,EXTRACTED
g4208,output140/Z,145.73,33.6,False,0,0.1464398,0.07338549400000001,0,0.1464398,EXTRACTED
g4209,output141/Z,133.57,1.4,False,0,0.195596,0.03182753,0,0.195596,EXTRACTED
g421,U_g421/Q,57.0,56.0,True,16559,2.3460789,1.9262962850000003,6.876914,9.222992900000001,EXTRACTED
g4210,output142/Z,145.73,36.4,False,0,0.19081640000000002,0.04115685,0,0.19081640000000002,EXTRACTED
g4211,output143/Z,144.59,33.6,False,0,0.179599,0.07822244,0,0.179599,EXTRACTED
g4212,output144/Z,131.67,8.4,False,0,0.916792,0.061870720000000004,0,0.916792,EXTRACTED
g4213,output145/Z,132.43,1.4,False,0,0.1850438,0.02978846,0,0.1850438,EXTRACTED
g4214,output146/Z,122.55,1.4,False,0,0.45096600000000003,0.01978332,0,0.45096600000000003,EXTRACTED
g4215,output147/Z,137.94,30.8,False,0,1.008228,0.284528177,0,1.008228,EXTRACTED
g4216,output148/Z,145.73,29.4,False,0,0.1639638,0.05014096,0,0.1639638,EXTRACTED
g4218,U_g4218/ZN,24.13,70.0,False,3692,0.4725076,0.613664602,3.198064,3.6705716,EXTRACTED
g4220,U_g4220/ZN,121.22,119.0,False,12287,0.339506,0.414282536,0.946814,1.28632,EXTRACTED
g4223,U_g4223/ZN,105.26,124.6,False,12762,0.752108,0.5257302600000001,0.941939,1.6940469999999999,EXTRACTED
g4224,U_g4224/ZN,82.08,99.4,False,5654,0.426558,0.184639778,0.941939,1.368497,EXTRACTED
g4227,U_g4227/ZN,23.56,65.8,False,5544,0.475452,0.11859049199999999,3.198064,3.6735160000000002,EXTRACTED
g4229,U_g4229/ZN,72.58,117.6,False,12627,0.9954759999999999,0.535901812,0.941939,1.9374149999999999,EXTRACTED
g4230,U_g4230/ZN,72.01,109.2,False,5664,0.25197,0.21094692,0.941939,1.193909,EXTRACTED
g4231,U_g4231/ZN,131.48,47.6,False,16398,0.564956,0.38615589,1.119679,1.684635,EXTRACTED
g4234,U_g4234/ZN,26.6,65.8,False,3748,0.17980439999999998,0.16182089,3.198064,3.3778684,EXTRACTED
g4235,U_g4235/ZN,84.93,102.2,False,12969,0.5252936,0.62381735,0.941939,1.4672326,EXTRACTED
g4236,U_g4236/ZN,74.1,93.8,False,5323,0.217574,0.19931522000000002,0.941939,1.159513,EXTRACTED
g4238,U_g4238/ZN,117.8,89.6,False,16804,0.5077484,0.41306872999999994,1.119679,1.6274274000000002,EXTRACTED
g4239,U_g4239/ZN,117.8,64.4,False,16426,0.0649902,0.125187484,1.119679,1.1846692,EXTRACTED
g4243,U_g4243/ZN,60.99,29.4,False,18212,1.4106769000000001,1.3576002309999997,6.57338,7.984056900000001,EXTRACTED
g4251,U_g4251/ZN,26.6,70.0,False,4123,0.9029151,0.4688500040000001,3.198064,4.1009791,EXTRACTED
g4252,U_g4252/ZN,75.62,116.2,False,12562,0.1304252,0.17986096000000001,0.941939,1.0723642,EXTRACTED
g4253,U_g4253/ZN,72.01,102.2,False,5090,0.049505999999999994,0.016392880000000002,0.941939,0.9914449999999999,EXTRACTED
g4255,U_g4255/ZN,116.28,58.8,False,17002,0.7443868,0.5342615869999999,1.119679,1.8640658,EXTRACTED
g4259,U_g4259/ZN,25.65,70.0,False,3538,0.8577372999999999,0.74973126,3.198064,4.0558013,EXTRACTED
g426,U_g426/Q,60.23,61.6,True,16534,2.0237722000000002,1.17141155,6.932504,8.9562762,EXTRACTED
g4261,U_g4261/ZN,68.4,112.0,False,12550,1.047126,0.517276314,0.941939,1.989065,EXTRACTED
g4263,U_g4263/ZN,128.63,89.6,False,6487,8.7727068,9.726511907490005,11.44653,20.219236799999997,EXTRACTED
g4264,U_g4264/ZN,129.58,78.4,False,16818,1.4962689999999998,0.8351275,1.119679,2.615948,EXTRACTED
g4267,U_g4267/ZN,33.25,70.0,False,5114,0.37577164,0.246425529,3.198064,3.57383564,EXTRACTED
g4269,U_g4269/ZN,76.19,102.2,False,11987,0.0486456,0.11683508000000001,0.941939,0.9905845999999999,EXTRACTED
g4271,U_g4271/ZN,110.96,70.0,True,16565,0.6615063,0.27509672999999996,1.893628,2.5551343,EXTRACTED
g4273,U_g4273/ZN,112.1,85.4,False,6487,1.05097997,0.8300317030000002,3.89852,4.94949997,EXTRACTED
g4274,U_g4274/ZN,130.53,89.6,False,16858,0.5590620000000001,0.16788089,1.119679,1.678741,EXTRACTED
g4276,U_g4276/ZN,64.22,58.8,False,7,0.98353,0.772441824,0.918145,1.901675,EXTRACTED
g4278,U_g4278/ZN,27.55,65.8,False,4189,0.55259033,0.46810140999999994,3.198064,3.75065433,EXTRACTED
g4281,U_g4281/ZN,82.65,81.2,False,6487,2.09694407,1.2291298329999998,1.94926,4.04620407,EXTRACTED
g4283,U_g4283/ZN,130.72,49.0,False,16382,0.282932,0.4580258850000001,1.119679,1.402611,EXTRACTED
g4285,U_g4285/ZN,25.08,78.4,False,15287,1.11525927,1.2701831,3.89852,5.01377927,EXTRACTED
g4286,U_g4286/ZN,26.6,67.2,False,4010,0.74394,1.0461585820000001,3.198064,3.942004,EXTRACTED
g4289,U_g4289/ZN,128.82,99.4,False,6487,2.9993578000000003,4.264228934,2.92389,5.9232478,EXTRACTED
g4290,U_g4290/ZN,111.91,89.6,False,6487,1.251146,1.3151213729999998,1.94926,3.200406,EXTRACTED
g4292,U_g4292/ZN,114.57,57.4,False,9844,1.00985784,0.637116047,4.87315,5.883007839999999,EXTRACTED
g4293,U_g4293/ZN,122.55,86.8,False,16710,0.5105240000000001,0.21149342000000002,1.119679,1.6302030000000003,EXTRACTED
g4294,U_g4294/ZN,45.41,33.6,False,11132,1.86846613,1.9452072489999996,8.77167,10.64013613,EXTRACTED
g4297,U_g4297/ZN,77.14,127.4,False,20461,0.7120238000000001,0.51939397,0.918145,1.6301688,EXTRACTED
g43,PORT/g43,121.615,0.07,False,0,0.21761,0.020431536,0.974659,1.192269,EXTRACTED
g4300,U_g4300/ZN,56.81,106.4,False,15343,0.857812,0.20902514000000005,1.70023,2.558042,EXTRACTED
g4309,U_g4309/ZN,117.8,79.8,False,16744,3.3081139999999998,3.1032067580000002,1.119679,4.427792999999999,EXTRACTED
g431,U_g431/Q,39.52,53.2,True,16055,1.1513787399999997,0.9259478749999999,5.976248,7.12762674,EXTRACTED
g4316,U_g4316/ZN,60.42,42.0,False,12508,0.1674076,0.060721644,0.959052,1.1264596,EXTRACTED
g4325,U_g4325/ZN,95.19,133.0,False,15294,0.317604,0.28446814,1.119679,1.437283,EXTRACTED
g4330,U_g4330/ZN,87.59,133.0,False,15332,0.447788,0.21511152,1.119679,1.5674670000000002,EXTRACTED
g4334,U_g4334/ZN,95.95,79.8,False,15314,0.730225,0.24055013999999997,1.119679,1.849904,EXTRACTED
g4336,U_g4336/ZN,83.6,12.6,False,15377,2.873058,2.5506682050000005,8.77167,11.644728,EXTRACTED
g4338,U_g4338/ZN,51.87,78.4,False,14822,0.259588,0.14980276,1.119679,1.379267,EXTRACTED
g4340,U_g4340/ZN,48.45,85.4,False,14846,0.26678,0.1053722,1.119679,1.386459,EXTRACTED
g4341,U_g4341/ZN,77.33,75.6,False,2322,0.532262,0.9897308899999999,0.941939,1.4742009999999999,EXTRACTED
g4342,U_g4342/ZN,94.62,65.8,False,15168,0.123609,0.038277,1.119679,1.2432880000000002,EXTRACTED
g4343,U_g4343/ZN,51.68,102.2,False,1190,0.599814,0.9007362999999999,0.941939,1.541753,EXTRACTED
g4345,U_g4345/ZN,80.75,114.8,False,12494,0.423282,0.40767994,0.946814,1.370096,EXTRACTED
g4348,U_g4348/ZN,27.17,23.8,False,596,0.2537884,0.10691033,1.83629,2.0900784,EXTRACTED
g435,U_g435/Q,40.85,40.6,True,16478,1.5395551,1.424008681,6.956636,8.496191099999999,EXTRACTED
g4358,U_g4358/ZN,111.53,64.4,False,11687,0.06370060000000001,0.14641614,0.946814,1.0105146,EXTRACTED
g4360,U_g4360/ZN,70.11,26.6,False,12766,0.631643,0.90564187,0.946814,1.578457,EXTRACTED
g4364,U_g4364/ZN,91.2,53.2,False,11274,0.29702199999999995,0.1041639,0.946814,1.243836,EXTRACTED
g4365,U_g4365/ZN,106.78,77.0,False,21093,0.5747639999999999,0.2064915,0.97463,1.549394,EXTRACTED
g4374,U_g4374/ZN,85.12,124.6,False,31030,0.6356645999999999,0.9641822070000001,3.198064,3.8337285999999997,EXTRACTED
g4379,U_g4379/ZN,86.07,50.4,False,15281,1.335582,1.6358259019999999,3.89852,5.234102,EXTRACTED
g4381,U_g4381/ZN,95.95,127.4,False,6487,4.9028506,5.508411453999999,8.77167,13.674520600000001,EXTRACTED
g4383,U_g4383/ZN,138.7,82.6,False,14992,0.0513344,0.11545721,0.941939,0.9932734,EXTRACTED
g4389,U_g4389/ZN,37.62,114.8,False,12954,0.774872,0.7652687000000001,0.946814,1.721686,EXTRACTED
g4392,U_g4392/ZN,139.27,77.0,False,7578,0.6714536,0.43267662000000007,0.941939,1.6133926,EXTRACTED
g4397,U_g4397/ZN,36.86,114.8,False,5975,0.928658,0.9228150000000002,0.941939,1.870597,EXTRACTED
g44,PORT/g44,114.895,0.07,False,0,0.28655400000000003,0.1133787,0.974659,1.2612130000000001,EXTRACTED
g440,U_g440/Q,46.17,49.0,True,16530,1.01624466,0.57462069549,3.6788499999999997,4.69509466,EXTRACTED
g4400,U_g4400/ZN,134.14,74.2,False,9422,0.27888,0.40583192,0.941939,1.220819,EXTRACTED
g4401,U_g4401/ZN,64.6,21.0,False,10933,2.50003639,2.7682271599999995,12.07038,14.57041639,EXTRACTED
g4421,U_g4421/ZN,13.68,78.4,False,6506,3.9014821599999996,3.155157938000001,18.679585,22.58106716,EXTRACTED
g4431,U_g4431/ZN,75.05,131.6,False,11734,0.1582352,0.28839388,1.726477,1.8847122,EXTRACTED
g4432,U_g4432/ZN,25.08,123.2,False,5177,1.979165,0.7334952800000001,2.56949,4.548655,EXTRACTED
g4437,U_g4437/ZN,111.53,74.2,True,16565,0.47688020000000003,0.49384087600000004,1.893628,2.3705082,EXTRACTED
g444,U_g444/Q,47.5,82.6,True,16675,2.3505108999999997,2.9661181299999995,3.669273,6.0197839,EXTRACTED
g4449,U_g4449/ZN,71.82,65.8,False,2794,3.0096728,2.4686793739999993,8.77167,11.781342800000001,EXTRACTED
g4455,U_g4455/ZN,67.83,95.2,False,3197,1.3835289000000002,0.7297157360000001,3.198064,4.5815929,EXTRACTED
g4456,U_g4456/ZN,117.23,72.8,True,16565,0.0439736,0.03798344,0.946814,0.9907876,EXTRACTED
g4457,U_g4457/ZN,129.96,58.8,False,9844,6.141628099999998,3.237611356000002,9.49727,15.638898099999999,EXTRACTED
g4465,U_g4465/ZN,43.13,117.6,False,15382,0.991792,0.616518572,1.119679,2.111471,EXTRACTED
g4467,U_g4467/ZN,131.86,64.4,False,9844,0.78562812,0.6571652959999997,5.84778,6.63340812,EXTRACTED
g4471,U_g4471/ZN,95.57,42.0,False,15318,0.1886168,0.20274968000000002,1.119679,1.3082958,EXTRACTED
g4473,U_g4473/ZN,63.08,106.4,False,15352,0.6325002000000001,0.337789507,1.119679,1.7521792,EXTRACTED
g4476,U_g4476/ZN,28.12,114.8,False,17826,0.207512,0.10116937,0.946814,1.154326,EXTRACTED
g4477,U_g4477/ZN,95.95,43.4,False,15232,0.665648,0.827896897,1.119679,1.785327,EXTRACTED
g448,U_g448/Q,52.44,53.2,True,16540,1.07644023,1.05553723,3.696329,4.77276923,EXTRACTED
g4480,U_g4480/ZN,90.06,135.8,False,15332,0.16532739999999999,0.20935605999999998,1.119679,1.2850064,EXTRACTED
g4481,U_g4481/ZN,123.69,81.2,False,11773,0.558818,0.39757948000000004,0.946814,1.505632,EXTRACTED
g4482,U_g4482/ZN,69.35,2.8,False,16291,0.316332,0.21622453000000003,0.918145,1.234477,EXTRACTED
g4483,U_g4483/ZN,125.59,93.8,False,1075,0.7731599,0.3419120160000001,0.941939,1.7150989,EXTRACTED
g4484,U_g4484/ZN,65.93,39.2,False,15102,0.10321280000000001,0.026706920000000002,1.119679,1.2228918000000002,EXTRACTED
g4486,U_g4486/ZN,100.32,133.0,False,12358,0.462048,0.10333043800000001,0.946814,1.408862,EXTRACTED
g4487,U_g4487/ZN,53.2,65.8,False,13126,0.382434,0.9076561200000001,0.946814,1.329248,EXTRACTED
g4488,U_g4488/ZN,87.02,57.4,False,16856,0.425232,0.116253575,0.918145,1.343377,EXTRACTED
g4489,U_g4489/ZN,114.76,93.8,False,2261,0.9562883,1.05326012,0.941939,1.8982272999999998,EXTRACTED
g4490,U_g4490/ZN,94.05,72.8,False,15188,0.08314679999999999,0.03919488,1.119679,1.2028258,EXTRACTED
g4492,U_g4492/ZN,134.52,85.4,False,189,0.8728849000000001,0.8559124000000001,4.172694,5.0455789,EXTRACTED
g4497,U_g4497/ZN,52.82,96.6,False,2337,1.2112370000000001,0.33826727999999995,0.941939,2.153176,EXTRACTED
g4498,U_g4498/ZN,89.68,120.4,False,15370,0.351822,0.3926466,1.119679,1.4715010000000002,EXTRACTED
g45,PORT/g45,116.575,0.07,False,0,0.292934,0.16354898,0.974659,1.2675930000000002,EXTRACTED
g4500,U_g4500/ZN,95.19,77.0,False,12771,0.0565724,0.08366548000000001,1.119679,1.1762514000000002,EXTRACTED
g4502,U_g4502/ZN,130.53,77.0,False,12951,0.0713738,0.01498504,1.714471,1.7858448,EXTRACTED
g4503,U_g4503/ZN,77.9,133.0,False,13043,0.0652912,0.09682705999999999,0.946814,1.0121052000000001,EXTRACTED
g4505,U_g4505/ZN,75.24,89.6,False,3054,0.51045,0.3497747,0.941939,1.452389,EXTRACTED
g4506,U_g4506/ZN,92.72,127.4,False,15336,0.6855418,0.7765215599999999,1.119679,1.8052208,EXTRACTED
g4512,U_g4512/ZN,59.28,77.0,False,2423,0.7923226,1.24457898,0.941939,1.7342616,EXTRACTED
g4518,U_g4518/ZN,53.2,49.0,False,15108,0.01742614,0.0,0.918145,0.93557114,EXTRACTED
g452,U_g452/Q,51.11,46.2,True,16415,1.02051338,0.7239676209999999,3.693405,4.71391838,EXTRACTED
g4522,U_g4522/ZN,52.06,96.6,False,2479,0.5119959000000001,0.46559760699999997,0.941939,1.4539349000000001,EXTRACTED
g4525,U_g4525/ZN,119.7,77.0,False,21093,0.433576,0.3369371200000001,1.70023,2.133806,EXTRACTED
g4529,U_g4529/ZN,62.51,50.4,False,15213,0.227132,0.50018794,0.918145,1.145277,EXTRACTED
g4534,U_g4534/ZN,56.62,93.8,False,2219,0.4555485,0.5451737810000001,0.941939,1.3974875,EXTRACTED
g4537,U_g4537/ZN,48.64,53.2,False,15339,0.47375,0.39650182999999994,0.918145,1.3918949999999999,EXTRACTED
g4538,U_g4538/ZN,27.55,116.2,False,8489,0.59678574,0.7583905109999998,3.254485,3.85127074,EXTRACTED
g4542,U_g4542/ZN,75.62,77.0,False,2444,0.0579436,0.016839924,0.941939,0.9998826,EXTRACTED
g4548,U_g4548/ZN,49.78,43.4,False,15196,0.566302,0.23929322,0.918145,1.4844469999999998,EXTRACTED
g4550,U_g4550/ZN,52.63,102.2,False,2497,0.0992214,0.16846527,0.941939,1.0411603999999999,EXTRACTED
g4553,U_g4553/ZN,42.18,49.0,False,15140,0.049939199999999996,0.008639112,0.918145,0.9680842,EXTRACTED
g4554,U_g4554/ZN,31.35,58.8,False,14822,0.026643800000000002,0.06662106000000001,0.918145,0.9447888,EXTRACTED
g4556,U_g4556/ZN,22.04,43.4,False,27727,0.09581039999999999,0.017264960000000003,1.119679,1.2154894,EXTRACTED
g4559,U_g4559/ZN,137.56,71.4,False,14841,0.1369026,0.07239868,0.941939,1.0788416,EXTRACTED
g456,U_g456/Q,24.7,79.8,True,16906,1.8932306899999998,1.513905063,7.709863,9.60309369,EXTRACTED
g4560,U_g4560/ZN,49.59,54.6,False,14837,0.654458,0.18535171,0.918145,1.572603,EXTRACTED
g4561,U_g4561/ZN,29.83,61.6,False,14854,0.378868,0.886036815,0.918145,1.297013,EXTRACTED
g4565,U_g4565/ZN,34.2,44.8,False,14843,0.6030407,0.37908614,0.918145,1.5211857,EXTRACTED
g4566,U_g4566/ZN,34.39,110.6,False,4103,0.403978,0.8021918299999999,1.599032,2.00301,EXTRACTED
g4567,U_g4567/ZN,54.53,130.2,False,2547,2.31414318,1.2863109940000006,5.24435,7.558493179999999,EXTRACTED
g4572,U_g4572/ZN,67.45,93.8,False,100,1.8345147,1.7845261739999998,1.8927749999999999,3.7272897,EXTRACTED
g4576,U_g4576/ZN,29.64,47.6,False,15168,0.01742614,0.0,0.918145,0.93557114,EXTRACTED
g4581,U_g4581/ZN,57.95,21.0,False,11486,0.01742614,0.0,0.946814,0.96424014,EXTRACTED
g4582,U_g4582/ZN,33.44,51.8,False,14831,0.01742614,0.0,0.918145,0.93557114,EXTRACTED
g4584,U_g4584/ZN,57.0,21.0,False,5274,0.0957808,0.06908977200000001,0.941939,1.0377198,EXTRACTED
g4585,U_g4585/ZN,33.25,46.2,False,15191,0.1716674,0.22464100999999997,0.918145,1.0898124,EXTRACTED
g4588,U_g4588/ZN,30.59,120.4,False,9186,0.1516198,0.29985000100000003,0.918145,1.0697648,EXTRACTED
g46,PORT/g46,124.975,0.07,False,0,0.845864,0.5027733,0.974659,1.8205230000000001,EXTRACTED
g4601,U_g4601/ZN,93.29,113.4,False,5975,0.6473476,0.7067873770000002,3.198064,3.8454116000000003,EXTRACTED
g4604,U_g4604/ZN,34.01,114.8,False,19869,0.6080577,0.4512145309999999,1.621225,2.2292826999999997,EXTRACTED
g4605,U_g4605/ZN,94.81,116.2,False,4960,0.3237897,0.21234513000000002,3.198064,3.5218537,EXTRACTED
g4607,U_g4607/ZN,95.19,113.4,False,4186,0.7002769,0.399373298,3.198064,3.8983409,EXTRACTED
g4608,U_g4608/ZN,138.7,86.8,False,9844,1.2401572,1.666627579,4.87315,6.1133071999999995,EXTRACTED
g4609,U_g4609/ZN,60.61,49.0,False,25997,0.091092,0.022594298,0.964824,1.055916,EXTRACTED
g461,U_g461/Q,13.68,72.8,True,16878,3.1004326,3.0693894409999998,15.898415,18.9988476,EXTRACTED
g4610,U_g4610/ZN,14.06,95.2,False,6740,0.5753965999999999,0.35608283,1.83629,2.4116866,EXTRACTED
g4613,U_g4613/ZN,94.24,113.4,False,6103,0.8108594,0.834848014,3.198064,4.0089234000000005,EXTRACTED
g4616,U_g4616/ZN,86.64,113.4,False,3991,1.3475728999999999,0.8036025730000002,3.198064,4.5456369,EXTRACTED
g4617,U_g4617/ZN,87.78,89.6,False,2,0.1813164,0.038850300000000004,0.97463,1.1559464,EXTRACTED
g4619,U_g4619/ZN,89.87,106.4,False,4124,0.4054014,0.302002535,3.198064,3.6034654,EXTRACTED
g4630,U_g4630/ZN,88.35,113.4,False,2733,0.4995585,0.472265536,3.198064,3.6976225,EXTRACTED
g4639,U_g4639/ZN,85.5,117.6,False,5790,1.084349,1.0910151290000003,3.198064,4.282413,EXTRACTED
g4640,U_g4640/ZN,98.61,54.6,False,22572,0.1782564,0.22963712,1.70023,1.8784864,EXTRACTED
g466,U_g466/Q,21.47,67.2,True,16934,2.7801275000000003,2.63679278,17.763325,20.543452499999997,EXTRACTED
g4670,U_g4670/ZN,79.8,99.4,False,13876,0.98677207,1.053144244,1.883878,2.87065007,EXTRACTED
g4671,U_g4671/ZN,87.02,71.4,False,15135,4.46031059,2.7413067680000003,3.89852,8.35883059,EXTRACTED
g4672,U_g4672/ZN,91.96,116.2,False,3520,0.2962299,0.469640645,3.198064,3.4942939,EXTRACTED
g4673,U_g4673/ZN,82.65,119.0,False,6487,3.2350863000000003,3.9727028130000006,6.57338,9.808466300000001,EXTRACTED
g4675,U_g4675/ZN,53.01,23.8,False,19370,0.54021,0.8264087860000001,0.946814,1.487024,EXTRACTED
g4677,U_g4677/ZN,91.01,116.2,False,3765,0.7335115,0.48598259999999993,3.198064,3.9315755,EXTRACTED
g4678,U_g4678/ZN,62.13,107.8,False,0,4.3354218,4.748008526000001,14.61945,18.9548718,EXTRACTED
g4679,U_g4679/ZN,79.61,107.8,False,6487,11.43105117,9.825906117600002,8.77167,20.20272117,EXTRACTED
g4682,U_g4682/ZN,96.33,54.6,False,22707,0.831726,0.7619205400000001,1.70023,2.531956,EXTRACTED
g47,PORT/g47,119.935,0.07,False,0,0.480592,0.18692577,0.974659,1.455251,EXTRACTED
g471,U_g471/Q,13.11,68.6,True,16901,2.71283475,2.541258552,19.876173,22.58900775,EXTRACTED
g4712,U_g4712/ZN,75.43,112.0,False,6250,1.4343645,2.09389727,0.941939,2.3763035,EXTRACTED
g4714,U_g4714/ZN,62.51,138.6,False,13233,0.4659219,0.5135914540000001,0.946814,1.4127359,EXTRACTED
g4715,U_g4715/ZN,94.81,128.8,False,5465,0.122722,0.07689750000000001,0.941939,1.064661,EXTRACTED
g4718,U_g4718/ZN,64.98,137.2,False,12974,0.48707849999999997,0.4015993300000001,0.946814,1.4338925,EXTRACTED
g4720,U_g4720/ZN,79.42,119.0,False,12651,0.27024200000000004,0.258051391,0.941939,1.212181,EXTRACTED
g4722,U_g4722/ZN,44.46,57.4,False,15202,0.31041599999999997,0.20817511,0.918145,1.228561,EXTRACTED
g4723,U_g4723/ZN,66.5,137.2,False,12168,0.32333999999999996,0.73464342,0.941939,1.265279,EXTRACTED
g4725,U_g4725/ZN,98.42,127.4,False,12766,0.1891062,0.41868694000000006,0.941939,1.1310452,EXTRACTED
g4727,U_g4727/ZN,33.25,56.0,False,14810,0.5453325,0.790741645,0.918145,1.4634775,EXTRACTED
g4732,U_g4732/ZN,47.12,58.8,False,15203,0.0957078,0.09450451,0.918145,1.0138528,EXTRACTED
g4736,U_g4736/ZN,41.42,61.6,False,15361,0.5449419999999999,0.298840378,0.918145,1.4630869999999998,EXTRACTED
g4737,U_g4737/ZN,40.47,100.8,False,11303,1.8941290999999998,1.100878818,9.7463,11.640429099999999,EXTRACTED
g4739,U_g4739/ZN,45.22,110.6,False,15663,2.1889327,1.4109506909999998,6.57338,8.7623127,EXTRACTED
g4749,U_g4749/ZN,52.44,23.8,False,9043,0.2127156,0.172637225,3.254485,3.4672006,EXTRACTED
g4752,U_g4752/ZN,44.65,63.0,False,15193,0.0543372,0.08698847,0.918145,0.9724822,EXTRACTED
g4753,U_g4753/ZN,21.66,60.2,False,15504,0.033553400000000004,0.033597,0.918145,0.9516983999999999,EXTRACTED
g4759,U_g4759/ZN,51.87,57.4,False,14804,1.1527859999999999,0.4859484860000001,0.918145,2.070931,EXTRACTED
g476,U_g476/Q,33.25,54.6,True,16053,1.7687709999999999,1.6545960339999994,6.942081,8.710852,EXTRACTED
g4760,U_g4760/ZN,17.86,56.0,False,14833,0.427236,0.06596878,0.918145,1.345381,EXTRACTED
g4764,U_g4764/ZN,42.75,63.0,False,15195,0.0356338,0.06127171,0.918145,0.9537788,EXTRACTED
g4765,U_g4765/ZN,18.05,54.6,False,14826,0.6174839999999999,0.50713116,0.918145,1.535629,EXTRACTED
g4770,U_g4770/ZN,36.1,61.6,False,14808,0.333758,0.15479477,0.918145,1.251903,EXTRACTED
g4771,U_g4771/ZN,18.05,60.2,False,15420,0.01742614,0.0,0.918145,0.93557114,EXTRACTED
g4776,U_g4776/ZN,53.58,102.2,False,6487,1.197357,0.7199313919999999,2.92389,4.121247,EXTRACTED
g4777,U_g4777/ZN,48.64,23.8,False,4251,0.0448212,0.039811,1.599032,1.6438532,EXTRACTED
g4778,U_g4778/ZN,47.31,56.0,False,15232,0.01630032,0.00176665,0.918145,0.93444532,EXTRACTED
g4779,U_g4779/ZN,17.29,60.2,False,14826,0.07929,0.11252390999999999,0.918145,0.997435,EXTRACTED
g4782,U_g4782/ZN,140.41,61.6,False,6354,0.7804062199999999,0.45695231000000003,1.94926,2.72966622,EXTRACTED
g4784,U_g4784/ZN,22.42,50.4,False,15499,0.793104,0.5614323229999999,0.918145,1.711249,EXTRACTED
g4787,U_g4787/ZN,130.34,74.2,False,33,0.10552020000000001,0.0051202980000000006,1.736804,1.8423242,EXTRACTED
g4788,U_g4788/ZN,21.47,53.2,False,15501,0.082451,0.07709139300000001,0.918145,1.000596,EXTRACTED
g48,PORT/g48,122.735,0.07,False,0,0.1915446,0.019999391999999998,0.974659,1.1662036,EXTRACTED
g4801,U_g4801/ZN,23.56,58.8,False,15486,0.45018199999999997,0.40372353799999994,0.918145,1.3683269999999998,EXTRACTED
g4803,U_g4803/ZN,53.39,28.0,False,8981,0.6558961000000001,0.48292233400000006,0.918145,1.5740411,EXTRACTED
g4804,U_g4804/ZN,22.23,64.4,False,14836,0.68439,0.7339363600000001,0.918145,1.602535,EXTRACTED
g4806,U_g4806/ZN,53.77,22.4,False,17857,0.33191200000000004,0.32634092900000006,1.621225,1.953137,EXTRACTED
g4807,U_g4807/ZN,68.21,88.2,False,4813,8.117397969999999,4.993957541999998,25.06986,33.18725797,EXTRACTED
g481,U_g481/Q,22.04,61.6,True,16972,2.4267520600000005,2.52692324,6.932504,9.35925606,EXTRACTED
g4811,U_g4811/ZN,70.3,53.2,False,883,1.8323185999999998,1.29968685,5.24435,7.0766686,EXTRACTED
g4816,U_g4816/ZN,23.94,23.8,False,17586,0.1574741,0.19638,1.83629,1.9937641,EXTRACTED
g4821,U_g4821/ZN,133.95,88.2,False,16717,0.45332607,0.5739754220000002,0.918145,1.3714710700000001,EXTRACTED
g4822,U_g4822/ZN,16.91,71.4,False,3164,0.1074072,0.09368805,0.918145,1.0255522,EXTRACTED
g4824,U_g4824/ZN,66.69,5.6,False,1379,0.20050923,0.27921899000000006,4.172694,4.37320323,EXTRACTED
g4827,U_g4827/ZN,119.7,92.4,False,13964,4.0257439900000005,4.457283499,2.825817,6.85156099,EXTRACTED
g4828,U_g4828/ZN,15.96,98.0,False,1525,0.49749405,0.386830651,1.83629,2.33378405,EXTRACTED
g4831,U_g4831/ZN,80.37,68.6,False,573,0.9271120899999998,1.186571785,4.172694,5.0998060899999995,EXTRACTED
g4836,U_g4836/ZN,71.82,128.8,False,13585,0.210338,0.24048844000000003,0.946814,1.157152,EXTRACTED
g4837,U_g4837/ZN,125.02,105.0,False,5713,0.0614878,0.07989886,0.941939,1.0034268,EXTRACTED
g4838,U_g4838/ZN,87.59,88.2,False,2,0.1388646,0.044990220000000004,0.918145,1.0570096,EXTRACTED
g4839,U_g4839/ZN,113.43,96.6,False,14025,0.39881,0.30675594,0.941939,1.340749,EXTRACTED
g486,U_g486/Q,13.87,57.4,True,16014,2.8268728000000003,2.727375328,6.942081,9.7689538,EXTRACTED
g4865,U_g4865/ZN,127.49,106.4,False,5930,0.23398200000000002,0.03528919,0.941939,1.175921,EXTRACTED
g4868,U_g4868/ZN,103.17,109.2,False,12861,0.0865374,0.044565469999999996,0.941939,1.0284764,EXTRACTED
g4869,U_g4869/ZN,73.53,124.6,False,5870,0.1077592,0.1719378,0.941939,1.0496982,EXTRACTED
g4871,U_g4871/ZN,70.11,25.2,False,16182,0.256948,0.29068991699999996,0.946814,1.203762,EXTRACTED
g4873,U_g4873/ZN,20.52,67.2,False,4808,0.718186,0.536848965,3.198064,3.91625,EXTRACTED
g4875,U_g4875/ZN,101.46,120.4,False,12740,0.32697200000000004,0.46253684,0.941939,1.2689110000000001,EXTRACTED
g4876,U_g4876/ZN,104.31,121.8,False,5325,0.74637,0.5928852640000001,0.941939,1.6883089999999998,EXTRACTED
g4878,U_g4878/ZN,68.02,23.8,False,16065,0.299436,0.19222187000000002,0.946814,1.24625,EXTRACTED
g4879,U_g4879/ZN,24.13,72.8,False,4676,0.26605586999999997,0.17537628300000002,3.198064,3.46411987,EXTRACTED
g4880,U_g4880/ZN,126.16,121.8,False,6487,14.442312090000001,7.845818924999999,16.319679999999998,30.76199209,EXTRACTED
g4881,U_g4881/ZN,75.43,127.4,False,11740,0.12647440000000001,0.06161262000000001,0.941939,1.0684134,EXTRACTED
g4882,U_g4882/ZN,77.14,105.0,False,5320,0.47314999999999996,0.37896715,0.941939,1.415089,EXTRACTED
g4884,U_g4884/ZN,68.4,22.4,False,12342,0.23535,0.13020389999999998,0.941939,1.177289,EXTRACTED
g4887,output149/Z,1.33,30.8,False,0,0.160069,0.10953455000000001,0,0.160069,EXTRACTED
g4888,output150/Z,143.26,1.4,False,0,0.209558,0.05293502,0,0.209558,EXTRACTED
g4890,U_g4890/ZN,61.75,110.6,False,13006,0.0976694,0.22803151,1.119679,1.2173484,EXTRACTED
g4891,U_g4891/ZN,60.42,110.6,False,13222,0.25286,0.5503996,1.119679,1.3725390000000002,EXTRACTED
g4892,U_g4892/ZN,57.76,112.0,False,12529,0.448014,0.11966656,1.119679,1.5676930000000002,EXTRACTED
g4893,U_g4893/ZN,70.11,113.4,False,13460,0.13685060000000002,0.11051139,1.119679,1.2565296000000001,EXTRACTED
g49,U_g49/Q,40.66,128.8,True,16840,1.4782364000000001,1.085290982,3.729714,5.2079504,EXTRACTED
g4902,U_g4902/ZN,67.07,35.0,False,13754,0.1255056,0.04572602099999999,1.119679,1.2451846,EXTRACTED
g4903,U_g4903/ZN,63.08,33.6,False,13412,0.226796,0.28737077599999994,1.119679,1.346475,EXTRACTED
g4904,U_g4904/ZN,61.94,35.0,False,10492,1.023802,0.210242025,1.119679,2.1434810000000004,EXTRACTED
g4905,U_g4905/ZN,72.58,37.8,False,13376,1.0728549,0.64161831,1.119679,2.1925339,EXTRACTED
g491,U_g491/Q,16.53,53.2,True,16005,2.0976094,1.7167296789999997,6.956636,9.0542454,EXTRACTED
g4914,U_g4914/ZN,79.42,113.4,False,11716,0.38513600000000003,0.341116083,0.946814,1.33195,EXTRACTED
g4921,U_g4921/ZN,72.01,131.6,False,4402,5.14229625,3.291455595000001,13.691605,18.83390125,EXTRACTED
g4932,U_g4932/ZN,70.68,95.2,False,12655,0.532306,0.31133672,0.946814,1.47912,EXTRACTED
g4934,U_g4934/ZN,68.78,36.4,False,18212,0.344474,0.100844315,0.946814,1.291288,EXTRACTED
g4940,U_g4940/ZN,63.46,11.2,False,26534,0.394654,0.27783692699999996,1.119679,1.5143330000000002,EXTRACTED
g4941,U_g4941/ZN,72.01,103.6,False,11975,0.0834112,0.025525591490000003,0.946814,1.0302252,EXTRACTED
g4949,U_g4949/ZN,71.25,67.2,False,1696,0.6955879,0.33777453999999996,0.946814,1.6424019,EXTRACTED
g4950,U_g4950/ZN,97.28,107.8,False,11785,0.771292,0.5270758270000001,0.941939,1.713231,EXTRACTED
g4952,U_g4952/ZN,132.62,63.0,False,11973,0.08478920000000001,0.06130816,0.946814,1.0316032000000002,EXTRACTED
g4959,U_g4959/ZN,84.17,88.2,False,7799,0.42797399999999997,0.84783655,0.941939,1.369913,EXTRACTED
g496,U_g496/Q,13.11,70.0,True,16883,2.6017593000000003,2.127951443,6.95956,9.561319300000001,EXTRACTED
g4960,U_g4960/ZN,105.26,98.0,False,11421,2.3133466599999997,0.679406414,0.941939,3.2552856599999997,EXTRACTED
g4962,U_g4962/ZN,131.1,58.8,False,10864,0.0332644,0.0078693,0.946814,0.9800784,EXTRACTED
g4967,U_g4967/ZN,79.99,82.6,False,11909,0.6619424,0.7220740800000002,0.941939,1.6038814000000001,EXTRACTED
g4968,U_g4968/ZN,105.07,102.2,False,11081,0.384146,0.23963048800000006,0.941939,1.326085,EXTRACTED
g4969,U_g4969/ZN,129.77,63.0,False,9063,0.323488,0.182784,0.946814,1.270302,EXTRACTED
g4971,U_g4971/ZN,98.61,63.0,False,8431,0.1491692,0.06516931000000001,0.941939,1.0911081999999999,EXTRACTED
g4972,U_g4972/ZN,89.11,92.4,False,10985,3.2466621,5.15997315,0.941939,4.1886011,EXTRACTED
g4973,U_g4973/ZN,130.91,67.2,False,12187,0.5732889000000001,0.43327525999999994,0.946814,1.5201029000000001,EXTRACTED
g4974,U_g4974/ZN,131.48,77.0,False,18361,0.392376,0.26011064,1.714471,2.106847,EXTRACTED
g4976,U_g4976/ZN,28.5,110.6,False,16748,0.806352,1.3057831,0.879747,1.686099,EXTRACTED
g4977,U_g4977/ZN,50.92,137.2,False,4774,1.34002511,0.608537609,5.59875,6.93877511,EXTRACTED
g4986,U_g4986/ZN,92.72,53.2,False,10913,0.1370526,0.242090565,0.941939,1.0789916,EXTRACTED
g4987,U_g4987/ZN,102.79,88.2,False,11444,0.675392,0.36653014600000006,0.941939,1.617331,EXTRACTED
g4989,U_g4989/ZN,94.43,49.0,False,11501,0.806454,0.5174098880000001,0.941939,1.748393,EXTRACTED
g4990,U_g4990/ZN,81.13,78.4,False,11381,0.376838,0.43975158897,0.941939,1.3187769999999999,EXTRACTED
g4991,U_g4991/ZN,102.6,71.4,False,11371,0.60762,0.488127332,0.941939,1.549559,EXTRACTED
g4992,U_g4992/ZN,109.25,105.0,False,11590,0.269682,0.17784980499999997,0.941939,1.211621,EXTRACTED
g4993,U_g4993/ZN,87.02,89.6,False,11255,0.628818,0.10133709399999999,0.941939,1.570757,EXTRACTED
g4994,U_g4994/ZN,117.23,95.2,False,11853,0.377202,0.12170215999999999,0.941939,1.319141,EXTRACTED
g4995,U_g4995/ZN,100.7,81.2,False,8146,0.1027598,0.06380569999999999,0.941939,1.0446988,EXTRACTED
g4996,U_g4996/ZN,98.61,98.0,False,11188,0.651459,0.43974111,0.941939,1.593398,EXTRACTED
g4997,U_g4997/ZN,58.71,21.0,False,14294,0.29320393,0.37944085800000005,3.263231,3.55643493,EXTRACTED
g4998,U_g4998/ZN,64.41,123.2,False,15360,0.401812,0.20483520000000002,0.918145,1.319957,EXTRACTED
g4999,U_g4999/ZN,117.8,98.0,False,11629,0.334442,0.44820059999999995,0.941939,1.276381,EXTRACTED
g5000,U_g5000/ZN,102.03,74.2,False,7851,0.692524,0.4483514,0.941939,1.634463,EXTRACTED
g5001,U_g5001/ZN,61.18,124.6,False,15376,0.026047400000000002,0.007761710000000001,0.918145,0.9441924,EXTRACTED
g5002,U_g5002/ZN,102.6,89.6,False,11465,0.6984737999999999,0.64349757,0.941939,1.6404128,EXTRACTED
g5003,U_g5003/ZN,103.93,96.6,False,11338,0.0985682,0.001367492,0.941939,1.0405072,EXTRACTED
g5004,U_g5004/ZN,50.54,123.2,False,15254,0.0908254,0.02785234,0.918145,1.0089704,EXTRACTED
g5005,U_g5005/ZN,112.29,93.8,False,8265,1.8818859999999997,1.4776920999999996,0.941939,2.823825,EXTRACTED
g5006,U_g5006/ZN,106.4,68.6,False,7761,0.0791928,0.027659,0.941939,1.0211318,EXTRACTED
g5008,U_g5008/ZN,55.48,120.4,False,15353,0.050434,0.10038650999999998,0.918145,0.968579,EXTRACTED
g5009,U_g5009/ZN,116.47,70.0,False,8148,0.0462988,0.00888771,0.941939,0.9882377999999999,EXTRACTED
g501,U_g501/Q,15.58,63.0,True,16007,7.49926999,6.116672947999999,6.9883690000000005,14.48763899,EXTRACTED
g5010,U_g5010/ZN,103.36,71.4,False,7900,0.16515559999999999,0.1989624,0.941939,1.1070946,EXTRACTED
g5013,U_g5013/ZN,50.35,25.2,False,19733,1.24673126,2.035677638000001,5.59875,6.84548126,EXTRACTED
g5023,U_g5023/ZN,77.52,85.4,False,16474,0.49983610000000006,0.87248285,0.946814,1.4466501,EXTRACTED
g5024,U_g5024/ZN,57.0,119.0,False,14838,0.01742614,0.0,0.918145,0.93557114,EXTRACTED
g5025,U_g5025/ZN,108.3,89.6,False,7591,1.08366219,0.431480965,0.941939,2.02560119,EXTRACTED
g5026,U_g5026/ZN,114.76,105.0,False,11486,0.634707,0.80330692,0.941939,1.576646,EXTRACTED
g5028,U_g5028/ZN,75.62,130.2,False,20952,0.944167,1.1931561700000004,0.918145,1.862312,EXTRACTED
g5029,U_g5029/ZN,59.85,106.4,False,15573,0.01742614,0.0,0.946814,0.96424014,EXTRACTED
g5030,U_g5030/ZN,50.16,127.4,False,15382,0.5772282,0.6892718120000001,0.918145,1.4953732,EXTRACTED
g5031,U_g5031/ZN,105.64,75.6,False,11534,1.1971487,0.7846395600000001,0.941939,2.1390877,EXTRACTED
g5034,U_g5034/ZN,61.18,30.8,False,18552,0.4870561,0.9707585320000001,1.664199,2.1512551,EXTRACTED
g5036,U_g5036/ZN,73.91,26.6,False,26976,0.13566319999999998,0.178782895,0.918145,1.0538082,EXTRACTED
g5038,U_g5038/ZN,71.82,21.0,False,26713,0.033880400000000005,0.0,0.918145,0.9520254,EXTRACTED
g5041,U_g5041/ZN,44.84,19.6,False,1199,0.210054,0.053968440000000006,0.941939,1.151993,EXTRACTED
g5044,U_g5044/ZN,30.21,23.8,False,314,0.7704291000000001,0.8693944809999999,1.83629,2.6067191000000003,EXTRACTED
g5051,U_g5051/ZN,41.99,116.2,False,3539,0.06450940000000001,0.20546306800000003,0.941939,1.0064484,EXTRACTED
g506,U_g506/Q,21.66,49.0,True,16964,3.0095623000000002,2.307487008,6.942081,9.9516433,EXTRACTED
g5067,U_g5067/ZN,54.72,51.8,False,16615,0.0919622,0.017627378,0.941939,1.0339011999999999,EXTRACTED
g5074,U_g5074/ZN,136.8,82.6,False,11026,0.0301606,0.0,0.946814,0.9769746,EXTRACTED
g5083,U_g5083/ZN,138.13,60.2,False,6673,0.06627,0.0124385,1.119679,1.1859490000000001,EXTRACTED
g5084,U_g5084/ZN,144.02,61.6,False,12307,0.5440004,0.720705853,0.946814,1.4908144,EXTRACTED
g5090,U_g5090/ZN,135.28,70.0,False,8975,0.0955868,0.10924737000000001,0.946814,1.0424008,EXTRACTED
g5097,U_g5097/ZN,131.86,89.6,False,11108,0.19635740000000002,0.24381483,0.946814,1.1431714,EXTRACTED
g5099,U_g5099/ZN,128.63,91.0,False,8324,0.40210799999999997,0.55647856,0.941939,1.344047,EXTRACTED
g5100,U_g5100/ZN,142.31,88.2,False,9575,0.386054,0.17897124,0.946814,1.332868,EXTRACTED
g5101,output151/Z,78.66,135.8,False,0,0.75329,0.24267703000000002,0,0.75329,EXTRACTED
g5103,U_g5103/ZN,58.52,98.0,False,24755,0.306712,0.5874577649999999,0.918145,1.224857,EXTRACTED
g5104,U_g5104/ZN,135.66,85.4,False,9134,0.059090199999999996,0.0794006,0.946814,1.0059042,EXTRACTED
g5105,output152/Z,145.73,114.8,False,0,0.1033468,0.020048370000000003,0,0.1033468,EXTRACTED
g5108,U_g5108/ZN,139.65,82.6,False,9502,0.01742614,0.0,0.946814,0.96424014,EXTRACTED
g511,U_g511/Q,21.66,57.4,True,16967,1.8916469300000003,2.058373611,6.956636,8.84828293,EXTRACTED
g5110,U_g5110/ZN,139.65,68.6,False,11995,0.0484056,0.04863481,0.946814,0.9952196000000001,EXTRACTED
g5115,U_g5115/ZN,78.47,81.2,False,2,0.0558792,0.05248529000000001,0.918145,0.9740242,EXTRACTED
g5117,U_g5117/ZN,102.98,56.0,False,22707,0.2461284,0.35238538999999997,2.67486,2.9209883999999997,EXTRACTED
g5118,U_g5118/ZN,55.86,25.2,False,16736,0.31301799999999996,0.10885402,0.879747,1.1927649999999999,EXTRACTED
g5119,U_g5119/ZN,20.33,64.4,False,25928,0.5008899,0.48794403000000003,0.918145,1.4190349,EXTRACTED
g5123,U_g5123/ZN,108.11,117.6,False,12828,0.0227786,0.0810824,0.946814,0.9695926,EXTRACTED
g5125,U_g5125/ZN,28.69,71.4,False,17312,0.39668400000000004,0.275145082,0.918145,1.314829,EXTRACTED
g5126,U_g5126/ZN,89.3,107.8,False,12328,0.827736,0.8608586994899998,1.119679,1.9474150000000001,EXTRACTED
g5128,U_g5128/ZN,59.66,88.2,False,0,14.980293340000001,13.645833897489995,27.28964,42.26993334,EXTRACTED
g5145,U_g5145/ZN,115.33,116.2,False,12283,0.17152119999999998,0.054585118,0.946814,1.1183352,EXTRACTED
g5147,U_g5147/ZN,23.56,71.4,False,19510,0.47705000000000003,0.31932280200000007,0.918145,1.395195,EXTRACTED
g5148,U_g5148/ZN,87.59,113.4,False,12864,0.0890104,0.084333904,1.119679,1.2086894000000001,EXTRACTED
g5150,U_g5150/ZN,60.42,127.4,False,15369,0.0968638,0.12414546,0.918145,1.0150088,EXTRACTED
g516,U_g516/Q,24.7,64.4,True,16955,3.0070571,2.505477899,6.95956,9.9666171,EXTRACTED
g5168,U_g5168/ZN,79.04,99.4,False,13167,0.225446,0.10361059,0.946814,1.17226,EXTRACTED
g5170,U_g5170/ZN,134.71,57.4,False,11212,0.700353,0.31293476,0.946814,1.647167,EXTRACTED
g5171,U_g5171/ZN,19.95,65.8,False,21259,0.5116663,0.5598561339999999,0.918145,1.4298113,EXTRACTED
g5172,U_g5172/ZN,92.53,61.6,False,4791,0.262364,0.61883703,0.946814,1.209178,EXTRACTED
g5173,U_g5173/ZN,94.43,105.0,False,12125,0.4711006,0.6642524129999998,1.119679,1.5907796,EXTRACTED
g5174,U_g5174/ZN,65.93,123.2,False,15356,0.319564,0.49789255,0.918145,1.237709,EXTRACTED
g5178,U_g5178/ZN,61.94,21.0,False,4748,0.41098799999999996,0.17181007,0.946814,1.357802,EXTRACTED
g5179,U_g5179/ZN,30.59,65.8,False,17489,1.427094,0.3334230619,0.918145,2.3452390000000003,EXTRACTED
g5180,U_g5180/ZN,86.64,61.6,False,4058,0.0966276,0.1126481,0.941939,1.0385666,EXTRACTED
g5181,U_g5181/ZN,80.75,63.0,False,5491,0.667312,0.617246825,0.946814,1.6141260000000002,EXTRACTED
g5182,U_g5182/ZN,65.55,124.6,False,15294,0.025979,0.006561849999999999,0.918145,0.944124,EXTRACTED
g5186,U_g5186/ZN,63.08,25.2,False,15674,0.5392194,0.50023768,0.941939,1.4811584,EXTRACTED
g5187,U_g5187/ZN,32.3,67.2,False,19904,0.282866,0.465406103,0.918145,1.201011,EXTRACTED
g5188,U_g5188/ZN,75.62,63.0,False,7380,1.3576369,1.8352920679999996,5.1146329999999995,6.4722699,EXTRACTED
g5189,U_g5189/ZN,88.73,114.8,False,15799,0.74460877,1.1291547,1.119679,1.8642877700000002,EXTRACTED
g5190,U_g5190/ZN,46.93,117.6,False,15383,0.24890600000000002,0.170891418,0.918145,1.167051,EXTRACTED
g5194,U_g5194/ZN,126.35,114.8,False,11061,0.49445399999999995,0.33981819999999996,1.119679,1.614133,EXTRACTED
g5196,U_g5196/ZN,28.31,74.2,False,17060,0.48159573999999994,0.69690229,0.918145,1.39974074,EXTRACTED
g5199,U_g5199/ZN,125.97,105.0,False,15939,0.0736136,0.067233088,0.946814,1.0204276,EXTRACTED
g52,U_g52/Q,27.93,131.6,True,16600,3.09507207,3.4012110570000003,3.729714,6.82478607,EXTRACTED
g5200,U_g5200/ZN,67.26,121.8,False,2547,1.475594,0.331825623,0.97463,2.450224,EXTRACTED
g5201,U_g5201/ZN,52.44,114.8,False,15321,0.21026399999999998,0.10724068,0.918145,1.128409,EXTRACTED
g5204,U_g5204/ZN,87.21,86.8,False,1,0.20538199999999998,0.21588181000000004,0.946814,1.152196,EXTRACTED
g5209,U_g5209/ZN,33.63,64.4,False,17351,0.3941,0.115783096,0.918145,1.3122449999999999,EXTRACTED
g521,U_g521/Q,34.77,49.0,True,16520,1.06972797,1.1098678039999998,5.976248,7.04597597,EXTRACTED
g5211,U_g5211/ZN,125.02,91.0,False,16060,0.48716840000000006,0.6157287000000001,0.946814,1.4339824,EXTRACTED
g5212,U_g5212/ZN,49.4,110.6,False,15254,0.4306556,0.8730328200000002,0.918145,1.3488006000000001,EXTRACTED
g5215,U_g5215/ZN,56.05,49.0,False,2,0.6981029999999999,0.51203535,0.918145,1.616248,EXTRACTED
g5217,U_g5217/ZN,43.51,67.2,False,17308,0.31302800000000003,0.5890051,0.918145,1.231173,EXTRACTED
g5219,U_g5219/ZN,66.12,5.6,False,16153,0.0724442,0.049229560000000006,0.918145,0.9905892,EXTRACTED
g5220,U_g5220/ZN,53.96,113.4,False,16068,0.378012,0.143329148,0.946814,1.324826,EXTRACTED
g5221,U_g5221/ZN,49.97,106.4,False,15249,0.0946548,0.17141621999999998,0.918145,1.0127998,EXTRACTED
g5222,U_g5222/ZN,107.16,71.4,False,22572,0.72503426,0.5593622939999999,3.89852,4.62355426,EXTRACTED
g5224,U_g5224/ZN,64.41,19.6,False,17695,0.878916,0.46776847999999993,0.918145,1.797061,EXTRACTED
g5225,U_g5225/ZN,28.5,58.8,False,19521,0.910175,0.49075021897,0.918145,1.82832,EXTRACTED
g5226,U_g5226/ZN,97.85,64.4,False,16740,0.6002495999999999,0.69711516,0.918145,1.5183946,EXTRACTED
g5227,U_g5227/ZN,97.09,124.6,False,31218,0.297936,0.50618195,0.946814,1.24475,EXTRACTED
g5228,U_g5228/ZN,83.6,91.0,False,15375,0.01742614,0.0,0.946814,0.96424014,EXTRACTED
g5229,U_g5229/ZN,90.25,56.0,False,16605,0.418182,0.496255483,1.119679,1.5378610000000001,EXTRACTED
g5230,U_g5230/ZN,45.22,102.2,False,15252,0.696124,0.33445048199999994,0.918145,1.614269,EXTRACTED
g5233,U_g5233/ZN,135.47,92.4,False,87,0.7208106000000001,0.294857987,4.172694,4.8935046,EXTRACTED
g5248,U_g5248/ZN,32.11,93.8,False,15066,0.623804,0.213636425,0.918145,1.541949,EXTRACTED
g5249,U_g5249/ZN,72.39,81.2,False,15360,0.01742614,0.0,0.946814,0.96424014,EXTRACTED
g525,U_g525/Q,41.99,51.8,True,16049,1.43357512,1.265889802,6.956636,8.39021112,EXTRACTED
g5250,U_g5250/ZN,66.31,120.4,False,15333,0.430758,0.272935386,0.918145,1.348903,EXTRACTED
g5254,U_g5254/ZN,80.18,102.2,False,2723,0.482692,0.980782751,0.946814,1.429506,EXTRACTED
g5255,U_g5255/ZN,42.56,99.4,False,15138,0.01742614,0.0,0.918145,0.93557114,EXTRACTED
g5256,U_g5256/ZN,81.89,135.8,False,11075,0.34633400000000003,0.45835609,0.941939,1.288273,EXTRACTED
g5257,U_g5257/ZN,34.77,95.2,False,15019,0.01742614,0.0,0.918145,0.93557114,EXTRACTED
g5258,U_g5258/ZN,29.64,95.2,False,16104,0.397766,0.3788493280000001,0.918145,1.315911,EXTRACTED
g5259,U_g5259/ZN,63.84,113.4,False,12940,0.310888,0.251438,0.941939,1.252827,EXTRACTED
g5260,U_g5260/ZN,53.58,96.6,False,15776,0.33158200000000004,0.38654853,0.946814,1.278396,EXTRACTED
g5261,U_g5261/ZN,100.51,56.0,False,22572,5.841283399999999,5.1754994750000005,11.44653,17.287813399999997,EXTRACTED
g5263,U_g5263/ZN,33.63,98.0,False,14441,0.0842556,0.08974345,0.918145,1.0024006,EXTRACTED
g5264,U_g5264/ZN,47.5,102.2,False,15844,0.359102,0.49825904000000004,0.946814,1.305916,EXTRACTED
g5266,U_g5266/ZN,40.28,103.6,False,14925,0.6163987000000001,0.6344434939999999,0.918145,1.5345437,EXTRACTED
g5268,U_g5268/ZN,75.81,79.8,False,15383,0.15971459999999998,0.055408980000000004,0.946814,1.1065286,EXTRACTED
g5269,U_g5269/ZN,95.95,120.4,False,24547,0.3159804,0.17689283,3.263231,3.5792114,EXTRACTED
g5271,U_g5271/ZN,34.77,96.6,False,14881,0.832961,0.26036564,0.918145,1.751106,EXTRACTED
g5273,U_g5273/ZN,55.1,107.8,False,14834,0.33786,0.276617524,0.946814,1.284674,EXTRACTED
g5274,U_g5274/ZN,104.12,109.2,False,18645,0.92492,0.452738035,0.918145,1.843065,EXTRACTED
g5276,U_g5276/ZN,33.44,102.2,False,15979,0.733309,0.5412009010000001,0.918145,1.651454,EXTRACTED
g5277,U_g5277/ZN,24.13,112.0,False,12721,0.5294074,0.5911829230000001,1.599032,2.1284394,EXTRACTED
g5278,U_g5278/ZN,99.18,109.2,False,18071,0.37211,0.100379703,0.918145,1.290255,EXTRACTED
g5279,U_g5279/ZN,139.46,72.8,False,9536,0.044615,0.07453738000000001,0.946814,0.991429,EXTRACTED
g5280,U_g5280/ZN,63.08,28.0,False,5714,0.31936200000000003,0.43561881999999996,0.941939,1.261301,EXTRACTED
g5286,U_g5286/ZN,98.23,113.4,False,17969,0.5308381,0.65740289,0.918145,1.4489831,EXTRACTED
g5287,U_g5287/ZN,131.29,63.0,False,4751,0.7010856999999999,0.516494314,1.70023,2.4013156999999996,EXTRACTED
g5295,U_g5295/ZN,96.52,109.2,False,17952,0.4128716,1.1417505609999998,0.918145,1.3310165999999999,EXTRACTED
g530,U_g530/Q,28.88,46.2,True,16503,1.5477021,1.06264013,3.6788499999999997,5.226552099999999,EXTRACTED
g5300,U_g5300/ZN,85.12,110.6,False,17197,0.5421659999999999,0.26368613999999996,0.918145,1.460311,EXTRACTED
g5304,U_g5304/ZN,88.16,109.2,False,17343,0.30713,0.263505192,0.918145,1.225275,EXTRACTED
g5308,U_g5308/ZN,100.13,103.6,False,17532,0.4125416,0.9463617000000001,0.918145,1.3306866,EXTRACTED
g5309,U_g5309/ZN,58.33,23.8,False,17448,1.1223762,0.5575604229999999,2.642169,3.7645451999999997,EXTRACTED
g5317,U_g5317/ZN,93.86,112.0,False,17022,0.1014986,0.17775657000000003,0.918145,1.0196436,EXTRACTED
g5318,U_g5318/ZN,41.23,28.0,False,4731,0.390154,0.51605051,0.97463,1.364784,EXTRACTED
g5319,U_g5319/ZN,94.62,119.0,False,17273,0.6775399,0.37359820000000005,0.918145,1.5956849,EXTRACTED
g534,U_g534/Q,28.5,60.2,True,16058,2.077383,1.2926701874900002,3.669273,5.746656,EXTRACTED
g5345,U_g5345/ZN,77.9,70.0,False,14810,3.1369448,3.3050407359999996,3.315544,6.4524888,EXTRACTED
g5349,U_g5349/ZN,87.97,86.8,False,1,0.1247168,0.18123368,0.946814,1.0715308000000001,EXTRACTED
g5350,U_g5350/ZN,94.62,50.4,False,14109,2.1759015,3.0161274449999986,3.37867,5.5545715,EXTRACTED
g5354,U_g5354/ZN,61.56,85.4,False,0,11.001338489999998,11.30527667500001,26.31501,37.316348489999996,EXTRACTED
g5360,U_g5360/ZN,116.66,51.8,False,15312,0.5619236999999999,0.6143406499999999,1.664199,2.2261227,EXTRACTED
g5361,U_g5361/ZN,60.61,39.2,False,23694,0.72783369,0.3740027090000001,2.67486,3.4026936899999995,EXTRACTED
g538,U_g538/Q,33.82,60.2,True,16072,0.9044705,0.9092967009999999,3.696329,4.6007995,EXTRACTED
g5390,U_g5390/ZN,87.59,112.0,False,12262,0.0473728,0.10599513,1.119679,1.1670518,EXTRACTED
g5392,U_g5392/ZN,126.16,56.0,False,2070,0.9202061,0.275321526,2.783878,3.7040841,EXTRACTED
g5396,U_g5396/ZN,120.65,86.8,False,15845,0.416356,0.31258848,1.119679,1.536035,EXTRACTED
g5398,U_g5398/ZN,10.83,92.4,False,4298,1.6105459199999999,1.16272849,1.83629,3.44683592,EXTRACTED
g5403,U_g5403/ZN,96.33,135.8,False,15130,0.0293458,0.1078663,1.119679,1.1490248,EXTRACTED
g5404,U_g5404/ZN,59.47,61.6,False,18070,0.075127,0.10367677,1.119679,1.194806,EXTRACTED
g5405,U_g5405/ZN,26.22,113.4,False,20531,0.01742614,0.0,1.70023,1.7176561399999999,EXTRACTED
g5418,U_g5418/ZN,79.23,95.2,False,2676,0.11262,0.011929204,0.946814,1.059434,EXTRACTED
g542,U_g542/Q,30.78,61.6,True,16036,1.24589315,1.050497103,3.693405,4.93929815,EXTRACTED
g5420,U_g5420/ZN,56.62,119.0,False,15343,1.3561386,1.5436870274900005,3.89852,5.2546586,EXTRACTED
g5421,U_g5421/ZN,59.47,43.4,False,14022,0.16395099999999999,0.071687731,1.119679,1.28363,EXTRACTED
g5444,U_g5444/ZN,108.3,124.6,False,12365,0.9290582,1.33563571,0.946814,1.8758721999999999,EXTRACTED
g5445,U_g5445/ZN,87.59,43.4,False,23508,0.6239509999999999,0.38913601999999997,1.119679,1.74363,EXTRACTED
g546,U_g546/Q,30.78,77.0,True,16829,3.5653523,1.721882123,2.755084,6.3204363,EXTRACTED
g5470,U_g5470/ZN,108.68,127.4,False,12384,0.685094,0.8291833300000001,0.946814,1.6319080000000001,EXTRACTED
g5473,U_g5473/ZN,71.06,79.8,False,2824,0.147804,0.10209145,0.946814,1.094618,EXTRACTED
g5476,U_g5476/ZN,112.29,112.0,False,12158,0.0375872,0.01036612,0.946814,0.9844012000000001,EXTRACTED
g5477,U_g5477/ZN,48.07,35.0,False,13753,0.01630032,0.00176665,0.918145,0.93444532,EXTRACTED
g5478,U_g5478/ZN,46.55,30.8,False,14653,0.7477990000000001,0.3576702399999999,0.918145,1.665944,EXTRACTED
g5479,U_g5479/ZN,69.35,33.6,False,13102,0.1331546,0.05066598,0.941939,1.0750936,EXTRACTED
g5480,U_g5480/ZN,73.53,84.0,False,2736,0.597334,0.27972974,0.946814,1.544148,EXTRACTED
g5483,U_g5483/ZN,93.48,123.2,False,12756,0.6255029999999999,1.0721362700000001,0.946814,1.572317,EXTRACTED
g5484,U_g5484/ZN,43.13,35.0,False,14785,0.0406584,0.017029350000000002,0.918145,0.9588034,EXTRACTED
g5485,U_g5485/ZN,45.79,39.2,False,14476,0.1148288,0.012830155000000001,0.918145,1.0329738,EXTRACTED
g5489,U_g5489/ZN,64.6,92.4,False,2627,0.6243463,0.43360075,0.946814,1.5711603,EXTRACTED
g549,U_g549/Q,108.49,114.8,True,16761,3.3557086,2.182868008000001,2.755084,6.1107926,EXTRACTED
g5491,U_g5491/ZN,121.6,102.2,False,12693,0.1268578,0.15339807,0.946814,1.0736718,EXTRACTED
g5492,U_g5492/ZN,114.57,116.2,False,15787,0.540236,0.10823956,0.946814,1.48705,EXTRACTED
g5493,U_g5493/ZN,46.55,36.4,False,15327,0.30377,0.435654743,0.918145,1.221915,EXTRACTED
g5497,U_g5497/ZN,90.44,89.6,False,2633,0.4559,0.37272883999999995,0.946814,1.402714,EXTRACTED
g5499,U_g5499/ZN,86.45,107.8,False,12552,0.0339326,0.05132470000000001,0.946814,0.9807466,EXTRACTED
g55,U_g55/Q,34.96,124.6,True,16831,1.4710724,0.7301399719999998,3.729714,5.2007864,EXTRACTED
g5500,U_g5500/ZN,72.39,93.8,False,15362,0.33414000000000005,0.785124569,0.946814,1.2809540000000001,EXTRACTED
g5501,U_g5501/ZN,114.95,82.6,False,11681,0.01742614,0.0,0.946814,0.96424014,EXTRACTED
g5502,U_g5502/ZN,48.45,39.2,False,15041,0.0393898,0.037276500000000004,0.918145,0.9575348,EXTRACTED
g5503,U_g5503/ZN,67.45,36.4,False,11132,0.9112659999999999,1.039635859,1.94926,2.860526,EXTRACTED
g5507,U_g5507/ZN,77.14,74.2,False,2685,0.315542,0.67359429,0.946814,1.262356,EXTRACTED
g5509,U_g5509/ZN,68.02,106.4,False,15663,0.267696,0.2169257,0.946814,1.21451,EXTRACTED
g5510,U_g5510/ZN,81.7,109.2,False,13084,0.746027,0.7853351294900002,0.946814,1.692841,EXTRACTED
g5512,U_g5512/ZN,82.84,68.6,False,15335,0.130924,0.18323108000000002,0.946814,1.077738,EXTRACTED
g5513,U_g5513/ZN,58.9,88.2,False,12719,0.07456560000000001,0.09986119,0.946814,1.0213796,EXTRACTED
g5514,U_g5514/ZN,45.03,30.8,False,15516,0.1172844,0.1063334,0.918145,1.0354294,EXTRACTED
g5518,U_g5518/ZN,82.65,103.6,False,2692,0.01654948,0.0010458400000000001,0.946814,0.96336348,EXTRACTED
g5519,U_g5519/ZN,46.17,57.4,False,883,0.4890713,0.69686182,0.97463,1.4637012999999999,EXTRACTED
g552,U_g552/Q,110.96,81.2,True,16789,0.8238698,0.41246998,1.836939,2.6608088,EXTRACTED
g5521,U_g5521/ZN,42.75,117.6,False,11303,0.1541492,0.20528902999999998,1.94926,2.1034091999999998,EXTRACTED
g5522,U_g5522/ZN,133.0,99.4,False,12214,0.40185,0.03730725,0.946814,1.348664,EXTRACTED
g5523,U_g5523/ZN,106.59,95.2,False,14962,0.077803,0.11027952999999999,0.946814,1.024617,EXTRACTED
g5524,U_g5524/ZN,124.07,74.2,False,11759,0.01710698,0.00031916400000000004,0.946814,0.96392098,EXTRACTED
g5525,U_g5525/ZN,117.04,60.2,False,15898,0.40667200000000003,0.6213952350000002,0.946814,1.3534860000000002,EXTRACTED
g5526,U_g5526/ZN,42.94,25.2,False,15047,0.367802,0.579565361,0.918145,1.285947,EXTRACTED
g5527,U_g5527/ZN,53.2,25.2,False,12327,0.0823694,0.04570932,1.599032,1.6814014,EXTRACTED
g5528,U_g5528/ZN,85.12,74.2,False,2740,1.225613,0.8968408330000001,0.946814,2.172427,EXTRACTED
g5529,U_g5529/ZN,58.71,12.6,False,15504,0.49081600000000003,0.592530215,1.119679,1.6104950000000002,EXTRACTED
g553,U_g553/Q,101.46,81.2,True,16196,0.345136,0.8311780599999999,1.836939,2.182075,EXTRACTED
g5530,U_g5530/ZN,97.66,124.6,False,12577,0.6273415,0.680678075,0.946814,1.5741555,EXTRACTED
g5531,U_g5531/ZN,116.47,100.8,False,16036,0.457668,0.49826136,0.946814,1.404482,EXTRACTED
g5532,U_g5532/ZN,107.54,79.8,False,13028,0.0842828,0.02183856,0.946814,1.0310968,EXTRACTED
g5533,U_g5533/ZN,110.2,58.8,False,15853,0.09918099999999999,0.08844778,0.946814,1.045995,EXTRACTED
g5535,U_g5535/ZN,83.98,102.2,False,2679,0.1489572,0.19131738000000004,0.946814,1.0957712000000002,EXTRACTED
g5536,U_g5536/ZN,64.79,16.8,False,14783,0.11312820000000001,0.22922410000000001,1.119679,1.2328072,EXTRACTED
g5537,U_g5537/ZN,70.3,63.0,False,1606,0.16448839999999998,0.16655124,0.946814,1.1113024,EXTRACTED
g5538,U_g5538/ZN,112.67,103.6,False,15865,0.240234,0.19188680000000002,0.946814,1.187048,EXTRACTED
g5539,U_g5539/ZN,115.14,86.8,False,12204,0.01854516,0.0,0.946814,0.96535916,EXTRACTED
g554,U_g554/Q,22.61,96.6,True,16606,3.9359293300000004,2.5860832560000007,2.755084,6.6910133300000005,EXTRACTED
g5540,U_g5540/ZN,113.81,57.4,False,14024,0.1422744,0.21005987299999998,0.946814,1.0890884,EXTRACTED
g5541,U_g5541/ZN,69.92,72.8,False,2707,0.01742614,0.0,0.946814,0.96424014,EXTRACTED
g5543,U_g5543/ZN,90.63,60.2,False,1223,0.6585301000000001,0.3154653,1.119679,1.7782091000000002,EXTRACTED
g5544,U_g5544/ZN,126.54,100.8,False,12099,0.6609712999999999,0.35155281,0.946814,1.6077853,EXTRACTED
g5545,U_g5545/ZN,119.32,60.2,False,14095,0.39958000000000005,0.31528592,0.946814,1.346394,EXTRACTED
g5547,U_g5547/ZN,118.37,60.2,False,14128,0.1067608,0.05809326,0.946814,1.0535748,EXTRACTED
g5548,U_g5548/ZN,46.17,22.4,False,5095,0.8465940000000001,0.7753494240000001,4.963461,5.810055,EXTRACTED
g5552,U_g5552/ZN,47.5,23.8,False,581,0.8309906,0.52398911,3.198064,4.0290546,EXTRACTED
g5555,U_g5555/ZN,30.78,123.2,False,16163,1.1877654999999998,0.907891472,3.263231,4.4509965000000005,EXTRACTED
g5556,U_g5556/ZN,129.77,75.6,False,7,0.23487,0.09854046999999999,1.119679,1.354549,EXTRACTED
g5557,U_g5557/ZN,26.98,119.0,False,18581,3.7303523000000007,1.9331989369999996,13.87236,17.6027123,EXTRACTED
g5569,U_g5569/ZN,26.98,22.4,False,14450,0.16681220000000002,0.298817125,1.83629,2.0031022,EXTRACTED
g557,U_g557/Q,93.67,86.8,True,16264,2.1483634,3.5512184139999996,2.755084,4.9034474,EXTRACTED
g5573,U_g5573/ZN,40.47,110.6,False,16735,0.29735999999999996,0.31475465,1.664199,1.9615589999999998,EXTRACTED
g5575,U_g5575/ZN,107.73,114.8,False,2696,0.1260428,0.08954968999999999,0.946814,1.0728568,EXTRACTED
g5576,U_g5576/ZN,44.08,25.2,False,18998,0.0778184,0.1185841,1.70023,1.7780483999999999,EXTRACTED
g5587,U_g5587/ZN,68.21,134.4,False,18553,0.4628542,0.5414359200000001,0.918145,1.3809992,EXTRACTED
g5588,U_g5588/ZN,110.01,113.4,False,2722,0.449344,0.19883208,0.946814,1.396158,EXTRACTED
g5590,U_g5590/ZN,73.15,134.4,False,18368,0.213852,0.63088639,0.918145,1.131997,EXTRACTED
g5591,U_g5591/ZN,112.48,84.0,False,2710,0.784448,0.588910108,0.946814,1.731262,EXTRACTED
g5592,U_g5592/ZN,136.04,91.0,False,16869,0.0606168,0.044502400000000004,0.918145,0.9787618,EXTRACTED
g5595,U_g5595/ZN,100.32,116.2,False,2695,1.595946,1.3863047750000002,0.946814,2.5427600000000004,EXTRACTED
g5598,U_g5598/ZN,64.41,7.0,False,746,1.1366618000000002,0.39219596100000004,4.172694,5.3093558000000005,EXTRACTED
g560,U_g560/Q,96.14,82.6,True,16273,1.0231356,0.521624547,2.755084,3.7782196,EXTRACTED
g5601,U_g5601/ZN,123.88,109.2,False,12638,0.202592,0.17917308,0.946814,1.149406,EXTRACTED
g5602,U_g5602/ZN,116.66,102.2,False,2591,0.07652039999999999,0.12261764,0.946814,1.0233344,EXTRACTED
g5605,U_g5605/ZN,19.19,103.6,False,628,0.28284980000000004,0.5596417600000001,1.83629,2.1191398,EXTRACTED
g5608,U_g5608/ZN,91.77,61.6,False,200,0.9409923,0.920067047,4.172694,5.1136862999999995,EXTRACTED
g5611,U_g5611/ZN,122.93,113.4,False,12542,0.45470200000000005,0.5922584000000001,0.946814,1.401516,EXTRACTED
g5612,U_g5612/ZN,82.84,99.4,False,2702,0.28943,0.4358490199999999,0.946814,1.2362440000000001,EXTRACTED
g5613,U_g5613/ZN,107.16,79.8,False,6487,2.3884328000000004,2.2584631449999995,3.89852,6.2869528,EXTRACTED
g5617,U_g5617/ZN,85.5,134.4,False,12535,1.083739,1.285454268,0.946814,2.0305530000000003,EXTRACTED
g5618,U_g5618/ZN,90.06,98.0,False,2677,0.7627631,0.44027739000000005,0.946814,1.7095771000000002,EXTRACTED
g5625,U_g5625/ZN,105.07,121.8,False,12474,1.03098,0.35361302,0.946814,1.977794,EXTRACTED
g5626,U_g5626/ZN,112.1,91.0,False,2737,0.36098800000000003,0.16274704599999998,0.946814,1.3078020000000001,EXTRACTED
g5627,U_g5627/ZN,100.51,114.8,False,6487,2.7076637000000003,2.482944151,1.94926,4.6569237,EXTRACTED
g563,U_g563/Q,73.91,60.2,True,16608,1.5219212,0.9453534699999998,2.755084,4.2770052,EXTRACTED
g5631,U_g5631/ZN,76.0,106.4,False,12569,0.470868,0.46397723599999996,0.946814,1.417682,EXTRACTED
g5632,U_g5632/ZN,92.34,86.8,False,2693,0.5550480000000001,0.153609513,0.946814,1.501862,EXTRACTED
g5640,U_g5640/ZN,84.17,109.2,False,11670,0.518758,0.1494887,0.946814,1.465572,EXTRACTED
g5658,output153/Z,83.79,5.6,False,0,0.5954079999999999,0.29190332999999996,0,0.5954079999999999,EXTRACTED
g5659,output154/Z,75.62,1.4,False,0,0.14398,0.020140947,0,0.14398,EXTRACTED
g566,U_g566/Q,92.53,102.2,True,16730,1.2772261,0.88042354,2.755084,4.0323101,EXTRACTED
g5674,U_g5674/ZN,63.84,46.2,False,11241,0.4981263,0.38456083500000005,0.941939,1.4400653,EXTRACTED
g5675,U_g5675/ZN,66.5,40.6,False,11195,0.0461074,0.16900116,0.941939,0.9880464,EXTRACTED
g5680,U_g5680/ZN,72.39,39.2,False,10536,1.6263974,1.646425394,0.941939,2.5683364,EXTRACTED
g5681,U_g5681/ZN,81.32,53.2,False,10368,0.0614056,0.009605145,0.941939,1.0033446,EXTRACTED
g5686,U_g5686/ZN,76.76,61.6,False,11293,0.486694,0.17913408,0.941939,1.428633,EXTRACTED
g5687,U_g5687/ZN,95.38,64.4,False,11425,0.430198,0.08105342100000001,0.941939,1.372137,EXTRACTED
g569,U_g569/Q,106.21,78.4,True,16772,2.16480377,1.4430691199999999,2.755084,4.91988777,EXTRACTED
g5690,U_g5690/ZN,96.52,99.4,False,12164,0.225218,0.40265268000000004,0.946814,1.172032,EXTRACTED
g5694,U_g5694/ZN,72.2,65.8,False,10067,1.065558,1.28066434,0.941939,2.007497,EXTRACTED
g5695,U_g5695/ZN,65.36,64.4,False,11371,0.152304,0.0797688,0.941939,1.094243,EXTRACTED
g5698,U_g5698/ZN,90.82,91.0,False,10767,0.01742614,0.0,0.946814,0.96424014,EXTRACTED
g5699,U_g5699/ZN,104.31,57.4,False,10903,0.0464232,0.099859,0.946814,0.9932372,EXTRACTED
g5703,U_g5703/ZN,106.78,63.0,False,11195,0.9397830999999999,0.5482669680000001,0.941939,1.8817220999999997,EXTRACTED
g5704,U_g5704/ZN,71.44,39.2,False,8628,0.1992252,0.30492893,0.941939,1.1411642,EXTRACTED
g5706,U_g5706/ZN,85.69,91.0,False,11068,0.5858099999999999,0.71905412,0.946814,1.532624,EXTRACTED
g5707,U_g5707/ZN,103.55,100.8,False,10826,0.501402,0.24314539,0.946814,1.448216,EXTRACTED
g572,U_g572/Q,86.26,96.6,True,16634,0.9257609,1.12620997,2.755084,3.6808449000000003,EXTRACTED
g5720,U_g5720/ZN,77.52,37.8,False,10561,0.158164,0.09969933,0.941939,1.100103,EXTRACTED
g5721,U_g5721/ZN,102.03,54.6,False,10937,0.5957523,0.6409829699999999,0.946814,1.5425663,EXTRACTED
g5722,U_g5722/ZN,97.09,37.8,False,10962,0.5241983,0.7088598650000001,0.946814,1.4710123,EXTRACTED
g5725,U_g5725/ZN,88.35,53.2,False,11030,0.09274260000000001,0.10594012,0.946814,1.0395566,EXTRACTED
g5726,U_g5726/ZN,102.79,77.0,False,11725,0.01624068,0.0011854699999999999,0.946814,0.96305468,EXTRACTED
g5731,U_g5731/ZN,88.73,40.6,False,11316,0.01742614,0.0,0.946814,0.96424014,EXTRACTED
g5732,U_g5732/ZN,81.51,82.6,False,10837,0.6679923,0.30797505597,0.946814,1.6148063000000001,EXTRACTED
g5737,U_g5737/ZN,103.36,57.4,False,10817,0.47005199999999997,0.29349551000000007,0.946814,1.416866,EXTRACTED
g5738,U_g5738/ZN,105.83,105.0,False,11993,0.040095,0.01986458,0.946814,0.986909,EXTRACTED
g5739,U_g5739/ZN,86.07,81.2,False,11078,0.01742614,0.0,0.946814,0.96424014,EXTRACTED
g5744,U_g5744/ZN,121.41,92.4,False,10863,0.160267,0.246521149,0.946814,1.107081,EXTRACTED
g5745,U_g5745/ZN,101.08,79.8,False,11689,0.01742614,0.0,0.946814,0.96424014,EXTRACTED
g5746,U_g5746/ZN,98.23,110.6,False,10859,0.5695302,0.38426267000000003,0.946814,1.5163442,EXTRACTED
g575,U_g575/Q,57.38,53.2,True,16554,1.9606134999999998,1.7024505170000004,2.755084,4.7156975,EXTRACTED
g5755,U_g5755/ZN,61.18,102.2,False,22367,0.08078460000000001,0.08382378,1.119679,1.2004636000000002,EXTRACTED
g5756,U_g5756/ZN,114.57,96.6,False,11936,0.328804,0.18314101096999996,0.946814,1.2756180000000001,EXTRACTED
g5757,U_g5757/ZN,108.87,70.0,False,11648,0.1062928,0.08584126,0.946814,1.0531068000000001,EXTRACTED
g5762,U_g5762/ZN,65.55,16.8,False,17536,1.39112,0.551278485,0.918145,2.309265,EXTRACTED
g5763,U_g5763/ZN,88.16,50.4,False,26905,1.462722,3.0434737899999997,2.094309,3.5570310000000003,EXTRACTED
g5769,U_g5769/ZN,40.09,116.2,False,1402,0.167663,0.26308345,0.946814,1.114477,EXTRACTED
g5770,U_g5770/ZN,110.58,131.6,False,17861,0.440972,0.48387171,1.119679,1.560651,EXTRACTED
g5771,U_g5771/ZN,101.08,89.6,False,12069,0.6766620000000001,0.29396528000000005,0.946814,1.6234760000000001,EXTRACTED
g5772,U_g5772/ZN,102.98,98.0,False,10792,0.0428952,0.0,0.946814,0.9897092000000001,EXTRACTED
g578,U_g578/Q,121.41,107.8,True,16812,12.02290715,0.43857684,2.619024,14.64193115,EXTRACTED
g5780,U_g5780/ZN,38.19,117.6,False,16272,0.1101676,0.025858730000000003,0.941939,1.0521066,EXTRACTED
g5781,U_g5781/ZN,104.88,71.4,False,11722,0.22625,0.233850115,0.946814,1.173064,EXTRACTED
g5782,U_g5782/ZN,107.16,68.6,False,10842,0.01742614,0.0,0.946814,0.96424014,EXTRACTED
g5788,U_g5788/ZN,113.81,70.0,False,11439,0.211204,0.067948215,0.946814,1.158018,EXTRACTED
g5789,U_g5789/ZN,102.98,67.2,False,11922,0.0132445,0.006561849999999999,0.946814,0.9600585,EXTRACTED
g579,U_g579/Q,125.21,102.2,True,16222,1.61308,0.7075826900000001,2.619024,4.232104,EXTRACTED
g5795,U_g5795/ZN,109.44,72.8,False,10797,0.044564200000000005,0.0455751,0.946814,0.9913782000000001,EXTRACTED
g5796,U_g5796/ZN,126.73,89.6,False,12195,0.834196,0.59847344,0.946814,1.7810100000000002,EXTRACTED
g58,U_g58/Q,39.71,127.4,True,16825,1.6779011899999998,2.2942578199999994,3.729714,5.40761519,EXTRACTED
g580,U_g580/Q,36.86,85.4,True,16844,4.6347712,1.88830846,2.619024,7.253795200000001,EXTRACTED
g5802,U_g5802/ZN,124.26,105.0,False,17797,1.2658664,1.1714021700000001,0.918145,2.1840114,EXTRACTED
g5803,U_g5803/ZN,108.3,112.0,False,16607,1.0251168,0.9209708700000002,4.116209,5.1413258,EXTRACTED
g5804,U_g5804/ZN,94.81,58.8,False,13757,0.7582755,0.44038939099999996,0.946814,1.7050895000000001,EXTRACTED
g5808,U_g5808/ZN,123.69,126.0,False,0,0.59571067,0.453705222,3.89852,4.49423067,EXTRACTED
g5809,U_g5809/ZN,129.01,109.2,False,17964,2.7968219999999997,2.10437552949,0.918145,3.7149669999999997,EXTRACTED
g581,U_g581/Q,25.46,78.4,True,16867,0.5757641,0.8420032299999999,2.619024,3.1947881000000002,EXTRACTED
g5810,U_g5810/ZN,113.81,109.2,False,16650,2.4681024799999998,2.0032011059999997,4.116209,6.584311479999999,EXTRACTED
g5813,U_g5813/ZN,73.91,127.4,False,17419,0.00762048,0.021911310000000003,0.918145,0.92576548,EXTRACTED
g5814,U_g5814/ZN,104.69,89.6,False,16674,0.6327721,0.709937262,4.116209,4.7489811,EXTRACTED
g5816,output155/Z,100.89,144.2,True,16703,0.167081,0.06556764,0,0.167081,EXTRACTED
g5819,U_g5819/ZN,99.56,130.2,False,16539,0.5837789999999999,0.293826954,0.918145,1.5019239999999998,EXTRACTED
g582,U_g582/Q,15.96,81.2,True,16915,0.66899807,0.29906823000000005,2.619024,3.2880220700000002,EXTRACTED
g5820,U_g5820/ZN,99.37,93.8,False,16616,0.63703807,0.8336747729999999,4.116209,4.75324707,EXTRACTED
g5823,U_g5823/ZN,83.98,107.8,False,16517,0.255778,0.7663206,0.918145,1.173923,EXTRACTED
g5824,U_g5824/ZN,115.9,102.2,False,16616,1.10516192,0.862829239,4.116209,5.22137092,EXTRACTED
g5825,U_g5825/ZN,44.65,22.4,False,3328,0.391086,0.11577409,0.946814,1.3379,EXTRACTED
g583,U_g583/Q,134.52,64.4,True,16281,0.4490714,0.537197798,2.619024,3.0680954,EXTRACTED
g5836,U_g5836/ZN,72.39,138.6,False,0,1.4757023999999999,0.35665595400000005,1.94926,3.4249624,EXTRACTED
g5837,U_g5837/ZN,85.69,102.2,False,16490,0.970074,0.6642558519999999,0.918145,1.8882189999999999,EXTRACTED
g5838,U_g5838/ZN,84.74,103.6,False,16640,3.5707230999999995,2.5253871030000004,4.116209,7.686932099999999,EXTRACTED
g584,U_g584/Q,121.6,110.6,True,16742,0.8930379399999999,0.120451046,2.619024,3.5120619399999997,EXTRACTED
g5841,U_g5841/ZN,73.15,113.4,False,16576,0.0572092,0.16005639,0.918145,0.9753542,EXTRACTED
g5842,U_g5842/ZN,91.58,86.8,False,16141,1.5260333,1.2462537519999997,4.116209,5.6422422999999995,EXTRACTED
g5846,U_g5846/ZN,74.1,89.6,False,16596,1.5356610000000002,0.8115447299999998,0.918145,2.453806,EXTRACTED
g5847,U_g5847/ZN,113.62,95.2,False,16715,0.36587476999999996,0.214466852,4.116209,4.482083769999999,EXTRACTED
g5848,U_g5848/ZN,51.68,53.2,False,393,0.1796586,0.07764059999999999,0.946814,1.1264726,EXTRACTED
g5849,U_g5849/ZN,79.42,70.0,False,1560,0.479424,0.43231559,1.119679,1.5991030000000002,EXTRACTED
g585,U_g585/Q,130.91,103.6,True,16841,0.7177359999999999,0.098659672,2.619024,3.33676,EXTRACTED
g5851,U_g5851/ZN,72.77,102.2,False,16357,0.0642984,0.1465683,0.918145,0.9824434,EXTRACTED
g5852,U_g5852/ZN,92.72,79.8,False,16701,0.8624725999999999,0.6319492520000001,4.116209,4.9786816,EXTRACTED
g5853,U_g5853/ZN,31.73,30.8,False,155,0.6812188,0.38244305399999995,1.83629,2.5175088,EXTRACTED
g5857,U_g5857/ZN,80.75,95.2,False,16552,1.8540888000000002,1.575866415,4.116209,5.9702978,EXTRACTED
g5859,U_g5859/ZN,93.48,37.8,False,14043,1.510527,2.0265739210000002,3.37867,4.889197,EXTRACTED
g586,U_g586/Q,29.07,81.2,True,16837,1.207049,1.4201787500000003,2.619024,3.826073,EXTRACTED
g5863,U_g5863/ZN,39.33,44.8,False,4362,6.3805081999999995,1.0826920899999999,3.198064,9.5785722,EXTRACTED
g5867,U_g5867/ZN,48.26,131.6,False,13457,2.5339966499999997,1.312707729,3.5841079999999996,6.118104649999999,EXTRACTED
g587,U_g587/Q,31.54,123.2,True,16802,1.4041899999999998,1.869106807,2.619024,4.023213999999999,EXTRACTED
g5877,U_g5877/ZN,34.01,106.4,False,2046,0.7288121,0.34524862200000006,0.97463,1.7034421,EXTRACTED
g5878,U_g5878/ZN,72.77,23.8,False,17448,0.27737376999999996,0.19118152500000005,2.92389,3.20126377,EXTRACTED
g588,U_g588/Q,16.15,32.2,True,16992,1.2779821,0.30707347999999995,2.619024,3.8970061,EXTRACTED
g5882,U_g5882/ZN,136.99,91.0,False,9000,0.06439840000000001,0.04330506,0.941939,1.0063374,EXTRACTED
g589,U_g589/Q,138.89,63.0,True,16297,0.43210237,0.9057628440000001,2.619024,3.05112637,EXTRACTED
g5897,U_g5897/ZN,81.32,79.8,False,15215,0.039150000000000004,0.08894093,0.97463,1.01378,EXTRACTED
g590,U_g590/Q,86.45,32.2,True,16891,1.523582,1.1258283580000001,2.619024,4.142606,EXTRACTED
g5902,U_g5902/ZN,46.74,126.0,False,388,0.0614998,0.054858488,0.941939,1.0034388,EXTRACTED
g591,U_g591/Q,35.34,126.0,True,16833,2.9763026,2.511131570000001,13.304458,16.2807606,EXTRACTED
g5910,U_g5910/ZN,84.55,81.2,False,18224,3.65648229,1.1352556299999996,1.119679,4.77616129,EXTRACTED
g5911,U_g5911/ZN,49.4,131.6,False,332,0.0779134,0.0267871,0.941939,1.0198524,EXTRACTED
g5913,U_g5913/ZN,117.99,128.8,False,5432,0.383534,0.09170612,0.941939,1.325473,EXTRACTED
g5914,U_g5914/ZN,60.61,106.4,False,15999,1.2890289099999999,0.6463873099999999,1.119679,2.40870791,EXTRACTED
g5915,U_g5915/ZN,54.53,127.4,False,305,0.1198366,0.023967028,0.941939,1.0617756,EXTRACTED
g5917,U_g5917/ZN,117.42,126.0,False,5432,0.38577,0.26032625,0.941939,1.327709,EXTRACTED
g5918,U_g5918/ZN,59.66,49.0,False,24046,1.821199,0.7574777300000001,1.119679,2.940878,EXTRACTED
g5919,U_g5919/ZN,66.31,50.4,False,0,5.12691331,4.767700626000002,13.64482,18.77173331,EXTRACTED
g5934,U_g5934/ZN,64.6,44.8,False,1,0.13995819999999998,0.36185007,0.946814,1.0867722,EXTRACTED
g5935,U_g5935/ZN,57.19,7.0,False,16213,0.279742,0.28219418,0.918145,1.197887,EXTRACTED
g5938,U_g5938/ZN,121.98,43.4,False,0,1.9028100499999998,2.6803202860000006,3.315544,5.21835405,EXTRACTED
g5942,U_g5942/ZN,95.57,58.8,False,16525,0.1615686,0.13382896199999997,0.918145,1.0797136,EXTRACTED
g5944,U_g5944/ZN,136.8,84.0,False,62,1.0724025,0.465576023,4.172694,5.2450965,EXTRACTED
g5981,U_g5981/ZN,137.75,82.6,False,23004,0.0641226,0.013828159999999999,0.918145,0.9822676,EXTRACTED
g5983,U_g5983/ZN,138.51,67.2,False,16269,0.01742614,0.0,0.918145,0.93557114,EXTRACTED
g599,U_g599/Q,30.02,91.0,True,16814,2.4049479399999996,2.059440202,10.809685,13.21463294,EXTRACTED
g5993,U_g5993/ZN,136.99,70.0,False,16959,0.33087999999999995,0.34307859,0.918145,1.249025,EXTRACTED
g5995,U_g5995/ZN,135.28,88.2,False,16714,0.290238,0.25727353399999997,0.918145,1.208383,EXTRACTED
g5996,U_g5996/ZN,71.63,82.6,False,16735,2.26253607,2.0838466309999997,4.317743,6.58027907,EXTRACTED
g5999,U_g5999/ZN,116.28,39.2,False,0,1.218081,0.389470573,1.664199,2.8822799999999997,EXTRACTED
g6000,U_g6000/ZN,79.8,79.8,False,16664,1.2992327000000001,1.734681144,4.317743,5.6169757,EXTRACTED
g6002,U_g6002/ZN,71.06,88.2,False,16591,1.948646,1.5801647070000002,4.317743,6.266389,EXTRACTED
g6003,U_g6003/ZN,50.92,32.2,False,5556,2.75142994,3.4096843639999994,11.413839,14.165268939999999,EXTRACTED
g6015,U_g6015/ZN,93.48,95.2,False,16554,4.8402578,4.366409095999999,4.317743,9.1580008,EXTRACTED
g6019,U_g6019/ZN,35.15,109.2,False,1772,0.37780729999999996,0.168714187,4.963461,5.341268299999999,EXTRACTED
g6023,U_g6023/ZN,85.5,47.6,False,15338,1.87022065,2.66089983,3.315544,5.18576465,EXTRACTED
g6026,U_g6026/ZN,83.79,75.6,False,16710,0.6068134700000001,0.61796854,4.317743,4.924556470000001,EXTRACTED
g6027,U_g6027/ZN,34.01,117.6,False,274,0.7631056,0.9601873740000001,3.198064,3.9611696,EXTRACTED
g6032,U_g6032/ZN,87.97,33.6,False,12040,2.063987,2.601506322,3.37867,5.4426570000000005,EXTRACTED
g6035,U_g6035/ZN,83.41,103.6,False,16630,1.65242731,1.8244116609999999,4.317743,5.97017031,EXTRACTED
g6037,U_g6037/ZN,102.22,43.4,False,15362,0.9064662,1.679368381,1.664199,2.5706652,EXTRACTED
g6038,U_g6038/ZN,94.62,85.4,False,16204,2.4393836,2.7131125179999995,4.317743,6.7571266,EXTRACTED
g6042,U_g6042/ZN,82.65,100.8,False,16657,4.54185361,4.186540652999999,4.317743,8.85959661,EXTRACTED
g6045,U_g6045/ZN,70.68,72.8,False,16715,1.007192,1.3785265599999998,4.317743,5.324935,EXTRACTED
g6047,U_g6047/ZN,48.26,126.0,False,4564,0.6860345999999999,0.21998941000000002,0.941939,1.6279735999999998,EXTRACTED
g6049,U_g6049/ZN,69.73,102.2,False,16599,5.0565318999999995,3.6284435010000005,4.317743,9.3742749,EXTRACTED
g605,U_g605/Q,30.59,124.6,True,16784,2.5708027199999997,2.133205652999999,10.73195,13.302752719999999,EXTRACTED
g6054,U_g6054/ZN,127.68,105.0,False,16444,0.16097560000000002,0.09952214599999999,1.119679,1.2806546,EXTRACTED
g6058,U_g6058/ZN,125.4,117.6,False,5184,0.549742,0.5189578,0.941939,1.4916809999999998,EXTRACTED
g6059,U_g6059/ZN,132.05,95.2,False,17281,0.7992649999999999,0.18451439700000002,1.119679,1.918944,EXTRACTED
g6061,U_g6061/ZN,84.74,86.8,False,16604,0.39341400000000004,0.48439941000000003,0.927525,1.320939,EXTRACTED
g6064,U_g6064/ZN,22.04,107.8,False,7849,0.5655759,0.8858096400000002,1.83629,2.4018658999999998,EXTRACTED
g6067,U_g6067/ZN,122.74,117.6,False,5184,0.49251000000000006,0.29989907,0.941939,1.434449,EXTRACTED
g6068,U_g6068/ZN,49.02,112.0,False,17479,1.2098,0.51869376,1.119679,2.329479,EXTRACTED
g6070,U_g6070/ZN,85.12,137.2,False,5430,0.670266,0.1905002,0.941939,1.6122049999999999,EXTRACTED
g6071,U_g6071/ZN,84.36,91.0,False,17029,0.39412200000000003,0.38394158,1.119679,1.5138010000000002,EXTRACTED
g6074,U_g6074/ZN,86.45,86.8,False,16617,0.266784,0.33162999299999996,0.927525,1.194309,EXTRACTED
g6075,U_g6075/ZN,106.97,96.6,False,12125,0.286408,0.42840276999999993,0.946814,1.233222,EXTRACTED
g6078,U_g6078/ZN,78.85,131.6,False,18030,0.046766,0.05602712,0.918145,0.964911,EXTRACTED
g6079,U_g6079/ZN,102.98,133.0,False,5432,0.0485342,0.018316412,0.941939,0.9904731999999999,EXTRACTED
g6080,U_g6080/ZN,73.15,81.2,False,16455,0.5103599999999999,0.42460964,1.119679,1.630039,EXTRACTED
g6081,U_g6081/ZN,53.39,127.4,False,4774,0.9400218699999999,0.8205339160000001,3.89852,4.83854187,EXTRACTED
g6083,U_g6083/ZN,109.63,81.2,False,11630,0.331152,0.34299888,0.946814,1.2779660000000002,EXTRACTED
g6087,U_g6087/ZN,74.67,135.8,False,5430,0.45797997,0.82044796,0.941939,1.3999189699999999,EXTRACTED
g6088,U_g6088/ZN,56.05,102.2,False,17093,0.7704740000000001,0.9273286300000001,1.119679,1.8901530000000002,EXTRACTED
g6090,U_g6090/ZN,100.51,82.6,False,12919,0.610986,0.83713339,0.946814,1.5578,EXTRACTED
g6092,U_g6092/ZN,80.75,137.2,False,5502,0.051720800000000004,0.009358011,0.941939,0.9936598,EXTRACTED
g6093,U_g6093/ZN,53.2,99.4,False,17037,0.447436,0.18919084649,1.119679,1.567115,EXTRACTED
g6095,U_g6095/ZN,65.17,134.4,False,5506,0.0739698,0.05350089,0.941939,1.0159088,EXTRACTED
g6096,U_g6096/ZN,76.57,77.0,False,16487,0.5099283,1.05576383,1.119679,1.6296073,EXTRACTED
g6098,U_g6098/ZN,65.93,106.4,False,5128,0.5366554,0.37515223999999997,0.941939,1.4785944,EXTRACTED
g6099,U_g6099/ZN,54.72,102.2,False,16279,0.254336,0.19240925999999997,1.119679,1.374015,EXTRACTED
g61,U_g61/Q,26.03,124.6,True,16794,1.99519702,1.2051205100000002,3.729714,5.72491102,EXTRACTED
g6102,U_g6102/ZN,65.17,106.4,False,5424,0.48986199999999996,0.18511122100000002,0.941939,1.4318009999999999,EXTRACTED
g6105,U_g6105/ZN,140.03,71.4,False,22067,0.0817098,0.15026483200000001,0.918145,0.9998548,EXTRACTED
g6109,U_g6109/ZN,104.69,11.2,False,0,0.8769606,1.0003101700000003,4.590725,5.4676856,EXTRACTED
g611,U_g611/Q,45.22,109.2,True,16587,1.5840963600000002,1.982755095,10.730696,12.31479236,EXTRACTED
g6122,U_g6122/ZN,87.4,61.6,False,6779,0.478418,0.76943972,1.650377,2.128795,EXTRACTED
g6123,U_g6123/ZN,61.75,1.4,False,14284,0.5339700000000001,0.264575322,1.119679,1.6536490000000001,EXTRACTED
g6124,U_g6124/ZN,73.91,67.2,False,10506,0.498884,0.5013179799999999,1.621225,2.120109,EXTRACTED
g6126,U_g6126/ZN,89.87,64.4,False,1511,0.9196186,0.73075628,1.119679,2.0392976000000003,EXTRACTED
g6131,U_g6131/ZN,45.98,23.8,False,5095,0.0519628,0.03516889,1.599032,1.6509948,EXTRACTED
g6155,U_g6155/ZN,137.56,78.4,False,7097,0.353298,0.406212048,1.119679,1.4729770000000002,EXTRACTED
g6162,U_g6162/ZN,62.32,134.4,False,1433,0.9365464,0.7512453199999999,0.946814,1.8833604,EXTRACTED
g6163,U_g6163/ZN,77.9,74.2,False,93,0.8013509999999999,0.4760459080000001,1.119679,1.92103,EXTRACTED
g6165,U_g6165/ZN,42.94,82.6,False,6506,2.87116243,1.6414941230000002,10.72093,13.59209243,EXTRACTED
g617,U_g617/Q,39.52,105.0,True,16578,1.4283545,1.196808612,9.145486,10.5738405,EXTRACTED
g6177,U_g6177/ZN,91.2,123.2,False,18009,0.567054,0.28218544,0.918145,1.485199,EXTRACTED
g6179,U_g6179/ZN,79.04,79.8,False,1,0.566296,0.53148627,1.119679,1.685975,EXTRACTED
g6180,U_g6180/ZN,112.48,98.0,False,15285,0.58659,0.93474404297,1.119679,1.706269,EXTRACTED
g6185,U_g6185/ZN,96.33,127.4,False,16659,0.28918200000000005,0.3124192,0.918145,1.207327,EXTRACTED
g6186,U_g6186/ZN,72.58,84.0,False,11371,0.248066,0.30564593,0.946814,1.19488,EXTRACTED
g6187,U_g6187/ZN,29.45,21.0,False,12904,0.5863981,0.11888940799999999,1.83629,2.4226881000000002,EXTRACTED
g6193,U_g6193/ZN,53.2,91.0,False,14863,0.569723,0.570799874,1.119679,1.689402,EXTRACTED
g6194,U_g6194/ZN,60.99,89.6,False,12284,0.01742614,0.0,0.946814,0.96424014,EXTRACTED
g6198,U_g6198/ZN,116.66,86.8,False,15318,0.56512,0.37039822799999994,1.119679,1.684799,EXTRACTED
g6199,U_g6199/ZN,93.1,89.6,False,12974,0.452446,0.22898600000000002,0.946814,1.39926,EXTRACTED
g6204,U_g6204/ZN,28.69,109.2,False,351,0.061418,0.12245395,0.941939,1.003357,EXTRACTED
g6205,U_g6205/ZN,64.03,96.6,False,15323,0.6796880000000001,0.48798499,1.119679,1.7993670000000002,EXTRACTED
g6206,U_g6206/ZN,97.66,85.4,False,13078,0.26561999999999997,0.34537966999999997,0.946814,1.212434,EXTRACTED
g6207,U_g6207/ZN,138.13,84.0,False,16685,0.0842296,0.051356781,0.918145,1.0023746,EXTRACTED
g6215,U_g6215/ZN,117.99,91.0,False,15312,0.0927286,0.07919633200000001,1.119679,1.2124076000000001,EXTRACTED
g6216,U_g6216/ZN,121.79,99.4,False,15323,0.405514,0.46404522000000004,1.119679,1.525193,EXTRACTED
g6217,U_g6217/ZN,81.13,68.6,False,13255,0.5535042,0.5734214950000001,0.946814,1.5003182000000002,EXTRACTED
g622,U_g622/Q,30.4,95.2,True,16806,4.6815568800000005,1.552634461,6.7917179999999995,11.47327488,EXTRACTED
g6221,U_g6221/ZN,63.46,7.0,False,475,1.39134829,1.4104591699999998,4.172694,5.56404229,EXTRACTED
g6224,U_g6224/ZN,56.24,105.0,False,14853,0.8538399999999999,0.31845046,1.119679,1.973519,EXTRACTED
g6225,U_g6225/ZN,98.61,100.8,False,12816,0.01742614,0.0,0.946814,0.96424014,EXTRACTED
g6228,U_g6228/ZN,15.2,103.6,False,356,0.2280097,0.140340994,1.83629,2.0642997,EXTRACTED
g6231,U_g6231/ZN,88.16,68.6,False,115,0.6415652,0.5920757750000001,4.172694,4.8142591999999995,EXTRACTED
g6234,U_g6234/ZN,93.29,88.2,False,15311,0.049251,0.11000447999999999,1.119679,1.16893,EXTRACTED
g6235,U_g6235/ZN,106.4,79.8,False,11617,0.5473855,0.534527544,0.946814,1.4941995000000001,EXTRACTED
g6238,U_g6238/ZN,89.11,95.2,False,13221,0.1458626,0.16839386,0.946814,1.0926766,EXTRACTED
g6240,U_g6240/ZN,69.54,42.0,False,11031,0.349816,0.18436006,0.941939,1.291755,EXTRACTED
g6243,U_g6243/ZN,72.77,64.4,False,1618,0.07036980000000001,0.10474411,1.119679,1.1900488,EXTRACTED
g6244,U_g6244/ZN,57.57,92.4,False,15324,0.11916199999999999,0.1380134,1.119679,1.238841,EXTRACTED
g6245,U_g6245/ZN,62.51,58.8,False,13076,0.5509356,0.554536695,0.946814,1.4977496000000001,EXTRACTED
g6246,U_g6246/ZN,71.25,58.8,False,11004,0.42738200000000004,0.381448526,0.941939,1.369321,EXTRACTED
g6247,U_g6247/ZN,101.46,56.0,False,10061,0.4021058,0.8557634099999999,0.941939,1.3440448,EXTRACTED
g6253,output156/Z,144.02,64.4,False,0,0.242408,0.18792813000000003,0,0.242408,EXTRACTED
g6254,output157/Z,122.36,5.6,False,0,0.665422,0.9831162768000001,0,0.665422,EXTRACTED
g6255,output158/Z,117.99,8.4,False,0,0.772586,0.5994741799999999,0,0.772586,EXTRACTED
g6256,output159/Z,120.46,7.0,False,0,0.7752100000000001,0.21956982,0,0.7752100000000001,EXTRACTED
g6257,output160/Z,129.96,2.8,False,0,0.273778,0.14869884,0,0.273778,EXTRACTED
g6258,output161/Z,118.75,1.4,False,0,0.1096694,0.1290915,0,0.1096694,EXTRACTED
g6259,output162/Z,134.33,2.8,False,0,0.26707000000000003,0.174202378,0,0.26707000000000003,EXTRACTED
g6260,output163/Z,131.86,1.4,False,0,0.38792,0.06806250999999999,0,0.38792,EXTRACTED
g6261,output164/Z,125.59,2.8,False,0,0.237182,0.079338936,0,0.237182,EXTRACTED
g6262,output165/Z,115.9,2.8,False,0,0.370842,0.5363371668,0,0.370842,EXTRACTED
g6263,output166/Z,97.28,2.8,False,0,0.4990180000000001,0.5655228700000001,0,0.4990180000000001,EXTRACTED
g6264,output167/Z,17.48,144.2,False,0,0.22337600000000002,0.04576252,0,0.22337600000000002,EXTRACTED
g6265,output168/Z,58.52,1.4,False,0,0.276782,0.02439186,0,0.276782,EXTRACTED
g6266,output169/Z,144.02,142.8,False,0,0.1634194,0.0472982,0,0.1634194,EXTRACTED
g6267,output170/Z,70.3,144.2,False,0,0.472088,0.050646,0,0.472088,EXTRACTED
g6268,output171/Z,145.73,119.0,False,0,0.37929,0.14451138,0,0.37929,EXTRACTED
g6269,output172/Z,144.59,124.6,False,0,0.1951428,0.156716054,0,0.1951428,EXTRACTED
g627,U_g627/Q,64.6,113.4,True,16704,3.0771849,2.278576946,9.092204,12.169388900000001,EXTRACTED
g6270,output173/Z,71.25,142.8,False,0,0.261698,0.02521824,0,0.261698,EXTRACTED
g6271,output174/Z,74.1,144.2,False,0,0.419668,0.15400493,0,0.419668,EXTRACTED
g6272,output175/Z,71.82,144.2,False,0,0.0727156,0.10231407,0,0.0727156,EXTRACTED
g6273,output176/Z,78.85,144.2,False,0,0.140558,0.08473734000000001,0,0.140558,EXTRACTED
g6274,output177/Z,61.75,144.2,False,0,0.13337200000000002,0.11507394,0,0.13337200000000002,EXTRACTED
g6275,output178/Z,66.88,144.2,False,0,0.222068,0.00921625,0,0.222068,EXTRACTED
g6276,output179/Z,64.6,144.2,False,0,0.1088494,0.08608654,0,0.1088494,EXTRACTED
g6277,output180/Z,145.73,127.4,False,0,0.1819938,0.10067534,0,0.1819938,EXTRACTED
g6278,output181/Z,145.16,123.2,False,0,0.420842,0.12244831,0,0.420842,EXTRACTED
g6279,output182/Z,145.73,8.4,False,0,0.70007,0.01201206,0,0.70007,EXTRACTED
g6280,output183/Z,1.33,2.8,False,0,0.0850566,0.0634573,0,0.0850566,EXTRACTED
g6281,output184/Z,138.13,120.4,False,0,0.7646482000000001,0.21968185,0,0.7646482000000001,EXTRACTED
g6282,output185/Z,144.21,117.6,False,0,0.363664,0.19875497300000003,0,0.363664,EXTRACTED
g6283,output186/Z,1.9,86.8,False,0,0.11126219999999999,0.075365917,0,0.11126219999999999,EXTRACTED
g6284,output187/Z,30.02,141.4,False,0,0.207872,0.18456504000000004,0,0.207872,EXTRACTED
g6285,output188/Z,1.9,32.2,False,0,0.1274176,0.050607349999999995,0,0.1274176,EXTRACTED
g630,U_g630/Q,63.08,112.0,True,16714,0.528228,0.09111833999999999,1.836939,2.365167,EXTRACTED
g631,U_g631/Q,55.67,110.6,True,16746,0.41632749999999996,0.6380685499999997,1.836939,2.2532665,EXTRACTED
g6316,U_g6316/ZN,65.36,120.4,False,660,0.11331300000000001,0.13571392,0.941939,1.055252,EXTRACTED
g6317,U_g6317/ZN,68.59,119.0,False,381,0.650144,0.55583442,0.941939,1.5920830000000001,EXTRACTED
g6318,U_g6318/ZN,49.78,123.2,False,322,0.06852879999999999,0.05892749,0.941939,1.0104678,EXTRACTED
g6319,U_g6319/ZN,60.8,113.4,False,669,0.606344,0.48174497299999997,0.941939,1.548283,EXTRACTED
g632,U_g632/Q,62.51,109.2,True,16713,1.2889662,2.5078304760000005,2.7644640000000003,4.0534302,EXTRACTED
g6320,U_g6320/ZN,59.66,117.6,False,385,0.0520104,0.010974245,0.941939,0.9939494,EXTRACTED
g6321,U_g6321/ZN,57.0,127.4,False,1912,0.323676,0.05568158,0.941939,1.265615,EXTRACTED
g6322,U_g6322/ZN,67.64,121.8,False,329,0.0626034,0.07433449,0.941939,1.0045424,EXTRACTED
g6323,U_g6323/ZN,67.26,124.6,False,430,0.173715,0.28628911999999995,0.941939,1.115654,EXTRACTED
g6324,U_g6324/ZN,50.35,119.0,False,836,0.21801399999999999,0.21114279,0.941939,1.159953,EXTRACTED
g6325,U_g6325/ZN,53.01,119.0,False,328,0.5321359999999999,0.579888834,0.941939,1.474075,EXTRACTED
g6326,U_g6326/ZN,50.35,113.4,False,343,0.439852,0.35742021800000007,0.941939,1.381791,EXTRACTED
g6327,U_g6327/ZN,49.21,106.4,False,674,0.18483660000000002,0.48555637,0.941939,1.1267756,EXTRACTED
g6328,U_g6328/ZN,49.02,105.0,False,617,0.0658718,0.002696802,0.941939,1.0078108,EXTRACTED
g6329,U_g6329/ZN,59.28,107.8,False,665,0.658109,0.48250735,0.941939,1.6000480000000001,EXTRACTED
g6331,U_g6331/ZN,71.63,93.8,False,15356,0.12280479999999999,0.15549201199999999,1.119679,1.2424838,EXTRACTED
g6332,U_g6332/ZN,75.43,96.6,False,14847,1.5225594,0.6496082049999999,1.119679,2.6422384,EXTRACTED
g6333,U_g6333/ZN,59.09,96.6,False,15329,0.13171100000000002,0.13514463999999998,1.119679,1.2513900000000002,EXTRACTED
g6334,U_g6334/ZN,53.58,95.2,False,15333,0.07225540000000001,0.08076754,1.119679,1.1919344,EXTRACTED
g6341,U_g6341/ZN,100.13,40.6,False,11342,0.01742614,0.0,0.946814,0.96424014,EXTRACTED
g6342,U_g6342/ZN,84.17,56.0,False,11220,0.240394,0.3260669,0.946814,1.187208,EXTRACTED
g6345,U_g6345/ZN,78.28,106.4,False,5320,0.11788939999999999,0.20978544999999998,0.946814,1.0647034,EXTRACTED
g6346,U_g6346/ZN,72.77,21.0,False,5037,0.0404894,0.0,0.946814,0.9873034,EXTRACTED
g6347,U_g6347/ZN,78.66,61.6,False,11126,0.51873,0.33325340400000003,0.946814,1.465544,EXTRACTED
g6348,U_g6348/ZN,89.49,67.2,False,11203,0.290096,0.4130931799999999,0.946814,1.23691,EXTRACTED
g635,U_g635/Q,49.59,109.2,True,16734,1.287678,1.5173608249999997,1.836939,3.124617,EXTRACTED
g6350,U_g6350/ZN,78.47,109.2,False,5654,1.451452,1.60256498,0.946814,2.398266,EXTRACTED
g6351,U_g6351/ZN,113.62,15.4,False,0,0.38104000000000005,0.498326756,1.70023,2.08127,EXTRACTED
g6352,U_g6352/ZN,93.29,64.4,False,13390,0.7443839999999999,0.66699913,0.946814,1.691198,EXTRACTED
g6353,U_g6353/ZN,63.27,63.0,False,11553,0.01742614,0.0,0.946814,0.96424014,EXTRACTED
g6354,U_g6354/ZN,76.38,130.2,False,13457,2.1515167699999997,1.759500425,3.89852,6.05003677,EXTRACTED
g6355,U_g6355/ZN,85.88,40.6,False,16743,0.585574,0.58627275,1.94926,2.534834,EXTRACTED
g6358,U_g6358/ZN,74.86,113.4,False,5664,0.01742614,0.0,0.946814,0.96424014,EXTRACTED
g6359,U_g6359/ZN,104.12,71.4,False,11313,1.489276,0.28364008,0.946814,2.43609,EXTRACTED
g636,U_g636/Q,41.23,119.0,True,16569,2.02776495,1.3780656599999999,3.738703,5.76646795,EXTRACTED
g6360,U_g6360/ZN,77.52,43.4,False,11453,0.6619712,0.47727808,0.946814,1.6087852,EXTRACTED
g6362,U_g6362/ZN,83.22,105.0,False,5323,0.647078,1.296322698,0.946814,1.593892,EXTRACTED
g6363,U_g6363/ZN,77.33,35.0,False,11958,0.1293242,0.28799843999999997,0.946814,1.0761382,EXTRACTED
g6364,U_g6364/ZN,74.29,102.2,False,5090,0.019035260000000002,0.06751207000000001,0.946814,0.96584926,EXTRACTED
g639,U_g639/Q,48.07,114.8,True,16714,1.9437187999999999,1.684362853,4.568284,6.5120028,EXTRACTED
g6392,U_g6392/ZN,87.78,37.8,False,7472,4.5750867,3.56111736949,2.094309,6.6693957,EXTRACTED
g64,U_g64/Q,37.24,112.0,True,16573,3.1744734,1.5642182759999999,3.729714,6.9041874,EXTRACTED
g6403,U_g6403/ZN,34.2,25.2,False,19733,1.114442,1.1766677999999997,5.59875,6.713191999999999,EXTRACTED
g6404,U_g6404/ZN,27.36,26.6,False,2319,0.022918,0.057444,0.941939,0.964857,EXTRACTED
g6410,U_g6410/ZN,25.08,26.6,False,1132,0.1046714,0.024324530000000004,0.941939,1.0466104,EXTRACTED
g6416,U_g6416/ZN,25.84,23.8,False,585,0.08071099999999999,0.00956106,0.941939,1.02265,EXTRACTED
g6423,U_g6423/ZN,27.93,22.4,False,288,0.1008518,0.09341400599999998,0.941939,1.0427908,EXTRACTED
g643,U_g643/Q,88.73,133.0,True,16676,1.9014665999999998,1.148015102,3.537169,5.4386356,EXTRACTED
g6430,U_g6430/ZN,38.0,23.8,False,128,0.520504,0.29827625999999996,0.941939,1.462443,EXTRACTED
g6432,U_g6432/ZN,10.07,96.6,False,18581,0.8648712000000001,0.976655846,2.92389,3.7887612,EXTRACTED
g6438,U_g6438/ZN,34.96,23.8,False,85,0.056372200000000004,0.02392072,0.941939,0.9983112,EXTRACTED
g6439,U_g6439/ZN,65.93,53.2,False,21795,0.1182088,0.23563431,1.119679,1.2378878000000002,EXTRACTED
g6447,U_g6447/ZN,9.5,91.0,False,18581,1.2246697,1.05375978,3.89852,5.1231897,EXTRACTED
g6449,U_g6449/ZN,20.33,119.0,False,18581,0.8353868,0.46862956000000006,1.94926,2.7846468,EXTRACTED
g646,U_g646/Q,64.03,133.0,True,16800,1.27649059,1.4373150790000002,6.8004,8.07689059,EXTRACTED
g6463,U_g6463/ZN,117.23,5.6,False,0,0.40409799999999996,0.53488819,0.946814,1.3509120000000001,EXTRACTED
g6465,U_g6465/ZN,46.36,16.8,False,4080,0.8123986999999999,0.12392478,1.9214440000000002,2.7338427000000003,EXTRACTED
g6468,U_g6468/ZN,99.56,96.6,False,22447,0.23902,0.42198096,1.119679,1.358699,EXTRACTED
g6469,U_g6469/ZN,91.58,91.0,False,15612,0.290396,0.21254014,1.119679,1.410075,EXTRACTED
g6470,U_g6470/ZN,105.64,57.4,False,17744,0.258634,0.21564409600000004,1.119679,1.3783130000000001,EXTRACTED
g6471,U_g6471/ZN,72.77,26.6,False,12287,0.1092032,0.06260278,1.119679,1.2288822000000001,EXTRACTED
g6472,U_g6472/ZN,35.72,23.8,False,98,0.5837219,0.848611934,1.83629,2.4200119,EXTRACTED
g6478,U_g6478/ZN,91.58,84.0,False,18761,0.765809,1.01019421,1.119679,1.885488,EXTRACTED
g6479,U_g6479/ZN,105.64,107.8,False,16915,0.27100799999999997,0.08393948,1.119679,1.390687,EXTRACTED
g6480,U_g6480/ZN,98.8,60.2,False,15570,0.203026,0.256083276,1.119679,1.322705,EXTRACTED
g6481,U_g6481/ZN,87.97,36.4,False,18821,0.690018,0.84743128,1.119679,1.8096970000000001,EXTRACTED
g6485,U_g6485/ZN,53.96,51.8,False,16662,0.627184,0.79558229,4.181376,4.80856,EXTRACTED
g6488,U_g6488/ZN,33.25,107.8,False,2004,2.2229257000000002,2.210877126,10.4719,12.694825699999999,EXTRACTED
g650,U_g650/Q,70.3,133.0,True,16797,1.17397144,1.0931291749999998,6.8004,7.97437144,EXTRACTED
g6500,U_g6500/ZN,90.44,53.2,False,18741,0.1923554,0.03545037,1.119679,1.3120344000000002,EXTRACTED
g6501,U_g6501/ZN,103.55,77.0,False,21141,0.0853946,0.07498250000000001,1.119679,1.2050736000000002,EXTRACTED
g6502,U_g6502/ZN,138.32,81.2,False,20624,0.6260680000000001,0.29009931,1.119679,1.7457470000000002,EXTRACTED
g6506,U_g6506/ZN,89.49,40.6,False,19841,1.7253293200000002,1.9744866110000001,1.119679,2.8450083200000003,EXTRACTED
g6507,U_g6507/ZN,87.21,77.0,False,18136,0.18952739999999998,0.14713328,1.119679,1.3092064,EXTRACTED
g6508,U_g6508/ZN,139.27,67.2,False,14817,0.527532,0.46703950000000005,1.119679,1.647211,EXTRACTED
g6513,U_g6513/ZN,106.02,63.0,False,19526,0.469676,0.37940165099999995,1.119679,1.589355,EXTRACTED
g6514,U_g6514/ZN,106.59,105.0,False,21121,0.128986,0.05050215,1.119679,1.2486650000000001,EXTRACTED
g6515,U_g6515/ZN,86.83,81.2,False,17079,1.7700494,1.91742598,1.119679,2.8897284,EXTRACTED
g6516,U_g6516/ZN,135.09,72.8,False,12955,0.8736385,0.49638936999999994,1.119679,1.9933175,EXTRACTED
g6522,U_g6522/ZN,122.93,95.2,False,13346,0.0780316,0.05681678,1.119679,1.1977106000000002,EXTRACTED
g6523,U_g6523/ZN,101.84,79.8,False,16297,0.0902882,0.1120665,1.119679,1.2099672000000001,EXTRACTED
g6524,U_g6524/ZN,102.6,103.6,False,16795,0.217114,0.29403042,1.119679,1.3367930000000001,EXTRACTED
g6525,U_g6525/ZN,133.76,91.0,False,13997,1.890956,1.9894063080000002,1.119679,3.010635,EXTRACTED
g6526,U_g6526/ZN,30.97,99.4,False,14059,0.1325652,0.19821223599999999,1.119679,1.2522442,EXTRACTED
g6528,U_g6528/ZN,114.19,100.8,False,21763,0.303324,0.20789851999999998,1.119679,1.423003,EXTRACTED
g6529,U_g6529/ZN,108.68,68.6,False,15923,0.426534,0.31801028,1.119679,1.546213,EXTRACTED
g6530,U_g6530/ZN,138.51,85.4,False,9000,0.158792,0.128627674,0.941939,1.100731,EXTRACTED
g6531,U_g6531/ZN,34.58,126.0,False,14116,0.28803,0.73888433,1.119679,1.407709,EXTRACTED
g6532,U_g6532/ZN,43.89,82.6,False,12769,0.6623133,0.15288007,0.946814,1.6091273,EXTRACTED
g6533,U_g6533/ZN,98.99,81.2,False,21248,0.280982,0.15673251600000002,1.119679,1.4006610000000002,EXTRACTED
g6534,U_g6534/ZN,104.12,98.0,False,17004,2.033924,1.569652654,1.119679,3.153603,EXTRACTED
g6535,U_g6535/ZN,39.52,82.6,False,14292,0.1286918,0.10799674999999999,0.946814,1.0755058,EXTRACTED
g6537,U_g6537/ZN,103.55,74.2,False,16163,0.1037968,0.0,1.119679,1.2234758000000001,EXTRACTED
g6538,U_g6538/ZN,107.92,68.6,False,17673,0.1050272,0.10023007,1.119679,1.2247062000000002,EXTRACTED
g654,U_g654/Q,79.23,130.2,True,16729,1.7112973,2.7370593110000003,6.8004,8.5116973,EXTRACTED
g6540,U_g6540/ZN,45.98,126.0,False,16642,0.086866,0.0396215,0.946814,1.03368,EXTRACTED
g6541,U_g6541/ZN,117.23,70.0,False,15871,0.524372,0.29375171999999994,1.119679,1.6440510000000002,EXTRACTED
g6542,U_g6542/ZN,103.74,67.2,False,16076,0.364648,0.45660434,1.119679,1.4843270000000002,EXTRACTED
g6544,U_g6544/ZN,50.92,127.4,False,16731,0.292038,0.33143549999999994,0.946814,1.238852,EXTRACTED
g6545,U_g6545/ZN,110.01,74.2,False,17280,0.060523799999999996,0.05066657000000001,1.119679,1.1802028,EXTRACTED
g6546,U_g6546/ZN,121.22,98.0,False,21737,0.6735180000000001,0.828559544,1.119679,1.7931970000000002,EXTRACTED
g6548,U_g6548/ZN,80.94,64.4,False,1256,4.905111999999999,3.4304904119999993,0.918145,5.823256999999999,EXTRACTED
g6549,U_g6549/ZN,130.72,126.0,False,0,0.1936662,0.6880740999999999,0.77983,0.9734962,EXTRACTED
g6550,U_g6550/ZN,53.77,127.4,False,16729,0.22622199999999998,0.05031418,0.946814,1.173036,EXTRACTED
g6551,U_g6551/ZN,104.88,56.0,False,17467,0.1987688,0.11510595099999998,1.119679,1.3184478000000002,EXTRACTED
g6554,U_g6554/ZN,129.58,126.0,False,0,0.6004320000000001,0.19836779999999998,0.77983,1.380262,EXTRACTED
g6557,U_g6557/ZN,27.93,23.8,False,19733,1.0959413,0.48320316100000005,4.87315,5.9690913,EXTRACTED
g6573,U_g6573/ZN,80.18,4.2,False,17327,0.642629,0.7667310599999999,0.918145,1.5607739999999999,EXTRACTED
g6576,U_g6576/ZN,59.85,29.4,False,16595,0.107157,0.424961,0.946814,1.053971,EXTRACTED
g6577,U_g6577/ZN,90.82,68.6,False,16804,0.43060800000000005,0.33939978,0.918145,1.348753,EXTRACTED
g658,U_g658/Q,29.07,79.8,True,16849,2.15166574,1.9567369240000003,8.571523,10.72318874,EXTRACTED
g6580,U_g6580/ZN,139.84,81.2,False,25,0.6948476000000001,0.6384712739999999,3.198064,3.8929116,EXTRACTED
g6586,U_g6586/ZN,52.82,120.4,False,4813,0.5718828,0.501952323,3.89852,4.4704028000000005,EXTRACTED
g6592,U_g6592/ZN,137.18,89.6,False,16857,0.22892400000000002,0.05120732000000001,0.918145,1.1470690000000001,EXTRACTED
g6616,U_g6616/ZN,142.31,71.4,False,19412,0.01742614,0.0,0.946814,0.96424014,EXTRACTED
g6617,U_g6617/ZN,34.39,107.8,False,1772,0.42398600000000003,0.18399274000000002,1.599032,2.023018,EXTRACTED
g6618,U_g6618/ZN,13.3,82.6,False,12061,0.754104,0.7365142499999999,0.941939,1.696043,EXTRACTED
g6619,U_g6619/ZN,32.87,137.2,False,13928,1.3194270000000001,0.423879764,0.946814,2.266241,EXTRACTED
g6621,U_g6621/ZN,36.86,131.6,False,12897,0.281268,0.34160650000000004,1.119679,1.4009470000000002,EXTRACTED
g6622,U_g6622/ZN,41.99,84.0,False,14271,0.0926614,0.07181970900000001,0.946814,1.0394754000000002,EXTRACTED
g6623,U_g6623/ZN,39.33,124.6,False,14026,0.092641,0.127060631,0.946814,1.039455,EXTRACTED
g6624,U_g6624/ZN,41.23,86.8,False,12781,0.1819336,0.10838659,0.946814,1.1287476,EXTRACTED
g6625,U_g6625/ZN,44.65,133.0,False,16722,1.164482,0.94324848,0.946814,2.1112960000000003,EXTRACTED
g6626,U_g6626/ZN,61.75,44.8,False,16445,0.0663936,0.1630276,0.927525,0.9939186,EXTRACTED
g6627,U_g6627/ZN,38.57,127.4,False,13939,0.254722,0.32621223000000005,1.119679,1.3744010000000002,EXTRACTED
g6628,U_g6628/ZN,53.01,75.6,False,12725,0.01742614,0.0,0.946814,0.96424014,EXTRACTED
g6632,U_g6632/ZN,29.45,126.0,False,13982,0.378658,0.279836505,0.946814,1.325472,EXTRACTED
g6633,U_g6633/ZN,55.67,85.4,False,10279,0.272482,0.34464112,0.946814,1.219296,EXTRACTED
g6638,U_g6638/ZN,38.0,119.0,False,12873,0.52795,0.3683132499999999,1.119679,1.6476290000000002,EXTRACTED
g6639,U_g6639/ZN,49.4,74.2,False,12680,0.371428,0.11082020000000001,0.946814,1.3182420000000001,EXTRACTED
g664,U_g664/Q,46.74,46.2,True,16523,5.7232009999999995,2.2788215649999994,3.673229,9.396429999999999,EXTRACTED
g6640,U_g6640/ZN,130.72,123.2,False,0,0.383366,0.038320492,0.77983,1.1631960000000001,EXTRACTED
g6645,U_g6645/ZN,34.58,135.8,False,13937,0.822776,0.947706908,0.946814,1.76959,EXTRACTED
g6646,U_g6646/ZN,50.16,78.4,False,12700,0.11629160000000001,0.14110145,0.946814,1.0631056,EXTRACTED
g6647,U_g6647/ZN,129.96,123.2,False,0,0.1680084,0.01715277,0.77983,0.9478384,EXTRACTED
g6653,U_g6653/ZN,32.49,82.6,False,14201,0.28682399999999997,0.1620552,1.119679,1.406503,EXTRACTED
g6654,U_g6654/ZN,40.66,89.6,False,12830,0.298316,0.01216145,0.946814,1.24513,EXTRACTED
g6655,U_g6655/ZN,72.2,141.4,False,0,0.52998963,0.38543472700000003,0.77983,1.30981963,EXTRACTED
g6656,U_g6656/ZN,78.28,85.4,False,15268,0.1676368,0.208862639,1.119679,1.2873158,EXTRACTED
g6661,U_g6661/ZN,29.83,127.4,False,12873,0.413296,0.42024952000000004,0.946814,1.3601100000000002,EXTRACTED
g6662,U_g6662/ZN,52.82,70.0,False,12586,0.478862,0.08557430000000002,0.946814,1.4256760000000002,EXTRACTED
g6663,U_g6663/ZN,20.9,107.8,False,6854,0.6974309,0.8181047100000001,1.83629,2.5337209,EXTRACTED
g6666,U_g6666/ZN,88.54,134.4,False,0,0.453156,0.3213668599999999,0.77983,1.232986,EXTRACTED
g6671,U_g6671/ZN,50.16,81.2,False,12464,0.8145098,0.478361752,0.946814,1.7613238,EXTRACTED
g6672,U_g6672/ZN,67.26,110.6,False,16451,0.110771,0.057620748,1.119679,1.23045,EXTRACTED
g6673,U_g6673/ZN,80.37,144.2,False,0,0.429562,0.06799565,0.77983,1.209392,EXTRACTED
g6679,U_g6679/ZN,82.27,86.8,False,15294,0.8897979999999999,0.36970509999999995,1.119679,2.009477,EXTRACTED
g668,U_g668/Q,20.71,78.4,True,16845,1.8547091,1.50522173949,7.709863,9.5645721,EXTRACTED
g6684,U_g6684/ZN,77.33,141.4,False,0,0.1845858,0.030530065000000002,0.77983,0.9644158,EXTRACTED
g6687,U_g6687/ZN,62.32,144.2,False,0,0.28189000000000003,0.10081824999999998,0.77983,1.06172,EXTRACTED
g6693,U_g6693/ZN,68.78,142.8,False,0,0.8873006000000001,0.39850174349,0.77983,1.6671306000000001,EXTRACTED
g6696,U_g6696/ZN,64.98,141.4,False,0,0.8223480000000001,0.21361609400000003,0.77983,1.602178,EXTRACTED
g6697,U_g6697/ZN,54.72,135.8,False,4813,0.6313582000000001,0.31444141000000003,0.97463,1.6059882,EXTRACTED
g6699,U_g6699/ZN,85.12,120.4,False,6250,0.07414000000000001,0.28958218,0.946814,1.0209540000000001,EXTRACTED
g67,U_g67/Q,40.47,130.2,True,16819,1.2662906,1.0575884740000001,3.729714,4.9960046,EXTRACTED
g6701,U_g6701/ZN,101.08,128.8,False,5465,0.01742614,0.0,0.946814,0.96424014,EXTRACTED
g6702,U_g6702/ZN,65.17,124.6,False,4813,0.7393486,0.6906790860000002,3.89852,4.6378686,EXTRACTED
g6716,U_g6716/ZN,50.92,110.6,False,4813,1.0677805699999998,0.9617192010000001,2.92389,3.99167057,EXTRACTED
g6718,U_g6718/ZN,54.72,117.6,False,4813,0.618697,0.762070205,2.92389,3.542587,EXTRACTED
g6728,U_g6728/ZN,68.97,7.0,False,14074,0.9986820000000001,0.43042582999999995,1.119679,2.118361,EXTRACTED
g673,U_g673/Q,44.46,99.4,True,16595,1.9770579000000001,1.6408227450000006,3.673229,5.6502869,EXTRACTED
g6730,U_g6730/ZN,32.3,22.4,False,11935,0.4523659,0.222185081,0.941939,1.3943048999999998,EXTRACTED
g6733,U_g6733/ZN,84.74,60.2,False,762,0.644074,0.22198884400000002,1.119679,1.7637530000000001,EXTRACTED
g6738,U_g6738/ZN,17.1,91.0,False,5733,0.30195,0.41914517,0.941939,1.243889,EXTRACTED
g6739,U_g6739/ZN,39.52,117.6,False,16644,0.295978,0.10886941500000001,0.918145,1.214123,EXTRACTED
g6740,U_g6740/ZN,46.74,23.8,False,3030,0.0792034,0.042212299999999994,1.70023,1.7794333999999998,EXTRACTED
g6741,U_g6741/ZN,16.91,95.2,False,3097,0.0413468,0.02197384,0.941939,0.9832858,EXTRACTED
g6743,U_g6743/ZN,16.91,96.6,False,1688,0.041894,0.023189659999999997,0.941939,0.983833,EXTRACTED
g6744,U_g6744/ZN,15.96,99.4,False,863,0.055096,0.007390839999999999,0.941939,0.997035,EXTRACTED
g6745,U_g6745/ZN,15.96,102.2,False,286,0.0429432,0.018925822000000002,0.941939,0.9848821999999999,EXTRACTED
g6746,U_g6746/ZN,15.96,106.4,False,143,0.052811,0.0043492800000000005,0.941939,0.99475,EXTRACTED
g6747,U_g6747/ZN,82.08,79.8,False,15984,0.679056,0.38325876999999997,1.119679,1.7987350000000002,EXTRACTED
g6752,U_g6752/ZN,33.06,22.4,False,10706,0.530308,0.021881717000000002,1.83629,2.3665979999999998,EXTRACTED
g6755,U_g6755/ZN,70.3,32.2,False,17638,0.389268,0.46990615999999996,1.119679,1.508947,EXTRACTED
g6756,U_g6756/ZN,27.74,112.0,False,1262,0.19153479999999998,0.16292947500000002,0.946814,1.1383488,EXTRACTED
g6757,U_g6757/ZN,69.35,61.6,False,14833,0.1036584,0.042012363,1.119679,1.2233374000000001,EXTRACTED
g6758,U_g6758/ZN,141.74,84.0,False,16837,0.091335,0.11398947000000001,0.918145,1.00948,EXTRACTED
g6759,U_g6759/ZN,60.99,74.2,False,15281,0.361314,0.17903513000000001,1.119679,1.4809930000000002,EXTRACTED
g6760,U_g6760/ZN,83.22,14.0,False,22,0.61743628,0.537913077,4.172694,4.79013028,EXTRACTED
g6763,U_g6763/ZN,104.69,107.8,False,5713,0.0751632,0.08955926,0.946814,1.0219772,EXTRACTED
g677,U_g677/Q,14.25,84.0,True,16909,1.5803298,0.895167061,7.709863,9.2901928,EXTRACTED
g6771,U_g6771/ZN,68.4,40.6,False,11343,0.328198,0.17917081599999998,0.946814,1.275012,EXTRACTED
g6772,U_g6772/ZN,15.58,107.8,False,243,0.17945139999999998,0.09455190000000001,1.83629,2.0157414,EXTRACTED
g6775,U_g6775/ZN,93.1,65.8,False,75,0.6114139000000001,0.5412265599999999,3.198064,3.8094779,EXTRACTED
g6776,U_g6776/ZN,95.19,121.8,False,5930,0.436618,0.632888734,0.946814,1.383432,EXTRACTED
g6777,U_g6777/ZN,114.38,5.6,False,0,0.0914758,0.16697981999999997,0.879747,0.9712227999999999,EXTRACTED
g6786,U_g6786/ZN,60.99,60.2,False,15208,0.03723,0.08324194,1.119679,1.1569090000000002,EXTRACTED
g6787,U_g6787/ZN,64.03,60.2,False,12521,0.01742614,0.0,0.946814,0.96424014,EXTRACTED
g6788,U_g6788/ZN,99.37,56.0,False,11377,0.5552320000000001,0.35547336200000007,0.946814,1.502046,EXTRACTED
g6790,U_g6790/ZN,74.67,127.4,False,5870,0.10142899999999999,0.15923979000000002,0.946814,1.048243,EXTRACTED
g6791,U_g6791/ZN,70.87,50.4,False,11599,0.327356,0.4567975890000001,0.946814,1.27417,EXTRACTED
g6792,U_g6792/ZN,64.98,40.6,False,11480,0.01813824,0.0,0.946814,0.96495224,EXTRACTED
g6794,U_g6794/ZN,104.5,124.6,False,5325,0.69889,0.8106754700000001,0.946814,1.645704,EXTRACTED
g6795,U_g6795/ZN,72.58,25.2,False,5224,0.5285915,0.78002846,1.119679,1.6482705000000002,EXTRACTED
g6819,U_g6819/ZN,61.94,93.8,False,15370,0.7155523,0.19969809200000005,1.119679,1.8352313000000002,EXTRACTED
g682,U_g682/Q,44.08,95.2,True,16599,1.2267970400000001,1.4844877619999999,3.673229,4.90002604,EXTRACTED
g6820,U_g6820/ZN,54.91,88.2,False,15343,0.406898,0.29271083,1.119679,1.526577,EXTRACTED
g6821,U_g6821/ZN,64.98,81.2,False,14826,0.45105,0.41119032,1.119679,1.570729,EXTRACTED
g6822,U_g6822/ZN,108.49,103.6,False,15279,0.13088560000000002,0.11282151000000001,1.119679,1.2505646000000001,EXTRACTED
g6823,U_g6823/ZN,115.33,99.4,False,14976,0.897778,0.5481519199999999,1.119679,2.0174570000000003,EXTRACTED
g6824,U_g6824/ZN,60.23,75.6,False,14833,0.12920179999999998,0.029551349999999997,1.119679,1.2488808,EXTRACTED
g6826,U_g6826/ZN,76.57,99.4,False,15344,0.6018764999999999,0.40314101,1.119679,1.7215555,EXTRACTED
g6827,U_g6827/ZN,95.38,65.8,False,15291,0.8975200000000001,0.7386917999999999,1.119679,2.017199,EXTRACTED
g6828,U_g6828/ZN,64.79,74.2,False,15321,0.5765779,0.6311846999999999,1.119679,1.6962569,EXTRACTED
g6829,U_g6829/ZN,56.62,98.0,False,15342,0.401954,0.23013092000000002,1.119679,1.521633,EXTRACTED
g6830,U_g6830/ZN,56.24,86.8,False,14834,0.164525,0.17929076,1.119679,1.2842040000000001,EXTRACTED
g6831,U_g6831/ZN,70.49,82.6,False,15318,0.612042,0.5291011579999999,1.119679,1.731721,EXTRACTED
g6832,U_g6832/ZN,65.93,74.2,False,14842,0.63735408,0.28260672,1.119679,1.7570330800000002,EXTRACTED
g6833,U_g6833/ZN,63.27,84.0,False,15279,0.0873598,0.02718695,1.119679,1.2070388,EXTRACTED
g6834,U_g6834/ZN,91.77,89.6,False,15293,0.5090915,0.5945609399999999,1.119679,1.6287705000000001,EXTRACTED
g6838,U_g6838/ZN,51.3,96.6,False,15295,0.798664,0.59944745,1.119679,1.9183430000000001,EXTRACTED
g6839,U_g6839/ZN,111.15,89.6,False,15331,0.32346,0.42752738200000007,1.119679,1.4431390000000002,EXTRACTED
g6840,U_g6840/ZN,70.3,78.4,False,15322,0.9448479999999999,0.530047567,1.119679,2.064527,EXTRACTED
g6841,U_g6841/ZN,60.04,98.0,False,15218,1.615616,1.35213806,1.119679,2.735295,EXTRACTED
g6842,output189/Z,142.31,61.6,False,4751,0.390224,0.35733527,0,0.390224,EXTRACTED
g6855,U_g6855/ZN,83.98,43.4,False,10412,1.1106552,0.7876907250000004,0.946814,2.0574692,EXTRACTED
g6858,U_g6858/ZN,41.04,114.8,False,16575,0.13282960000000002,0.19741221,0.964824,1.0976536000000001,EXTRACTED
g686,U_g686/Q,29.64,92.4,True,16805,1.9638942999999998,2.1065069930000004,7.709863,9.6737573,EXTRACTED
g6863,U_g6863/ZN,46.74,25.2,False,3030,1.7825460900000003,1.623233056,9.872641999999999,11.65518809,EXTRACTED
g6872,U_g6872/ZN,32.87,32.2,False,2343,0.6607719999999999,0.7318345799999999,0.941939,1.6027109999999998,EXTRACTED
g6873,U_g6873/ZN,26.6,26.6,False,25647,0.0678864,0.12122161000000002,0.946814,1.0147004,EXTRACTED
g6875,U_g6875/ZN,31.16,26.6,False,2231,0.512352,0.65462917,0.941939,1.454291,EXTRACTED
g6876,U_g6876/ZN,30.59,18.2,False,23032,0.9422520000000001,0.523957962,0.946814,1.8890660000000001,EXTRACTED
g6879,U_g6879/ZN,26.79,28.0,False,2161,0.29178,0.15257379899999998,0.941939,1.233719,EXTRACTED
g6880,U_g6880/ZN,25.27,22.4,False,18316,0.01742614,0.0,0.946814,0.96424014,EXTRACTED
g6883,U_g6883/ZN,31.92,25.2,False,2414,0.9072,0.9847432,0.941939,1.849139,EXTRACTED
g6884,U_g6884/ZN,28.69,22.4,False,15531,0.0935266,0.03655198999999999,0.946814,1.0403406,EXTRACTED
g6886,U_g6886/ZN,44.84,35.0,False,2549,0.8859478000000001,0.93321705,0.941939,1.8278868,EXTRACTED
g6887,U_g6887/ZN,31.73,16.8,False,12461,0.49808800000000003,0.094119713,0.946814,1.4449020000000001,EXTRACTED
g6889,U_g6889/ZN,37.62,30.8,False,2384,0.1872236,0.27333187000000003,0.941939,1.1291626,EXTRACTED
g6890,U_g6890/ZN,34.01,22.4,False,10437,0.1506628,0.010692228,0.946814,1.0974768000000001,EXTRACTED
g6891,U_g6891/ZN,32.87,23.8,False,2274,0.374542,0.7292982600000001,0.941939,1.316481,EXTRACTED
g6892,U_g6892/ZN,43.7,28.0,False,54,0.396972,0.27659330399999993,0.941939,1.338911,EXTRACTED
g6894,U_g6894/ZN,103.93,107.8,False,17526,0.0441852,0.06947669999999999,1.119679,1.1638642000000001,EXTRACTED
g6895,U_g6895/ZN,99.94,126.0,False,17640,0.391544,0.45399836000000005,1.119679,1.5112230000000002,EXTRACTED
g6897,U_g6897/ZN,65.36,43.4,False,17662,0.5789719999999999,0.30133436,1.119679,1.698651,EXTRACTED
g6898,U_g6898/ZN,76.19,127.4,False,16700,0.5669042100000001,0.36705734999999995,1.119679,1.6865832100000002,EXTRACTED
g6899,U_g6899/ZN,124.45,8.4,False,7517,0.13301480000000002,0.12736726,3.198064,3.3310788000000002,EXTRACTED
g6900,U_g6900/ZN,64.79,60.2,False,20199,2.006048,0.7123383389700001,1.119679,3.125727,EXTRACTED
g6901,U_g6901/ZN,105.26,51.8,False,16718,0.5219275999999999,0.71452487,1.119679,1.6416066,EXTRACTED
g6902,U_g6902/ZN,111.91,117.6,False,16577,0.8613679999999999,0.5793427500000001,1.119679,1.981047,EXTRACTED
g6906,U_g6906/ZN,67.64,51.8,False,18506,0.7877719999999999,0.8898265980000001,1.119679,1.907451,EXTRACTED
g6907,U_g6907/ZN,65.74,40.6,False,17993,0.09015559999999999,0.22094930000000002,1.119679,1.2098346,EXTRACTED
g6908,U_g6908/ZN,80.56,107.8,False,16549,0.0719664,0.22999114999999998,1.119679,1.1916454,EXTRACTED
g6909,U_g6909/ZN,73.72,21.0,False,18663,0.126626,0.13237153000000002,1.119679,1.246305,EXTRACTED
g691,U_g691/Q,41.8,98.0,True,16598,2.2764884,1.5436437559999998,3.673229,5.9497174,EXTRACTED
g6910,U_g6910/ZN,100.89,40.6,False,17598,1.6634882000000002,2.197986079,1.119679,2.7831672000000003,EXTRACTED
g6911,U_g6911/ZN,82.27,53.2,False,16796,0.6909160000000001,0.3444635,1.119679,1.8105950000000002,EXTRACTED
g6912,U_g6912/ZN,87.59,93.8,False,17621,0.45538799999999996,0.34058683999999995,1.119679,1.575067,EXTRACTED
g6915,U_g6915/ZN,77.33,54.6,False,17639,0.5891166999999999,0.7725209000000002,1.119679,1.7087957,EXTRACTED
g6916,U_g6916/ZN,93.86,68.6,False,17936,2.5642823,1.60728757,1.119679,3.6839613,EXTRACTED
g6918,U_g6918/ZN,75.62,113.4,False,17654,0.1720704,0.37236194,1.119679,1.2917494,EXTRACTED
g6920,output190/Z,106.59,141.4,False,17376,0.513776,0.123287724,0,0.513776,EXTRACTED
g6922,U_g6922/ZN,87.59,71.4,False,16103,0.1475562,0.04916243,1.119679,1.2672352,EXTRACTED
g6923,U_g6923/ZN,64.03,63.0,False,16828,0.244858,0.18403921,1.119679,1.364537,EXTRACTED
g6924,U_g6924/ZN,73.72,99.4,False,16559,0.357892,0.20096182,1.119679,1.4775710000000002,EXTRACTED
g6926,output191/Z,75.62,144.2,False,17786,0.1864236,0.00819002,0,0.1864236,EXTRACTED
g6928,U_g6928/ZN,94.62,60.2,False,20126,0.72539,0.7115212889999999,1.119679,1.845069,EXTRACTED
g6929,U_g6929/ZN,73.91,36.4,False,15875,0.658746,0.65969936,1.119679,1.7784250000000001,EXTRACTED
g6930,U_g6930/ZN,75.43,102.2,False,16409,0.5068039,0.6463744499999999,1.119679,1.6264829,EXTRACTED
g6932,output192/Z,141.74,71.4,False,20260,0.4627,0.31198549999999997,0,0.4627,EXTRACTED
g6934,U_g6934/ZN,79.8,36.4,False,17547,0.316098,0.48929628999999997,1.119679,1.435777,EXTRACTED
g6940,U_g6940/ZN,39.52,23.8,False,57,0.0556296,0.0,0.918145,0.9737746,EXTRACTED
g6941,U_g6941/ZN,110.39,2.8,False,0,1.1373806000000002,0.9869285440000001,9.132552,10.2699326,EXTRACTED
g6942,output193/Z,111.91,144.2,False,16767,0.504582,0.02172274,0,0.504582,EXTRACTED
g6949,output194/Z,145.16,113.4,False,16605,0.285006,0.10986013,0,0.285006,EXTRACTED
g695,U_g695/Q,22.8,81.2,True,16909,1.84703465,1.5277540220000003,7.709863,9.55689765,EXTRACTED
g6955,output195/Z,92.53,142.8,False,16669,0.543772,0.10904178,0,0.543772,EXTRACTED
g6983,U_g6983/ZN,138.89,92.4,False,13026,0.5115719999999999,0.09417351,1.119679,1.631251,EXTRACTED
g6994,U_g6994/ZN,140.22,84.0,False,8994,0.0860406,0.00862472,0.941939,1.0279795999999999,EXTRACTED
g7,U_g7/Q,68.97,35.0,True,16384,1.0806361,1.8934231800000005,1.836939,2.9175751,EXTRACTED
g70,U_g70/Q,33.44,81.2,True,16846,5.410778799999999,1.6288021400000003,3.729714,9.140492799999999,EXTRACTED
g700,U_g700/Q,31.73,100.8,True,16798,1.49524001,1.364010814,3.673229,5.16846901,EXTRACTED
g7032,U_g7032/ZN,60.8,44.8,False,15138,0.10501680000000001,0.15976429999999997,1.119679,1.2246958000000001,EXTRACTED
g704,U_g704/Q,19.19,99.4,True,16614,2.1764506999999997,1.9824479010000002,7.709863,9.8863137,EXTRACTED
g7045,U_g7045/ZN,36.1,26.6,False,5556,1.9735752199999999,2.315439589,8.743854,10.71742922,EXTRACTED
g7046,U_g7046/ZN,63.46,117.6,False,15272,0.0869284,0.118631,0.946814,1.0337424,EXTRACTED
g7050,U_g7050/ZN,62.13,124.6,False,15294,0.01742614,0.0,0.946814,0.96424014,EXTRACTED
g7054,U_g7054/ZN,80.94,7.0,False,16852,0.0495176,0.054713200000000003,0.918145,0.9676626,EXTRACTED
g7055,U_g7055/ZN,50.73,121.8,False,15136,0.0536612,0.17065870000000002,0.946814,1.0004752000000001,EXTRACTED
g7059,U_g7059/ZN,79.99,131.6,False,13092,0.5782339999999999,0.181368222,0.946814,1.525048,EXTRACTED
g7060,U_g7060/ZN,44.08,117.6,False,15677,0.353054,0.33838057,0.946814,1.299868,EXTRACTED
g7061,U_g7061/ZN,81.32,9.8,False,12,0.3292322,0.324075145,3.198064,3.5272962,EXTRACTED
g7062,U_g7062/ZN,89.3,64.4,False,16586,0.19904300000000003,0.12711910999999998,0.918145,1.117188,EXTRACTED
g7063,U_g7063/ZN,57.0,120.4,False,15265,0.1153544,0.027285025,0.946814,1.0621684,EXTRACTED
g7067,U_g7067/ZN,53.01,54.6,False,431,0.049840199999999994,0.08355438,1.70023,1.7500702,EXTRACTED
g7068,U_g7068/ZN,57.76,119.0,False,15177,0.217922,0.20796022500000003,0.946814,1.164736,EXTRACTED
g7071,U_g7071/ZN,56.24,120.4,False,15297,0.15396459999999998,0.11268414500000001,0.946814,1.1007786,EXTRACTED
g7075,U_g7075/ZN,136.99,85.4,False,16682,0.38604,0.47312113399999994,0.918145,1.304185,EXTRACTED
g7088,U_g7088/ZN,13.87,91.0,False,15781,0.1664392,0.27024748,0.946814,1.1132532,EXTRACTED
g709,U_g709/Q,25.27,92.4,True,16607,1.8156227999999999,2.3933045049999997,3.673229,5.4888518,EXTRACTED
g7092,U_g7092/ZN,46.93,124.6,False,16734,0.143954,0.06408578999999999,0.918145,1.062099,EXTRACTED
g7096,U_g7096/ZN,50.73,131.6,False,16841,0.1111732,0.007348932,0.918145,1.0293182,EXTRACTED
g7101,U_g7101/ZN,30.4,110.6,False,944,0.362376,0.48373156,1.70023,2.0626059999999997,EXTRACTED
g7102,U_g7102/ZN,55.67,128.8,False,16792,0.01742614,0.0,0.918145,0.93557114,EXTRACTED
g7106,U_g7106/ZN,116.09,131.6,False,5432,0.48832,0.5120570900000001,1.119679,1.607999,EXTRACTED
g7125,U_g7125/ZN,87.4,50.4,False,13619,0.22218,0.2879312849999999,0.946814,1.168994,EXTRACTED
g7127,U_g7127/ZN,15.96,112.0,False,6049,0.694209,1.02241614,1.83629,2.530499,EXTRACTED
g713,U_g713/Q,32.11,89.6,True,16823,1.94744869,2.167401379,7.709863,9.65731169,EXTRACTED
g7130,U_g7130/ZN,60.99,130.2,False,15281,0.01742614,0.0,0.946814,0.96424014,EXTRACTED
g7131,U_g7131/ZN,62.89,121.8,False,15238,0.26030600000000004,0.630013929,0.946814,1.2071200000000002,EXTRACTED
g7132,U_g7132/ZN,66.5,124.6,False,15038,0.1580066,0.18271859700000004,0.946814,1.1048206,EXTRACTED
g7133,U_g7133/ZN,143.07,71.4,False,19781,0.9121870000000001,0.40753767999999996,1.119679,2.031866,EXTRACTED
g7134,U_g7134/ZN,65.93,140.0,False,15647,0.521234,0.34916038299999996,1.119679,1.640913,EXTRACTED
g7135,U_g7135/ZN,79.99,40.6,False,13315,0.41644400000000004,0.5731463499999999,0.946814,1.363258,EXTRACTED
g7136,U_g7136/ZN,51.11,119.0,False,15313,0.283954,0.28788146197,0.946814,1.230768,EXTRACTED
g7137,U_g7137/ZN,70.11,131.6,False,14837,0.22222999999999998,0.36406974,1.119679,1.341909,EXTRACTED
g7138,U_g7138/ZN,53.96,117.6,False,15248,0.426902,0.6444433700000001,0.946814,1.373716,EXTRACTED
g7139,U_g7139/ZN,53.2,117.6,False,15066,0.212006,0.77649433,0.946814,1.15882,EXTRACTED
g7140,U_g7140/ZN,51.3,107.8,False,15096,0.32555399999999995,0.33713359000000004,0.946814,1.272368,EXTRACTED
g7141,U_g7141/ZN,45.41,113.4,False,15122,0.717544,0.38874947,0.946814,1.664358,EXTRACTED
g7143,U_g7143/ZN,42.37,124.6,False,15510,0.34449799999999997,0.143603825,1.119679,1.464177,EXTRACTED
g7145,U_g7145/ZN,61.94,117.6,False,15146,0.084395,0.0723911,0.946814,1.031209,EXTRACTED
g718,U_g718/Q,44.27,100.8,True,16592,1.505952,1.9196561840000002,3.673229,5.179181,EXTRACTED
g7182,U_g7182/ZN,32.49,29.4,False,2489,0.0891232,0.055182144,0.941939,1.0310622,EXTRACTED
g7183,U_g7183/ZN,40.66,126.0,False,15452,0.14094079999999998,0.3501403,1.119679,1.2606198000000002,EXTRACTED
g7184,U_g7184/ZN,52.25,119.0,False,20900,0.4788347,0.5743139540000001,0.918145,1.3969797,EXTRACTED
g7185,U_g7185/ZN,38.19,32.2,False,2343,0.421062,0.21807115,0.941939,1.363001,EXTRACTED
g7186,U_g7186/ZN,32.68,26.6,False,16765,0.025394399999999998,0.1361614,0.946814,0.9722084000000001,EXTRACTED
g7189,U_g7189/ZN,32.68,121.8,False,15496,0.269494,0.45518698,1.119679,1.389173,EXTRACTED
g7191,U_g7191/ZN,66.31,7.0,False,14160,0.317274,0.37840472999999997,1.119679,1.4369530000000001,EXTRACTED
g7200,U_g7200/ZN,19.57,100.8,False,9302,0.5646260000000001,0.4166751000000001,0.946814,1.5114400000000001,EXTRACTED
g7202,U_g7202/ZN,88.73,61.6,False,1364,0.36678999999999995,0.21835890000000002,1.119679,1.486469,EXTRACTED
g7203,U_g7203/ZN,130.15,110.6,False,5184,0.371798,0.3982442,1.119679,1.4914770000000002,EXTRACTED
g7204,U_g7204/ZN,41.42,126.0,False,15501,0.363724,0.19007199,1.119679,1.483403,EXTRACTED
g7209,U_g7209/ZN,18.43,92.4,False,7086,0.1888698,0.16097873999999998,0.946814,1.1356838,EXTRACTED
g7211,U_g7211/ZN,129.77,114.8,False,5184,0.11182460000000001,0.03153976,1.119679,1.2315036000000001,EXTRACTED
g7217,U_g7217/ZN,13.68,88.2,False,5142,0.68828,0.4494605220000001,0.946814,1.635094,EXTRACTED
g7218,U_g7218/ZN,93.1,141.4,False,5430,0.8238989999999999,0.1439162,1.119679,1.943578,EXTRACTED
g7219,U_g7219/ZN,28.31,121.8,False,15737,0.5429039999999999,0.3058476,1.119679,1.6625830000000001,EXTRACTED
g722,U_g722/Q,26.79,106.4,True,16780,1.8038509999999999,1.2136233720000003,7.709863,9.513714,EXTRACTED
g7224,U_g7224/ZN,15.2,99.4,False,3634,0.0666302,0.08369346800000001,0.946814,1.0134442000000001,EXTRACTED
g7225,U_g7225/ZN,103.74,133.0,False,5432,0.221384,0.15613232000000002,1.119679,1.3410630000000001,EXTRACTED
g7230,U_g7230/ZN,15.2,102.2,False,6473,0.0562674,0.03605924,0.946814,1.0030814000000001,EXTRACTED
g7231,U_g7231/ZN,82.84,133.0,False,5430,0.435048,0.2729249,1.119679,1.5547270000000002,EXTRACTED
g7235,U_g7235/ZN,15.58,105.0,False,5852,0.1168284,0.01864946,0.946814,1.0636424,EXTRACTED
g7236,U_g7236/ZN,81.51,137.2,False,5502,0.24088199999999999,0.07545763999999999,0.77983,1.020712,EXTRACTED
g7240,U_g7240/ZN,64.41,134.4,False,5506,0.0931498,0.03307863,0.77983,0.8729798,EXTRACTED
g7241,U_g7241/ZN,15.58,109.2,False,86,0.0494268,0.0055391,0.941939,0.9913658,EXTRACTED
g7242,U_g7242/ZN,69.35,113.4,False,5128,0.252074,0.16790678999999997,1.119679,1.371753,EXTRACTED
g7244,U_g7244/ZN,83.6,120.4,False,18183,0.5664985,0.5674140459999999,1.119679,1.6861775,EXTRACTED
g7245,U_g7245/ZN,65.55,114.8,False,5424,0.417868,0.31151416899999995,1.119679,1.537547,EXTRACTED
g7246,U_g7246/ZN,41.99,23.8,False,7640,3.4866281400000005,2.5038909209999995,13.87236,17.35898814,EXTRACTED
g7257,U_g7257/ZN,101.84,128.8,False,16835,0.0972544,0.12876172,1.119679,1.2169334,EXTRACTED
g7258,U_g7258/ZN,117.8,123.2,False,5432,0.5854823,0.37042328,1.119679,1.7051613,EXTRACTED
g7260,U_g7260/ZN,39.52,21.0,False,8342,0.6381456000000001,0.40024595500000004,1.83629,2.4744356,EXTRACTED
g7265,U_g7265/ZN,27.93,109.2,False,1497,0.35211380000000003,0.71015748,1.9214440000000002,2.2735578000000003,EXTRACTED
g7269,U_g7269/ZN,140.79,77.0,False,16284,0.687398,0.31024194000000005,0.918145,1.605543,EXTRACTED
g727,U_g727/Q,41.61,103.6,True,16583,1.8168724,1.0774566899999998,3.673229,5.4901014,EXTRACTED
g7271,U_g7271/ZN,87.02,124.6,False,15737,0.9991760000000001,0.8130047,0.946814,1.94599,EXTRACTED
g7277,U_g7277/ZN,15.39,110.6,False,126,0.01977196,0.0,0.918145,0.93791696,EXTRACTED
g7290,U_g7290/ZN,65.74,117.6,False,15666,0.1788312,0.02063508,1.119679,1.2985102000000002,EXTRACTED
g7291,U_g7291/ZN,62.89,124.6,False,15503,0.0642134,0.08195237999999999,1.119679,1.1838924000000002,EXTRACTED
g7292,U_g7292/ZN,49.97,121.8,False,15246,0.231656,0.4461035099999999,1.119679,1.3513350000000002,EXTRACTED
g7293,U_g7293/ZN,58.14,120.4,False,15728,0.36308999999999997,0.3965876300000001,1.119679,1.482769,EXTRACTED
g7294,U_g7294/ZN,60.42,117.6,False,15126,0.346162,0.40700204799999995,1.119679,1.4658410000000002,EXTRACTED
g7295,U_g7295/ZN,56.43,123.2,False,17023,0.8335924,0.609774914,1.119679,1.9532714000000002,EXTRACTED
g7296,U_g7296/ZN,68.4,121.8,False,15399,0.1285762,0.23467648,1.119679,1.2482552,EXTRACTED
g7297,U_g7297/ZN,65.17,123.2,False,15206,0.8216479000000001,0.690410801,1.119679,1.9413269000000002,EXTRACTED
g7298,U_g7298/ZN,49.02,116.2,False,15927,0.9252200000000002,0.628596153,1.119679,2.044899,EXTRACTED
g7299,U_g7299/ZN,47.31,114.8,False,15386,0.334882,0.6405096699999999,1.119679,1.454561,EXTRACTED
g73,U_g73/Q,26.79,128.8,True,16582,1.7754139,0.9747303009999999,3.729714,5.5051279,EXTRACTED
g7300,U_g7300/ZN,47.69,117.6,False,15159,0.7443922,0.453532615,1.119679,1.8640712000000002,EXTRACTED
g7301,U_g7301/ZN,46.17,107.8,False,15320,0.1181856,0.11409813100000002,1.119679,1.2378646,EXTRACTED
g7302,U_g7302/ZN,49.97,105.0,False,15321,0.046665200000000004,0.028854392000000003,1.119679,1.1663442000000002,EXTRACTED
g7303,U_g7303/ZN,62.89,116.2,False,15393,3.1664915999999996,2.5839672228,1.119679,4.2861706,EXTRACTED
g731,U_g731/Q,21.28,114.8,True,16779,1.8376173599999999,1.764941734,7.709863,9.54748036,EXTRACTED
g736,U_g736/Q,27.17,102.2,True,16781,1.4901276,1.0744313259999998,5.337428,6.8275556,EXTRACTED
g7367,U_g7367/ZN,16.72,99.4,False,4497,0.537892,0.18181995,0.918145,1.456037,EXTRACTED
g7368,U_g7368/ZN,115.52,84.0,False,9748,0.244788,0.09693268,0.941939,1.1867269999999999,EXTRACTED
g7375,U_g7375/ZN,16.72,102.2,False,6759,0.1476278,0.09191734400000001,0.918145,1.0657728,EXTRACTED
g7378,U_g7378/ZN,114.38,95.2,False,12747,0.1156406,0.0323363,0.941939,1.0575796,EXTRACTED
g7379,U_g7379/ZN,45.41,22.4,False,3030,0.4656104,0.23898338000000002,0.97463,1.4402404,EXTRACTED
g7384,U_g7384/ZN,16.91,92.4,False,19332,0.13863999999999999,0.045424070000000004,0.918145,1.056785,EXTRACTED
g7385,U_g7385/ZN,16.72,106.4,False,5995,0.1521866,0.006561849999999999,0.918145,1.0703316,EXTRACTED
g7389,U_g7389/ZN,94.24,82.6,False,11982,0.8018879999999999,0.5614758289999999,0.941939,1.743827,EXTRACTED
g7409,U_g7409/ZN,42.18,113.4,False,8123,0.07092219999999999,0.024487982,1.599032,1.6699542,EXTRACTED
g741,PORT/g741,79.055,0.07,False,0,0.22216,0.06669246000000001,0.974659,1.196819,EXTRACTED
g742,PORT/g742,78.495,0.07,False,0,0.14033939999999998,0.08980578,0.974659,1.1149984,EXTRACTED
g743,PORT/g743,74.575,0.07,False,0,0.432132,0.13872111,0.974659,1.4067910000000001,EXTRACTED
g7435,U_g7435/ZN,38.38,30.8,False,8464,0.06602960000000001,0.06355389,0.946814,1.0128436,EXTRACTED
g7438,U_g7438/ZN,21.47,113.4,False,2004,2.1300823,1.5868944640000002,7.79704,9.9271223,EXTRACTED
g744,PORT/g744,75.135,0.07,False,0,0.559108,0.32389547,0.974659,1.533767,EXTRACTED
g7441,U_g7441/ZN,81.13,133.0,False,19800,0.5911422900000001,0.5535758000000001,1.119679,1.7108212900000002,EXTRACTED
g7444,U_g7444/ZN,16.15,110.6,False,47,0.5638683,0.73487616,0.941939,1.5058072999999998,EXTRACTED
g7446,U_g7446/ZN,30.21,133.0,False,0,0.6260334999999999,0.45381249500000004,2.67486,3.3008935,EXTRACTED
g7449,U_g7449/ZN,46.55,116.2,False,11214,0.206112,0.03408071,0.941939,1.148051,EXTRACTED
g745,U_g745/Q,57.38,93.8,True,16033,0.9039879,0.7138483780000001,1.836939,2.7409269,EXTRACTED
g7450,U_g7450/ZN,35.34,140.0,False,0,0.12532483,0.066028884,2.67486,2.8001848299999996,EXTRACTED
g7453,U_g7453/ZN,35.53,137.2,False,7975,0.48593,0.4459641200000001,0.946814,1.432744,EXTRACTED
g7454,U_g7454/ZN,17.67,141.4,False,0,0.7310961,0.7610656359999999,2.67486,3.4059561,EXTRACTED
g7457,U_g7457/ZN,28.31,26.6,False,27408,0.861855,2.0195323099999998,0.918145,1.78,EXTRACTED
g7459,U_g7459/ZN,33.63,138.6,False,8113,0.1802512,0.24320656,0.946814,1.1270652,EXTRACTED
g746,U_g746/Q,51.3,110.6,True,16738,4.71047466,4.604336321500003,4.713333,9.423807660000001,EXTRACTED
g7460,U_g7460/ZN,20.52,134.4,False,0,0.597214,0.5915646600000001,2.67486,3.272074,EXTRACTED
g7465,U_g7465/ZN,25.08,28.0,False,24052,0.09877000000000001,0.0167731,0.918145,1.016915,EXTRACTED
g7466,U_g7466/ZN,17.29,134.4,False,8108,0.8041609999999999,0.706812562,0.946814,1.750975,EXTRACTED
g7467,U_g7467/ZN,24.51,134.4,False,0,0.436582,0.6090800199999999,2.67486,3.111442,EXTRACTED
g7471,U_g7471/ZN,26.03,22.4,False,18901,0.1154374,0.21623587900000002,0.918145,1.0335824,EXTRACTED
g7472,U_g7472/ZN,19.38,134.4,False,8094,0.15935,0.11519995,0.946814,1.1061640000000001,EXTRACTED
g7473,U_g7473/ZN,35.53,130.2,False,0,0.44330163,0.314228236,2.67486,3.11816163,EXTRACTED
g7478,U_g7478/ZN,29.45,23.8,False,15819,0.145408,0.114784648,0.918145,1.063553,EXTRACTED
g7496,U_g7496/ZN,22.61,137.2,False,7968,0.390972,0.168725902,0.946814,1.337786,EXTRACTED
g7497,U_g7497/ZN,27.93,137.2,False,0,0.47142809999999996,0.6147783699999999,2.67486,3.1462880999999996,EXTRACTED
g750,PORT/g750,0.07,82.39,False,0,0.430476,0.061787260000000004,0.77983,1.210306,EXTRACTED
g7503,U_g7503/ZN,30.21,22.4,False,12589,1.1433461,0.58237557,0.918145,2.0614911,EXTRACTED
g7504,U_g7504/ZN,32.49,134.4,False,8106,0.09301759999999999,0.03839403,0.946814,1.0398316,EXTRACTED
g7505,U_g7505/ZN,25.27,141.4,False,0,0.356032,0.40937401800000006,2.67486,3.0308919999999997,EXTRACTED
g7510,U_g7510/ZN,34.2,26.6,False,20918,0.0568056,0.05676646,0.918145,0.9749506,EXTRACTED
g7511,U_g7511/ZN,35.34,22.4,False,10522,0.46218000000000004,0.19871703999999998,0.918145,1.380325,EXTRACTED
g7512,U_g7512/ZN,36.86,141.4,False,0,0.3556257,0.21844779999999997,2.67486,3.0304857,EXTRACTED
g7515,U_g7515/ZN,36.67,130.2,False,8112,0.73069,1.3137693700000002,0.946814,1.6775039999999999,EXTRACTED
g7516,U_g7516/ZN,15.39,141.4,False,0,0.24049560000000003,0.344447226,2.67486,2.9153556,EXTRACTED
g7523,U_g7523/ZN,128.06,89.6,False,23320,0.162194,0.041000926,0.918145,1.080339,EXTRACTED
g7524,U_g7524/ZN,111.72,110.6,False,19741,0.50786414,0.4729299,0.918145,1.4260091400000001,EXTRACTED
g7526,U_g7526/ZN,22.99,140.0,False,7972,0.23482599999999998,0.10496754999999999,0.946814,1.18164,EXTRACTED
g7527,U_g7527/ZN,22.04,138.6,False,0,0.44097,0.21680550500000004,2.67486,3.11583,EXTRACTED
g7533,U_g7533/ZN,80.56,96.6,False,26120,0.08924739999999999,0.1600133266,0.918145,1.0073924,EXTRACTED
g7535,U_g7535/ZN,38.76,144.2,False,8110,0.224526,0.10074825999999999,0.946814,1.17134,EXTRACTED
g7536,U_g7536/ZN,15.77,137.2,False,8091,0.081383,0.095615449,0.946814,1.028197,EXTRACTED
g754,U_g754/Q,14.25,74.2,True,16866,0.6589737,0.749720932,2.619024,3.2779977000000002,EXTRACTED
g7541,U_g7541/ZN,130.15,85.4,False,16654,0.220748,0.294488006,1.119679,1.340427,EXTRACTED
g7542,U_g7542/ZN,23.94,140.0,False,8090,0.27283999999999997,0.182210876,0.946814,1.219654,EXTRACTED
g7547,U_g7547/ZN,96.33,85.4,False,27701,0.309738,0.0997353,0.918145,1.227883,EXTRACTED
g7548,U_g7548/ZN,105.83,95.2,False,24801,0.1690834,0.132377276,0.918145,1.0872283999999999,EXTRACTED
g7549,U_g7549/ZN,141.55,65.8,False,7712,0.17991179999999998,0.1435874,0.941939,1.1218508,EXTRACTED
g755,U_g755/Q,49.21,15.4,True,16073,1.9180773999999998,0.834877602,2.038473,3.9565504000000002,EXTRACTED
g7550,U_g7550/ZN,105.83,2.8,False,0,1.13530989,1.066482438,13.279304,14.41461389,EXTRACTED
g7557,U_g7557/ZN,69.92,100.8,False,19677,2.631961,2.5778820490000003,0.918145,3.550106,EXTRACTED
g7558,U_g7558/ZN,66.5,75.6,False,20564,0.17515440000000002,0.22043011896999998,0.918145,1.0932994,EXTRACTED
g756,U_g756/Q,54.15,32.2,True,16486,6.32766263,2.2400580190000006,2.038473,8.36613563,EXTRACTED
g7562,U_g7562/ZN,104.5,2.8,False,0,1.1422734700000001,0.9322588419999999,11.46663,12.608903470000001,EXTRACTED
g7567,U_g7567/ZN,58.9,67.2,False,20848,0.0449562,0.011687969999999999,0.918145,0.9631012,EXTRACTED
g757,U_g757/Q,83.22,53.2,True,16819,1.2269676999999999,1.5739066490000004,2.619024,3.8459917,EXTRACTED
g7572,U_g7572/ZN,112.29,95.2,False,21798,0.1503716,0.12002951499999999,0.918145,1.0685166,EXTRACTED
g7573,U_g7573/ZN,113.62,85.4,False,24817,0.26990400000000003,0.5387185000000001,0.918145,1.188049,EXTRACTED
g7574,U_g7574/ZN,110.39,9.8,False,0,1.2762999800000001,1.549584524,11.16647,12.442769980000001,EXTRACTED
g758,U_g758/Q,60.8,18.2,True,16221,0.7827112,0.6681024639999998,6.7917179999999995,7.574429199999999,EXTRACTED
g7581,U_g7581/ZN,49.02,123.2,False,11832,0.382869,0.4464329139999999,1.119679,1.502548,EXTRACTED
g7582,U_g7582/ZN,109.44,113.4,False,19745,0.55774,0.39854309,0.918145,1.475885,EXTRACTED
g7583,U_g7583/ZN,69.54,71.4,False,20148,0.0884134,0.15314698000000002,0.918145,1.0065584,EXTRACTED
g7584,U_g7584/ZN,66.12,61.6,False,22858,0.6596298,0.360648883,0.918145,1.5777748,EXTRACTED
g7586,U_g7586/ZN,51.68,130.2,False,12169,0.1645064,0.31166165000000007,1.119679,1.2841854000000001,EXTRACTED
g7587,U_g7587/ZN,106.59,85.4,False,18796,0.051472199999999996,0.14546656000000002,0.918145,0.9696172,EXTRACTED
g7588,U_g7588/ZN,107.92,130.2,False,25266,0.307132,0.1390036,0.918145,1.225277,EXTRACTED
g7590,U_g7590/ZN,56.43,128.8,False,12066,0.314576,0.25104464000000004,1.119679,1.434255,EXTRACTED
g7592,U_g7592/ZN,65.55,71.4,False,22536,0.038048,0.012159102000000001,0.918145,0.956193,EXTRACTED
g7593,U_g7593/ZN,62.89,79.8,False,21685,0.1081444,0.10061326000000001,0.918145,1.0262894,EXTRACTED
g7596,U_g7596/ZN,79.61,71.4,False,23181,0.11752399999999999,0.07070053,0.918145,1.035669,EXTRACTED
g7598,U_g7598/ZN,72.01,70.0,False,23104,1.1120868000000002,0.9734048299999998,0.918145,2.0302318,EXTRACTED
g7599,U_g7599/ZN,76.95,84.0,False,19018,0.484956,0.30177586000000006,0.918145,1.403101,EXTRACTED
g76,U_g76/Q,26.6,100.8,True,16789,4.1070405,1.3740640400000004,3.729714,7.8367545,EXTRACTED
g7613,U_g7613/ZN,40.85,23.8,False,37,0.276758,0.16772564,0.941939,1.218697,EXTRACTED
g762,U_g762/Q,49.02,9.8,True,16103,2.02202992,1.2778424499999996,6.8004,8.82242992,EXTRACTED
g7621,U_g7621/ZN,140.41,82.6,False,16848,0.113032,0.00946648,0.918145,1.031177,EXTRACTED
g7622,U_g7622/ZN,54.15,54.6,False,431,0.430904,0.339597182,0.964824,1.395728,EXTRACTED
g7623,U_g7623/ZN,29.07,99.4,False,634,0.503226,0.31488276900000006,0.941939,1.4451649999999998,EXTRACTED
g7624,U_g7624/ZN,84.55,14.0,False,16891,0.176427,0.15102996999999999,1.70023,1.8766569999999998,EXTRACTED
g7625,U_g7625/ZN,22.99,98.0,False,843,0.483752,0.3197666390000001,0.941939,1.425691,EXTRACTED
g7626,U_g7626/ZN,41.99,120.4,False,20600,0.7918185,0.513258258,1.119679,1.9114975,EXTRACTED
g7632,U_g7632/ZN,49.21,124.6,False,15546,0.361172,0.263404175,1.119679,1.4808510000000001,EXTRACTED
g7638,U_g7638/ZN,23.94,109.2,False,2970,0.51260383,1.12349762,2.67486,3.1874638299999996,EXTRACTED
g7651,U_g7651/ZN,75.05,43.4,False,11961,2.0260897,0.27022426,1.70023,3.7263197,EXTRACTED
g766,U_g766/Q,59.85,15.4,True,16303,5.0192144700000005,1.2639946000000004,6.8004,11.819614470000001,EXTRACTED
g7660,U_g7660/ZN,86.83,128.8,False,19237,0.3017,0.28614937,1.119679,1.4213790000000002,EXTRACTED
g7661,U_g7661/ZN,20.9,119.0,False,5517,0.705537,0.9758708599999999,0.918145,1.623682,EXTRACTED
g7664,U_g7664/ZN,70.68,47.6,False,9088,0.5319389999999999,1.16705878,1.70023,2.232169,EXTRACTED
g7671,U_g7671/ZN,111.15,5.6,False,0,0.460514,0.6338225500000001,1.70023,2.1607439999999998,EXTRACTED
g7674,U_g7674/ZN,105.45,89.6,False,11909,0.391636,0.34905289,0.941939,1.333575,EXTRACTED
g7677,U_g7677/ZN,30.78,127.4,False,0,0.7622040000000001,0.6447748,0.941939,1.7041430000000002,EXTRACTED
g7679,U_g7679/ZN,48.64,28.0,False,1176,0.0827416,0.036138888,0.941939,1.0246806,EXTRACTED
g7680,U_g7680/ZN,25.08,138.6,False,0,0.0781288,0.13153808,0.941939,1.0200678,EXTRACTED
g7681,U_g7681/ZN,31.35,134.4,False,0,0.0437548,0.022710670000000002,0.941939,0.9856938,EXTRACTED
g7682,U_g7682/ZN,18.05,134.4,False,0,0.0808032,0.0313034,0.941939,1.0227422,EXTRACTED
g7683,U_g7683/ZN,31.92,140.0,False,0,0.0517142,0.00523113,0.941939,0.9936532,EXTRACTED
g7684,U_g7684/ZN,14.63,137.2,False,0,0.0487202,0.008469385,0.941939,0.9906592,EXTRACTED
g7685,U_g7685/ZN,37.24,141.4,False,0,0.0828494,0.08549866799999999,0.941939,1.0247884,EXTRACTED
g7686,U_g7686/ZN,30.4,135.8,False,0,0.13703120000000002,0.18038183000000002,0.941939,1.0789702,EXTRACTED
g7688,U_g7688/ZN,27.93,142.8,False,0,0.973131,1.060660244,0.941939,1.91507,EXTRACTED
g7692,U_g7692/ZN,18.81,140.0,False,0,0.49065800000000004,0.3486883,0.941939,1.432597,EXTRACTED
g7696,U_g7696/ZN,41.23,140.0,False,0,0.28488800000000003,0.19590074999999998,0.941939,1.2268270000000001,EXTRACTED
g7697,U_g7697/ZN,34.58,113.4,False,944,0.9109824,0.7399965679999999,4.273892,5.1848744,EXTRACTED
g770,U_g770/Q,58.71,9.8,True,16169,0.8354192300000001,0.8731933379999998,6.8004,7.63581923,EXTRACTED
g7704,U_g7704/ZN,28.88,95.2,False,825,1.05891475,0.629399674,0.941939,2.00085375,EXTRACTED
g7705,U_g7705/ZN,62.32,5.6,False,14197,0.464444,0.30092411100000005,1.119679,1.5841230000000002,EXTRACTED
g7707,U_g7707/ZN,24.89,99.4,False,938,0.483796,0.391079513,0.941939,1.425735,EXTRACTED
g7709,U_g7709/ZN,95.57,56.0,False,1410,0.777552,0.6325112910000003,1.119679,1.8972310000000001,EXTRACTED
g7710,U_g7710/ZN,22.04,93.8,False,673,0.1503826,0.191656853,0.941939,1.0923216,EXTRACTED
g7712,U_g7712/ZN,85.31,50.4,False,12247,2.537105,3.08737052,1.70023,4.237335,EXTRACTED
g7717,U_g7717/ZN,38.19,33.6,False,1176,0.639073,0.7605424,1.664199,2.3032719999999998,EXTRACTED
g7718,U_g7718/ZN,30.97,100.8,False,808,0.69527838,0.64698507,0.941939,1.63721738,EXTRACTED
g7719,U_g7719/ZN,25.84,100.8,False,904,0.23991,0.27833639,0.941939,1.181849,EXTRACTED
g7720,U_g7720/ZN,21.09,102.2,False,853,0.379168,0.44093926,0.941939,1.321107,EXTRACTED
g7721,U_g7721/ZN,29.07,107.8,False,647,0.48890180000000005,0.8608529279999999,0.941939,1.4308408,EXTRACTED
g7722,U_g7722/ZN,14.82,109.2,False,5333,0.10080599999999999,0.00492863,0.946814,1.04762,EXTRACTED
g7730,U_g7730/ZN,38.57,22.4,False,6338,0.314568,0.29171757,0.918145,1.232713,EXTRACTED
g7732,U_g7732/ZN,111.72,102.2,False,10436,1.5968803999999999,1.26286206,0.941939,2.5388194,EXTRACTED
g7734,U_g7734/ZN,109.82,95.2,False,11286,0.344936,0.45163014999999984,0.941939,1.286875,EXTRACTED
g7736,U_g7736/ZN,112.48,85.4,False,11071,0.508436,0.20917107499999996,0.941939,1.450375,EXTRACTED
g7738,U_g7738/ZN,14.82,95.2,False,15035,0.25945599999999996,0.2059725,0.918145,1.177601,EXTRACTED
g7739,U_g7739/ZN,103.93,91.0,False,10656,0.5817867999999999,0.54281797,0.941939,1.5237257999999998,EXTRACTED
g774,U_g774/Q,60.23,16.8,True,16263,1.56654575,1.2272160659999998,6.8004,8.36694575,EXTRACTED
g7740,U_g7740/ZN,17.67,95.2,False,10183,0.47318,0.42667747999999994,0.918145,1.391325,EXTRACTED
g7741,U_g7741/ZN,117.23,91.0,False,11965,0.35689815,0.34785995,0.941939,1.29883715,EXTRACTED
g7742,U_g7742/ZN,17.67,96.6,False,6830,0.07302760000000001,0.07442549000000001,0.918145,0.9911726,EXTRACTED
g7743,U_g7743/ZN,119.13,98.0,False,9954,0.086892,0.013663574000000001,0.941939,1.028831,EXTRACTED
g7744,output197/Z,9.69,144.2,False,0,0.338432,0.0604805,0,0.338432,EXTRACTED
g778,U_g778/Q,60.23,2.8,True,16048,1.3571680000000002,0.9221437299999999,6.8004,8.157568,EXTRACTED
g7818,U_g7818/ZN,46.17,33.6,False,1311,0.235442,0.255494,0.941939,1.177381,EXTRACTED
g7819,U_g7819/ZN,45.6,35.0,False,1255,0.1220016,0.029917512000000004,0.941939,1.0639406,EXTRACTED
g782,U_g782/Q,54.34,9.8,True,16127,1.4977044,0.5807688499999999,6.8004,8.2981044,EXTRACTED
g7820,U_g7820/ZN,41.61,42.0,False,1221,0.0527326,0.01438069,0.941939,0.9946716,EXTRACTED
g7821,U_g7821/ZN,50.16,47.6,False,1129,0.5489492,0.29457848200000003,0.941939,1.4908882,EXTRACTED
g7822,U_g7822/ZN,40.47,44.8,False,1097,0.672714,1.242613274,0.941939,1.6146530000000001,EXTRACTED
g7823,U_g7823/ZN,47.88,37.8,False,1235,0.379416,0.6093599000000001,0.941939,1.321355,EXTRACTED
g7824,U_g7824/ZN,47.31,32.2,False,1315,0.0722416,0.027473749999999998,0.941939,1.0141806,EXTRACTED
g7825,U_g7825/ZN,44.46,32.2,False,1290,0.09385299999999999,0.06129698,0.941939,1.035792,EXTRACTED
g7843,U_g7843/ZN,78.09,75.6,False,17358,0.1110202,0.199911744,1.119679,1.2306992,EXTRACTED
g7846,U_g7846/ZN,16.34,109.2,False,5419,0.0729162,0.041738,0.918145,0.9910612,EXTRACTED
g7852,U_g7852/ZN,54.91,35.0,False,3030,1.2344725600000002,1.2696037820000001,4.87315,6.10762256,EXTRACTED
g786,U_g786/Q,76.57,11.2,True,16894,2.3754942,3.3166485600000004,6.8004,9.1758942,EXTRACTED
g7876,U_g7876/ZN,99.18,103.6,False,2999,0.5041880000000001,0.392679583,0.946814,1.4510020000000001,EXTRACTED
g7879,U_g7879/ZN,91.77,109.2,False,2945,0.769965,0.9970814849999999,0.946814,1.716779,EXTRACTED
g7881,U_g7881/ZN,106.4,107.8,False,2953,0.01742614,0.0,0.946814,0.96424014,EXTRACTED
g7883,U_g7883/ZN,36.48,33.6,False,7640,0.35884214999999997,0.4944696899999999,1.94926,2.30810215,EXTRACTED
g7884,U_g7884/ZN,38.76,36.4,False,26779,0.0301606,0.0,0.946814,0.9769746,EXTRACTED
g7885,U_g7885/ZN,91.39,107.8,False,2809,0.0900408,0.13992363,0.946814,1.0368548,EXTRACTED
g7888,U_g7888/ZN,26.22,29.4,False,23447,0.120407,0.12460418000000001,0.946814,1.067221,EXTRACTED
g7889,U_g7889/ZN,89.87,105.0,False,2792,0.15299500000000002,0.11086747999999999,0.946814,1.099809,EXTRACTED
g7891,U_g7891/ZN,29.45,22.4,False,18314,0.6721552,0.47963463700000014,0.946814,1.6189692,EXTRACTED
g7892,U_g7892/ZN,92.53,105.0,False,2926,0.099772,0.016480866,0.946814,1.046586,EXTRACTED
g7893,U_g7893/ZN,30.4,26.6,False,15244,0.6031979999999999,0.67644589,0.946814,1.550012,EXTRACTED
g7894,U_g7894/ZN,91.96,112.0,False,2795,0.327142,0.7585952100000001,0.946814,1.273956,EXTRACTED
g7895,U_g7895/ZN,31.16,36.4,False,12123,0.29409199999999996,0.233632694,0.946814,1.240906,EXTRACTED
g7897,U_g7897/ZN,125.02,56.0,False,12247,1.4958579799999998,0.8656643500000001,3.89852,5.39437798,EXTRACTED
g7898,U_g7898/ZN,35.91,29.4,False,10058,0.0594354,0.046676999999999996,0.946814,1.0062494,EXTRACTED
g79,U_g79/Q,25.84,123.2,True,16773,1.7142727,1.115898659,3.729714,5.4439867,EXTRACTED
g790,U_g790/Q,78.28,12.6,True,16850,1.0242878,1.2080667559999998,6.8004,7.8246877999999995,EXTRACTED
g7902,U_g7902/ZN,14.63,110.6,False,5054,0.5188077,0.9048326200000001,0.946814,1.4656217,EXTRACTED
g7903,U_g7903/ZN,36.67,137.2,False,0,0.058554,0.037940009999999996,0.97463,1.033184,EXTRACTED
g7905,U_g7905/ZN,33.82,140.0,False,0,0.48593810000000004,0.595602248,0.97463,1.4605681000000001,EXTRACTED
g7907,U_g7907/ZN,80.18,43.4,False,9088,1.5536396,1.031221327,3.89852,5.4521596,EXTRACTED
g7908,U_g7908/ZN,18.05,141.4,False,0,0.0473222,0.013873128000000002,0.97463,1.0219522,EXTRACTED
g7910,U_g7910/ZN,24.13,133.0,False,0,0.37004,0.49376423199999997,0.97463,1.34467,EXTRACTED
g7913,U_g7913/ZN,21.66,138.6,False,0,0.0616216,0.091837375,0.97463,1.0362516,EXTRACTED
g7914,U_g7914/ZN,78.09,16.8,False,11961,1.1517979999999999,0.39475017999999995,3.89852,5.050318,EXTRACTED
g7915,U_g7915/ZN,33.25,134.4,False,0,0.08282479999999999,0.04504137,0.97463,1.0574548,EXTRACTED
g7917,U_g7917/ZN,34.96,140.0,False,0,0.1948082,0.10274617,0.97463,1.1694382,EXTRACTED
g7918,U_g7918/ZN,25.65,141.4,False,0,0.09301040000000001,0.06671186999999999,0.97463,1.0676404,EXTRACTED
g7919,U_g7919/ZN,36.86,142.8,False,0,0.479626,0.10320043,0.97463,1.454256,EXTRACTED
g7920,U_g7920/ZN,17.1,138.6,False,0,0.1047448,0.0,0.97463,1.0793748,EXTRACTED
g7923,U_g7923/ZN,24.32,135.8,False,0,0.060224599999999996,0.143424404,0.97463,1.0348546,EXTRACTED
g7926,U_g7926/ZN,38.76,29.4,False,8518,0.4833202,0.47765421000000013,0.918145,1.4014652,EXTRACTED
g7930,U_g7930/ZN,141.55,81.2,False,12825,0.234326,0.37465931999999996,1.119679,1.3540050000000001,EXTRACTED
g7931,U_g7931/ZN,37.05,137.2,False,8625,0.1825686,0.31294922000000003,0.946814,1.1293826,EXTRACTED
g7932,U_g7932/ZN,109.82,1.4,False,0,0.288466,0.20684244600000004,1.70023,1.988696,EXTRACTED
g7933,U_g7933/ZN,34.2,140.0,False,8718,0.1191556,0.08095903600000001,0.946814,1.0659696,EXTRACTED
g7934,U_g7934/ZN,106.97,4.2,False,0,0.16929539999999998,0.07792512600000001,1.70023,1.8695254,EXTRACTED
g7935,U_g7935/ZN,24.89,134.4,False,8717,0.63382,0.45502071299999997,0.946814,1.580634,EXTRACTED
g7937,U_g7937/ZN,111.15,117.6,False,6532,0.230104,0.13763457399999998,0.941939,1.172043,EXTRACTED
g7939,U_g7939/ZN,13.3,134.4,False,8700,0.6082324,0.77743491,0.946814,1.5550464000000002,EXTRACTED
g794,U_g794/Q,68.97,68.6,True,16591,3.8429002000000003,2.992588536,7.911397,11.7542972,EXTRACTED
g7940,U_g7940/ZN,97.09,127.4,False,5710,2.3338063,3.2945335139999994,0.941939,3.2757453,EXTRACTED
g7942,U_g7942/ZN,99.37,7.0,False,0,0.23824,0.217841067,1.70023,1.93847,EXTRACTED
g7943,U_g7943/ZN,25.46,138.6,False,8605,0.105766,0.35155172,0.946814,1.05258,EXTRACTED
g7945,U_g7945/ZN,34.39,134.4,False,8713,0.4950078,0.5170760099999999,0.946814,1.4418218,EXTRACTED
g7947,U_g7947/ZN,104.31,1.4,False,0,0.20912,0.14346485,1.70023,1.9093499999999999,EXTRACTED
g7948,U_g7948/ZN,28.69,137.2,False,8734,0.574512,0.6148184020000002,0.946814,1.5213260000000002,EXTRACTED
g7949,U_g7949/ZN,28.5,29.4,False,7640,0.79166888,1.3198364099999997,3.89852,4.69018888,EXTRACTED
g7950,U_g7950/ZN,108.49,2.8,False,0,0.224226,0.20321336,1.70023,1.924456,EXTRACTED
g7951,U_g7951/ZN,19.19,141.4,False,8610,0.801272,0.6309699900000001,0.946814,1.748086,EXTRACTED
g7952,U_g7952/ZN,29.45,36.4,False,7640,0.6038051,0.29989061000000006,2.92389,3.5276951,EXTRACTED
g7953,U_g7953/ZN,105.26,1.4,False,0,1.7731755,0.4456364099999999,1.70023,3.4734055,EXTRACTED
g7954,U_g7954/ZN,34.39,138.6,False,8730,0.47540800000000005,0.453204014,0.946814,1.422222,EXTRACTED
g7955,U_g7955/ZN,18.05,140.0,False,8698,0.22123600000000002,0.040563218,0.946814,1.16805,EXTRACTED
g7957,U_g7957/ZN,25.65,134.4,False,8683,0.400136,0.42840692,0.946814,1.34695,EXTRACTED
g7958,U_g7958/ZN,36.1,103.6,False,298,0.6915840500000001,0.8682265400000001,0.941939,1.63352305,EXTRACTED
g7960,U_g7960/ZN,42.56,114.8,False,5889,0.157405,0.101857248,0.918145,1.07555,EXTRACTED
g7962,U_g7962/ZN,36.86,18.2,False,7053,0.7189862,0.8278262499999999,0.946814,1.6658002,EXTRACTED
g7963,U_g7963/ZN,31.73,29.4,False,3375,0.5582583,1.239182438,3.263231,3.8214893,EXTRACTED
g7970,U_g7970/ZN,19.19,92.4,False,19794,0.01742614,0.0,0.946814,0.96424014,EXTRACTED
g7971,U_g7971/ZN,140.79,68.6,False,16277,0.30018599999999995,0.25630619999999993,0.918145,1.218331,EXTRACTED
g7978,U_g7978/ZN,37.43,110.6,False,298,0.35361000000000004,0.361852473,1.664199,2.017809,EXTRACTED
g798,U_g798/Q,68.4,64.4,True,16548,1.7964797,1.5629671520000001,6.219849,8.016328699999999,EXTRACTED
g7981,U_g7981/ZN,84.74,16.8,False,16891,0.333608,0.24666989,1.119679,1.453287,EXTRACTED
g7986,U_g7986/ZN,104.12,4.2,False,0,0.49280999999999997,0.29477738300000006,1.70023,2.19304,EXTRACTED
g7987,U_g7987/ZN,103.17,4.2,False,0,0.0522612,0.077798663,1.70023,1.7524912,EXTRACTED
g7988,U_g7988/ZN,40.66,25.2,False,16308,0.642676,0.5520219879999999,0.946814,1.58949,EXTRACTED
g7990,U_g7990/ZN,103.17,2.8,False,0,0.30804200000000004,0.36434106,1.70023,2.008272,EXTRACTED
g7992,U_g7992/ZN,114.76,1.4,False,0,0.7841290000000001,0.46901987000000006,1.70023,2.484359,EXTRACTED
g7994,U_g7994/ZN,106.02,4.2,False,0,0.32900799999999997,0.32321406,1.70023,2.029238,EXTRACTED
g7996,U_g7996/ZN,108.87,4.2,False,0,0.0681878,0.058333399999999994,1.70023,1.7684178,EXTRACTED
g8,U_g8/Q,43.32,93.8,True,16606,6.2527735,7.516618690999998,1.836939,8.089712500000001,EXTRACTED
g8000,U_g8000/ZN,106.59,5.6,False,0,0.1574724,0.11389071,1.70023,1.8577024,EXTRACTED
g8005,U_g8005/ZN,34.77,28.0,False,20907,0.01742614,0.0,0.946814,0.96424014,EXTRACTED
g8006,U_g8006/ZN,45.03,26.6,False,1737,0.1801928,0.15731919700000002,3.198064,3.3782568,EXTRACTED
g8010,U_g8010/ZN,17.67,92.4,False,15297,0.395382,0.35719843000000007,0.946814,1.342196,EXTRACTED
g8014,U_g8014/ZN,18.43,103.6,False,10569,0.431146,0.35736672999999997,0.946814,1.37796,EXTRACTED
g8018,U_g8018/ZN,18.62,95.2,False,7218,0.100913,0.11496143,0.946814,1.047727,EXTRACTED
g8019,U_g8019/ZN,87.78,9.8,False,12400,0.504848,0.36334918,1.119679,1.624527,EXTRACTED
g802,U_g802/Q,82.65,54.6,True,16785,1.7002872,0.7415529289999996,7.194479,8.8947662,EXTRACTED
g8023,U_g8023/ZN,10.45,96.6,False,4910,0.750624,0.31284957999999996,0.946814,1.697438,EXTRACTED
g8024,U_g8024/ZN,94.62,64.4,False,1203,0.9170744,0.267194116,1.119679,2.0367534000000003,EXTRACTED
g8028,U_g8028/ZN,15.96,103.6,False,6764,0.474814,0.20959492949,0.946814,1.4216280000000001,EXTRACTED
g8032,U_g8032/ZN,18.43,107.8,False,6025,0.0671796,0.039686839999999994,0.946814,1.0139936,EXTRACTED
g8039,U_g8039/ZN,105.64,85.4,False,17127,0.0856222,0.03299016,1.119679,1.2053012,EXTRACTED
g8040,U_g8040/ZN,128.44,86.8,False,21332,0.0792514,0.10752038,1.119679,1.1989304,EXTRACTED
g8041,U_g8041/ZN,111.53,119.0,False,17995,0.212398,0.056994010000000005,1.119679,1.3320770000000002,EXTRACTED
g8042,U_g8042/ZN,79.99,95.2,False,24055,0.35163,0.60198511,1.119679,1.4713090000000002,EXTRACTED
g8043,U_g8043/ZN,113.81,106.4,False,17839,0.5939699999999999,0.3326045749999999,1.119679,1.713649,EXTRACTED
g8044,U_g8044/ZN,82.84,61.6,False,21160,0.5546477000000001,0.539380175,1.119679,1.6743267000000002,EXTRACTED
g8045,U_g8045/ZN,98.61,88.2,False,25484,0.29109999999999997,0.078793008,1.119679,1.410779,EXTRACTED
g8046,U_g8046/ZN,106.4,92.4,False,22709,0.0688468,0.023990622,1.119679,1.1885258,EXTRACTED
g8047,U_g8047/ZN,70.11,61.6,False,17942,1.6075661,2.6924071450000002,1.119679,2.7272451,EXTRACTED
g8048,U_g8048/ZN,64.98,77.0,False,18669,0.25761799999999996,0.23885641,1.119679,1.377297,EXTRACTED
g8049,U_g8049/ZN,59.47,67.2,False,19054,0.580838,0.79107334,1.119679,1.700517,EXTRACTED
g8050,U_g8050/ZN,79.04,72.8,False,21364,2.5721778200000003,2.0312325749999998,1.119679,3.6918568200000004,EXTRACTED
g8051,U_g8051/ZN,111.53,93.8,False,19949,0.13014179999999997,0.13236714600000002,1.119679,1.2498208000000002,EXTRACTED
g8052,U_g8052/ZN,108.87,86.8,False,22702,0.330036,0.43496484299999993,1.119679,1.449715,EXTRACTED
g8053,U_g8053/ZN,71.63,71.4,False,18456,0.292628,0.15632398,1.119679,1.4123070000000002,EXTRACTED
g8054,U_g8054/ZN,72.77,58.8,False,20813,0.896703,0.45500046400000005,1.119679,2.016382,EXTRACTED
g8055,U_g8055/ZN,105.64,127.4,False,23138,0.517964,0.43020286,1.119679,1.6376430000000002,EXTRACTED
g8056,U_g8056/ZN,103.93,7.0,False,0,0.71714794,0.5270168029999999,1.759494,2.47664194,EXTRACTED
g8059,U_g8059/ZN,66.12,71.4,False,20701,0.0726738,0.060509200000000006,1.119679,1.1923528,EXTRACTED
g806,U_g806/Q,82.65,77.0,True,16631,3.05408177,3.1476982639999993,7.137994,10.192075769999999,EXTRACTED
g8060,U_g8060/ZN,64.03,78.4,False,19910,0.266124,0.5925730400000001,1.119679,1.3858030000000001,EXTRACTED
g8061,output198/Z,77.52,144.2,False,0,0.1284752,0.07908734,0,0.1284752,EXTRACTED
g8062,output199/Z,145.73,116.2,False,0,0.1796616,0.21383206999999999,0,0.1796616,EXTRACTED
g8068,U_g8068/ZN,38.76,99.4,False,277,0.0480754,0.016964680000000003,0.941939,0.9900144,EXTRACTED
g8069,U_g8069/ZN,34.77,102.2,False,395,0.6565179999999999,1.089453125,0.941939,1.5984569999999998,EXTRACTED
g8070,U_g8070/ZN,36.29,95.2,False,391,0.0521012,0.007364590000000001,0.941939,0.9940401999999999,EXTRACTED
g8071,U_g8071/ZN,42.18,89.6,False,436,0.6880219000000001,0.19143889600000003,0.941939,1.6299609,EXTRACTED
g8072,U_g8072/ZN,39.52,100.8,False,289,0.915384,0.43954975697000004,0.941939,1.857323,EXTRACTED
g8073,U_g8073/ZN,38.76,100.8,False,408,0.354062,0.12265212,0.941939,1.296001,EXTRACTED
g8074,U_g8074/ZN,40.28,102.2,False,468,0.285204,0.250580708,0.941939,1.2271429999999999,EXTRACTED
g8075,U_g8075/ZN,34.2,103.6,False,430,0.55882,0.5277527169999999,0.941939,1.500759,EXTRACTED
g8081,U_g8081/ZN,105.64,5.6,False,0,1.2841163,1.5013269130000004,2.6392409999999997,3.9233572999999997,EXTRACTED
g8085,U_g8085/ZN,110.01,5.6,False,0,1.3347942,1.2620863039999997,2.6392409999999997,3.9740351999999994,EXTRACTED
g8089,U_g8089/ZN,107.35,7.0,False,0,0.8538287999999999,1.037839878,2.6392409999999997,3.4930698,EXTRACTED
g8094,U_g8094/ZN,102.6,4.2,False,0,0.549524,0.31550882,0.879747,1.429271,EXTRACTED
g8095,U_g8095/ZN,101.84,4.2,False,0,0.14250919999999997,0.020736809999999998,0.879747,1.0222562,EXTRACTED
g8097,U_g8097/ZN,48.83,35.0,False,13698,0.0345966,0.018850339999999997,0.946814,0.9814106,EXTRACTED
g8098,U_g8098/ZN,45.22,40.6,False,14456,0.25871,0.10083247099999999,0.946814,1.205524,EXTRACTED
g8099,U_g8099/ZN,108.87,1.4,False,0,1.2038809,1.0436195780000002,0.879747,2.0836278999999998,EXTRACTED
g810,U_g810/Q,80.94,50.4,True,16839,2.2454582,2.2464649540000003,7.194479,9.4399372,EXTRACTED
g8100,U_g8100/ZN,101.08,1.4,False,0,0.574239,0.6562940860000002,0.879747,1.453986,EXTRACTED
g8101,U_g8101/ZN,44.08,35.0,False,14680,0.10086500000000001,0.04267481,0.946814,1.047679,EXTRACTED
g8102,U_g8102/ZN,46.93,37.8,False,14329,0.1772912,0.09382603999999999,0.946814,1.1241052,EXTRACTED
g8103,U_g8103/ZN,107.73,8.4,False,0,0.7079081,0.64601214,0.879747,1.5876551,EXTRACTED
g8104,U_g8104/ZN,41.23,36.4,False,15160,0.392072,0.38050592,0.946814,1.338886,EXTRACTED
g8105,U_g8105/ZN,108.11,7.0,False,0,0.333396,0.35382273,0.879747,1.213143,EXTRACTED
g8106,U_g8106/ZN,111.53,1.4,False,0,0.7104239999999999,0.8846517700000001,0.879747,1.5901709999999998,EXTRACTED
g8107,U_g8107/ZN,49.21,39.2,False,14734,0.550212,0.0051157400000000006,0.946814,1.497026,EXTRACTED
g8108,U_g8108/ZN,35.15,36.4,False,16937,0.01742614,0.0,0.946814,0.96424014,EXTRACTED
g8109,U_g8109/ZN,112.86,7.0,False,0,0.0513758,0.041726570000000004,0.927525,0.9789008,EXTRACTED
g8110,U_g8110/ZN,109.44,5.6,False,0,1.0468793,1.273037689,3.518988,4.5658673,EXTRACTED
g8115,U_g8115/ZN,109.06,19.6,False,0,0.406626,0.53250941,0.879747,1.286373,EXTRACTED
g8117,U_g8117/ZN,46.74,29.4,False,15430,0.0900056,0.10705867200000001,0.946814,1.0368196,EXTRACTED
g8118,U_g8118/ZN,22.8,30.8,False,16929,1.519958,0.308789221,0.946814,2.4667719999999997,EXTRACTED
g8119,U_g8119/ZN,37.24,26.6,False,14967,0.6881056999999999,0.351673551,0.946814,1.6349197,EXTRACTED
g8120,U_g8120/ZN,22.04,36.4,False,16975,0.0857144,0.16339019999999999,0.946814,1.0325284000000001,EXTRACTED
g8123,U_g8123/ZN,30.21,37.8,False,16111,0.0885524,0.24089374,0.946814,1.0353664,EXTRACTED
g8127,U_g8127/ZN,26.41,36.4,False,16957,0.0428952,0.0,0.946814,0.9897092000000001,EXTRACTED
g8130,U_g8130/ZN,37.24,37.8,False,16053,0.01742614,0.0,0.946814,0.96424014,EXTRACTED
g8135,U_g8135/ZN,38.76,33.6,False,15954,0.0703762,0.06867157,0.946814,1.0171902,EXTRACTED
g8136,U_g8136/ZN,34.01,32.2,False,8154,0.6050154,0.49938726200000005,0.946814,1.5518294,EXTRACTED
g814,U_g814/Q,84.93,64.4,True,16607,1.8950137999999996,1.15416551497,7.137994,9.0330078,EXTRACTED
g8146,U_g8146/ZN,21.28,106.4,False,2970,2.99192087,2.0166435470000006,7.79704,10.78896087,EXTRACTED
g8147,U_g8147/ZN,81.32,23.8,False,9497,0.437698,0.565272615,1.119679,1.557377,EXTRACTED
g8148,U_g8148/ZN,39.71,36.4,False,27838,0.961349,1.3550803951200001,3.263231,4.2245800000000004,EXTRACTED
g8153,U_g8153/ZN,26.79,32.2,False,24508,0.5431607,0.570837468,3.263231,3.8063917000000003,EXTRACTED
g8154,U_g8154/ZN,27.55,32.2,False,19419,0.37241357,0.44489470200000003,3.263231,3.63564457,EXTRACTED
g8157,U_g8157/ZN,25.84,93.8,False,1414,0.29060206999999993,0.018018072,3.263231,3.55383307,EXTRACTED
g8158,U_g8158/ZN,25.84,33.6,False,16374,0.46204160000000005,0.517869477,3.263231,3.7252726000000003,EXTRACTED
g8159,U_g8159/ZN,30.78,32.2,False,13754,0.26619724,0.23772042100000002,3.263231,3.52942824,EXTRACTED
g8161,U_g8161/ZN,35.53,28.0,False,21048,0.88476226,0.8937676499999999,3.263231,4.14799326,EXTRACTED
g8162,U_g8162/ZN,36.29,28.0,False,11700,0.9684551000000001,1.1699459939999999,3.263231,4.2316861,EXTRACTED
g8163,U_g8163/ZN,42.75,116.2,False,16305,0.061272400000000005,0.06928799,0.946814,1.0080864,EXTRACTED
g8164,U_g8164/ZN,120.08,4.2,False,0,0.1320791,0.10857443,2.67486,2.8069390999999997,EXTRACTED
g8167,U_g8167/ZN,96.9,21.0,False,7684,0.238044,0.173905043,0.941245,1.179289,EXTRACTED
g8168,U_g8168/ZN,88.73,28.0,False,7704,0.48121200000000003,0.69330111,0.941245,1.422457,EXTRACTED
g8169,U_g8169/ZN,92.72,26.6,False,7750,0.0415926,0.07148444000000001,0.941245,0.9828376,EXTRACTED
g8170,U_g8170/ZN,95.19,25.2,False,7750,0.33091000000000004,0.26788526,0.941245,1.2721550000000001,EXTRACTED
g8172,U_g8172/ZN,93.48,26.6,False,7514,0.43299,0.771862118,0.941245,1.374235,EXTRACTED
g8173,U_g8173/ZN,137.18,67.2,False,14777,1.0714662,0.5860948080000001,1.119679,2.1911452000000002,EXTRACTED
g8174,U_g8174/ZN,95.95,22.4,False,7718,0.8114520000000001,0.7963777999999998,0.941245,1.752697,EXTRACTED
g8175,U_g8175/ZN,106.02,23.8,False,7522,0.568316,0.47526757999999997,0.941245,1.5095610000000002,EXTRACTED
g8176,U_g8176/ZN,118.56,18.2,False,7522,0.6977051000000001,1.3948827880000003,0.941245,1.6389501000000002,EXTRACTED
g8177,U_g8177/ZN,32.11,35.0,False,17232,0.0950728,0.01570315,0.918145,1.0132178,EXTRACTED
g818,U_g818/Q,88.35,65.8,True,16485,1.8562239999999999,2.0846232320000007,7.194479,9.050703,EXTRACTED
g8180,U_g8180/ZN,47.31,26.6,False,16460,0.323256,0.228603895,0.918145,1.241401,EXTRACTED
g8185,U_g8185/ZN,35.72,105.0,False,16466,0.7588364000000001,0.892056382,0.946814,1.7056504000000001,EXTRACTED
g8187,U_g8187/ZN,24.7,135.8,False,8090,0.4742415,0.279895761,2.618375,3.0926165,EXTRACTED
g8190,U_g8190/ZN,35.15,106.4,False,564,0.22505171000000002,0.14979481,3.198064,3.4231157100000003,EXTRACTED
g8193,U_g8193/ZN,115.14,117.6,False,17919,0.25932,0.05123652000000001,1.119679,1.378999,EXTRACTED
g8194,U_g8194/ZN,80.94,102.2,False,17627,0.056505200000000005,0.040123900000000004,1.119679,1.1761842,EXTRACTED
g8199,U_g8199/ZN,23.18,113.4,False,5101,0.434032,0.326671618,0.918145,1.352177,EXTRACTED
g82,PORT/g82,19.135,147.46,False,0,0.18646759999999998,0.0291346,0.974659,1.1611266,EXTRACTED
g8200,U_g8200/ZN,38.38,141.4,False,8110,0.5922019999999999,0.5657983699999999,2.618375,3.210577,EXTRACTED
g8203,U_g8203/ZN,39.52,144.2,False,7975,0.6108262,0.683876685,2.618375,3.2292012,EXTRACTED
g8206,U_g8206/ZN,32.3,140.0,False,8113,0.544094,0.598908862,2.618375,3.1624689999999998,EXTRACTED
g8209,U_g8209/ZN,59.09,51.8,False,8650,0.0874374,0.0,1.714471,1.8019084,EXTRACTED
g8210,U_g8210/ZN,22.99,144.2,False,8108,0.35737739999999996,0.4803743699999999,2.618375,2.9757523999999997,EXTRACTED
g8214,U_g8214/ZN,18.24,133.0,False,8094,0.2585724,0.06775651,2.618375,2.8769473999999997,EXTRACTED
g8217,U_g8217/ZN,32.87,33.6,False,15940,0.19302619999999998,0.07852568800000001,0.946814,1.1398402,EXTRACTED
g822,U_g822/Q,103.55,64.4,True,16761,1.9749048500000002,2.0924601780000005,7.137994,9.11289885,EXTRACTED
g8220,U_g8220/ZN,37.81,95.2,False,944,1.5087508,1.2545519800000002,4.87315,6.3819008,EXTRACTED
g8221,U_g8221/ZN,18.62,134.4,False,7968,0.6873119999999999,0.53585114,2.618375,3.305687,EXTRACTED
g8224,U_g8224/ZN,22.8,36.4,False,16965,0.333006,0.6047140799999999,0.946814,1.27982,EXTRACTED
g8226,U_g8226/ZN,31.73,134.4,False,8106,0.1866968,0.10111503396999999,2.618375,2.8050718,EXTRACTED
g8230,U_g8230/ZN,29.45,137.2,False,8112,0.5925533199999999,0.43773289,2.618375,3.21092832,EXTRACTED
g8233,U_g8233/ZN,120.46,5.6,False,0,0.06132239999999999,0.15325228999999999,0.941939,1.0032614,EXTRACTED
g8234,U_g8234/ZN,42.18,99.4,False,944,0.7370158,0.7902555600000001,2.92389,3.6609058,EXTRACTED
g8236,U_g8236/ZN,26.22,138.6,False,7972,0.4777719,0.800388582,2.618375,3.0961469,EXTRACTED
g8241,U_g8241/ZN,15.01,137.2,False,8091,0.2244784,0.009302647,2.618375,2.8428534,EXTRACTED
g8244,U_g8244/ZN,81.13,8.4,False,11870,0.374116,0.12633145,1.119679,1.493795,EXTRACTED
g8245,U_g8245/ZN,90.25,67.2,False,1349,0.23310999999999998,0.19414905000000002,1.119679,1.352789,EXTRACTED
g8246,U_g8246/ZN,18.05,109.2,False,5449,0.0301606,0.0,0.946814,0.9769746,EXTRACTED
g8247,U_g8247/ZN,12.16,93.8,False,15456,0.4991696,0.498423602,3.263231,3.7624006000000003,EXTRACTED
g8248,U_g8248/ZN,18.43,96.6,False,10783,0.17924653000000002,0.29577551,3.263231,3.44247753,EXTRACTED
g8249,U_g8249/ZN,20.71,95.2,False,7805,0.6113849499999999,0.7593187690000001,3.263231,3.87461595,EXTRACTED
g8250,U_g8250/ZN,76.76,43.4,False,9708,0.0659844,0.02622805,1.119679,1.1856634000000001,EXTRACTED
g8252,U_g8252/ZN,48.64,29.4,False,15818,0.0491038,0.09215179999999999,0.918145,0.9672488,EXTRACTED
g8253,U_g8253/ZN,18.81,100.8,False,5228,0.9904253999999999,0.5896753800000001,3.263231,4.253656400000001,EXTRACTED
g8254,U_g8254/ZN,78.66,26.6,False,9359,0.1771912,0.2189923,1.119679,1.2968702,EXTRACTED
g8255,U_g8255/ZN,98.04,1.4,False,0,1.1947067,0.8833175700000002,2.6392409999999997,3.8339476999999995,EXTRACTED
g8259,U_g8259/ZN,21.28,100.8,False,7334,0.05452857,0.07449067599999998,3.263231,3.31775957,EXTRACTED
g826,U_g826/Q,86.83,63.0,True,16545,6.343977799999999,3.764346412,6.89199,13.2359678,EXTRACTED
g8260,U_g8260/ZN,79.61,29.4,False,9419,0.34306000000000003,0.29060636,1.119679,1.462739,EXTRACTED
g8261,U_g8261/ZN,100.51,112.0,False,16910,0.5167194,0.44908060299999997,4.116209,4.6329284,EXTRACTED
g8262,U_g8262/ZN,19.95,92.4,False,19541,0.24496907,0.1296761,3.263231,3.50820007,EXTRACTED
g8263,U_g8263/ZN,18.81,106.4,False,6572,0.5516935000000001,0.711687861,3.263231,3.8149245,EXTRACTED
g8264,U_g8264/ZN,96.14,117.6,False,16873,0.9113886,0.6095057700000001,4.116209,5.0275976,EXTRACTED
g8265,U_g8265/ZN,107.16,107.8,False,16917,1.5629165,0.8927722730000001,4.116209,5.6791255,EXTRACTED
g8266,U_g8266/ZN,91.01,106.4,False,16730,0.55595957,0.685674278,4.116209,4.672168569999999,EXTRACTED
g8267,U_g8267/ZN,90.63,102.2,False,16817,1.1939796,1.469186716,4.116209,5.3101886,EXTRACTED
g8268,U_g8268/ZN,45.22,25.2,False,7090,0.25535800000000003,0.332234293,0.918145,1.173503,EXTRACTED
g8269,U_g8269/ZN,93.67,105.0,False,16864,2.3666367999999998,1.2948169170000001,4.116209,6.4828458,EXTRACTED
g8270,U_g8270/ZN,92.53,117.6,False,16259,1.1781616700000002,0.6804804210000001,4.116209,5.294370669999999,EXTRACTED
g8271,output200/Z,100.32,144.2,True,16703,0.1685002,0.00508714,0,0.1685002,EXTRACTED
g8281,U_g8281/ZN,49.59,35.0,False,13423,0.234236,0.2110656,1.119679,1.3539150000000002,EXTRACTED
g8282,U_g8282/ZN,45.22,36.4,False,14883,0.1835424,0.13318971,1.119679,1.3032214,EXTRACTED
g8283,U_g8283/ZN,42.37,42.0,False,14769,0.07308479999999999,0.03465306,1.119679,1.1927638,EXTRACTED
g8284,U_g8284/ZN,48.07,40.6,False,14082,0.15528499999999998,0.12243692,1.119679,1.274964,EXTRACTED
g8285,U_g8285/ZN,48.07,36.4,False,15459,1.0953,1.8493302159999998,1.119679,2.214979,EXTRACTED
g8286,U_g8286/ZN,56.62,37.8,False,15071,5.1541539,2.725312701,1.119679,6.2738329,EXTRACTED
g8287,U_g8287/ZN,47.88,30.8,False,15741,1.1010759,1.458633667,1.119679,2.2207549,EXTRACTED
g8288,U_g8288/ZN,44.27,30.8,False,15173,0.169213,0.06596134,1.119679,1.2888920000000001,EXTRACTED
g8289,U_g8289/ZN,113.05,5.6,False,0,0.0211694,0.014378929999999998,1.70023,1.7213994,EXTRACTED
g829,U_g829/Q,83.79,29.4,True,16900,3.7358766,3.894036148000002,5.975095,9.7109716,EXTRACTED
g8298,U_g8298/ZN,37.62,35.0,False,29997,1.190434,0.7330743509699998,0.918145,2.1085789999999998,EXTRACTED
g83,PORT/g83,56.655,0.07,False,0,0.344374,0.09711425999999998,0.77983,1.124204,EXTRACTED
g8300,U_g8300/ZN,29.83,36.4,False,29996,0.35764,0.5923544030000001,0.918145,1.275785,EXTRACTED
g8301,U_g8301/ZN,21.66,35.0,False,29658,0.059932,0.04334421,0.918145,0.978077,EXTRACTED
g8302,U_g8302/ZN,27.55,30.8,False,23595,0.292078,0.19754355499999998,0.918145,1.210223,EXTRACTED
g8303,U_g8303/ZN,58.52,51.8,False,872,0.89794,0.6524843100000001,1.656515,2.554455,EXTRACTED
g8305,U_g8305/ZN,26.79,33.6,False,26456,0.8599159999999999,0.67174969,0.918145,1.778061,EXTRACTED
g8307,U_g8307/ZN,19.76,35.0,False,31682,0.230442,0.31573808,0.918145,1.148587,EXTRACTED
g8308,U_g8308/ZN,37.05,32.2,False,21748,0.5100221899999999,0.77163587,0.918145,1.42816719,EXTRACTED
g8309,U_g8309/ZN,38.76,106.4,False,16690,0.07427500000000001,0.09035251000000001,0.918145,0.99242,EXTRACTED
g8313,output201/Z,33.25,144.2,False,7975,0.1781268,0.02732884,0,0.1781268,EXTRACTED
g8316,output202/Z,31.54,144.2,False,8113,0.250438,0.00926039,0,0.250438,EXTRACTED
g8318,output203/Z,22.42,144.2,False,8108,0.269718,0.02341655,0,0.269718,EXTRACTED
g8322,U_g8322/ZN,39.33,26.6,False,10036,0.70061069,1.12674295,3.263231,3.96384169,EXTRACTED
g8323,output204/Z,18.05,144.2,False,8094,0.1730656,0.034968115,0,0.1730656,EXTRACTED
g8327,U_g8327/ZN,120.46,4.2,False,0,0.726758,1.07503367,0.97463,1.7013880000000001,EXTRACTED
g8328,output205/Z,19.95,141.4,False,7968,0.49077400000000004,0.220593975,0,0.49077400000000004,EXTRACTED
g833,U_g833/Q,59.66,47.6,True,16398,3.04941757,6.099037614000001,5.994055,9.04347257,EXTRACTED
g8331,output206/Z,22.04,137.2,False,8106,1.0104001999999999,0.52466363,0,1.0104001999999999,EXTRACTED
g8335,output207/Z,28.88,144.2,False,8112,0.1549818,0.02430039,0,0.1549818,EXTRACTED
g8340,output208/Z,26.41,144.2,False,7972,0.07827500000000001,0.09737029999999999,0,0.07827500000000001,EXTRACTED
g8347,output209/Z,34.58,144.2,False,8110,0.209592,0.010866800000000001,0,0.209592,EXTRACTED
g8349,output210/Z,15.39,142.8,False,8091,0.1720176,0.08930247999999999,0,0.1720176,EXTRACTED
g8352,output211/Z,24.13,144.2,False,8090,0.15358839999999999,0.014309555,0,0.15358839999999999,EXTRACTED
g8364,U_g8364/ZN,23.75,86.8,False,16741,0.0392258,0.00656023,0.946814,0.9860398,EXTRACTED
g8365,U_g8365/ZN,19.76,85.4,False,16727,0.604366,0.067630515,0.946814,1.55118,EXTRACTED
g8366,U_g8366/ZN,19.76,109.2,False,9,1.6340118100000003,0.802171165,13.375423999999999,15.00943581,EXTRACTED
g837,U_g837/Q,74.29,65.8,True,16631,3.6820177999999997,5.114416239000002,5.956564,9.6385818,EXTRACTED
g8377,U_g8377/ZN,49.78,102.2,False,16638,0.844553,0.25188526,0.918145,1.7626979999999999,EXTRACTED
g8380,U_g8380/ZN,50.35,29.4,False,14644,0.271352,0.7063022999999999,0.946814,1.218166,EXTRACTED
g8382,U_g8382/ZN,37.62,99.4,False,15047,0.058441,0.19257596999999996,0.946814,1.005255,EXTRACTED
g8383,U_g8383/ZN,43.89,116.2,False,17904,0.20997,0.14333718,0.918145,1.128115,EXTRACTED
g8384,U_g8384/ZN,45.79,30.8,False,13778,0.9692345,0.85903254,1.119679,2.0889135000000003,EXTRACTED
g8385,U_g8385/ZN,43.32,99.4,False,15081,0.23881,0.19465076999999997,0.946814,1.185624,EXTRACTED
g8386,U_g8386/ZN,35.53,95.2,False,14970,0.0495692,0.14636296999999998,0.946814,0.9963832,EXTRACTED
g8387,U_g8387/ZN,37.24,96.6,False,16087,0.083933,0.019814909999999998,0.946814,1.030747,EXTRACTED
g8388,U_g8388/ZN,32.68,36.4,False,4102,0.0232516,0.0287426,0.941939,0.9651906,EXTRACTED
g8389,U_g8389/ZN,34.58,99.4,False,14379,0.477464,0.26052289,0.946814,1.4242780000000002,EXTRACTED
g8390,U_g8390/ZN,42.37,22.4,False,277,1.7085157099999997,1.6512477560000003,13.375423999999999,15.08393971,EXTRACTED
g8399,U_g8399/ZN,34.39,109.2,False,14888,0.349522,0.34574179000000005,0.946814,1.2963360000000002,EXTRACTED
g84,PORT/g84,147.46,143.43,False,0,0.1202134,0.032876615,0.974659,1.0948724,EXTRACTED
g8400,U_g8400/ZN,43.32,102.2,False,14955,0.0428952,0.0,0.946814,0.9897092000000001,EXTRACTED
g8401,U_g8401/ZN,19.19,84.0,False,16841,0.01678782,0.0006383280000000001,0.946814,0.96360182,EXTRACTED
g8402,U_g8402/ZN,18.24,88.2,False,19719,0.1203914,0.09248936999999999,0.918145,1.0385364,EXTRACTED
g8403,U_g8403/ZN,41.04,107.8,False,15951,0.8157350000000001,0.45657072899999995,0.946814,1.7625490000000001,EXTRACTED
g8404,U_g8404/ZN,23.75,93.8,False,16729,0.255448,0.42064231800000007,0.946814,1.2022620000000002,EXTRACTED
g8405,U_g8405/ZN,22.42,95.2,False,18828,0.0674936,0.01570222,0.918145,0.9856386,EXTRACTED
g8406,U_g8406/ZN,16.53,89.6,False,16820,0.342008,0.50795362,0.946814,1.2888220000000001,EXTRACTED
g8407,U_g8407/ZN,21.47,96.6,False,19394,0.390824,0.37593266999999997,0.918145,1.308969,EXTRACTED
g8408,U_g8408/ZN,15.39,96.6,False,16566,0.812504,0.7735841869999999,0.946814,1.759318,EXTRACTED
g8409,U_g8409/ZN,20.33,103.6,False,18256,0.0708668,0.0460306,0.918145,0.9890118,EXTRACTED
g841,U_g841/Q,107.73,63.0,True,16287,3.32688318,3.6630296889999996,5.975095,9.301978179999999,EXTRACTED
g8410,U_g8410/ZN,23.56,99.4,False,16812,0.35271,0.26516751499999996,0.946814,1.2995240000000001,EXTRACTED
g8411,U_g8411/ZN,24.89,89.6,False,17303,0.14106580000000002,0.07444302,0.918145,1.0592108,EXTRACTED
g8412,U_g8412/ZN,22.04,98.0,False,21721,0.34153599999999995,0.324089114,0.918145,1.259681,EXTRACTED
g8413,U_g8413/ZN,21.85,113.4,False,16616,0.363382,0.25664182,0.946814,1.310196,EXTRACTED
g8414,U_g8414/ZN,14.63,92.4,False,19634,0.49404800000000004,0.66928998,0.918145,1.412193,EXTRACTED
g8415,U_g8415/ZN,19.76,107.8,False,21490,0.583806,0.508814224,0.918145,1.501951,EXTRACTED
g8416,U_g8416/ZN,26.79,112.0,False,16673,0.278772,0.5783656699999999,0.946814,1.225586,EXTRACTED
g8417,U_g8417/ZN,19.0,109.2,False,6070,0.26262014,0.012064288,3.263231,3.5258511400000003,EXTRACTED
g8428,U_g8428/ZN,39.52,99.4,False,15146,0.462532,0.34862061000000005,1.119679,1.582211,EXTRACTED
g8429,U_g8429/ZN,43.32,95.2,False,15194,0.302542,0.059161599999999995,1.119679,1.422221,EXTRACTED
g8430,U_g8430/ZN,37.05,95.2,False,15059,0.7370420000000001,0.13912923000000002,1.119679,1.8567210000000003,EXTRACTED
g8431,U_g8431/ZN,38.76,96.6,False,16233,0.392228,0.45946269999999995,1.119679,1.5119070000000001,EXTRACTED
g8432,U_g8432/ZN,34.77,91.0,False,14464,0.292436,0.63149883,1.119679,1.412115,EXTRACTED
g8433,U_g8433/ZN,39.33,106.4,False,15006,0.5869169999999999,0.86261227,1.119679,1.706596,EXTRACTED
g8434,U_g8434/ZN,44.46,102.2,False,14845,0.1086216,0.06463862999999999,1.119679,1.2283006,EXTRACTED
g8435,U_g8435/ZN,38.0,96.6,False,16113,0.47203000000000006,1.20969976,1.119679,1.5917090000000003,EXTRACTED
g845,U_g845/Q,81.32,44.8,True,16424,3.8041529499999998,5.305445531,5.994055,9.79820795,EXTRACTED
g8451,U_g8451/ZN,25.27,113.4,False,11310,0.5480741,0.5712881399999999,3.426707,3.9747811,EXTRACTED
g8461,U_g8461/ZN,27.55,28.0,False,3091,1.531208,0.29269424,0.941939,2.473147,EXTRACTED
g8462,U_g8462/ZN,23.94,33.6,False,2924,0.930952,0.8289280899999999,0.941939,1.872891,EXTRACTED
g8463,U_g8463/ZN,21.85,33.6,False,2907,0.246352,0.23243861700000001,0.941939,1.188291,EXTRACTED
g8464,U_g8464/ZN,27.74,35.0,False,3674,0.1550164,0.15586823,0.941939,1.0969554,EXTRACTED
g8465,U_g8465/ZN,114.0,5.6,False,0,0.6942208,0.7192904769999999,3.5433519999999996,4.2375728,EXTRACTED
g8469,U_g8469/ZN,33.44,42.0,False,3034,0.6459733000000001,0.46936153,0.941939,1.5879123000000002,EXTRACTED
g8470,U_g8470/ZN,30.59,28.0,False,3759,0.9769180000000001,1.237173216,0.941939,1.918857,EXTRACTED
g8471,U_g8471/ZN,34.77,22.4,False,21249,0.9412554,0.49976497000000003,0.918145,1.8594004,EXTRACTED
g8474,U_g8474/ZN,44.84,117.6,False,16170,0.05059,0.0179185,0.946814,0.9974040000000001,EXTRACTED
g8488,U_g8488/ZN,42.56,26.6,False,11311,0.6875456,0.5861894220000001,3.426707,4.1142526,EXTRACTED
g849,U_g849/Q,90.25,47.6,True,16768,2.42581252,2.1964261870000006,5.949192,8.375004520000001,EXTRACTED
g8499,U_g8499/ZN,42.18,96.6,False,11253,0.4841236,0.561966979,0.946814,1.4309376,EXTRACTED
g85,PORT/g85,116.015,147.46,False,0,0.8100759999999999,0.0,0.974659,1.784735,EXTRACTED
g8501,U_g8501/ZN,30.02,117.6,False,3,0.273684,0.12077162999999999,1.621225,1.894909,EXTRACTED
g8502,U_g8502/ZN,28.5,112.0,False,1,0.753239,0.46485975059999995,3.180572,3.9338110000000004,EXTRACTED
g8505,U_g8505/ZN,40.09,106.4,False,13936,0.276336,0.041587025,1.119679,1.3960150000000002,EXTRACTED
g8506,U_g8506/ZN,28.31,119.0,False,2,0.09739840000000001,0.05179489,1.650377,1.7477754,EXTRACTED
g8507,U_g8507/ZN,27.93,110.6,False,3,0.062050400000000006,0.12317887999999999,1.70023,1.7622803999999999,EXTRACTED
g8508,U_g8508/ZN,23.94,88.2,False,1566,0.0763702,0.02387736,0.941939,1.0183092,EXTRACTED
g8509,U_g8509/ZN,25.84,114.8,False,9,0.83294,1.02389346,0.97463,1.8075700000000001,EXTRACTED
g8510,U_g8510/ZN,20.14,86.8,False,1499,0.44286800000000004,0.24921496699999998,0.941939,1.384807,EXTRACTED
g8511,U_g8511/ZN,27.74,117.6,False,2,0.1668806,0.040408098,0.97463,1.1415106,EXTRACTED
g8512,U_g8512/ZN,26.41,110.6,False,2,0.9669266,0.819002076,3.240663,4.2075896,EXTRACTED
g853,U_g853/Q,87.02,54.6,True,16768,4.2274869,4.165453438000001,5.958769,10.186255899999999,EXTRACTED
g8541,U_g8541/ZN,53.58,18.2,False,121,0.323358,0.30531298999999995,1.621225,1.944583,EXTRACTED
g8542,U_g8542/ZN,51.3,19.6,False,1,0.5060506,0.321248944,3.180572,3.6866226,EXTRACTED
g8545,U_g8545/ZN,51.87,21.0,False,80,0.244264,0.52597134,1.650377,1.894641,EXTRACTED
g8546,U_g8546/ZN,47.69,19.6,False,101,0.351838,0.27440549399999997,1.70023,2.052068,EXTRACTED
g8547,U_g8547/ZN,21.66,30.8,False,3600,0.7409129999999999,0.273737364,0.941939,1.682852,EXTRACTED
g8548,U_g8548/ZN,45.98,18.2,False,277,0.46103099999999997,0.58576014,0.97463,1.435661,EXTRACTED
g8549,U_g8549/ZN,53.2,26.6,False,74,0.5238901,0.55596811,0.97463,1.4985201,EXTRACTED
g8550,U_g8550/ZN,17.48,86.8,False,1391,0.257936,0.211813778,0.941939,1.199875,EXTRACTED
g8551,U_g8551/ZN,48.45,19.6,False,2,0.9724097,1.078839769,3.249409,4.2218187,EXTRACTED
g8552,U_g8552/ZN,33.44,36.4,False,17116,0.0696998,0.036287105,0.918145,0.9878448,EXTRACTED
g8553,U_g8553/ZN,22.99,95.2,False,1434,0.180535,0.327274952,0.941939,1.122474,EXTRACTED
g8554,U_g8554/ZN,22.61,89.6,False,1182,0.078323,0.09871135,0.941939,1.020262,EXTRACTED
g8555,U_g8555/ZN,20.33,102.2,False,1145,0.1565348,0.152842766,0.941939,1.0984738,EXTRACTED
g8556,U_g8556/ZN,21.28,93.8,False,1492,0.857968,0.23514883,0.941939,1.799907,EXTRACTED
g8557,U_g8557/ZN,16.91,114.8,False,1393,0.720896,0.5138877550000002,0.941939,1.6628349999999998,EXTRACTED
g8558,U_g8558/ZN,15.01,113.4,False,21509,0.38891000000000003,0.086931692,0.918145,1.307055,EXTRACTED
g8559,U_g8559/ZN,58.71,29.4,False,18916,0.451426,0.247293882,1.119679,1.5711050000000002,EXTRACTED
g8561,output212/Z,104.88,141.4,False,17376,0.518958,0.15147098,0,0.518958,EXTRACTED
g8562,output213/Z,74.67,144.2,False,17786,0.16133160000000002,0.00508714,0,0.16133160000000002,EXTRACTED
g8563,output214/Z,145.73,67.2,False,20260,0.0924394,0.010676084,0,0.0924394,EXTRACTED
g8564,output215/Z,106.78,144.2,False,16767,0.1743498,0.005862864000000001,0,0.1743498,EXTRACTED
g8565,output216/Z,144.59,120.4,False,16605,0.5441480000000001,0.35775203,0,0.5441480000000001,EXTRACTED
g8566,output217/Z,98.8,144.2,False,16669,0.10173779999999999,0.120961,0,0.10173779999999999,EXTRACTED
g857,U_g857/Q,89.87,51.8,True,16772,2.7255256,3.80542353,5.973324,8.698849599999999,EXTRACTED
g8574,U_g8574/ZN,114.57,14.0,False,0,0.510052,0.111739091,1.70023,2.210282,EXTRACTED
g8598,U_g8598/ZN,39.33,30.8,False,3681,0.208216,0.17587979999999998,0.941939,1.150155,EXTRACTED
g8599,U_g8599/ZN,46.36,23.8,False,101,0.5604271999999999,0.53288682,1.599032,2.1594591999999997,EXTRACTED
g86,PORT/g86,147.46,125.51,False,0,0.13605679999999998,0.18622516,0.77983,0.9158868,EXTRACTED
g8602,U_g8602/ZN,19.95,84.0,False,17194,0.53717,0.15677061,0.918145,1.4553150000000001,EXTRACTED
g8603,U_g8603/ZN,41.04,12.6,False,5179,0.547178,0.088585949,1.599032,2.14621,EXTRACTED
g8605,U_g8605/ZN,19.95,95.2,False,17099,0.23197399999999999,0.50496307,0.918145,1.150119,EXTRACTED
g8607,U_g8607/ZN,24.13,89.6,False,16982,0.334238,0.07619609,0.918145,1.252383,EXTRACTED
g8609,U_g8609/ZN,22.42,103.6,False,16659,0.0387134,0.006561849999999999,0.918145,0.9568584,EXTRACTED
g861,U_g861/Q,60.61,12.6,True,16185,5.080576829999999,4.919816323999999,5.976248,11.05682483,EXTRACTED
g8611,U_g8611/ZN,21.66,103.6,False,17090,0.4621,0.49150932449000007,0.918145,1.380245,EXTRACTED
g8612,U_g8612/ZN,101.27,126.0,False,23545,0.6744020000000001,0.4153842,0.918145,1.5925470000000002,EXTRACTED
g8614,U_g8614/ZN,28.5,86.8,False,17202,0.32379,0.14822354000000001,0.918145,1.241935,EXTRACTED
g8615,U_g8615/ZN,23.37,107.8,False,17073,0.25853600000000004,0.410310988,0.918145,1.176681,EXTRACTED
g8616,U_g8616/ZN,107.54,120.4,False,18471,0.5127112,0.4095743449999999,0.918145,1.4308562,EXTRACTED
g8617,U_g8617/ZN,113.43,7.0,False,0,0.5905682299999999,0.37239559999999994,6.361144,6.95171223,EXTRACTED
g8623,U_g8623/ZN,124.64,102.2,False,21184,0.18060520000000002,0.16240819699999998,0.918145,1.0987502,EXTRACTED
g8627,U_g8627/ZN,92.91,95.2,False,18590,0.0607878,0.070787115,0.918145,0.9789327999999999,EXTRACTED
g8628,U_g8628/ZN,90.06,107.8,False,18815,1.2513865,1.21358984,0.918145,2.1695314999999997,EXTRACTED
g8629,U_g8629/ZN,99.18,113.4,False,18532,0.5853299000000001,0.818040624,0.918145,1.5034749,EXTRACTED
g8630,U_g8630/ZN,106.59,121.8,False,18595,0.201472,0.160669684,0.918145,1.119617,EXTRACTED
g8631,U_g8631/ZN,45.6,117.6,False,19580,0.11314640000000001,0.040489821999999995,1.119679,1.2328254,EXTRACTED
g8638,U_g8638/ZN,35.91,36.4,False,19740,0.6590365,0.7479124599999999,0.918145,1.5771815,EXTRACTED
g8639,U_g8639/ZN,16.91,43.4,False,19559,0.8561918,0.703805094,0.918145,1.7743368,EXTRACTED
g8641,U_g8641/ZN,20.71,36.4,False,19580,0.227438,0.106537482,0.918145,1.145583,EXTRACTED
g8642,U_g8642/ZN,116.28,5.6,False,0,0.6169123,0.7763761500000002,1.8927749999999999,2.5096873,EXTRACTED
g8643,U_g8643/ZN,24.51,86.8,False,17267,0.0355518,0.06540561,0.918145,0.9536968,EXTRACTED
g8644,U_g8644/ZN,28.69,37.8,False,17025,0.424788,0.4497234550000001,0.918145,1.342933,EXTRACTED
g8645,U_g8645/ZN,27.55,36.4,False,19707,0.211754,0.10794817500000001,0.918145,1.129899,EXTRACTED
g8646,U_g8646/ZN,17.1,37.8,False,20271,0.861637,0.22868435999999998,0.918145,1.779782,EXTRACTED
g8647,U_g8647/ZN,38.0,37.8,False,16968,0.095067,0.00139839,0.918145,1.013212,EXTRACTED
g8648,U_g8648/ZN,27.74,120.4,False,9186,0.0515084,0.061583969999999995,1.650377,1.7018853999999999,EXTRACTED
g8649,U_g8649/ZN,36.86,100.8,False,16734,5.36900677,0.87041244,1.119679,6.48868577,EXTRACTED
g865,U_g865/Q,83.79,18.2,True,16890,4.6334336899999995,4.956128346999998,4.319254,8.95268769,EXTRACTED
g8651,U_g8651/ZN,105.83,112.0,False,5618,0.29494,0.661729878,0.941939,1.236879,EXTRACTED
g8652,U_g8652/ZN,97.09,116.2,False,5691,0.22864,0.263754667,0.941939,1.170579,EXTRACTED
g8653,U_g8653/ZN,110.01,99.4,False,5695,1.2262479000000002,0.8194855499999999,0.941939,2.1681869000000003,EXTRACTED
g8654,U_g8654/ZN,88.35,107.8,False,5333,0.0627492,0.10933003,0.941939,1.0046882,EXTRACTED
g8655,U_g8655/ZN,88.73,105.0,False,5717,0.1527976,0.21944621,0.941939,1.0947366,EXTRACTED
g8659,U_g8659/ZN,128.25,100.8,False,5448,0.601576,0.182332024,0.941939,1.543515,EXTRACTED
g8663,U_g8663/ZN,84.36,120.4,False,5223,0.9167639999999999,1.2221655290000002,0.941939,1.8587029999999998,EXTRACTED
g868,U_g868/Q,35.53,91.0,True,16618,1.0226739999999999,1.3910705869999997,1.860733,2.883407,EXTRACTED
g8683,U_g8683/ZN,59.47,22.4,False,9037,1.11534765,0.30617067000000003,1.664199,2.77954665,EXTRACTED
g8687,U_g8687/ZN,20.33,112.0,False,1201,0.0739846,0.0781268,0.941939,1.0159236,EXTRACTED
g8688,U_g8688/ZN,27.55,110.6,False,3,1.94994881,1.9672932419999998,7.430785,9.38073381,EXTRACTED
g869,U_g869/Q,57.19,86.8,True,16635,4.60872775,2.1995178989999995,2.7788779999999997,7.38760575,EXTRACTED
g8693,U_g8693/ZN,31.16,105.0,False,5614,0.399926,0.23240506000000002,0.941939,1.3418649999999999,EXTRACTED
g8696,U_g8696/ZN,41.23,30.8,False,11311,2.6886597199999995,2.0780079419999997,8.77167,11.46032972,EXTRACTED
g87,PORT/g87,147.46,124.39,False,0,0.1819908,0.05927192,0.77983,0.9618208,EXTRACTED
g8700,U_g8700/ZN,118.75,9.8,False,0,2.7525414,1.6296854359700002,9.827475,12.5800164,EXTRACTED
g8705,U_g8705/ZN,30.59,96.6,False,16803,0.160794,0.1013338,0.918145,1.078939,EXTRACTED
g8709,U_g8709/ZN,22.61,109.2,False,11310,2.6019556999999995,1.6916991639999999,8.77167,11.3736257,EXTRACTED
g8715,U_g8715/ZN,21.85,112.0,False,16800,0.0932612,0.06597077800000001,0.918145,1.0114062,EXTRACTED
g8718,U_g8718/ZN,36.67,138.6,False,7975,0.140466,0.49000259999999995,0.941939,1.082405,EXTRACTED
g872,PORT/g872,77.375,147.46,False,0,0.21757800000000002,0.092043472,0.974659,1.192237,EXTRACTED
g8720,U_g8720/ZN,29.45,134.4,False,8113,0.5677696999999999,0.51862034,0.941939,1.5097087,EXTRACTED
g8722,U_g8722/ZN,18.43,141.4,False,8108,0.0781196,0.17735095,0.941939,1.0200586,EXTRACTED
g8724,U_g8724/ZN,19.19,135.8,False,8094,0.5464680000000001,0.41465566600000003,0.941939,1.488407,EXTRACTED
g8726,U_g8726/ZN,22.42,138.6,False,7968,0.0546988,0.02700935,0.941939,0.9966378,EXTRACTED
g8728,U_g8728/ZN,32.87,133.0,False,8106,0.7541739999999999,0.6337488120000001,0.941939,1.696113,EXTRACTED
g873,PORT/g873,147.46,116.55,False,0,0.311116,0.032618403000000004,0.974659,1.2857750000000001,EXTRACTED
g8730,U_g8730/ZN,37.43,138.6,False,8112,0.45358,0.46510017000000003,0.941939,1.395519,EXTRACTED
g8731,U_g8731/ZN,26.79,141.4,False,7972,0.421298,0.227199572,0.941939,1.363237,EXTRACTED
g8732,U_g8732/ZN,30.02,144.2,False,8110,0.283066,0.60534901,0.941939,1.225005,EXTRACTED
g8733,U_g8733/ZN,15.58,138.6,False,8091,0.0538646,0.0026128619999999997,0.941939,0.9958036,EXTRACTED
g8734,U_g8734/ZN,25.46,135.8,False,8090,0.751139,0.0719306,0.941939,1.6930779999999999,EXTRACTED
g8737,U_g8737/ZN,29.64,120.4,False,1,0.1322808,0.11173170000000002,1.621225,1.7535058,EXTRACTED
g8738,U_g8738/ZN,33.82,113.4,False,3,0.651036,1.0316372999999999,1.621225,2.272261,EXTRACTED
g874,U_g874/Q,34.77,82.6,True,16831,0.7370439000000001,0.9051162500000001,2.038473,2.7755169000000004,EXTRACTED
g8742,U_g8742/ZN,39.71,35.0,False,16617,0.01823448,0.0,0.918145,0.93637948,EXTRACTED
g8743,U_g8743/ZN,113.81,4.2,False,0,0.836746,0.4800082667,1.70023,2.536976,EXTRACTED
g8744,U_g8744/ZN,111.15,7.0,False,0,0.433652,0.17194245000000002,1.70023,2.133882,EXTRACTED
g8745,U_g8745/ZN,110.39,5.6,False,0,0.440612,0.6661654640000001,1.70023,2.140842,EXTRACTED
g8746,U_g8746/ZN,112.48,8.4,False,0,0.1124222,0.0432906,1.70023,1.8126521999999998,EXTRACTED
g8748,U_g8748/ZN,49.4,29.4,False,120,2.8760638,1.2842350669999998,8.477451,11.3535148,EXTRACTED
g875,U_g875/Q,46.36,86.8,True,16632,0.6930938999999999,1.43338986,2.038473,2.7315669000000002,EXTRACTED
g8757,U_g8757/ZN,52.25,19.6,False,101,0.25689799999999996,0.1248642,1.621225,1.878123,EXTRACTED
g876,U_g876/Q,83.41,15.4,True,16911,1.2884302,1.298973976,2.619024,3.9074542,EXTRACTED
g8763,U_g8763/ZN,27.36,113.4,False,2,3.0442506000000003,1.862683025,8.477451,11.5217016,EXTRACTED
g8765,U_g8765/ZN,108.3,123.2,False,16864,0.53795,0.36454746000000005,1.119679,1.657629,EXTRACTED
g8766,U_g8766/ZN,113.81,126.0,False,21732,0.13261520000000002,0.10036388,1.119679,1.2522942000000001,EXTRACTED
g8767,U_g8767/ZN,105.26,114.8,False,16861,0.147665,0.2538666,1.119679,1.267344,EXTRACTED
g8768,U_g8768/ZN,127.3,100.8,False,19286,0.803404,0.6691398909999999,1.119679,1.923083,EXTRACTED
g8769,U_g8769/ZN,89.87,114.8,False,16749,0.213814,0.5221938500000001,1.119679,1.333493,EXTRACTED
g877,PORT/g877,147.46,42.63,False,0,0.36338,0.08083111,0.974659,1.338039,EXTRACTED
g8770,U_g8770/ZN,113.05,112.0,False,16828,0.28332,0.241402024,1.119679,1.402999,EXTRACTED
g8771,U_g8771/ZN,101.08,116.2,False,17151,1.345838,0.6656710519999999,1.119679,2.465517,EXTRACTED
g8772,U_g8772/ZN,93.29,93.8,False,16907,0.042044,0.02996434,1.119679,1.161723,EXTRACTED
g8773,U_g8773/ZN,121.98,105.0,False,17610,0.11505560000000001,0.00464705,1.119679,1.2347346000000001,EXTRACTED
g8774,U_g8774/ZN,87.59,107.8,False,16659,0.0710382,0.010189400000000001,1.119679,1.1907172000000001,EXTRACTED
g8775,U_g8775/ZN,91.01,127.4,False,17197,0.5597942,0.7216356,1.119679,1.6794732,EXTRACTED
g8776,U_g8776/ZN,89.87,102.2,False,17587,0.1475648,0.09159606,1.119679,1.2672438000000001,EXTRACTED
g8777,U_g8777/ZN,135.66,103.6,False,16488,0.28156,0.017218999999999998,1.119679,1.4012390000000001,EXTRACTED
g8778,U_g8778/ZN,26.6,103.6,False,1,0.48227275000000003,0.50206753,0.946814,1.4290867500000002,EXTRACTED
g8779,U_g8779/ZN,91.96,127.4,False,16634,0.1427648,0.05465899999999999,1.119679,1.2624438,EXTRACTED
g878,U_g878/Q,76.19,9.8,True,16927,2.8934954999999998,2.5462478390000007,5.402902,8.2963975,EXTRACTED
g8783,U_g8783/ZN,112.1,9.8,False,0,0.1950892,0.10712912000000001,0.964824,1.1599132,EXTRACTED
g8786,U_g8786/ZN,43.13,42.0,False,7618,0.466086,0.30567036000000003,0.946814,1.4129,EXTRACTED
g8789,U_g8789/ZN,27.93,37.8,False,7580,0.1984574,0.023032789999999997,0.946814,1.1452714,EXTRACTED
g8791,U_g8791/ZN,23.94,35.0,False,7340,0.17079080000000002,0.02992662,0.946814,1.1176048,EXTRACTED
g8793,U_g8793/ZN,24.7,33.6,False,15048,0.7517280000000001,0.297846399,0.946814,1.6985420000000002,EXTRACTED
g8796,U_g8796/ZN,28.31,39.2,False,7632,0.0770916,0.010163450000000001,0.946814,1.0239056,EXTRACTED
g8799,U_g8799/ZN,38.76,39.2,False,14872,0.4842858,0.716620918,0.946814,1.4310998000000001,EXTRACTED
g88,PORT/g88,71.215,147.46,False,0,0.1397974,0.05017846000000001,0.77983,0.9196274,EXTRACTED
g8801,U_g8801/ZN,40.47,35.0,False,15098,0.1357882,0.015999611,0.946814,1.0826022,EXTRACTED
g8806,U_g8806/ZN,41.04,138.6,False,16600,0.38369400000000004,0.3770659599999999,1.70023,2.083924,EXTRACTED
g881,PORT/g881,147.46,44.87,False,0,0.332862,0.106104661,0.77983,1.112692,EXTRACTED
g8810,U_g8810/ZN,33.44,141.4,False,16831,0.6927180000000001,0.6286773020000002,1.70023,2.392948,EXTRACTED
g8811,U_g8811/ZN,20.71,141.4,False,16825,0.0712984,0.036203900000000004,1.70023,1.7715284,EXTRACTED
g8812,U_g8812/ZN,25.46,133.0,False,16794,0.6909353,0.40273978,1.70023,2.3911653,EXTRACTED
g8813,U_g8813/ZN,23.18,138.6,False,16573,0.565302,0.44369387600000004,1.70023,2.265532,EXTRACTED
g8814,U_g8814/ZN,37.62,141.4,False,16819,0.624706,0.44247797,1.70023,2.324936,EXTRACTED
g8815,U_g8815/ZN,35.53,131.6,False,16846,0.8062879999999999,0.22875245000000002,1.70023,2.506518,EXTRACTED
g8816,U_g8816/ZN,27.93,135.8,False,16582,0.5301760000000001,0.27147856,1.70023,2.230406,EXTRACTED
g8817,U_g8817/ZN,38.0,144.2,False,16840,0.34838399999999997,0.547402,1.70023,2.0486139999999997,EXTRACTED
g8818,U_g8818/ZN,16.34,138.6,False,16789,0.411716,0.78122222949,1.70023,2.111946,EXTRACTED
g8819,U_g8819/ZN,28.12,127.4,False,16773,1.4108923,0.293202155,1.70023,3.1111223,EXTRACTED
g882,U_g882/Q,81.32,33.6,True,16906,0.45662600000000003,0.569744555,2.619024,3.07565,EXTRACTED
g8820,U_g8820/ZN,33.25,96.6,False,16014,0.0903054,0.042108123,1.119679,1.2099844000000002,EXTRACTED
g8821,U_g8821/ZN,25.65,86.8,False,15864,0.12729700000000002,0.039549088,0.946814,1.074111,EXTRACTED
g8822,U_g8822/ZN,24.7,88.2,False,15634,0.36793600000000004,0.029605999999999997,0.946814,1.31475,EXTRACTED
g8823,U_g8823/ZN,30.78,109.2,False,5613,0.440114,0.290770988,1.599032,2.039146,EXTRACTED
g8824,U_g8824/ZN,30.78,121.8,False,6,2.2064187,0.5771742999999999,3.198064,5.4044827,EXTRACTED
g8825,U_g8825/ZN,29.64,119.0,False,6,1.019523,0.747205347,3.198064,4.217587,EXTRACTED
g8826,U_g8826/ZN,28.88,120.4,False,9189,0.25171960000000004,0.20304229999999998,3.198064,3.4497836,EXTRACTED
g8827,U_g8827/ZN,33.82,37.8,False,15325,0.0983882,0.02599848,0.946814,1.0452022,EXTRACTED
g8828,U_g8828/ZN,105.45,8.4,False,0,1.3683095399999998,1.8961291980000003,7.718592,9.08690154,EXTRACTED
g883,U_g883/Q,67.45,21.0,True,16351,3.309333810000001,2.117423281,5.402902,8.712235810000001,EXTRACTED
g8837,U_g8837/ZN,23.56,46.2,False,8134,0.393562,0.07982637999999999,0.946814,1.340376,EXTRACTED
g8838,U_g8838/ZN,28.88,82.6,False,15331,0.46263800000000005,0.09402379,0.946814,1.4094520000000001,EXTRACTED
g8839,U_g8839/ZN,44.65,18.2,False,1100,0.7538560000000001,0.539424275,1.664199,2.418055,EXTRACTED
g8840,U_g8840/ZN,55.67,22.4,False,124,0.96840846,1.1307372640000004,3.198064,4.16647246,EXTRACTED
g8841,U_g8841/ZN,25.08,95.2,False,14762,0.1723914,0.20609379999999997,0.946814,1.1192054,EXTRACTED
g8842,U_g8842/ZN,25.08,85.4,False,15384,0.069382,0.02165311,0.946814,1.016196,EXTRACTED
g8843,U_g8843/ZN,55.86,18.2,False,182,0.9729041300000001,1.0793699579999998,3.198064,4.17096813,EXTRACTED
g8844,U_g8844/ZN,23.56,103.6,False,14496,0.01742614,0.0,0.946814,0.96424014,EXTRACTED
g8845,U_g8845/ZN,25.46,98.0,False,14836,0.227614,0.219019755,0.946814,1.174428,EXTRACTED
g8846,U_g8846/ZN,29.83,107.8,False,16215,0.92964,1.353439175,0.946814,1.876454,EXTRACTED
g8847,U_g8847/ZN,47.12,25.2,False,9037,1.8533400000000002,1.2363172620000002,3.198064,5.051404,EXTRACTED
g8848,U_g8848/ZN,23.18,112.0,False,16073,0.0802536,0.11962245799999999,0.946814,1.0270676,EXTRACTED
g8849,U_g8849/ZN,104.31,7.0,False,0,2.055944,2.2980276696,7.718592,9.774536000000001,EXTRACTED
g8858,U_g8858/ZN,109.63,9.8,False,0,1.4022120999999999,1.500559645,8.683416,10.0856281,EXTRACTED
g886,PORT/g886,87.455,0.07,False,0,0.1565938,0.08966871,0.974659,1.1312528,EXTRACTED
g8875,U_g8875/ZN,106.02,11.2,False,0,0.22114199999999998,0.3298844000000001,0.97463,1.195772,EXTRACTED
g8876,U_g8876/ZN,108.11,14.0,False,0,0.539968,0.29377758,0.918145,1.458113,EXTRACTED
g8877,U_g8877/ZN,104.69,18.2,False,0,0.373602,0.21924766000000004,0.918145,1.291747,EXTRACTED
g8878,U_g8878/ZN,99.37,14.0,False,0,0.1725802,0.14607783000000002,1.656515,1.8290952,EXTRACTED
g8879,U_g8879/ZN,103.55,12.6,False,0,0.10781220000000001,0.19670664100000002,0.918145,1.0259572,EXTRACTED
g8880,U_g8880/ZN,32.68,126.0,False,16835,0.537836,0.36719089000000005,0.918145,1.455981,EXTRACTED
g8881,U_g8881/ZN,36.1,107.8,False,16810,1.0478399999999999,0.42475836397,0.918145,1.9659849999999999,EXTRACTED
g8882,U_g8882/ZN,32.11,121.8,False,20181,0.41205400000000003,0.602642069,0.918145,1.330199,EXTRACTED
g8883,U_g8883/ZN,22.8,84.0,False,15331,0.241524,0.39550898,1.119679,1.3612030000000002,EXTRACTED
g8885,U_g8885/ZN,27.93,93.8,False,14762,0.332882,0.17221552,1.119679,1.4525610000000002,EXTRACTED
g8887,U_g8887/ZN,26.22,85.4,False,15382,0.251444,0.025732650000000003,1.119679,1.371123,EXTRACTED
g8889,U_g8889/ZN,24.32,103.6,False,14498,0.37615,0.223914048,1.119679,1.495829,EXTRACTED
g889,PORT/g889,81.855,0.07,False,0,0.28348,0.12174581,0.974659,1.2581390000000001,EXTRACTED
g89,PORT/g89,79.615,147.46,False,0,0.322882,0.009908606,0.77983,1.102712,EXTRACTED
g892,PORT/g892,82.415,0.07,False,0,0.1923766,0.04585506,0.974659,1.1670356000000002,EXTRACTED
g8920,U_g8920/ZN,26.79,95.2,False,14836,0.6308359,0.92949492,1.119679,1.7505149000000002,EXTRACTED
g8921,U_g8921/ZN,34.01,39.2,False,15389,0.0549546,0.006101374999999999,1.119679,1.1746336000000002,EXTRACTED
g8922,U_g8922/ZN,28.31,91.0,False,15634,1.0071740999999999,0.69356312,1.119679,2.1268531,EXTRACTED
g8923,U_g8923/ZN,19.95,114.8,False,16215,0.9795559999999999,1.39866227,1.119679,2.099235,EXTRACTED
g8926,U_g8926/ZN,24.32,113.4,False,16073,0.1601086,0.06495142000000001,1.119679,1.2797876000000001,EXTRACTED
g8927,U_g8927/ZN,124.83,1.4,False,0,0.4125042,0.9575402599999999,0.946814,1.3593182000000001,EXTRACTED
g8929,U_g8929/ZN,101.08,5.6,False,0,0.23985,0.231446567,3.536501,3.776351,EXTRACTED
g8930,U_g8930/ZN,93.48,5.6,False,0,0.55192,0.195642105,3.536501,4.088421,EXTRACTED
g8931,U_g8931/ZN,119.7,5.6,False,0,0.0879156,0.12921436,0.946814,1.0347296000000001,EXTRACTED
g8932,U_g8932/ZN,66.31,16.8,False,16441,0.5644918999999999,0.4856515449999999,0.918145,1.4826369,EXTRACTED
g8933,U_g8933/ZN,50.54,12.6,False,16103,0.368118,0.17239023,0.918145,1.286263,EXTRACTED
g8934,U_g8934/ZN,54.72,30.8,False,17896,1.12858,1.33823273,0.918145,2.046725,EXTRACTED
g8935,U_g8935/ZN,110.01,12.6,False,0,0.5938981,0.47521091000000004,3.195354,3.7892521,EXTRACTED
g8936,U_g8936/ZN,101.46,21.0,False,0,0.5996501999999999,0.5422483210000001,3.195354,3.7950042,EXTRACTED
g8937,U_g8937/ZN,36.29,40.6,False,7736,0.593794,0.16437163999999999,1.119679,1.713473,EXTRACTED
g8938,U_g8938/ZN,28.31,40.6,False,7700,0.294418,0.12247920000000001,1.119679,1.4140970000000002,EXTRACTED
g8939,U_g8939/ZN,24.7,37.8,False,7452,0.0691846,0.00188334,1.119679,1.1888636000000001,EXTRACTED
g8940,U_g8940/ZN,29.83,40.6,False,15090,0.6302070000000001,0.64247944,1.119679,1.749886,EXTRACTED
g8941,U_g8941/ZN,29.07,40.6,False,7742,0.1079328,0.0724904,1.119679,1.2276118,EXTRACTED
g8942,U_g8942/ZN,25.46,112.0,False,349,0.6422321,0.7487602099999998,1.664199,2.3064311,EXTRACTED
g8943,U_g8943/ZN,24.89,40.6,False,8230,0.10153340000000001,0.01781255,1.119679,1.2212124000000002,EXTRACTED
g8944,U_g8944/ZN,45.79,42.0,False,14930,0.268048,0.44622281999999996,1.119679,1.3877270000000002,EXTRACTED
g8945,U_g8945/ZN,41.99,36.4,False,15158,0.0771564,0.10179536,1.119679,1.1968354,EXTRACTED
g8947,U_g8947/ZN,102.22,8.4,False,0,0.58463,0.7720650109999999,0.97463,1.55926,EXTRACTED
g8949,U_g8949/ZN,104.69,9.8,False,0,0.22620800000000002,0.32290618,0.97463,1.200838,EXTRACTED
g895,PORT/g895,79.615,0.07,False,0,0.1925432,0.019288592,0.974659,1.1672022,EXTRACTED
g8955,U_g8955/ZN,101.27,8.4,False,0,0.227982,0.079806172,3.536501,3.764483,EXTRACTED
g8957,U_g8957/ZN,102.41,5.6,False,0,0.209338,0.34620102299999994,3.536501,3.7458389999999997,EXTRACTED
g8960,U_g8960/ZN,102.6,15.4,False,0,0.556156,0.53525533,1.726477,2.282633,EXTRACTED
g8962,U_g8962/ZN,100.7,11.2,False,0,0.194344,0.29896854500000003,3.536501,3.730845,EXTRACTED
g8963,U_g8963/ZN,100.89,15.4,False,0,0.446222,0.40692115599999995,0.97463,1.420852,EXTRACTED
g8964,U_g8964/ZN,101.65,12.6,False,0,0.6111541,0.636279831,0.97463,1.5857841000000001,EXTRACTED
g8965,U_g8965/ZN,110.58,11.2,False,0,0.37630600000000003,0.20848291000000002,3.195354,3.57166,EXTRACTED
g8966,U_g8966/ZN,111.15,19.6,False,0,0.49849400000000005,0.45810348000000006,3.195354,3.693848,EXTRACTED
g8967,U_g8967/ZN,111.53,11.2,False,0,0.223334,0.090491441,3.195354,3.418688,EXTRACTED
g8968,U_g8968/ZN,109.63,11.2,False,0,0.1478952,0.27676669,3.195354,3.3432492,EXTRACTED
g8970,U_g8970/ZN,51.49,25.2,False,6007,0.9178464,0.4235927299999999,3.198064,4.1159104,EXTRACTED
g8971,U_g8971/ZN,104.5,12.6,False,0,0.8419002,1.0916256,0.918145,1.7600452,EXTRACTED
g8972,U_g8972/ZN,100.32,12.6,False,0,0.31438,0.355015387,0.918145,1.2325249999999999,EXTRACTED
g8973,U_g8973/ZN,27.17,85.4,False,15864,0.69127,0.20943699000000002,1.119679,1.8109490000000001,EXTRACTED
g8974,U_g8974/ZN,105.07,11.2,False,0,0.217128,0.16413459000000002,3.195354,3.412482,EXTRACTED
g8975,U_g8975/ZN,102.6,12.6,False,0,0.21803,0.354009034,0.918145,1.136175,EXTRACTED
g8976,output218/Z,33.82,144.2,False,16840,0.1964988,0.0331085,0,0.1964988,EXTRACTED
g8977,output219/Z,30.97,144.2,False,16600,0.23053,0.12013618999999999,0,0.23053,EXTRACTED
g8978,output220/Z,29.45,144.2,False,16831,0.233482,0.03612655,0,0.233482,EXTRACTED
g8979,output221/Z,21.66,144.2,False,16825,0.167879,0.05921336000000001,0,0.167879,EXTRACTED
g898,PORT/g898,90.815,0.07,False,0,0.597236,1.1693480500000004,0.974659,1.571895,EXTRACTED
g8980,output222/Z,15.01,144.2,False,16794,0.447774,0.03825154,0,0.447774,EXTRACTED
g8981,output223/Z,24.7,144.2,False,16573,0.1867908,0.00819002,0,0.1867908,EXTRACTED
g8982,output224/Z,37.24,135.8,False,16819,1.1757400000000002,0.21027947,0,1.1757400000000002,EXTRACTED
g8983,output225/Z,31.54,141.4,False,16846,0.278254,0.03556665,0,0.278254,EXTRACTED
g8984,output226/Z,27.36,144.2,False,16582,0.08578440000000001,0.12478174,0,0.08578440000000001,EXTRACTED
g8985,output227/Z,14.06,142.8,False,16789,0.26677599999999996,0.23183261500000002,0,0.26677599999999996,EXTRACTED
g8986,output228/Z,30.97,137.2,False,16773,0.874608,0.27969296,0,0.874608,EXTRACTED
g8994,U_g8994/ZN,110.96,12.6,False,0,0.0965242,0.06580367000000001,3.195354,3.2918782,EXTRACTED
g8995,U_g8995/ZN,102.6,1.4,False,0,2.3507175,2.0092258576000006,6.754945,9.105662500000001,EXTRACTED
g9,U_g9/Q,56.05,40.6,True,16432,2.79077312,3.121110351000001,2.7788779999999997,5.56965112,EXTRACTED
g90,PORT/g90,72.895,147.46,False,0,0.1313724,0.09435464,0.77983,0.9112024000000001,EXTRACTED
g901,PORT/g901,80.735,0.07,False,0,0.240704,0.02218011,0.974659,1.215363,EXTRACTED
g9010,U_g9010/ZN,101.46,2.8,False,0,2.58353639,3.4545595880000004,8.313373,10.896909390000001,EXTRACTED
g9030,U_g9030/ZN,116.66,16.8,False,0,3.6941653499999996,3.422631848000001,14.602262,18.29642735,EXTRACTED
g904,PORT/g904,82.975,0.07,False,0,0.1692792,0.136503206,0.974659,1.1439382,EXTRACTED
g9052,U_g9052/ZN,108.87,16.8,False,0,3.8596404100000004,4.193652685000002,19.117099,22.97673941,EXTRACTED
g907,PORT/g907,75.695,0.07,False,0,0.19630219999999998,0.03726476,0.974659,1.1709612,EXTRACTED
g9082,U_g9082/ZN,125.21,28.0,False,0,0.8865117000000001,1.1686980119999997,6.57338,7.4598917,EXTRACTED
g9088,U_g9088/ZN,118.94,5.6,False,0,1.18977354,1.4666052340000002,2.618375,3.80814854,EXTRACTED
g9097,U_g9097/ZN,122.55,14.0,False,0,2.0578138000000004,1.8891094960000003,7.417246,9.4750598,EXTRACTED
g91,PORT/g91,78.495,147.46,False,0,0.231018,0.09098679200000001,0.77983,1.010848,EXTRACTED
g910,PORT/g910,89.695,0.07,False,0,0.30562,0.16107056000000003,0.974659,1.2802790000000002,EXTRACTED
g9107,U_g9107/ZN,48.64,15.4,False,16369,0.588222,0.08037910000000001,0.918145,1.506367,EXTRACTED
g9110,U_g9110/ZN,33.25,117.6,False,14022,0.9726250000000001,0.295096411,1.119679,2.0923040000000004,EXTRACTED
g9111,U_g9111/ZN,116.09,12.6,False,0,2.8896344999999997,3.725878523000001,13.380101,16.2697355,EXTRACTED
g9124,U_g9124/ZN,34.39,92.4,False,13990,0.1249216,0.06724875,1.119679,1.2446006,EXTRACTED
g9125,U_g9125/ZN,114.38,12.6,False,0,5.943722469999999,4.311108433999999,28.225616,34.16933847,EXTRACTED
g913,PORT/g913,92.495,0.07,False,0,0.24448,0.14482613,0.974659,1.219139,EXTRACTED
g9150,U_g9150/ZN,28.88,127.4,False,17360,0.413756,0.35137929000000007,1.119679,1.533435,EXTRACTED
g9151,U_g9151/ZN,112.86,14.0,False,0,4.20047492,2.935070009000001,23.858961,28.05943592,EXTRACTED
g916,PORT/g916,86.335,0.07,False,0,0.674804,0.23483852299999997,0.974659,1.649463,EXTRACTED
g9173,U_g9173/ZN,112.67,12.6,False,0,5.52651202,4.095601523000002,20.453171,25.979683020000003,EXTRACTED
g919,PORT/g919,91.935,0.07,False,0,0.0842932,0.14267963,0.974659,1.0589522,EXTRACTED
g9192,U_g9192/ZN,98.42,8.4,False,0,1.50136261,1.0273501320000002,4.734321,6.23568361,EXTRACTED
g92,PORT/g92,62.815,147.46,False,0,0.20009,0.1532835,0.77983,0.97992,EXTRACTED
g9204,U_g9204/ZN,35.72,110.6,False,2071,0.38053879999999995,0.411733795,3.198064,3.5786028,EXTRACTED
g9205,U_g9205/ZN,98.42,5.6,False,0,2.5183245000000003,2.0780583059999995,10.624038,13.1423625,EXTRACTED
g922,PORT/g922,90.255,0.07,False,0,0.21356,0.18301525999999999,0.974659,1.1882190000000001,EXTRACTED
g9223,U_g9223/ZN,99.37,9.8,False,0,2.1440376,1.7052140759999999,11.036297,13.180334599999998,EXTRACTED
g9240,U_g9240/ZN,98.23,11.2,False,0,1.6335103599999998,1.3137647564999995,10.142854,11.776364359999999,EXTRACTED
g925,PORT/g925,85.215,0.07,False,0,0.44454,0.32169748800000003,0.974659,1.419199,EXTRACTED
g9256,U_g9256/ZN,103.93,9.8,False,0,2.59208599,2.0663251019999995,1.70023,4.2923159900000005,EXTRACTED
g9257,U_g9257/ZN,110.58,15.4,False,0,9.298064060000002,3.302798106999999,1.70023,10.998294060000001,EXTRACTED
g9266,U_g9266/ZN,63.27,23.8,False,13722,0.8777550000000001,0.6725360899999999,1.119679,1.9974340000000002,EXTRACTED
g9268,U_g9268/ZN,109.82,14.0,False,0,4.1001809,0.9856175789700001,1.70023,5.800410899999999,EXTRACTED
g9269,U_g9269/ZN,53.58,15.4,False,13522,0.360196,0.05728770999999999,1.119679,1.479875,EXTRACTED
g9271,U_g9271/ZN,100.32,9.8,False,0,6.3066407,3.1961235599999998,1.70023,8.0068707,EXTRACTED
g9272,U_g9272/ZN,47.69,42.0,False,15190,0.819932,0.09926009000000001,1.119679,1.9396110000000002,EXTRACTED
g9274,U_g9274/ZN,106.02,15.4,False,0,2.31338294,2.6640478366,12.629359000000001,14.942741940000001,EXTRACTED
g928,U_g928/Q,83.22,19.6,True,16866,1.83881827,2.4583884049999996,3.729714,5.56853227,EXTRACTED
g9291,U_g9291/ZN,124.45,26.6,False,0,1.56761367,1.8101660399999993,8.359185,9.92679867,EXTRACTED
g9292,U_g9292/ZN,97.85,15.4,False,0,2.3035491099999996,2.198035238,12.54232,14.845869109999999,EXTRACTED
g93,PORT/g93,67.295,147.46,False,0,0.17394500000000002,0.02253262,0.77983,0.953775,EXTRACTED
g9313,U_g9313/ZN,109.44,22.4,False,0,1.03182785,1.2637740689999997,2.642169,3.67399685,EXTRACTED
g9316,U_g9316/ZN,99.37,18.2,False,0,0.6828183999999999,0.670776441,0.946814,1.6296324,EXTRACTED
g9317,U_g9317/ZN,101.65,11.2,False,0,5.5540531,3.341303071999999,7.983855,13.5379081,EXTRACTED
g932,U_g932/Q,73.53,42.0,True,16863,3.7707816,2.021335301,3.673229,7.4440106,EXTRACTED
g9324,U_g9324/ZN,102.98,14.0,False,0,0.713439,0.7055825809999999,8.83727,9.550709,EXTRACTED
g9328,U_g9328/ZN,110.96,21.0,False,0,1.1533674,1.050321357,2.595186,3.7485534,EXTRACTED
g9331,U_g9331/ZN,97.09,15.4,False,0,0.7323983,0.46784595400000006,8.875497,9.6078953,EXTRACTED
g9335,U_g9335/ZN,99.94,11.2,False,0,0.638544,0.31476385348999997,2.669961,3.308505,EXTRACTED
g9357,U_g9357/ZN,91.2,18.2,False,250,0.833124,0.60842604,0.940092,1.7732160000000001,EXTRACTED
g9358,U_g9358/ZN,128.63,22.4,False,236,0.242784,0.02351648,0.959052,1.2018360000000001,EXTRACTED
g9359,U_g9359/ZN,117.8,18.2,False,382,0.27009799999999995,0.2817189,0.923766,1.193864,EXTRACTED
g936,U_g936/Q,77.33,28.0,True,16831,1.4032851999999998,1.062600746,3.673229,5.0765142,EXTRACTED
g9363,U_g9363/ZN,97.47,9.8,False,0,0.06874340000000001,0.046950478000000004,0.914189,0.9829324,EXTRACTED
g9364,U_g9364/ZN,94.05,18.2,False,276,0.321184,0.7311421980000001,0.940092,1.261276,EXTRACTED
g9365,U_g9365/ZN,126.16,33.6,False,246,0.37973999999999997,0.4039027499999999,0.959052,1.338792,EXTRACTED
g9366,U_g9366/ZN,125.4,33.6,False,378,0.1488394,0.28585618500000004,0.940092,1.0889314,EXTRACTED
g9367,U_g9367/ZN,102.22,18.2,False,0,1.7104342899999998,1.4434724280000004,11.099730000000001,12.810164290000001,EXTRACTED
g9384,U_g9384/ZN,89.11,18.2,False,238,0.49324000000000007,0.35151758200000005,0.923766,1.417006,EXTRACTED
g9385,U_g9385/ZN,129.39,33.6,False,242,0.5566960000000001,0.87614823,0.959052,1.515748,EXTRACTED
g9386,U_g9386/ZN,122.55,21.0,False,240,0.208578,0.21716473000000003,0.940092,1.14867,EXTRACTED
g9387,U_g9387/ZN,88.73,19.6,False,0,1.5787933,1.686342526,3.678872,5.2576653,EXTRACTED
g9388,U_g9388/ZN,92.72,8.4,False,0,0.281776,0.09225551499999998,0.923766,1.205542,EXTRACTED
g9389,U_g9389/ZN,128.82,19.6,False,240,0.1036936,0.018874159999999997,0.940092,1.0437856,EXTRACTED
g9390,U_g9390/ZN,115.14,15.4,False,238,0.1434978,0.080647574,0.938321,1.0818188,EXTRACTED
g9391,U_g9391/ZN,93.86,11.2,False,0,0.7590173,0.61955147,3.695064,4.4540813,EXTRACTED
g9392,U_g9392/ZN,102.41,11.2,False,0,2.6661787599999998,2.779110563,11.225982,13.89216076,EXTRACTED
g94,PORT/g94,63.935,147.46,False,0,0.22314599999999998,0.011017495,0.77983,1.002976,EXTRACTED
g940,U_g940/Q,75.24,23.8,True,16809,1.7937625,1.4639868440000001,3.673229,5.4669915,EXTRACTED
g9409,U_g9409/ZN,108.68,35.0,False,248,0.01742614,0.0,0.959052,0.97647814,EXTRACTED
g9411,U_g9411/ZN,108.87,37.8,False,248,0.818554,0.82836995,0.959052,1.777606,EXTRACTED
g9412,U_g9412/ZN,113.24,39.2,False,248,0.512186,0.39023488,0.959052,1.471238,EXTRACTED
g9413,U_g9413/ZN,42.37,109.2,False,16696,0.0803136,0.0473517,0.918145,0.9984586,EXTRACTED
g9414,U_g9414/ZN,118.37,36.4,False,250,0.1638616,0.173260569,0.959052,1.1229136,EXTRACTED
g9415,U_g9415/ZN,115.33,36.4,False,250,0.300134,0.236341366,0.959052,1.2591860000000001,EXTRACTED
g9417,U_g9417/ZN,120.84,36.4,False,256,0.0736724,0.19497491,0.959052,1.0327244,EXTRACTED
g9418,U_g9418/ZN,119.32,33.6,False,257,0.1891432,0.177914743,0.946814,1.1359572,EXTRACTED
g9419,U_g9419/ZN,104.12,35.0,False,256,0.249084,0.266364441,0.940092,1.189176,EXTRACTED
g9420,U_g9420/ZN,109.82,37.8,False,270,0.6951658000000001,0.56068231,0.940092,1.6352578000000002,EXTRACTED
g9422,U_g9422/ZN,116.66,37.8,False,260,0.208438,0.27263793000000003,0.940092,1.14853,EXTRACTED
g9423,U_g9423/ZN,117.8,33.6,False,0,0.19948749999999998,0.23742764200000005,1.8635,2.0629874999999998,EXTRACTED
g9424,U_g9424/ZN,110.2,30.8,False,0,0.7421461,0.760684244,1.94926,2.6914061,EXTRACTED
g9425,U_g9425/ZN,116.85,36.4,False,260,0.07013799999999999,0.11166066999999999,0.940092,1.01023,EXTRACTED
g9426,U_g9426/ZN,102.98,30.8,False,0,2.068163,1.813289958,3.686244,5.7544070000000005,EXTRACTED
g9428,U_g9428/ZN,110.2,39.2,False,252,0.263588,0.5445936299999999,0.940092,1.20368,EXTRACTED
g9430,U_g9430/ZN,120.27,30.8,False,264,0.4059024,0.51365183,0.946814,1.3527164,EXTRACTED
g9432,U_g9432/ZN,106.02,18.2,False,0,3.08300484,1.0083342679999996,3.64949,6.73249484,EXTRACTED
g944,U_g944/Q,70.87,29.4,True,16389,1.4632654,2.2618497150000008,2.755084,4.2183494,EXTRACTED
g9447,U_g9447/ZN,118.94,37.8,False,252,0.088053,0.07096058999999999,0.940092,1.028145,EXTRACTED
g9451,output229/Z,117.42,8.4,False,0,0.743132,0.15680039999999998,0,0.743132,EXTRACTED
g9454,U_g9454/ZN,112.48,11.2,False,0,3.35473452,4.493381262300003,15.58206,18.93679452,EXTRACTED
g947,U_g947/Q,86.07,35.0,True,16883,1.9224312,1.211721229,2.755084,4.6775152,EXTRACTED
g9473,U_g9473/ZN,123.5,26.6,False,0,0.9949325499999999,0.6432333854900001,4.87315,5.86808255,EXTRACTED
g9474,U_g9474/ZN,101.27,19.6,False,0,1.7383434599999998,1.7639036389999998,11.1975,12.93584346,EXTRACTED
g9490,U_g9490/ZN,102.22,22.4,False,0,2.1137955099999997,1.2789196409999999,11.1975,13.311295509999999,EXTRACTED
g95,PORT/g95,147.46,128.31,False,0,0.1509504,0.13722721,0.77983,0.9307804000000001,EXTRACTED
g950,U_g950/Q,72.39,47.6,True,16852,3.5992015000000004,3.599870820000001,2.755084,6.3542855000000005,EXTRACTED
g9505,U_g9505/ZN,120.65,32.2,False,0,0.17810920000000002,0.16860584,0.941939,1.1200482,EXTRACTED
g9506,U_g9506/ZN,117.8,36.4,False,0,0.1511298,0.090376702,0.921561,1.0726908,EXTRACTED
g9507,U_g9507/ZN,53.01,16.8,False,0,4.3418095999999995,1.84918534,1.119679,5.461488599999999,EXTRACTED
g9508,U_g9508/ZN,60.8,79.8,False,0,0.915438,0.9836405020000001,1.119679,2.035117,EXTRACTED
g9509,U_g9509/ZN,130.91,35.0,False,0,0.469744,0.280829,0.941939,1.411683,EXTRACTED
g9510,U_g9510/ZN,131.29,23.8,False,0,0.086004,0.01957768,0.941939,1.027943,EXTRACTED
g9511,U_g9511/ZN,133.76,14.0,False,0,0.7116161999999999,0.8484909499999997,0.941939,1.6535552,EXTRACTED
g9512,U_g9512/ZN,118.56,25.2,False,0,0.14876375,0.110706816,2.711434,2.86019775,EXTRACTED
g9515,U_g9515/ZN,131.1,25.2,False,0,0.0132445,0.006561849999999999,0.946814,0.9600585,EXTRACTED
g9516,U_g9516/ZN,116.28,19.6,False,0,0.1782682,0.146530173,2.711434,2.8897022000000003,EXTRACTED
g9519,U_g9519/ZN,115.14,16.8,False,0,0.5035204,0.6053778320000001,2.711434,3.2149544,EXTRACTED
g9522,U_g9522/ZN,115.71,28.0,False,0,0.5056404,0.53264937,2.711434,3.2170744,EXTRACTED
g9525,U_g9525/ZN,76.38,105.0,False,0,0.1752092,0.2540985,1.119679,1.2948882000000002,EXTRACTED
g9526,U_g9526/ZN,98.61,43.4,False,0,2.222938,4.219285876,1.119679,3.342617,EXTRACTED
g953,U_g953/Q,82.46,49.0,True,16428,2.5309406,2.195904353,2.755084,5.2860246,EXTRACTED
g9536,U_g9536/ZN,102.79,16.8,False,0,4.3257178099999996,4.367583722000003,21.19008,25.51579781,EXTRACTED
g9555,U_g9555/ZN,51.68,8.4,False,13753,0.637416,0.9393103400000001,1.119679,1.757095,EXTRACTED
g956,U_g956/Q,78.47,16.8,True,16842,0.9692646600000001,0.639360314,2.755084,3.7243486600000004,EXTRACTED
g9563,U_g9563/ZN,114.76,32.2,False,0,1.0612741,1.1601790807,5.221208,6.2824821,EXTRACTED
g9569,U_g9569/ZN,121.6,33.6,False,0,1.0261304,0.9975432900000002,2.610604,3.6367344,EXTRACTED
g9579,U_g9579/ZN,108.68,21.0,False,0,2.9918953999999998,3.107563139999999,10.442416,13.434311399999999,EXTRACTED
g9582,U_g9582/ZN,134.52,29.4,False,355,0.26092,0.8213462300000002,0.921561,1.182481,EXTRACTED
g9583,U_g9583/ZN,95.0,7.0,False,0,0.06763999999999999,0.1792175,0.941245,1.008885,EXTRACTED
g9584,U_g9584/ZN,130.53,18.2,False,356,0.1646368,0.219901714,0.921561,1.0861977999999999,EXTRACTED
g9585,U_g9585/ZN,92.53,11.2,False,0,0.525548,0.2541624,0.941245,1.466793,EXTRACTED
g9586,U_g9586/ZN,137.56,33.6,False,358,0.21058200000000002,0.13182118999999998,0.921561,1.132143,EXTRACTED
g9587,U_g9587/ZN,87.59,7.0,False,0,0.6903015,0.6127263169999999,0.959052,1.6493535000000001,EXTRACTED
g9588,U_g9588/ZN,142.12,39.2,False,359,0.712876,0.536145706,0.921561,1.634437,EXTRACTED
g9589,U_g9589/ZN,114.38,15.4,False,0,0.21383400000000002,0.21182132200000003,0.914189,1.128023,EXTRACTED
g959,U_g959/Q,80.94,51.8,True,16823,3.0002615400000003,3.1659801160000005,2.755084,5.75534554,EXTRACTED
g9590,U_g9590/ZN,87.59,11.2,False,0,0.1986386,0.23015912,0.959052,1.1576906,EXTRACTED
g9591,U_g9591/ZN,122.55,18.2,False,0,0.0500948,0.08208549,0.921561,0.9716558,EXTRACTED
g9592,U_g9592/ZN,80.56,23.8,False,506,0.52641,0.42751661,0.940092,1.4665020000000002,EXTRACTED
g9593,U_g9593/ZN,93.48,4.2,False,0,0.1648126,0.03753042,0.938321,1.1031336,EXTRACTED
g9594,U_g9594/ZN,86.83,25.2,False,512,0.1347276,0.17789794399999997,0.940092,1.0748196,EXTRACTED
g9595,U_g9595/ZN,86.26,12.6,False,0,0.46688399999999997,0.43111542099999994,0.938321,1.405205,EXTRACTED
g9596,U_g9596/ZN,95.19,5.6,False,262,0.11481659999999999,0.16744502,0.914189,1.0290056,EXTRACTED
g9597,U_g9597/ZN,135.09,28.0,False,0,0.46086819999999995,0.6659727000000001,0.959052,1.4199202,EXTRACTED
g9598,U_g9598/ZN,87.59,25.2,False,513,0.1306146,0.106961472,0.938321,1.0689355999999999,EXTRACTED
g9599,U_g9599/ZN,87.97,28.0,False,533,0.403378,0.22781561999999997,0.940092,1.34347,EXTRACTED
g96,PORT/g96,147.46,127.75,False,0,0.1283102,0.127160244,0.77983,0.9081402000000001,EXTRACTED
g9600,U_g9600/ZN,89.68,9.8,False,0,0.5604897999999999,0.809441073,0.940092,1.5005818,EXTRACTED
g9601,U_g9601/ZN,95.95,14.0,False,0,0.48606,0.4081630650000001,0.923766,1.409826,EXTRACTED
g9602,U_g9602/ZN,83.22,1.4,False,262,0.6368183000000001,0.35787016000000005,0.914189,1.5510073000000002,EXTRACTED
g9603,U_g9603/ZN,132.62,18.2,False,0,0.03537,0.1582531,0.959052,0.994422,EXTRACTED
g9604,U_g9604/ZN,136.04,29.4,False,0,0.426836,0.612649282,0.940092,1.3669280000000001,EXTRACTED
g9605,U_g9605/ZN,129.2,32.2,False,0,0.5809576000000001,0.451720693,0.940092,1.5210496,EXTRACTED
g9606,U_g9606/ZN,131.48,28.0,False,0,0.0646056,0.009526090000000001,0.940092,1.0046976,EXTRACTED
g9607,U_g9607/ZN,87.21,22.4,False,520,0.0741638,0.03835683,0.959052,1.0332158,EXTRACTED
g9608,U_g9608/ZN,86.45,28.0,False,523,1.0383740000000001,0.7882517612000001,0.940092,1.978466,EXTRACTED
g9609,U_g9609/ZN,88.35,7.0,False,0,0.565468,0.457229762,0.940092,1.50556,EXTRACTED
g9610,U_g9610/ZN,85.69,8.4,False,0,0.272572,0.47894546,0.923766,1.196338,EXTRACTED
g9611,U_g9611/ZN,90.44,19.6,False,262,0.7098647,0.8008385999999997,0.921561,1.6314256999999999,EXTRACTED
g9612,U_g9612/ZN,89.68,14.0,False,345,0.226258,0.1436075,0.941245,1.167503,EXTRACTED
g9613,U_g9613/ZN,139.46,32.2,False,0,0.395522,0.2238597,0.959052,1.354574,EXTRACTED
g9614,U_g9614/ZN,126.16,18.2,False,0,0.253814,0.80668115,0.940092,1.1939060000000001,EXTRACTED
g9617,U_g9617/ZN,87.97,23.8,False,499,0.183549,0.15602047,0.959052,1.142601,EXTRACTED
g9618,U_g9618/ZN,91.39,5.6,False,0,2.091742,0.94025303,0.959052,3.050794,EXTRACTED
g9619,U_g9619/ZN,86.83,11.2,False,262,0.29781,0.36261292100000003,0.921561,1.219371,EXTRACTED
g962,U_g962/Q,74.67,36.4,True,16422,2.01750567,1.8097260200000003,2.755084,4.77258967,EXTRACTED
g9620,U_g9620/ZN,88.92,14.0,False,346,0.665246,0.6924996600000001,0.941245,1.6064910000000001,EXTRACTED
g9621,U_g9621/ZN,134.33,32.2,False,0,0.020428599999999998,0.0,0.959052,0.9794806,EXTRACTED
g9622,U_g9622/ZN,128.25,35.0,False,0,0.26022,0.6540043800000002,0.940092,1.200312,EXTRACTED
g9623,U_g9623/ZN,87.4,26.6,False,512,0.25563199999999997,0.3413704999999999,0.959052,1.214684,EXTRACTED
g9624,U_g9624/ZN,102.79,9.8,False,0,4.27410027,4.024883793969998,13.339636,17.61373627,EXTRACTED
g9641,U_g9641/ZN,94.43,4.2,False,0,1.606906,0.26647843000000004,0.959052,2.565958,EXTRACTED
g9642,U_g9642/ZN,90.25,12.6,False,334,0.0132445,0.006561849999999999,0.941245,0.9544895,EXTRACTED
g9643,U_g9643/ZN,94.24,15.4,False,238,0.07632860000000001,0.06979468,0.938321,1.0146496,EXTRACTED
g9644,U_g9644/ZN,125.97,14.0,False,0,0.5975189999999999,0.4224411600000001,0.959052,1.556571,EXTRACTED
g9645,U_g9645/ZN,130.72,30.8,False,0,0.36014,0.26127877,0.940092,1.300232,EXTRACTED
g9646,U_g9646/ZN,133.76,25.2,False,0,0.5502602,0.58628363,0.921561,1.4718212,EXTRACTED
g9647,U_g9647/ZN,131.86,32.2,False,0,0.266674,0.450623441,0.940092,1.206766,EXTRACTED
g9648,U_g9648/ZN,90.25,26.6,False,522,0.6101003999999999,0.4199241799999999,0.959052,1.5691524,EXTRACTED
g9649,U_g9649/ZN,83.79,4.2,False,0,0.477974,0.5346841,0.941245,1.419219,EXTRACTED
g965,U_g965/Q,70.68,46.2,True,16376,3.5012394499999995,1.6580760890000001,2.755084,6.25632345,EXTRACTED
g9650,U_g9650/ZN,88.16,14.0,False,372,0.100547,0.23822016999999998,0.941245,1.041792,EXTRACTED
g9651,U_g9651/ZN,88.92,16.8,False,348,0.460166,0.29942282,0.938321,1.398487,EXTRACTED
g9652,U_g9652/ZN,91.58,16.8,False,250,0.392978,0.74757859,0.938321,1.331299,EXTRACTED
g9653,U_g9653/ZN,129.39,15.4,False,0,0.207466,0.0023967899999999998,0.959052,1.166518,EXTRACTED
g9654,U_g9654/ZN,127.3,33.6,False,0,0.0364444,0.081045636,0.921561,0.9580054,EXTRACTED
g9657,U_g9657/ZN,92.72,5.6,False,0,1.1929300999999999,0.6900902899999999,0.959052,2.1519820999999997,EXTRACTED
g9658,U_g9658/ZN,92.72,15.4,False,364,0.38963030000000004,0.9009698000000002,0.940092,1.3297223,EXTRACTED
g9659,U_g9659/ZN,85.12,16.8,False,238,0.57453,0.26376529000000004,0.938321,1.512851,EXTRACTED
g9660,U_g9660/ZN,123.31,12.6,False,0,0.48422580000000004,0.36849139000000003,0.941245,1.4254708,EXTRACTED
g9662,U_g9662/ZN,94.05,25.2,False,524,0.3479,0.37833050000000007,0.923766,1.271666,EXTRACTED
g9663,U_g9663/ZN,89.3,12.6,False,238,0.1811138,0.11439582000000001,0.938321,1.1194348,EXTRACTED
g9664,U_g9664/ZN,132.81,42.0,False,0,0.6954560000000001,0.6701640550000001,0.959052,1.654508,EXTRACTED
g9665,U_g9665/ZN,125.97,30.8,False,242,0.340532,0.726814635,0.959052,1.299584,EXTRACTED
g9667,U_g9667/ZN,131.29,19.6,False,0,0.06737939999999999,0.13849892,0.940092,1.0074714,EXTRACTED
g9673,U_g9673/ZN,95.95,26.6,False,0,0.6587229,0.32898763799999997,1.912951,2.5716739,EXTRACTED
g9676,U_g9676/ZN,94.43,21.0,False,0,0.8955278,1.578069128,1.912951,2.8084788,EXTRACTED
g968,U_g968/Q,79.8,21.0,True,16840,1.020186,0.8423452065000001,2.755084,3.77527,EXTRACTED
g9680,U_g9680/ZN,91.01,26.6,False,0,1.7035702400000001,1.906713225,4.800532,6.50410224,EXTRACTED
g9689,U_g9689/ZN,95.57,36.4,False,16057,0.47242,0.14018077,0.941939,1.414359,EXTRACTED
g9690,U_g9690/ZN,85.12,40.6,False,15667,1.006254,0.55540715,0.941939,1.9481929999999998,EXTRACTED
g9691,U_g9691/ZN,88.16,26.6,False,16055,0.7467962,0.4198775,0.941939,1.6887352,EXTRACTED
g9692,U_g9692/ZN,91.2,37.8,False,16026,0.223408,0.8176242249999999,0.941939,1.165347,EXTRACTED
g9693,U_g9693/ZN,93.67,42.0,False,16257,0.7348,0.26945085599999996,0.941939,1.676739,EXTRACTED
g9694,U_g9694/ZN,94.24,35.0,False,16132,0.0275122,0.0429819,0.941939,0.9694512,EXTRACTED
g9695,U_g9695/ZN,99.94,28.0,False,15973,0.287918,0.28714147,0.941939,1.229857,EXTRACTED
g9696,U_g9696/ZN,91.96,37.8,False,16056,1.498286,1.7854193119999997,0.918145,2.416431,EXTRACTED
g9697,U_g9697/ZN,132.43,28.0,False,597,0.13011119999999998,0.015896,0.918145,1.0482562,EXTRACTED
g9698,U_g9698/ZN,93.29,25.2,False,16431,0.75373,0.6156002400000001,0.941939,1.695669,EXTRACTED
g9699,U_g9699/ZN,95.57,37.8,False,15993,1.187567,1.364285932,0.918145,2.105712,EXTRACTED
g9700,U_g9700/ZN,130.34,19.6,False,592,0.472676,0.40651773999999996,0.918145,1.3908209999999999,EXTRACTED
g9701,U_g9701/ZN,97.85,32.2,False,16338,0.0974518,0.01681456,0.941939,1.0393908,EXTRACTED
g9702,U_g9702/ZN,130.72,36.4,False,604,0.796813,0.55062587,0.918145,1.714958,EXTRACTED
g9703,U_g9703/ZN,100.7,32.2,False,16151,0.343136,0.5566829520000001,0.941939,1.285075,EXTRACTED
g9704,U_g9704/ZN,123.5,28.0,False,601,1.001978,1.11026945,0.918145,1.920123,EXTRACTED
g9705,U_g9705/ZN,99.94,29.4,False,16512,0.39732199999999995,0.5207831599999999,0.941939,1.339261,EXTRACTED
g9706,U_g9706/ZN,121.6,18.2,False,240,0.771584,0.33040929199999997,0.918145,1.689729,EXTRACTED
g9707,U_g9707/ZN,98.42,25.2,False,16229,0.1091636,0.29838231000000004,0.941939,1.0511025999999999,EXTRACTED
g9708,U_g9708/ZN,129.58,18.2,False,240,0.69560336,0.812333008,0.918145,1.61374836,EXTRACTED
g9709,U_g9709/ZN,104.5,28.0,False,16188,0.693598,0.220083299,0.941939,1.635537,EXTRACTED
g971,U_g971/Q,69.54,12.6,True,16325,1.0756194000000001,1.1274293219999998,7.709863,8.785482400000001,EXTRACTED
g9710,U_g9710/ZN,103.93,23.8,False,15953,0.241548,0.33775981999999993,0.918145,1.159693,EXTRACTED
g9711,U_g9711/ZN,116.47,14.0,False,620,0.1424118,0.18448880999999998,0.918145,1.0605568,EXTRACTED
g9712,U_g9712/ZN,106.02,37.8,False,16470,0.239428,0.62599835,0.941939,1.181367,EXTRACTED
g9713,U_g9713/ZN,102.41,23.8,False,16459,0.5766134,0.29527026700000003,0.918145,1.4947584,EXTRACTED
g9714,U_g9714/ZN,128.06,33.6,False,378,1.201773,0.8365758600000001,0.918145,2.119918,EXTRACTED
g9715,U_g9715/ZN,106.21,40.6,False,15980,0.044283,0.128159688,0.941939,0.9862219999999999,EXTRACTED
g9716,U_g9716/ZN,101.65,40.6,False,16012,0.0465454,0.10649600000000001,0.941939,0.9884843999999999,EXTRACTED
g9717,U_g9717/ZN,102.41,37.8,False,16028,0.0670756,0.15834013000000002,0.941939,1.0090146,EXTRACTED
g9718,U_g9718/ZN,103.55,39.2,False,16021,0.0959978,0.04525371,0.941939,1.0379368,EXTRACTED
g9719,U_g9719/ZN,105.45,21.0,False,16499,0.12109980000000001,0.0055908320000000004,0.918145,1.0392448,EXTRACTED
g9720,U_g9720/ZN,103.17,22.4,False,16401,0.01742614,0.0,0.918145,0.93557114,EXTRACTED
g9721,U_g9721/ZN,44.08,109.2,False,13935,0.265766,0.21059053,1.119679,1.385445,EXTRACTED
g9722,U_g9722/ZN,94.24,14.0,False,845,0.1561344,0.27003543,0.918145,1.0742794,EXTRACTED
g9723,U_g9723/ZN,99.75,15.4,False,858,0.5193056,0.6726102700000001,0.918145,1.4374506,EXTRACTED
g9724,U_g9724/ZN,109.44,35.0,False,504,0.451742,0.24768118,0.918145,1.3698869999999999,EXTRACTED
g9725,U_g9725/ZN,91.01,12.6,False,834,0.1189362,0.10238829999999999,0.918145,1.0370812,EXTRACTED
g9726,U_g9726/ZN,114.76,29.4,False,518,0.471492,0.70134566,0.918145,1.389637,EXTRACTED
g9727,U_g9727/ZN,90.82,14.0,False,872,0.127891,0.16873616,0.918145,1.046036,EXTRACTED
g9728,U_g9728/ZN,118.75,35.0,False,508,0.5506038,0.7813950900000001,0.918145,1.4687488,EXTRACTED
g9729,U_g9729/ZN,99.75,25.2,False,250,0.35158599999999995,0.7172770199999998,0.918145,1.269731,EXTRACTED
g9730,U_g9730/ZN,116.85,35.0,False,510,0.36077800000000004,0.24812748,0.918145,1.278923,EXTRACTED
g9731,U_g9731/ZN,88.16,18.2,False,276,0.5877802999999999,0.7169684829999999,0.918145,1.5059253,EXTRACTED
g9734,U_g9734/ZN,115.14,40.6,False,502,1.53710946,0.634459021,0.918145,2.45525446,EXTRACTED
g9735,U_g9735/ZN,88.54,9.8,False,586,1.5314079999999999,1.099210039,0.918145,2.449553,EXTRACTED
g9736,U_g9736/ZN,117.99,35.0,False,264,0.874696,0.5880987430000001,0.918145,1.7928410000000001,EXTRACTED
g9737,U_g9737/ZN,89.68,22.4,False,364,0.74176979,1.1630173380000002,0.918145,1.65991479,EXTRACTED
g9738,U_g9738/ZN,119.89,36.4,False,508,0.935503,1.973274088,0.918145,1.853648,EXTRACTED
g9740,U_g9740/ZN,122.55,33.6,False,257,0.367632,0.4882291100000001,0.918145,1.285777,EXTRACTED
g9747,U_g9747/ZN,129.96,28.0,False,0,1.6836339999999996,2.4160542510000003,5.422868,7.106502,EXTRACTED
g9751,U_g9751/ZN,131.86,25.2,False,0,1.5101725099999999,1.7720841410000001,2.711434,4.22160651,EXTRACTED
g9754,U_g9754/ZN,133.76,29.4,False,0,2.19793139,2.156317459,2.711434,4.90936539,EXTRACTED
g9757,U_g9757/ZN,89.49,26.6,False,0,0.635658,0.7590336520000001,0.921561,1.557219,EXTRACTED
g9758,U_g9758/ZN,83.79,26.6,False,0,0.09480140000000001,0.14428743,0.921561,1.0163624,EXTRACTED
g9759,U_g9759/ZN,93.29,18.2,False,0,0.8962360999999999,0.9394855599999997,2.757311,3.6535471,EXTRACTED
g976,U_g976/Q,70.49,14.0,True,16328,1.77845414,1.470086309,6.93646,8.714914140000001,EXTRACTED
g9760,U_g9760/ZN,110.2,18.2,False,0,0.3918226,0.602424256,1.860084,2.2519066,EXTRACTED
g9764,U_g9764/ZN,88.73,42.0,False,0,0.85285335,0.9577682430000003,4.87315,5.72600335,EXTRACTED
g9773,U_g9773/ZN,95.95,33.6,False,0,0.4932917,0.25834445199999995,1.94926,2.4425517,EXTRACTED
g9778,U_g9778/ZN,98.99,32.2,False,0,0.4415422499999999,0.47261475999999997,3.89852,4.34006225,EXTRACTED
g9785,U_g9785/ZN,97.28,8.4,False,0,3.8078391,4.0983772113,13.282174,17.0900131,EXTRACTED
g9802,U_g9802/ZN,102.79,36.4,False,0,0.5216299,0.40095802199999997,3.89852,4.4201499,EXTRACTED
g9803,U_g9803/ZN,103.74,19.6,False,0,2.5320708400000003,2.1987128129699993,5.529366,8.061436839999999,EXTRACTED
g981,U_g981/Q,62.7,4.2,True,16042,5.39319772,3.849620991000001,6.93646,12.32965772,EXTRACTED
g9814,U_g9814/ZN,103.93,40.6,False,0,0.637851,0.654789773,1.94926,2.587111,EXTRACTED
g9815,U_g9815/ZN,102.22,28.0,False,0,0.1823815,0.19860056999999998,1.843122,2.0255035,EXTRACTED
g9828,U_g9828/ZN,96.33,11.2,False,845,0.9121600000000001,0.35523427100000005,0.914189,1.826349,EXTRACTED
g9829,U_g9829/ZN,93.29,19.6,False,858,0.170604,0.10009068,0.914189,1.0847930000000001,EXTRACTED
g9830,U_g9830/ZN,93.1,14.0,False,834,1.2051159,0.8416685299999999,0.914189,2.1193049,EXTRACTED
g9831,U_g9831/ZN,93.48,15.4,False,872,0.997565,0.856925745,0.914189,1.9117540000000002,EXTRACTED
g9833,U_g9833/ZN,94.24,26.6,False,250,0.5370400000000001,0.51374444,0.914189,1.451229,EXTRACTED
g9834,U_g9834/ZN,97.85,21.0,False,276,0.750568,0.7078972350000001,0.914189,1.664757,EXTRACTED
g9835,U_g9835/ZN,110.58,16.8,False,586,0.1407988,0.10570044,0.914189,1.0549878000000001,EXTRACTED
g9836,U_g9836/ZN,104.69,21.0,False,364,0.224494,0.272784556,0.914189,1.1386830000000001,EXTRACTED
g9837,U_g9837/ZN,133.95,26.6,False,597,1.6845195000000002,2.434181481,0.941245,2.6257645000000003,EXTRACTED
g9838,U_g9838/ZN,123.69,21.0,False,592,0.804794,1.231434614,0.941245,1.7460390000000001,EXTRACTED
g9839,U_g9839/ZN,124.83,30.8,False,604,0.70105909,0.6678613110000001,0.941245,1.64230409,EXTRACTED
g9840,U_g9840/ZN,134.14,37.8,False,601,1.555844,1.0392224849999998,0.941245,2.497089,EXTRACTED
g9841,U_g9841/ZN,118.75,26.6,False,240,0.2836,0.347112945,0.941245,1.224845,EXTRACTED
g9842,U_g9842/ZN,117.04,19.6,False,240,0.230406,0.207067317,0.941245,1.171651,EXTRACTED
g9843,U_g9843/ZN,115.9,15.4,False,620,0.1708694,0.07239425,0.941245,1.1121144,EXTRACTED
g9844,U_g9844/ZN,118.56,22.4,False,378,0.846625,0.93167376,0.941245,1.7878699999999998,EXTRACTED
g9846,U_g9846/ZN,97.09,36.4,False,362,0.307686,0.29696635000000005,0.946814,1.2545000000000002,EXTRACTED
g9847,U_g9847/ZN,91.77,32.2,False,382,0.01742614,0.0,0.946814,0.96424014,EXTRACTED
g9848,U_g9848/ZN,109.06,28.0,False,504,0.36026400000000003,0.41257007999999995,0.923766,1.28403,EXTRACTED
g9849,U_g9849/ZN,92.15,36.4,False,367,0.2894015,0.6296742719999999,0.946814,1.2362155000000001,EXTRACTED
g9850,U_g9850/ZN,109.82,25.2,False,518,0.1817928,0.32857947,0.923766,1.1055588,EXTRACTED
g9851,U_g9851/ZN,96.33,37.8,False,369,0.14514000000000002,0.12563621,0.946814,1.091954,EXTRACTED
g9852,U_g9852/ZN,119.32,25.2,False,508,0.610062,0.8079284199999999,0.923766,1.533828,EXTRACTED
g9853,U_g9853/ZN,92.72,37.8,False,389,0.46078800000000003,0.31322904,0.946814,1.407602,EXTRACTED
g9854,U_g9854/ZN,118.75,30.8,False,510,0.252332,0.530987708,0.923766,1.176098,EXTRACTED
g9855,U_g9855/ZN,94.43,36.4,False,391,0.067909,0.06010468,0.946814,1.014723,EXTRACTED
g9856,U_g9856/ZN,97.66,26.6,False,259,0.43375400000000003,0.45629812999999997,0.946814,1.380568,EXTRACTED
g9857,U_g9857/ZN,115.14,22.4,False,502,0.26615,0.082312435,0.923766,1.189916,EXTRACTED
g9858,U_g9858/ZN,100.7,30.8,False,263,0.01742614,0.0,0.946814,0.96424014,EXTRACTED
g9859,U_g9859/ZN,124.83,26.6,False,264,0.6332537,0.6360219700000002,0.923766,1.5570197000000001,EXTRACTED
g986,U_g986/Q,77.33,14.0,True,16841,1.9682403000000002,1.133591234,6.93646,8.9047003,EXTRACTED
g9860,U_g9860/ZN,98.8,33.6,False,258,0.06168679999999999,0.02113565,0.946814,1.0085008,EXTRACTED
g9861,U_g9861/ZN,117.8,19.6,False,508,0.1370772,0.117624633,0.923766,1.0608431999999999,EXTRACTED
g9862,U_g9862/ZN,100.7,33.6,False,260,0.404078,0.28174946,0.946814,1.350892,EXTRACTED
g9863,U_g9863/ZN,117.99,30.8,False,257,0.7559283000000001,0.428269295,0.923766,1.6796943,EXTRACTED
g9864,U_g9864/ZN,99.94,30.8,False,266,0.51314,0.48666994,0.946814,1.4599540000000002,EXTRACTED
g9865,U_g9865/ZN,96.71,28.0,False,276,0.325208,0.27829073,0.946814,1.272022,EXTRACTED
g9866,U_g9866/ZN,101.08,35.0,False,247,0.0546824,0.08386031,0.946814,1.0014964,EXTRACTED
g9867,U_g9867/ZN,104.69,36.4,False,248,0.415816,0.5753789900000001,0.946814,1.36263,EXTRACTED
g9868,U_g9868/ZN,99.94,33.6,False,263,0.697922,0.601950454,0.946814,1.644736,EXTRACTED
g9869,U_g9869/ZN,102.41,40.6,False,272,0.0132445,0.006561849999999999,0.946814,0.9600585,EXTRACTED
g9870,U_g9870/ZN,101.08,37.8,False,248,0.0900838,0.010673098,0.946814,1.0368978,EXTRACTED
g9871,U_g9871/ZN,105.26,37.8,False,240,0.1108924,0.05475335499999999,0.946814,1.0577064,EXTRACTED
g9872,U_g9872/ZN,85.88,23.8,False,1011,0.49062,0.28978668,0.918145,1.408765,EXTRACTED
g9873,U_g9873/ZN,84.74,25.2,False,1045,0.785428,0.9318388169999998,0.918145,1.703573,EXTRACTED
g9874,U_g9874/ZN,112.48,9.8,False,0,0.69266,0.8280375200000001,0.914189,1.606849,EXTRACTED
g9876,U_g9876/ZN,117.04,22.4,False,0,0.791293,0.79106411,0.914189,1.705482,EXTRACTED
g9877,U_g9877/ZN,117.04,26.6,False,0,0.1553338,0.178981525,0.914189,1.0695228,EXTRACTED
g9878,U_g9878/ZN,104.69,16.8,False,0,0.6483320000000001,0.24958732499999997,0.914189,1.5625210000000003,EXTRACTED
g9879,U_g9879/ZN,120.65,33.6,False,0,0.36486599999999997,0.6472237567,0.914189,1.279055,EXTRACTED
g9880,U_g9880/ZN,108.11,26.6,False,0,0.39435400000000004,0.357662382,0.914189,1.308543,EXTRACTED
g9881,U_g9881/ZN,117.04,21.0,False,0,0.1563902,0.19234038999999997,0.914189,1.0705792,EXTRACTED
g9882,U_g9882/ZN,113.81,29.4,False,0,0.1602308,0.18472453000000003,0.914189,1.0744198,EXTRACTED
g9885,U_g9885/ZN,88.92,23.8,False,1037,0.433488,0.38292845,0.918145,1.351633,EXTRACTED
g9886,U_g9886/ZN,87.97,21.0,False,1026,0.289778,0.12071038000000002,0.918145,1.207923,EXTRACTED
g9888,U_g9888/ZN,94.81,19.6,False,1045,0.83924,0.4060755959999999,0.918145,1.757385,EXTRACTED
g9891,U_g9891/ZN,112.67,22.4,False,0,0.7504819999999999,0.5471179349999999,0.918145,1.6686269999999999,EXTRACTED
g9896,U_g9896/ZN,99.75,19.6,False,251,0.794008,0.5862332000000001,0.923766,1.717774,EXTRACTED
g9897,U_g9897/ZN,101.65,23.8,False,243,0.27029400000000003,0.5798540540000001,0.923766,1.19406,EXTRACTED
g9898,U_g9898/ZN,106.97,26.6,False,254,1.157282,1.01203642,0.940092,2.097374,EXTRACTED
g9899,U_g9899/ZN,97.09,19.6,False,246,0.330688,0.4844050999999999,0.940092,1.27078,EXTRACTED
g99,PORT/g99,144.575,0.07,False,0,0.1945562,0.02218011,0.974659,1.1692152,EXTRACTED
g9900,U_g9900/ZN,128.06,12.6,False,0,0.6222802000000001,0.8452146399999999,0.941939,1.5642192000000001,EXTRACTED
g9901,U_g9901/ZN,105.45,19.6,False,265,0.5221340000000001,0.720598812,0.959052,1.4811860000000001,EXTRACTED
g9902,U_g9902/ZN,103.93,22.4,False,265,0.25468799999999997,0.26610101,0.959052,1.21374,EXTRACTED
g9903,U_g9903/ZN,96.33,25.2,False,1037,0.01140794,0.0599744,0.938321,0.94972894,EXTRACTED
g9904,U_g9904/ZN,91.2,23.8,False,1026,0.1846176,0.10711114000000001,0.938321,1.1229386,EXTRACTED
g9905,U_g9905/ZN,91.96,26.6,False,1011,0.14381880000000002,0.25470911,0.938321,1.0821398,EXTRACTED
g9906,U_g9906/ZN,95.19,29.4,False,1045,0.130394,0.03247171,0.938321,1.068715,EXTRACTED
g9907,U_g9907/ZN,95.95,29.4,False,1045,0.8184978999999999,0.9604678099999999,0.938321,1.7568188999999999,EXTRACTED
g9908,U_g9908/ZN,110.2,21.0,False,0,0.9804488,1.321794273,1.876642,2.8570908,EXTRACTED
g9909,U_g9909/ZN,109.06,14.0,False,0,0.4488859,0.43245375,0.938321,1.3872069,EXTRACTED
g991,U_g991/Q,63.27,127.4,True,16797,1.8036870399999998,1.7771108140000003,8.298234,10.10192104,EXTRACTED
g9911,U_g9911/ZN,101.84,35.0,False,16419,0.87676,0.409047382,0.918145,1.794905,EXTRACTED
g9912,U_g9912/ZN,92.53,32.2,False,16049,0.7013862000000001,0.5704726200000001,0.918145,1.6195312,EXTRACTED
g9913,U_g9913/ZN,89.11,39.2,False,16422,0.7053055,0.40653359,0.918145,1.6234505000000001,EXTRACTED
g9914,U_g9914/ZN,97.85,37.8,False,16395,0.489822,0.256540225,0.918145,1.407967,EXTRACTED
g9915,U_g9915/ZN,98.8,35.0,False,16646,0.555482,0.246863285,0.918145,1.473627,EXTRACTED
g9916,U_g9916/ZN,95.19,35.0,False,16523,0.769666,0.4975691400000001,0.918145,1.687811,EXTRACTED
g9917,U_g9917/ZN,105.26,28.0,False,16232,0.24601,0.10030826,0.918145,1.164155,EXTRACTED
g9918,U_g9918/ZN,101.46,30.8,False,16694,0.5196200000000001,0.301321683,0.918145,1.4377650000000002,EXTRACTED
g9920,U_g9920/ZN,99.37,32.2,False,16596,0.15792940000000003,0.160120306,0.918145,1.0760744,EXTRACTED
g9921,U_g9921/ZN,103.55,37.8,False,16411,0.354042,0.282176013,0.918145,1.272187,EXTRACTED
g9922,U_g9922/ZN,95.0,26.6,False,16778,0.46823200000000004,0.507460028,0.918145,1.386377,EXTRACTED
g9923,U_g9923/ZN,101.27,25.2,False,16505,0.062155600000000005,0.00822084,0.918145,0.9803006,EXTRACTED
g9924,U_g9924/ZN,102.6,35.0,False,16435,0.035439,0.03130876,0.918145,0.953584,EXTRACTED
g9925,U_g9925/ZN,112.48,37.8,False,16718,0.34892799999999996,0.09777176,0.918145,1.267073,EXTRACTED
g9926,U_g9926/ZN,105.45,40.6,False,16243,0.519888,0.17795182999999998,0.918145,1.438033,EXTRACTED
g9927,U_g9927/ZN,103.17,40.6,False,16284,0.5442529,0.44763385999999994,0.918145,1.4623979,EXTRACTED
g9928,U_g9928/ZN,102.03,36.4,False,16276,0.25686600000000004,0.20893975000000004,0.918145,1.175011,EXTRACTED
g9929,U_g9929/ZN,104.5,37.8,False,16261,0.703476,1.1189587729999997,0.918145,1.621621,EXTRACTED
g9931,U_g9931/ZN,121.6,5.6,False,0,0.07720139999999999,0.192788828,1.70023,1.7774314,EXTRACTED
g9932,U_g9932/ZN,96.9,26.6,False,613,0.0606372,0.016070098,0.923766,0.9844032,EXTRACTED
g9933,U_g9933/ZN,92.91,22.4,False,608,0.0764998,0.030168340000000002,0.923766,1.0002658,EXTRACTED
g9934,U_g9934/ZN,93.1,30.8,False,621,0.1345206,0.07732497999999999,0.923766,1.0582866,EXTRACTED
g9935,U_g9935/ZN,96.52,30.8,False,623,0.20416600000000001,0.165748364,0.923766,1.127932,EXTRACTED
g9936,U_g9936/ZN,93.86,30.8,False,646,0.7700623999999999,0.891129744,0.923766,1.6938284,EXTRACTED
g9937,U_g9937/ZN,95.76,23.8,False,647,1.076036,0.9499455099999999,0.923766,1.9998019999999999,EXTRACTED
g9938,U_g9938/ZN,103.17,26.6,False,513,0.0805226,0.019233260000000002,0.940092,1.0206146,EXTRACTED
g9939,U_g9939/ZN,107.54,28.0,False,507,0.530446,0.8409801699999999,0.940092,1.470538,EXTRACTED
g9940,U_g9940/ZN,102.41,32.2,False,498,0.6599458,0.35398736,0.940092,1.6000378,EXTRACTED
g9941,U_g9941/ZN,103.17,32.2,False,508,0.10265780000000001,0.101712122,0.940092,1.0427498,EXTRACTED
g9942,U_g9942/ZN,102.22,29.4,False,512,0.0823204,0.01839486,0.940092,1.0224124,EXTRACTED
g9943,U_g9943/ZN,102.41,25.2,False,536,0.689518,0.7318414679999998,0.940092,1.62961,EXTRACTED
g9944,U_g9944/ZN,103.36,35.0,False,507,0.38216999999999995,0.5947412200000001,0.959052,1.341222,EXTRACTED
g9945,U_g9945/ZN,110.39,35.0,False,516,1.4047420000000002,0.8817976140000001,0.959052,2.3637940000000004,EXTRACTED
g9946,U_g9946/ZN,106.02,33.6,False,523,0.336996,0.2516829,0.959052,1.296048,EXTRACTED
g9947,U_g9947/ZN,104.12,32.2,False,533,0.035244,0.006819115,0.959052,0.9942960000000001,EXTRACTED
g9948,U_g9948/ZN,99.56,35.0,False,510,0.540408,0.326957756,0.959052,1.49946,EXTRACTED
g9949,U_g9949/ZN,104.88,26.6,False,503,0.6670465,0.52394296,0.959052,1.6260985,EXTRACTED
g995,U_g995/Q,95.95,119.0,True,16716,3.6098919999999994,2.6576715120000007,8.298234,11.908126,EXTRACTED
g9950,U_g9950/ZN,111.91,14.0,False,519,1.4427500000000002,0.9965584449999999,0.918145,2.360895,EXTRACTED
g9951,U_g9951/ZN,103.74,18.2,False,511,0.8007043,0.34408409,0.918145,1.7188493,EXTRACTED
g9952,U_g9952/ZN,103.55,28.0,False,1020,0.326726,0.319850178,0.918145,1.244871,EXTRACTED
g9953,U_g9953/ZN,100.7,23.8,False,1023,0.320976,0.666566676,0.918145,1.239121,EXTRACTED
g9954,U_g9954/ZN,109.44,36.4,False,1021,0.794855,0.8867923329999999,0.918145,1.713,EXTRACTED
g9955,U_g9955/ZN,104.88,32.2,False,1041,0.32878999999999997,0.6247925700000001,0.918145,1.246935,EXTRACTED
g9956,U_g9956/ZN,103.36,29.4,False,1022,0.471674,0.68522753,0.918145,1.389819,EXTRACTED
g9957,U_g9957/ZN,107.54,16.8,False,1039,0.6958956,0.6087699409999999,0.918145,1.6140406,EXTRACTED
g9959,U_g9959/ZN,103.17,23.8,False,519,0.9577154999999999,1.3023571470000002,0.938321,1.8960365,EXTRACTED
g9960,U_g9960/ZN,111.72,22.4,False,511,0.374612,0.298308291,0.938321,1.312933,EXTRACTED
g9961,output230/Z,129.01,2.8,False,0,0.240418,0.08724242,0,0.240418,EXTRACTED
g9962,U_g9962/ZN,107.54,25.2,False,1020,0.5510962,0.378242628,0.938321,1.4894172,EXTRACTED
g9963,U_g9963/ZN,108.11,23.8,False,1023,0.0830522,0.00870052,0.938321,1.0213732,EXTRACTED
g9964,U_g9964/ZN,102.79,28.0,False,1021,0.72172,0.861076468,0.938321,1.660041,EXTRACTED
g9965,U_g9965/ZN,113.24,32.2,False,1041,0.1446924,0.2673732300000001,0.938321,1.0830134,EXTRACTED
g9966,U_g9966/ZN,112.86,28.0,False,1022,0.230432,0.21127782,0.938321,1.168753,EXTRACTED
g9967,U_g9967/ZN,113.81,23.8,False,1039,0.20710800000000001,0.17086154399999998,0.938321,1.145429,EXTRACTED
g9968,U_g9968/ZN,114.57,23.8,False,10006,3.9222058000000004,3.5482217939999994,7.774381,11.6965868,EXTRACTED
g9974,U_g9974/ZN,120.27,21.0,False,9275,3.3558468,3.626038629,7.709214,11.065060800000001,EXTRACTED
g999,U_g999/Q,75.24,107.8,True,16656,2.03099437,2.5098228330000003,8.298234,10.329228370000001,EXTRACTED
g9995,U_g9995/ZN,106.78,25.2,False,12300,2.4227585,1.5655228469999996,7.774381,10.1971395,EXTRACTED
net1,input1/Z,1.9,2.8,False,0,0.01742614,0.0,1.70023,1.7176561399999999,EXTRACTED
net10,input10/Z,144.02,32.2,False,0,0.52175468,0.51686345,2.618375,3.14012968,EXTRACTED
net100,U_g2606/ZN,43.89,2.8,True,16844,0.510482,0.017593900000000003,0.974659,1.485141,EXTRACTED
net101,U_g2607/ZN,7.22,78.4,True,16867,0.46089399999999997,0.08972184999999999,0.974659,1.435553,EXTRACTED
net102,U_g2608/ZN,3.42,81.2,True,16915,0.07840420000000001,0.000716188,0.974659,1.0530632,EXTRACTED
net103,U_g2609/ZN,143.26,68.6,True,16281,0.16441940000000002,0.0171038,0.974659,1.1390784,EXTRACTED
net104,U_g2610/ZN,139.84,112.0,True,16742,0.6348560000000001,0.40850002,0.974659,1.609515,EXTRACTED
net105,U_g2611/ZN,140.98,98.0,True,16841,0.86846,0.046407779999999996,0.974659,1.8431190000000002,EXTRACTED
net106,U_g2612/ZN,3.04,86.8,True,16837,0.1116056,0.09257348800000001,0.974659,1.0862646,EXTRACTED
net107,U_g2648/ZN,57.38,4.2,True,16890,0.544152,0.10847979099999999,0.974659,1.518811,EXTRACTED
net108,U_g2986/ZN,70.68,1.4,True,16351,0.1227968,0.0,0.974659,1.0974558,EXTRACTED
net109,U_g3007/ZN,73.91,1.4,True,16927,0.0564328,0.03289022,0.974659,1.0310918,EXTRACTED
net11,input11/Z,130.72,1.4,False,0,0.976361,0.8634005279700001,2.618375,3.594736,EXTRACTED
net110,U_g3069/ZN,8.74,29.4,True,16698,0.787634,0.3217352,0.974659,1.762293,EXTRACTED
net111,U_g3327/ZN,145.35,112.0,False,0,0.562392,0.14662293999999998,0.974659,1.537051,EXTRACTED
net112,U_g4171/ZN,12.35,81.2,False,10255,0.27152,0.23077124,0.974659,1.2461790000000001,EXTRACTED
net113,U_g4172/ZN,6.08,78.4,True,16866,0.18043240000000002,0.1384159,0.974659,1.1550914,EXTRACTED
net114,U_g4173/ZN,62.32,4.2,True,16221,0.0609692,0.05724489,0.974659,1.0356282,EXTRACTED
net115,U_g4174/ZN,55.67,4.2,True,16103,0.1058772,0.06498573,0.974659,1.0805362,EXTRACTED
net116,U_g4175/ZN,4.37,32.2,True,16303,0.16415980000000002,0.17171379199999998,0.974659,1.1388188000000001,EXTRACTED
net117,U_g4176/ZN,56.43,1.4,True,16169,0.490966,0.36265346000000004,0.974659,1.4656250000000002,EXTRACTED
net118,U_g4177/ZN,64.6,2.8,True,16263,0.1778264,0.24782984999999996,0.974659,1.1524854,EXTRACTED
net119,U_g4178/ZN,68.59,4.2,True,16048,0.0922794,0.04856808,0.974659,1.0669384,EXTRACTED
net12,input12/Z,133.0,1.4,False,0,1.08859031,0.5895131749999998,2.618375,3.70696531,EXTRACTED
net120,U_g4179/ZN,54.91,4.2,True,16127,0.0780246,0.00719234,0.974659,1.0526836,EXTRACTED
net121,U_g4180/ZN,119.7,4.2,True,16894,0.41110199999999997,0.6762614230000001,0.974659,1.385761,EXTRACTED
net122,U_g4181/ZN,78.28,1.4,True,16850,0.754043,0.5379321499999999,0.974659,1.7287020000000002,EXTRACTED
net123,U_g4191/ZN,94.05,2.8,False,0,0.340814,0.300633164,0.974659,1.3154730000000001,EXTRACTED
net124,U_g4192/ZN,83.22,2.8,False,0,0.350686,0.25768208,0.974659,1.325345,EXTRACTED
net125,U_g4193/ZN,81.13,1.4,False,0,0.01742614,0.0,0.974659,0.99208514,EXTRACTED
net126,U_g4194/ZN,84.74,2.8,False,0,0.082412,0.11353738000000001,0.974659,1.057071,EXTRACTED
net127,U_g4195/ZN,83.03,4.2,False,0,0.22464800000000001,0.67672291,0.974659,1.1993070000000001,EXTRACTED
net128,U_g4196/ZN,86.64,1.4,False,0,0.0439218,0.12652261,0.974659,1.0185808,EXTRACTED
net129,U_g4197/ZN,76.19,1.4,False,0,0.1459154,0.26660672,0.974659,1.1205744,EXTRACTED
net13,input13/Z,130.15,1.4,False,0,0.8926996,1.249316738,2.618375,3.5110745999999997,EXTRACTED
net130,U_g4198/ZN,86.26,1.4,False,0,0.1311108,0.097751752,0.974659,1.1057698,EXTRACTED
net131,U_g4199/ZN,84.17,2.8,False,0,0.514346,0.41782285499999994,0.974659,1.4890050000000001,EXTRACTED
net132,U_g4200/ZN,89.87,2.8,False,0,0.266782,0.41793012,0.974659,1.241441,EXTRACTED
net133,U_g4201/ZN,96.14,2.8,False,0,0.0390832,0.030324829999999997,0.974659,1.0137422,EXTRACTED
net134,U_g4202/ZN,87.02,2.8,False,0,0.246474,0.51390747,0.974659,1.221133,EXTRACTED
net135,U_g4203/ZN,96.14,4.2,False,0,0.29569,0.29559156000000003,0.974659,1.270349,EXTRACTED
net136,U_g4204/ZN,90.25,1.4,False,0,0.04315,0.16488343099999997,0.974659,1.017809,EXTRACTED
net137,U_g4205/ZN,136.04,33.6,False,0,0.8182879999999999,0.40346223,0.974659,1.7929469999999998,EXTRACTED
net138,U_g4206/ZN,132.62,2.8,False,0,0.1080458,0.13251728799999998,0.974659,1.0827048000000001,EXTRACTED
net139,U_g4207/ZN,144.21,36.4,False,0,0.288648,0.18771451,0.974659,1.2633070000000002,EXTRACTED
net14,input14/Z,136.42,30.8,False,0,1.255682,1.208353656,2.618375,3.8740569999999996,EXTRACTED
net140,U_g4208/ZN,145.35,32.2,False,0,0.1886248,0.06653718,0.974659,1.1632838,EXTRACTED
net141,U_g4209/ZN,134.52,1.4,False,0,0.0943026,0.01710249,0.974659,1.0689616,EXTRACTED
net142,U_g4210/ZN,145.54,35.0,False,0,0.0806646,0.0,0.974659,1.0553236000000001,EXTRACTED
net143,U_g4211/ZN,144.21,33.6,False,0,0.035426799999999994,0.03116228,0.974659,1.0100858000000001,EXTRACTED
net144,U_g4212/ZN,126.73,1.4,False,0,0.582552,0.4782520800000001,0.974659,1.5572110000000001,EXTRACTED
net145,U_g4213/ZN,129.39,1.4,False,0,0.1120652,0.36801143,0.974659,1.0867242000000001,EXTRACTED
net146,U_g4214/ZN,128.63,1.4,False,0,0.296624,0.30439836800000003,0.974659,1.271283,EXTRACTED
net147,U_g4215/ZN,141.55,35.0,False,0,0.38035800000000003,0.3600945,0.974659,1.3550170000000001,EXTRACTED
net148,U_g4216/ZN,144.59,29.4,False,0,0.08597819999999999,0.052834188000000004,0.974659,1.0606372,EXTRACTED
net149,U_g4887/ZN,3.04,30.8,False,0,0.16794720000000002,0.03325463,0.974659,1.1426062000000001,EXTRACTED
net15,input15/Z,145.16,29.4,False,0,0.826316,0.106013792,2.618375,3.4446909999999997,EXTRACTED
net150,U_g4888/ZN,145.92,1.4,False,0,0.1624472,0.160989,0.974659,1.1371062,EXTRACTED
net151,U_g5101/ZN,76.57,142.8,False,0,0.577096,0.14243463,0.974659,1.551755,EXTRACTED
net152,U_g5105/ZN,145.92,117.6,False,0,0.1712796,0.13060631399999997,0.974659,1.1459386,EXTRACTED
net153,U_g5658/ZN,73.15,5.6,False,0,0.43580378999999997,0.721899252,0.974659,1.41046279,EXTRACTED
net154,U_g5659/ZN,74.67,1.4,False,0,0.0593532,0.0028243499999999998,0.974659,1.0340122,EXTRACTED
net155,U_g5816/ZN,93.86,137.2,True,16703,0.859135,0.18033922,0.974659,1.8337940000000001,EXTRACTED
net156,U_g6253/ZN,145.16,64.4,False,0,0.0682122,0.09416177999999999,0.974659,1.0428712,EXTRACTED
net157,U_g6254/ZN,115.14,5.6,False,0,0.33943599999999996,0.64392171,0.974659,1.314095,EXTRACTED
net158,U_g6255/ZN,117.61,7.0,False,0,0.0861508,0.06648409,0.974659,1.0608098000000001,EXTRACTED
net159,U_g6256/ZN,120.84,2.8,False,0,0.285748,0.15826518,0.974659,1.260407,EXTRACTED
net16,input16/Z,139.27,1.4,False,0,1.9759778,0.469159831,2.618375,4.594352799999999,EXTRACTED
net160,U_g6257/ZN,130.15,9.8,False,0,0.381534,0.281787272,0.974659,1.356193,EXTRACTED
net161,U_g6258/ZN,117.99,1.4,False,0,0.08807,0.004996612,0.974659,1.062729,EXTRACTED
net162,U_g6259/ZN,119.32,2.8,False,0,0.6553174099999999,0.9462948759999998,0.974659,1.6299764099999998,EXTRACTED
net163,U_g6260/ZN,118.37,1.4,False,0,0.78352149,0.5396041100000001,0.974659,1.75818049,EXTRACTED
net164,U_g6261/ZN,124.64,5.6,False,0,0.17821579999999998,0.088952798,0.974659,1.1528748,EXTRACTED
net165,U_g6262/ZN,114.76,2.8,False,0,0.0856952,0.15665049,0.974659,1.0603542000000001,EXTRACTED
net166,U_g6263/ZN,98.04,2.8,False,0,0.0838108,0.010391817999999999,0.974659,1.0584698000000001,EXTRACTED
net167,U_g6264/ZN,17.1,144.2,False,0,0.0132445,0.006561849999999999,0.974659,0.9879035,EXTRACTED
net168,U_g6265/ZN,59.85,2.8,False,0,0.1743556,0.03808514,0.974659,1.1490146,EXTRACTED
net169,U_g6266/ZN,140.22,142.8,False,0,0.1896244,0.24674700000000002,0.974659,1.1642834,EXTRACTED
net17,input17/Z,144.59,35.0,False,0,1.43856706,1.19895183,2.618375,4.05694206,EXTRACTED
net170,U_g6267/ZN,73.53,144.2,False,0,0.1718606,0.12854367,0.974659,1.1465196,EXTRACTED
net171,U_g6268/ZN,144.78,123.2,False,0,0.286948,0.10072552,0.974659,1.2616070000000001,EXTRACTED
net172,U_g6269/ZN,143.83,124.6,False,0,0.0428952,0.0,0.974659,1.0175542,EXTRACTED
net173,U_g6270/ZN,63.08,144.2,False,0,0.457736,0.3144539,0.974659,1.432395,EXTRACTED
net174,U_g6271/ZN,79.61,141.4,False,0,0.456586,0.169948176,0.974659,1.431245,EXTRACTED
net175,U_g6272/ZN,82.27,144.2,False,0,0.41265966,0.7788344,0.974659,1.38731866,EXTRACTED
net176,U_g6273/ZN,85.69,144.2,False,0,0.33434600000000003,0.44291727200000003,0.974659,1.309005,EXTRACTED
net177,U_g6274/ZN,55.86,142.8,False,0,0.384052,0.09068243800000002,0.974659,1.358711,EXTRACTED
net178,U_g6275/ZN,68.02,144.2,False,0,0.11389980000000001,0.00410354,0.974659,1.0885588000000002,EXTRACTED
net179,U_g6276/ZN,65.36,142.8,False,0,0.12386299999999999,0.02698708,0.974659,1.098522,EXTRACTED
net18,input18/Z,144.59,32.2,False,0,0.93537755,0.705019428,2.618375,3.55375255,EXTRACTED
net180,U_g6277/ZN,144.4,126.0,False,0,0.1221978,0.056846190000000005,0.974659,1.0968568,EXTRACTED
net181,U_g6278/ZN,140.22,131.6,False,0,0.739323,0.41852602,0.974659,1.7139820000000001,EXTRACTED
net182,U_g6279/ZN,144.21,4.2,False,0,0.405874,0.000677409,0.974659,1.380533,EXTRACTED
net183,U_g6280/ZN,3.04,2.8,False,0,0.1294298,0.03255338,0.974659,1.1040888,EXTRACTED
net184,U_g6281/ZN,141.55,124.6,False,0,0.449386,0.12517709999999999,0.974659,1.424045,EXTRACTED
net185,U_g6282/ZN,144.21,120.4,False,0,0.1282766,0.08917089,0.974659,1.1029356000000001,EXTRACTED
net186,U_g6283/ZN,2.47,86.8,False,0,0.07840420000000001,0.000716188,0.974659,1.0530632,EXTRACTED
net187,U_g6284/ZN,29.83,138.6,False,0,0.1454538,0.041645922,0.974659,1.1201128,EXTRACTED
net188,U_g6285/ZN,2.47,32.2,False,0,0.08026900000000001,0.002877032,0.974659,1.054928,EXTRACTED
net189,U_g6842/ZN,135.66,63.0,False,4751,0.336948,0.5975495900000001,0.974659,1.311607,EXTRACTED
net19,input19/Z,138.32,61.6,False,0,1.1811211999999998,0.8279961419999998,8.590223,9.7713442,EXTRACTED
net190,U_g6920/ZN,107.92,144.2,False,17376,0.282284,0.040599183999999996,0.974659,1.2569430000000001,EXTRACTED
net191,U_g6926/ZN,76.19,144.2,False,17786,0.0851408,0.0,0.974659,1.0597998,EXTRACTED
net192,U_g6932/ZN,143.64,68.6,False,20260,0.298558,0.07391722199999999,0.974659,1.273217,EXTRACTED
net193,U_g6942/ZN,106.78,142.8,False,16767,0.384502,0.032573500000000005,0.974659,1.359161,EXTRACTED
net194,U_g6949/ZN,144.78,116.2,False,16605,0.1230654,0.13530721999999998,0.974659,1.0977244000000002,EXTRACTED
net195,U_g6955/ZN,94.62,144.2,False,16669,0.1958812,0.03541511,0.974659,1.1705402,EXTRACTED
net196,U_g7744/ZN,7.98,138.6,False,0,0.48460000000000003,0.0,0.974659,1.459259,EXTRACTED
net197,U_g8061/ZN,76.57,144.2,False,0,0.044144,0.081224452,0.974659,1.0188030000000001,EXTRACTED
net198,U_g8062/ZN,145.16,116.2,False,0,0.0398996,0.027235250000000003,0.974659,1.0145586,EXTRACTED
net199,U_g8271/ZN,99.94,142.8,True,16703,0.0756346,0.01008755,0.974659,1.0502936,EXTRACTED
net2,input2/Z,144.78,117.6,False,0,0.71856212,0.36293032,2.48006,3.19862212,EXTRACTED
net20,input20/Z,143.45,75.6,False,0,0.180394,0.034410759,0.77983,0.960224,EXTRACTED
net200,U_g8313/ZN,35.34,141.4,False,7975,0.329074,0.07510313,0.974659,1.303733,EXTRACTED
net201,U_g8316/ZN,28.5,144.2,False,8113,0.1477274,0.18694284,0.974659,1.1223864000000001,EXTRACTED
net202,U_g8318/ZN,20.52,144.2,False,8108,0.0960776,0.123303992,0.974659,1.0707366,EXTRACTED
net203,U_g8323/ZN,21.28,144.2,False,8094,0.1592228,0.23059315,0.974659,1.1338818000000002,EXTRACTED
net204,U_g8328/ZN,22.04,142.8,False,7968,0.209446,0.163988712,0.974659,1.184105,EXTRACTED
net205,U_g8331/ZN,30.21,138.6,False,8106,0.55603571,0.5374786100000001,0.974659,1.5306947100000001,EXTRACTED
net206,U_g8335/ZN,32.11,135.8,False,8112,0.6460256,0.57258543,0.974659,1.6206846000000001,EXTRACTED
net207,U_g8340/ZN,34.2,141.4,False,7972,0.4556918,0.8844803499999999,0.974659,1.4303508,EXTRACTED
net208,U_g8347/ZN,37.62,144.2,False,8110,0.146611,0.244150818,0.974659,1.12127,EXTRACTED
net209,U_g8349/ZN,14.44,144.2,False,8091,0.1608716,0.021038150000000002,0.974659,1.1355306,EXTRACTED
net21,input21/Z,100.32,142.8,False,0,0.253308,0.03265764,0.77983,1.0331380000000001,EXTRACTED
net210,U_g8352/ZN,24.51,138.6,False,8090,0.348058,0.1488334,0.974659,1.322717,EXTRACTED
net211,U_g8561/ZN,109.06,144.2,False,17376,0.448032,0.04857090000000001,0.974659,1.422691,EXTRACTED
net212,U_g8562/ZN,75.24,144.2,False,17786,0.0833888,0.000716188,0.974659,1.0580478,EXTRACTED
net213,U_g8563/ZN,138.89,64.4,False,20260,0.5696819999999999,0.18133892999999998,0.974659,1.544341,EXTRACTED
net214,U_g8564/ZN,107.16,142.8,False,16767,0.1206412,0.007452154000000001,0.974659,1.0953002,EXTRACTED
net215,U_g8565/ZN,145.92,112.0,False,16605,0.665384,0.199417562,0.974659,1.640043,EXTRACTED
net216,U_g8566/ZN,98.42,144.2,False,16669,0.01742614,0.0,0.974659,0.99208514,EXTRACTED
net217,U_g8976/ZN,37.24,144.2,False,16840,0.1180414,0.44800495800000006,0.974659,1.0927004,EXTRACTED
net218,U_g8977/ZN,36.29,144.2,False,16600,0.255246,0.337144,0.974659,1.229905,EXTRACTED
net219,U_g8978/ZN,31.16,141.4,False,16831,0.283502,0.17777626400000002,0.974659,1.258161,EXTRACTED
net22,input22/Z,88.54,142.8,False,0,3.5978434,3.291609098,3.64949,7.2473334000000005,EXTRACTED
net220,U_g8979/ZN,21.66,142.8,False,16825,0.0824014,0.00648777,0.974659,1.0570604000000001,EXTRACTED
net221,U_g8980/ZN,20.52,140.0,False,16794,0.512994,0.654022474,0.974659,1.487653,EXTRACTED
net222,U_g8981/ZN,23.94,141.4,False,16573,0.1662174,0.09620098,0.974659,1.1408764,EXTRACTED
net223,U_g8982/ZN,27.17,138.6,False,16819,0.6324338,0.766627475,0.974659,1.6070928000000002,EXTRACTED
net224,U_g8983/ZN,31.54,140.0,False,16846,0.0852692,0.0006383280000000001,0.974659,1.0599282,EXTRACTED
net225,U_g8984/ZN,33.44,140.0,False,16582,0.6218159999999999,0.351223315,0.974659,1.5964749999999999,EXTRACTED
net226,U_g8985/ZN,15.96,141.4,False,16789,0.22431,0.037268369999999995,0.974659,1.198969,EXTRACTED
net227,U_g8986/ZN,25.65,140.0,False,16773,0.427288,0.33288665100000003,0.974659,1.401947,EXTRACTED
net228,U_g9451/ZN,123.31,1.4,False,0,0.7323740000000001,0.7502278120000001,0.974659,1.707033,EXTRACTED
net229,U_g9961/ZN,128.82,5.6,False,0,0.104016,0.111707708,0.974659,1.078675,EXTRACTED
net23,input23/Z,143.83,2.8,False,0,0.0790878,0.0,1.70023,1.7793177999999998,EXTRACTED
net24,input24/Z,1.9,30.8,False,0,0.01742614,0.0,1.70023,1.7176561399999999,EXTRACTED
net25,input25/Z,145.35,117.6,False,0,0.6862583,0.127556016,2.48006,3.1663183,EXTRACTED
net256,place257/Z,75.43,106.4,False,6487,9.75079261,7.907345083,21.819814,31.57060661,EXTRACTED
net257,place258/Z,89.3,113.4,False,0,17.875593150000004,14.710720416389993,24.286439,42.16203215,EXTRACTED
net258,place259/Z,108.49,42.0,False,0,4.83819302,4.406356452999998,28.121750000000002,32.959943020000004,EXTRACTED
net259,place260/Z,118.75,46.2,True,16693,6.1692695,2.71325768,10.225405,16.3946745,EXTRACTED
net26,input26/Z,7.6,144.2,False,0,0.7944775,0.0,1.70023,2.4947074999999996,EXTRACTED
net260,place261/Z,135.85,78.4,True,16235,5.249980549999999,5.730467014000001,11.101314,16.35129455,EXTRACTED
net261,place262/Z,120.84,117.6,False,0,13.737761600000002,9.868494781,94.49545,108.2332116,EXTRACTED
net262,place263/Z,66.69,131.6,False,0,8.44131039,5.017182441969998,56.69727,65.13858039,EXTRACTED
net263,place264/Z,123.12,98.0,False,0,14.784007719999998,10.598204770000002,83.04529600000001,97.82930372000001,EXTRACTED
net264,place265/Z,132.62,78.4,False,0,10.043075879999998,5.364960585970001,63.501054,73.54412988,EXTRACTED
net265,place266/Z,96.14,75.6,False,0,14.850420140000004,10.422348589690001,98.275268,113.12568814,EXTRACTED
net266,place267/Z,98.99,51.8,False,0,6.280683180000001,4.448206439999999,37.420254,43.700937180000004,EXTRACTED
net267,place268/Z,50.73,88.2,False,0,16.10506850000001,10.83518132849,109.614722,125.71979050000002,EXTRACTED
net268,place269/Z,51.3,86.8,False,0,6.10263683,6.150352649,58.209253000000004,64.31188983,EXTRACTED
net269,place270/Z,21.85,50.4,False,0,5.6283693999999995,4.252076955,34.018362,39.6467314,EXTRACTED
net27,input27/Z,2.47,79.8,False,0,3.8216458,1.1589607880000001,2.48006,6.301705800000001,EXTRACTED
net270,place271/Z,46.74,40.6,False,0,13.581859739999997,9.439449874980001,106.809563,120.39142274,EXTRACTED
net271,place272/Z,73.72,44.8,False,0,18.00399545,15.593125393459987,105.346278,123.35027345,EXTRACTED
net272,place273/Z,85.69,25.2,False,0,6.859572890000001,4.828544008999997,54.807361,61.66693389,EXTRACTED
net273,place274/Z,100.7,47.6,False,0,7.186919550000001,7.025671577000001,57.183303,64.37022255000001,EXTRACTED
net274,place275/Z,75.81,44.8,False,0,6.493372680000001,8.251737304000004,18.031351,24.52472368,EXTRACTED
net275,place276/Z,113.81,7.0,False,0,3.85675974,2.8401257090000005,34.029994,37.88675374,EXTRACTED
net276,hold277/Z,9.5,37.8,True,16974,0.357408,0.00365322,0.77983,1.137238,EXTRACTED
net277,hold278/Z,19.38,36.4,True,16974,0.242588,0.109531,0.918794,1.161382,EXTRACTED
net278,hold279/Z,145.16,63.0,False,0,0.1724904,0.049705,0.77983,0.9523204000000001,EXTRACTED
net279,hold280/Z,144.59,64.4,False,0,0.49198929999999996,0.5375968030000001,2.239358,2.7313473000000004,EXTRACTED
net28,input28/Z,145.16,65.8,False,0,0.16647673000000002,0.14113661,2.48006,2.64653673,EXTRACTED
net280,hold281/Z,145.73,63.0,False,0,0.0911386,0.000716188,0.77983,0.8709686,EXTRACTED
net281,hold282/Z,145.73,65.8,False,0,0.064961,0.0165458,0.974659,1.03962,EXTRACTED
net282,hold283/Z,145.54,64.4,False,0,0.1087918,0.053846002000000004,0.77983,0.8886218,EXTRACTED
net283,hold284/Z,143.83,121.8,False,0,0.33707000000000004,0.053283144,0.77983,1.1169,EXTRACTED
net284,hold285/Z,137.75,114.8,False,0,1.205949,0.7036532999999999,2.239358,3.445307,EXTRACTED
net285,hold286/Z,145.16,121.8,False,0,0.1309456,0.05333589,0.77983,0.9107756,EXTRACTED
net286,hold287/Z,142.31,124.6,False,0,0.17303659999999998,0.0,0.974659,1.1476956,EXTRACTED
net287,hold288/Z,139.27,120.4,False,0,0.444584,0.1437253,0.77983,1.224414,EXTRACTED
net288,hold289/Z,1.9,88.2,False,0,0.044141,0.00027791700000000003,0.77983,0.823971,EXTRACTED
net289,hold290/Z,22.42,86.8,False,0,1.099689,1.4640005669999998,2.239358,3.339047,EXTRACTED
net29,input29/Z,119.32,1.4,False,0,1.3487700499999997,0.8415188100000001,3.618334,4.96710405,EXTRACTED
net290,hold291/Z,1.33,88.2,False,0,0.01742614,0.0,0.77983,0.79725614,EXTRACTED
net291,hold292/Z,2.85,88.2,False,0,0.0862174,0.000843215,0.974659,1.0608764000000002,EXTRACTED
net292,hold293/Z,13.3,86.8,False,0,0.499828,0.31825715999999993,0.77983,1.279658,EXTRACTED
net293,hold294/Z,59.66,4.2,False,0,0.20264600000000002,0.25198038,0.77983,0.982476,EXTRACTED
net294,hold295/Z,58.14,12.6,False,0,1.0932954,1.0766140379999998,2.239358,3.3326534,EXTRACTED
net295,hold296/Z,58.14,2.8,False,0,0.1422226,0.05711352499999999,0.77983,0.9220526,EXTRACTED
net296,hold297/Z,61.18,7.0,False,0,0.126975,0.107577582,0.974659,1.101634,EXTRACTED
net297,hold298/Z,60.61,11.2,False,0,0.359608,0.063964018,0.77983,1.139438,EXTRACTED
net298,hold299/Z,145.16,120.4,False,0,0.1200956,0.09409819,0.77983,0.8999256,EXTRACTED
net299,hold300/Z,135.47,114.8,False,0,1.0101505,0.7354442840000001,2.239358,3.2495085,EXTRACTED
net3,input3/Z,140.22,124.6,False,0,0.8812312,0.27940218,2.48006,3.3612912,EXTRACTED
net30,input30/Z,123.31,2.8,False,0,0.5963919,0.8579526466999999,2.640322,3.2367139,EXTRACTED
net300,hold301/Z,145.73,121.8,False,0,0.1093996,0.06486969,0.77983,0.8892296000000001,EXTRACTED
net301,hold302/Z,144.59,119.0,False,0,0.0504246,0.06361349999999999,0.974659,1.0250836,EXTRACTED
net302,hold303/Z,140.41,116.2,False,0,0.422404,0.02484573,0.77983,1.202234,EXTRACTED
net303,hold304/Z,1.33,79.8,False,0,0.1185404,0.00683627,0.77983,0.8983704,EXTRACTED
net304,hold305/Z,11.21,81.2,False,0,4.85198463,0.33650058000000005,2.239358,7.09134263,EXTRACTED
net305,hold306/Z,6.08,117.6,False,0,0.1701702,0.0,0.77983,0.9500002000000001,EXTRACTED
net306,hold307/Z,20.9,98.0,False,0,4.747632,0.96938102,2.239358,6.9869900000000005,EXTRACTED
net307,hold308/Z,3.04,119.0,False,0,0.24674799999999997,0.0,0.77983,1.026578,EXTRACTED
net308,hold309/Z,9.12,117.6,False,0,0.23005599999999998,0.0,0.974659,1.204715,EXTRACTED
net309,hold310/Z,145.54,71.4,False,0,0.43986600000000003,0.0396744,0.974659,1.414525,EXTRACTED
net31,input31/Z,118.56,8.4,False,0,0.385224,0.203298628,1.70023,2.085454,EXTRACTED
net310,hold311/Z,143.64,78.4,False,0,0.046939800000000004,0.07536647499999999,1.70023,1.7471698,EXTRACTED
net311,hold312/Z,135.09,82.6,False,0,1.24619145,1.3701268019999997,5.364308,6.610499450000001,EXTRACTED
net312,hold313/Z,1.33,81.2,False,0,0.1062062,0.00394106,0.77983,0.8860362,EXTRACTED
net313,hold314/Z,2.28,81.2,False,0,0.0880662,0.00970261,0.974659,1.0627252,EXTRACTED
net314,hold315/Z,145.73,70.0,False,0,0.11318,0.0,0.77983,0.8930100000000001,EXTRACTED
net315,hold316/Z,145.73,120.4,False,0,0.1825614,0.08087731000000001,0.974659,1.1572204000000001,EXTRACTED
net316,hold317/Z,140.98,114.8,False,0,0.617224,0.37549036699999994,3.198064,3.815288,EXTRACTED
net317,hold318/Z,134.9,112.0,False,5444,0.1421808,0.031210900000000003,1.599032,1.7412128,EXTRACTED
net318,hold319/Z,133.95,110.6,False,16826,0.181646,0.03399995,1.70023,1.8818759999999999,EXTRACTED
net319,hold320/Z,99.37,144.2,False,0,0.1123218,0.00759951,0.974659,1.0869808,EXTRACTED
net32,input32/Z,119.13,7.0,False,0,0.4788517,0.30931000999999997,1.70023,2.1790817,EXTRACTED
net320,hold321/Z,99.37,140.0,False,0,0.421888,0.010548216000000001,0.918145,1.340033,EXTRACTED
net321,hold322/Z,97.09,135.8,False,5036,0.0278286,0.0913747,0.941939,0.9697676,EXTRACTED
net322,hold323/Z,64.03,144.2,False,0,0.060454600000000004,0.09273145,0.974659,1.0351136,EXTRACTED
net323,hold324/Z,65.17,144.2,False,0,0.16423480000000001,0.203491048,0.918145,1.0823798,EXTRACTED
net324,hold325/Z,63.84,140.0,False,0,0.31113199999999996,0.15713205000000002,0.946814,1.257946,EXTRACTED
net325,hold326/Z,63.84,134.4,False,5506,0.1231184,0.02281839,1.119679,1.2427974000000002,EXTRACTED
net326,hold327/Z,79.42,144.2,False,0,0.0874238,0.0006383280000000001,0.974659,1.0620828,EXTRACTED
net327,hold328/Z,78.85,142.8,False,0,0.1593542,0.15647991500000002,0.918145,1.0774992,EXTRACTED
net328,hold329/Z,79.8,140.0,False,0,0.24862199999999998,0.05689381,0.946814,1.195436,EXTRACTED
net329,hold330/Z,78.85,138.6,False,5502,0.241462,0.2282997,1.119679,1.3611410000000002,EXTRACTED
net33,input33/Z,120.46,1.4,False,0,0.054216799999999996,0.083561306,1.70023,1.7544468,EXTRACTED
net330,hold331/Z,72.96,144.2,False,0,0.095678,0.01236781,0.974659,1.070337,EXTRACTED
net331,hold332/Z,76.95,144.2,False,0,0.1332842,0.20980458999999999,0.918145,1.0514292,EXTRACTED
net332,hold333/Z,82.08,138.6,False,0,0.37942,0.060762283,0.946814,1.326234,EXTRACTED
net333,hold334/Z,67.45,144.2,False,0,0.0879352,0.01841167,0.974659,1.0625942000000002,EXTRACTED
net334,hold335/Z,68.4,144.2,False,0,0.0741436,0.004488239999999999,0.918145,0.9922886,EXTRACTED
net335,hold336/Z,69.54,128.8,False,0,0.9736655999999999,0.8525190509999999,0.946814,1.9204796,EXTRACTED
net336,hold337/Z,145.73,124.6,False,0,0.0704678,0.0541798,0.974659,1.0451268,EXTRACTED
net337,hold338/Z,138.32,124.6,False,0,0.45207400000000003,0.56765283,0.918145,1.370219,EXTRACTED
net338,hold339/Z,130.34,120.4,False,0,0.444004,0.0077253700000000005,0.946814,1.390818,EXTRACTED
net339,hold340/Z,71.06,144.2,False,0,0.1004732,0.0778868,0.974659,1.0751322,EXTRACTED
net34,input34/Z,112.67,1.4,False,0,0.31040799999999996,0.5514097,6.258425,6.568833,EXTRACTED
net340,hold341/Z,71.82,142.8,False,0,0.0696926,0.01570873,0.918145,0.9878376,EXTRACTED
net341,hold342/Z,83.03,141.4,False,0,0.547574,0.1214704,0.946814,1.494388,EXTRACTED
net342,hold343/Z,145.16,127.4,False,0,0.08438760000000001,0.053273600000000004,0.974659,1.0590466,EXTRACTED
net343,hold344/Z,138.13,127.4,False,0,0.47849600000000003,0.13215703000000004,0.918145,1.396641,EXTRACTED
net344,hold345/Z,124.64,126.0,False,0,0.596238,0.14901824,0.946814,1.543052,EXTRACTED
net345,hold346/Z,63.46,144.2,False,0,0.075795,0.013676571999999998,0.974659,1.050454,EXTRACTED
net346,hold347/Z,64.79,142.8,False,0,0.0738818,0.04786153,0.918145,0.9920268,EXTRACTED
net347,hold348/Z,65.74,128.8,False,0,0.959064,0.41472516899999995,0.946814,1.905878,EXTRACTED
net348,hold349/Z,81.13,144.2,False,0,0.01742614,0.0,0.974659,0.99208514,EXTRACTED
net349,hold350/Z,85.12,140.0,False,0,0.46554399999999996,0.2520904,0.918145,1.383689,EXTRACTED
net35,input35/Z,113.24,1.4,False,0,0.288274,0.187830574,1.70023,1.9885039999999998,EXTRACTED
net350,hold351/Z,96.14,133.0,False,0,0.375646,0.36848293,0.946814,1.32246,EXTRACTED
net351,hold352/Z,145.16,124.6,False,0,0.1529956,0.014457578000000002,0.974659,1.1276546,EXTRACTED
net352,hold353/Z,137.75,124.6,False,0,0.3734,0.586827462,0.918145,1.291545,EXTRACTED
net353,hold354/Z,130.91,117.6,False,0,0.44278999999999996,0.3309721,0.946814,1.389604,EXTRACTED
net354,hold355/Z,5.51,82.6,False,0,0.33861800000000003,0.07669352800000001,0.974659,1.313277,EXTRACTED
net355,hold356/Z,11.78,81.2,False,0,0.12028095999999999,0.14389222000000002,3.198064,3.31834496,EXTRACTED
net356,hold357/Z,13.87,81.2,False,6506,0.0556404,0.031993999999999995,1.599032,1.6546724,EXTRACTED
net357,hold358/Z,145.73,126.0,False,0,0.1552076,0.08180376,0.974659,1.1298666000000002,EXTRACTED
net358,hold359/Z,137.37,127.4,False,0,0.472578,0.27511990000000003,0.918145,1.390723,EXTRACTED
net359,hold360/Z,123.31,130.2,False,0,0.623428,0.0,0.946814,1.570242,EXTRACTED
net36,input36/Z,129.58,9.8,False,0,1.01120819,1.223141852,4.971832,5.9830401900000005,EXTRACTED
net360,hold361/Z,145.73,18.2,False,0,0.204924,0.025454389999999997,1.421162,1.626086,EXTRACTED
net361,hold362/Z,133.38,18.2,False,0,13.149683890000002,9.225519790000002,77.48626900000001,90.63595289000001,EXTRACTED
net362,hold363/Z,142.88,61.6,False,0,0.26872,0.16143004800000002,0.974659,1.243379,EXTRACTED
net363,hold364/Z,133.0,65.8,False,0,0.24124800000000002,0.2270974,1.599032,1.84028,EXTRACTED
net364,hold365/Z,132.24,64.4,False,9844,0.47348799999999996,0.33121022,1.599032,2.07252,EXTRACTED
net365,hold366/Z,137.56,60.2,False,16331,0.0413938,0.017398118,0.918145,0.9595388,EXTRACTED
net366,hold367/Z,143.07,44.8,False,0,0.36197999999999997,0.230005555,0.974659,1.336639,EXTRACTED
net367,hold368/Z,141.17,43.4,False,0,0.107574,0.1642758,1.70023,1.807804,EXTRACTED
net368,hold369/Z,62.7,1.4,False,0,0.0428952,0.0,0.974659,1.0175542,EXTRACTED
net369,hold370/Z,4.75,36.4,True,16974,0.391196,0.00365322,0.77983,1.171026,EXTRACTED
net37,input37/Z,113.81,1.4,False,0,0.93307946,1.3034792580000003,4.942679999999999,5.875759459999999,EXTRACTED
net370,hold371/Z,14.25,39.2,True,16974,0.38204200000000005,0.00365322,0.974659,1.3567010000000002,EXTRACTED
net371,hold372/Z,19.38,39.2,True,16974,0.182471,0.043265349999999994,0.77983,0.9623010000000001,EXTRACTED
net372,hold373/Z,145.73,16.8,False,0,0.0931636,0.00468749,0.77983,0.8729936,EXTRACTED
net38,input38/Z,121.98,1.4,False,0,3.6611562099999992,2.4611353599999988,29.225235,32.88639121,EXTRACTED
net39,input39/Z,77.14,1.4,False,0,0.1299638,0.10626827000000001,0.97463,1.1045938,EXTRACTED
net4,input4/Z,3.42,86.8,False,0,0.60033355,0.16088393,2.48006,3.08039355,EXTRACTED
net40,input40/Z,77.71,1.4,False,0,0.0863292,0.044708442,0.918145,1.0044742,EXTRACTED
net41,input41/Z,73.72,4.2,False,0,0.1252386,0.07627551,0.97463,1.0998686,EXTRACTED
net42,input42/Z,78.28,5.6,False,0,0.359076,0.71346815,0.918145,1.277221,EXTRACTED
net43,input43/Z,10.64,81.2,False,0,0.9097299999999999,0.4739667799999999,4.157652000000001,5.067382,EXTRACTED
net44,input44/Z,19.0,144.2,False,0,0.605754,0.17129022000000002,1.70023,2.305984,EXTRACTED
net45,input45/Z,62.51,8.4,False,0,0.8077334999999999,0.361744607,2.48006,3.2877935,EXTRACTED
net46,input46/Z,145.54,142.8,False,0,0.0815726,0.000843215,1.70023,1.7818025999999998,EXTRACTED
net47,input47/Z,110.77,140.0,False,0,8.410884999999999,3.202663748000001,15.82162,24.232504999999996,EXTRACTED
net48,input48/Z,144.21,123.2,False,0,1.0470557,0.28245856,2.48006,3.5271157,EXTRACTED
net49,input49/Z,145.73,123.2,False,0,0.570024,0.244519694,2.48006,3.050084,EXTRACTED
net5,input5/Z,11.78,116.2,False,0,4.1095079000000005,1.0361357629999999,2.48006,6.5895679000000005,EXTRACTED
net50,input50/Z,78.09,144.2,False,0,0.1172234,0.0,1.70023,1.8174534,EXTRACTED
net51,input51/Z,143.64,116.2,False,0,0.293624,0.18263860449000002,1.70023,1.9938539999999998,EXTRACTED
net52,input52/Z,145.16,44.8,False,0,0.25322,0.18521083000000002,1.70023,1.95345,EXTRACTED
net53,input53/Z,70.68,142.8,False,0,0.1776805,0.039394211,2.48006,2.6577405,EXTRACTED
net54,input54/Z,138.13,43.4,False,0,0.16540080000000001,0.183917,0.77983,0.9452308,EXTRACTED
net55,input55/Z,88.16,1.4,False,0,1.0018535000000002,1.0359916059999998,2.618375,3.6202285,EXTRACTED
net56,input56/Z,81.89,4.2,False,0,1.2686473999999999,0.44304056999999997,2.618375,3.8870223999999998,EXTRACTED
net57,input57/Z,81.7,144.2,False,0,0.6547970000000001,0.046146349999999996,2.48006,3.1348570000000002,EXTRACTED
net58,input58/Z,82.65,1.4,False,0,0.5615193,0.6282738100000002,2.618375,3.1798943,EXTRACTED
net59,input59/Z,79.99,1.4,False,0,1.111225,0.7550827990000001,2.618375,3.7295999999999996,EXTRACTED
net6,input6/Z,63.65,1.4,False,0,10.73160188,6.769701596800002,15.710645,26.44224688,EXTRACTED
net60,input60/Z,85.12,8.4,False,0,0.651421,0.7589063,2.618375,3.269796,EXTRACTED
net61,input61/Z,72.39,144.2,False,0,0.56195879,0.45619575999999995,2.48006,3.04201879,EXTRACTED
net62,input62/Z,82.08,1.4,False,0,0.9873039,0.6345512229999999,2.618375,3.6056789,EXTRACTED
net63,input63/Z,84.55,1.4,False,0,0.7147616,0.766229668,2.618375,3.3331366,EXTRACTED
net64,input64/Z,76.57,1.4,False,0,0.8348487199999999,0.9518394240000002,2.618375,3.4532237199999996,EXTRACTED
net65,input65/Z,79.61,142.8,False,0,0.6655901,0.04739260900000001,2.48006,3.1456501,EXTRACTED
net66,input66/Z,91.2,1.4,False,0,0.503762,0.66970208,2.618375,3.122137,EXTRACTED
net67,input67/Z,93.48,2.8,False,0,0.17860510000000002,0.08115582,2.618375,2.7969801,EXTRACTED
net68,input68/Z,83.03,5.6,False,0,0.3059898,0.34779724,2.618375,2.9243647999999998,EXTRACTED
net69,input69/Z,92.34,1.4,False,0,0.32460829999999996,0.04580347,2.618375,2.9429833,EXTRACTED
net7,input7/Z,135.47,4.2,False,0,1.7979832,0.045316751999999995,2.618375,4.4163581999999995,EXTRACTED
net70,input70/Z,65.74,144.2,False,0,0.31647759999999997,0.20340570000000002,2.48006,2.7965375999999997,EXTRACTED
net71,input71/Z,87.59,1.4,False,0,1.2547515,0.861918786,2.618375,3.8731264999999997,EXTRACTED
net72,input72/Z,79.61,2.8,False,0,0.9087480000000001,0.8991596439999999,2.618375,3.527123,EXTRACTED
net73,input73/Z,67.45,142.8,False,0,0.1279422,0.11510658,2.48006,2.6080022,EXTRACTED
net74,input74/Z,63.65,142.8,False,0,0.4842285,0.66582184,2.48006,2.9642885,EXTRACTED
net75,input75/Z,144.97,126.0,False,0,0.46497120000000003,0.43008962,2.48006,2.9450312,EXTRACTED
net76,input76/Z,144.59,127.4,False,0,0.31204921,0.6782976500000001,2.48006,2.79210921,EXTRACTED
net77,input77/Z,143.83,1.4,False,0,0.01742614,0.0,1.70023,1.7176561399999999,EXTRACTED
net78,input78/Z,145.35,21.0,False,0,7.54547357,3.519495858,4.97958,12.52505357,EXTRACTED
net79,input79/Z,18.62,40.6,True,16974,0.0830454,0.0334038,0.77983,0.8628754000000001,EXTRACTED
net8,input8/Z,134.9,1.4,False,0,1.4133495,0.170481344,2.618375,4.0317245,EXTRACTED
net80,U_g10377/ZN,133.0,2.8,False,0,0.1130148,0.03418868,0.974659,1.0876738000000001,EXTRACTED
net81,U_g10379/ZN,125.78,4.2,False,0,0.18950219999999998,0.0552146,0.974659,1.1641612000000001,EXTRACTED
net82,U_g10455/ZN,120.65,12.6,False,127,1.3339041999999999,0.6780463259999999,0.974659,2.3085632,EXTRACTED
net83,U_g10457/ZN,107.54,9.8,False,123,1.1083815,1.0778422070000002,0.974659,2.0830405,EXTRACTED
net84,U_g10459/ZN,128.44,5.6,False,121,0.1102664,0.0323511,0.974659,1.0849254000000002,EXTRACTED
net85,U_g10461/ZN,125.21,4.2,False,126,0.1621208,0.068759131,0.974659,1.1367798,EXTRACTED
net86,U_g10463/ZN,120.84,5.6,False,123,0.682412,0.82836767,0.974659,1.6570710000000002,EXTRACTED
net87,U_g10465/ZN,117.04,8.4,False,0,0.28455400000000003,0.15435656600000003,0.974659,1.2592130000000001,EXTRACTED
net88,U_g10628/ZN,143.83,33.6,False,13075,0.477142,0.168487195,0.974659,1.4518010000000001,EXTRACTED
net89,U_g10801/ZN,127.87,9.8,False,216,0.13459020000000002,0.06956818000000001,0.974659,1.1092492,EXTRACTED
net9,input9/Z,138.7,40.6,False,0,0.9839060000000001,0.13990238,2.618375,3.602281,EXTRACTED
net90,U_g11163/ZN,121.79,2.8,False,23023,0.3778,0.38190966000000004,0.974659,1.352459,EXTRACTED
net91,U_g11206/ZN,144.21,40.6,False,12014,1.0969319999999998,0.16722951999999996,0.974659,2.0715909999999997,EXTRACTED
net92,U_g11489/ZN,144.97,39.2,False,0,0.01742614,0.0,0.974659,0.99208514,EXTRACTED
net93,U_g1957/Q,56.24,82.6,True,16635,3.72403354,2.484762767,1.893453,5.61748654,EXTRACTED
net94,U_g2355/ZN,92.53,98.0,False,0,6.66245307,5.310132262,12.976738,19.63919107,EXTRACTED
net95,U_g2601/ZN,51.87,2.8,True,16812,0.0942562,0.0,0.974659,1.0689152,EXTRACTED
net96,U_g2602/ZN,30.02,135.8,True,16802,0.820434,0.7994508300000002,0.974659,1.795093,EXTRACTED
net97,U_g2603/ZN,10.83,30.8,True,16992,0.1596938,0.04639555,0.974659,1.1343528,EXTRACTED
net98,U_g2604/ZN,143.64,63.0,True,16297,0.01742614,0.0,0.974659,0.99208514,EXTRACTED
net99,U_g2605/ZN,141.36,110.6,True,16222,0.5151659999999999,0.3434762,0.974659,1.489825,EXTRACTED
phase0c_scan_in_1,PORT/test_si_1,147.46,98.35,True,16986,11.078748000000001,2.2043208520000004,0.918794,11.997542000000001,EXTRACTED
test_se,PORT/test_se,147.46,14.63,False,0,0.346396,0.036513859999999995,0.77983,1.126226,EXTRACTED
test_si,PORT/test_si,0.07,34.23,True,16974,0.553744,0.01184811,0.77983,1.333574,EXTRACTED
test_so,output196/Z,26.03,142.8,True,16007,6.3173318,0.10151209,0,6.3173318,EXTRACTED
