net,source,x_um,y_um,scope_scan_data,transitions,ground_ff,incident_coupling_ff,pin_ff,ground_pin_ff,cap_status
FE_OFN0_g10950,FE_OFC0_g10950/ZN,83.41,40.6,False,410,0.5370604999999999,0.8041683530000001,1.70023,2.2372905,EXTRACTED
FE_OFN10_g10702,FE_OFC10_g10702/ZN,42.37,58.8,False,7403,0.5413735900000001,1.07697047,4.62412,5.16549359,EXTRACTED
FE_OFN110_g3586,FE_OFC110_g3586/ZN,55.1,105.0,False,6479,0.1102254,0.29348809000000003,1.70023,1.8104554,EXTRACTED
FE_OFN111_g3914,FE_OFC111_g3914/ZN,89.49,124.6,False,6479,0.8353306,1.6257032000000002,3.64949,4.4848206,EXTRACTED
FE_OFN113_g3914,FE_OFC113_g3914/ZN,80.18,121.8,False,6479,0.32623199999999997,0.45074384000000006,1.70023,2.026462,EXTRACTED
FE_OFN131_g3015,FE_OFC131_g3015/ZN,111.91,84.0,False,6479,1.1701209000000001,1.329881973,11.1975,12.3676209,EXTRACTED
FE_OFN134_g3863,FE_OFC134_g3863/ZN,132.62,65.8,False,9876,0.492734,0.2831553999999999,1.70023,2.192964,EXTRACTED
FE_OFN136_g3863,FE_OFC136_g3863/ZN,129.77,60.2,False,9876,1.95445088,1.026779006,6.57338,8.52783088,EXTRACTED
FE_OFN13_g10702,FE_OFC13_g10702/ZN,38.38,57.4,False,7403,5.624172600000001,4.7642997760000005,24.59329,30.2174626,EXTRACTED
FE_OFN141_g3829,FE_OFC141_g3829/ZN,139.46,95.2,False,9876,1.4292126,0.9982160299999999,6.57338,8.0025926,EXTRACTED
FE_OFN142_g4682,FE_OFC142_g4682/ZN,103.36,46.2,False,22667,0.845643,0.887093272,1.70023,2.545873,EXTRACTED
FE_OFN144_g4682,FE_OFC144_g4682/ZN,97.28,56.0,False,22667,7.63006837,6.6368418270000005,15.34505,22.97511837,EXTRACTED
FE_OFN153_g4640,FE_OFC153_g4640/ZN,115.9,75.6,False,22506,4.716902190000001,5.037650744999999,15.34505,20.06195219,EXTRACTED
FE_OFN15_g10702,FE_OFC15_g10702/ZN,46.74,57.4,False,7403,0.6812499,1.0869038439999998,5.59875,6.2799999,EXTRACTED
FE_OFN161_g5361,FE_OFC161_g5361/ZN,70.3,42.0,False,23628,0.5618799999999999,0.40672178000000003,1.70023,2.26211,EXTRACTED
FE_OFN164_g5361,FE_OFC164_g5361/ZN,65.36,46.2,False,23628,1.801164,1.61187387,4.62412,6.4252839999999996,EXTRACTED
FE_OFN166_g5361,FE_OFC166_g5361/ZN,68.4,39.2,False,23628,8.46823413,7.338922447000004,15.34505,23.81328413,EXTRACTED
FE_OFN168_g5361,FE_OFC168_g5361/ZN,76.76,37.8,False,23628,0.10045209999999999,0.025741078,2.67486,2.7753121,EXTRACTED
FE_OFN17_g10702,FE_OFC17_g10702/ZN,46.36,60.2,False,7403,1.3979888999999999,0.841084897,5.59875,6.9967388999999995,EXTRACTED
FE_OFN187_g7638,FE_OFC187_g7638/ZN,23.18,110.6,False,2924,0.37514559999999997,0.16482486999999998,2.67486,3.0500055999999995,EXTRACTED
FE_OFN189_g7638,FE_OFC189_g7638/ZN,22.8,112.0,False,2924,2.2228252,1.7689611389999995,9.49727,11.7200952,EXTRACTED
FE_OFN192_g6488,FE_OFC192_g6488/ZN,26.03,106.4,False,1962,0.7858063000000001,0.6136409500000001,2.647044,3.4328503,EXTRACTED
FE_OFN195_g6488,FE_OFC195_g6488/ZN,27.17,99.4,False,1962,1.08852,0.8085742000000001,2.642169,3.730689,EXTRACTED
FE_OFN196_g7697,FE_OFC196_g7697/ZN,35.72,103.6,False,924,0.38469790000000004,0.10392164000000001,2.67486,3.0595578999999997,EXTRACTED
FE_OFN198_g7697,FE_OFC198_g7697/ZN,37.81,100.8,False,924,1.52327156,1.9713069800000003,11.1975,12.72077156,EXTRACTED
FE_OFN207_g6863,FE_OFC207_g6863/ZN,52.63,25.2,False,3020,1.4631963999999997,1.5897858999999999,4.62412,6.087316399999999,EXTRACTED
FE_OFN209_g6863,FE_OFC209_g6863/ZN,46.74,35.0,False,3020,2.0319749,1.4916401500000003,5.59875,7.6307249,EXTRACTED
FE_OFN217_g5013,FE_OFC217_g5013/ZN,32.87,25.2,False,19737,1.0998721,0.8837309509700002,6.57338,7.6732521,EXTRACTED
FE_OFN227_g3880,FE_OFC227_g3880/ZN,119.32,78.4,False,21071,0.37230169999999996,0.49540625000000005,2.67486,3.0471616999999998,EXTRACTED
FE_OFN229_g3880,FE_OFC229_g3880/ZN,118.94,78.4,False,21071,0.1117374,0.05186944500000001,1.70023,1.8119674,EXTRACTED
FE_OFN230_I5565,FE_OFC230_I5565/ZN,130.53,88.2,True,16605,0.0301606,0.0,1.70023,1.7303906,EXTRACTED
FE_OFN233_I5565,FE_OFC233_I5565/ZN,131.1,88.2,True,16605,0.06514020000000001,0.139586061,1.70023,1.7653702,EXTRACTED
FE_OFN245_g1690,FE_OFC245_g1690/ZN,81.89,86.8,True,16727,7.2290391,5.264468071000001,9.3843,16.613339099999997,EXTRACTED
FE_OFN284_g3586,FE_OFC284_g3586/ZN,57.38,103.6,False,6479,0.01742614,0.0,1.70023,1.7176561399999999,EXTRACTED
FE_OFN287_g3586,FE_OFC287_g3586/ZN,57.76,103.6,False,6479,3.6675773,3.9991846850000003,9.49727,13.1648473,EXTRACTED
FE_OFN294_g3914,FE_OFC294_g3914/ZN,86.45,120.4,False,6479,0.0132445,0.006561849999999999,1.70023,1.7134745,EXTRACTED
FE_OFN296_g3914,FE_OFC296_g3914/ZN,86.83,120.4,False,6479,5.133190170000001,6.237011288000003,9.49727,14.630460170000001,EXTRACTED
FE_OFN312_g5117,FE_OFC312_g5117/ZN,102.6,56.0,False,22667,0.648146,0.5270967740000001,1.70023,2.348376,EXTRACTED
FE_OFN315_g5117,FE_OFC315_g5117/ZN,96.71,50.4,False,22667,8.77155024,7.296586667000001,12.67019,21.44174024,EXTRACTED
FE_OFN316_g5361,FE_OFC316_g5361/ZN,77.14,37.8,False,23628,0.272158,0.18392412,1.70023,1.972388,EXTRACTED
FE_OFN318_g5361,FE_OFC318_g5361/ZN,75.24,40.6,False,23628,0.7679748,1.4893956400000001,1.70023,2.4682047999999996,EXTRACTED
FE_OFN337_g4525,FE_OFC337_g4525/ZN,118.56,70.0,False,21071,0.690818,0.48454589500000006,1.70023,2.391048,EXTRACTED
FE_OFN339_g4525,FE_OFC339_g4525/ZN,114.95,77.0,False,21071,0.36776400000000004,0.40131317,1.70023,2.067994,EXTRACTED
FE_OFN340_I5565,FE_OFC340_I5565/ZN,132.43,88.2,True,16605,0.0132445,0.006561849999999999,1.70023,1.7134745,EXTRACTED
FE_OFN343_I5565,FE_OFC343_I5565/ZN,132.81,88.2,True,16605,2.8032034,2.320797471,9.49727,12.300473400000001,EXTRACTED
FE_OFN354_g5361,FE_OFC354_g5361/ZN,86.07,47.6,False,23628,0.732077,1.1795292300000002,1.70023,2.4323069999999998,EXTRACTED
FE_OFN356_g5361,FE_OFC356_g5361/ZN,78.28,39.2,False,23628,6.06048394,5.719756530999999,8.77167,14.832153940000001,EXTRACTED
FE_OFN360_g4525,FE_OFC360_g4525/ZN,119.51,74.2,False,21071,0.47595980000000004,0.4281699819999999,1.70023,2.1761898,EXTRACTED
FE_OFN362_g4525,FE_OFC362_g4525/ZN,124.83,78.4,False,21071,0.432294,0.6310826119999999,1.70023,2.132524,EXTRACTED
FE_OFN368_g4525,FE_OFC368_g4525/ZN,117.61,77.0,False,21071,0.4034078,0.374344764,3.40046,3.8038678,EXTRACTED
FE_OFN369_g4525,FE_OFC369_g4525/ZN,116.85,71.4,False,21071,1.3229411,1.511057758,5.84778,7.1707211,EXTRACTED
FE_OFN370_g4525,FE_OFC370_g4525/ZN,116.28,75.6,False,21071,0.86030942,1.1656650599999998,3.89852,4.75882942,EXTRACTED
FE_OFN3_g10950,FE_OFC3_g10950/ZN,76.95,44.8,False,410,3.85304872,3.5093438950000015,10.4719,14.32494872,EXTRACTED
FE_OFN57_g9432,FE_OFC57_g9432/ZN,86.45,36.4,False,0,0.51131704,0.5505520209999999,2.67486,3.1861770399999996,EXTRACTED
FE_OFN59_g9432,FE_OFC59_g9432/ZN,90.06,36.4,False,0,1.0879941,1.228650034,7.54801,8.6360041,EXTRACTED
FE_OFN79_g8700,FE_OFC79_g8700/ZN,125.02,15.4,False,0,1.86101654,2.2693062819999996,5.48578,7.34679654,EXTRACTED
FE_OFN81_g2176,FE_OFC81_g2176/ZN,11.97,134.4,False,0,0.6970433,0.27594362,5.10069,5.7977333,EXTRACTED
FE_OFN82_g2176,FE_OFC82_g2176/ZN,18.24,137.2,False,0,0.358156,0.32208612999999997,1.70023,2.058386,EXTRACTED
FE_OFN83_g2176,FE_OFC83_g2176/ZN,20.71,137.2,False,0,4.598057070000001,3.49604627797,39.78559,44.38364707,EXTRACTED
FE_OFN84_g2176,FE_OFC84_g2176/ZN,21.09,137.2,False,0,0.226922,0.48313981,1.70023,1.927152,EXTRACTED
I10507,U_I10507/ZN,82.46,5.6,False,26,0.1265312,0.06006489999999999,3.328398,3.4549292,EXTRACTED
I10508,U_I10508/ZN,83.03,7.0,False,457,0.337268,0.13131781600000003,1.599032,1.9363000000000001,EXTRACTED
I10509,U_I10509/ZN,83.6,7.0,False,16850,0.337154,0.340121733,1.664199,2.001353,EXTRACTED
I10519,U_I10519/ZN,93.67,63.0,False,75,0.15743240000000003,0.149426352,3.328398,3.4858304,EXTRACTED
I10520,U_I10520/ZN,94.05,64.4,False,50,0.339306,0.4613522399999999,1.599032,1.938338,EXTRACTED
I10521,U_I10521/ZN,92.72,64.4,False,16734,0.328772,0.32363173999999995,1.664199,1.992971,EXTRACTED
I10769,U_I10769/ZN,145.73,88.2,False,27,0.497984,0.32766404,3.328398,3.8263819999999997,EXTRACTED
I10770,U_I10770/ZN,141.17,84.0,False,21,0.1013244,0.001707503,1.599032,1.7003564,EXTRACTED
I10771,U_I10771/ZN,141.74,88.2,False,16802,0.246198,0.10649837899999999,1.664199,1.910397,EXTRACTED
I10930,U_I10930/ZN,39.14,114.8,False,1916,0.15912720000000002,0.43936805999999995,3.328398,3.4875252,EXTRACTED
I10931,U_I10931/ZN,39.71,114.8,False,3002,0.0914552,0.1639136,1.599032,1.6904872,EXTRACTED
I10932,U_I10932/ZN,43.13,114.8,False,15503,0.1033614,0.21842525,1.664199,1.7675604,EXTRACTED
I11241,U_I11241/ZN,79.42,7.0,False,16,0.14315119999999998,0.05026936,3.328398,3.4715492,EXTRACTED
I11242,U_I11242/ZN,80.37,7.0,False,10,0.0409474,0.06263033000000001,1.599032,1.6399794,EXTRACTED
I11243,U_I11243/ZN,80.56,5.6,False,16806,0.063697,0.018528902,1.664199,1.7278959999999999,EXTRACTED
I11261,U_I11261/ZN,89.68,71.4,False,58,0.622188,0.734634483,3.328398,3.950586,EXTRACTED
I11262,U_I11262/ZN,90.63,64.4,False,23,0.1211346,0.05106216100000001,1.599032,1.7201666,EXTRACTED
I11263,U_I11263/ZN,91.39,60.2,False,16569,0.268228,0.5476609060000001,1.664199,1.9324270000000001,EXTRACTED
I11278,U_I11278/ZN,53.58,54.6,False,16613,0.61043,0.96943515,3.328398,3.938828,EXTRACTED
I11279,U_I11279/ZN,45.6,49.0,False,190,0.644523,0.70932293949,1.599032,2.2435549999999997,EXTRACTED
I11280,U_I11280/ZN,52.44,54.6,False,225,0.0377592,0.01619997,1.664199,1.7019582,EXTRACTED
I11360,U_I11360/ZN,115.52,8.4,False,0,3.6654825200000003,4.69623905097,16.048801,19.714283520000002,EXTRACTED
I11508,U_I11508/ZN,143.83,71.4,False,14,0.4881904,0.69218576,3.328398,3.8165884,EXTRACTED
I11509,U_I11509/ZN,141.36,78.4,False,13,0.11395040000000001,0.1277266,1.599032,1.7129824,EXTRACTED
I11510,U_I11510/ZN,140.22,77.0,False,16291,0.037139399999999996,0.01775355,1.664199,1.7013384,EXTRACTED
I11907,U_I11907/ZN,131.86,92.4,False,6220,0.523844,0.5291189300000001,3.328398,3.852242,EXTRACTED
I11908,U_I11908/ZN,127.49,89.6,False,14030,0.06305140000000001,0.00435321,1.599032,1.6620834,EXTRACTED
I11909,U_I11909/ZN,123.88,91.0,False,13880,0.26205199999999995,0.331293622,1.664199,1.926251,EXTRACTED
I11914,U_I11914/ZN,108.87,113.4,False,8823,1.260356,0.7254513910000001,3.328398,4.588754,EXTRACTED
I11915,U_I11915/ZN,115.33,107.8,False,13680,0.40313000000000004,0.359829702,1.599032,2.002162,EXTRACTED
I11916,U_I11916/ZN,108.11,120.4,False,12849,0.6740079999999999,0.6640237000000001,1.664199,2.3382069999999997,EXTRACTED
I11935,U_I11935/ZN,82.27,95.2,False,4348,0.20178799999999997,0.04297104,3.328398,3.530186,EXTRACTED
I11936,U_I11936/ZN,81.13,96.6,False,15196,0.046756599999999995,0.02029849,1.599032,1.6457886,EXTRACTED
I11937,U_I11937/ZN,81.7,95.2,False,14188,0.104019,0.1948894,1.664199,1.768218,EXTRACTED
I11973,U_I11973/ZN,88.92,74.2,False,3139,1.372459,1.663191026,3.328398,4.700857,EXTRACTED
I11974,U_I11974/ZN,95.57,82.6,False,15392,0.226586,0.06504039,1.599032,1.825618,EXTRACTED
I11975,U_I11975/ZN,104.31,85.4,False,14861,0.404774,0.63539096,1.664199,2.068973,EXTRACTED
I11980,U_I11980/ZN,100.7,88.2,False,5198,0.22220553999999998,0.250402805,3.328398,3.55060354,EXTRACTED
I11981,U_I11981/ZN,100.89,92.4,False,14816,0.498946,0.18234645000000002,1.599032,2.097978,EXTRACTED
I11982,U_I11982/ZN,101.46,92.4,False,14005,0.30427200000000004,0.51509257,1.664199,1.968471,EXTRACTED
I11995,U_I11995/ZN,62.7,95.2,False,8476,1.196323,1.095709343,3.328398,4.5247209999999995,EXTRACTED
I11996,U_I11996/ZN,70.49,100.8,False,13172,0.0406422,0.009824374,1.599032,1.6396742,EXTRACTED
I11997,U_I11997/ZN,77.52,103.6,False,13061,0.7067235700000001,0.16128995100000001,1.664199,2.3709225700000003,EXTRACTED
I12002,U_I12002/ZN,63.65,74.2,False,8522,0.6240385,0.40018396500000003,3.328398,3.9524365,EXTRACTED
I12003,U_I12003/ZN,61.56,70.0,False,13719,0.490696,0.6205447000000001,1.599032,2.089728,EXTRACTED
I12004,U_I12004/ZN,65.93,75.6,False,13043,0.033255,0.020223138,1.664199,1.697454,EXTRACTED
I12019,U_I12019/ZN,59.47,65.8,False,8693,0.6948183,0.49462707,3.328398,4.0232163,EXTRACTED
I12020,U_I12020/ZN,53.39,71.4,False,13558,0.52869034,0.41068347799999994,1.599032,2.12772234,EXTRACTED
I12021,U_I12021/ZN,58.33,65.8,False,13322,0.09325779999999999,0.043465187999999995,1.664199,1.7574568,EXTRACTED
I12038,U_I12038/ZN,112.86,95.2,False,7770,0.1830492,0.12766207999999998,3.328398,3.5114472,EXTRACTED
I12039,U_I12039/ZN,113.05,93.8,False,14097,0.11940339999999999,0.08143108,1.599032,1.7184354,EXTRACTED
I12040,U_I12040/ZN,111.72,95.2,False,13515,0.0351808,0.016473085999999998,1.664199,1.6993798,EXTRACTED
I12045,U_I12045/ZN,111.72,86.8,False,5208,0.0543222,0.16870857,3.328398,3.3827202,EXTRACTED
I12046,U_I12046/ZN,111.15,86.8,False,15054,0.210624,0.21660514,1.599032,1.809656,EXTRACTED
I12047,U_I12047/ZN,110.58,86.8,False,13869,0.1995876,0.31283101,1.664199,1.8637866,EXTRACTED
I12060,U_I12060/ZN,114.95,100.8,False,8629,0.4008098,0.41211791200000003,3.328398,3.7292078,EXTRACTED
I12061,U_I12061/ZN,114.0,105.0,False,13321,0.619759,0.613354165,1.599032,2.218791,EXTRACTED
I12062,U_I12062/ZN,117.04,105.0,False,13128,0.988043,0.4933236820000001,1.664199,2.652242,EXTRACTED
I12067,U_I12067/ZN,76.38,74.2,False,8633,1.083732,0.6020290479999999,3.328398,4.412129999999999,EXTRACTED
I12068,U_I12068/ZN,68.97,71.4,False,13136,0.0488222,0.05071368,1.599032,1.6478542,EXTRACTED
I12069,U_I12069/ZN,74.86,64.4,False,13530,0.52593,1.14348944,1.664199,2.1901289999999998,EXTRACTED
I12074,U_I12074/ZN,78.66,53.2,False,7062,1.3899954,1.0085380360000002,3.328398,4.7183934,EXTRACTED
I12075,U_I12075/ZN,66.12,60.2,False,13956,0.09034660000000001,0.01201251,1.599032,1.6893786,EXTRACTED
I12076,U_I12076/ZN,73.72,50.4,False,13792,1.0341209999999998,1.37306526,1.664199,2.69832,EXTRACTED
I12085,U_I12085/ZN,105.26,86.8,False,8744,0.4130794,0.49096477,3.328398,3.7414774,EXTRACTED
I12086,U_I12086/ZN,107.16,85.4,False,13181,0.0500274,0.007802142000000001,1.599032,1.6490594,EXTRACTED
I12087,U_I12087/ZN,104.69,91.0,False,12417,0.39689,0.42206786500000004,1.664199,2.061089,EXTRACTED
I12092,U_I12092/ZN,107.54,127.4,False,5268,0.047032580000000004,0.11752396999999999,3.328398,3.37543058,EXTRACTED
I12093,U_I12093/ZN,108.11,127.4,False,14790,0.1411474,0.1443928,1.599032,1.7401794,EXTRACTED
I12094,U_I12094/ZN,106.97,127.4,False,13890,0.233604,0.00862655,1.664199,1.897803,EXTRACTED
I12106,U_I12106/ZN,71.25,63.0,False,6884,1.240617,1.816856291,3.328398,4.569015,EXTRACTED
I12107,U_I12107/ZN,57.95,75.6,False,14269,0.7296462,0.3633035499999999,1.599032,2.3286782,EXTRACTED
I12108,U_I12108/ZN,65.17,70.0,False,13799,0.06470100000000001,0.020022012000000002,1.664199,1.7288999999999999,EXTRACTED
I12113,U_I12113/ZN,60.04,81.2,False,7672,0.37380769999999997,0.4486207700000001,3.328398,3.7022057,EXTRACTED
I12114,U_I12114/ZN,61.56,75.6,False,13851,0.287546,0.19488719,1.599032,1.886578,EXTRACTED
I12115,U_I12115/ZN,62.32,79.8,False,13584,0.0286114,0.023050420000000002,1.664199,1.6928104,EXTRACTED
I12126,U_I12126/ZN,77.71,72.8,False,6570,0.153706,0.183357174,3.328398,3.482104,EXTRACTED
I12127,U_I12127/ZN,79.04,71.4,False,13942,0.065348,0.007311409999999999,1.599032,1.66438,EXTRACTED
I12128,U_I12128/ZN,78.47,72.8,False,13917,0.1340708,0.08816206,1.664199,1.7982698,EXTRACTED
I12136,U_I12136/ZN,77.71,68.6,False,6635,0.4493347,0.45802270999999994,3.328398,3.7777327,EXTRACTED
I12137,U_I12137/ZN,81.89,71.4,False,13543,0.548734,0.7477866199999998,1.599032,2.147766,EXTRACTED
I12138,U_I12138/ZN,81.13,67.2,False,14359,0.4768099,1.05915654,1.664199,2.1410089,EXTRACTED
I12143,U_I12143/ZN,70.11,86.8,False,9728,0.827974,0.34246897,3.328398,4.156372,EXTRACTED
I12144,U_I12144/ZN,69.92,91.0,False,13212,0.608198,1.12751949,1.599032,2.20723,EXTRACTED
I12145,U_I12145/ZN,76.95,85.4,False,12950,0.0776224,0.05713896,1.664199,1.7418214,EXTRACTED
I12214,U_I12214/ZN,84.17,9.8,False,7,0.1818716,0.15253398999999998,3.328398,3.5102696,EXTRACTED
I12215,U_I12215/ZN,84.55,12.6,False,9,0.0623494,0.06770499,1.599032,1.6613814,EXTRACTED
I12216,U_I12216/ZN,83.98,12.6,False,16840,0.093874,0.024492279999999998,1.664199,1.758073,EXTRACTED
I13076,U_I13076/ZN,30.97,35.0,False,16217,0.250556,0.9227246600000001,3.328398,3.578954,EXTRACTED
I13077,U_I13077/ZN,32.68,35.0,False,1230,0.051098399999999995,0.012884821999999999,1.599032,1.6501304,EXTRACTED
I13078,U_I13078/ZN,38.95,35.0,False,17418,0.34482,0.54072087,1.664199,2.009019,EXTRACTED
I13089,U_I13089/ZN,45.6,26.6,False,1178,0.1761096,0.24717394,3.328398,3.5045076,EXTRACTED
I13090,U_I13090/ZN,46.17,26.6,False,587,0.1068972,0.00548822,1.599032,1.7059292,EXTRACTED
I13091,U_I13091/ZN,47.69,28.0,False,16333,0.114311,0.02396326,1.664199,1.77851,EXTRACTED
I13248,U_I13248/ZN,40.09,25.2,False,10626,1.2180803,1.0381752419999999,3.328398,4.5464783,EXTRACTED
I13249,U_I13249/ZN,35.72,37.8,False,13051,0.284712,0.10875720999999999,1.599032,1.883744,EXTRACTED
I13250,U_I13250/ZN,33.63,30.8,False,24656,0.408996,0.5470912800000001,1.664199,2.073195,EXTRACTED
I13258,U_I13258/ZN,27.17,25.2,False,7479,0.66570057,0.32334106300000004,3.328398,3.9940985700000002,EXTRACTED
I13259,U_I13259/ZN,23.18,32.2,False,13395,0.442276,0.7820815300000001,1.599032,2.041308,EXTRACTED
I13260,U_I13260/ZN,24.32,32.2,False,19243,0.501274,0.244575266,1.664199,2.165473,EXTRACTED
I13265,U_I13265/ZN,20.52,32.2,False,4614,0.1714152,0.122023434,3.328398,3.4998132,EXTRACTED
I13266,U_I13266/ZN,20.33,35.0,False,14803,0.1018778,0.03497032,1.599032,1.7009098,EXTRACTED
I13267,U_I13267/ZN,21.09,32.2,False,16339,0.1604458,0.06654732200000002,1.664199,1.8246448,EXTRACTED
I13272,U_I13272/ZN,29.26,28.0,False,5308,0.41654599999999997,0.485133862,3.328398,3.744944,EXTRACTED
I13273,U_I13273/ZN,28.12,30.8,False,15095,0.0444856,0.01246123,1.599032,1.6435176,EXTRACTED
I13274,U_I13274/ZN,25.46,29.4,False,13070,0.1550602,0.174817171,1.664199,1.8192592,EXTRACTED
I13283,U_I13283/ZN,29.07,33.6,False,2157,0.6842677,0.6209716930000001,3.328398,4.0126657,EXTRACTED
I13284,U_I13284/ZN,21.28,28.0,False,15083,0.6102358999999999,0.49015588300000007,1.599032,2.2092679,EXTRACTED
I13285,U_I13285/ZN,27.93,33.6,False,11623,0.0460572,0.16188560000000002,1.664199,1.7102562,EXTRACTED
I13293,U_I13293/ZN,23.18,29.4,False,15419,0.2762003,0.11114428800000001,3.328398,3.6045983,EXTRACTED
I13294,U_I13294/ZN,25.46,30.8,False,4647,0.473652,0.47468293,1.599032,2.072684,EXTRACTED
I13295,U_I13295/ZN,22.61,29.4,False,30063,0.406124,0.38295650000000003,1.664199,2.070323,EXTRACTED
I13300,U_I13300/ZN,36.1,32.2,False,3288,0.7877862,0.47289940712000006,3.328398,4.1161842,EXTRACTED
I13301,U_I13301/ZN,37.62,32.2,False,15958,0.0534672,0.012632116,1.599032,1.6524992,EXTRACTED
I13302,U_I13302/ZN,44.08,37.8,False,9194,0.580168,0.8637354070000001,1.664199,2.244367,EXTRACTED
I13307,U_I13307/ZN,37.24,105.0,False,272,0.5530740999999999,0.58781952,3.328398,3.8814721,EXTRACTED
I13308,U_I13308/ZN,36.86,106.4,False,284,0.09680079999999999,0.1748753,1.599032,1.6958328,EXTRACTED
I13309,U_I13309/ZN,45.03,107.8,False,16522,0.416342,0.252840802,1.664199,2.080541,EXTRACTED
I13323,U_I13323/ZN,34.39,137.2,False,7939,0.29046,0.09318496400000001,1.70023,1.9906899999999998,EXTRACTED
I13332,U_I13332/ZN,33.06,141.4,False,8077,0.38495599999999996,0.35269656000000005,1.70023,2.0851859999999998,EXTRACTED
I13338,U_I13338/ZN,22.04,141.4,False,8072,0.211964,0.25655183,1.70023,1.912194,EXTRACTED
I13351,U_I13351/ZN,18.24,135.8,False,8058,0.743112,0.21521468600000004,1.70023,2.443342,EXTRACTED
I13364,U_I13364/ZN,22.99,141.4,False,7932,0.1507584,0.05945969,1.70023,1.8509883999999999,EXTRACTED
I13373,U_I13373/ZN,31.73,135.8,False,8070,0.224666,0.19881833999999998,1.70023,1.924896,EXTRACTED
I13385,U_I13385/ZN,29.64,140.0,False,8076,0.30605600000000005,0.352274435,1.70023,2.006286,EXTRACTED
I13400,U_I13400/ZN,32.11,144.2,False,7936,0.234464,0.226627746,1.70023,1.934694,EXTRACTED
I13421,U_I13421/ZN,36.67,144.2,False,8074,0.01991644,0.09691639999999999,1.70023,1.72014644,EXTRACTED
I13427,U_I13427/ZN,15.39,140.0,False,8055,0.34243,0.0975958,1.70023,2.0426599999999997,EXTRACTED
I13436,U_I13436/ZN,23.37,141.4,False,8054,0.20322600000000002,0.10907999,1.70023,1.9034559999999998,EXTRACTED
I13504,U_I13504/ZN,18.62,89.6,False,7631,0.19119940000000002,0.032143405,3.328398,3.5195974,EXTRACTED
I13505,U_I13505/ZN,17.67,88.2,False,15090,0.0676046,0.00603154,1.599032,1.6666366,EXTRACTED
I13506,U_I13506/ZN,17.86,89.6,False,11057,0.0799364,0.039259271,1.664199,1.7441354,EXTRACTED
I13513,U_I13513/ZN,20.9,96.6,False,4667,0.7268786,0.913680649,3.328398,4.0552766,EXTRACTED
I13514,U_I13514/ZN,28.31,103.6,False,15978,0.751822,0.50466279,1.599032,2.350854,EXTRACTED
I13515,U_I13515/ZN,22.04,96.6,False,7320,0.039830199999999996,0.0646726,1.664199,1.7040292,EXTRACTED
I13521,U_I13521/ZN,21.28,82.6,False,2984,0.4995909,0.42087512000000005,3.328398,3.8279889,EXTRACTED
I13522,U_I13522/ZN,20.9,89.6,False,16261,0.420902,0.22469179900000003,1.599032,2.019934,EXTRACTED
I13523,U_I13523/ZN,20.9,91.0,False,5203,0.296418,0.24449354,1.664199,1.960617,EXTRACTED
I13529,U_I13529/ZN,14.25,109.2,False,5551,0.5650025,0.7768799500000001,3.328398,3.8934005,EXTRACTED
I13530,U_I13530/ZN,17.86,103.6,False,12853,0.1005828,0.30203991500000005,1.599032,1.6996148,EXTRACTED
I13531,U_I13531/ZN,20.9,103.6,False,7411,0.09409959999999999,0.029344115,1.664199,1.7582986,EXTRACTED
I13537,U_I13537/ZN,26.79,89.6,False,16807,0.0608066,0.18161059999999998,3.328398,3.3892046,EXTRACTED
I13538,U_I13538/ZN,25.46,89.6,False,514,0.049858,0.013880516,1.599032,1.64889,EXTRACTED
I13539,U_I13539/ZN,26.22,89.6,False,17249,0.0947094,0.11121937,1.664199,1.7589084,EXTRACTED
I13544,U_I13544/ZN,22.61,100.8,False,1035,0.2157439,0.20631423000000002,3.328398,3.5441419,EXTRACTED
I13545,U_I13545/ZN,21.47,98.0,False,16704,0.06305939999999999,0.02932306,1.599032,1.6620914,EXTRACTED
I13546,U_I13546/ZN,22.04,100.8,False,6335,0.13246539999999998,0.09053509,1.664199,1.7966644,EXTRACTED
I13552,U_I13552/ZN,20.52,88.2,False,12784,0.3645118,0.43605269799999996,3.328398,3.6929098,EXTRACTED
I13553,U_I13553/ZN,22.99,92.4,False,11841,0.430958,0.39080015,1.599032,2.02999,EXTRACTED
I13554,U_I13554/ZN,19.95,88.2,False,15663,0.5339037,0.342180216,1.664199,2.1981026999999997,EXTRACTED
I13559,U_I13559/ZN,24.7,112.0,False,882,0.629135,0.6766322650000001,3.328398,3.9575329999999997,EXTRACTED
I13560,U_I13560/ZN,26.98,109.2,False,16642,0.385374,0.4700262599999999,1.599032,1.984406,EXTRACTED
I13561,U_I13561/ZN,20.33,107.8,False,5724,0.037571,0.10026489,1.664199,1.70177,EXTRACTED
I13659,U_I13659/ZN,39.71,28.0,False,2624,0.5380301000000001,0.99005486,3.328398,3.8664281000000003,EXTRACTED
I13660,U_I13660/ZN,39.14,28.0,False,16639,0.560318,0.20334683000000003,1.599032,2.15935,EXTRACTED
I13661,U_I13661/ZN,33.63,33.6,False,8012,0.6885323999999999,0.4658886370000001,1.664199,2.3527313999999997,EXTRACTED
I13765,U_I13765/ZN,18.62,112.0,False,603,0.3536304,0.18187123000000002,3.328398,3.6820284,EXTRACTED
I13766,U_I13766/ZN,19.0,117.6,False,16634,0.31119600000000003,0.5861516,1.599032,1.910228,EXTRACTED
I13767,U_I13767/ZN,19.19,112.0,False,5495,0.2223,0.5898560100000001,1.664199,1.886499,EXTRACTED
I13857,U_I13857/ZN,93.48,126.0,False,5499,0.48152439999999996,0.662836272,3.328398,3.8099224,EXTRACTED
I13858,U_I13858/ZN,94.05,126.0,False,14496,0.36596399999999996,0.47390758,1.599032,1.964996,EXTRACTED
I13859,U_I13859/ZN,96.71,133.0,False,14931,0.5569887,0.55410562,1.664199,2.2211876999999998,EXTRACTED
I13867,U_I13867/ZN,104.12,113.4,False,9846,0.8555114,0.506225485,3.328398,4.1839094,EXTRACTED
I13868,U_I13868/ZN,104.69,113.4,False,13645,0.4842741,0.67168805,1.599032,2.0833061,EXTRACTED
I13869,U_I13869/ZN,110.96,120.4,False,12188,0.143918,0.39202570000000003,1.664199,1.808117,EXTRACTED
I13876,U_I13876/ZN,125.21,100.8,False,8010,0.708272,0.298447373,3.328398,4.03667,EXTRACTED
I13877,U_I13877/ZN,124.64,100.8,False,14094,0.087005,0.02777222,1.599032,1.686037,EXTRACTED
I13878,U_I13878/ZN,130.34,95.2,False,13274,0.5766,0.7878150600000001,1.664199,2.240799,EXTRACTED
I13886,U_I13886/ZN,91.96,100.8,False,9328,1.0730520000000001,0.948277065,3.328398,4.4014500000000005,EXTRACTED
I13887,U_I13887/ZN,95.19,89.6,False,13177,0.420442,0.3797458,1.599032,2.0194739999999998,EXTRACTED
I13888,U_I13888/ZN,87.59,102.2,False,12951,0.69771,0.48067215,1.664199,2.361909,EXTRACTED
I13893,U_I13893/ZN,88.54,106.4,False,9560,0.8059379999999999,0.7532171779999999,3.328398,4.134336,EXTRACTED
I13894,U_I13894/ZN,95.19,105.0,False,13448,0.400058,0.43819880000000005,1.599032,1.99909,EXTRACTED
I13895,U_I13895/ZN,86.45,102.2,False,12577,0.5040100000000001,0.41183684099999995,1.664199,2.168209,EXTRACTED
I13900,U_I13900/ZN,101.27,112.0,False,9834,0.336184,0.26325632600000004,3.328398,3.664582,EXTRACTED
I13901,U_I13901/ZN,100.89,114.8,False,13470,0.1457642,0.14876377200000002,1.599032,1.7447962000000001,EXTRACTED
I13902,U_I13902/ZN,99.75,116.2,False,12674,0.21168,0.13824613,1.664199,1.875879,EXTRACTED
I13907,U_I13907/ZN,108.68,120.4,False,9897,0.7282763,0.474928946,3.328398,4.0566743,EXTRACTED
I13908,U_I13908/ZN,109.25,120.4,False,13518,0.139936,0.3948458,1.599032,1.738968,EXTRACTED
I13909,U_I13909/ZN,116.09,116.2,False,12445,0.987099,0.62554721,1.664199,2.6512979999999997,EXTRACTED
I13990,U_I13990/ZN,27.93,96.6,False,2,0.0674931,0.25184458000000004,3.328398,3.3958911,EXTRACTED
I13991,U_I13991/ZN,29.45,96.6,False,16798,0.0909668,0.15526581000000003,1.599032,1.6899988,EXTRACTED
I13992,U_I13992/ZN,30.02,96.6,False,1,0.0337386,0.01937276,1.664199,1.6979376,EXTRACTED
I14202,U_I14202/ZN,32.68,120.4,False,4,1.145321,0.63798975,3.328398,4.473719,EXTRACTED
I14203,U_I14203/ZN,37.62,128.8,False,2,0.469882,0.0541296,1.599032,2.068914,EXTRACTED
I14204,U_I14204/ZN,37.24,113.4,False,16829,1.24905,0.8951336200000001,1.664199,2.913249,EXTRACTED
I14209,U_I14209/ZN,32.3,99.4,False,3,0.3165934,0.62057871,3.328398,3.6449914,EXTRACTED
I14210,U_I14210/ZN,30.02,105.0,False,3,0.5033099999999999,0.33315920800000004,1.599032,2.102342,EXTRACTED
I14211,U_I14211/ZN,30.59,105.0,False,16807,0.506734,0.18452711400000002,1.664199,2.170933,EXTRACTED
I14216,U_I14216/ZN,30.21,121.8,False,3,0.6374196000000001,0.791878432,3.328398,3.9658176000000003,EXTRACTED
I14217,U_I14217/ZN,31.54,121.8,False,9182,0.0791996,0.006770589,1.599032,1.6782316,EXTRACTED
I14218,U_I14218/ZN,36.86,127.4,False,16777,0.541208,0.3773218,1.664199,2.205407,EXTRACTED
I14263,U_I14263/ZN,61.94,19.6,False,108,0.7140914,0.498766353,3.328398,4.0424894,EXTRACTED
I14264,U_I14264/ZN,67.83,25.2,False,80,0.556182,0.27989524,1.599032,2.155214,EXTRACTED
I14265,U_I14265/ZN,61.37,21.0,False,16419,0.423514,0.53271629,1.664199,2.087713,EXTRACTED
I14270,U_I14270/ZN,44.46,15.4,False,127,0.38921059999999996,0.39120356900000003,3.328398,3.7176086,EXTRACTED
I14271,U_I14271/ZN,52.06,14.0,False,3,0.15080000000000002,0.0781782,1.599032,1.749832,EXTRACTED
I14272,U_I14272/ZN,50.73,14.0,False,16096,0.096005,0.0164551,1.664199,1.7602039999999999,EXTRACTED
I14277,U_I14277/ZN,51.68,37.8,False,77,1.23598375,1.2727273190000001,3.328398,4.56438175,EXTRACTED
I14278,U_I14278/ZN,63.08,29.4,False,9034,0.419066,0.57439566,1.599032,2.018098,EXTRACTED
I14279,U_I14279/ZN,60.8,26.6,False,16462,0.524934,0.574241725,1.664199,2.189133,EXTRACTED
I14295,U_I14295/ZN,36.48,141.4,False,16594,0.1392098,0.11602927,1.70023,1.8394397999999998,EXTRACTED
I14299,U_I14299/ZN,27.55,134.4,False,16825,0.5874695999999999,0.41885828999999997,1.70023,2.2876996,EXTRACTED
I14303,U_I14303/ZN,21.28,142.8,False,16819,0.01654948,0.0010458400000000001,1.70023,1.7167794799999998,EXTRACTED
I14306,U_I14306/ZN,19.19,137.2,False,16788,0.16837500000000002,0.18729590000000002,1.70023,1.8686049999999998,EXTRACTED
I14309,U_I14309/ZN,26.03,144.2,False,16567,0.235376,0.26491148000000003,1.70023,1.935606,EXTRACTED
I14312,U_I14312/ZN,32.68,135.8,False,16813,0.36213,0.6475773020000001,1.70023,2.06236,EXTRACTED
I14315,U_I14315/ZN,31.54,138.6,False,16840,0.0893072,0.0145878,1.70023,1.7895371999999998,EXTRACTED
I14319,U_I14319/ZN,26.98,142.8,False,16576,0.5572,0.18228581,1.70023,2.25743,EXTRACTED
I14323,U_I14323/ZN,46.55,144.2,False,16834,0.427052,0.6366642779999999,1.70023,2.127282,EXTRACTED
I14326,U_I14326/ZN,22.42,142.8,False,16783,0.34808799999999995,0.5655373779999999,1.70023,2.048318,EXTRACTED
I14330,U_I14330/ZN,26.98,144.2,False,16767,0.30681200000000003,0.17033047999999998,1.70023,2.0070419999999998,EXTRACTED
I14442,U_I14442/ZN,47.31,15.4,False,3333,0.40936000000000006,0.6950673999999999,3.328398,3.737758,EXTRACTED
I14443,U_I14443/ZN,47.69,18.2,False,3020,0.215206,0.08334130000000001,1.599032,1.814238,EXTRACTED
I14444,U_I14444/ZN,50.92,22.4,False,15643,0.383228,0.607099838,1.664199,2.047427,EXTRACTED
I14602,U_I14602/ZN,86.45,8.4,False,0,0.551254,0.20330836800000002,1.60595,2.157204,EXTRACTED
I14612,U_I14612/ZN,40.66,109.2,False,1173,0.08664897,0.02161712,3.328398,3.41504697,EXTRACTED
I14613,U_I14613/ZN,41.23,109.2,False,924,0.0761904,0.10240207000000001,1.599032,1.6752224,EXTRACTED
I14614,U_I14614/ZN,41.8,109.2,False,16542,0.0367898,0.00884982,1.664199,1.7009888,EXTRACTED
I14642,U_I14642/ZN,115.71,1.4,False,0,0.24598399999999998,0.7005247,1.70023,1.9462139999999999,EXTRACTED
I14779,U_I14779/ZN,98.42,16.8,False,0,0.6667457999999999,0.799261498,1.60595,2.2726958,EXTRACTED
I14822,U_I14822/ZN,129.01,30.8,False,357,0.265484,0.32737,0.921561,1.187045,EXTRACTED
I14827,U_I14827/ZN,134.33,18.2,False,358,0.308432,0.25589485999999995,0.921561,1.229993,EXTRACTED
I14831,U_I14831/ZN,134.71,35.0,False,358,0.311122,0.3148175,0.921561,1.232683,EXTRACTED
I14835,U_I14835/ZN,135.09,32.2,False,359,0.717124,1.0884339193,0.921561,1.638685,EXTRACTED
I14855,U_I14855/ZN,93.86,7.0,False,258,0.307898,0.38365683999999994,0.914189,1.2220870000000001,EXTRACTED
I14858,U_I14858/ZN,89.3,5.6,False,258,0.95282,1.5678135,0.914189,1.867009,EXTRACTED
I14862,U_I14862/ZN,81.89,14.0,False,258,0.562112,0.48350948000000005,0.914189,1.4763009999999999,EXTRACTED
I14866,U_I14866/ZN,87.78,15.4,False,258,0.1812804,0.289225965,0.914189,1.0954694,EXTRACTED
I15033,U_I15033/ZN,115.14,19.6,False,0,0.9866598,0.325796723,1.60595,2.5926098,EXTRACTED
I15045,U_I15045/ZN,106.97,21.0,False,0,0.354438,0.44242017899999997,1.60595,1.960388,EXTRACTED
I15048,U_I15048/ZN,106.97,23.8,False,0,1.158392,1.2302464270000002,3.2119,4.370292,EXTRACTED
I15051,U_I15051/ZN,105.64,26.6,False,0,0.0846574,0.11459198,1.60595,1.6906074,EXTRACTED
I15054,U_I15054/ZN,114.0,22.4,False,0,0.1665274,0.32935711999999995,3.2119,3.3784274,EXTRACTED
I15057,U_I15057/ZN,112.86,26.6,False,0,0.1267404,0.09795812999999999,1.60595,1.7326904,EXTRACTED
I15157,U_I15157/ZN,124.07,5.6,False,0,0.11974359999999999,0.571517,1.70023,1.8199736,EXTRACTED
I15171,U_I15171/ZN,112.1,18.2,False,8361,0.396222,0.34487885999999995,0.946814,1.3430360000000001,EXTRACTED
I15172,U_I15172/ZN,116.66,18.2,False,1651,0.5156175599999999,0.323877302,0.941939,1.45755656,EXTRACTED
I15176,U_I15176/ZN,107.16,22.4,False,8133,0.520776,1.234260832,0.946814,1.46759,EXTRACTED
I15177,U_I15177/ZN,109.25,26.6,False,1148,0.928466,0.9471598200000001,0.941939,1.8704049999999999,EXTRACTED
I15199,U_I15199/ZN,97.09,25.2,False,10115,0.50104,0.37881265499999994,0.946814,1.447854,EXTRACTED
I15200,U_I15200/ZN,105.26,30.8,False,2135,0.387104,0.11926985,0.941939,1.329043,EXTRACTED
I15204,U_I15204/ZN,93.67,22.4,False,10142,1.31526554,1.1723784339999999,0.946814,2.26207954,EXTRACTED
I15205,U_I15205/ZN,108.3,22.4,False,2141,0.5581457000000001,0.59764226,0.941939,1.5000847,EXTRACTED
I15209,U_I15209/ZN,93.29,28.0,False,10178,1.466177,0.44109873,0.946814,2.412991,EXTRACTED
I15210,U_I15210/ZN,113.43,30.8,False,2135,0.068563,0.13631415000000002,0.941939,1.010502,EXTRACTED
I15214,U_I15214/ZN,94.05,29.4,False,10244,0.8084399,2.166859408,0.946814,1.7552539,EXTRACTED
I15215,U_I15215/ZN,115.14,30.8,False,2162,0.0839112,0.019137,0.941939,1.0258502,EXTRACTED
I15219,U_I15219/ZN,88.54,22.4,False,9459,1.8729999,1.2653034699999999,0.946814,2.8198138999999998,EXTRACTED
I15220,U_I15220/ZN,114.95,25.2,False,1770,0.235768,0.359091794,0.941939,1.177707,EXTRACTED
I15224,U_I15224/ZN,104.5,14.0,False,8601,1.1809640000000001,1.182640654,0.946814,2.127778,EXTRACTED
I15225,U_I15225/ZN,117.04,23.8,False,1543,0.048218199999999996,0.01797782,0.941939,0.9901572,EXTRACTED
I15256,U_I15256/ZN,124.64,22.4,False,4396,0.6101823,0.42877283000000005,3.328398,3.9385803,EXTRACTED
I15257,U_I15257/ZN,125.78,22.4,False,9509,0.1019376,0.043281509999999995,1.599032,1.7009696,EXTRACTED
I15258,U_I15258/ZN,119.32,18.2,False,9266,0.5673147000000001,0.401951184,1.664199,2.2315137,EXTRACTED
I15287,U_I15287/ZN,116.47,44.8,False,10012,0.8335445000000001,0.505401384,5.998432,6.831976500000001,EXTRACTED
I15290,U_I15290/ZN,117.23,44.8,False,9281,0.89648207,1.3143735529999996,5.143413000000001,6.039895070000001,EXTRACTED
I15365,U_I15365/ZN,121.6,43.4,False,10144,0.409831,0.40812842400000005,4.283961,4.693791999999999,EXTRACTED
I15430,U_I15430/ZN,110.39,26.6,False,6490,0.7919331999999999,1.2210002849999997,3.328398,4.1203312,EXTRACTED
I15431,U_I15431/ZN,118.37,33.6,False,9821,0.605653,1.08865843,1.599032,2.204685,EXTRACTED
I15432,U_I15432/ZN,110.2,28.0,False,9862,0.0664024,0.16373114,1.664199,1.7306014,EXTRACTED
I15441,U_I15441/ZN,124.07,32.2,False,5438,0.10875860000000001,0.039029173,3.328398,3.4371566,EXTRACTED
I15442,U_I15442/ZN,125.21,32.2,False,11716,0.244022,0.54648451,1.599032,1.843054,EXTRACTED
I15443,U_I15443/ZN,124.64,32.2,False,11641,0.23865799999999998,0.515585582,1.664199,1.902857,EXTRACTED
I15451,U_I15451/ZN,114.0,28.0,False,3502,0.802817,0.5551254800000001,3.328398,4.131215,EXTRACTED
I15452,U_I15452/ZN,117.04,33.6,False,10322,0.12214739999999999,0.27443765,1.599032,1.7211794,EXTRACTED
I15453,U_I15453/ZN,119.13,36.4,False,9093,0.26882,0.14771696,1.664199,1.933019,EXTRACTED
I15500,U_I15500/ZN,117.42,30.8,False,11229,2.0558295,1.9329519349999995,6.120251,8.1760805,EXTRACTED
I15503,U_I15503/ZN,110.58,49.0,False,12250,1.4475194999999998,0.945745868,7.776029,9.2235485,EXTRACTED
I15507,U_I15507/ZN,114.38,33.6,False,12283,0.7240187,1.0228061600000002,6.061558,6.7855767,EXTRACTED
I15510,U_I15510/ZN,115.33,43.4,False,12406,1.6449632,1.2543377679999996,7.776029,9.4209922,EXTRACTED
I15514,U_I15514/ZN,114.76,43.4,False,12313,0.9740127000000001,0.727066176,5.143413000000001,6.117425700000001,EXTRACTED
I15607,U_I15607/ZN,125.02,21.0,False,8214,0.1086278,0.067600984,3.328398,3.4370258,EXTRACTED
I15608,U_I15608/ZN,125.59,21.0,False,11019,0.078273,0.021108955,1.599032,1.677305,EXTRACTED
I15609,U_I15609/ZN,124.45,21.0,False,11207,0.0628696,0.13007710000000003,1.664199,1.7270686,EXTRACTED
I15615,U_I15615/ZN,125.02,18.2,False,6198,0.09080429999999999,0.10977306,3.328398,3.4192023,EXTRACTED
I15616,U_I15616/ZN,125.59,18.2,False,9387,0.586514,0.3444036399999999,1.599032,2.185546,EXTRACTED
I15617,U_I15617/ZN,124.45,18.2,False,14887,0.522922,0.20655343496999998,1.664199,2.187121,EXTRACTED
I15716,U_I15716/ZN,126.16,16.8,False,10917,0.1063394,0.094921152,3.328398,3.4347374,EXTRACTED
I15717,U_I15717/ZN,126.16,15.4,False,17191,0.0736526,0.0663452,1.599032,1.6726846,EXTRACTED
I15718,U_I15718/ZN,125.59,15.4,False,12317,0.0960862,0.07484305899999999,1.664199,1.7602852,EXTRACTED
I15855,U_I15855/ZN,129.39,5.6,False,0,0.23865999999999998,0.449132209,1.70023,1.9388899999999998,EXTRACTED
I15861,U_I15861/ZN,126.35,5.6,False,0,0.0988226,0.092108,1.70023,1.7990526,EXTRACTED
I15870,U_I15870/ZN,121.41,54.6,False,6482,0.4585618,0.393707374,3.328398,3.7869598,EXTRACTED
I15871,U_I15871/ZN,124.45,53.2,False,12118,0.39496000000000003,0.38457626399999995,1.599032,1.993992,EXTRACTED
I15872,U_I15872/ZN,124.07,58.8,False,11734,0.11730199999999999,0.14142066999999997,1.664199,1.781501,EXTRACTED
I15878,U_I15878/ZN,116.47,49.0,False,6826,0.0966142,0.015717046,3.328398,3.4250122,EXTRACTED
I15879,U_I15879/ZN,117.04,49.0,False,11722,0.194621,0.58325787,1.599032,1.793653,EXTRACTED
I15880,U_I15880/ZN,117.61,49.0,False,11733,0.1906592,0.3706887,1.664199,1.8548582,EXTRACTED
I15890,U_I15890/ZN,113.24,54.6,False,5921,0.547288,0.7412970609999999,3.328398,3.875686,EXTRACTED
I15891,U_I15891/ZN,120.08,50.4,False,12167,0.079341,0.04226095,1.599032,1.6783730000000001,EXTRACTED
I15892,U_I15892/ZN,114.76,51.8,False,12305,0.338476,0.5970024820000001,1.664199,2.002675,EXTRACTED
I15898,U_I15898/ZN,118.18,47.6,False,6058,0.2991353,0.138050001,3.328398,3.6275333,EXTRACTED
I15899,U_I15899/ZN,118.75,47.6,False,12024,0.06263279999999999,0.02269555,1.599032,1.6616648,EXTRACTED
I15900,U_I15900/ZN,115.52,49.0,False,11766,0.22142,0.32930528,1.664199,1.885619,EXTRACTED
I15906,U_I15906/ZN,124.26,9.8,False,12857,0.05957622,0.19331117199999998,3.328398,3.38797422,EXTRACTED
I15907,U_I15907/ZN,125.4,9.8,False,12966,0.35871600000000003,0.28882836,1.599032,1.957748,EXTRACTED
I15908,U_I15908/ZN,125.97,9.8,False,13095,0.378146,0.30304798999999993,1.664199,2.042345,EXTRACTED
I15956,U_I15956/ZN,122.17,8.4,False,127,0.255622,0.35107734999999995,1.70023,1.955852,EXTRACTED
I15962,U_I15962/ZN,111.53,9.8,False,129,0.266708,0.13896508000000002,1.70023,1.9669379999999999,EXTRACTED
I15968,U_I15968/ZN,120.08,9.8,False,123,0.556054,0.7351975079999999,1.70023,2.256284,EXTRACTED
I15974,U_I15974/ZN,125.21,7.0,False,128,0.1733498,0.06826871999999999,1.70023,1.8735798,EXTRACTED
I15980,U_I15980/ZN,120.08,14.0,False,129,0.503158,0.325503522,1.70023,2.203388,EXTRACTED
I15986,U_I15986/ZN,114.38,7.0,False,0,0.213092,0.13808596,1.70023,1.913322,EXTRACTED
I15992,U_I15992/ZN,105.83,50.4,False,8267,0.60015986,0.6429900134899998,3.328398,3.9285578599999997,EXTRACTED
I15993,U_I15993/ZN,102.22,57.4,False,12343,0.5666640000000001,0.6419491099999998,1.599032,2.165696,EXTRACTED
I15994,U_I15994/ZN,106.4,50.4,False,11846,0.0529336,0.015720269999999998,1.664199,1.7171326,EXTRACTED
I15999,U_I15999/ZN,106.21,43.4,False,4354,0.4946574,0.6290165599999998,3.328398,3.8230554,EXTRACTED
I16000,U_I16000/ZN,107.35,43.4,False,13353,0.055761399999999996,0.04280601,1.599032,1.6547934,EXTRACTED
I16001,U_I16001/ZN,110.58,37.8,False,13097,0.5503720000000001,0.19213218199999998,1.664199,2.2145710000000003,EXTRACTED
I16007,U_I16007/ZN,112.48,44.8,False,5406,0.40890013000000003,0.40812705999999993,3.328398,3.73729813,EXTRACTED
I16008,U_I16008/ZN,113.62,44.8,False,12947,0.1687104,0.076152544,1.599032,1.7677424,EXTRACTED
I16009,U_I16009/ZN,116.66,47.6,False,12783,0.503224,0.4510772930000001,1.664199,2.167423,EXTRACTED
I16015,U_I16015/ZN,105.07,46.2,False,7982,0.7694021,0.6186948259999999,3.328398,4.0978001,EXTRACTED
I16016,U_I16016/ZN,114.19,50.4,False,11917,0.893778,0.8230558800000001,1.599032,2.49281,EXTRACTED
I16017,U_I16017/ZN,113.05,50.4,False,12190,1.0526,0.704965014,1.664199,2.716799,EXTRACTED
I16023,U_I16023/ZN,121.22,42.0,False,7652,0.10081799999999999,0.20488035200000002,3.328398,3.429216,EXTRACTED
I16024,U_I16024/ZN,121.79,42.0,False,11644,0.428984,0.5432775,1.599032,2.028016,EXTRACTED
I16025,U_I16025/ZN,123.5,42.0,False,11907,0.40851800000000005,0.24118365,1.664199,2.072717,EXTRACTED
I16030,U_I16030/ZN,115.33,47.6,False,8036,0.5107098,0.55144214,3.328398,3.8391078,EXTRACTED
I16031,U_I16031/ZN,108.3,47.6,False,12094,0.45371799999999995,0.2914828799999999,1.599032,2.05275,EXTRACTED
I16032,U_I16032/ZN,108.68,49.0,False,12310,0.433402,0.39827309,1.664199,2.097601,EXTRACTED
I16037,U_I16037/ZN,125.02,47.6,False,7913,0.09446117000000001,0.031259606999999995,3.328398,3.42285917,EXTRACTED
I16038,U_I16038/ZN,125.59,47.6,False,12053,0.444982,0.294886288,1.599032,2.0440139999999998,EXTRACTED
I16039,U_I16039/ZN,125.59,49.0,False,11291,0.42580199999999996,0.19765216300000002,1.664199,2.090001,EXTRACTED
I16044,U_I16044/ZN,107.16,44.8,False,6046,0.0866496,0.084268365,3.328398,3.4150476,EXTRACTED
I16045,U_I16045/ZN,107.73,44.8,False,12620,0.068419,0.16178599,1.599032,1.667451,EXTRACTED
I16046,U_I16046/ZN,108.3,44.8,False,12755,0.0638476,0.00860814,1.664199,1.7280465999999999,EXTRACTED
I16051,U_I16051/ZN,117.61,47.6,False,6315,0.475654,0.6607514600000001,3.328398,3.804052,EXTRACTED
I16052,U_I16052/ZN,111.15,46.2,False,12518,0.210856,0.362274456,1.599032,1.809888,EXTRACTED
I16053,U_I16053/ZN,110.96,44.8,False,12714,0.267806,0.29413714300000005,1.664199,1.932005,EXTRACTED
I16058,U_I16058/ZN,112.67,49.0,False,4641,0.12037871,0.0805608,3.328398,3.4487767099999997,EXTRACTED
I16059,U_I16059/ZN,111.53,49.0,False,13068,0.053974400000000006,0.03793236,1.599032,1.6530064,EXTRACTED
I16060,U_I16060/ZN,112.1,49.0,False,13228,0.0836362,0.080759092,1.664199,1.7478352,EXTRACTED
I16065,U_I16065/ZN,110.39,54.6,False,5769,0.6221853,0.390438584,3.328398,3.9505833,EXTRACTED
I16066,U_I16066/ZN,113.62,49.0,False,13121,0.487428,0.38165316,1.599032,2.0864599999999998,EXTRACTED
I16067,U_I16067/ZN,110.96,56.0,False,12406,0.0485068,0.01015114,1.664199,1.7127058,EXTRACTED
I16072,U_I16072/ZN,118.75,43.4,False,8443,0.19862259999999998,0.11309715000000001,3.328398,3.5270206,EXTRACTED
I16073,U_I16073/ZN,119.32,46.2,False,11413,0.302884,0.5724594389999998,1.599032,1.901916,EXTRACTED
I16074,U_I16074/ZN,119.32,43.4,False,11261,0.250676,0.175714035,1.664199,1.9148749999999999,EXTRACTED
I16079,U_I16079/ZN,123.69,47.6,False,8448,0.5966073000000001,1.00483513,3.328398,3.9250053,EXTRACTED
I16080,U_I16080/ZN,121.03,47.6,False,11074,0.060884999999999995,0.13644276900000002,1.599032,1.659917,EXTRACTED
I16081,U_I16081/ZN,128.82,51.8,False,11566,0.629866,0.498426052,1.664199,2.294065,EXTRACTED
I16086,U_I16086/ZN,106.59,49.0,False,5895,0.5891539000000001,0.504810784,3.328398,3.9175519000000003,EXTRACTED
I16087,U_I16087/ZN,105.45,49.0,False,12356,0.048782400000000004,0.065058845,1.599032,1.6478144000000001,EXTRACTED
I16088,U_I16088/ZN,99.56,51.8,False,12991,0.48658,0.21842054,1.664199,2.150779,EXTRACTED
I16142,U_I16142/ZN,112.48,42.0,False,9085,0.1932338,0.235827475,0.964824,1.1580578,EXTRACTED
I16145,U_I16145/ZN,121.79,44.8,False,12866,0.584902,0.344131715,0.964824,1.5497260000000002,EXTRACTED
I16148,U_I16148/ZN,123.12,50.4,False,12271,0.38656999999999997,0.36168202000000005,0.946814,1.3333840000000001,EXTRACTED
I16149,U_I16149/ZN,113.43,51.8,False,16966,0.703148,0.705431284,0.941939,1.645087,EXTRACTED
I16160,U_I16160/ZN,119.89,47.6,False,13193,0.5356535499999999,0.9271874590000001,0.946814,1.48246755,EXTRACTED
I16161,U_I16161/ZN,108.68,43.4,False,15483,0.27556400000000003,0.3145076440000001,0.941939,1.217503,EXTRACTED
I16220,U_I16220/ZN,67.83,36.4,False,21069,0.42830609999999997,1.06063915,0.918145,1.3464511,EXTRACTED
I16252,U_I16252/ZN,141.36,40.6,False,12547,0.5910340000000001,0.16765268000000003,1.70023,2.291264,EXTRACTED
I16330,U_I16330/ZN,61.94,23.8,False,7736,0.6298079700000001,0.54304735,3.328398,3.95820597,EXTRACTED
I16331,U_I16331/ZN,68.02,18.2,False,12962,0.56498951,0.7652429700000001,1.599032,2.16402151,EXTRACTED
I16332,U_I16332/ZN,62.51,23.8,False,8310,0.1646132,0.11737417999999998,1.664199,1.8288122,EXTRACTED
I16427,U_I16427/ZN,121.22,63.0,False,7308,0.315994,0.281293102,0.921561,1.237555,EXTRACTED
I16467,U_I16467/ZN,122.17,9.8,False,19431,0.4123523,0.562483725,3.328398,3.7407503,EXTRACTED
I16468,U_I16468/ZN,115.14,11.2,False,10812,0.299022,0.607139266,1.599032,1.8980540000000001,EXTRACTED
I16469,U_I16469/ZN,120.46,9.8,False,18735,0.036104199999999996,0.042062150000000006,1.664199,1.7003032,EXTRACTED
I16507,U_I16507/ZN,123.31,5.6,False,220,0.338498,0.5586777749999999,1.70023,2.038728,EXTRACTED
I16717,U_I16717/ZN,123.69,5.6,False,23003,0.283778,0.10217829999999999,1.70023,1.9840079999999998,EXTRACTED
I16982,U_I16982/ZN,145.92,43.4,False,12164,0.269322,0.28390447999999996,0.918145,1.187467,EXTRACTED
I17051,U_I17051/ZN,65.93,134.4,False,17174,0.4583922,0.17406836000000003,3.328398,3.7867902,EXTRACTED
I17052,U_I17052/ZN,68.4,128.8,False,548,0.0471932,0.01584217,1.599032,1.6462252,EXTRACTED
I17053,U_I17053/ZN,66.69,128.8,False,953,0.045654600000000004,0.09089516,1.664199,1.7098536,EXTRACTED
I17281,U_I17281/ZN,31.35,74.2,False,2211,1.005546,0.556050732,3.328398,4.333944,EXTRACTED
I17282,U_I17282/ZN,38.76,79.8,False,18549,0.49663180000000007,0.82913947,1.599032,2.0956638,EXTRACTED
I17283,U_I17283/ZN,38.76,84.0,False,17897,0.743219,1.0241591719999998,1.664199,2.407418,EXTRACTED
I17288,U_I17288/ZN,32.68,70.0,False,3106,0.607388,0.470386224,3.328398,3.9357860000000002,EXTRACTED
I17289,U_I17289/ZN,38.57,64.4,False,15555,0.5926365,0.6278302650000002,1.599032,2.1916685,EXTRACTED
I17290,U_I17290/ZN,36.1,68.6,False,18051,0.278312,0.2887447086,1.664199,1.942511,EXTRACTED
I17295,U_I17295/ZN,43.13,74.2,False,2295,0.22844149000000002,0.44834645900000003,3.328398,3.5568394899999998,EXTRACTED
I17296,U_I17296/ZN,42.56,74.2,False,17422,0.09232599999999999,0.20965667999999998,1.599032,1.691358,EXTRACTED
I17297,U_I17297/ZN,39.71,72.8,False,18058,0.0697924,0.1776393,1.664199,1.7339914,EXTRACTED
I17305,U_I17305/ZN,39.14,68.6,False,11523,0.38521556,0.17709981500000002,3.328398,3.7136135599999998,EXTRACTED
I17306,U_I17306/ZN,39.71,74.2,False,12710,0.259526,0.13619173,1.599032,1.858558,EXTRACTED
I17307,U_I17307/ZN,39.71,68.6,False,13131,0.063143,0.02705133,1.664199,1.727342,EXTRACTED
I17393,U_I17393/ZN,33.82,72.8,False,18297,0.083606,0.09176704,3.328398,3.412004,EXTRACTED
I17394,U_I17394/ZN,34.2,74.2,False,26575,0.667034,0.412209496,1.599032,2.266066,EXTRACTED
I17395,U_I17395/ZN,33.63,74.2,False,27591,0.68066373,0.48537594,1.664199,2.34486273,EXTRACTED
I17400,U_I17400/ZN,38.38,72.8,False,12272,0.5040562,0.4830256970000001,3.328398,3.8324542,EXTRACTED
I17401,U_I17401/ZN,39.14,74.2,False,13693,0.0592794,0.05724733,1.599032,1.6583114,EXTRACTED
I17402,U_I17402/ZN,46.36,72.8,False,27494,0.30297,0.7994523699999999,1.664199,1.967169,EXTRACTED
I17413,U_I17413/ZN,143.83,39.2,False,0,0.057576,0.0152648,1.70023,1.757806,EXTRACTED
I17459,U_I17459/ZN,36.48,74.2,False,22062,0.04482952,0.13937721,3.328398,3.37322752,EXTRACTED
I17460,U_I17460/ZN,37.24,74.2,False,24735,0.563061,0.6753434500000001,1.599032,2.162093,EXTRACTED
I17461,U_I17461/ZN,35.91,74.2,False,25304,0.5828804000000001,0.4139175,1.664199,2.2470794,EXTRACTED
I17485,U_I17485/ZN,35.91,77.0,False,12461,0.08531040000000001,0.04502061,3.328398,3.4137084,EXTRACTED
I17486,U_I17486/ZN,36.1,78.4,False,12922,0.050871999999999994,0.01129508,1.599032,1.649904,EXTRACTED
I17487,U_I17487/ZN,36.48,77.0,False,30116,0.060585799999999995,0.04148329,1.664199,1.7247848,EXTRACTED
I17492,U_I17492/ZN,87.97,127.4,False,13705,0.5709958,0.8398807540000001,3.328398,3.8993938,EXTRACTED
I17493,U_I17493/ZN,89.3,127.4,False,14443,0.0589306,0.007526252000000001,1.599032,1.6579626,EXTRACTED
I17494,U_I17494/ZN,94.05,133.0,False,22892,0.5032639999999999,0.8275294040000001,1.664199,2.1674629999999997,EXTRACTED
I17503,U_I17503/ZN,96.52,120.4,False,10542,0.577378,0.5142818849999999,3.328398,3.905776,EXTRACTED
I17504,U_I17504/ZN,98.42,124.6,False,15404,0.61587,0.47779822999999993,1.599032,2.214902,EXTRACTED
I17505,U_I17505/ZN,92.72,119.0,False,19471,0.7553274999999999,0.67914067,1.664199,2.4195265,EXTRACTED
I17567,U_I17567/ZN,112.29,119.0,False,11881,0.9100507000000001,0.926061601,3.328398,4.2384487,EXTRACTED
I17568,U_I17568/ZN,104.31,112.0,False,28572,0.581446,0.9701020100000001,1.599032,2.180478,EXTRACTED
I17569,U_I17569/ZN,112.86,119.0,False,9678,0.17487660000000002,0.10371819,1.664199,1.8390756,EXTRACTED
I17584,U_I17584/ZN,39.33,79.8,False,17611,0.6413327,0.629147425,3.328398,3.9697307,EXTRACTED
I17585,U_I17585/ZN,35.91,71.4,False,17738,0.377396,0.22954691999999996,1.599032,1.976428,EXTRACTED
I17586,U_I17586/ZN,38.0,79.8,False,28291,0.215442,0.23275020200000002,1.664199,1.879641,EXTRACTED
I4780,U_I4780/ZN,77.9,142.8,False,0,0.1857974,0.032362840000000004,3.40046,3.5862574,EXTRACTED
I4783,U_I4783/ZN,144.21,110.6,False,0,0.41641859999999997,0.45680228200000006,3.40046,3.8168786,EXTRACTED
I4820,U_I4820/ZN,57.38,5.6,True,16838,0.0915634,0.00741329,1.70023,1.7917934,EXTRACTED
I4859,U_I4859/ZN,51.68,4.2,True,16758,0.0674468,0.0,1.70023,1.7676767999999998,EXTRACTED
I4866,U_I4866/ZN,140.22,107.8,True,16238,0.285746,0.008756410000000001,1.70023,1.985976,EXTRACTED
I4876,U_I4876/ZN,43.7,4.2,True,16838,0.0581096,0.017593900000000003,1.70023,1.7583396,EXTRACTED
I4883,U_I4883/ZN,16.91,75.6,True,16861,0.69133,0.24280761199999998,1.70023,2.39156,EXTRACTED
I4891,U_I4891/ZN,15.96,75.6,True,16909,0.9234617999999999,0.522570488,1.70023,2.6236917999999996,EXTRACTED
I4900,U_I4900/ZN,138.89,61.6,True,16305,0.6417462,0.519753,1.70023,2.3419762,EXTRACTED
I4910,U_I4910/ZN,49.78,68.6,False,1974,0.39923640000000005,0.209625585,3.328398,3.7276344,EXTRACTED
I4911,U_I4911/ZN,48.64,74.2,False,15253,0.394952,0.08060005,1.599032,1.993984,EXTRACTED
I4912,U_I4912/ZN,48.83,71.4,False,16208,0.1838944,0.099824604,1.664199,1.8480934,EXTRACTED
I4917,U_I4917/ZN,128.44,112.0,True,16688,0.8331667899999999,0.04116854,1.70023,2.53339679,EXTRACTED
I4928,U_I4928/ZN,43.13,70.0,False,7320,0.37898200000000004,0.445080904,3.328398,3.70738,EXTRACTED
I4929,U_I4929/ZN,40.66,65.8,False,13714,0.7762595000000001,1.35266441,1.599032,2.3752915000000003,EXTRACTED
I4930,U_I4930/ZN,44.27,70.0,False,13234,0.402502,0.47638468999999994,1.664199,2.066701,EXTRACTED
I4935,U_I4935/ZN,131.29,98.0,True,16787,0.6740835000000001,0.025990179999999998,1.70023,2.3743135,EXTRACTED
I4941,U_I4941/ZN,51.68,65.8,False,8087,0.5267338399999999,0.40817244899999994,3.328398,3.85513184,EXTRACTED
I4942,U_I4942/ZN,46.55,70.0,False,14050,0.34851,0.34836807000000003,1.599032,1.9475419999999999,EXTRACTED
I4943,U_I4943/ZN,45.98,70.0,False,13031,0.42233800000000005,0.33757925,1.664199,2.086537,EXTRACTED
I4948,U_I4948/ZN,12.35,79.8,True,16831,0.780024,0.960220135,1.70023,2.480254,EXTRACTED
I4954,U_I4954/ZN,41.99,71.4,False,7543,0.785682,1.32412887,3.328398,4.1140799999999995,EXTRACTED
I4955,U_I4955/ZN,56.05,67.2,False,13636,0.609588,0.6059058199999998,1.599032,2.20862,EXTRACTED
I4956,U_I4956/ZN,43.13,68.6,False,14220,0.464304,0.24164004,1.664199,2.128503,EXTRACTED
I4964,U_I4964/ZN,41.8,65.8,False,9755,0.12011087000000001,0.141477784,3.328398,3.44850887,EXTRACTED
I4965,U_I4965/ZN,41.23,65.8,False,12384,0.1062666,0.012189354999999999,1.599032,1.7052986,EXTRACTED
I4966,U_I4966/ZN,40.09,65.8,False,12483,0.0862778,0.029118260000000003,1.664199,1.7504768,EXTRACTED
I4971,U_I4971/ZN,71.44,120.4,False,7687,1.0079742999999999,0.8471562539999997,3.328398,4.3363723,EXTRACTED
I4972,U_I4972/ZN,77.71,127.4,False,14406,0.0693074,0.1911182,1.599032,1.6683394,EXTRACTED
I4973,U_I4973/ZN,76.19,133.0,False,13441,0.42833200000000005,0.42545189,1.664199,2.092531,EXTRACTED
I4978,U_I4978/ZN,39.52,61.6,False,8539,0.21333565,0.27931175,3.328398,3.54173365,EXTRACTED
I4979,U_I4979/ZN,42.37,60.2,False,13572,0.1350518,0.16506983,1.599032,1.7340838,EXTRACTED
I4980,U_I4980/ZN,40.09,61.6,False,13404,0.0342654,0.019174774,1.664199,1.6984644,EXTRACTED
I4985,U_I4985/ZN,85.88,120.4,False,9715,0.7719115000000001,0.554642504,3.328398,4.1003095,EXTRACTED
I4986,U_I4986/ZN,80.37,124.6,False,12579,0.203356,0.498776652,1.599032,1.802388,EXTRACTED
I4987,U_I4987/ZN,78.66,119.0,False,12842,0.5257499999999999,0.45323884999999997,1.664199,2.189949,EXTRACTED
I4992,U_I4992/ZN,136.8,28.0,False,0,0.45083999999999996,0.09479372999999999,1.70023,2.15107,EXTRACTED
I4995,U_I4995/ZN,35.15,63.0,False,6773,0.6792744,0.676963758,3.328398,4.0076724,EXTRACTED
I4996,U_I4996/ZN,38.95,70.0,False,13193,0.7793694,0.53259199,1.599032,2.3784014,EXTRACTED
I4997,U_I4997/ZN,37.62,61.6,False,14420,0.34549,0.26444068000000004,1.664199,2.009689,EXTRACTED
I5002,U_I5002/ZN,134.14,1.4,False,0,0.014858679999999999,0.00270833,1.70023,1.7150886799999998,EXTRACTED
I5005,U_I5005/ZN,41.04,50.4,False,10089,0.733034,0.38307848896999996,3.328398,4.061432,EXTRACTED
I5006,U_I5006/ZN,41.23,54.6,False,12856,0.0665994,0.06912070000000001,1.599032,1.6656314,EXTRACTED
I5007,U_I5007/ZN,37.43,58.8,False,12891,0.32588799999999996,0.140809,1.664199,1.990087,EXTRACTED
I5013,U_I5013/ZN,82.08,114.8,False,6268,0.9654654,0.4740224720000001,3.328398,4.2938634,EXTRACTED
I5014,U_I5014/ZN,74.67,109.2,False,13846,0.513988,0.6959178,1.599032,2.11302,EXTRACTED
I5015,U_I5015/ZN,81.32,117.6,False,13846,0.20604,0.1601355,1.664199,1.870239,EXTRACTED
I5020,U_I5020/ZN,145.16,35.0,False,0,0.01742614,0.0,1.70023,1.7176561399999999,EXTRACTED
I5023,U_I5023/ZN,72.58,127.4,False,7521,0.0664438,0.10276826,3.328398,3.3948418,EXTRACTED
I5024,U_I5024/ZN,72.01,127.4,False,13701,0.1110078,0.03090024,1.599032,1.7100398,EXTRACTED
I5025,U_I5025/ZN,71.44,127.4,False,14321,0.1376336,0.04378964999999999,1.664199,1.8018326,EXTRACTED
I5034,U_I5034/ZN,77.9,117.6,False,3010,0.5825614,0.37348924200000005,3.328398,3.9109594,EXTRACTED
I5035,U_I5035/ZN,79.04,117.6,False,15796,0.41282,0.17848793999999996,1.599032,2.011852,EXTRACTED
I5036,U_I5036/ZN,71.82,114.8,False,14757,0.7862960000000001,0.632136984,1.664199,2.450495,EXTRACTED
I5041,U_I5041/ZN,143.45,32.2,False,0,0.103286,0.032290317,1.70023,1.803516,EXTRACTED
I5044,U_I5044/ZN,126.35,2.8,False,0,0.0901912,0.01981148,1.70023,1.7904212,EXTRACTED
I5047,U_I5047/ZN,129.77,1.4,False,0,0.061043400000000005,0.014078015000000001,1.70023,1.7612733999999999,EXTRACTED
I5053,U_I5053/ZN,128.44,2.8,False,0,0.08116,0.01223513,1.70023,1.7813899999999998,EXTRACTED
I5057,U_I5057/ZN,2.47,30.8,False,0,0.0301606,0.0,1.70023,1.7303906,EXTRACTED
I5060,U_I5060/ZN,144.59,37.8,False,0,0.37052199999999996,0.0958598,1.70023,2.0707519999999997,EXTRACTED
I5070,U_I5070/ZN,145.92,26.6,False,0,0.213484,0.1270448,1.70023,1.913714,EXTRACTED
I5084,U_I5084/ZN,106.21,89.6,False,419,0.38394,0.3464009,0.918145,1.302085,EXTRACTED
I5085,U_I5085/ZN,109.82,89.6,False,550,0.38507199999999997,0.20550447,0.97463,1.359702,EXTRACTED
I5101,U_I5101/ZN,143.45,2.8,False,0,0.17044879999999998,0.18255379,1.70023,1.8706787999999999,EXTRACTED
I5104,U_I5104/ZN,45.22,53.2,False,7887,0.06360102000000001,0.096374057,3.328398,3.39199902,EXTRACTED
I5105,U_I5105/ZN,45.79,53.2,False,12932,0.6295,0.73298341,1.599032,2.228532,EXTRACTED
I5106,U_I5106/ZN,46.36,53.2,False,13811,0.5212002,1.007361138,1.664199,2.1853992,EXTRACTED
I5126,U_I5126/ZN,59.28,95.2,False,8979,0.12460334,0.149046754,3.328398,3.45300134,EXTRACTED
I5127,U_I5127/ZN,60.23,95.2,False,13217,0.41816,0.91959799,1.599032,2.017192,EXTRACTED
I5128,U_I5128/ZN,60.04,96.6,False,13458,0.562057,0.8410787479999999,1.664199,2.2262560000000002,EXTRACTED
I5135,U_I5135/ZN,28.5,53.2,False,7757,0.21530193,0.30522778899999997,3.328398,3.54369993,EXTRACTED
I5136,U_I5136/ZN,27.55,56.0,False,13753,0.637758,0.66741049,1.599032,2.23679,EXTRACTED
I5137,U_I5137/ZN,27.36,53.2,False,13074,0.807272,0.8469433250000001,1.664199,2.471471,EXTRACTED
I5164,U_I5164/ZN,109.06,124.6,False,8991,0.0650365,0.08692966000000002,3.328398,3.3934345,EXTRACTED
I5165,U_I5165/ZN,109.63,124.6,False,13201,0.5109618,0.85360577,1.599032,2.1099938,EXTRACTED
I5166,U_I5166/ZN,110.2,124.6,False,13106,0.575013,0.7520321239999999,1.664199,2.239212,EXTRACTED
I5184,U_I5184/ZN,90.44,127.4,False,10028,1.033864,1.21860038,3.328398,4.362261999999999,EXTRACTED
I5185,U_I5185/ZN,82.65,131.6,False,13184,0.239966,0.11021685,1.599032,1.8389980000000001,EXTRACTED
I5186,U_I5186/ZN,79.04,123.2,False,13050,0.545558,0.54316254,1.664199,2.2097569999999997,EXTRACTED
I5202,U_I5202/ZN,84.93,56.0,False,3274,0.642815,0.40289930300000004,3.328398,3.971213,EXTRACTED
I5203,U_I5203/ZN,78.66,54.6,False,15100,0.0532694,0.01556534,1.599032,1.6523014,EXTRACTED
I5204,U_I5204/ZN,76.57,54.6,False,15426,0.09210299999999999,0.03386576,1.664199,1.756302,EXTRACTED
I5229,U_I5229/ZN,62.13,49.0,False,9919,0.05368680000000001,0.10320277999999998,3.328398,3.3820848,EXTRACTED
I5230,U_I5230/ZN,63.27,49.0,False,12913,0.0603784,0.01267221,1.599032,1.6594104,EXTRACTED
I5231,U_I5231/ZN,62.7,49.0,False,12980,0.1049358,0.018222124,1.664199,1.7691348,EXTRACTED
I5245,U_I5245/ZN,90.63,1.4,False,0,0.149144,0.38254215,1.70023,1.8493739999999999,EXTRACTED
I5254,U_I5254/ZN,143.26,78.4,False,0,0.764832,0.34888254,0.77983,1.544662,EXTRACTED
I5263,U_I5263/ZN,23.56,77.0,False,11105,0.9390940000000001,1.7105904,3.328398,4.267492,EXTRACTED
I5264,U_I5264/ZN,9.88,68.6,False,13189,0.630138,0.7808748000000001,1.599032,2.22917,EXTRACTED
I5265,U_I5265/ZN,15.96,77.0,False,13049,0.048816200000000004,0.047598545,1.664199,1.7130152,EXTRACTED
I5282,U_I5282/ZN,57.76,14.0,False,9768,0.14758280000000001,0.022650179000000003,3.328398,3.4759808,EXTRACTED
I5283,U_I5283/ZN,58.9,14.0,False,12833,0.0480912,0.013264080000000001,1.599032,1.6471232,EXTRACTED
I5284,U_I5284/ZN,57.19,14.0,False,12523,0.084274,0.018943928,1.664199,1.748473,EXTRACTED
I5295,U_I5295/ZN,68.59,65.8,False,7382,0.3882962,0.558466834,3.328398,3.7166942,EXTRACTED
I5296,U_I5296/ZN,71.82,63.0,False,16527,0.06299199999999999,0.01885139,1.599032,1.662024,EXTRACTED
I5297,U_I5297/ZN,71.25,61.6,False,16600,0.17775939999999998,0.05869852600000001,1.664199,1.8419584,EXTRACTED
I5315,U_I5315/ZN,92.15,120.4,False,9779,1.173047,1.15652785,3.328398,4.501445,EXTRACTED
I5316,U_I5316/ZN,101.65,134.4,False,12893,0.47517000000000004,0.41346302,1.599032,2.074202,EXTRACTED
I5317,U_I5317/ZN,98.04,131.6,False,12835,0.589359,0.22311930000000002,1.664199,2.253558,EXTRACTED
I5323,U_I5323/ZN,136.61,46.2,False,6852,0.7503900000000001,0.83213956,3.328398,4.078788,EXTRACTED
I5324,U_I5324/ZN,133.38,33.6,False,16264,0.5594702,0.43961201499999997,1.599032,2.1585022,EXTRACTED
I5325,U_I5325/ZN,136.99,40.6,False,16296,0.221602,0.68610838,1.664199,1.885801,EXTRACTED
I5341,U_I5341/ZN,54.53,60.2,False,6501,0.57062415,0.320456085,3.328398,3.89902215,EXTRACTED
I5342,U_I5342/ZN,55.1,60.2,False,13536,0.072977,0.0220061,1.599032,1.672009,EXTRACTED
I5343,U_I5343/ZN,55.67,51.8,False,14441,0.48644200000000004,0.16012982000000003,1.664199,2.1506410000000002,EXTRACTED
I5351,U_I5351/ZN,89.49,110.6,False,13860,0.15793639999999998,0.09618295400000001,0.946814,1.1047504,EXTRACTED
I5352,U_I5352/ZN,98.8,114.8,False,9981,0.565596,0.7231275599999999,0.941939,1.5075349999999998,EXTRACTED
I5357,U_I5357/ZN,60.8,116.2,False,8507,0.396408,0.41850928000000004,0.946814,1.343222,EXTRACTED
I5358,U_I5358/ZN,63.27,120.4,False,12293,0.02896,0.09821732000000002,0.941939,0.970899,EXTRACTED
I5363,U_I5363/ZN,93.86,79.8,False,14842,4.638005959999999,1.68299588,0.914189,5.55219496,EXTRACTED
I5366,U_I5366/ZN,52.44,124.6,False,22812,0.570588,0.6704777369999999,0.914189,1.484777,EXTRACTED
I5371,U_I5371/ZN,67.45,9.8,False,7079,0.07393559999999999,0.036443699999999996,3.328398,3.4023336,EXTRACTED
I5372,U_I5372/ZN,68.02,9.8,False,16312,0.100371,0.03636623,1.599032,1.699403,EXTRACTED
I5373,U_I5373/ZN,68.59,9.8,False,16329,0.034808000000000006,0.016957658,1.664199,1.699007,EXTRACTED
I5383,U_I5383/ZN,102.03,1.4,False,0,0.400864,0.5535920599999999,1.70023,2.101094,EXTRACTED
I5388,U_I5388/ZN,81.13,4.2,False,0,0.1548436,0.14434957,1.70023,1.8550735999999999,EXTRACTED
I5395,U_I5395/ZN,82.46,2.8,False,0,0.1405024,0.14898786400000005,1.70023,1.8407323999999998,EXTRACTED
I5399,U_I5399/ZN,84.17,8.4,False,0,0.35344,0.19696254900000001,1.70023,2.05367,EXTRACTED
I5406,U_I5406/ZN,90.63,2.8,False,0,0.42631,0.50732163,1.70023,2.12654,EXTRACTED
I5410,U_I5410/ZN,80.37,2.8,False,0,0.341138,0.069794155,1.70023,2.041368,EXTRACTED
I5414,U_I5414/ZN,85.12,2.8,False,0,0.12698240000000002,0.04201989,1.70023,1.8272123999999998,EXTRACTED
I5418,U_I5418/ZN,84.55,4.2,False,0,0.07606160000000001,0.11309326,1.70023,1.7762916,EXTRACTED
I5424,U_I5424/ZN,96.71,1.4,False,0,0.36198600000000003,0.5455888040000001,1.70023,2.062216,EXTRACTED
I5427,U_I5427/ZN,94.05,1.4,False,0,0.1204908,0.29196317000000005,1.70023,1.8207208,EXTRACTED
I5430,U_I5430/ZN,86.45,2.8,False,0,0.0301606,0.0,1.70023,1.7303906,EXTRACTED
I5435,U_I5435/ZN,93.29,110.6,False,0,1.3797570000000001,0.8366204980000003,2.67486,4.054617,EXTRACTED
I5441,U_I5441/ZN,92.91,1.4,False,0,0.293614,0.3172855,1.70023,1.993844,EXTRACTED
I5445,U_I5445/ZN,89.87,1.4,False,0,0.01742614,0.0,1.70023,1.7176561399999999,EXTRACTED
I5449,U_I5449/ZN,68.78,124.6,False,10440,0.488042,0.42741958499999994,3.328398,3.81644,EXTRACTED
I5450,U_I5450/ZN,69.54,127.4,False,12865,0.20571599999999998,0.16377392799999999,1.599032,1.804748,EXTRACTED
I5451,U_I5451/ZN,66.5,121.8,False,13003,0.33557200000000004,0.430077481,1.664199,1.999771,EXTRACTED
I5459,U_I5459/ZN,74.1,123.2,False,9821,0.3758746,0.39862237899999997,3.328398,3.7042726,EXTRACTED
I5460,U_I5460/ZN,74.29,124.6,False,12624,0.1157228,0.0643295,1.599032,1.7147548,EXTRACTED
I5461,U_I5461/ZN,75.05,130.2,False,12774,0.48665200000000003,0.46440735999999994,1.664199,2.150851,EXTRACTED
I5468,U_I5468/ZN,72.01,120.4,False,8268,0.3901279,0.46897211,3.328398,3.7185259,EXTRACTED
I5469,U_I5469/ZN,75.62,123.2,False,13971,0.244034,0.29604831,1.599032,1.843066,EXTRACTED
I5470,U_I5470/ZN,72.01,121.8,False,13266,0.30264,0.44724499999999995,1.664199,1.966839,EXTRACTED
I5484,U_I5484/ZN,81.13,121.8,False,6588,0.0714552,0.14025674900000001,3.328398,3.3998532,EXTRACTED
I5485,U_I5485/ZN,80.56,121.8,False,14790,0.1923948,0.42299492000000005,1.599032,1.7914268,EXTRACTED
I5486,U_I5486/ZN,81.7,121.8,False,13866,0.255454,0.72380086,1.664199,1.919653,EXTRACTED
I5497,U_I5497/ZN,27.55,138.6,True,16796,0.226904,0.36780549000000007,1.70023,1.927134,EXTRACTED
I5500,U_I5500/ZN,68.59,116.2,False,3632,0.4018539,0.8065467930000001,3.328398,3.7302519,EXTRACTED
I5501,U_I5501/ZN,70.11,116.2,False,15600,0.1146576,0.45636775,1.599032,1.7136896,EXTRACTED
I5502,U_I5502/ZN,63.27,113.4,False,14438,0.301752,0.343573275,1.664199,1.965951,EXTRACTED
I5510,U_I5510/ZN,9.31,35.0,True,17030,0.335064,0.04872079,1.70023,2.035294,EXTRACTED
I5516,U_I5516/ZN,67.45,116.2,False,4147,0.7586431,0.7951889180000001,3.328398,4.0870411,EXTRACTED
I5517,U_I5517/ZN,74.86,112.0,False,15392,0.518836,0.49491438,1.599032,2.117868,EXTRACTED
I5518,U_I5518/ZN,75.24,109.2,False,14180,0.652712,0.7060019514899999,1.664199,2.316911,EXTRACTED
I5525,U_I5525/ZN,143.26,63.0,True,16321,0.0485984,0.01012666,1.70023,1.7488283999999998,EXTRACTED
I5528,U_I5528/ZN,70.3,107.8,False,10453,1.0217516999999998,0.7852424750000002,3.328398,4.350149699999999,EXTRACTED
I5529,U_I5529/ZN,72.77,116.2,False,12781,0.10512300000000001,0.07276541,1.599032,1.704155,EXTRACTED
I5530,U_I5530/ZN,69.16,121.8,False,12953,0.409826,0.38795468,1.664199,2.074025,EXTRACTED
I5538,U_I5538/ZN,77.14,119.0,False,9654,0.2326659,0.27385376,3.328398,3.5610639,EXTRACTED
I5539,U_I5539/ZN,75.43,119.0,False,12714,0.056236400000000006,0.012031430000000001,1.599032,1.6552684,EXTRACTED
I5540,U_I5540/ZN,78.47,117.6,False,12993,0.208692,0.37156152000000003,1.664199,1.872891,EXTRACTED
I5570,U_I5570/ZN,49.02,61.6,False,13688,0.09801,0.032701,0.946814,1.044824,EXTRACTED
I5571,U_I5571/ZN,50.16,61.6,False,15487,0.0512636,0.0035809400000000003,0.941939,0.9932025999999999,EXTRACTED
I5576,U_I5576/ZN,46.55,50.4,False,15678,0.1288418,0.5226760699999999,0.914189,1.0430308,EXTRACTED
I5579,U_I5579/ZN,138.89,1.4,False,0,0.44048600000000004,0.13849962999999998,1.70023,2.140716,EXTRACTED
I5584,U_I5584/ZN,144.78,26.6,False,0,0.5777140000000001,0.301321447,1.70023,2.2779439999999997,EXTRACTED
I5588,U_I5588/ZN,144.02,29.4,False,0,0.21044600000000002,0.07737033,1.70023,1.910676,EXTRACTED
I5591,U_I5591/ZN,137.56,61.6,False,9876,1.229346,0.9151662899999998,3.328398,4.557744,EXTRACTED
I5592,U_I5592/ZN,129.39,67.2,False,9876,0.28841799999999995,0.19458937999999998,0.77983,1.068248,EXTRACTED
I5593,U_I5593/ZN,140.6,56.0,False,6479,0.47298,0.2765164,1.664199,2.137179,EXTRACTED
I5599,U_I5599/ZN,29.45,51.8,False,23054,0.502928,0.529270202,0.946814,1.449742,EXTRACTED
I5600,U_I5600/ZN,30.02,54.6,False,22839,0.402826,0.34019498000000004,0.941939,1.344765,EXTRACTED
I5604,U_I5604/ZN,92.34,84.0,False,7831,0.090581,0.06662038999999999,3.328398,3.4189789999999998,EXTRACTED
I5605,U_I5605/ZN,93.48,84.0,False,13058,0.06530820000000001,0.0207486,1.599032,1.6643402,EXTRACTED
I5606,U_I5606/ZN,92.91,84.0,False,13204,0.0922944,0.038454789999999996,1.664199,1.7564934,EXTRACTED
I5611,U_I5611/ZN,59.09,124.6,False,1965,0.3960045,0.281821104,3.328398,3.7244025,EXTRACTED
I5612,U_I5612/ZN,60.99,120.4,False,16120,0.451904,0.357460401,1.599032,2.050936,EXTRACTED
I5613,U_I5613/ZN,58.52,124.6,False,15247,0.08021400000000001,0.017166864,1.664199,1.744413,EXTRACTED
I5618,U_I5618/ZN,136.99,81.2,False,2732,0.68964398,0.261990274,3.328398,4.01804198,EXTRACTED
I5619,U_I5619/ZN,137.56,81.2,False,15525,0.4973282,0.35309745800000003,1.599032,2.0963602,EXTRACTED
I5620,U_I5620/ZN,129.77,84.0,False,15071,1.173445,0.4157674999999999,1.664199,2.837644,EXTRACTED
I5626,U_I5626/ZN,29.45,53.2,False,12778,0.1886952,0.113872864,0.914189,1.1028842,EXTRACTED
I5629,U_I5629/ZN,103.74,46.2,False,15727,0.0880204,0.14985730000000003,0.921561,1.0095814,EXTRACTED
I5649,U_I5649/ZN,107.35,95.2,False,24026,0.506544,0.36824965,0.921561,1.428105,EXTRACTED
I5675,U_I5675/ZN,39.52,121.8,False,7771,1.0990289000000002,0.87996561,3.328398,4.4274269,EXTRACTED
I5676,U_I5676/ZN,47.69,134.4,False,16817,0.5614020000000001,0.08004263,1.599032,2.160434,EXTRACTED
I5677,U_I5677/ZN,44.65,127.4,False,16713,0.0545622,0.08780215,1.664199,1.7187611999999999,EXTRACTED
I5689,U_I5689/ZN,89.11,99.4,False,791,0.569094,0.8385903579999998,0.918145,1.487239,EXTRACTED
I5690,U_I5690/ZN,93.29,107.8,False,1781,0.8851389999999999,0.6827211099999999,0.97463,1.859769,EXTRACTED
I5804,U_I5804/ZN,41.04,63.0,False,10929,0.3959,0.42440243,0.946814,1.342714,EXTRACTED
I5805,U_I5805/ZN,44.65,71.4,False,15767,0.637176,0.58644994,0.941939,1.5791149999999998,EXTRACTED
I5815,U_I5815/ZN,70.87,67.2,True,16585,0.01742614,0.0,0.918145,0.93557114,EXTRACTED
I5865,U_I5865/ZN,77.33,133.0,False,12342,0.530904,0.524496302,3.328398,3.859302,EXTRACTED
I5866,U_I5866/ZN,81.13,126.0,False,13541,0.41571,0.298151088,1.599032,2.014742,EXTRACTED
I5867,U_I5867/ZN,80.56,128.8,False,17839,0.32358400000000004,0.071825004,1.664199,1.987783,EXTRACTED
I5878,U_I5878/ZN,85.69,124.6,False,15107,0.57763128,0.8647463699999999,3.328398,3.90602928,EXTRACTED
I5879,U_I5879/ZN,80.18,119.0,False,22812,0.456044,0.50040063,1.599032,2.055076,EXTRACTED
I5880,U_I5880/ZN,80.75,119.0,False,17221,0.486774,0.27695601699999994,1.664199,2.150973,EXTRACTED
I5886,U_I5886/ZN,69.35,58.8,False,2006,0.8826940000000001,1.232374372,0.918145,1.800839,EXTRACTED
I5887,U_I5887/ZN,57.38,54.6,False,6993,0.532736,0.345271576,0.97463,1.507366,EXTRACTED
I5891,U_I5891/ZN,10.64,79.8,False,6524,0.3802755,0.24444791999999999,3.328398,3.7086734999999997,EXTRACTED
I5892,U_I5892/ZN,11.78,79.8,False,6524,0.1452276,0.13641821,0.77983,0.9250576,EXTRACTED
I5893,U_I5893/ZN,6.84,77.0,False,10396,0.72767,0.11190263,1.664199,2.391869,EXTRACTED
I6109,U_I6109/ZN,108.87,128.8,False,11150,0.5776521000000001,0.70539054,3.328398,3.9060501,EXTRACTED
I6110,U_I6110/ZN,110.01,128.8,False,15515,0.0418446,0.090330865,1.599032,1.6408766,EXTRACTED
I6111,U_I6111/ZN,116.66,133.0,False,11756,0.57596212,0.5498957289999999,1.664199,2.24016112,EXTRACTED
I6124,U_I6124/ZN,85.31,128.8,False,4089,0.5995038,1.2203255739999999,3.328398,3.9279018,EXTRACTED
I6125,U_I6125/ZN,84.74,128.8,False,17355,0.0594898,0.2076881,1.599032,1.6585218,EXTRACTED
I6126,U_I6126/ZN,94.62,133.0,False,14362,0.5774444,0.9984028540000001,1.664199,2.2416434,EXTRACTED
I6136,U_I6136/ZN,77.33,51.8,False,1674,0.408924,0.29482996,3.328398,3.737322,EXTRACTED
I6137,U_I6137/ZN,76.76,51.8,False,2058,0.15393420000000002,0.13697638299999998,1.599032,1.7529662,EXTRACTED
I6138,U_I6138/ZN,74.86,56.0,False,16447,0.157942,0.16511686000000003,1.664199,1.822141,EXTRACTED
I6143,U_I6143/ZN,68.59,135.8,False,14058,0.586656,0.48797100200000004,3.328398,3.915054,EXTRACTED
I6144,U_I6144/ZN,68.02,135.8,False,19956,0.0463272,0.016069140000000003,1.599032,1.6453592,EXTRACTED
I6145,U_I6145/ZN,64.22,142.8,False,7714,0.551862,0.27838277,1.664199,2.216061,EXTRACTED
I6166,U_I6166/ZN,64.22,50.4,False,10151,0.0655438,0.13198206999999998,3.328398,3.3939418,EXTRACTED
I6167,U_I6167/ZN,64.79,50.4,False,15756,0.5161,0.48162425000000003,1.599032,2.115132,EXTRACTED
I6168,U_I6168/ZN,65.36,50.4,False,12116,0.6278655,0.30712537199999995,1.664199,2.2920645,EXTRACTED
I6176,U_I6176/ZN,53.96,102.2,False,10501,0.5926834999999999,0.34404268,3.328398,3.9210814999999997,EXTRACTED
I6177,U_I6177/ZN,59.47,98.0,False,17132,0.1380224,0.10970421999999999,1.599032,1.7370543999999999,EXTRACTED
I6178,U_I6178/ZN,59.85,99.4,False,12373,0.0277808,0.02315838,1.664199,1.6919798,EXTRACTED
I6186,U_I6186/ZN,17.86,71.4,False,5930,0.05715050000000001,0.07478441,3.328398,3.3855485,EXTRACTED
I6187,U_I6187/ZN,19.0,71.4,False,6923,0.082278,0.04735744,1.599032,1.68131,EXTRACTED
I6188,U_I6188/ZN,18.43,71.4,False,16168,0.14865,0.08383023,1.664199,1.812849,EXTRACTED
I6199,U_I6199/ZN,61.18,11.2,False,5083,0.37074549999999995,0.31304861,3.328398,3.6991435,EXTRACTED
I6200,U_I6200/ZN,61.94,14.0,False,6153,0.174581,0.12291518000000001,1.599032,1.773613,EXTRACTED
I6201,U_I6201/ZN,64.22,9.8,False,15622,0.1764888,0.107624254,1.664199,1.8406878,EXTRACTED
I6207,U_I6207/ZN,80.94,61.6,False,2574,0.1040668,0.057474664999999994,3.328398,3.4324648,EXTRACTED
I6208,U_I6208/ZN,82.08,61.6,False,6386,0.686232,0.5646916000000001,1.599032,2.2852639999999997,EXTRACTED
I6209,U_I6209/ZN,81.51,61.6,False,15763,0.7802503,0.39169091,1.664199,2.4444493,EXTRACTED
I6220,U_I6220/ZN,73.72,5.6,True,16345,0.45377,0.06582715,1.70023,2.154,EXTRACTED
I6224,U_I6224/ZN,137.75,44.8,False,3921,0.9080947,1.2265326289999998,3.328398,4.2364927,EXTRACTED
I6225,U_I6225/ZN,127.3,39.2,False,5367,0.3527,0.34276934000000003,1.599032,1.951732,EXTRACTED
I6226,U_I6226/ZN,135.09,44.8,False,14748,0.637472,0.6213535179999999,1.664199,2.301671,EXTRACTED
I6240,U_I6240/ZN,74.29,5.6,True,16875,0.32611,0.09381143,1.70023,2.02634,EXTRACTED
I6260,U_I6260/ZN,138.13,63.0,False,0,0.414096,0.5421724319999999,7.991147,8.405243,EXTRACTED
I6273,U_I6273/ZN,142.88,74.2,True,16605,0.223078,0.03245803,0.941939,1.165017,EXTRACTED
I6277,U_I6277/ZN,1.33,46.2,True,16644,1.612216,0.11910967,1.70023,3.312446,EXTRACTED
I6287,U_I6287/ZN,74.1,12.6,False,4327,0.706729,0.647682754,3.328398,4.035127,EXTRACTED
I6288,U_I6288/ZN,72.96,8.4,False,5700,0.12885760000000002,0.011678290000000001,1.599032,1.7278896000000001,EXTRACTED
I6289,U_I6289/ZN,65.93,9.8,False,14317,0.342252,0.57040891,1.664199,2.006451,EXTRACTED
I6309,U_I6309/ZN,71.25,99.4,False,12320,0.37866799999999995,0.4592589,0.918145,1.296813,EXTRACTED
I6310,U_I6310/ZN,64.6,95.2,False,20398,0.5553736,0.757425364,0.97463,1.5300036000000001,EXTRACTED
I6316,U_I6316/ZN,76.0,98.0,False,22212,0.461854,0.5421333399999999,0.918145,1.379999,EXTRACTED
I6317,U_I6317/ZN,69.54,93.8,False,20286,0.272862,0.40465444,0.97463,1.247492,EXTRACTED
I6322,U_I6322/ZN,69.35,25.2,False,15907,0.4058926,0.72030208,3.328398,3.7342906,EXTRACTED
I6323,U_I6323/ZN,61.56,25.2,False,29058,0.5532523,0.8346175800000001,1.599032,2.1522843,EXTRACTED
I6324,U_I6324/ZN,67.26,25.2,False,2402,0.279314,0.51870744,1.664199,1.943513,EXTRACTED
I6330,U_I6330/ZN,63.65,86.8,False,16852,0.046382599999999996,0.09904040999999998,0.918145,0.9645276,EXTRACTED
I6331,U_I6331/ZN,62.51,86.8,False,22138,0.1159404,0.22572094,0.97463,1.0905704,EXTRACTED
I6337,U_I6337/ZN,60.04,92.4,False,8578,0.43014399999999997,0.16847606499999998,0.918145,1.3482889999999998,EXTRACTED
I6338,U_I6338/ZN,67.26,92.4,False,12320,0.12585179999999999,0.17202478999999998,0.97463,1.1004818,EXTRACTED
I6350,U_I6350/ZN,71.44,117.6,False,15514,0.31716259999999996,0.57135972,0.946814,1.2639766,EXTRACTED
I6351,U_I6351/ZN,70.68,114.8,False,11493,0.477138,0.44139122199999997,0.941939,1.419077,EXTRACTED
I6360,U_I6360/ZN,77.71,84.0,True,16605,4.0016577,3.29595954,6.256666,10.2583237,EXTRACTED
I6447,U_I6447/ZN,137.18,74.2,False,1141,1.0542021999999998,0.4415157600000001,3.328398,4.3826002,EXTRACTED
I6448,U_I6448/ZN,145.16,79.8,False,1861,0.749528,0.17465268999999997,1.599032,2.34856,EXTRACTED
I6449,U_I6449/ZN,140.98,70.0,False,16044,0.33602000000000004,0.27262332,1.664199,2.000219,EXTRACTED
I6467,U_I6467/ZN,139.46,110.6,False,5464,0.38855340000000005,0.219144907,3.328398,3.7169514,EXTRACTED
I6468,U_I6468/ZN,135.85,109.2,False,5464,0.23824800000000002,0.0989642,0.77983,1.018078,EXTRACTED
I6469,U_I6469/ZN,134.14,109.2,False,11308,0.22044999999999998,0.13194430000000001,1.664199,1.884649,EXTRACTED
I6487,U_I6487/ZN,47.12,131.6,False,5209,0.4587863,0.49048679000000006,3.328398,3.7871843,EXTRACTED
I6488,U_I6488/ZN,43.89,126.0,False,5808,0.541508,0.24864045,1.599032,2.14054,EXTRACTED
I6489,U_I6489/ZN,45.98,130.2,False,14932,0.23315599999999997,0.066350115,1.664199,1.897355,EXTRACTED
I6630,U_I6630/ZN,137.18,75.6,False,563,0.843958,0.73949792,0.918145,1.762103,EXTRACTED
I6631,U_I6631/ZN,132.24,70.0,False,820,0.270048,0.23196819999999999,0.97463,1.244678,EXTRACTED
I6664,U_I6664/ZN,81.7,124.6,False,15325,0.40494209999999997,0.66706666,3.328398,3.7333401,EXTRACTED
I6665,U_I6665/ZN,88.73,126.0,False,24090,0.296462,0.6633155529999999,1.599032,1.895494,EXTRACTED
I6666,U_I6666/ZN,82.84,124.6,False,17547,0.03472,0.010538394999999999,1.664199,1.698919,EXTRACTED
I6714,U_I6714/ZN,61.94,102.2,False,11666,0.1848217,0.157335242,3.328398,3.5132197,EXTRACTED
I6715,U_I6715/ZN,61.56,100.8,False,17815,0.0392954,0.10248469,1.599032,1.6383274,EXTRACTED
I6716,U_I6716/ZN,61.75,99.4,False,12321,0.0851452,0.02611385,1.664199,1.7493442,EXTRACTED
I6746,U_I6746/ZN,109.63,130.2,False,10917,0.3439126,0.39859730000000004,3.328398,3.6723106,EXTRACTED
I6747,U_I6747/ZN,109.06,130.2,False,15962,0.239926,0.50838828,1.599032,1.838958,EXTRACTED
I6748,U_I6748/ZN,105.83,133.0,False,11897,0.31577200000000005,0.31848316,1.664199,1.979971,EXTRACTED
I6760,U_I6760/ZN,81.7,128.8,False,11253,0.39833834999999995,0.466320055,3.328398,3.72673635,EXTRACTED
I6761,U_I6761/ZN,87.97,128.8,False,25136,0.80358,0.19299713000000002,1.599032,2.402612,EXTRACTED
I6762,U_I6762/ZN,89.11,128.8,False,11823,0.576382,0.23017763,1.664199,2.2405809999999997,EXTRACTED
I6770,U_I6770/ZN,75.43,57.4,False,793,0.6442068000000001,0.608653683,3.328398,3.9726048,EXTRACTED
I6771,U_I6771/ZN,76.95,50.4,False,993,0.8097818999999999,0.532854393,1.599032,2.4088139,EXTRACTED
I6772,U_I6772/ZN,72.39,54.6,False,16387,0.5153217000000001,0.705434079,1.664199,2.1795207000000003,EXTRACTED
I6777,U_I6777/ZN,70.87,137.2,False,11534,0.16660247,0.046830642,3.328398,3.49500047,EXTRACTED
I6778,U_I6778/ZN,70.3,137.2,False,13356,0.1776976,0.44788308999999993,1.599032,1.7767296,EXTRACTED
I6779,U_I6779/ZN,70.87,135.8,False,10609,0.1057918,0.2627368,1.664199,1.7699908,EXTRACTED
I6792,U_I6792/ZN,67.07,51.8,False,8834,0.4500523,0.5861062989999999,3.328398,3.7784503,EXTRACTED
I6793,U_I6793/ZN,67.83,44.8,False,17568,0.45277,0.55193994,1.599032,2.051802,EXTRACTED
I6794,U_I6794/ZN,69.54,51.8,False,12630,0.204324,0.30323426,1.664199,1.868523,EXTRACTED
I6805,U_I6805/ZN,14.44,71.4,False,2992,0.48462459999999996,0.15454429,3.328398,3.8130226,EXTRACTED
I6806,U_I6806/ZN,14.06,64.4,False,3354,0.8713580000000001,0.0,1.599032,2.47039,EXTRACTED
I6807,U_I6807/ZN,13.87,71.4,False,18253,0.481914,0.209517088,1.664199,2.146113,EXTRACTED
I6825,U_I6825/ZN,61.75,7.0,False,2720,0.1058684,0.23449654,3.328398,3.4342664,EXTRACTED
I6826,U_I6826/ZN,60.61,7.0,False,2723,0.1011044,0.061767600000000006,1.599032,1.7001364,EXTRACTED
I6827,U_I6827/ZN,59.47,7.0,False,16013,0.1862422,0.12310888900000001,1.664199,1.8504412,EXTRACTED
I6836,U_I6836/ZN,83.03,63.0,False,1205,0.7020603000000001,0.6973858159999999,3.328398,4.0304583,EXTRACTED
I6837,U_I6837/ZN,86.07,65.8,False,1703,0.1466324,0.134335327,1.599032,1.7456644,EXTRACTED
I6838,U_I6838/ZN,87.59,57.4,False,16296,0.6796377,0.394227341,1.664199,2.3438366999999998,EXTRACTED
I6879,U_I6879/ZN,132.43,46.2,False,1688,0.80602,0.4947645340000001,3.328398,4.134418,EXTRACTED
I6880,U_I6880/ZN,129.39,51.8,False,2773,0.481232,0.187747691,1.599032,2.080264,EXTRACTED
I6881,U_I6881/ZN,128.25,43.4,False,16889,0.421676,0.5597648099999999,1.664199,2.085875,EXTRACTED
I6962,U_I6962/ZN,4.75,78.4,False,10253,0.4070494,0.6508204900000001,1.70023,2.1072794,EXTRACTED
I6988,U_I6988/ZN,75.24,7.0,False,343,0.4022702,0.191008818,3.328398,3.7306682,EXTRACTED
I6989,U_I6989/ZN,74.67,7.0,False,4116,0.0839026,0.03936924,1.599032,1.6829346,EXTRACTED
I6990,U_I6990/ZN,75.05,1.4,False,16702,0.456822,0.42503825399999995,1.664199,2.121021,EXTRACTED
I7033,U_I7033/ZN,67.45,12.6,False,11648,0.7651354,0.858052064,3.328398,4.0935334,EXTRACTED
I7034,U_I7034/ZN,70.49,16.8,False,26466,0.8386640000000001,0.6609368929999999,1.599032,2.437696,EXTRACTED
I7035,U_I7035/ZN,63.27,21.0,False,11582,0.421286,0.23703245000000003,1.664199,2.085485,EXTRACTED
I7048,U_I7048/ZN,84.93,88.2,False,0,5.485172029999999,7.216833675999999,14.046175,19.53134703,EXTRACTED
I7223,U_I7223/ZN,126.16,68.6,False,310,0.7626125699999999,1.00730558,3.328398,4.09101057,EXTRACTED
I7224,U_I7224/ZN,134.9,75.6,False,861,0.07096920000000001,0.04579825,1.599032,1.6700012,EXTRACTED
I7225,U_I7225/ZN,134.33,75.6,False,16676,0.09415180000000001,0.04869574,1.664199,1.7583508,EXTRACTED
I7321,U_I7321/ZN,56.24,133.0,False,2571,0.8357559999999999,0.6518336149999999,3.328398,4.164154,EXTRACTED
I7322,U_I7322/ZN,53.2,130.2,False,3516,0.272296,0.19547599,1.599032,1.871328,EXTRACTED
I7323,U_I7323/ZN,60.61,124.6,False,17665,1.0609937,0.474636504,1.664199,2.7251927,EXTRACTED
I7562,U_I7562/ZN,81.32,131.6,False,6306,0.6785065,0.7011024299999999,3.328398,4.0069045,EXTRACTED
I7563,U_I7563/ZN,78.28,140.0,False,11706,0.6833218,0.62745043,1.599032,2.2823538,EXTRACTED
I7564,U_I7564/ZN,76.95,131.6,False,13775,0.15284319999999998,0.28138,1.664199,1.8170422,EXTRACTED
I7683,U_I7683/ZN,83.98,124.6,False,11646,0.698523,1.0758666,3.328398,4.026921,EXTRACTED
I7684,U_I7684/ZN,87.97,121.8,False,11577,0.257402,0.5217655619999999,1.599032,1.8564340000000001,EXTRACTED
I7685,U_I7685/ZN,77.9,119.0,False,27889,0.626147,0.595211663,1.664199,2.290346,EXTRACTED
I7752,U_I7752/ZN,78.66,1.4,False,0,0.46831,0.54205291,1.70023,2.16854,EXTRACTED
I7771,U_I7771/ZN,74.29,1.4,False,0,0.01742614,0.0,1.70023,1.7176561399999999,EXTRACTED
I7817,U_I7817/ZN,108.49,141.4,False,17302,0.26759,0.032633,3.40046,3.66805,EXTRACTED
I7825,U_I7825/ZN,83.22,144.2,False,17818,0.2436004,0.84160214,3.40046,3.6440604,EXTRACTED
I7829,U_I7829/ZN,136.04,70.0,False,20200,0.72006,0.5494497740000001,3.40046,4.12052,EXTRACTED
I7840,U_I7840/ZN,107.54,141.4,False,16685,0.1209408,0.04609597,3.40046,3.5214008,EXTRACTED
I7847,U_I7847/ZN,141.55,113.4,False,16579,0.4965566,0.28685955349,3.40046,3.8970165999999997,EXTRACTED
I7852,U_I7852/ZN,100.13,141.4,False,16685,0.49603200000000003,0.15583561999999998,3.40046,3.896492,EXTRACTED
I7863,U_I7863/ZN,67.64,5.6,False,1385,0.08229439999999999,0.107143175,3.328398,3.4106924,EXTRACTED
I7864,U_I7864/ZN,68.21,5.6,False,1335,0.19935299999999997,0.23023137,1.599032,1.798385,EXTRACTED
I7865,U_I7865/ZN,69.35,5.6,False,17642,0.1383484,0.09430223,1.664199,1.8025474,EXTRACTED
I7875,U_I7875/ZN,85.5,57.4,False,585,0.8119872000000001,1.03795452,3.328398,4.1403852,EXTRACTED
I7876,U_I7876/ZN,80.37,64.4,False,684,0.621857,1.0452603790000001,1.599032,2.220889,EXTRACTED
I7877,U_I7877/ZN,89.68,57.4,False,16660,0.103355,0.37571552,1.664199,1.767554,EXTRACTED
I8178,U_I8178/ZN,140.03,92.4,False,177,0.5764319999999999,0.8860143199999999,3.328398,3.90483,EXTRACTED
I8179,U_I8179/ZN,138.7,88.2,False,141,0.256274,0.18876709000000003,1.599032,1.8553060000000001,EXTRACTED
I8180,U_I8180/ZN,131.67,86.8,False,16634,0.143764,0.20495325,1.664199,1.807963,EXTRACTED
I8479,U_I8479/ZN,58.14,109.2,False,0,0.7199426,0.805202412,3.328398,4.0483405999999995,EXTRACTED
I8480,U_I8480/ZN,63.84,100.8,False,3247,0.47576999999999997,0.39567717999999996,1.599032,2.074802,EXTRACTED
I8481,U_I8481/ZN,62.7,100.8,False,21814,0.30924,0.53240472,1.664199,1.973439,EXTRACTED
I8503,U_I8503/ZN,85.69,44.8,False,0,1.6407559000000003,1.8817470779999996,3.3590370000000003,4.999792900000001,EXTRACTED
I8513,U_I8513/ZN,29.26,61.6,False,1298,0.1923689,0.23102453700000003,3.328398,3.5207669,EXTRACTED
I8514,U_I8514/ZN,27.17,63.0,False,3576,0.36953600000000003,0.51977217,1.599032,1.968568,EXTRACTED
I8515,U_I8515/ZN,27.36,61.6,False,23790,0.5264544,0.45467144,1.664199,2.1906534,EXTRACTED
I8527,U_I8527/ZN,23.56,74.2,False,2107,0.7524141,0.4834586210000001,3.328398,4.0808121,EXTRACTED
I8528,U_I8528/ZN,24.7,74.2,False,2865,0.39951400000000004,0.16749903,1.599032,1.9985460000000002,EXTRACTED
I8529,U_I8529/ZN,27.55,67.2,False,16671,0.257636,0.15282333,1.664199,1.921835,EXTRACTED
I8543,U_I8543/ZN,26.03,67.2,False,165,0.7651159000000001,0.515497042,3.328398,4.0935139,EXTRACTED
I8544,U_I8544/ZN,22.99,74.2,False,3753,0.1741956,0.11515406,1.599032,1.7732276,EXTRACTED
I8545,U_I8545/ZN,26.6,75.6,False,15969,0.432432,0.240232524,1.664199,2.096631,EXTRACTED
I8561,U_I8561/ZN,22.04,71.4,False,218,0.3693238,0.158822815,3.328398,3.6977218,EXTRACTED
I8562,U_I8562/ZN,22.99,68.6,False,5360,0.3515,0.18135486,1.599032,1.950532,EXTRACTED
I8563,U_I8563/ZN,22.23,65.8,False,16043,0.10887659999999999,0.20964661,1.664199,1.7730755999999999,EXTRACTED
I8575,U_I8575/ZN,28.88,65.8,False,1769,0.10880220000000002,0.035396262,3.328398,3.4372002,EXTRACTED
I8576,U_I8576/ZN,29.45,65.8,False,2111,0.0784136,0.07175772000000001,1.599032,1.6774456,EXTRACTED
I8577,U_I8577/ZN,30.02,65.8,False,16078,0.0424222,0.009645019999999999,1.664199,1.7066212,EXTRACTED
I8589,U_I8589/ZN,26.6,71.4,False,111,0.7918118000000001,0.7707805540000001,3.328398,4.1202098,EXTRACTED
I8590,U_I8590/ZN,35.15,77.0,False,4068,0.8001656,0.56397663,1.599032,2.3991976,EXTRACTED
I8591,U_I8591/ZN,34.77,78.4,False,16058,0.6794623,1.09265502,1.664199,2.3436613,EXTRACTED
I8604,U_I8604/ZN,24.13,79.8,False,1488,0.5390017,0.44044547397,3.328398,3.8673997,EXTRACTED
I8605,U_I8605/ZN,27.93,72.8,False,1866,0.1006572,0.022498122,1.599032,1.6996892,EXTRACTED
I8606,U_I8606/ZN,27.74,74.2,False,17014,0.031527,0.02085279,1.664199,1.695726,EXTRACTED
I8624,U_I8624/ZN,31.73,65.8,False,1911,0.21571800000000002,0.11584907,3.328398,3.544116,EXTRACTED
I8625,U_I8625/ZN,32.11,68.6,False,2907,0.27434200000000003,0.24807059999999997,1.599032,1.873374,EXTRACTED
I8626,U_I8626/ZN,32.87,65.8,False,16880,0.07554340000000001,0.044776300000000005,1.664199,1.7397424,EXTRACTED
I8640,U_I8640/ZN,32.3,71.4,False,1848,1.2334,1.1068365640000002,3.328398,4.561798,EXTRACTED
I8641,U_I8641/ZN,29.45,67.2,False,2459,0.63888,1.4082645599999997,1.599032,2.237912,EXTRACTED
I8642,U_I8642/ZN,42.18,63.0,False,16013,0.346528,0.19762886000000002,1.664199,2.010727,EXTRACTED
I8650,U_I8650/ZN,64.41,5.6,False,760,0.41749142,0.46968483000000005,3.328398,3.74588942,EXTRACTED
I8651,U_I8651/ZN,64.98,5.6,False,745,0.054777400000000004,0.12154782000000001,1.599032,1.6538094,EXTRACTED
I8652,U_I8652/ZN,67.45,11.2,False,16024,0.37429999999999997,0.242881364,1.664199,2.038499,EXTRACTED
I8662,U_I8662/ZN,27.55,60.2,False,329,0.7117337,1.239287718,3.328398,4.0401317,EXTRACTED
I8663,U_I8663/ZN,19.95,67.2,False,3977,0.772654,1.1239413600000001,1.599032,2.371686,EXTRACTED
I8664,U_I8664/ZN,27.93,58.8,False,16012,0.037905799999999996,0.00986041,1.664199,1.7021048,EXTRACTED
I8669,U_I8669/ZN,88.16,61.6,False,202,0.16585294,0.20454746100000004,3.328398,3.49425094,EXTRACTED
I8670,U_I8670/ZN,90.44,61.6,False,393,0.5009319999999999,0.74751672,1.599032,2.099964,EXTRACTED
I8671,U_I8671/ZN,89.49,61.6,False,16585,0.5027648,0.83513199,1.664199,2.1669638,EXTRACTED
I8676,U_I8676/ZN,94.24,123.2,False,11591,0.0867589,0.034631931,3.328398,3.4151569,EXTRACTED
I8677,U_I8677/ZN,94.81,123.2,False,27851,0.17027620000000002,0.27603506,1.599032,1.7693082,EXTRACTED
I8678,U_I8678/ZN,95.38,123.2,False,11493,0.0915592,0.17909227,1.664199,1.7557582,EXTRACTED
I8715,U_I8715/ZN,94.24,120.4,False,1961,0.08556618999999999,0.019815563,3.328398,3.4139641899999997,EXTRACTED
I8716,U_I8716/ZN,94.81,120.4,False,4034,0.054424600000000004,0.17401084,1.599032,1.6534566,EXTRACTED
I8717,U_I8717/ZN,95.38,120.4,False,22873,0.033014800000000004,0.018949538,1.664199,1.6972137999999999,EXTRACTED
I8728,U_I8728/ZN,96.52,116.2,False,1571,0.126797,0.20425355200000006,3.328398,3.455195,EXTRACTED
I8729,U_I8729/ZN,98.99,116.2,False,3711,0.8098110000000001,0.31348113,1.599032,2.408843,EXTRACTED
I8730,U_I8730/ZN,97.85,116.2,False,16498,0.690668,0.5413981880000001,1.664199,2.354867,EXTRACTED
I8738,U_I8738/ZN,98.04,109.2,False,1182,0.4748455,0.20658314,3.328398,3.8032434999999998,EXTRACTED
I8739,U_I8739/ZN,94.62,106.4,False,2984,0.445976,0.16251389,1.599032,2.045008,EXTRACTED
I8740,U_I8740/ZN,97.47,109.2,False,16567,0.0812332,0.12891497,1.664199,1.7454322,EXTRACTED
I8750,U_I8750/ZN,91.39,119.0,False,2298,0.7048862499999999,0.5528490639999999,3.328398,4.0332842499999995,EXTRACTED
I8751,U_I8751/ZN,97.09,113.4,False,3769,0.0708004,0.10643319,1.599032,1.6698324,EXTRACTED
I8752,U_I8752/ZN,97.66,113.4,False,16576,0.028638800000000002,0.02302109,1.664199,1.6928378,EXTRACTED
I8761,U_I8761/ZN,94.43,109.2,False,1274,0.5852382,0.5953310439999999,3.328398,3.9136362,EXTRACTED
I8762,U_I8762/ZN,98.42,116.2,False,2907,0.511308,0.39190571999999996,1.599032,2.11034,EXTRACTED
I8763,U_I8763/ZN,95.57,109.2,False,16387,0.064489,0.00534233,1.664199,1.728688,EXTRACTED
I8770,U_I8770/ZN,90.44,113.4,False,1512,0.4350582,0.71092077,3.328398,3.7634562,EXTRACTED
I8771,U_I8771/ZN,90.63,112.0,False,2550,0.312186,0.5207195750000001,1.599032,1.911218,EXTRACTED
I8772,U_I8772/ZN,82.84,113.4,False,16453,0.24963,0.1406744,1.664199,1.913829,EXTRACTED
I8778,U_I8778/ZN,85.5,109.2,False,945,0.2654545,0.336696457,3.328398,3.5938525,EXTRACTED
I8779,U_I8779/ZN,88.73,110.6,False,1962,0.0928974,0.04942529,1.599032,1.6919294,EXTRACTED
I8780,U_I8780/ZN,84.93,109.2,False,16347,0.206788,0.08195264999999999,1.664199,1.870987,EXTRACTED
I8786,U_I8786/ZN,94.05,106.4,False,2393,0.574879,0.32618732200000006,3.328398,3.903277,EXTRACTED
I8787,U_I8787/ZN,92.72,109.2,False,3995,0.669592,0.6783791079999999,1.599032,2.268624,EXTRACTED
I8788,U_I8788/ZN,94.05,100.8,False,15789,0.421576,0.4929644100000001,1.664199,2.085775,EXTRACTED
I8795,U_I8795/ZN,89.3,117.6,False,1506,0.5284799,0.45763878999999996,3.328398,3.8568778999999997,EXTRACTED
I8796,U_I8796/ZN,88.73,119.0,False,2078,0.666078,0.5495895209999999,1.599032,2.26511,EXTRACTED
I8797,U_I8797/ZN,88.35,112.0,False,16462,0.31840999999999997,0.29294342999999995,1.664199,1.982609,EXTRACTED
I8803,U_I8803/ZN,91.96,124.6,False,1579,0.8472280000000001,0.81801779,3.328398,4.175626,EXTRACTED
I8804,U_I8804/ZN,90.44,117.6,False,2354,0.233656,0.42046303,1.599032,1.832688,EXTRACTED
I8805,U_I8805/ZN,94.05,130.2,False,16409,0.7461480699999999,0.3855067570000001,1.664199,2.41034707,EXTRACTED
I8869,U_I8869/ZN,33.25,82.6,False,6524,4.69545388,3.6308987360000002,12.42116,17.11661388,EXTRACTED
I9006,U_I9006/ZN,141.93,85.4,False,87,1.14545,1.1969572980000003,3.328398,4.473848,EXTRACTED
I9007,U_I9007/ZN,133.95,85.4,False,96,0.39676799999999995,0.40230221499999996,1.599032,1.9958,EXTRACTED
I9008,U_I9008/ZN,132.43,98.0,False,16793,0.47762940000000004,0.6476566319999999,1.664199,2.1418284,EXTRACTED
I9221,U_I9221/ZN,115.52,5.6,False,0,0.08040512,0.199132328,2.647044,2.72744912,EXTRACTED
I9237,U_I9237/ZN,117.23,7.0,False,0,0.7679271999999999,0.659256504,3.593005,4.3609322,EXTRACTED
I9259,U_I9259/ZN,80.56,141.4,False,0,0.0543366,0.08273247499999999,1.70023,1.7545666,EXTRACTED
I9265,U_I9265/ZN,119.51,8.4,False,0,1.0959232399999999,1.3223086359999998,5.000984,6.09690724,EXTRACTED
I9268,U_I9268/ZN,66.69,142.8,False,0,0.8066127,0.47779281,1.70023,2.5068427,EXTRACTED
I9273,U_I9273/ZN,105.64,4.2,False,0,0.6524574,1.026306642,4.971832,5.6242894,EXTRACTED
I9276,U_I9276/ZN,59.47,2.8,False,0,0.01742614,0.0,1.70023,1.7176561399999999,EXTRACTED
I9279,U_I9279/ZN,87.21,141.4,False,0,0.282286,0.0370674,1.70023,1.982516,EXTRACTED
I9282,U_I9282/ZN,139.65,121.8,False,0,0.21979,0.11922218,1.70023,1.9200199999999998,EXTRACTED
I9290,U_I9290/ZN,98.61,2.8,False,0,0.0679396,0.016283600000000002,1.70023,1.7681696,EXTRACTED
I9293,U_I9293/ZN,62.51,142.8,False,0,0.39456,0.1030506,1.70023,2.0947899999999997,EXTRACTED
I9296,U_I9296/ZN,143.64,114.8,False,0,0.294904,0.20042897,1.70023,1.995134,EXTRACTED
I9308,U_I9308/ZN,68.02,142.8,False,0,0.08087720000000001,0.020559470000000003,1.70023,1.7811072,EXTRACTED
I9311,U_I9311/ZN,5.13,86.8,False,0,0.16622340000000002,0.1601433,1.70023,1.8664534,EXTRACTED
I9326,U_I9326/ZN,70.49,141.4,False,0,1.3206305999999999,1.575082925,6.57338,7.8940106,EXTRACTED
I9329,U_I9329/ZN,71.06,140.0,False,0,0.53793,0.09261463,1.70023,2.2381599999999997,EXTRACTED
I9332,U_I9332/ZN,29.64,135.8,False,0,0.1408342,0.08757268000000001,1.70023,1.8410642,EXTRACTED
I9346,U_I9346/ZN,138.7,114.8,False,0,0.782902,0.402157503,1.70023,2.483132,EXTRACTED
I9349,U_I9349/ZN,144.02,126.0,False,0,0.01742614,0.0,1.70023,1.7176561399999999,EXTRACTED
I9352,U_I9352/ZN,2.85,32.2,False,0,0.0374458,0.0409784,1.70023,1.7376757999999999,EXTRACTED
I9368,U_I9368/ZN,143.07,123.2,False,0,0.1113766,0.0,1.70023,1.8116066,EXTRACTED
I9371,U_I9371/ZN,143.26,127.4,False,0,0.33838199999999996,0.56468759,1.70023,2.0386119999999996,EXTRACTED
I9383,U_I9383/ZN,70.87,141.4,False,0,0.46706990000000004,0.5030976450000001,1.70023,2.1672998999999997,EXTRACTED
I9479,U_I9479/ZN,143.64,64.4,False,0,0.117398,0.004996612,1.70023,1.817628,EXTRACTED
I9557,U_I9557/ZN,59.66,14.0,False,479,0.53313777,0.55984508,3.328398,3.8615357699999997,EXTRACTED
I9558,U_I9558/ZN,57.76,7.0,False,321,0.0654788,0.019576841,1.599032,1.6645108,EXTRACTED
I9559,U_I9559/ZN,56.62,7.0,False,16350,0.034677,0.008842160000000002,1.664199,1.698876,EXTRACTED
I9574,U_I9574/ZN,93.29,58.8,False,117,0.713166,0.90595979,3.328398,4.041564,EXTRACTED
I9575,U_I9575/ZN,90.25,58.8,False,87,0.36968599999999996,0.17668248,1.599032,1.968718,EXTRACTED
I9576,U_I9576/ZN,100.89,56.0,False,16520,0.543528,0.2162691,1.664199,2.207727,EXTRACTED
I9717,U_I9717/ZN,39.14,137.2,False,6524,1.81845959,1.6274312439999998,4.709695,6.52815459,EXTRACTED
I9769,U_I9769/ZN,142.88,64.4,False,4729,0.509518,0.26289992999999995,1.70023,2.209748,EXTRACTED
I9810,U_I9810/ZN,43.89,26.6,False,18996,0.43697199999999997,0.259907212,1.656515,2.093487,EXTRACTED
I9880,U_I9880/ZN,26.98,113.4,False,20551,0.01742614,0.0,1.656515,1.67394114,EXTRACTED
I9946,U_I9946/ZN,136.42,85.4,False,48,0.15353889999999998,0.043910259,3.328398,3.4819369,EXTRACTED
I9947,U_I9947/ZN,137.75,85.4,False,39,0.0600254,0.07453778,1.599032,1.6590574,EXTRACTED
I9948,U_I9948/ZN,137.56,84.0,False,16628,0.030993800000000002,0.01600263,1.664199,1.6951928,EXTRACTED
g1,U_g1/Q,81.89,96.6,True,16564,4.6677268000000005,4.228949676999999,2.7788779999999997,7.4466048,EXTRACTED
g100,PORT/g100,0.07,2.87,False,0,0.1667792,0.03445708,0.974659,1.1414382,EXTRACTED
g10001,U_g10001/ZN,112.29,15.4,False,12283,2.3869415199999997,2.4417239600000005,7.709214,10.09615552,EXTRACTED
g10007,U_g10007/ZN,112.67,30.8,False,12313,2.125367,1.8006346940000002,7.774381,9.899747999999999,EXTRACTED
g10013,U_g10013/ZN,115.71,29.4,False,12406,2.2781742,2.2403121590000006,7.709214,9.9873882,EXTRACTED
g10019,U_g10019/ZN,120.08,25.2,False,11229,1.9106954,1.2742794169999996,7.774381,9.6850764,EXTRACTED
g10025,U_g10025/ZN,118.18,23.8,False,10144,2.2709706,2.217991956,7.709214,9.980184600000001,EXTRACTED
g1003,U_g1003/Q,100.13,124.6,True,16659,2.6485885999999996,2.994713934999999,8.363401,11.0119896,EXTRACTED
g10043,U_g10043/ZN,126.16,21.0,False,10909,0.22716982000000002,0.18270431499999998,3.198064,3.42523382,EXTRACTED
g1007,U_g1007/Q,69.16,112.0,True,16028,1.8386698,1.7988165659999993,8.298234,10.1369038,EXTRACTED
g101,PORT/g101,147.46,120.47,False,0,0.29450800000000005,0.0287706,0.77983,1.074338,EXTRACTED
g1011,U_g1011/Q,81.7,98.0,True,16576,2.2591915,2.2574865970000006,8.363401,10.6225925,EXTRACTED
g10144,U_g10144/ZN,110.96,26.6,False,14113,0.88969907,1.554532585,3.263231,4.15293007,EXTRACTED
g10149,U_g10149/ZN,119.51,32.2,False,13915,0.8493115,1.095451115,3.198064,4.0473755,EXTRACTED
g1015,U_g1015/Q,65.17,105.0,True,16706,2.4525441,2.3695201070000005,8.298234,10.750778100000002,EXTRACTED
g10153,U_g10153/ZN,118.75,32.2,False,17659,1.0783460699999998,0.9066277400000002,3.263231,4.34157707,EXTRACTED
g1019,U_g1019/Q,69.73,105.0,True,16061,2.1519116,1.298220655,8.363401,10.5153126,EXTRACTED
g102,PORT/g102,147.46,119.35,False,0,0.42698200000000003,0.05965352,0.77983,1.206812,EXTRACTED
g10229,U_g10229/ZN,125.4,19.6,False,16380,0.34930929999999993,0.17876736700000004,3.263231,3.6125403,EXTRACTED
g1023,U_g1023/Q,83.6,127.4,True,16697,1.3031807999999998,1.7370159189999996,8.298234,9.6014148,EXTRACTED
g10230,U_g10230/ZN,125.97,19.6,False,0,0.40524,0.823594465,0.946814,1.352054,EXTRACTED
g10231,U_g10231/ZN,124.83,9.8,False,20088,0.4938123,0.3143545300000001,3.198064,3.6918763,EXTRACTED
g10232,U_g10232/ZN,129.2,28.0,False,0,0.437262,0.07099435,0.946814,1.384076,EXTRACTED
g10237,U_g10237/ZN,126.92,29.4,False,10012,0.0763918,0.15016698,0.946814,1.0232058,EXTRACTED
g10239,U_g10239/ZN,118.94,53.2,False,8994,0.0849362,0.009099335,1.651345,1.7362812,EXTRACTED
g10240,U_g10240/ZN,123.88,29.4,False,9281,0.619079,0.458737134,0.946814,1.565893,EXTRACTED
g10268,U_g10268/ZN,119.51,53.2,False,9616,0.9480156,1.8624672500000001,1.70023,2.6482456,EXTRACTED
g1027,U_g1027/Q,99.56,107.8,True,16640,2.3730896,2.833299994,9.281546,11.6546356,EXTRACTED
g10285,U_g10285/ZN,118.56,50.4,False,9616,0.8057099999999999,0.723960389,4.8622630000000004,5.667973,EXTRACTED
g10291,U_g10291/ZN,120.27,53.2,False,9616,0.41196900000000003,0.61858963,4.140003,4.551972,EXTRACTED
g10295,U_g10295/ZN,108.3,25.2,False,127,0.254586,0.26151468,0.946814,1.2014,EXTRACTED
g10297,U_g10297/ZN,105.26,23.8,False,129,0.284602,0.5078583100000001,0.946814,1.231416,EXTRACTED
g10298,U_g10298/ZN,126.16,29.4,False,123,0.29495600000000005,0.162501604,0.946814,1.24177,EXTRACTED
g10299,U_g10299/ZN,125.4,29.4,False,128,0.380234,0.49058159,0.946814,1.327048,EXTRACTED
g103,PORT/g103,0.07,88.55,False,0,0.11150320000000001,0.0247137,0.77983,0.8913332,EXTRACTED
g10300,U_g10300/ZN,121.22,28.0,False,129,0.0892162,0.009993244,0.946814,1.0360302000000001,EXTRACTED
g10301,U_g10301/ZN,121.98,23.8,False,0,0.0723026,0.040793015,0.946814,1.0191166,EXTRACTED
g10302,U_g10302/ZN,127.11,15.4,False,22438,0.4847432,0.40594113200000004,3.263231,3.7479742000000003,EXTRACTED
g10303,U_g10303/ZN,109.25,32.2,False,12123,0.34001000000000003,0.7550617,0.946814,1.2868240000000002,EXTRACTED
g10304,U_g10304/ZN,110.77,32.2,False,12154,0.01742614,0.0,0.946814,0.96424014,EXTRACTED
g10306,U_g10306/ZN,126.73,30.8,False,12190,0.185559,0.71952726,0.946814,1.132373,EXTRACTED
g10308,U_g10308/ZN,129.96,35.0,False,12278,0.693739,0.542946838,0.946814,1.6405530000000002,EXTRACTED
g10312,U_g10312/ZN,124.45,28.0,False,11100,0.1188202,0.19304455,0.946814,1.0656342,EXTRACTED
g10316,U_g10316/ZN,115.52,23.8,False,10144,0.26112,0.4369934,0.946814,1.207934,EXTRACTED
g1032,U_g1032/Q,99.18,127.4,True,16650,1.43065841,1.896861813,5.035003,6.465661409999999,EXTRACTED
g10322,U_g10322/ZN,126.92,37.8,False,10213,0.720244,0.471626784,1.651345,2.371589,EXTRACTED
g10324,U_g10324/ZN,122.93,46.2,False,9068,0.12248700000000001,0.067416245,1.651345,1.773832,EXTRACTED
g10325,U_g10325/ZN,109.63,53.2,False,11712,0.8908062,0.545370126,1.70023,2.5910362,EXTRACTED
g10328,U_g10328/ZN,110.39,43.4,False,11755,1.8078019,0.450450606,1.70023,3.5080318999999998,EXTRACTED
g10331,U_g10331/ZN,117.23,51.8,False,11815,0.384502,0.6066036299999998,1.70023,2.084732,EXTRACTED
g10333,U_g10333/ZN,125.21,43.4,False,10820,1.8117563,2.71917288,1.70023,3.5119863000000002,EXTRACTED
g10334,U_g10334/ZN,126.35,46.2,False,9680,1.412888,2.2255084899999997,1.70023,3.113118,EXTRACTED
g10336,U_g10336/ZN,119.7,16.8,False,0,1.989392,0.622131282,2.618375,4.607767,EXTRACTED
g10339,U_g10339/ZN,126.16,25.2,False,0,1.635266,1.0698640220000002,2.618375,4.253641,EXTRACTED
g10348,U_g10348/ZN,123.31,39.2,False,10820,0.0429774,0.0282094,1.70023,1.7432074,EXTRACTED
g1035,U_g1035/Q,131.1,113.4,True,16223,1.4198937,0.422298722,2.755084,4.1749777,EXTRACTED
g10357,U_g10357/ZN,121.6,37.8,False,10820,0.0818882,0.01140998,1.70023,1.7821182,EXTRACTED
g10359,U_g10359/ZN,117.23,46.2,False,8990,0.36788588,0.280800759,6.461295,6.82918088,EXTRACTED
g10360,U_g10360/ZN,118.75,39.2,False,8990,0.45231,0.40983840000000005,1.599032,2.051342,EXTRACTED
g10361,U_g10361/ZN,118.56,71.4,False,9616,0.1684108,0.08833826,0.918145,1.0865558,EXTRACTED
g10362,U_g10362/ZN,109.63,47.6,False,8990,1.974294,1.53370054,0.918145,2.892439,EXTRACTED
g10363,U_g10363/ZN,123.69,46.2,False,9680,0.9500490800000001,1.1462689149999996,9.002266,9.95231508,EXTRACTED
g10364,U_g10364/ZN,110.39,42.0,False,11755,2.4289832000000002,1.9112853089999997,0.918145,3.3471282,EXTRACTED
g10366,U_g10366/ZN,121.6,50.4,False,1067,0.42931765,0.28553809399999996,0.879747,1.3090646499999998,EXTRACTED
g10367,U_g10367/ZN,117.23,71.4,False,10877,0.0589736,0.03655572,0.941939,1.0009126,EXTRACTED
g10369,U_g10369/ZN,118.18,74.2,False,12578,0.2304,0.25114448,0.918145,1.148545,EXTRACTED
g10377,output80/Z,134.9,2.8,False,0,0.254302,0.2325236,0,0.254302,EXTRACTED
g10379,output81/Z,123.88,2.8,False,0,0.84175004,0.550637111,0,0.84175004,EXTRACTED
g1038,U_g1038/Q,63.08,107.8,True,16711,0.5166569000000001,1.07888878,2.755084,3.2717409,EXTRACTED
g10381,U_g10381/ZN,114.57,58.8,False,11712,1.337471,1.5692491060000002,2.7953419999999998,4.132813,EXTRACTED
g10382,U_g10382/ZN,111.15,43.4,False,11755,2.239577,2.1222808059000005,2.757851,4.997428,EXTRACTED
g10383,U_g10383/ZN,118.75,51.8,False,11759,1.6804739,1.0373869189999996,2.776382,4.4568559,EXTRACTED
g10384,U_g10384/ZN,123.31,60.2,False,21566,0.628734,0.21411197999999995,0.938321,1.5670549999999999,EXTRACTED
g10385,U_g10385/ZN,122.93,47.6,False,11815,1.7883140000000002,0.936317664,3.53652,5.324834,EXTRACTED
g10386,U_g10386/ZN,121.6,49.0,False,20885,0.1595454,0.17749612,0.941245,1.1007904,EXTRACTED
g10387,U_g10387/ZN,121.22,37.8,False,10820,5.545905,6.832199123,4.116209,9.662113999999999,EXTRACTED
g10392,U_g10392/ZN,119.7,49.0,False,22820,0.0450896,0.036985950000000004,0.938321,0.9834105999999999,EXTRACTED
g10394,U_g10394/ZN,119.32,47.6,False,22188,0.059389399999999995,0.028611659999999997,0.941245,1.0006344,EXTRACTED
g10396,U_g10396/ZN,123.5,14.0,False,22019,1.0024061,1.4812762740000003,3.809344,4.811750099999999,EXTRACTED
g104,PORT/g104,0.07,119.35,False,0,0.238628,0.0,0.77983,1.018458,EXTRACTED
g10400,U_g10400/ZN,124.07,39.2,False,10820,0.0816312,0.09553215,0.941939,1.0235702,EXTRACTED
g10401,U_g10401/ZN,124.26,56.0,False,8598,0.265192,0.7313545300000001,1.714471,1.979663,EXTRACTED
g10402,U_g10402/ZN,110.77,28.0,False,127,1.9120659,1.2453823629999998,2.618375,4.5304409,EXTRACTED
g10405,U_g10405/ZN,108.3,28.0,False,129,1.6847579499999998,0.9497359989999998,2.618375,4.30313295,EXTRACTED
g10408,U_g10408/ZN,126.54,23.8,False,123,1.3820456,0.6996991599999999,2.618375,4.0004206,EXTRACTED
g1041,U_g1041/Q,110.2,130.2,True,16639,1.195676,0.9497900399999999,2.755084,3.95076,EXTRACTED
g10411,U_g10411/ZN,118.94,29.4,False,128,2.0836037000000003,1.1443165830000002,2.618375,4.7019787,EXTRACTED
g10414,U_g10414/ZN,121.6,26.6,False,129,1.0304155000000002,0.452075794,2.618375,3.6487905,EXTRACTED
g10417,U_g10417/ZN,122.36,22.4,False,0,1.3130708000000002,1.158871973,2.618375,3.9314458,EXTRACTED
g10421,U_g10421/ZN,122.93,49.0,False,11815,2.4357142,1.846785729,0.918145,3.3538592,EXTRACTED
g10428,U_g10428/ZN,102.79,57.4,False,11712,1.0888199,1.1759947709999998,3.198064,4.2868839,EXTRACTED
g10429,U_g10429/ZN,104.31,58.8,False,11712,1.84657,1.8929499279999997,0.918145,2.764715,EXTRACTED
g10430,U_g10430/ZN,108.87,50.4,False,11712,1.94048413,1.8818814764899998,11.323558,13.26404213,EXTRACTED
g10431,U_g10431/ZN,110.2,65.8,False,11755,0.5657919,0.45325769999999993,0.918145,1.4839369,EXTRACTED
g10432,U_g10432/ZN,109.82,43.4,False,11755,0.778269,0.6600252890000001,8.060327000000001,8.838596,EXTRACTED
g10433,U_g10433/ZN,113.62,50.4,False,11759,1.5195754,1.72748873,1.83629,3.3558654,EXTRACTED
g10434,U_g10434/ZN,113.43,43.4,False,11759,0.76804823,0.7929828160000001,8.060327000000001,8.82837523,EXTRACTED
g10435,U_g10435/ZN,114.57,54.6,False,11815,0.7452026,0.33256412700000004,0.918145,1.6633476,EXTRACTED
g10436,U_g10436/ZN,114.19,43.4,False,11815,0.179726,0.172959362,1.599032,1.778758,EXTRACTED
g10437,U_g10437/ZN,118.94,71.4,False,10820,0.157605,0.29734318,0.918145,1.07575,EXTRACTED
g10438,U_g10438/ZN,115.14,46.2,False,10820,1.4942964500000002,1.040614419,9.659359,11.15365545,EXTRACTED
g10439,U_g10439/ZN,121.6,68.6,False,9680,0.523652,0.166812516,0.918145,1.441797,EXTRACTED
g1044,U_g1044/Q,115.9,124.6,True,16661,0.8141311,0.61903768,2.755084,3.5692151,EXTRACTED
g10440,U_g10440/ZN,115.9,44.8,False,5701,0.5894603,0.38171330800000003,0.927525,1.5169853,EXTRACTED
g10441,U_g10441/ZN,114.19,49.0,False,11815,0.9267545599999999,0.7480669799999999,8.060327000000001,8.98708156,EXTRACTED
g10442,U_g10442/ZN,126.73,47.6,False,7673,0.141736,0.19195162,0.941939,1.083675,EXTRACTED
g10444,U_g10444/ZN,110.58,68.6,False,11712,0.037314599999999996,0.08215893,0.918145,0.9554596,EXTRACTED
g10445,U_g10445/ZN,133.76,47.6,False,7693,0.46164,0.1378684,0.941939,1.403579,EXTRACTED
g10446,U_g10446/ZN,122.17,40.6,False,4480,0.26034799999999997,0.12915188,0.964824,1.225172,EXTRACTED
g10447,U_g10447/ZN,121.6,47.6,False,12080,0.200022,0.28739723100000003,0.927525,1.127547,EXTRACTED
g10448,U_g10448/ZN,120.27,82.6,False,13951,0.756834,0.6891907789999999,0.918145,1.674979,EXTRACTED
g10449,U_g10449/ZN,113.24,72.8,False,12411,0.281524,0.23446738,0.941939,1.223463,EXTRACTED
g10450,U_g10450/ZN,114.38,71.4,False,12429,0.438902,0.16393329,0.941939,1.380841,EXTRACTED
g10451,U_g10451/ZN,111.72,68.6,False,14083,0.058530599999999995,0.02376784,0.941939,1.0004696,EXTRACTED
g10452,U_g10452/ZN,118.37,72.8,False,13483,0.623372,0.7504592809999999,0.918145,1.541517,EXTRACTED
g10453,U_g10453/ZN,120.27,68.6,False,12572,0.59576,0.5362127999999999,0.918145,1.5139049999999998,EXTRACTED
g10454,U_g10454/ZN,112.67,64.4,False,12624,1.38543,1.69891312,0.918145,2.303575,EXTRACTED
g10455,output82/Z,131.29,1.4,False,127,0.27101600000000003,0.58759831,0,0.27101600000000003,EXTRACTED
g10457,output83/Z,123.31,4.2,False,129,0.461478,0.49954198,0,0.461478,EXTRACTED
g10459,output84/Z,129.39,4.2,False,123,0.32492000000000004,0.157889209,0,0.32492000000000004,EXTRACTED
g10461,output85/Z,125.59,1.4,False,128,0.1358358,0.09883637,0,0.1358358,EXTRACTED
g10463,output86/Z,108.3,4.2,False,129,0.6941659,0.47844288,0,0.6941659,EXTRACTED
g10465,output87/Z,118.18,4.2,False,0,0.34658999999999995,0.18560949999999998,0,0.34658999999999995,EXTRACTED
g10467,U_g10467/ZN,106.97,50.4,False,19897,0.526076,0.28997115100000004,0.914189,1.4402650000000001,EXTRACTED
g10468,U_g10468/ZN,108.11,43.4,False,24962,0.9629346000000001,1.007766344,0.923766,1.8867006000000002,EXTRACTED
g10469,U_g10469/ZN,103.74,44.8,False,7206,0.421452,0.43752197,0.927525,1.348977,EXTRACTED
g1047,U_g1047/Q,126.73,113.4,True,16203,0.86932163,0.7107706999999999,2.755084,3.62440563,EXTRACTED
g10470,U_g10470/ZN,113.43,42.0,False,23474,0.667326,0.7918295299999999,0.938321,1.6056469999999998,EXTRACTED
g10472,U_g10472/ZN,121.41,58.8,False,19673,0.839957,0.70553973,0.941245,1.781202,EXTRACTED
g10474,U_g10474/ZN,125.21,36.4,False,19411,1.0822929,0.4781339440000001,0.914189,1.9964819,EXTRACTED
g10475,U_g10475/ZN,113.05,44.8,False,20302,0.268268,0.345254894,0.914189,1.182457,EXTRACTED
g10476,U_g10476/ZN,127.3,54.6,False,20188,0.470792,0.33212073,0.923766,1.394558,EXTRACTED
g10477,U_g10477/ZN,109.06,44.8,False,22779,0.06855220000000001,0.06022841,0.923766,0.9923181999999999,EXTRACTED
g10478,U_g10478/ZN,114.38,44.8,False,22474,0.2808,0.71605268,0.938321,1.219121,EXTRACTED
g10479,U_g10479/ZN,110.96,49.0,False,24380,0.492286,0.526074866,0.941245,1.4335309999999999,EXTRACTED
g10480,U_g10480/ZN,111.53,56.0,False,23141,0.045749,0.086548,1.714471,1.7602200000000001,EXTRACTED
g10481,U_g10481/ZN,123.88,43.4,False,17468,0.367346,0.47238371,0.914189,1.281535,EXTRACTED
g10482,U_g10482/ZN,122.17,47.6,False,18962,0.14841179999999998,0.1617996,0.923766,1.0721778,EXTRACTED
g10483,U_g10483/ZN,104.88,49.0,False,22887,0.083571,0.05359433500000001,1.714471,1.7980420000000001,EXTRACTED
g10484,U_g10484/ZN,125.02,39.2,False,9804,0.66275,0.9940136150000002,1.714471,2.377221,EXTRACTED
g10485,U_g10485/ZN,121.03,44.8,False,8604,0.30316000000000004,0.22799662100000004,1.714471,2.017631,EXTRACTED
g10489,U_g10489/ZN,117.61,72.8,False,14098,0.205892,0.13103458,0.918145,1.124037,EXTRACTED
g10494,U_g10494/ZN,112.48,72.8,False,12411,0.5918067,0.37849115,0.918145,1.5099517,EXTRACTED
g10495,U_g10495/ZN,111.15,75.6,False,13756,0.1842518,0.22948649999999998,0.941939,1.1261908,EXTRACTED
g10496,U_g10496/ZN,118.18,77.0,False,12756,0.667458,1.582077662,0.918145,1.5856029999999999,EXTRACTED
g10497,U_g10497/ZN,126.54,4.2,False,9697,0.7911224,0.9412761700000001,0.918145,1.7092673999999999,EXTRACTED
g105,U_g105/Q,114.38,120.4,True,16656,4.340267600000001,2.191765635,3.55141,7.891677600000001,EXTRACTED
g1050,U_g1050/Q,82.65,135.8,True,16682,0.5713967,0.34588699,2.755084,3.3264807000000003,EXTRACTED
g10500,U_g10500/ZN,129.77,47.6,False,15056,0.0886728,0.012566350000000002,0.97463,1.0633028,EXTRACTED
g10501,U_g10501/ZN,128.44,46.2,False,14470,0.07611259999999999,0.073311756,0.918145,0.9942576,EXTRACTED
g10502,U_g10502/ZN,105.83,36.4,False,21069,2.6047459,0.50701368,1.70023,4.3049759000000005,EXTRACTED
g10503,U_g10503/ZN,115.71,35.0,False,9314,0.7513692999999999,1.2242657339999996,1.883878,2.6352472999999996,EXTRACTED
g10504,U_g10504/ZN,114.0,39.2,False,9073,0.718676,0.7136682839999999,0.941939,1.660615,EXTRACTED
g10505,U_g10505/ZN,114.0,42.0,False,5393,0.224798,0.48071952500000004,0.879747,1.1045449999999999,EXTRACTED
g10506,U_g10506/ZN,120.08,40.6,False,8461,0.47083200000000003,0.5774221579999999,0.941939,1.412771,EXTRACTED
g10507,U_g10507/ZN,111.91,43.4,False,4648,0.0842976,0.11845729,0.964824,1.0491216,EXTRACTED
g10508,U_g10508/ZN,124.45,43.4,False,8610,0.160982,0.022952836,0.941939,1.102921,EXTRACTED
g10509,U_g10509/ZN,111.91,42.0,False,5733,0.091895,0.08988611,0.927525,1.01942,EXTRACTED
g10510,U_g10510/ZN,125.4,37.8,False,6993,0.352136,0.3007732,0.941939,1.2940749999999999,EXTRACTED
g10511,U_g10511/ZN,116.47,33.6,False,3272,0.8845921400000001,0.7410815800000004,0.879747,1.7643391400000001,EXTRACTED
g10512,U_g10512/ZN,124.45,40.6,False,8788,0.287804,0.237530173,0.941939,1.229743,EXTRACTED
g10513,U_g10513/ZN,116.85,50.4,False,3963,0.1068744,0.29236373,0.879747,0.9866214,EXTRACTED
g10514,U_g10514/ZN,116.66,74.2,False,18265,1.6997736,1.45984657,0.946814,2.6465876,EXTRACTED
g10515,U_g10515/ZN,109.44,42.0,False,12547,1.8691911499999998,0.8193706510000001,2.67486,4.54405115,EXTRACTED
g10518,U_g10518/ZN,119.13,50.4,False,13246,4.14466565,2.5686851820000007,4.181376,8.32604165,EXTRACTED
g10521,U_g10521/ZN,121.22,46.2,False,7103,1.337367,0.703816754,1.651345,2.988712,EXTRACTED
g10522,U_g10522/ZN,118.94,54.6,False,8994,0.45658804,1.08076299,1.70023,2.15681804,EXTRACTED
g10529,U_g10529/ZN,110.58,47.6,False,5719,0.40148,0.52716081349,1.651345,2.052825,EXTRACTED
g1053,U_g1053/Q,102.79,134.4,True,16667,1.0674942,1.10926091,2.755084,3.8225782,EXTRACTED
g10533,U_g10533/ZN,117.42,74.2,False,18564,0.34713,0.31306303199999996,0.918145,1.265275,EXTRACTED
g10544,U_g10544/ZN,112.86,78.4,False,16421,0.488632,0.326422711,0.918145,1.406777,EXTRACTED
g10549,U_g10549/ZN,112.1,70.0,False,16252,0.07954359999999999,0.024636794,0.918145,0.9976886,EXTRACTED
g10550,U_g10550/ZN,113.24,77.0,False,17748,0.542994,0.358611355,0.918145,1.461139,EXTRACTED
g10554,U_g10554/ZN,116.47,40.6,False,15469,0.0479068,0.017911080000000003,0.97463,1.0225368,EXTRACTED
g10555,U_g10555/ZN,113.43,47.6,False,22663,0.6292018,0.346181291,0.918145,1.5473468000000001,EXTRACTED
g10556,U_g10556/ZN,127.3,43.4,False,20365,0.5507796999999999,0.891806134,0.97463,1.5254097,EXTRACTED
g10557,U_g10557/ZN,126.54,43.4,False,15689,0.590856,0.84654539,0.918145,1.509001,EXTRACTED
g10558,U_g10558/ZN,129.96,40.6,False,16554,0.08280219999999999,0.02923624,0.97463,1.0574322,EXTRACTED
g10559,U_g10559/ZN,128.63,42.0,False,15144,0.0874468,0.04212526,0.918145,1.0055918,EXTRACTED
g1056,U_g1056/Q,76.38,137.2,True,16693,2.9253411000000002,1.7893087669999999,2.755084,5.680425100000001,EXTRACTED
g10560,U_g10560/ZN,116.85,77.0,False,7035,0.22827399999999998,0.07855157,0.946814,1.1750880000000001,EXTRACTED
g10561,U_g10561/ZN,112.48,71.4,False,18121,0.9469840700000001,1.0268530710000003,0.946814,1.8937980700000001,EXTRACTED
g10562,U_g10562/ZN,104.31,49.0,False,4722,0.07076099999999999,0.150108271,1.74594,1.8167010000000001,EXTRACTED
g10563,U_g10563/ZN,133.38,44.8,False,9804,1.1816574,0.5195668609999998,1.70023,2.8818874,EXTRACTED
g10564,U_g10564/ZN,116.09,79.8,False,13815,1.9825957,1.8415645999999999,1.83629,3.8188857,EXTRACTED
g10567,U_g10567/ZN,115.52,96.6,False,21772,2.2875096999999998,1.3327373010000003,1.83629,4.123799699999999,EXTRACTED
g10570,U_g10570/ZN,125.02,46.2,False,9068,1.42057276,1.0761627168,1.70023,3.12080276,EXTRACTED
g10581,U_g10581/ZN,128.44,25.2,False,0,0.1372594,0.19462057000000002,0.941939,1.0791984,EXTRACTED
g10582,U_g10582/ZN,121.6,19.6,False,0,0.0570076,0.13958053,0.941939,0.9989466,EXTRACTED
g10583,U_g10583/ZN,140.22,40.6,False,12164,0.01742614,0.0,1.70023,1.7176561399999999,EXTRACTED
g10584,U_g10584/ZN,108.3,54.6,False,8994,12.171549989999999,6.268023409489999,3.64949,15.82103999,EXTRACTED
g1059,U_g1059/Q,71.44,137.2,True,16799,3.99460626,1.650937464,2.755084,6.7496902599999995,EXTRACTED
g10594,U_g10594/ZN,112.29,56.0,False,6246,0.406846,0.08871886999999999,0.918145,1.324991,EXTRACTED
g10595,U_g10595/ZN,119.13,81.2,False,17408,1.9567949999999998,0.632777459,0.946814,2.903609,EXTRACTED
g10597,U_g10597/ZN,114.19,77.0,False,17300,2.1813499,0.470632694,1.83629,4.0176399,EXTRACTED
g10599,U_g10599/ZN,114.95,75.6,False,4332,1.3135177,1.693065485,1.83629,3.1498077,EXTRACTED
g1062,U_g1062/Q,59.66,133.0,True,16794,1.9712035,2.289978928000001,2.755084,4.7262875,EXTRACTED
g10622,U_g10622/ZN,109.63,70.0,False,3874,0.6955772,0.4495501220000001,0.946814,1.6423912,EXTRACTED
g10623,U_g10623/ZN,111.72,71.4,False,17940,1.404288,1.7102837399999997,0.946814,2.351102,EXTRACTED
g10624,U_g10624/ZN,108.68,65.8,False,3361,1.5834986,0.765106152,0.946814,2.5303126000000002,EXTRACTED
g10625,U_g10625/ZN,119.32,82.6,False,3234,0.65874565,1.8763676100000002,0.946814,1.60555965,EXTRACTED
g10626,U_g10626/ZN,116.85,75.6,False,6565,0.636148,0.40305695899999994,0.946814,1.5829620000000002,EXTRACTED
g10627,U_g10627/ZN,126.16,78.4,False,5081,1.5634960000000002,1.380703116,0.946814,2.5103100000000005,EXTRACTED
g10628,output88/Z,144.59,40.6,False,12547,0.1495706,0.07971384999999999,0,0.1495706,EXTRACTED
g10629,U_g10629/ZN,140.98,40.6,False,12164,0.44136137000000003,0.356738615,4.37509,4.81645137,EXTRACTED
g10633,U_g10633/ZN,130.15,60.2,False,8274,0.220386,0.04828527,0.941939,1.162325,EXTRACTED
g10634,U_g10634/ZN,129.2,58.8,False,8221,0.0821632,0.25008280000000005,0.941939,1.0241022,EXTRACTED
g10635,U_g10635/ZN,110.96,79.8,False,13394,0.1552867,0.143570509,1.83629,1.9915767,EXTRACTED
g10638,U_g10638/ZN,128.82,61.6,False,8081,0.208582,0.13237333199999998,0.941939,1.150521,EXTRACTED
g10639,U_g10639/ZN,104.69,96.6,False,18656,2.56348156,3.882066443,1.83629,4.39977156,EXTRACTED
g10642,U_g10642/ZN,131.29,65.8,False,8074,0.5636392,0.34183836399999995,0.941939,1.5055782,EXTRACTED
g10643,U_g10643/ZN,109.06,89.6,False,13792,0.2598683,0.6245655,1.83629,2.0961583,EXTRACTED
g10646,U_g10646/ZN,101.84,82.6,False,13222,0.30651039,0.899076456,1.83629,2.14280039,EXTRACTED
g10649,U_g10649/ZN,117.8,85.4,False,17424,0.39747330000000003,0.682972124,1.83629,2.2337633,EXTRACTED
g1065,U_g1065/Q,66.88,109.2,True,16016,1.4310403,1.068558309,2.755084,4.1861243,EXTRACTED
g10652,U_g10652/ZN,119.7,99.4,False,13819,0.752094,1.3180648449999999,1.83629,2.588384,EXTRACTED
g10655,U_g10655/ZN,94.62,71.4,False,21401,1.5380156000000003,2.5439176199999998,1.83629,3.3743056000000005,EXTRACTED
g10658,U_g10658/ZN,101.84,91.0,False,19477,0.8905539999999998,0.971553436,1.83629,2.726844,EXTRACTED
g10661,U_g10661/ZN,112.29,61.6,False,2730,0.243534,0.17015731,0.941939,1.185473,EXTRACTED
g10662,U_g10662/ZN,124.07,12.6,False,220,0.369156,0.24871890997,0.946814,1.31597,EXTRACTED
g10663,U_g10663/ZN,128.25,28.0,False,10012,0.535786,0.354641008,1.119679,1.655465,EXTRACTED
g10664,U_g10664/ZN,123.31,19.6,False,9281,1.0079378,0.9202388639999999,1.119679,2.1276168,EXTRACTED
g10665,U_g10665/ZN,60.8,22.4,False,16938,0.131669,0.014781338,0.964824,1.096493,EXTRACTED
g10666,U_g10666/ZN,109.06,25.2,False,127,1.0473737,0.9762036940000001,0.941939,1.9893127000000002,EXTRACTED
g10667,U_g10667/ZN,113.24,21.0,False,129,0.7492536999999999,0.50508816,0.941939,1.6911926999999998,EXTRACTED
g10668,U_g10668/ZN,126.54,57.4,False,9804,0.24792199999999998,0.112640375,0.940092,1.188014,EXTRACTED
g10669,U_g10669/ZN,127.68,25.2,False,123,0.52858687,0.65404578,0.941939,1.47052587,EXTRACTED
g10670,U_g10670/ZN,124.83,12.6,False,21799,0.10578739999999999,0.16554805,0.946814,1.0526014000000001,EXTRACTED
g10671,U_g10671/ZN,125.59,26.6,False,128,0.17411259999999998,0.276705536,0.941939,1.1160516,EXTRACTED
g10672,U_g10672/ZN,122.55,26.6,False,129,0.28706800000000005,0.11972468348999998,0.941939,1.229007,EXTRACTED
g10673,U_g10673/ZN,121.03,22.4,False,0,0.059996600000000004,0.05688639,0.941939,1.0019356,EXTRACTED
g10676,U_g10676/ZN,125.59,67.2,False,9068,0.60878,0.3010141958,0.918145,1.5269249999999999,EXTRACTED
g10679,U_g10679/ZN,52.06,124.6,False,8994,7.1274560000000005,2.74892208,2.891199,10.018655,EXTRACTED
g1068,U_g1068/Q,122.93,106.4,True,16773,0.28377820000000004,0.29348098300000003,2.755084,3.0388622,EXTRACTED
g10680,U_g10680/ZN,111.91,103.6,False,2580,1.089766,0.48130856,0.941939,2.031705,EXTRACTED
g10681,U_g10681/ZN,84.17,93.8,False,4050,0.155081,0.26814779,0.941939,1.0970199999999999,EXTRACTED
g10682,U_g10682/ZN,114.57,67.2,False,3947,0.804163,0.24727624500000003,0.941939,1.746102,EXTRACTED
g10683,U_g10683/ZN,121.41,65.8,False,11815,0.1917938,0.15328786,0.959052,1.1508458,EXTRACTED
g10684,U_g10684/ZN,112.29,57.4,False,3849,0.07441299999999999,0.066200191,0.941939,1.016352,EXTRACTED
g10685,U_g10685/ZN,113.81,54.6,False,3623,0.282676,0.21256757,0.941939,1.224615,EXTRACTED
g10686,U_g10686/ZN,121.98,60.2,False,3458,0.5483359999999999,0.35238069,0.941939,1.490275,EXTRACTED
g10690,U_g10690/ZN,125.97,60.2,False,5638,0.352228,0.317325129,0.941939,1.2941669999999998,EXTRACTED
g10701,U_g10701/ZN,129.96,46.2,False,9674,0.266752,0.16118912000000002,0.946814,1.2135660000000001,EXTRACTED
g10702,U_g10702/ZN,103.17,49.0,False,7403,6.88970607,7.119568559,27.770967,34.66067307,EXTRACTED
g10705,U_g10705/ZN,114.19,79.8,False,4560,0.769946,1.2080087899999998,0.941939,1.711885,EXTRACTED
g10706,U_g10706/ZN,87.59,92.4,False,8706,0.42130999999999996,0.41833521,0.941939,1.363249,EXTRACTED
g10707,U_g10707/ZN,115.71,57.4,False,15443,0.913832,0.46842738000000006,1.119679,2.033511,EXTRACTED
g1071,U_g1071/Q,80.75,35.0,True,16833,5.397660050000001,2.2035288350000006,2.755084,8.15274405,EXTRACTED
g10711,U_g10711/ZN,120.08,60.2,False,16278,0.1372212,0.03546684,1.119679,1.2569002,EXTRACTED
g10712,U_g10712/ZN,127.11,9.8,False,220,0.7980876,0.38881141100000005,2.618375,3.4164626,EXTRACTED
g10715,U_g10715/ZN,97.28,120.4,False,10117,0.304,0.393148018,0.941939,1.245939,EXTRACTED
g10716,U_g10716/ZN,116.47,9.8,False,22019,0.4701168,0.5721759900000001,3.198064,3.6681808,EXTRACTED
g10717,U_g10717/ZN,102.79,74.2,False,15673,0.5492702,0.4173312,1.119679,1.6689492000000001,EXTRACTED
g10718,U_g10718/ZN,91.39,96.6,False,19403,0.09029799999999999,0.19793958,1.119679,1.209977,EXTRACTED
g10719,U_g10719/ZN,102.6,33.6,False,12250,2.7211851000000005,0.546376344,1.119679,3.8408641000000006,EXTRACTED
g10720,U_g10720/ZN,111.53,32.2,False,12283,1.373351,1.1843521,1.119679,2.49303,EXTRACTED
g10721,U_g10721/ZN,133.19,30.8,False,12313,3.0092696,0.413208119,1.119679,4.1289486,EXTRACTED
g10722,U_g10722/ZN,124.64,29.4,False,12406,1.3571499999999999,3.1619936799999997,1.119679,2.476829,EXTRACTED
g10723,U_g10723/ZN,132.62,61.6,False,17605,0.1601116,0.040217558,0.918145,1.0782566,EXTRACTED
g10724,U_g10724/ZN,122.74,28.0,False,11229,1.9793481000000002,0.791644342,1.119679,3.0990271000000003,EXTRACTED
g10725,U_g10725/ZN,131.86,58.8,False,17733,0.01630032,0.00176665,0.918145,0.93444532,EXTRACTED
g10726,U_g10726/ZN,121.22,23.8,False,10144,1.8812297999999998,2.2041133200000003,1.119679,3.0009088,EXTRACTED
g10727,U_g10727/ZN,130.34,58.8,False,15550,0.220924,0.163508728,0.918145,1.139069,EXTRACTED
g10728,U_g10728/ZN,137.75,70.0,False,17875,0.427226,0.597578186,0.918145,1.345371,EXTRACTED
g10731,U_g10731/ZN,59.85,23.8,False,7722,1.148917,0.835756441,1.599032,2.747949,EXTRACTED
g10732,U_g10732/ZN,110.77,64.4,False,14279,0.724876,0.72324362,1.119679,1.8445550000000002,EXTRACTED
g10733,U_g10733/ZN,92.72,123.2,False,16250,1.08909846,1.3406078020000003,0.918145,2.0072434599999998,EXTRACTED
g10736,U_g10736/ZN,106.59,100.8,False,7477,0.0424262,0.05841629999999999,0.941939,0.9843651999999999,EXTRACTED
g10737,U_g10737/ZN,113.81,82.6,False,5755,0.0448474,0.06257092,0.941939,0.9867864,EXTRACTED
g10738,U_g10738/ZN,111.91,78.4,False,1275,0.275706,0.67595541,0.941939,1.217645,EXTRACTED
g10739,U_g10739/ZN,129.2,74.2,False,11646,0.35793679999999994,0.46106237899999997,3.414701,3.7726378,EXTRACTED
g1074,U_g1074/Q,52.06,98.0,True,16060,1.5239850000000001,1.671460986,2.755084,4.279069,EXTRACTED
g10741,U_g10741/ZN,111.91,79.8,False,4011,0.28248,0.320850103,0.941939,1.224419,EXTRACTED
g10742,U_g10742/ZN,82.08,68.6,False,3980,0.1908144,0.20187178,0.941939,1.1327534,EXTRACTED
g10743,U_g10743/ZN,59.47,89.6,False,7652,0.11402280000000001,0.08606566,0.941939,1.0559618,EXTRACTED
g10744,U_g10744/ZN,125.02,60.2,False,3856,0.136454,0.15548643,0.918145,1.054599,EXTRACTED
g10745,U_g10745/ZN,107.73,96.6,False,3788,0.0790894,0.02021737,0.941939,1.0210284,EXTRACTED
g10746,U_g10746/ZN,111.34,85.4,False,4227,1.0788600000000002,1.85048982,0.941939,2.0207990000000002,EXTRACTED
g10750,U_g10750/ZN,124.64,95.2,False,3192,0.39488,0.17859730000000001,0.941939,1.336819,EXTRACTED
g10751,U_g10751/ZN,110.77,82.6,False,3977,0.18299500000000002,0.199155841,0.941939,1.124934,EXTRACTED
g10752,U_g10752/ZN,113.62,93.8,False,771,0.723383,0.7863697,0.941939,1.665322,EXTRACTED
g10753,U_g10753/ZN,114.19,85.4,False,5639,0.1551086,0.043871530000000006,0.941939,1.0970476,EXTRACTED
g10758,U_g10758/ZN,126.73,99.4,False,4353,0.65642,0.93800323,0.941939,1.5983589999999999,EXTRACTED
g10759,U_g10759/ZN,135.09,49.0,False,6970,0.9097444000000001,1.4464491800000001,0.946814,1.8565584000000002,EXTRACTED
g10760,U_g10760/ZN,117.23,40.6,False,7053,0.348062,0.316010762,0.941939,1.290001,EXTRACTED
g10761,U_g10761/ZN,130.53,42.0,False,8759,0.0428944,0.02298795,0.941939,0.9848334,EXTRACTED
g10762,U_g10762/ZN,110.58,78.4,False,4011,2.1887554,2.1396539619999997,0.941939,3.1306944,EXTRACTED
g10763,U_g10763/ZN,62.51,89.6,False,7652,0.055173999999999994,0.141958456,0.941939,0.9971129999999999,EXTRACTED
g10764,U_g10764/ZN,108.3,85.4,False,4227,0.5809564,0.72253294,0.941939,1.5228954,EXTRACTED
g10765,U_g10765/ZN,121.41,113.4,False,17769,0.5091100000000001,0.127063008,1.119679,1.6287890000000003,EXTRACTED
g10766,U_g10766/ZN,107.16,82.6,False,3977,0.346952,0.8842964009999998,0.941939,1.288891,EXTRACTED
g10767,U_g10767/ZN,81.32,93.8,False,16928,0.31529799999999997,0.2601532,1.119679,1.434977,EXTRACTED
g10768,U_g10768/ZN,110.58,85.4,False,5639,2.2661549799999996,1.9379014399999999,0.941939,3.2080939799999997,EXTRACTED
g10769,U_g10769/ZN,111.72,98.0,False,4353,0.82149,0.8860971749999998,0.941939,1.763429,EXTRACTED
g1077,U_g1077/Q,79.61,106.4,True,16617,3.2723005999999994,3.108373457999999,2.755084,6.0273845999999995,EXTRACTED
g10770,U_g10770/ZN,110.96,58.8,False,18525,0.525136,0.281264015,1.119679,1.6448150000000001,EXTRACTED
g10771,U_g10771/ZN,111.53,57.4,False,18260,0.0925374,0.08834401,1.119679,1.2122164000000002,EXTRACTED
g10772,U_g10772/ZN,67.26,65.8,False,8326,0.0589134,0.02870184949,0.941939,1.0008523999999999,EXTRACTED
g10773,U_g10773/ZN,116.66,57.4,False,15519,0.0304322,0.0580432,1.119679,1.1501112,EXTRACTED
g10776,U_g10776/ZN,121.22,106.4,False,15820,0.390516,0.12640268,1.119679,1.510195,EXTRACTED
g10777,U_g10777/ZN,112.86,120.4,False,8548,0.220564,0.20144946,0.941939,1.162503,EXTRACTED
g10778,U_g10778/ZN,95.19,126.0,False,9847,0.07867020000000001,0.038177270000000006,0.946814,1.0254842,EXTRACTED
g10779,U_g10779/ZN,121.22,9.8,False,23003,0.271936,0.41091999999999995,1.70023,1.9721659999999999,EXTRACTED
g10780,U_g10780/ZN,133.38,58.8,False,11985,0.549482,0.542435237,1.119679,1.6691610000000001,EXTRACTED
g10782,U_g10782/ZN,132.62,58.8,False,12054,0.30707,0.049601727,1.119679,1.426749,EXTRACTED
g10784,U_g10784/ZN,130.53,63.0,False,8917,0.5946232,0.5647105399999999,1.119679,1.7143022,EXTRACTED
g10785,U_g10785/ZN,132.05,67.2,False,12161,0.15575819999999999,0.44935161,1.119679,1.2754372,EXTRACTED
g10788,U_g10788/ZN,70.49,56.0,False,771,5.10840534,5.227320654,7.6365739999999995,12.74497934,EXTRACTED
g10791,U_g10791/ZN,72.39,79.8,False,14938,2.2562225000000002,1.9875494239999996,1.119679,3.3759015000000003,EXTRACTED
g10793,U_g10793/ZN,61.75,89.6,False,18052,2.0356259000000003,1.8838831400000002,1.119679,3.1553049000000004,EXTRACTED
g10795,U_g10795/ZN,98.04,86.8,False,16517,0.0414106,0.1260775,1.119679,1.1610896000000002,EXTRACTED
g10797,U_g10797/ZN,99.75,81.2,False,16333,0.06877480000000001,0.026279650999999998,1.119679,1.1884538,EXTRACTED
g10798,U_g10798/ZN,78.47,77.0,False,17910,1.0736400000000001,0.6333592200000001,1.119679,2.1933190000000002,EXTRACTED
g10799,U_g10799/ZN,99.37,100.8,False,16337,0.212126,0.37295933000000003,1.119679,1.3318050000000001,EXTRACTED
g108,U_g108/Q,68.02,110.6,True,16010,2.6624033999999996,2.806051724,2.619024,5.2814274,EXTRACTED
g1080,U_g1080/Q,122.17,89.6,True,16645,1.2262628999999998,0.9705525960000001,2.755084,3.9813469,EXTRACTED
g10800,U_g10800/ZN,67.64,64.4,False,18988,0.831791,0.9559384649999999,1.119679,1.95147,EXTRACTED
g10801,output89/Z,128.44,8.4,False,220,0.807584,0.13249018999999998,0,0.807584,EXTRACTED
g10805,U_g10805/ZN,122.74,42.0,False,9774,0.5932055,0.9513169200000001,1.664199,2.2574045,EXTRACTED
g10807,U_g10807/ZN,131.29,42.0,False,12494,0.11017579999999999,0.35012412499999995,1.599032,1.7092078,EXTRACTED
g10808,U_g10808/ZN,127.87,60.2,False,11614,0.11888919999999999,0.09647800000000001,0.941939,1.0608282,EXTRACTED
g10809,U_g10809/ZN,70.68,53.2,False,8162,1.2243913,0.9670490980000003,5.59875,6.8231413,EXTRACTED
g10818,U_g10818/ZN,61.94,30.8,False,11715,0.32447200000000004,0.37084538999999994,0.941939,1.266411,EXTRACTED
g1083,U_g1083/Q,59.09,119.0,True,16736,1.6630417999999998,1.585034411,2.755084,4.4181258,EXTRACTED
g10849,U_g10849/ZN,127.87,68.6,False,13315,0.1444022,0.12180060999999999,0.918145,1.0625472,EXTRACTED
g10852,U_g10852/ZN,128.06,70.0,False,11646,0.304556,0.8160109999999999,0.918145,1.222701,EXTRACTED
g10853,U_g10853/ZN,52.63,33.6,False,6087,0.39290800000000004,0.19435447,0.918145,1.311053,EXTRACTED
g10855,U_g10855/ZN,106.97,102.2,False,17934,1.201996,0.545853976,1.119679,2.321675,EXTRACTED
g10856,U_g10856/ZN,114.19,84.0,False,16359,0.209898,0.098821853,1.119679,1.329577,EXTRACTED
g10857,U_g10857/ZN,105.64,77.0,False,13420,0.24165,0.21790605999999996,1.119679,1.361329,EXTRACTED
g10858,U_g10858/ZN,115.71,82.6,False,15122,0.6237999999999999,0.643176218,1.119679,1.743479,EXTRACTED
g10859,U_g10859/ZN,84.93,70.0,False,16879,0.58874,0.5472217500000001,1.119679,1.7084190000000001,EXTRACTED
g1086,U_g1086/Q,77.52,86.8,True,16551,3.6739466999999997,3.36797051,2.755084,6.4290307,EXTRACTED
g10860,U_g10860/ZN,60.61,88.2,False,18259,0.243556,0.111121583,1.119679,1.363235,EXTRACTED
g10861,U_g10861/ZN,108.3,95.2,False,16824,0.219984,0.47386311000000003,1.119679,1.339663,EXTRACTED
g10862,U_g10862/ZN,124.83,74.2,False,15424,0.521104,0.25484604000000005,1.119679,1.640783,EXTRACTED
g10863,U_g10863/ZN,125.78,100.8,False,18118,0.465278,0.6869563969999999,1.119679,1.5849570000000002,EXTRACTED
g10864,U_g10864/ZN,108.3,81.2,False,16367,0.638514,1.00993468,1.119679,1.7581930000000001,EXTRACTED
g10865,U_g10865/ZN,109.44,103.6,False,16282,0.5915602,0.552398802,1.119679,1.7112392,EXTRACTED
g10866,U_g10866/ZN,115.9,86.8,False,17233,1.4767782,1.7684517899999999,1.119679,2.5964572,EXTRACTED
g10883,U_g10883/ZN,73.91,51.8,False,8162,0.8948853,1.2069034200000002,3.89852,4.7934053,EXTRACTED
g10886,U_g10886/ZN,134.33,42.0,False,4873,3.3601661,3.4388637229999994,0.918145,4.2783111,EXTRACTED
g1089,U_g1089/Q,76.76,78.4,True,16551,2.09672357,1.5147928619999997,2.755084,4.85180757,EXTRACTED
g10898,U_g10898/ZN,116.09,119.0,False,18787,0.1716358,0.07026171,1.119679,1.2913148,EXTRACTED
g109,PORT/g109,61.695,0.07,False,0,0.1910766,0.066909782,0.77983,0.9709066000000001,EXTRACTED
g1092,U_g1092/Q,42.94,96.6,True,16589,2.77829289,1.33750761441,2.755084,5.5333768899999995,EXTRACTED
g10923,U_g10923/ZN,95.57,124.6,False,17278,2.1396545,2.5948856762900014,4.116209,6.255863499999999,EXTRACTED
g10927,U_g10927/ZN,45.03,61.6,False,7403,3.14404504,2.460023228,11.69556,14.83960504,EXTRACTED
g10933,U_g10933/ZN,54.15,28.0,False,15991,0.512566,0.45170402600000004,0.946814,1.45938,EXTRACTED
g10936,U_g10936/ZN,128.25,63.0,False,16250,0.568712,0.129825894,1.119679,1.6883910000000002,EXTRACTED
g10937,U_g10937/ZN,18.05,72.8,False,9970,1.0792224,0.36710748400000004,5.59875,6.6779724,EXTRACTED
g10946,U_g10946/ZN,38.19,53.2,False,19031,1.139562,1.4465105500000004,0.941939,2.081501,EXTRACTED
g10948,U_g10948/ZN,76.38,56.0,False,27391,0.06234780000000001,0.07401139000000001,0.941939,1.0042868,EXTRACTED
g10949,U_g10949/ZN,72.01,58.8,False,16698,0.782284,0.44752600600000003,0.941939,1.7242229999999998,EXTRACTED
g1095,U_g1095/Q,51.49,93.8,True,16666,2.3400162,2.0984715650000005,2.755084,5.0951002,EXTRACTED
g10950,U_g10950/ZN,80.75,43.4,False,410,0.266984,0.16679735,1.70023,1.9672139999999998,EXTRACTED
g10969,U_g10969/ZN,78.47,57.4,False,16344,0.31513199999999997,0.33742148,0.941939,1.2570709999999998,EXTRACTED
g10970,U_g10970/ZN,133.95,72.8,False,12705,0.5078393,0.81226388,1.714471,2.2223103,EXTRACTED
g10971,U_g10971/ZN,127.3,70.0,False,16140,0.15516280000000002,0.107111535,1.651345,1.8065078,EXTRACTED
g1098,U_g1098/Q,82.84,79.8,True,16571,1.8453122000000002,1.396340479,2.755084,4.6003962000000005,EXTRACTED
g11005,U_g11005/ZN,30.02,63.0,False,25219,0.9235282,0.7032232990000001,0.941939,1.8654671999999999,EXTRACTED
g11006,U_g11006/ZN,25.84,75.6,False,16759,0.229764,0.45163965000000006,0.941939,1.171703,EXTRACTED
g11007,U_g11007/ZN,29.07,74.2,False,18514,0.1634738,0.0,0.941939,1.1054127999999999,EXTRACTED
g11008,U_g11008/ZN,26.22,68.6,False,19839,0.515698,0.31188724,0.941939,1.457637,EXTRACTED
g11009,U_g11009/ZN,40.85,75.6,False,16727,0.7519849999999999,0.51996193,0.941939,1.693924,EXTRACTED
g1101,U_g1101/Q,83.22,112.0,True,16623,1.8450615,1.2252175960000002,11.566919,13.4119805,EXTRACTED
g11010,U_g11010/ZN,28.5,68.6,False,18825,0.9326042,0.97881681,0.941939,1.8745432,EXTRACTED
g11011,U_g11011/ZN,71.63,51.8,False,21469,0.0828188,0.08403319999999999,0.941939,1.0247578,EXTRACTED
g11012,U_g11012/ZN,38.0,74.2,False,16363,0.20055800000000001,0.09865007,0.941939,1.142497,EXTRACTED
g11013,U_g11013/ZN,31.35,67.2,False,16741,0.32426,0.61404521,0.941939,1.2661989999999999,EXTRACTED
g11015,U_g11015/ZN,37.05,67.2,False,16856,0.17080820000000002,0.202282384,0.941939,1.1127472,EXTRACTED
g11018,U_g11018/ZN,47.88,57.4,False,16543,0.28773200000000004,0.84979852,0.941939,1.229671,EXTRACTED
g11019,U_g11019/ZN,58.9,47.6,False,16435,0.1845514,0.35594191,0.941939,1.1264904,EXTRACTED
g11020,U_g11020/ZN,57.38,50.4,False,16217,0.13235180000000002,0.06513779,0.941939,1.0742908,EXTRACTED
g11021,U_g11021/ZN,50.54,51.8,False,16402,0.1174284,0.038838228,0.941939,1.0593674,EXTRACTED
g11022,U_g11022/ZN,49.78,50.4,False,16438,0.24105400000000002,0.9039515419999999,0.941939,1.182993,EXTRACTED
g11023,U_g11023/ZN,41.42,49.0,False,16421,0.7411989999999999,0.285280328,0.941939,1.683138,EXTRACTED
g11024,U_g11024/ZN,42.94,50.4,False,16308,0.1738912,0.10397934,0.941939,1.1158302,EXTRACTED
g11025,U_g11025/ZN,43.7,58.8,False,16375,0.314612,0.282571941,0.941939,1.256551,EXTRACTED
g11026,U_g11026/ZN,50.35,57.4,False,15638,0.0466236,0.016844483,0.941939,0.9885626,EXTRACTED
g11027,U_g11027/ZN,54.34,64.4,False,16366,0.0681264,0.186012632,0.941939,1.0100654,EXTRACTED
g11028,U_g11028/ZN,46.74,61.6,False,16573,0.0460188,0.0101428,0.941939,0.9879578,EXTRACTED
g11029,U_g11029/ZN,49.02,65.8,False,16390,0.207226,0.51424286,0.941939,1.149165,EXTRACTED
g11030,U_g11030/ZN,41.23,67.2,False,15697,0.579118,0.30797065,0.941939,1.5210569999999999,EXTRACTED
g11031,U_g11031/ZN,41.23,47.6,False,16385,0.624161,0.5566548299999999,0.941939,1.5661,EXTRACTED
g11032,U_g11032/ZN,49.21,57.4,False,15820,0.0783422,0.06616186,0.941939,1.0202811999999999,EXTRACTED
g1104,U_g1104/Q,78.85,116.2,True,16619,2.4667612,2.028408931,11.717039,14.1838002,EXTRACTED
g11058,U_g11058/ZN,60.8,23.8,False,16727,0.1234834,0.11360346,0.918145,1.0416284,EXTRACTED
g11060,U_g11060/ZN,18.24,77.0,False,9970,1.04046877,2.19239625,3.89852,4.93898877,EXTRACTED
g1107,U_g1107/Q,83.79,114.8,True,16672,1.56394047,2.11719896,13.581949,15.14588947,EXTRACTED
g11070,U_g11070/ZN,76.0,14.0,False,499,0.109577,0.023490984,0.941939,1.051516,EXTRACTED
g11077,U_g11077/ZN,125.4,70.0,False,16147,4.0372578,1.2691683,0.918145,4.9554028,EXTRACTED
g11083,U_g11083/ZN,68.59,16.8,False,771,1.4209164,1.0505820449999999,3.89852,5.3194364,EXTRACTED
g11085,U_g11085/ZN,35.72,63.0,False,1088,0.580836,0.7124028900000001,0.946814,1.52765,EXTRACTED
g11087,U_g11087/ZN,78.28,37.8,False,165,0.1047878,0.0054368889699999996,0.941939,1.0467268,EXTRACTED
g11091,U_g11091/ZN,85.69,32.2,False,177,0.0999062,0.009126269999999999,0.941939,1.0418452,EXTRACTED
g11092,U_g11092/ZN,78.66,43.4,False,171,0.6597636,0.556357804,0.941939,1.6017025999999999,EXTRACTED
g11093,U_g11093/ZN,87.59,53.2,False,109,0.1996004,0.1216392576,0.941939,1.1415394,EXTRACTED
g11094,U_g11094/ZN,75.62,56.0,False,2292,0.0947328,0.10486358,0.946814,1.0415468,EXTRACTED
g11095,U_g11095/ZN,81.89,19.6,False,177,0.1081028,0.0126998,0.941939,1.0500418,EXTRACTED
g11097,U_g11097/ZN,76.19,50.4,False,2650,0.0354352,0.12983719999999999,0.946814,0.9822492,EXTRACTED
g11098,U_g11098/ZN,89.49,47.6,False,134,0.6846400000000001,0.7530985499999999,0.941939,1.626579,EXTRACTED
g11099,U_g11099/ZN,72.77,57.4,False,1750,0.0774962,0.045785691,0.946814,1.0243102,EXTRACTED
g1110,U_g1110/Q,100.32,105.0,True,16665,1.8711464000000002,2.4889759330000003,15.694797,17.5659434,EXTRACTED
g11100,U_g11100/ZN,74.29,40.6,False,185,0.209836,0.24768958000000002,0.941939,1.151775,EXTRACTED
g11101,U_g11101/ZN,74.86,49.0,False,196,0.9006050000000001,0.353891309,0.941939,1.8425440000000002,EXTRACTED
g11102,U_g11102/ZN,84.93,21.0,False,191,0.0526892,0.11007826799999998,0.941939,0.9946282,EXTRACTED
g11103,U_g11103/ZN,17.29,75.6,False,17660,0.1449892,0.08516604,0.941939,1.0869282,EXTRACTED
g11104,U_g11104/ZN,19.95,72.8,False,17212,0.060736399999999996,0.045569315,0.941939,1.0026754,EXTRACTED
g11105,U_g11105/ZN,15.39,71.4,False,16587,0.6943729999999999,0.09891048999999999,0.941939,1.6363119999999998,EXTRACTED
g11107,U_g11107/ZN,54.72,49.0,False,7403,0.6273177999999999,0.7351767519999999,1.94926,2.5765778,EXTRACTED
g11111,U_g11111/ZN,46.36,51.8,False,7403,0.99378777,1.30741961,3.89852,4.89230777,EXTRACTED
g1113,U_g1113/Q,94.24,134.4,True,16678,0.93474196,1.437553758,6.023936,6.95867796,EXTRACTED
g11143,U_g11143/ZN,71.06,130.2,False,17062,1.1179000000000001,1.1127328099999996,0.941939,2.059839,EXTRACTED
g11144,U_g11144/ZN,38.0,58.8,False,1054,0.7565579,0.50037065,0.946814,1.7033719,EXTRACTED
g11145,U_g11145/ZN,35.34,72.8,False,1641,0.338858,0.35627112,0.946814,1.285672,EXTRACTED
g11146,U_g11146/ZN,33.06,75.6,False,1786,0.1763636,0.18494739999999998,0.946814,1.1231776,EXTRACTED
g11147,U_g11147/ZN,35.72,70.0,False,1602,0.09977939999999999,0.13956669,0.946814,1.0465934000000001,EXTRACTED
g11148,U_g11148/ZN,69.73,9.8,False,292,0.803158,0.68170826,0.941939,1.745097,EXTRACTED
g11149,U_g11149/ZN,30.59,68.6,False,854,0.256428,0.16491736399999998,0.946814,1.203242,EXTRACTED
g11150,U_g11150/ZN,72.01,9.8,False,284,0.051727800000000004,0.00522756,0.941939,0.9936668,EXTRACTED
g11151,U_g11151/ZN,44.84,72.8,False,1394,0.1254018,0.22638786000000002,0.946814,1.0722158,EXTRACTED
g11152,U_g11152/ZN,71.82,50.4,False,1877,0.0553504,0.018807172,0.946814,1.0021644,EXTRACTED
g11153,U_g11153/ZN,75.43,9.8,False,243,0.0796364,0.0383825,0.941939,1.0215754,EXTRACTED
g11154,U_g11154/ZN,40.28,74.2,False,1534,0.01742614,0.0,0.946814,0.96424014,EXTRACTED
g11156,U_g11156/ZN,38.57,67.2,False,1093,0.01630032,0.00176665,0.946814,0.9631143200000001,EXTRACTED
g11157,U_g11157/ZN,85.69,22.4,False,410,3.616061099999999,3.6197131480000015,8.77167,12.3877311,EXTRACTED
g11158,U_g11158/ZN,41.8,74.2,False,983,0.44823999999999997,0.6772474900000001,0.946814,1.395054,EXTRACTED
g11161,U_g11161/ZN,21.85,75.6,False,20492,0.0990362,0.00031916400000000004,0.941939,1.0409751999999999,EXTRACTED
g11163,output90/Z,117.99,5.6,False,23003,0.448224,0.54029861,0,0.448224,EXTRACTED
g11164,U_g11164/ZN,25.84,60.2,False,23224,0.0711946,0.09664368,0.941939,1.0131336,EXTRACTED
g11165,U_g11165/ZN,30.59,58.8,False,15707,0.12557580000000002,0.31755083,0.941939,1.0675148,EXTRACTED
g11166,U_g11166/ZN,35.91,58.8,False,15708,0.325386,0.582693834,0.941939,1.267325,EXTRACTED
g11167,U_g11167/ZN,32.49,54.6,False,15799,0.361348,0.14712268999999997,0.941939,1.303287,EXTRACTED
g11168,U_g11168/ZN,26.41,51.8,False,15703,0.5226000000000001,0.20185150000000002,0.941939,1.464539,EXTRACTED
g11169,U_g11169/ZN,37.24,50.4,False,16350,0.316012,0.09867136399999998,0.941939,1.257951,EXTRACTED
g1117,U_g1117/Q,46.74,128.8,True,16819,3.9341482500000002,6.471877343999999,6.014359,9.94850725,EXTRACTED
g11170,U_g11170/ZN,41.99,44.8,False,15841,0.474968,0.33318748000000004,0.941939,1.416907,EXTRACTED
g11171,U_g11171/ZN,18.81,57.4,False,16412,0.7109898,0.5354510100000001,0.941939,1.6529288,EXTRACTED
g11172,U_g11172/ZN,13.68,54.6,False,15311,0.1828648,0.5544783600000001,0.941939,1.1248038,EXTRACTED
g11173,U_g11173/ZN,19.95,63.0,False,15203,0.0452064,0.01824378,0.941939,0.9871454,EXTRACTED
g11174,U_g11174/ZN,18.81,61.6,False,16410,0.0750726,0.08685506999999999,0.941939,1.0170116,EXTRACTED
g11175,U_g11175/ZN,28.31,57.4,False,15225,0.353918,0.16605860999999997,0.941939,1.295857,EXTRACTED
g11176,U_g11176/ZN,17.1,56.0,False,16234,0.372816,0.11217005099999999,0.941939,1.314755,EXTRACTED
g11177,U_g11177/ZN,22.04,63.0,False,16300,0.0483822,0.015103179999999999,0.941939,0.9903212,EXTRACTED
g11178,U_g11178/ZN,26.41,61.6,False,16435,0.849928,0.976467885,0.941939,1.7918669999999999,EXTRACTED
g11186,U_g11186/ZN,45.41,63.0,False,1081,0.8980680999999999,0.8941541370000001,0.946814,1.8448821,EXTRACTED
g11187,U_g11187/ZN,42.75,58.8,False,1583,0.30344,0.19508703,0.946814,1.250254,EXTRACTED
g11188,U_g11188/ZN,47.12,57.4,False,1002,0.201144,0.144576554,0.946814,1.147958,EXTRACTED
g11189,U_g11189/ZN,47.88,58.8,False,1084,0.75009,0.58869676,0.946814,1.696904,EXTRACTED
g11190,U_g11190/ZN,46.17,63.0,False,1023,0.115691,0.015541336,0.946814,1.062505,EXTRACTED
g11192,U_g11192/ZN,44.65,64.4,False,1620,0.01742614,0.0,0.946814,0.96424014,EXTRACTED
g11194,U_g11194/ZN,43.89,63.0,False,954,0.18398620000000002,0.177123726,0.946814,1.1308002000000001,EXTRACTED
g11196,U_g11196/ZN,39.52,58.8,False,1428,0.257482,0.15055388,0.946814,1.204296,EXTRACTED
g11198,U_g11198/ZN,48.07,56.0,False,944,0.0330416,0.08165507000000001,0.946814,0.9798556,EXTRACTED
g11199,U_g11199/ZN,18.24,57.4,False,7403,1.2287818,0.587553408,3.89852,5.1273018,EXTRACTED
g11201,U_g11201/ZN,72.58,50.4,False,21090,0.25575400000000004,0.282375338,0.918145,1.173899,EXTRACTED
g11203,U_g11203/ZN,21.28,57.4,False,7403,1.1898543,0.8406253719999999,3.89852,5.0883743,EXTRACTED
g11204,U_g11204/ZN,74.67,12.6,False,16315,0.0711818,0.022655150000000002,0.946814,1.0179958,EXTRACTED
g11206,output91/Z,135.47,47.6,False,12164,1.195634,0.31512572199999994,0,1.195634,EXTRACTED
g11209,U_g11209/ZN,125.21,14.0,False,220,0.1186968,0.22540936,0.941939,1.0606358,EXTRACTED
g1121,U_g1121/Q,93.48,39.2,True,16731,4.48166464,7.520290790999998,6.023936,10.50560064,EXTRACTED
g11210,U_g11210/ZN,71.82,37.8,False,11730,0.9565520000000001,0.70257273,0.941939,1.898491,EXTRACTED
g11211,U_g11211/ZN,61.56,26.6,False,16257,0.143995,0.17245681,0.946814,1.0908090000000001,EXTRACTED
g11212,U_g11212/ZN,75.24,29.4,False,16388,0.498236,0.52748471,0.946814,1.4450500000000002,EXTRACTED
g11213,U_g11213/ZN,85.69,36.4,False,16815,0.1448562,0.09846843999999999,0.946814,1.0916702,EXTRACTED
g11214,U_g11214/ZN,85.5,42.0,False,16824,0.13177039999999998,0.12198214000000002,0.946814,1.0785844,EXTRACTED
g11215,U_g11215/ZN,84.74,47.6,False,16462,0.354432,0.49904746,0.946814,1.3012460000000001,EXTRACTED
g11216,U_g11216/ZN,88.92,21.0,False,16790,0.519568,0.651830965,0.946814,1.466382,EXTRACTED
g11217,U_g11217/ZN,44.65,65.8,False,25549,1.5010123,1.1325818700000003,4.116209,5.6172213,EXTRACTED
g11218,U_g11218/ZN,88.92,43.4,False,16845,0.535288,0.20930950099999998,0.946814,1.482102,EXTRACTED
g11219,U_g11219/ZN,30.59,74.2,False,18356,1.3141670399999998,0.767898282,4.181376,5.49554304,EXTRACTED
g11220,U_g11220/ZN,80.56,33.6,False,16427,0.7290434,0.49054948500000006,0.946814,1.6758574,EXTRACTED
g11221,U_g11221/ZN,30.59,75.6,False,20068,0.88119807,0.5304041380000001,4.116209,4.9974070699999995,EXTRACTED
g11222,U_g11222/ZN,75.05,46.2,False,16453,0.5852002000000001,0.5230952520000001,0.946814,1.5320142,EXTRACTED
g11223,U_g11223/ZN,34.2,70.0,False,20357,0.44154240000000006,0.9028910350000001,4.181376,4.6229184000000005,EXTRACTED
g11224,U_g11224/ZN,83.03,18.2,False,16780,0.1827028,0.047232826,0.946814,1.1295168,EXTRACTED
g11225,U_g11225/ZN,35.34,68.6,False,17473,1.011616,1.1971744139999998,4.116209,5.127825,EXTRACTED
g11226,U_g11226/ZN,10.83,77.0,False,4936,0.214446,0.80400172,0.946814,1.16126,EXTRACTED
g11227,U_g11227/ZN,42.75,72.8,False,19839,0.39146509999999995,0.749900189,4.181376,4.5728411,EXTRACTED
g11228,U_g11228/ZN,27.55,70.0,False,4975,0.46400199999999997,0.45295562,0.946814,1.410816,EXTRACTED
g11229,U_g11229/ZN,41.04,74.2,False,17859,0.29556879999999996,0.18005917,4.116209,4.411777799999999,EXTRACTED
g11230,U_g11230/ZN,18.05,75.6,False,4907,0.41106187000000005,0.70699436,0.946814,1.35787587,EXTRACTED
g11231,U_g11231/ZN,39.33,67.2,False,17710,0.5312416,0.38872086,4.181376,4.7126176,EXTRACTED
g11232,U_g11232/ZN,38.38,68.6,False,17403,0.44422659999999997,0.40918772999999997,4.116209,4.5604356,EXTRACTED
g11233,U_g11233/ZN,44.08,67.2,False,19489,1.2780942,0.9528353940000001,4.116209,5.3943031999999995,EXTRACTED
g11234,U_g11234/ZN,53.96,49.0,False,1028,0.0472466,0.04121959,0.946814,0.9940606000000001,EXTRACTED
g11235,U_g11235/ZN,63.08,46.2,False,1008,0.32819000000000004,0.4685124399999999,0.946814,1.275004,EXTRACTED
g11236,U_g11236/ZN,43.7,49.0,False,1261,0.422706,0.805994693,0.946814,1.36952,EXTRACTED
g11237,U_g11237/ZN,53.01,50.4,False,985,0.1777642,0.38509347399999994,0.946814,1.1245782,EXTRACTED
g11238,U_g11238/ZN,42.94,49.0,False,952,0.685746,0.18294249199999998,0.946814,1.63256,EXTRACTED
g11239,U_g11239/ZN,37.43,64.4,False,7403,0.7538020000000001,0.962861593,2.92389,3.6776920000000004,EXTRACTED
g11240,U_g11240/ZN,42.94,57.4,False,1552,0.217538,0.185084914,0.946814,1.164352,EXTRACTED
g11243,U_g11243/ZN,41.23,44.8,False,7403,1.0137105,1.4335137460000005,3.89852,4.9122305,EXTRACTED
g11246,U_g11246/ZN,77.52,56.0,False,27783,0.58073,0.8661022900000002,0.918145,1.498875,EXTRACTED
g11247,U_g11247/ZN,77.71,50.4,False,17176,0.06305899999999999,0.01571664,0.918145,0.981204,EXTRACTED
g11248,U_g11248/ZN,65.17,11.2,False,16320,0.9587991,0.93398983,0.946814,1.9056131,EXTRACTED
g11249,U_g11249/ZN,60.23,121.8,False,17555,1.1523223,0.6642851199999998,4.181376,5.3336983,EXTRACTED
g1125,U_g1125/Q,54.34,100.8,True,16708,3.7502846,3.855586647,6.038491,9.7887756,EXTRACTED
g11252,U_g11252/ZN,73.53,58.8,False,16562,0.1293396,0.004288813,0.918145,1.0474846,EXTRACTED
g11253,U_g11253/ZN,77.9,8.4,False,15988,0.26098,0.62027579,0.946814,1.207794,EXTRACTED
g11254,U_g11254/ZN,80.56,9.8,False,16755,0.284128,0.37851587,0.946814,1.230942,EXTRACTED
g11255,U_g11255/ZN,21.66,77.0,False,4746,0.01710698,0.00031916400000000004,0.946814,0.96392098,EXTRACTED
g11256,U_g11256/ZN,55.48,56.0,False,16838,0.7796799999999999,0.589383079,1.119679,1.899359,EXTRACTED
g11257,U_g11257/ZN,54.53,47.6,False,16787,0.1155746,0.00258428,1.119679,1.2352536,EXTRACTED
g11258,U_g11258/ZN,57.76,47.6,False,16599,0.38946400000000003,0.44770485,1.119679,1.5091430000000001,EXTRACTED
g11259,U_g11259/ZN,50.16,53.2,False,16895,2.1281895,1.003866696,1.119679,3.2478685,EXTRACTED
g11260,U_g11260/ZN,56.81,49.0,False,16809,0.336002,0.42901561999999993,1.119679,1.4556810000000002,EXTRACTED
g11261,U_g11261/ZN,45.98,40.6,False,16663,0.0960294,0.05965782,1.119679,1.2157084,EXTRACTED
g11262,U_g11262/ZN,43.89,53.2,False,17194,0.10298,0.08138486,1.119679,1.2226590000000002,EXTRACTED
g11263,U_g11263/ZN,40.09,56.0,False,17378,1.3823987999999998,1.18873414,1.119679,2.5020778,EXTRACTED
g11264,U_g11264/ZN,51.11,57.4,False,16102,0.1559454,0.2614892,1.119679,1.2756244,EXTRACTED
g11265,U_g11265/ZN,56.05,64.4,False,16806,0.104266,0.22954780000000002,1.119679,1.223945,EXTRACTED
g11266,U_g11266/ZN,47.5,61.6,False,16956,1.4749459,0.43091714300000006,1.119679,2.5946249000000003,EXTRACTED
g11267,U_g11267/ZN,45.41,64.4,False,17412,0.39121799999999995,0.230870604,1.119679,1.510897,EXTRACTED
g11268,U_g11268/ZN,47.12,63.0,False,16129,0.7146319999999999,0.565011181,1.119679,1.834311,EXTRACTED
g11269,U_g11269/ZN,43.7,57.4,False,17321,0.31955999999999996,0.18062853799999998,1.119679,1.4392390000000002,EXTRACTED
g11270,U_g11270/ZN,49.21,56.0,False,16176,0.632216,0.59202103,1.119679,1.7518950000000002,EXTRACTED
g11271,U_g11271/ZN,22.99,60.2,False,2344,0.0617444,0.06547620000000001,0.946814,1.0085584,EXTRACTED
g11272,U_g11272/ZN,12.92,54.6,False,1993,0.8990792999999999,0.54024365,0.946814,1.8458933,EXTRACTED
g11273,U_g11273/ZN,12.54,47.6,False,2054,0.736874,0.33257651,0.946814,1.683688,EXTRACTED
g11274,U_g11274/ZN,18.81,60.2,False,2263,0.227274,0.17449652999999996,0.946814,1.174088,EXTRACTED
g11275,U_g11275/ZN,75.81,19.6,False,16348,0.0309572,0.023496589999999998,0.918145,0.9491022,EXTRACTED
g11276,U_g11276/ZN,67.83,128.8,False,1433,0.105739,0.15659047,1.70023,1.805969,EXTRACTED
g11277,U_g11277/ZN,16.53,60.2,False,2024,0.1239604,0.0540043,0.946814,1.0707744000000001,EXTRACTED
g11278,U_g11278/ZN,72.77,9.8,False,16082,0.13133219999999998,0.04031930300000001,0.918145,1.0494771999999999,EXTRACTED
g11279,U_g11279/ZN,30.4,57.4,False,2510,0.39167599999999997,0.5709454299999999,0.946814,1.33849,EXTRACTED
g11280,U_g11280/ZN,75.62,11.2,False,16798,0.11500339999999999,0.09217203199999999,0.918145,1.0331484,EXTRACTED
g11281,U_g11281/ZN,22.42,54.6,False,2395,0.27701800000000004,0.420705218,0.946814,1.223832,EXTRACTED
g11282,U_g11282/ZN,22.8,65.8,False,2370,0.15568200000000001,0.18895175,0.946814,1.1024960000000001,EXTRACTED
g11283,U_g11283/ZN,29.64,57.4,False,1606,0.493412,0.439157931,0.946814,1.440226,EXTRACTED
g11285,U_g11285/ZN,22.42,77.0,False,20164,0.1097498,0.01194593,0.918145,1.0278947999999999,EXTRACTED
g11286,U_g11286/ZN,124.45,14.0,False,22019,0.310144,0.40105749,1.119679,1.429823,EXTRACTED
g11288,U_g11288/ZN,75.24,14.0,False,16486,0.11552000000000001,0.007124554999999999,0.918145,1.033665,EXTRACTED
g1129,U_g1129/Q,97.66,50.4,True,16627,4.38075763,6.922169064000002,6.041415,10.422172629999999,EXTRACTED
g11290,U_g11290/ZN,74.29,50.4,False,22082,0.792394,1.219955901,1.119679,1.9120730000000001,EXTRACTED
g11291,U_g11291/ZN,78.85,50.4,False,13785,0.580206,0.559997079,1.119679,1.699885,EXTRACTED
g11292,U_g11292/ZN,74.67,57.4,False,12060,1.9000099,2.421648033,1.119679,3.0196889000000002,EXTRACTED
g11293,U_g11293/ZN,59.85,26.6,False,21628,0.420244,0.34821136399999997,1.119679,1.5399230000000002,EXTRACTED
g11294,U_g11294/ZN,63.65,29.4,False,21287,0.229058,0.36105543,1.119679,1.348737,EXTRACTED
g11295,U_g11295/ZN,32.3,58.8,False,1490,0.0347586,0.0671644,0.946814,0.9815726,EXTRACTED
g11296,U_g11296/ZN,36.67,58.8,False,1499,0.387742,0.56061783,0.946814,1.334556,EXTRACTED
g11297,U_g11297/ZN,37.62,51.8,False,1537,0.5621480000000001,0.20828908999999998,0.946814,1.5089620000000001,EXTRACTED
g11298,U_g11298/ZN,79.04,36.4,False,16407,0.6135581000000001,0.5856493399999999,1.119679,1.7332371000000002,EXTRACTED
g11299,U_g11299/ZN,30.4,47.6,False,955,0.01742614,0.0,0.946814,0.96424014,EXTRACTED
g113,U_g113/Q,70.49,91.0,True,16068,0.39897985,0.9814552919999998,2.038473,2.43745285,EXTRACTED
g11300,U_g11300/ZN,86.45,33.6,False,16826,0.29160200000000003,0.1293561,1.119679,1.4112810000000002,EXTRACTED
g11302,U_g11302/ZN,34.2,51.8,False,1454,0.36077,0.30085221,0.946814,1.307584,EXTRACTED
g11303,U_g11303/ZN,86.26,39.2,False,16851,0.9833320000000001,1.007983242,1.119679,2.1030110000000004,EXTRACTED
g11304,U_g11304/ZN,36.29,47.6,False,1068,0.01742614,0.0,0.946814,0.96424014,EXTRACTED
g11305,U_g11305/ZN,89.11,50.4,False,16463,0.1933276,0.44031804949000003,1.119679,1.3130066,EXTRACTED
g11306,U_g11306/ZN,81.89,18.2,False,16819,0.0553174,0.00289521,1.119679,1.1749964000000002,EXTRACTED
g11308,U_g11308/ZN,83.79,40.6,False,16787,0.7899522999999999,0.53204545,1.119679,1.9096313,EXTRACTED
g11310,U_g11310/ZN,77.9,42.0,False,16450,0.32056,0.22396069000000002,1.119679,1.440239,EXTRACTED
g11312,U_g11312/ZN,81.13,40.6,False,16359,0.661597,0.6635286,1.119679,1.781276,EXTRACTED
g11314,U_g11314/ZN,84.17,21.0,False,16825,0.0429096,0.12179082,1.119679,1.1625886,EXTRACTED
g11316,U_g11316/ZN,18.62,77.0,False,17594,0.216624,0.27948472,0.918145,1.134769,EXTRACTED
g11318,U_g11318/ZN,20.33,71.4,False,16345,0.1083082,0.01323882,0.918145,1.0264532,EXTRACTED
g11320,U_g11320/ZN,70.11,51.8,False,21765,0.28740200000000005,0.516518,1.119679,1.4070810000000002,EXTRACTED
g11321,U_g11321/ZN,8.55,75.6,False,15490,0.628848,0.69846398,0.918145,1.546993,EXTRACTED
g11324,U_g11324/ZN,25.08,60.2,False,25186,0.08313340000000001,0.052351779999999994,1.119679,1.2028124,EXTRACTED
g11325,U_g11325/ZN,32.87,60.2,False,16123,0.09577419999999999,0.2359259,1.119679,1.2154532,EXTRACTED
g11326,U_g11326/ZN,30.78,56.0,False,15357,0.4532097,0.6878138840000002,1.119679,1.5728887,EXTRACTED
g11327,U_g11327/ZN,32.11,49.0,False,16148,0.8456680000000001,0.147317047,1.119679,1.9653470000000002,EXTRACTED
g11328,U_g11328/ZN,31.16,47.6,False,16142,0.15954359999999998,0.062801548,1.119679,1.2792226,EXTRACTED
g11329,U_g11329/ZN,41.23,51.8,False,17218,0.251676,0.13720770399999999,1.119679,1.371355,EXTRACTED
g1133,U_g1133/Q,89.49,137.2,True,16677,2.2268712,1.4783030099999996,6.014359,8.2412302,EXTRACTED
g11330,U_g11330/ZN,37.05,47.6,False,16239,0.09408799999999999,0.085123,1.119679,1.213767,EXTRACTED
g11331,U_g11331/ZN,27.17,51.8,False,18373,0.903546,0.7253870440000001,1.119679,2.023225,EXTRACTED
g11332,U_g11332/ZN,19.57,54.6,False,15329,0.08009720000000001,0.027714877,1.119679,1.1997762,EXTRACTED
g11333,U_g11333/ZN,20.71,63.0,False,17418,0.59601,0.5308927400000001,1.119679,1.7156890000000002,EXTRACTED
g11334,U_g11334/ZN,18.05,61.6,False,18402,0.06438179999999999,0.16601409499999997,1.119679,1.1840608000000001,EXTRACTED
g11335,U_g11335/ZN,28.12,51.8,False,17703,0.291496,0.289796572,1.119679,1.411175,EXTRACTED
g11336,U_g11336/ZN,19.57,51.8,False,15843,0.5058438999999999,0.56462559,1.119679,1.6255229,EXTRACTED
g11337,U_g11337/ZN,22.8,63.0,False,16886,0.385862,0.39420483,1.119679,1.505541,EXTRACTED
g11338,U_g11338/ZN,30.02,50.4,False,17993,0.5843737,0.41299624599999996,1.119679,1.7040527,EXTRACTED
g11340,U_g11340/ZN,24.32,77.0,False,22058,0.282802,0.34786372,1.119679,1.402481,EXTRACTED
g11348,U_g11348/ZN,70.11,128.8,False,1433,0.04909,0.041472079999999995,0.964824,1.013914,EXTRACTED
g11349,U_g11349/ZN,75.62,15.4,False,14378,0.305794,0.15375815399999998,1.119679,1.4254730000000002,EXTRACTED
g1137,U_g1137/Q,61.56,39.2,True,16408,7.023945400000001,3.7993094779999996,6.023936,13.047881400000001,EXTRACTED
g11372,U_g11372/ZN,15.01,77.0,False,14545,0.352954,0.14210298,1.119679,1.472633,EXTRACTED
g11376,U_g11376/ZN,21.47,70.0,False,13817,0.223552,0.42180632,1.119679,1.343231,EXTRACTED
g11380,U_g11380/ZN,17.48,70.0,False,13390,0.14687820000000001,0.0250127,1.119679,1.2665572,EXTRACTED
g11387,U_g11387/ZN,83.41,86.8,False,2487,2.0638904,0.958316756,0.946814,3.0107044,EXTRACTED
g11391,U_g11391/ZN,76.95,19.6,False,14024,0.394646,0.4680314,1.119679,1.5143250000000001,EXTRACTED
g11392,U_g11392/ZN,72.39,11.2,False,13743,0.629478,0.9018059890000001,1.119679,1.749157,EXTRACTED
g11393,U_g11393/ZN,77.14,12.6,False,14506,0.26043000000000005,0.281644345,1.119679,1.380109,EXTRACTED
g114,U_g114/Q,74.67,92.4,True,16531,0.9319930000000001,1.37701453,2.619024,3.551017,EXTRACTED
g11407,U_g11407/ZN,64.41,130.2,False,1102,0.1386552,0.11483499999999999,0.941939,1.0805942,EXTRACTED
g1141,U_g1141/Q,89.68,72.8,True,16500,3.2702264,2.1190526199999997,6.038491,9.308717399999999,EXTRACTED
g11413,U_g11413/ZN,39.9,81.2,False,15985,0.01742614,0.0,0.946814,0.96424014,EXTRACTED
g11414,U_g11414/ZN,32.87,74.2,False,31954,0.1445356,0.030747127000000006,3.263231,3.4077666000000004,EXTRACTED
g11415,U_g11415/ZN,33.82,71.4,False,31990,0.1883563,0.07870516000000001,3.198064,3.3864203,EXTRACTED
g11416,U_g11416/ZN,41.42,72.8,False,31642,0.5525420000000001,0.283941515,3.263231,3.815773,EXTRACTED
g11418,U_g11418/ZN,39.9,70.0,False,18631,0.4120105,0.19115973000000003,3.198064,3.6100745,EXTRACTED
g11425,U_g11425/ZN,143.26,40.6,False,0,0.06580760000000001,0.00447741,1.70023,1.7660376,EXTRACTED
g11430,U_g11430/ZN,85.12,113.4,False,16424,1.8418483,2.4996262520000005,6.396128,8.2379763,EXTRACTED
g11443,U_g11443/ZN,61.75,130.2,False,16135,0.11431380000000001,0.04299770000000001,1.119679,1.2339928,EXTRACTED
g11448,U_g11448/ZN,38.0,67.2,False,32912,0.55143816,0.301783556,3.263231,3.8146691600000002,EXTRACTED
g11449,U_g11449/ZN,38.95,72.8,False,32343,0.28383657,0.11061929500000002,3.198064,3.48190057,EXTRACTED
g1145,U_g1145/Q,84.36,126.0,True,16710,1.3239982500000003,1.0133513109999999,6.041415,7.36541325,EXTRACTED
g11455,U_g11455/ZN,41.42,79.8,False,6590,0.56341,0.41486277,0.941939,1.5053489999999998,EXTRACTED
g11456,U_g11456/ZN,70.87,128.8,False,8640,0.1899212,0.03319522,1.714471,1.9043922000000002,EXTRACTED
g11458,U_g11458/ZN,32.87,71.4,False,5487,1.6677279999999999,0.7687212100000002,0.941939,2.609667,EXTRACTED
g11459,U_g11459/ZN,31.54,75.6,False,7116,1.5857757000000001,0.11426201,0.941939,2.5277147,EXTRACTED
g11460,U_g11460/ZN,39.71,71.4,False,7206,1.9712989999999997,0.8885600310000001,0.941939,2.9132379999999998,EXTRACTED
g11461,U_g11461/ZN,42.75,71.4,False,6448,0.483578,0.47462655,0.941939,1.425517,EXTRACTED
g11462,U_g11462/ZN,46.93,72.8,False,6978,0.377838,0.17906217400000002,0.941939,1.319777,EXTRACTED
g11463,U_g11463/ZN,42.94,77.0,False,5144,0.945302,0.28044276,0.941939,1.887241,EXTRACTED
g11464,U_g11464/ZN,36.29,64.4,False,5250,1.1660176999999998,0.43395711,0.941939,2.1079567,EXTRACTED
g11465,U_g11465/ZN,40.66,70.0,False,5207,0.623334,0.73555365,0.941939,1.565273,EXTRACTED
g11474,U_g11474/ZN,31.54,68.6,False,32659,0.72895,0.8299907400000001,3.263231,3.9921810000000004,EXTRACTED
g11478,U_g11478/ZN,39.71,88.2,False,18811,0.5512181,0.65801952,1.119679,1.6708971000000001,EXTRACTED
g11480,U_g11480/ZN,68.97,128.8,False,2550,0.1860366,0.057022939999999994,0.918145,1.1041816,EXTRACTED
g11481,U_g11481/ZN,41.42,89.6,False,16648,0.1507022,0.17496216499999998,1.119679,1.2703812,EXTRACTED
g11482,U_g11482/ZN,53.77,75.6,False,19309,0.365606,0.12161908,1.119679,1.4852850000000002,EXTRACTED
g11483,U_g11483/ZN,52.82,88.2,False,17361,0.1124124,0.023563849999999997,1.119679,1.2320914,EXTRACTED
g11484,U_g11484/ZN,51.68,70.0,False,16972,0.1764298,0.24127942000000002,1.119679,1.2961088,EXTRACTED
g11485,U_g11485/ZN,49.59,77.0,False,19158,0.202766,0.32404314,1.119679,1.322445,EXTRACTED
g11486,U_g11486/ZN,45.41,89.6,False,16440,0.1414688,0.25702495500000005,1.119679,1.2611478,EXTRACTED
g11487,U_g11487/ZN,55.1,64.4,False,16324,0.402068,0.437675312,1.119679,1.521747,EXTRACTED
g11488,U_g11488/ZN,53.58,70.0,False,16351,0.37803000000000003,0.29312529,1.119679,1.4977090000000002,EXTRACTED
g11489,output92/Z,145.35,39.2,False,0,0.1987216,0.053804927,0,0.1987216,EXTRACTED
g1149,U_g1149/Q,91.96,67.2,True,16483,1.31569103,0.8726507199999999,5.976248,7.29193903,EXTRACTED
g11490,U_g11490/ZN,36.67,78.4,False,33670,0.419024,0.21220371999999998,1.70023,2.1192539999999997,EXTRACTED
g11491,U_g11491/ZN,88.73,127.4,False,29175,0.34760800000000003,0.6121973,0.918145,1.2657530000000001,EXTRACTED
g11492,U_g11492/ZN,69.54,126.0,False,52,3.7416608,1.5225562929999996,5.238321,8.979981800000001,EXTRACTED
g11496,U_g11496/ZN,105.64,120.4,False,28915,0.8698494,0.9463864599999999,3.198064,4.0679134,EXTRACTED
g115,U_g115/Q,79.8,72.8,True,16483,0.38458931,0.57533099,3.537169,3.92175831,EXTRACTED
g11514,U_g11514/ZN,83.6,130.2,False,26592,0.744697,0.590424412,1.119679,1.864376,EXTRACTED
g11515,U_g11515/ZN,35.53,84.0,False,33670,0.33943923,0.64659531,4.181376,4.52081523,EXTRACTED
g11519,U_g11519/ZN,73.15,79.8,False,27,11.775639609999997,6.875267113999998,12.17213,23.947769609999995,EXTRACTED
g1153,U_g1153/Q,41.99,86.8,True,16077,3.7794845,2.893539081000001,6.038491,9.8179755,EXTRACTED
g11538,U_g11538/ZN,110.58,119.0,False,30944,0.681658,0.7125264770000002,0.918145,1.599803,EXTRACTED
g11539,U_g11539/ZN,127.68,82.6,False,27,6.356289350000001,6.268755692000002,7.79704,14.15332935,EXTRACTED
g11544,U_g11544/ZN,36.1,79.8,False,16638,0.361678,0.16717877,0.941939,1.303617,EXTRACTED
g11547,U_g11547/ZN,70.3,44.8,False,27,0.0995492,0.051951300000000006,0.97463,1.0741792000000001,EXTRACTED
g11549,U_g11549/ZN,37.81,75.6,False,33063,0.454028,0.17434606,0.918145,1.372173,EXTRACTED
g11551,U_g11551/ZN,102.98,123.2,False,11213,0.6588757999999999,0.42970578800000003,0.941939,1.6008147999999998,EXTRACTED
g11552,U_g11552/ZN,105.83,44.8,False,18,0.7054199999999999,0.845509265,0.941939,1.6473589999999998,EXTRACTED
g11553,U_g11553/ZN,121.6,77.0,False,17,0.08447059999999999,0.06143718,0.941939,1.0264096,EXTRACTED
g11554,U_g11554/ZN,104.69,54.6,False,18,0.523004,0.294774796,0.941939,1.4649429999999999,EXTRACTED
g11555,U_g11555/ZN,88.73,47.6,False,15,0.406868,0.634876287,0.941939,1.3488069999999999,EXTRACTED
g11556,U_g11556/ZN,97.47,46.2,False,16,0.7310760000000001,0.7104764999999998,0.941939,1.673015,EXTRACTED
g11557,U_g11557/ZN,123.88,65.8,False,15,0.0481126,0.011199333999999998,0.941939,0.9900515999999999,EXTRACTED
g11558,U_g11558/ZN,121.6,53.2,False,14,0.781783,0.52919224,0.941939,1.723722,EXTRACTED
g11559,U_g11559/ZN,69.92,46.2,False,15,0.15366300000000002,0.047193225000000005,0.941939,1.095602,EXTRACTED
g11560,U_g11560/ZN,91.96,75.6,False,12,0.361114,0.30054310999999995,0.941939,1.303053,EXTRACTED
g11561,U_g11561/ZN,70.11,99.4,False,52,10.2694306,4.5588611409999995,6.718429,16.9878596,EXTRACTED
g1157,U_g1157/Q,46.17,75.6,True,16054,2.7249372000000003,2.944765656,2.7607049999999997,5.4856422,EXTRACTED
g11571,U_g11571/ZN,131.29,40.6,False,34,0.6575641000000001,0.389187404,0.941939,1.5995031000000002,EXTRACTED
g11575,U_g11575/ZN,137.75,51.8,False,52,0.7730986000000001,0.53815866,3.89852,4.6716186,EXTRACTED
g11579,U_g11579/ZN,109.25,117.6,False,22151,0.8633409999999999,0.9506185699999998,1.119679,1.98302,EXTRACTED
g11580,U_g11580/ZN,40.66,81.2,False,28463,0.333592,0.6477134300000001,1.70023,2.033822,EXTRACTED
g11581,U_g11581/ZN,102.79,47.6,False,16711,0.767136,0.643971214,0.946814,1.71395,EXTRACTED
g11582,U_g11582/ZN,121.98,75.6,False,16690,0.177965,0.06851542949,0.946814,1.124779,EXTRACTED
g11583,U_g11583/ZN,100.89,49.0,False,16706,0.01742614,0.0,0.946814,0.96424014,EXTRACTED
g11584,U_g11584/ZN,89.68,43.4,False,16492,0.33235600000000004,0.3598089,0.946814,1.2791700000000001,EXTRACTED
g11585,U_g11585/ZN,91.58,46.2,False,16445,0.46107,0.315432388,0.946814,1.4078840000000001,EXTRACTED
g11586,U_g11586/ZN,123.12,65.8,False,16710,0.0826456,0.041925,0.946814,1.0294596,EXTRACTED
g11587,U_g11587/ZN,121.98,57.4,False,16293,0.590334,0.325457011,0.946814,1.5371480000000002,EXTRACTED
g11588,U_g11588/ZN,68.78,44.8,False,16397,0.037731600000000004,0.013543015,0.946814,0.9845456,EXTRACTED
g11589,U_g11589/ZN,90.06,74.2,False,16595,0.387846,0.12921660000000001,0.946814,1.33466,EXTRACTED
g11590,U_g11590/ZN,139.65,49.0,False,17,0.11298699999999999,0.0702343,0.941939,1.054926,EXTRACTED
g11591,U_g11591/ZN,126.92,44.8,False,22,0.80612097,0.7320795600000001,0.941939,1.74805997,EXTRACTED
g11592,U_g11592/ZN,136.8,47.6,False,25,0.24502999999999997,0.580511,0.941939,1.186969,EXTRACTED
g11595,U_g11595/ZN,137.37,49.0,False,16276,0.251724,0.12137391,0.946814,1.198538,EXTRACTED
g11596,U_g11596/ZN,34.39,82.6,False,28463,0.403084,0.47086136,0.918145,1.321229,EXTRACTED
g11597,U_g11597/ZN,42.75,78.4,False,11854,0.33393150000000005,0.4311511,0.941939,1.2758705,EXTRACTED
g11599,U_g11599/ZN,136.04,47.6,False,16289,0.1588626,0.17492528999999998,0.946814,1.1056766,EXTRACTED
g1160,U_g1160/Q,87.78,85.4,True,16595,0.6454217499999999,1.036564886,2.751128,3.39654975,EXTRACTED
g11600,U_g11600/ZN,135.85,49.0,False,16393,0.638624,0.118431226,0.946814,1.585438,EXTRACTED
g11601,U_g11601/ZN,128.63,49.0,False,16424,0.6253679999999999,0.44541245,0.946814,1.572182,EXTRACTED
g11602,U_g11602/ZN,97.85,39.2,False,16709,0.48576400000000003,0.330329768,1.119679,1.6054430000000002,EXTRACTED
g11603,U_g11603/ZN,122.36,78.4,False,16691,2.64671883,1.07614318,1.119679,3.7663978300000003,EXTRACTED
g11604,U_g11604/ZN,101.65,49.0,False,16712,0.475538,0.36769275000000007,1.119679,1.595217,EXTRACTED
g11605,U_g11605/ZN,84.74,43.4,False,16493,2.0812815000000002,3.50414229,1.119679,3.2009605000000003,EXTRACTED
g11606,U_g11606/ZN,91.96,53.2,False,16451,0.22278599999999998,0.8424766,1.119679,1.342465,EXTRACTED
g11607,U_g11607/ZN,124.64,65.8,False,16717,0.1648954,0.38360838999999997,1.119679,1.2845744000000001,EXTRACTED
g11608,U_g11608/ZN,115.14,58.8,False,16295,0.469448,1.05638919,1.119679,1.589127,EXTRACTED
g11609,U_g11609/ZN,69.54,44.8,False,16388,0.258054,0.2592592,1.119679,1.377733,EXTRACTED
g11610,U_g11610/ZN,89.87,79.8,False,16603,0.1803976,0.104411966,1.119679,1.3000766000000001,EXTRACTED
g11612,U_g11612/ZN,138.13,49.0,False,16294,0.01742614,0.0,0.918145,0.93557114,EXTRACTED
g11613,U_g11613/ZN,142.31,44.8,False,16405,0.6744663,0.5671984199999999,0.918145,1.5926113,EXTRACTED
g11615,U_g11615/ZN,134.71,43.4,False,16425,0.30729599999999996,0.34883193999999995,0.918145,1.225441,EXTRACTED
g11624,U_g11624/ZN,138.32,44.8,False,16282,0.01710698,0.00031916400000000004,0.918145,0.93525198,EXTRACTED
g11625,U_g11625/ZN,38.76,81.2,False,23406,0.37546219999999997,1.1833072099999997,1.119679,1.4951412,EXTRACTED
g1163,U_g1163/Q,86.83,138.6,True,16672,0.6893931999999999,0.18797446,2.778184,3.4675772,EXTRACTED
g11636,U_g11636/ZN,139.08,44.8,False,13947,0.1380604,0.0403432,1.119679,1.2577394000000002,EXTRACTED
g11637,U_g11637/ZN,41.8,82.6,False,12185,0.1287408,0.05990029,0.941939,1.0706798,EXTRACTED
g11639,U_g11639/ZN,138.89,49.0,False,14199,0.16685,0.07398898000000001,1.119679,1.286529,EXTRACTED
g11640,U_g11640/ZN,136.99,51.8,False,14126,0.11769199999999999,0.05792732,1.119679,1.237371,EXTRACTED
g11641,U_g11641/ZN,136.61,49.0,False,14179,0.111607,0.09060311700000001,1.119679,1.231286,EXTRACTED
g11647,U_g11647/ZN,41.23,84.0,False,22812,0.36475599999999997,0.5922187,1.119679,1.484435,EXTRACTED
g1166,U_g1166/Q,89.68,128.8,True,16604,0.7513043,0.88231731,2.77526,3.5265643,EXTRACTED
g1169,U_g1169/Q,74.29,110.6,True,16598,0.6019544,0.85809387,1.836939,2.4388934,EXTRACTED
g1170,PORT/g1170,135.615,0.07,False,0,0.35972800000000005,0.02214375,0.974659,1.334387,EXTRACTED
g1173,PORT/g1173,135.055,0.07,False,0,0.11865519999999999,0.02905042,0.974659,1.0933142,EXTRACTED
g1176,PORT/g1176,147.46,37.59,False,0,0.874476,0.14380852,0.974659,1.849135,EXTRACTED
g1179,PORT/g1179,147.46,33.11,False,0,0.23966600000000002,0.11959614,0.974659,1.214325,EXTRACTED
g1182,PORT/g1182,128.335,0.07,False,0,0.20848,0.23820161,0.974659,1.1831390000000002,EXTRACTED
g1185,PORT/g1185,132.815,0.07,False,0,0.13363080000000002,0.0435233,0.974659,1.1082898,EXTRACTED
g1188,PORT/g1188,131.135,0.07,False,0,0.188485,0.07432877,0.974659,1.163144,EXTRACTED
g119,U_g119/Q,26.03,49.0,True,17001,5.815890809999999,2.6469997660000004,4.479108,10.29499881,EXTRACTED
g1191,PORT/g1191,147.46,38.71,False,0,0.969129,0.52971186,0.974659,1.943788,EXTRACTED
g1194,PORT/g1194,147.46,30.87,False,0,0.21601800000000002,0.061003812000000004,0.974659,1.190677,EXTRACTED
g1197,PORT/g1197,134.495,0.07,False,0,0.45131,0.16836980000000001,0.974659,1.425969,EXTRACTED
g12,U_g12/Q,80.75,36.4,True,16847,1.9646885,1.3963016754900002,4.479108,6.4437965,EXTRACTED
g1200,PORT/g1200,147.46,36.47,False,0,0.23172399999999999,0.09207671,0.974659,1.206383,EXTRACTED
g1203,PORT/g1203,147.46,33.67,False,0,0.193994,0.19661727000000004,0.974659,1.168653,EXTRACTED
g1206,U_g1206/Q,95.38,49.0,True,16644,6.3561131699999995,3.8179017869999994,5.402902,11.75901517,EXTRACTED
g1209,U_g1209/Q,112.29,74.2,True,16732,1.695965,1.0018988759999998,2.755084,4.451049,EXTRACTED
g1212,U_g1212/Q,62.89,110.6,True,16709,8.635563990000001,7.050885016999999,5.421047,14.056610990000001,EXTRACTED
g1215,U_g1215/Q,89.87,50.4,True,16697,0.5441480000000001,0.328407375,1.836939,2.381087,EXTRACTED
g1216,U_g1216/Q,80.56,70.0,True,16456,1.2614828,0.561870131,1.860733,3.1222158,EXTRACTED
g1217,U_g1217/Q,70.87,107.8,True,16036,0.3725446,0.38953989999999994,2.038473,2.4110176,EXTRACTED
g1218,U_g1218/Q,47.5,120.4,True,16772,1.9974032,1.1750951879999998,7.709863,9.7072662,EXTRACTED
g1223,U_g1223/Q,48.45,117.6,True,16758,1.5146008999999998,1.21514611,6.018315,7.5329159,EXTRACTED
g1227,U_g1227/Q,51.3,128.8,True,16821,0.7720473,0.8965608439999997,6.018315,6.7903623,EXTRACTED
g123,U_g123/Q,56.05,46.2,True,16438,3.6034913,1.328861525,2.7788779999999997,6.3823693,EXTRACTED
g1231,U_g1231/Q,50.35,133.0,True,16802,1.7677802,0.951679088,6.018315,7.7860952,EXTRACTED
g1235,U_g1235/Q,67.07,120.4,True,16733,1.1895583,1.50703488649,6.876914,8.066472300000001,EXTRACTED
g1240,U_g1240/Q,74.86,124.6,True,16609,2.7544943100000006,3.8305737310000003,6.891469,9.64596331,EXTRACTED
g1245,U_g1245/Q,53.77,124.6,True,16797,2.02414444,2.736287909,6.894393,8.91853744,EXTRACTED
g1250,U_g1250/Q,49.97,116.2,True,16718,2.31974928,1.8134345389999997,6.867337,9.187086279999999,EXTRACTED
g1255,U_g1255/Q,46.93,107.8,True,16584,1.6884863,2.1510514179700007,6.876914,8.5654003,EXTRACTED
g126,U_g126/Q,78.85,42.0,True,16855,0.9257972,1.6099014740000002,1.840355,2.7661522,EXTRACTED
g1260,U_g1260/Q,44.27,106.4,True,16575,2.5077484700000006,3.3801764314899994,6.891469,9.39921747,EXTRACTED
g1265,U_g1265/Q,46.55,103.6,True,16586,2.6669308,2.846679336999999,6.894393,9.5613238,EXTRACTED
g127,U_g127/Q,83.79,67.2,True,16449,6.425118229999999,5.017306970000001,6.8004,13.225518229999999,EXTRACTED
g1270,U_g1270/Q,107.16,121.8,True,16688,3.27688241,3.4368136220000016,6.876914,10.15379641,EXTRACTED
g1275,U_g1275/Q,57.76,131.6,True,16788,1.87097617,1.5231664699999992,6.932504,8.80348017,EXTRACTED
g1280,U_g1280/Q,46.55,130.2,True,16825,1.3316692,1.0215310329999998,5.976248,7.3079172,EXTRACTED
g1284,U_g1284/Q,60.99,114.8,True,16040,7.79166985,3.3936824239999996,6.956636,14.74830585,EXTRACTED
g1289,U_g1289/Q,17.67,43.4,True,16033,10.11708389,6.887653303999999,5.193505,15.31058889,EXTRACTED
g1292,U_g1292/Q,56.43,116.2,True,16738,1.08874139,1.2362484719999998,3.6788499999999997,4.76759139,EXTRACTED
g1296,U_g1296/Q,41.04,121.8,True,16573,2.76867635,2.3288120700000006,3.669273,6.43794935,EXTRACTED
g1300,U_g1300/Q,59.66,126.0,True,16794,0.86491962,1.04183914,3.696329,4.56124862,EXTRACTED
g1304,U_g1304/Q,63.46,119.0,True,16741,0.8164723199999999,1.166367778,3.693405,4.509877319999999,EXTRACTED
g1308,U_g1308/Q,91.96,44.8,True,16706,3.22076509,1.9482096440000005,2.755084,5.9758490900000005,EXTRACTED
g131,U_g131/Q,62.51,72.8,True,16508,3.44466903,3.4986276766000013,6.8004,10.24506903,EXTRACTED
g1311,U_g1311/Q,116.66,113.4,True,16692,6.0216102,3.6298477019999997,2.755084,8.7766942,EXTRACTED
g1314,U_g1314/Q,92.34,46.2,True,16706,3.1521462600000003,2.963957201999999,2.755084,5.90723026,EXTRACTED
g1317,U_g1317/Q,68.59,75.6,True,16586,0.8276552,0.8983040280000001,4.003918,4.831573199999999,EXTRACTED
g1318,U_g1318/Q,36.86,46.2,True,16491,5.787715599999999,7.114987122000001,2.755084,8.542799599999999,EXTRACTED
g1321,U_g1321/Q,94.24,51.8,True,16444,3.7033250000000004,2.7233953389999996,2.755084,6.4584090000000005,EXTRACTED
g1324,U_g1324/Q,124.26,64.4,True,16710,3.0635155,1.6606086649999998,2.755084,5.8185994999999995,EXTRACTED
g1327,U_g1327/Q,119.89,56.0,True,16292,2.7008990900000005,3.3541929080000004,2.755084,5.45598309,EXTRACTED
g1330,U_g1330/Q,65.55,49.0,True,16391,6.382275600000001,3.0140015910000004,2.755084,9.1373596,EXTRACTED
g1333,U_g1333/Q,87.59,81.2,True,16598,5.6021678,6.045019019999999,2.755084,8.3572518,EXTRACTED
g1336,U_g1336/Q,137.18,46.2,True,16276,1.7735445,1.4389973620000005,7.709863,9.4834075,EXTRACTED
g1341,U_g1341/Q,137.56,47.6,True,16284,2.84760358,1.797729541,6.93646,9.78406358,EXTRACTED
g1346,U_g1346/Q,131.67,51.8,True,16403,1.8551381399999998,1.209323804,6.93646,8.79159814,EXTRACTED
g135,U_g135/Q,72.58,71.4,True,16573,3.7741003999999996,1.7294633254900003,6.8004,10.5745004,EXTRACTED
g1351,U_g1351/Q,132.43,50.4,True,16427,1.95969687,1.9553273620000002,6.93646,8.89615687,EXTRACTED
g1356,U_g1356/Q,73.34,68.6,True,16575,0.9354880000000001,0.569018607,2.038473,2.973961,EXTRACTED
g1357,U_g1357/Q,90.82,77.0,True,16236,1.0287688,1.2395169220000002,3.537169,4.5659378,EXTRACTED
g1360,U_g1360/Q,86.45,78.4,True,16598,0.6666139,0.36595796,2.038473,2.7050869000000004,EXTRACTED
g1361,U_g1361/Q,91.96,54.6,True,16448,0.799666,0.699972916,2.619024,3.41869,EXTRACTED
g1362,U_g1362/Q,58.14,103.6,True,16711,1.80372448,1.2995491499999998,3.537169,5.34089348,EXTRACTED
g1365,U_g1365/Q,67.26,84.0,True,16638,3.18505825,1.8430018578,3.537169,6.7222272499999995,EXTRACTED
g1368,U_g1368/Q,104.12,103.6,True,16236,1.5277340000000001,1.0734535159999998,3.537169,5.064903,EXTRACTED
g1371,U_g1371/Q,62.89,98.0,True,16049,2.2761934,1.57332505,3.537169,5.8133624,EXTRACTED
g1374,U_g1374/Q,69.73,92.4,True,16066,0.7256141,1.40429053,3.537169,4.2627831,EXTRACTED
g1377,U_g1377/Q,104.5,70.0,True,16710,3.079295,3.732025514,3.537169,6.616464000000001,EXTRACTED
g1380,U_g1380/Q,52.06,103.6,True,16056,2.02329305,2.3478014500000004,3.537169,5.56046205,EXTRACTED
g1383,U_g1383/Q,63.27,89.6,True,16051,1.313192,0.8399983835999998,3.537169,4.8503609999999995,EXTRACTED
g1386,U_g1386/Q,58.9,84.0,True,16628,1.2321959,0.9383125660000003,5.817088,7.0492839,EXTRACTED
g1389,U_g1389/Q,54.34,95.2,True,16675,0.78348004,0.8652454210000001,6.8004,7.5838800399999995,EXTRACTED
g139,U_g139/Q,50.35,72.8,True,16687,3.71514467,2.8694584270000005,6.8004,10.51554467,EXTRACTED
g1393,U_g1393/Q,67.64,81.2,True,16612,1.0572235,0.936288671,1.865608,2.9228315,EXTRACTED
g1394,U_g1394/Q,72.58,85.4,True,16519,1.1666400000000001,0.7909801800000001,2.7788779999999997,3.945518,EXTRACTED
g1397,U_g1397/Q,44.08,85.4,True,16662,4.351129920000001,4.520357339,3.537169,7.88829892,EXTRACTED
g1400,U_g1400/Q,60.99,68.6,True,16560,2.00649392,2.732498733000001,3.537169,5.54366292,EXTRACTED
g1403,U_g1403/Q,113.43,123.2,True,16662,3.07658668,4.129879028000001,6.041415,9.118001679999999,EXTRACTED
g1407,U_g1407/Q,83.22,116.2,True,16646,3.5950777300000003,3.5536595270000007,3.693405,7.28848273,EXTRACTED
g1411,U_g1411/Q,88.92,88.2,True,16611,4.74905114,5.39530453,3.6788499999999997,8.42790114,EXTRACTED
g1415,U_g1415/Q,56.62,114.8,True,16746,4.746959110000001,5.058426576000001,5.949192,10.69615111,EXTRACTED
g1419,U_g1419/Q,54.34,89.6,True,16101,6.981218000000001,8.240303493,6.874843,13.856061,EXTRACTED
g1424,U_g1424/Q,121.22,93.8,True,16690,5.57321088,3.8587592099999997,3.657356,9.230566880000001,EXTRACTED
g1428,U_g1428/Q,99.75,113.4,True,16654,1.9646689999999998,1.650576199,6.024285,7.988954,EXTRACTED
g143,U_g143/Q,61.18,54.6,True,16038,2.34656687,1.345915963,7.718545,10.065111869999999,EXTRACTED
g1432,U_g1432/Q,95.57,128.8,True,16618,3.52826276,5.818767611000002,6.044678,9.57294076,EXTRACTED
g1436,U_g1436/Q,89.87,92.4,True,16635,2.1709914,1.3693072810000002,5.956698,8.127689400000001,EXTRACTED
g1440,U_g1440/Q,134.14,95.2,True,16797,4.19704,3.9201242440000006,6.002442,10.199482,EXTRACTED
g1444,U_g1444/Q,111.53,124.6,True,16686,6.4903944,6.940013704999998,6.024285,12.514679399999999,EXTRACTED
g1448,U_g1448/Q,85.5,123.2,True,16700,4.524807610000001,3.46403573,9.307909,13.832716610000002,EXTRACTED
g1453,U_g1453/Q,100.32,130.2,True,16628,5.053087639999999,2.4536513340000004,7.718545,12.77163264,EXTRACTED
g1458,U_g1458/Q,102.03,92.4,True,16216,2.54139013,4.450575791,6.040262,8.58165213,EXTRACTED
g1462,U_g1462/Q,70.3,96.6,True,16066,4.90415475,6.453837759000001,5.956698,10.86085275,EXTRACTED
g1466,U_g1466/Q,95.76,92.4,True,16621,1.6590241000000001,1.6921823134900003,6.059222,7.7182461,EXTRACTED
g1470,U_g1470/Q,109.44,92.4,True,16239,3.2044465499999997,1.9699346799999995,6.002442,9.20688855,EXTRACTED
g1474,U_g1474/Q,101.84,84.0,True,16228,2.15318553,2.933086416,6.024285,8.17747053,EXTRACTED
g1478,U_g1478/Q,125.78,88.2,True,16637,3.19848388,2.4381324550000008,6.044678,9.24316188,EXTRACTED
g148,U_g148/Q,60.61,81.2,True,16627,2.6790868999999997,1.8337613979999994,7.718545,10.3976319,EXTRACTED
g1482,U_g1482/Q,110.77,99.4,True,16241,1.4365735000000002,2.671571877,6.021731,7.458304500000001,EXTRACTED
g1486,U_g1486/Q,103.17,93.8,True,16249,2.4796706000000004,1.6419247800000003,6.040262,8.5199326,EXTRACTED
g1490,U_g1490/Q,99.94,85.4,True,16222,3.97671567,2.950243272899999,5.956698,9.93341367,EXTRACTED
g1494,U_g1494/Q,109.06,123.2,True,16688,4.073408150000001,2.1061149970000006,9.265673,13.33908115,EXTRACTED
g1499,U_g1499/Q,108.68,116.2,True,16679,3.11309207,3.4924464879999997,6.977367,10.09045907,EXTRACTED
g1504,U_g1504/Q,116.28,93.8,True,16694,0.8722453000000001,1.31094861,3.679199,4.5514443,EXTRACTED
g1508,U_g1508/Q,112.86,91.0,True,16696,4.96082037,3.18951640446,5.9795110000000005,10.94033137,EXTRACTED
g1512,U_g1512/Q,77.33,100.8,True,16551,1.4906431,1.509233739,2.755084,4.2457271,EXTRACTED
g1515,U_g1515/Q,54.72,96.6,True,16670,5.47261078,4.373695203999999,7.617347,13.089957779999999,EXTRACTED
g1520,U_g1520/Q,71.44,95.2,True,16067,3.23799309,2.960506550000001,4.419283,7.65727609,EXTRACTED
g1524,U_g1524/Q,98.61,67.2,True,16464,2.670043,3.077860743,2.755084,5.425127,EXTRACTED
g1527,U_g1527/Q,98.23,53.2,True,16619,0.48627224999999996,0.547740375,2.591767,3.07803925,EXTRACTED
g1528,U_g1528/Q,118.56,95.2,True,16683,5.29528964,2.7004522900000003,2.755084,8.05037364,EXTRACTED
g153,U_g153/Q,72.96,75.6,True,16559,3.6549163700000005,3.1533411964900004,10.063630999999999,13.71854737,EXTRACTED
g1531,U_g1531/Q,113.43,98.0,True,16237,4.14880416,1.09970396,2.755084,6.90388816,EXTRACTED
g1534,U_g1534/Q,94.81,84.0,True,16273,3.6569959999999995,2.8015247899999993,2.755084,6.41208,EXTRACTED
g1537,U_g1537/Q,100.7,72.8,True,16292,2.6260851,2.228226082,2.755084,5.3811691,EXTRACTED
g1540,U_g1540/Q,112.29,63.0,True,16285,2.3642663,3.2617708580000007,2.755084,5.119350300000001,EXTRACTED
g1543,U_g1543/Q,105.64,74.2,True,16715,5.0830377,1.278372232,2.755084,7.8381217,EXTRACTED
g1546,U_g1546/Q,102.6,53.2,True,16621,2.51187029,4.045444,2.755084,5.26695429,EXTRACTED
g1549,U_g1549/Q,96.71,79.8,True,16293,2.8830789999999995,4.355608280999999,2.755084,5.638163,EXTRACTED
g1552,U_g1552/Q,110.58,65.8,True,16308,2.6277891,2.804371840000001,2.755084,5.3828731,EXTRACTED
g1555,U_g1555/Q,103.55,126.0,True,16656,5.3603226699999995,6.140040471000001,2.755084,8.115406669999999,EXTRACTED
g1558,U_g1558/Q,105.83,67.2,True,16694,2.0824082,1.4938749620000005,2.755084,4.8374922,EXTRACTED
g1561,U_g1561/Q,97.47,71.4,True,16273,2.7812896,3.2228576999999996,2.755084,5.5363736,EXTRACTED
g1564,U_g1564/Q,125.02,103.6,True,16240,5.15303776,5.848865805999998,2.755084,7.90812176,EXTRACTED
g1567,U_g1567/Q,98.99,99.4,True,16250,5.189352840000001,6.27949804,2.755084,7.944436840000001,EXTRACTED
g1570,U_g1570/Q,95.76,47.6,True,16709,0.521814,0.49633348,1.840355,2.3621689999999997,EXTRACTED
g1571,U_g1571/Q,92.34,91.0,True,16642,4.6109194,0.5922462,2.755084,7.3660034,EXTRACTED
g1574,U_g1574/Q,79.23,91.0,True,16551,3.30217337,7.559771521999999,2.755084,6.05725737,EXTRACTED
g1577,U_g1577/Q,98.04,61.6,True,16438,2.15498842,1.0963766320000001,2.755084,4.9100724200000005,EXTRACTED
g158,U_g158/Q,65.74,77.0,True,16602,2.8576717,3.084509896,6.8004,9.6580717,EXTRACTED
g1580,U_g1580/Q,85.5,51.8,True,16717,2.1124173,2.0946358800000002,2.755084,4.867501300000001,EXTRACTED
g1583,U_g1583/Q,64.41,29.4,True,16496,2.77949,2.65744731,2.755084,5.534574,EXTRACTED
g1586,U_g1586/Q,103.93,106.4,True,16228,4.416996320000001,5.3970546420000005,2.755084,7.172080320000001,EXTRACTED
g1589,U_g1589/Q,95.76,105.0,True,16668,6.0940215,5.558387795999999,2.755084,8.8491055,EXTRACTED
g1592,U_g1592/Q,106.02,56.0,True,16642,2.9194472,2.0559376950000003,2.755084,5.6745312000000006,EXTRACTED
g1595,U_g1595/Q,98.99,106.4,True,16661,3.2931103,5.381996259999999,2.755084,6.0481943000000005,EXTRACTED
g1598,U_g1598/Q,90.44,43.4,True,16706,0.9476163099999999,0.8083088060000001,2.755084,3.70270031,EXTRACTED
g16,U_g16/Q,83.41,37.8,True,16858,1.2887309999999998,1.2225395300000004,1.836939,3.12567,EXTRACTED
g1601,U_g1601/Q,99.56,75.6,True,16269,3.20999278,1.9640802110000002,2.755084,5.96507678,EXTRACTED
g1604,U_g1604/Q,82.08,78.4,True,16605,3.337473,4.30863452,2.755084,6.092557,EXTRACTED
g1607,U_g1607/Q,48.83,79.8,True,16654,5.56928437,4.873253825,2.755084,8.32436837,EXTRACTED
g1610,U_g1610/Q,128.82,119.0,True,16255,6.2328334199999995,4.607116728999999,8.541118,14.77395142,EXTRACTED
g1615,U_g1615/Q,114.57,112.0,True,16700,2.5741801599999996,1.5841859800000002,2.755084,5.329264159999999,EXTRACTED
g1618,U_g1618/Q,94.43,112.0,True,16671,1.0311846,1.128100356,2.755084,3.7862686,EXTRACTED
g162,U_g162/Q,65.55,47.6,True,16392,2.78978623,3.0928956969999994,6.8004,9.59018623,EXTRACTED
g1621,U_g1621/Q,91.39,131.6,True,16639,1.607942,1.8290310250000004,2.755084,4.363026,EXTRACTED
g1624,U_g1624/Q,119.32,103.6,True,16243,0.7577642099999999,0.9467338599999997,2.755084,3.51284821,EXTRACTED
g1627,U_g1627/Q,83.98,106.4,True,16621,0.7239197,0.6645707359999999,2.755084,3.4790037000000003,EXTRACTED
g1630,U_g1630/Q,86.83,103.6,True,16554,1.5267105,1.184139714,2.755084,4.2817945,EXTRACTED
g1633,U_g1633/Q,130.34,100.8,True,16797,1.90701815,2.0329168300000005,2.755084,4.66210215,EXTRACTED
g1636,U_g1636/Q,88.73,130.2,True,16593,4.0945744,1.8570500579,2.755084,6.8496584,EXTRACTED
g1639,U_g1639/Q,113.24,114.8,True,16707,0.5020679,0.425044001,2.755084,3.2571519,EXTRACTED
g1642,U_g1642/Q,124.07,71.4,True,16712,1.1721961,0.589842876,3.511069,4.6832651,EXTRACTED
g1645,U_g1645/Q,132.81,67.2,True,16258,0.7092,0.8934665399999999,3.573743,4.2829429999999995,EXTRACTED
g1648,U_g1648/Q,133.57,65.8,True,16277,1.19054454,0.657114064,3.442889,4.63343354,EXTRACTED
g1651,U_g1651/Q,131.67,56.0,True,16391,1.4585982000000002,1.4925262779999995,3.472913,4.9315112,EXTRACTED
g1654,U_g1654/Q,115.9,107.8,True,16703,1.4972937000000002,0.604895772,2.811569,4.308862700000001,EXTRACTED
g1657,U_g1657/Q,74.86,91.0,True,16507,1.4078186,1.2781386469999998,2.811569,4.2193876,EXTRACTED
g166,U_g166/Q,65.93,63.0,True,16561,1.17895088,1.293043993,6.024285,7.203235879999999,EXTRACTED
g1660,U_g1660/Q,75.43,64.4,True,16564,3.6124075999999996,1.874859254,2.811569,6.4239766,EXTRACTED
g1663,U_g1663/Q,99.75,95.2,True,16256,0.727965,0.93382362,2.811569,3.5395339999999997,EXTRACTED
g1666,U_g1666/Q,128.25,96.6,True,16810,0.948602,1.927579088,2.811569,3.7601709999999997,EXTRACTED
g1669,U_g1669/Q,114.57,106.4,True,16703,0.7761586,0.610271562,2.811569,3.5877276,EXTRACTED
g1672,U_g1672/Q,117.61,75.6,True,16715,2.8261244299999997,4.01589751446,2.811569,5.63769343,EXTRACTED
g1675,U_g1675/Q,56.43,85.4,True,16645,1.530143,1.061573998,2.811569,4.341712,EXTRACTED
g1678,U_g1678/Q,119.7,67.2,True,16731,0.8776010699999999,0.65821259,2.811569,3.68917007,EXTRACTED
g1681,U_g1681/Q,91.96,81.2,True,16256,2.7293602,3.1204043299999995,2.811569,5.5409292,EXTRACTED
g1684,U_g1684/Q,112.48,110.6,True,16708,2.7085325000000005,1.4930990400000002,2.811569,5.520101500000001,EXTRACTED
g1687,U_g1687/Q,114.57,109.2,True,16696,1.10536437,1.9708157060000002,2.811569,3.9169333699999997,EXTRACTED
g1690,U_g1690/Q,127.87,79.8,True,16727,7.260452900000001,7.230898521000001,15.417434,22.6778869,EXTRACTED
g1696,PORT/g1696,147.46,61.11,False,0,0.36045,0.1468852,0.77983,1.14028,EXTRACTED
g17,U_g17/Q,37.81,113.4,True,16582,10.4950016,2.77523901,1.836939,12.3319406,EXTRACTED
g170,U_g170/Q,65.93,32.2,True,16467,3.715243,3.542805434999999,6.002442,9.717685,EXTRACTED
g1700,PORT/g1700,147.46,66.71,False,0,0.434112,0.071581794,0.77983,1.213942,EXTRACTED
g1703,U_g1703/Q,134.9,58.8,True,16355,1.49177122,0.883921573,9.995754,11.48752522,EXTRACTED
g1707,U_g1707/Q,125.02,81.2,True,16624,0.44558339999999996,0.5802678410000001,4.333495,4.7790784,EXTRACTED
g1710,U_g1710/Q,134.33,68.6,True,16268,1.531571,1.1403411499999998,1.836939,3.36851,EXTRACTED
g1711,U_g1711/Q,91.96,135.8,True,16676,0.7138803,0.424052616,1.836939,2.5508193,EXTRACTED
g1712,PORT/g1712,98.095,147.46,False,0,0.288262,0.0031028799999999997,0.77983,1.068092,EXTRACTED
g1713,U_g1713/Q,123.69,85.4,True,16605,8.070564200000002,5.943621796000001,5.574993,13.645557200000002,EXTRACTED
g1718,U_g1718/Q,54.91,61.6,True,16559,2.9327756000000003,3.811329735999999,8.095364,11.0281396,EXTRACTED
g1721,U_g1721/Q,106.4,51.8,True,16630,2.46067849,1.1952443499999994,2.755084,5.2157624899999995,EXTRACTED
g1724,U_g1724/Q,106.4,57.4,True,16642,1.7792963999999998,0.9490619029999999,2.755084,4.5343804,EXTRACTED
g1727,U_g1727/Q,113.24,56.0,True,16299,1.8006379300000002,1.3434144000000001,2.755084,4.555721930000001,EXTRACTED
g1730,U_g1730/Q,115.9,68.6,True,16303,2.829449,3.629582235999999,2.755084,5.584533,EXTRACTED
g1733,U_g1733/Q,116.66,63.0,True,16318,2.4458475999999996,2.2150053539999996,2.755084,5.2009316,EXTRACTED
g1736,U_g1736/Q,125.02,53.2,True,16271,0.197461,0.058080112,2.038473,2.2359340000000003,EXTRACTED
g1737,U_g1737/Q,122.93,54.6,True,16251,0.5664937999999999,0.473004392,2.570139,3.1366328,EXTRACTED
g1738,U_g1738/Q,129.39,39.2,True,16413,2.1104886,1.3183156160000002,2.755084,4.8655726,EXTRACTED
g174,U_g174/Q,119.51,72.8,True,16722,4.881464,3.751728107,5.956698,10.838162,EXTRACTED
g1741,U_g1741/Q,118.18,84.0,True,16719,4.470489960000001,2.596950323,2.755084,7.225573960000001,EXTRACTED
g1744,U_g1744/Q,113.43,64.4,True,16282,2.33757387,3.9537760979999987,2.755084,5.09265787,EXTRACTED
g1747,U_g1747/Q,103.36,60.2,True,16676,2.8863316100000005,2.3279240199999998,2.755084,5.641415610000001,EXTRACTED
g1750,U_g1750/Q,115.33,92.4,True,16688,3.3837574,1.8937364269999999,2.755084,6.1388414000000004,EXTRACTED
g1753,U_g1753/Q,133.38,86.8,True,16789,5.3167857000000005,4.011891479000002,2.755084,8.0718697,EXTRACTED
g1756,U_g1756/Q,129.77,53.2,True,16391,2.02091591,3.445370895,2.755084,4.7759999099999995,EXTRACTED
g1759,U_g1759/Q,123.31,82.6,True,16639,4.2734525,2.073366653,2.755084,7.0285365,EXTRACTED
g1762,U_g1762/Q,51.87,82.6,True,16652,7.343100899999999,1.6355627599999998,2.755084,10.0981849,EXTRACTED
g1765,U_g1765/Q,119.89,64.4,True,16739,0.48071379999999997,0.7179229389999999,2.575309,3.0560228,EXTRACTED
g1766,U_g1766/Q,133.0,79.8,True,16761,0.974212,0.7077035210000001,7.709863,8.684075,EXTRACTED
g1771,U_g1771/Q,141.36,77.0,True,16251,2.3471417,1.2652136649999999,2.811598,5.1587397,EXTRACTED
g1776,U_g1776/Q,136.04,56.0,True,16373,6.797309089999999,6.132044497999999,12.960096,19.75740509,EXTRACTED
g178,U_g178/Q,60.61,71.4,True,16543,1.5400050200000002,1.8816753299000002,4.354116,5.89412102,EXTRACTED
g1781,U_g1781/Q,118.94,70.0,True,16744,5.297186630000001,4.773485343000001,13.710111,19.00729763,EXTRACTED
g1786,U_g1786/Q,94.62,93.8,True,16639,4.58765194,8.194690492,3.729743,8.31739494,EXTRACTED
g1791,U_g1791/Q,127.49,92.4,True,16808,5.66233597,3.2461555299999993,12.892509,18.55484497,EXTRACTED
g1796,U_g1796/Q,123.88,86.8,True,16624,4.12103386,4.939125855999999,12.938253,17.05928686,EXTRACTED
g18,PORT/g18,92.495,147.46,False,0,0.57717,0.002890875,0.974659,1.5518290000000001,EXTRACTED
g1801,U_g1801/Q,132.62,81.2,True,16789,7.95659765,7.499760676000004,12.960096,20.91669365,EXTRACTED
g1806,U_g1806/Q,136.8,50.4,True,16287,9.14259798,5.2100576739,12.062344,21.20494198,EXTRACTED
g1810,U_g1810/Q,100.51,131.6,True,16649,1.5139649000000004,0.725440805,4.319254,5.8332189,EXTRACTED
g1811,U_g1811/Q,126.92,56.0,True,16262,12.98169347,1.0281426909999998,2.618375,15.60006847,EXTRACTED
g1814,U_g1814/Q,63.84,33.6,True,16447,3.1551861,2.7736067739999997,13.304458,16.4596441,EXTRACTED
g182,U_g182/Q,56.62,60.2,True,16538,2.01973551,1.3698918720000002,6.699202,8.71893751,EXTRACTED
g1822,U_g1822/Q,51.87,11.2,True,16103,1.9763122199999998,2.2412557509999993,10.809685,12.78599722,EXTRACTED
g1828,U_g1828/Q,51.87,36.4,True,16477,2.60734267,2.817162433000001,10.73195,13.339292669999999,EXTRACTED
g1834,U_g1834/Q,55.48,15.4,True,16066,2.4194337299999997,2.6172311270000006,10.730696,13.15012973,EXTRACTED
g1840,U_g1840/Q,48.83,42.0,True,16401,2.36736001,2.4106404178000003,9.145486,11.51284601,EXTRACTED
g1845,U_g1845/Q,68.59,19.6,True,16326,2.1856303,1.3367716429999996,7.379204,9.5648343,EXTRACTED
g1848,U_g1848/Q,59.28,32.2,True,16476,0.810298,0.7335191040000001,1.836939,2.647237,EXTRACTED
g1849,U_g1849/Q,63.08,36.4,True,16402,0.613846,0.10582203599999998,1.836939,2.450785,EXTRACTED
g1850,U_g1850/Q,62.7,35.0,True,16421,1.1605917,0.8774886230000002,2.7644640000000003,3.9250557,EXTRACTED
g1853,U_g1853/Q,50.92,43.4,True,16410,1.5149567,1.111259612,1.836939,3.3518957,EXTRACTED
g1854,U_g1854/Q,56.81,33.6,True,16462,1.06882458,2.077583454,3.738703,4.80752758,EXTRACTED
g1857,U_g1857/Q,56.81,30.8,True,16457,1.7665435999999999,2.035632036,4.568284,6.334827600000001,EXTRACTED
g186,U_g186/Q,64.6,82.6,True,16629,1.19815604,1.599375171,4.4553139999999996,5.653470039999999,EXTRACTED
g1861,U_g1861/Q,69.92,28.0,True,16375,0.5421893,0.42041978999999996,3.537169,4.0793583,EXTRACTED
g1864,U_g1864/Q,79.42,26.6,True,16795,0.78361299,1.0467270819999999,6.8004,7.58401299,EXTRACTED
g1868,U_g1868/Q,71.63,22.4,True,16788,2.29051279,1.5584270750000002,6.8004,9.09091279,EXTRACTED
g1872,U_g1872/Q,30.59,40.6,True,16491,2.4007952,1.8810649519999998,8.571523,10.9723182,EXTRACTED
g1878,U_g1878/Q,48.83,30.8,True,16451,1.8416498299999997,1.5839949290000002,3.673229,5.51487883,EXTRACTED
g1882,U_g1882/Q,21.47,42.0,True,17036,1.5478059,1.005151214,7.709863,9.2576689,EXTRACTED
g1887,U_g1887/Q,50.35,35.0,True,16462,1.00355931,1.639818557,3.673229,4.67678831,EXTRACTED
g1891,U_g1891/Q,25.65,43.4,True,17007,3.506553,1.714082623,7.709863,11.216416,EXTRACTED
g1896,U_g1896/Q,41.42,39.2,True,16469,1.0863418,1.2126821700000001,3.673229,4.7595708000000005,EXTRACTED
g1900,U_g1900/Q,25.65,44.8,True,16994,2.120612,1.5818188230000003,7.709863,9.830475,EXTRACTED
g1905,U_g1905/Q,39.33,43.4,True,16525,3.0620826,3.39969245,3.673229,6.7353116,EXTRACTED
g1909,U_g1909/Q,20.33,37.8,True,17049,2.07256937,0.9599083899999998,7.709863,9.78243237,EXTRACTED
g1914,U_g1914/Q,44.08,43.4,True,16540,2.2690680999999993,2.17247777,3.673229,5.942297099999999,EXTRACTED
g1918,U_g1918/Q,31.92,47.6,True,16509,2.043654,1.4194759574900004,7.709863,9.753517,EXTRACTED
g192,U_g192/Q,48.83,95.2,True,16628,2.1356645999999997,2.9009848700000007,4.4553139999999996,6.5909786,EXTRACTED
g1923,U_g1923/Q,58.33,28.0,True,16514,2.83629907,2.626738589000001,3.673229,6.50952807,EXTRACTED
g1927,U_g1927/Q,25.84,42.0,True,17014,1.90016257,1.4034848590000002,7.709863,9.610025570000001,EXTRACTED
g1932,U_g1932/Q,125.97,50.4,True,16279,5.92913045,5.271680620000001,3.673229,9.60235945,EXTRACTED
g1936,U_g1936/Q,37.05,42.0,True,16504,1.753318,0.9832528559999997,7.709863,9.463181,EXTRACTED
g1941,U_g1941/Q,66.88,30.8,True,16490,1.8899931000000003,1.7664730629999998,3.673229,5.563222100000001,EXTRACTED
g1945,U_g1945/Q,38.76,37.8,True,16455,1.3212829000000001,0.8549471869699999,7.709863,9.0311459,EXTRACTED
g1950,U_g1950/Q,39.71,32.2,True,16441,1.63329225,2.762000965999999,5.337428,6.97072025,EXTRACTED
g1955,U_g1955/Q,64.22,15.4,True,16313,4.7892621,2.14343836,2.038473,6.8277351,EXTRACTED
g1956,U_g1956/Q,58.33,78.4,True,16638,0.6104871000000001,0.43650469,2.038473,2.6489601,EXTRACTED
g1957,output93/Z,3.42,79.8,True,16629,0.350986,0.06791053999999999,0,0.350986,EXTRACTED
g1958,U_g1958/Q,125.02,72.8,True,16664,4.8112784600000005,3.2048919200000006,2.038473,6.84975146,EXTRACTED
g1959,U_g1959/Q,122.55,84.0,True,16609,0.8212977,0.7123783499999998,1.865608,2.6869057,EXTRACTED
g1960,PORT/g1960,144.015,0.07,False,0,0.308778,0.02599576,0.974659,1.2834370000000002,EXTRACTED
g1961,PORT/g1961,0.07,30.87,False,0,0.19313840000000002,0.06749472000000001,0.974659,1.1677974,EXTRACTED
g1962,U_g1962/ZN,3.23,137.2,False,0,0.36853400000000003,0.0,1.70023,2.068764,EXTRACTED
g1964,U_g1964/ZN,86.83,84.0,True,16531,2.0529625,3.019062253,0.918145,2.9711075,EXTRACTED
g1965,U_g1965/ZN,65.55,51.8,True,17001,0.974959,0.50699786,1.8927749999999999,2.867734,EXTRACTED
g1968,U_g1968/ZN,71.25,51.8,True,16372,0.01742614,0.0,0.918145,0.93557114,EXTRACTED
g1969,U_g1969/ZN,19.57,71.4,True,16900,0.434944,0.17382619,2.618375,3.053319,EXTRACTED
g197,U_g197/Q,92.91,98.0,True,16636,2.695818,4.997248092000001,6.8004,9.496217999999999,EXTRACTED
g1975,U_g1975/ZN,30.21,98.0,True,16800,2.2573038,1.011601775,3.539546,5.7968498,EXTRACTED
g1976,U_g1976/ZN,76.76,135.8,True,16622,0.9930583399999999,1.6580227850000002,5.090839,6.08389734,EXTRACTED
g1980,U_g1980/ZN,69.54,135.8,True,16794,0.462548,1.0527115040000001,0.918145,1.380693,EXTRACTED
g1981,U_g1981/ZN,66.31,131.6,True,16791,0.5532680000000001,0.4659793099999999,0.918145,1.471413,EXTRACTED
g1984,U_g1984/ZN,61.56,14.0,True,16215,0.7128536999999999,0.6850105930000001,2.618375,3.3312286999999996,EXTRACTED
g1987,U_g1987/ZN,61.37,1.4,True,16097,0.504254,0.14492356,1.70023,2.204484,EXTRACTED
g1988,U_g1988/ZN,9.12,32.2,True,16297,0.272632,0.08559789999999999,1.70023,1.972862,EXTRACTED
g1989,U_g1989/ZN,61.94,5.6,True,16163,0.455102,0.61646895,1.70023,2.155332,EXTRACTED
g1990,U_g1990/ZN,64.98,2.8,True,16257,0.0684576,0.023544050000000004,1.70023,1.7686875999999998,EXTRACTED
g1991,U_g1991/ZN,69.92,1.4,True,16042,0.233838,0.0905286,1.70023,1.934068,EXTRACTED
g1992,U_g1992/ZN,55.1,5.6,True,16121,0.1035722,0.0035809400000000003,1.70023,1.8038021999999998,EXTRACTED
g1993,U_g1993/ZN,111.53,2.8,True,16842,0.3988944,0.91480821,1.70023,2.0991244,EXTRACTED
g2008,U_g2008/ZN,74.86,14.0,True,16319,0.32724874,0.6926199189999999,2.618375,2.94562374,EXTRACTED
g201,U_g201/Q,56.81,102.2,True,16719,3.9587157000000004,4.0468169268,8.575073,12.5337887,EXTRACTED
g2016,U_g2016/ZN,98.61,46.2,True,16448,0.7905235,0.3676841940000001,1.599032,2.3895555,EXTRACTED
g2017,U_g2017/ZN,47.69,124.6,True,16772,0.09297559999999999,0.017171288,0.918145,1.0111206,EXTRACTED
g2018,U_g2018/ZN,136.61,43.4,True,16276,1.290222,1.1728898030000001,2.618375,3.908597,EXTRACTED
g2023,U_g2023/ZN,95.19,74.2,True,16236,0.0495946,0.00937375,1.726477,1.7760716,EXTRACTED
g2024,U_g2024/ZN,96.14,65.8,True,16559,3.9118769999999996,3.623248169,18.452765,22.364642,EXTRACTED
g2028,U_g2028/ZN,135.47,61.6,True,16355,0.14686960000000002,0.16080109999999997,6.390708,6.5375776,EXTRACTED
g2031,U_g2031/ZN,129.39,77.0,True,16727,0.15545847000000002,0.02765173,2.524095,2.67955347,EXTRACTED
g2034,U_g2034/ZN,136.42,72.8,True,16761,0.8191882,0.5907985,2.618375,3.4375632,EXTRACTED
g2045,U_g2045/ZN,126.73,65.8,True,16262,0.531441,0.5285819800000001,2.67486,3.206301,EXTRACTED
g2047,U_g2047/ZN,57.76,22.4,True,16457,0.5498567,0.5733813499999999,3.568848,4.1187047,EXTRACTED
g2050,U_g2050/ZN,68.78,26.6,True,16375,0.43674536999999997,0.780678882,5.090839,5.52758437,EXTRACTED
g2054,U_g2054/ZN,66.88,25.2,True,16795,0.07863200000000001,0.044602340000000004,0.918145,0.996777,EXTRACTED
g2057,U_g2057/ZN,13.11,77.0,True,16920,0.7151412,0.3664788,6.619975999999999,7.335117199999999,EXTRACTED
g2060,U_g2060/ZN,61.56,86.8,True,16056,0.0556296,0.0,0.856528,0.9121576,EXTRACTED
g2061,U_g2061/ZN,50.35,22.4,True,16477,0.6386127,0.6086101104900001,7.467554,8.1061667,EXTRACTED
g2067,U_g2067/ZN,81.13,81.2,True,16010,0.890093,0.5557150900000001,1.714471,2.604564,EXTRACTED
g207,U_g207/Q,52.63,84.0,True,16648,1.7002815900000001,1.2696600200000001,4.4553139999999996,6.15559559,EXTRACTED
g2070,U_g2070/ZN,59.66,81.2,True,16684,0.477208,0.40375604000000004,0.902272,1.37948,EXTRACTED
g2074,U_g2074/ZN,64.79,86.8,True,16710,0.1396818,0.09307146,0.924115,1.0637968,EXTRACTED
g2077,U_g2077/ZN,69.16,93.8,True,16633,0.6589539,0.7612645399999998,0.944508,1.6034619,EXTRACTED
g2078,U_g2078/ZN,55.29,54.6,True,16573,0.084924,0.15261439999999998,0.856528,0.941452,EXTRACTED
g2081,U_g2081/ZN,78.09,18.2,False,10255,0.052818000000000004,0.12595884,0.97463,1.027448,EXTRACTED
g2082,U_g2082/ZN,68.21,98.0,True,16049,0.343742,0.6580725599999999,0.856528,1.20027,EXTRACTED
g2083,U_g2083/ZN,62.89,63.0,True,16687,0.6801159999999999,0.693023193,0.902272,1.582388,EXTRACTED
g2087,U_g2087/ZN,78.66,102.2,True,16708,0.404976,0.2273375,0.902272,1.307248,EXTRACTED
g2088,U_g2088/ZN,49.21,68.6,False,30041,0.2876101,0.665987669,0.914189,1.2017991000000001,EXTRACTED
g2091,U_g2091/ZN,71.25,9.8,False,7079,0.41873187,0.5111961730000001,4.172694,4.59142587,EXTRACTED
g2095,U_g2095/ZN,60.04,51.8,True,16038,0.266106,0.20303722000000002,0.944508,1.210614,EXTRACTED
g2096,U_g2096/ZN,52.25,71.4,False,22106,0.441486,0.38141241,0.923766,1.365252,EXTRACTED
g2099,U_g2099/ZN,51.3,67.2,False,21043,0.482024,0.7694796300000002,0.938321,1.420345,EXTRACTED
g2102,U_g2102/ZN,48.26,71.4,False,22410,0.1187338,0.49215552,0.941245,1.0599788,EXTRACTED
g2104,U_g2104/ZN,40.85,64.4,False,17705,0.1189192,0.018791158000000002,0.914189,1.0331082,EXTRACTED
g2105,U_g2105/ZN,79.42,127.4,False,22347,0.47706799999999994,0.44858909,3.263231,3.7402990000000003,EXTRACTED
g2106,U_g2106/ZN,40.66,61.6,False,20068,0.069104,0.059982589999999995,0.923766,0.9928699999999999,EXTRACTED
g2107,U_g2107/ZN,76.57,126.0,False,18055,0.6819354,0.518236965,3.198064,3.8799994,EXTRACTED
g2109,U_g2109/ZN,42.94,60.2,False,22289,0.217208,0.25417432,0.938321,1.155529,EXTRACTED
g2111,U_g2111/ZN,40.85,56.0,False,18337,0.433726,0.18861617,0.941245,1.374971,EXTRACTED
g2115,U_g2115/ZN,80.18,114.8,False,22884,0.9017154999999999,0.7011185789999999,3.263231,4.1649465,EXTRACTED
g2117,U_g2117/ZN,72.58,128.8,False,22616,0.349716,0.419584,1.70023,2.049946,EXTRACTED
g2118,U_g2118/ZN,57.76,29.4,True,16462,0.789546,0.57730137,2.67486,3.464406,EXTRACTED
g2120,U_g2120/ZN,83.03,119.0,False,27861,0.766096,0.817286331,3.198064,3.96416,EXTRACTED
g2126,U_g2126/ZN,87.4,46.2,True,16847,2.9728369199999998,1.95018314,2.8674049999999998,5.8402419199999995,EXTRACTED
g213,U_g213/Q,54.72,70.0,True,16684,5.775072,4.962608754,4.4553139999999996,10.230386,EXTRACTED
g2132,U_g2132/ZN,24.32,28.0,False,4136,0.20620567,0.37583592499999996,1.83629,2.04249567,EXTRACTED
g2160,U_g2160/ZN,60.23,89.6,False,2995,0.597104,0.9114102420000001,3.053103,3.650207,EXTRACTED
g2161,U_g2161/ZN,109.25,84.0,False,23,0.5735459199999999,1.09506404,1.70023,2.27377592,EXTRACTED
g2167,U_g2167/ZN,54.34,57.4,False,20699,0.293974,0.6746186380000001,0.941939,1.235913,EXTRACTED
g2169,U_g2169/ZN,121.22,1.4,False,0,2.07969973,2.527651221,13.359938,15.43963773,EXTRACTED
g2172,U_g2172/ZN,119.89,1.4,False,0,1.3464931900000001,1.8873005170000003,14.867090000000001,16.21358319,EXTRACTED
g2175,U_g2175/ZN,116.85,2.8,False,0,2.0552409,2.0448875440000003,14.56693,16.6221709,EXTRACTED
g2176,U_g2176/ZN,13.49,140.0,False,0,1.4242883999999998,0.70581175949,7.719065,9.143353399999999,EXTRACTED
g2177,U_g2177/ZN,56.24,88.2,False,20495,1.2987910999999999,0.754569814,3.198064,4.496855099999999,EXTRACTED
g2178,U_g2178/ZN,116.47,2.8,False,0,1.3510143,1.8097845929999998,15.577196,16.9282103,EXTRACTED
g2180,U_g2180/ZN,32.49,63.0,False,21035,0.44012199999999996,0.178791831,0.941939,1.382061,EXTRACTED
g2187,U_g2187/ZN,13.87,84.0,True,16732,0.7082141,0.07063314740000001,3.428942,4.1371561,EXTRACTED
g219,U_g219/Q,56.05,74.2,True,16633,6.8069124,5.495983448000001,5.3734589999999995,12.180371399999999,EXTRACTED
g2198,U_g2198/ZN,15.39,88.2,True,16839,0.1013048,0.0425973,0.97463,1.0759348,EXTRACTED
g2202,U_g2202/ZN,64.22,53.2,True,16627,0.299816,0.32738322999999997,1.659913,1.959729,EXTRACTED
g2203,U_g2203/ZN,15.77,92.4,True,16903,0.0887862,0.0606516,0.97463,1.0634162,EXTRACTED
g2204,U_g2204/ZN,80.56,79.8,False,16650,0.01742614,0.0,0.918145,0.93557114,EXTRACTED
g2205,U_g2205/ZN,104.69,119.0,False,18915,0.9600023,0.4234926439999999,3.198064,4.1580663,EXTRACTED
g2208,U_g2208/ZN,145.16,142.8,False,0,0.26212799999999997,0.2620118,1.70023,1.9623579999999998,EXTRACTED
g2211,U_g2211/ZN,66.31,58.8,True,16559,0.106068,0.1305446,1.63809,1.744158,EXTRACTED
g2212,U_g2212/ZN,20.9,100.8,True,16799,0.7817339999999999,0.27500827,0.97463,1.756364,EXTRACTED
g2214,U_g2214/ZN,81.32,77.0,True,16483,0.222308,0.09905910999999999,0.918145,1.140453,EXTRACTED
g2215,U_g2215/ZN,84.17,128.8,False,18692,0.06586238,0.18146477,3.198064,3.26392638,EXTRACTED
g2216,U_g2216/ZN,117.8,2.8,False,0,4.77347208,5.666165461969998,31.099309,35.87278108,EXTRACTED
g2222,U_g2222/ZN,65.17,61.6,True,16602,0.1656388,0.060483289999999995,1.59521,1.7608488,EXTRACTED
g2223,U_g2223/ZN,78.09,54.6,False,28092,0.20275600000000002,0.22567528000000003,0.918145,1.120901,EXTRACTED
g2224,U_g2224/ZN,15.01,96.6,True,16903,0.340826,0.46780829999999995,0.97463,1.315456,EXTRACTED
g2229,U_g2229/ZN,63.27,50.4,True,16392,0.667896,0.25754041000000005,1.522092,2.189988,EXTRACTED
g2230,U_g2230/ZN,16.72,100.8,True,16608,0.7805059999999999,0.6035978900000001,0.97463,1.7551359999999998,EXTRACTED
g2236,U_g2236/ZN,63.84,49.0,False,18797,0.18728157,0.13563735,3.198064,3.38534557,EXTRACTED
g2237,U_g2237/ZN,16.72,103.6,True,16817,0.395882,0.47427886999999996,0.97463,1.370512,EXTRACTED
g2241,U_g2241/ZN,21.66,105.0,True,16774,0.7046631000000001,0.565273104,0.97463,1.6792931000000002,EXTRACTED
g2248,U_g2248/ZN,144.4,1.4,False,0,0.19721819999999998,0.000677409,1.70023,1.8974482,EXTRACTED
g2249,U_g2249/ZN,64.98,65.8,True,16449,0.6508342,0.91143125649,0.924115,1.5749492,EXTRACTED
g225,U_g225/Q,114.0,88.2,True,16708,5.6494396899999995,5.167337797000001,6.2916039999999995,11.941043689999999,EXTRACTED
g2250,U_g2250/ZN,16.34,75.6,False,18100,0.0489682,0.060247438,0.918145,0.9671132,EXTRACTED
g2251,U_g2251/ZN,15.39,112.0,True,16773,0.5292479999999999,0.8676698500000002,0.97463,1.5038779999999998,EXTRACTED
g2253,U_g2253/ZN,2.47,2.8,False,0,0.0301606,0.0,1.70023,1.7303906,EXTRACTED
g2254,U_g2254/ZN,70.87,58.8,True,16508,0.0850222,0.16069374500000003,0.944508,1.0295302,EXTRACTED
g2257,U_g2257/ZN,58.33,14.0,False,17936,0.0910612,0.009164150000000001,0.918145,1.0092062,EXTRACTED
g2260,U_g2260/ZN,72.39,63.0,False,16889,0.138932,0.17918455000000003,0.918145,1.057077,EXTRACTED
g2264,U_g2264/ZN,136.42,78.4,False,2732,1.1247375000000002,0.526784661,4.172694,5.2974315,EXTRACTED
g2268,U_g2268/ZN,68.21,138.6,True,16675,0.731012,0.577931304,0.918145,1.649157,EXTRACTED
g2271,U_g2271/ZN,141.17,44.8,False,0,1.73325791,1.3738686599999999,1.714471,3.4477289100000004,EXTRACTED
g2272,U_g2272/ZN,102.98,126.0,False,17742,0.592248,0.569571578,0.918145,1.510393,EXTRACTED
g2273,U_g2273/ZN,143.45,43.4,False,0,1.3468133,0.50709289,1.714471,3.0612843,EXTRACTED
g2274,U_g2274/ZN,132.05,42.0,False,16806,1.1232057000000002,0.31769890400000006,0.918145,2.0413507,EXTRACTED
g2275,U_g2275/ZN,91.96,39.2,True,16527,0.837306,0.7677983349999999,1.714471,2.551777,EXTRACTED
g2276,U_g2276/ZN,118.94,64.4,False,2243,5.049962900000001,3.636042825,13.87236,18.9223229,EXTRACTED
g2297,U_g2297/ZN,99.75,42.0,True,16838,0.175383,0.40532100000000004,1.714471,1.8898540000000001,EXTRACTED
g2299,U_g2299/ZN,129.2,78.4,True,16624,0.5224013000000001,0.44474346099999995,4.310834,4.8332353,EXTRACTED
g23,PORT/g23,147.46,119.91,False,0,0.1732118,0.11037721,0.77983,0.9530418,EXTRACTED
g2303,U_g2303/ZN,54.91,58.8,False,22891,0.667961,0.24680087000000003,1.70023,2.368191,EXTRACTED
g2305,U_g2305/ZN,92.53,110.6,False,9941,1.128034,0.7291435889999998,1.651345,2.779379,EXTRACTED
g2306,U_g2306/ZN,46.74,127.4,False,7771,0.803099,0.748508648,4.172694,4.9757929999999995,EXTRACTED
g2309,U_g2309/ZN,64.6,120.4,False,5290,0.46443999999999996,0.6179789040000001,1.651345,2.115785,EXTRACTED
g231,U_g231/Q,83.03,85.4,True,16561,2.95279482,3.8009124630000004,5.3734589999999995,8.32625382,EXTRACTED
g2310,U_g2310/ZN,26.98,110.6,False,11018,1.1648238999999998,0.7728986400000002,6.518892,7.6837159,EXTRACTED
g2315,U_g2315/ZN,90.82,135.8,False,10068,0.8052861,0.51605821,1.714471,2.5197571,EXTRACTED
g2316,U_g2316/ZN,60.99,121.8,False,15525,0.319532,0.311726355,1.714471,2.0340030000000002,EXTRACTED
g2321,U_g2321/ZN,69.16,9.8,False,16783,0.0359172,0.00882495,0.918145,0.9540622,EXTRACTED
g2325,U_g2325/ZN,35.15,110.6,False,10645,0.424844,0.3726812399999999,2.615201,3.040045,EXTRACTED
g2328,U_g2328/ZN,26.03,28.0,True,17036,0.0880648,0.021355475000000006,0.97463,1.0626948,EXTRACTED
g2330,U_g2330/ZN,23.94,25.2,True,17007,0.0966702,0.035541869000000004,0.97463,1.0713002,EXTRACTED
g2331,U_g2331/ZN,14.44,89.6,True,16843,0.1422524,0.20375490000000002,1.83629,1.9785424,EXTRACTED
g2336,U_g2336/ZN,23.56,23.8,True,16994,0.0469022,0.01853907,0.97463,1.0215322,EXTRACTED
g2338,U_g2338/ZN,27.93,21.0,True,17049,0.12126680000000001,0.0557263,0.97463,1.0958968,EXTRACTED
g2340,U_g2340/ZN,24.32,25.2,True,16509,0.596248,0.08651762,0.97463,1.570878,EXTRACTED
g2343,U_g2343/ZN,28.31,28.0,True,17014,0.5531923000000001,0.4523286880000001,0.97463,1.5278223,EXTRACTED
g2345,U_g2345/ZN,36.29,25.2,True,16504,0.396884,0.24168403,0.97463,1.371514,EXTRACTED
g2347,U_g2347/ZN,38.76,23.8,True,16455,0.0658248,0.02791279,0.97463,1.0404548,EXTRACTED
g2353,U_g2353/ZN,87.97,99.4,False,13834,0.1327164,0.18230106999999998,1.616298,1.7490144,EXTRACTED
g2354,U_g2354/ZN,87.4,99.4,False,3413,0.230318,0.21863527600000002,1.663842,1.89416,EXTRACTED
g2355,output94/Z,87.78,144.2,False,0,0.292826,0.0007757150000000001,0,0.292826,EXTRACTED
g2364,U_g2364/ZN,37.81,107.8,True,16581,0.7897776000000001,1.0831986900000001,4.807516,5.5972935999999995,EXTRACTED
g2369,U_g2369/ZN,34.39,112.0,True,16572,0.874096,0.7681702639999999,2.517811,3.391907,EXTRACTED
g237,U_g237/Q,56.05,91.0,True,16055,5.68901466,4.495380944000001,5.3734589999999995,11.062473659999998,EXTRACTED
g2372,U_g2372/ZN,70.68,124.6,False,18704,0.640482,0.8633426029999999,0.914189,1.554671,EXTRACTED
g2374,U_g2374/ZN,33.44,113.4,True,16827,0.9088121499999999,0.7577927919999999,6.522546,7.43135815,EXTRACTED
g2379,U_g2379/ZN,72.58,2.8,False,0,0.01742614,0.0,0.918145,0.93557114,EXTRACTED
g2380,U_g2380/ZN,73.34,123.2,False,17794,0.6513755,0.35978181,0.923766,1.5751415,EXTRACTED
g2381,U_g2381/ZN,102.6,98.0,True,16236,1.487852,1.50615448,0.924115,2.4119669999999998,EXTRACTED
g2382,U_g2382/ZN,34.96,114.8,True,16808,1.20033601,1.1918937848999998,9.685899,10.88623501,EXTRACTED
g2389,U_g2389/ZN,77.9,120.4,False,21145,0.9125017,0.25061177300000004,0.938321,1.8508227,EXTRACTED
g2395,U_g2395/ZN,78.66,99.4,True,16561,0.18772640000000002,0.1236363,0.944508,1.1322344,EXTRACTED
g2396,U_g2396/ZN,63.27,95.2,True,16675,0.3824703,0.23160324999999998,1.8010359999999999,2.1835063,EXTRACTED
g2399,U_g2399/ZN,33.44,121.8,True,16778,1.2075352000000001,1.2410610910000002,7.467554,8.6750892,EXTRACTED
g2405,U_g2405/ZN,75.81,121.8,False,23808,0.703416,0.5604825029999999,0.941245,1.6446610000000002,EXTRACTED
g2406,U_g2406/ZN,73.91,102.2,True,16638,0.68389,0.6938074399999999,0.856528,1.5404179999999998,EXTRACTED
g2407,U_g2407/ZN,63.65,96.6,True,16636,0.4880579,0.44019181949,1.826387,2.3144449,EXTRACTED
g2410,U_g2410/ZN,98.8,86.8,True,16628,0.7975205000000001,0.457035096,1.663842,2.4613625,EXTRACTED
g2419,U_g2419/ZN,66.31,116.2,False,27186,0.37334,0.45197559,0.914189,1.2875290000000001,EXTRACTED
g2420,U_g2420/ZN,62.89,93.8,True,16055,0.38276,0.40174151,0.902272,1.285032,EXTRACTED
g2421,U_g2421/ZN,64.79,96.6,True,16066,0.44291630000000004,0.45971438,1.826387,2.2693033,EXTRACTED
g2424,U_g2424/ZN,126.73,98.0,True,16727,9.61502841,5.285681560000002,8.18373,17.79875841,EXTRACTED
g243,U_g243/Q,66.31,114.8,True,16743,5.10604909,1.526427058,4.4553139999999996,9.56136309,EXTRACTED
g2433,U_g2433/ZN,69.16,116.2,False,26848,0.272234,0.165538464,0.923766,1.196,EXTRACTED
g2434,U_g2434/ZN,67.07,99.4,True,16711,0.46448399999999995,0.341566516,0.924115,1.388599,EXTRACTED
g2435,U_g2435/ZN,63.27,96.6,True,16719,0.1221594,0.21572255,0.944508,1.0666674,EXTRACTED
g2437,U_g2437/ZN,73.34,117.6,False,18882,0.1428312,0.18931273000000007,0.938321,1.0811522,EXTRACTED
g2438,U_g2438/ZN,63.65,95.2,True,16743,0.38961399999999996,0.45942587,0.944508,1.334122,EXTRACTED
g2439,U_g2439/ZN,46.74,15.4,False,10174,1.3350768,1.392684864,6.518892,7.8539688000000005,EXTRACTED
g2444,U_g2444/ZN,85.12,36.4,True,16859,0.5526562,0.7726499800000001,1.599032,2.1516882,EXTRACTED
g2445,U_g2445/ZN,74.86,119.0,False,18649,0.259584,0.20426419,0.941245,1.200829,EXTRACTED
g2446,U_g2446/ZN,65.17,86.8,True,16560,1.063951,1.1105586059700001,1.8010359999999999,2.864987,EXTRACTED
g2449,U_g2449/ZN,74.29,7.0,True,16798,0.511688,0.307670774,1.70023,2.211918,EXTRACTED
g2451,U_g2451/ZN,69.54,91.0,True,16690,0.7910935,0.7669546179999999,1.826387,2.6174805,EXTRACTED
g2456,U_g2456/ZN,67.45,95.2,True,16662,0.6573260000000001,0.47786193,1.826387,2.483713,EXTRACTED
g2459,U_g2459/ZN,130.72,74.2,False,18599,0.482317,0.6290449100000001,3.351575,3.833892,EXTRACTED
g2475,U_g2475/ZN,65.55,92.4,True,16628,0.8036517,1.0118315549999999,1.8010359999999999,2.6046877,EXTRACTED
g2478,U_g2478/ZN,125.02,63.0,False,17921,0.18304120000000002,0.11440543900000001,1.119679,1.3027202,EXTRACTED
g2479,U_g2479/ZN,130.91,107.8,True,16772,0.60972597,0.49917542000000004,3.263231,3.87295697,EXTRACTED
g248,U_g248/Q,113.43,89.6,True,16690,3.17190455,6.571128179900001,4.4553139999999996,7.627218549999999,EXTRACTED
g2481,U_g2481/ZN,85.69,35.0,True,16854,0.44662199999999996,0.43834294000000007,1.599032,2.045654,EXTRACTED
g2493,U_g2493/ZN,53.01,22.4,False,8971,0.1770612,0.135525505,2.615201,2.7922621999999997,EXTRACTED
g2496,U_g2496/ZN,69.92,47.6,False,3274,1.0029025,1.4598976749999997,4.172694,5.1755965,EXTRACTED
g2499,U_g2499/ZN,51.3,61.6,False,7436,0.1868264,0.06901666000000001,1.651345,1.8381714,EXTRACTED
g2500,U_g2500/ZN,63.65,58.8,False,10415,0.053453,0.035958000000000004,1.616298,1.669751,EXTRACTED
g2501,U_g2501/ZN,51.11,50.4,False,9143,0.608204,0.6349207,1.714471,2.3226750000000003,EXTRACTED
g2503,U_g2503/ZN,32.49,33.6,True,16491,0.6036693,1.20683442,1.83629,2.4399593,EXTRACTED
g2506,U_g2506/ZN,41.61,116.2,True,16563,0.37379375000000004,0.20380398600000005,2.67486,3.0486537499999997,EXTRACTED
g2510,U_g2510/ZN,136.99,60.2,False,16355,0.035726799999999996,0.01253089,0.77983,0.8155568,EXTRACTED
g2511,U_g2511/ZN,25.84,74.2,False,11105,0.74338447,0.471364964,4.172694,4.9160784699999995,EXTRACTED
g2514,U_g2514/ZN,26.03,57.4,False,8111,0.6370335,0.7727381440000001,1.651345,2.2883785000000003,EXTRACTED
g2515,U_g2515/ZN,94.05,84.0,False,20766,1.9306572,0.981733948,0.941939,2.8725962,EXTRACTED
g2516,U_g2516/ZN,58.9,126.0,False,29951,0.25244,0.10537303999999999,0.941939,1.194379,EXTRACTED
g2517,U_g2517/ZN,141.17,75.6,False,28354,0.49709600000000004,0.4590440799999999,0.918145,1.415241,EXTRACTED
g2518,U_g2518/ZN,83.98,14.0,True,16839,0.57038513,0.537668858,4.92743,5.49781513,EXTRACTED
g2521,U_g2521/ZN,29.64,56.0,False,6152,0.8802239999999999,0.8629122400000002,1.714471,2.5946949999999998,EXTRACTED
g2522,U_g2522/ZN,102.41,46.2,False,21030,0.47571199999999997,0.6316690819999999,0.941939,1.417651,EXTRACTED
g2525,U_g2525/ZN,59.85,12.6,False,9768,0.29705409000000005,0.23859053,4.172694,4.4697480899999995,EXTRACTED
g2528,U_g2528/ZN,102.41,50.4,False,20915,0.655756,0.80622984,0.946814,1.60257,EXTRACTED
g253,U_g253/Q,49.78,85.4,True,16665,0.8056991,0.34945486,2.038473,2.8441721,EXTRACTED
g2531,U_g2531/ZN,23.37,89.6,False,7877,0.5371298,0.24876067000000002,1.83629,2.3734197999999997,EXTRACTED
g2538,U_g2538/ZN,105.83,88.2,False,16591,0.1957758,0.19730618000000003,1.616298,1.8120738,EXTRACTED
g254,U_g254/Q,60.61,65.8,True,16559,0.3478879,0.47963912000000003,2.038473,2.3863609,EXTRACTED
g2542,U_g2542/ZN,65.55,21.0,True,16788,0.01742614,0.0,0.918145,0.93557114,EXTRACTED
g2544,U_g2544/ZN,130.53,37.8,False,6852,1.166968,1.19707284,4.172694,5.339662,EXTRACTED
g2549,U_g2549/ZN,67.45,88.2,True,16628,0.232112,0.45471258999999997,0.856528,1.08864,EXTRACTED
g255,U_g255/Q,55.1,42.0,True,16449,1.1943859000000001,1.006984201,2.956618,4.1510039,EXTRACTED
g2550,U_g2550/ZN,47.88,22.4,True,16066,0.4526272,0.65442659349,4.807516,5.2601432,EXTRACTED
g2555,U_g2555/ZN,45.79,127.4,False,17192,0.1047984,0.016578076,0.918145,1.0229434,EXTRACTED
g2556,U_g2556/ZN,63.27,85.4,True,16629,0.0830826,0.05103647,0.902272,0.9853546,EXTRACTED
g2557,U_g2557/ZN,48.26,22.4,True,16401,0.2581155,0.364129481,2.517811,2.7759265,EXTRACTED
g256,U_g256/Q,79.23,84.0,True,16540,1.8434635099999996,1.6021406809999998,2.038473,3.88193651,EXTRACTED
g2561,U_g2561/ZN,78.28,2.8,False,0,0.0462852,0.16113819000000001,0.918145,0.9644302,EXTRACTED
g2562,U_g2562/ZN,63.65,85.4,True,16051,0.078951,0.06334383,0.924115,1.003066,EXTRACTED
g2563,U_g2563/ZN,97.66,95.2,False,43,0.652938,0.7421218900000001,1.70023,2.353168,EXTRACTED
g2564,U_g2564/ZN,57.38,23.8,True,16447,0.6647198,1.2054030969999998,6.522546,7.1872658000000005,EXTRACTED
g257,U_g257/Q,47.88,84.0,True,16675,0.7712856,1.35969846,2.038473,2.8097586000000003,EXTRACTED
g2570,U_g2570/ZN,62.7,88.2,True,16648,0.1120356,0.19993688,0.944508,1.0565436,EXTRACTED
g2571,U_g2571/ZN,52.06,22.4,True,16103,1.3610232,1.935901815,9.685899,11.0469222,EXTRACTED
g2579,U_g2579/ZN,22.99,75.6,True,16900,1.2341155700000002,1.6966653350000003,9.72998,10.96409557,EXTRACTED
g258,U_g258/Q,65.55,54.6,True,16031,2.008864,1.8352081650000003,2.038473,4.047337000000001,EXTRACTED
g259,U_g259/Q,80.56,74.2,True,16480,0.9007994,1.2206588999999999,2.038473,2.9392724,EXTRACTED
g26,U_g26/Q,130.34,106.4,True,16772,0.33532419999999996,0.17760495200000004,2.619024,2.9543482,EXTRACTED
g260,U_g260/Q,64.79,103.6,True,16701,0.18222468,0.009428645,2.038473,2.2206976800000002,EXTRACTED
g2601,output95/Z,51.87,1.4,True,16758,0.169958,0.0,0,0.169958,EXTRACTED
g2602,output96/Z,35.72,144.2,True,16796,0.5440762,0.26720439999999995,0,0.5440762,EXTRACTED
g2603,output97/Z,10.26,32.2,True,17030,0.792602,0.09554689,0,0.792602,EXTRACTED
g2604,output98/Z,144.02,63.0,True,16321,0.1753528,0.07689044,0,0.1753528,EXTRACTED
g2605,output99/Z,137.56,105.0,True,16238,0.9947539999999999,0.472414,0,0.9947539999999999,EXTRACTED
g2606,output100/Z,49.4,5.6,True,16838,0.7815874,0.0,0,0.7815874,EXTRACTED
g2607,output101/Z,2.47,75.6,True,16861,0.195853,0.005897250000000001,0,0.195853,EXTRACTED
g2608,output102/Z,2.85,81.2,True,16909,0.207404,0.08736987000000002,0,0.207404,EXTRACTED
g2609,output103/Z,145.73,68.6,True,16305,0.0962114,0.0102872,0,0.0962114,EXTRACTED
g261,U_g261/Q,74.29,58.8,True,16550,3.5790573,3.2389029279999995,2.038473,5.6175303,EXTRACTED
g2610,output104/Z,145.16,119.0,True,16688,0.362066,0.2196324,0,0.362066,EXTRACTED
g2611,output105/Z,144.21,107.8,True,16787,0.6831123,0.57905934,0,0.6831123,EXTRACTED
g2612,output106/Z,1.33,86.8,True,16831,0.1009824,0.035709199999999996,0,0.1009824,EXTRACTED
g262,U_g262/Q,53.96,65.8,True,16696,2.3179629999999998,1.70801227,2.038473,4.356436,EXTRACTED
g263,U_g263/Q,64.6,37.8,True,16435,1.8665351,2.5274594599999998,2.755084,4.6216191,EXTRACTED
g2648,output107/Z,56.24,11.2,True,16838,0.6159263,0.48501557000000006,0,0.6159263,EXTRACTED
g2652,U_g2652/ZN,82.84,14.0,True,16319,0.333564,0.45946348,0.918145,1.251709,EXTRACTED
g266,U_g266/Q,63.08,88.2,True,16065,5.0690743,3.6968731419,2.755084,7.8241583,EXTRACTED
g2677,U_g2677/ZN,127.49,68.6,True,16761,4.7499858,3.0226581080000003,6.874194,11.6241798,EXTRACTED
g269,U_g269/Q,55.48,44.8,True,16431,3.78699566,2.1928492170000005,2.755084,6.542079660000001,EXTRACTED
g27,PORT/g27,6.255,147.46,False,0,0.222718,0.0604805,0.974659,1.1973770000000001,EXTRACTED
g272,U_g272/Q,132.05,40.6,True,16411,3.1952951499999998,3.1594371230000005,2.755084,5.95037915,EXTRACTED
g2725,U_g2725/ZN,130.15,29.4,True,16276,0.219994,0.26084848000000005,0.918145,1.138139,EXTRACTED
g2744,U_g2744/ZN,49.4,63.0,False,9346,0.17931960000000002,0.20679446999999998,1.70023,1.8795495999999998,EXTRACTED
g275,U_g275/Q,76.38,63.0,True,16569,2.1252919,2.6672312700000007,2.755084,4.880375900000001,EXTRACTED
g2756,U_g2756/ZN,77.33,18.2,False,5239,0.0676448,0.05166414,0.97463,1.0422748,EXTRACTED
g2760,U_g2760/ZN,73.34,7.0,False,4327,0.141598,0.53191625,4.172694,4.314292,EXTRACTED
g2774,U_g2774/ZN,123.88,72.8,False,2243,3.8000188400000003,3.3413089419999995,6.82241,10.62242884,EXTRACTED
g2776,U_g2776/ZN,82.08,133.0,False,22554,0.4910424,0.551742964,3.263231,3.7542734,EXTRACTED
g2777,U_g2777/ZN,118.75,81.2,False,2243,0.263208,0.251718247,1.94926,2.212468,EXTRACTED
g278,U_g278/Q,85.12,72.8,True,16515,3.2551298440000003,2.2123870180000003,2.755084,6.010213844000001,EXTRACTED
g2791,U_g2791/ZN,7.6,88.2,False,10253,0.8251903,0.10263367,1.70023,2.5254203,EXTRACTED
g2792,U_g2792/ZN,81.89,126.0,False,29659,0.5234259000000001,0.39789575000000005,3.198064,3.7214899,EXTRACTED
g2794,U_g2794/ZN,58.33,64.4,False,225,0.747286,0.34828773,1.70023,2.447516,EXTRACTED
g2795,U_g2795/ZN,15.01,81.2,False,16920,0.333034,0.008055021999999998,1.651345,1.9843790000000001,EXTRACTED
g28,PORT/g28,0.07,80.15,False,0,0.204616,0.19211092999999999,0.77983,0.984446,EXTRACTED
g2800,U_g2800/ZN,33.06,112.0,False,9060,0.1377532,0.31839689,1.650377,1.7881302,EXTRACTED
g2801,U_g2801/ZN,79.04,128.8,False,22616,0.370678,0.5669216670000001,0.927525,1.298203,EXTRACTED
g2804,U_g2804/ZN,24.32,26.6,False,2291,0.21520979,0.139234812,1.83629,2.05149979,EXTRACTED
g2807,U_g2807/ZN,88.35,77.0,False,0,0.85709,0.6393505599999999,6.258425,7.115515,EXTRACTED
g281,U_g281/Q,98.99,65.8,True,16440,2.8737879,3.39783213,2.755084,5.6288719,EXTRACTED
g284,U_g284/Q,69.16,36.4,True,16372,1.9498858,1.105752717,2.755084,4.7049698,EXTRACTED
g2862,U_g2862/ZN,88.54,124.6,False,7010,0.570746,0.299539783,0.946814,1.51756,EXTRACTED
g2863,U_g2863/ZN,60.04,124.6,False,11031,0.209952,0.23663849999999997,0.946814,1.156766,EXTRACTED
g287,U_g287/Q,97.85,57.4,True,16442,1.7649514,1.063117555,2.755084,4.5200354,EXTRACTED
g2892,U_g2892/ZN,77.52,140.0,False,19956,0.583538,1.33385792,4.172694,4.756232,EXTRACTED
g2895,U_g2895/ZN,123.31,71.4,False,9282,0.0770198,0.06382017999999999,0.946814,1.0238338,EXTRACTED
g29,PORT/g29,147.46,64.47,False,0,0.1556148,0.072883171,0.77983,0.9354448,EXTRACTED
g290,U_g290/Q,60.42,40.6,True,16409,2.48280557,1.4384224609999998,2.755084,5.23788957,EXTRACTED
g2910,U_g2910/ZN,123.31,70.0,False,14272,0.06583380000000001,0.06419573,0.941939,1.0077728,EXTRACTED
g2911,U_g2911/ZN,77.14,88.2,False,8079,0.6500236,0.37147476999999995,0.946814,1.5968376000000002,EXTRACTED
g2917,U_g2917/ZN,73.72,109.2,False,14253,0.9970019999999999,0.56150919,0.941939,1.9389409999999998,EXTRACTED
g2918,U_g2918/ZN,107.92,107.8,False,9377,0.29635,0.391074551,0.946814,1.2431640000000002,EXTRACTED
g293,U_g293/Q,84.17,58.8,True,16553,2.66759969,1.4152736550000002,2.755084,5.4226836899999995,EXTRACTED
g2938,U_g2938/ZN,110.58,128.8,False,19119,0.1669432,0.19655221500000003,3.198064,3.3650072,EXTRACTED
g2939,U_g2939/ZN,110.96,107.8,False,9427,0.336612,0.42061529200000003,0.946814,1.283426,EXTRACTED
g2940,U_g2940/ZN,107.73,105.0,False,13115,0.1756436,0.10978483,0.941939,1.1175826,EXTRACTED
g2943,U_g2943/ZN,86.26,128.8,False,28645,0.38666180000000006,0.392114854,3.198064,3.5847258,EXTRACTED
g2944,U_g2944/ZN,110.01,105.0,False,12850,0.619748,0.830584832,0.941939,1.561687,EXTRACTED
g2945,U_g2945/ZN,117.42,102.2,False,9220,0.31391399999999997,0.2615926,0.946814,1.260728,EXTRACTED
g2947,U_g2947/ZN,74.86,53.2,False,17141,0.428902,0.508853341,0.918145,1.3470469999999999,EXTRACTED
g2948,U_g2948/ZN,67.45,135.8,False,21974,0.08118500000000001,0.04368899,0.918145,0.99933,EXTRACTED
g2950,U_g2950/ZN,123.69,99.4,False,12823,0.6108604,0.30350889999999997,0.941939,1.5527994,EXTRACTED
g2951,U_g2951/ZN,105.07,105.0,False,3488,0.355842,0.62101323,0.946814,1.302656,EXTRACTED
g2957,U_g2957/ZN,106.97,98.0,False,14929,0.116812,0.083346738,0.941939,1.058751,EXTRACTED
g2959,U_g2959/ZN,71.44,53.2,False,20368,0.8236600000000001,0.5468976099999999,3.198064,4.021724,EXTRACTED
g296,U_g296/Q,85.88,100.8,True,16572,5.1249929,4.024312212999999,2.755084,7.8800769,EXTRACTED
g2961,U_g2961/ZN,60.42,99.4,False,21603,0.27363780000000004,0.194994327,3.198064,3.4717018,EXTRACTED
g2963,U_g2963/ZN,19.19,72.8,False,17695,0.0403234,0.01255357,0.918145,0.9584684,EXTRACTED
g2970,U_g2970/ZN,62.51,11.2,False,17107,0.42845,0.46417467999999995,0.918145,1.346595,EXTRACTED
g2979,U_g2979/ZN,90.25,57.4,False,20201,0.1996298,0.12814346299999999,0.918145,1.1177748,EXTRACTED
g2981,U_g2981/ZN,135.09,77.0,False,1141,0.9120237,1.264874855,4.172694,5.0847177,EXTRACTED
g2984,U_g2984/ZN,96.71,43.4,False,10336,0.7579880000000001,0.7784337,1.694286,2.452274,EXTRACTED
g2986,output108/Z,72.77,1.4,True,16345,0.1295194,0.04301764,0,0.1295194,EXTRACTED
g2987,U_g2987/ZN,88.16,40.6,False,15207,0.35214,0.65639956,1.714471,2.066611,EXTRACTED
g2988,U_g2988/ZN,131.67,36.4,False,17125,0.739243,0.63426155,0.918145,1.657388,EXTRACTED
g299,U_g299/Q,60.42,67.2,True,16560,3.9914708999999995,2.3643137808,2.755084,6.7465549,EXTRACTED
g2990,U_g2990/ZN,46.74,19.6,False,8630,0.288466,0.33364425000000003,1.650377,1.9388429999999999,EXTRACTED
g30,PORT/g30,114.335,0.07,False,0,0.39821799999999996,0.27127249200000003,0.974659,1.372877,EXTRACTED
g3003,U_g3003/ZN,31.54,114.8,False,12817,0.6425351,0.45852871449000004,4.278288,4.9208231,EXTRACTED
g3007,output109/Z,74.1,2.8,True,16875,0.269536,0.05965971,0,0.269536,EXTRACTED
g3008,U_g3008/ZN,90.82,40.6,False,13287,0.649744,0.48756998000000007,1.714471,2.364215,EXTRACTED
g3010,U_g3010/ZN,26.22,112.0,False,15217,0.115016,0.025196256,0.918145,1.033161,EXTRACTED
g3011,U_g3011/ZN,26.98,116.2,False,12869,0.1522164,0.072376464,1.650377,1.8025934,EXTRACTED
g3015,U_g3015/ZN,133.76,63.0,False,6479,20.161894489999998,17.408008866,40.730201,60.89209549,EXTRACTED
g302,U_g302/Q,64.22,28.0,True,16506,2.5274581,2.6056922439999997,2.755084,5.282542100000001,EXTRACTED
g3039,U_g3039/ZN,30.97,116.2,False,11018,0.31518799999999997,0.6404662,1.599032,1.91422,EXTRACTED
g3041,U_g3041/ZN,32.11,112.0,False,11315,0.37081639999999993,0.338867807,3.2992619999999997,3.6700783999999995,EXTRACTED
g3047,U_g3047/ZN,50.92,130.2,False,5209,0.912577,0.9129080000000002,4.172694,5.085271,EXTRACTED
g305,U_g305/Q,43.32,81.2,True,16659,3.7439221,3.3085485604900002,5.953148,9.6970701,EXTRACTED
g3056,U_g3056/ZN,33.44,114.8,False,12980,0.7371517,1.2244056850000002,4.102069,4.8392207,EXTRACTED
g3060,U_g3060/ZN,116.85,44.8,True,16727,1.6599854900000002,1.8039164209999998,7.79704,9.45702549,EXTRACTED
g3061,U_g3061/ZN,35.91,112.0,False,13456,0.037574199999999995,0.011091440000000001,1.664199,1.7017731999999999,EXTRACTED
g3062,U_g3062/ZN,40.28,117.6,False,5627,0.4316233,1.1623441009999997,4.296085,4.7277083,EXTRACTED
g3068,U_g3068/ZN,49.78,53.2,False,22891,0.6654078,0.25300485,0.927525,1.5929328,EXTRACTED
g3069,output110/Z,1.9,36.4,True,16644,0.41527,0.01706154,0,0.41527,EXTRACTED
g3070,U_g3070/ZN,96.71,57.4,False,15374,0.62982373,0.31874717999999996,1.714471,2.34429473,EXTRACTED
g3071,U_g3071/ZN,40.28,114.8,False,8427,1.3172389599999998,1.3571370399999998,6.580864,7.89810296,EXTRACTED
g3086,U_g3086/ZN,122.55,54.6,False,2243,0.27484200000000003,0.21002650999999997,1.714471,1.989313,EXTRACTED
g3087,U_g3087/ZN,72.01,7.0,False,16929,0.1904508,0.006367442,0.918145,1.1085958,EXTRACTED
g3089,U_g3089/ZN,66.12,25.2,False,29058,0.9732733,0.8031488019999999,4.172694,5.1459673,EXTRACTED
g309,U_g309/Q,60.99,64.4,True,16561,2.3278445100000003,2.4753835410000007,5.10017,7.428014510000001,EXTRACTED
g3092,U_g3092/ZN,38.76,114.8,True,16708,0.3068898,0.35860271,3.568848,3.8757378,EXTRACTED
g3098,U_g3098/ZN,14.82,89.6,False,9403,0.8101231,0.6879602199999999,1.83629,2.6464131,EXTRACTED
g31,PORT/g31,123.855,0.07,False,0,0.250196,0.20761390999999998,0.974659,1.224855,EXTRACTED
g3101,U_g3101/ZN,74.86,93.8,False,11329,0.35573,0.6842605179999999,1.70023,2.05596,EXTRACTED
g3103,U_g3103/ZN,22.8,43.4,True,16709,0.39505999999999997,0.4059444,0.97463,1.3696899999999999,EXTRACTED
g3104,U_g3104/ZN,68.59,98.0,False,10908,0.0998816,0.03855782,1.70023,1.8001116,EXTRACTED
g3106,U_g3106/ZN,72.2,26.6,False,29602,0.475314,0.20454877999999999,0.918145,1.393459,EXTRACTED
g3107,U_g3107/ZN,53.77,60.2,False,4395,0.4905165,0.49662359100000003,0.946814,1.4373305,EXTRACTED
g3108,U_g3108/ZN,65.55,86.8,False,13188,0.48685,0.50748257,1.70023,2.18708,EXTRACTED
g3111,U_g3111/ZN,66.5,93.8,False,1821,0.0698352,0.084258385,1.70023,1.7700652,EXTRACTED
g3118,U_g3118/ZN,19.19,50.4,False,3557,1.152942,0.7379253960000001,0.946814,2.099756,EXTRACTED
g312,U_g312/Q,34.96,44.8,True,16498,1.4597833999999998,1.440357103,5.10017,6.5599534,EXTRACTED
g3120,U_g3120/ZN,71.44,123.2,False,9222,0.5471740999999999,0.31866137899999997,1.70023,2.2474041,EXTRACTED
g3121,U_g3121/ZN,59.85,44.8,False,0,7.880919980000001,7.775472589000003,23.560829000000002,31.441748980000003,EXTRACTED
g3141,U_g3141/ZN,90.25,99.4,False,43,0.15901279999999998,0.11984723399999998,1.763571,1.9225838,EXTRACTED
g315,U_g315/Q,102.79,82.6,True,16233,5.629242929999999,4.183991258000002,5.035003,10.66424593,EXTRACTED
g318,U_g318/Q,32.49,85.4,True,16830,2.1150423,3.8817472950000007,5.10017,7.2152123,EXTRACTED
g32,U_g32/Q,116.66,15.4,True,16439,2.4792380000000005,1.7015514500000002,1.860733,4.339971,EXTRACTED
g3200,U_g3200/ZN,52.44,22.4,False,12718,0.54033029,0.6698089899999999,4.278288,4.81861829,EXTRACTED
g3204,U_g3204/ZN,49.4,21.0,False,18027,0.3633,0.286415927,0.918145,1.281445,EXTRACTED
g3205,U_g3205/ZN,42.94,28.0,False,13218,0.501638,0.37448732000000007,1.650377,2.152015,EXTRACTED
g3207,U_g3207/ZN,48.07,25.2,False,10174,0.5624735000000001,1.1043724000000001,1.599032,2.1615055,EXTRACTED
g3209,U_g3209/ZN,51.49,23.8,False,11172,0.3059747,0.5217248739999999,3.2992619999999997,3.6052367,EXTRACTED
g321,U_g321/Q,44.84,68.6,True,16042,0.9177844,1.1707688699999999,5.10017,6.017954400000001,EXTRACTED
g3215,U_g3215/ZN,55.1,21.0,False,12766,0.27326026999999997,0.20969843100000002,4.102069,4.37532927,EXTRACTED
g3221,U_g3221/ZN,54.34,25.2,False,12952,0.1246486,0.09551724897,1.664199,1.7888476,EXTRACTED
g3222,U_g3222/ZN,48.64,21.0,False,5318,0.5315481,0.300761413,4.296085,4.8276331,EXTRACTED
g324,U_g324/Q,90.25,71.4,True,16500,4.694789200000001,1.589370775,5.10017,9.794959200000001,EXTRACTED
g3247,U_g3247/ZN,59.47,21.0,False,8958,1.086373,0.83468203597,6.580864,7.667237,EXTRACTED
g3257,U_g3257/ZN,84.17,46.2,False,1674,1.379522,1.5422510140000003,4.172694,5.552216,EXTRACTED
g3261,U_g3261/ZN,64.98,58.8,False,12661,0.10697,0.11591234300000001,1.663842,1.770812,EXTRACTED
g3263,U_g3263/ZN,25.84,26.6,False,26259,0.1693094,0.27972489500000003,1.83629,2.0055994,EXTRACTED
g3268,U_g3268/ZN,18.62,74.2,False,5930,0.8329089999999999,0.36270846399999995,4.172694,5.005603,EXTRACTED
g327,U_g327/Q,60.42,105.0,True,16703,3.6474756,3.272500008,5.10017,8.7476456,EXTRACTED
g3273,U_g3273/ZN,138.89,74.2,False,16587,0.12048379999999999,0.12956220000000002,0.918145,1.0386288,EXTRACTED
g3275,U_g3275/ZN,79.8,74.2,False,13821,6.7798161,4.187843466,7.544137,14.3239531,EXTRACTED
g3281,U_g3281/ZN,61.75,11.2,False,5083,0.74062212,0.6095513040000002,4.172694,4.91331612,EXTRACTED
g3284,U_g3284/ZN,16.15,91.0,False,5305,0.33620827,0.20537971300000002,1.83629,2.17249827,EXTRACTED
g3287,U_g3287/ZN,89.11,56.0,False,2574,0.9230699,1.053010589,4.172694,5.0957639,EXTRACTED
g3291,U_g3291/ZN,105.26,91.0,False,23,0.0598788,0.061814089,1.763571,1.8234498,EXTRACTED
g33,U_g33/Q,102.41,61.6,True,16695,2.5669340000000003,3.1102194499999998,1.836939,4.403873000000001,EXTRACTED
g330,U_g330/Q,45.03,77.0,True,16056,1.71138027,1.036169297,5.10017,6.811550270000001,EXTRACTED
g3301,U_g3301/ZN,132.62,43.4,False,3921,0.7039897000000002,0.287498729,4.172694,4.8766837,EXTRACTED
g3304,U_g3304/ZN,133.0,112.0,False,16772,0.1080392,0.06693257,0.77983,0.8878692,EXTRACTED
g3322,U_g3322/ZN,47.69,131.6,False,17276,0.09899960000000001,0.03322105,0.918145,1.0171446,EXTRACTED
g3327,output111/Z,143.64,119.0,False,0,0.5815459999999999,0.360244104,0,0.5815459999999999,EXTRACTED
g333,U_g333/Q,58.33,37.8,True,16405,3.215767,1.6726964550000005,5.10017,8.315937,EXTRACTED
g3348,U_g3348/ZN,70.87,44.8,False,0,4.8837228,8.630799459999999,10.233534,15.1172568,EXTRACTED
g3354,U_g3354/ZN,91.2,74.2,False,15155,0.54287,0.06670708799999998,1.70023,2.2431,EXTRACTED
g336,U_g336/Q,30.02,84.0,True,16836,5.9980077,5.27096475,2.755084,8.753091699999999,EXTRACTED
g3368,U_g3368/ZN,126.73,68.6,False,18599,0.419298,0.392933827,0.97463,1.393928,EXTRACTED
g3374,U_g3374/ZN,52.44,123.2,False,2571,0.492018,0.292573,1.70023,2.1922479999999998,EXTRACTED
g3381,U_g3381/ZN,77.9,19.6,False,2346,0.363232,0.67088277,1.119679,1.482911,EXTRACTED
g3383,U_g3383/ZN,82.27,85.4,False,13891,3.5270499,4.774212919,2.825817,6.3528669,EXTRACTED
g339,U_g339/Q,43.51,84.0,True,16657,2.1932003,2.4963317700000007,2.755084,4.9482843,EXTRACTED
g3390,U_g3390/ZN,129.39,71.4,True,16262,0.384624,0.1281757,0.97463,1.359254,EXTRACTED
g3399,U_g3399/ZN,108.49,102.2,False,17302,2.4298958099999997,2.8606402600000003,1.70023,4.130125809999999,EXTRACTED
g34,U_g34/Q,91.39,40.6,True,16722,1.2539004,0.80889175,1.836939,3.0908394,EXTRACTED
g3407,U_g3407/ZN,77.52,2.8,False,0,0.1950764,0.16576831,1.70023,1.8953064,EXTRACTED
g3408,U_g3408/ZN,63.65,92.4,False,13188,0.3313477,0.50200598,3.2801400000000003,3.6114877000000005,EXTRACTED
g3412,U_g3412/ZN,86.07,98.0,False,13901,0.746039,0.7287028839999999,0.941939,1.687978,EXTRACTED
g3414,U_g3414/ZN,79.42,98.0,False,17818,4.1479612999999995,0.45376528099999996,1.70023,5.8481913,EXTRACTED
g3418,U_g3418/ZN,73.34,2.8,False,0,0.0833608,0.05174954999999999,1.70023,1.7835907999999998,EXTRACTED
g3419,U_g3419/ZN,68.78,96.6,False,10908,0.2396338,0.21212633200000003,3.427413,3.6670468,EXTRACTED
g342,U_g342/Q,54.72,72.8,True,16661,2.0911549,1.7847388439999998,2.755084,4.8462388999999995,EXTRACTED
g3422,U_g3422/ZN,82.46,107.8,False,13987,0.642736,1.010756464,0.941939,1.5846749999999998,EXTRACTED
g3423,U_g3423/ZN,129.39,68.6,False,37,0.29213,0.29666292,1.70023,1.99236,EXTRACTED
g3425,U_g3425/ZN,124.26,70.0,False,20200,0.6656189,0.7484671799999999,1.70023,2.3658489,EXTRACTED
g3429,U_g3429/ZN,100.32,96.6,False,13900,0.667028,2.05356317,0.941939,1.6089669999999998,EXTRACTED
g3431,U_g3431/ZN,108.11,99.4,False,16685,2.8003789699999997,0.06090772,1.70023,4.50060897,EXTRACTED
g3434,U_g3434/ZN,88.92,112.0,False,13466,0.5061640000000001,0.773467655,0.941939,1.4481030000000001,EXTRACTED
g3435,U_g3435/ZN,120.46,106.4,False,16579,1.812022,0.32106370000000006,1.70023,3.512252,EXTRACTED
g3438,U_g3438/ZN,113.81,112.0,False,16685,2.8792818000000002,1.76609334,1.70023,4.579511800000001,EXTRACTED
g3440,U_g3440/ZN,37.05,110.6,False,11315,4.45319075,2.8167475310000007,11.492693,15.94588375,EXTRACTED
g345,U_g345/Q,28.12,85.4,True,16840,2.41054072,1.744210739,2.755084,5.16562472,EXTRACTED
g3460,U_g3460/ZN,83.41,124.6,False,31323,0.6140669699999999,0.907659808,3.263231,3.87729797,EXTRACTED
g3462,U_g3462/ZN,14.63,85.4,False,10913,0.9510358999999999,0.36500522,1.119679,2.0707149,EXTRACTED
g3475,U_g3475/ZN,28.5,120.4,False,12980,0.7722546,0.758796361,4.116209,4.8884636,EXTRACTED
g3479,U_g3479/ZN,94.81,114.8,True,16623,0.7929791,0.9179916260000001,8.02975,8.8227291,EXTRACTED
g348,U_g348/Q,40.09,91.0,True,16607,4.10450319,5.1770483,2.755084,6.85958719,EXTRACTED
g3485,U_g3485/ZN,93.1,114.8,True,16619,1.2453146999999998,1.23983788,8.179870000000001,9.4251847,EXTRACTED
g3491,U_g3491/ZN,92.91,113.4,True,16672,0.9672843,0.8499051960000001,6.69652,7.6638043,EXTRACTED
g3497,U_g3497/ZN,24.7,23.8,False,1161,0.15191107999999998,0.09687073,1.83629,1.98820108,EXTRACTED
g35,U_g35/Q,87.97,30.8,True,16860,0.5497183,0.43155837,1.836939,2.3866573,EXTRACTED
g3501,U_g3501/ZN,91.77,114.8,True,16665,0.66273137,0.7583716380000001,5.210412,5.87314337,EXTRACTED
g3506,U_g3506/ZN,78.28,7.0,False,343,0.1958124,0.129935729,1.119679,1.3154914,EXTRACTED
g351,U_g351/Q,50.92,81.2,True,16650,1.1947336000000002,1.216283855,2.755084,3.9498176000000003,EXTRACTED
g3512,U_g3512/ZN,69.16,26.6,False,12651,0.6666909999999999,0.4736426,0.941939,1.6086299999999998,EXTRACTED
g3513,U_g3513/ZN,31.35,57.4,False,23834,0.69607492,0.591584028,4.181376,4.87745092,EXTRACTED
g3516,U_g3516/ZN,104.88,63.0,False,6089,1.2339557,1.52851456,0.941939,2.1758947,EXTRACTED
g3521,U_g3521/ZN,104.69,105.0,False,0,10.949848489999997,8.401521342000002,22.41649,33.36633849,EXTRACTED
g3523,U_g3523/ZN,69.73,23.8,True,16326,0.27673580000000003,0.25250022,2.92389,3.2006258,EXTRACTED
g3524,U_g3524/ZN,55.67,26.6,False,18198,2.55636186,1.63395567,4.5343800000000005,7.0907418600000005,EXTRACTED
g3529,U_g3529/ZN,34.96,116.2,False,16764,0.173737,0.10108936,0.918145,1.091882,EXTRACTED
g3530,U_g3530/ZN,62.13,100.8,False,21814,0.90997588,0.742834816,3.263231,4.17320688,EXTRACTED
g3533,U_g3533/ZN,67.83,140.0,False,13356,1.49444915,0.8614763819999999,4.172694,5.667143149999999,EXTRACTED
g3536,U_g3536/ZN,19.57,37.8,False,15062,0.379816,0.274301248,0.946814,1.32663,EXTRACTED
g3539,U_g3539/ZN,114.95,119.0,False,6479,0.247472,0.778160732,0.97463,1.222102,EXTRACTED
g354,U_g354/Q,49.97,89.6,True,16075,1.6060906999999998,1.7598401229999996,2.755084,4.361174699999999,EXTRACTED
g3543,U_g3543/ZN,68.59,95.2,False,11329,0.0317552,0.01782169,1.763571,1.7953262,EXTRACTED
g3546,U_g3546/ZN,58.71,100.8,False,0,0.8165841,0.35494118999999996,7.205239,8.021823099999999,EXTRACTED
g3563,U_g3563/ZN,87.78,56.0,False,12380,0.6158742,0.60856618,2.652102,3.2679762,EXTRACTED
g357,U_g357/Q,50.35,68.6,True,16719,1.5053372999999999,0.9851727100000001,2.755084,4.2604213,EXTRACTED
g3584,U_g3584/ZN,62.13,127.4,False,21104,0.48651,0.10263128,0.918145,1.404655,EXTRACTED
g3585,U_g3585/ZN,105.07,127.4,False,19701,0.5876287,0.22963182000000001,0.918145,1.5057737,EXTRACTED
g3586,U_g3586/ZN,132.81,64.4,False,6479,7.888380700000001,6.381240587000001,13.87236,21.7607407,EXTRACTED
g36,U_g36/Q,88.73,29.4,True,16874,0.6995118,0.51593987,1.836939,2.5364508,EXTRACTED
g360,U_g360/Q,50.35,77.0,True,16654,1.7222103000000002,1.1107168060000001,2.755084,4.4772943000000005,EXTRACTED
g3623,U_g3623/ZN,93.67,134.4,False,28509,0.6918648000000001,0.9150896999999999,3.263231,3.9550958000000005,EXTRACTED
g3625,U_g3625/ZN,66.5,51.8,False,16540,1.062595,0.5191449694900001,0.918145,1.98074,EXTRACTED
g3626,U_g3626/ZN,73.72,135.8,False,22271,0.301778,0.81961206,0.918145,1.219923,EXTRACTED
g3628,U_g3628/ZN,66.12,93.8,False,1821,0.0513276,0.16603419400000002,1.616298,1.6676256,EXTRACTED
g3629,U_g3629/ZN,88.54,84.0,False,0,0.930283,0.531014247,2.625975,3.5562579999999997,EXTRACTED
g363,U_g363/Q,44.65,91.0,True,16600,1.2433679999999998,1.1020782120000001,2.755084,3.998452,EXTRACTED
g3631,U_g3631/ZN,65.93,51.8,False,23864,0.25229,0.18653882,0.918145,1.170435,EXTRACTED
g3634,U_g3634/ZN,6.46,70.0,False,17119,0.380508,0.6663245499999999,0.918145,1.298653,EXTRACTED
g366,U_g366/Q,55.29,68.6,True,16683,1.75321814,1.3994686189999996,2.755084,4.50830214,EXTRACTED
g3661,U_g3661/ZN,72.01,53.2,False,793,0.1079268,0.264495257,1.70023,1.8081568,EXTRACTED
g3662,U_g3662/ZN,61.18,8.4,False,16346,0.5778019999999999,0.12542303999999999,0.918145,1.495947,EXTRACTED
g3664,U_g3664/ZN,54.53,26.6,False,11172,3.13833059,2.1187743200000004,11.525383999999999,14.663714589999998,EXTRACTED
g3681,U_g3681/ZN,84.36,64.4,False,16953,0.27545,0.43140545,0.918145,1.193595,EXTRACTED
g3684,U_g3684/ZN,132.24,79.8,False,5008,0.909494,1.29858366,0.941939,1.851433,EXTRACTED
g3685,U_g3685/ZN,126.35,70.0,False,310,2.0182223099999996,1.9705771009999997,4.172694,6.1909163099999995,EXTRACTED
g3688,U_g3688/ZN,35.34,78.4,False,15283,0.525936,0.5928734400000001,1.70023,2.226166,EXTRACTED
g369,U_g369/Q,70.11,49.0,True,16372,1.6865899000000002,1.6341579840000002,7.709863,9.3964529,EXTRACTED
g3695,U_g3695/ZN,97.66,135.8,False,5030,0.0516576,0.124085644,0.77983,0.8314876,EXTRACTED
g3696,U_g3696/ZN,60.23,70.0,False,5960,0.454624,0.45981490999999997,0.941939,1.396563,EXTRACTED
g3698,U_g3698/ZN,79.99,60.2,False,15277,0.9421250000000001,0.340540392,1.70023,2.6423550000000002,EXTRACTED
g37,U_g37/Q,88.92,25.2,True,16450,2.1701704,3.247569787,1.836939,4.0071094,EXTRACTED
g3705,U_g3705/ZN,123.5,40.6,False,0,0.078482,0.018150549999999998,0.97463,1.053112,EXTRACTED
g3706,U_g3706/ZN,16.15,71.4,False,2992,0.01710698,0.00031916400000000004,1.70023,1.71733698,EXTRACTED
g3710,U_g3710/ZN,54.91,23.8,False,12766,0.708634,0.605647582,4.116209,4.8248429999999995,EXTRACTED
g3714,U_g3714/ZN,126.16,74.2,False,12816,0.36319199999999996,0.288125319,1.651345,2.014537,EXTRACTED
g3717,U_g3717/ZN,133.19,47.6,False,16348,0.29097999999999996,0.12257525,0.918145,1.209125,EXTRACTED
g3723,U_g3723/ZN,28.69,116.2,False,8427,0.9917381999999999,0.9592256400000001,2.517177,3.5089152,EXTRACTED
g3734,U_g3734/ZN,23.37,116.2,False,5944,0.268016,0.18491086599999998,1.599032,1.867048,EXTRACTED
g3737,U_g3737/ZN,40.09,120.4,True,16563,0.391412,0.25131357000000004,0.97463,1.366042,EXTRACTED
g3738,U_g3738/ZN,34.58,116.2,False,5627,1.2119209999999998,0.9179727370000001,3.435322,4.647243,EXTRACTED
g374,U_g374/Q,78.66,58.8,True,16744,1.6299339400000001,1.943944693489999,6.018315,7.64824894,EXTRACTED
g3744,U_g3744/ZN,68.59,68.6,False,0,8.447340169999999,6.863750076000003,15.461964,23.90930417,EXTRACTED
g3753,U_g3753/ZN,31.73,113.4,False,4075,0.4111038,0.39648590749,2.627755,3.0388588,EXTRACTED
g3760,U_g3760/ZN,33.63,119.0,False,12817,0.291798,0.14366577000000003,1.599032,1.89083,EXTRACTED
g3765,U_g3765/ZN,74.67,130.2,False,9222,0.22556400000000001,0.37727973,0.879747,1.105311,EXTRACTED
g3766,U_g3766/ZN,54.34,21.0,False,15712,0.110731,0.28830428999999996,0.918145,1.028876,EXTRACTED
g3771,U_g3771/ZN,74.67,8.4,False,20508,0.0950402,0.0064421700000000005,0.918145,1.0131852,EXTRACTED
g3772,U_g3772/ZN,65.93,21.0,False,26466,0.106191,0.12974212,0.97463,1.080821,EXTRACTED
g3776,U_g3776/ZN,27.36,68.6,True,16900,0.8835334899999999,0.6160475489999999,8.02975,8.91328349,EXTRACTED
g378,U_g378/Q,75.62,40.6,True,16823,1.555433,1.6561356154899995,6.018315,7.573748,EXTRACTED
g3784,U_g3784/ZN,29.26,72.8,True,16908,0.71647225,0.8878096929999999,8.179870000000001,8.896342250000002,EXTRACTED
g3793,U_g3793/ZN,33.06,58.8,True,16972,1.1235356,1.4628098399999998,6.69652,7.8200556,EXTRACTED
g38,U_g38/Q,80.37,25.2,True,16792,1.0629891999999999,1.180770293,1.836939,2.8999281999999997,EXTRACTED
g3800,U_g3800/ZN,34.77,72.8,True,16939,0.7329369,1.04716733,5.210412,5.9433489,EXTRACTED
g3804,U_g3804/ZN,15.39,91.0,False,8514,0.4835321,0.42516332,1.83629,2.3198221,EXTRACTED
g3807,U_g3807/ZN,32.11,114.8,False,15015,0.4574296,0.784754184,3.249409,3.7068386,EXTRACTED
g3813,U_g3813/ZN,65.55,26.6,False,29846,0.299302,0.41018134,0.918145,1.217447,EXTRACTED
g3814,U_g3814/ZN,91.39,105.0,False,0,0.36033695,0.36381684,2.92389,3.28422695,EXTRACTED
g3818,U_g3818/ZN,34.77,112.0,False,15217,0.5373982,0.43817057049,0.964824,1.5022222,EXTRACTED
g3819,U_g3819/ZN,60.42,43.4,False,15363,0.0595816,0.044081310000000005,0.964824,1.0244056,EXTRACTED
g382,U_g382/Q,72.77,88.2,True,16524,2.65595401,1.666881202,6.018315,8.67426901,EXTRACTED
g3829,U_g3829/ZN,136.04,63.0,False,9876,2.731725529999999,2.0350292789999997,12.17213,14.903855529999998,EXTRACTED
g386,U_g386/Q,43.89,74.2,True,16043,2.26772446,2.693756134,6.876914,9.14463846,EXTRACTED
g3860,U_g3860/ZN,50.92,53.2,False,24294,0.028466199999999997,0.026318079999999997,0.918145,0.9466112,EXTRACTED
g3863,U_g3863/ZN,137.18,54.6,False,9876,0.790628,1.26855144,1.70023,2.490858,EXTRACTED
g3875,U_g3875/ZN,86.83,43.4,False,25419,0.0456344,0.01308845,0.927525,0.9731594,EXTRACTED
g3879,U_g3879/ZN,90.25,100.8,False,5,0.7455240999999999,0.68794061,0.97463,1.7201540999999998,EXTRACTED
g3880,U_g3880/ZN,95.57,74.2,False,21071,5.11833297,5.78489736,13.14676,18.26509297,EXTRACTED
g39,U_g39/Q,125.78,36.4,True,16419,2.219989,3.01394306,1.836939,4.056928,EXTRACTED
g3904,U_g3904/ZN,67.45,134.4,False,12518,0.0526056,0.007473189999999999,0.941939,0.9945446,EXTRACTED
g3906,U_g3906/ZN,114.57,117.6,False,6479,12.086282930000001,6.369509301,6.82241,18.90869293,EXTRACTED
g391,U_g391/Q,49.97,58.8,True,16528,2.1019004,1.8638740959999993,6.891469,8.993369399999999,EXTRACTED
g3912,U_g3912/ZN,69.16,85.4,False,13908,4.93044743,4.43963791,2.825817,7.75626443,EXTRACTED
g3913,U_g3913/ZN,86.45,40.6,False,0,16.441096910000006,12.851496837999997,14.61945,31.060546910000006,EXTRACTED
g3938,U_g3938/ZN,129.39,81.2,True,16624,0.297302,0.130583168,0.97463,1.271932,EXTRACTED
g3942,U_g3942/ZN,106.02,98.0,False,13901,0.999101,0.661845211,1.883878,2.8829789999999997,EXTRACTED
g3943,U_g3943/ZN,75.62,134.4,True,16698,1.5579470000000002,1.0892114849999999,3.89852,5.456467,EXTRACTED
g396,U_g396/Q,49.97,64.4,True,16705,1.6257380600000002,1.2847998409999999,6.894393,8.52013106,EXTRACTED
g3967,U_g3967/ZN,54.91,26.6,False,8958,1.6920509000000001,1.3754290089999996,4.168522,5.8605729,EXTRACTED
g3970,U_g3970/ZN,78.66,74.2,False,13987,0.366128,0.12689958,0.941939,1.3080669999999999,EXTRACTED
g3974,U_g3974/ZN,81.89,103.6,False,13900,0.12212617,0.30503595299999997,1.883878,2.0060041699999998,EXTRACTED
g3978,U_g3978/ZN,58.14,29.4,False,4594,0.455744,0.3582525000000001,1.599032,2.054776,EXTRACTED
g3979,U_g3979/ZN,91.39,78.4,False,13466,0.6487133,0.473390561,1.883878,2.5325913,EXTRACTED
g3982,U_g3982/ZN,57.19,22.4,True,16462,0.4812505,0.492723022,0.97463,1.4558805000000001,EXTRACTED
g3983,U_g3983/ZN,49.02,19.6,False,5318,0.8577532000000001,0.7355717070000001,3.435322,4.2930752000000005,EXTRACTED
g3987,U_g3987/ZN,109.25,99.4,False,13958,1.9688647000000001,2.4008353749999998,1.883878,3.8527427000000003,EXTRACTED
g3989,U_g3989/ZN,88.92,79.8,False,13970,1.4502974199999998,1.8033178249999997,1.883878,3.33417542,EXTRACTED
g3991,U_g3991/ZN,135.66,54.6,False,16161,0.666876,0.36245823399999993,0.946814,1.61369,EXTRACTED
g3992,U_g3992/ZN,49.59,22.4,False,4231,0.435774,0.6881892090000001,2.627755,3.063529,EXTRACTED
g3998,U_g3998/ZN,126.92,51.8,False,917,0.432046,0.43091793999999994,0.941939,1.373985,EXTRACTED
g3999,U_g3999/ZN,119.89,81.2,False,16359,0.5378579,0.51198459,0.946814,1.4846719,EXTRACTED
g4,U_g4/Q,72.96,86.8,True,16551,5.70672733,2.401336344,2.7788779999999997,8.485605329999999,EXTRACTED
g40,U_g40/Q,122.93,35.0,True,16443,2.0738632,0.7955300750000001,1.836939,3.9108022,EXTRACTED
g4000,U_g4000/ZN,116.28,65.8,False,16097,0.12563280000000002,0.035949171999999995,0.946814,1.0724468,EXTRACTED
g4001,U_g4001/ZN,53.58,19.6,False,12718,0.0848538,0.015896,1.599032,1.6838858,EXTRACTED
g4002,U_g4002/ZN,51.68,51.8,False,0,4.0483631,5.669618648999997,14.61945,18.6678131,EXTRACTED
g4006,U_g4006/ZN,86.83,119.0,False,13937,0.447424,0.31852980999999997,0.941939,1.389363,EXTRACTED
g4007,U_g4007/ZN,121.98,82.6,False,995,0.630355,0.35590272,0.941939,1.5722939999999999,EXTRACTED
g4008,U_g4008/ZN,121.6,71.4,False,895,0.6389720000000001,0.5053203199999999,0.941939,1.580911,EXTRACTED
g4009,U_g4009/ZN,121.22,60.2,False,16451,0.39214000000000004,0.27767974,0.946814,1.3389540000000002,EXTRACTED
g401,U_g401/Q,46.93,44.8,True,16517,3.0370455400000003,1.9866031486000004,6.867337,9.90438254,EXTRACTED
g4010,U_g4010/ZN,34.77,50.4,False,0,3.61626623,2.5514751680000005,14.61945,18.23571623,EXTRACTED
g4047,U_g4047/ZN,117.99,58.8,False,1007,0.108127,0.25646613,0.941939,1.050066,EXTRACTED
g4048,U_g4048/ZN,121.79,85.4,False,16370,0.7616879999999999,0.6488954800000001,0.946814,1.708502,EXTRACTED
g4052,U_g4052/ZN,90.25,116.2,False,22944,0.4432737,0.6591166700000001,3.263231,3.7065047,EXTRACTED
g4053,U_g4053/ZN,119.89,85.4,False,1118,0.892288,0.8145244219999999,0.941939,1.8342269999999998,EXTRACTED
g4054,U_g4054/ZN,129.58,89.6,False,16536,0.0301606,0.0,0.946814,0.9769746,EXTRACTED
g4058,U_g4058/ZN,132.62,93.8,False,998,0.395664,0.27116547999999996,0.941939,1.337603,EXTRACTED
g4059,U_g4059/ZN,132.24,54.6,False,16078,0.36893800000000004,0.45208008999999993,0.946814,1.315752,EXTRACTED
g406,U_g406/Q,36.67,63.0,True,16035,1.6982901000000001,1.72703825,6.876914,8.5752041,EXTRACTED
g4063,U_g4063/ZN,129.2,54.6,False,926,0.314038,0.33847183000000003,0.941939,1.255977,EXTRACTED
g4064,U_g4064/ZN,124.07,75.6,False,16340,0.849882,0.37576884649000003,0.946814,1.796696,EXTRACTED
g4065,U_g4065/ZN,65.93,58.8,False,225,0.170192,0.15537605999999998,1.763571,1.933763,EXTRACTED
g4068,U_g4068/ZN,121.6,78.4,False,1014,0.522488,0.32059394999999996,0.941939,1.464427,EXTRACTED
g4069,U_g4069/ZN,120.84,78.4,False,16563,0.334666,0.11598734000000001,0.946814,1.2814800000000002,EXTRACTED
g4070,U_g4070/ZN,24.7,25.2,False,22950,0.7711626,0.6051440439999999,1.83629,2.6074526000000002,EXTRACTED
g4073,U_g4073/ZN,48.83,22.4,False,14796,0.43656300000000003,0.759433342,3.249409,3.685972,EXTRACTED
g4076,U_g4076/ZN,129.77,81.2,False,6342,0.1186706,0.10281564,1.119679,1.2383496,EXTRACTED
g4079,U_g4079/ZN,118.94,77.0,False,1011,0.278206,0.016144715000000004,0.941939,1.220145,EXTRACTED
g4088,U_g4088/ZN,134.9,74.2,False,17041,0.0759298,0.010858048,0.918145,0.9940748,EXTRACTED
g4089,U_g4089/ZN,125.21,75.6,False,6346,1.6562270000000001,1.015676256,2.819909,4.476136,EXTRACTED
g4094,U_g4094/ZN,52.25,61.6,False,9346,0.9841260000000001,0.50502508,0.879747,1.863873,EXTRACTED
g4097,U_g4097/ZN,115.9,42.0,False,16741,0.0497538,0.054697960000000004,0.946814,0.9965678,EXTRACTED
g4099,U_g4099/ZN,64.22,1.4,False,2720,0.47679436000000003,0.31290917499999993,4.172694,4.64948836,EXTRACTED
g41,PORT/g41,118.255,0.07,False,0,0.561064,0.27105944000000004,0.974659,1.535723,EXTRACTED
g4103,U_g4103/ZN,115.14,39.2,False,15242,0.750862,0.57282098,0.946814,1.697676,EXTRACTED
g4104,U_g4104/ZN,54.72,22.4,False,18027,0.384022,0.60536623,0.964824,1.348846,EXTRACTED
g4106,U_g4106/ZN,16.15,96.6,False,2906,0.17121979999999998,0.039686217999999995,1.83629,2.0075098,EXTRACTED
g4109,U_g4109/ZN,84.93,63.0,False,1205,0.9317960000000001,0.5942893410000001,4.172694,5.10449,EXTRACTED
g411,U_g411/Q,49.97,56.0,True,16519,2.20223208,2.276755058,6.891469,9.093701079999999,EXTRACTED
g4114,U_g4114/ZN,132.43,49.0,False,1688,1.9676839,1.56934712,1.119679,3.0873629,EXTRACTED
g4115,U_g4115/ZN,127.87,44.8,False,14600,0.1121934,0.14945659,0.946814,1.0590074,EXTRACTED
g4117,U_g4117/ZN,36.48,112.0,False,15685,0.6817397999999999,0.47260879,4.5343800000000005,5.2161198,EXTRACTED
g4122,U_g4122/ZN,105.83,91.0,False,3,1.0322541699999999,1.7774043,0.97463,2.0068841699999997,EXTRACTED
g4123,U_g4123/ZN,125.4,56.0,False,12979,0.802276,0.37967454000000006,0.946814,1.74909,EXTRACTED
g4126,U_g4126/ZN,129.39,42.0,False,13835,0.0567642,0.041954939999999996,0.946814,1.0035782,EXTRACTED
g4128,U_g4128/ZN,73.15,128.8,False,14175,0.150811,0.1942642,0.941939,1.0927499999999999,EXTRACTED
g4130,U_g4130/ZN,79.8,8.4,False,15321,0.364178,0.33649924699999995,1.70023,2.064408,EXTRACTED
g4141,U_g4141/ZN,128.25,47.6,False,12790,0.39175800000000005,0.08153417999999998,0.946814,1.338572,EXTRACTED
g4144,U_g4144/ZN,68.21,93.8,False,2832,2.6984173,1.0051974160000001,3.5841079999999996,6.2825253,EXTRACTED
g4157,U_g4157/ZN,129.01,47.6,False,12755,0.0515842,0.020555160000000003,0.946814,0.9983982,EXTRACTED
g4158,U_g4158/ZN,134.52,107.8,False,16772,0.084968,0.0038845599999999996,1.119679,1.204647,EXTRACTED
g416,U_g416/Q,35.34,56.0,True,16018,2.23348514,1.3360067830000004,6.894393,9.12787814,EXTRACTED
g4161,U_g4161/ZN,127.68,46.2,False,12765,0.020428599999999998,0.0,0.946814,0.9672426000000001,EXTRACTED
g4162,U_g4162/ZN,64.79,26.6,False,12402,0.503744,0.33623089000000006,0.941939,1.4456829999999998,EXTRACTED
g4168,U_g4168/ZN,53.58,134.4,False,16961,0.567812,0.21601347,0.918145,1.485957,EXTRACTED
g4169,U_g4169/ZN,113.05,40.6,False,14591,0.516588,0.8760715200000001,0.946814,1.463402,EXTRACTED
g4171,output112/Z,6.84,81.2,False,10253,0.534698,0.11191285000000001,0,0.534698,EXTRACTED
g4172,output113/Z,9.31,79.8,True,16920,0.534548,0.5578664899999999,0,0.534548,EXTRACTED
g4173,output114/Z,61.75,4.2,True,16215,0.255224,0.20131034999999997,0,0.255224,EXTRACTED
g4174,output115/Z,55.48,2.8,True,16097,0.21296600000000002,0.11043226,0,0.21296600000000002,EXTRACTED
g4175,output116/Z,1.33,32.2,True,16297,0.0855058,0.06461154999999999,0,0.0855058,EXTRACTED
g4176,output117/Z,60.04,7.0,True,16163,0.53494,0.548719104,0,0.53494,EXTRACTED
g4177,output118/Z,63.84,5.6,True,16257,0.493672,0.03577024,0,0.493672,EXTRACTED
g4178,output119/Z,68.21,2.8,True,16042,0.265226,0.0442076,0,0.265226,EXTRACTED
g4179,output120/Z,54.91,2.8,True,16121,0.24963,0.07040279,0,0.24963,EXTRACTED
g4180,output121/Z,112.67,2.8,True,16842,0.17631339999999998,0.08336441399999998,0,0.17631339999999998,EXTRACTED
g4181,output122/Z,74.86,9.8,True,16798,0.8497100000000001,0.14549383000000002,0,0.8497100000000001,EXTRACTED
g4191,output123/Z,88.73,1.4,False,0,0.24520199999999998,0.7161964000000001,0,0.24520199999999998,EXTRACTED
g4192,output124/Z,77.9,4.2,False,0,0.308222,0.124727928,0,0.308222,EXTRACTED
g4193,output125/Z,81.51,1.4,False,0,0.1689532,0.038974850000000005,0,0.1689532,EXTRACTED
g4194,output126/Z,83.6,2.8,False,0,0.1441718,0.12966147,0,0.1441718,EXTRACTED
g4195,output127/Z,88.35,2.8,False,0,0.30853,0.05438282,0,0.30853,EXTRACTED
g4196,output128/Z,85.69,1.4,False,0,0.15628720000000001,0.03063082,0,0.15628720000000001,EXTRACTED
g4197,output129/Z,79.04,2.8,False,0,0.220556,0.3089727,0,0.220556,EXTRACTED
g4198,output130/Z,83.98,1.4,False,0,0.1693422,0.05284486,0,0.1693422,EXTRACTED
g4199,output131/Z,80.56,8.4,False,0,0.744564,0.4403317499999999,0,0.744564,EXTRACTED
g42,PORT/g42,124.415,0.07,False,0,0.780608,0.6869472400000001,0.974659,1.755267,EXTRACTED
g4200,output132/Z,85.12,1.4,False,0,0.314656,0.07998682,0,0.314656,EXTRACTED
g4201,output133/Z,95.57,2.8,False,0,0.360958,0.27590517999999997,0,0.360958,EXTRACTED
g4202,output134/Z,91.77,1.4,False,0,0.37484999999999996,0.17029213,0,0.37484999999999996,EXTRACTED
g4203,output135/Z,93.48,1.4,False,0,0.18651759999999998,0.01978332,0,0.18651759999999998,EXTRACTED
g4204,output136/Z,89.3,1.4,False,0,0.1337758,0.11328748,0,0.1337758,EXTRACTED
g4205,output137/Z,145.73,28.0,False,0,0.27582,0.05446194,0,0.27582,EXTRACTED
g4206,output138/Z,130.91,2.8,False,0,0.38956199999999996,0.10125052,0,0.38956199999999996,EXTRACTED
g4207,output139/Z,145.73,32.2,False,0,0.31944,0.19028476000000002,0,0.31944,EXTRACTED
g4208,output140/Z,145.73,33.6,False,0,0.1464398,0.07338549400000001,0,0.1464398,EXTRACTED
g4209,output141/Z,133.57,1.4,False,0,0.195596,0.03182753,0,0.195596,EXTRACTED
g421,U_g421/Q,57.0,56.0,True,16553,2.3075691000000003,2.0607883840000003,6.876914,9.184483100000001,EXTRACTED
g4210,output142/Z,145.73,36.4,False,0,0.19081640000000002,0.04115685,0,0.19081640000000002,EXTRACTED
g4211,output143/Z,144.59,33.6,False,0,0.18373,0.07726284,0,0.18373,EXTRACTED
g4212,output144/Z,131.67,8.4,False,0,0.916792,0.061870720000000004,0,0.916792,EXTRACTED
g4213,output145/Z,132.43,1.4,False,0,0.1850438,0.02978846,0,0.1850438,EXTRACTED
g4214,output146/Z,122.55,1.4,False,0,0.45096600000000003,0.01978332,0,0.45096600000000003,EXTRACTED
g4215,output147/Z,137.94,30.8,False,0,1.0231439999999998,0.321167287,0,1.0231439999999998,EXTRACTED
g4216,output148/Z,145.73,29.4,False,0,0.1639638,0.05014096,0,0.1639638,EXTRACTED
g4218,U_g4218/ZN,24.13,70.0,False,3874,0.5080579999999999,0.604322105,3.198064,3.7061219999999997,EXTRACTED
g4220,U_g4220/ZN,121.22,119.0,False,12261,0.33099399999999995,0.42757837000000004,0.946814,1.277808,EXTRACTED
g4223,U_g4223/ZN,105.26,124.6,False,12714,0.837024,0.4072008920000001,0.941939,1.778963,EXTRACTED
g4224,U_g4224/ZN,82.08,99.4,False,5670,0.38310599999999995,0.241856402,0.941939,1.3250449999999998,EXTRACTED
g4227,U_g4227/ZN,23.56,65.8,False,5578,0.500434,0.08028856999999999,3.198064,3.698498,EXTRACTED
g4229,U_g4229/ZN,72.58,117.6,False,12531,1.0024440000000001,0.553335592,0.941939,1.9443830000000002,EXTRACTED
g4230,U_g4230/ZN,72.01,109.2,False,5750,0.232184,0.26149682,0.941939,1.174123,EXTRACTED
g4231,U_g4231/ZN,131.48,47.6,False,16436,0.551304,0.3578100900000001,1.119679,1.670983,EXTRACTED
g4234,U_g4234/ZN,26.6,65.8,False,3880,0.1732026,0.24167662699999998,3.198064,3.3712666000000002,EXTRACTED
g4235,U_g4235/ZN,84.93,102.2,False,13037,0.638772,0.377501906,0.941939,1.580711,EXTRACTED
g4236,U_g4236/ZN,74.1,93.8,False,5287,0.23581200000000002,0.17327886299999998,0.941939,1.177751,EXTRACTED
g4238,U_g4238/ZN,117.8,89.6,False,16730,0.5476753999999999,0.25563886,1.119679,1.6673544,EXTRACTED
g4239,U_g4239/ZN,117.8,64.4,False,16434,0.039673599999999996,0.12727470000000002,1.119679,1.1593526,EXTRACTED
g4243,U_g4243/ZN,60.99,29.4,False,18198,1.2915190300000001,1.5032619360000001,6.57338,7.86489903,EXTRACTED
g4251,U_g4251/ZN,26.6,70.0,False,4179,0.8596314399999999,0.61137358,3.198064,4.05769544,EXTRACTED
g4252,U_g4252/ZN,75.62,116.2,False,12566,0.1304252,0.17986096000000001,0.941939,1.0723642,EXTRACTED
g4253,U_g4253/ZN,72.01,102.2,False,4978,0.0424292,0.019305,0.941939,0.9843682,EXTRACTED
g4255,U_g4255/ZN,116.28,58.8,False,16924,0.7444024,0.5336264869999999,1.119679,1.8640814,EXTRACTED
g4259,U_g4259/ZN,25.65,70.0,False,3354,0.8028537,0.8695017219999999,3.198064,4.0009177000000005,EXTRACTED
g426,U_g426/Q,60.23,61.6,True,16528,1.8605001,1.424660297,6.932504,8.7930041,EXTRACTED
g4261,U_g4261/ZN,68.4,112.0,False,12710,1.039074,0.5468292319999999,0.941939,1.981013,EXTRACTED
g4263,U_g4263/ZN,128.63,89.6,False,6479,8.6875309,9.117482044900001,11.44653,20.1340609,EXTRACTED
g4264,U_g4264/ZN,129.58,78.4,False,16768,1.482674,0.8473482549999999,1.119679,2.602353,EXTRACTED
g4267,U_g4267/ZN,33.25,70.0,False,4818,0.36823034,0.24669491799999999,3.198064,3.56629434,EXTRACTED
g4269,U_g4269/ZN,76.19,102.2,False,11977,0.054089399999999996,0.09831941,0.941939,0.9960283999999999,EXTRACTED
g4271,U_g4271/ZN,110.96,70.0,True,16559,0.6582936,0.33338753499999996,1.893628,2.5519216,EXTRACTED
g4273,U_g4273/ZN,112.1,85.4,False,6479,1.0412935,0.9371905689999999,3.89852,4.9398135,EXTRACTED
g4274,U_g4274/ZN,130.53,89.6,False,16818,0.521164,0.24419641299999997,1.119679,1.640843,EXTRACTED
g4276,U_g4276/ZN,64.22,58.8,False,7,0.9257449999999999,1.0596624700000001,0.918145,1.84389,EXTRACTED
g4278,U_g4278/ZN,27.55,65.8,False,4307,0.58826443,0.4600076500000001,3.198064,3.78632843,EXTRACTED
g4281,U_g4281/ZN,82.65,81.2,False,6479,2.12726307,1.177941583,1.94926,4.07652307,EXTRACTED
g4283,U_g4283/ZN,130.72,49.0,False,16344,0.32391400000000004,0.36907009,1.119679,1.4435930000000001,EXTRACTED
g4285,U_g4285/ZN,25.08,78.4,False,15283,1.0657305000000001,1.596709893,3.89852,4.9642505,EXTRACTED
g4286,U_g4286/ZN,26.6,67.2,False,4306,0.7578739999999999,1.061493964,3.198064,3.9559379999999997,EXTRACTED
g4289,U_g4289/ZN,128.82,99.4,False,6479,3.8453001999999996,2.4446422369999996,2.92389,6.7691902,EXTRACTED
g4290,U_g4290/ZN,111.91,89.6,False,6479,1.1398139999999999,1.5967335849999997,1.94926,3.089074,EXTRACTED
g4292,U_g4292/ZN,114.57,57.4,False,9876,1.0059828400000002,0.615461987,4.87315,5.8791328400000005,EXTRACTED
g4293,U_g4293/ZN,122.55,86.8,False,16646,0.49140399999999995,0.29382020000000003,1.119679,1.611083,EXTRACTED
g4294,U_g4294/ZN,45.41,33.6,False,11172,1.9202636699999998,1.836750669,8.77167,10.691933670000001,EXTRACTED
g4297,U_g4297/ZN,77.14,127.4,False,20481,0.6884827,0.59962955,0.918145,1.6066277,EXTRACTED
g43,PORT/g43,121.615,0.07,False,0,0.21761,0.020431536,0.974659,1.192269,EXTRACTED
g4300,U_g4300/ZN,56.81,106.4,False,15339,0.8350230000000001,0.29098113999999997,1.70023,2.535253,EXTRACTED
g4309,U_g4309/ZN,117.8,79.8,False,16720,3.337824,3.0728200680000004,1.119679,4.457503,EXTRACTED
g431,U_g431/Q,39.52,53.2,True,16049,1.2243188399999998,0.5875840430000001,5.976248,7.20056684,EXTRACTED
g4316,U_g4316/ZN,60.42,42.0,False,12516,0.1677266,0.060402479999999995,0.959052,1.1267786,EXTRACTED
g4325,U_g4325/ZN,95.19,133.0,False,15236,0.358464,0.19964764999999998,1.119679,1.4781430000000002,EXTRACTED
g4330,U_g4330/ZN,87.59,133.0,False,15274,0.44439399999999996,0.21689270300000002,1.119679,1.564073,EXTRACTED
g4334,U_g4334/ZN,95.95,79.8,False,15256,0.7017363999999999,0.3419718010000001,1.119679,1.8214154,EXTRACTED
g4336,U_g4336/ZN,83.6,12.6,False,15321,2.8332077,2.705668320000001,8.77167,11.6048777,EXTRACTED
g4338,U_g4338/ZN,51.87,78.4,False,14840,0.26117399999999996,0.14705980000000002,1.119679,1.380853,EXTRACTED
g4340,U_g4340/ZN,48.45,85.4,False,14864,0.2346,0.1531261,1.119679,1.354279,EXTRACTED
g4341,U_g4341/ZN,77.33,75.6,False,2266,0.591002,0.7859723,0.941939,1.532941,EXTRACTED
g4342,U_g4342/ZN,94.62,65.8,False,15188,0.101703,0.119213534,1.119679,1.2213820000000002,EXTRACTED
g4343,U_g4343/ZN,51.68,102.2,False,1092,0.8208063999999999,0.379121102,0.941939,1.7627454,EXTRACTED
g4345,U_g4345/ZN,80.75,114.8,False,12590,0.414906,0.44322965,0.946814,1.36172,EXTRACTED
g4348,U_g4348/ZN,27.17,23.8,False,590,0.2411022,0.12298835,1.83629,2.0773922,EXTRACTED
g435,U_g435/Q,40.85,40.6,True,16472,1.4772118,1.2353113270000002,6.956636,8.433847799999999,EXTRACTED
g4358,U_g4358/ZN,111.53,64.4,False,11567,0.09147720000000001,0.09487523,0.946814,1.0382912,EXTRACTED
g4360,U_g4360/ZN,70.11,26.6,False,12768,0.6395040000000001,0.9224136599999999,0.946814,1.5863180000000001,EXTRACTED
g4364,U_g4364/ZN,91.2,53.2,False,11270,0.272322,0.08712518,0.946814,1.219136,EXTRACTED
g4365,U_g4365/ZN,106.78,77.0,False,21071,0.386654,0.7389498050000001,0.97463,1.361284,EXTRACTED
g4374,U_g4374/ZN,85.12,124.6,False,31100,0.6421734,0.584002008,3.198064,3.8402374,EXTRACTED
g4379,U_g4379/ZN,86.07,50.4,False,15277,1.480854,1.530424896,3.89852,5.379374,EXTRACTED
g4381,U_g4381/ZN,95.95,127.4,False,6479,5.0949609,4.853329653000001,8.77167,13.8666309,EXTRACTED
g4383,U_g4383/ZN,138.7,82.6,False,14828,0.052701599999999994,0.11262345000000001,0.941939,0.9946406,EXTRACTED
g4389,U_g4389/ZN,37.62,114.8,False,12916,0.8511420000000001,0.6990026500000001,0.946814,1.797956,EXTRACTED
g4392,U_g4392/ZN,139.27,77.0,False,9868,0.60686559,0.460847896,0.941939,1.54880459,EXTRACTED
g4397,U_g4397/ZN,36.86,114.8,False,5987,0.763517,0.7249518979999999,0.941939,1.7054559999999999,EXTRACTED
g44,PORT/g44,114.895,0.07,False,0,0.28655400000000003,0.1133787,0.974659,1.2612130000000001,EXTRACTED
g440,U_g440/Q,46.17,49.0,True,16524,0.9845668000000001,0.8016716070000001,3.6788499999999997,4.6634168,EXTRACTED
g4400,U_g4400/ZN,134.14,74.2,False,9140,0.309728,0.34400108,0.941939,1.2516669999999999,EXTRACTED
g4401,U_g4401/ZN,64.6,21.0,False,10925,2.4539778,2.5186223500000007,12.07038,14.5243578,EXTRACTED
g4421,U_g4421/ZN,13.68,78.4,False,6524,3.9898733499999994,3.2349014689999995,18.679585,22.66945835,EXTRACTED
g4431,U_g4431/ZN,75.05,131.6,False,11706,0.17550120000000002,0.26845486,1.726477,1.9019782,EXTRACTED
g4432,U_g4432/ZN,25.08,123.2,False,5241,1.588314,1.9365827669999998,2.56949,4.1578040000000005,EXTRACTED
g4437,U_g4437/ZN,111.53,74.2,True,16559,0.49247430000000003,0.35867577,1.893628,2.3861023,EXTRACTED
g444,U_g444/Q,47.5,82.6,True,16669,3.11647833,1.199017688,3.669273,6.78575133,EXTRACTED
g4449,U_g4449/ZN,71.82,65.8,False,2832,3.0593996,2.40736815,8.77167,11.8310696,EXTRACTED
g4455,U_g4455/ZN,67.83,95.2,False,3247,1.3924553,0.710294304,3.198064,4.5905193,EXTRACTED
g4456,U_g4456/ZN,117.23,72.8,True,16559,0.01710866,0.00176665,0.946814,0.96392266,EXTRACTED
g4457,U_g4457/ZN,129.96,58.8,False,9876,6.262523,3.7056821289999995,9.49727,15.759793,EXTRACTED
g4465,U_g4465/ZN,43.13,117.6,False,15378,0.991792,0.616518572,1.119679,2.111471,EXTRACTED
g4467,U_g4467/ZN,131.86,64.4,False,9876,0.7617788999999999,0.708929108,5.84778,6.6095589,EXTRACTED
g4471,U_g4471/ZN,95.57,42.0,False,15260,0.201206,0.12345528999999998,1.119679,1.320885,EXTRACTED
g4473,U_g4473/ZN,63.08,106.4,False,15348,0.5854043,0.4997682020000001,1.119679,1.7050833,EXTRACTED
g4476,U_g4476/ZN,28.12,114.8,False,17930,0.1717272,0.18766174,0.946814,1.1185412000000001,EXTRACTED
g4477,U_g4477/ZN,95.95,43.4,False,15174,0.70838,0.67028601,1.119679,1.828059,EXTRACTED
g448,U_g448/Q,52.44,53.2,True,16534,1.17699023,0.6669790000000001,3.696329,4.87331923,EXTRACTED
g4480,U_g4480/ZN,90.06,135.8,False,15274,0.1780058,0.17741652,1.119679,1.2976848,EXTRACTED
g4481,U_g4481/ZN,123.69,81.2,False,11607,0.543734,0.31279924500000006,0.946814,1.490548,EXTRACTED
g4482,U_g4482/ZN,69.35,2.8,False,16307,0.310116,0.21768233000000003,0.918145,1.228261,EXTRACTED
g4483,U_g4483/ZN,125.59,93.8,False,1001,0.7501480999999999,0.352535766,0.941939,1.6920870999999997,EXTRACTED
g4484,U_g4484/ZN,65.93,39.2,False,15098,0.10321280000000001,0.026706920000000002,1.119679,1.2228918000000002,EXTRACTED
g4486,U_g4486/ZN,100.32,133.0,False,12330,0.462048,0.10333043800000001,0.946814,1.408862,EXTRACTED
g4487,U_g4487/ZN,53.2,65.8,False,12976,0.45962200000000003,0.65188174,0.946814,1.406436,EXTRACTED
g4488,U_g4488/ZN,87.02,57.4,False,16778,0.324536,0.09971055000000001,0.918145,1.242681,EXTRACTED
g4489,U_g4489/ZN,114.76,93.8,False,2177,0.9792293000000001,0.9258476800000002,0.941939,1.9211683000000002,EXTRACTED
g4490,U_g4490/ZN,94.05,72.8,False,15208,0.080683,0.04009664,1.119679,1.2003620000000002,EXTRACTED
g4492,U_g4492/ZN,134.52,85.4,False,177,0.8811818000000001,0.741518154,4.172694,5.0538758,EXTRACTED
g4497,U_g4497/ZN,52.82,96.6,False,2379,1.2054960000000001,0.502148572,0.941939,2.147435,EXTRACTED
g4498,U_g4498/ZN,89.68,120.4,False,15312,0.385336,0.37058009999999997,1.119679,1.5050150000000002,EXTRACTED
g45,PORT/g45,116.575,0.07,False,0,0.292934,0.16354898,0.974659,1.2675930000000002,EXTRACTED
g4500,U_g4500/ZN,95.19,77.0,False,13011,0.0521382,0.107939573,1.119679,1.1718172,EXTRACTED
g4502,U_g4502/ZN,130.53,77.0,False,12935,0.0742398,0.014274239999999999,1.714471,1.7887108,EXTRACTED
g4503,U_g4503/ZN,77.9,133.0,False,13035,0.0588036,0.1206754,0.946814,1.0056176000000001,EXTRACTED
g4505,U_g4505/ZN,75.24,89.6,False,3094,0.421538,0.72366529,0.941939,1.363477,EXTRACTED
g4506,U_g4506/ZN,92.72,127.4,False,15278,0.731086,0.7153397699999999,1.119679,1.850765,EXTRACTED
g4512,U_g4512/ZN,59.28,77.0,False,2423,1.0239491,0.6470136700000002,0.941939,1.9658881,EXTRACTED
g4518,U_g4518/ZN,53.2,49.0,False,15104,0.01742614,0.0,0.918145,0.93557114,EXTRACTED
g452,U_g452/Q,51.11,46.2,True,16409,0.9668852099999998,0.983046781,3.693405,4.660290209999999,EXTRACTED
g4522,U_g4522/ZN,52.06,96.6,False,2389,0.4735442,0.6051492800000001,0.941939,1.4154832,EXTRACTED
g4525,U_g4525/ZN,119.7,77.0,False,21071,0.46665,0.32918693,1.70023,2.16688,EXTRACTED
g4529,U_g4529/ZN,62.51,50.4,False,15209,0.33334199999999997,0.13569183,0.918145,1.251487,EXTRACTED
g4534,U_g4534/ZN,56.62,93.8,False,2261,0.48603799999999997,0.537641881,0.941939,1.4279769999999998,EXTRACTED
g4537,U_g4537/ZN,48.64,53.2,False,15335,0.445006,0.4383350899999999,0.918145,1.363151,EXTRACTED
g4538,U_g4538/ZN,27.55,116.2,False,8555,0.65127012,0.6582980589999999,3.254485,3.90575512,EXTRACTED
g4542,U_g4542/ZN,75.62,77.0,False,2414,0.0579436,0.016839924,0.941939,0.9998826,EXTRACTED
g4548,U_g4548/ZN,49.78,43.4,False,15192,0.601572,0.22228923200000006,0.918145,1.519717,EXTRACTED
g4550,U_g4550/ZN,52.63,102.2,False,2535,0.0991306,0.141831876,0.941939,1.0410696,EXTRACTED
g4553,U_g4553/ZN,42.18,49.0,False,15136,0.0502974,0.010197765,0.918145,0.9684424,EXTRACTED
g4554,U_g4554/ZN,31.35,58.8,False,14846,0.026643800000000002,0.06662106000000001,0.918145,0.9447888,EXTRACTED
g4556,U_g4556/ZN,22.04,43.4,False,28109,0.0950894,0.02134708,1.119679,1.2147684,EXTRACTED
g4559,U_g4559/ZN,137.56,71.4,False,14903,0.13477899999999998,0.08236678000000001,0.941939,1.076718,EXTRACTED
g456,U_g456/Q,24.7,79.8,True,16900,1.8574313000000005,2.0660212319699998,7.709863,9.5672943,EXTRACTED
g4560,U_g4560/ZN,49.59,54.6,False,14833,0.571122,0.31312644,0.918145,1.489267,EXTRACTED
g4561,U_g4561/ZN,29.83,61.6,False,14850,0.391112,0.80927932,0.918145,1.3092570000000001,EXTRACTED
g4565,U_g4565/ZN,34.2,44.8,False,14825,0.5814557,0.342215979,0.918145,1.4996007,EXTRACTED
g4566,U_g4566/ZN,34.39,110.6,False,4075,0.398576,0.8209191039999998,1.599032,1.997608,EXTRACTED
g4567,U_g4567/ZN,54.53,130.2,False,2571,2.26781518,1.380493821,5.24435,7.51216518,EXTRACTED
g4572,U_g4572/ZN,67.45,93.8,False,102,1.8975464999999998,1.6422056409999999,1.8927749999999999,3.7903214999999997,EXTRACTED
g4576,U_g4576/ZN,29.64,47.6,False,15164,0.01742614,0.0,0.918145,0.93557114,EXTRACTED
g4581,U_g4581/ZN,57.95,21.0,False,11442,0.01742614,0.0,0.946814,0.96424014,EXTRACTED
g4582,U_g4582/ZN,33.44,51.8,False,14827,0.01742614,0.0,0.918145,0.93557114,EXTRACTED
g4584,U_g4584/ZN,57.0,21.0,False,5300,0.1136446,0.102577241,0.941939,1.0555836,EXTRACTED
g4585,U_g4585/ZN,33.25,46.2,False,15187,0.1712714,0.22945648999999996,0.918145,1.0894164,EXTRACTED
g4588,U_g4588/ZN,30.59,120.4,False,9180,0.1497166,0.289867991,0.918145,1.0678616,EXTRACTED
g46,PORT/g46,124.975,0.07,False,0,0.845884,0.5027733,0.974659,1.820543,EXTRACTED
g4601,U_g4601/ZN,93.29,113.4,False,5995,0.7456518999999999,0.276769645,3.198064,3.9437159,EXTRACTED
g4604,U_g4604/ZN,34.01,114.8,False,19869,0.584525,0.8983816748999999,1.621225,2.20575,EXTRACTED
g4605,U_g4605/ZN,94.81,116.2,False,4972,0.27191355,0.26448515,3.198064,3.46997755,EXTRACTED
g4607,U_g4607/ZN,95.19,113.4,False,4166,0.6212983999999999,0.51479511,3.198064,3.8193624,EXTRACTED
g4608,U_g4608/ZN,138.7,86.8,False,9876,1.29098529,1.1997406579999996,4.87315,6.16413529,EXTRACTED
g4609,U_g4609/ZN,60.61,49.0,False,25985,0.0981282,0.017236948,0.964824,1.0629522,EXTRACTED
g461,U_g461/Q,13.68,72.8,True,16908,3.0115757699999994,3.0701722006,15.898415,18.90999077,EXTRACTED
g4610,U_g4610/ZN,14.06,95.2,False,6766,0.5817987,0.3474356,1.83629,2.4180887,EXTRACTED
g4613,U_g4613/ZN,94.24,113.4,False,6067,0.7052521,1.023709951,3.198064,3.9033161,EXTRACTED
g4616,U_g4616/ZN,86.64,113.4,False,3909,1.0517223,1.318375333,3.198064,4.2497863,EXTRACTED
g4617,U_g4617/ZN,87.78,89.6,False,2,0.1810234,0.048182800000000005,0.97463,1.1556534,EXTRACTED
g4619,U_g4619/ZN,89.87,106.4,False,4062,0.34149779999999996,0.46619241199999994,3.198064,3.5395618,EXTRACTED
g4630,U_g4630/ZN,88.35,113.4,False,2807,0.5614356,0.3869806249999999,3.198064,3.7594996,EXTRACTED
g4639,U_g4639/ZN,85.5,117.6,False,5720,1.1181560000000001,0.811114312,3.198064,4.31622,EXTRACTED
g4640,U_g4640/ZN,98.61,54.6,False,22506,0.1700288,0.16359870399999998,1.70023,1.8702588,EXTRACTED
g466,U_g466/Q,21.47,67.2,True,16972,2.86975967,2.256509024999999,17.763325,20.63308467,EXTRACTED
g4670,U_g4670/ZN,79.8,99.4,False,13856,0.93596744,1.4643125337400003,1.883878,2.81984544,EXTRACTED
g4671,U_g4671/ZN,87.02,71.4,False,15155,4.3164909,2.422428081,3.89852,8.2150109,EXTRACTED
g4672,U_g4672/ZN,91.96,116.2,False,3584,0.3695176,0.5727132499999998,3.198064,3.5675816,EXTRACTED
g4673,U_g4673/ZN,82.65,119.0,False,6479,3.2539414000000004,3.4093128900000007,6.57338,9.8273214,EXTRACTED
g4675,U_g4675/ZN,53.01,23.8,False,19434,0.597292,0.8982696279999999,0.946814,1.5441060000000002,EXTRACTED
g4677,U_g4677/ZN,91.01,116.2,False,3749,0.6067536,0.43850302799999996,3.198064,3.8048176,EXTRACTED
g4678,U_g4678/ZN,62.13,107.8,False,0,4.407553999999999,4.367243496,14.61945,19.027003999999998,EXTRACTED
g4679,U_g4679/ZN,79.61,107.8,False,6479,12.103204469999998,7.723383349000002,8.77167,20.874874469999998,EXTRACTED
g4682,U_g4682/ZN,96.33,54.6,False,22667,0.830937,0.7161265400000001,1.70023,2.531167,EXTRACTED
g47,PORT/g47,119.935,0.07,False,0,0.472668,0.19734506999999998,0.974659,1.447327,EXTRACTED
g471,U_g471/Q,13.11,68.6,True,16939,2.90832506,2.185323778,19.876173,22.78449806,EXTRACTED
g4712,U_g4712/ZN,75.43,112.0,False,6254,1.4371995000000002,2.104144575,0.941939,2.3791385000000003,EXTRACTED
g4714,U_g4714/ZN,62.51,138.6,False,13299,0.46521789999999996,0.5138066339999999,0.946814,1.4120319000000001,EXTRACTED
g4715,U_g4715/ZN,94.81,128.8,False,5467,0.1245026,0.07521107,0.941939,1.0664415999999999,EXTRACTED
g4718,U_g4718/ZN,64.98,137.2,False,13006,0.4913901,0.4010340189700001,0.946814,1.4382041,EXTRACTED
g4720,U_g4720/ZN,79.42,119.0,False,12565,0.24656599999999998,0.39639392999999995,0.941939,1.188505,EXTRACTED
g4722,U_g4722/ZN,44.46,57.4,False,15198,0.309484,0.20898801000000003,0.918145,1.2276289999999999,EXTRACTED
g4723,U_g4723/ZN,66.5,137.2,False,12186,0.32333999999999996,0.73464342,0.941939,1.265279,EXTRACTED
g4725,U_g4725/ZN,98.42,127.4,False,12660,0.265508,0.28923577,0.941939,1.207447,EXTRACTED
g4727,U_g4727/ZN,33.25,56.0,False,14828,0.52732,1.069343665,0.918145,1.445465,EXTRACTED
g4732,U_g4732/ZN,47.12,58.8,False,15199,0.10858179999999999,0.06219758,0.918145,1.0267268,EXTRACTED
g4736,U_g4736/ZN,41.42,61.6,False,15357,0.47857,0.40223163,0.918145,1.396715,EXTRACTED
g4737,U_g4737/ZN,40.47,100.8,False,11315,1.8729601,1.1748271179999998,9.7463,11.6192601,EXTRACTED
g4739,U_g4739/ZN,45.22,110.6,False,15685,2.1893973,1.4637180610000002,6.57338,8.7627773,EXTRACTED
g4749,U_g4749/ZN,52.44,23.8,False,9051,0.20973209999999998,0.17687348,3.254485,3.4642171,EXTRACTED
g4752,U_g4752/ZN,44.65,63.0,False,15189,0.0626158,0.07585987999999999,0.918145,0.9807608,EXTRACTED
g4753,U_g4753/ZN,21.66,60.2,False,15540,0.038575200000000004,0.022331,0.918145,0.9567202,EXTRACTED
g4759,U_g4759/ZN,51.87,57.4,False,14822,1.2085599999999999,0.40678400700000006,0.918145,2.126705,EXTRACTED
g476,U_g476/Q,33.25,54.6,True,16047,1.8160968,1.565049505,6.942081,8.7581778,EXTRACTED
g4760,U_g4760/ZN,17.86,56.0,False,14851,0.39104,0.11626463,0.918145,1.309185,EXTRACTED
g4764,U_g4764/ZN,42.75,63.0,False,15191,0.07410280000000001,0.025218725,0.918145,0.9922478,EXTRACTED
g4765,U_g4765/ZN,18.05,54.6,False,14858,0.6232869999999999,0.46758636000000003,0.918145,1.541432,EXTRACTED
g4770,U_g4770/ZN,36.1,61.6,False,14804,0.332516,0.13090364999999998,0.918145,1.250661,EXTRACTED
g4771,U_g4771/ZN,18.05,60.2,False,15456,0.01742614,0.0,0.918145,0.93557114,EXTRACTED
g4776,U_g4776/ZN,53.58,102.2,False,6479,1.16653751,0.6710588099999999,2.92389,4.09042751,EXTRACTED
g4777,U_g4777/ZN,48.64,23.8,False,4231,0.0411614,0.048200480000000004,1.599032,1.6401934,EXTRACTED
g4778,U_g4778/ZN,47.31,56.0,False,15228,0.01630032,0.00176665,0.918145,0.93444532,EXTRACTED
g4779,U_g4779/ZN,17.29,60.2,False,14858,0.082618,0.09967137,0.918145,1.000763,EXTRACTED
g4782,U_g4782/ZN,140.41,61.6,False,6346,0.76875722,0.4586001,1.94926,2.71801722,EXTRACTED
g4784,U_g4784/ZN,22.42,50.4,False,15535,0.851151,0.47866152600000006,0.918145,1.769296,EXTRACTED
g4787,U_g4787/ZN,130.34,74.2,False,37,0.1028158,0.005725361,1.736804,1.8396198,EXTRACTED
g4788,U_g4788/ZN,21.47,53.2,False,15537,0.08352760000000001,0.08015686600000001,0.918145,1.0016726,EXTRACTED
g48,PORT/g48,122.735,0.07,False,0,0.1915446,0.019999391999999998,0.974659,1.1662036,EXTRACTED
g4801,U_g4801/ZN,23.56,58.8,False,15522,0.46352,0.29921835999999996,0.918145,1.381665,EXTRACTED
g4803,U_g4803/ZN,53.39,28.0,False,9033,0.6472640000000001,0.30370697,0.918145,1.565409,EXTRACTED
g4804,U_g4804/ZN,22.23,64.4,False,14832,0.65802,0.76046466,0.918145,1.576165,EXTRACTED
g4806,U_g4806/ZN,53.77,22.4,False,17819,0.1776236,0.28082830000000003,1.621225,1.7988486,EXTRACTED
g4807,U_g4807/ZN,68.21,88.2,False,4731,8.20002908,5.36474538146,25.06986,33.26988908,EXTRACTED
g481,U_g481/Q,22.04,61.6,True,17010,2.8548933100000005,1.9515959560000005,6.932504,9.78739731,EXTRACTED
g4811,U_g4811/ZN,70.3,53.2,False,793,1.6831520000000002,1.6187109359999998,5.24435,6.9275020000000005,EXTRACTED
g4816,U_g4816/ZN,23.94,23.8,False,17588,0.1574741,0.19638,1.83629,1.9937641,EXTRACTED
g4821,U_g4821/ZN,133.95,88.2,False,16665,0.5049157,0.5340811520000001,0.918145,1.4230607,EXTRACTED
g4822,U_g4822/ZN,16.91,71.4,False,2992,0.13513619999999998,0.061294212970000005,0.918145,1.0532812,EXTRACTED
g4824,U_g4824/ZN,66.69,5.6,False,1385,0.20840293000000001,0.26751369,4.172694,4.38109693,EXTRACTED
g4827,U_g4827/ZN,119.7,92.4,False,13944,4.04467216,4.2489047498999994,2.825817,6.87048916,EXTRACTED
g4828,U_g4828/ZN,15.96,98.0,False,1533,0.48206404999999997,0.4193345710000001,1.83629,2.31835405,EXTRACTED
g4831,U_g4831/ZN,80.37,68.6,False,585,1.00618682,0.9288389719999999,4.172694,5.17888082,EXTRACTED
g4836,U_g4836/ZN,71.82,128.8,False,13555,0.210338,0.24048844000000003,0.946814,1.157152,EXTRACTED
g4837,U_g4837/ZN,125.02,105.0,False,5771,0.0613264,0.08055703,0.941939,1.0032654,EXTRACTED
g4838,U_g4838/ZN,87.59,88.2,False,2,0.12186820000000001,0.0963059,0.918145,1.0400132,EXTRACTED
g4839,U_g4839/ZN,113.43,96.6,False,13987,0.42236999999999997,0.28569940000000005,0.941939,1.364309,EXTRACTED
g486,U_g486/Q,13.87,57.4,True,16032,2.3971649999999998,3.5800869430000004,6.942081,9.339246,EXTRACTED
g4865,U_g4865/ZN,127.49,106.4,False,5902,0.232634,0.03804265,0.941939,1.174573,EXTRACTED
g4868,U_g4868/ZN,103.17,109.2,False,12763,0.09541519999999999,0.01616432,0.941939,1.0373542,EXTRACTED
g4869,U_g4869/ZN,73.53,124.6,False,5866,0.1085472,0.1636723,0.941939,1.0504862,EXTRACTED
g4871,U_g4871/ZN,70.11,25.2,False,16094,0.254666,0.29735231700000003,0.946814,1.20148,EXTRACTED
g4873,U_g4873/ZN,20.52,67.2,False,4662,0.5795452,1.1164909850000002,3.198064,3.7776092,EXTRACTED
g4875,U_g4875/ZN,101.46,120.4,False,12718,0.361084,0.37428138,0.941939,1.303023,EXTRACTED
g4876,U_g4876/ZN,104.31,121.8,False,5193,0.7726,0.5780972540000001,0.941939,1.7145389999999998,EXTRACTED
g4878,U_g4878/ZN,68.02,23.8,False,16045,0.30069599999999996,0.223452,0.946814,1.2475100000000001,EXTRACTED
g4879,U_g4879/ZN,24.13,72.8,False,4624,0.130814,0.20790422999999997,3.198064,3.328878,EXTRACTED
g4880,U_g4880/ZN,126.16,121.8,False,6479,13.805928780000002,9.438458000000006,16.319679999999998,30.12560878,EXTRACTED
g4881,U_g4881/ZN,75.43,127.4,False,11710,0.1219636,0.06290321,0.941939,1.0639026,EXTRACTED
g4882,U_g4882/ZN,77.14,105.0,False,5098,0.481708,0.36180257400000004,0.941939,1.4236469999999999,EXTRACTED
g4884,U_g4884/ZN,68.4,22.4,False,12336,0.23389600000000002,0.13076569999999998,0.941939,1.175835,EXTRACTED
g4887,output149/Z,1.33,30.8,False,0,0.160069,0.10953455000000001,0,0.160069,EXTRACTED
g4888,output150/Z,143.26,1.4,False,0,0.209558,0.05293502,0,0.209558,EXTRACTED
g4890,U_g4890/ZN,61.75,110.6,False,13000,0.1052906,0.21749085,1.119679,1.2249696,EXTRACTED
g4891,U_g4891/ZN,60.42,110.6,False,13204,0.24603,0.554829211,1.119679,1.365709,EXTRACTED
g4892,U_g4892/ZN,57.76,112.0,False,12535,0.416386,0.164446,1.119679,1.536065,EXTRACTED
g4893,U_g4893/ZN,70.11,113.4,False,13432,0.13685060000000002,0.11051139,1.119679,1.2565296000000001,EXTRACTED
g49,U_g49/Q,40.66,128.8,True,16834,1.4298599,1.1622009819999999,3.729714,5.1595739,EXTRACTED
g4902,U_g4902/ZN,67.07,35.0,False,13630,0.11188580000000001,0.060240184,1.119679,1.2315648000000001,EXTRACTED
g4903,U_g4903/ZN,63.08,33.6,False,13412,0.231538,0.29796947,1.119679,1.3512170000000001,EXTRACTED
g4904,U_g4904/ZN,61.94,35.0,False,10564,1.022175,0.21369297500000003,1.119679,2.1418540000000004,EXTRACTED
g4905,U_g4905/ZN,72.58,37.8,False,13444,1.0494989,0.6659361699999999,1.119679,2.1691779,EXTRACTED
g491,U_g491/Q,16.53,53.2,True,16041,2.8119161999999998,1.631296359,6.956636,9.768552199999998,EXTRACTED
g4914,U_g4914/ZN,79.42,113.4,False,11622,0.375692,0.34509948300000004,0.946814,1.3225060000000002,EXTRACTED
g4921,U_g4921/ZN,72.01,131.6,False,4412,4.8125881900000005,4.392766493999998,13.691605,18.50419319,EXTRACTED
g4932,U_g4932/ZN,70.68,95.2,False,12549,0.513036,0.37258588999999986,0.946814,1.45985,EXTRACTED
g4934,U_g4934/ZN,68.78,36.4,False,18198,0.335722,0.10747851800000001,0.946814,1.2825360000000001,EXTRACTED
g4940,U_g4940/ZN,63.46,11.2,False,26494,0.41792,0.20772247600000002,1.119679,1.5375990000000002,EXTRACTED
g4941,U_g4941/ZN,72.01,103.6,False,11935,0.1674184,0.072861332,0.946814,1.1142324000000001,EXTRACTED
g4949,U_g4949/ZN,71.25,67.2,False,1734,0.7066241,0.32089003,0.946814,1.6534381,EXTRACTED
g4950,U_g4950/ZN,97.28,107.8,False,11743,0.7462500000000001,0.585669471,0.941939,1.688189,EXTRACTED
g4952,U_g4952/ZN,132.62,63.0,False,11985,0.08478920000000001,0.06130816,0.946814,1.0316032000000002,EXTRACTED
g4959,U_g4959/ZN,84.17,88.2,False,7835,0.7844955,0.25259628,0.941939,1.7264344999999999,EXTRACTED
g496,U_g496/Q,13.11,70.0,True,16921,3.00880756,1.6414141159999993,6.95956,9.96836756,EXTRACTED
g4960,U_g4960/ZN,105.26,98.0,False,11421,2.33056666,0.6624533799999999,0.941939,3.27250566,EXTRACTED
g4962,U_g4962/ZN,131.1,58.8,False,12054,0.0506078,0.03380703,0.946814,0.9974218,EXTRACTED
g4967,U_g4967/ZN,79.99,82.6,False,11839,0.6916936999999999,0.629957341,0.941939,1.6336326999999997,EXTRACTED
g4968,U_g4968/ZN,105.07,102.2,False,10971,0.337346,0.315404108,0.941939,1.279285,EXTRACTED
g4969,U_g4969/ZN,129.77,63.0,False,8917,0.32207600000000003,0.18399052800000001,0.946814,1.26889,EXTRACTED
g4971,U_g4971/ZN,98.61,63.0,False,8469,0.1532226,0.06354465,0.941939,1.0951616,EXTRACTED
g4972,U_g4972/ZN,89.11,92.4,False,10989,3.7027505,0.41712291,0.941939,4.6446895,EXTRACTED
g4973,U_g4973/ZN,130.91,67.2,False,12161,0.503276,0.39398012000000004,0.946814,1.4500899999999999,EXTRACTED
g4974,U_g4974/ZN,131.48,77.0,False,18435,0.32632,0.5380217829999999,1.714471,2.040791,EXTRACTED
g4976,U_g4976/ZN,28.5,110.6,False,16746,0.8245079999999999,1.26640227,0.879747,1.7042549999999999,EXTRACTED
g4977,U_g4977/ZN,50.92,137.2,False,4678,1.3528771099999999,0.607702129,5.59875,6.9516271099999996,EXTRACTED
g4986,U_g4986/ZN,92.72,53.2,False,10877,0.1412902,0.26163912,0.941939,1.0832292,EXTRACTED
g4987,U_g4987/ZN,102.79,88.2,False,11330,0.7338699999999999,0.234445646,0.941939,1.6758089999999999,EXTRACTED
g4989,U_g4989/ZN,94.43,49.0,False,11519,0.7518889999999999,0.74393966,0.941939,1.693828,EXTRACTED
g4990,U_g4990/ZN,81.13,78.4,False,11345,0.372118,0.44085208897,0.941939,1.314057,EXTRACTED
g4991,U_g4991/ZN,102.6,71.4,False,11239,0.6456155,0.3972273720000001,0.941939,1.5875545,EXTRACTED
g4992,U_g4992/ZN,109.25,105.0,False,11600,0.21399200000000002,0.215645067,0.941939,1.155931,EXTRACTED
g4993,U_g4993/ZN,87.02,89.6,False,11247,0.606272,0.143838115,0.941939,1.548211,EXTRACTED
g4994,U_g4994/ZN,117.23,95.2,False,11791,0.381686,0.13573454,0.941939,1.323625,EXTRACTED
g4995,U_g4995/ZN,100.7,81.2,False,8074,0.0961118,0.06846698,0.941939,1.0380508,EXTRACTED
g4996,U_g4996/ZN,98.61,98.0,False,11132,0.577124,0.48818414,0.941939,1.519063,EXTRACTED
g4997,U_g4997/ZN,58.71,21.0,False,14244,0.30160182999999996,0.30313663999999996,3.263231,3.5648328300000003,EXTRACTED
g4998,U_g4998/ZN,64.41,123.2,False,15356,0.39671999999999996,0.20712193,0.918145,1.314865,EXTRACTED
g4999,U_g4999/ZN,117.8,98.0,False,11607,0.32749,0.50086984,0.941939,1.269429,EXTRACTED
g5000,U_g5000/ZN,102.03,74.2,False,7839,0.67433,0.36582524,0.941939,1.616269,EXTRACTED
g5001,U_g5001/ZN,61.18,124.6,False,15372,0.026047400000000002,0.007761710000000001,0.918145,0.9441924,EXTRACTED
g5002,U_g5002/ZN,102.6,89.6,False,11415,0.6787199,0.6706254199999999,0.941939,1.6206589,EXTRACTED
g5003,U_g5003/ZN,103.93,96.6,False,11372,0.0985786,0.004431364,0.941939,1.0405176,EXTRACTED
g5004,U_g5004/ZN,50.54,123.2,False,15250,0.0911688,0.026117978,0.918145,1.0093138,EXTRACTED
g5005,U_g5005/ZN,112.29,93.8,False,8267,1.8147635,1.47246412,0.941939,2.7567025,EXTRACTED
g5006,U_g5006/ZN,106.4,68.6,False,7807,0.0842184,0.027659,0.941939,1.0261574,EXTRACTED
g5008,U_g5008/ZN,55.48,120.4,False,15349,0.050434,0.10038650999999998,0.918145,0.968579,EXTRACTED
g5009,U_g5009/ZN,116.47,70.0,False,8122,0.0490248,0.005819650000000001,0.941939,0.9909638,EXTRACTED
g501,U_g501/Q,15.58,63.0,True,16039,3.2400512999999997,3.227265053,6.932504,10.172555299999999,EXTRACTED
g5010,U_g5010/ZN,103.36,71.4,False,7942,0.1720784,0.1941711,0.941939,1.1140174,EXTRACTED
g5013,U_g5013/ZN,50.35,25.2,False,19737,1.23993682,1.8226536340000001,5.59875,6.8386868199999995,EXTRACTED
g5023,U_g5023/ZN,77.52,85.4,False,16432,0.5649391,0.5242273300000001,0.946814,1.5117531,EXTRACTED
g5024,U_g5024/ZN,57.0,119.0,False,14856,0.01742614,0.0,0.918145,0.93557114,EXTRACTED
g5025,U_g5025/ZN,108.3,89.6,False,7561,1.1014089999999999,0.31704816,0.941939,2.043348,EXTRACTED
g5026,U_g5026/ZN,114.76,105.0,False,11432,0.632244,0.9133145699999998,0.941939,1.574183,EXTRACTED
g5028,U_g5028/ZN,75.62,130.2,False,20984,0.94926,1.2150312440000002,0.918145,1.867405,EXTRACTED
g5029,U_g5029/ZN,59.85,106.4,False,15533,0.01742614,0.0,0.946814,0.96424014,EXTRACTED
g5030,U_g5030/ZN,50.16,127.4,False,15378,0.5881649,0.6741928120000001,0.918145,1.5063099,EXTRACTED
g5031,U_g5031/ZN,105.64,75.6,False,11624,1.2181868,0.7228593700000001,0.941939,2.1601258,EXTRACTED
g5034,U_g5034/ZN,61.18,30.8,False,18542,0.5377400999999999,0.95399184,1.664199,2.2019390999999997,EXTRACTED
g5036,U_g5036/ZN,73.91,26.6,False,26930,0.1424348,0.11536337499999999,0.918145,1.0605798,EXTRACTED
g5038,U_g5038/ZN,71.82,21.0,False,26661,0.033880400000000005,0.0,0.918145,0.9520254,EXTRACTED
g5041,U_g5041/ZN,44.84,19.6,False,1205,0.210054,0.053968440000000006,0.941939,1.151993,EXTRACTED
g5044,U_g5044/ZN,30.21,23.8,False,312,0.8125103,0.776453331,1.83629,2.6488003,EXTRACTED
g5051,U_g5051/ZN,41.99,116.2,False,3619,0.0659656,0.201381267,0.941939,1.0079046,EXTRACTED
g506,U_g506/Q,21.66,49.0,True,17002,3.1939830000000002,1.9545920129999996,6.942081,10.136064000000001,EXTRACTED
g5067,U_g5067/ZN,54.72,51.8,False,16603,0.0919622,0.017627378,0.941939,1.0339011999999999,EXTRACTED
g5074,U_g5074/ZN,136.8,82.6,False,11032,0.0301606,0.0,0.946814,0.9769746,EXTRACTED
g5083,U_g5083/ZN,138.13,60.2,False,6697,0.07149599999999999,0.0068000280000000005,1.119679,1.191175,EXTRACTED
g5084,U_g5084/ZN,144.02,61.6,False,10857,0.5565278,0.6537299700000001,0.946814,1.5033418,EXTRACTED
g5090,U_g5090/ZN,135.28,70.0,False,9141,0.1284436,0.10511146400000002,0.946814,1.0752576,EXTRACTED
g5097,U_g5097/ZN,131.86,89.6,False,11126,0.1803076,0.37242742,0.946814,1.1271216000000002,EXTRACTED
g5099,U_g5099/ZN,128.63,91.0,False,8234,0.414812,0.612133248,0.941939,1.356751,EXTRACTED
g5100,U_g5100/ZN,142.31,88.2,False,9649,0.407362,0.1512289,0.946814,1.354176,EXTRACTED
g5101,output151/Z,78.66,135.8,False,0,0.75329,0.24267703000000002,0,0.75329,EXTRACTED
g5103,U_g5103/ZN,58.52,98.0,False,24861,0.32812,0.50420357,0.918145,1.246265,EXTRACTED
g5104,U_g5104/ZN,135.66,85.4,False,9040,0.0414206,0.05649024,0.946814,0.9882346000000001,EXTRACTED
g5105,output152/Z,145.73,114.8,False,0,0.1033468,0.020048370000000003,0,0.1033468,EXTRACTED
g5108,U_g5108/ZN,139.65,82.6,False,9514,0.01823448,0.0,0.946814,0.9650484800000001,EXTRACTED
g511,U_g511/Q,21.66,57.4,True,17005,1.94154283,1.9447155660000002,6.956636,8.898178829999999,EXTRACTED
g5110,U_g5110/ZN,139.65,68.6,False,12197,0.0456532,0.053711680000000005,0.946814,0.9924672,EXTRACTED
g5115,U_g5115/ZN,78.47,81.2,False,2,0.0483376,0.05697229000000001,0.918145,0.9664826,EXTRACTED
g5117,U_g5117/ZN,102.98,56.0,False,22667,0.27692490999999997,0.35342040399999997,2.67486,2.9517849099999998,EXTRACTED
g5118,U_g5118/ZN,55.86,25.2,False,16796,0.36141599999999996,0.097572428,0.879747,1.2411629999999998,EXTRACTED
g5119,U_g5119/ZN,20.33,64.4,False,26002,0.4036535,1.033385544,0.918145,1.3217984999999999,EXTRACTED
g5123,U_g5123/ZN,108.11,117.6,False,12676,0.037117199999999996,0.04441591,0.946814,0.9839312,EXTRACTED
g5125,U_g5125/ZN,28.69,71.4,False,17336,0.377034,0.40200360700000004,0.918145,1.295179,EXTRACTED
g5126,U_g5126/ZN,89.3,107.8,False,12340,0.892393,0.6748926300000001,1.119679,2.012072,EXTRACTED
g5128,U_g5128/ZN,59.66,88.2,False,0,14.574994750000002,14.342528888799995,27.28964,41.86463475,EXTRACTED
g5145,U_g5145/ZN,115.33,116.2,False,12129,0.17111780000000001,0.063673338,0.946814,1.1179318,EXTRACTED
g5147,U_g5147/ZN,23.56,71.4,False,19516,0.49147399999999997,0.28236975,0.918145,1.409619,EXTRACTED
g5148,U_g5148/ZN,87.59,113.4,False,12892,0.1169118,0.017825412,1.119679,1.2365908,EXTRACTED
g5150,U_g5150/ZN,60.42,127.4,False,15365,0.0968638,0.12414546,0.918145,1.0150088,EXTRACTED
g516,U_g516/Q,24.7,64.4,True,16993,2.8187589699999998,2.8743312406000006,6.95956,9.778318969999999,EXTRACTED
g5168,U_g5168/ZN,79.04,99.4,False,12983,0.21815199999999998,0.12975032,0.946814,1.164966,EXTRACTED
g5170,U_g5170/ZN,134.71,57.4,False,11032,0.700396,0.31167096,0.946814,1.64721,EXTRACTED
g5171,U_g5171/ZN,19.95,65.8,False,21245,0.5090899,0.38823623100000004,0.918145,1.4272349,EXTRACTED
g5172,U_g5172/ZN,92.53,61.6,False,4809,0.287156,0.54229625,0.946814,1.23397,EXTRACTED
g5173,U_g5173/ZN,94.43,105.0,False,12223,0.45009920000000003,0.8810442940000001,1.119679,1.5697782,EXTRACTED
g5174,U_g5174/ZN,65.93,123.2,False,15352,0.30781800000000004,0.53813595,0.918145,1.2259630000000001,EXTRACTED
g5178,U_g5178/ZN,61.94,21.0,False,4748,0.411914,0.15442924000000002,0.946814,1.3587280000000002,EXTRACTED
g5179,U_g5179/ZN,30.59,65.8,False,17285,1.352476,0.6225913000000001,0.918145,2.2706210000000002,EXTRACTED
g5180,U_g5180/ZN,86.64,61.6,False,4042,0.0928526,0.12474789,0.941939,1.0347916,EXTRACTED
g5181,U_g5181/ZN,80.75,63.0,False,5497,0.6178703,0.6267624900000001,0.946814,1.5646843000000001,EXTRACTED
g5182,U_g5182/ZN,65.55,124.6,False,15236,0.025979,0.006561849999999999,0.918145,0.944124,EXTRACTED
g5186,U_g5186/ZN,63.08,25.2,False,15654,0.506468,0.57396933,0.941939,1.448407,EXTRACTED
g5187,U_g5187/ZN,32.3,67.2,False,20030,0.321344,0.22806669999999998,0.918145,1.239489,EXTRACTED
g5188,U_g5188/ZN,75.62,63.0,False,7382,1.3611873,1.8492832149999996,5.1146329999999995,6.4758203,EXTRACTED
g5189,U_g5189/ZN,88.73,114.8,False,15585,0.6983061700000001,1.26818695,1.119679,1.81798517,EXTRACTED
g5190,U_g5190/ZN,46.93,117.6,False,15379,0.247186,0.15242796,0.918145,1.165331,EXTRACTED
g5194,U_g5194/ZN,126.35,114.8,False,11145,0.558002,0.21438819999999997,1.119679,1.6776810000000002,EXTRACTED
g5196,U_g5196/ZN,28.31,74.2,False,17116,0.49672795999999997,0.5276781700000002,0.918145,1.4148729599999998,EXTRACTED
g5199,U_g5199/ZN,125.97,105.0,False,15955,0.06511779999999999,0.08527506,0.946814,1.0119318,EXTRACTED
g52,U_g52/Q,27.93,131.6,True,16594,2.96025117,3.6039766269999993,3.729714,6.68996517,EXTRACTED
g5200,U_g5200/ZN,67.26,121.8,False,2571,1.2964487,0.5567865,0.97463,2.2710787,EXTRACTED
g5201,U_g5201/ZN,52.44,114.8,False,15317,0.20944,0.103428543,0.918145,1.127585,EXTRACTED
g5204,U_g5204/ZN,87.21,86.8,False,1,0.208484,0.25679430699999994,0.946814,1.1552980000000002,EXTRACTED
g5209,U_g5209/ZN,33.63,64.4,False,17395,0.38904,0.11648688999999998,0.918145,1.307185,EXTRACTED
g521,U_g521/Q,34.77,49.0,True,16514,0.96974697,1.1926726779999999,5.976248,6.94599497,EXTRACTED
g5211,U_g5211/ZN,125.02,91.0,False,15990,0.5270641,0.49929091100000006,0.946814,1.4738781,EXTRACTED
g5212,U_g5212/ZN,49.4,110.6,False,15250,0.49209979000000004,0.6886949299999999,0.918145,1.4102447900000001,EXTRACTED
g5215,U_g5215/ZN,56.05,49.0,False,2,0.6184714,0.82143572,0.918145,1.5366164,EXTRACTED
g5217,U_g5217/ZN,43.51,67.2,False,17412,0.402478,0.61468364,0.918145,1.3206229999999999,EXTRACTED
g5219,U_g5219/ZN,66.12,5.6,False,16161,0.0724442,0.049229560000000006,0.918145,0.9905892,EXTRACTED
g5220,U_g5220/ZN,53.96,113.4,False,16046,0.380438,0.147701443,0.946814,1.327252,EXTRACTED
g5221,U_g5221/ZN,49.97,106.4,False,15245,0.10839539999999999,0.154899483,0.918145,1.0265404,EXTRACTED
g5222,U_g5222/ZN,107.16,71.4,False,22506,0.65732414,0.76805602,3.89852,4.55584414,EXTRACTED
g5224,U_g5224/ZN,64.41,19.6,False,17721,0.821296,0.617705733,0.918145,1.739441,EXTRACTED
g5225,U_g5225/ZN,28.5,58.8,False,19707,0.9455633999999999,0.33236066997,0.918145,1.8637084,EXTRACTED
g5226,U_g5226/ZN,97.85,64.4,False,16718,0.72908,0.6130444300000001,0.918145,1.647225,EXTRACTED
g5227,U_g5227/ZN,97.09,124.6,False,31186,0.2671,0.40000361000000006,0.946814,1.213914,EXTRACTED
g5228,U_g5228/ZN,83.6,91.0,False,15201,0.01742614,0.0,0.946814,0.96424014,EXTRACTED
g5229,U_g5229/ZN,90.25,56.0,False,16649,0.439016,0.51351267,1.119679,1.5586950000000002,EXTRACTED
g5230,U_g5230/ZN,45.22,102.2,False,15248,0.6667339999999999,0.392720098,0.918145,1.584879,EXTRACTED
g5233,U_g5233/ZN,135.47,92.4,False,87,0.7395537000000001,0.22712980000000002,4.172694,4.9122477,EXTRACTED
g5248,U_g5248/ZN,32.11,93.8,False,15048,0.616975,0.22797130499999999,0.918145,1.53512,EXTRACTED
g5249,U_g5249/ZN,72.39,81.2,False,15096,0.01742614,0.0,0.946814,0.96424014,EXTRACTED
g525,U_g525/Q,41.99,51.8,True,16043,1.46223921,1.235246031,6.956636,8.41887521,EXTRACTED
g5250,U_g5250/ZN,66.31,120.4,False,15275,0.362318,0.40946852600000005,0.918145,1.280463,EXTRACTED
g5254,U_g5254/ZN,80.18,102.2,False,2707,0.6464599,0.49027371200000003,0.946814,1.5932739,EXTRACTED
g5255,U_g5255/ZN,42.56,99.4,False,15108,0.01742614,0.0,0.918145,0.93557114,EXTRACTED
g5256,U_g5256/ZN,81.89,135.8,False,11065,0.34538599999999997,0.45962441,0.941939,1.287325,EXTRACTED
g5257,U_g5257/ZN,34.77,95.2,False,15037,0.01742614,0.0,0.918145,0.93557114,EXTRACTED
g5258,U_g5258/ZN,29.64,95.2,False,16044,0.435024,0.300928608,0.918145,1.353169,EXTRACTED
g5259,U_g5259/ZN,63.84,113.4,False,12942,0.310888,0.251438,0.941939,1.252827,EXTRACTED
g5260,U_g5260/ZN,53.58,96.6,False,15774,0.359634,0.39398405000000003,0.946814,1.306448,EXTRACTED
g5261,U_g5261/ZN,100.51,56.0,False,22506,5.82132597,5.121586322489999,11.44653,17.26785597,EXTRACTED
g5263,U_g5263/ZN,33.63,98.0,False,14423,0.083417,0.03673495,0.918145,1.001562,EXTRACTED
g5264,U_g5264/ZN,47.5,102.2,False,15912,0.396864,0.29644729999999997,0.946814,1.3436780000000002,EXTRACTED
g5266,U_g5266/ZN,40.28,103.6,False,14961,0.614074,0.633625079,0.918145,1.532219,EXTRACTED
g5268,U_g5268/ZN,75.81,79.8,False,15305,0.1797162,0.03840703,0.946814,1.1265302,EXTRACTED
g5269,U_g5269/ZN,95.95,120.4,False,24589,0.302736,0.181307767,3.263231,3.565967,EXTRACTED
g5271,U_g5271/ZN,34.77,96.6,False,14841,0.833636,0.26013223,0.918145,1.751781,EXTRACTED
g5273,U_g5273/ZN,55.1,107.8,False,14724,0.301952,0.32491868999999995,0.946814,1.248766,EXTRACTED
g5274,U_g5274/ZN,104.12,109.2,False,18633,0.7961659999999999,0.56088033,0.918145,1.714311,EXTRACTED
g5276,U_g5276/ZN,33.44,102.2,False,15955,0.748684,0.5165701010000001,0.918145,1.666829,EXTRACTED
g5277,U_g5277/ZN,24.13,112.0,False,12765,0.55974,0.4326111920000001,1.599032,2.158772,EXTRACTED
g5278,U_g5278/ZN,99.18,109.2,False,18027,0.37745999999999996,0.106846848,0.918145,1.295605,EXTRACTED
g5279,U_g5279/ZN,139.46,72.8,False,9436,0.048663,0.05508149,0.946814,0.9954770000000001,EXTRACTED
g5280,U_g5280/ZN,63.08,28.0,False,5720,0.360128,0.34722147,0.941939,1.302067,EXTRACTED
g5286,U_g5286/ZN,98.23,113.4,False,17923,0.5691099,0.49384662500000004,0.918145,1.4872549,EXTRACTED
g5287,U_g5287/ZN,131.29,63.0,False,4729,0.7028486999999999,0.516063974,1.70023,2.4030787,EXTRACTED
g5295,U_g5295/ZN,96.52,109.2,False,17924,0.5614296000000001,0.6178026780000001,0.918145,1.4795746,EXTRACTED
g530,U_g530/Q,28.88,46.2,True,16497,1.4332805,1.3167957399999997,3.6788499999999997,5.112130499999999,EXTRACTED
g5300,U_g5300/ZN,85.12,110.6,False,17149,0.558122,0.38505651,0.918145,1.476267,EXTRACTED
g5304,U_g5304/ZN,88.16,109.2,False,17389,0.318562,0.29834414,0.918145,1.236707,EXTRACTED
g5308,U_g5308/ZN,100.13,103.6,False,17504,0.5810678,0.54601703,0.918145,1.4992128,EXTRACTED
g5309,U_g5309/ZN,58.33,23.8,False,17474,1.0697535,0.614293417,2.642169,3.7119225,EXTRACTED
g5317,U_g5317/ZN,93.86,112.0,False,16940,0.0737468,0.28393514,0.918145,0.9918918,EXTRACTED
g5318,U_g5318/ZN,41.23,28.0,False,4731,0.397854,0.49998218999999994,0.97463,1.372484,EXTRACTED
g5319,U_g5319/ZN,94.62,119.0,False,17259,0.7193475,0.279619454,0.918145,1.6374925,EXTRACTED
g534,U_g534/Q,28.5,60.2,True,16042,2.20825872,2.342167520999999,3.669273,5.87753172,EXTRACTED
g5345,U_g5345/ZN,77.9,70.0,False,14828,3.1037649,3.2718840900000004,3.315544,6.4193089,EXTRACTED
g5349,U_g5349/ZN,87.97,86.8,False,1,0.1074888,0.22603148,0.946814,1.0543028,EXTRACTED
g5350,U_g5350/ZN,94.62,50.4,False,14039,2.1605878,3.017088123,3.37867,5.5392578,EXTRACTED
g5354,U_g5354/ZN,61.56,85.4,False,0,10.945242900000004,11.786551110499992,26.31501,37.260252900000005,EXTRACTED
g5360,U_g5360/ZN,116.66,51.8,False,15254,0.5642035000000001,0.30001379699999997,1.664199,2.2284025,EXTRACTED
g5361,U_g5361/ZN,60.61,39.2,False,23628,0.51439089,0.9660309010000001,2.67486,3.18925089,EXTRACTED
g538,U_g538/Q,33.82,60.2,True,16066,0.9284452999999999,0.8296445419999999,3.696329,4.6247743,EXTRACTED
g5390,U_g5390/ZN,87.59,112.0,False,12272,0.051839399999999994,0.0967252,1.119679,1.1715184,EXTRACTED
g5392,U_g5392/ZN,126.16,56.0,False,2110,0.8903715999999999,0.33077070499999994,2.783878,3.6742496,EXTRACTED
g5396,U_g5396/ZN,120.65,86.8,False,15789,0.46360599999999996,0.18164165000000004,1.119679,1.583285,EXTRACTED
g5398,U_g5398/ZN,10.83,92.4,False,4288,1.6082199199999998,1.16265709,1.83629,3.44450992,EXTRACTED
g5403,U_g5403/ZN,96.33,135.8,False,15156,0.0293458,0.1078663,1.119679,1.1490248,EXTRACTED
g5404,U_g5404/ZN,59.47,61.6,False,17954,0.075127,0.10367677,1.119679,1.194806,EXTRACTED
g5405,U_g5405/ZN,26.22,113.4,False,20551,0.01742614,0.0,1.70023,1.7176561399999999,EXTRACTED
g5418,U_g5418/ZN,79.23,95.2,False,2660,0.0842598,0.08122739,0.946814,1.0310738000000002,EXTRACTED
g542,U_g542/Q,30.78,61.6,True,16064,0.8004502,0.676021533,3.693405,4.4938552,EXTRACTED
g5420,U_g5420/ZN,56.62,119.0,False,15339,1.2570583,1.7730810474900005,3.89852,5.1555783,EXTRACTED
g5421,U_g5421/ZN,59.47,43.4,False,13990,0.147616,0.130354181,1.119679,1.267295,EXTRACTED
g5444,U_g5444/ZN,108.3,124.6,False,12309,0.9475273000000001,1.3302562500000004,0.946814,1.8943413000000002,EXTRACTED
g5445,U_g5445/ZN,87.59,43.4,False,23488,0.546504,0.501636951,1.119679,1.6661830000000002,EXTRACTED
g546,U_g546/Q,30.78,77.0,True,16823,3.1598204999999995,3.4393739529999996,2.755084,5.9149045,EXTRACTED
g5470,U_g5470/ZN,108.68,127.4,False,12246,0.641044,0.82314091,0.946814,1.587858,EXTRACTED
g5473,U_g5473/ZN,71.06,79.8,False,2838,0.151594,0.102375565,0.946814,1.098408,EXTRACTED
g5476,U_g5476/ZN,112.29,112.0,False,12146,0.01742614,0.0,0.946814,0.96424014,EXTRACTED
g5477,U_g5477/ZN,48.07,35.0,False,13743,0.0132445,0.006561849999999999,0.918145,0.9313895,EXTRACTED
g5478,U_g5478/ZN,46.55,30.8,False,14647,0.738831,0.37262695,0.918145,1.656976,EXTRACTED
g5479,U_g5479/ZN,69.35,33.6,False,13086,0.120663,0.06503597,0.941939,1.062602,EXTRACTED
g5480,U_g5480/ZN,73.53,84.0,False,2750,0.58627,0.28267188,0.946814,1.5330840000000001,EXTRACTED
g5483,U_g5483/ZN,93.48,123.2,False,12688,0.682817,1.0517012099999998,0.946814,1.629631,EXTRACTED
g5484,U_g5484/ZN,43.13,35.0,False,14789,0.0406584,0.017029350000000002,0.918145,0.9588034,EXTRACTED
g5485,U_g5485/ZN,45.79,39.2,False,14396,0.109336,0.020650875,0.918145,1.027481,EXTRACTED
g5489,U_g5489/ZN,64.6,92.4,False,2627,0.59904237,0.4600394,0.946814,1.54585637,EXTRACTED
g549,U_g549/Q,108.49,114.8,True,16707,2.931704,3.6863646809999993,2.755084,5.686788,EXTRACTED
g5491,U_g5491/ZN,121.6,102.2,False,12805,0.12603399999999998,0.15311839,0.946814,1.072848,EXTRACTED
g5492,U_g5492/ZN,114.57,116.2,False,15853,0.533808,0.12957369999999999,0.946814,1.4806219999999999,EXTRACTED
g5493,U_g5493/ZN,46.55,36.4,False,15345,0.31442200000000003,0.41833321300000004,0.918145,1.232567,EXTRACTED
g5497,U_g5497/ZN,90.44,89.6,False,2633,0.45574,0.38009286999999997,0.946814,1.402554,EXTRACTED
g5499,U_g5499/ZN,86.45,107.8,False,12484,0.0339326,0.05132470000000001,0.946814,0.9807466,EXTRACTED
g55,U_g55/Q,34.96,124.6,True,16825,1.4665405999999999,0.7450702119999998,3.729714,5.1962546,EXTRACTED
g5500,U_g5500/ZN,72.39,93.8,False,15248,0.441962,0.48758398000000003,0.946814,1.388776,EXTRACTED
g5501,U_g5501/ZN,114.95,82.6,False,11617,0.01654948,0.0010458400000000001,0.946814,0.96336348,EXTRACTED
g5502,U_g5502/ZN,48.45,39.2,False,15025,0.01742614,0.0,0.918145,0.93557114,EXTRACTED
g5503,U_g5503/ZN,67.45,36.4,False,11172,0.9166108,0.9323989480000001,1.94926,2.8658707999999997,EXTRACTED
g5507,U_g5507/ZN,77.14,74.2,False,2669,0.32222799999999996,0.63639757,0.946814,1.269042,EXTRACTED
g5509,U_g5509/ZN,68.02,106.4,False,15685,0.267696,0.2169257,0.946814,1.21451,EXTRACTED
g5510,U_g5510/ZN,81.7,109.2,False,12964,0.7882098,0.7292619200000001,0.946814,1.7350238,EXTRACTED
g5512,U_g5512/ZN,82.84,68.6,False,15265,0.1277838,0.18982558000000002,0.946814,1.0745978,EXTRACTED
g5513,U_g5513/ZN,58.9,88.2,False,12819,0.0587342,0.149299476,0.946814,1.0055482,EXTRACTED
g5514,U_g5514/ZN,45.03,30.8,False,15482,0.1016976,0.16838506999999997,0.918145,1.0198426,EXTRACTED
g5518,U_g5518/ZN,82.65,103.6,False,2676,0.01742614,0.0,0.946814,0.96424014,EXTRACTED
g5519,U_g5519/ZN,46.17,57.4,False,793,0.5163903000000001,0.7036274499999999,0.97463,1.4910203000000002,EXTRACTED
g552,U_g552/Q,110.96,81.2,True,16735,0.8227485,0.44953752,1.836939,2.6596875,EXTRACTED
g5521,U_g5521/ZN,42.75,117.6,False,11315,0.1774444,0.16395594,1.94926,2.1267044,EXTRACTED
g5522,U_g5522/ZN,133.0,99.4,False,12028,0.42620800000000003,0.08260552,0.946814,1.3730220000000002,EXTRACTED
g5523,U_g5523/ZN,106.59,95.2,False,14900,0.0987398,0.09056709999999998,0.946814,1.0455538,EXTRACTED
g5524,U_g5524/ZN,124.07,74.2,False,11697,0.01742614,0.0,0.946814,0.96424014,EXTRACTED
g5525,U_g5525/ZN,117.04,60.2,False,15822,0.432642,0.602420515,0.946814,1.379456,EXTRACTED
g5526,U_g5526/ZN,42.94,25.2,False,14995,0.34992999999999996,0.59256619,0.918145,1.268075,EXTRACTED
g5527,U_g5527/ZN,53.2,25.2,False,12329,0.0793598,0.04770689,1.599032,1.6783918,EXTRACTED
g5528,U_g5528/ZN,85.12,74.2,False,2724,1.391785,0.5616915739999999,0.946814,2.3385990000000003,EXTRACTED
g5529,U_g5529/ZN,58.71,12.6,False,15512,0.49081600000000003,0.592530215,1.119679,1.6104950000000002,EXTRACTED
g553,U_g553/Q,101.46,81.2,True,16212,0.3000517,0.6477634,1.836939,2.1369907,EXTRACTED
g5530,U_g5530/ZN,97.66,124.6,False,12581,0.43149,0.66535309,0.946814,1.378304,EXTRACTED
g5531,U_g5531/ZN,116.47,100.8,False,16090,0.44014800000000004,0.525313488,0.946814,1.386962,EXTRACTED
g5532,U_g5532/ZN,107.54,79.8,False,12980,0.08398119999999999,0.02182914,0.946814,1.0307952,EXTRACTED
g5533,U_g5533/ZN,110.2,58.8,False,15837,0.09253420000000001,0.08276419,0.946814,1.0393482,EXTRACTED
g5535,U_g5535/ZN,83.98,102.2,False,2663,0.1713582,0.15368842000000002,0.946814,1.1181722,EXTRACTED
g5536,U_g5536/ZN,64.79,16.8,False,14707,0.1319334,0.13400999,1.119679,1.2516124000000002,EXTRACTED
g5537,U_g5537/ZN,70.3,63.0,False,1602,0.1629892,0.18404132,0.946814,1.1098032,EXTRACTED
g5538,U_g5538/ZN,112.67,103.6,False,15727,0.24863000000000002,0.17039859000000002,0.946814,1.1954440000000002,EXTRACTED
g5539,U_g5539/ZN,115.14,86.8,False,12104,0.01742614,0.0,0.946814,0.96424014,EXTRACTED
g554,U_g554/Q,22.61,96.6,True,16600,4.086282659999999,2.0570887760000005,2.755084,6.841366659999999,EXTRACTED
g5540,U_g5540/ZN,113.81,57.4,False,14270,0.142516,0.209792771,0.946814,1.0893300000000001,EXTRACTED
g5541,U_g5541/ZN,69.92,72.8,False,2721,0.01742614,0.0,0.946814,0.96424014,EXTRACTED
g5543,U_g5543/ZN,90.63,60.2,False,1209,0.6068817,0.45822137,1.119679,1.7265607,EXTRACTED
g5544,U_g5544/ZN,126.54,100.8,False,12079,0.6596225,0.35659147,0.946814,1.6064365,EXTRACTED
g5545,U_g5545/ZN,119.32,60.2,False,14145,0.39909,0.315872792,0.946814,1.345904,EXTRACTED
g5547,U_g5547/ZN,118.37,60.2,False,14138,0.1067608,0.05809326,0.946814,1.0535748,EXTRACTED
g5548,U_g5548/ZN,46.17,22.4,False,5083,0.8948221000000001,0.5945533849999999,4.963461,5.8582830999999995,EXTRACTED
g5552,U_g5552/ZN,47.5,23.8,False,587,0.7768479,0.70543088,3.198064,3.9749119,EXTRACTED
g5555,U_g5555/ZN,30.78,123.2,False,16115,1.1985358000000002,0.7805658110000002,3.263231,4.4617668,EXTRACTED
g5556,U_g5556/ZN,129.77,75.6,False,3,0.27788999999999997,0.06751858499999999,1.119679,1.397569,EXTRACTED
g5557,U_g5557/ZN,26.98,119.0,False,18585,3.7149884000000006,1.9948640469999994,13.87236,17.5873484,EXTRACTED
g5569,U_g5569/ZN,26.98,22.4,False,14462,0.165037,0.299227598,1.83629,2.001327,EXTRACTED
g557,U_g557/Q,93.67,86.8,True,16280,2.1177156,3.11457185,2.755084,4.8727996000000005,EXTRACTED
g5573,U_g5573/ZN,40.47,110.6,False,16785,0.32505799999999996,0.24215354,1.664199,1.9892569999999998,EXTRACTED
g5575,U_g5575/ZN,107.73,114.8,False,2680,0.1510202,0.05354001,0.946814,1.0978342,EXTRACTED
g5576,U_g5576/ZN,44.08,25.2,False,18996,0.0755678,0.11666525999999999,1.70023,1.7757977999999999,EXTRACTED
g5587,U_g5587/ZN,68.21,134.4,False,18585,0.4465982,0.55183038,0.918145,1.3647432,EXTRACTED
g5588,U_g5588/ZN,110.01,113.4,False,2706,0.400262,0.33810745799999997,0.946814,1.347076,EXTRACTED
g5590,U_g5590/ZN,73.15,134.4,False,18424,0.21168399999999998,0.6319513600000001,0.918145,1.129829,EXTRACTED
g5591,U_g5591/ZN,112.48,84.0,False,2694,0.925613,0.26639655500000003,0.946814,1.872427,EXTRACTED
g5592,U_g5592/ZN,136.04,91.0,False,16829,0.0484594,0.073948225,0.918145,0.9666044,EXTRACTED
g5595,U_g5595/ZN,100.32,116.2,False,2679,1.5957119999999998,1.3845915610000001,0.946814,2.5425259999999996,EXTRACTED
g5598,U_g5598/ZN,64.41,7.0,False,760,1.1516955,0.319440666,4.172694,5.3243895,EXTRACTED
g560,U_g560/Q,96.14,82.6,True,16289,1.1330084,0.357532631,2.755084,3.8880924,EXTRACTED
g5601,U_g5601/ZN,123.88,109.2,False,12630,0.195626,0.19541866000000002,0.946814,1.1424400000000001,EXTRACTED
g5602,U_g5602/ZN,116.66,102.2,False,2591,0.0764796,0.12668979,0.946814,1.0232936000000001,EXTRACTED
g5605,U_g5605/ZN,19.19,103.6,False,636,0.28284980000000004,0.5596417600000001,1.83629,2.1191398,EXTRACTED
g5608,U_g5608/ZN,91.77,61.6,False,202,0.8744219,0.8319336820000001,4.172694,5.0471159,EXTRACTED
g5611,U_g5611/ZN,122.93,113.4,False,12830,0.4934461,0.321563468,0.946814,1.4402601000000002,EXTRACTED
g5612,U_g5612/ZN,82.84,99.4,False,2686,0.289976,0.42031807,0.946814,1.23679,EXTRACTED
g5613,U_g5613/ZN,107.16,79.8,False,6479,2.41946896,1.8363149260000002,3.89852,6.31798896,EXTRACTED
g5617,U_g5617/ZN,85.5,134.4,False,12435,1.1133655,0.799231573,0.946814,2.0601795000000003,EXTRACTED
g5618,U_g5618/ZN,90.06,98.0,False,2661,0.6244402,0.90384338,0.946814,1.5712542,EXTRACTED
g5625,U_g5625/ZN,105.07,121.8,False,12344,0.997132,0.4460388599999999,0.946814,1.943946,EXTRACTED
g5626,U_g5626/ZN,112.1,91.0,False,2721,0.37635799999999997,0.28978621200000004,0.946814,1.323172,EXTRACTED
g5627,U_g5627/ZN,100.51,114.8,False,6479,2.6862307000000003,2.6219679559999998,1.94926,4.6354907,EXTRACTED
g563,U_g563/Q,73.91,60.2,True,16554,1.5193224999999997,1.024625251,2.755084,4.2744064999999996,EXTRACTED
g5631,U_g5631/ZN,76.0,106.4,False,12489,0.452284,0.49101725999999996,0.946814,1.399098,EXTRACTED
g5632,U_g5632/ZN,92.34,86.8,False,2677,0.49503600000000003,0.23187872099999998,0.946814,1.44185,EXTRACTED
g5640,U_g5640/ZN,84.17,109.2,False,11686,0.49393400000000004,0.21734604000000002,0.946814,1.4407480000000001,EXTRACTED
g5658,output153/Z,83.79,5.6,False,0,0.615994,0.172572208,0,0.615994,EXTRACTED
g5659,output154/Z,75.62,1.4,False,0,0.14398,0.020140947,0,0.14398,EXTRACTED
g566,U_g566/Q,92.53,102.2,True,16676,1.3152963,1.0754875200000003,2.755084,4.0703803,EXTRACTED
g5674,U_g5674/ZN,63.84,46.2,False,11235,0.406496,0.5955710300000001,0.941939,1.348435,EXTRACTED
g5675,U_g5675/ZN,66.5,40.6,False,11181,0.0461074,0.16900116,0.941939,0.9880464,EXTRACTED
g5680,U_g5680/ZN,72.39,39.2,False,10548,1.6687054,1.2581467980000003,0.941939,2.6106444,EXTRACTED
g5681,U_g5681/ZN,81.32,53.2,False,10384,0.0576572,0.01747458,0.941939,0.9995961999999999,EXTRACTED
g5686,U_g5686/ZN,76.76,61.6,False,11315,0.44833,0.21954311,0.941939,1.390269,EXTRACTED
g5687,U_g5687/ZN,95.38,64.4,False,11497,0.400318,0.11828721200000002,0.941939,1.342257,EXTRACTED
g569,U_g569/Q,106.21,78.4,True,16718,1.9879016099999998,1.7204696210000003,2.755084,4.74298561,EXTRACTED
g5690,U_g5690/ZN,96.52,99.4,False,12096,0.219276,0.40059247,0.946814,1.16609,EXTRACTED
g5694,U_g5694/ZN,72.2,65.8,False,10129,1.049554,1.2609355899999999,0.941939,1.9914930000000002,EXTRACTED
g5695,U_g5695/ZN,65.36,64.4,False,11363,0.1720458,0.07711424,0.941939,1.1139847999999999,EXTRACTED
g5698,U_g5698/ZN,90.82,91.0,False,10817,0.01742614,0.0,0.946814,0.96424014,EXTRACTED
g5699,U_g5699/ZN,104.31,57.4,False,10783,0.0555582,0.07037607000000001,0.946814,1.0023722,EXTRACTED
g5703,U_g5703/ZN,106.78,63.0,False,11217,0.95289597,0.395983038,0.941939,1.89483497,EXTRACTED
g5704,U_g5704/ZN,71.44,39.2,False,8702,0.1992252,0.30492893,0.941939,1.1411642,EXTRACTED
g5706,U_g5706/ZN,85.69,91.0,False,11152,0.662223,0.53165676,0.946814,1.609037,EXTRACTED
g5707,U_g5707/ZN,103.55,100.8,False,10864,0.48926159999999996,0.4250248,0.946814,1.4360756000000001,EXTRACTED
g572,U_g572/Q,86.26,96.6,True,16580,1.0515751,0.6902665489999998,2.755084,3.8066591,EXTRACTED
g5720,U_g5720/ZN,77.52,37.8,False,10501,0.1580154,0.07955292896999999,0.941939,1.0999543999999999,EXTRACTED
g5721,U_g5721/ZN,102.03,54.6,False,10961,0.5053502999999999,0.54228553,0.946814,1.4521643,EXTRACTED
g5722,U_g5722/ZN,97.09,37.8,False,10890,0.4526918,0.9546975799999999,0.946814,1.3995058,EXTRACTED
g5725,U_g5725/ZN,88.35,53.2,False,11156,0.0727448,0.21540579,0.946814,1.0195588,EXTRACTED
g5726,U_g5726/ZN,102.79,77.0,False,11693,0.01624068,0.0011854699999999999,0.946814,0.96305468,EXTRACTED
g5731,U_g5731/ZN,88.73,40.6,False,11358,0.01742614,0.0,0.946814,0.96424014,EXTRACTED
g5732,U_g5732/ZN,81.51,82.6,False,10809,0.6237936,0.49274770997,0.946814,1.5706076,EXTRACTED
g5737,U_g5737/ZN,103.36,57.4,False,10863,0.463044,0.29612391000000005,0.946814,1.409858,EXTRACTED
g5738,U_g5738/ZN,105.83,105.0,False,12019,0.040726599999999995,0.023733739999999996,0.946814,0.9875406,EXTRACTED
g5739,U_g5739/ZN,86.07,81.2,False,11124,0.0179297,0.0,0.946814,0.9647437000000001,EXTRACTED
g5744,U_g5744/ZN,121.41,92.4,False,10833,0.15955940000000002,0.2563393,0.946814,1.1063734,EXTRACTED
g5745,U_g5745/ZN,101.08,79.8,False,11665,0.01742614,0.0,0.946814,0.96424014,EXTRACTED
g5746,U_g5746/ZN,98.23,110.6,False,10835,0.614394,0.30139614000000003,0.946814,1.5612080000000002,EXTRACTED
g575,U_g575/Q,57.38,53.2,True,16548,1.9892431799999999,1.7193847899999994,2.755084,4.74432718,EXTRACTED
g5755,U_g5755/ZN,61.18,102.2,False,22473,0.0646512,0.0959403,1.119679,1.1843302,EXTRACTED
g5756,U_g5756/ZN,114.57,96.6,False,11914,0.379342,0.04308008,0.946814,1.3261560000000001,EXTRACTED
g5757,U_g5757/ZN,108.87,70.0,False,11686,0.0895478,0.08295944,0.946814,1.0363618,EXTRACTED
g5762,U_g5762/ZN,65.55,16.8,False,17494,1.377808,0.571539836,0.918145,2.295953,EXTRACTED
g5763,U_g5763/ZN,88.16,50.4,False,26823,1.46680977,2.9966138166,2.094309,3.56111877,EXTRACTED
g5769,U_g5769/ZN,40.09,116.2,False,1418,0.17067859999999999,0.26033675,0.946814,1.1174926,EXTRACTED
g5770,U_g5770/ZN,110.58,131.6,False,17921,0.39915399999999995,0.55798034,1.119679,1.518833,EXTRACTED
g5771,U_g5771/ZN,101.08,89.6,False,12079,0.7028215999999999,0.290769206,0.946814,1.6496355999999999,EXTRACTED
g5772,U_g5772/ZN,102.98,98.0,False,10836,0.0428952,0.0,0.946814,0.9897092000000001,EXTRACTED
g578,U_g578/Q,121.41,107.8,True,16758,12.03696915,0.39763204,2.619024,14.655993149999999,EXTRACTED
g5780,U_g5780/ZN,38.19,117.6,False,16324,0.1050128,0.0298222,0.941939,1.0469518,EXTRACTED
g5781,U_g5781/ZN,104.88,71.4,False,11690,0.203102,0.28429782000000003,0.946814,1.1499160000000002,EXTRACTED
g5782,U_g5782/ZN,107.16,68.6,False,10724,0.01742614,0.0,0.946814,0.96424014,EXTRACTED
g5788,U_g5788/ZN,113.81,70.0,False,11467,0.205766,0.025951748,0.946814,1.15258,EXTRACTED
g5789,U_g5789/ZN,102.98,67.2,False,11840,0.0132445,0.006561849999999999,0.946814,0.9600585,EXTRACTED
g579,U_g579/Q,125.21,102.2,True,16238,1.614692,0.70772689,2.619024,4.233716,EXTRACTED
g5795,U_g5795/ZN,109.44,72.8,False,10777,0.0416326,0.04821275999999999,0.946814,0.9884466000000001,EXTRACTED
g5796,U_g5796/ZN,126.73,89.6,False,12215,0.75289,0.7363164200000001,0.946814,1.699704,EXTRACTED
g58,U_g58/Q,39.71,127.4,True,16819,1.67938019,2.2923112199999998,3.729714,5.40909419,EXTRACTED
g580,U_g580/Q,36.86,85.4,True,16838,4.6002712,1.9580470299999997,2.619024,7.2192951999999995,EXTRACTED
g5802,U_g5802/ZN,124.26,105.0,False,17787,1.2745537,1.1541989400000001,0.918145,2.1926987000000002,EXTRACTED
g5803,U_g5803/ZN,108.3,112.0,False,16571,1.0447525000000002,0.89450465,4.116209,5.1609615,EXTRACTED
g5804,U_g5804/ZN,94.81,58.8,False,13693,0.699283,1.097745201,0.946814,1.6460970000000001,EXTRACTED
g5808,U_g5808/ZN,123.69,126.0,False,0,0.59571067,0.453705222,3.89852,4.49423067,EXTRACTED
g5809,U_g5809/ZN,129.01,109.2,False,18196,2.839219,1.6053260129999998,0.918145,3.757364,EXTRACTED
g581,U_g581/Q,25.46,78.4,True,16861,0.58736276,0.56591382,2.619024,3.20638676,EXTRACTED
g5810,U_g5810/ZN,113.81,109.2,False,16614,2.6380843800000005,1.329252693,4.116209,6.75429338,EXTRACTED
g5813,U_g5813/ZN,73.91,127.4,False,17351,0.00762048,0.021911310000000003,0.918145,0.92576548,EXTRACTED
g5814,U_g5814/ZN,104.69,89.6,False,16638,0.651062,0.543724035,4.116209,4.767270999999999,EXTRACTED
g5816,output155/Z,100.89,144.2,True,16649,0.167081,0.06556764,0,0.167081,EXTRACTED
g5819,U_g5819/ZN,99.56,130.2,False,16317,0.551978,0.374477564,0.918145,1.470123,EXTRACTED
g582,U_g582/Q,15.96,81.2,True,16909,0.65364207,0.31450818999999997,2.619024,3.27266607,EXTRACTED
g5820,U_g5820/ZN,99.37,93.8,False,16580,0.72819597,0.573028455,4.116209,4.844404969999999,EXTRACTED
g5823,U_g5823/ZN,83.98,107.8,False,16359,0.34662400000000004,0.43778715999999995,0.918145,1.264769,EXTRACTED
g5824,U_g5824/ZN,115.9,102.2,False,16578,1.0544396200000001,1.0457771539999998,4.116209,5.17064862,EXTRACTED
g5825,U_g5825/ZN,44.65,22.4,False,3330,0.391086,0.11577409,0.946814,1.3379,EXTRACTED
g583,U_g583/Q,134.52,64.4,True,16305,0.4381475,0.545151358,2.619024,3.0571715,EXTRACTED
g5836,U_g5836/ZN,72.39,138.6,False,0,1.4728264,0.357368954,1.94926,3.4220864,EXTRACTED
g5837,U_g5837/ZN,85.69,102.2,False,16506,0.8640540000000001,0.8181898909999998,0.918145,1.782199,EXTRACTED
g5838,U_g5838/ZN,84.74,103.6,False,16586,3.6527039,2.4022662020000003,4.116209,7.7689129,EXTRACTED
g584,U_g584/Q,121.6,110.6,True,16688,0.89318994,0.120451046,2.619024,3.51221394,EXTRACTED
g5841,U_g5841/ZN,73.15,113.4,False,16604,0.050256999999999996,0.16452389,0.918145,0.968402,EXTRACTED
g5842,U_g5842/ZN,91.58,86.8,False,16127,1.6110760000000002,1.3718537450000001,4.116209,5.727285,EXTRACTED
g5846,U_g5846/ZN,74.1,89.6,False,16518,1.506897,1.2493354780000006,0.918145,2.425042,EXTRACTED
g5847,U_g5847/ZN,113.62,95.2,False,16679,0.30575030000000003,0.194811153,4.116209,4.421959299999999,EXTRACTED
g5848,U_g5848/ZN,51.68,53.2,False,389,0.1796586,0.07764059999999999,0.946814,1.1264726,EXTRACTED
g5849,U_g5849/ZN,79.42,70.0,False,1550,0.49912999999999996,0.33837509299999996,1.119679,1.6188090000000002,EXTRACTED
g585,U_g585/Q,130.91,103.6,True,16787,0.6970350000000001,0.126580292,2.619024,3.316059,EXTRACTED
g5851,U_g5851/ZN,72.77,102.2,False,16247,0.0826398,0.078949453,0.918145,1.0007848,EXTRACTED
g5852,U_g5852/ZN,92.72,79.8,False,16647,0.9234049,0.3951903249999999,4.116209,5.039613899999999,EXTRACTED
g5853,U_g5853/ZN,31.73,30.8,False,151,0.62109977,0.4419782400000001,1.83629,2.45738977,EXTRACTED
g5857,U_g5857/ZN,80.75,95.2,False,16516,1.8798006999999999,1.5769957900000002,4.116209,5.996009699999999,EXTRACTED
g5859,U_g5859/ZN,93.48,37.8,False,14053,1.4979719999999999,1.9831975300000002,3.37867,4.876642,EXTRACTED
g586,U_g586/Q,29.07,81.2,True,16831,1.1402828,1.591981319,2.619024,3.7593068,EXTRACTED
g5863,U_g5863/ZN,39.33,44.8,False,4334,6.38177303,1.1211898900000001,3.198064,9.57983703,EXTRACTED
g5867,U_g5867/ZN,48.26,131.6,False,13489,2.35278145,1.838932336,3.5841079999999996,5.93688945,EXTRACTED
g587,U_g587/Q,31.54,123.2,True,16796,1.4048789999999998,1.8681088470000002,2.619024,4.023903,EXTRACTED
g5877,U_g5877/ZN,34.01,106.4,False,2000,0.692546,0.435062795,0.97463,1.667176,EXTRACTED
g5878,U_g5878/ZN,72.77,23.8,False,17474,0.29744057,0.15913116500000005,2.92389,3.22133057,EXTRACTED
g588,U_g588/Q,16.15,32.2,True,17030,1.2766481,0.31017718,2.619024,3.8956721,EXTRACTED
g5882,U_g5882/ZN,136.99,91.0,False,8738,0.0718706,0.021381255000000002,0.941939,1.0138096,EXTRACTED
g589,U_g589/Q,138.89,63.0,True,16321,0.7327358,1.016025084,2.619024,3.3517598,EXTRACTED
g5897,U_g5897/ZN,81.32,79.8,False,15127,0.042986199999999995,0.07611689999999999,0.97463,1.0176162,EXTRACTED
g590,U_g590/Q,86.45,32.2,True,16839,1.5271569999999999,1.124400214,2.619024,4.146181,EXTRACTED
g5902,U_g5902/ZN,46.74,126.0,False,342,0.0614998,0.054858488,0.941939,1.0034388,EXTRACTED
g591,U_g591/Q,35.34,126.0,True,16827,2.8913241099999993,2.6261083834899996,13.304458,16.19578211,EXTRACTED
g5910,U_g5910/ZN,84.55,81.2,False,18192,3.9014197000000004,0.780356086,1.119679,5.0210987000000005,EXTRACTED
g5911,U_g5911/ZN,49.4,131.6,False,308,0.0779134,0.0267871,0.941939,1.0198524,EXTRACTED
g5913,U_g5913/ZN,117.99,128.8,False,5456,0.383534,0.09170612,0.941939,1.325473,EXTRACTED
g5914,U_g5914/ZN,60.61,106.4,False,15973,1.26466173,0.941288846,1.119679,2.38434073,EXTRACTED
g5915,U_g5915/ZN,54.53,127.4,False,309,0.1198366,0.023967028,0.941939,1.0617756,EXTRACTED
g5917,U_g5917/ZN,117.42,126.0,False,5456,0.38577,0.26032625,0.941939,1.327709,EXTRACTED
g5918,U_g5918/ZN,59.66,49.0,False,24030,1.821194,0.77957958,1.119679,2.940873,EXTRACTED
g5919,U_g5919/ZN,66.31,50.4,False,0,4.83883533,5.268599844999997,13.64482,18.483655329999998,EXTRACTED
g5934,U_g5934/ZN,64.6,44.8,False,1,0.1411412,0.463741665,0.946814,1.0879552000000001,EXTRACTED
g5935,U_g5935/ZN,57.19,7.0,False,16211,0.330208,0.22170679000000001,0.918145,1.248353,EXTRACTED
g5938,U_g5938/ZN,121.98,43.4,False,0,2.080226,2.2760671789999996,3.315544,5.395770000000001,EXTRACTED
g5942,U_g5942/ZN,95.57,58.8,False,16529,0.1326202,0.2155734,0.918145,1.0507652,EXTRACTED
g5944,U_g5944/ZN,136.8,84.0,False,48,1.0353223,0.4496224179999999,4.172694,5.2080163,EXTRACTED
g5981,U_g5981/ZN,137.75,82.6,False,22910,0.0612506,0.01593442,0.918145,0.9793956,EXTRACTED
g5983,U_g5983/ZN,138.51,67.2,False,16529,0.07700660000000001,0.035765352,0.918145,0.9951516,EXTRACTED
g599,U_g599/Q,30.02,91.0,True,16808,2.3817707400000003,1.9930893230000002,10.809685,13.19145574,EXTRACTED
g5993,U_g5993/ZN,136.99,70.0,False,16823,0.269312,0.20434091199999999,0.918145,1.187457,EXTRACTED
g5995,U_g5995/ZN,135.28,88.2,False,16670,0.20070400000000002,0.34559976000000003,0.918145,1.118849,EXTRACTED
g5996,U_g5996/ZN,71.63,82.6,False,16729,1.9874840599999999,2.5446065350000002,4.317743,6.30522706,EXTRACTED
g5999,U_g5999/ZN,116.28,39.2,False,0,1.073315,0.7558788950000002,1.664199,2.737514,EXTRACTED
g6000,U_g6000/ZN,79.8,79.8,False,16658,1.4765962,0.9720520600000003,4.317743,5.7943392,EXTRACTED
g6002,U_g6002/ZN,71.06,88.2,False,16571,2.0113558,1.483119301,4.317743,6.329098800000001,EXTRACTED
g6003,U_g6003/ZN,50.92,32.2,False,5546,2.73983522,3.3681840330000004,11.413839,14.15367422,EXTRACTED
g6015,U_g6015/ZN,93.48,95.2,False,16534,4.762368200000001,4.525141544999999,4.317743,9.080111200000001,EXTRACTED
g6019,U_g6019/ZN,35.15,109.2,False,1724,0.3659475,0.177280007,4.963461,5.3294084999999995,EXTRACTED
g6023,U_g6023/ZN,85.5,47.6,False,15224,2.1038315,1.58671207,3.315544,5.4193755,EXTRACTED
g6026,U_g6026/ZN,83.79,75.6,False,16656,0.6118083599999999,0.67916401,4.317743,4.92955136,EXTRACTED
g6027,U_g6027/ZN,34.01,117.6,False,284,0.8015052,0.8519439520000001,3.198064,3.9995692,EXTRACTED
g6032,U_g6032/ZN,87.97,33.6,False,12070,2.12680655,2.4990551540000006,3.37867,5.50547655,EXTRACTED
g6035,U_g6035/ZN,83.41,103.6,False,16576,1.5589865799999998,2.217043989,4.317743,5.87672958,EXTRACTED
g6037,U_g6037/ZN,102.22,43.4,False,15306,0.9667386,1.3064939719999997,1.664199,2.6309376,EXTRACTED
g6038,U_g6038/ZN,94.62,85.4,False,16190,2.3551297,2.863188409,4.317743,6.6728727,EXTRACTED
g6042,U_g6042/ZN,82.65,100.8,False,16621,4.94476563,2.9342067530000002,4.317743,9.26250863,EXTRACTED
g6045,U_g6045/ZN,70.68,72.8,False,16691,1.0671512,1.33660808,4.317743,5.3848942,EXTRACTED
g6047,U_g6047/ZN,48.26,126.0,False,4454,0.625528,0.415622644,0.941939,1.567467,EXTRACTED
g6049,U_g6049/ZN,69.73,102.2,False,16563,4.8755779,4.120526591000003,4.317743,9.1933209,EXTRACTED
g605,U_g605/Q,30.59,124.6,True,16778,2.6594445199999996,2.1562641080000007,10.73195,13.391394519999999,EXTRACTED
g6054,U_g6054/ZN,127.68,105.0,False,16388,0.1585108,0.10058889,1.119679,1.2781898,EXTRACTED
g6058,U_g6058/ZN,125.4,117.6,False,5186,0.584206,0.38987854,0.941939,1.526145,EXTRACTED
g6059,U_g6059/ZN,132.05,95.2,False,17229,0.7726999999999999,0.21353337,1.119679,1.892379,EXTRACTED
g6061,U_g6061/ZN,84.74,86.8,False,16550,0.404694,0.40442245,0.927525,1.332219,EXTRACTED
g6064,U_g6064/ZN,22.04,107.8,False,7833,0.5655555999999999,0.8857418,1.83629,2.4018455999999997,EXTRACTED
g6067,U_g6067/ZN,122.74,117.6,False,5186,0.492492,0.29989907,0.941939,1.434431,EXTRACTED
g6068,U_g6068/ZN,49.02,112.0,False,17499,1.229086,0.44294675999999994,1.119679,2.348765,EXTRACTED
g6070,U_g6070/ZN,85.12,137.2,False,5454,0.6898880000000001,0.17462654000000002,0.941939,1.631827,EXTRACTED
g6071,U_g6071/ZN,84.36,91.0,False,16935,0.45344,0.20595426,1.119679,1.5731190000000002,EXTRACTED
g6074,U_g6074/ZN,86.45,86.8,False,16563,0.279882,0.28876542,0.927525,1.2074070000000001,EXTRACTED
g6075,U_g6075/ZN,106.97,96.6,False,12249,0.436612,0.18554783999999996,0.946814,1.383426,EXTRACTED
g6078,U_g6078/ZN,78.85,131.6,False,18000,0.046766,0.05602712,0.918145,0.964911,EXTRACTED
g6079,U_g6079/ZN,102.98,133.0,False,5456,0.047724,0.016129123999999998,0.941939,0.989663,EXTRACTED
g6080,U_g6080/ZN,73.15,81.2,False,16205,0.46017569999999997,0.511003521,1.119679,1.5798547,EXTRACTED
g6081,U_g6081/ZN,53.39,127.4,False,4678,0.9400218699999999,0.8205339160000001,3.89852,4.83854187,EXTRACTED
g6083,U_g6083/ZN,109.63,81.2,False,11574,0.35908,0.30752157,0.946814,1.305894,EXTRACTED
g6087,U_g6087/ZN,74.67,135.8,False,5454,0.47397438999999997,0.7333225600000001,0.941939,1.41591339,EXTRACTED
g6088,U_g6088/ZN,56.05,102.2,False,17139,0.8198764000000001,0.6698343099999999,1.119679,1.9395554000000002,EXTRACTED
g6090,U_g6090/ZN,100.51,82.6,False,12753,0.651018,0.46874631,0.946814,1.597832,EXTRACTED
g6092,U_g6092/ZN,80.75,137.2,False,5506,0.0466284,0.011634899999999998,0.941939,0.9885674,EXTRACTED
g6093,U_g6093/ZN,53.2,99.4,False,17017,0.39758000000000004,0.23966319000000003,1.119679,1.5172590000000001,EXTRACTED
g6095,U_g6095/ZN,65.17,134.4,False,5510,0.060959,0.13152587000000002,0.941939,1.002898,EXTRACTED
g6096,U_g6096/ZN,76.57,77.0,False,16269,0.5208415,1.047759,1.119679,1.6405205,EXTRACTED
g6098,U_g6098/ZN,65.93,106.4,False,5142,0.5018199999999999,0.53712536,0.941939,1.443759,EXTRACTED
g6099,U_g6099/ZN,54.72,102.2,False,16137,0.232786,0.190571744,1.119679,1.352465,EXTRACTED
g61,U_g61/Q,26.03,124.6,True,16788,1.9900070200000002,1.1996507100000002,3.729714,5.71972102,EXTRACTED
g6102,U_g6102/ZN,65.17,106.4,False,5428,0.487846,0.19506210100000002,0.941939,1.4297849999999999,EXTRACTED
g6105,U_g6105/ZN,140.03,71.4,False,22115,0.084755,0.15534871,0.918145,1.0029,EXTRACTED
g6109,U_g6109/ZN,104.69,11.2,False,0,0.8468420000000001,1.1212267500000002,4.590725,5.437567,EXTRACTED
g611,U_g611/Q,45.22,109.2,True,16581,1.57424646,2.0168097630000004,10.730696,12.30494246,EXTRACTED
g6122,U_g6122/ZN,87.4,61.6,False,6775,0.577904,0.4577491349999999,1.650377,2.228281,EXTRACTED
g6123,U_g6123/ZN,61.75,1.4,False,14286,0.49938200000000005,0.3426016820000001,1.119679,1.619061,EXTRACTED
g6124,U_g6124/ZN,73.91,67.2,False,10516,0.5323739999999999,0.44422845999999994,1.621225,2.153599,EXTRACTED
g6126,U_g6126/ZN,89.87,64.4,False,1513,0.9463540999999999,0.6644910310000001,1.119679,2.0660331,EXTRACTED
g6131,U_g6131/ZN,45.98,23.8,False,5083,0.054503,0.03422997,1.599032,1.653535,EXTRACTED
g6155,U_g6155/ZN,137.56,78.4,False,7093,0.32839399999999996,0.4161073,1.119679,1.448073,EXTRACTED
g6162,U_g6162/ZN,62.32,134.4,False,1405,0.9359535999999999,0.7496242799999999,0.946814,1.8827676,EXTRACTED
g6163,U_g6163/ZN,77.9,74.2,False,93,0.810472,0.6582650700000001,1.119679,1.930151,EXTRACTED
g6165,U_g6165/ZN,42.94,82.6,False,6524,2.73478163,1.894973195,10.72093,13.45571163,EXTRACTED
g617,U_g617/Q,39.52,105.0,True,16572,1.4495460000000002,1.143031692,9.145486,10.595032,EXTRACTED
g6177,U_g6177/ZN,91.2,123.2,False,18009,0.37368999999999997,0.936453526,0.918145,1.2918349999999998,EXTRACTED
g6179,U_g6179/ZN,79.04,79.8,False,1,0.5425631,0.6272713200000001,1.119679,1.6622421,EXTRACTED
g6180,U_g6180/ZN,112.48,98.0,False,15227,0.6597900000000001,0.733735892,1.119679,1.7794690000000002,EXTRACTED
g6185,U_g6185/ZN,96.33,127.4,False,16593,0.332302,0.37061526200000006,0.918145,1.2504469999999999,EXTRACTED
g6186,U_g6186/ZN,72.58,84.0,False,11357,0.24676800000000002,0.30278077000000003,0.946814,1.1935820000000001,EXTRACTED
g6187,U_g6187/ZN,29.45,21.0,False,12912,0.5863981,0.11888940799999999,1.83629,2.4226881000000002,EXTRACTED
g6193,U_g6193/ZN,53.2,91.0,False,14881,0.5880641600000001,0.449366992,1.119679,1.7077431600000001,EXTRACTED
g6194,U_g6194/ZN,60.99,89.6,False,12334,0.01742614,0.0,0.946814,0.96424014,EXTRACTED
g6198,U_g6198/ZN,116.66,86.8,False,15260,0.567884,0.35613526799999995,1.119679,1.6875630000000001,EXTRACTED
g6199,U_g6199/ZN,93.1,89.6,False,12908,0.375992,0.40870541,0.946814,1.322806,EXTRACTED
g6204,U_g6204/ZN,28.69,109.2,False,341,0.0683618,0.10949598999999999,0.941939,1.0103008,EXTRACTED
g6205,U_g6205/ZN,64.03,96.6,False,15319,0.498556,1.0770982694899998,1.119679,1.618235,EXTRACTED
g6206,U_g6206/ZN,97.66,85.4,False,12990,0.289556,0.32283249999999997,0.946814,1.23637,EXTRACTED
g6207,U_g6207/ZN,138.13,84.0,False,16631,0.08708339999999999,0.04546201999999999,0.918145,1.0052284,EXTRACTED
g6215,U_g6215/ZN,117.99,91.0,False,15254,0.0971166,0.060039932000000004,1.119679,1.2167956000000002,EXTRACTED
g6216,U_g6216/ZN,121.79,99.4,False,15265,0.40818400000000005,0.4335535900000001,1.119679,1.5278630000000002,EXTRACTED
g6217,U_g6217/ZN,81.13,68.6,False,13217,0.6076786999999999,0.43359498399999996,0.946814,1.5544927,EXTRACTED
g622,U_g622/Q,30.4,95.2,True,16800,4.7785119,1.1605137920000002,6.7917179999999995,11.5702299,EXTRACTED
g6221,U_g6221/ZN,63.46,7.0,False,479,1.3314223,1.58410987,4.172694,5.5041163,EXTRACTED
g6224,U_g6224/ZN,56.24,105.0,False,14871,0.843897,0.46896388999999994,1.119679,1.9635760000000002,EXTRACTED
g6225,U_g6225/ZN,98.61,100.8,False,12896,0.01742614,0.0,0.946814,0.96424014,EXTRACTED
g6228,U_g6228/ZN,15.2,103.6,False,358,0.2280097,0.140340994,1.83629,2.0642997,EXTRACTED
g6231,U_g6231/ZN,88.16,68.6,False,117,0.6447727,0.6394223259999998,4.172694,4.8174667,EXTRACTED
g6234,U_g6234/ZN,93.29,88.2,False,15253,0.049054600000000004,0.11178934,1.119679,1.1687336000000002,EXTRACTED
g6235,U_g6235/ZN,106.4,79.8,False,11543,0.5319080999999999,0.43840705,0.946814,1.4787221,EXTRACTED
g6238,U_g6238/ZN,89.11,95.2,False,12953,0.250566,0.11480524,0.946814,1.19738,EXTRACTED
g6240,U_g6240/ZN,69.54,42.0,False,11071,0.34621,0.18134061,0.941939,1.288149,EXTRACTED
g6243,U_g6243/ZN,72.77,64.4,False,1646,0.0667826,0.10472386,1.119679,1.1864616000000001,EXTRACTED
g6244,U_g6244/ZN,57.57,92.4,False,15266,0.13145579999999998,0.10220911999999999,1.119679,1.2511348,EXTRACTED
g6245,U_g6245/ZN,62.51,58.8,False,12870,0.526912,0.71689907,0.946814,1.473726,EXTRACTED
g6246,U_g6246/ZN,71.25,58.8,False,11028,0.4550358,0.6091492935999998,0.941939,1.3969748,EXTRACTED
g6247,U_g6247/ZN,101.46,56.0,False,10161,0.48135800000000006,0.637703985,0.941939,1.423297,EXTRACTED
g6253,output156/Z,144.02,64.4,False,0,0.242408,0.18792813000000003,0,0.242408,EXTRACTED
g6254,output157/Z,122.36,5.6,False,0,0.7275739999999999,0.8729036300000002,0,0.7275739999999999,EXTRACTED
g6255,output158/Z,117.99,8.4,False,0,0.771736,0.6000452700000001,0,0.771736,EXTRACTED
g6256,output159/Z,120.46,7.0,False,0,0.776162,0.21956982,0,0.776162,EXTRACTED
g6257,output160/Z,129.96,2.8,False,0,0.273778,0.14869884,0,0.273778,EXTRACTED
g6258,output161/Z,118.75,1.4,False,0,0.1096694,0.1290915,0,0.1096694,EXTRACTED
g6259,output162/Z,134.33,2.8,False,0,0.26707000000000003,0.174202378,0,0.26707000000000003,EXTRACTED
g6260,output163/Z,131.86,1.4,False,0,0.38792,0.06806250999999999,0,0.38792,EXTRACTED
g6261,output164/Z,125.59,2.8,False,0,0.23720999999999998,0.079338936,0,0.23720999999999998,EXTRACTED
g6262,output165/Z,115.9,2.8,False,0,0.39666799999999997,0.5484848210000001,0,0.39666799999999997,EXTRACTED
g6263,output166/Z,97.28,2.8,False,0,0.4990180000000001,0.5655228700000001,0,0.4990180000000001,EXTRACTED
g6264,output167/Z,17.48,144.2,False,0,0.22337600000000002,0.04576252,0,0.22337600000000002,EXTRACTED
g6265,output168/Z,58.52,1.4,False,0,0.276782,0.02439186,0,0.276782,EXTRACTED
g6266,output169/Z,144.02,142.8,False,0,0.1634194,0.0472982,0,0.1634194,EXTRACTED
g6267,output170/Z,70.3,144.2,False,0,0.472088,0.050646,0,0.472088,EXTRACTED
g6268,output171/Z,145.73,119.0,False,0,0.37929,0.14451138,0,0.37929,EXTRACTED
g6269,output172/Z,144.59,124.6,False,0,0.1951428,0.156716054,0,0.1951428,EXTRACTED
g627,U_g627/Q,64.6,113.4,True,16698,2.98936367,2.5297111340000016,9.092204,12.08156767,EXTRACTED
g6270,output173/Z,71.25,142.8,False,0,0.261698,0.02521824,0,0.261698,EXTRACTED
g6271,output174/Z,74.1,144.2,False,0,0.419668,0.15400493,0,0.419668,EXTRACTED
g6272,output175/Z,71.82,144.2,False,0,0.0727156,0.10231407,0,0.0727156,EXTRACTED
g6273,output176/Z,78.85,144.2,False,0,0.140558,0.08473734000000001,0,0.140558,EXTRACTED
g6274,output177/Z,61.75,144.2,False,0,0.13337200000000002,0.11507394,0,0.13337200000000002,EXTRACTED
g6275,output178/Z,66.88,144.2,False,0,0.222068,0.00921625,0,0.222068,EXTRACTED
g6276,output179/Z,64.6,144.2,False,0,0.1088494,0.08608654,0,0.1088494,EXTRACTED
g6277,output180/Z,145.73,127.4,False,0,0.1819938,0.10067534,0,0.1819938,EXTRACTED
g6278,output181/Z,145.16,123.2,False,0,0.420842,0.12244831,0,0.420842,EXTRACTED
g6279,output182/Z,145.73,8.4,False,0,0.70007,0.01201206,0,0.70007,EXTRACTED
g6280,output183/Z,1.33,2.8,False,0,0.0850566,0.0634573,0,0.0850566,EXTRACTED
g6281,output184/Z,138.13,120.4,False,0,0.7646482000000001,0.21968185,0,0.7646482000000001,EXTRACTED
g6282,output185/Z,144.21,117.6,False,0,0.363664,0.19875497300000003,0,0.363664,EXTRACTED
g6283,output186/Z,1.9,86.8,False,0,0.11126219999999999,0.075365917,0,0.11126219999999999,EXTRACTED
g6284,output187/Z,30.02,141.4,False,0,0.207872,0.18456504000000004,0,0.207872,EXTRACTED
g6285,output188/Z,1.9,32.2,False,0,0.1274176,0.050607349999999995,0,0.1274176,EXTRACTED
g630,U_g630/Q,63.08,112.0,True,16708,0.515266,0.10472593999999999,1.836939,2.352205,EXTRACTED
g631,U_g631/Q,55.67,110.6,True,16740,0.44244839999999996,0.6236994029999999,1.836939,2.2793874,EXTRACTED
g6316,U_g6316/ZN,65.36,120.4,False,612,0.1134612,0.12789720000000002,0.941939,1.0554002,EXTRACTED
g6317,U_g6317/ZN,68.59,119.0,False,405,0.6302019999999999,0.62174639,0.941939,1.5721409999999998,EXTRACTED
g6318,U_g6318/ZN,49.78,123.2,False,330,0.06912399999999999,0.05871606,0.941939,1.011063,EXTRACTED
g6319,U_g6319/ZN,60.8,113.4,False,683,0.5840879999999999,0.508294975,0.941939,1.526027,EXTRACTED
g632,U_g632/Q,62.51,109.2,True,16707,1.3872557,2.055966019,2.7644640000000003,4.1517197,EXTRACTED
g6320,U_g6320/ZN,59.66,117.6,False,399,0.0494952,0.01509659,0.941939,0.9914341999999999,EXTRACTED
g6321,U_g6321/ZN,57.0,127.4,False,2204,0.323676,0.05568158,0.941939,1.265615,EXTRACTED
g6322,U_g6322/ZN,67.64,121.8,False,281,0.0626034,0.07433449,0.941939,1.0045424,EXTRACTED
g6323,U_g6323/ZN,67.26,124.6,False,402,0.17651740000000002,0.26255109,0.941939,1.1184564,EXTRACTED
g6324,U_g6324/ZN,50.35,119.0,False,850,0.218934,0.29515422,0.941939,1.160873,EXTRACTED
g6325,U_g6325/ZN,53.01,119.0,False,322,0.5705605,0.438910374,0.941939,1.5124995,EXTRACTED
g6326,U_g6326/ZN,50.35,113.4,False,339,0.434046,0.3453129880000001,0.941939,1.375985,EXTRACTED
g6327,U_g6327/ZN,49.21,106.4,False,574,0.1980234,0.472043321,0.941939,1.1399624,EXTRACTED
g6328,U_g6328/ZN,49.02,105.0,False,629,0.0640922,0.008913589999999999,0.941939,1.0060312,EXTRACTED
g6329,U_g6329/ZN,59.28,107.8,False,623,0.6342220000000001,0.50307335,0.941939,1.576161,EXTRACTED
g6331,U_g6331/ZN,71.63,93.8,False,15352,0.1122728,0.185257132,1.119679,1.2319518,EXTRACTED
g6332,U_g6332/ZN,75.43,96.6,False,14865,1.3331988,1.1902452650000002,1.119679,2.4528778,EXTRACTED
g6333,U_g6333/ZN,59.09,96.6,False,15271,0.127165,0.14112352,1.119679,1.246844,EXTRACTED
g6334,U_g6334/ZN,53.58,95.2,False,15329,0.09607639999999999,0.0667348,1.119679,1.2157554000000002,EXTRACTED
g6341,U_g6341/ZN,100.13,40.6,False,11328,0.01742614,0.0,0.946814,0.96424014,EXTRACTED
g6342,U_g6342/ZN,84.17,56.0,False,11174,0.20524599999999998,0.42396452,0.946814,1.15206,EXTRACTED
g6345,U_g6345/ZN,78.28,106.4,False,5098,0.1185958,0.20966225,0.946814,1.0654098,EXTRACTED
g6346,U_g6346/ZN,72.77,21.0,False,5051,0.0404894,0.0,0.946814,0.9873034,EXTRACTED
g6347,U_g6347/ZN,78.66,61.6,False,11046,0.485514,0.402896418,0.946814,1.432328,EXTRACTED
g6348,U_g6348/ZN,89.49,67.2,False,11123,0.31260800000000005,0.38554663999999994,0.946814,1.259422,EXTRACTED
g635,U_g635/Q,49.59,109.2,True,16728,1.5371290000000002,1.3615642949999998,1.836939,3.3740680000000003,EXTRACTED
g6350,U_g6350/ZN,78.47,109.2,False,5670,1.492454,1.2662838899999997,0.946814,2.439268,EXTRACTED
g6351,U_g6351/ZN,113.62,15.4,False,0,0.372508,0.5073090459999999,1.70023,2.0727379999999997,EXTRACTED
g6352,U_g6352/ZN,93.29,64.4,False,13352,0.7510410000000001,0.67320086,0.946814,1.6978550000000001,EXTRACTED
g6353,U_g6353/ZN,63.27,63.0,False,11517,0.01742614,0.0,0.946814,0.96424014,EXTRACTED
g6354,U_g6354/ZN,76.38,130.2,False,13489,2.08334147,1.8975534500000002,3.89852,5.98186147,EXTRACTED
g6355,U_g6355/ZN,85.88,40.6,False,23835,0.7429859999999999,0.812395395,1.94926,2.692246,EXTRACTED
g6358,U_g6358/ZN,74.86,113.4,False,5750,0.01742614,0.0,0.946814,0.96424014,EXTRACTED
g6359,U_g6359/ZN,104.12,71.4,False,11247,1.419066,0.34341699000000003,0.946814,2.3658799999999998,EXTRACTED
g636,U_g636/Q,41.23,119.0,True,16563,1.9678636999999997,1.4581586399999995,3.738703,5.7065667,EXTRACTED
g6360,U_g6360/ZN,77.52,43.4,False,11415,0.6591322,0.479427513,0.946814,1.6059462,EXTRACTED
g6362,U_g6362/ZN,83.22,105.0,False,5287,0.9920609699999998,1.050826862,0.946814,1.9388749699999999,EXTRACTED
g6363,U_g6363/ZN,77.33,35.0,False,11934,0.1322474,0.28881460000000003,0.946814,1.0790614,EXTRACTED
g6364,U_g6364/ZN,74.29,102.2,False,4978,0.0428952,0.0,0.946814,0.9897092000000001,EXTRACTED
g639,U_g639/Q,48.07,114.8,True,16708,1.9374794,1.5565539609699999,4.568284,6.5057634,EXTRACTED
g6392,U_g6392/ZN,87.78,37.8,False,7476,4.16805525,5.314121825000001,2.094309,6.26236425,EXTRACTED
g64,U_g64/Q,37.24,112.0,True,16567,3.2461026100000003,1.9468008880000003,3.729714,6.975816610000001,EXTRACTED
g6403,U_g6403/ZN,34.2,25.2,False,19737,1.17472607,1.177109023,5.59875,6.77347607,EXTRACTED
g6404,U_g6404/ZN,27.36,26.6,False,2361,0.0198318,0.06533421,0.941939,0.9617707999999999,EXTRACTED
g6410,U_g6410/ZN,25.08,26.6,False,1158,0.1112538,0.023578130000000003,0.941939,1.0531928,EXTRACTED
g6416,U_g6416/ZN,25.84,23.8,False,617,0.08071099999999999,0.00956106,0.941939,1.02265,EXTRACTED
g6423,U_g6423/ZN,27.93,22.4,False,302,0.09731820000000001,0.10020457599999999,0.941939,1.0392572,EXTRACTED
g643,U_g643/Q,88.73,133.0,True,16622,1.7882016000000003,1.5595958619999999,3.537169,5.3253706,EXTRACTED
g6430,U_g6430/ZN,38.0,23.8,False,136,0.543988,0.2632707,0.941939,1.485927,EXTRACTED
g6432,U_g6432/ZN,10.07,96.6,False,18585,0.8648712000000001,0.976655846,2.92389,3.7887612,EXTRACTED
g6438,U_g6438/ZN,34.96,23.8,False,91,0.0539388,0.02925613,0.941939,0.9958777999999999,EXTRACTED
g6439,U_g6439/ZN,65.93,53.2,False,21803,0.1160936,0.25675492,1.119679,1.2357726,EXTRACTED
g6447,U_g6447/ZN,9.5,91.0,False,18585,1.2127693,1.10457156,3.89852,5.1112893,EXTRACTED
g6449,U_g6449/ZN,20.33,119.0,False,18585,0.8449928,0.44527430000000007,1.94926,2.7942527999999998,EXTRACTED
g646,U_g646/Q,64.03,133.0,True,16794,1.34893969,1.258252395,6.8004,8.14933969,EXTRACTED
g6463,U_g6463/ZN,117.23,5.6,False,0,0.393636,0.5385807899999999,0.946814,1.3404500000000001,EXTRACTED
g6465,U_g6465/ZN,46.36,16.8,False,4082,0.8123986999999999,0.12392478,1.9214440000000002,2.7338427000000003,EXTRACTED
g6468,U_g6468/ZN,99.56,96.6,False,22347,0.24091400000000002,0.43067645699999996,1.119679,1.3605930000000002,EXTRACTED
g6469,U_g6469/ZN,91.58,91.0,False,15716,0.30870000000000003,0.1969486,1.119679,1.428379,EXTRACTED
g6470,U_g6470/ZN,105.64,57.4,False,17656,0.2074,0.368684666,1.119679,1.3270790000000001,EXTRACTED
g6471,U_g6471/ZN,72.77,26.6,False,12301,0.1114956,0.05768953,1.119679,1.2311746000000001,EXTRACTED
g6472,U_g6472/ZN,35.72,23.8,False,88,0.6385524,0.650531264,1.83629,2.4748424,EXTRACTED
g6478,U_g6478/ZN,91.58,84.0,False,18673,0.856976,0.7257377860000002,1.119679,1.976655,EXTRACTED
g6479,U_g6479/ZN,105.64,107.8,False,16931,0.1909062,0.28271892000000004,1.119679,1.3105852,EXTRACTED
g6480,U_g6480/ZN,98.8,60.2,False,15632,0.220192,0.242011956,1.119679,1.339871,EXTRACTED
g6481,U_g6481/ZN,87.97,36.4,False,18729,0.747824,0.5706450650000001,1.119679,1.8675030000000001,EXTRACTED
g6485,U_g6485/ZN,53.96,51.8,False,16656,0.6408499999999999,0.7775418299999999,4.181376,4.822226000000001,EXTRACTED
g6488,U_g6488/ZN,33.25,107.8,False,1962,2.2319067,2.338262442000001,10.4719,12.7038067,EXTRACTED
g650,U_g650/Q,70.3,133.0,True,16791,1.20842544,0.9813763499999998,6.8004,8.008825439999999,EXTRACTED
g6500,U_g6500/ZN,90.44,53.2,False,18829,0.1910708,0.01376402,1.119679,1.3107498000000002,EXTRACTED
g6501,U_g6501/ZN,103.55,77.0,False,21031,0.09117320000000001,0.03019518,1.119679,1.2108522000000002,EXTRACTED
g6502,U_g6502/ZN,138.32,81.2,False,20604,0.52241196,0.613064428,1.119679,1.64209096,EXTRACTED
g6506,U_g6506/ZN,89.49,40.6,False,19915,1.7365643199999998,1.93299205,1.119679,2.85624332,EXTRACTED
g6507,U_g6507/ZN,87.21,77.0,False,17974,0.1827038,0.15042759,1.119679,1.3023828000000002,EXTRACTED
g6508,U_g6508/ZN,139.27,67.2,False,14671,0.539886,0.439165602,1.119679,1.6595650000000002,EXTRACTED
g6513,U_g6513/ZN,106.02,63.0,False,19398,0.478868,0.35209191100000004,1.119679,1.5985470000000002,EXTRACTED
g6514,U_g6514/ZN,106.59,105.0,False,21173,0.1276934,0.049864210000000006,1.119679,1.2473724000000002,EXTRACTED
g6515,U_g6515/ZN,86.83,81.2,False,17093,1.7936791,1.866590768,1.119679,2.9133581,EXTRACTED
g6516,U_g6516/ZN,135.09,72.8,False,13057,0.833016,0.8061578,1.119679,1.952695,EXTRACTED
g6522,U_g6522/ZN,122.93,95.2,False,13344,0.07411540000000001,0.013904699999999999,1.119679,1.1937944,EXTRACTED
g6523,U_g6523/ZN,101.84,79.8,False,16195,0.09939619999999999,0.07465223,1.119679,1.2190752,EXTRACTED
g6524,U_g6524/ZN,102.6,103.6,False,16837,0.18266680000000002,0.44218707000000007,1.119679,1.3023458,EXTRACTED
g6525,U_g6525/ZN,133.76,91.0,False,13951,1.9956515000000001,1.899813897,1.119679,3.1153305000000002,EXTRACTED
g6526,U_g6526/ZN,30.97,99.4,False,14045,0.1605882,0.137969536,1.119679,1.2802672000000002,EXTRACTED
g6528,U_g6528/ZN,114.19,100.8,False,21761,0.321188,0.189533267,1.119679,1.4408670000000001,EXTRACTED
g6529,U_g6529/ZN,108.68,68.6,False,15919,0.4372097,0.2860357,1.119679,1.5568887,EXTRACTED
g6530,U_g6530/ZN,138.51,85.4,False,9076,0.0975078,0.13719542,0.941939,1.0394468,EXTRACTED
g6531,U_g6531/ZN,34.58,126.0,False,13988,0.29193399999999997,0.73590415,1.119679,1.411613,EXTRACTED
g6532,U_g6532/ZN,43.89,82.6,False,12847,0.6623143,0.15288007,0.946814,1.6091283,EXTRACTED
g6533,U_g6533/ZN,98.99,81.2,False,21164,0.26967199999999997,0.28228099999999995,1.119679,1.389351,EXTRACTED
g6534,U_g6534/ZN,104.12,98.0,False,17004,1.977766,1.7081262999999998,1.119679,3.097445,EXTRACTED
g6535,U_g6535/ZN,39.52,82.6,False,14268,0.1261428,0.09647589000000001,0.946814,1.0729568,EXTRACTED
g6537,U_g6537/ZN,103.55,74.2,False,16157,0.0864532,0.042349899999999996,1.119679,1.2061322,EXTRACTED
g6538,U_g6538/ZN,107.92,68.6,False,17567,0.1050272,0.10023006999999999,1.119679,1.2247062000000002,EXTRACTED
g654,U_g654/Q,79.23,130.2,True,16675,1.7192257,2.662996271,6.8004,8.519625699999999,EXTRACTED
g6540,U_g6540/ZN,45.98,126.0,False,16664,0.086866,0.0396215,0.946814,1.03368,EXTRACTED
g6541,U_g6541/ZN,117.23,70.0,False,15903,0.59454,0.10726155,1.119679,1.714219,EXTRACTED
g6542,U_g6542/ZN,103.74,67.2,False,15990,0.38420400000000005,0.38614153999999995,1.119679,1.503883,EXTRACTED
g6544,U_g6544/ZN,50.92,127.4,False,16715,0.29778,0.32645525999999997,0.946814,1.244594,EXTRACTED
g6545,U_g6545/ZN,110.01,74.2,False,17234,0.0657138,0.023730099999999997,1.119679,1.1853928,EXTRACTED
g6546,U_g6546/ZN,121.22,98.0,False,21691,0.701503,0.5986691959999999,1.119679,1.821182,EXTRACTED
g6548,U_g6548/ZN,80.94,64.4,False,1406,5.24009449,2.6031458078000007,0.918145,6.15823949,EXTRACTED
g6549,U_g6549/ZN,130.72,126.0,False,0,0.1936662,0.6880740999999999,0.77983,0.9734962,EXTRACTED
g6550,U_g6550/ZN,53.77,127.4,False,16685,0.22622199999999998,0.05031418,0.946814,1.173036,EXTRACTED
g6551,U_g6551/ZN,104.88,56.0,False,17511,0.1429378,0.21969545949000002,1.119679,1.2626168,EXTRACTED
g6554,U_g6554/ZN,129.58,126.0,False,0,0.6004320000000001,0.19836779999999998,0.77983,1.380262,EXTRACTED
g6557,U_g6557/ZN,27.93,23.8,False,19737,1.0873809,0.479968198,4.87315,5.9605309,EXTRACTED
g6573,U_g6573/ZN,80.18,4.2,False,17287,0.6416999999999999,0.78170681949,0.918145,1.559845,EXTRACTED
g6576,U_g6576/ZN,59.85,29.4,False,16509,0.1567654,0.43453729,0.946814,1.1035794,EXTRACTED
g6577,U_g6577/ZN,90.82,68.6,False,16754,0.38127799999999995,0.412788634,0.918145,1.299423,EXTRACTED
g658,U_g658/Q,29.07,79.8,True,16843,2.07547434,2.136304434000001,8.571523,10.646997339999999,EXTRACTED
g6580,U_g6580/ZN,139.84,81.2,False,27,0.7320153,0.50803192,3.198064,3.9300793,EXTRACTED
g6586,U_g6586/ZN,52.82,120.4,False,4731,0.5622513,0.59212677,3.89852,4.4607713,EXTRACTED
g6592,U_g6592/ZN,137.18,89.6,False,16817,0.272192,0.12505400000000003,0.918145,1.190337,EXTRACTED
g6616,U_g6616/ZN,142.31,71.4,False,19346,0.01742614,0.0,0.946814,0.96424014,EXTRACTED
g6617,U_g6617/ZN,34.39,107.8,False,1724,0.45072,0.16047961000000002,1.599032,2.049752,EXTRACTED
g6618,U_g6618/ZN,13.3,82.6,False,12097,0.751576,0.77428325,0.941939,1.693515,EXTRACTED
g6619,U_g6619/ZN,32.87,137.2,False,13930,1.3194270000000001,0.423879764,0.946814,2.266241,EXTRACTED
g6621,U_g6621/ZN,36.86,131.6,False,12813,0.281268,0.34160650000000004,1.119679,1.4009470000000002,EXTRACTED
g6622,U_g6622/ZN,41.99,84.0,False,14309,0.0992806,0.03852999,0.946814,1.0460946,EXTRACTED
g6623,U_g6623/ZN,39.33,124.6,False,14084,0.092641,0.127060631,0.946814,1.039455,EXTRACTED
g6624,U_g6624/ZN,41.23,86.8,False,12839,0.180911,0.11218929,0.946814,1.127725,EXTRACTED
g6625,U_g6625/ZN,44.65,133.0,False,16740,1.1868919999999998,0.8332769499999999,0.946814,2.133706,EXTRACTED
g6626,U_g6626/ZN,61.75,44.8,False,16439,0.092175,0.24337807299999997,0.927525,1.0197,EXTRACTED
g6627,U_g6627/ZN,38.57,127.4,False,13917,0.254722,0.32621223000000005,1.119679,1.3744010000000002,EXTRACTED
g6628,U_g6628/ZN,53.01,75.6,False,12673,0.01823448,0.0,0.946814,0.9650484800000001,EXTRACTED
g6632,U_g6632/ZN,29.45,126.0,False,14012,0.374796,0.281329205,0.946814,1.3216100000000002,EXTRACTED
g6633,U_g6633/ZN,55.67,85.4,False,10287,0.293494,0.254764686,0.946814,1.240308,EXTRACTED
g6638,U_g6638/ZN,38.0,119.0,False,12893,0.543972,0.35687551748999996,1.119679,1.6636510000000002,EXTRACTED
g6639,U_g6639/ZN,49.4,74.2,False,12724,0.35177,0.11540178000000001,0.946814,1.298584,EXTRACTED
g664,U_g664/Q,46.74,46.2,True,16517,5.6005812,2.521322057999999,3.673229,9.2738102,EXTRACTED
g6640,U_g6640/ZN,130.72,123.2,False,0,0.381426,0.029474672,0.77983,1.161256,EXTRACTED
g6645,U_g6645/ZN,34.58,135.8,False,13959,0.8202160000000001,0.9596093360000001,0.946814,1.76703,EXTRACTED
g6646,U_g6646/ZN,50.16,78.4,False,12678,0.11942699999999999,0.13819070999999997,0.946814,1.066241,EXTRACTED
g6647,U_g6647/ZN,129.96,123.2,False,0,0.1680084,0.01715277,0.77983,0.9478384,EXTRACTED
g6653,U_g6653/ZN,32.49,82.6,False,14101,0.281616,0.16556980000000002,1.119679,1.4012950000000002,EXTRACTED
g6654,U_g6654/ZN,40.66,89.6,False,12784,0.298316,0.01216145,0.946814,1.24513,EXTRACTED
g6655,U_g6655/ZN,72.2,141.4,False,0,0.52998963,0.38543472700000003,0.77983,1.30981963,EXTRACTED
g6656,U_g6656/ZN,78.28,85.4,False,15210,0.16185280000000002,0.21044573,1.119679,1.2815318000000002,EXTRACTED
g6661,U_g6661/ZN,29.83,127.4,False,12869,0.409434,0.4217423200000001,0.946814,1.3562480000000001,EXTRACTED
g6662,U_g6662/ZN,52.82,70.0,False,12528,0.46193599999999996,0.09706072999999998,0.946814,1.40875,EXTRACTED
g6663,U_g6663/ZN,20.9,107.8,False,6860,0.6948499,0.82119202,1.83629,2.5311399,EXTRACTED
g6666,U_g6666/ZN,88.54,134.4,False,0,0.4123,0.49329937,0.77983,1.1921300000000001,EXTRACTED
g6671,U_g6671/ZN,50.16,81.2,False,12510,0.8077160000000001,0.487222152,0.946814,1.7545300000000001,EXTRACTED
g6672,U_g6672/ZN,67.26,110.6,False,16497,0.110771,0.057620748,1.119679,1.23045,EXTRACTED
g6673,U_g6673/ZN,80.37,144.2,False,0,0.429562,0.06799565,0.77983,1.209392,EXTRACTED
g6679,U_g6679/ZN,82.27,86.8,False,15236,0.7584759999999999,0.6714519640000001,1.119679,1.878155,EXTRACTED
g668,U_g668/Q,20.71,78.4,True,16839,1.8131839999999997,1.531518911,7.709863,9.523047,EXTRACTED
g6684,U_g6684/ZN,77.33,141.4,False,0,0.1845858,0.030530065000000002,0.77983,0.9644158,EXTRACTED
g6687,U_g6687/ZN,62.32,144.2,False,0,0.28189000000000003,0.10081824999999998,0.77983,1.06172,EXTRACTED
g6693,U_g6693/ZN,68.78,142.8,False,0,0.8888276,0.39783654349,0.77983,1.6686576,EXTRACTED
g6696,U_g6696/ZN,64.98,141.4,False,0,0.8213630000000001,0.216754917,0.77983,1.601193,EXTRACTED
g6697,U_g6697/ZN,54.72,135.8,False,4731,0.5786573,0.59554965,0.97463,1.5532873,EXTRACTED
g6699,U_g6699/ZN,85.12,120.4,False,6254,0.07414000000000001,0.28958218,0.946814,1.0209540000000001,EXTRACTED
g67,U_g67/Q,40.47,130.2,True,16813,1.2452315999999999,1.0759388740000002,3.729714,4.9749456,EXTRACTED
g6701,U_g6701/ZN,101.08,128.8,False,5467,0.01742614,0.0,0.946814,0.96424014,EXTRACTED
g6702,U_g6702/ZN,65.17,124.6,False,4731,0.7467487,0.6883678010000001,3.89852,4.6452687,EXTRACTED
g6716,U_g6716/ZN,50.92,110.6,False,4731,1.02871957,0.835079461,2.92389,3.95260957,EXTRACTED
g6718,U_g6718/ZN,54.72,117.6,False,4731,0.7566181000000001,0.411085042,2.92389,3.6805081,EXTRACTED
g6728,U_g6728/ZN,68.97,7.0,False,14086,0.9688859999999999,0.48027908999999996,1.119679,2.088565,EXTRACTED
g673,U_g673/Q,44.46,99.4,True,16589,1.9347147,2.0169341399999996,3.673229,5.6079437,EXTRACTED
g6730,U_g6730/ZN,32.3,22.4,False,11937,0.51832262,0.18075106100000002,0.941939,1.4602616199999998,EXTRACTED
g6733,U_g6733/ZN,84.74,60.2,False,780,0.588834,0.28374141,1.119679,1.708513,EXTRACTED
g6738,U_g6738/ZN,17.1,91.0,False,5793,0.34083600000000003,0.27642147,0.941939,1.282775,EXTRACTED
g6739,U_g6739/ZN,39.52,117.6,False,16716,0.29059,0.10916014000000002,0.918145,1.208735,EXTRACTED
g6740,U_g6740/ZN,46.74,23.8,False,3020,0.091263,0.0193903,1.70023,1.791493,EXTRACTED
g6741,U_g6741/ZN,16.91,95.2,False,3125,0.0413468,0.02197384,0.941939,0.9832858,EXTRACTED
g6743,U_g6743/ZN,16.91,96.6,False,1706,0.041894,0.023189659999999997,0.941939,0.983833,EXTRACTED
g6744,U_g6744/ZN,15.96,99.4,False,885,0.055096,0.007390839999999999,0.941939,0.997035,EXTRACTED
g6745,U_g6745/ZN,15.96,102.2,False,286,0.0429432,0.018925822000000002,0.941939,0.9848821999999999,EXTRACTED
g6746,U_g6746/ZN,15.96,106.4,False,143,0.052811,0.0043492800000000005,0.941939,0.99475,EXTRACTED
g6747,U_g6747/ZN,82.08,79.8,False,16076,0.6273580000000001,0.9219064830000001,1.119679,1.7470370000000002,EXTRACTED
g6752,U_g6752/ZN,33.06,22.4,False,10726,0.5299307,0.023417437,1.83629,2.3662207,EXTRACTED
g6755,U_g6755/ZN,70.3,32.2,False,17674,0.366892,0.36518799999999996,1.119679,1.486571,EXTRACTED
g6756,U_g6756/ZN,27.74,112.0,False,1250,0.20581000000000002,0.17545670549000003,0.946814,1.152624,EXTRACTED
g6757,U_g6757/ZN,69.35,61.6,False,14829,0.0412562,0.032512662,1.119679,1.1609352000000002,EXTRACTED
g6758,U_g6758/ZN,141.74,84.0,False,16789,0.087898,0.14751968000000001,0.918145,1.006043,EXTRACTED
g6759,U_g6759/ZN,60.99,74.2,False,15277,0.389518,0.10321358,1.119679,1.5091970000000001,EXTRACTED
g6760,U_g6760/ZN,83.22,14.0,False,26,0.6255902799999999,0.533698351,4.172694,4.79828428,EXTRACTED
g6763,U_g6763/ZN,104.69,107.8,False,5771,0.0784014,0.058233900000000005,0.946814,1.0252154,EXTRACTED
g677,U_g677/Q,14.25,84.0,True,16903,1.6771352,0.7763535540000003,7.709863,9.3869982,EXTRACTED
g6771,U_g6771/ZN,68.4,40.6,False,11413,0.367064,0.13463852999999998,0.946814,1.313878,EXTRACTED
g6772,U_g6772/ZN,15.58,107.8,False,245,0.1788401,0.09477208000000001,1.83629,2.0151301,EXTRACTED
g6775,U_g6775/ZN,93.1,65.8,False,75,0.6699339,0.456260929,3.198064,3.8679978999999998,EXTRACTED
g6776,U_g6776/ZN,95.19,121.8,False,5902,0.43557999999999997,0.582750379,0.946814,1.3823940000000001,EXTRACTED
g6777,U_g6777/ZN,114.38,5.6,False,0,0.0914758,0.16697981999999997,0.879747,0.9712227999999999,EXTRACTED
g6786,U_g6786/ZN,60.99,60.2,False,15204,0.0358572,0.0918432,1.119679,1.1555362,EXTRACTED
g6787,U_g6787/ZN,64.03,60.2,False,12485,0.01742614,0.0,0.946814,0.96424014,EXTRACTED
g6788,U_g6788/ZN,99.37,56.0,False,11373,0.575148,0.308600804,0.946814,1.521962,EXTRACTED
g6790,U_g6790/ZN,74.67,127.4,False,5866,0.11275879999999999,0.14294990000000002,0.946814,1.0595728,EXTRACTED
g6791,U_g6791/ZN,70.87,50.4,False,11575,0.30382,0.47563950000000005,0.946814,1.250634,EXTRACTED
g6792,U_g6792/ZN,64.98,40.6,False,11510,0.01813824,0.0,0.946814,0.96495224,EXTRACTED
g6794,U_g6794/ZN,104.5,124.6,False,5193,0.744063,0.6955089900000001,0.946814,1.690877,EXTRACTED
g6795,U_g6795/ZN,72.58,25.2,False,5204,0.5299795,0.7798462600000001,1.119679,1.6496585000000001,EXTRACTED
g6819,U_g6819/ZN,61.94,93.8,False,15366,0.5910515000000001,0.386485178,1.119679,1.7107305000000002,EXTRACTED
g682,U_g682/Q,44.08,95.2,True,16593,1.2125340400000002,1.450369345,3.673229,4.8857630400000005,EXTRACTED
g6820,U_g6820/ZN,54.91,88.2,False,15339,0.37879999999999997,0.4658947999999999,1.119679,1.4984790000000001,EXTRACTED
g6821,U_g6821/ZN,64.98,81.2,False,14844,0.460596,0.39935431,1.119679,1.580275,EXTRACTED
g6822,U_g6822/ZN,108.49,103.6,False,15221,0.1060236,0.1107332,1.119679,1.2257026,EXTRACTED
g6823,U_g6823/ZN,115.33,99.4,False,14992,0.891358,0.66574839,1.119679,2.011037,EXTRACTED
g6824,U_g6824/ZN,60.23,75.6,False,14851,0.1294852,0.018849202,1.119679,1.2491642,EXTRACTED
g6826,U_g6826/ZN,76.57,99.4,False,15286,0.6504776999999999,0.328720328,1.119679,1.7701567,EXTRACTED
g6827,U_g6827/ZN,95.38,65.8,False,15287,1.062846,0.38378433,1.119679,2.182525,EXTRACTED
g6828,U_g6828/ZN,64.79,74.2,False,15263,0.5281382,0.76934786,1.119679,1.6478172,EXTRACTED
g6829,U_g6829/ZN,56.62,98.0,False,15338,0.33852,0.37780463,1.119679,1.458199,EXTRACTED
g6830,U_g6830/ZN,56.24,86.8,False,14852,0.17854859999999997,0.14954214999999998,1.119679,1.2982276000000001,EXTRACTED
g6831,U_g6831/ZN,70.49,82.6,False,15314,0.583048,0.6130506269999999,1.119679,1.702727,EXTRACTED
g6832,U_g6832/ZN,65.93,74.2,False,14860,0.63018408,0.28597594000000004,1.119679,1.7498630800000001,EXTRACTED
g6833,U_g6833/ZN,63.27,84.0,False,15275,0.0873598,0.02718695,1.119679,1.2070388,EXTRACTED
g6834,U_g6834/ZN,91.77,89.6,False,15289,0.6169795,0.31993636000000003,1.119679,1.7366585,EXTRACTED
g6838,U_g6838/ZN,51.3,96.6,False,15291,0.7504682,0.6769241100000001,1.119679,1.8701472000000001,EXTRACTED
g6839,U_g6839/ZN,111.15,89.6,False,15327,0.3174,0.439033042,1.119679,1.4370790000000002,EXTRACTED
g6840,U_g6840/ZN,70.3,78.4,False,15264,0.962448,0.527496967,1.119679,2.082127,EXTRACTED
g6841,U_g6841/ZN,60.04,98.0,False,15214,1.5994380000000001,1.3762605159999997,1.119679,2.7191170000000002,EXTRACTED
g6842,output189/Z,142.31,61.6,False,4729,0.40458,0.29561463,0,0.40458,EXTRACTED
g6855,U_g6855/ZN,83.98,43.4,False,10410,0.6594088,1.9704859620000001,0.946814,1.6062228,EXTRACTED
g6858,U_g6858/ZN,41.04,114.8,False,16529,0.16584,0.15431591,0.964824,1.130664,EXTRACTED
g686,U_g686/Q,29.64,92.4,True,16799,2.0126685500000003,1.963402812,7.709863,9.722531550000001,EXTRACTED
g6863,U_g6863/ZN,46.74,25.2,False,3020,1.74319899,1.5116362309999998,9.872641999999999,11.615840989999999,EXTRACTED
g6872,U_g6872/ZN,32.87,32.2,False,2365,0.6622429999999999,0.7311289400000001,0.941939,1.6041819999999998,EXTRACTED
g6873,U_g6873/ZN,26.6,26.6,False,25631,0.0702812,0.07429256999999999,0.946814,1.0170952,EXTRACTED
g6875,U_g6875/ZN,31.16,26.6,False,2205,0.512352,0.65462917,0.941939,1.454291,EXTRACTED
g6876,U_g6876/ZN,30.59,18.2,False,23030,0.94245,0.5235261600000001,0.946814,1.889264,EXTRACTED
g6879,U_g6879/ZN,26.79,28.0,False,2159,0.29178,0.15257379899999998,0.941939,1.233719,EXTRACTED
g6880,U_g6880/ZN,25.27,22.4,False,18344,0.01742614,0.0,0.946814,0.96424014,EXTRACTED
g6883,U_g6883/ZN,31.92,25.2,False,2410,0.9070339999999999,0.9838132,0.941939,1.848973,EXTRACTED
g6884,U_g6884/ZN,28.69,22.4,False,15555,0.09408520000000001,0.042353884999999994,0.946814,1.0408992000000001,EXTRACTED
g6886,U_g6886/ZN,44.84,35.0,False,2547,0.8836708,0.9337994900000001,0.941939,1.8256098,EXTRACTED
g6887,U_g6887/ZN,31.73,16.8,False,12485,0.49808800000000003,0.094119713,0.946814,1.4449020000000001,EXTRACTED
g6889,U_g6889/ZN,37.62,30.8,False,2360,0.20007,0.26642867000000003,0.941939,1.142009,EXTRACTED
g6890,U_g6890/ZN,34.01,22.4,False,10475,0.1506628,0.010692228,0.946814,1.0974768000000001,EXTRACTED
g6891,U_g6891/ZN,32.87,23.8,False,2262,0.422664,0.5303447619999999,0.941939,1.364603,EXTRACTED
g6892,U_g6892/ZN,43.7,28.0,False,52,0.393206,0.27768377,0.941939,1.335145,EXTRACTED
g6894,U_g6894/ZN,103.93,107.8,False,17436,0.0777558,0.0095029,1.119679,1.1974348000000001,EXTRACTED
g6895,U_g6895/ZN,99.94,126.0,False,17634,0.415698,0.4061473399999999,1.119679,1.535377,EXTRACTED
g6897,U_g6897/ZN,65.36,43.4,False,17720,0.61126,0.15225054,1.119679,1.7309390000000002,EXTRACTED
g6898,U_g6898/ZN,76.19,127.4,False,16700,0.52162621,0.51400274,1.119679,1.64130521,EXTRACTED
g6899,U_g6899/ZN,124.45,8.4,False,7523,0.1399665,0.12354454999999999,3.198064,3.3380305,EXTRACTED
g6900,U_g6900/ZN,64.79,60.2,False,20179,1.896722,0.7388617219999999,1.119679,3.016401,EXTRACTED
g6901,U_g6901/ZN,105.26,51.8,False,16804,0.5452400000000001,0.5475349559999999,1.119679,1.6649190000000003,EXTRACTED
g6902,U_g6902/ZN,111.91,117.6,False,16455,0.7724432999999999,0.8592330279999999,1.119679,1.8921223,EXTRACTED
g6906,U_g6906/ZN,67.64,51.8,False,18456,0.939224,0.68790962,1.119679,2.058903,EXTRACTED
g6907,U_g6907/ZN,65.74,40.6,False,18007,0.09143499999999999,0.21994161,1.119679,1.211114,EXTRACTED
g6908,U_g6908/ZN,80.56,107.8,False,16405,0.0778388,0.17868724999999996,1.119679,1.1975178000000002,EXTRACTED
g6909,U_g6909/ZN,73.72,21.0,False,18713,0.126626,0.13237153000000002,1.119679,1.246305,EXTRACTED
g691,U_g691/Q,41.8,98.0,True,16592,2.1894267,1.376750732,3.673229,5.8626556999999995,EXTRACTED
g6910,U_g6910/ZN,100.89,40.6,False,17552,1.6811776,2.02399111,1.119679,2.8008566000000004,EXTRACTED
g6911,U_g6911/ZN,82.27,53.2,False,16824,0.6770579999999999,0.37316899,1.119679,1.796737,EXTRACTED
g6912,U_g6912/ZN,87.59,93.8,False,17563,0.373426,0.33917018,1.119679,1.4931050000000001,EXTRACTED
g6915,U_g6915/ZN,77.33,54.6,False,17597,0.5770957000000001,0.7094579180000001,1.119679,1.6967747000000002,EXTRACTED
g6916,U_g6916/ZN,93.86,68.6,False,18006,2.5938011999999997,1.78499392,1.119679,3.7134802,EXTRACTED
g6918,U_g6918/ZN,75.62,113.4,False,17620,0.1710266,0.36036734,1.119679,1.2907056000000001,EXTRACTED
g6920,output190/Z,106.59,141.4,False,17302,0.513776,0.123287724,0,0.513776,EXTRACTED
g6922,U_g6922/ZN,87.59,71.4,False,16131,0.15950099999999998,0.03440293,1.119679,1.27918,EXTRACTED
g6923,U_g6923/ZN,64.03,63.0,False,16896,0.252344,0.18356943000000003,1.119679,1.372023,EXTRACTED
g6924,U_g6924/ZN,73.72,99.4,False,16659,0.422546,0.15640408,1.119679,1.5422250000000002,EXTRACTED
g6926,output191/Z,75.62,144.2,False,17818,0.1864236,0.00819002,0,0.1864236,EXTRACTED
g6928,U_g6928/ZN,94.62,60.2,False,20122,0.725464,0.44831636,1.119679,1.8451430000000002,EXTRACTED
g6929,U_g6929/ZN,73.91,36.4,False,15905,0.683412,0.6273725800000001,1.119679,1.8030910000000002,EXTRACTED
g6930,U_g6930/ZN,75.43,102.2,False,16265,0.4270785,0.8468690199999999,1.119679,1.5467575,EXTRACTED
g6932,output192/Z,141.74,71.4,False,20200,0.4627,0.31198549999999997,0,0.4627,EXTRACTED
g6934,U_g6934/ZN,79.8,36.4,False,17481,0.31976200000000005,0.4876346099999999,1.119679,1.4394410000000002,EXTRACTED
g6940,U_g6940/ZN,39.52,23.8,False,53,0.0556296,0.0,0.918145,0.9737746,EXTRACTED
g6941,U_g6941/ZN,110.39,2.8,False,0,1.1347187,0.977877483,9.132552,10.267270700000001,EXTRACTED
g6942,output193/Z,111.91,144.2,False,16685,0.504582,0.02172274,0,0.504582,EXTRACTED
g6949,output194/Z,145.16,113.4,False,16579,0.285006,0.10986013,0,0.285006,EXTRACTED
g695,U_g695/Q,22.8,81.2,True,16903,1.8420936499999998,1.5309448320000003,7.709863,9.551956650000001,EXTRACTED
g6955,output195/Z,92.53,142.8,False,16685,0.543772,0.10904178,0,0.543772,EXTRACTED
g6983,U_g6983/ZN,138.89,92.4,False,13004,0.452552,0.16013389,1.119679,1.5722310000000002,EXTRACTED
g6994,U_g6994/ZN,140.22,84.0,False,8980,0.1115512,0.030452149999999997,0.941939,1.0534902,EXTRACTED
g7,U_g7/Q,68.97,35.0,True,16378,1.081923,1.8057767300000003,1.836939,2.918862,EXTRACTED
g70,U_g70/Q,33.44,81.2,True,16840,5.4076486,1.643198897,3.729714,9.1373626,EXTRACTED
g700,U_g700/Q,31.73,100.8,True,16792,1.6632635999999998,1.082538972,3.673229,5.3364926,EXTRACTED
g7032,U_g7032/ZN,60.8,44.8,False,15134,0.1364918,0.055915360000000004,1.119679,1.2561708,EXTRACTED
g704,U_g704/Q,19.19,99.4,True,16608,2.2300597,1.8920621010000003,7.709863,9.9399227,EXTRACTED
g7045,U_g7045/ZN,36.1,26.6,False,5546,1.96766582,2.3553327974899996,8.743854,10.711519820000001,EXTRACTED
g7046,U_g7046/ZN,63.46,117.6,False,15250,0.0482682,0.2268246,0.946814,0.9950822,EXTRACTED
g7050,U_g7050/ZN,62.13,124.6,False,15314,0.01742614,0.0,0.946814,0.96424014,EXTRACTED
g7054,U_g7054/ZN,80.94,7.0,False,16800,0.0495176,0.054713200000000003,0.918145,0.9676626,EXTRACTED
g7055,U_g7055/ZN,50.73,121.8,False,15090,0.0576242,0.16809106000000001,0.946814,1.0044382,EXTRACTED
g7059,U_g7059/ZN,79.99,131.6,False,13024,0.483524,0.49059618999999993,0.946814,1.430338,EXTRACTED
g7060,U_g7060/ZN,44.08,117.6,False,15739,0.360876,0.29358866000000006,0.946814,1.30769,EXTRACTED
g7061,U_g7061/ZN,81.32,9.8,False,16,0.3287135,0.32483021500000003,3.198064,3.5267775,EXTRACTED
g7062,U_g7062/ZN,89.3,64.4,False,16564,0.1934214,0.13937837200000003,0.918145,1.1115664,EXTRACTED
g7063,U_g7063/ZN,57.0,120.4,False,15233,0.1153544,0.027285025,0.946814,1.0621684,EXTRACTED
g7067,U_g7067/ZN,53.01,54.6,False,405,0.0610774,0.07502212999999999,1.70023,1.7613074,EXTRACTED
g7068,U_g7068/ZN,57.76,119.0,False,14181,0.24987400000000004,0.11853738199999998,0.946814,1.196688,EXTRACTED
g7071,U_g7071/ZN,56.24,120.4,False,15293,0.15782179999999998,0.11096454500000001,0.946814,1.1046358,EXTRACTED
g7075,U_g7075/ZN,136.99,85.4,False,16626,0.450586,0.268248477,0.918145,1.368731,EXTRACTED
g7088,U_g7088/ZN,13.87,91.0,False,15831,0.1664392,0.27024748,0.946814,1.1132532,EXTRACTED
g709,U_g709/Q,25.27,92.4,True,16601,1.6833903000000001,1.651046525,3.673229,5.3566193,EXTRACTED
g7092,U_g7092/ZN,46.93,124.6,False,16760,0.143954,0.06408578999999999,0.918145,1.062099,EXTRACTED
g7096,U_g7096/ZN,50.73,131.6,False,16847,0.1092176,0.009787092,0.918145,1.0273626,EXTRACTED
g7101,U_g7101/ZN,30.4,110.6,False,924,0.351618,0.38535465,1.70023,2.0518479999999997,EXTRACTED
g7102,U_g7102/ZN,55.67,128.8,False,16788,0.01742614,0.0,0.918145,0.93557114,EXTRACTED
g7106,U_g7106/ZN,116.09,131.6,False,5456,0.48896196999999997,0.54454665,1.119679,1.6086409700000002,EXTRACTED
g7125,U_g7125/ZN,87.4,50.4,False,13571,0.215728,0.291276722,0.946814,1.162542,EXTRACTED
g7127,U_g7127/ZN,15.96,112.0,False,6067,0.6920000000000001,1.04588698,1.83629,2.52829,EXTRACTED
g713,U_g713/Q,32.11,89.6,True,16817,2.00797943,1.9103814569999995,7.709863,9.717842430000001,EXTRACTED
g7130,U_g7130/ZN,60.99,130.2,False,15303,0.01742614,0.0,0.946814,0.96424014,EXTRACTED
g7131,U_g7131/ZN,62.89,121.8,False,15264,0.257308,0.6373721899999999,0.946814,1.204122,EXTRACTED
g7132,U_g7132/ZN,66.5,124.6,False,14984,0.164259,0.17924059700000003,0.946814,1.111073,EXTRACTED
g7133,U_g7133/ZN,143.07,71.4,False,20059,0.8914599999999999,0.48325659,1.119679,2.011139,EXTRACTED
g7134,U_g7134/ZN,65.93,140.0,False,15747,0.523142,0.349007113,1.119679,1.642821,EXTRACTED
g7135,U_g7135/ZN,79.99,40.6,False,13095,0.42341999999999996,0.467885327,0.946814,1.370234,EXTRACTED
g7136,U_g7136/ZN,51.11,119.0,False,15307,0.26168399999999997,0.34618396,0.946814,1.208498,EXTRACTED
g7137,U_g7137/ZN,70.11,131.6,False,14895,0.211174,0.36104731,1.119679,1.330853,EXTRACTED
g7138,U_g7138/ZN,53.96,117.6,False,15252,0.392326,0.835011586,0.946814,1.33914,EXTRACTED
g7139,U_g7139/ZN,53.2,117.6,False,15168,0.283076,0.50245262,0.946814,1.2298900000000001,EXTRACTED
g7140,U_g7140/ZN,51.3,107.8,False,15116,0.31934999999999997,0.33886998999999995,0.946814,1.266164,EXTRACTED
g7141,U_g7141/ZN,45.41,113.4,False,15072,0.763064,0.26052364,0.946814,1.709878,EXTRACTED
g7143,U_g7143/ZN,42.37,124.6,False,15528,0.34449799999999997,0.143603825,1.119679,1.464177,EXTRACTED
g7145,U_g7145/ZN,61.94,117.6,False,15090,0.0883592,0.04488936,0.946814,1.0351732,EXTRACTED
g718,U_g718/Q,44.27,100.8,True,16586,1.57263086,1.6433281350000004,3.673229,5.24585986,EXTRACTED
g7182,U_g7182/ZN,32.49,29.4,False,2485,0.09474700000000001,0.054213224000000004,0.941939,1.036686,EXTRACTED
g7183,U_g7183/ZN,40.66,126.0,False,15532,0.14094079999999998,0.3501403,1.119679,1.2606198000000002,EXTRACTED
g7184,U_g7184/ZN,52.25,119.0,False,20810,0.5013477,0.531470114,0.918145,1.4194927,EXTRACTED
g7185,U_g7185/ZN,38.19,32.2,False,2337,0.432238,0.21360235,0.941939,1.374177,EXTRACTED
g7186,U_g7186/ZN,32.68,26.6,False,16841,0.040333400000000005,0.139242264,0.946814,0.9871474,EXTRACTED
g7189,U_g7189/ZN,32.68,121.8,False,15480,0.26566399999999996,0.45689438000000004,1.119679,1.385343,EXTRACTED
g7191,U_g7191/ZN,66.31,7.0,False,14176,0.31094,0.37423701,1.119679,1.430619,EXTRACTED
g7200,U_g7200/ZN,19.57,100.8,False,9312,0.5848140000000001,0.349214258,0.946814,1.531628,EXTRACTED
g7202,U_g7202/ZN,88.73,61.6,False,1388,0.33442,0.247710624,1.119679,1.454099,EXTRACTED
g7203,U_g7203/ZN,130.15,110.6,False,5186,0.371798,0.3982442,1.119679,1.4914770000000002,EXTRACTED
g7204,U_g7204/ZN,41.42,126.0,False,15537,0.363724,0.19007199,1.119679,1.483403,EXTRACTED
g7209,U_g7209/ZN,18.43,92.4,False,7120,0.203044,0.14191553999999998,0.946814,1.149858,EXTRACTED
g7211,U_g7211/ZN,129.77,114.8,False,5186,0.11182460000000001,0.03153976,1.119679,1.2315036000000001,EXTRACTED
g7217,U_g7217/ZN,13.68,88.2,False,5172,0.68828,0.4494605220000001,0.946814,1.635094,EXTRACTED
g7218,U_g7218/ZN,93.1,141.4,False,5454,0.819422,0.1439162,1.119679,1.939101,EXTRACTED
g7219,U_g7219/ZN,28.31,121.8,False,15663,0.5390739999999999,0.30755506000000005,1.119679,1.658753,EXTRACTED
g722,U_g722/Q,26.79,106.4,True,16774,1.7109006999999998,1.183707498,7.709863,9.4207637,EXTRACTED
g7224,U_g7224/ZN,15.2,99.4,False,3632,0.0666302,0.08369346800000001,0.946814,1.0134442000000001,EXTRACTED
g7225,U_g7225/ZN,103.74,133.0,False,5456,0.216226,0.15741393,1.119679,1.3359050000000001,EXTRACTED
g7230,U_g7230/ZN,15.2,102.2,False,6451,0.0562674,0.03605924,0.946814,1.0030814000000001,EXTRACTED
g7231,U_g7231/ZN,82.84,133.0,False,5454,0.434942,0.27215317,1.119679,1.554621,EXTRACTED
g7235,U_g7235/ZN,15.58,105.0,False,5846,0.1168284,0.01864946,0.946814,1.0636424,EXTRACTED
g7236,U_g7236/ZN,81.51,137.2,False,5506,0.24703799999999998,0.06226284,0.77983,1.026868,EXTRACTED
g7240,U_g7240/ZN,64.41,134.4,False,5510,0.07737959999999999,0.082269415,0.77983,0.8572096,EXTRACTED
g7241,U_g7241/ZN,15.58,109.2,False,86,0.0494266,0.0055391,0.941939,0.9913656,EXTRACTED
g7242,U_g7242/ZN,69.35,113.4,False,5142,0.252074,0.16790678999999997,1.119679,1.371753,EXTRACTED
g7244,U_g7244/ZN,83.6,120.4,False,18159,0.46004920000000005,0.7052776439999999,1.119679,1.5797282000000001,EXTRACTED
g7245,U_g7245/ZN,65.55,114.8,False,5428,0.41981199999999996,0.310762369,1.119679,1.539491,EXTRACTED
g7246,U_g7246/ZN,41.99,23.8,False,7650,3.4847451400000002,2.502876578999999,13.87236,17.35710514,EXTRACTED
g7257,U_g7257/ZN,101.84,128.8,False,16811,0.119202,0.11086080000000001,1.119679,1.2388810000000001,EXTRACTED
g7258,U_g7258/ZN,117.8,123.2,False,5456,0.5785505,0.3758962800000001,1.119679,1.6982295,EXTRACTED
g7260,U_g7260/ZN,39.52,21.0,False,8378,0.6528613000000001,0.377820602,1.83629,2.4891513,EXTRACTED
g7265,U_g7265/ZN,27.93,109.2,False,1473,0.4144308,0.45239530000000006,1.9214440000000002,2.3358748,EXTRACTED
g7269,U_g7269/ZN,140.79,77.0,False,16292,0.664584,0.35341547000000006,0.918145,1.582729,EXTRACTED
g727,U_g727/Q,41.61,103.6,True,16577,1.7944318,1.0651892960000002,3.673229,5.4676608,EXTRACTED
g7271,U_g7271/ZN,87.02,124.6,False,15845,0.882914,0.972146199,0.946814,1.829728,EXTRACTED
g7277,U_g7277/ZN,15.39,110.6,False,130,0.01977196,0.0,0.918145,0.93791696,EXTRACTED
g7290,U_g7290/ZN,65.74,117.6,False,15630,0.1230076,0.0809986,1.119679,1.2426866,EXTRACTED
g7291,U_g7291/ZN,62.89,124.6,False,15493,0.0642134,0.08195237999999999,1.119679,1.1838924000000002,EXTRACTED
g7292,U_g7292/ZN,49.97,121.8,False,15230,0.286898,0.34966096799999996,1.119679,1.406577,EXTRACTED
g7293,U_g7293/ZN,58.14,120.4,False,15694,0.30112599999999995,0.393292516,1.119679,1.420805,EXTRACTED
g7294,U_g7294/ZN,60.42,117.6,False,14328,0.346788,0.27690275999999997,1.119679,1.4664670000000002,EXTRACTED
g7295,U_g7295/ZN,56.43,123.2,False,17301,0.8335924,0.609774914,1.119679,1.9532714000000002,EXTRACTED
g7296,U_g7296/ZN,68.4,121.8,False,15371,0.1280016,0.24009094,1.119679,1.2476806,EXTRACTED
g7297,U_g7297/ZN,65.17,123.2,False,15094,0.8191759000000001,0.7251853389999999,1.119679,1.9388549000000002,EXTRACTED
g7298,U_g7298/ZN,49.02,116.2,False,15921,0.90931,0.8279289740000001,1.119679,2.028989,EXTRACTED
g7299,U_g7299/ZN,47.31,114.8,False,15372,0.374726,0.541111649,1.119679,1.494405,EXTRACTED
g73,U_g73/Q,26.79,128.8,True,16576,1.79219366,0.8738838130000002,3.729714,5.52190766,EXTRACTED
g7300,U_g7300/ZN,47.69,117.6,False,15251,0.7630238999999999,0.40470613600000005,1.119679,1.8827029,EXTRACTED
g7301,U_g7301/ZN,46.17,107.8,False,15234,0.0921352,0.20600369999999998,1.119679,1.2118142,EXTRACTED
g7302,U_g7302/ZN,49.97,105.0,False,15327,0.045479399999999996,0.028075199999999998,1.119679,1.1651584000000001,EXTRACTED
g7303,U_g7303/ZN,62.89,116.2,False,15315,3.0043139,3.214598006,1.119679,4.1239929,EXTRACTED
g731,U_g731/Q,21.28,114.8,True,16773,1.8610608699999998,1.493714614,7.709863,9.57092387,EXTRACTED
g736,U_g736/Q,27.17,102.2,True,16775,1.3646028,1.3580921209999999,5.337428,6.7020308,EXTRACTED
g7367,U_g7367/ZN,16.72,99.4,False,4517,0.537892,0.18181995,0.918145,1.456037,EXTRACTED
g7368,U_g7368/ZN,115.52,84.0,False,9774,0.239054,0.1091034,0.941939,1.180993,EXTRACTED
g7375,U_g7375/ZN,16.72,102.2,False,6737,0.1476278,0.09191734400000001,0.918145,1.0657728,EXTRACTED
g7378,U_g7378/ZN,114.38,95.2,False,12699,0.1119492,0.0328688,0.941939,1.0538882,EXTRACTED
g7379,U_g7379/ZN,45.41,22.4,False,3020,0.4670345,0.23898338000000002,0.97463,1.4416645,EXTRACTED
g7384,U_g7384/ZN,16.91,92.4,False,19300,0.13863999999999999,0.045424070000000004,0.918145,1.056785,EXTRACTED
g7385,U_g7385/ZN,16.72,106.4,False,5989,0.1521866,0.006561849999999999,0.918145,1.0703316,EXTRACTED
g7389,U_g7389/ZN,94.24,82.6,False,12008,0.845087,0.5478342479999999,0.941939,1.787026,EXTRACTED
g7409,U_g7409/ZN,42.18,113.4,False,8083,0.0722614,0.020413742,1.599032,1.6712934,EXTRACTED
g741,PORT/g741,79.055,0.07,False,0,0.22216,0.06669246000000001,0.974659,1.196819,EXTRACTED
g742,PORT/g742,78.495,0.07,False,0,0.14033939999999998,0.08980578,0.974659,1.1149984,EXTRACTED
g743,PORT/g743,74.575,0.07,False,0,0.429876,0.1411025,0.974659,1.404535,EXTRACTED
g7435,U_g7435/ZN,38.38,30.8,False,8504,0.06602960000000001,0.06355389,0.946814,1.0128436,EXTRACTED
g7438,U_g7438/ZN,21.47,113.4,False,1962,2.0988043000000003,1.6653956420000005,7.79704,9.8958443,EXTRACTED
g744,PORT/g744,75.135,0.07,False,0,0.5562199999999999,0.32461137,0.974659,1.530879,EXTRACTED
g7441,U_g7441/ZN,81.13,133.0,False,19888,0.4805857,0.9047441199999999,1.119679,1.6002647,EXTRACTED
g7444,U_g7444/ZN,16.15,110.6,False,47,0.5586502,0.72970109,0.941939,1.5005891999999998,EXTRACTED
g7446,U_g7446/ZN,30.21,133.0,False,0,0.6260334999999999,0.45381249500000004,2.67486,3.3008935,EXTRACTED
g7449,U_g7449/ZN,46.55,116.2,False,11218,0.204992,0.03470781,0.941939,1.146931,EXTRACTED
g745,U_g745/Q,57.38,93.8,True,16055,0.7612140000000001,0.665659462,1.836939,2.598153,EXTRACTED
g7450,U_g7450/ZN,35.34,140.0,False,0,0.12532483,0.066028884,2.67486,2.8001848299999996,EXTRACTED
g7453,U_g7453/ZN,35.53,137.2,False,7939,0.48593,0.4459641200000001,0.946814,1.432744,EXTRACTED
g7454,U_g7454/ZN,17.67,141.4,False,0,0.7307260999999999,0.761069496,2.67486,3.4055861,EXTRACTED
g7457,U_g7457/ZN,28.31,26.6,False,27370,0.902911,1.7924778,0.918145,1.821056,EXTRACTED
g7459,U_g7459/ZN,33.63,138.6,False,8077,0.1802512,0.24320656,0.946814,1.1270652,EXTRACTED
g746,U_g746/Q,51.3,110.6,True,16732,4.7835445199999995,4.3942486724,4.713333,9.49687752,EXTRACTED
g7460,U_g7460/ZN,20.52,134.4,False,0,0.597996,0.62236316,2.67486,3.272856,EXTRACTED
g7465,U_g7465/ZN,25.08,28.0,False,24064,0.09877000000000001,0.0167731,0.918145,1.016915,EXTRACTED
g7466,U_g7466/ZN,17.29,134.4,False,8072,0.8041609999999999,0.706812562,0.946814,1.750975,EXTRACTED
g7467,U_g7467/ZN,24.51,134.4,False,0,0.432734,0.60944177,2.67486,3.1075939999999997,EXTRACTED
g7471,U_g7471/ZN,26.03,22.4,False,18961,0.1202266,0.190829611,0.918145,1.0383716,EXTRACTED
g7472,U_g7472/ZN,19.38,134.4,False,8058,0.1640984,0.10289124999999999,0.946814,1.1109124000000001,EXTRACTED
g7473,U_g7473/ZN,35.53,130.2,False,0,0.44330163,0.314228236,2.67486,3.11816163,EXTRACTED
g7478,U_g7478/ZN,29.45,23.8,False,15857,0.1386986,0.11720647800000002,0.918145,1.0568436,EXTRACTED
g7496,U_g7496/ZN,22.61,137.2,False,7932,0.394318,0.172353892,0.946814,1.341132,EXTRACTED
g7497,U_g7497/ZN,27.93,137.2,False,0,0.47142809999999996,0.6147783699999999,2.67486,3.1462880999999996,EXTRACTED
g750,PORT/g750,0.07,82.39,False,0,0.430476,0.061787260000000004,0.77983,1.210306,EXTRACTED
g7503,U_g7503/ZN,30.21,22.4,False,12621,1.1773641000000001,0.50005984,0.918145,2.0955091,EXTRACTED
g7504,U_g7504/ZN,32.49,134.4,False,8070,0.09301759999999999,0.03839403,0.946814,1.0398316,EXTRACTED
g7505,U_g7505/ZN,25.27,141.4,False,0,0.356032,0.40937401800000006,2.67486,3.0308919999999997,EXTRACTED
g7510,U_g7510/ZN,34.2,26.6,False,20870,0.06396500000000001,0.04024006,0.918145,0.98211,EXTRACTED
g7511,U_g7511/ZN,35.34,22.4,False,10566,0.406486,0.21585068999999998,0.918145,1.3246310000000001,EXTRACTED
g7512,U_g7512/ZN,36.86,141.4,False,0,0.3556257,0.21844779999999997,2.67486,3.0304857,EXTRACTED
g7515,U_g7515/ZN,36.67,130.2,False,8076,0.73069,1.3137693700000002,0.946814,1.6775039999999999,EXTRACTED
g7516,U_g7516/ZN,15.39,141.4,False,0,0.24049560000000003,0.344447226,2.67486,2.9153556,EXTRACTED
g7523,U_g7523/ZN,128.06,89.6,False,23178,0.1713148,0.027517100000000003,0.918145,1.0894598,EXTRACTED
g7524,U_g7524/ZN,111.72,110.6,False,19747,0.5322125,0.48496746,0.918145,1.4503575,EXTRACTED
g7526,U_g7526/ZN,22.99,140.0,False,7936,0.21621800000000002,0.13655505,0.946814,1.163032,EXTRACTED
g7527,U_g7527/ZN,22.04,138.6,False,0,0.47256560000000003,0.175598505,2.67486,3.1474256,EXTRACTED
g7533,U_g7533/ZN,80.56,96.6,False,26094,0.1034148,0.11250504,0.918145,1.0215598,EXTRACTED
g7535,U_g7535/ZN,38.76,144.2,False,8074,0.224526,0.10074825999999999,0.946814,1.17134,EXTRACTED
g7536,U_g7536/ZN,15.77,137.2,False,8055,0.081383,0.095615449,0.946814,1.028197,EXTRACTED
g754,U_g754/Q,14.25,74.2,True,16920,0.59563,0.13203204,2.619024,3.214654,EXTRACTED
g7541,U_g7541/ZN,130.15,85.4,False,16598,0.25839599999999996,0.09267261000000002,1.119679,1.378075,EXTRACTED
g7542,U_g7542/ZN,23.94,140.0,False,8054,0.27283999999999997,0.182210876,0.946814,1.219654,EXTRACTED
g7547,U_g7547/ZN,96.33,85.4,False,27641,0.297864,0.11048784,0.918145,1.2160090000000001,EXTRACTED
g7548,U_g7548/ZN,105.83,95.2,False,24809,0.1810076,0.06886030249,0.918145,1.0991526,EXTRACTED
g7549,U_g7549/ZN,141.55,65.8,False,7574,0.184712,0.13695231000000002,0.941939,1.1266509999999998,EXTRACTED
g755,U_g755/Q,49.21,15.4,True,16067,1.8579965999999999,0.8107046199999998,2.038473,3.8964696,EXTRACTED
g7550,U_g7550/ZN,105.83,2.8,False,0,1.1321950899999997,1.1274552180000006,13.279304,14.41149909,EXTRACTED
g7557,U_g7557/ZN,69.92,100.8,False,19643,2.5347408,2.725778334,0.918145,3.4528858,EXTRACTED
g7558,U_g7558/ZN,66.5,75.6,False,20630,0.1454818,0.240366692,0.918145,1.0636268,EXTRACTED
g756,U_g756/Q,54.15,32.2,True,16480,6.67606815,1.280540084,2.038473,8.71454115,EXTRACTED
g7562,U_g7562/ZN,104.5,2.8,False,0,1.14976027,0.928935122,11.46663,12.61639027,EXTRACTED
g7567,U_g7567/ZN,58.9,67.2,False,20874,0.0481102,0.011279,0.918145,0.9662552,EXTRACTED
g757,U_g757/Q,83.22,53.2,True,16527,2.1356838000000002,1.9799766889999997,2.619024,4.7547078,EXTRACTED
g7572,U_g7572/ZN,112.29,95.2,False,21778,0.14969359999999998,0.060378909999999994,0.918145,1.0678386,EXTRACTED
g7573,U_g7573/ZN,113.62,85.4,False,24813,0.5219719,0.37299573500000005,0.918145,1.4401169,EXTRACTED
g7574,U_g7574/ZN,110.39,9.8,False,0,1.25530921,1.670349037,11.16647,12.42177921,EXTRACTED
g758,U_g758/Q,60.8,18.2,True,16215,0.7757403000000002,0.6933334589999999,6.7917179999999995,7.567458299999999,EXTRACTED
g7581,U_g7581/ZN,49.02,123.2,False,11846,0.3916343,0.44818484999999997,1.119679,1.5113133,EXTRACTED
g7582,U_g7582/ZN,109.44,113.4,False,19701,0.547052,0.40634678999999996,0.918145,1.4651969999999999,EXTRACTED
g7583,U_g7583/ZN,69.54,71.4,False,20122,0.0718192,0.24140141199999998,0.918145,0.9899642,EXTRACTED
g7584,U_g7584/ZN,66.12,61.6,False,22882,0.4708141,0.650925355,0.918145,1.3889591000000001,EXTRACTED
g7586,U_g7586/ZN,51.68,130.2,False,12225,0.1645064,0.31166165,1.119679,1.2841854000000001,EXTRACTED
g7587,U_g7587/ZN,106.59,85.4,False,18822,0.05934,0.16456900000000002,0.918145,0.9774849999999999,EXTRACTED
g7588,U_g7588/ZN,107.92,130.2,False,25278,0.309998,0.1382928,0.918145,1.228143,EXTRACTED
g7590,U_g7590/ZN,56.43,128.8,False,12072,0.31252199999999997,0.25528284,1.119679,1.432201,EXTRACTED
g7592,U_g7592/ZN,65.55,71.4,False,22474,0.0297638,0.02104421,0.918145,0.9479088,EXTRACTED
g7593,U_g7593/ZN,62.89,79.8,False,21615,0.1114408,0.09846755999999998,0.918145,1.0295858,EXTRACTED
g7596,U_g7596/ZN,79.61,71.4,False,23107,0.1268804,0.056111248,0.918145,1.0450254,EXTRACTED
g7598,U_g7598/ZN,72.01,70.0,False,23094,1.058498,0.951515105,0.918145,1.976643,EXTRACTED
g7599,U_g7599/ZN,76.95,84.0,False,19034,0.42980999999999997,0.49497289000000005,0.918145,1.347955,EXTRACTED
g76,U_g76/Q,26.6,100.8,True,16783,4.0890274,1.5003666679999998,3.729714,7.8187414,EXTRACTED
g7613,U_g7613/ZN,40.85,23.8,False,33,0.276758,0.16772564,0.941939,1.218697,EXTRACTED
g762,U_g762/Q,49.02,9.8,True,16097,2.0175262200000006,1.14765607,6.8004,8.81792622,EXTRACTED
g7621,U_g7621/ZN,140.41,82.6,False,16788,0.1154836,0.00352448,0.918145,1.0336286,EXTRACTED
g7622,U_g7622/ZN,54.15,54.6,False,405,0.380656,0.500958142,0.964824,1.34548,EXTRACTED
g7623,U_g7623/ZN,29.07,99.4,False,626,0.455538,0.48765527,0.941939,1.3974769999999999,EXTRACTED
g7624,U_g7624/ZN,84.55,14.0,False,16841,0.1768194,0.14878607,1.70023,1.8770494,EXTRACTED
g7625,U_g7625/ZN,22.99,98.0,False,839,0.481748,0.32410226900000005,0.941939,1.423687,EXTRACTED
g7626,U_g7626/ZN,41.99,120.4,False,20668,0.7525185,0.6307506669999999,1.119679,1.8721975,EXTRACTED
g7632,U_g7632/ZN,49.21,124.6,False,15536,0.333052,0.369443152,1.119679,1.452731,EXTRACTED
g7638,U_g7638/ZN,23.94,109.2,False,2924,0.53763245,1.06461858,2.67486,3.21249245,EXTRACTED
g7651,U_g7651/ZN,75.05,43.4,False,11743,1.9497609,0.38387459199999996,1.70023,3.6499908999999997,EXTRACTED
g766,U_g766/Q,59.85,15.4,True,16297,5.02566447,1.256611476,6.8004,11.826064469999999,EXTRACTED
g7660,U_g7660/ZN,86.83,128.8,False,19263,0.228778,0.42500803000000004,1.119679,1.348457,EXTRACTED
g7661,U_g7661/ZN,20.9,119.0,False,5521,0.71359,0.9681727899999999,0.918145,1.631735,EXTRACTED
g7664,U_g7664/ZN,70.68,47.6,False,9082,0.496164,1.2563270560000002,1.70023,2.1963939999999997,EXTRACTED
g7671,U_g7671/ZN,111.15,5.6,False,0,0.453026,0.6380890400000001,1.70023,2.153256,EXTRACTED
g7674,U_g7674/ZN,105.45,89.6,False,11885,0.363958,0.40948199399999996,0.941939,1.3058969999999999,EXTRACTED
g7677,U_g7677/ZN,30.78,127.4,False,0,0.772926,0.61389968,0.941939,1.714865,EXTRACTED
g7679,U_g7679/ZN,48.64,28.0,False,1178,0.0784032,0.037891690000000006,0.941939,1.0203422,EXTRACTED
g7680,U_g7680/ZN,25.08,138.6,False,0,0.0781288,0.13153808,0.941939,1.0200678,EXTRACTED
g7681,U_g7681/ZN,31.35,134.4,False,0,0.0437548,0.022710670000000002,0.941939,0.9856938,EXTRACTED
g7682,U_g7682/ZN,18.05,134.4,False,0,0.08008420000000001,0.0314818,0.941939,1.0220232,EXTRACTED
g7683,U_g7683/ZN,31.92,140.0,False,0,0.0517142,0.00523113,0.941939,0.9936532,EXTRACTED
g7684,U_g7684/ZN,14.63,137.2,False,0,0.0487202,0.008469385,0.941939,0.9906592,EXTRACTED
g7685,U_g7685/ZN,37.24,141.4,False,0,0.0828494,0.08549866799999999,0.941939,1.0247884,EXTRACTED
g7686,U_g7686/ZN,30.4,135.8,False,0,0.13703120000000002,0.18038183000000002,0.941939,1.0789702,EXTRACTED
g7688,U_g7688/ZN,27.93,142.8,False,0,0.94618,1.202525144,0.941939,1.888119,EXTRACTED
g7692,U_g7692/ZN,18.81,140.0,False,0,0.49065800000000004,0.3486883,0.941939,1.432597,EXTRACTED
g7696,U_g7696/ZN,41.23,140.0,False,0,0.28488800000000003,0.19590074999999998,0.941939,1.2268270000000001,EXTRACTED
g7697,U_g7697/ZN,34.58,113.4,False,924,0.9089550999999999,0.6059782230000001,4.273892,5.1828471,EXTRACTED
g770,U_g770/Q,58.71,9.8,True,16163,0.8495593300000001,0.8621663279999998,6.8004,7.64995933,EXTRACTED
g7704,U_g7704/ZN,28.88,95.2,False,827,1.0855976,0.45890722,0.941939,2.0275366,EXTRACTED
g7705,U_g7705/ZN,62.32,5.6,False,14187,0.442846,0.343569403,1.119679,1.5625250000000002,EXTRACTED
g7707,U_g7707/ZN,24.89,99.4,False,924,0.480666,0.470776587,0.941939,1.422605,EXTRACTED
g7709,U_g7709/ZN,95.57,56.0,False,1402,0.893086,0.303248002,1.119679,2.012765,EXTRACTED
g7710,U_g7710/ZN,22.04,93.8,False,683,0.12015540000000001,0.284135223,0.941939,1.0620943999999999,EXTRACTED
g7712,U_g7712/ZN,85.31,50.4,False,12201,2.2350591,3.8236953,1.70023,3.9352891,EXTRACTED
g7717,U_g7717/ZN,38.19,33.6,False,1178,0.630466,0.7593277700000001,1.664199,2.294665,EXTRACTED
g7718,U_g7718/ZN,30.97,100.8,False,778,0.629489,1.133645203,0.941939,1.571428,EXTRACTED
g7719,U_g7719/ZN,25.84,100.8,False,852,0.20574800000000001,0.48504028,0.941939,1.147687,EXTRACTED
g7720,U_g7720/ZN,21.09,102.2,False,815,0.381834,0.4399634699999999,0.941939,1.323773,EXTRACTED
g7721,U_g7721/ZN,29.07,107.8,False,617,0.5060633,0.8019059579999999,0.941939,1.4480023,EXTRACTED
g7722,U_g7722/ZN,14.82,109.2,False,5351,0.08730059999999999,0.0238204,0.946814,1.0341146,EXTRACTED
g7730,U_g7730/ZN,38.57,22.4,False,6368,0.32394,0.23327217,0.918145,1.2420849999999999,EXTRACTED
g7732,U_g7732/ZN,111.72,102.2,False,10378,1.7373998000000002,1.109866062,0.941939,2.6793388,EXTRACTED
g7734,U_g7734/ZN,109.82,95.2,False,11382,0.4296023,0.39885803,0.941939,1.3715413,EXTRACTED
g7736,U_g7736/ZN,112.48,85.4,False,11101,0.417842,0.35108702999999997,0.941939,1.359781,EXTRACTED
g7738,U_g7738/ZN,14.82,95.2,False,15105,0.233544,0.24099510000000002,0.918145,1.151689,EXTRACTED
g7739,U_g7739/ZN,103.93,91.0,False,10628,0.622324,0.471543628,0.941939,1.564263,EXTRACTED
g774,U_g774/Q,60.23,16.8,True,16257,1.5556562499999997,1.3450448099999999,6.8004,8.35605625,EXTRACTED
g7740,U_g7740/ZN,17.67,95.2,False,10245,0.4655819,0.44606967699999994,0.918145,1.3837269,EXTRACTED
g7741,U_g7741/ZN,117.23,91.0,False,11975,0.381578,0.23076918999999999,0.941939,1.3235169999999998,EXTRACTED
g7742,U_g7742/ZN,17.67,96.6,False,6878,0.07302760000000001,0.07442549000000001,0.918145,0.9911726,EXTRACTED
g7743,U_g7743/ZN,119.13,98.0,False,9880,0.0915352,0.01196823,0.941939,1.0334742,EXTRACTED
g7744,output197/Z,9.69,144.2,False,0,0.338432,0.0604805,0,0.338432,EXTRACTED
g778,U_g778/Q,60.23,2.8,True,16042,1.3318927,0.9690309899999998,6.8004,8.1322927,EXTRACTED
g7818,U_g7818/ZN,46.17,33.6,False,1295,0.23222800000000002,0.2624164,0.941939,1.174167,EXTRACTED
g7819,U_g7819/ZN,45.6,35.0,False,1251,0.120932,0.027507323999999996,0.941939,1.062871,EXTRACTED
g782,U_g782/Q,54.34,9.8,True,16121,1.4934424,0.5738994099999999,6.8004,8.293842399999999,EXTRACTED
g7820,U_g7820/ZN,41.61,42.0,False,1225,0.0509176,0.015272359999999999,0.941939,0.9928566,EXTRACTED
g7821,U_g7821/ZN,50.16,47.6,False,1111,0.5634341,0.26884787,0.941939,1.5053731,EXTRACTED
g7822,U_g7822/ZN,40.47,44.8,False,1091,0.70359,1.090069127,0.941939,1.645529,EXTRACTED
g7823,U_g7823/ZN,47.88,37.8,False,1227,0.379416,0.6093599000000001,0.941939,1.321355,EXTRACTED
g7824,U_g7824/ZN,47.31,32.2,False,1303,0.0746166,0.019756919999999997,0.941939,1.0165556,EXTRACTED
g7825,U_g7825/ZN,44.46,32.2,False,1278,0.09385299999999999,0.06129698,0.941939,1.035792,EXTRACTED
g7843,U_g7843/ZN,78.09,75.6,False,17384,0.1078128,0.214891724,1.119679,1.2274918000000001,EXTRACTED
g7846,U_g7846/ZN,16.34,109.2,False,5437,0.0868056,0.00186637,0.918145,1.0049506,EXTRACTED
g7852,U_g7852/ZN,54.91,35.0,False,3020,1.2238752400000001,1.293118218,4.87315,6.09702524,EXTRACTED
g786,U_g786/Q,76.57,11.2,True,16842,2.3571756,3.519155202000001,6.8004,9.1575756,EXTRACTED
g7876,U_g7876/ZN,99.18,103.6,False,2993,0.5032800000000001,0.34638514,0.946814,1.450094,EXTRACTED
g7879,U_g7879/ZN,91.77,109.2,False,2959,0.6869419999999999,0.49863842299999994,0.946814,1.633756,EXTRACTED
g7881,U_g7881/ZN,106.4,107.8,False,2927,0.01742614,0.0,0.946814,0.96424014,EXTRACTED
g7883,U_g7883/ZN,36.48,33.6,False,7650,0.36683985,0.49027178999999993,1.94926,2.31609985,EXTRACTED
g7884,U_g7884/ZN,38.76,36.4,False,26759,0.0301606,0.0,0.946814,0.9769746,EXTRACTED
g7885,U_g7885/ZN,91.39,107.8,False,2793,0.115091,0.08498064999999999,0.946814,1.061905,EXTRACTED
g7888,U_g7888/ZN,26.22,29.4,False,23463,0.120407,0.12460418000000001,0.946814,1.067221,EXTRACTED
g7889,U_g7889/ZN,89.87,105.0,False,2820,0.1512854,0.11644320999999999,0.946814,1.0980994,EXTRACTED
g7891,U_g7891/ZN,29.45,22.4,False,18378,0.6719382,0.47958523700000016,0.946814,1.6187522,EXTRACTED
g7892,U_g7892/ZN,92.53,105.0,False,2918,0.0403946,0.06426491000000001,0.946814,0.9872086,EXTRACTED
g7893,U_g7893/ZN,30.4,26.6,False,15282,0.6187389999999999,0.6637101600000002,0.946814,1.565553,EXTRACTED
g7894,U_g7894/ZN,91.96,112.0,False,2775,0.615814,0.31373158399999995,0.946814,1.5626280000000001,EXTRACTED
g7895,U_g7895/ZN,31.16,36.4,False,12159,0.29409199999999996,0.233632694,0.946814,1.240906,EXTRACTED
g7897,U_g7897/ZN,125.02,56.0,False,12201,1.4943399800000001,0.872642664,3.89852,5.39285998,EXTRACTED
g7898,U_g7898/ZN,35.91,29.4,False,10106,0.0594354,0.046676999999999996,0.946814,1.0062494,EXTRACTED
g79,U_g79/Q,25.84,123.2,True,16767,1.7192097,1.0926381970000003,3.729714,5.4489237,EXTRACTED
g790,U_g790/Q,78.28,12.6,True,16798,0.9792273,1.21486202549,6.8004,7.7796273,EXTRACTED
g7902,U_g7902/ZN,14.63,110.6,False,5070,0.5283857000000001,0.8685253489700001,0.946814,1.4751997000000001,EXTRACTED
g7903,U_g7903/ZN,36.67,137.2,False,0,0.058554,0.037940009999999996,0.97463,1.033184,EXTRACTED
g7905,U_g7905/ZN,33.82,140.0,False,0,0.48593810000000004,0.595602248,0.97463,1.4605681000000001,EXTRACTED
g7907,U_g7907/ZN,80.18,43.4,False,9082,1.5009923,1.142651612,3.89852,5.3995123,EXTRACTED
g7908,U_g7908/ZN,18.05,141.4,False,0,0.0473222,0.013873128000000002,0.97463,1.0219522,EXTRACTED
g7910,U_g7910/ZN,24.13,133.0,False,0,0.373746,0.486012292,0.97463,1.348376,EXTRACTED
g7913,U_g7913/ZN,21.66,138.6,False,0,0.0624622,0.090724325,0.97463,1.0370922,EXTRACTED
g7914,U_g7914/ZN,78.09,16.8,False,11743,1.1708505,0.3746103599999999,3.89852,5.0693705,EXTRACTED
g7915,U_g7915/ZN,33.25,134.4,False,0,0.08282479999999999,0.04504137,0.97463,1.0574548,EXTRACTED
g7917,U_g7917/ZN,34.96,140.0,False,0,0.1948082,0.10274617,0.97463,1.1694382,EXTRACTED
g7918,U_g7918/ZN,25.65,141.4,False,0,0.09301040000000001,0.06671186999999999,0.97463,1.0676404,EXTRACTED
g7919,U_g7919/ZN,36.86,142.8,False,0,0.479626,0.10320043,0.97463,1.454256,EXTRACTED
g7920,U_g7920/ZN,17.1,138.6,False,0,0.1047448,0.0,0.97463,1.0793748,EXTRACTED
g7923,U_g7923/ZN,24.32,135.8,False,0,0.0590728,0.144152404,0.97463,1.0337028,EXTRACTED
g7926,U_g7926/ZN,38.76,29.4,False,8556,0.47808819999999996,0.49041116000000007,0.918145,1.3962332,EXTRACTED
g7930,U_g7930/ZN,141.55,81.2,False,12765,0.251216,0.3235233,1.119679,1.370895,EXTRACTED
g7931,U_g7931/ZN,37.05,137.2,False,8655,0.1825686,0.31294922000000003,0.946814,1.1293826,EXTRACTED
g7932,U_g7932/ZN,109.82,1.4,False,0,0.283238,0.21058922000000005,1.70023,1.9834679999999998,EXTRACTED
g7933,U_g7933/ZN,34.2,140.0,False,8748,0.1191556,0.08095903600000001,0.946814,1.0659696,EXTRACTED
g7934,U_g7934/ZN,106.97,4.2,False,0,0.16929539999999998,0.07792512600000001,1.70023,1.8695254,EXTRACTED
g7935,U_g7935/ZN,24.89,134.4,False,8747,0.624988,0.54127707,0.946814,1.571802,EXTRACTED
g7937,U_g7937/ZN,111.15,117.6,False,6584,0.215244,0.29028439500000003,0.941939,1.1571829999999999,EXTRACTED
g7939,U_g7939/ZN,13.3,134.4,False,8730,0.7105921,0.42330477,0.946814,1.6574061,EXTRACTED
g794,U_g794/Q,68.97,68.6,True,16585,3.1997155,4.418307977000001,7.911397,11.1111125,EXTRACTED
g7940,U_g7940/ZN,97.09,127.4,False,5680,2.3631646,3.1941635589999993,0.941939,3.3051036000000003,EXTRACTED
g7942,U_g7942/ZN,99.37,7.0,False,0,0.23824,0.217841067,1.70023,1.93847,EXTRACTED
g7943,U_g7943/ZN,25.46,138.6,False,8635,0.105766,0.35155172,0.946814,1.05258,EXTRACTED
g7945,U_g7945/ZN,34.39,134.4,False,8743,0.4950078,0.5170760099999999,0.946814,1.4418218,EXTRACTED
g7947,U_g7947/ZN,104.31,1.4,False,0,0.20912,0.14346485,1.70023,1.9093499999999999,EXTRACTED
g7948,U_g7948/ZN,28.69,137.2,False,8764,0.574512,0.6148184020000002,0.946814,1.5213260000000002,EXTRACTED
g7949,U_g7949/ZN,28.5,29.4,False,7650,0.79166888,1.3198364099999997,3.89852,4.69018888,EXTRACTED
g7950,U_g7950/ZN,108.49,2.8,False,0,0.22877999999999998,0.13214878000000002,1.70023,1.92901,EXTRACTED
g7951,U_g7951/ZN,19.19,141.4,False,8640,0.797571,0.6349879930000001,0.946814,1.744385,EXTRACTED
g7952,U_g7952/ZN,29.45,36.4,False,7650,0.6118614,0.29718601000000006,2.92389,3.5357514,EXTRACTED
g7953,U_g7953/ZN,105.26,1.4,False,0,1.6775202,0.6369913899999999,1.70023,3.3777502,EXTRACTED
g7954,U_g7954/ZN,34.39,138.6,False,8760,0.47540800000000005,0.453204014,0.946814,1.422222,EXTRACTED
g7955,U_g7955/ZN,18.05,140.0,False,8728,0.22123600000000002,0.040563218,0.946814,1.16805,EXTRACTED
g7957,U_g7957/ZN,25.65,134.4,False,8713,0.400136,0.42840692,0.946814,1.34695,EXTRACTED
g7958,U_g7958/ZN,36.1,103.6,False,272,0.71194957,0.8414168600000002,0.941939,1.65388857,EXTRACTED
g7960,U_g7960/ZN,42.56,114.8,False,5863,0.0816916,0.016983328,0.918145,0.9998366,EXTRACTED
g7962,U_g7962/ZN,36.86,18.2,False,7111,0.6990641,0.8948708589699998,0.946814,1.6458781,EXTRACTED
g7963,U_g7963/ZN,31.73,29.4,False,3369,0.5629322999999999,1.2361904380000002,3.263231,3.8261633,EXTRACTED
g7970,U_g7970/ZN,19.19,92.4,False,19746,0.01742614,0.0,0.946814,0.96424014,EXTRACTED
g7971,U_g7971/ZN,140.79,68.6,False,16291,0.240868,0.39378930999999995,0.918145,1.159013,EXTRACTED
g7978,U_g7978/ZN,37.43,110.6,False,272,0.30192,0.413037444,1.664199,1.966119,EXTRACTED
g798,U_g798/Q,68.4,64.4,True,16542,1.85576597,1.6827999694899998,6.219849,8.07561497,EXTRACTED
g7981,U_g7981/ZN,84.74,16.8,False,16841,0.314868,0.30986006,1.119679,1.434547,EXTRACTED
g7986,U_g7986/ZN,104.12,4.2,False,0,0.49344799999999994,0.29413905500000004,1.70023,2.193678,EXTRACTED
g7987,U_g7987/ZN,103.17,4.2,False,0,0.0522612,0.077798663,1.70023,1.7524912,EXTRACTED
g7988,U_g7988/ZN,40.66,25.2,False,16312,0.5393600000000001,0.9053159810000001,0.946814,1.486174,EXTRACTED
g7990,U_g7990/ZN,103.17,2.8,False,0,0.30804200000000004,0.36434106,1.70023,2.008272,EXTRACTED
g7992,U_g7992/ZN,114.76,1.4,False,0,0.753977,0.5186903099999999,1.70023,2.454207,EXTRACTED
g7994,U_g7994/ZN,106.02,4.2,False,0,0.347378,0.25649080199999996,1.70023,2.047608,EXTRACTED
g7996,U_g7996/ZN,108.87,4.2,False,0,0.07218219999999999,0.0562163,1.70023,1.7724122,EXTRACTED
g8,U_g8/Q,43.32,93.8,True,16600,7.5391226,3.832203973,1.836939,9.3760616,EXTRACTED
g8000,U_g8000/ZN,106.59,5.6,False,0,0.1574724,0.11389071,1.70023,1.8577024,EXTRACTED
g8005,U_g8005/ZN,34.77,28.0,False,20883,0.01742614,0.0,0.946814,0.96424014,EXTRACTED
g8006,U_g8006/ZN,45.03,26.6,False,1745,0.13448749999999998,0.126658184,3.198064,3.3325515,EXTRACTED
g8010,U_g8010/ZN,17.67,92.4,False,15333,0.398078,0.35169151000000004,0.946814,1.344892,EXTRACTED
g8014,U_g8014/ZN,18.43,103.6,False,10597,0.503738,0.24853662999999998,0.946814,1.450552,EXTRACTED
g8018,U_g8018/ZN,18.62,95.2,False,7240,0.094773,0.12331318000000001,0.946814,1.041587,EXTRACTED
g8019,U_g8019/ZN,87.78,9.8,False,12340,0.504148,0.363915039,1.119679,1.6238270000000001,EXTRACTED
g802,U_g802/Q,82.65,54.6,True,16731,1.44319531,1.2329298809999996,7.194479,8.63767431,EXTRACTED
g8023,U_g8023/ZN,10.45,96.6,False,4908,0.740383,0.27364183,0.946814,1.687197,EXTRACTED
g8024,U_g8024/ZN,94.62,64.4,False,1209,0.7017231,0.842025699,1.119679,1.8214021000000002,EXTRACTED
g8028,U_g8028/ZN,15.96,103.6,False,6740,0.47867,0.20918961949,0.946814,1.425484,EXTRACTED
g8032,U_g8032/ZN,18.43,107.8,False,6017,0.0671796,0.039686839999999994,0.946814,1.0139936,EXTRACTED
g8039,U_g8039/ZN,105.64,85.4,False,17141,0.0628514,0.06751153,1.119679,1.1825304,EXTRACTED
g8040,U_g8040/ZN,128.44,86.8,False,21194,0.1178606,0.14765275,1.119679,1.2375396,EXTRACTED
g8041,U_g8041/ZN,111.53,119.0,False,17989,0.19005080000000002,0.190539372,1.119679,1.3097298000000002,EXTRACTED
g8042,U_g8042/ZN,79.99,95.2,False,24025,0.44042000000000003,0.31529201,1.119679,1.5600990000000001,EXTRACTED
g8043,U_g8043/ZN,113.81,106.4,False,17797,0.6913001,0.333489132,1.119679,1.8109791,EXTRACTED
g8044,U_g8044/ZN,82.84,61.6,False,21142,0.4990483,0.6449811049999999,1.119679,1.6187273000000002,EXTRACTED
g8045,U_g8045/ZN,98.61,88.2,False,25430,0.22971,0.24043584999999998,1.119679,1.3493890000000002,EXTRACTED
g8046,U_g8046/ZN,106.4,92.4,False,22719,0.070587,0.024957431999999998,1.119679,1.190266,EXTRACTED
g8047,U_g8047/ZN,70.11,61.6,False,17910,1.6708755000000002,2.46176405,1.119679,2.7905545000000003,EXTRACTED
g8048,U_g8048/ZN,64.98,77.0,False,18749,0.253956,0.24707746,1.119679,1.3736350000000002,EXTRACTED
g8049,U_g8049/ZN,59.47,67.2,False,19078,0.72219,0.42069522400000003,1.119679,1.841869,EXTRACTED
g8050,U_g8050/ZN,79.04,72.8,False,21278,2.5640358,2.0201242240000004,1.119679,3.6837148,EXTRACTED
g8051,U_g8051/ZN,111.53,93.8,False,19927,0.132321,0.112845028,1.119679,1.252,EXTRACTED
g8052,U_g8052/ZN,108.87,86.8,False,22692,0.304836,0.549044827,1.119679,1.424515,EXTRACTED
g8053,U_g8053/ZN,71.63,71.4,False,18424,0.23149999999999998,0.27165605,1.119679,1.3511790000000001,EXTRACTED
g8054,U_g8054/ZN,72.77,58.8,False,20829,0.7292692999999999,1.1721259000000002,1.119679,1.8489483,EXTRACTED
g8055,U_g8055/ZN,105.64,127.4,False,23154,0.540972,0.3659953,1.119679,1.660651,EXTRACTED
g8056,U_g8056/ZN,103.93,7.0,False,0,0.6400645,0.45088133799999996,1.759494,2.3995585,EXTRACTED
g8059,U_g8059/ZN,66.12,71.4,False,20633,0.0741208,0.059950100000000006,1.119679,1.1937998,EXTRACTED
g806,U_g806/Q,82.65,77.0,True,16577,3.11188897,3.482689249,7.137994,10.24988297,EXTRACTED
g8060,U_g8060/ZN,64.03,78.4,False,19836,0.262722,0.6132438100000001,1.119679,1.3824010000000002,EXTRACTED
g8061,output198/Z,77.52,144.2,False,0,0.1284752,0.07908734,0,0.1284752,EXTRACTED
g8062,output199/Z,145.73,116.2,False,0,0.1796616,0.21383206999999999,0,0.1796616,EXTRACTED
g8068,U_g8068/ZN,38.76,99.4,False,261,0.0480754,0.016964680000000003,0.941939,0.9900144,EXTRACTED
g8069,U_g8069/ZN,34.77,102.2,False,379,0.673898,0.9848274890000001,0.941939,1.615837,EXTRACTED
g8070,U_g8070/ZN,36.29,95.2,False,391,0.0521012,0.007364590000000001,0.941939,0.9940401999999999,EXTRACTED
g8071,U_g8071/ZN,42.18,89.6,False,426,0.6897964999999999,0.18729240600000002,0.941939,1.6317355,EXTRACTED
g8072,U_g8072/ZN,39.52,100.8,False,293,0.926336,0.397875988,0.941939,1.8682750000000001,EXTRACTED
g8073,U_g8073/ZN,38.76,100.8,False,396,0.35159999999999997,0.12337052,0.941939,1.293539,EXTRACTED
g8074,U_g8074/ZN,40.28,102.2,False,434,0.25114400000000003,0.27504199799999995,0.941939,1.1930830000000001,EXTRACTED
g8075,U_g8075/ZN,34.2,103.6,False,396,0.566119,0.5193559269999999,0.941939,1.5080580000000001,EXTRACTED
g8081,U_g8081/ZN,105.64,5.6,False,0,1.2901503,1.5115019730000003,2.6392409999999997,3.9293913,EXTRACTED
g8085,U_g8085/ZN,110.01,5.6,False,0,1.2318736,1.4701051590000005,2.6392409999999997,3.8711145999999994,EXTRACTED
g8089,U_g8089/ZN,107.35,7.0,False,0,1.0123817,0.8456501149999996,2.6392409999999997,3.6516227,EXTRACTED
g8094,U_g8094/ZN,102.6,4.2,False,0,0.563868,0.2808076,0.879747,1.4436149999999999,EXTRACTED
g8095,U_g8095/ZN,101.84,4.2,False,0,0.1392648,0.024671459999999996,0.879747,1.0190118,EXTRACTED
g8097,U_g8097/ZN,48.83,35.0,False,13680,0.0345966,0.018850339999999997,0.946814,0.9814106,EXTRACTED
g8098,U_g8098/ZN,45.22,40.6,False,14454,0.240474,0.16847753,0.946814,1.1872880000000001,EXTRACTED
g8099,U_g8099/ZN,108.87,1.4,False,0,1.1604800000000002,1.379857467,0.879747,2.0402270000000002,EXTRACTED
g810,U_g810/Q,80.94,50.4,True,16787,2.33216781,2.1379163180000003,7.194479,9.52664681,EXTRACTED
g8100,U_g8100/ZN,101.08,1.4,False,0,0.574239,0.6562940860000002,0.879747,1.453986,EXTRACTED
g8101,U_g8101/ZN,44.08,35.0,False,14688,0.10086500000000001,0.04267481,0.946814,1.047679,EXTRACTED
g8102,U_g8102/ZN,46.93,37.8,False,14247,0.1783362,0.07585468,0.946814,1.1251502,EXTRACTED
g8103,U_g8103/ZN,107.73,8.4,False,0,0.7061637000000001,0.6229277940000002,0.879747,1.5859107,EXTRACTED
g8104,U_g8104/ZN,41.23,36.4,False,15184,0.393582,0.3792814,0.946814,1.3403960000000001,EXTRACTED
g8105,U_g8105/ZN,108.11,7.0,False,0,0.34641799999999995,0.32244193,0.879747,1.226165,EXTRACTED
g8106,U_g8106/ZN,111.53,1.4,False,0,0.678507,0.9087769,0.879747,1.5582539999999998,EXTRACTED
g8107,U_g8107/ZN,49.21,39.2,False,14720,0.550212,0.0051157400000000006,0.946814,1.497026,EXTRACTED
g8108,U_g8108/ZN,35.15,36.4,False,16963,0.01742614,0.0,0.946814,0.96424014,EXTRACTED
g8109,U_g8109/ZN,112.86,7.0,False,0,0.0513758,0.041726570000000004,0.927525,0.9789008,EXTRACTED
g8110,U_g8110/ZN,109.44,5.6,False,0,1.0345697,1.2944696699999998,3.518988,4.5535577,EXTRACTED
g8115,U_g8115/ZN,109.06,19.6,False,0,0.375134,0.7097534700000001,0.879747,1.254881,EXTRACTED
g8117,U_g8117/ZN,46.74,29.4,False,15396,0.0878046,0.11930514999999998,0.946814,1.0346186,EXTRACTED
g8118,U_g8118/ZN,22.8,30.8,False,16949,1.5426989999999998,0.30435056,0.946814,2.4895129999999996,EXTRACTED
g8119,U_g8119/ZN,37.24,26.6,False,14911,0.6716777,0.33542756,0.946814,1.6184917,EXTRACTED
g8120,U_g8120/ZN,22.04,36.4,False,17021,0.0857144,0.16339019999999999,0.946814,1.0325284000000001,EXTRACTED
g8123,U_g8123/ZN,30.21,37.8,False,16107,0.0885524,0.24089374,0.946814,1.0353664,EXTRACTED
g8127,U_g8127/ZN,26.41,36.4,False,16999,0.0428952,0.0,0.946814,0.9897092000000001,EXTRACTED
g8130,U_g8130/ZN,37.24,37.8,False,16039,0.01742614,0.0,0.946814,0.96424014,EXTRACTED
g8135,U_g8135/ZN,38.76,33.6,False,15972,0.0679632,0.06996431,0.946814,1.0147772000000002,EXTRACTED
g8136,U_g8136/ZN,34.01,32.2,False,8200,0.5798581,0.5053655680000001,0.946814,1.5266721,EXTRACTED
g814,U_g814/Q,84.93,64.4,True,16541,2.04981161,1.8109695379999997,7.137994,9.18780561,EXTRACTED
g8146,U_g8146/ZN,21.28,106.4,False,2924,3.02210577,1.961164797,7.79704,10.81914577,EXTRACTED
g8147,U_g8147/ZN,81.32,23.8,False,9459,0.437698,0.565272615,1.119679,1.557377,EXTRACTED
g8148,U_g8148/ZN,39.71,36.4,False,27838,1.0824030000000002,1.06073343512,3.263231,4.345634,EXTRACTED
g8153,U_g8153/ZN,26.79,32.2,False,24516,0.5448697,0.553843442,3.263231,3.8081007000000002,EXTRACTED
g8154,U_g8154/ZN,27.55,32.2,False,19479,0.36965007000000005,0.444167162,3.263231,3.6328810700000003,EXTRACTED
g8157,U_g8157/ZN,25.84,93.8,False,1374,0.29074407,0.018525012000000004,3.263231,3.5539750700000003,EXTRACTED
g8158,U_g8158/ZN,25.84,33.6,False,16414,0.46204160000000005,0.517869477,3.263231,3.7252726000000003,EXTRACTED
g8159,U_g8159/ZN,30.78,32.2,False,13780,0.26619724,0.23772042100000002,3.263231,3.52942824,EXTRACTED
g8161,U_g8161/ZN,35.53,28.0,False,21020,0.70204676,1.2236841660000002,3.263231,3.96527776,EXTRACTED
g8162,U_g8162/ZN,36.29,28.0,False,11712,0.9693081000000001,1.1694923939999997,3.263231,4.2325391,EXTRACTED
g8163,U_g8163/ZN,42.75,116.2,False,16277,0.0618192,0.06591513,0.946814,1.0086332,EXTRACTED
g8164,U_g8164/ZN,120.08,4.2,False,0,0.13354110000000002,0.119155785,2.67486,2.8084010999999998,EXTRACTED
g8167,U_g8167/ZN,96.9,21.0,False,7634,0.1984334,0.22059251000000002,0.941245,1.1396784,EXTRACTED
g8168,U_g8168/ZN,88.73,28.0,False,7654,0.53306,0.49411434600000004,0.941245,1.474305,EXTRACTED
g8169,U_g8169/ZN,92.72,26.6,False,7720,0.06251440000000001,0.032814914,0.941245,1.0037594,EXTRACTED
g8170,U_g8170/ZN,95.19,25.2,False,7720,0.31351399999999996,0.27544497199999995,0.941245,1.254759,EXTRACTED
g8172,U_g8172/ZN,93.48,26.6,False,7520,0.462926,0.6922298689999999,0.941245,1.404171,EXTRACTED
g8173,U_g8173/ZN,137.18,67.2,False,14691,1.11326,0.5936562899999999,1.119679,2.232939,EXTRACTED
g8174,U_g8174/ZN,95.95,22.4,False,7688,0.8221529999999999,0.7691498040000001,0.941245,1.763398,EXTRACTED
g8175,U_g8175/ZN,106.02,23.8,False,7528,0.588111,0.49838111897,0.941245,1.529356,EXTRACTED
g8176,U_g8176/ZN,118.56,18.2,False,7528,0.7005868,1.400945863,0.941245,1.6418317999999998,EXTRACTED
g8177,U_g8177/ZN,32.11,35.0,False,17236,0.0950728,0.01570315,0.918145,1.0132178,EXTRACTED
g818,U_g818/Q,88.35,65.8,True,16507,1.8715963,2.12515576,7.194479,9.0660753,EXTRACTED
g8180,U_g8180/ZN,47.31,26.6,False,16450,0.31698400000000004,0.248789795,0.918145,1.2351290000000001,EXTRACTED
g8185,U_g8185/ZN,35.72,105.0,False,16472,0.8656723999999999,0.6043269500000001,0.946814,1.8124864,EXTRACTED
g8187,U_g8187/ZN,24.7,135.8,False,8054,0.46356450000000005,0.283157305,2.618375,3.0819395,EXTRACTED
g8190,U_g8190/ZN,35.15,106.4,False,550,0.22505171000000002,0.14979481,3.198064,3.4231157100000003,EXTRACTED
g8193,U_g8193/ZN,115.14,117.6,False,17933,0.256122,0.08338667500000001,1.119679,1.375801,EXTRACTED
g8194,U_g8194/ZN,80.94,102.2,False,17343,0.0542588,0.04782911,1.119679,1.1739378,EXTRACTED
g8199,U_g8199/ZN,23.18,113.4,False,5117,0.47151000000000004,0.33620171800000004,0.918145,1.389655,EXTRACTED
g82,PORT/g82,19.135,147.46,False,0,0.18646759999999998,0.0291346,0.974659,1.1611266,EXTRACTED
g8200,U_g8200/ZN,38.38,141.4,False,8074,0.5922019999999999,0.5657983699999999,2.618375,3.210577,EXTRACTED
g8203,U_g8203/ZN,39.52,144.2,False,7939,0.6108262,0.683876685,2.618375,3.2292012,EXTRACTED
g8206,U_g8206/ZN,32.3,140.0,False,8077,0.544094,0.598908862,2.618375,3.1624689999999998,EXTRACTED
g8209,U_g8209/ZN,59.09,51.8,False,8680,0.0874374,0.0,1.714471,1.8019084,EXTRACTED
g8210,U_g8210/ZN,22.99,144.2,False,8072,0.35737739999999996,0.4803743699999999,2.618375,2.9757523999999997,EXTRACTED
g8214,U_g8214/ZN,18.24,133.0,False,8058,0.2610218,0.06513836,2.618375,2.8793968,EXTRACTED
g8217,U_g8217/ZN,32.87,33.6,False,15926,0.19302619999999998,0.07852568800000001,0.946814,1.1398402,EXTRACTED
g822,U_g822/Q,103.55,64.4,True,16707,2.23094741,1.5354866629999997,7.137994,9.36894141,EXTRACTED
g8220,U_g8220/ZN,37.81,95.2,False,924,1.48662849,1.2690656059699998,4.87315,6.35977849,EXTRACTED
g8221,U_g8221/ZN,18.62,134.4,False,7932,0.689276,0.53382316,2.618375,3.307651,EXTRACTED
g8224,U_g8224/ZN,22.8,36.4,False,16991,0.333006,0.6047140799999999,0.946814,1.27982,EXTRACTED
g8226,U_g8226/ZN,31.73,134.4,False,8070,0.1866968,0.10111503396999999,2.618375,2.8050718,EXTRACTED
g8230,U_g8230/ZN,29.45,137.2,False,8076,0.5925533199999999,0.43773289,2.618375,3.21092832,EXTRACTED
g8233,U_g8233/ZN,120.46,5.6,False,0,0.06132239999999999,0.15325228999999999,0.941939,1.0032614,EXTRACTED
g8234,U_g8234/ZN,42.18,99.4,False,924,0.8471882000000001,0.5935413760000001,2.92389,3.7710782000000003,EXTRACTED
g8236,U_g8236/ZN,26.22,138.6,False,7936,0.47909179999999996,0.7963186199999999,2.618375,3.0974668,EXTRACTED
g8241,U_g8241/ZN,15.01,137.2,False,8055,0.2244784,0.009302647,2.618375,2.8428534,EXTRACTED
g8244,U_g8244/ZN,81.13,8.4,False,11872,0.35814199999999996,0.16831791,1.119679,1.477821,EXTRACTED
g8245,U_g8245/ZN,90.25,67.2,False,1467,0.261412,0.14766644,1.119679,1.381091,EXTRACTED
g8246,U_g8246/ZN,18.05,109.2,False,5467,0.0301606,0.0,0.946814,0.9769746,EXTRACTED
g8247,U_g8247/ZN,12.16,93.8,False,15486,0.4991696,0.498423602,3.263231,3.7624006000000003,EXTRACTED
g8248,U_g8248/ZN,18.43,96.6,False,10823,0.17517163,0.3468372,3.263231,3.43840263,EXTRACTED
g8249,U_g8249/ZN,20.71,95.2,False,7845,0.6088719499999999,0.7742102039999997,3.263231,3.8721029500000004,EXTRACTED
g8250,U_g8250/ZN,76.76,43.4,False,9720,0.0686742,0.014257503,1.119679,1.1883532,EXTRACTED
g8252,U_g8252/ZN,48.64,29.4,False,15828,0.06691699999999999,0.0584455,0.918145,0.985062,EXTRACTED
g8253,U_g8253/ZN,18.81,100.8,False,5218,0.9931511,0.58577895,3.263231,4.2563821,EXTRACTED
g8254,U_g8254/ZN,78.66,26.6,False,9335,0.18962579999999998,0.19549,1.119679,1.3093048,EXTRACTED
g8255,U_g8255/ZN,98.04,1.4,False,0,1.1949792,0.8829567650000001,2.6392409999999997,3.8342202,EXTRACTED
g8259,U_g8259/ZN,21.28,100.8,False,7270,0.060975169999999995,0.06545081599999998,3.263231,3.32420617,EXTRACTED
g826,U_g826/Q,86.83,63.0,True,16545,6.41764984,4.1757862,6.89199,13.309639839999999,EXTRACTED
g8260,U_g8260/ZN,79.61,29.4,False,9405,0.33862,0.29276036,1.119679,1.458299,EXTRACTED
g8261,U_g8261/ZN,100.51,112.0,False,16884,0.4452012000000001,0.43905139500000007,4.116209,4.561410199999999,EXTRACTED
g8262,U_g8262/ZN,19.95,92.4,False,19511,0.24496907,0.1296761,3.263231,3.50820007,EXTRACTED
g8263,U_g8263/ZN,18.81,106.4,False,6532,0.4908243,0.9104324309999998,3.263231,3.7540553,EXTRACTED
g8264,U_g8264/ZN,96.14,117.6,False,16867,0.8235559,0.6960929600000001,4.116209,4.939764899999999,EXTRACTED
g8265,U_g8265/ZN,107.16,107.8,False,16871,1.5417915999999998,0.9075391340000001,4.116209,5.658000599999999,EXTRACTED
g8266,U_g8266/ZN,91.01,106.4,False,16694,0.5636122,0.796446089,4.116209,4.679821199999999,EXTRACTED
g8267,U_g8267/ZN,90.63,102.2,False,16807,1.2361188099999998,1.4117536,4.116209,5.352327809999999,EXTRACTED
g8268,U_g8268/ZN,45.22,25.2,False,7144,0.25535800000000003,0.332234293,0.918145,1.173503,EXTRACTED
g8269,U_g8269/ZN,93.67,105.0,False,16818,2.3214659,1.6940886929999994,4.116209,6.437674899999999,EXTRACTED
g8270,U_g8270/ZN,92.53,117.6,False,16241,1.13913727,0.773611996,4.116209,5.2553462699999995,EXTRACTED
g8271,output200/Z,100.32,144.2,True,16649,0.1685002,0.00508714,0,0.1685002,EXTRACTED
g8281,U_g8281/ZN,49.59,35.0,False,13405,0.234236,0.2110656,1.119679,1.3539150000000002,EXTRACTED
g8282,U_g8282/ZN,45.22,36.4,False,14911,0.1835424,0.13318971,1.119679,1.3032214,EXTRACTED
g8283,U_g8283/ZN,42.37,42.0,False,14761,0.0735954,0.03274979,1.119679,1.1932744000000002,EXTRACTED
g8284,U_g8284/ZN,48.07,40.6,False,14008,0.1482322,0.14275782,1.119679,1.2679112000000001,EXTRACTED
g8285,U_g8285/ZN,48.07,36.4,False,15487,1.057733,1.4011305299999999,1.119679,2.1774120000000003,EXTRACTED
g8286,U_g8286/ZN,56.62,37.8,False,15061,5.1171149,2.8638545410000003,1.119679,6.2367939,EXTRACTED
g8287,U_g8287/ZN,47.88,30.8,False,15723,1.125594,1.30020942,1.119679,2.245273,EXTRACTED
g8288,U_g8288/ZN,44.27,30.8,False,15123,0.169213,0.06596134,1.119679,1.2888920000000001,EXTRACTED
g8289,U_g8289/ZN,113.05,5.6,False,0,0.0211694,0.014378929999999998,1.70023,1.7213994,EXTRACTED
g829,U_g829/Q,83.79,29.4,True,16848,3.5190434,4.724953130000001,5.975095,9.4941384,EXTRACTED
g8298,U_g8298/ZN,37.62,35.0,False,30099,1.19513,0.7301155509699999,0.918145,2.113275,EXTRACTED
g83,PORT/g83,56.655,0.07,False,0,0.344374,0.09711425999999998,0.77983,1.124204,EXTRACTED
g8300,U_g8300/ZN,29.83,36.4,False,30054,0.35764,0.5923544030000001,0.918145,1.275785,EXTRACTED
g8301,U_g8301/ZN,21.66,35.0,False,29688,0.059932,0.04334421,0.918145,0.978077,EXTRACTED
g8302,U_g8302/ZN,27.55,30.8,False,23627,0.292078,0.19754355499999998,0.918145,1.210223,EXTRACTED
g8303,U_g8303/ZN,58.52,51.8,False,782,0.8496779999999999,0.75071329,1.656515,2.5061929999999997,EXTRACTED
g8305,U_g8305/ZN,26.79,33.6,False,26556,0.862726,0.660165,0.918145,1.7808709999999999,EXTRACTED
g8307,U_g8307/ZN,19.76,35.0,False,31636,0.228504,0.31648718,0.918145,1.146649,EXTRACTED
g8308,U_g8308/ZN,37.05,32.2,False,21770,0.52736419,0.7634261699999999,0.918145,1.44550919,EXTRACTED
g8309,U_g8309/ZN,38.76,106.4,False,16680,0.07427500000000001,0.09035251000000001,0.918145,0.99242,EXTRACTED
g8313,output201/Z,33.25,144.2,False,7939,0.1781268,0.02732884,0,0.1781268,EXTRACTED
g8316,output202/Z,31.54,144.2,False,8077,0.250438,0.00926039,0,0.250438,EXTRACTED
g8318,output203/Z,22.42,144.2,False,8072,0.269718,0.02341655,0,0.269718,EXTRACTED
g8322,U_g8322/ZN,39.33,26.6,False,10056,0.59932279,1.29880654,3.263231,3.86255379,EXTRACTED
g8323,output204/Z,18.05,144.2,False,8058,0.1730656,0.034968115,0,0.1730656,EXTRACTED
g8327,U_g8327/ZN,120.46,4.2,False,0,0.6907920000000001,1.2339919099999999,0.97463,1.665422,EXTRACTED
g8328,output205/Z,19.95,141.4,False,7932,0.49077400000000004,0.220593975,0,0.49077400000000004,EXTRACTED
g833,U_g833/Q,59.66,47.6,True,16392,3.0589364,6.002818545,5.994055,9.0529914,EXTRACTED
g8331,output206/Z,22.04,137.2,False,8070,1.0383662,0.38067411000000007,0,1.0383662,EXTRACTED
g8335,output207/Z,28.88,144.2,False,8076,0.1549818,0.02430039,0,0.1549818,EXTRACTED
g8340,output208/Z,26.41,144.2,False,7936,0.07827500000000001,0.09737029999999999,0,0.07827500000000001,EXTRACTED
g8347,output209/Z,34.58,144.2,False,8074,0.209592,0.010866800000000001,0,0.209592,EXTRACTED
g8349,output210/Z,15.39,142.8,False,8055,0.1720176,0.08930247999999999,0,0.1720176,EXTRACTED
g8352,output211/Z,24.13,144.2,False,8054,0.15358839999999999,0.014309555,0,0.15358839999999999,EXTRACTED
g8364,U_g8364/ZN,23.75,86.8,False,16751,0.0392258,0.00656023,0.946814,0.9860398,EXTRACTED
g8365,U_g8365/ZN,19.76,85.4,False,16737,0.604366,0.067630515,0.946814,1.55118,EXTRACTED
g8366,U_g8366/ZN,19.76,109.2,False,9,1.5888827,1.00610453,13.375423999999999,14.964306699999998,EXTRACTED
g837,U_g837/Q,74.29,65.8,True,16577,3.5253704,5.349400667000002,5.956564,9.4819344,EXTRACTED
g8377,U_g8377/ZN,49.78,102.2,False,16604,0.8177160000000001,0.436886571,0.918145,1.735861,EXTRACTED
g8380,U_g8380/ZN,50.35,29.4,False,14650,0.358614,0.42847610999999997,0.946814,1.305428,EXTRACTED
g8382,U_g8382/ZN,37.62,99.4,False,15015,0.058441,0.19257596999999996,0.946814,1.005255,EXTRACTED
g8383,U_g8383/ZN,43.89,116.2,False,17930,0.180777,0.18819413999999998,0.918145,1.098922,EXTRACTED
g8384,U_g8384/ZN,45.79,30.8,False,13756,0.9726714000000001,0.9264806400000001,1.119679,2.0923504,EXTRACTED
g8385,U_g8385/ZN,43.32,99.4,False,15069,0.24526399999999998,0.19061395,0.946814,1.192078,EXTRACTED
g8386,U_g8386/ZN,35.53,95.2,False,15002,0.0495692,0.14636296999999998,0.946814,0.9963832,EXTRACTED
g8387,U_g8387/ZN,37.24,96.6,False,16029,0.0550296,0.08625644,0.946814,1.0018436,EXTRACTED
g8388,U_g8388/ZN,32.68,36.4,False,4126,0.0263966,0.0111258,0.941939,0.9683356,EXTRACTED
g8389,U_g8389/ZN,34.58,99.4,False,14385,0.484862,0.24553137,0.946814,1.431676,EXTRACTED
g8390,U_g8390/ZN,42.37,22.4,False,285,1.7167000099999998,1.586514794,13.375423999999999,15.09212401,EXTRACTED
g8399,U_g8399/ZN,34.39,109.2,False,14938,0.336894,0.41308217897,0.946814,1.283708,EXTRACTED
g84,PORT/g84,147.46,143.43,False,0,0.1202134,0.032876615,0.974659,1.0948724,EXTRACTED
g8400,U_g8400/ZN,43.32,102.2,False,14905,0.0428952,0.0,0.946814,0.9897092000000001,EXTRACTED
g8401,U_g8401/ZN,19.19,84.0,False,16871,0.01678782,0.0006383280000000001,0.946814,0.96360182,EXTRACTED
g8402,U_g8402/ZN,18.24,88.2,False,19695,0.1203914,0.09248936999999999,0.918145,1.0385364,EXTRACTED
g8403,U_g8403/ZN,41.04,107.8,False,15917,0.79843,0.61088133,0.946814,1.745244,EXTRACTED
g8404,U_g8404/ZN,23.75,93.8,False,16711,0.222996,0.47682220800000014,0.946814,1.16981,EXTRACTED
g8405,U_g8405/ZN,22.42,95.2,False,18928,0.0674936,0.01570222,0.918145,0.9856386,EXTRACTED
g8406,U_g8406/ZN,16.53,89.6,False,16838,0.342008,0.50795362,0.946814,1.2888220000000001,EXTRACTED
g8407,U_g8407/ZN,21.47,96.6,False,19360,0.37195,0.41307319000000003,0.918145,1.290095,EXTRACTED
g8408,U_g8408/ZN,15.39,96.6,False,16538,0.7916939999999999,0.812520287,0.946814,1.738508,EXTRACTED
g8409,U_g8409/ZN,20.33,103.6,False,18272,0.0708668,0.0460306,0.918145,0.9890118,EXTRACTED
g841,U_g841/Q,107.73,63.0,True,16303,3.61858253,2.445690435,5.975095,9.593677529999999,EXTRACTED
g8410,U_g8410/ZN,23.56,99.4,False,16822,0.35581399999999996,0.261582415,0.946814,1.302628,EXTRACTED
g8411,U_g8411/ZN,24.89,89.6,False,17265,0.14106580000000002,0.07444302,0.918145,1.0592108,EXTRACTED
g8412,U_g8412/ZN,22.04,98.0,False,21771,0.3469,0.29150265900000005,0.918145,1.265045,EXTRACTED
g8413,U_g8413/ZN,21.85,113.4,False,16612,0.38262,0.23397037499999998,0.946814,1.329434,EXTRACTED
g8414,U_g8414/ZN,14.63,92.4,False,19642,0.49404800000000004,0.66928998,0.918145,1.412193,EXTRACTED
g8415,U_g8415/ZN,19.76,107.8,False,21512,0.5858,0.5025855840000001,0.918145,1.5039449999999999,EXTRACTED
g8416,U_g8416/ZN,26.79,112.0,False,16643,0.4224,0.170378038,0.946814,1.369214,EXTRACTED
g8417,U_g8417/ZN,19.0,109.2,False,6058,0.26262014,0.012064288,3.263231,3.5258511400000003,EXTRACTED
g8428,U_g8428/ZN,39.52,99.4,False,15106,0.436518,0.47199688,1.119679,1.556197,EXTRACTED
g8429,U_g8429/ZN,43.32,95.2,False,15148,0.30039,0.09053918999999999,1.119679,1.420069,EXTRACTED
g8430,U_g8430/ZN,37.05,95.2,False,15085,0.734696,0.14009128,1.119679,1.854375,EXTRACTED
g8431,U_g8431/ZN,38.76,96.6,False,16183,0.39384,0.46799553,1.119679,1.513519,EXTRACTED
g8432,U_g8432/ZN,34.77,91.0,False,14468,0.30487400000000003,0.55866383,1.119679,1.4245530000000002,EXTRACTED
g8433,U_g8433/ZN,39.33,106.4,False,15032,0.605242,0.90400324,1.119679,1.7249210000000001,EXTRACTED
g8434,U_g8434/ZN,44.46,102.2,False,14811,0.14359480000000002,0.061404320000000005,1.119679,1.2632738000000001,EXTRACTED
g8435,U_g8435/ZN,38.0,96.6,False,16097,0.47299800000000003,1.20869956,1.119679,1.5926770000000001,EXTRACTED
g845,U_g845/Q,81.32,44.8,True,16446,4.10825393,4.332152123000001,5.994055,10.10230893,EXTRACTED
g8451,U_g8451/ZN,25.27,113.4,False,11322,0.5685404,0.537979791,3.426707,3.9952474,EXTRACTED
g8461,U_g8461/ZN,27.55,28.0,False,3149,1.351872,0.66793264,0.941939,2.293811,EXTRACTED
g8462,U_g8462/ZN,23.94,33.6,False,2932,0.930952,0.8289280899999999,0.941939,1.872891,EXTRACTED
g8463,U_g8463/ZN,21.85,33.6,False,2909,0.246352,0.23243861700000001,0.941939,1.188291,EXTRACTED
g8464,U_g8464/ZN,27.74,35.0,False,3670,0.1550164,0.15586823,0.941939,1.0969554,EXTRACTED
g8465,U_g8465/ZN,114.0,5.6,False,0,0.6971078,0.7125463859999999,3.5433519999999996,4.2404598,EXTRACTED
g8469,U_g8469/ZN,33.44,42.0,False,3056,0.6467163,0.46782395,0.941939,1.5886553,EXTRACTED
g8470,U_g8470/ZN,30.59,28.0,False,3765,1.1348289999999999,0.818543097,0.941939,2.076768,EXTRACTED
g8471,U_g8471/ZN,34.77,22.4,False,21309,0.8802776999999999,0.77115389,0.918145,1.7984227,EXTRACTED
g8474,U_g8474/ZN,44.84,117.6,False,16214,0.051046,0.01863826,0.946814,0.9978600000000001,EXTRACTED
g8488,U_g8488/ZN,42.56,26.6,False,11357,0.6850538,0.5590074800000001,3.426707,4.1117608,EXTRACTED
g849,U_g849/Q,90.25,47.6,True,16714,2.38341824,2.480610106,5.949192,8.332610240000001,EXTRACTED
g8499,U_g8499/ZN,42.18,96.6,False,11219,0.4856813,0.564612287,0.946814,1.4324953,EXTRACTED
g85,PORT/g85,116.015,147.46,False,0,0.8100759999999999,0.0,0.974659,1.784735,EXTRACTED
g8501,U_g8501/ZN,30.02,117.6,False,3,0.28994,0.08754699999999999,1.621225,1.911165,EXTRACTED
g8502,U_g8502/ZN,28.5,112.0,False,1,0.707956,0.416811838,3.180572,3.888528,EXTRACTED
g8505,U_g8505/ZN,40.09,106.4,False,13908,0.276336,0.041587025,1.119679,1.3960150000000002,EXTRACTED
g8506,U_g8506/ZN,28.31,119.0,False,2,0.09739840000000001,0.05179489,1.650377,1.7477754,EXTRACTED
g8507,U_g8507/ZN,27.93,110.6,False,3,0.0662322,0.018081354,1.70023,1.7664621999999999,EXTRACTED
g8508,U_g8508/ZN,23.94,88.2,False,1566,0.0763702,0.02387736,0.941939,1.0183092,EXTRACTED
g8509,U_g8509/ZN,25.84,114.8,False,9,0.977746,0.689451026,0.97463,1.9523760000000001,EXTRACTED
g8510,U_g8510/ZN,20.14,86.8,False,1447,0.44286800000000004,0.24921496699999998,0.941939,1.384807,EXTRACTED
g8511,U_g8511/ZN,27.74,117.6,False,2,0.1601946,0.066646853,0.97463,1.1348246,EXTRACTED
g8512,U_g8512/ZN,26.41,110.6,False,2,1.0117133,0.896215886,3.240663,4.2523763,EXTRACTED
g853,U_g853/Q,87.02,54.6,True,16714,4.167868400000001,4.139988321000001,5.958769,10.1266374,EXTRACTED
g8541,U_g8541/ZN,53.58,18.2,False,127,0.335148,0.19437634000000004,1.621225,1.956373,EXTRACTED
g8542,U_g8542/ZN,51.3,19.6,False,1,0.5111998,0.26311382699999997,3.180572,3.6917718,EXTRACTED
g8545,U_g8545/ZN,51.87,21.0,False,80,0.23233800000000002,0.48825823,1.650377,1.882715,EXTRACTED
g8546,U_g8546/ZN,47.69,19.6,False,107,0.363458,0.269698124,1.70023,2.063688,EXTRACTED
g8547,U_g8547/ZN,21.66,30.8,False,3608,0.7408129999999999,0.277490726,0.941939,1.6827519999999998,EXTRACTED
g8548,U_g8548/ZN,45.98,18.2,False,285,0.46103099999999997,0.58576014,0.97463,1.435661,EXTRACTED
g8549,U_g8549/ZN,53.2,26.6,False,76,0.4865176,0.6221307319999999,0.97463,1.4611475999999999,EXTRACTED
g8550,U_g8550/ZN,17.48,86.8,False,1345,0.25276200000000004,0.201312308,0.941939,1.194701,EXTRACTED
g8551,U_g8551/ZN,48.45,19.6,False,2,0.9950357999999999,0.9789034249999999,3.249409,4.2444448,EXTRACTED
g8552,U_g8552/ZN,33.44,36.4,False,17106,0.0696998,0.036287105,0.918145,0.9878448,EXTRACTED
g8553,U_g8553/ZN,22.99,95.2,False,1416,0.180535,0.327274952,0.941939,1.122474,EXTRACTED
g8554,U_g8554/ZN,22.61,89.6,False,1154,0.078323,0.09871135,0.941939,1.020262,EXTRACTED
g8555,U_g8555/ZN,20.33,102.2,False,1145,0.149422,0.155890886,0.941939,1.091361,EXTRACTED
g8556,U_g8556/ZN,21.28,93.8,False,1470,0.865684,0.22605833,0.941939,1.807623,EXTRACTED
g8557,U_g8557/ZN,16.91,114.8,False,1413,0.713086,0.549258345,0.941939,1.655025,EXTRACTED
g8558,U_g8558/ZN,15.01,113.4,False,21563,0.38956,0.08605958200000001,0.918145,1.307705,EXTRACTED
g8559,U_g8559/ZN,58.71,29.4,False,18948,0.369822,0.4927884540000001,1.119679,1.4895010000000002,EXTRACTED
g8561,output212/Z,104.88,141.4,False,17302,0.518958,0.15147098,0,0.518958,EXTRACTED
g8562,output213/Z,74.67,144.2,False,17818,0.16133160000000002,0.00508714,0,0.16133160000000002,EXTRACTED
g8563,output214/Z,145.73,67.2,False,20200,0.0924394,0.010676084,0,0.0924394,EXTRACTED
g8564,output215/Z,106.78,144.2,False,16685,0.1743498,0.005862864000000001,0,0.1743498,EXTRACTED
g8565,output216/Z,144.59,120.4,False,16579,0.5441480000000001,0.35775203,0,0.5441480000000001,EXTRACTED
g8566,output217/Z,98.8,144.2,False,16685,0.10173779999999999,0.120961,0,0.10173779999999999,EXTRACTED
g857,U_g857/Q,89.87,51.8,True,16718,2.88469897,2.987988474489998,5.973324,8.85802297,EXTRACTED
g8574,U_g8574/ZN,114.57,14.0,False,0,0.531218,0.036502190999999996,1.70023,2.231448,EXTRACTED
g8598,U_g8598/ZN,39.33,30.8,False,3709,0.20855400000000002,0.17587979999999998,0.941939,1.150493,EXTRACTED
g8599,U_g8599/ZN,46.36,23.8,False,107,0.5044133,0.7275970207999999,1.599032,2.1034452999999997,EXTRACTED
g86,PORT/g86,147.46,125.51,False,0,0.13605679999999998,0.18622516,0.77983,0.9158868,EXTRACTED
g8602,U_g8602/ZN,19.95,84.0,False,17220,0.535352,0.15713170999999998,0.918145,1.453497,EXTRACTED
g8603,U_g8603/ZN,41.04,12.6,False,5225,0.547178,0.088585949,1.599032,2.14621,EXTRACTED
g8605,U_g8605/ZN,19.95,95.2,False,17063,0.22169799999999998,0.51639207,0.918145,1.139843,EXTRACTED
g8607,U_g8607/ZN,24.13,89.6,False,16972,0.334238,0.07619609,0.918145,1.252383,EXTRACTED
g8609,U_g8609/ZN,22.42,103.6,False,16661,0.0387134,0.006561849999999999,0.918145,0.9568584,EXTRACTED
g861,U_g861/Q,60.61,12.6,True,16179,5.37826058,3.776494188,5.976248,11.354508580000001,EXTRACTED
g8611,U_g8611/ZN,21.66,103.6,False,17100,0.54387,0.28376572449,0.918145,1.462015,EXTRACTED
g8612,U_g8612/ZN,101.27,126.0,False,23475,0.6220452000000001,0.6505780399999999,0.918145,1.5401902,EXTRACTED
g8614,U_g8614/ZN,28.5,86.8,False,17192,0.32379,0.14822354000000001,0.918145,1.241935,EXTRACTED
g8615,U_g8615/ZN,23.37,107.8,False,17057,0.25818,0.40918618799999995,0.918145,1.176325,EXTRACTED
g8616,U_g8616/ZN,107.54,120.4,False,18505,0.3679,0.49094039,0.918145,1.286045,EXTRACTED
g8617,U_g8617/ZN,113.43,7.0,False,0,0.5921646300000001,0.37600887999999993,6.361144,6.95330863,EXTRACTED
g8623,U_g8623/ZN,124.64,102.2,False,21164,0.1778344,0.166483127,0.918145,1.0959794,EXTRACTED
g8627,U_g8627/ZN,92.91,95.2,False,18698,0.0646314,0.069073515,0.918145,0.9827764,EXTRACTED
g8628,U_g8628/ZN,90.06,107.8,False,18877,1.3803200000000002,1.8871446000000003,0.918145,2.298465,EXTRACTED
g8629,U_g8629/ZN,99.18,113.4,False,18510,0.6685238,0.6902992,0.918145,1.5866688,EXTRACTED
g8630,U_g8630/ZN,106.59,121.8,False,18581,0.19354220000000003,0.167189744,0.918145,1.1116872,EXTRACTED
g8631,U_g8631/ZN,45.6,117.6,False,19554,0.11804680000000001,0.039777922,1.119679,1.2377258000000002,EXTRACTED
g8638,U_g8638/ZN,35.91,36.4,False,19812,0.6555521,0.7382974739999998,0.918145,1.5736971,EXTRACTED
g8639,U_g8639/ZN,16.91,43.4,False,19583,0.8542757999999999,0.703805094,0.918145,1.7724208,EXTRACTED
g8641,U_g8641/ZN,20.71,36.4,False,19626,0.227438,0.106537482,0.918145,1.145583,EXTRACTED
g8642,U_g8642/ZN,116.28,5.6,False,0,0.6281569,0.7501039500000001,1.8927749999999999,2.5209319,EXTRACTED
g8643,U_g8643/ZN,24.51,86.8,False,17305,0.0355518,0.06540561,0.918145,0.9536968,EXTRACTED
g8644,U_g8644/ZN,28.69,37.8,False,17015,0.424788,0.4497234550000001,0.918145,1.342933,EXTRACTED
g8645,U_g8645/ZN,27.55,36.4,False,19771,0.211754,0.10794817500000001,0.918145,1.129899,EXTRACTED
g8646,U_g8646/ZN,17.1,37.8,False,20313,0.857576,0.23694653999999998,0.918145,1.7757209999999999,EXTRACTED
g8647,U_g8647/ZN,38.0,37.8,False,16978,0.095067,0.00139839,0.918145,1.013212,EXTRACTED
g8648,U_g8648/ZN,27.74,120.4,False,9180,0.0515084,0.061583969999999995,1.650377,1.7018853999999999,EXTRACTED
g8649,U_g8649/ZN,36.86,100.8,False,16760,5.4585757699999995,0.8194783699999999,1.119679,6.578254769999999,EXTRACTED
g865,U_g865/Q,83.79,18.2,True,16838,4.640812799999999,5.062136969999998,4.319254,8.9600668,EXTRACTED
g8651,U_g8651/ZN,105.83,112.0,False,5622,0.36074399999999995,0.45894768799999996,0.941939,1.302683,EXTRACTED
g8652,U_g8652/ZN,97.09,116.2,False,5691,0.208072,0.27343347900000003,0.941939,1.150011,EXTRACTED
g8653,U_g8653/ZN,110.01,99.4,False,5663,1.0568279999999999,1.033784646,0.941939,1.998767,EXTRACTED
g8654,U_g8654/ZN,88.35,107.8,False,5433,0.0617504,0.150702544,0.941939,1.0036894,EXTRACTED
g8655,U_g8655/ZN,88.73,105.0,False,5733,0.1630454,0.18165377100000002,0.941939,1.1049844,EXTRACTED
g8659,U_g8659/ZN,128.25,100.8,False,5528,0.5838300000000001,0.24750087999999998,0.941939,1.525769,EXTRACTED
g8663,U_g8663/ZN,84.36,120.4,False,5219,0.986084,0.46521009799999996,0.941939,1.928023,EXTRACTED
g868,U_g868/Q,35.53,91.0,True,16612,1.109569,1.126170394,1.860733,2.970302,EXTRACTED
g8683,U_g8683/ZN,59.47,22.4,False,9091,1.13624546,0.3215936,1.664199,2.80044446,EXTRACTED
g8687,U_g8687/ZN,20.33,112.0,False,1219,0.0654306,0.08287475,0.941939,1.0073696,EXTRACTED
g8688,U_g8688/ZN,27.55,110.6,False,3,2.0041206000000003,1.7467080390000003,7.430785,9.4349056,EXTRACTED
g869,U_g869/Q,57.19,86.8,True,16629,4.66381975,2.055871568,2.7788779999999997,7.44269775,EXTRACTED
g8693,U_g8693/ZN,31.16,105.0,False,5626,0.356124,0.31297354,0.941939,1.298063,EXTRACTED
g8696,U_g8696/ZN,41.23,30.8,False,11357,2.7005081200000003,2.0416206579999994,8.77167,11.47217812,EXTRACTED
g87,PORT/g87,147.46,124.39,False,0,0.1819908,0.05927192,0.77983,0.9618208,EXTRACTED
g8700,U_g8700/ZN,118.75,9.8,False,0,2.6250659,1.7054540459699996,9.827475,12.452540899999999,EXTRACTED
g8705,U_g8705/ZN,30.59,96.6,False,16797,0.1621388,0.09268821000000001,0.918145,1.0802838,EXTRACTED
g8709,U_g8709/ZN,22.61,109.2,False,11322,2.5536174,1.8181444870000003,8.77167,11.3252874,EXTRACTED
g8715,U_g8715/ZN,21.85,112.0,False,16800,0.1244198,0.11339714,0.918145,1.0425648,EXTRACTED
g8718,U_g8718/ZN,36.67,138.6,False,7939,0.140466,0.49000259999999995,0.941939,1.082405,EXTRACTED
g872,PORT/g872,77.375,147.46,False,0,0.21757800000000002,0.092043472,0.974659,1.192237,EXTRACTED
g8720,U_g8720/ZN,29.45,134.4,False,8077,0.5677696999999999,0.51862034,0.941939,1.5097087,EXTRACTED
g8722,U_g8722/ZN,18.43,141.4,False,8072,0.0781196,0.17735095,0.941939,1.0200586,EXTRACTED
g8724,U_g8724/ZN,19.19,135.8,False,8058,0.43782443000000004,0.737261446,0.941939,1.3797634300000001,EXTRACTED
g8726,U_g8726/ZN,22.42,138.6,False,7932,0.0546988,0.02700935,0.941939,0.9966378,EXTRACTED
g8728,U_g8728/ZN,32.87,133.0,False,8070,0.7541739999999999,0.6337488120000001,0.941939,1.696113,EXTRACTED
g873,PORT/g873,147.46,116.55,False,0,0.311116,0.032618403000000004,0.974659,1.2857750000000001,EXTRACTED
g8730,U_g8730/ZN,37.43,138.6,False,8076,0.45358,0.46510017000000003,0.941939,1.395519,EXTRACTED
g8731,U_g8731/ZN,26.79,141.4,False,7936,0.42187399999999997,0.22619655,0.941939,1.363813,EXTRACTED
g8732,U_g8732/ZN,30.02,144.2,False,8074,0.283066,0.60534901,0.941939,1.225005,EXTRACTED
g8733,U_g8733/ZN,15.58,138.6,False,8055,0.0538646,0.0026128619999999997,0.941939,0.9958036,EXTRACTED
g8734,U_g8734/ZN,25.46,135.8,False,8054,0.7455881,0.07829016,0.941939,1.6875271,EXTRACTED
g8737,U_g8737/ZN,29.64,120.4,False,1,0.1185002,0.054622529,1.621225,1.7397251999999999,EXTRACTED
g8738,U_g8738/ZN,33.82,113.4,False,3,0.6174192000000001,1.18307399,1.621225,2.2386442,EXTRACTED
g874,U_g874/Q,34.77,82.6,True,16825,0.9068936400000001,0.47793216799999994,2.038473,2.9453666400000005,EXTRACTED
g8742,U_g8742/ZN,39.71,35.0,False,16627,0.01823448,0.0,0.918145,0.93637948,EXTRACTED
g8743,U_g8743/ZN,113.81,4.2,False,0,0.836383,0.4800031567,1.70023,2.536613,EXTRACTED
g8744,U_g8744/ZN,111.15,7.0,False,0,0.43368999999999996,0.17249725,1.70023,2.13392,EXTRACTED
g8745,U_g8745/ZN,110.39,5.6,False,0,0.464614,0.5727975449999999,1.70023,2.164844,EXTRACTED
g8746,U_g8746/ZN,112.48,8.4,False,0,0.1136076,0.04210513,1.70023,1.8138375999999998,EXTRACTED
g8748,U_g8748/ZN,49.4,29.4,False,120,2.8370811,1.329518617,8.477451,11.314532100000001,EXTRACTED
g875,U_g875/Q,46.36,86.8,True,16626,0.9848574999999999,0.7010348709999998,2.038473,3.0233305,EXTRACTED
g8757,U_g8757/ZN,52.25,19.6,False,107,0.256242,0.12172399999999998,1.621225,1.877467,EXTRACTED
g876,U_g876/Q,83.41,15.4,True,16859,1.3056238,1.2668159330000002,2.619024,3.9246478,EXTRACTED
g8763,U_g8763/ZN,27.36,113.4,False,2,2.8120557,2.22925314,8.477451,11.2895067,EXTRACTED
g8765,U_g8765/ZN,108.3,123.2,False,16838,0.5391779999999999,0.36232536000000004,1.119679,1.658857,EXTRACTED
g8766,U_g8766/ZN,113.81,126.0,False,21668,0.13334,0.10017964,1.119679,1.253019,EXTRACTED
g8767,U_g8767/ZN,105.26,114.8,False,16879,0.163599,0.3458753,1.119679,1.2832780000000001,EXTRACTED
g8768,U_g8768/ZN,127.3,100.8,False,19272,0.867295,0.43075544600000004,1.119679,1.986974,EXTRACTED
g8769,U_g8769/ZN,89.87,114.8,False,16733,0.32851,0.160952041,1.119679,1.4481890000000002,EXTRACTED
g877,PORT/g877,147.46,42.63,False,0,0.3609,0.09950070999999999,0.974659,1.335559,EXTRACTED
g8770,U_g8770/ZN,113.05,112.0,False,16786,0.280986,0.245156824,1.119679,1.400665,EXTRACTED
g8771,U_g8771/ZN,101.08,116.2,False,17007,1.274666,0.77766262,1.119679,2.3943450000000004,EXTRACTED
g8772,U_g8772/ZN,93.29,93.8,False,17001,0.0338882,0.0401918,1.119679,1.1535672000000001,EXTRACTED
g8773,U_g8773/ZN,121.98,105.0,False,17702,0.104467,0.0273686,1.119679,1.2241460000000002,EXTRACTED
g8774,U_g8774/ZN,87.59,107.8,False,16623,0.06949860000000001,0.01385612,1.119679,1.1891776,EXTRACTED
g8775,U_g8775/ZN,91.01,127.4,False,17263,0.49045130000000003,1.0427118700000002,1.119679,1.6101303000000002,EXTRACTED
g8776,U_g8776/ZN,89.87,102.2,False,17539,0.1520192,0.0930039,1.119679,1.2716982000000001,EXTRACTED
g8777,U_g8777/ZN,135.66,103.6,False,16522,0.282422,0.02323712,1.119679,1.402101,EXTRACTED
g8778,U_g8778/ZN,26.6,103.6,False,1,0.45838175000000003,0.51139609,0.946814,1.40519575,EXTRACTED
g8779,U_g8779/ZN,91.96,127.4,False,16670,0.144833,0.053802470000000005,1.119679,1.264512,EXTRACTED
g878,U_g878/Q,76.19,9.8,True,16875,2.8624375000000004,2.441102315,5.402902,8.2653395,EXTRACTED
g8783,U_g8783/ZN,112.1,9.8,False,0,0.184146,0.13350869,0.964824,1.14897,EXTRACTED
g8786,U_g8786/ZN,43.13,42.0,False,7662,0.46072399999999997,0.31192093,0.946814,1.407538,EXTRACTED
g8789,U_g8789/ZN,27.93,37.8,False,7654,0.1984574,0.023032789999999997,0.946814,1.1452714,EXTRACTED
g8791,U_g8791/ZN,23.94,35.0,False,7340,0.1711674,0.0283909,0.946814,1.1179814000000001,EXTRACTED
g8793,U_g8793/ZN,24.7,33.6,False,15080,0.7517280000000001,0.297846399,0.946814,1.6985420000000002,EXTRACTED
g8796,U_g8796/ZN,28.31,39.2,False,7674,0.0770916,0.010163450000000001,0.946814,1.0239056,EXTRACTED
g8799,U_g8799/ZN,38.76,39.2,False,14884,0.56576968,0.45432115000000006,0.946814,1.51258368,EXTRACTED
g88,PORT/g88,71.215,147.46,False,0,0.1397974,0.05017846000000001,0.77983,0.9196274,EXTRACTED
g8801,U_g8801/ZN,40.47,35.0,False,15076,0.1357882,0.015999611,0.946814,1.0826022,EXTRACTED
g8806,U_g8806/ZN,41.04,138.6,False,16594,0.38369400000000004,0.3770659599999999,1.70023,2.083924,EXTRACTED
g881,PORT/g881,147.46,44.87,False,0,0.337142,0.08202793999999998,0.77983,1.116972,EXTRACTED
g8810,U_g8810/ZN,33.44,141.4,False,16825,0.6927180000000001,0.6286773020000002,1.70023,2.392948,EXTRACTED
g8811,U_g8811/ZN,20.71,141.4,False,16819,0.0712984,0.036203900000000004,1.70023,1.7715284,EXTRACTED
g8812,U_g8812/ZN,25.46,133.0,False,16788,0.648623,0.6157848199999999,1.70023,2.348853,EXTRACTED
g8813,U_g8813/ZN,23.18,138.6,False,16567,0.565292,0.44369843600000003,1.70023,2.265522,EXTRACTED
g8814,U_g8814/ZN,37.62,141.4,False,16813,0.624706,0.44247797,1.70023,2.324936,EXTRACTED
g8815,U_g8815/ZN,35.53,131.6,False,16840,0.8062879999999999,0.22875245000000002,1.70023,2.506518,EXTRACTED
g8816,U_g8816/ZN,27.93,135.8,False,16576,0.5301760000000001,0.27147856,1.70023,2.230406,EXTRACTED
g8817,U_g8817/ZN,38.0,144.2,False,16834,0.34838399999999997,0.547402,1.70023,2.0486139999999997,EXTRACTED
g8818,U_g8818/ZN,16.34,138.6,False,16783,0.411716,0.78122222949,1.70023,2.111946,EXTRACTED
g8819,U_g8819/ZN,28.12,127.4,False,16767,1.4108923,0.293202155,1.70023,3.1111223,EXTRACTED
g882,U_g882/Q,81.32,33.6,True,16854,0.539093,0.340512991,2.619024,3.158117,EXTRACTED
g8820,U_g8820/ZN,33.25,96.6,False,15976,0.0756282,0.04812369999999999,1.119679,1.1953072,EXTRACTED
g8821,U_g8821/ZN,25.65,86.8,False,15878,0.12729700000000002,0.039549088,0.946814,1.074111,EXTRACTED
g8822,U_g8822/ZN,24.7,88.2,False,15648,0.36791999999999997,0.029609800000000002,0.946814,1.314734,EXTRACTED
g8823,U_g8823/ZN,30.78,109.2,False,5625,0.438274,0.30548309100000004,1.599032,2.037306,EXTRACTED
g8824,U_g8824/ZN,30.78,121.8,False,6,2.2161995,0.562407287,3.198064,5.414263500000001,EXTRACTED
g8825,U_g8825/ZN,29.64,119.0,False,6,1.01289,0.759252697,3.198064,4.210954,EXTRACTED
g8826,U_g8826/ZN,28.88,120.4,False,9183,0.2548941,0.21749635,3.198064,3.4529581,EXTRACTED
g8827,U_g8827/ZN,33.82,37.8,False,15303,0.0993298,0.01919303,0.946814,1.0461438,EXTRACTED
g8828,U_g8828/ZN,105.45,8.4,False,0,1.6246944600000002,1.923325447,7.718592,9.34328646,EXTRACTED
g883,U_g883/Q,67.45,21.0,True,16345,3.26798981,2.342353803000001,5.402902,8.67089181,EXTRACTED
g8837,U_g8837/ZN,23.56,46.2,False,8148,0.39900599999999997,0.07623658,0.946814,1.34582,EXTRACTED
g8838,U_g8838/ZN,28.88,82.6,False,15273,0.462546,0.09438488999999999,0.946814,1.40936,EXTRACTED
g8839,U_g8839/ZN,44.65,18.2,False,1102,0.7214420000000001,0.691978585,1.664199,2.385641,EXTRACTED
g8840,U_g8840/ZN,55.67,22.4,False,130,1.01931346,1.2905485659999998,3.198064,4.21737746,EXTRACTED
g8841,U_g8841/ZN,25.08,95.2,False,14726,0.1613442,0.2277931,0.946814,1.1081582,EXTRACTED
g8842,U_g8842/ZN,25.08,85.4,False,15392,0.069382,0.02165311,0.946814,1.016196,EXTRACTED
g8843,U_g8843/ZN,55.86,18.2,False,188,0.96949378,1.01322545,3.198064,4.16755778,EXTRACTED
g8844,U_g8844/ZN,23.56,103.6,False,14502,0.01742614,0.0,0.946814,0.96424014,EXTRACTED
g8845,U_g8845/ZN,25.46,98.0,False,14816,0.1733402,0.154549822,0.946814,1.1201542,EXTRACTED
g8846,U_g8846/ZN,29.83,107.8,False,16145,1.0403419999999999,1.053489466,0.946814,1.987156,EXTRACTED
g8847,U_g8847/ZN,47.12,25.2,False,9091,1.678252,1.7659604519999998,3.198064,4.876316,EXTRACTED
g8848,U_g8848/ZN,23.18,112.0,False,16077,0.228174,0.10656835999999997,0.946814,1.174988,EXTRACTED
g8849,U_g8849/ZN,104.31,7.0,False,0,2.0475925,2.4033763076,7.718592,9.7661845,EXTRACTED
g8858,U_g8858/ZN,109.63,9.8,False,0,1.3910760000000002,1.443963065,8.683416,10.074492,EXTRACTED
g886,PORT/g886,87.455,0.07,False,0,0.1565938,0.08966871,0.974659,1.1312528,EXTRACTED
g8875,U_g8875/ZN,106.02,11.2,False,0,0.21575000000000003,0.37122977199999996,0.97463,1.19038,EXTRACTED
g8876,U_g8876/ZN,108.11,14.0,False,0,0.539388,0.2881651479999999,0.918145,1.457533,EXTRACTED
g8877,U_g8877/ZN,104.69,18.2,False,0,0.331026,0.369105515,0.918145,1.249171,EXTRACTED
g8878,U_g8878/ZN,99.37,14.0,False,0,0.154163,0.23926973,1.656515,1.810678,EXTRACTED
g8879,U_g8879/ZN,103.55,12.6,False,0,0.106516,0.17932989,0.918145,1.024661,EXTRACTED
g8880,U_g8880/ZN,32.68,126.0,False,16829,0.533952,0.36784979000000007,0.918145,1.452097,EXTRACTED
g8881,U_g8881/ZN,36.1,107.8,False,16804,1.0162579999999999,0.509551835,0.918145,1.9344029999999999,EXTRACTED
g8882,U_g8882/ZN,32.11,121.8,False,20173,0.408674,0.604099469,0.918145,1.326819,EXTRACTED
g8883,U_g8883/ZN,22.8,84.0,False,15273,0.1918194,0.38336000000000003,1.119679,1.3114984,EXTRACTED
g8885,U_g8885/ZN,27.93,93.8,False,14726,0.1975942,0.6887320359999999,1.119679,1.3172732,EXTRACTED
g8887,U_g8887/ZN,26.22,85.4,False,15390,0.25247600000000003,0.025732650000000003,1.119679,1.3721550000000002,EXTRACTED
g8889,U_g8889/ZN,24.32,103.6,False,14504,0.37845,0.21551128,1.119679,1.498129,EXTRACTED
g889,PORT/g889,81.855,0.07,False,0,0.261278,0.17832278000000001,0.974659,1.235937,EXTRACTED
g89,PORT/g89,79.615,147.46,False,0,0.322882,0.009908606,0.77983,1.102712,EXTRACTED
g892,PORT/g892,82.415,0.07,False,0,0.1923766,0.04585506,0.974659,1.1670356000000002,EXTRACTED
g8920,U_g8920/ZN,26.79,95.2,False,14816,0.6397754,0.7912460499999999,1.119679,1.7594544,EXTRACTED
g8921,U_g8921/ZN,34.01,39.2,False,15367,0.0549546,0.006101374999999999,1.119679,1.1746336000000002,EXTRACTED
g8922,U_g8922/ZN,28.31,91.0,False,15648,0.9683884,0.6058618899999999,1.119679,2.0880674,EXTRACTED
g8923,U_g8923/ZN,19.95,114.8,False,16145,0.8701369999999999,1.53219779,1.119679,1.989816,EXTRACTED
g8926,U_g8926/ZN,24.32,113.4,False,16077,0.203256,0.34972286897000004,1.119679,1.3229350000000002,EXTRACTED
g8927,U_g8927/ZN,124.83,1.4,False,0,0.4221918,0.846670023,0.946814,1.3690058,EXTRACTED
g8929,U_g8929/ZN,101.08,5.6,False,0,0.23985,0.231446567,3.536501,3.776351,EXTRACTED
g8930,U_g8930/ZN,93.48,5.6,False,0,0.55192,0.195642105,3.536501,4.088421,EXTRACTED
g8931,U_g8931/ZN,119.7,5.6,False,0,0.095466,0.08875249000000002,0.946814,1.04228,EXTRACTED
g8932,U_g8932/ZN,66.31,16.8,False,16435,0.502444,0.50156731,0.918145,1.420589,EXTRACTED
g8933,U_g8933/ZN,50.54,12.6,False,16097,0.38364200000000004,0.11286019999999998,0.918145,1.301787,EXTRACTED
g8934,U_g8934/ZN,54.72,30.8,False,17920,1.038214,1.542195148,0.918145,1.956359,EXTRACTED
g8935,U_g8935/ZN,110.01,12.6,False,0,0.6059983,0.430628458,3.195354,3.8013523,EXTRACTED
g8936,U_g8936/ZN,101.46,21.0,False,0,0.515178,0.6293847999999999,3.195354,3.710532,EXTRACTED
g8937,U_g8937/ZN,36.29,40.6,False,7780,0.604022,0.15942201999999997,1.119679,1.7237010000000001,EXTRACTED
g8938,U_g8938/ZN,28.31,40.6,False,7774,0.372254,0.108387746,1.119679,1.491933,EXTRACTED
g8939,U_g8939/ZN,24.7,37.8,False,7452,0.0691846,0.00188334,1.119679,1.1888636000000001,EXTRACTED
g8940,U_g8940/ZN,29.83,40.6,False,15122,0.625203,0.64814435,1.119679,1.744882,EXTRACTED
g8941,U_g8941/ZN,29.07,40.6,False,7784,0.1079328,0.0724904,1.119679,1.2276118,EXTRACTED
g8942,U_g8942/ZN,25.46,112.0,False,339,0.5716381,0.891043326,1.664199,2.2358371,EXTRACTED
g8943,U_g8943/ZN,24.89,40.6,False,8246,0.10153340000000001,0.01781255,1.119679,1.2212124000000002,EXTRACTED
g8944,U_g8944/ZN,45.79,42.0,False,14942,0.298848,0.419235749,1.119679,1.418527,EXTRACTED
g8945,U_g8945/ZN,41.99,36.4,False,15136,0.0771564,0.10179536,1.119679,1.1968354,EXTRACTED
g8947,U_g8947/ZN,102.22,8.4,False,0,0.574376,0.777548609,0.97463,1.5490059999999999,EXTRACTED
g8949,U_g8949/ZN,104.69,9.8,False,0,0.213726,0.3345132,0.97463,1.188356,EXTRACTED
g895,PORT/g895,79.615,0.07,False,0,0.1925432,0.019288592,0.974659,1.1672022,EXTRACTED
g8955,U_g8955/ZN,101.27,8.4,False,0,0.20547600000000002,0.15479374,3.536501,3.741977,EXTRACTED
g8957,U_g8957/ZN,102.41,5.6,False,0,0.200792,0.40447612299999997,3.536501,3.7372929999999998,EXTRACTED
g8960,U_g8960/ZN,102.6,15.4,False,0,0.442686,0.86607743,1.726477,2.169163,EXTRACTED
g8962,U_g8962/ZN,100.7,11.2,False,0,0.1767466,0.19043503,3.536501,3.7132476,EXTRACTED
g8963,U_g8963/ZN,100.89,15.4,False,0,0.493452,0.26222487699999997,0.97463,1.4680819999999999,EXTRACTED
g8964,U_g8964/ZN,101.65,12.6,False,0,0.5649101000000001,0.52882631,0.97463,1.5395401,EXTRACTED
g8965,U_g8965/ZN,110.58,11.2,False,0,0.389806,0.22704316,3.195354,3.58516,EXTRACTED
g8966,U_g8966/ZN,111.15,19.6,False,0,0.46616399999999997,0.536938708,3.195354,3.661518,EXTRACTED
g8967,U_g8967/ZN,111.53,11.2,False,0,0.20642999999999997,0.09018135000000001,3.195354,3.401784,EXTRACTED
g8968,U_g8968/ZN,109.63,11.2,False,0,0.150975,0.27381173999999997,3.195354,3.346329,EXTRACTED
g8970,U_g8970/ZN,51.49,25.2,False,6001,0.9560694000000001,0.37502346000000003,3.198064,4.1541334,EXTRACTED
g8971,U_g8971/ZN,104.5,12.6,False,0,0.885231,0.953057503,0.918145,1.803376,EXTRACTED
g8972,U_g8972/ZN,100.32,12.6,False,0,0.364554,0.22719783999999998,0.918145,1.282699,EXTRACTED
g8973,U_g8973/ZN,27.17,85.4,False,15878,0.7131025,0.18674368999999996,1.119679,1.8327815,EXTRACTED
g8974,U_g8974/ZN,105.07,11.2,False,0,0.19103499999999998,0.26419645999999997,3.195354,3.386389,EXTRACTED
g8975,U_g8975/ZN,102.6,12.6,False,0,0.239812,0.29654414999999995,0.918145,1.157957,EXTRACTED
g8976,output218/Z,33.82,144.2,False,16834,0.1964988,0.0331085,0,0.1964988,EXTRACTED
g8977,output219/Z,30.97,144.2,False,16594,0.23053,0.12013618999999999,0,0.23053,EXTRACTED
g8978,output220/Z,29.45,144.2,False,16825,0.233482,0.03612655,0,0.233482,EXTRACTED
g8979,output221/Z,21.66,144.2,False,16819,0.167879,0.05921336000000001,0,0.167879,EXTRACTED
g898,PORT/g898,90.815,0.07,False,0,0.598807,1.1695845370000002,0.974659,1.573466,EXTRACTED
g8980,output222/Z,15.01,144.2,False,16788,0.447774,0.03825154,0,0.447774,EXTRACTED
g8981,output223/Z,24.7,144.2,False,16567,0.1867908,0.00819002,0,0.1867908,EXTRACTED
g8982,output224/Z,37.24,135.8,False,16813,1.1757400000000002,0.21027947,0,1.1757400000000002,EXTRACTED
g8983,output225/Z,31.54,141.4,False,16840,0.278254,0.03556665,0,0.278254,EXTRACTED
g8984,output226/Z,27.36,144.2,False,16576,0.08578440000000001,0.12478174,0,0.08578440000000001,EXTRACTED
g8985,output227/Z,14.06,142.8,False,16783,0.26677599999999996,0.23183261500000002,0,0.26677599999999996,EXTRACTED
g8986,output228/Z,30.97,137.2,False,16767,0.874608,0.27969296,0,0.874608,EXTRACTED
g8994,U_g8994/ZN,110.96,12.6,False,0,0.09996980000000001,0.07369934,3.195354,3.2953238000000002,EXTRACTED
g8995,U_g8995/ZN,102.6,1.4,False,0,2.3223875,2.1198383356,6.754945,9.0773325,EXTRACTED
g9,U_g9/Q,56.05,40.6,True,16426,2.7697553999999998,3.02022655,2.7788779999999997,5.5486334,EXTRACTED
g90,PORT/g90,72.895,147.46,False,0,0.1313724,0.09435464,0.77983,0.9112024000000001,EXTRACTED
g901,PORT/g901,80.735,0.07,False,0,0.240704,0.02218011,0.974659,1.215363,EXTRACTED
g9010,U_g9010/ZN,101.46,2.8,False,0,2.54996139,3.4847215810000005,8.313373,10.86333439,EXTRACTED
g9030,U_g9030/ZN,116.66,16.8,False,0,3.70850705,3.4611900620000013,14.602262,18.31076905,EXTRACTED
g904,PORT/g904,82.975,0.07,False,0,0.1692792,0.136503206,0.974659,1.1439382,EXTRACTED
g9052,U_g9052/ZN,108.87,16.8,False,0,3.7633888100000004,4.141229931000002,19.117099,22.880487809999998,EXTRACTED
g907,PORT/g907,75.695,0.07,False,0,0.19630219999999998,0.03726476,0.974659,1.1709612,EXTRACTED
g9082,U_g9082/ZN,125.21,28.0,False,0,0.8636781,1.2738025760000002,6.57338,7.4370581,EXTRACTED
g9088,U_g9088/ZN,118.94,5.6,False,0,1.19876474,1.446403472,2.618375,3.81713974,EXTRACTED
g9097,U_g9097/ZN,122.55,14.0,False,0,2.0308424,1.9849101589999998,7.417246,9.4480884,EXTRACTED
g91,PORT/g91,78.495,147.46,False,0,0.231018,0.09098679200000001,0.77983,1.010848,EXTRACTED
g910,PORT/g910,89.695,0.07,False,0,0.30562,0.16107056000000003,0.974659,1.2802790000000002,EXTRACTED
g9107,U_g9107/ZN,48.64,15.4,False,16383,0.588222,0.08037910000000001,0.918145,1.506367,EXTRACTED
g9110,U_g9110/ZN,33.25,117.6,False,14002,0.9678800000000001,0.297365211,1.119679,2.087559,EXTRACTED
g9111,U_g9111/ZN,116.09,12.6,False,0,2.7344163999999997,3.245503197000002,13.380101,16.1145174,EXTRACTED
g9124,U_g9124/ZN,34.39,92.4,False,13970,0.1285634,0.06333528199999999,1.119679,1.2482424,EXTRACTED
g9125,U_g9125/ZN,114.38,12.6,False,0,5.8317342,4.171976344999997,28.225616,34.0573502,EXTRACTED
g913,PORT/g913,92.495,0.07,False,0,0.24448,0.14482613,0.974659,1.219139,EXTRACTED
g9150,U_g9150/ZN,28.88,127.4,False,17338,0.41953599999999996,0.3286206900000001,1.119679,1.539215,EXTRACTED
g9151,U_g9151/ZN,112.86,14.0,False,0,4.137434119999999,3.277643627000001,23.858961,27.99639512,EXTRACTED
g916,PORT/g916,86.335,0.07,False,0,0.64619,0.367093443,0.974659,1.6208490000000002,EXTRACTED
g9173,U_g9173/ZN,112.67,12.6,False,0,5.30339994,3.9840731700000016,20.453171,25.756570940000003,EXTRACTED
g919,PORT/g919,91.935,0.07,False,0,0.0842932,0.14267963,0.974659,1.0589522,EXTRACTED
g9192,U_g9192/ZN,98.42,8.4,False,0,1.5028506099999999,0.9976244000000003,4.734321,6.237171609999999,EXTRACTED
g92,PORT/g92,62.815,147.46,False,0,0.20009,0.1532835,0.77983,0.97992,EXTRACTED
g9204,U_g9204/ZN,35.72,110.6,False,2015,0.40222979999999997,0.39561116499999993,3.198064,3.6002938,EXTRACTED
g9205,U_g9205/ZN,98.42,5.6,False,0,2.5298261,2.0444394959999994,10.624038,13.1538641,EXTRACTED
g922,PORT/g922,90.255,0.07,False,0,0.21356,0.18301525999999999,0.974659,1.1882190000000001,EXTRACTED
g9223,U_g9223/ZN,99.37,9.8,False,0,2.1070404000000003,1.7980506429999994,11.036297,13.1433374,EXTRACTED
g9240,U_g9240/ZN,98.23,11.2,False,0,1.60599016,1.3865368634999997,10.142854,11.748844159999999,EXTRACTED
g925,PORT/g925,85.215,0.07,False,0,0.42027,0.38496466800000007,0.974659,1.394929,EXTRACTED
g9256,U_g9256/ZN,103.93,9.8,False,0,2.61043199,2.0481544619999994,1.70023,4.31066199,EXTRACTED
g9257,U_g9257/ZN,110.58,15.4,False,0,9.087927099999998,4.394277997,1.70023,10.788157099999998,EXTRACTED
g9266,U_g9266/ZN,63.27,23.8,False,13702,0.886398,0.627832996,1.119679,2.0060770000000003,EXTRACTED
g9268,U_g9268/ZN,109.82,14.0,False,0,4.0762179,1.04493903397,1.70023,5.776447899999999,EXTRACTED
g9269,U_g9269/ZN,53.58,15.4,False,13502,0.360182,0.05729127999999999,1.119679,1.479861,EXTRACTED
g9271,U_g9271/ZN,100.32,9.8,False,0,6.3094838,3.2591912900000004,1.70023,8.0097138,EXTRACTED
g9272,U_g9272/ZN,47.69,42.0,False,15200,0.807636,0.123294545,1.119679,1.9273150000000001,EXTRACTED
g9274,U_g9274/ZN,106.02,15.4,False,0,2.4746689,2.4269966565,12.629359000000001,15.104027900000002,EXTRACTED
g928,U_g928/Q,83.22,19.6,True,16814,1.84183527,2.4645211049999998,3.729714,5.57154927,EXTRACTED
g9291,U_g9291/ZN,124.45,26.6,False,0,1.5454384700000001,1.8519293919999995,8.359185,9.90462347,EXTRACTED
g9292,U_g9292/ZN,97.85,15.4,False,0,2.39227138,2.2355765819999998,12.54232,14.93459138,EXTRACTED
g93,PORT/g93,67.295,147.46,False,0,0.17394500000000002,0.02253262,0.77983,0.953775,EXTRACTED
g9313,U_g9313/ZN,109.44,22.4,False,0,1.04775771,1.1839252869999999,2.642169,3.68992671,EXTRACTED
g9316,U_g9316/ZN,99.37,18.2,False,0,0.7020962,0.6756390910000001,0.946814,1.6489102,EXTRACTED
g9317,U_g9317/ZN,101.65,11.2,False,0,5.002339800000001,4.488211896999999,7.983855,12.9861948,EXTRACTED
g932,U_g932/Q,73.53,42.0,True,16811,3.8498457,2.0577157089999996,3.673229,7.5230747000000004,EXTRACTED
g9324,U_g9324/ZN,102.98,14.0,False,0,0.6809835,0.6701377210000001,8.83727,9.5182535,EXTRACTED
g9328,U_g9328/ZN,110.96,21.0,False,0,1.0312763,1.481532895,2.595186,3.6264623,EXTRACTED
g9331,U_g9331/ZN,97.09,15.4,False,0,0.7098814,0.486597609,8.875497,9.5853784,EXTRACTED
g9335,U_g9335/ZN,99.94,11.2,False,0,0.6206536,0.32249494399999995,2.669961,3.2906145999999996,EXTRACTED
g9357,U_g9357/ZN,91.2,18.2,False,250,0.773585,0.71266823,0.940092,1.7136770000000001,EXTRACTED
g9358,U_g9358/ZN,128.63,22.4,False,236,0.254612,0.0132323,0.959052,1.213664,EXTRACTED
g9359,U_g9359/ZN,117.8,18.2,False,376,0.27009799999999995,0.2817189,0.923766,1.193864,EXTRACTED
g936,U_g936/Q,77.33,28.0,True,16779,1.4061511999999998,1.056144046,3.673229,5.0793802,EXTRACTED
g9363,U_g9363/ZN,97.47,9.8,False,0,0.0651852,0.046895757999999996,0.914189,0.9793742000000001,EXTRACTED
g9364,U_g9364/ZN,94.05,18.2,False,272,0.308842,0.6418192580000001,0.940092,1.248934,EXTRACTED
g9365,U_g9365/ZN,126.16,33.6,False,248,0.29467000000000004,0.6411084,0.959052,1.253722,EXTRACTED
g9366,U_g9366/ZN,125.4,33.6,False,372,0.1433098,0.13981816,0.940092,1.0834018,EXTRACTED
g9367,U_g9367/ZN,102.22,18.2,False,0,1.6749786199999999,1.6060774850000004,11.099730000000001,12.77470862,EXTRACTED
g9384,U_g9384/ZN,89.11,18.2,False,232,0.49280799999999997,0.35175954200000004,0.923766,1.416574,EXTRACTED
g9385,U_g9385/ZN,129.39,33.6,False,248,0.542797,0.651910979,0.959052,1.501849,EXTRACTED
g9386,U_g9386/ZN,122.55,21.0,False,242,0.208746,0.21621833000000001,0.940092,1.148838,EXTRACTED
g9387,U_g9387/ZN,88.73,19.6,False,0,1.5946086000000002,1.6630208719999995,3.678872,5.2734806,EXTRACTED
g9388,U_g9388/ZN,92.72,8.4,False,0,0.281776,0.09225551499999998,0.923766,1.205542,EXTRACTED
g9389,U_g9389/ZN,128.82,19.6,False,240,0.1036936,0.018874159999999997,0.940092,1.0437856,EXTRACTED
g9390,U_g9390/ZN,115.14,15.4,False,244,0.13462120000000002,0.084543644,0.938321,1.0729422,EXTRACTED
g9391,U_g9391/ZN,93.86,11.2,False,0,0.7576894,0.6200491699999999,3.695064,4.4527534,EXTRACTED
g9392,U_g9392/ZN,102.41,11.2,False,0,2.2743048999999997,2.8062082450000005,11.225982,13.500286899999999,EXTRACTED
g94,PORT/g94,63.935,147.46,False,0,0.22314599999999998,0.011017495,0.77983,1.002976,EXTRACTED
g940,U_g940/Q,75.24,23.8,True,16757,1.7313115000000001,1.8407311569999998,3.673229,5.4045405,EXTRACTED
g9409,U_g9409/ZN,108.68,35.0,False,248,0.01742614,0.0,0.959052,0.97647814,EXTRACTED
g9411,U_g9411/ZN,108.87,37.8,False,248,0.8185605,0.82836595,0.959052,1.7776125,EXTRACTED
g9412,U_g9412/ZN,113.24,39.2,False,246,0.470542,0.5148252090000001,0.959052,1.429594,EXTRACTED
g9413,U_g9413/ZN,42.37,109.2,False,16692,0.0803136,0.0473517,0.918145,0.9984586,EXTRACTED
g9414,U_g9414/ZN,118.37,36.4,False,248,0.1638616,0.173260569,0.959052,1.1229136,EXTRACTED
g9415,U_g9415/ZN,115.33,36.4,False,248,0.29231,0.246032324,0.959052,1.251362,EXTRACTED
g9417,U_g9417/ZN,120.84,36.4,False,254,0.0690546,0.197507804,0.959052,1.0281066,EXTRACTED
g9418,U_g9418/ZN,119.32,33.6,False,257,0.173997,0.20305159000000003,0.946814,1.120811,EXTRACTED
g9419,U_g9419/ZN,104.12,35.0,False,258,0.26223,0.257757634,0.940092,1.2023220000000001,EXTRACTED
g9420,U_g9420/ZN,109.82,37.8,False,270,0.6923515,0.562407702,0.940092,1.6324435,EXTRACTED
g9422,U_g9422/ZN,116.66,37.8,False,260,0.205896,0.27373473000000004,0.940092,1.145988,EXTRACTED
g9423,U_g9423/ZN,117.8,33.6,False,0,0.19948749999999998,0.23742764200000005,1.8635,2.0629874999999998,EXTRACTED
g9424,U_g9424/ZN,110.2,30.8,False,0,0.7039466,0.9138771359999999,1.94926,2.6532066,EXTRACTED
g9425,U_g9425/ZN,116.85,36.4,False,260,0.07013799999999999,0.11166066999999999,0.940092,1.01023,EXTRACTED
g9426,U_g9426/ZN,102.98,30.8,False,0,2.071402,1.896555298,3.686244,5.757645999999999,EXTRACTED
g9428,U_g9428/ZN,110.2,39.2,False,256,0.26439399999999996,0.60620777,0.940092,1.204486,EXTRACTED
g9430,U_g9430/ZN,120.27,30.8,False,264,0.4038584,0.51842704,0.946814,1.3506724,EXTRACTED
g9432,U_g9432/ZN,106.02,18.2,False,0,2.9965243399999997,1.8168572440000001,3.64949,6.64601434,EXTRACTED
g944,U_g944/Q,70.87,29.4,True,16383,1.7632822,1.2439516804899997,2.755084,4.5183662,EXTRACTED
g9447,U_g9447/ZN,118.94,37.8,False,250,0.088053,0.07096058999999999,0.940092,1.028145,EXTRACTED
g9451,output229/Z,117.42,8.4,False,0,0.745368,0.15635106999999998,0,0.745368,EXTRACTED
g9454,U_g9454/ZN,112.48,11.2,False,0,3.5316137100000007,4.1754451703,15.58206,19.11367371,EXTRACTED
g947,U_g947/Q,86.07,35.0,True,16831,1.9032813999999998,0.9971527,2.755084,4.6583654,EXTRACTED
g9473,U_g9473/ZN,123.5,26.6,False,0,0.9943668199999999,0.64980850549,4.87315,5.86751682,EXTRACTED
g9474,U_g9474/ZN,101.27,19.6,False,0,2.11015157,1.1735749719999995,11.1975,13.30765157,EXTRACTED
g9490,U_g9490/ZN,102.22,22.4,False,0,1.9819095700000002,1.582672081,11.1975,13.17940957,EXTRACTED
g95,PORT/g95,147.46,128.31,False,0,0.1509504,0.13722721,0.77983,0.9307804000000001,EXTRACTED
g950,U_g950/Q,72.39,47.6,True,16800,4.507655199999999,2.6906577004899996,2.755084,7.2627391999999995,EXTRACTED
g9505,U_g9505/ZN,120.65,32.2,False,0,0.1546986,0.20330896400000004,0.941939,1.0966376,EXTRACTED
g9506,U_g9506/ZN,117.8,36.4,False,0,0.1511298,0.090376702,0.921561,1.0726908,EXTRACTED
g9507,U_g9507/ZN,53.01,16.8,False,0,4.3376596,1.8505853399999999,1.119679,5.4573386,EXTRACTED
g9508,U_g9508/ZN,60.8,79.8,False,0,0.9800504,1.5048370919999998,1.119679,2.0997294,EXTRACTED
g9509,U_g9509/ZN,130.91,35.0,False,0,0.5829439999999999,0.3506138,0.941939,1.524883,EXTRACTED
g9510,U_g9510/ZN,131.29,23.8,False,0,0.0927182,0.006874310000000001,0.941939,1.0346572,EXTRACTED
g9511,U_g9511/ZN,133.76,14.0,False,0,0.7469766,0.83649115,0.941939,1.6889156,EXTRACTED
g9512,U_g9512/ZN,118.56,25.2,False,0,0.14166195,0.12372680600000001,2.711434,2.85309595,EXTRACTED
g9515,U_g9515/ZN,131.1,25.2,False,0,0.01742614,0.0,0.946814,0.96424014,EXTRACTED
g9516,U_g9516/ZN,116.28,19.6,False,0,0.1789015,0.142971973,2.711434,2.8903355,EXTRACTED
g9519,U_g9519/ZN,115.14,16.8,False,0,0.5072017,0.57836426,2.711434,3.2186357,EXTRACTED
g9522,U_g9522/ZN,115.71,28.0,False,0,0.4794318,0.620553094,2.711434,3.1908658,EXTRACTED
g9525,U_g9525/ZN,76.38,105.0,False,0,0.1856072,0.24383970000000002,1.119679,1.3052862,EXTRACTED
g9526,U_g9526/ZN,98.61,43.4,False,0,1.9523220000000001,4.9338458339999995,1.119679,3.072001,EXTRACTED
g953,U_g953/Q,82.46,49.0,True,16450,2.4552291,1.967845281,2.755084,5.2103131000000005,EXTRACTED
g9536,U_g9536/ZN,102.79,16.8,False,0,4.54389638,5.018879687000002,21.19008,25.733976379999998,EXTRACTED
g9555,U_g9555/ZN,51.68,8.4,False,13765,0.7018059999999999,0.770605864,1.119679,1.821485,EXTRACTED
g956,U_g956/Q,78.47,16.8,True,16790,0.9712185799999999,0.6388166140000001,2.755084,3.72630258,EXTRACTED
g9563,U_g9563/ZN,114.76,32.2,False,0,1.0509459,1.1325795927,5.221208,6.2721539,EXTRACTED
g9569,U_g9569/ZN,121.6,33.6,False,0,1.1149764,0.798473696,2.610604,3.7255804,EXTRACTED
g9579,U_g9579/ZN,108.68,21.0,False,0,2.8455389,3.4555473199999995,10.442416,13.287954899999999,EXTRACTED
g9582,U_g9582/ZN,134.52,29.4,False,357,0.289542,0.7165069860000001,0.921561,1.211103,EXTRACTED
g9583,U_g9583/ZN,95.0,7.0,False,0,0.06763999999999999,0.1792175,0.941245,1.008885,EXTRACTED
g9584,U_g9584/ZN,130.53,18.2,False,358,0.1646368,0.219901714,0.921561,1.0861977999999999,EXTRACTED
g9585,U_g9585/ZN,92.53,11.2,False,0,0.525548,0.2541624,0.941245,1.466793,EXTRACTED
g9586,U_g9586/ZN,137.56,33.6,False,358,0.21959,0.10227005,0.921561,1.141151,EXTRACTED
g9587,U_g9587/ZN,87.59,7.0,False,0,0.6064781,0.9315616469999999,0.959052,1.5655301000000001,EXTRACTED
g9588,U_g9588/ZN,142.12,39.2,False,359,0.69767,0.4568135,0.921561,1.619231,EXTRACTED
g9589,U_g9589/ZN,114.38,15.4,False,0,0.202906,0.22208279200000003,0.914189,1.117095,EXTRACTED
g959,U_g959/Q,80.94,51.8,True,16771,3.5399890999999997,2.8006194448999997,2.755084,6.2950731,EXTRACTED
g9590,U_g9590/ZN,87.59,11.2,False,0,0.19650620000000002,0.23119378,0.959052,1.1555582,EXTRACTED
g9591,U_g9591/ZN,122.55,18.2,False,0,0.0500948,0.08208549,0.921561,0.9716558,EXTRACTED
g9592,U_g9592/ZN,80.56,23.8,False,508,0.52641,0.42751661,0.940092,1.4665020000000002,EXTRACTED
g9593,U_g9593/ZN,93.48,4.2,False,0,0.1648126,0.03753042,0.938321,1.1031336,EXTRACTED
g9594,U_g9594/ZN,86.83,25.2,False,514,0.127141,0.19024957399999998,0.940092,1.067233,EXTRACTED
g9595,U_g9595/ZN,86.26,12.6,False,0,0.49103199999999997,0.4008258549999999,0.938321,1.4293529999999999,EXTRACTED
g9596,U_g9596/ZN,95.19,5.6,False,258,0.11481659999999999,0.16744502,0.914189,1.0290056,EXTRACTED
g9597,U_g9597/ZN,135.09,28.0,False,0,0.4754942,0.612903233,0.959052,1.4345462,EXTRACTED
g9598,U_g9598/ZN,87.59,25.2,False,511,0.1213052,0.116707742,0.938321,1.0596261999999999,EXTRACTED
g9599,U_g9599/ZN,87.97,28.0,False,529,0.37983,0.28894374100000003,0.940092,1.319922,EXTRACTED
g96,PORT/g96,147.46,127.75,False,0,0.1283102,0.127160244,0.77983,0.9081402000000001,EXTRACTED
g9600,U_g9600/ZN,89.68,9.8,False,0,0.5531416,0.9096210790000001,0.940092,1.4932336,EXTRACTED
g9601,U_g9601/ZN,95.95,14.0,False,0,0.48606,0.4081630650000001,0.923766,1.409826,EXTRACTED
g9602,U_g9602/ZN,83.22,1.4,False,258,0.6458383000000001,0.31816733399999997,0.914189,1.5600273000000002,EXTRACTED
g9603,U_g9603/ZN,132.62,18.2,False,0,0.03537,0.1582531,0.959052,0.994422,EXTRACTED
g9604,U_g9604/ZN,136.04,29.4,False,0,0.43693570000000004,0.7443776200000002,0.940092,1.3770277000000002,EXTRACTED
g9605,U_g9605/ZN,129.2,32.2,False,0,0.538128,0.526769168,0.940092,1.47822,EXTRACTED
g9606,U_g9606/ZN,131.48,28.0,False,0,0.06685379999999999,0.007514083,0.940092,1.0069458,EXTRACTED
g9607,U_g9607/ZN,87.21,22.4,False,524,0.0741638,0.03835683,0.959052,1.0332158,EXTRACTED
g9608,U_g9608/ZN,86.45,28.0,False,519,0.8925799999999999,1.23770917,0.940092,1.832672,EXTRACTED
g9609,U_g9609/ZN,88.35,7.0,False,0,0.571221,0.4330468820000001,0.940092,1.511313,EXTRACTED
g9610,U_g9610/ZN,85.69,8.4,False,0,0.272572,0.47894546,0.923766,1.196338,EXTRACTED
g9611,U_g9611/ZN,90.44,19.6,False,258,0.7194137,0.7896108999999998,0.921561,1.6409747000000001,EXTRACTED
g9612,U_g9612/ZN,89.68,14.0,False,347,0.226258,0.1436075,0.941245,1.167503,EXTRACTED
g9613,U_g9613/ZN,139.46,32.2,False,0,0.388312,0.23473409,0.959052,1.347364,EXTRACTED
g9614,U_g9614/ZN,126.16,18.2,False,0,0.253814,0.80668115,0.940092,1.1939060000000001,EXTRACTED
g9617,U_g9617/ZN,87.97,23.8,False,499,0.185729,0.15613692999999998,0.959052,1.144781,EXTRACTED
g9618,U_g9618/ZN,91.39,5.6,False,0,1.804686,1.49710447,0.959052,2.763738,EXTRACTED
g9619,U_g9619/ZN,86.83,11.2,False,258,0.288236,0.37868156000000003,0.921561,1.209797,EXTRACTED
g962,U_g962/Q,74.67,36.4,True,16444,1.93136797,2.014090632,2.755084,4.68645197,EXTRACTED
g9620,U_g9620/ZN,88.92,14.0,False,348,0.6655324,0.6929685820000001,0.941245,1.6067774,EXTRACTED
g9621,U_g9621/ZN,134.33,32.2,False,0,0.0132445,0.006561849999999999,0.959052,0.9722965,EXTRACTED
g9622,U_g9622/ZN,128.25,35.0,False,0,0.36359199999999997,0.27707322,0.940092,1.303684,EXTRACTED
g9623,U_g9623/ZN,87.4,26.6,False,512,0.244498,0.255228825,0.959052,1.20355,EXTRACTED
g9624,U_g9624/ZN,102.79,9.8,False,0,3.8673439500000004,4.1312432040000004,13.339636,17.20697995,EXTRACTED
g9641,U_g9641/ZN,94.43,4.2,False,0,1.606566,0.26688333000000003,0.959052,2.5656179999999997,EXTRACTED
g9642,U_g9642/ZN,90.25,12.6,False,336,0.0132445,0.006561849999999999,0.941245,0.9544895,EXTRACTED
g9643,U_g9643/ZN,94.24,15.4,False,232,0.07632860000000001,0.06979468,0.938321,1.0146496,EXTRACTED
g9644,U_g9644/ZN,125.97,14.0,False,0,0.58846,0.4373708600000001,0.959052,1.547512,EXTRACTED
g9645,U_g9645/ZN,130.72,30.8,False,0,0.360014,0.25481149999999997,0.940092,1.300106,EXTRACTED
g9646,U_g9646/ZN,133.76,25.2,False,0,0.5655322,0.5177394,0.921561,1.4870932,EXTRACTED
g9647,U_g9647/ZN,131.86,32.2,False,0,0.34045000000000003,0.256906422,0.940092,1.280542,EXTRACTED
g9648,U_g9648/ZN,90.25,26.6,False,526,0.5559424,0.52988164,0.959052,1.5149944,EXTRACTED
g9649,U_g9649/ZN,83.79,4.2,False,0,0.477986,0.5346784,0.941245,1.419231,EXTRACTED
g965,U_g965/Q,70.68,46.2,True,16370,3.4991096000000006,1.6698076870000003,2.755084,6.254193600000001,EXTRACTED
g9650,U_g9650/ZN,88.16,14.0,False,372,0.100547,0.23822016999999998,0.941245,1.041792,EXTRACTED
g9651,U_g9651/ZN,88.92,16.8,False,350,0.46220799999999995,0.29845776,0.938321,1.400529,EXTRACTED
g9652,U_g9652/ZN,91.58,16.8,False,250,0.393146,0.7466322900000001,0.938321,1.331467,EXTRACTED
g9653,U_g9653/ZN,129.39,15.4,False,0,0.207466,0.0023967899999999998,0.959052,1.166518,EXTRACTED
g9654,U_g9654/ZN,127.3,33.6,False,0,0.0423032,0.076625261,0.921561,0.9638642,EXTRACTED
g9657,U_g9657/ZN,92.72,5.6,False,0,1.1726364,0.75027919,0.959052,2.1316884,EXTRACTED
g9658,U_g9658/ZN,92.72,15.4,False,364,0.393656,0.8973789800000002,0.940092,1.333748,EXTRACTED
g9659,U_g9659/ZN,85.12,16.8,False,232,0.607738,0.22785098000000004,0.938321,1.546059,EXTRACTED
g9660,U_g9660/ZN,123.31,12.6,False,0,0.4805277,0.37618791,0.941245,1.4217727,EXTRACTED
g9662,U_g9662/ZN,94.05,25.2,False,520,0.33169200000000004,0.42838734,0.923766,1.255458,EXTRACTED
g9663,U_g9663/ZN,89.3,12.6,False,232,0.185111,0.09506750000000001,0.938321,1.123432,EXTRACTED
g9664,U_g9664/ZN,132.81,42.0,False,0,0.80142,0.5049065309999999,0.959052,1.760472,EXTRACTED
g9665,U_g9665/ZN,125.97,30.8,False,248,0.51869002,0.38882789900000003,0.959052,1.47774202,EXTRACTED
g9667,U_g9667/ZN,131.29,19.6,False,0,0.1467992,0.07989130000000001,0.940092,1.0868912,EXTRACTED
g9673,U_g9673/ZN,95.95,26.6,False,0,0.5957639000000001,0.518296671,1.912951,2.5087149,EXTRACTED
g9676,U_g9676/ZN,94.43,21.0,False,0,0.8998596,1.527759713,1.912951,2.8128106,EXTRACTED
g968,U_g968/Q,79.8,21.0,True,16788,1.02098,0.8420520065000001,2.755084,3.776064,EXTRACTED
g9680,U_g9680/ZN,91.01,26.6,False,0,1.5409698100000002,2.0344891555,4.800532,6.34150181,EXTRACTED
g9689,U_g9689/ZN,95.57,36.4,False,16057,0.468702,0.148309999,0.941939,1.410641,EXTRACTED
g9690,U_g9690/ZN,85.12,40.6,False,15693,0.779869,0.9864009640000002,0.941939,1.721808,EXTRACTED
g9691,U_g9691/ZN,88.16,26.6,False,16055,0.7810436000000001,0.354117011,0.941939,1.7229826,EXTRACTED
g9692,U_g9692/ZN,91.2,37.8,False,16046,0.244036,0.698406045,0.941939,1.185975,EXTRACTED
g9693,U_g9693/ZN,93.67,42.0,False,16205,0.6157750000000001,0.56783397,0.941939,1.557714,EXTRACTED
g9694,U_g9694/ZN,94.24,35.0,False,16152,0.0275122,0.0429819,0.941939,0.9694512,EXTRACTED
g9695,U_g9695/ZN,99.94,28.0,False,15987,0.289338,0.29274528000000005,0.941939,1.231277,EXTRACTED
g9696,U_g9696/ZN,91.96,37.8,False,16076,1.587266,1.472882369,0.918145,2.505411,EXTRACTED
g9697,U_g9697/ZN,132.43,28.0,False,605,0.127994,0.015896,0.918145,1.046139,EXTRACTED
g9698,U_g9698/ZN,93.29,25.2,False,16379,0.776206,0.619119653,0.941939,1.7181449999999998,EXTRACTED
g9699,U_g9699/ZN,95.57,37.8,False,15993,1.233856,0.91422884,0.918145,2.1520010000000003,EXTRACTED
g9700,U_g9700/ZN,130.34,19.6,False,594,0.489448,0.37453557000000004,0.918145,1.4075929999999999,EXTRACTED
g9701,U_g9701/ZN,97.85,32.2,False,16286,0.0974518,0.01681456,0.941939,1.0393908,EXTRACTED
g9702,U_g9702/ZN,130.72,36.4,False,606,0.776601,0.5408915833,0.918145,1.6947459999999999,EXTRACTED
g9703,U_g9703/ZN,100.7,32.2,False,16173,0.4437563,0.3472158,0.941939,1.3856953,EXTRACTED
g9704,U_g9704/ZN,123.5,28.0,False,607,1.027248,1.069304544,0.918145,1.945393,EXTRACTED
g9705,U_g9705/ZN,99.94,29.4,False,16460,0.34193,0.60134491,0.941939,1.283869,EXTRACTED
g9706,U_g9706/ZN,121.6,18.2,False,242,0.778754,0.32655739199999995,0.918145,1.696899,EXTRACTED
g9707,U_g9707/ZN,98.42,25.2,False,16225,0.1255194,0.24935889,0.941939,1.0674584,EXTRACTED
g9708,U_g9708/ZN,129.58,18.2,False,240,0.7031396599999999,0.807975608,0.918145,1.62128466,EXTRACTED
g9709,U_g9709/ZN,104.5,28.0,False,16208,0.63103,0.34555332799999994,0.941939,1.572969,EXTRACTED
g971,U_g971/Q,69.54,12.6,True,16319,1.0738722,1.1280038499999998,7.709863,8.7837352,EXTRACTED
g9710,U_g9710/ZN,103.93,23.8,False,15967,0.235904,0.3811190649999999,0.918145,1.154049,EXTRACTED
g9711,U_g9711/ZN,116.47,14.0,False,620,0.1361516,0.18738418,0.918145,1.0542966,EXTRACTED
g9712,U_g9712/ZN,106.02,37.8,False,16416,0.32495799999999997,0.29201951000000004,0.941939,1.266897,EXTRACTED
g9713,U_g9713/ZN,102.41,23.8,False,16407,0.5744533999999999,0.325332557,0.918145,1.4925983999999999,EXTRACTED
g9714,U_g9714/ZN,128.06,33.6,False,372,1.228231,0.817496973,0.918145,2.146376,EXTRACTED
g9715,U_g9715/ZN,106.21,40.6,False,15996,0.0845606,0.095362051,0.941939,1.0264996,EXTRACTED
g9716,U_g9716/ZN,101.65,40.6,False,16028,0.0337052,0.1591744,0.941939,0.9756442,EXTRACTED
g9717,U_g9717/ZN,102.41,37.8,False,16044,0.0834916,0.08201271,0.941939,1.0254306,EXTRACTED
g9718,U_g9718/ZN,103.55,39.2,False,16037,0.1110842,0.018420028,0.941939,1.0530232,EXTRACTED
g9719,U_g9719/ZN,105.45,21.0,False,16445,0.1127814,0.01163619,0.918145,1.0309264,EXTRACTED
g9720,U_g9720/ZN,103.17,22.4,False,16347,0.01742614,0.0,0.918145,0.93557114,EXTRACTED
g9721,U_g9721/ZN,44.08,109.2,False,13919,0.265766,0.21059053,1.119679,1.385445,EXTRACTED
g9722,U_g9722/ZN,94.24,14.0,False,837,0.1561344,0.27003543,0.918145,1.0742794,EXTRACTED
g9723,U_g9723/ZN,99.75,15.4,False,856,0.632879,0.5203897200000001,0.918145,1.551024,EXTRACTED
g9724,U_g9724/ZN,109.44,35.0,False,506,0.451742,0.24768118,0.918145,1.3698869999999999,EXTRACTED
g9725,U_g9725/ZN,91.01,12.6,False,826,0.1178264,0.10238829999999999,0.918145,1.0359714,EXTRACTED
g9726,U_g9726/ZN,114.76,29.4,False,518,0.464654,0.6709765499999998,0.918145,1.382799,EXTRACTED
g9727,U_g9727/ZN,90.82,14.0,False,862,0.127891,0.16873616,0.918145,1.046036,EXTRACTED
g9728,U_g9728/ZN,118.75,35.0,False,506,0.5543888,0.77422416,0.918145,1.4725338,EXTRACTED
g9729,U_g9729/ZN,99.75,25.2,False,250,0.366956,0.6563503199999999,0.918145,1.285101,EXTRACTED
g9730,U_g9730/ZN,116.85,35.0,False,508,0.358066,0.24853438000000005,0.918145,1.276211,EXTRACTED
g9731,U_g9731/ZN,88.16,18.2,False,272,0.6259562999999999,0.631442373,0.918145,1.5441013,EXTRACTED
g9734,U_g9734/ZN,115.14,40.6,False,504,1.56199546,0.581230511,0.918145,2.48014046,EXTRACTED
g9735,U_g9735/ZN,88.54,9.8,False,582,1.535823,1.1131543879999999,0.918145,2.4539679999999997,EXTRACTED
g9736,U_g9736/ZN,117.99,35.0,False,264,0.866466,0.596209848,0.918145,1.784611,EXTRACTED
g9737,U_g9737/ZN,89.68,22.4,False,364,0.71238058,1.1466639,0.918145,1.63052558,EXTRACTED
g9738,U_g9738/ZN,119.89,36.4,False,504,1.155033,1.2513104879999999,0.918145,2.073178,EXTRACTED
g9740,U_g9740/ZN,122.55,33.6,False,257,0.31745599999999996,0.64554459,0.918145,1.235601,EXTRACTED
g9747,U_g9747/ZN,129.96,28.0,False,0,1.81266016,2.4359918190000007,5.422868,7.23552816,EXTRACTED
g9751,U_g9751/ZN,131.86,25.2,False,0,1.5372249500000001,1.7704562900000005,2.711434,4.24865895,EXTRACTED
g9754,U_g9754/ZN,133.76,29.4,False,0,2.63034689,1.088286574,2.711434,5.341780890000001,EXTRACTED
g9757,U_g9757/ZN,89.49,26.6,False,0,0.63151,0.792651262,0.921561,1.553071,EXTRACTED
g9758,U_g9758/ZN,83.79,26.6,False,0,0.09437759999999999,0.14955139,0.921561,1.0159386,EXTRACTED
g9759,U_g9759/ZN,93.29,18.2,False,0,0.9129440000000001,0.9181946899999999,2.757311,3.670255,EXTRACTED
g976,U_g976/Q,70.49,14.0,True,16322,1.9640426999999998,1.026612929,6.93646,8.9005027,EXTRACTED
g9760,U_g9760/ZN,110.2,18.2,False,0,0.4006401,0.58915604,1.860084,2.2607241,EXTRACTED
g9764,U_g9764/ZN,88.73,42.0,False,0,0.9346332400000001,0.825775235,4.87315,5.80778324,EXTRACTED
g9773,U_g9773/ZN,95.95,33.6,False,0,0.5286976999999999,0.229840426,1.94926,2.4779577,EXTRACTED
g9778,U_g9778/ZN,98.99,32.2,False,0,0.44221657999999997,0.45400230399999997,3.89852,4.34073658,EXTRACTED
g9785,U_g9785/ZN,97.28,8.4,False,0,3.73486596,4.3204836969999985,13.282174,17.017039959999998,EXTRACTED
g9802,U_g9802/ZN,102.79,36.4,False,0,0.5236065999999999,0.396484695,3.89852,4.4221266,EXTRACTED
g9803,U_g9803/ZN,103.74,19.6,False,0,2.53083068,2.2952212370000007,5.529366,8.06019668,EXTRACTED
g981,U_g981/Q,62.7,4.2,True,16036,5.4065303700000005,3.417086982899999,6.93646,12.34299037,EXTRACTED
g9814,U_g9814/ZN,103.93,40.6,False,0,0.7410278,0.39911127999999996,1.94926,2.6902878,EXTRACTED
g9815,U_g9815/ZN,102.22,28.0,False,0,0.19281340000000002,0.20155457999999998,1.843122,2.0359354,EXTRACTED
g9828,U_g9828/ZN,96.33,11.2,False,837,0.908536,0.35612662900000003,0.914189,1.8227250000000002,EXTRACTED
g9829,U_g9829/ZN,93.29,19.6,False,856,0.1757042,0.082918845,0.914189,1.0898932000000001,EXTRACTED
g9830,U_g9830/ZN,93.1,14.0,False,826,1.1515116,0.7202902440000001,0.914189,2.0657006,EXTRACTED
g9831,U_g9831/ZN,93.48,15.4,False,862,1.058512,0.679796016,0.914189,1.9727009999999998,EXTRACTED
g9833,U_g9833/ZN,94.24,26.6,False,250,0.464646,0.6899369399999999,0.914189,1.378835,EXTRACTED
g9834,U_g9834/ZN,97.85,21.0,False,272,0.6998599999999999,0.83142874,0.914189,1.614049,EXTRACTED
g9835,U_g9835/ZN,110.58,16.8,False,582,0.1498836,0.08592934,0.914189,1.0640726,EXTRACTED
g9836,U_g9836/ZN,104.69,21.0,False,364,0.22031399999999998,0.22426027000000004,0.914189,1.134503,EXTRACTED
g9837,U_g9837/ZN,133.95,26.6,False,605,1.6825962,2.4360463500000002,0.941245,2.6238412,EXTRACTED
g9838,U_g9838/ZN,123.69,21.0,False,594,0.802537,1.2280241889999997,0.941245,1.743782,EXTRACTED
g9839,U_g9839/ZN,124.83,30.8,False,606,0.5621061,1.2530577059999999,0.941245,1.5033511000000002,EXTRACTED
g9840,U_g9840/ZN,134.14,37.8,False,607,1.4216105,1.281266101,0.941245,2.3628555,EXTRACTED
g9841,U_g9841/ZN,118.75,26.6,False,242,0.307004,0.21656794199999999,0.941245,1.248249,EXTRACTED
g9842,U_g9842/ZN,117.04,19.6,False,240,0.231968,0.20488342700000003,0.941245,1.173213,EXTRACTED
g9843,U_g9843/ZN,115.9,15.4,False,620,0.1479126,0.07287866000000001,0.941245,1.0891576,EXTRACTED
g9844,U_g9844/ZN,118.56,22.4,False,372,0.89758,0.878746937,0.941245,1.838825,EXTRACTED
g9846,U_g9846/ZN,97.09,36.4,False,364,0.267112,0.4151929200000001,0.946814,1.213926,EXTRACTED
g9847,U_g9847/ZN,91.77,32.2,False,376,0.01742614,0.0,0.946814,0.96424014,EXTRACTED
g9848,U_g9848/ZN,109.06,28.0,False,506,0.36354600000000004,0.4177822,0.923766,1.287312,EXTRACTED
g9849,U_g9849/ZN,92.15,36.4,False,367,0.358026,0.5846123,0.946814,1.30484,EXTRACTED
g9850,U_g9850/ZN,109.82,25.2,False,518,0.186547,0.32646037,0.923766,1.1103129999999999,EXTRACTED
g9851,U_g9851/ZN,96.33,37.8,False,367,0.0838052,0.163510546,0.946814,1.0306192,EXTRACTED
g9852,U_g9852/ZN,119.32,25.2,False,506,0.5824157,0.8991040479999999,0.923766,1.5061817,EXTRACTED
g9853,U_g9853/ZN,92.72,37.8,False,383,0.44266,0.33903512900000005,0.946814,1.389474,EXTRACTED
g9854,U_g9854/ZN,118.75,30.8,False,508,0.26938599999999996,0.51522087,0.923766,1.193152,EXTRACTED
g9855,U_g9855/ZN,94.43,36.4,False,385,0.07587060000000001,0.046434100000000006,0.946814,1.0226846,EXTRACTED
g9856,U_g9856/ZN,97.66,26.6,False,257,0.42598400000000003,0.47276056,0.946814,1.372798,EXTRACTED
g9857,U_g9857/ZN,115.14,22.4,False,504,0.355012,0.208339655,0.923766,1.278778,EXTRACTED
g9858,U_g9858/ZN,100.7,30.8,False,261,0.01742614,0.0,0.946814,0.96424014,EXTRACTED
g9859,U_g9859/ZN,124.83,26.6,False,264,0.7080937,0.3571304699999999,0.923766,1.6318597000000001,EXTRACTED
g986,U_g986/Q,77.33,14.0,True,16789,2.0298005999999997,1.2717929840000002,6.93646,8.9662606,EXTRACTED
g9860,U_g9860/ZN,98.8,33.6,False,256,0.063111,0.02113565,0.946814,1.009925,EXTRACTED
g9861,U_g9861/ZN,117.8,19.6,False,504,0.1370772,0.117624633,0.923766,1.0608431999999999,EXTRACTED
g9862,U_g9862/ZN,100.7,33.6,False,262,0.405974,0.26108564,0.946814,1.352788,EXTRACTED
g9863,U_g9863/ZN,117.99,30.8,False,257,0.7583356000000001,0.41634884399999994,0.923766,1.6821016000000002,EXTRACTED
g9864,U_g9864/ZN,99.94,30.8,False,264,0.59454807,0.3502891859999999,0.946814,1.54136207,EXTRACTED
g9865,U_g9865/ZN,96.71,28.0,False,274,0.36808,0.19682734000000002,0.946814,1.314894,EXTRACTED
g9866,U_g9866/ZN,101.08,35.0,False,247,0.0566168,0.062465349999999996,0.946814,1.0034308,EXTRACTED
g9867,U_g9867/ZN,104.69,36.4,False,248,0.41032599999999997,0.6051877370000001,0.946814,1.35714,EXTRACTED
g9868,U_g9868/ZN,99.94,33.6,False,263,0.678906,0.65056545,0.946814,1.62572,EXTRACTED
g9869,U_g9869/ZN,102.41,40.6,False,272,0.020428599999999998,0.0,0.946814,0.9672426000000001,EXTRACTED
g9870,U_g9870/ZN,101.08,37.8,False,248,0.0771612,0.03959948,0.946814,1.0239752,EXTRACTED
g9871,U_g9871/ZN,105.26,37.8,False,240,0.0832024,0.08129432500000001,0.946814,1.0300164,EXTRACTED
g9872,U_g9872/ZN,85.88,23.8,False,1013,0.43938,0.43363227,0.918145,1.3575249999999999,EXTRACTED
g9873,U_g9873/ZN,84.74,25.2,False,1041,0.863548,0.73612799849,0.918145,1.781693,EXTRACTED
g9874,U_g9874/ZN,112.48,9.8,False,0,0.681811,0.83439295,0.914189,1.596,EXTRACTED
g9876,U_g9876/ZN,117.04,22.4,False,0,0.8998889999999999,0.39588817,0.914189,1.8140779999999999,EXTRACTED
g9877,U_g9877/ZN,117.04,26.6,False,0,0.146301,0.162934832,0.914189,1.06049,EXTRACTED
g9878,U_g9878/ZN,104.69,16.8,False,0,0.5603,0.444644455,0.914189,1.4744890000000002,EXTRACTED
g9879,U_g9879/ZN,120.65,33.6,False,0,0.387214,0.5979630167000001,0.914189,1.301403,EXTRACTED
g9880,U_g9880/ZN,108.11,26.6,False,0,0.39046600000000004,0.366836722,0.914189,1.3046550000000001,EXTRACTED
g9881,U_g9881/ZN,117.04,21.0,False,0,0.17298819999999998,0.15163726,0.914189,1.0871772,EXTRACTED
g9882,U_g9882/ZN,113.81,29.4,False,0,0.170143,0.15527993,0.914189,1.084332,EXTRACTED
g9885,U_g9885/ZN,88.92,23.8,False,1031,0.474578,0.22966899,0.918145,1.392723,EXTRACTED
g9886,U_g9886/ZN,87.97,21.0,False,1032,0.287236,0.12180719000000002,0.918145,1.205381,EXTRACTED
g9888,U_g9888/ZN,94.81,19.6,False,1045,0.8270540000000001,0.37268872200000003,0.918145,1.745199,EXTRACTED
g9891,U_g9891/ZN,112.67,22.4,False,0,0.739358,0.58570671,0.918145,1.657503,EXTRACTED
g9896,U_g9896/ZN,99.75,19.6,False,251,0.717218,0.7480316300000001,0.923766,1.640984,EXTRACTED
g9897,U_g9897/ZN,101.65,23.8,False,241,0.284588,0.47778213999999997,0.923766,1.208354,EXTRACTED
g9898,U_g9898/ZN,106.97,26.6,False,256,1.146662,1.009506772,0.940092,2.086754,EXTRACTED
g9899,U_g9899/ZN,97.09,19.6,False,248,0.376928,0.32946423500000005,0.940092,1.31702,EXTRACTED
g99,PORT/g99,144.575,0.07,False,0,0.1945562,0.02218011,0.974659,1.1692152,EXTRACTED
g9900,U_g9900/ZN,128.06,12.6,False,0,0.6115712,0.87259006,0.941939,1.5535101999999998,EXTRACTED
g9901,U_g9901/ZN,105.45,19.6,False,271,0.504278,0.7342817169999999,0.959052,1.46333,EXTRACTED
g9902,U_g9902/ZN,103.93,22.4,False,271,0.25114400000000003,0.28168017000000006,0.959052,1.210196,EXTRACTED
g9903,U_g9903/ZN,96.33,25.2,False,1031,0.0458356,0.019067608,0.938321,0.9841565999999999,EXTRACTED
g9904,U_g9904/ZN,91.2,23.8,False,1032,0.196399,0.082073585,0.938321,1.13472,EXTRACTED
g9905,U_g9905/ZN,91.96,26.6,False,1013,0.1421576,0.09363355,0.938321,1.0804786,EXTRACTED
g9906,U_g9906/ZN,95.19,29.4,False,1041,0.1067046,0.126432586,0.938321,1.0450256,EXTRACTED
g9907,U_g9907/ZN,95.95,29.4,False,1045,0.7863,0.9154043999999998,0.938321,1.724621,EXTRACTED
g9908,U_g9908/ZN,110.2,21.0,False,0,1.07345801,0.9965451830000001,1.876642,2.95010001,EXTRACTED
g9909,U_g9909/ZN,109.06,14.0,False,0,0.296284,0.50083998,0.938321,1.234605,EXTRACTED
g991,U_g991/Q,63.27,127.4,True,16791,1.75307292,2.0781418790000004,8.298234,10.05130692,EXTRACTED
g9911,U_g9911/ZN,101.84,35.0,False,16421,0.85854,0.439543088,0.918145,1.776685,EXTRACTED
g9912,U_g9912/ZN,92.53,32.2,False,16069,0.7194204,0.4274614253,0.918145,1.6375654,EXTRACTED
g9913,U_g9913/ZN,89.11,39.2,False,16422,0.6822819999999999,0.58361304,0.918145,1.6004269999999998,EXTRACTED
g9914,U_g9914/ZN,97.85,37.8,False,16413,0.469546,0.355366445,0.918145,1.387691,EXTRACTED
g9915,U_g9915/ZN,98.8,35.0,False,16588,0.529318,0.35161311500000003,0.918145,1.447463,EXTRACTED
g9916,U_g9916/ZN,95.19,35.0,False,16537,0.933506,0.313866048,0.918145,1.851651,EXTRACTED
g9917,U_g9917/ZN,105.26,28.0,False,16244,0.18563600000000002,0.33753465,0.918145,1.1037810000000001,EXTRACTED
g9918,U_g9918/ZN,101.46,30.8,False,16640,0.5156959999999999,0.30507273999999995,0.918145,1.433841,EXTRACTED
g9920,U_g9920/ZN,99.37,32.2,False,16542,0.191987,0.069012514,0.918145,1.110132,EXTRACTED
g9921,U_g9921/ZN,103.55,37.8,False,16435,0.383554,0.228485176,0.918145,1.301699,EXTRACTED
g9922,U_g9922/ZN,95.0,26.6,False,16724,0.57032,0.19302540799999998,0.918145,1.4884650000000001,EXTRACTED
g9923,U_g9923/ZN,101.27,25.2,False,16499,0.085689,0.047620539999999996,0.918145,1.003834,EXTRACTED
g9924,U_g9924/ZN,102.6,35.0,False,16455,0.01742614,0.0,0.918145,0.93557114,EXTRACTED
g9925,U_g9925/ZN,112.48,37.8,False,16664,0.347688,0.10087893999999999,0.918145,1.265833,EXTRACTED
g9926,U_g9926/ZN,105.45,40.6,False,16259,0.551036,0.10436283000000002,0.918145,1.4691809999999998,EXTRACTED
g9927,U_g9927/ZN,103.17,40.6,False,16300,0.6227843,0.40735548,0.918145,1.5409293,EXTRACTED
g9928,U_g9928/ZN,102.03,36.4,False,16292,0.251822,0.22964788,0.918145,1.169967,EXTRACTED
g9929,U_g9929/ZN,104.5,37.8,False,16277,0.636914,1.0655426229999998,0.918145,1.555059,EXTRACTED
g9931,U_g9931/ZN,121.6,5.6,False,0,0.07720139999999999,0.192788828,1.70023,1.7774314,EXTRACTED
g9932,U_g9932/ZN,96.9,26.6,False,613,0.052400800000000004,0.03017814,0.923766,0.9761668,EXTRACTED
g9933,U_g9933/ZN,92.91,22.4,False,600,0.0510814,0.058838855,0.923766,0.9748474,EXTRACTED
g9934,U_g9934/ZN,93.1,30.8,False,619,0.1507386,0.0430334,0.923766,1.0745046,EXTRACTED
g9935,U_g9935/ZN,96.52,30.8,False,621,0.17418,0.25711244,0.923766,1.0979459999999999,EXTRACTED
g9936,U_g9936/ZN,93.86,30.8,False,644,0.777091,0.5875575100000001,0.923766,1.700857,EXTRACTED
g9937,U_g9937/ZN,95.76,23.8,False,641,1.0857359999999998,1.0146642150000003,0.923766,2.009502,EXTRACTED
g9938,U_g9938/ZN,103.17,26.6,False,513,0.079388,0.02141398,0.940092,1.01948,EXTRACTED
g9939,U_g9939/ZN,107.54,28.0,False,507,0.5620542,0.8574067760000001,0.940092,1.5021461999999999,EXTRACTED
g9940,U_g9940/ZN,102.41,32.2,False,498,0.6086643,0.44017619,0.940092,1.5487563,EXTRACTED
g9941,U_g9941/ZN,103.17,32.2,False,512,0.1199916,0.05385387999999999,0.940092,1.0600836,EXTRACTED
g9942,U_g9942/ZN,102.22,29.4,False,512,0.1099054,0.06848409,0.940092,1.0499974,EXTRACTED
g9943,U_g9943/ZN,102.41,25.2,False,534,0.677136,0.7190257640000001,0.940092,1.6172279999999999,EXTRACTED
g9944,U_g9944/ZN,103.36,35.0,False,511,0.40250600000000003,0.565519576,0.959052,1.361558,EXTRACTED
g9945,U_g9945/ZN,110.39,35.0,False,522,1.404888,1.049042685,0.959052,2.36394,EXTRACTED
g9946,U_g9946/ZN,106.02,33.6,False,525,0.340148,0.243097653,0.959052,1.2992,EXTRACTED
g9947,U_g9947/ZN,104.12,32.2,False,535,0.022314,0.00697009,0.959052,0.981366,EXTRACTED
g9948,U_g9948/ZN,99.56,35.0,False,512,0.5052734999999999,0.42836076,0.959052,1.4643255,EXTRACTED
g9949,U_g9949/ZN,104.88,26.6,False,505,0.6814193,0.48419674999999995,0.959052,1.6404713,EXTRACTED
g995,U_g995/Q,95.95,119.0,True,16662,3.20679612,3.5554079499999984,8.298234,11.50503012,EXTRACTED
g9950,U_g9950/ZN,111.91,14.0,False,527,1.546238,0.798350464,0.918145,2.4643829999999998,EXTRACTED
g9951,U_g9951/ZN,103.74,18.2,False,519,0.7421002999999999,0.64202152,0.918145,1.6602453,EXTRACTED
g9952,U_g9952/ZN,103.55,28.0,False,1024,0.324234,0.27416160399999995,0.918145,1.2423790000000001,EXTRACTED
g9953,U_g9953/ZN,100.7,23.8,False,1029,0.382296,0.48248407000000004,0.918145,1.300441,EXTRACTED
g9954,U_g9954/ZN,109.44,36.4,False,1023,0.817242,0.8766044810000001,0.918145,1.735387,EXTRACTED
g9955,U_g9955/ZN,104.88,32.2,False,1047,0.270244,0.8062031700000001,0.918145,1.188389,EXTRACTED
g9956,U_g9956/ZN,103.36,29.4,False,1024,0.47634400000000005,0.68101753,0.918145,1.394489,EXTRACTED
g9957,U_g9957/ZN,107.54,16.8,False,1039,0.6959744,0.6393496119999997,0.918145,1.6141193999999999,EXTRACTED
g9959,U_g9959/ZN,103.17,23.8,False,527,1.1776725,0.577222911,0.938321,2.1159935,EXTRACTED
g9960,U_g9960/ZN,111.72,22.4,False,519,0.347826,0.3218688,0.938321,1.286147,EXTRACTED
g9961,output230/Z,129.01,2.8,False,0,0.240418,0.08724242,0,0.240418,EXTRACTED
g9962,U_g9962/ZN,107.54,25.2,False,1024,0.5129982,0.46269704800000006,0.938321,1.4513192,EXTRACTED
g9963,U_g9963/ZN,108.11,23.8,False,1029,0.0794992,0.014108600000000002,0.938321,1.0178202,EXTRACTED
g9964,U_g9964/ZN,102.79,28.0,False,1023,0.7980849999999999,0.5370716400000001,0.938321,1.736406,EXTRACTED
g9965,U_g9965/ZN,113.24,32.2,False,1047,0.1183496,0.21716571000000004,0.938321,1.0566706,EXTRACTED
g9966,U_g9966/ZN,112.86,28.0,False,1024,0.225192,0.215940134,0.938321,1.163513,EXTRACTED
g9967,U_g9967/ZN,113.81,23.8,False,1039,0.202838,0.18453168399999997,0.938321,1.141159,EXTRACTED
g9968,U_g9968/ZN,114.57,23.8,False,10012,3.9978044,3.6524876520000005,7.774381,11.7721854,EXTRACTED
g9974,U_g9974/ZN,120.27,21.0,False,9281,3.4880114,2.916593567,7.709214,11.1972254,EXTRACTED
g999,U_g999/Q,75.24,107.8,True,16602,2.27972077,2.50148514,8.298234,10.577954770000002,EXTRACTED
g9995,U_g9995/ZN,106.78,25.2,False,12250,2.5109095,1.5234880809999998,7.774381,10.2852905,EXTRACTED
net1,input1/Z,1.9,2.8,False,0,0.01742614,0.0,1.70023,1.7176561399999999,EXTRACTED
net10,input10/Z,144.02,32.2,False,0,0.52394963,0.507045375,2.618375,3.14232463,EXTRACTED
net100,U_g2606/ZN,43.89,2.8,True,16838,0.510482,0.017593900000000003,0.974659,1.485141,EXTRACTED
net101,U_g2607/ZN,7.22,78.4,True,16861,0.46089399999999997,0.08972184999999999,0.974659,1.435553,EXTRACTED
net102,U_g2608/ZN,3.42,81.2,True,16909,0.07840420000000001,0.000716188,0.974659,1.0530632,EXTRACTED
net103,U_g2609/ZN,143.26,68.6,True,16305,0.16441940000000002,0.0171038,0.974659,1.1390784,EXTRACTED
net104,U_g2610/ZN,139.84,112.0,True,16688,0.6348560000000001,0.40850002,0.974659,1.609515,EXTRACTED
net105,U_g2611/ZN,140.98,98.0,True,16787,0.86846,0.046407779999999996,0.974659,1.8431190000000002,EXTRACTED
net106,U_g2612/ZN,3.04,86.8,True,16831,0.1116056,0.09257348800000001,0.974659,1.0862646,EXTRACTED
net107,U_g2648/ZN,57.38,4.2,True,16838,0.5472600000000001,0.105799441,0.974659,1.521919,EXTRACTED
net108,U_g2986/ZN,70.68,1.4,True,16345,0.1227968,0.0,0.974659,1.0974558,EXTRACTED
net109,U_g3007/ZN,73.91,1.4,True,16875,0.0564328,0.03289022,0.974659,1.0310918,EXTRACTED
net11,input11/Z,130.72,1.4,False,0,0.9377,0.93373202497,2.618375,3.556075,EXTRACTED
net110,U_g3069/ZN,8.74,29.4,True,16644,0.787634,0.3217352,0.974659,1.762293,EXTRACTED
net111,U_g3327/ZN,145.35,112.0,False,0,0.562392,0.14662293999999998,0.974659,1.537051,EXTRACTED
net112,U_g4171/ZN,12.35,81.2,False,10253,0.285348,0.18593434,0.974659,1.260007,EXTRACTED
net113,U_g4172/ZN,6.08,78.4,True,16920,0.18043240000000002,0.1384159,0.974659,1.1550914,EXTRACTED
net114,U_g4173/ZN,62.32,4.2,True,16215,0.0609692,0.05724489,0.974659,1.0356282,EXTRACTED
net115,U_g4174/ZN,55.67,4.2,True,16097,0.1058772,0.06498573,0.974659,1.0805362,EXTRACTED
net116,U_g4175/ZN,4.37,32.2,True,16297,0.16415980000000002,0.17171379199999998,0.974659,1.1388188000000001,EXTRACTED
net117,U_g4176/ZN,56.43,1.4,True,16163,0.490986,0.36265406000000006,0.974659,1.465645,EXTRACTED
net118,U_g4177/ZN,64.6,2.8,True,16257,0.202034,0.21346094999999998,0.974659,1.176693,EXTRACTED
net119,U_g4178/ZN,68.59,4.2,True,16042,0.1032316,0.01302067,0.974659,1.0778906000000001,EXTRACTED
net12,input12/Z,133.0,1.4,False,0,1.08458231,0.5949389649999998,2.618375,3.70295731,EXTRACTED
net120,U_g4179/ZN,54.91,4.2,True,16121,0.0780246,0.00719234,0.974659,1.0526836,EXTRACTED
net121,U_g4180/ZN,119.7,4.2,True,16842,0.370132,0.8242938729999999,0.974659,1.344791,EXTRACTED
net122,U_g4181/ZN,78.28,1.4,True,16798,0.742864,0.55282345,0.974659,1.717523,EXTRACTED
net123,U_g4191/ZN,94.05,2.8,False,0,0.340814,0.300633164,0.974659,1.3154730000000001,EXTRACTED
net124,U_g4192/ZN,83.22,2.8,False,0,0.349776,0.25977874,0.974659,1.324435,EXTRACTED
net125,U_g4193/ZN,81.13,1.4,False,0,0.01742614,0.0,0.974659,0.99208514,EXTRACTED
net126,U_g4194/ZN,84.74,2.8,False,0,0.0872274,0.18120499,0.974659,1.0618864000000001,EXTRACTED
net127,U_g4195/ZN,83.03,4.2,False,0,0.22464800000000001,0.67672291,0.974659,1.1993070000000001,EXTRACTED
net128,U_g4196/ZN,86.64,1.4,False,0,0.0439218,0.12652261,0.974659,1.0185808,EXTRACTED
net129,U_g4197/ZN,76.19,1.4,False,0,0.1459154,0.26660672,0.974659,1.1205744,EXTRACTED
net13,input13/Z,130.15,1.4,False,0,1.0621786,0.803899438,2.618375,3.6805535999999996,EXTRACTED
net130,U_g4198/ZN,86.26,1.4,False,0,0.1311108,0.097751752,0.974659,1.1057698,EXTRACTED
net131,U_g4199/ZN,84.17,2.8,False,0,0.480176,0.47645513399999995,0.974659,1.454835,EXTRACTED
net132,U_g4200/ZN,89.87,2.8,False,0,0.266782,0.41793012,0.974659,1.241441,EXTRACTED
net133,U_g4201/ZN,96.14,2.8,False,0,0.0390832,0.030324829999999997,0.974659,1.0137422,EXTRACTED
net134,U_g4202/ZN,87.02,2.8,False,0,0.246474,0.51390747,0.974659,1.221133,EXTRACTED
net135,U_g4203/ZN,96.14,4.2,False,0,0.29569,0.29559156000000003,0.974659,1.270349,EXTRACTED
net136,U_g4204/ZN,90.25,1.4,False,0,0.04315,0.16488343099999997,0.974659,1.017809,EXTRACTED
net137,U_g4205/ZN,136.04,33.6,False,0,0.774362,0.49265094000000004,0.974659,1.749021,EXTRACTED
net138,U_g4206/ZN,132.62,2.8,False,0,0.1080458,0.13251728799999998,0.974659,1.0827048000000001,EXTRACTED
net139,U_g4207/ZN,144.21,36.4,False,0,0.277076,0.21564691,0.974659,1.251735,EXTRACTED
net14,input14/Z,136.42,30.8,False,0,1.2807279999999999,1.037767002,2.618375,3.8991029999999998,EXTRACTED
net140,U_g4208/ZN,145.35,32.2,False,0,0.10849260000000001,0.057076110000000006,0.974659,1.0831516,EXTRACTED
net141,U_g4209/ZN,134.52,1.4,False,0,0.0943026,0.01710249,0.974659,1.0689616,EXTRACTED
net142,U_g4210/ZN,145.54,35.0,False,0,0.0806646,0.0,0.974659,1.0553236000000001,EXTRACTED
net143,U_g4211/ZN,144.21,33.6,False,0,0.035426799999999994,0.03116228,0.974659,1.0100858000000001,EXTRACTED
net144,U_g4212/ZN,126.73,1.4,False,0,0.582552,0.4782520800000001,0.974659,1.5572110000000001,EXTRACTED
net145,U_g4213/ZN,129.39,1.4,False,0,0.1120652,0.36801143,0.974659,1.0867242000000001,EXTRACTED
net146,U_g4214/ZN,128.63,1.4,False,0,0.296624,0.30439836800000003,0.974659,1.271283,EXTRACTED
net147,U_g4215/ZN,141.55,35.0,False,0,0.436522,0.14232302,0.974659,1.411181,EXTRACTED
net148,U_g4216/ZN,144.59,29.4,False,0,0.0877788,0.048555299999999996,0.974659,1.0624378,EXTRACTED
net149,U_g4887/ZN,3.04,30.8,False,0,0.16794720000000002,0.03325463,0.974659,1.1426062000000001,EXTRACTED
net15,input15/Z,145.16,29.4,False,0,0.8155169999999999,0.12152588199999999,2.618375,3.4338919999999997,EXTRACTED
net150,U_g4888/ZN,145.92,1.4,False,0,0.1624472,0.160989,0.974659,1.1371062,EXTRACTED
net151,U_g5101/ZN,76.57,142.8,False,0,0.580942,0.1389166,0.974659,1.555601,EXTRACTED
net152,U_g5105/ZN,145.92,117.6,False,0,0.1712796,0.13060631399999997,0.974659,1.1459386,EXTRACTED
net153,U_g5658/ZN,73.15,5.6,False,0,0.43813979000000003,0.730209602,0.974659,1.41279879,EXTRACTED
net154,U_g5659/ZN,74.67,1.4,False,0,0.0593532,0.0028243499999999998,0.974659,1.0340122,EXTRACTED
net155,U_g5816/ZN,93.86,137.2,True,16649,0.859135,0.18033922,0.974659,1.8337940000000001,EXTRACTED
net156,U_g6253/ZN,145.16,64.4,False,0,0.0682122,0.09416177999999999,0.974659,1.0428712,EXTRACTED
net157,U_g6254/ZN,115.14,5.6,False,0,0.33943599999999996,0.64392171,0.974659,1.314095,EXTRACTED
net158,U_g6255/ZN,117.61,7.0,False,0,0.0861508,0.06648409,0.974659,1.0608098000000001,EXTRACTED
net159,U_g6256/ZN,120.84,2.8,False,0,0.283532,0.16273093,0.974659,1.258191,EXTRACTED
net16,input16/Z,139.27,1.4,False,0,1.9759778,0.469159831,2.618375,4.594352799999999,EXTRACTED
net160,U_g6257/ZN,130.15,9.8,False,0,0.381534,0.281787272,0.974659,1.356193,EXTRACTED
net161,U_g6258/ZN,117.99,1.4,False,0,0.0906014,0.0019025020000000001,0.974659,1.0652604,EXTRACTED
net162,U_g6259/ZN,119.32,2.8,False,0,0.64529441,0.9770091059999998,0.974659,1.61995341,EXTRACTED
net163,U_g6260/ZN,118.37,1.4,False,0,0.78352149,0.5396041100000001,0.974659,1.75818049,EXTRACTED
net164,U_g6261/ZN,124.64,5.6,False,0,0.1707386,0.09818497,0.974659,1.1453976000000001,EXTRACTED
net165,U_g6262/ZN,114.76,2.8,False,0,0.0691292,0.06063521,0.974659,1.0437882,EXTRACTED
net166,U_g6263/ZN,98.04,2.8,False,0,0.0838108,0.010391817999999999,0.974659,1.0584698000000001,EXTRACTED
net167,U_g6264/ZN,17.1,144.2,False,0,0.0132445,0.006561849999999999,0.974659,0.9879035,EXTRACTED
net168,U_g6265/ZN,59.85,2.8,False,0,0.1743556,0.03808514,0.974659,1.1490146,EXTRACTED
net169,U_g6266/ZN,140.22,142.8,False,0,0.1896244,0.24674700000000002,0.974659,1.1642834,EXTRACTED
net17,input17/Z,144.59,35.0,False,0,1.5628961,0.679800642,2.618375,4.1812711,EXTRACTED
net170,U_g6267/ZN,73.53,144.2,False,0,0.1718606,0.12854367,0.974659,1.1465196,EXTRACTED
net171,U_g6268/ZN,144.78,123.2,False,0,0.286948,0.10072552,0.974659,1.2616070000000001,EXTRACTED
net172,U_g6269/ZN,143.83,124.6,False,0,0.0428952,0.0,0.974659,1.0175542,EXTRACTED
net173,U_g6270/ZN,63.08,144.2,False,0,0.457736,0.3144539,0.974659,1.432395,EXTRACTED
net174,U_g6271/ZN,79.61,141.4,False,0,0.456586,0.169948176,0.974659,1.431245,EXTRACTED
net175,U_g6272/ZN,82.27,144.2,False,0,0.41265966,0.7788344,0.974659,1.38731866,EXTRACTED
net176,U_g6273/ZN,85.69,144.2,False,0,0.33434600000000003,0.44291727200000003,0.974659,1.309005,EXTRACTED
net177,U_g6274/ZN,55.86,142.8,False,0,0.384052,0.09068243800000002,0.974659,1.358711,EXTRACTED
net178,U_g6275/ZN,68.02,144.2,False,0,0.11389980000000001,0.00410354,0.974659,1.0885588000000002,EXTRACTED
net179,U_g6276/ZN,65.36,142.8,False,0,0.12386299999999999,0.02698708,0.974659,1.098522,EXTRACTED
net18,input18/Z,144.59,32.2,False,0,1.01233775,0.44768396000000005,2.618375,3.63071275,EXTRACTED
net180,U_g6277/ZN,144.4,126.0,False,0,0.1221978,0.056846190000000005,0.974659,1.0968568,EXTRACTED
net181,U_g6278/ZN,140.22,131.6,False,0,0.739323,0.41852602,0.974659,1.7139820000000001,EXTRACTED
net182,U_g6279/ZN,144.21,4.2,False,0,0.405874,0.000677409,0.974659,1.380533,EXTRACTED
net183,U_g6280/ZN,3.04,2.8,False,0,0.1294298,0.03255338,0.974659,1.1040888,EXTRACTED
net184,U_g6281/ZN,141.55,124.6,False,0,0.449386,0.12517709999999999,0.974659,1.424045,EXTRACTED
net185,U_g6282/ZN,144.21,120.4,False,0,0.1282766,0.08917089,0.974659,1.1029356000000001,EXTRACTED
net186,U_g6283/ZN,2.47,86.8,False,0,0.07840420000000001,0.000716188,0.974659,1.0530632,EXTRACTED
net187,U_g6284/ZN,29.83,138.6,False,0,0.1454538,0.041645922,0.974659,1.1201128,EXTRACTED
net188,U_g6285/ZN,2.47,32.2,False,0,0.08026900000000001,0.002877032,0.974659,1.054928,EXTRACTED
net189,U_g6842/ZN,135.66,63.0,False,4729,0.35310400000000003,0.48041296999999994,0.974659,1.327763,EXTRACTED
net19,input19/Z,138.32,61.6,False,0,1.1853166,0.8729746479999998,8.590223,9.7755396,EXTRACTED
net190,U_g6920/ZN,107.92,144.2,False,17302,0.282284,0.040599183999999996,0.974659,1.2569430000000001,EXTRACTED
net191,U_g6926/ZN,76.19,144.2,False,17818,0.0851408,0.0,0.974659,1.0597998,EXTRACTED
net192,U_g6932/ZN,143.64,68.6,False,20200,0.297424,0.07609794,0.974659,1.272083,EXTRACTED
net193,U_g6942/ZN,106.78,142.8,False,16685,0.384502,0.032573500000000005,0.974659,1.359161,EXTRACTED
net194,U_g6949/ZN,144.78,116.2,False,16579,0.1230654,0.13530721999999998,0.974659,1.0977244000000002,EXTRACTED
net195,U_g6955/ZN,94.62,144.2,False,16685,0.1958812,0.03541511,0.974659,1.1705402,EXTRACTED
net196,U_g7744/ZN,7.98,138.6,False,0,0.48460000000000003,0.0,0.974659,1.459259,EXTRACTED
net197,U_g8061/ZN,76.57,144.2,False,0,0.044144,0.081224452,0.974659,1.0188030000000001,EXTRACTED
net198,U_g8062/ZN,145.16,116.2,False,0,0.0398996,0.027235250000000003,0.974659,1.0145586,EXTRACTED
net199,U_g8271/ZN,99.94,142.8,True,16649,0.0756346,0.01008755,0.974659,1.0502936,EXTRACTED
net2,input2/Z,144.78,117.6,False,0,0.71856212,0.36293032,2.48006,3.19862212,EXTRACTED
net20,input20/Z,143.45,75.6,False,0,0.18673320000000002,0.024199115,0.77983,0.9665632000000001,EXTRACTED
net200,U_g8313/ZN,35.34,141.4,False,7939,0.329074,0.07510313,0.974659,1.303733,EXTRACTED
net201,U_g8316/ZN,28.5,144.2,False,8077,0.1477274,0.18694284,0.974659,1.1223864000000001,EXTRACTED
net202,U_g8318/ZN,20.52,144.2,False,8072,0.0960776,0.123303992,0.974659,1.0707366,EXTRACTED
net203,U_g8323/ZN,21.28,144.2,False,8058,0.1592228,0.23059315,0.974659,1.1338818000000002,EXTRACTED
net204,U_g8328/ZN,22.04,142.8,False,7932,0.209446,0.163988712,0.974659,1.184105,EXTRACTED
net205,U_g8331/ZN,30.21,138.6,False,8070,0.54321183,0.50887633,0.974659,1.5178708300000001,EXTRACTED
net206,U_g8335/ZN,32.11,135.8,False,8076,0.6460256,0.57258543,0.974659,1.6206846000000001,EXTRACTED
net207,U_g8340/ZN,34.2,141.4,False,7936,0.4556918,0.8844803499999999,0.974659,1.4303508,EXTRACTED
net208,U_g8347/ZN,37.62,144.2,False,8074,0.146611,0.244150818,0.974659,1.12127,EXTRACTED
net209,U_g8349/ZN,14.44,144.2,False,8055,0.1608716,0.021038150000000002,0.974659,1.1355306,EXTRACTED
net21,input21/Z,100.32,142.8,False,0,0.253308,0.03265764,0.77983,1.0331380000000001,EXTRACTED
net210,U_g8352/ZN,24.51,138.6,False,8054,0.348674,0.1490319,0.974659,1.323333,EXTRACTED
net211,U_g8561/ZN,109.06,144.2,False,17302,0.448032,0.04857090000000001,0.974659,1.422691,EXTRACTED
net212,U_g8562/ZN,75.24,144.2,False,17818,0.0833888,0.000716188,0.974659,1.0580478,EXTRACTED
net213,U_g8563/ZN,138.89,64.4,False,20200,0.611852,0.14503206999999999,0.974659,1.586511,EXTRACTED
net214,U_g8564/ZN,107.16,142.8,False,16685,0.1206412,0.007452154000000001,0.974659,1.0953002,EXTRACTED
net215,U_g8565/ZN,145.92,112.0,False,16579,0.665384,0.199417562,0.974659,1.640043,EXTRACTED
net216,U_g8566/ZN,98.42,144.2,False,16685,0.01742614,0.0,0.974659,0.99208514,EXTRACTED
net217,U_g8976/ZN,37.24,144.2,False,16834,0.1180414,0.44800495800000006,0.974659,1.0927004,EXTRACTED
net218,U_g8977/ZN,36.29,144.2,False,16594,0.255246,0.337144,0.974659,1.229905,EXTRACTED
net219,U_g8978/ZN,31.16,141.4,False,16825,0.283502,0.17777626400000002,0.974659,1.258161,EXTRACTED
net22,input22/Z,88.54,142.8,False,0,3.6019727,3.33163158,3.64949,7.2514627,EXTRACTED
net220,U_g8979/ZN,21.66,142.8,False,16819,0.0824014,0.00648777,0.974659,1.0570604000000001,EXTRACTED
net221,U_g8980/ZN,20.52,140.0,False,16788,0.510003,0.6406628940000001,0.974659,1.4846620000000001,EXTRACTED
net222,U_g8981/ZN,23.94,141.4,False,16567,0.1662174,0.09620098,0.974659,1.1408764,EXTRACTED
net223,U_g8982/ZN,27.17,138.6,False,16813,0.6324338,0.766627475,0.974659,1.6070928000000002,EXTRACTED
net224,U_g8983/ZN,31.54,140.0,False,16840,0.0852692,0.0006383280000000001,0.974659,1.0599282,EXTRACTED
net225,U_g8984/ZN,33.44,140.0,False,16576,0.6218159999999999,0.351223315,0.974659,1.5964749999999999,EXTRACTED
net226,U_g8985/ZN,15.96,141.4,False,16783,0.22431,0.037268369999999995,0.974659,1.198969,EXTRACTED
net227,U_g8986/ZN,25.65,140.0,False,16767,0.42539,0.335435121,0.974659,1.400049,EXTRACTED
net228,U_g9451/ZN,123.31,1.4,False,0,0.746774,0.70030599497,0.974659,1.7214330000000002,EXTRACTED
net229,U_g9961/ZN,128.82,5.6,False,0,0.104016,0.111707708,0.974659,1.078675,EXTRACTED
net23,input23/Z,143.83,2.8,False,0,0.0790878,0.0,1.70023,1.7793177999999998,EXTRACTED
net24,input24/Z,1.9,30.8,False,0,0.01742614,0.0,1.70023,1.7176561399999999,EXTRACTED
net25,input25/Z,145.35,117.6,False,0,0.6862583,0.127556016,2.48006,3.1663183,EXTRACTED
net256,place257/Z,75.43,106.4,False,6479,9.319569800000002,8.871013583800003,21.819814,31.139383800000004,EXTRACTED
net257,place258/Z,89.3,113.4,False,0,17.790761180000004,15.69951979474,24.286439,42.077200180000006,EXTRACTED
net258,place259/Z,108.49,42.0,False,0,4.8643953600000005,4.154881691000001,28.121750000000002,32.98614536,EXTRACTED
net259,place260/Z,118.75,46.2,True,16639,6.14926527,2.5801218309999987,10.225405,16.37467027,EXTRACTED
net26,input26/Z,7.6,144.2,False,0,0.7944775,0.0,1.70023,2.4947074999999996,EXTRACTED
net260,place261/Z,135.85,78.4,True,16251,5.222129709999999,5.8020008149999995,11.101314,16.32344371,EXTRACTED
net261,place262/Z,120.84,117.6,False,0,13.409071450000003,10.194190774,94.49545,107.90452145,EXTRACTED
net262,place263/Z,66.69,131.6,False,0,8.446010679999999,5.200396542999998,56.69727,65.14328068,EXTRACTED
net263,place264/Z,123.12,98.0,False,0,14.805952730000001,10.157851247999993,83.04529600000001,97.85124873000001,EXTRACTED
net264,place265/Z,132.62,78.4,False,0,9.90663453,6.266402327,63.501054,73.40768853,EXTRACTED
net265,place266/Z,96.14,75.6,False,0,14.021643079999999,11.668818394999997,98.275268,112.29691108,EXTRACTED
net266,place267/Z,98.99,51.8,False,0,6.51326849,4.521546393490002,37.420254,43.93352249,EXTRACTED
net267,place268/Z,50.73,88.2,False,0,15.508114979999998,11.220624038969998,109.614722,125.12283698,EXTRACTED
net268,place269/Z,51.3,86.8,False,0,6.465309229999999,4.921479896489996,58.209253000000004,64.67456223,EXTRACTED
net269,place270/Z,21.85,50.4,False,0,5.734358779999999,3.3725614119999987,34.018362,39.752720780000004,EXTRACTED
net27,input27/Z,2.47,79.8,False,0,3.8216458,1.1589607780000002,2.48006,6.301705800000001,EXTRACTED
net270,place271/Z,46.74,40.6,False,0,13.576345100000003,11.047432650000014,106.809563,120.3859081,EXTRACTED
net271,place272/Z,73.72,44.8,False,0,17.19904743,16.06071097999999,105.346278,122.54532542999999,EXTRACTED
net272,place273/Z,85.69,25.2,False,0,6.929855610000003,5.048428706999998,54.807361,61.737216610000004,EXTRACTED
net273,place274/Z,100.7,47.6,False,0,6.9565759499999995,7.336632082000004,57.183303,64.13987895,EXTRACTED
net274,place275/Z,75.81,44.8,False,0,7.149351000000001,6.562173938,18.031351,25.180702000000004,EXTRACTED
net275,place276/Z,113.81,7.0,False,0,3.316206,3.4144349720000013,34.029994,37.3462,EXTRACTED
net276,hold277/Z,9.5,37.8,True,17012,0.357408,0.00365322,0.77983,1.137238,EXTRACTED
net277,hold278/Z,19.38,36.4,True,17012,0.242588,0.109531,0.918794,1.161382,EXTRACTED
net278,hold279/Z,145.16,63.0,False,0,0.1724904,0.049705,0.77983,0.9523204000000001,EXTRACTED
net279,hold280/Z,144.59,64.4,False,0,0.49377329999999997,0.5411938829999999,2.239358,2.7331313,EXTRACTED
net28,input28/Z,145.16,65.8,False,0,0.16647673000000002,0.14113661,2.48006,2.64653673,EXTRACTED
net280,hold281/Z,145.73,63.0,False,0,0.0911386,0.000716188,0.77983,0.8709686,EXTRACTED
net281,hold282/Z,145.73,65.8,False,0,0.064961,0.0165458,0.974659,1.03962,EXTRACTED
net282,hold283/Z,145.54,64.4,False,0,0.1087918,0.053846002000000004,0.77983,0.8886218,EXTRACTED
net283,hold284/Z,143.83,121.8,False,0,0.33707000000000004,0.053283144,0.77983,1.1169,EXTRACTED
net284,hold285/Z,137.75,114.8,False,0,1.254859,0.5799233899999999,2.239358,3.494217,EXTRACTED
net285,hold286/Z,145.16,121.8,False,0,0.1309456,0.05333589,0.77983,0.9107756,EXTRACTED
net286,hold287/Z,142.31,124.6,False,0,0.17303659999999998,0.0,0.974659,1.1476956,EXTRACTED
net287,hold288/Z,139.27,120.4,False,0,0.444584,0.1437253,0.77983,1.224414,EXTRACTED
net288,hold289/Z,1.9,88.2,False,0,0.044141,0.00027791700000000003,0.77983,0.823971,EXTRACTED
net289,hold290/Z,22.42,86.8,False,0,1.1163379999999998,1.5276226869999996,2.239358,3.355696,EXTRACTED
net29,input29/Z,119.32,1.4,False,0,1.3687960499999998,0.7238817649999999,3.618334,4.987130049999999,EXTRACTED
net290,hold291/Z,1.33,88.2,False,0,0.01742614,0.0,0.77983,0.79725614,EXTRACTED
net291,hold292/Z,2.85,88.2,False,0,0.0862174,0.000843215,0.974659,1.0608764000000002,EXTRACTED
net292,hold293/Z,13.3,86.8,False,0,0.499828,0.31825715999999993,0.77983,1.279658,EXTRACTED
net293,hold294/Z,59.66,4.2,False,0,0.20324399999999998,0.25132958,0.77983,0.983074,EXTRACTED
net294,hold295/Z,58.14,12.6,False,0,1.1394380000000002,0.5417678459999999,2.239358,3.3787960000000004,EXTRACTED
net295,hold296/Z,58.14,2.8,False,0,0.1422226,0.05711352499999999,0.77983,0.9220526,EXTRACTED
net296,hold297/Z,61.18,7.0,False,0,0.126975,0.107577582,0.974659,1.101634,EXTRACTED
net297,hold298/Z,60.61,11.2,False,0,0.359608,0.063964018,0.77983,1.139438,EXTRACTED
net298,hold299/Z,145.16,120.4,False,0,0.1200956,0.09409819,0.77983,0.8999256,EXTRACTED
net299,hold300/Z,135.47,114.8,False,0,0.9635213,0.8451533019999999,2.239358,3.2028793,EXTRACTED
net3,input3/Z,140.22,124.6,False,0,0.8812312,0.27940218,2.48006,3.3612912,EXTRACTED
net30,input30/Z,123.31,2.8,False,0,0.5963919,0.8579526466999999,2.640322,3.2367139,EXTRACTED
net300,hold301/Z,145.73,121.8,False,0,0.1093996,0.06486969,0.77983,0.8892296000000001,EXTRACTED
net301,hold302/Z,144.59,119.0,False,0,0.0504246,0.06361349999999999,0.974659,1.0250836,EXTRACTED
net302,hold303/Z,140.41,116.2,False,0,0.422404,0.02484573,0.77983,1.202234,EXTRACTED
net303,hold304/Z,1.33,79.8,False,0,0.1185404,0.00683627,0.77983,0.8983704,EXTRACTED
net304,hold305/Z,11.21,81.2,False,0,4.76017602,0.42635643199999995,2.239358,6.9995340200000005,EXTRACTED
net305,hold306/Z,6.08,117.6,False,0,0.1701702,0.0,0.77983,0.9500002000000001,EXTRACTED
net306,hold307/Z,20.9,98.0,False,0,4.954969999999999,0.46681873999999995,2.239358,7.194328,EXTRACTED
net307,hold308/Z,3.04,119.0,False,0,0.24674799999999997,0.0,0.77983,1.026578,EXTRACTED
net308,hold309/Z,9.12,117.6,False,0,0.23005599999999998,0.0,0.974659,1.204715,EXTRACTED
net309,hold310/Z,145.54,71.4,False,0,0.422322,0.0694262,0.974659,1.396981,EXTRACTED
net31,input31/Z,118.56,8.4,False,0,0.382994,0.20905383,1.70023,2.083224,EXTRACTED
net310,hold311/Z,143.64,78.4,False,0,0.046939800000000004,0.07536647499999999,1.70023,1.7471698,EXTRACTED
net311,hold312/Z,135.09,82.6,False,0,1.25820705,1.3038719920000001,5.364308,6.6225150500000005,EXTRACTED
net312,hold313/Z,1.33,81.2,False,0,0.1062062,0.00394106,0.77983,0.8860362,EXTRACTED
net313,hold314/Z,2.28,81.2,False,0,0.0880662,0.00970261,0.974659,1.0627252,EXTRACTED
net314,hold315/Z,145.73,70.0,False,0,0.11318,0.0,0.77983,0.8930100000000001,EXTRACTED
net315,hold316/Z,145.73,120.4,False,0,0.1825614,0.08087731000000001,0.974659,1.1572204000000001,EXTRACTED
net316,hold317/Z,140.98,114.8,False,0,0.617224,0.37549036699999994,3.198064,3.815288,EXTRACTED
net317,hold318/Z,134.9,112.0,False,5464,0.1421808,0.031210900000000003,1.599032,1.7412128,EXTRACTED
net318,hold319/Z,133.95,110.6,False,16772,0.184336,0.028668820000000005,1.70023,1.884566,EXTRACTED
net319,hold320/Z,99.37,144.2,False,0,0.1123218,0.00759951,0.974659,1.0869808,EXTRACTED
net32,input32/Z,119.13,7.0,False,0,0.4739797,0.31056068000000003,1.70023,2.1742097,EXTRACTED
net320,hold321/Z,99.37,140.0,False,0,0.41905000000000003,0.010548216000000001,0.918145,1.337195,EXTRACTED
net321,hold322/Z,97.09,135.8,False,5030,0.0278286,0.0913747,0.941939,0.9697676,EXTRACTED
net322,hold323/Z,64.03,144.2,False,0,0.060454600000000004,0.09273145,0.974659,1.0351136,EXTRACTED
net323,hold324/Z,65.17,144.2,False,0,0.16423480000000001,0.203491048,0.918145,1.0823798,EXTRACTED
net324,hold325/Z,63.84,140.0,False,0,0.31079,0.156826045,0.946814,1.2576040000000002,EXTRACTED
net325,hold326/Z,63.84,134.4,False,5510,0.1192124,0.0238418,1.119679,1.2388914,EXTRACTED
net326,hold327/Z,79.42,144.2,False,0,0.0874238,0.0006383280000000001,0.974659,1.0620828,EXTRACTED
net327,hold328/Z,78.85,142.8,False,0,0.1593542,0.15647991500000002,0.918145,1.0774992,EXTRACTED
net328,hold329/Z,79.8,140.0,False,0,0.24497400000000003,0.051889569999999996,0.946814,1.191788,EXTRACTED
net329,hold330/Z,78.85,138.6,False,5506,0.241462,0.2282997,1.119679,1.3611410000000002,EXTRACTED
net33,input33/Z,120.46,1.4,False,0,0.054216799999999996,0.083561306,1.70023,1.7544468,EXTRACTED
net330,hold331/Z,72.96,144.2,False,0,0.095678,0.01236781,0.974659,1.070337,EXTRACTED
net331,hold332/Z,76.95,144.2,False,0,0.1332842,0.20980458999999999,0.918145,1.0514292,EXTRACTED
net332,hold333/Z,82.08,138.6,False,0,0.37952800000000003,0.062073868000000004,0.946814,1.3263420000000001,EXTRACTED
net333,hold334/Z,67.45,144.2,False,0,0.0879352,0.01841167,0.974659,1.0625942000000002,EXTRACTED
net334,hold335/Z,68.4,144.2,False,0,0.0741436,0.004488239999999999,0.918145,0.9922886,EXTRACTED
net335,hold336/Z,69.54,128.8,False,0,0.9735819,0.852990271,0.946814,1.9203959,EXTRACTED
net336,hold337/Z,145.73,124.6,False,0,0.0704678,0.0541798,0.974659,1.0451268,EXTRACTED
net337,hold338/Z,138.32,124.6,False,0,0.45207400000000003,0.56765283,0.918145,1.370219,EXTRACTED
net338,hold339/Z,130.34,120.4,False,0,0.444004,0.0077253700000000005,0.946814,1.390818,EXTRACTED
net339,hold340/Z,71.06,144.2,False,0,0.1004732,0.0778868,0.974659,1.0751322,EXTRACTED
net34,input34/Z,112.67,1.4,False,0,0.282518,0.527959325,6.258425,6.5409429999999995,EXTRACTED
net340,hold341/Z,71.82,142.8,False,0,0.0696926,0.01570873,0.918145,0.9878376,EXTRACTED
net341,hold342/Z,83.03,141.4,False,0,0.547574,0.1214704,0.946814,1.494388,EXTRACTED
net342,hold343/Z,145.16,127.4,False,0,0.08438760000000001,0.053273600000000004,0.974659,1.0590466,EXTRACTED
net343,hold344/Z,138.13,127.4,False,0,0.47849600000000003,0.13215703000000004,0.918145,1.396641,EXTRACTED
net344,hold345/Z,124.64,126.0,False,0,0.596238,0.14901824,0.946814,1.543052,EXTRACTED
net345,hold346/Z,63.46,144.2,False,0,0.075795,0.013676571999999998,0.974659,1.050454,EXTRACTED
net346,hold347/Z,64.79,142.8,False,0,0.0738818,0.04786153,0.918145,0.9920268,EXTRACTED
net347,hold348/Z,65.74,128.8,False,0,1.0528339999999998,0.42381768899999994,0.946814,1.9996479999999999,EXTRACTED
net348,hold349/Z,81.13,144.2,False,0,0.01742614,0.0,0.974659,0.99208514,EXTRACTED
net349,hold350/Z,85.12,140.0,False,0,0.46139199999999997,0.2540801,0.918145,1.379537,EXTRACTED
net35,input35/Z,113.24,1.4,False,0,0.23895,0.30794752599999997,1.70023,1.93918,EXTRACTED
net350,hold351/Z,96.14,133.0,False,0,0.3472,0.4051034,0.946814,1.294014,EXTRACTED
net351,hold352/Z,145.16,124.6,False,0,0.1529956,0.014457578000000002,0.974659,1.1276546,EXTRACTED
net352,hold353/Z,137.75,124.6,False,0,0.3734,0.586827462,0.918145,1.291545,EXTRACTED
net353,hold354/Z,130.91,117.6,False,0,0.44278999999999996,0.3309721,0.946814,1.389604,EXTRACTED
net354,hold355/Z,5.51,82.6,False,0,0.31489799999999996,0.152609628,0.974659,1.289557,EXTRACTED
net355,hold356/Z,11.78,81.2,False,0,0.12244476000000001,0.14278282000000003,3.198064,3.32050876,EXTRACTED
net356,hold357/Z,13.87,81.2,False,6524,0.067205,0.018282299999999998,1.599032,1.666237,EXTRACTED
net357,hold358/Z,145.73,126.0,False,0,0.1552076,0.08180376,0.974659,1.1298666000000002,EXTRACTED
net358,hold359/Z,137.37,127.4,False,0,0.472578,0.27511990000000003,0.918145,1.390723,EXTRACTED
net359,hold360/Z,123.31,130.2,False,0,0.623428,0.0,0.946814,1.570242,EXTRACTED
net36,input36/Z,129.58,9.8,False,0,1.00432019,1.2284153119999999,4.971832,5.9761521900000005,EXTRACTED
net360,hold361/Z,145.73,18.2,False,0,0.204924,0.025454389999999997,1.421162,1.626086,EXTRACTED
net361,hold362/Z,133.38,18.2,False,0,12.863988830000002,10.154247346999995,77.48626900000001,90.35025783,EXTRACTED
net362,hold363/Z,142.88,61.6,False,0,0.28139000000000003,0.13308197800000002,0.974659,1.256049,EXTRACTED
net363,hold364/Z,133.0,65.8,False,0,0.26387,0.2131846,1.599032,1.862902,EXTRACTED
net364,hold365/Z,132.24,64.4,False,9876,0.47348799999999996,0.33121022,1.599032,2.07252,EXTRACTED
net365,hold366/Z,137.56,60.2,False,16355,0.0413938,0.017398118,0.918145,0.9595388,EXTRACTED
net366,hold367/Z,143.07,44.8,False,0,0.29081,0.48688787,0.974659,1.265469,EXTRACTED
net367,hold368/Z,141.17,43.4,False,0,0.10145979999999999,0.129859,1.70023,1.8016898,EXTRACTED
net368,hold369/Z,62.7,1.4,False,0,0.0428952,0.0,0.974659,1.0175542,EXTRACTED
net369,hold370/Z,4.75,36.4,True,17012,0.391196,0.00365322,0.77983,1.171026,EXTRACTED
net37,input37/Z,113.81,1.4,False,0,1.02623226,0.956580802,4.942679999999999,5.96891226,EXTRACTED
net370,hold371/Z,14.25,39.2,True,17012,0.38204200000000005,0.00365322,0.974659,1.3567010000000002,EXTRACTED
net371,hold372/Z,19.38,39.2,True,17012,0.182471,0.043265349999999994,0.77983,0.9623010000000001,EXTRACTED
net372,hold373/Z,145.73,16.8,False,0,0.0931636,0.00468749,0.77983,0.8729936,EXTRACTED
net38,input38/Z,121.98,1.4,False,0,3.7556612099999995,2.2009056539700005,29.225235,32.98089621,EXTRACTED
net39,input39/Z,77.14,1.4,False,0,0.1299638,0.10626827000000001,0.97463,1.1045938,EXTRACTED
net4,input4/Z,3.42,86.8,False,0,0.60033355,0.16088393,2.48006,3.08039355,EXTRACTED
net40,input40/Z,77.71,1.4,False,0,0.0863292,0.044708442,0.918145,1.0044742,EXTRACTED
net41,input41/Z,73.72,4.2,False,0,0.12683719999999998,0.07413017000000001,0.97463,1.1014672,EXTRACTED
net42,input42/Z,78.28,5.6,False,0,0.41177800000000003,0.43963532000000005,0.918145,1.329923,EXTRACTED
net43,input43/Z,10.64,81.2,False,0,0.918964,0.42889698,4.157652000000001,5.0766160000000005,EXTRACTED
net44,input44/Z,19.0,144.2,False,0,0.605754,0.17129022000000002,1.70023,2.305984,EXTRACTED
net45,input45/Z,62.51,8.4,False,0,0.8089952999999999,0.36186283700000005,2.48006,3.2890553,EXTRACTED
net46,input46/Z,145.54,142.8,False,0,0.0815726,0.000843215,1.70023,1.7818025999999998,EXTRACTED
net47,input47/Z,110.77,140.0,False,0,8.174779999999998,4.168533292969999,15.82162,23.996399999999998,EXTRACTED
net48,input48/Z,144.21,123.2,False,0,1.0470557,0.28245856,2.48006,3.5271157,EXTRACTED
net49,input49/Z,145.73,123.2,False,0,0.570024,0.244519694,2.48006,3.050084,EXTRACTED
net5,input5/Z,11.78,116.2,False,0,4.067087,1.083090292,2.48006,6.547147,EXTRACTED
net50,input50/Z,78.09,144.2,False,0,0.1172234,0.0,1.70023,1.8174534,EXTRACTED
net51,input51/Z,143.64,116.2,False,0,0.293624,0.18263860449000002,1.70023,1.9938539999999998,EXTRACTED
net52,input52/Z,145.16,44.8,False,0,0.240594,0.20468671,1.70023,1.9408239999999999,EXTRACTED
net53,input53/Z,70.68,142.8,False,0,0.1776805,0.039394211,2.48006,2.6577405,EXTRACTED
net54,input54/Z,138.13,43.4,False,0,0.1817542,0.04061274,0.77983,0.9615842,EXTRACTED
net55,input55/Z,88.16,1.4,False,0,1.0018535000000002,1.0359916059999998,2.618375,3.6202285,EXTRACTED
net56,input56/Z,81.89,4.2,False,0,1.2828950000000001,0.37266425999999997,2.618375,3.9012700000000002,EXTRACTED
net57,input57/Z,81.7,144.2,False,0,0.6547970000000001,0.046146349999999996,2.48006,3.1348570000000002,EXTRACTED
net58,input58/Z,82.65,1.4,False,0,0.5668454,0.648382199,2.618375,3.1852204,EXTRACTED
net59,input59/Z,79.99,1.4,False,0,1.1072643,0.7605673720000001,2.618375,3.7256393,EXTRACTED
net6,input6/Z,63.65,1.4,False,0,10.101279009999999,9.707872463000003,15.710645,25.81192401,EXTRACTED
net60,input60/Z,85.12,8.4,False,0,0.6514679999999999,0.7589273,2.618375,3.269843,EXTRACTED
net61,input61/Z,72.39,144.2,False,0,0.56195879,0.45619575999999995,2.48006,3.04201879,EXTRACTED
net62,input62/Z,82.08,1.4,False,0,1.0005066,0.6026906449999999,2.618375,3.6188816,EXTRACTED
net63,input63/Z,84.55,1.4,False,0,0.7048159999999999,0.7741399379999999,2.618375,3.3231909999999996,EXTRACTED
net64,input64/Z,76.57,1.4,False,0,0.76335372,1.142505864,2.618375,3.38172872,EXTRACTED
net65,input65/Z,79.61,142.8,False,0,0.6655901,0.04739260900000001,2.48006,3.1456501,EXTRACTED
net66,input66/Z,91.2,1.4,False,0,0.503762,0.66970208,2.618375,3.122137,EXTRACTED
net67,input67/Z,93.48,2.8,False,0,0.17860510000000002,0.08115582,2.618375,2.7969801,EXTRACTED
net68,input68/Z,83.03,5.6,False,0,0.32271567,0.31868068800000005,2.618375,2.94109067,EXTRACTED
net69,input69/Z,92.34,1.4,False,0,0.32460829999999996,0.04580347,2.618375,2.9429833,EXTRACTED
net7,input7/Z,135.47,4.2,False,0,1.8048091999999998,0.038518052,2.618375,4.4231842,EXTRACTED
net70,input70/Z,65.74,144.2,False,0,0.31647759999999997,0.20340570000000002,2.48006,2.7965375999999997,EXTRACTED
net71,input71/Z,87.59,1.4,False,0,1.2547515,0.861918786,2.618375,3.8731264999999997,EXTRACTED
net72,input72/Z,79.61,2.8,False,0,0.915374,0.7822468810000002,2.618375,3.533749,EXTRACTED
net73,input73/Z,67.45,142.8,False,0,0.1279422,0.11510658,2.48006,2.6080022,EXTRACTED
net74,input74/Z,63.65,142.8,False,0,0.4842285,0.66582184,2.48006,2.9642885,EXTRACTED
net75,input75/Z,144.97,126.0,False,0,0.46497120000000003,0.43008962,2.48006,2.9450312,EXTRACTED
net76,input76/Z,144.59,127.4,False,0,0.31204921,0.6782976500000001,2.48006,2.79210921,EXTRACTED
net77,input77/Z,143.83,1.4,False,0,0.01742614,0.0,1.70023,1.7176561399999999,EXTRACTED
net78,input78/Z,145.35,21.0,False,0,7.3967463,3.8010651270000007,4.97958,12.3763263,EXTRACTED
net79,input79/Z,18.62,40.6,True,17012,0.0830454,0.0334038,0.77983,0.8628754000000001,EXTRACTED
net8,input8/Z,134.9,1.4,False,0,1.4133495,0.170481344,2.618375,4.0317245,EXTRACTED
net80,U_g10377/ZN,133.0,2.8,False,0,0.1130148,0.03418868,0.974659,1.0876738000000001,EXTRACTED
net81,U_g10379/ZN,125.78,4.2,False,0,0.14442059999999998,0.17481935499999998,0.974659,1.1190796,EXTRACTED
net82,U_g10455/ZN,120.65,12.6,False,127,1.3119689,0.789037066,0.974659,2.2866279,EXTRACTED
net83,U_g10457/ZN,107.54,9.8,False,129,1.1069015,1.0791377070000001,0.974659,2.0815605,EXTRACTED
net84,U_g10459/ZN,128.44,5.6,False,123,0.1102664,0.0323511,0.974659,1.0849254000000002,EXTRACTED
net85,U_g10461/ZN,125.21,4.2,False,128,0.1629612,0.06857443099999999,0.974659,1.1376202,EXTRACTED
net86,U_g10463/ZN,120.84,5.6,False,129,0.690952,1.0760768,0.974659,1.6656110000000002,EXTRACTED
net87,U_g10465/ZN,117.04,8.4,False,0,0.29099200000000003,0.14738265,0.974659,1.265651,EXTRACTED
net88,U_g10628/ZN,143.83,33.6,False,12547,0.48094000000000003,0.165622445,0.974659,1.455599,EXTRACTED
net89,U_g10801/ZN,127.87,9.8,False,220,0.13459020000000002,0.06956818000000001,0.974659,1.1092492,EXTRACTED
net9,input9/Z,138.7,40.6,False,0,0.966987,0.154493856,2.618375,3.585362,EXTRACTED
net90,U_g11163/ZN,121.79,2.8,False,23003,0.274792,0.55860368,0.974659,1.249451,EXTRACTED
net91,U_g11206/ZN,144.21,40.6,False,12164,1.09568,0.16723891999999996,0.974659,2.070339,EXTRACTED
net92,U_g11489/ZN,144.97,39.2,False,0,0.01742614,0.0,0.974659,0.99208514,EXTRACTED
net93,U_g1957/Q,56.24,82.6,True,16629,3.50878784,3.638502289,1.893453,5.40224084,EXTRACTED
net94,U_g2355/ZN,92.53,98.0,False,0,6.44518944,4.720822637,12.976738,19.421927439999997,EXTRACTED
net95,U_g2601/ZN,51.87,2.8,True,16758,0.0942562,0.0,0.974659,1.0689152,EXTRACTED
net96,U_g2602/ZN,30.02,135.8,True,16796,0.820434,0.7994508300000002,0.974659,1.795093,EXTRACTED
net97,U_g2603/ZN,10.83,30.8,True,17030,0.1596938,0.04639555,0.974659,1.1343528,EXTRACTED
net98,U_g2604/ZN,143.64,63.0,True,16321,0.01742614,0.0,0.974659,0.99208514,EXTRACTED
net99,U_g2605/ZN,141.36,110.6,True,16238,0.5151659999999999,0.3434762,0.974659,1.489825,EXTRACTED
phase0c_scan_in_1,PORT/test_si_1,147.46,98.35,True,16934,11.079538,2.198071702,0.918794,11.998332,EXTRACTED
test_se,PORT/test_se,147.46,14.63,False,0,0.346396,0.036513859999999995,0.77983,1.126226,EXTRACTED
test_si,PORT/test_si,0.07,34.23,True,17012,0.553744,0.01184811,0.77983,1.333574,EXTRACTED
test_so,output196/Z,26.03,142.8,True,16033,6.3286438,0.10151209,0,6.3286438,EXTRACTED
