[  0%] Built target lodepng
[  0%] Built target stb_truetype
[  0%] Built target cli_completer
[  1%] Built target def
[  2%] Built target utl_lib
[  2%] Built target defzlib
[  2%] Built target lefzlib
[  4%] Built target lef
[ 10%] Built target OpenSTA
[ 10%] Built target linenoise
[ 10%] Building CXX object third-party/slang-elab/third_party/slang/source/CMakeFiles/slang_slang.dir/parsing/Parser.cpp.o
[ 10%] Building CXX object third-party/abc/CMakeFiles/libabc.dir/src/aig/gia/giaAiger.c.o
[ 10%] Building CXX object third-party/abc/CMakeFiles/libabc.dir/src/aig/gia/giaAigerExt.c.o
[ 10%] Building CXX object third-party/abc/CMakeFiles/libabc.dir/src/aig/gia/giaBalAig.c.o
[ 10%] Building CXX object third-party/abc/CMakeFiles/libabc.dir/src/aig/gia/giaBalLut.c.o
[ 10%] Building CXX object third-party/abc/CMakeFiles/libabc.dir/src/aig/gia/giaBalMap.c.o
[ 10%] Building CXX object third-party/abc/CMakeFiles/libabc.dir/src/aig/gia/giaBidec.c.o
[ 10%] Building CXX object third-party/abc/CMakeFiles/libabc.dir/src/aig/gia/giaBsFind.c.o
[ 10%] Building CXX object third-party/abc/CMakeFiles/libabc.dir/src/aig/gia/giaCCof.c.o
[ 10%] Building CXX object third-party/abc/CMakeFiles/libabc.dir/src/aig/gia/giaCex.c.o
[ 10%] Building CXX object third-party/slang-elab/third_party/slang/source/CMakeFiles/slang_slang.dir/parsing/Parser_expressions.cpp.o
[ 10%] Building CXX object third-party/abc/CMakeFiles/libabc.dir/src/aig/gia/giaClp.c.o
[ 10%] Building CXX object third-party/abc/CMakeFiles/libabc.dir/src/aig/gia/giaCof.c.o
[ 10%] Building CXX object third-party/abc/CMakeFiles/libabc.dir/src/aig/gia/giaCone.c.o
[ 10%] Building CXX object third-party/abc/CMakeFiles/libabc.dir/src/aig/gia/giaCSatOld.c.o
[ 10%] Building CXX object third-party/abc/CMakeFiles/libabc.dir/src/aig/gia/giaCSat.c.o
[ 10%] Building CXX object third-party/abc/CMakeFiles/libabc.dir/src/aig/gia/giaCSat2.c.o
[ 10%] Building CXX object third-party/abc/CMakeFiles/libabc.dir/src/aig/gia/giaCSat3.c.o
[ 10%] Building CXX object third-party/abc/CMakeFiles/libabc.dir/src/aig/gia/giaCSatP.c.o
[ 11%] Building CXX object third-party/abc/CMakeFiles/libabc.dir/src/aig/gia/giaCTas.c.o
[ 11%] Building CXX object third-party/abc/CMakeFiles/libabc.dir/src/aig/gia/giaCut.c.o
[ 11%] Building CXX object third-party/slang-elab/third_party/slang/source/CMakeFiles/slang_slang.dir/parsing/Parser_members.cpp.o
[ 11%] Building CXX object third-party/abc/CMakeFiles/libabc.dir/src/aig/gia/giaDecs.c.o
[ 11%] Building CXX object third-party/abc/CMakeFiles/libabc.dir/src/aig/gia/giaDeep.c.o
[ 11%] Building CXX object third-party/abc/CMakeFiles/libabc.dir/src/aig/gia/giaDfs.c.o
[ 11%] Building CXX object third-party/abc/CMakeFiles/libabc.dir/src/aig/gia/giaDup.c.o
[ 11%] Building CXX object third-party/abc/CMakeFiles/libabc.dir/src/aig/gia/giaEdge.c.o
[ 11%] Building CXX object third-party/abc/CMakeFiles/libabc.dir/src/aig/gia/giaEmbed.c.o
[ 11%] Building CXX object third-party/abc/CMakeFiles/libabc.dir/src/aig/gia/giaEnable.c.o
[ 11%] Building CXX object third-party/slang-elab/third_party/slang/source/CMakeFiles/slang_slang.dir/parsing/Parser_statements.cpp.o
[ 11%] Building CXX object third-party/abc/CMakeFiles/libabc.dir/src/aig/gia/giaEquiv.c.o
[ 11%] Building CXX object third-party/abc/CMakeFiles/libabc.dir/src/aig/gia/giaEra.c.o
[ 11%] Building CXX object third-party/abc/CMakeFiles/libabc.dir/src/aig/gia/giaEra2.c.o
[ 11%] Building CXX object third-party/abc/CMakeFiles/libabc.dir/src/aig/gia/giaEsop.c.o
[ 11%] Building CXX object third-party/abc/CMakeFiles/libabc.dir/src/aig/gia/giaExist.c.o
[ 11%] Building CXX object third-party/abc/CMakeFiles/libabc.dir/src/aig/gia/giaFalse.c.o
[ 11%] Building CXX object third-party/abc/CMakeFiles/libabc.dir/src/aig/gia/giaFanout.c.o
[ 11%] Building CXX object third-party/abc/CMakeFiles/libabc.dir/src/aig/gia/giaForce.c.o
[ 11%] Building CXX object third-party/slang-elab/third_party/slang/source/CMakeFiles/slang_slang.dir/parsing/ParserBase.cpp.o
[ 11%] Building CXX object third-party/abc/CMakeFiles/libabc.dir/src/aig/gia/giaFrames.c.o
[ 11%] Building CXX object third-party/abc/CMakeFiles/libabc.dir/src/aig/gia/giaFront.c.o
[ 11%] Building CXX object third-party/abc/CMakeFiles/libabc.dir/src/aig/gia/giaFx.c.o
[ 11%] Building CXX object third-party/abc/CMakeFiles/libabc.dir/src/aig/gia/giaGen.c.o
[ 11%] Building CXX object third-party/slang-elab/third_party/slang/source/CMakeFiles/slang_slang.dir/parsing/ParserMetadata.cpp.o
[ 11%] Building CXX object third-party/abc/CMakeFiles/libabc.dir/src/aig/gia/giaGig.c.o
[ 11%] Building CXX object third-party/abc/CMakeFiles/libabc.dir/src/aig/gia/giaGlitch.c.o
[ 11%] Building CXX object third-party/abc/CMakeFiles/libabc.dir/src/aig/gia/giaHash.c.o
[ 11%] Building CXX object third-party/abc/CMakeFiles/libabc.dir/src/aig/gia/giaIf.c.o
[ 11%] Building CXX object third-party/slang-elab/third_party/slang/source/CMakeFiles/slang_slang.dir/parsing/Preprocessor.cpp.o
[ 11%] Building CXX object third-party/abc/CMakeFiles/libabc.dir/src/aig/gia/giaIff.c.o
[ 11%] Building CXX object third-party/abc/CMakeFiles/libabc.dir/src/aig/gia/giaIiff.c.o
[ 11%] Building CXX object third-party/abc/CMakeFiles/libabc.dir/src/aig/gia/giaIso.c.o
[ 11%] Building CXX object third-party/abc/CMakeFiles/libabc.dir/src/aig/gia/giaIso2.c.o
[ 11%] Building CXX object third-party/abc/CMakeFiles/libabc.dir/src/aig/gia/giaIso3.c.o
[ 11%] Building CXX object third-party/abc/CMakeFiles/libabc.dir/src/aig/gia/giaJf.c.o
[ 11%] Building CXX object third-party/abc/CMakeFiles/libabc.dir/src/aig/gia/giaKf.c.o
[ 11%] Building CXX object third-party/abc/CMakeFiles/libabc.dir/src/aig/gia/giaLf.c.o
[ 11%] Building CXX object third-party/abc/CMakeFiles/libabc.dir/src/aig/gia/giaLutCas.c.o
[ 11%] Building CXX object third-party/slang-elab/third_party/slang/source/CMakeFiles/slang_slang.dir/parsing/Preprocessor_macros.cpp.o
[ 11%] Building CXX object third-party/abc/CMakeFiles/libabc.dir/src/aig/gia/giaMf.c.o
[ 11%] Building CXX object third-party/abc/CMakeFiles/libabc.dir/src/aig/gia/giaMan.c.o
[ 11%] Building CXX object third-party/abc/CMakeFiles/libabc.dir/src/aig/gia/giaMem.c.o
[ 11%] Building CXX object third-party/abc/CMakeFiles/libabc.dir/src/aig/gia/giaMfs.c.o
[ 11%] Building CXX object third-party/abc/CMakeFiles/libabc.dir/src/aig/gia/giaMini.c.o
[ 11%] Building CXX object third-party/slang-elab/third_party/slang/source/CMakeFiles/slang_slang.dir/parsing/Preprocessor_pragmas.cpp.o
[ 11%] Building CXX object third-party/abc/CMakeFiles/libabc.dir/src/aig/gia/giaMinLut.c.o
[ 11%] Building CXX object third-party/abc/CMakeFiles/libabc.dir/src/aig/gia/giaMinLut2.c.o
[ 11%] Building CXX object third-party/abc/CMakeFiles/libabc.dir/src/aig/gia/giaMulFind.c.o
[ 11%] Building CXX object third-party/slang-elab/third_party/slang/source/CMakeFiles/slang_slang.dir/parsing/Token.cpp.o
[ 11%] Building CXX object third-party/abc/CMakeFiles/libabc.dir/src/aig/gia/giaMulFind3.c.o
[ 13%] Building CXX object third-party/abc/CMakeFiles/libabc.dir/src/aig/gia/giaMuxes.c.o
[ 13%] Building CXX object third-party/abc/CMakeFiles/libabc.dir/src/aig/gia/giaNf.c.o
[ 13%] Building CXX object third-party/slang-elab/third_party/slang/source/CMakeFiles/slang_slang.dir/syntax/CSTSerializer.cpp.o
[ 13%] Building CXX object third-party/abc/CMakeFiles/libabc.dir/src/aig/gia/giaOf.c.o
[ 13%] Building CXX object third-party/abc/CMakeFiles/libabc.dir/src/aig/gia/giaPack.c.o
[ 13%] Building CXX object third-party/abc/CMakeFiles/libabc.dir/src/aig/gia/giaPat.c.o
[ 13%] Building CXX object third-party/abc/CMakeFiles/libabc.dir/src/aig/gia/giaPat2.c.o
[ 13%] Building CXX object third-party/abc/CMakeFiles/libabc.dir/src/aig/gia/giaPf.c.o
[ 13%] Building CXX object third-party/abc/CMakeFiles/libabc.dir/src/aig/gia/giaQbf.c.o
[ 13%] Building CXX object third-party/abc/CMakeFiles/libabc.dir/src/aig/gia/giaReshape1.c.o
[ 13%] Building CXX object third-party/abc/CMakeFiles/libabc.dir/src/aig/gia/giaReshape2.c.o
[ 13%] Building CXX object third-party/abc/CMakeFiles/libabc.dir/src/aig/gia/giaResub.c.o
[ 13%] Building CXX object third-party/slang-elab/third_party/slang/source/CMakeFiles/slang_slang.dir/syntax/SyntaxFacts.cpp.o
[ 13%] Building CXX object third-party/abc/CMakeFiles/libabc.dir/src/aig/gia/giaResub2.c.o
[ 13%] Building CXX object third-party/abc/CMakeFiles/libabc.dir/src/aig/gia/giaResub3.c.o
[ 13%] Building CXX object third-party/abc/CMakeFiles/libabc.dir/src/aig/gia/giaResub6.c.o
[ 13%] Building CXX object third-party/abc/CMakeFiles/libabc.dir/src/aig/gia/giaRetime.c.o
[ 13%] Building CXX object third-party/abc/CMakeFiles/libabc.dir/src/aig/gia/giaRex.c.o
[ 13%] Building CXX object third-party/slang-elab/third_party/slang/source/CMakeFiles/slang_slang.dir/syntax/SyntaxNode.cpp.o
[ 13%] Building CXX object third-party/abc/CMakeFiles/libabc.dir/src/aig/gia/giaRrr.cpp.o
[ 13%] Building CXX object third-party/slang-elab/third_party/slang/source/CMakeFiles/slang_slang.dir/syntax/SyntaxPrinter.cpp.o
[ 13%] Building CXX object third-party/slang-elab/third_party/slang/source/CMakeFiles/slang_slang.dir/syntax/SyntaxTree.cpp.o
[ 13%] Building CXX object third-party/slang-elab/third_party/slang/source/CMakeFiles/slang_slang.dir/syntax/SyntaxVisitor.cpp.o
[ 13%] Building CXX object third-party/abc/CMakeFiles/libabc.dir/src/aig/gia/giaSatEdge.c.o
[ 13%] Building CXX object third-party/abc/CMakeFiles/libabc.dir/src/aig/gia/giaSatLE.c.o
[ 13%] Building CXX object third-party/abc/CMakeFiles/libabc.dir/src/aig/gia/giaSatLut.c.o
[ 13%] Building CXX object third-party/abc/CMakeFiles/libabc.dir/src/aig/gia/giaSatMap.c.o
[ 13%] Building CXX object third-party/abc/CMakeFiles/libabc.dir/src/aig/gia/giaSatoko.c.o
[ 13%] Building CXX object third-party/abc/CMakeFiles/libabc.dir/src/aig/gia/giaSatSyn.c.o
[ 13%] Building CXX object third-party/abc/CMakeFiles/libabc.dir/src/aig/gia/giaSat3.c.o
[ 13%] Building CXX object third-party/abc/CMakeFiles/libabc.dir/src/aig/gia/giaScl.c.o
[ 13%] Building CXX object third-party/abc/CMakeFiles/libabc.dir/src/aig/gia/giaScript.c.o
[ 13%] Building CXX object third-party/abc/CMakeFiles/libabc.dir/src/aig/gia/giaShow.c.o
[ 13%] Building CXX object third-party/abc/CMakeFiles/libabc.dir/src/aig/gia/giaShrink.c.o
[ 13%] Building CXX object third-party/abc/CMakeFiles/libabc.dir/src/aig/gia/giaShrink6.c.o
[ 13%] Building CXX object third-party/abc/CMakeFiles/libabc.dir/src/aig/gia/giaShrink7.c.o
[ 13%] Building CXX object third-party/abc/CMakeFiles/libabc.dir/src/aig/gia/giaSif.c.o
[ 13%] Building CXX object third-party/abc/CMakeFiles/libabc.dir/src/aig/gia/giaSim.c.o
[ 13%] Building CXX object third-party/abc/CMakeFiles/libabc.dir/src/aig/gia/giaSim2.c.o
[ 13%] Building CXX object third-party/abc/CMakeFiles/libabc.dir/src/aig/gia/giaSimBase.c.o
[ 13%] Building CXX object third-party/slang-elab/third_party/slang/source/CMakeFiles/slang_slang.dir/text/CharInfo.cpp.o
[ 13%] Building CXX object third-party/abc/CMakeFiles/libabc.dir/src/aig/gia/giaSort.c.o
[ 13%] Building CXX object third-party/abc/CMakeFiles/libabc.dir/src/aig/gia/giaSpeedup.c.o
[ 13%] Building CXX object third-party/slang-elab/third_party/slang/source/CMakeFiles/slang_slang.dir/text/Glob.cpp.o
[ 13%] Building CXX object third-party/abc/CMakeFiles/libabc.dir/src/aig/gia/giaSplit.c.o
[ 13%] Building CXX object third-party/abc/CMakeFiles/libabc.dir/src/aig/gia/giaStg.c.o
[ 13%] Building CXX object third-party/abc/CMakeFiles/libabc.dir/src/aig/gia/giaStoch.c.o
[ 13%] Building CXX object third-party/slang-elab/third_party/slang/source/CMakeFiles/slang_slang.dir/text/Json.cpp.o
[ 13%] Building CXX object third-party/abc/CMakeFiles/libabc.dir/src/aig/gia/giaStr.c.o
[ 13%] Building CXX object third-party/slang-elab/third_party/slang/source/CMakeFiles/slang_slang.dir/text/SourceLocation.cpp.o
[ 13%] Building CXX object third-party/slang-elab/third_party/slang/source/CMakeFiles/slang_slang.dir/text/SourceManager.cpp.o
[ 13%] Building CXX object third-party/abc/CMakeFiles/libabc.dir/src/aig/gia/giaSupMin.c.o
[ 13%] Building CXX object third-party/abc/CMakeFiles/libabc.dir/src/aig/gia/giaSupp.c.o
[ 13%] Building CXX object third-party/abc/CMakeFiles/libabc.dir/src/aig/gia/giaSupps.c.o
[ 14%] Building CXX object third-party/abc/CMakeFiles/libabc.dir/src/aig/gia/giaSweep.c.o
[ 14%] Building CXX object third-party/abc/CMakeFiles/libabc.dir/src/aig/gia/giaSweeper.c.o
[ 14%] Building CXX object third-party/slang-elab/third_party/slang/source/CMakeFiles/slang_slang.dir/util/BumpAllocator.cpp.o
[ 14%] Building CXX object third-party/slang-elab/third_party/slang/source/CMakeFiles/slang_slang.dir/util/CommandLine.cpp.o
[ 14%] Building CXX object third-party/abc/CMakeFiles/libabc.dir/src/aig/gia/giaSwitch.c.o
[ 14%] Building CXX object third-party/abc/CMakeFiles/libabc.dir/src/aig/gia/giaTim.c.o
[ 14%] Building CXX object third-party/abc/CMakeFiles/libabc.dir/src/aig/gia/giaTis.c.o
[ 14%] Building CXX object third-party/abc/CMakeFiles/libabc.dir/src/aig/gia/giaTransduction.cpp.o
[ 14%] Building CXX object third-party/slang-elab/third_party/slang/source/CMakeFiles/slang_slang.dir/util/IntervalMap.cpp.o
[ 14%] Building CXX object third-party/slang-elab/third_party/slang/source/CMakeFiles/slang_slang.dir/util/OS.cpp.o
[ 14%] Building CXX object third-party/slang-elab/third_party/slang/source/CMakeFiles/slang_slang.dir/util/SmallVector.cpp.o
[ 14%] Building CXX object third-party/slang-elab/third_party/slang/source/CMakeFiles/slang_slang.dir/util/String.cpp.o
[ 14%] Building CXX object third-party/slang-elab/third_party/slang/source/CMakeFiles/slang_slang.dir/util/TimeTrace.cpp.o
[ 14%] Building CXX object third-party/abc/CMakeFiles/libabc.dir/src/aig/gia/giaTranStoch.c.o
[ 14%] Building CXX object third-party/abc/CMakeFiles/libabc.dir/src/aig/gia/giaTruth.c.o
[ 14%] Building CXX object third-party/slang-elab/third_party/slang/source/CMakeFiles/slang_slang.dir/util/Util.cpp.o
[ 14%] Building CXX object third-party/abc/CMakeFiles/libabc.dir/src/aig/gia/giaTsim.c.o
[ 14%] Building CXX object third-party/abc/CMakeFiles/libabc.dir/src/aig/gia/giaTtopt.cpp.o
[ 14%] Building CXX object third-party/slang-elab/third_party/slang/source/CMakeFiles/slang_slang.dir/ast/builtins/ArrayMethods.cpp.o
[ 14%] Building CXX object third-party/abc/CMakeFiles/libabc.dir/src/aig/gia/giaUnate.c.o
[ 14%] Building CXX object third-party/abc/CMakeFiles/libabc.dir/src/aig/gia/giaUtil.c.o
[ 14%] Building CXX object third-party/abc/CMakeFiles/libabc.dir/src/aig/gia/giaBound.c.o
[ 14%] Building CXX object third-party/abc/CMakeFiles/libabc.dir/src/aig/gia/giaDecGraph.cpp.o
[ 14%] Building CXX object third-party/slang-elab/third_party/slang/source/CMakeFiles/slang_slang.dir/ast/builtins/ConversionFuncs.cpp.o
[ 14%] Building CXX object third-party/abc/CMakeFiles/libabc.dir/src/aig/ioa/ioaReadAig.c.o
[ 14%] Building CXX object third-party/abc/CMakeFiles/libabc.dir/src/aig/ioa/ioaWriteAig.c.o
[ 14%] Building CXX object third-party/abc/CMakeFiles/libabc.dir/src/aig/ioa/ioaUtil.c.o
[ 14%] Building CXX object third-party/abc/CMakeFiles/libabc.dir/src/aig/ivy/ivyBalance.c.o
[ 14%] Building CXX object third-party/abc/CMakeFiles/libabc.dir/src/aig/ivy/ivyCanon.c.o
[ 14%] Building CXX object third-party/abc/CMakeFiles/libabc.dir/src/aig/ivy/ivyCheck.c.o
[ 14%] Building CXX object third-party/abc/CMakeFiles/libabc.dir/src/aig/ivy/ivyCut.c.o
[ 14%] Building CXX object third-party/abc/CMakeFiles/libabc.dir/src/aig/ivy/ivyCutTrav.c.o
[ 14%] Building CXX object third-party/slang-elab/third_party/slang/source/CMakeFiles/slang_slang.dir/ast/builtins/CoverageFuncs.cpp.o
[ 14%] Building CXX object third-party/abc/CMakeFiles/libabc.dir/src/aig/ivy/ivyDfs.c.o
[ 14%] Building CXX object third-party/abc/CMakeFiles/libabc.dir/src/aig/ivy/ivyDsd.c.o
[ 14%] Building CXX object third-party/abc/CMakeFiles/libabc.dir/src/aig/ivy/ivyFanout.c.o
[ 14%] Building CXX object third-party/abc/CMakeFiles/libabc.dir/src/aig/ivy/ivyFastMap.c.o
[ 14%] Building CXX object third-party/abc/CMakeFiles/libabc.dir/src/aig/ivy/ivyFraig.c.o
[ 14%] Building CXX object third-party/abc/CMakeFiles/libabc.dir/src/aig/ivy/ivyHaig.c.o
[ 14%] Building CXX object third-party/abc/CMakeFiles/libabc.dir/src/aig/ivy/ivyMan.c.o
[ 14%] Building CXX object third-party/abc/CMakeFiles/libabc.dir/src/aig/ivy/ivyMem.c.o
[ 14%] Building CXX object third-party/abc/CMakeFiles/libabc.dir/src/aig/ivy/ivyMulti.c.o
[ 14%] Building CXX object third-party/abc/CMakeFiles/libabc.dir/src/aig/ivy/ivyObj.c.o
[ 14%] Building CXX object third-party/abc/CMakeFiles/libabc.dir/src/aig/ivy/ivyOper.c.o
[ 14%] Building CXX object third-party/abc/CMakeFiles/libabc.dir/src/aig/ivy/ivyResyn.c.o
[ 14%] Building CXX object third-party/abc/CMakeFiles/libabc.dir/src/aig/ivy/ivyRwr.c.o
[ 14%] Building CXX object third-party/abc/CMakeFiles/libabc.dir/src/aig/ivy/ivySeq.c.o
[ 14%] Building CXX object third-party/abc/CMakeFiles/libabc.dir/src/aig/ivy/ivyShow.c.o
[ 14%] Building CXX object third-party/abc/CMakeFiles/libabc.dir/src/aig/ivy/ivyTable.c.o
[ 14%] Building CXX object third-party/abc/CMakeFiles/libabc.dir/src/aig/ivy/ivyUtil.c.o
[ 14%] Building CXX object third-party/abc/CMakeFiles/libabc.dir/src/aig/hop/hopBalance.c.o
[ 14%] Building CXX object third-party/abc/CMakeFiles/libabc.dir/src/aig/hop/hopCheck.c.o
[ 14%] Building CXX object third-party/abc/CMakeFiles/libabc.dir/src/aig/hop/hopDfs.c.o
[ 14%] Building CXX object third-party/slang-elab/third_party/slang/source/CMakeFiles/slang_slang.dir/ast/builtins/EnumMethods.cpp.o
[ 14%] Building CXX object third-party/abc/CMakeFiles/libabc.dir/src/aig/hop/hopMan.c.o
[ 14%] Building CXX object third-party/abc/CMakeFiles/libabc.dir/src/aig/hop/hopMem.c.o
[ 16%] Building CXX object third-party/abc/CMakeFiles/libabc.dir/src/aig/hop/hopObj.c.o
[ 16%] Building CXX object third-party/abc/CMakeFiles/libabc.dir/src/aig/hop/hopOper.c.o
[ 16%] Building CXX object third-party/abc/CMakeFiles/libabc.dir/src/aig/hop/hopTable.c.o
[ 16%] Building CXX object third-party/abc/CMakeFiles/libabc.dir/src/aig/hop/hopTruth.c.o
[ 16%] Building CXX object third-party/abc/CMakeFiles/libabc.dir/src/aig/hop/hopUtil.c.o
[ 16%] Building CXX object third-party/abc/CMakeFiles/libabc.dir/src/bdd/cudd/cuddAPI.c.o
[ 16%] Building CXX object third-party/abc/CMakeFiles/libabc.dir/src/bdd/cudd/cuddAddAbs.c.o
[ 16%] Building CXX object third-party/abc/CMakeFiles/libabc.dir/src/bdd/cudd/cuddAddApply.c.o
[ 16%] Building CXX object third-party/abc/CMakeFiles/libabc.dir/src/bdd/cudd/cuddAddFind.c.o
[ 16%] Building CXX object third-party/abc/CMakeFiles/libabc.dir/src/bdd/cudd/cuddAddInv.c.o
[ 16%] Building CXX object third-party/abc/CMakeFiles/libabc.dir/src/bdd/cudd/cuddAddIte.c.o
[ 16%] Building CXX object third-party/abc/CMakeFiles/libabc.dir/src/bdd/cudd/cuddAddNeg.c.o
[ 16%] Building CXX object third-party/abc/CMakeFiles/libabc.dir/src/bdd/cudd/cuddAddWalsh.c.o
[ 16%] Building CXX object third-party/abc/CMakeFiles/libabc.dir/src/bdd/cudd/cuddAndAbs.c.o
[ 16%] Building CXX object third-party/slang-elab/third_party/slang/source/CMakeFiles/slang_slang.dir/ast/builtins/GateTypes.cpp.o
[ 16%] Building CXX object third-party/abc/CMakeFiles/libabc.dir/src/bdd/cudd/cuddAnneal.c.o
[ 16%] Building CXX object third-party/abc/CMakeFiles/libabc.dir/src/bdd/cudd/cuddApa.c.o
[ 16%] Building CXX object third-party/abc/CMakeFiles/libabc.dir/src/bdd/cudd/cuddApprox.c.o
[ 16%] Building CXX object third-party/abc/CMakeFiles/libabc.dir/src/bdd/cudd/cuddBddAbs.c.o
[ 16%] Building CXX object third-party/abc/CMakeFiles/libabc.dir/src/bdd/cudd/cuddBddCorr.c.o
[ 16%] Building CXX object third-party/abc/CMakeFiles/libabc.dir/src/bdd/cudd/cuddBddIte.c.o
[ 16%] Building CXX object third-party/abc/CMakeFiles/libabc.dir/src/bdd/cudd/cuddBridge.c.o
[ 16%] Building CXX object third-party/abc/CMakeFiles/libabc.dir/src/bdd/cudd/cuddCache.c.o
[ 16%] Building CXX object third-party/abc/CMakeFiles/libabc.dir/src/bdd/cudd/cuddCheck.c.o
[ 16%] Building CXX object third-party/abc/CMakeFiles/libabc.dir/src/bdd/cudd/cuddClip.c.o
[ 17%] Building CXX object third-party/slang-elab/third_party/slang/source/CMakeFiles/slang_slang.dir/ast/builtins/MathFuncs.cpp.o
[ 17%] Building CXX object third-party/abc/CMakeFiles/libabc.dir/src/bdd/cudd/cuddCof.c.o
[ 17%] Building CXX object third-party/abc/CMakeFiles/libabc.dir/src/bdd/cudd/cuddCompose.c.o
[ 17%] Building CXX object third-party/abc/CMakeFiles/libabc.dir/src/bdd/cudd/cuddDecomp.c.o
[ 17%] Building CXX object third-party/abc/CMakeFiles/libabc.dir/src/bdd/cudd/cuddEssent.c.o
[ 17%] Building CXX object third-party/abc/CMakeFiles/libabc.dir/src/bdd/cudd/cuddExact.c.o
[ 17%] Building CXX object third-party/abc/CMakeFiles/libabc.dir/src/bdd/cudd/cuddExport.c.o
[ 17%] Building CXX object third-party/abc/CMakeFiles/libabc.dir/src/bdd/cudd/cuddGenCof.c.o
[ 17%] Building CXX object third-party/abc/CMakeFiles/libabc.dir/src/bdd/cudd/cuddGenetic.c.o
[ 17%] Building CXX object third-party/abc/CMakeFiles/libabc.dir/src/bdd/cudd/cuddGroup.c.o
[ 17%] Building CXX object third-party/abc/CMakeFiles/libabc.dir/src/bdd/cudd/cuddHarwell.c.o
[ 17%] Building CXX object third-party/abc/CMakeFiles/libabc.dir/src/bdd/cudd/cuddInit.c.o
[ 17%] Building CXX object third-party/abc/CMakeFiles/libabc.dir/src/bdd/cudd/cuddInteract.c.o
[ 17%] Building CXX object third-party/abc/CMakeFiles/libabc.dir/src/bdd/cudd/cuddLCache.c.o
[ 17%] Building CXX object third-party/slang-elab/third_party/slang/source/CMakeFiles/slang_slang.dir/ast/builtins/MiscSystemFuncs.cpp.o
[ 17%] Building CXX object third-party/abc/CMakeFiles/libabc.dir/src/bdd/cudd/cuddLevelQ.c.o
[ 17%] Building CXX object third-party/abc/CMakeFiles/libabc.dir/src/bdd/cudd/cuddLinear.c.o
[ 17%] Building CXX object third-party/abc/CMakeFiles/libabc.dir/src/bdd/cudd/cuddLiteral.c.o
[ 17%] Building CXX object third-party/abc/CMakeFiles/libabc.dir/src/bdd/cudd/cuddMatMult.c.o
[ 17%] Building CXX object third-party/abc/CMakeFiles/libabc.dir/src/bdd/cudd/cuddPriority.c.o
[ 17%] Building CXX object third-party/abc/CMakeFiles/libabc.dir/src/bdd/cudd/cuddRead.c.o
[ 19%] Building CXX object third-party/abc/CMakeFiles/libabc.dir/src/bdd/cudd/cuddRef.c.o
[ 19%] Building CXX object third-party/abc/CMakeFiles/libabc.dir/src/bdd/cudd/cuddReorder.c.o
[ 19%] Building CXX object third-party/abc/CMakeFiles/libabc.dir/src/bdd/cudd/cuddSat.c.o
[ 19%] Building CXX object third-party/abc/CMakeFiles/libabc.dir/src/bdd/cudd/cuddSign.c.o
[ 19%] Building CXX object third-party/abc/CMakeFiles/libabc.dir/src/bdd/cudd/cuddSolve.c.o
[ 19%] Building CXX object third-party/abc/CMakeFiles/libabc.dir/src/bdd/cudd/cuddSplit.c.o
[ 19%] Building CXX object third-party/abc/CMakeFiles/libabc.dir/src/bdd/cudd/cuddSubsetHB.c.o
[ 19%] Building CXX object third-party/abc/CMakeFiles/libabc.dir/src/bdd/cudd/cuddSubsetSP.c.o
[ 19%] Building CXX object third-party/abc/CMakeFiles/libabc.dir/src/bdd/cudd/cuddSymmetry.c.o
[ 19%] Building CXX object third-party/slang-elab/third_party/slang/source/CMakeFiles/slang_slang.dir/ast/builtins/NonConstFuncs.cpp.o
[ 19%] Building CXX object third-party/abc/CMakeFiles/libabc.dir/src/bdd/cudd/cuddTable.c.o
[ 19%] Building CXX object third-party/abc/CMakeFiles/libabc.dir/src/bdd/cudd/cuddUtil.c.o
[ 19%] Building CXX object third-party/abc/CMakeFiles/libabc.dir/src/bdd/cudd/cuddWindow.c.o
[ 19%] Building CXX object third-party/abc/CMakeFiles/libabc.dir/src/bdd/cudd/cuddZddCount.c.o
[ 19%] Building CXX object third-party/abc/CMakeFiles/libabc.dir/src/bdd/cudd/cuddZddFuncs.c.o
[ 19%] Building CXX object third-party/abc/CMakeFiles/libabc.dir/src/bdd/cudd/cuddZddGroup.c.o
[ 19%] Building CXX object third-party/abc/CMakeFiles/libabc.dir/src/bdd/cudd/cuddZddIsop.c.o
[ 19%] Building CXX object third-party/abc/CMakeFiles/libabc.dir/src/bdd/cudd/cuddZddLin.c.o
[ 19%] Building CXX object third-party/abc/CMakeFiles/libabc.dir/src/bdd/cudd/cuddZddMisc.c.o
[ 19%] Building CXX object third-party/abc/CMakeFiles/libabc.dir/src/bdd/cudd/cuddZddPort.c.o
[ 19%] Building CXX object third-party/abc/CMakeFiles/libabc.dir/src/bdd/cudd/cuddZddReord.c.o
[ 19%] Building CXX object third-party/abc/CMakeFiles/libabc.dir/src/bdd/cudd/cuddZddSetop.c.o
[ 19%] Building CXX object third-party/abc/CMakeFiles/libabc.dir/src/bdd/cudd/cuddZddSymm.c.o
[ 19%] Building CXX object third-party/abc/CMakeFiles/libabc.dir/src/bdd/cudd/cuddZddUtil.c.o
[ 19%] Building CXX object third-party/abc/CMakeFiles/libabc.dir/src/bdd/extrab/extraBddAuto.c.o
[ 19%] Building CXX object third-party/abc/CMakeFiles/libabc.dir/src/bdd/extrab/extraBddCas.c.o
[ 19%] Building CXX object third-party/abc/CMakeFiles/libabc.dir/src/bdd/extrab/extraBddImage.c.o
[ 19%] Building CXX object third-party/abc/CMakeFiles/libabc.dir/src/bdd/extrab/extraBddKmap.c.o
[ 19%] Building CXX object third-party/slang-elab/third_party/slang/source/CMakeFiles/slang_slang.dir/ast/builtins/QueryFuncs.cpp.o
[ 19%] Building CXX object third-party/abc/CMakeFiles/libabc.dir/src/bdd/extrab/extraBddMaxMin.c.o
[ 19%] Building CXX object third-party/abc/CMakeFiles/libabc.dir/src/bdd/extrab/extraBddMisc.c.o
[ 19%] Building CXX object third-party/abc/CMakeFiles/libabc.dir/src/bdd/extrab/extraBddSet.c.o
[ 19%] Building CXX object third-party/abc/CMakeFiles/libabc.dir/src/bdd/extrab/extraBddSymm.c.o
[ 19%] Building CXX object third-party/abc/CMakeFiles/libabc.dir/src/bdd/extrab/extraBddThresh.c.o
[ 19%] Building CXX object third-party/abc/CMakeFiles/libabc.dir/src/bdd/extrab/extraBddTime.c.o
[ 19%] Building CXX object third-party/abc/CMakeFiles/libabc.dir/src/bdd/extrab/extraBddUnate.c.o
[ 19%] Building CXX object third-party/abc/CMakeFiles/libabc.dir/src/bdd/dsd/dsdApi.c.o
[ 19%] Building CXX object third-party/abc/CMakeFiles/libabc.dir/src/bdd/dsd/dsdCheck.c.o
[ 19%] Building CXX object third-party/abc/CMakeFiles/libabc.dir/src/bdd/dsd/dsdLocal.c.o
[ 19%] Building CXX object third-party/abc/CMakeFiles/libabc.dir/src/bdd/dsd/dsdMan.c.o
[ 19%] Building CXX object third-party/abc/CMakeFiles/libabc.dir/src/bdd/dsd/dsdProc.c.o
[ 19%] Building CXX object third-party/abc/CMakeFiles/libabc.dir/src/bdd/dsd/dsdTree.c.o
[ 19%] Building CXX object third-party/slang-elab/third_party/slang/source/CMakeFiles/slang_slang.dir/ast/builtins/StdPackage.cpp.o
[ 19%] Building CXX object third-party/abc/CMakeFiles/libabc.dir/src/bdd/epd/epd.c.o
[ 19%] Building CXX object third-party/abc/CMakeFiles/libabc.dir/src/bdd/mtr/mtrBasic.c.o
[ 19%] Building CXX object third-party/abc/CMakeFiles/libabc.dir/src/bdd/mtr/mtrGroup.c.o
[ 20%] Building CXX object third-party/abc/CMakeFiles/libabc.dir/src/bdd/reo/reoApi.c.o
[ 20%] Building CXX object third-party/abc/CMakeFiles/libabc.dir/src/bdd/reo/reoCore.c.o
[ 20%] Building CXX object third-party/abc/CMakeFiles/libabc.dir/src/bdd/reo/reoProfile.c.o
[ 20%] Building CXX object third-party/abc/CMakeFiles/libabc.dir/src/bdd/reo/reoShuffle.c.o
[ 20%] Building CXX object third-party/abc/CMakeFiles/libabc.dir/src/bdd/reo/reoSift.c.o
[ 20%] Building CXX object third-party/abc/CMakeFiles/libabc.dir/src/bdd/reo/reoSwap.c.o
[ 20%] Building CXX object third-party/abc/CMakeFiles/libabc.dir/src/bdd/reo/reoTransfer.c.o
[ 20%] Building CXX object third-party/abc/CMakeFiles/libabc.dir/src/bdd/reo/reoUnits.c.o
[ 20%] Building CXX object third-party/abc/CMakeFiles/libabc.dir/src/bdd/cas/casCore.c.o
[ 20%] Building CXX object third-party/slang-elab/third_party/slang/source/CMakeFiles/slang_slang.dir/ast/builtins/StringMethods.cpp.o
[ 20%] Building CXX object third-party/abc/CMakeFiles/libabc.dir/src/bdd/cas/casDec.c.o
[ 20%] Building CXX object third-party/abc/CMakeFiles/libabc.dir/src/bdd/bbr/bbrCex.c.o
[ 20%] Building CXX object third-party/abc/CMakeFiles/libabc.dir/src/bdd/bbr/bbrImage.c.o
[ 20%] Building CXX object third-party/abc/CMakeFiles/libabc.dir/src/bdd/bbr/bbrNtbdd.c.o
[ 20%] Building CXX object third-party/abc/CMakeFiles/libabc.dir/src/bdd/bbr/bbrReach.c.o
[ 20%] Building CXX object third-party/abc/CMakeFiles/libabc.dir/src/bdd/llb/llb1Cluster.c.o
[ 20%] Building CXX object third-party/abc/CMakeFiles/libabc.dir/src/bdd/llb/llb1Constr.c.o
[ 20%] Building CXX object third-party/abc/CMakeFiles/libabc.dir/src/bdd/llb/llb1Core.c.o
[ 20%] Building CXX object third-party/abc/CMakeFiles/libabc.dir/src/bdd/llb/llb1Group.c.o
[ 20%] Building CXX object third-party/abc/CMakeFiles/libabc.dir/src/bdd/llb/llb1Hint.c.o
[ 20%] Building CXX object third-party/abc/CMakeFiles/libabc.dir/src/bdd/llb/llb1Man.c.o
[ 20%] Building CXX object third-party/abc/CMakeFiles/libabc.dir/src/bdd/llb/llb1Matrix.c.o
[ 20%] Building CXX object third-party/abc/CMakeFiles/libabc.dir/src/bdd/llb/llb1Pivot.c.o
[ 20%] Building CXX object third-party/abc/CMakeFiles/libabc.dir/src/bdd/llb/llb1Reach.c.o
[ 20%] Building CXX object third-party/slang-elab/third_party/slang/source/CMakeFiles/slang_slang.dir/ast/builtins/SystemTasks.cpp.o
[ 20%] Building CXX object third-party/abc/CMakeFiles/libabc.dir/src/bdd/llb/llb1Sched.c.o
[ 20%] Building CXX object third-party/abc/CMakeFiles/libabc.dir/src/bdd/llb/llb2Bad.c.o
[ 20%] Building CXX object third-party/abc/CMakeFiles/libabc.dir/src/bdd/llb/llb2Core.c.o
[ 20%] Building CXX object third-party/abc/CMakeFiles/libabc.dir/src/bdd/llb/llb2Driver.c.o
[ 20%] Building CXX object third-party/abc/CMakeFiles/libabc.dir/src/bdd/llb/llb2Dump.c.o
[ 20%] Building CXX object third-party/abc/CMakeFiles/libabc.dir/src/bdd/llb/llb2Flow.c.o
[ 20%] Building CXX object third-party/abc/CMakeFiles/libabc.dir/src/bdd/llb/llb2Image.c.o
[ 20%] Building CXX object third-party/abc/CMakeFiles/libabc.dir/src/bdd/llb/llb3Image.c.o
[ 20%] Building CXX object third-party/abc/CMakeFiles/libabc.dir/src/bdd/llb/llb3Nonlin.c.o
[ 20%] Building CXX object third-party/abc/CMakeFiles/libabc.dir/src/bdd/llb/llb4Cex.c.o
[ 20%] Building CXX object third-party/abc/CMakeFiles/libabc.dir/src/bdd/llb/llb4Image.c.o
[ 20%] Building CXX object third-party/abc/CMakeFiles/libabc.dir/src/bdd/llb/llb4Nonlin.c.o
[ 20%] Building CXX object third-party/abc/CMakeFiles/libabc.dir/src/bdd/llb/llb4Sweep.c.o
[ 20%] Linking CXX static library libabc.a
[ 20%] Building CXX object third-party/slang-elab/third_party/slang/source/CMakeFiles/slang_slang.dir/ast/expressions/AssertionExpr.cpp.o
[ 58%] Built target libabc
[ 58%] Generating messages.checked
[ 58%] Built target openroad_messages
[ 58%] Building CXX object third-party/slang-elab/third_party/slang/source/CMakeFiles/slang_slang.dir/ast/expressions/AssignmentExpressions.cpp.o
[ 58%] Building CXX object third-party/slang-elab/third_party/slang/source/CMakeFiles/slang_slang.dir/ast/expressions/CallExpression.cpp.o
[ 58%] Building CXX object third-party/slang-elab/third_party/slang/source/CMakeFiles/slang_slang.dir/ast/expressions/ConversionExpression.cpp.o
[ 58%] Building CXX object third-party/slang-elab/third_party/slang/source/CMakeFiles/slang_slang.dir/ast/expressions/LiteralExpressions.cpp.o
[ 58%] Building CXX object third-party/slang-elab/third_party/slang/source/CMakeFiles/slang_slang.dir/ast/expressions/MiscExpressions.cpp.o
[ 58%] Building CXX object third-party/slang-elab/third_party/slang/source/CMakeFiles/slang_slang.dir/ast/expressions/Operator.cpp.o
[ 58%] Building CXX object third-party/slang-elab/third_party/slang/source/CMakeFiles/slang_slang.dir/ast/expressions/OperatorExpressions.cpp.o
[ 58%] Building CXX object third-party/slang-elab/third_party/slang/source/CMakeFiles/slang_slang.dir/ast/expressions/SelectExpressions.cpp.o
[ 58%] Building CXX object third-party/slang-elab/third_party/slang/source/CMakeFiles/slang_slang.dir/ast/statements/ConditionalStatements.cpp.o
[ 58%] Building CXX object third-party/slang-elab/third_party/slang/source/CMakeFiles/slang_slang.dir/ast/statements/LoopStatements.cpp.o
[ 58%] Building CXX object third-party/slang-elab/third_party/slang/source/CMakeFiles/slang_slang.dir/ast/statements/MiscStatements.cpp.o
[ 58%] Building CXX object third-party/slang-elab/third_party/slang/source/CMakeFiles/slang_slang.dir/ast/symbols/AttributeSymbol.cpp.o
[ 58%] Building CXX object third-party/slang-elab/third_party/slang/source/CMakeFiles/slang_slang.dir/ast/symbols/BlockSymbols.cpp.o
[ 58%] Building CXX object third-party/slang-elab/third_party/slang/source/CMakeFiles/slang_slang.dir/ast/symbols/CheckerSymbols.cpp.o
[ 58%] Building CXX object third-party/slang-elab/third_party/slang/source/CMakeFiles/slang_slang.dir/ast/symbols/ClassSymbols.cpp.o
[ 58%] Building CXX object third-party/slang-elab/third_party/slang/source/CMakeFiles/slang_slang.dir/ast/symbols/CompilationUnitSymbols.cpp.o
[ 58%] Building CXX object src/ppl/src/munkres/CMakeFiles/Munkres.dir/src/Hungarian.cpp.o
[ 58%] Linking CXX static library libMunkres.a
[ 58%] Built target Munkres
[ 58%] Building CXX object src/dst/CMakeFiles/dst_lib.dir/src/JobMessage.cc.o
[ 58%] Building CXX object src/dst/CMakeFiles/dst_lib.dir/src/Worker.cc.o
[ 58%] Building CXX object third-party/slang-elab/third_party/slang/source/CMakeFiles/slang_slang.dir/ast/symbols/CoverSymbols.cpp.o
[ 58%] Building CXX object src/dst/CMakeFiles/dst_lib.dir/src/LoadBalancer.cc.o
[ 58%] Building CXX object third-party/slang-elab/third_party/slang/source/CMakeFiles/slang_slang.dir/ast/symbols/InstanceSymbols.cpp.o
[ 58%] Building CXX object src/dst/CMakeFiles/dst_lib.dir/src/WorkerConnection.cc.o
[ 58%] Building CXX object third-party/slang-elab/third_party/slang/source/CMakeFiles/slang_slang.dir/ast/symbols/MemberSymbols.cpp.o
[ 58%] Building CXX object src/dst/CMakeFiles/dst_lib.dir/src/BalancerConnection.cc.o
[ 58%] Building CXX object src/dst/CMakeFiles/dst_lib.dir/src/Distributed.cc.o
[ 58%] Building CXX object third-party/slang-elab/third_party/slang/source/CMakeFiles/slang_slang.dir/ast/symbols/ParameterBuilder.cpp.o
[ 58%] Linking CXX static library libdst_lib.a
[ 58%] Built target dst_lib
[ 58%] Generating messages.checked
[ 58%] Built target utl_messages
[ 58%] Building CXX object third-party/slang-elab/third_party/slang/source/CMakeFiles/slang_slang.dir/ast/symbols/ParameterSymbols.cpp.o
[ 58%] Building CXX object third-party/slang-elab/third_party/slang/source/CMakeFiles/slang_slang.dir/ast/symbols/PortSymbols.cpp.o
[ 58%] Building CXX object third-party/slang-elab/third_party/slang/source/CMakeFiles/slang_slang.dir/ast/symbols/SpecifySymbols.cpp.o
[ 58%] Building CXX object third-party/slang-elab/third_party/slang/source/CMakeFiles/slang_slang.dir/ast/symbols/SubroutineSymbols.cpp.o
[ 58%] Building CXX object third-party/slang-elab/third_party/slang/source/CMakeFiles/slang_slang.dir/ast/symbols/SymbolBuilders.cpp.o
[ 58%] Building CXX object third-party/slang-elab/third_party/slang/source/CMakeFiles/slang_slang.dir/ast/symbols/ValueSymbol.cpp.o
[ 58%] Building CXX object third-party/slang-elab/third_party/slang/source/CMakeFiles/slang_slang.dir/ast/symbols/VariableSymbols.cpp.o
[ 58%] Building CXX object third-party/slang-elab/third_party/slang/source/CMakeFiles/slang_slang.dir/ast/types/AllTypes.cpp.o
[ 58%] Building CXX object third-party/slang-elab/third_party/slang/source/CMakeFiles/slang_slang.dir/ast/types/DeclaredType.cpp.o
[ 58%] Building CXX object third-party/slang-elab/third_party/slang/source/CMakeFiles/slang_slang.dir/ast/types/NetType.cpp.o
[ 58%] Building CXX object third-party/slang-elab/third_party/slang/source/CMakeFiles/slang_slang.dir/ast/types/TypePrinter.cpp.o
[ 58%] Building CXX object third-party/slang-elab/third_party/slang/source/CMakeFiles/slang_slang.dir/ast/types/Type.cpp.o
[ 58%] Building CXX object third-party/slang-elab/third_party/slang/source/CMakeFiles/slang_slang.dir/ast/ASTContext.cpp.o
[ 58%] Building CXX object third-party/slang-elab/third_party/slang/source/CMakeFiles/slang_slang.dir/ast/ASTDiagMap.cpp.o
[ 58%] Building CXX object third-party/slang-elab/third_party/slang/source/CMakeFiles/slang_slang.dir/ast/ASTSerializer.cpp.o
[ 58%] Building CXX object third-party/slang-elab/third_party/slang/source/CMakeFiles/slang_slang.dir/ast/Bitstream.cpp.o
[ 58%] Swig compile src/Logger-py.i for python
[ 58%] Generating utl_py-pythonInitVar.cc
[ 58%] Building CXX object src/utl/CMakeFiles/utl_py.dir/CMakeFiles/utl_py.dir/Logger-pyPYTHON_wrap.cxx.o
[ 58%] Building CXX object src/utl/CMakeFiles/utl_py.dir/utl_py-pythonInitVar.cc.o
[ 58%] Linking CXX static library _utl_py.a
[ 58%] Built target utl_py
[ 58%] Generating messages.checked
[ 58%] Built target dst_messages
[ 58%] Building CXX object src/odb/src/db/CMakeFiles/db.dir/dbBTerm.cpp.o
[ 59%] Building CXX object third-party/slang-elab/third_party/slang/source/CMakeFiles/slang_slang.dir/ast/Compilation.cpp.o
[ 59%] Building CXX object src/odb/src/db/CMakeFiles/db.dir/dbStream.cpp.o
[ 59%] Building CXX object src/odb/src/db/CMakeFiles/db.dir/dbBTermItr.cpp.o
[ 59%] Building CXX object src/odb/src/db/CMakeFiles/db.dir/dbBPinItr.cpp.o
[ 59%] Building CXX object src/odb/src/db/CMakeFiles/db.dir/dbBlock.cpp.o
[ 59%] Building CXX object third-party/slang-elab/third_party/slang/source/CMakeFiles/slang_slang.dir/ast/Constraints.cpp.o
[ 59%] Building CXX object third-party/slang-elab/third_party/slang/source/CMakeFiles/slang_slang.dir/ast/EvalContext.cpp.o
[ 59%] Building CXX object src/odb/src/db/CMakeFiles/db.dir/dbBlockItr.cpp.o
[ 59%] Building CXX object src/odb/src/db/CMakeFiles/db.dir/dbBox.cpp.o
[ 59%] Building CXX object third-party/slang-elab/third_party/slang/source/CMakeFiles/slang_slang.dir/ast/Expression.cpp.o
[ 59%] Building CXX object src/odb/src/db/CMakeFiles/db.dir/dbBoxItr.cpp.o
[ 59%] Building CXX object src/odb/src/db/CMakeFiles/db.dir/dbITerm.cpp.o
[ 59%] Building CXX object src/odb/src/db/CMakeFiles/db.dir/dbITermItr.cpp.o
[ 59%] Building CXX object third-party/slang-elab/third_party/slang/source/CMakeFiles/slang_slang.dir/ast/FmtHelpers.cpp.o
[ 59%] Building CXX object src/odb/src/db/CMakeFiles/db.dir/dbInst.cpp.o
[ 59%] Building CXX object third-party/slang-elab/third_party/slang/source/CMakeFiles/slang_slang.dir/ast/HierarchicalReference.cpp.o
[ 59%] Building CXX object third-party/slang-elab/third_party/slang/source/CMakeFiles/slang_slang.dir/ast/InstanceCacheKey.cpp.o
[ 59%] Building CXX object src/odb/src/db/CMakeFiles/db.dir/dbInstHdr.cpp.o
[ 59%] Building CXX object third-party/slang-elab/third_party/slang/source/CMakeFiles/slang_slang.dir/ast/Lookup.cpp.o
[ 59%] Building CXX object src/odb/src/db/CMakeFiles/db.dir/dbLib.cpp.o
[ 59%] Building CXX object src/odb/src/db/CMakeFiles/db.dir/dbMPin.cpp.o
[ 59%] Building CXX object src/odb/src/db/CMakeFiles/db.dir/dbMPinItr.cpp.o
[ 59%] Building CXX object src/odb/src/db/CMakeFiles/db.dir/dbMTerm.cpp.o
[ 59%] Building CXX object third-party/slang-elab/third_party/slang/source/CMakeFiles/slang_slang.dir/ast/LSPUtilities.cpp.o
[ 59%] Building CXX object src/odb/src/db/CMakeFiles/db.dir/dbMaster.cpp.o
[ 59%] Building CXX object third-party/slang-elab/third_party/slang/source/CMakeFiles/slang_slang.dir/ast/LValue.cpp.o
[ 59%] Building CXX object src/odb/src/db/CMakeFiles/db.dir/dbInsertBuffer.cpp.o
[ 59%] Building CXX object third-party/slang-elab/third_party/slang/source/CMakeFiles/slang_slang.dir/ast/OpaqueInstancePath.cpp.o
[ 59%] Building CXX object third-party/slang-elab/third_party/slang/source/CMakeFiles/slang_slang.dir/ast/Patterns.cpp.o
[ 59%] Building CXX object src/odb/src/db/CMakeFiles/db.dir/dbNet.cpp.o
[ 59%] Building CXX object third-party/slang-elab/third_party/slang/source/CMakeFiles/slang_slang.dir/ast/Scope.cpp.o
[ 59%] Building CXX object src/odb/src/db/CMakeFiles/db.dir/dbTech.cpp.o
[ 59%] Building CXX object third-party/slang-elab/third_party/slang/source/CMakeFiles/slang_slang.dir/ast/ScriptSession.cpp.o
[ 59%] Building CXX object src/odb/src/db/CMakeFiles/db.dir/dbTechLayerSpacingRule.cpp.o
[ 59%] Building CXX object src/odb/src/db/CMakeFiles/db.dir/dbTechLayerAntennaRule.cpp.o
[ 59%] Building CXX object src/odb/src/db/CMakeFiles/db.dir/dbTechMinCutOrAreaRule.cpp.o
[ 59%] Building CXX object third-party/slang-elab/third_party/slang/source/CMakeFiles/slang_slang.dir/ast/SemanticFacts.cpp.o
[ 59%] Building CXX object src/odb/src/db/CMakeFiles/db.dir/dbTechLayerItr.cpp.o
[ 59%] Building CXX object src/odb/src/db/CMakeFiles/db.dir/dbTechVia.cpp.o
[ 59%] Building CXX object third-party/slang-elab/third_party/slang/source/CMakeFiles/slang_slang.dir/ast/SFormat.cpp.o
[ 61%] Building CXX object src/odb/src/db/CMakeFiles/db.dir/dbTypes.cpp.o
[ 61%] Building CXX object src/odb/src/db/CMakeFiles/db.dir/dbVia.cpp.o
[ 61%] Building CXX object src/odb/src/db/CMakeFiles/db.dir/dbWire.cpp.o
[ 61%] Building CXX object third-party/slang-elab/third_party/slang/source/CMakeFiles/slang_slang.dir/ast/Statement.cpp.o
[ 61%] Building CXX object src/odb/src/db/CMakeFiles/db.dir/dbWireCodec.cpp.o
[ 61%] Building CXX object third-party/slang-elab/third_party/slang/source/CMakeFiles/slang_slang.dir/ast/Symbol.cpp.o
[ 61%] Building CXX object src/odb/src/db/CMakeFiles/db.dir/dbTrackGrid.cpp.o
[ 61%] Building CXX object third-party/slang-elab/third_party/slang/source/CMakeFiles/slang_slang.dir/ast/SystemSubroutine.cpp.o
[ 61%] Building CXX object src/odb/src/db/CMakeFiles/db.dir/dbBlockage.cpp.o
[ 61%] Building CXX object third-party/slang-elab/third_party/slang/source/CMakeFiles/slang_slang.dir/ast/TimingControl.cpp.o
[ 61%] Building CXX object src/odb/src/db/CMakeFiles/db.dir/dbObstruction.cpp.o
[ 61%] Building CXX object src/odb/src/db/CMakeFiles/db.dir/dbObject.cpp.o
[ 61%] Building CXX object src/odb/src/db/CMakeFiles/db.dir/dbInstShapeItr.cpp.o
[ 61%] Building CXX object third-party/slang-elab/third_party/slang/source/CMakeFiles/slang_slang.dir/ast/TypeProvider.cpp.o
[ 61%] Building CXX object src/odb/src/db/CMakeFiles/db.dir/dbTransform.cpp.o
[ 61%] Linking CXX static library ../lib/libsvlang.a
[ 62%] Built target slang_slang
[ 62%] Building CXX object src/odb/src/db/CMakeFiles/db.dir/dbITermShapeItr.cpp.o
[ 62%] Building CXX object src/odb/src/db/CMakeFiles/db.dir/dbPolygonItr.cpp.o
[ 62%] Building CXX object src/odb/src/db/CMakeFiles/db.dir/dbSWire.cpp.o
[ 62%] Building CXX object src/odb/src/db/CMakeFiles/db.dir/dbSBox.cpp.o
[ 62%] Building CXX object src/odb/src/db/CMakeFiles/db.dir/dbSWireItr.cpp.o
[ 62%] Building CXX object src/odb/src/db/CMakeFiles/db.dir/dbSBoxItr.cpp.o
[ 62%] Building CXX object src/odb/src/db/CMakeFiles/db.dir/dbSite.cpp.o
[ 62%] Building CXX object src/odb/src/db/CMakeFiles/db.dir/dbCCSeg.cpp.o
[ 62%] Building CXX object src/syn/src/ir/CMakeFiles/syn_ir.dir/Bundle.cc.o
[ 62%] Building CXX object src/syn/src/ir/CMakeFiles/syn_ir.dir/Const.cc.o
[ 62%] Building CXX object src/odb/src/db/CMakeFiles/db.dir/dbCCSegItr.cpp.o
[ 62%] Building CXX object src/syn/src/ir/CMakeFiles/syn_ir.dir/Dump.cc.o
[ 62%] Building CXX object src/odb/src/db/CMakeFiles/db.dir/dbWireShapeItr.cpp.o
[ 62%] Building CXX object src/syn/src/ir/CMakeFiles/syn_ir.dir/Graph.cc.o
[ 62%] Building CXX object src/odb/src/db/CMakeFiles/db.dir/dbWirePathItr.cpp.o
[ 62%] Building CXX object src/odb/src/db/CMakeFiles/db.dir/dbTechNonDefaultRule.cpp.o
[ 62%] Building CXX object src/syn/src/ir/CMakeFiles/syn_ir.dir/Instance.cc.o
[ 62%] Building CXX object src/syn/src/ir/CMakeFiles/syn_ir.dir/NetTable.cc.o
[ 62%] Building CXX object src/syn/src/ir/CMakeFiles/syn_ir.dir/Parse.cc.o
[ 62%] Building CXX object src/odb/src/db/CMakeFiles/db.dir/dbTechLayerRule.cpp.o
[ 62%] Building CXX object src/syn/src/ir/CMakeFiles/syn_ir.dir/TritModel.cc.o
[ 62%] Building CXX object src/odb/src/db/CMakeFiles/db.dir/dbCapNode.cpp.o
[ 62%] Building CXX object src/odb/src/db/CMakeFiles/db.dir/dbCapNodeItr.cpp.o
[ 62%] Linking CXX static library libsyn_ir.a
[ 62%] Built target syn_ir
[ 62%] Generating messages.checked
[ 62%] Built target ppl_messages
[ 62%] Generating utl-tclInitVar.cc
[ 62%] Swig compile src/Logger.i for tcl
[ 62%] Building CXX object src/utl/CMakeFiles/utl.dir/CMakeFiles/utl.dir/LoggerTCL_wrap.cxx.o
[ 62%] Building CXX object src/odb/src/db/CMakeFiles/db.dir/dbRSeg.cpp.o
[ 62%] Building CXX object src/utl/CMakeFiles/utl.dir/utl-tclInitVar.cc.o
[ 62%] Building CXX object src/utl/CMakeFiles/utl.dir/src/LoggerCommon.cpp.o
[ 62%] Building CXX object src/utl/CMakeFiles/utl.dir/src/MakeLogger.cpp.o
[ 62%] Building CXX object src/odb/src/db/CMakeFiles/db.dir/dbRSegItr.cpp.o
[ 62%] Linking CXX static library utl.a
[ 62%] Built target utl
[ 62%] Building CXX object src/odb/src/db/CMakeFiles/db.dir/dbTechSameNetRule.cpp.o
[ 62%] Building CXX object src/odb/src/db/CMakeFiles/db.dir/dbRow.cpp.o
[ 62%] Building CXX object src/odb/src/db/CMakeFiles/db.dir/dbFill.cpp.o
[ 62%] Building CXX object src/odb/src/db/CMakeFiles/db.dir/dbShape.cpp.o
[ 62%] Building CXX object src/odb/src/db/CMakeFiles/db.dir/dbWireGraph.cpp.o
[ 62%] Building CXX object src/odb/src/db/CMakeFiles/db.dir/dbJournal.cpp.o
[ 62%] Building CXX object src/odb/src/db/CMakeFiles/db.dir/dbJournalLog.cpp.o
[ 62%] Building CXX object src/odb/src/db/CMakeFiles/db.dir/dbBlockCallBackObj.cpp.o
[ 62%] Building CXX object src/odb/src/db/CMakeFiles/db.dir/dbChipCallBackObj.cpp.o
[ 62%] Building CXX object src/odb/src/db/CMakeFiles/db.dir/dbRegion.cpp.o
[ 62%] Building CXX object src/odb/src/db/CMakeFiles/db.dir/dbRegionInstItr.cpp.o
[ 62%] Building CXX object src/odb/src/db/CMakeFiles/db.dir/dbExtControl.cpp.o
[ 62%] Building CXX object src/odb/src/db/CMakeFiles/db.dir/dbNullIterator.cpp.o
[ 62%] Building CXX object src/odb/src/db/CMakeFiles/db.dir/dbBPin.cpp.o
[ 62%] Building CXX object src/odb/src/db/CMakeFiles/db.dir/dbHierInstShapeItr.cpp.o
[ 62%] Building CXX object src/odb/src/db/CMakeFiles/db.dir/dbHier.cpp.o
[ 64%] Building CXX object src/odb/src/db/CMakeFiles/db.dir/dbTechViaRule.cpp.o
[ 64%] Building CXX object src/odb/src/db/CMakeFiles/db.dir/dbTechViaLayerRule.cpp.o
[ 64%] Generating dst-tclInitVar.cc
[ 64%] Swig compile src/Distributed.i for tcl
[ 64%] Building CXX object src/dst/CMakeFiles/dst.dir/CMakeFiles/dst.dir/DistributedTCL_wrap.cxx.o
[ 64%] Building CXX object src/odb/src/db/CMakeFiles/db.dir/dbTechViaGenerateRule.cpp.o
[ 64%] Building CXX object src/odb/src/db/CMakeFiles/db.dir/dbViaParams.cpp.o
[ 64%] Building CXX object src/dst/CMakeFiles/dst.dir/dst-tclInitVar.cc.o
[ 64%] Building CXX object src/dst/CMakeFiles/dst.dir/src/MakeDistributed.cc.o
[ 64%] Linking CXX static library dst.a
[ 64%] Built target dst
[ 64%] Building CXX object third-party/slang-elab/src/CMakeFiles/slang_frontend.dir/addressing.cc.o
[ 64%] Building CXX object src/odb/src/db/CMakeFiles/db.dir/dbNameCache.cpp.o
[ 64%] Building CXX object src/odb/src/db/CMakeFiles/db.dir/dbPropertyItr.cpp.o
[ 64%] Building CXX object third-party/slang-elab/src/CMakeFiles/slang_frontend.dir/async_pattern.cc.o
[ 64%] Building CXX object src/odb/src/db/CMakeFiles/db.dir/geom.cpp.o
[ 64%] Building CXX object third-party/slang-elab/src/CMakeFiles/slang_frontend.dir/builder.cc.o
[ 64%] Building CXX object third-party/slang-elab/src/CMakeFiles/slang_frontend.dir/diag.cc.o
[ 64%] Building CXX object third-party/slang-elab/src/CMakeFiles/slang_frontend.dir/initialization.cc.o
[ 64%] Building CXX object src/odb/src/db/CMakeFiles/db.dir/tmg_conn.cpp.o
[ 64%] Building CXX object src/odb/src/db/CMakeFiles/db.dir/tmg_conn_g.cpp.o
[ 64%] Building CXX object third-party/slang-elab/src/CMakeFiles/slang_frontend.dir/lvalue.cc.o
[ 64%] Building CXX object src/odb/src/db/CMakeFiles/db.dir/tmg_conn_s.cpp.o
[ 64%] Building CXX object third-party/slang-elab/src/CMakeFiles/slang_frontend.dir/naming.cc.o
[ 64%] Building CXX object src/odb/src/db/CMakeFiles/db.dir/tmg_conn_w.cpp.o
[ 64%] Building CXX object third-party/slang-elab/src/CMakeFiles/slang_frontend.dir/procedural.cc.o
[ 64%] Building CXX object src/odb/src/db/CMakeFiles/db.dir/wOrder.cpp.o
[ 64%] Building CXX object src/odb/src/db/CMakeFiles/db.dir/dbGroupPowerNetItr.cpp.o
[ 64%] Building CXX object src/odb/src/db/CMakeFiles/db.dir/dbGroupGroundNetItr.cpp.o
[ 64%] Building CXX object third-party/slang-elab/src/CMakeFiles/slang_frontend.dir/slang_frontend.cc.o
[ 64%] Building CXX object src/odb/src/db/CMakeFiles/db.dir/dbGDSLib.cpp.o
[ 64%] Building CXX object src/odb/src/db/CMakeFiles/db.dir/dbSwapMasterSanityChecker.cpp.o
[ 64%] Building CXX object src/odb/src/db/CMakeFiles/db.dir/dbUnfoldedBuilder.cpp.o
[ 64%] Building CXX object src/odb/src/db/CMakeFiles/db.dir/util.cpp.o
[ 64%] Building CXX object src/odb/src/db/CMakeFiles/db.dir/poly_decomp.cpp.o
[ 64%] Building CXX object third-party/slang-elab/src/CMakeFiles/slang_frontend.dir/variables.cc.o
[ 64%] Building CXX object third-party/slang-elab/src/CMakeFiles/slang_frontend.dir/__/__/__/src/syn/src/elab/abort_helpers.cc.o
[ 64%] Building CXX object third-party/slang-elab/src/CMakeFiles/slang_frontend.dir/__/__/__/src/syn/src/elab/ir.cc.o
[ 64%] Building CXX object src/odb/src/db/CMakeFiles/db.dir/dbAccessPoint.cpp.o
[ 64%] Linking CXX static library libslang_frontend.a
[ 64%] Built target slang_frontend
[ 64%] Building CXX object src/odb/src/db/CMakeFiles/db.dir/dbAlignmentMarkerRule.cpp.o
[ 64%] Building CXX object src/odb/src/db/CMakeFiles/db.dir/dbBusPort.cpp.o
[ 64%] Building CXX object src/odb/src/db/CMakeFiles/db.dir/dbCellEdgeSpacing.cpp.o
[ 64%] Building CXX object src/odb/src/db/CMakeFiles/db.dir/dbChip.cpp.o
[ 64%] Building CXX object src/odb/src/db/CMakeFiles/db.dir/dbChipBump.cpp.o
[ 64%] Building CXX object src/odb/src/db/CMakeFiles/db.dir/dbChipBumpInst.cpp.o
[ 64%] Building CXX object src/odb/src/db/CMakeFiles/db.dir/dbChipCapNode.cpp.o
[ 64%] Building CXX object src/odb/src/db/CMakeFiles/db.dir/dbChipConn.cpp.o
[ 64%] Building CXX object src/odb/src/db/CMakeFiles/db.dir/dbChipInst.cpp.o
[ 64%] Building CXX object src/odb/src/db/CMakeFiles/db.dir/dbChipNet.cpp.o
[ 64%] Building CXX object src/odb/src/db/CMakeFiles/db.dir/dbChipPath.cpp.o
[ 64%] Building CXX object src/odb/src/db/CMakeFiles/db.dir/dbChipRegion.cpp.o
[ 64%] Building CXX object src/odb/src/db/CMakeFiles/db.dir/dbChipRegionInst.cpp.o
[ 64%] Building CXX object src/odb/src/db/CMakeFiles/db.dir/dbChipRSeg.cpp.o
[ 64%] Building CXX object src/odb/src/db/CMakeFiles/db.dir/dbDatabase.cpp.o
[ 64%] Building CXX object src/odb/src/db/CMakeFiles/db.dir/dbDft.cpp.o
[ 64%] Building CXX object src/odb/src/db/CMakeFiles/db.dir/dbGCellGrid.cpp.o
[ 64%] Building CXX object src/odb/src/db/CMakeFiles/db.dir/dbGDSARef.cpp.o
[ 64%] Building CXX object src/odb/src/db/CMakeFiles/db.dir/dbGDSBoundary.cpp.o
[ 64%] Building CXX object src/odb/src/db/CMakeFiles/db.dir/dbGDSBox.cpp.o
[ 64%] Building CXX object src/odb/src/db/CMakeFiles/db.dir/dbGDSPath.cpp.o
[ 64%] Building CXX object src/odb/src/db/CMakeFiles/db.dir/dbGDSSRef.cpp.o
[ 64%] Building CXX object src/odb/src/db/CMakeFiles/db.dir/dbGDSStructure.cpp.o
[ 65%] Building CXX object src/odb/src/db/CMakeFiles/db.dir/dbGDSText.cpp.o
[ 65%] Building CXX object src/odb/src/db/CMakeFiles/db.dir/dbGlobalConnect.cpp.o
[ 65%] Building CXX object src/odb/src/db/CMakeFiles/db.dir/dbGroup.cpp.o
[ 65%] Building CXX object src/odb/src/db/CMakeFiles/db.dir/dbGuide.cpp.o
[ 65%] Building CXX object src/odb/src/db/CMakeFiles/db.dir/dbIsolation.cpp.o
[ 65%] Building CXX object src/odb/src/db/CMakeFiles/db.dir/dbLevelShifter.cpp.o
[ 65%] Building CXX object src/odb/src/db/CMakeFiles/db.dir/dbLogicPort.cpp.o
[ 65%] Building CXX object src/odb/src/db/CMakeFiles/db.dir/dbMarker.cpp.o
[ 65%] Building CXX object src/odb/src/db/CMakeFiles/db.dir/dbMarkerCategory.cpp.o
[ 65%] Building CXX object src/odb/src/db/CMakeFiles/db.dir/dbMasterEdgeType.cpp.o
[ 65%] Building CXX object src/odb/src/db/CMakeFiles/db.dir/dbMetalWidthViaMap.cpp.o
[ 65%] Building CXX object src/odb/src/db/CMakeFiles/db.dir/dbModBTerm.cpp.o
[ 65%] Building CXX object src/odb/src/db/CMakeFiles/db.dir/dbModInst.cpp.o
[ 65%] Building CXX object src/odb/src/db/CMakeFiles/db.dir/dbModITerm.cpp.o
[ 65%] Building CXX object src/odb/src/db/CMakeFiles/db.dir/dbModNet.cpp.o
[ 65%] Building CXX object src/odb/src/db/CMakeFiles/db.dir/dbModule.cpp.o
[ 65%] Building CXX object src/odb/src/db/CMakeFiles/db.dir/dbNetTrack.cpp.o
[ 65%] Building CXX object src/odb/src/db/CMakeFiles/db.dir/dbPolygon.cpp.o
[ 65%] Building CXX object src/odb/src/db/CMakeFiles/db.dir/dbPowerDomain.cpp.o
[ 65%] Building CXX object src/odb/src/db/CMakeFiles/db.dir/dbPowerSwitch.cpp.o
[ 65%] Building CXX object src/odb/src/db/CMakeFiles/db.dir/dbProperty.cpp.o
[ 65%] Building CXX object src/odb/src/db/CMakeFiles/db.dir/dbScanChain.cpp.o
[ 65%] Building CXX object src/odb/src/db/CMakeFiles/db.dir/dbScanInst.cpp.o
[ 65%] Building CXX object src/odb/src/db/CMakeFiles/db.dir/dbScanList.cpp.o
[ 65%] Building CXX object src/odb/src/db/CMakeFiles/db.dir/dbScanPartition.cpp.o
[ 65%] Building CXX object src/odb/src/db/CMakeFiles/db.dir/dbScanPin.cpp.o
[ 65%] Building CXX object src/odb/src/db/CMakeFiles/db.dir/dbTechLayer.cpp.o
[ 65%] Building CXX object src/odb/src/db/CMakeFiles/db.dir/dbTechLayerAreaRule.cpp.o
[ 65%] Building CXX object src/odb/src/db/CMakeFiles/db.dir/dbTechLayerArraySpacingRule.cpp.o
[ 65%] Building CXX object src/odb/src/db/CMakeFiles/db.dir/dbTechLayerCornerSpacingRule.cpp.o
[ 65%] Building CXX object src/odb/src/db/CMakeFiles/db.dir/dbTechLayerCutClassRule.cpp.o
[ 65%] Building CXX object src/odb/src/db/CMakeFiles/db.dir/dbTechLayerCutEnclosureRule.cpp.o
[ 65%] Building CXX object src/odb/src/db/CMakeFiles/db.dir/dbTechLayerCutSpacingRule.cpp.o
[ 65%] Building CXX object src/odb/src/db/CMakeFiles/db.dir/dbTechLayerCutSpacingTableDefRule.cpp.o
[ 65%] Building CXX object src/odb/src/db/CMakeFiles/db.dir/dbTechLayerCutSpacingTableOrthRule.cpp.o
[ 65%] Building CXX object src/odb/src/db/CMakeFiles/db.dir/dbTechLayerEolExtensionRule.cpp.o
[ 65%] Building CXX object src/odb/src/db/CMakeFiles/db.dir/dbTechLayerEolKeepOutRule.cpp.o
[ 65%] Building CXX object src/odb/src/db/CMakeFiles/db.dir/dbTechLayerForbiddenSpacingRule.cpp.o
[ 65%] Building CXX object src/odb/src/db/CMakeFiles/db.dir/dbTechLayerKeepOutZoneRule.cpp.o
[ 65%] Building CXX object src/odb/src/db/CMakeFiles/db.dir/dbTechLayerMaxSpacingRule.cpp.o
[ 65%] Building CXX object src/odb/src/db/CMakeFiles/db.dir/dbTechLayerMinCutRule.cpp.o
[ 65%] Building CXX object src/odb/src/db/CMakeFiles/db.dir/dbTechLayerMinStepRule.cpp.o
[ 65%] Building CXX object src/odb/src/db/CMakeFiles/db.dir/dbTechLayerSpacingEolRule.cpp.o
[ 65%] Building CXX object src/odb/src/db/CMakeFiles/db.dir/dbTechLayerSpacingTablePrlRule.cpp.o
[ 67%] Building CXX object src/odb/src/db/CMakeFiles/db.dir/dbTechLayerTwoWiresForbiddenSpcRule.cpp.o
[ 67%] Building CXX object src/odb/src/db/CMakeFiles/db.dir/dbTechLayerVoltageSpacing.cpp.o
[ 67%] Building CXX object src/odb/src/db/CMakeFiles/db.dir/dbTechLayerWidthTableRule.cpp.o
[ 67%] Building CXX object src/odb/src/db/CMakeFiles/db.dir/dbTechLayerWrongDirSpacingRule.cpp.o
[ 67%] Building CXX object src/odb/src/db/CMakeFiles/db.dir/dbUnfoldedChipBumpInst.cpp.o
[ 67%] Building CXX object src/odb/src/db/CMakeFiles/db.dir/dbUnfoldedChipConn.cpp.o
[ 67%] Building CXX object src/odb/src/db/CMakeFiles/db.dir/dbUnfoldedChipInst.cpp.o
[ 67%] Building CXX object src/odb/src/db/CMakeFiles/db.dir/dbUnfoldedChipNet.cpp.o
[ 67%] Building CXX object src/odb/src/db/CMakeFiles/db.dir/dbUnfoldedChipRegionInst.cpp.o
[ 67%] Building CXX object src/odb/src/db/CMakeFiles/db.dir/dbChipBumpInstItr.cpp.o
[ 67%] Building CXX object src/odb/src/db/CMakeFiles/db.dir/dbChipConnItr.cpp.o
[ 67%] Building CXX object src/odb/src/db/CMakeFiles/db.dir/dbChipInstItr.cpp.o
[ 67%] Building CXX object src/odb/src/db/CMakeFiles/db.dir/dbChipNetCapNodeItr.cpp.o
[ 67%] Building CXX object src/odb/src/db/CMakeFiles/db.dir/dbChipNetItr.cpp.o
[ 67%] Building CXX object src/odb/src/db/CMakeFiles/db.dir/dbChipNetRSegItr.cpp.o
[ 67%] Building CXX object src/odb/src/db/CMakeFiles/db.dir/dbChipRegionInstItr.cpp.o
[ 67%] Building CXX object src/odb/src/db/CMakeFiles/db.dir/dbGroupInstItr.cpp.o
[ 67%] Building CXX object src/odb/src/db/CMakeFiles/db.dir/dbGroupItr.cpp.o
[ 67%] Building CXX object src/odb/src/db/CMakeFiles/db.dir/dbGroupModInstItr.cpp.o
[ 67%] Building CXX object src/odb/src/db/CMakeFiles/db.dir/dbGuideItr.cpp.o
[ 67%] Building CXX object src/odb/src/db/CMakeFiles/db.dir/dbModuleBusPortModBTermItr.cpp.o
[ 67%] Building CXX object src/odb/src/db/CMakeFiles/db.dir/dbModuleInstItr.cpp.o
[ 67%] Building CXX object src/odb/src/db/CMakeFiles/db.dir/dbModuleModBTermItr.cpp.o
[ 67%] Building CXX object src/odb/src/db/CMakeFiles/db.dir/dbModuleModInstItr.cpp.o
[ 67%] Building CXX object src/odb/src/db/CMakeFiles/db.dir/dbModuleModInstModITermItr.cpp.o
[ 67%] Building CXX object src/odb/src/db/CMakeFiles/db.dir/dbModuleModNetBTermItr.cpp.o
[ 67%] Building CXX object src/odb/src/db/CMakeFiles/db.dir/dbModuleModNetITermItr.cpp.o
[ 67%] Building CXX object src/odb/src/db/CMakeFiles/db.dir/dbModuleModNetItr.cpp.o
[ 67%] Building CXX object src/odb/src/db/CMakeFiles/db.dir/dbModuleModNetModBTermItr.cpp.o
[ 67%] Building CXX object src/odb/src/db/CMakeFiles/db.dir/dbModuleModNetModITermItr.cpp.o
[ 67%] Building CXX object src/odb/src/db/CMakeFiles/db.dir/dbModulePortItr.cpp.o
[ 67%] Building CXX object src/odb/src/db/CMakeFiles/db.dir/dbNetTrackItr.cpp.o
[ 67%] Building CXX object src/odb/src/db/CMakeFiles/db.dir/dbRegionGroupItr.cpp.o
[ 67%] Building CXX object src/odb/src/db/CMakeFiles/db.dir/dbScanListScanInstItr.cpp.o
[ 67%] Building CXX object src/odb/src/db/CMakeFiles/db.dir/dbUnfoldedChipBumpInstItr.cpp.o
[ 67%] Building CXX object src/odb/src/db/CMakeFiles/db.dir/dbUnfoldedChipRegionInstItr.cpp.o
[ 67%] Linking CXX static library libdb.a
[ 67%] Built target db
[ 67%] Building CXX object src/odb/src/gdsout/CMakeFiles/gdsout.dir/gdsout.cpp.o
[ 67%] Building CXX object src/odb/src/defin/CMakeFiles/defin.dir/definNet.cpp.o
[ 67%] Linking CXX static library libgdsout.a
[ 67%] Built target gdsout
[ 67%] Building CXX object src/odb/src/defout/CMakeFiles/defout.dir/defout.cpp.o
[ 67%] Building CXX object src/odb/src/defin/CMakeFiles/defin.dir/definSNet.cpp.o
[ 67%] Building CXX object src/odb/src/defout/CMakeFiles/defout.dir/defout_impl.cpp.o
[ 67%] Building CXX object src/odb/src/defin/CMakeFiles/defin.dir/definComponent.cpp.o
[ 67%] Building CXX object src/odb/src/defin/CMakeFiles/defin.dir/definComponentMaskShift.cpp.o
[ 67%] Linking CXX static library libdefout.a
[ 67%] Built target defout
[ 67%] Building CXX object src/odb/src/lefin/CMakeFiles/lefin.dir/lefin.cpp.o
[ 67%] Building CXX object src/odb/src/defin/CMakeFiles/defin.dir/definVia.cpp.o
[ 67%] Building CXX object src/odb/src/defin/CMakeFiles/defin.dir/definPin.cpp.o
[ 67%] Building CXX object src/odb/src/lefin/CMakeFiles/lefin.dir/reader.cpp.o
[ 67%] Building CXX object src/odb/src/defin/CMakeFiles/defin.dir/definBlockage.cpp.o
[ 67%] Building CXX object src/odb/src/lefin/CMakeFiles/lefin.dir/lefTechLayerSpacingEolParser.cpp.o
[ 67%] Building CXX object src/odb/src/defin/CMakeFiles/defin.dir/definFill.cpp.o
[ 67%] Building CXX object src/odb/src/defin/CMakeFiles/defin.dir/definTracks.cpp.o
In file included from /opt/or-tools/include/boost/none_t.hpp:17,
                 from /opt/or-tools/include/boost/none.hpp:17,
                 from /opt/or-tools/include/boost/optional/optional_io.hpp:19,
                 from /build_storage/B2_openroad_10176/source/src/odb/src/lefin/boostParser.h:22,
                 from /build_storage/B2_openroad_10176/source/src/odb/src/lefin/lefTechLayerSpacingEolParser.cpp:7:
/opt/or-tools/include/boost/detail/atomic_count.hpp:10:1: note: '#pragma message: This header is deprecated. Use <boost/smart_ptr/detail/atomic_count.hpp> instead.'
   10 | BOOST_HEADER_DEPRECATED("<boost/smart_ptr/detail/atomic_count.hpp>")
      | ^~~~~~~~~~~~~~~~~~~~~~~
[ 67%] Building CXX object src/odb/src/defin/CMakeFiles/defin.dir/definGCell.cpp.o
[ 67%] Building CXX object src/odb/src/defin/CMakeFiles/defin.dir/definRow.cpp.o
[ 67%] Building CXX object src/odb/src/defin/CMakeFiles/defin.dir/definRegion.cpp.o
[ 67%] Building CXX object src/odb/src/lefin/CMakeFiles/lefin.dir/lefTechLayerWrongDirSpacingParser.cpp.o
[ 67%] Building CXX object src/odb/src/defin/CMakeFiles/defin.dir/definGroup.cpp.o
[ 67%] Building CXX object src/odb/src/defin/CMakeFiles/defin.dir/definNonDefaultRule.cpp.o
In file included from /opt/or-tools/include/boost/none_t.hpp:17,
                 from /opt/or-tools/include/boost/none.hpp:17,
                 from /opt/or-tools/include/boost/optional/optional_io.hpp:19,
                 from /build_storage/B2_openroad_10176/source/src/odb/src/lefin/boostParser.h:22,
                 from /build_storage/B2_openroad_10176/source/src/odb/src/lefin/lefTechLayerWrongDirSpacingParser.cpp:9:
/opt/or-tools/include/boost/detail/atomic_count.hpp:10:1: note: '#pragma message: This header is deprecated. Use <boost/smart_ptr/detail/atomic_count.hpp> instead.'
   10 | BOOST_HEADER_DEPRECATED("<boost/smart_ptr/detail/atomic_count.hpp>")
      | ^~~~~~~~~~~~~~~~~~~~~~~
[ 67%] Building CXX object src/odb/src/defin/CMakeFiles/defin.dir/definReader.cpp.o
[ 67%] Building CXX object src/odb/src/lefin/CMakeFiles/lefin.dir/lefTechLayerMinStepParser.cpp.o
[ 67%] Building CXX object src/odb/src/defin/CMakeFiles/defin.dir/definBase.cpp.o
In file included from /opt/or-tools/include/boost/none_t.hpp:17,
                 from /opt/or-tools/include/boost/none.hpp:17,
                 from /opt/or-tools/include/boost/optional/optional_io.hpp:19,
                 from /build_storage/B2_openroad_10176/source/src/odb/src/lefin/boostParser.h:22,
                 from /build_storage/B2_openroad_10176/source/src/odb/src/lefin/lefTechLayerMinStepParser.cpp:7:
/opt/or-tools/include/boost/detail/atomic_count.hpp:10:1: note: '#pragma message: This header is deprecated. Use <boost/smart_ptr/detail/atomic_count.hpp> instead.'
   10 | BOOST_HEADER_DEPRECATED("<boost/smart_ptr/detail/atomic_count.hpp>")
      | ^~~~~~~~~~~~~~~~~~~~~~~
[ 67%] Building CXX object src/odb/src/defin/CMakeFiles/defin.dir/create_box.cpp.o
[ 67%] Building CXX object src/odb/src/lefin/CMakeFiles/lefin.dir/lefTechLayerMinWidthParser.cpp.o
[ 67%] Building CXX object src/odb/src/defin/CMakeFiles/defin.dir/defin.cpp.o
[ 67%] Building CXX object src/odb/src/defin/CMakeFiles/defin.dir/definPolygon.cpp.o
In file included from /opt/or-tools/include/boost/none_t.hpp:17,
                 from /opt/or-tools/include/boost/none.hpp:17,
                 from /opt/or-tools/include/boost/optional/optional.hpp:53,
                 from /build_storage/B2_openroad_10176/source/src/odb/src/lefin/lefTechLayerMinWidthParser.cpp:8:
/opt/or-tools/include/boost/detail/atomic_count.hpp:10:1: note: '#pragma message: This header is deprecated. Use <boost/smart_ptr/detail/atomic_count.hpp> instead.'
   10 | BOOST_HEADER_DEPRECATED("<boost/smart_ptr/detail/atomic_count.hpp>")
      | ^~~~~~~~~~~~~~~~~~~~~~~
[ 67%] Building CXX object src/odb/src/defin/CMakeFiles/defin.dir/definPropDefs.cpp.o
[ 67%] Building CXX object src/odb/src/lefin/CMakeFiles/lefin.dir/lefTechLayerCornerSpacingParser.cpp.o
[ 67%] Building CXX object src/odb/src/defin/CMakeFiles/defin.dir/definPinProps.cpp.o
[ 67%] Linking CXX static library libdefin.a
[ 67%] Built target defin
[ 67%] Building CXX object src/odb/src/lefout/CMakeFiles/lefout.dir/lefout.cpp.o
In file included from /opt/or-tools/include/boost/none_t.hpp:17,
                 from /opt/or-tools/include/boost/none.hpp:17,
                 from /opt/or-tools/include/boost/optional/optional_io.hpp:19,
                 from /build_storage/B2_openroad_10176/source/src/odb/src/lefin/boostParser.h:22,
                 from /build_storage/B2_openroad_10176/source/src/odb/src/lefin/lefTechLayerCornerSpacingParser.cpp:7:
/opt/or-tools/include/boost/detail/atomic_count.hpp:10:1: note: '#pragma message: This header is deprecated. Use <boost/smart_ptr/detail/atomic_count.hpp> instead.'
   10 | BOOST_HEADER_DEPRECATED("<boost/smart_ptr/detail/atomic_count.hpp>")
      | ^~~~~~~~~~~~~~~~~~~~~~~
[ 67%] Building CXX object src/odb/src/lefin/CMakeFiles/lefin.dir/lefTechLayerSpacingTablePrlParser.cpp.o
In file included from /opt/or-tools/include/boost/none_t.hpp:17,
                 from /opt/or-tools/include/boost/none.hpp:17,
                 from /opt/or-tools/include/boost/optional/optional_io.hpp:19,
                 from /build_storage/B2_openroad_10176/source/src/odb/src/lefin/boostParser.h:22,
                 from /build_storage/B2_openroad_10176/source/src/odb/src/lefin/lefTechLayerSpacingTablePrlParser.cpp:9:
/opt/or-tools/include/boost/detail/atomic_count.hpp:10:1: note: '#pragma message: This header is deprecated. Use <boost/smart_ptr/detail/atomic_count.hpp> instead.'
   10 | BOOST_HEADER_DEPRECATED("<boost/smart_ptr/detail/atomic_count.hpp>")
      | ^~~~~~~~~~~~~~~~~~~~~~~
[ 67%] Building CXX object src/odb/src/lefin/CMakeFiles/lefin.dir/lefTechLayerRightWayOnGridOnlyParser.cpp.o
[ 67%] Linking CXX static library liblefout.a
[ 67%] Built target lefout
[ 67%] Building CXX object src/odb/src/cdl/CMakeFiles/cdl.dir/cdl.cpp.o
In file included from /opt/or-tools/include/boost/none_t.hpp:17,
                 from /opt/or-tools/include/boost/none.hpp:17,
                 from /opt/or-tools/include/boost/optional/optional_io.hpp:19,
                 from /build_storage/B2_openroad_10176/source/src/odb/src/lefin/boostParser.h:22,
                 from /build_storage/B2_openroad_10176/source/src/odb/src/lefin/lefTechLayerRightWayOnGridOnlyParser.cpp:7:
/opt/or-tools/include/boost/detail/atomic_count.hpp:10:1: note: '#pragma message: This header is deprecated. Use <boost/smart_ptr/detail/atomic_count.hpp> instead.'
   10 | BOOST_HEADER_DEPRECATED("<boost/smart_ptr/detail/atomic_count.hpp>")
      | ^~~~~~~~~~~~~~~~~~~~~~~
[ 67%] Building CXX object src/odb/src/lefin/CMakeFiles/lefin.dir/lefTechLayerRectOnlyParser.cpp.o
[ 67%] Linking CXX static library libcdl.a
[ 67%] Built target cdl
[ 67%] Building CXX object src/odb/src/gdsin/CMakeFiles/gdsin.dir/gdsin.cpp.o
[ 67%] Building CXX object src/odb/src/gdsin/CMakeFiles/gdsin.dir/gdsUtil.cpp.o
In file included from /opt/or-tools/include/boost/none_t.hpp:17,
                 from /opt/or-tools/include/boost/none.hpp:17,
                 from /opt/or-tools/include/boost/optional/optional_io.hpp:19,
                 from /build_storage/B2_openroad_10176/source/src/odb/src/lefin/boostParser.h:22,
                 from /build_storage/B2_openroad_10176/source/src/odb/src/lefin/lefTechLayerRectOnlyParser.cpp:7:
/opt/or-tools/include/boost/detail/atomic_count.hpp:10:1: note: '#pragma message: This header is deprecated. Use <boost/smart_ptr/detail/atomic_count.hpp> instead.'
   10 | BOOST_HEADER_DEPRECATED("<boost/smart_ptr/detail/atomic_count.hpp>")
      | ^~~~~~~~~~~~~~~~~~~~~~~
[ 67%] Building CXX object src/odb/src/lefin/CMakeFiles/lefin.dir/lefTechLayerBacksideParser.cpp.o
[ 67%] Linking CXX static library libgdsin.a
[ 67%] Built target gdsin
[ 68%] Building CXX object src/dbSta/src/CMakeFiles/dbSta_lib.dir/dbSta.cc.o
In file included from /opt/or-tools/include/boost/none_t.hpp:17,
                 from /opt/or-tools/include/boost/none.hpp:17,
                 from /opt/or-tools/include/boost/optional/optional_io.hpp:19,
                 from /build_storage/B2_openroad_10176/source/src/odb/src/lefin/boostParser.h:22,
                 from /build_storage/B2_openroad_10176/source/src/odb/src/lefin/lefTechLayerBacksideParser.cpp:7:
/opt/or-tools/include/boost/detail/atomic_count.hpp:10:1: note: '#pragma message: This header is deprecated. Use <boost/smart_ptr/detail/atomic_count.hpp> instead.'
   10 | BOOST_HEADER_DEPRECATED("<boost/smart_ptr/detail/atomic_count.hpp>")
      | ^~~~~~~~~~~~~~~~~~~~~~~
[ 68%] Building CXX object src/odb/src/lefin/CMakeFiles/lefin.dir/lefTechLayerCutClassParser.cpp.o
In file included from /opt/or-tools/include/boost/none_t.hpp:17,
                 from /opt/or-tools/include/boost/none.hpp:17,
                 from /opt/or-tools/include/boost/optional/optional_io.hpp:19,
                 from /build_storage/B2_openroad_10176/source/src/odb/src/lefin/boostParser.h:22,
                 from /build_storage/B2_openroad_10176/source/src/odb/src/lefin/lefTechLayerCutClassParser.cpp:7:
/opt/or-tools/include/boost/detail/atomic_count.hpp:10:1: note: '#pragma message: This header is deprecated. Use <boost/smart_ptr/detail/atomic_count.hpp> instead.'
   10 | BOOST_HEADER_DEPRECATED("<boost/smart_ptr/detail/atomic_count.hpp>")
      | ^~~~~~~~~~~~~~~~~~~~~~~
[ 68%] Building CXX object src/odb/src/lefin/CMakeFiles/lefin.dir/lefTechLayerCutSpacingParser.cpp.o
In file included from /opt/or-tools/include/boost/none_t.hpp:17,
                 from /opt/or-tools/include/boost/none.hpp:17,
                 from /opt/or-tools/include/boost/optional/optional_io.hpp:19,
                 from /build_storage/B2_openroad_10176/source/src/odb/src/lefin/boostParser.h:22,
                 from /build_storage/B2_openroad_10176/source/src/odb/src/lefin/lefTechLayerCutSpacingParser.cpp:10:
/opt/or-tools/include/boost/detail/atomic_count.hpp:10:1: note: '#pragma message: This header is deprecated. Use <boost/smart_ptr/detail/atomic_count.hpp> instead.'
   10 | BOOST_HEADER_DEPRECATED("<boost/smart_ptr/detail/atomic_count.hpp>")
      | ^~~~~~~~~~~~~~~~~~~~~~~
[ 68%] Building CXX object src/dbSta/src/CMakeFiles/dbSta_lib.dir/dbNetwork.cc.o
[ 68%] Building CXX object src/odb/src/lefin/CMakeFiles/lefin.dir/lefTechLayerCutSpacingTableParser.cpp.o
[ 68%] Building CXX object src/dbSta/src/CMakeFiles/dbSta_lib.dir/dbSdcNetwork.cc.o
In file included from /opt/or-tools/include/boost/none_t.hpp:17,
                 from /opt/or-tools/include/boost/none.hpp:17,
                 from /opt/or-tools/include/boost/optional/optional_io.hpp:19,
                 from /build_storage/B2_openroad_10176/source/src/odb/src/lefin/boostParser.h:22,
                 from /build_storage/B2_openroad_10176/source/src/odb/src/lefin/lefTechLayerCutSpacingTableParser.cpp:14:
/opt/or-tools/include/boost/detail/atomic_count.hpp:10:1: note: '#pragma message: This header is deprecated. Use <boost/smart_ptr/detail/atomic_count.hpp> instead.'
   10 | BOOST_HEADER_DEPRECATED("<boost/smart_ptr/detail/atomic_count.hpp>")
      | ^~~~~~~~~~~~~~~~~~~~~~~
[ 68%] Building CXX object src/dbSta/src/CMakeFiles/dbSta_lib.dir/dbEditHierarchy.cc.o
[ 68%] Building CXX object src/dbSta/src/CMakeFiles/dbSta_lib.dir/dbReadVerilog.cc.o
[ 68%] Building CXX object src/odb/src/lefin/CMakeFiles/lefin.dir/lefTechLayerCutEnclosureParser.cpp.o
In file included from /opt/or-tools/include/boost/none_t.hpp:17,
                 from /opt/or-tools/include/boost/none.hpp:17,
                 from /opt/or-tools/include/boost/optional/optional_io.hpp:19,
                 from /build_storage/B2_openroad_10176/source/src/odb/src/lefin/boostParser.h:22,
                 from /build_storage/B2_openroad_10176/source/src/odb/src/lefin/lefTechLayerCutEnclosureParser.cpp:7:
/opt/or-tools/include/boost/detail/atomic_count.hpp:10:1: note: '#pragma message: This header is deprecated. Use <boost/smart_ptr/detail/atomic_count.hpp> instead.'
   10 | BOOST_HEADER_DEPRECATED("<boost/smart_ptr/detail/atomic_count.hpp>")
      | ^~~~~~~~~~~~~~~~~~~~~~~
[ 68%] Building CXX object src/dbSta/src/CMakeFiles/dbSta_lib.dir/SpefWriter.cc.o
[ 68%] Building CXX object src/dbSta/src/CMakeFiles/dbSta_lib.dir/IpChecker.cc.o
[ 68%] Building CXX object src/odb/src/lefin/CMakeFiles/lefin.dir/lefTechLayerTypeParser.cpp.o
[ 68%] Building CXX object src/dbSta/src/CMakeFiles/dbSta_lib.dir/DmpCeffLambertWDelayCalc.cc.o
[ 68%] Linking CXX static library libdbSta_lib.a
[ 68%] Built target dbSta_lib
[ 68%] Generating messages.checked
[ 68%] Built target dbSta_messages
[ 68%] Building CXX object src/odb/src/lefin/CMakeFiles/lefin.dir/lefTechLayerEolExtensionParser.cpp.o
In file included from /opt/or-tools/include/boost/none_t.hpp:17,
                 from /opt/or-tools/include/boost/none.hpp:17,
                 from /opt/or-tools/include/boost/optional/optional_io.hpp:19,
                 from /build_storage/B2_openroad_10176/source/src/odb/src/lefin/boostParser.h:22,
                 from /build_storage/B2_openroad_10176/source/src/odb/src/lefin/lefTechLayerTypeParser.cpp:7:
/opt/or-tools/include/boost/detail/atomic_count.hpp:10:1: note: '#pragma message: This header is deprecated. Use <boost/smart_ptr/detail/atomic_count.hpp> instead.'
   10 | BOOST_HEADER_DEPRECATED("<boost/smart_ptr/detail/atomic_count.hpp>")
      | ^~~~~~~~~~~~~~~~~~~~~~~
[ 68%] Building CXX object src/odb/src/lefin/CMakeFiles/lefin.dir/lefTechLayerEolKeepOutRuleParser.cpp.o
In file included from /opt/or-tools/include/boost/none_t.hpp:17,
                 from /opt/or-tools/include/boost/none.hpp:17,
                 from /opt/or-tools/include/boost/optional/optional_io.hpp:19,
                 from /build_storage/B2_openroad_10176/source/src/odb/src/lefin/boostParser.h:22,
                 from /build_storage/B2_openroad_10176/source/src/odb/src/lefin/lefTechLayerEolExtensionParser.cpp:7:
/opt/or-tools/include/boost/detail/atomic_count.hpp:10:1: note: '#pragma message: This header is deprecated. Use <boost/smart_ptr/detail/atomic_count.hpp> instead.'
   10 | BOOST_HEADER_DEPRECATED("<boost/smart_ptr/detail/atomic_count.hpp>")
      | ^~~~~~~~~~~~~~~~~~~~~~~
[ 68%] Building CXX object src/odb/src/lefin/CMakeFiles/lefin.dir/lefTechLayerAreaRuleParser.cpp.o
In file included from /opt/or-tools/include/boost/none_t.hpp:17,
                 from /opt/or-tools/include/boost/none.hpp:17,
                 from /opt/or-tools/include/boost/optional/optional_io.hpp:19,
                 from /build_storage/B2_openroad_10176/source/src/odb/src/lefin/boostParser.h:22,
                 from /build_storage/B2_openroad_10176/source/src/odb/src/lefin/lefTechLayerEolKeepOutRuleParser.cpp:7:
/opt/or-tools/include/boost/detail/atomic_count.hpp:10:1: note: '#pragma message: This header is deprecated. Use <boost/smart_ptr/detail/atomic_count.hpp> instead.'
   10 | BOOST_HEADER_DEPRECATED("<boost/smart_ptr/detail/atomic_count.hpp>")
      | ^~~~~~~~~~~~~~~~~~~~~~~
In file included from /opt/or-tools/include/boost/none_t.hpp:17,
                 from /opt/or-tools/include/boost/none.hpp:17,
                 from /opt/or-tools/include/boost/optional/optional_io.hpp:19,
                 from /build_storage/B2_openroad_10176/source/src/odb/src/lefin/boostParser.h:22,
                 from /build_storage/B2_openroad_10176/source/src/odb/src/lefin/lefTechLayerAreaRuleParser.cpp:11:
/opt/or-tools/include/boost/detail/atomic_count.hpp:10:1: note: '#pragma message: This header is deprecated. Use <boost/smart_ptr/detail/atomic_count.hpp> instead.'
   10 | BOOST_HEADER_DEPRECATED("<boost/smart_ptr/detail/atomic_count.hpp>")
      | ^~~~~~~~~~~~~~~~~~~~~~~
[ 68%] Building CXX object src/odb/src/lefin/CMakeFiles/lefin.dir/lefTechLayerPitchRuleParser.cpp.o
In file included from /opt/or-tools/include/boost/none_t.hpp:17,
                 from /opt/or-tools/include/boost/none.hpp:17,
                 from /opt/or-tools/include/boost/optional/optional_io.hpp:19,
                 from /build_storage/B2_openroad_10176/source/src/odb/src/lefin/boostParser.h:22,
                 from /build_storage/B2_openroad_10176/source/src/odb/src/lefin/lefTechLayerPitchRuleParser.cpp:7:
/opt/or-tools/include/boost/detail/atomic_count.hpp:10:1: note: '#pragma message: This header is deprecated. Use <boost/smart_ptr/detail/atomic_count.hpp> instead.'
   10 | BOOST_HEADER_DEPRECATED("<boost/smart_ptr/detail/atomic_count.hpp>")
      | ^~~~~~~~~~~~~~~~~~~~~~~
[ 68%] Building CXX object src/odb/src/lefin/CMakeFiles/lefin.dir/lefTechLayerForbiddenSpacingRuleParser.cpp.o
[ 68%] Building CXX object src/odb/src/lefin/CMakeFiles/lefin.dir/lefTechLayerTwoWiresForbiddenSpcRuleParser.cpp.o
In file included from /opt/or-tools/include/boost/none_t.hpp:17,
                 from /opt/or-tools/include/boost/none.hpp:17,
                 from /opt/or-tools/include/boost/optional/optional_io.hpp:19,
                 from /build_storage/B2_openroad_10176/source/src/odb/src/lefin/boostParser.h:22,
                 from /build_storage/B2_openroad_10176/source/src/odb/src/lefin/lefTechLayerForbiddenSpacingRuleParser.cpp:8:
/opt/or-tools/include/boost/detail/atomic_count.hpp:10:1: note: '#pragma message: This header is deprecated. Use <boost/smart_ptr/detail/atomic_count.hpp> instead.'
   10 | BOOST_HEADER_DEPRECATED("<boost/smart_ptr/detail/atomic_count.hpp>")
      | ^~~~~~~~~~~~~~~~~~~~~~~
In file included from /opt/or-tools/include/boost/none_t.hpp:17,
                 from /opt/or-tools/include/boost/none.hpp:17,
                 from /opt/or-tools/include/boost/optional/optional_io.hpp:19,
                 from /build_storage/B2_openroad_10176/source/src/odb/src/lefin/boostParser.h:22,
                 from /build_storage/B2_openroad_10176/source/src/odb/src/lefin/lefTechLayerTwoWiresForbiddenSpcRuleParser.cpp:7:
/opt/or-tools/include/boost/detail/atomic_count.hpp:10:1: note: '#pragma message: This header is deprecated. Use <boost/smart_ptr/detail/atomic_count.hpp> instead.'
   10 | BOOST_HEADER_DEPRECATED("<boost/smart_ptr/detail/atomic_count.hpp>")
      | ^~~~~~~~~~~~~~~~~~~~~~~
[ 68%] Building CXX object src/odb/src/lefin/CMakeFiles/lefin.dir/lefTechLayerVoltageSpacing.cpp.o
[ 68%] Building CXX object src/odb/src/lefin/CMakeFiles/lefin.dir/lefMacroBacksideBridgeParser.cpp.o
In file included from /opt/or-tools/include/boost/none_t.hpp:17,
                 from /opt/or-tools/include/boost/none.hpp:17,
                 from /opt/or-tools/include/boost/optional/optional.hpp:53,
                 from /build_storage/B2_openroad_10176/source/src/odb/src/lefin/lefTechLayerVoltageSpacing.cpp:8:
/opt/or-tools/include/boost/detail/atomic_count.hpp:10:1: note: '#pragma message: This header is deprecated. Use <boost/smart_ptr/detail/atomic_count.hpp> instead.'
   10 | BOOST_HEADER_DEPRECATED("<boost/smart_ptr/detail/atomic_count.hpp>")
      | ^~~~~~~~~~~~~~~~~~~~~~~
In file included from /opt/or-tools/include/boost/none_t.hpp:17,
                 from /opt/or-tools/include/boost/none.hpp:17,
                 from /opt/or-tools/include/boost/optional/optional_io.hpp:19,
                 from /build_storage/B2_openroad_10176/source/src/odb/src/lefin/boostParser.h:22,
                 from /build_storage/B2_openroad_10176/source/src/odb/src/lefin/lefMacroBacksideBridgeParser.cpp:7:
/opt/or-tools/include/boost/detail/atomic_count.hpp:10:1: note: '#pragma message: This header is deprecated. Use <boost/smart_ptr/detail/atomic_count.hpp> instead.'
   10 | BOOST_HEADER_DEPRECATED("<boost/smart_ptr/detail/atomic_count.hpp>")
      | ^~~~~~~~~~~~~~~~~~~~~~~
[ 68%] Building CXX object src/odb/src/lefin/CMakeFiles/lefin.dir/lefMacroClassParser.cpp.o
[ 68%] Building CXX object src/odb/src/lefin/CMakeFiles/lefin.dir/lefMacroEdgeTypeParser.cpp.o
In file included from /opt/or-tools/include/boost/none_t.hpp:17,
                 from /opt/or-tools/include/boost/none.hpp:17,
                 from /opt/or-tools/include/boost/optional/optional_io.hpp:19,
                 from /build_storage/B2_openroad_10176/source/src/odb/src/lefin/boostParser.h:22,
                 from /build_storage/B2_openroad_10176/source/src/odb/src/lefin/lefMacroClassParser.cpp:7:
/opt/or-tools/include/boost/detail/atomic_count.hpp:10:1: note: '#pragma message: This header is deprecated. Use <boost/smart_ptr/detail/atomic_count.hpp> instead.'
   10 | BOOST_HEADER_DEPRECATED("<boost/smart_ptr/detail/atomic_count.hpp>")
      | ^~~~~~~~~~~~~~~~~~~~~~~
In file included from /opt/or-tools/include/boost/none_t.hpp:17,
                 from /opt/or-tools/include/boost/none.hpp:17,
                 from /opt/or-tools/include/boost/optional/optional_io.hpp:19,
                 from /build_storage/B2_openroad_10176/source/src/odb/src/lefin/boostParser.h:22,
                 from /build_storage/B2_openroad_10176/source/src/odb/src/lefin/lefMacroEdgeTypeParser.cpp:8:
/opt/or-tools/include/boost/detail/atomic_count.hpp:10:1: note: '#pragma message: This header is deprecated. Use <boost/smart_ptr/detail/atomic_count.hpp> instead.'
   10 | BOOST_HEADER_DEPRECATED("<boost/smart_ptr/detail/atomic_count.hpp>")
      | ^~~~~~~~~~~~~~~~~~~~~~~
[ 68%] Building CXX object src/odb/src/lefin/CMakeFiles/lefin.dir/CellEdgeSpacingTableParser.cpp.o
[ 68%] Building CXX object src/odb/src/lefin/CMakeFiles/lefin.dir/AntennaGateParser.cpp.o
In file included from /opt/or-tools/include/boost/none_t.hpp:17,
                 from /opt/or-tools/include/boost/none.hpp:17,
                 from /opt/or-tools/include/boost/optional/optional.hpp:53,
                 from /opt/or-tools/include/boost/optional.hpp:15,
                 from /opt/or-tools/include/boost/spirit/home/support/container.hpp:20,
                 from /opt/or-tools/include/boost/spirit/home/support/string_traits.hpp:16,
                 from /opt/or-tools/include/boost/spirit/home/support/nonterminal/expand_arg.hpp:20,
                 from /opt/or-tools/include/boost/spirit/home/support/context.hpp:17,
                 from /opt/or-tools/include/boost/spirit/home/qi/parse.hpp:15,
                 from /opt/or-tools/include/boost/spirit/home/qi/detail/parse_auto.hpp:14,
                 from /build_storage/B2_openroad_10176/source/src/odb/src/lefin/AntennaGateParser.cpp:8:
/opt/or-tools/include/boost/detail/atomic_count.hpp:10:1: note: '#pragma message: This header is deprecated. Use <boost/smart_ptr/detail/atomic_count.hpp> instead.'
   10 | BOOST_HEADER_DEPRECATED("<boost/smart_ptr/detail/atomic_count.hpp>")
      | ^~~~~~~~~~~~~~~~~~~~~~~
In file included from /opt/or-tools/include/boost/none_t.hpp:17,
                 from /opt/or-tools/include/boost/none.hpp:17,
                 from /opt/or-tools/include/boost/optional/optional.hpp:53,
                 from /build_storage/B2_openroad_10176/source/src/odb/src/lefin/CellEdgeSpacingTableParser.h:9,
                 from /build_storage/B2_openroad_10176/source/src/odb/src/lefin/CellEdgeSpacingTableParser.cpp:5:
/opt/or-tools/include/boost/detail/atomic_count.hpp:10:1: note: '#pragma message: This header is deprecated. Use <boost/smart_ptr/detail/atomic_count.hpp> instead.'
   10 | BOOST_HEADER_DEPRECATED("<boost/smart_ptr/detail/atomic_count.hpp>")
      | ^~~~~~~~~~~~~~~~~~~~~~~
[ 68%] Building CXX object src/syn/src/elab/CMakeFiles/syn_elab.dir/backend_builder.cc.o
[ 68%] Building CXX object src/odb/src/lefin/CMakeFiles/lefin.dir/ArraySpacingParser.cpp.o
In file included from /opt/or-tools/include/boost/none_t.hpp:17,
                 from /opt/or-tools/include/boost/none.hpp:17,
                 from /opt/or-tools/include/boost/optional/optional_io.hpp:19,
                 from /build_storage/B2_openroad_10176/source/src/odb/src/lefin/boostParser.h:22,
                 from /build_storage/B2_openroad_10176/source/src/odb/src/lefin/ArraySpacingParser.cpp:9:
/opt/or-tools/include/boost/detail/atomic_count.hpp:10:1: note: '#pragma message: This header is deprecated. Use <boost/smart_ptr/detail/atomic_count.hpp> instead.'
   10 | BOOST_HEADER_DEPRECATED("<boost/smart_ptr/detail/atomic_count.hpp>")
      | ^~~~~~~~~~~~~~~~~~~~~~~
[ 68%] Building CXX object src/syn/src/elab/CMakeFiles/syn_elab.dir/blackboxes.cc.o
[ 68%] Building CXX object src/odb/src/lefin/CMakeFiles/lefin.dir/WidthTableParser.cpp.o
In file included from /opt/or-tools/include/boost/none_t.hpp:17,
                 from /opt/or-tools/include/boost/none.hpp:17,
                 from /opt/or-tools/include/boost/optional/optional_io.hpp:19,
                 from /build_storage/B2_openroad_10176/source/src/odb/src/lefin/boostParser.h:22,
                 from /build_storage/B2_openroad_10176/source/src/odb/src/lefin/WidthTableParser.cpp:7:
/opt/or-tools/include/boost/detail/atomic_count.hpp:10:1: note: '#pragma message: This header is deprecated. Use <boost/smart_ptr/detail/atomic_count.hpp> instead.'
   10 | BOOST_HEADER_DEPRECATED("<boost/smart_ptr/detail/atomic_count.hpp>")
      | ^~~~~~~~~~~~~~~~~~~~~~~
[ 68%] Building CXX object src/syn/src/elab/CMakeFiles/syn_elab.dir/driver.cc.o
[ 68%] Building CXX object src/odb/src/lefin/CMakeFiles/lefin.dir/MinCutParser.cpp.o
[ 68%] Building CXX object src/syn/src/elab/CMakeFiles/syn_elab.dir/error.cc.o
In file included from /opt/or-tools/include/boost/none_t.hpp:17,
                 from /opt/or-tools/include/boost/none.hpp:17,
                 from /opt/or-tools/include/boost/optional/optional_io.hpp:19,
                 from /build_storage/B2_openroad_10176/source/src/odb/src/lefin/boostParser.h:22,
                 from /build_storage/B2_openroad_10176/source/src/odb/src/lefin/MinCutParser.cpp:7:
/opt/or-tools/include/boost/detail/atomic_count.hpp:10:1: note: '#pragma message: This header is deprecated. Use <boost/smart_ptr/detail/atomic_count.hpp> instead.'
   10 | BOOST_HEADER_DEPRECATED("<boost/smart_ptr/detail/atomic_count.hpp>")
      | ^~~~~~~~~~~~~~~~~~~~~~~
[ 68%] Linking CXX static library libsyn_elab.a
[ 68%] Built target syn_elab
[ 68%] Building CXX object src/odb/src/lefin/CMakeFiles/lefin.dir/MetalWidthViaMapParser.cpp.o
[ 68%] Building CXX object src/odb/src/lefin/CMakeFiles/lefin.dir/KeepOutZoneParser.cpp.o
In file included from /opt/or-tools/include/boost/none_t.hpp:17,
                 from /opt/or-tools/include/boost/none.hpp:17,
                 from /opt/or-tools/include/boost/optional/optional_io.hpp:19,
                 from /build_storage/B2_openroad_10176/source/src/odb/src/lefin/boostParser.h:22,
                 from /build_storage/B2_openroad_10176/source/src/odb/src/lefin/MetalWidthViaMapParser.cpp:8:
/opt/or-tools/include/boost/detail/atomic_count.hpp:10:1: note: '#pragma message: This header is deprecated. Use <boost/smart_ptr/detail/atomic_count.hpp> instead.'
   10 | BOOST_HEADER_DEPRECATED("<boost/smart_ptr/detail/atomic_count.hpp>")
      | ^~~~~~~~~~~~~~~~~~~~~~~
[ 68%] Building CXX object src/odb/src/lefin/CMakeFiles/lefin.dir/MaxSpacingParser.cpp.o
In file included from /opt/or-tools/include/boost/none_t.hpp:17,
                 from /opt/or-tools/include/boost/none.hpp:17,
                 from /opt/or-tools/include/boost/optional/optional_io.hpp:19,
                 from /build_storage/B2_openroad_10176/source/src/odb/src/lefin/boostParser.h:22,
                 from /build_storage/B2_openroad_10176/source/src/odb/src/lefin/KeepOutZoneParser.cpp:9:
/opt/or-tools/include/boost/detail/atomic_count.hpp:10:1: note: '#pragma message: This header is deprecated. Use <boost/smart_ptr/detail/atomic_count.hpp> instead.'
   10 | BOOST_HEADER_DEPRECATED("<boost/smart_ptr/detail/atomic_count.hpp>")
      | ^~~~~~~~~~~~~~~~~~~~~~~
In file included from /opt/or-tools/include/boost/none_t.hpp:17,
                 from /opt/or-tools/include/boost/none.hpp:17,
                 from /opt/or-tools/include/boost/optional/optional_io.hpp:19,
                 from /build_storage/B2_openroad_10176/source/src/odb/src/lefin/boostParser.h:22,
                 from /build_storage/B2_openroad_10176/source/src/odb/src/lefin/MaxSpacingParser.cpp:7:
/opt/or-tools/include/boost/detail/atomic_count.hpp:10:1: note: '#pragma message: This header is deprecated. Use <boost/smart_ptr/detail/atomic_count.hpp> instead.'
   10 | BOOST_HEADER_DEPRECATED("<boost/smart_ptr/detail/atomic_count.hpp>")
      | ^~~~~~~~~~~~~~~~~~~~~~~
[ 70%] Linking CXX static library liblefin.a
[ 70%] Built target lefin
[ 70%] Building CXX object src/odb/src/swig/common/CMakeFiles/odb_swig_common.dir/swig_common.cpp.o
[ 70%] Building CXX object src/odb/src/3dblox/CMakeFiles/3dblox.dir/baseParser.cpp.o
[ 70%] Building CXX object src/odb/src/3dblox/CMakeFiles/3dblox.dir/bmapParser.cpp.o
[ 70%] Building CXX object src/odb/src/3dblox/CMakeFiles/3dblox.dir/dbvParser.cpp.o
[ 70%] Linking CXX static library libodb_swig_common.a
[ 70%] Built target odb_swig_common
[ 70%] Building CXX object src/odb/src/3dblox/CMakeFiles/3dblox.dir/dbxParser.cpp.o
[ 70%] Building CXX object src/odb/src/3dblox/CMakeFiles/3dblox.dir/baseWriter.cpp.o
[ 70%] Building CXX object src/odb/src/3dblox/CMakeFiles/3dblox.dir/bmapWriter.cpp.o
[ 70%] Building CXX object src/odb/src/3dblox/CMakeFiles/3dblox.dir/dbvWriter.cpp.o
[ 70%] Building CXX object src/odb/src/3dblox/CMakeFiles/3dblox.dir/dbxWriter.cpp.o
[ 70%] Building CXX object src/odb/src/3dblox/CMakeFiles/3dblox.dir/verilogWriter.cpp.o
[ 70%] Building CXX object src/odb/src/3dblox/CMakeFiles/3dblox.dir/3dblox.cpp.o
[ 70%] Building CXX object src/odb/src/3dblox/CMakeFiles/3dblox.dir/checker.cpp.o
[ 70%] Linking CXX static library lib3dblox.a
[ 70%] Built target 3dblox
[ 70%] Generating messages.checked
[ 70%] Built target odb_messages
[ 70%] Building CXX object src/gui/CMakeFiles/gui_heatmap_core.dir/src/heatMapCore.cpp.o
[ 70%] Building CXX object src/gui/CMakeFiles/gui_descriptors.dir/src/descriptor_registry.cpp.o
[ 70%] Linking CXX static library libgui_descriptors.a
[ 70%] Built target gui_descriptors
[ 70%] Building CXX object src/gui/CMakeFiles/gui_heatmap_core.dir/src/heatMapPinDensity.cpp.o
[ 70%] Building CXX object src/gui/CMakeFiles/gui_heatmap_core.dir/src/heatMapPlacementDensity.cpp.o
[ 70%] Generating dbSta-tclInitVar.cc
[ 70%] Swig compile dbSta.i for tcl
[ 70%] Building CXX object src/dbSta/src/CMakeFiles/dbSta.dir/CMakeFiles/dbSta.dir/dbStaTCL_wrap.cxx.o
[ 70%] Linking CXX static library libgui_heatmap_core.a
[ 70%] Built target gui_heatmap_core
[ 70%] Swig compile ../common/odb.i for python
[ 70%] Generating odb_py-pythonInitVar.cc
[ 70%] Building CXX object src/odb/src/swig/python/CMakeFiles/odb_py.dir/CMakeFiles/odb_py.dir/odbPYTHON_wrap.cxx.o
[ 70%] Building CXX object src/dbSta/src/CMakeFiles/dbSta.dir/dbSta-tclInitVar.cc.o
[ 70%] Building CXX object src/dbSta/src/CMakeFiles/dbSta.dir/MakeDbSta.cc.o
[ 70%] Linking CXX static library dbSta.a
[ 70%] Built target dbSta
[ 70%] Generating odbtcl-tclInitVar.cc
[ 70%] Swig compile ../common/odb.i for tcl
[ 70%] Building CXX object src/odb/src/swig/tcl/CMakeFiles/odbtcl.dir/CMakeFiles/odbtcl.dir/odbTCL_wrap.cxx.o
[ 70%] Building CXX object src/odb/src/swig/python/CMakeFiles/odb_py.dir/odb_py-pythonInitVar.cc.o
[ 70%] Linking CXX static library _odb_py.a
[ 70%] Built target odb_py
[ 70%] Generating POWV9.cpp
[ 70%] Generating POST9.cpp
[ 70%] Building CXX object src/stt/CMakeFiles/stt_lib.dir/src/SteinerTreeBuilder.cpp.o
[ 70%] Building CXX object src/stt/CMakeFiles/stt_lib.dir/src/flt/flute.cpp.o
[ 70%] Building CXX object src/stt/CMakeFiles/stt_lib.dir/POWV9.cpp.o
[ 70%] Building CXX object src/stt/CMakeFiles/stt_lib.dir/POST9.cpp.o
[ 70%] Building CXX object src/stt/CMakeFiles/stt_lib.dir/src/pdr/src/pd.cpp.o
[ 71%] Linking CXX static library libstt_lib.a
[ 71%] Built target stt_lib
[ 71%] Building CXX object src/dpl/CMakeFiles/dpl_lib.dir/src/Opendp.cpp.o
[ 71%] Building CXX object src/dpl/CMakeFiles/dpl_lib.dir/src/dbToOpendp.cpp.o
[ 71%] Building CXX object src/dpl/CMakeFiles/dpl_lib.dir/src/infrastructure/Grid.cpp.o
[ 71%] Building CXX object src/dpl/CMakeFiles/dpl_lib.dir/src/CheckPlacement.cpp.o
[ 71%] Building CXX object src/dpl/CMakeFiles/dpl_lib.dir/src/infrastructure/Objects.cpp.o
[ 71%] Building CXX object src/dpl/CMakeFiles/dpl_lib.dir/src/infrastructure/Padding.cpp.o
[ 71%] Building CXX object src/dpl/CMakeFiles/dpl_lib.dir/src/Place.cpp.o
[ 71%] Building CXX object src/odb/src/swig/tcl/CMakeFiles/odbtcl.dir/odbtcl-tclInitVar.cc.o
[ 71%] Building CXX object src/odb/src/swig/tcl/CMakeFiles/odbtcl.dir/MakeOdb.cpp.o
[ 71%] Linking CXX static library odbtcl.a
[ 71%] Built target odbtcl
[ 71%] Building CXX object src/grt/src/cugr/CMakeFiles/CUGR.dir/src/CUGR.cpp.o
[ 71%] Building CXX object src/dpl/CMakeFiles/dpl_lib.dir/src/FillerPlacement.cpp.o
[ 71%] Building CXX object src/grt/src/cugr/CMakeFiles/CUGR.dir/src/Design.cpp.o
[ 71%] Building CXX object src/dpl/CMakeFiles/dpl_lib.dir/src/DecapPlacement.cpp.o
[ 71%] Building CXX object src/grt/src/cugr/CMakeFiles/CUGR.dir/src/GeoTypes.cpp.o
[ 71%] Building CXX object src/grt/src/cugr/CMakeFiles/CUGR.dir/src/GRNet.cpp.o
[ 71%] Building CXX object src/dpl/CMakeFiles/dpl_lib.dir/src/OptMirror.cpp.o
[ 71%] Building CXX object src/grt/src/cugr/CMakeFiles/CUGR.dir/src/GRTree.cpp.o
[ 71%] Building CXX object src/grt/src/cugr/CMakeFiles/CUGR.dir/src/GridGraph.cpp.o
[ 73%] Building CXX object src/dpl/CMakeFiles/dpl_lib.dir/src/PlacementDRC.cpp.o
[ 73%] Building CXX object src/grt/src/cugr/CMakeFiles/CUGR.dir/src/Layers.cpp.o
[ 73%] Building CXX object src/grt/src/cugr/CMakeFiles/CUGR.dir/src/Netlist.cpp.o
[ 73%] Building CXX object src/grt/src/cugr/CMakeFiles/CUGR.dir/src/MazeRoute.cpp.o
[ 73%] Building CXX object src/dpl/CMakeFiles/dpl_lib.dir/src/NegotiationLegalizer.cpp.o
[ 73%] Building CXX object src/grt/src/cugr/CMakeFiles/CUGR.dir/src/PatternRoute.cpp.o
[ 73%] Linking CXX static library libCUGR.a
[ 73%] Built target CUGR
[ 73%] Building CXX object src/dpl/CMakeFiles/dpl_lib.dir/src/NegotiationLegalizerPass.cpp.o
[ 73%] Building CXX object src/dpl/CMakeFiles/dpl_lib.dir/src/Optdp.cpp.o
[ 73%] Building CXX object src/dpl/CMakeFiles/dpl_lib.dir/src/infrastructure/architecture.cxx.o
[ 73%] Building CXX object src/dpl/CMakeFiles/dpl_lib.dir/src/util/color.cxx.o
[ 73%] Building CXX object src/dpl/CMakeFiles/dpl_lib.dir/src/infrastructure/network.cxx.o
[ 73%] Building CXX object src/dpl/CMakeFiles/dpl_lib.dir/src/util/utility.cxx.o
[ 73%] Building CXX object src/dpl/CMakeFiles/dpl_lib.dir/src/legalize_shift.cxx.o
[ 73%] Building CXX object src/dpl/CMakeFiles/dpl_lib.dir/src/optimization/detailed.cxx.o
[ 73%] Building CXX object src/dpl/CMakeFiles/dpl_lib.dir/src/optimization/detailed_manager.cxx.o
[ 73%] Building CXX object src/dpl/CMakeFiles/dpl_lib.dir/src/optimization/detailed_mis.cxx.o
[ 73%] Building CXX object src/dpl/CMakeFiles/dpl_lib.dir/src/optimization/detailed_reorder.cxx.o
[ 73%] Building CXX object src/dpl/CMakeFiles/dpl_lib.dir/src/optimization/detailed_global.cxx.o
[ 73%] Building CXX object src/dpl/CMakeFiles/dpl_lib.dir/src/optimization/detailed_global_legacy.cxx.o
[ 73%] Building CXX object src/dpl/CMakeFiles/dpl_lib.dir/src/optimization/detailed_vertical.cxx.o
[ 73%] Building CXX object src/dpl/CMakeFiles/dpl_lib.dir/src/objective/detailed_displacement.cxx.o
[ 73%] Building CXX object src/dpl/CMakeFiles/dpl_lib.dir/src/objective/detailed_hpwl.cxx.o
[ 73%] Building CXX object src/dpl/CMakeFiles/dpl_lib.dir/src/objective/detailed_abu.cxx.o
[ 73%] Building CXX object src/dpl/CMakeFiles/dpl_lib.dir/src/optimization/detailed_random.cxx.o
[ 73%] Building CXX object src/dpl/CMakeFiles/dpl_lib.dir/src/optimization/detailed_orient.cxx.o
[ 73%] Building CXX object src/dpl/CMakeFiles/dpl_lib.dir/src/util/journal.cxx.o
[ 73%] Building CXX object src/ant/src/CMakeFiles/ant_lib.dir/AntennaChecker.cc.o
[ 73%] Linking CXX static library libdpl_lib.a
[ 73%] Built target dpl_lib
[ 73%] Generating messages.checked
[ 73%] Built target stt_messages
[ 73%] Generating messages.checked
[ 73%] Built target dpl_messages
[ 73%] Building CXX object src/exa/CMakeFiles/exa_lib.dir/src/example.cpp.o
[ 73%] Building CXX object src/ant/src/CMakeFiles/ant_lib.dir/Polygon.cc.o
[ 73%] Linking CXX static library libexa_lib.a
[ 73%] Built target exa_lib
[ 73%] Building CXX object src/ant/src/CMakeFiles/ant_lib.dir/WireBuilder.cc.o
[ 73%] Building CXX object src/drt/CMakeFiles/drt_lib.dir/src/dr/FlexDR_conn.cpp.o
[ 73%] Linking CXX static library libant_lib.a
[ 73%] Built target ant_lib
[ 73%] Generating tap-tclInitVar.cc
[ 73%] Swig compile tapcell.i for tcl
[ 73%] Building CXX object src/tap/src/CMakeFiles/tap.dir/CMakeFiles/tap.dir/tapcellTCL_wrap.cxx.o
[ 73%] Building CXX object src/tap/src/CMakeFiles/tap.dir/tap-tclInitVar.cc.o
[ 73%] Building CXX object src/tap/src/CMakeFiles/tap.dir/tapcell.cpp.o
[ 73%] Building CXX object src/drt/CMakeFiles/drt_lib.dir/src/dr/FlexDR_init.cpp.o
[ 73%] Building CXX object src/tap/src/CMakeFiles/tap.dir/MakeTapcell.cpp.o
[ 73%] Linking CXX static library tap.a
[ 73%] Built target tap
[ 73%] Building CXX object src/rcx/src/CMakeFiles/rcx_lib.dir/ext.cpp.o
[ 73%] Building CXX object src/drt/CMakeFiles/drt_lib.dir/src/dr/FlexDR.cpp.o
[ 73%] Building CXX object src/rcx/src/CMakeFiles/rcx_lib.dir/extBench.cpp.o
[ 73%] Building CXX object src/rcx/src/CMakeFiles/rcx_lib.dir/extBenchDB.cpp.o
[ 73%] Building CXX object src/rcx/src/CMakeFiles/rcx_lib.dir/extCC.cpp.o
[ 73%] Building CXX object src/rcx/src/CMakeFiles/rcx_lib.dir/extCoords.cpp.o
[ 73%] Building CXX object src/rcx/src/CMakeFiles/rcx_lib.dir/extFlow.cpp.o
[ 73%] Building CXX object src/rcx/src/CMakeFiles/rcx_lib.dir/extRCmodel.cpp.o
[ 74%] Building CXX object src/rcx/src/CMakeFiles/rcx_lib.dir/extSpef.cpp.o
[ 74%] Building CXX object src/rcx/src/CMakeFiles/rcx_lib.dir/extSpefIn.cpp.o
[ 74%] Building CXX object src/rcx/src/CMakeFiles/rcx_lib.dir/extmain.cpp.o
[ 74%] Building CXX object src/drt/CMakeFiles/drt_lib.dir/src/dr/FlexDRFlow.cpp.o
[ 74%] Building CXX object src/rcx/src/CMakeFiles/rcx_lib.dir/extmeasure.cpp.o
[ 74%] Building CXX object src/rcx/src/CMakeFiles/rcx_lib.dir/extDebugPrint.cpp.o
[ 74%] Building CXX object src/rcx/src/CMakeFiles/rcx_lib.dir/extstats.cpp.o
[ 74%] Building CXX object src/rcx/src/CMakeFiles/rcx_lib.dir/extprocess.cpp.o
[ 74%] Building CXX object src/drt/CMakeFiles/drt_lib.dir/src/db/drObj/drNet.cpp.o
[ 74%] Building CXX object src/rcx/src/CMakeFiles/rcx_lib.dir/netRC.cpp.o
[ 74%] Building CXX object src/rcx/src/CMakeFiles/rcx_lib.dir/extmeasure_res.cpp.o
[ 74%] Building CXX object src/rcx/src/CMakeFiles/rcx_lib.dir/name.cpp.o
[ 74%] Building CXX object src/rcx/src/CMakeFiles/rcx_lib.dir/grids.cpp.o
[ 74%] Building CXX object src/rcx/src/CMakeFiles/rcx_lib.dir/gs.cpp.o
[ 74%] Building CXX object src/rcx/src/CMakeFiles/rcx_lib.dir/dbUtil.cpp.o
[ 76%] Building CXX object src/drt/CMakeFiles/drt_lib.dir/src/dr/FlexDR_maze.cpp.o
[ 76%] Building CXX object src/rcx/src/CMakeFiles/rcx_lib.dir/process_ext.cpp.o
[ 76%] Building CXX object src/rcx/src/CMakeFiles/rcx_lib.dir/extRCmodel_process.cpp.o
[ 76%] Building CXX object src/rcx/src/CMakeFiles/rcx_lib.dir/extRCmodel_solver.cpp.o
[ 76%] Building CXX object src/rcx/src/CMakeFiles/rcx_lib.dir/extSolverGen.cpp.o
[ 76%] Building CXX object src/rcx/src/CMakeFiles/rcx_lib.dir/extModelGen.cpp.o
[ 76%] Building CXX object src/drt/CMakeFiles/drt_lib.dir/src/dr/FlexGridGraph_maze.cpp.o
[ 76%] Building CXX object src/rcx/src/CMakeFiles/rcx_lib.dir/extFlow_v2.cpp.o
[ 76%] Building CXX object src/rcx/src/CMakeFiles/rcx_lib.dir/extmeasure_diag.cpp.o
[ 76%] Building CXX object src/rcx/src/CMakeFiles/rcx_lib.dir/extSegment.cpp.o
[ 76%] Building CXX object src/rcx/src/CMakeFiles/rcx_lib.dir/findsegments.cpp.o
[ 76%] Building CXX object src/rcx/src/CMakeFiles/rcx_lib.dir/extmeasure_couple.cpp.o
[ 76%] Building CXX object src/drt/CMakeFiles/drt_lib.dir/src/dr/FlexGridGraph.cpp.o
[ 76%] Building CXX object src/rcx/src/CMakeFiles/rcx_lib.dir/extmeasure_dist.cpp.o
[ 76%] Building CXX object src/rcx/src/CMakeFiles/rcx_lib.dir/extmeasure_flow.cpp.o
[ 76%] Building CXX object src/rcx/src/CMakeFiles/rcx_lib.dir/extmeasure_print.cpp.o
[ 76%] Building CXX object src/rcx/src/CMakeFiles/rcx_lib.dir/extmeasure_calc.cpp.o
[ 76%] Building CXX object src/rcx/src/CMakeFiles/rcx_lib.dir/extmeasure_rc_flow.cpp.o
[ 76%] Building CXX object src/drt/CMakeFiles/drt_lib.dir/src/dr/FlexDR_rq.cpp.o
[ 76%] Building CXX object src/rcx/src/CMakeFiles/rcx_lib.dir/extDefPatterns.cpp.o
[ 76%] Building CXX object src/rcx/src/CMakeFiles/rcx_lib.dir/extDefPatternsVia.cpp.o
[ 76%] Building CXX object src/rcx/src/CMakeFiles/rcx_lib.dir/extPatterns.cpp.o
[ 76%] Building CXX object src/rcx/src/CMakeFiles/rcx_lib.dir/extRulesVia.cpp.o
[ 76%] Building CXX object src/rcx/src/CMakeFiles/rcx_lib.dir/extmain_v2.cpp.o
[ 76%] Building CXX object src/drt/CMakeFiles/drt_lib.dir/src/dr/FlexDR_end.cpp.o
[ 76%] Building CXX object src/rcx/src/CMakeFiles/rcx_lib.dir/extmeasure_diag_opt.cpp.o
[ 76%] Building CXX object src/rcx/src/CMakeFiles/rcx_lib.dir/parse.cpp.o
[ 76%] Building CXX object src/rcx/src/CMakeFiles/rcx_lib.dir/find_some_net.cpp.o
[ 76%] Building CXX object src/rcx/src/CMakeFiles/rcx_lib.dir/multiChipExtractor.cpp.o
[ 76%] Building CXX object src/rcx/src/CMakeFiles/rcx_lib.dir/multiChipSpefWriter.cpp.o
[ 76%] Building CXX object src/drt/CMakeFiles/drt_lib.dir/src/ta/FlexTA_end.cpp.o
[ 76%] Linking CXX static library librcx_lib.a
[ 76%] Built target rcx_lib
[ 76%] Building CXX object src/drt/CMakeFiles/drt_lib.dir/src/ta/FlexTA_init.cpp.o
[ 76%] Generating messages.checked
[ 76%] Built target ant_messages
[ 76%] Building CXX object src/drt/CMakeFiles/drt_lib.dir/src/ta/FlexTA_rq.cpp.o
[ 76%] Building CXX object src/drt/CMakeFiles/drt_lib.dir/src/ta/FlexTA_assign.cpp.o
[ 76%] Building CXX object src/dft/src/utils/CMakeFiles/dft_utils_scan_pin_lib.dir/ScanPin.cpp.o
[ 76%] Building CXX object src/drt/CMakeFiles/drt_lib.dir/src/ta/FlexTA.cpp.o
[ 76%] Linking CXX static library libdft_utils_scan_pin_lib.a
[ 76%] Built target dft_utils_scan_pin_lib
[ 76%] Building CXX object src/dft/src/utils/CMakeFiles/dft_utils_lib.dir/Utils.cpp.o
[ 76%] Linking CXX static library libdft_utils_lib.a
[ 76%] Built target dft_utils_lib
[ 76%] Building CXX object src/drt/CMakeFiles/drt_lib.dir/src/global.cpp.o
[ 76%] Building CXX object src/drt/CMakeFiles/drt_lib.dir/src/gc/FlexGC_rq.cpp.o
[ 76%] Building CXX object src/drt/CMakeFiles/drt_lib.dir/src/gc/FlexGC.cpp.o
[ 76%] Building CXX object src/drt/CMakeFiles/drt_lib.dir/src/gc/FlexGC_init.cpp.o
[ 76%] Building CXX object src/drt/CMakeFiles/drt_lib.dir/src/gc/FlexGC_main.cpp.o
[ 76%] Building CXX object src/drt/CMakeFiles/drt_lib.dir/src/gc/FlexGC_eol.cpp.o
[ 76%] Building CXX object src/drt/CMakeFiles/drt_lib.dir/src/gc/FlexGC_inf.cpp.o
[ 76%] Building CXX object src/drt/CMakeFiles/drt_lib.dir/src/gc/FlexGC_cut.cpp.o
[ 76%] Building CXX object src/dft/src/config/CMakeFiles/dft_config_lib.dir/DftConfig.cpp.o
[ 76%] Building CXX object src/dft/src/config/CMakeFiles/dft_config_lib.dir/ScanArchitectConfig.cpp.o
[ 76%] Building CXX object src/drt/CMakeFiles/drt_lib.dir/src/gc/FlexGC_metspc.cpp.o
[ 76%] Building CXX object src/dft/src/config/CMakeFiles/dft_config_lib.dir/ScanStitchConfig.cpp.o
[ 76%] Linking CXX static library libdft_config_lib.a
[ 76%] Built target dft_config_lib
[ 76%] Building CXX object src/drt/CMakeFiles/drt_lib.dir/src/db/drObj/drAccessPattern.cpp.o
[ 76%] Building CXX object src/drt/CMakeFiles/drt_lib.dir/src/db/drObj/drPin.cpp.o
[ 76%] Building CXX object src/drt/CMakeFiles/drt_lib.dir/src/db/drObj/drShape.cpp.o
[ 76%] Building CXX object src/drt/CMakeFiles/drt_lib.dir/src/db/drObj/drVia.cpp.o
[ 76%] Building CXX object src/drt/CMakeFiles/drt_lib.dir/src/db/infra/frTime.cpp.o
[ 76%] Building CXX object src/drt/CMakeFiles/drt_lib.dir/src/db/infra/KDTree.cpp.o
[ 76%] Building CXX object src/drt/CMakeFiles/drt_lib.dir/src/db/taObj/taShape.cpp.o
[ 76%] Building CXX object src/drt/CMakeFiles/drt_lib.dir/src/db/obj/frShape.cpp.o
[ 76%] Building CXX object src/drt/CMakeFiles/drt_lib.dir/src/db/obj/frInst.cpp.o
[ 76%] Building CXX object src/drt/CMakeFiles/drt_lib.dir/src/db/obj/frVia.cpp.o
[ 76%] Building CXX object src/drt/CMakeFiles/drt_lib.dir/src/db/obj/frAccess.cpp.o
[ 76%] Building CXX object src/drt/CMakeFiles/drt_lib.dir/src/db/obj/frInstTerm.cpp.o
[ 76%] Building CXX object src/drt/CMakeFiles/drt_lib.dir/src/db/obj/frNet.cpp.o
[ 76%] Building CXX object src/drt/CMakeFiles/drt_lib.dir/src/db/tech/frConstraint.cc.o
[ 76%] Building CXX object src/drt/CMakeFiles/drt_lib.dir/src/db/obj/frMarker.cpp.o
[ 76%] Building CXX object src/drt/CMakeFiles/drt_lib.dir/src/db/tech/frLayer.cc.o
[ 76%] Building CXX object src/drt/CMakeFiles/drt_lib.dir/src/frRegionQuery.cpp.o
[ 76%] Building CXX object src/drt/CMakeFiles/drt_lib.dir/src/io/io_pin.cpp.o
[ 76%] Building CXX object src/drt/CMakeFiles/drt_lib.dir/src/io/io.cpp.o
[ 76%] Building CXX object src/drt/CMakeFiles/drt_lib.dir/src/io/GuideProcessor.cpp.o
[ 76%] Building CXX object src/drt/CMakeFiles/drt_lib.dir/src/io/io_parser_helper.cpp.o
[ 76%] Building CXX object src/drt/CMakeFiles/drt_lib.dir/src/pa/FlexPA_init.cpp.o
[ 76%] Building CXX object src/drt/CMakeFiles/drt_lib.dir/src/pa/FlexPA.cpp.o
[ 76%] Building CXX object src/drt/CMakeFiles/drt_lib.dir/src/pa/FlexPA_acc_point.cpp.o
[ 76%] Building CXX object src/dft/src/replace/CMakeFiles/dft_replace_lib.dir/ScanReplace.cpp.o
[ 77%] Building CXX object src/drt/CMakeFiles/drt_lib.dir/src/pa/FlexPA_acc_pattern.cpp.o
[ 77%] Linking CXX static library libdft_replace_lib.a
[ 77%] Built target dft_replace_lib
[ 77%] Building CXX object src/mpl/CMakeFiles/mpl_snapper.dir/src/snapper.cpp.o
[ 77%] Linking CXX static library libmpl_snapper.a
[ 77%] Built target mpl_snapper
[ 79%] Building CXX object src/mpl/CMakeFiles/mpl_pusher.dir/src/pusher.cpp.o
[ 79%] Building CXX object src/mpl/CMakeFiles/mpl_pusher.dir/src/object.cpp.o
[ 79%] Building CXX object src/drt/CMakeFiles/drt_lib.dir/src/pa/FlexPA_row_pattern.cpp.o
[ 79%] Building CXX object src/mpl/CMakeFiles/mpl_pusher.dir/src/shapes.cpp.o
[ 79%] Linking CXX static library libmpl_pusher.a
[ 79%] Built target mpl_pusher
[ 79%] Building CXX object src/par/CMakeFiles/par_lib.dir/src/PartitionMgr.cpp.o
[ 79%] Building CXX object src/par/CMakeFiles/par_lib.dir/src/TritonPart.cpp.o
[ 79%] Building CXX object src/drt/CMakeFiles/drt_lib.dir/src/pa/FlexPA_unique.cpp.o
[ 79%] Building CXX object src/par/CMakeFiles/par_lib.dir/src/Hypergraph.cpp.o
[ 79%] Building CXX object src/par/CMakeFiles/par_lib.dir/src/Utilities.cpp.o
[ 79%] Building CXX object src/par/CMakeFiles/par_lib.dir/src/Coarsener.cpp.o
[ 79%] Building CXX object src/par/CMakeFiles/par_lib.dir/src/Multilevel.cpp.o
[ 79%] Building CXX object src/drt/CMakeFiles/drt_lib.dir/src/rp/FlexRP_init.cpp.o
[ 79%] Building CXX object src/par/CMakeFiles/par_lib.dir/src/Refiner.cpp.o
[ 79%] Building CXX object src/par/CMakeFiles/par_lib.dir/src/Partitioner.cpp.o
[ 79%] Building CXX object src/par/CMakeFiles/par_lib.dir/src/Evaluator.cpp.o
[ 79%] Building CXX object src/drt/CMakeFiles/drt_lib.dir/src/rp/FlexRP.cpp.o
[ 79%] Building CXX object src/par/CMakeFiles/par_lib.dir/src/GreedyRefine.cpp.o
[ 79%] Building CXX object src/par/CMakeFiles/par_lib.dir/src/ILPRefine.cpp.o
[ 79%] Building CXX object src/par/CMakeFiles/par_lib.dir/src/KWayFMRefine.cpp.o
[ 79%] Building CXX object src/par/CMakeFiles/par_lib.dir/src/KWayPMRefine.cpp.o
[ 79%] Building CXX object src/drt/CMakeFiles/drt_lib.dir/src/rp/FlexRP_prep.cpp.o
[ 79%] Building CXX object src/par/CMakeFiles/par_lib.dir/src/PriorityQueue.cpp.o
[ 79%] Building CXX object src/par/CMakeFiles/par_lib.dir/src/ArtNetSpec.cpp.o
[ 79%] Linking CXX static library libpar_lib.a
[ 79%] Built target par_lib
[ 79%] Building CXX object src/drt/CMakeFiles/drt_lib.dir/src/distributed/frArchive.cpp.o
[ 79%] Building CXX object src/drt/CMakeFiles/drt_lib.dir/src/distributed/drUpdate.cpp.o
[ 79%] Building CXX object src/drt/CMakeFiles/drt_lib.dir/src/distributed/paUpdate.cpp.o
[ 79%] Building CXX object src/drt/CMakeFiles/drt_lib.dir/src/TritonRoute.cpp.o
[ 79%] Building CXX object src/drt/CMakeFiles/drt_lib.dir/src/frBaseTypes.cpp.o
[ 79%] Building CXX object src/drt/CMakeFiles/drt_lib.dir/src/DesignCallBack.cpp.o
[ 79%] Generating web_assets.cpp
[ 79%] Swig compile src/web.i for tcl
[ 79%] Generating report_assets.cpp
[ 79%] Generating web-tclInitVar.cc
[ 79%] Building CXX object src/web/CMakeFiles/web.dir/CMakeFiles/web.dir/webTCL_wrap.cxx.o
[ 79%] Linking CXX static library libdrt_lib.a
[ 79%] Built target drt_lib
[ 79%] Generating ord-tclInitVar.cc
[ 79%] Swig compile OpenRoad.i for tcl
[ 79%] Building CXX object src/CMakeFiles/ord.dir/CMakeFiles/ord.dir/OpenRoadTCL_wrap.cxx.o
[ 79%] Building CXX object src/web/CMakeFiles/web.dir/web-tclInitVar.cc.o
[ 79%] Building CXX object src/web/CMakeFiles/web.dir/src/clock_tree_report.cpp.o
[ 79%] Building CXX object src/CMakeFiles/ord.dir/ord-tclInitVar.cc.o
[ 79%] Linking CXX static library ord.a
[ 79%] Built target ord
[ 79%] Building CXX object src/upf/src/CMakeFiles/upf_lib.dir/upf.cpp.o
[ 79%] Building CXX object src/web/CMakeFiles/web.dir/src/color.cpp.o
[ 79%] Building CXX object src/web/CMakeFiles/web.dir/src/hierarchy_report.cpp.o
[ 79%] Building CXX object src/upf/src/CMakeFiles/upf_lib.dir/writer.cpp.o
[ 79%] Building CXX object src/web/CMakeFiles/web.dir/src/request_handler.cpp.o
[ 79%] Linking CXX static library libupf_lib.a
[ 79%] Built target upf_lib
[ 79%] Building CXX object src/gui/CMakeFiles/gui.dir/src/stub.cpp.o
[ 79%] Building CXX object src/gui/CMakeFiles/gui.dir/src/init_descriptors.cpp.o
[ 79%] Building CXX object src/gui/CMakeFiles/gui.dir/src/dbDescriptors.cpp.o
[ 79%] Building CXX object src/web/CMakeFiles/web.dir/src/search.cpp.o
[ 79%] Building CXX object src/gui/CMakeFiles/gui.dir/src/staDescriptors.cpp.o
[ 79%] Linking CXX static library libgui.a
[ 79%] Built target gui
[ 79%] Building CXX object src/est/src/CMakeFiles/est_lib.dir/EstimateParasitics.cpp.o
[ 79%] Building CXX object src/web/CMakeFiles/web.dir/src/font_data.cpp.o
[ 79%] Building CXX object src/web/CMakeFiles/web.dir/src/glyph_cache.cpp.o
[ 79%] Building CXX object src/web/CMakeFiles/web.dir/src/tile_generator.cpp.o
[ 79%] Building CXX object src/est/src/CMakeFiles/est_lib.dir/MakeWireParasitics.cpp.o
[ 79%] Building CXX object src/est/src/CMakeFiles/est_lib.dir/OdbCallBack.cpp.o
[ 80%] Building CXX object src/est/src/CMakeFiles/est_lib.dir/SteinerTree.cpp.o
[ 80%] Linking CXX static library libest_lib.a
[ 80%] Built target est_lib
[ 80%] Generating stt-tclInitVar.cc
[ 80%] Swig compile src/SteinerTreeBuilder.i for tcl
[ 80%] Building CXX object src/stt/CMakeFiles/stt.dir/CMakeFiles/stt.dir/SteinerTreeBuilderTCL_wrap.cxx.o
[ 80%] Building CXX object src/stt/CMakeFiles/stt.dir/stt-tclInitVar.cc.o
[ 80%] Building CXX object src/stt/CMakeFiles/stt.dir/src/MakeSteinerTreeBuilder.cpp.o
[ 80%] Building CXX object src/stt/CMakeFiles/stt.dir/src/LinesRenderer.cpp.o
[ 80%] Building CXX object src/web/CMakeFiles/web.dir/src/timing_report.cpp.o
[ 80%] Linking CXX static library stt.a
[ 80%] Built target stt
[ 80%] Generating dpl-tclInitVar.cc
[ 80%] Swig compile src/Opendp.i for tcl
[ 80%] Building CXX object src/dpl/CMakeFiles/dpl.dir/CMakeFiles/dpl.dir/OpendpTCL_wrap.cxx.o
[ 80%] Building CXX object src/web/CMakeFiles/web.dir/src/web.cpp.o
[ 80%] Building CXX object src/dpl/CMakeFiles/dpl.dir/dpl-tclInitVar.cc.o
[ 80%] Building CXX object src/dpl/CMakeFiles/dpl.dir/src/MakeOpendp.cpp.o
[ 80%] Building CXX object src/dpl/CMakeFiles/dpl.dir/src/graphics/Graphics.cpp.o
[ 80%] Linking CXX static library dpl.a
[ 80%] Built target dpl
[ 80%] Swig compile src/Opendp-py.i for python
[ 80%] Generating dpl_py-pythonInitVar.cc
[ 80%] Building CXX object src/dpl/CMakeFiles/dpl_py.dir/CMakeFiles/dpl_py.dir/Opendp-pyPYTHON_wrap.cxx.o
[ 80%] Building CXX object src/dpl/CMakeFiles/dpl_py.dir/dpl_py-pythonInitVar.cc.o
[ 80%] Linking CXX static library _dpl_py.a
[ 80%] Built target dpl_py
[ 80%] Generating messages.checked
[ 80%] Built target exa_messages
[ 80%] Swig compile src/example-py.i for python
[ 80%] Generating exa_py-pythonInitVar.cc
[ 80%] Building CXX object src/exa/CMakeFiles/exa_py.dir/CMakeFiles/exa_py.dir/example-pyPYTHON_wrap.cxx.o
[ 80%] Building CXX object src/exa/CMakeFiles/exa_py.dir/exa_py-pythonInitVar.cc.o
[ 80%] Linking CXX static library _exa_py.a
[ 80%] Built target exa_py
[ 80%] Generating fin-tclInitVar.cc
[ 80%] Swig compile src/finale.i for tcl
[ 80%] Building CXX object src/fin/CMakeFiles/fin.dir/CMakeFiles/fin.dir/finaleTCL_wrap.cxx.o
[ 80%] Building CXX object src/web/CMakeFiles/web.dir/src/web_serve.cpp.o
[ 80%] Building CXX object src/fin/CMakeFiles/fin.dir/fin-tclInitVar.cc.o
[ 80%] Building CXX object src/fin/CMakeFiles/fin.dir/src/Finale.cpp.o
[ 80%] Building CXX object src/fin/CMakeFiles/fin.dir/src/MakeFinale.cpp.o
[ 80%] Building CXX object src/fin/CMakeFiles/fin.dir/src/DensityFill.cpp.o
[ 80%] Building CXX object src/web/CMakeFiles/web.dir/src/web_chart.cpp.o
[ 80%] Building CXX object src/web/CMakeFiles/web.dir/src/web_gif.cpp.o
[ 80%] Building CXX object src/web/CMakeFiles/web.dir/src/web_painter.cpp.o
[ 80%] Building CXX object src/fin/CMakeFiles/fin.dir/src/graphics.cpp.o
[ 80%] Building CXX object src/web/CMakeFiles/web.dir/src/web_viewer_hook.cpp.o
[ 80%] Linking CXX static library fin.a
[ 80%] Built target fin
[ 80%] Generating pdn-tclInitVar.cc
[ 80%] Swig compile PdnGen.i for tcl
[ 80%] Building CXX object src/pdn/src/CMakeFiles/pdn.dir/CMakeFiles/pdn.dir/PdnGenTCL_wrap.cxx.o
[ 80%] Building CXX object src/web/CMakeFiles/web.dir/src/MakeWeb.cpp.o
[ 80%] Building CXX object src/web/CMakeFiles/web.dir/report_assets.cpp.o
[ 80%] Building CXX object src/web/CMakeFiles/web.dir/web_assets.cpp.o
[ 80%] Linking CXX static library web.a
[ 80%] Built target web
[ 80%] Generating ppl-tclInitVar.cc
[ 80%] Swig compile src/IOPlacer.i for tcl
[ 80%] Building CXX object src/ppl/CMakeFiles/ppl.dir/CMakeFiles/ppl.dir/IOPlacerTCL_wrap.cxx.o
[ 82%] Building CXX object src/pdn/src/CMakeFiles/pdn.dir/pdn-tclInitVar.cc.o
[ 82%] Building CXX object src/pdn/src/CMakeFiles/pdn.dir/PdnGen.cc.o
[ 82%] Building CXX object src/ppl/CMakeFiles/ppl.dir/ppl-tclInitVar.cc.o
[ 82%] Building CXX object src/ppl/CMakeFiles/ppl.dir/src/Core.cpp.o
[ 82%] Building CXX object src/ppl/CMakeFiles/ppl.dir/src/HungarianMatching.cpp.o
[ 82%] Building CXX object src/ppl/CMakeFiles/ppl.dir/src/IOPlacer.cpp.o
[ 82%] Building CXX object src/pdn/src/CMakeFiles/pdn.dir/MakePdnGen.cc.o
[ 82%] Building CXX object src/pdn/src/CMakeFiles/pdn.dir/techlayer.cpp.o
[ 82%] Building CXX object src/pdn/src/CMakeFiles/pdn.dir/domain.cpp.o
[ 82%] Building CXX object src/ppl/CMakeFiles/ppl.dir/src/IOPlacerRenderer.cpp.o
[ 82%] Building CXX object src/ppl/CMakeFiles/ppl.dir/src/MakeIoplacer.cpp.o
[ 82%] Building CXX object src/ppl/CMakeFiles/ppl.dir/src/Netlist.cpp.o
[ 82%] Building CXX object src/ppl/CMakeFiles/ppl.dir/src/SimulatedAnnealing.cpp.o
[ 82%] Building CXX object src/pdn/src/CMakeFiles/pdn.dir/power_cells.cpp.o
[ 82%] Building CXX object src/ppl/CMakeFiles/ppl.dir/src/Slots.cpp.o
[ 82%] Linking CXX static library ppl.a
[ 82%] Built target ppl
[ 82%] Generating messages.checked
[ 82%] Built target drt_messages
[ 82%] Swig compile src/IOPlacer-py.i for python
[ 82%] Generating ppl_py-pythonInitVar.cc
[ 82%] Building CXX object src/ppl/CMakeFiles/ppl_py.dir/CMakeFiles/ppl_py.dir/IOPlacer-pyPYTHON_wrap.cxx.o
[ 82%] Building CXX object src/ppl/CMakeFiles/ppl_py.dir/ppl_py-pythonInitVar.cc.o
[ 82%] Linking CXX static library _ppl_py.a
[ 82%] Built target ppl_py
[ 82%] Building CXX object src/pdn/src/CMakeFiles/pdn.dir/grid.cpp.o
[ 82%] Swig compile tapcell-py.i for python
[ 82%] Generating tap_py-pythonInitVar.cc
[ 82%] Building CXX object src/tap/src/CMakeFiles/tap_py.dir/CMakeFiles/tap_py.dir/tapcell-pyPYTHON_wrap.cxx.o
[ 82%] Building CXX object src/tap/src/CMakeFiles/tap_py.dir/tap_py-pythonInitVar.cc.o
[ 82%] Linking CXX static library _tap_py.a
[ 82%] Built target tap_py
[ 82%] Building CXX object src/pdn/src/CMakeFiles/pdn.dir/grid_component.cpp.o
[ 82%] Building CXX object src/pdn/src/CMakeFiles/pdn.dir/rings.cpp.o
[ 82%] Building CXX object src/pdn/src/CMakeFiles/pdn.dir/straps.cpp.o
[ 82%] Building CXX object src/pdn/src/CMakeFiles/pdn.dir/shape.cpp.o
[ 82%] Building CXX object src/pdn/src/CMakeFiles/pdn.dir/via.cpp.o
[ 82%] Building CXX object src/pdn/src/CMakeFiles/pdn.dir/connect.cpp.o
[ 82%] Building CXX object src/pdn/src/CMakeFiles/pdn.dir/renderer.cpp.o
[ 82%] Building CXX object src/pdn/src/CMakeFiles/pdn.dir/sroute.cpp.o
[ 82%] Building CXX object src/pdn/src/CMakeFiles/pdn.dir/via_repair.cpp.o
[ 82%] Generating messages.checked
[ 82%] Built target rcx_messages
[ 82%] Swig compile ext-py.i for python
[ 82%] Generating rcx_py-pythonInitVar.cc
[ 82%] Building CXX object src/rcx/src/CMakeFiles/rcx_py.dir/CMakeFiles/rcx_py.dir/ext-pyPYTHON_wrap.cxx.o
[ 82%] Building CXX object src/rcx/src/CMakeFiles/rcx_py.dir/rcx_py-pythonInitVar.cc.o
[ 83%] Linking CXX static library _rcx_py.a
[ 83%] Built target rcx_py
[ 83%] Generating upf-tclInitVar.cc
[ 83%] Swig compile upf.i for tcl
[ 83%] Building CXX object src/upf/src/CMakeFiles/upf.dir/CMakeFiles/upf.dir/upfTCL_wrap.cxx.o
[ 83%] Linking CXX static library pdn.a
[ 83%] Built target pdn
[ 83%] Building CXX object src/upf/src/CMakeFiles/upf.dir/upf-tclInitVar.cc.o
[ 83%] Building CXX object src/upf/src/CMakeFiles/upf.dir/MakeUpf.cpp.o
[ 83%] Building CXX object src/dft/src/clock_domain/CMakeFiles/dft_clock_domain_lib.dir/ClockDomain.cpp.o
[ 83%] Linking CXX static library libdft_clock_domain_lib.a
[ 83%] Built target dft_clock_domain_lib
[ 83%] Building CXX object src/mpl/CMakeFiles/mpl_lib.dir/src/rtl_mp.cpp.o
[ 83%] Linking CXX static library upf.a
[ 83%] Built target upf
[ 83%] Building CXX object src/mpl/CMakeFiles/mpl_lib.dir/src/hier_rtlmp.cpp.o
[ 83%] Building CXX object src/mpl/CMakeFiles/mpl_lib.dir/src/SimulatedAnnealingCore.cpp.o
[ 83%] Building CXX object src/mpl/CMakeFiles/mpl_lib.dir/src/SACoreHardMacro.cpp.o
[ 83%] Building CXX object src/mpl/CMakeFiles/mpl_lib.dir/src/SACoreSoftMacro.cpp.o
[ 83%] Building CXX object src/mpl/CMakeFiles/mpl_lib.dir/src/clusterEngine.cpp.o
[ 83%] Generating par-tclInitVar.cc
[ 83%] Swig compile src/partitionmgr.i for tcl
[ 83%] Building CXX object src/par/CMakeFiles/par.dir/CMakeFiles/par.dir/partitionmgrTCL_wrap.cxx.o
[ 83%] Building CXX object src/par/CMakeFiles/par.dir/par-tclInitVar.cc.o
[ 83%] Building CXX object src/par/CMakeFiles/par.dir/src/MakePartitionMgr.cpp.o
[ 83%] Linking CXX static library par.a
[ 83%] Built target par
[ 83%] Swig compile src/partitionmgr-py.i for python
[ 83%] Generating par_py-pythonInitVar.cc
[ 83%] Building CXX object src/par/CMakeFiles/par_py.dir/CMakeFiles/par_py.dir/partitionmgr-pyPYTHON_wrap.cxx.o
[ 83%] Linking CXX static library libmpl_lib.a
[ 83%] Built target mpl_lib
[ 83%] Building CXX object src/par/CMakeFiles/par_py.dir/par_py-pythonInitVar.cc.o
[ 83%] Swig compile src/web-py.i for python
[ 83%] Generating web_py-pythonInitVar.cc
[ 83%] Building CXX object src/web/CMakeFiles/web_py.dir/CMakeFiles/web_py.dir/web-pyPYTHON_wrap.cxx.o
[ 83%] Linking CXX static library _par_py.a
[ 83%] Built target par_py
[ 83%] Generating ifp-tclInitVar.cc
[ 83%] Swig compile InitFloorplan.i for tcl
[ 83%] Building CXX object src/ifp/src/CMakeFiles/ifp.dir/CMakeFiles/ifp.dir/InitFloorplanTCL_wrap.cxx.o
[ 83%] Building CXX object src/web/CMakeFiles/web_py.dir/web_py-pythonInitVar.cc.o
[ 85%] Linking CXX static library _web_py.a
[ 85%] Built target web_py
[ 85%] Generating pad-tclInitVar.cc
[ 86%] Swig compile src/pad.i for tcl
[ 86%] Building CXX object src/pad/CMakeFiles/pad.dir/CMakeFiles/pad.dir/padTCL_wrap.cxx.o
[ 86%] Building CXX object src/ifp/src/CMakeFiles/ifp.dir/ifp-tclInitVar.cc.o
[ 86%] Building CXX object src/ifp/src/CMakeFiles/ifp.dir/InitFloorplan.cc.o
[ 86%] Building CXX object src/pad/CMakeFiles/pad.dir/pad-tclInitVar.cc.o
[ 86%] Building CXX object src/pad/CMakeFiles/pad.dir/src/MakeICeWall.cpp.o
[ 86%] Building CXX object src/ifp/src/CMakeFiles/ifp.dir/MakeInitFloorplan.cc.o
[ 86%] Linking CXX static library ifp.a
[ 86%] Built target ifp
[ 86%] Building CXX object src/grt/src/fastroute/CMakeFiles/FastRoute4.1.dir/src/FastRoute.cpp.o
[ 86%] Building CXX object src/pad/CMakeFiles/pad.dir/src/ICeWall.cpp.o
[ 86%] Building CXX object src/grt/src/fastroute/CMakeFiles/FastRoute4.1.dir/src/RSMT.cpp.o
[ 86%] Building CXX object src/pad/CMakeFiles/pad.dir/src/PadPlacer.cpp.o
[ 86%] Building CXX object src/grt/src/fastroute/CMakeFiles/FastRoute4.1.dir/src/RipUp.cpp.o
[ 86%] Building CXX object src/grt/src/fastroute/CMakeFiles/FastRoute4.1.dir/src/maze.cpp.o
[ 86%] Building CXX object src/grt/src/fastroute/CMakeFiles/FastRoute4.1.dir/src/maze3D.cpp.o
[ 86%] Building CXX object src/grt/src/fastroute/CMakeFiles/FastRoute4.1.dir/src/route.cpp.o
[ 86%] Building CXX object src/pad/CMakeFiles/pad.dir/src/RDLRouter.cpp.o
[ 86%] Building CXX object src/grt/src/fastroute/CMakeFiles/FastRoute4.1.dir/src/utility.cpp.o
[ 86%] Building CXX object src/grt/src/fastroute/CMakeFiles/FastRoute4.1.dir/src/graph2d.cpp.o
[ 86%] Linking CXX static library libFastRoute4.1.a
[ 86%] Built target FastRoute4.1
[ 86%] Swig compile src/SteinerTreeBuilder-py.i for python
[ 86%] Generating stt_py-pythonInitVar.cc
[ 86%] Building CXX object src/stt/CMakeFiles/stt_py.dir/CMakeFiles/stt_py.dir/SteinerTreeBuilder-pyPYTHON_wrap.cxx.o
[ 86%] Building CXX object src/pad/CMakeFiles/pad.dir/src/RDLSegment.cpp.o
[ 86%] Building CXX object src/stt/CMakeFiles/stt_py.dir/stt_py-pythonInitVar.cc.o
[ 86%] Linking CXX static library _stt_py.a
[ 86%] Built target stt_py
[ 86%] Building CXX object src/pad/CMakeFiles/pad.dir/src/RDLNet.cpp.o
[ 86%] Building CXX object src/pad/CMakeFiles/pad.dir/src/RDLGui.cpp.o
[ 86%] Building CXX object src/pad/CMakeFiles/pad.dir/src/Utilities.cpp.o
[ 86%] Generating exa-tclInitVar.cc
[ 86%] Swig compile src/example.i for tcl
[ 86%] Building CXX object src/exa/CMakeFiles/exa.dir/CMakeFiles/exa.dir/exampleTCL_wrap.cxx.o
[ 86%] Linking CXX static library pad.a
[ 86%] Built target pad
[ 86%] Swig compile src/finale-py.i for python
[ 86%] Generating fin_py-pythonInitVar.cc
[ 86%] Building CXX object src/fin/CMakeFiles/fin_py.dir/CMakeFiles/fin_py.dir/finale-pyPYTHON_wrap.cxx.o
[ 86%] Building CXX object src/exa/CMakeFiles/exa.dir/exa-tclInitVar.cc.o
[ 86%] Building CXX object src/exa/CMakeFiles/exa.dir/src/MakeExample.cpp.o
[ 86%] Building CXX object src/exa/CMakeFiles/exa.dir/src/graphics.cpp.o
[ 86%] Building CXX object src/fin/CMakeFiles/fin_py.dir/fin_py-pythonInitVar.cc.o
[ 86%] Linking CXX static library _fin_py.a
[ 86%] Built target fin_py
[ 86%] Generating drt-tclInitVar.cc
[ 86%] Swig compile src/TritonRoute.i for tcl
[ 86%] Linking CXX static library exa.a
[ 86%] Building CXX object src/drt/CMakeFiles/drt.dir/CMakeFiles/drt.dir/TritonRouteTCL_wrap.cxx.o
[ 86%] Built target exa
[ 86%] Building CXX object src/drt/CMakeFiles/drt.dir/drt-tclInitVar.cc.o
[ 86%] Building CXX object src/drt/CMakeFiles/drt.dir/src/dr/FlexDR_graphics.cpp.o
[ 86%] Building CXX object src/drt/CMakeFiles/drt.dir/src/ta/FlexTA_graphics.cpp.o
[ 86%] Building CXX object src/drt/CMakeFiles/drt.dir/src/pa/FlexPA_graphics.cpp.o
[ 86%] Building CXX object src/drt/CMakeFiles/drt.dir/src/MakeTritonRoute.cpp.o
[ 86%] Building CXX object src/drt/CMakeFiles/drt.dir/src/GraphicsFactory.cpp.o
[ 86%] Generating rcx-tclInitVar.cc
[ 86%] Swig compile ext.i for tcl
[ 86%] Building CXX object src/rcx/src/CMakeFiles/rcx.dir/CMakeFiles/rcx.dir/extTCL_wrap.cxx.o
[ 86%] Building CXX object src/rcx/src/CMakeFiles/rcx.dir/rcx-tclInitVar.cc.o
[ 86%] Building CXX object src/rcx/src/CMakeFiles/rcx.dir/MakeOpenRCX.cpp.o
[ 86%] Linking CXX static library rcx.a
[ 86%] Built target rcx
[ 86%] Swig compile PdnGen-py.i for python
[ 86%] Generating pdn_py-pythonInitVar.cc
[ 86%] Building CXX object src/pdn/src/CMakeFiles/pdn_py.dir/CMakeFiles/pdn_py.dir/PdnGen-pyPYTHON_wrap.cxx.o
[ 86%] Linking CXX static library drt.a
[ 86%] Built target drt
[ 86%] Building CXX object src/dft/src/cells/CMakeFiles/dft_base_scan_cell_lib.dir/ScanCell.cpp.o
[ 88%] Linking CXX static library libdft_base_scan_cell_lib.a
[ 88%] Built target dft_base_scan_cell_lib
[ 88%] Building CXX object src/dft/src/clock_domain/CMakeFiles/dft_clock_domain_hash_lib.dir/ClockDomainHash.cpp.o
[ 88%] Linking CXX static library libdft_clock_domain_hash_lib.a
[ 88%] Built target dft_clock_domain_hash_lib
[ 88%] Building CXX object src/pdn/src/CMakeFiles/pdn_py.dir/pdn_py-pythonInitVar.cc.o
[ 88%] Building CXX object src/dft/src/cells/CMakeFiles/dft_cells_lib.dir/OneBitScanCell.cpp.o
[ 88%] Building CXX object src/dft/src/cells/CMakeFiles/dft_cells_lib.dir/ScanCellFactory.cpp.o
[ 88%] Linking CXX static library libdft_cells_lib.a
[ 88%] Built target dft_cells_lib
[ 88%] Generating mpl-tclInitVar.cc
[ 88%] Swig compile src/mpl.i for tcl
[ 88%] Building CXX object src/mpl/CMakeFiles/mpl.dir/CMakeFiles/mpl.dir/mplTCL_wrap.cxx.o
[ 88%] Building CXX object src/mpl/CMakeFiles/mpl.dir/mpl-tclInitVar.cc.o
[ 88%] Building CXX object src/mpl/CMakeFiles/mpl.dir/src/MakeMacroPlacer.cpp.o
[ 88%] Building CXX object src/mpl/CMakeFiles/mpl.dir/src/graphics.cpp.o
[ 88%] Linking CXX static library _pdn_py.a
[ 88%] Built target pdn_py
[ 88%] Swig compile OpenRoad-py.i for python
[ 88%] Generating ord_py-pythonInitVar.cc
[ 88%] Building CXX object src/CMakeFiles/ord_py.dir/CMakeFiles/ord_py.dir/OpenRoad-pyPYTHON_wrap.cxx.o
[ 88%] Linking CXX static library mpl.a
[ 88%] Built target mpl
[ 88%] Swig compile InitFloorplan-py.i for python
[ 88%] Generating ifp_py-pythonInitVar.cc
[ 88%] Building CXX object src/ifp/src/CMakeFiles/ifp_py.dir/CMakeFiles/ifp_py.dir/InitFloorplan-pyPYTHON_wrap.cxx.o
[ 88%] Building CXX object src/ifp/src/CMakeFiles/ifp_py.dir/ifp_py-pythonInitVar.cc.o
[ 88%] Linking CXX static library _ifp_py.a
[ 88%] Built target ifp_py
[ 88%] Building CXX object src/CMakeFiles/ord_py.dir/ord_py-pythonInitVar.cc.o
[ 88%] Building CXX object src/grt/CMakeFiles/grt_lib.dir/src/Grid.cpp.o
[ 88%] Building CXX object src/grt/CMakeFiles/grt_lib.dir/src/Net.cpp.o
[ 88%] Building CXX object src/grt/CMakeFiles/grt_lib.dir/src/Pin.cpp.o
[ 88%] Building CXX object src/grt/CMakeFiles/grt_lib.dir/src/RepairAntennas.cpp.o
[ 88%] Linking CXX static library _ord_py.a
[ 88%] Built target ord_py
[ 88%] Swig compile src/TritonRoute-py.i for python
[ 88%] Generating drt_py-pythonInitVar.cc
[ 88%] Building CXX object src/drt/CMakeFiles/drt_py.dir/CMakeFiles/drt_py.dir/TritonRoute-pyPYTHON_wrap.cxx.o
[ 88%] Building CXX object src/grt/CMakeFiles/grt_lib.dir/src/Rudy.cpp.o
[ 88%] Building CXX object src/drt/CMakeFiles/drt_py.dir/drt_py-pythonInitVar.cc.o
[ 88%] Linking CXX static library _drt_py.a
[ 88%] Building CXX object src/grt/CMakeFiles/grt_lib.dir/src/GlobalRouter.cpp.o
[ 88%] Built target drt_py
[ 88%] Building CXX object src/dft/src/architect/CMakeFiles/dft_architect_lib.dir/Opt.cpp.o
[ 88%] Building CXX object src/dft/src/architect/CMakeFiles/dft_architect_lib.dir/ScanArchitect.cpp.o
[ 88%] Building CXX object src/dft/src/architect/CMakeFiles/dft_architect_lib.dir/ScanArchitectHeuristic.cpp.o
[ 88%] Building CXX object src/dft/src/architect/CMakeFiles/dft_architect_lib.dir/ScanChain.cpp.o
[ 88%] Linking CXX static library libdft_architect_lib.a
[ 88%] Built target dft_architect_lib
[ 88%] Building CXX object src/dft/src/stitch/CMakeFiles/dft_stitch_lib.dir/ScanStitch.cpp.o
[ 88%] Linking CXX static library libgrt_lib.a
[ 88%] Built target grt_lib
[ 88%] Building CXX object src/rsz/src/CMakeFiles/rsz_lib.dir/BufferedNet.cc.o
[ 88%] Linking CXX static library libdft_stitch_lib.a
[ 88%] Built target dft_stitch_lib
[ 88%] Building CXX object src/rsz/src/CMakeFiles/rsz_lib.dir/PreChecks.cc.o
[ 88%] Building CXX object src/rsz/src/CMakeFiles/rsz_lib.dir/RecoverPower.cc.o
[ 88%] Building CXX object src/rsz/src/CMakeFiles/rsz_lib.dir/RepairDesign.cc.o
[ 88%] Building CXX object src/rsz/src/CMakeFiles/rsz_lib.dir/RepairHold.cc.o
[ 88%] Building CXX object src/rsz/src/CMakeFiles/rsz_lib.dir/Rebuffer.cc.o
[ 88%] Building CXX object src/rsz/src/CMakeFiles/rsz_lib.dir/policy/SetupLegacyMtPolicy.cc.o
[ 88%] Building CXX object src/rsz/src/CMakeFiles/rsz_lib.dir/policy/SetupLegacyBase.cc.o
[ 88%] Building CXX object src/rsz/src/CMakeFiles/rsz_lib.dir/MoveCommitter.cc.o
[ 88%] Building CXX object src/rsz/src/CMakeFiles/rsz_lib.dir/MoveTracker.cc.o
[ 88%] Building CXX object src/rsz/src/CMakeFiles/rsz_lib.dir/policy/OptimizationPolicy.cc.o
[ 88%] Building CXX object src/rsz/src/CMakeFiles/rsz_lib.dir/Optimizer.cc.o
[ 88%] Building CXX object src/rsz/src/CMakeFiles/rsz_lib.dir/OptimizerTypes.cc.o
[ 88%] Building CXX object src/rsz/src/CMakeFiles/rsz_lib.dir/policy/MeasuredVtSwapPolicy.cc.o
[ 88%] Building CXX object src/rsz/src/CMakeFiles/rsz_lib.dir/DelayEstimator.cc.o
[ 89%] Building CXX object src/rsz/src/CMakeFiles/rsz_lib.dir/DelayEstimatorReporter.cc.o
[ 89%] Building CXX object src/rsz/src/CMakeFiles/rsz_lib.dir/LRSubproblem.cc.o
[ 89%] Building CXX object src/rsz/src/CMakeFiles/rsz_lib.dir/policy/SetupCritVtSwapPolicy.cc.o
[ 89%] Building CXX object src/rsz/src/CMakeFiles/rsz_lib.dir/policy/SetupDirectionalPolicy.cc.o
[ 89%] Building CXX object src/rsz/src/CMakeFiles/rsz_lib.dir/policy/SetupLastGaspPolicy.cc.o
[ 89%] Building CXX object src/rsz/src/CMakeFiles/rsz_lib.dir/policy/SetupLegacyPolicy.cc.o
[ 89%] Building CXX object src/rsz/src/CMakeFiles/rsz_lib.dir/policy/SetupTnsPolicy.cc.o
[ 89%] Building CXX object src/rsz/src/CMakeFiles/rsz_lib.dir/policy/SetupWnsPolicy.cc.o
[ 89%] Building CXX object src/rsz/src/CMakeFiles/rsz_lib.dir/policy/SetupMt1Policy.cc.o
[ 89%] Building CXX object src/rsz/src/CMakeFiles/rsz_lib.dir/policy/SetupReroutePolicy.cc.o
[ 89%] Building CXX object src/rsz/src/CMakeFiles/rsz_lib.dir/policy/GlobalSizingPolicy.cc.o
[ 89%] Building CXX object src/rsz/src/CMakeFiles/rsz_lib.dir/Resizer.cc.o
[ 89%] Building CXX object src/rsz/src/CMakeFiles/rsz_lib.dir/OdbCallBack.cc.o
[ 89%] Building CXX object src/rsz/src/CMakeFiles/rsz_lib.dir/ConcreteSwapArithModules.cc.o
[ 89%] Building CXX object src/rsz/src/CMakeFiles/rsz_lib.dir/RepairTargetCollector.cc.o
[ 89%] Generating messages.checked
[ 89%] Built target dft_messages
[ 89%] Building CXX object src/rsz/src/CMakeFiles/rsz_lib.dir/move/BufferCandidate.cc.o
[ 89%] Building CXX object src/rsz/src/CMakeFiles/rsz_lib.dir/move/BufferGenerator.cc.o
[ 89%] Generating dft-tclInitVar.cc
[ 89%] Swig compile src/dft.i for tcl
[ 89%] Building CXX object src/dft/CMakeFiles/dft.dir/CMakeFiles/dft.dir/dftTCL_wrap.cxx.o
[ 89%] Building CXX object src/dft/CMakeFiles/dft.dir/dft-tclInitVar.cc.o
[ 89%] Building CXX object src/dft/CMakeFiles/dft.dir/src/Dft.cpp.o
[ 89%] Building CXX object src/rsz/src/CMakeFiles/rsz_lib.dir/move/CloneCandidate.cc.o
[ 89%] Building CXX object src/dft/CMakeFiles/dft.dir/src/MakeDft.cpp.o
[ 89%] Linking CXX static library dft.a
[ 89%] Built target dft
[ 89%] Building CXX object src/rsz/src/CMakeFiles/rsz_lib.dir/move/CloneGenerator.cc.o
[ 89%] Building CXX object src/rsz/src/CMakeFiles/rsz_lib.dir/move/MeasuredVtSwapCandidate.cc.o
[ 89%] Building CXX object src/rsz/src/CMakeFiles/rsz_lib.dir/move/MeasuredVtSwapGenerator.cc.o
[ 89%] Building CXX object src/rsz/src/CMakeFiles/rsz_lib.dir/move/MoveCandidate.cc.o
[ 89%] Building CXX object src/rsz/src/CMakeFiles/rsz_lib.dir/move/MoveGenerator.cc.o
[ 89%] Building CXX object src/rsz/src/CMakeFiles/rsz_lib.dir/move/RerouteCandidate.cc.o
[ 89%] Building CXX object src/rsz/src/CMakeFiles/rsz_lib.dir/move/RerouteGenerator.cc.o
[ 89%] Building CXX object src/rsz/src/CMakeFiles/rsz_lib.dir/move/SizeDownFanoutCandidate.cc.o
[ 89%] Building CXX object src/rsz/src/CMakeFiles/rsz_lib.dir/move/SizeDownFanoutGenerator.cc.o
[ 89%] Building CXX object src/rsz/src/CMakeFiles/rsz_lib.dir/move/SizeUpCandidate.cc.o
[ 89%] Building CXX object src/rsz/src/CMakeFiles/rsz_lib.dir/move/SizeUpGenerator.cc.o
[ 89%] Building CXX object src/rsz/src/CMakeFiles/rsz_lib.dir/move/SizeUpMatchCandidate.cc.o
[ 89%] Building CXX object src/rsz/src/CMakeFiles/rsz_lib.dir/move/SizeUpMatchGenerator.cc.o
[ 89%] Building CXX object src/rsz/src/CMakeFiles/rsz_lib.dir/move/SizeUpMtCandidate.cc.o
[ 89%] Building CXX object src/rsz/src/CMakeFiles/rsz_lib.dir/move/SizeUpMtGenerator.cc.o
[ 89%] Building CXX object src/rsz/src/CMakeFiles/rsz_lib.dir/move/SplitLoadCandidate.cc.o
[ 89%] Building CXX object src/rsz/src/CMakeFiles/rsz_lib.dir/move/SplitLoadGenerator.cc.o
[ 89%] Building CXX object src/rsz/src/CMakeFiles/rsz_lib.dir/move/SwapPinsCandidate.cc.o
[ 89%] Building CXX object src/rsz/src/CMakeFiles/rsz_lib.dir/move/SwapPinsGenerator.cc.o
[ 89%] Building CXX object src/rsz/src/CMakeFiles/rsz_lib.dir/move/UnbufferCandidate.cc.o
[ 89%] Building CXX object src/rsz/src/CMakeFiles/rsz_lib.dir/move/UnbufferGenerator.cc.o
[ 89%] Building CXX object src/rsz/src/CMakeFiles/rsz_lib.dir/move/VtSwapCandidate.cc.o
[ 89%] Building CXX object src/rsz/src/CMakeFiles/rsz_lib.dir/move/VtSwapGenerator.cc.o
[ 89%] Building CXX object src/rsz/src/CMakeFiles/rsz_lib.dir/move/VtSwapMtCandidate.cc.o
[ 89%] Building CXX object src/rsz/src/CMakeFiles/rsz_lib.dir/move/VtSwapMtGenerator.cc.o
[ 89%] Swig compile src/DftGen-py.i for python
[ 89%] Generating dft_py-pythonInitVar.cc
[ 89%] Building CXX object src/dft/CMakeFiles/dft_py.dir/CMakeFiles/dft_py.dir/DftGen-pyPYTHON_wrap.cxx.o
[ 89%] Building CXX object src/dft/CMakeFiles/dft_py.dir/dft_py-pythonInitVar.cc.o
[ 89%] Linking CXX static library _dft_py.a
[ 89%] Built target dft_py
[ 91%] Linking CXX static library librsz_lib.a
[ 91%] Built target rsz_lib
[ 91%] Generating messages.checked
[ 91%] Generating messages.checked
[ 91%] Built target est_messages
[ 91%] Generating messages.checked
[ 91%] Built target grt_messages
[ 91%] Swig compile Resizer-py.i for python
[ 91%] Built target rsz_messages
[ 91%] Building CXX object src/gpl/CMakeFiles/gpl_lib.dir/src/AbstractGraphics.cpp.o
[ 91%] Generating rsz_py-pythonInitVar.cc
[ 91%] Building CXX object src/rsz/src/CMakeFiles/rsz_py.dir/CMakeFiles/rsz_py.dir/Resizer-pyPYTHON_wrap.cxx.o
[ 91%] Building CXX object src/gpl/CMakeFiles/gpl_lib.dir/src/replace.cpp.o
[ 91%] Building CXX object src/gpl/CMakeFiles/gpl_lib.dir/src/initialPlace.cpp.o
[ 91%] Building CXX object src/gpl/CMakeFiles/gpl_lib.dir/src/nesterovPlace.cpp.o
[ 91%] Building CXX object src/rsz/src/CMakeFiles/rsz_py.dir/rsz_py-pythonInitVar.cc.o
[ 91%] Linking CXX static library _rsz_py.a
[ 91%] Built target rsz_py
[ 91%] Building CXX object src/cut/src/CMakeFiles/cut.dir/blifParser.cpp.o
In file included from /opt/or-tools/include/boost/none_t.hpp:17,
                 from /opt/or-tools/include/boost/none.hpp:17,
                 from /opt/or-tools/include/boost/optional/optional_io.hpp:19,
                 from /build_storage/B2_openroad_10176/source/src/cut/src/blifParser.cpp:20:
/opt/or-tools/include/boost/detail/atomic_count.hpp:10:1: note: '#pragma message: This header is deprecated. Use <boost/smart_ptr/detail/atomic_count.hpp> instead.'
   10 | BOOST_HEADER_DEPRECATED("<boost/smart_ptr/detail/atomic_count.hpp>")
      | ^~~~~~~~~~~~~~~~~~~~~~~
[ 91%] Building CXX object src/gpl/CMakeFiles/gpl_lib.dir/src/placerBase.cpp.o
[ 91%] Building CXX object src/cut/src/CMakeFiles/cut.dir/blif.cpp.o
[ 91%] Building CXX object src/gpl/CMakeFiles/gpl_lib.dir/src/nesterovBase.cpp.o
[ 91%] Building CXX object src/cut/src/CMakeFiles/cut.dir/abc_library_factory.cpp.o
[ 91%] Building CXX object src/cut/src/CMakeFiles/cut.dir/logic_extractor.cpp.o
[ 91%] Building CXX object src/gpl/CMakeFiles/gpl_lib.dir/src/fft.cpp.o
[ 91%] Building CXX object src/gpl/CMakeFiles/gpl_lib.dir/src/fftsg.cpp.o
[ 91%] Building CXX object src/gpl/CMakeFiles/gpl_lib.dir/src/fftsg2d.cpp.o
[ 91%] Building CXX object src/gpl/CMakeFiles/gpl_lib.dir/src/hpwl.cpp.o
[ 91%] Building CXX object src/cut/src/CMakeFiles/cut.dir/logic_cut.cpp.o
[ 91%] Building CXX object src/gpl/CMakeFiles/gpl_lib.dir/src/wirelengthGradient.cpp.o
[ 91%] Building CXX object src/gpl/CMakeFiles/gpl_lib.dir/src/densityGradient.cpp.o
[ 91%] Building CXX object src/gpl/CMakeFiles/gpl_lib.dir/src/routeBase.cpp.o
[ 91%] Linking CXX static library libcut.a
[ 91%] Built target cut
[ 91%] Building CXX object src/cts/src/CMakeFiles/cts_lib.dir/Clock.cpp.o
[ 91%] Building CXX object src/gpl/CMakeFiles/gpl_lib.dir/src/timingBase.cpp.o
[ 91%] Building CXX object src/cts/src/CMakeFiles/cts_lib.dir/TreeBuilder.cpp.o
[ 91%] Building CXX object src/gpl/CMakeFiles/gpl_lib.dir/src/clockBase.cpp.o
[ 91%] Building CXX object src/gpl/CMakeFiles/gpl_lib.dir/src/graphicsNone.cpp.o
[ 91%] Building CXX object src/cts/src/CMakeFiles/cts_lib.dir/HTreeBuilder.cpp.o
[ 91%] Building CXX object src/gpl/CMakeFiles/gpl_lib.dir/src/solver.cpp.o
[ 91%] Building CXX object src/gpl/CMakeFiles/gpl_lib.dir/src/mbff.cpp.o
[ 91%] Building CXX object src/cts/src/CMakeFiles/cts_lib.dir/SinkClustering.cpp.o
[ 92%] Building CXX object src/cts/src/CMakeFiles/cts_lib.dir/TechChar.cpp.o
[ 92%] Linking CXX static library libgpl_lib.a
[ 92%] Built target gpl_lib
[ 94%] Swig compile src/GlobalRouter-py.i for python
[ 94%] Generating grt_py-pythonInitVar.cc
[ 94%] Building CXX object src/grt/CMakeFiles/grt_py.dir/CMakeFiles/grt_py.dir/GlobalRouter-pyPYTHON_wrap.cxx.o
[ 94%] Building CXX object src/grt/CMakeFiles/grt_py.dir/grt_py-pythonInitVar.cc.o
[ 94%] Linking CXX static library _grt_py.a
[ 94%] Built target grt_py
[ 94%] Generating psm-tclInitVar.cc
[ 94%] Swig compile pdnsim.i for tcl
[ 95%] Building CXX object src/psm/src/CMakeFiles/psm.dir/CMakeFiles/psm.dir/pdnsimTCL_wrap.cxx.o
[ 95%] Building CXX object src/psm/src/CMakeFiles/psm.dir/psm-tclInitVar.cc.o
[ 95%] Building CXX object src/psm/src/CMakeFiles/psm.dir/MakePDNSim.cpp.o
[ 95%] Building CXX object src/cts/src/CMakeFiles/cts_lib.dir/TritonCTS.cpp.o
[ 95%] Building CXX object src/psm/src/CMakeFiles/psm.dir/pdnsim.cpp.o
[ 95%] Building CXX object src/psm/src/CMakeFiles/psm.dir/heatMap.cpp.o
[ 95%] Building CXX object src/psm/src/CMakeFiles/psm.dir/ir_solver.cpp.o
[ 95%] Building CXX object src/cts/src/CMakeFiles/cts_lib.dir/Clustering.cpp.o
[ 95%] Building CXX object src/cts/src/CMakeFiles/cts_lib.dir/LatencyBalancer.cpp.o
[ 95%] Building CXX object src/cts/src/CMakeFiles/cts_lib.dir/CtsOptions.cpp.o
[ 95%] Linking CXX static library libcts_lib.a
[ 95%] Built target cts_lib
[ 97%] Generating ant-tclInitVar.cc
[ 97%] Swig compile AntennaChecker.i for tcl
[ 97%] Building CXX object src/ant/src/CMakeFiles/ant.dir/CMakeFiles/ant.dir/AntennaCheckerTCL_wrap.cxx.o
[ 97%] Building CXX object src/psm/src/CMakeFiles/psm.dir/ir_network.cpp.o
[ 97%] Building CXX object src/ant/src/CMakeFiles/ant.dir/ant-tclInitVar.cc.o
[ 97%] Building CXX object src/ant/src/CMakeFiles/ant.dir/MakeAntennaChecker.cc.o
[ 97%] Linking CXX static library ant.a
[ 97%] Built target ant
[ 97%] Building CXX object src/syn/src/flow/CMakeFiles/syn_flow.dir/abc.cc.o
[ 97%] Building CXX object src/syn/src/flow/CMakeFiles/syn_flow.dir/acd.cc.o
[ 97%] Building CXX object src/syn/src/flow/CMakeFiles/syn_flow.dir/acd_resynth.cc.o
[ 97%] Building CXX object src/psm/src/CMakeFiles/psm.dir/connection.cpp.o
[ 97%] Building CXX object src/syn/src/flow/CMakeFiles/syn_flow.dir/acd_timing.cc.o
[ 97%] Building CXX object src/syn/src/flow/CMakeFiles/syn_flow.dir/bitblast.cc.o
[ 97%] Building CXX object src/psm/src/CMakeFiles/psm.dir/shape.cpp.o
[ 97%] Building CXX object src/syn/src/flow/CMakeFiles/syn_flow.dir/combinational_mapper.cc.o
[ 97%] Building CXX object src/syn/src/flow/CMakeFiles/syn_flow.dir/combinational_mapper_npn.cc.o
[ 97%] Building CXX object src/syn/src/flow/CMakeFiles/syn_flow.dir/export.cc.o
[ 97%] Building CXX object src/psm/src/CMakeFiles/psm.dir/node.cpp.o
[ 97%] Building CXX object src/syn/src/flow/CMakeFiles/syn_flow.dir/import.cc.o
[ 97%] Building CXX object src/syn/src/flow/CMakeFiles/syn_flow.dir/liveness.cc.o
[ 97%] Building CXX object src/psm/src/CMakeFiles/psm.dir/debug_gui.cpp.o
[ 97%] Building CXX object src/syn/src/flow/CMakeFiles/syn_flow.dir/constant_fold.cc.o
[ 97%] Building CXX object src/syn/src/flow/CMakeFiles/syn_flow.dir/opt_gatefusion.cc.o
[ 97%] Building CXX object src/syn/src/flow/CMakeFiles/syn_flow.dir/sequential_mapper.cc.o
[ 97%] Building CXX object src/syn/src/flow/CMakeFiles/syn_flow.dir/target_index.cc.o
[ 97%] Linking CXX static library psm.a
[ 97%] Built target psm
[ 97%] Generating est-tclInitVar.cc
[ 97%] Swig compile EstimateParasitics.i for tcl
[ 97%] Building CXX object src/est/src/CMakeFiles/est.dir/CMakeFiles/est.dir/EstimateParasiticsTCL_wrap.cxx.o
[ 97%] Linking CXX static library libsyn_flow.a
[ 97%] Built target syn_flow
[ 97%] Building CXX object src/rmp/src/CMakeFiles/rmp_lib.dir/Restructure.cpp.o
[ 97%] Building CXX object src/est/src/CMakeFiles/est.dir/est-tclInitVar.cc.o
[ 97%] Building CXX object src/est/src/CMakeFiles/est.dir/MakeEstimateParasitics.cpp.o
[ 97%] Building CXX object src/est/src/CMakeFiles/est.dir/SteinerRenderer.cpp.o
[ 97%] Linking CXX static library est.a
[ 97%] Built target est
[ 97%] Generating cgt-tclInitVar.cc
[ 97%] Swig compile cgt.i for tcl
[ 97%] Building CXX object src/cgt/src/CMakeFiles/cgt.dir/CMakeFiles/cgt.dir/cgtTCL_wrap.cxx.o
[ 97%] Building CXX object src/rmp/src/CMakeFiles/rmp_lib.dir/annealing_strategy.cpp.o
[ 97%] Building CXX object src/cgt/src/CMakeFiles/cgt.dir/cgt-tclInitVar.cc.o
[ 97%] Building CXX object src/cgt/src/CMakeFiles/cgt.dir/ClockGating.cpp.o
In file included from /build_storage/B2_openroad_10176/source/third-party/abc/src/map/if/if.h:39,
                 from /build_storage/B2_openroad_10176/source/src/rmp/src/annealing_strategy.cpp:18:
/build_storage/B2_openroad_10176/source/third-party/abc/src/misc/util/utilTruth.h: In function 'abc::word abc::Abc_TtCheckDecOutOne7(abc::word*, int*, int*)':
/build_storage/B2_openroad_10176/source/third-party/abc/src/misc/util/utilTruth.h:3191:18: warning: variable 'Type2' set but not used [-Wunused-but-set-variable]
 3191 |     int v, Type, Type2; word Out[2];
      |                  ^~~~~
/build_storage/B2_openroad_10176/source/third-party/abc/src/misc/util/utilTruth.h: In function 'abc::word abc::Abc_TtCheckDecOutOne8(abc::word*, int*, int*, int*, int*)':
/build_storage/B2_openroad_10176/source/third-party/abc/src/misc/util/utilTruth.h:3206:19: warning: variable 'Type12' set but not used [-Wunused-but-set-variable]
 3206 |     int v, Type1, Type12, Type2, Type22; word Out[4], Out2[2];
      |                   ^~~~~~
/build_storage/B2_openroad_10176/source/third-party/abc/src/misc/util/utilTruth.h:3206:34: warning: variable 'Type22' set but not used [-Wunused-but-set-variable]
 3206 |     int v, Type1, Type12, Type2, Type22; word Out[4], Out2[2];
      |                                  ^~~~~~
/build_storage/B2_openroad_10176/source/third-party/abc/src/misc/util/utilTruth.h: In function 'void abc::Abc_TtTestFullySymmetric()':
/build_storage/B2_openroad_10176/source/third-party/abc/src/misc/util/utilTruth.h:3918:9: warning: variable 'PolarOut' set but not used [-Wunused-but-set-variable]
 3918 |     int PolarOut, PolarIn = 271;
      |         ^~~~~~~~
In file included from /build_storage/B2_openroad_10176/source/third-party/abc/src/map/if/if.h:40,
                 from /build_storage/B2_openroad_10176/source/src/rmp/src/annealing_strategy.cpp:18:
/build_storage/B2_openroad_10176/source/third-party/abc/src/opt/dau/dau.h: At global scope:
/build_storage/B2_openroad_10176/source/third-party/abc/src/opt/dau/dau.h:89:22: warning: redundant redeclaration of 'unsigned int abc::Abc_TtCanonicizeHie(abc::Abc_TtHieMan_t*, abc::word*, int, char*, int)' in same scope [-Wredundant-decls]
   89 | extern unsigned      Abc_TtCanonicizeHie(Abc_TtHieMan_t * p, word * pTruthInit, int nVars, char * pCanonPerm, int fExact);
      |                      ^~~~~~~~~~~~~~~~~~~
In file included from /build_storage/B2_openroad_10176/source/third-party/abc/src/map/if/if.h:40,
                 from /build_storage/B2_openroad_10176/source/src/rmp/src/annealing_strategy.cpp:18:
/build_storage/B2_openroad_10176/source/third-party/abc/src/opt/dau/dau.h:84:22: note: previous declaration of 'unsigned int abc::Abc_TtCanonicizeHie(abc::Abc_TtHieMan_t*, abc::word*, int, char*, int)'
   84 | extern unsigned      Abc_TtCanonicizeHie(Abc_TtHieMan_t * p, word * pTruth, int nVars, char * pCanonPerm, int fExact );
      |                      ^~~~~~~~~~~~~~~~~~~
In file included from /build_storage/B2_openroad_10176/source/third-party/abc/src/map/if/if.h:41,
                 from /build_storage/B2_openroad_10176/source/src/rmp/src/annealing_strategy.cpp:18:
/build_storage/B2_openroad_10176/source/third-party/abc/src/misc/vec/vecHash.h: In function 'void abc::Hash_IntManHashArrayTest()':
/build_storage/B2_openroad_10176/source/third-party/abc/src/misc/vec/vecHash.h:255:9: warning: variable 'RetValue' set but not used [-Wunused-but-set-variable]
  255 |     int RetValue;
      |         ^~~~~~~~
In file included from /build_storage/B2_openroad_10176/source/src/rmp/src/annealing_strategy.cpp:18:
/build_storage/B2_openroad_10176/source/third-party/abc/src/map/if/if.h: At global scope:
/build_storage/B2_openroad_10176/source/third-party/abc/src/map/if/if.h:560:24: warning: redundant redeclaration of 'void abc::If_CutCopy(abc::If_Man_t*, abc::If_Cut_t*, abc::If_Cut_t*)' in same scope [-Wredundant-decls]
  560 | extern void            If_CutCopy( If_Man_t * p, If_Cut_t * pCutDest, If_Cut_t * pCutSrc );
      |                        ^~~~~~~~~~
/build_storage/B2_openroad_10176/source/third-party/abc/src/map/if/if.h:454:26: note: previous declaration of 'void abc::If_CutCopy(abc::If_Man_t*, abc::If_Cut_t*, abc::If_Cut_t*)'
  454 | static inline void       If_CutCopy( If_Man_t * p, If_Cut_t * pDst, If_Cut_t * pSrc ) { memcpy( pDst, pSrc, (size_t)p->nCutBytes );      }
      |                          ^~~~~~~~~~
/build_storage/B2_openroad_10176/source/third-party/abc/src/map/if/if.h:745:24: warning: redundant redeclaration of 'int abc::acd_evaluate(abc::word*, unsigned int, int, unsigned int*, unsigned int*, int)' in same scope [-Wredundant-decls]
  745 | extern int             acd_evaluate( word * pTruth, unsigned nVars, int lutSize, unsigned *pdelay, unsigned *cost, int try_no_late_arrival );
      |                        ^~~~~~~~~~~~
In file included from /build_storage/B2_openroad_10176/source/third-party/abc/src/map/if/if.h:43,
                 from /build_storage/B2_openroad_10176/source/src/rmp/src/annealing_strategy.cpp:18:
/build_storage/B2_openroad_10176/source/third-party/abc/src/map/if/acd/ac_wrapper.h:35:5: note: previous declaration of 'int abc::acd_evaluate(abc::word*, unsigned int, int, unsigned int*, unsigned int*, int)'
   35 | int acd_evaluate( word * pTruth, unsigned nVars, int lutSize, unsigned *pdelay, unsigned *cost, int try_no_late_arrival );
      |     ^~~~~~~~~~~~
In file included from /build_storage/B2_openroad_10176/source/src/rmp/src/annealing_strategy.cpp:18:
/build_storage/B2_openroad_10176/source/third-party/abc/src/map/if/if.h:746:24: warning: redundant redeclaration of 'int abc::acd_decompose(abc::word*, unsigned int, int, unsigned int*, unsigned char*)' in same scope [-Wredundant-decls]
  746 | extern int             acd_decompose( word * pTruth, unsigned nVars, int lutSize, unsigned *pdelay, unsigned char *decomposition );
      |                        ^~~~~~~~~~~~~
In file included from /build_storage/B2_openroad_10176/source/third-party/abc/src/map/if/if.h:43,
                 from /build_storage/B2_openroad_10176/source/src/rmp/src/annealing_strategy.cpp:18:
/build_storage/B2_openroad_10176/source/third-party/abc/src/map/if/acd/ac_wrapper.h:36:5: note: previous declaration of 'int abc::acd_decompose(abc::word*, unsigned int, int, unsigned int*, unsigned char*)'
   36 | int acd_decompose( word * pTruth, unsigned nVars, int lutSize, unsigned *pdelay, unsigned char *decomposition );
      |     ^~~~~~~~~~~~~
In file included from /build_storage/B2_openroad_10176/source/src/rmp/src/annealing_strategy.cpp:18:
/build_storage/B2_openroad_10176/source/third-party/abc/src/map/if/if.h:747:24: warning: redundant redeclaration of 'int abc::acd2_evaluate(abc::word*, unsigned int, int, unsigned int*, unsigned int*, int)' in same scope [-Wredundant-decls]
  747 | extern int             acd2_evaluate( word * pTruth, unsigned nVars, int lutSize, unsigned *pdelay, unsigned *cost, int try_no_late_arrival );
      |                        ^~~~~~~~~~~~~
In file included from /build_storage/B2_openroad_10176/source/third-party/abc/src/map/if/if.h:43,
                 from /build_storage/B2_openroad_10176/source/src/rmp/src/annealing_strategy.cpp:18:
/build_storage/B2_openroad_10176/source/third-party/abc/src/map/if/acd/ac_wrapper.h:37:5: note: previous declaration of 'int abc::acd2_evaluate(abc::word*, unsigned int, int, unsigned int*, unsigned int*, int)'
   37 | int acd2_evaluate( word * pTruth, unsigned nVars, int lutSize, unsigned *pdelay, unsigned *cost, int try_no_late_arrival );
      |     ^~~~~~~~~~~~~
In file included from /build_storage/B2_openroad_10176/source/src/rmp/src/annealing_strategy.cpp:18:
/build_storage/B2_openroad_10176/source/third-party/abc/src/map/if/if.h:748:24: warning: redundant redeclaration of 'int abc::acd2_decompose(abc::word*, unsigned int, int, unsigned int*, unsigned char*)' in same scope [-Wredundant-decls]
  748 | extern int             acd2_decompose( word * pTruth, unsigned nVars, int lutSize, unsigned *pdelay, unsigned char *decomposition );
      |                        ^~~~~~~~~~~~~~
In file included from /build_storage/B2_openroad_10176/source/third-party/abc/src/map/if/if.h:43,
                 from /build_storage/B2_openroad_10176/source/src/rmp/src/annealing_strategy.cpp:18:
/build_storage/B2_openroad_10176/source/third-party/abc/src/map/if/acd/ac_wrapper.h:38:5: note: previous declaration of 'int abc::acd2_decompose(abc::word*, unsigned int, int, unsigned int*, unsigned char*)'
   38 | int acd2_decompose( word * pTruth, unsigned nVars, int lutSize, unsigned *pdelay, unsigned char *decomposition );
      |     ^~~~~~~~~~~~~~
[ 97%] Building CXX object src/rmp/src/CMakeFiles/rmp_lib.dir/delay_optimization_strategy.cpp.o
[ 97%] Building CXX object src/cgt/src/CMakeFiles/cgt.dir/MakeClockGating.cpp.o
[ 97%] Building CXX object src/cgt/src/CMakeFiles/cgt.dir/NetworkBuilder.cpp.o
[ 97%] Linking CXX static library cgt.a
[ 97%] Built target cgt
[ 97%] Generating messages.checked
[ 97%] Built target cts_messages
[ 97%] Swig compile pdnsim-py.i for python
[ 97%] Building CXX object src/rmp/src/CMakeFiles/rmp_lib.dir/genetic_strategy.cpp.o
[ 97%] Generating psm_py-pythonInitVar.cc
[ 97%] Building CXX object src/psm/src/CMakeFiles/psm_py.dir/CMakeFiles/psm_py.dir/pdnsim-pyPYTHON_wrap.cxx.o
[ 97%] Building CXX object src/psm/src/CMakeFiles/psm_py.dir/psm_py-pythonInitVar.cc.o
[ 97%] Linking CXX static library _psm_py.a
[ 97%] Built target psm_py
[ 97%] Building CXX object src/syn/src/CMakeFiles/syn_lib.dir/synthesis.cpp.o
[ 97%] Building CXX object src/rmp/src/CMakeFiles/rmp_lib.dir/gia.cpp.o
[ 98%] Linking CXX static library libsyn_lib.a
[ 98%] Built target syn_lib
[ 98%] Building CXX object src/rmp/src/CMakeFiles/rmp_lib.dir/slack_tuning_strategy.cpp.o
[ 98%] Building CXX object src/rmp/src/CMakeFiles/rmp_lib.dir/utils.cpp.o
[ 98%] Building CXX object src/rmp/src/CMakeFiles/rmp_lib.dir/zero_slack_strategy.cpp.o
[ 98%] Generating grt-tclInitVar.cc
[ 98%] Swig compile src/GlobalRouter.i for tcl
[ 98%] Building CXX object src/grt/CMakeFiles/grt.dir/CMakeFiles/grt.dir/GlobalRouterTCL_wrap.cxx.o
[ 98%] Building CXX object src/grt/CMakeFiles/grt.dir/grt-tclInitVar.cc.o
[ 98%] Building CXX object src/grt/CMakeFiles/grt.dir/src/MakeGlobalRouter.cpp.o
[ 98%] Linking CXX static library librmp_lib.a
[ 98%] Built target rmp_lib
[ 98%] Swig compile cgt-py.i for python
[ 98%] Generating cgt_py-pythonInitVar.cc
[ 98%] Building CXX object src/cgt/src/CMakeFiles/cgt_py.dir/CMakeFiles/cgt_py.dir/cgt-pyPYTHON_wrap.cxx.o
[ 98%] Building CXX object src/grt/CMakeFiles/grt.dir/src/heatMap.cpp.o
[ 98%] Building CXX object src/cgt/src/CMakeFiles/cgt_py.dir/cgt_py-pythonInitVar.cc.o
[ 98%] Linking CXX static library _cgt_py.a
[ 98%] Built target cgt_py
[ 98%] Generating cts-tclInitVar.cc
[ 98%] Swig compile TritonCTS.i for tcl
[ 98%] Building CXX object src/cts/src/CMakeFiles/cts.dir/CMakeFiles/cts.dir/TritonCTSTCL_wrap.cxx.o
[ 98%] Building CXX object src/grt/CMakeFiles/grt.dir/src/heatMapRudy.cpp.o
[ 98%] Building CXX object src/grt/CMakeFiles/grt.dir/src/GrouteRenderer.cpp.o
[ 98%] Building CXX object src/grt/CMakeFiles/grt.dir/src/fastroute/src/FastRouteRenderer.cpp.o
[ 98%] Linking CXX static library grt.a
[ 98%] Built target grt
[ 98%] Generating messages.checked
[ 98%] Built target syn_messages
[ 98%] Swig compile synthesis-py.i for python
[ 98%] Building CXX object src/cts/src/CMakeFiles/cts.dir/cts-tclInitVar.cc.o
[ 98%] Building CXX object src/cts/src/CMakeFiles/cts.dir/MakeTritoncts.cpp.o
[ 98%] Building CXX object src/cts/src/CMakeFiles/cts.dir/CtsGraphics.cpp.o
[ 98%] Generating syn_py-pythonInitVar.cc
[ 98%] Building CXX object src/syn/src/CMakeFiles/syn_py.dir/CMakeFiles/syn_py.dir/synthesis-pyPYTHON_wrap.cxx.o
[ 98%] Building CXX object src/syn/src/CMakeFiles/syn_py.dir/syn_py-pythonInitVar.cc.o
[ 98%] Linking CXX static library _syn_py.a
[ 98%] Built target syn_py
[ 98%] Generating rsz-tclInitVar.cc
[ 98%] Swig compile Resizer.i for tcl
[ 98%] Building CXX object src/rsz/src/CMakeFiles/rsz.dir/CMakeFiles/rsz.dir/ResizerTCL_wrap.cxx.o
[ 98%] Linking CXX static library cts.a
[ 98%] Built target cts
[ 98%] Generating rmp-tclInitVar.cc
[ 98%] Swig compile rmp.i for tcl
[ 98%] Building CXX object src/rmp/src/CMakeFiles/rmp.dir/CMakeFiles/rmp.dir/rmpTCL_wrap.cxx.o
[ 98%] Building CXX object src/rsz/src/CMakeFiles/rsz.dir/rsz-tclInitVar.cc.o
[ 98%] Building CXX object src/rsz/src/CMakeFiles/rsz.dir/Graphics.cc.o
[ 98%] Building CXX object src/rmp/src/CMakeFiles/rmp.dir/rmp-tclInitVar.cc.o
[ 98%] Building CXX object src/rmp/src/CMakeFiles/rmp.dir/MakeRestructure.cpp.o
[ 98%] Building CXX object src/rsz/src/CMakeFiles/rsz.dir/MakeResizer.cc.o
[ 98%] Linking CXX static library rmp.a
[ 98%] Built target rmp
[ 98%] Generating syn-tclInitVar.cc
[ 98%] Swig compile synthesis.i for tcl
[ 98%] Building CXX object src/syn/src/CMakeFiles/syn.dir/CMakeFiles/syn.dir/synthesisTCL_wrap.cxx.o
[ 98%] Building CXX object src/syn/src/CMakeFiles/syn.dir/syn-tclInitVar.cc.o
[ 98%] Building CXX object src/syn/src/CMakeFiles/syn.dir/MakeSynthesis.cpp.o
[ 98%] Linking CXX static library syn.a
[ 98%] Built target syn
[ 98%] Linking CXX static library rsz.a
[ 98%] Built target rsz
[ 98%] Generating gpl-tclInitVar.cc
[ 98%] Swig compile src/replace-py.i for python
[ 98%] Swig compile src/replace.i for tcl
[ 98%] Generating gpl_py-pythonInitVar.cc
[ 98%] Building CXX object src/gpl/CMakeFiles/gpl_py.dir/CMakeFiles/gpl_py.dir/replace-pyPYTHON_wrap.cxx.o
[ 98%] Building CXX object src/gpl/CMakeFiles/gpl.dir/CMakeFiles/gpl.dir/replaceTCL_wrap.cxx.o
[ 98%] Building CXX object src/gpl/CMakeFiles/gpl.dir/gpl-tclInitVar.cc.o
[ 98%] Building CXX object src/gpl/CMakeFiles/gpl.dir/src/MakeReplace.cpp.o
[ 98%] Building CXX object src/gpl/CMakeFiles/gpl_py.dir/gpl_py-pythonInitVar.cc.o
[ 98%] Linking CXX static library _gpl_py.a
[ 98%] Built target gpl_py
[ 98%] Building CXX object src/gpl/CMakeFiles/gpl.dir/src/graphicsImpl.cpp.o
[ 98%] Generating ram-tclInitVar.cc
[ 98%] Swig compile src/ram.i for tcl
[ 98%] Building CXX object src/ram/CMakeFiles/ram.dir/CMakeFiles/ram.dir/ramTCL_wrap.cxx.o
[ 98%] Building CXX object src/ram/CMakeFiles/ram.dir/ram-tclInitVar.cc.o
[ 98%] Building CXX object src/ram/CMakeFiles/ram.dir/src/ram.cpp.o
[100%] Linking CXX static library gpl.a
[100%] Built target gpl
[100%] Building CXX object src/ram/CMakeFiles/ram.dir/src/layout.cpp.o
[100%] Building CXX object src/ram/CMakeFiles/ram.dir/src/MakeRam.cpp.o
[100%] Swig compile rmp-py.i for python
[100%] Generating rmp_py-pythonInitVar.cc
[100%] Building CXX object src/rmp/src/CMakeFiles/rmp_py.dir/CMakeFiles/rmp_py.dir/rmp-pyPYTHON_wrap.cxx.o
[100%] Linking CXX static library ram.a
[100%] Built target ram
[100%] Swig compile TritonCTS-py.i for python
[100%] Generating cts_py-pythonInitVar.cc
[100%] Building CXX object src/cts/src/CMakeFiles/cts_py.dir/CMakeFiles/cts_py.dir/TritonCTS-pyPYTHON_wrap.cxx.o
[100%] Building CXX object src/rmp/src/CMakeFiles/rmp_py.dir/rmp_py-pythonInitVar.cc.o
[100%] Linking CXX static library _rmp_py.a
[100%] Built target rmp_py
[100%] Swig compile AntennaChecker-py.i for python
[100%] Generating ant_py-pythonInitVar.cc
[100%] Building CXX object src/ant/src/CMakeFiles/ant_py.dir/CMakeFiles/ant_py.dir/AntennaChecker-pyPYTHON_wrap.cxx.o
[100%] Building CXX object src/ant/src/CMakeFiles/ant_py.dir/ant_py-pythonInitVar.cc.o
[100%] Linking CXX static library _ant_py.a
[100%] Built target ant_py
[100%] Building CXX object src/cts/src/CMakeFiles/cts_py.dir/cts_py-pythonInitVar.cc.o
[100%] Linking CXX static library _cts_py.a
[100%] Built target cts_py
[100%] Building CXX object src/CMakeFiles/openroad.dir/Design.cc.o
[100%] Building CXX object src/CMakeFiles/openroad.dir/Timing.cc.o
[100%] Building CXX object src/CMakeFiles/openroad.dir/Tech.cc.o
[100%] Building CXX object src/CMakeFiles/openroad.dir/tcl_readline_setup.cc.o
[100%] Building CXX object src/CMakeFiles/openroad.dir/OpenRoad.cc.o
[100%] Building CXX object src/CMakeFiles/openroad.dir/Main.cc.o
[100%] Linking CXX executable ../bin/openroad
lto-wrapper: warning: using serial compilation of 84 LTRANS jobs
/usr/bin/ld: warning: libbz2.so.1, needed by /opt/or-tools/lib/libortools.so.9.14.6206, may conflict with libbz2.so.1.0
[100%] Built target openroad
