instance,x_um,y_um,master,physical_only,powered,liberty_modelled,internal_w,switching_w,leakage_w,total_w
U_SCAN_0000,48.07,2.7999999999999998,SDFF_X1,0,1,1,5.9685800124498201e-07,8.0842369243327994e-08,1.006847938356259e-07,7.783851643239359e-07
U_SCAN_0001,49.780000000000001,4.2000000000000002,SDFF_X1,0,1,1,5.9913702443736838e-07,8.9206260156515782e-08,1.006847938356259e-07,7.8902807842951006e-07
U_SCAN_0002,66.310000000000002,5.5999999999999996,SDFF_X1,0,1,1,5.9723424783442169e-07,7.4419844509066024e-08,1.006847938356259e-07,7.7233888617911362e-07
U_SCAN_0003,71.439999999999998,7,SDFF_X1,0,1,1,6.0532812540259329e-07,6.8077916637321323e-08,1.006847938356259e-07,7.7409083587554051e-07
U_SCAN_0004,79.230000000000004,5.5999999999999996,SDFF_X1,0,1,1,6.03141359079018e-07,8.771753101655122e-08,1.006847938356259e-07,7.9154368393119512e-07
U_SCAN_0005,82.079999999999998,8.4000000000000004,SDFF_X1,0,1,1,6.0241029586904915e-07,9.6337529953416379e-08,1.006847938356259e-07,7.9943261965809143e-07
U_SCAN_0006,86.829999999999998,30.800000000000001,SDFF_X1,0,1,1,5.942858933849493e-07,1.0881307588306299e-07,1.006847938356259e-07,8.0378376310363819e-07
U_SCAN_0007,96.140000000000001,46.200000000000003,SDFF_X1,0,1,1,6.0414720337576e-07,8.9936925462552608e-08,1.006847938356259e-07,7.947689226739385e-07
U_SCAN_0008,94.239999999999995,50.399999999999999,SDFF_X1,0,1,1,5.9316801070963265e-07,7.42738990311409e-08,1.006847938356259e-07,7.6812670357639945e-07
U_SCAN_0009,99.939999999999998,56,SDFF_X1,0,1,1,5.9799566543006222e-07,7.425369830116324e-08,1.006847938356259e-07,7.7293415756685135e-07
U_SCAN_0010,90.819999999999993,58.799999999999997,SDFF_X1,0,1,1,5.9567020116446656e-07,2.1464322230713151e-07,1.006847938356259e-07,9.1099821730722397e-07
U_SCAN_0011,8.1699999999999999,53.200000000000003,SDFF_X1,0,1,1,6.4857601955736754e-07,1.0699751840093086e-07,1.006847938356259e-07,8.562583317939243e-07
U_SCAN_0012,4.1799999999999997,46.200000000000003,SDFF_X1,0,1,1,6.4178772163359099e-07,9.5383626330658444e-08,1.006847938356259e-07,8.3785614179987533e-07
U_SCAN_0013,5.7000000000000002,35,SDFF_X1,0,1,1,6.3333766320283758e-07,7.4069639310891944e-08,1.006847938356259e-07,8.0809209634935542e-07
U_SCAN_0014,7.9800000000000004,32.200000000000003,SDFF_X1,0,1,1,6.0449008287832839e-07,7.6220267430926469e-08,1.006847938356259e-07,7.8139514414488076e-07
U_SCAN_0015,14.06,32.200000000000003,SDFF_X1,0,1,1,6.1018084807074047e-07,9.6984884123685333e-08,1.006847938356259e-07,8.078505260300517e-07
U_SCAN_0016,19.760000000000002,22.399999999999999,SDFF_X1,0,1,1,5.9597192603177973e-07,8.63796714156706e-08,1.006847938356259e-07,7.8303639128307623e-07
U_SCAN_0017,13.49,12.6,SDFF_X1,0,1,1,5.9581208233794314e-07,7.8257350821786531e-08,1.006847938356259e-07,7.7475422699535557e-07
U_SCAN_0018,18.809999999999999,2.7999999999999998,SDFF_X1,0,1,1,5.9668343510566046e-07,7.3651264642649039e-08,1.006847938356259e-07,7.710194935839354e-07
U_SCAN_0019,28.309999999999999,1.3999999999999999,SDFF_X1,0,1,1,5.9759497617051238e-07,7.7114762575547502e-08,1.006847938356259e-07,7.7539453258168578e-07
U_SCAN_0020,31.539999999999999,63,SDFF_X1,0,1,1,5.9107748029418872e-07,1.8636673360106215e-07,1.006847938356259e-07,8.7812900773087676e-07
U_SCAN_0021,95.760000000000005,54.600000000000001,SDFF_X1,0,1,1,5.9996392565153656e-07,9.2958117647867766e-08,1.006847938356259e-07,7.9360683713503022e-07
U_SCAN_0022,99.75,30.800000000000001,SDFF_X1,0,1,1,5.9863214119104668e-07,6.8989535861874174e-08,1.006847938356259e-07,7.6830647088854676e-07
U_SCAN_0023,97.849999999999994,32.200000000000003,SDFF_X1,0,1,1,5.98005556184944e-07,5.8477908737586404e-08,1.006847938356259e-07,7.571682587581563e-07
U_SCAN_0024,95.760000000000005,33.600000000000001,SDFF_X1,0,1,1,5.9795888773805927e-07,6.8242052009281906e-08,1.006847938356259e-07,7.6688573358296708e-07
U_SCAN_0025,98.230000000000004,37.799999999999997,SDFF_X1,0,1,1,5.9763664239653735e-07,5.4395307813592808e-08,1.006847938356259e-07,7.5271674404575606e-07
U_SCAN_0026,99.370000000000005,43.399999999999999,SDFF_X1,0,1,1,5.9721600109696737e-07,6.4122730236704228e-08,1.006847938356259e-07,7.620235251692975e-07
U_SCAN_0027,95.379999999999995,39.200000000000003,SDFF_X1,0,1,1,5.967953597973974e-07,6.3913113024227641e-08,1.006847938356259e-07,7.6139326665725093e-07
U_SCAN_0028,103.73999999999999,47.600000000000001,SDFF_X1,0,1,1,5.9639666005750769e-07,6.8846603085148672e-08,1.006847938356259e-07,7.6592805697828226e-07
U_SCAN_0029,100.13,44.799999999999997,SDFF_X1,0,1,1,5.9649994454957778e-07,5.1891618113586446e-08,1.006847938356259e-07,7.4907635649879012e-07
U_SCAN_0030,99.560000000000002,57.399999999999999,SDFF_X1,0,1,1,5.9633390492308536e-07,5.5394103526396066e-08,1.006847938356259e-07,7.5241280228510732e-07
U_SCAN_0031,99.180000000000007,61.600000000000001,SDFF_X1,0,1,1,5.9670520613508415e-07,6.242722605520612e-08,1.006847938356259e-07,7.5981722602591617e-07
U_SCAN_0032,100.7,58.799999999999997,SDFF_X1,0,1,1,5.9657202200469328e-07,5.4700972640375767e-08,1.006847938356259e-07,7.5195778848069494e-07
U_SCAN_0033,103.73999999999999,64.400000000000006,SDFF_X1,0,1,1,5.9901515214733081e-07,1.7937401253220742e-07,1.006847938356259e-07,8.7907395851516412e-07
U_SCAN_0034,97.090000000000003,84,SDFF_X1,0,1,1,5.6719727581366897e-07,4.7994326735079085e-08,1.006847938356259e-07,7.1587639638437395e-07
U_SCAN_0035,90.25,93.799999999999997,SDFF_X1,0,1,1,5.6767282785585849e-07,7.1290834569026629e-08,1.006847938356259e-07,7.3964845626051101e-07
U_SCAN_0036,84.359999999999999,89.599999999999994,SDFF_X1,0,1,1,5.6789173186189146e-07,6.6967665190986736e-08,1.006847938356259e-07,7.3554419088850409e-07
U_SCAN_0037,80.370000000000005,109.2,SDFF_X1,0,1,1,5.6712497098487802e-07,5.049329843132e-08,1.006847938356259e-07,7.1830306325182391e-07
U_SCAN_0038,74.290000000000006,107.8,SDFF_X1,0,1,1,5.6709535556365154e-07,5.076143239080011e-08,1.006847938356259e-07,7.1854158179007754e-07
U_SCAN_0039,56.049999999999997,106.40000000000001,SDFF_X1,0,1,1,5.6936289638542803e-07,5.0851820532216152e-08,1.006847938356259e-07,7.2089951075327008e-07
U_SCAN_0040,58.899999999999999,110.59999999999999,SDFF_X1,0,1,1,5.7097531680483371e-07,5.0339703960844417e-08,1.006847938356259e-07,7.2199981460130402e-07
U_SCAN_0041,47.880000000000003,109.2,SDFF_X1,0,1,1,5.6985817309396225e-07,7.5759814421871852e-08,1.006847938356259e-07,7.4630278135146e-07
U_SCAN_0042,42.939999999999998,109.2,SDFF_X1,0,1,1,5.6914666402008152e-07,5.2944365336315968e-08,1.006847938356259e-07,7.2277582319202338e-07
U_SCAN_0043,38.57,109.2,SDFF_X1,0,1,1,5.6882902299548732e-07,5.039446193677577e-08,1.006847938356259e-07,7.1990827876788899e-07
U_SCAN_0044,33.439999999999998,100.8,SDFF_X1,0,1,1,5.7937108977057505e-07,5.9767224058759894e-08,1.006847938356259e-07,7.3982310766496084e-07
U_SCAN_0045,31.920000000000002,106.40000000000001,SDFF_X1,0,1,1,5.6873460607675952e-07,5.3260510668451388e-08,1.006847938356259e-07,7.226799105808368e-07
U_SCAN_0046,24.32,81.200000000000003,SDFF_X1,0,1,1,5.7961005950346589e-07,9.682059953775024e-08,1.006847938356259e-07,7.7711545287684203e-07
U_SCAN_0047,23.18,67.200000000000003,SDFF_X1,0,1,1,5.720016247323656e-07,1.0899813673859171e-07,1.006847938356259e-07,7.8168455530658321e-07
U_SCAN_0048,22.420000000000002,4.2000000000000002,SDFF_X1,0,1,1,5.9456419876369182e-07,6.0245660904456599e-08,1.006847938356259e-07,7.5549465350377432e-07
U_SCAN_0049,26.789999999999999,4.2000000000000002,SDFF_X1,0,1,1,5.9430959709061426e-07,5.4849547126423204e-08,1.006847938356259e-07,7.4984393805266336e-07
U_SCAN_0050,24.699999999999999,2.7999999999999998,SDFF_X1,0,1,1,5.9451019751577405e-07,5.432158189933034e-08,1.006847938356259e-07,7.4951657325073029e-07
U_SCAN_0051,20.329999999999998,12.6,SDFF_X1,0,1,1,5.9579014077826287e-07,7.3256963162293687e-08,1.006847938356259e-07,7.6973189777618245e-07
U_SCAN_0052,22.420000000000002,9.8000000000000007,SDFF_X1,0,1,1,5.9780904848594218e-07,1.7443502997593896e-07,1.006847938356259e-07,8.7292887229750704e-07
U_SCAN_0053,17.670000000000002,82.599999999999994,SDFF_X1,0,1,1,5.8363832522445591e-07,6.4924947196232097e-08,1.006847938356259e-07,7.492480662563139e-07
U_SCAN_0054,15.199999999999999,84,SDFF_X1,0,1,1,5.7860631841322174e-07,7.0830580511938024e-08,1.006847938356259e-07,7.5012169276078566e-07
U_SCAN_0055,15.960000000000001,92.400000000000006,SDFF_X1,0,1,1,5.7768130545809981e-07,8.7020609385035641e-08,1.006847938356259e-07,7.6538670867876135e-07
U_SCAN_0056,9.3100000000000005,86.799999999999997,SDFF_X1,0,1,1,5.7899171679309802e-07,6.4632864393843192e-08,1.006847938356259e-07,7.4430937502256711e-07
U_SCAN_0057,8.9299999999999997,91,SDFF_X1,0,1,1,5.7894555993698305e-07,6.2713098714084481e-08,1.006847938356259e-07,7.4234345248669342e-07
U_SCAN_0058,1.3300000000000001,93.799999999999997,SDFF_X1,0,1,1,5.7613107173892786e-07,6.7423286509438185e-08,1.006847938356259e-07,7.4423915208399194e-07
U_SCAN_0059,8.9299999999999997,102.2,SDFF_X1,0,1,1,5.7134934650093783e-07,9.646266363461109e-08,1.006847938356259e-07,7.6849680397117481e-07
U_SCAN_0060,6.0800000000000001,85.400000000000006,SDFF_X1,0,1,1,5.8101818467548583e-07,7.2734884781766596e-08,1.006847938356259e-07,7.5443786329287832e-07
U_SCAN_0061,15.960000000000001,95.200000000000003,SDFF_X1,0,1,1,5.7551426380086923e-07,6.9809182434710237e-08,1.006847938356259e-07,7.4600824007120536e-07
U_SCAN_0062,16.34,93.799999999999997,SDFF_X1,0,1,1,5.7619899962446652e-07,6.3021438734267576e-08,1.006847938356259e-07,7.3990523219436e-07
U_SCAN_0063,16.719999999999999,91,SDFF_X1,0,1,1,5.7729096170078265e-07,6.0200598284154694e-08,1.006847938356259e-07,7.3817635382056324e-07
U_SCAN_0064,18.050000000000001,88.200000000000003,SDFF_X1,0,1,1,5.8086203580387519e-07,6.2160943059552665e-08,1.006847938356259e-07,7.4370777269905375e-07
U_SCAN_0065,16.719999999999999,100.8,SDFF_X1,0,1,1,5.6881719956436427e-07,7.6085157729721686e-08,1.006847938356259e-07,7.4558715112971186e-07
U_SCAN_0066,14.630000000000001,105,SDFF_X1,0,1,1,5.694153060176177e-07,6.5427492756953143e-08,1.006847938356259e-07,7.3552759261019673e-07
U_SCAN_0067,16.149999999999999,102.2,SDFF_X1,0,1,1,5.6893833288995665e-07,5.9806794183714374e-08,1.006847938356259e-07,7.2942992090929692e-07
U_SCAN_0068,22.989999999999998,102.2,SDFF_X1,0,1,1,5.6895646594057325e-07,8.0571709304422257e-08,1.006847938356259e-07,7.5021296908062141e-07
U_SCAN_0069,15.01,99.400000000000006,SDFF_X1,0,1,1,5.7489666005494655e-07,6.2102955666887283e-08,1.006847938356259e-07,7.3768440955745973e-07
U_SCAN_0070,12.73,98,SDFF_X1,0,1,1,5.7458618130112882e-07,7.3336998696049704e-08,1.006847938356259e-07,7.4860797383280442e-07
U_SCAN_0071,10.640000000000001,99.400000000000006,SDFF_X1,0,1,1,5.735113290938898e-07,6.2192562211293989e-08,1.006847938356259e-07,7.3638868514080968e-07
U_SCAN_0072,10.640000000000001,100.8,SDFF_X1,0,1,1,5.733696184506698e-07,8.3301785025469144e-08,1.006847938356259e-07,7.5735619731176484e-07
U_SCAN_0073,7.9800000000000004,98,SDFF_X1,0,1,1,5.7383692819712451e-07,6.7547766491315997e-08,1.006847938356259e-07,7.420694885240664e-07
U_SCAN_0074,7.2199999999999998,93.799999999999997,SDFF_X1,0,1,1,5.7622554550107452e-07,1.0260141181106519e-07,1.006847938356259e-07,7.7951175114776561e-07
U_SCAN_0075,4.9400000000000004,103.59999999999999,SDFF_X1,0,1,1,5.7189083690900588e-07,7.0977016264350823e-08,1.006847938356259e-07,7.435526470089826e-07
U_SCAN_0076,1.8999999999999999,100.8,SDFF_X1,0,1,1,5.7247223139711423e-07,7.1525953160289646e-08,1.006847938356259e-07,7.4468297839302977e-07
U_SCAN_0077,4.5599999999999996,91,SDFF_X1,0,1,1,5.776144575975195e-07,7.5124262366443872e-08,1.006847938356259e-07,7.5342351379958927e-07
U_SCAN_0078,2.8500000000000001,95.200000000000003,SDFF_X1,0,1,1,5.767968787040445e-07,5.8545492009898226e-08,1.006847938356259e-07,7.3602716454956862e-07
U_SCAN_0079,1.3300000000000001,85.400000000000006,SDFF_X1,0,1,1,5.8071884723176481e-07,8.1110698602060438e-08,1.006847938356259e-07,7.6251433966945115e-07
U_SCAN_0080,2.2799999999999998,92.400000000000006,SDFF_X1,0,1,1,5.7649293694339576e-07,6.2027964986555162e-08,1.006847938356259e-07,7.3920569576557682e-07
U_SCAN_0081,2.2799999999999998,89.599999999999994,SDFF_X1,0,1,1,5.7750173709791852e-07,6.0249263356126903e-08,1.006847938356259e-07,7.3843579428967132e-07
U_SCAN_0082,2.4700000000000002,86.799999999999997,SDFF_X1,0,1,1,5.7998278180093621e-07,6.4092745333255152e-08,1.006847938356259e-07,7.4476032096981726e-07
U_SCAN_0083,3.7999999999999998,84,SDFF_X1,0,1,1,5.8030553873322788e-07,6.0318740224829526e-08,1.006847938356259e-07,7.413090727936833e-07
U_SCAN_0084,16.530000000000001,89.599999999999994,SDFF_X1,0,1,1,5.7869834790835739e-07,7.0002649010802998e-08,1.006847938356259e-07,7.4938579075478629e-07
U_SCAN_0085,8.5500000000000007,46.200000000000003,SDFF_X1,0,1,1,5.7746728998608887e-07,5.1009499202336883e-07,1.006847938356259e-07,1.1882470758450836e-06
U_SCAN_0086,6.8399999999999999,40.600000000000001,SDFF_X1,0,1,1,5.7612942327978089e-07,2.0003844269922411e-07,1.006847938356259e-07,8.768526598146309e-07
U_SCAN_0087,7.2199999999999998,49,SDFF_X1,0,1,1,5.771594828729576e-07,1.3868391590676765e-07,1.006847938356259e-07,8.1652819261535114e-07
U_SCAN_0088,3.23,50.399999999999999,SDFF_X1,0,1,1,5.7718199286682648e-07,2.3155577366651414e-07,1.006847938356259e-07,9.0942256036896651e-07
U_SCAN_0089,5.5099999999999998,47.600000000000001,SDFF_X1,0,1,1,5.7687606158651761e-07,1.4877049636652373e-07,1.006847938356259e-07,8.2633135178866723e-07
U_SCAN_0090,4.1799999999999997,56,SDFF_X1,0,1,1,5.773414955001499e-07,2.7365123855815909e-07,1.006847938356259e-07,9.5167752789393489e-07
U_SCAN_0091,3.6099999999999999,57.399999999999999,SDFF_X1,0,1,1,5.7842692058329703e-07,1.8998616724275053e-07,1.006847938356259e-07,8.6909788166167345e-07
U_SCAN_0092,2.0899999999999999,64.400000000000006,SDFF_X1,0,1,1,5.7735309155759751e-07,2.1783280601539445e-07,1.006847938356259e-07,8.9587069140861786e-07
U_SCAN_0093,1.8999999999999999,72.799999999999997,SDFF_X1,0,1,1,5.7756125215746579e-07,1.7349417191780958e-07,1.006847938356259e-07,8.5174021791090126e-07
U_SCAN_0094,2.6600000000000001,71.400000000000006,SDFF_X1,0,1,1,5.7724616908672033e-07,1.7049610789854341e-07,1.006847938356259e-07,8.4842707082088964e-07
U_SCAN_0095,6.46,68.599999999999994,SDFF_X1,0,1,1,5.7345550885656849e-07,1.3198106785239361e-07,1.006847938356259e-07,8.0612137054458799e-07
U_SCAN_0096,12.92,68.599999999999994,SDFF_X1,0,1,1,5.5072553095669718e-07,2.7932202328884159e-07,1.006847938356259e-07,9.3073234808116467e-07
U_SCAN_0097,11.970000000000001,65.799999999999997,SDFF_X1,0,1,1,5.3693207746619009e-07,1.6107485123484366e-07,1.006847938356259e-07,7.9869172253665965e-07
U_SCAN_0098,9.1199999999999992,74.200000000000003,SDFF_X1,0,1,1,5.7593354085838655e-07,1.3114427588334365e-07,1.006847938356259e-07,8.077626105773561e-07
U_SCAN_0099,6.2699999999999996,72.799999999999997,SDFF_X1,0,1,1,5.7722741075849626e-07,3.4124599324059091e-07,1.006847938356259e-07,1.0191581978347131e-06
U_SCAN_0100,15.960000000000001,79.799999999999997,SDFF_X1,0,1,1,5.6617807331349468e-07,2.9123032163624885e-07,1.006847938356259e-07,9.5809318878536942e-07
U_SCAN_0101,15.01,78.400000000000006,SDFF_X1,0,1,1,5.6251775504279067e-07,2.4323534830728022e-07,1.006847938356259e-07,9.0643789718569678e-07
U_SCAN_0102,17.289999999999999,77,SDFF_X1,0,1,1,5.6541705362178618e-07,2.248489039402557e-07,1.006847938356259e-07,8.9095075139766777e-07
U_SCAN_0103,17.48,75.599999999999994,SDFF_X1,0,1,1,5.6957856031658594e-07,1.9943152551604726e-07,1.006847938356259e-07,8.6969487966825909e-07
U_SCAN_0104,20.710000000000001,64.400000000000006,SDFF_X1,0,1,1,5.5945884014363401e-07,1.2221134682022239e-07,1.006847938356259e-07,7.8235498079948229e-07
U_SCAN_0105,13.49,64.400000000000006,SDFF_X1,0,1,1,5.6647172641532961e-07,1.7226963677785534e-07,1.006847938356259e-07,8.3942615702881085e-07
U_SCAN_0106,20.329999999999998,63,SDFF_X1,0,1,1,5.5268594678636873e-07,2.2994744597326644e-07,1.006847938356259e-07,8.8331818659526107e-07
U_SCAN_0107,16.530000000000001,50.399999999999999,SDFF_X1,0,1,1,5.4861817488927045e-07,1.5203308123545867e-07,1.006847938356259e-07,8.0133604996035501e-07
U_SCAN_0108,8.1699999999999999,43.399999999999999,SDFF_X1,0,1,1,5.7362109373571002e-07,2.62851017396315e-07,1.006847938356259e-07,9.3715690496765092e-07
U_SCAN_0109,24.699999999999999,63,SDFF_X1,0,1,1,5.3842632041778415e-07,5.5048911917765508e-07,1.006847938356259e-07,1.1896002334310651e-06
U_SCAN_0110,16.91,43.399999999999999,SDFF_X1,0,1,1,5.769152267021127e-07,2.0928840172018681e-07,1.006847938356259e-07,8.8688842225792541e-07
U_SCAN_0111,12.539999999999999,43.399999999999999,SDFF_X1,0,1,1,5.7474903769616503e-07,1.7588314449312747e-07,1.006847938356259e-07,8.513169760249184e-07
U_SCAN_0112,10.26,37.799999999999997,SDFF_X1,0,1,1,5.7752703241931158e-07,1.1382484643718271e-07,1.006847938356259e-07,7.9203667269212019e-07
U_SCAN_0113,5.8899999999999997,30.800000000000001,SDFF_X1,0,1,1,5.7792931329458952e-07,2.6164232735936821e-07,1.006847938356259e-07,9.4025643448958363e-07
U_SCAN_0114,1.3300000000000001,39.200000000000003,SDFF_X1,0,1,1,5.7849882750815596e-07,2.8286692099754873e-07,1.006847938356259e-07,9.6205054234133058e-07
U_SCAN_0115,1.3300000000000001,40.600000000000001,SDFF_X1,0,1,1,5.786876045021927e-07,2.3073205568380217e-07,1.006847938356259e-07,9.1010445402162077e-07
U_SCAN_0116,15.199999999999999,42,SDFF_X1,0,1,1,5.7757819149628631e-07,2.4659357222844847e-07,1.006847938356259e-07,9.2485655756036067e-07
U_SCAN_0117,5.7000000000000002,44.799999999999997,SDFF_X1,0,1,1,5.911342100262118e-07,4.3634329927044746e-08,1.006847938356259e-07,7.3545333378888245e-07
U_SCAN_0118,5.5099999999999998,29.399999999999999,SDFF_X1,0,1,1,5.9783553751913132e-07,1.5357976224095182e-07,1.006847938356259e-07,8.5210009359570904e-07
U_SCAN_0119,45.409999999999997,4.2000000000000002,SDFF_X1,0,1,1,5.9978435729135526e-07,7.7392058983605239e-08,1.006847938356259e-07,7.778612101105864e-07
U_SCAN_0120,61.18,5.5999999999999996,SDFF_X1,0,1,1,6.1238989701450919e-07,9.3696264968912146e-08,1.006847938356259e-07,8.0677095581904723e-07
U_SCAN_0121,78.849999999999994,9.8000000000000007,SDFF_X1,0,1,1,6.14128452980367e-07,9.7741619242697197e-08,1.006847938356259e-07,8.125548660586901e-07
U_SCAN_0122,76.189999999999998,16.800000000000001,SDFF_X1,0,1,1,6.129043299551995e-07,9.2660421557866357e-08,1.006847938356259e-07,8.0624954534869175e-07
U_SCAN_0123,77.519999999999996,30.800000000000001,SDFF_X1,0,1,1,6.1216007907205494e-07,7.1871198770168121e-08,1.006847938356259e-07,7.8471607167784896e-07
U_SCAN_0124,78.090000000000003,36.399999999999999,SDFF_X1,0,1,1,6.1206202417452005e-07,7.1883221153257182e-08,1.006847938356259e-07,7.8463003916340313e-07
U_SCAN_0125,74.859999999999999,44.799999999999997,SDFF_X1,0,1,1,6.1216377389428089e-07,7.6602070464559802e-08,1.006847938356259e-07,7.8945063819446659e-07
U_SCAN_0126,76.189999999999998,49,SDFF_X1,0,1,1,6.1217491520437761e-07,7.747181740569431e-08,1.006847938356259e-07,7.9033152644569782e-07
U_SCAN_0127,72.390000000000001,50.399999999999999,SDFF_X1,0,1,1,6.1270304740901338e-07,8.3797246475114662e-08,1.006847938356259e-07,7.9718508771975394e-07
U_SCAN_0128,53.390000000000001,60.200000000000003,SDFF_X1,0,1,1,6.1099257209207281e-07,8.5876145305974205e-08,1.006847938356259e-07,7.9755351123367291e-07
U_SCAN_0129,53.390000000000001,58.799999999999997,SDFF_X1,0,1,1,6.0036478544134297e-07,7.224803511007849e-08,1.006847938356259e-07,7.7329761438704736e-07
U_SCAN_0130,50.159999999999997,71.400000000000006,SDFF_X1,0,1,1,5.8278925507693202e-07,6.4070768246438092e-08,1.006847938356259e-07,7.4754481715899601e-07
U_SCAN_0131,48.450000000000003,79.799999999999997,SDFF_X1,0,1,1,5.834886565025954e-07,9.5329568239321816e-08,1.006847938356259e-07,7.7950301857754312e-07
U_SCAN_0132,82.269999999999996,91,SDFF_X1,0,1,1,5.8245979062121478e-07,8.569708853656266e-08,1.006847938356259e-07,7.6884167299340334e-07
U_SCAN_0133,83.030000000000001,95.200000000000003,SDFF_X1,0,1,1,5.8189175433653872e-07,7.3818384294099815e-08,1.006847938356259e-07,7.5639493246626444e-07
U_SCAN_0134,70.299999999999997,98,SDFF_X1,0,1,1,5.815452936985821e-07,6.1321181021867233e-08,1.006847938356259e-07,7.4355126855607523e-07
U_SCAN_0135,68.780000000000001,106.40000000000001,SDFF_X1,0,1,1,5.8306261507823365e-07,1.1182540049503586e-07,1.006847938356259e-07,7.9557280940889541e-07
U_SCAN_0136,51.68,100.8,SDFF_X1,0,1,1,5.8590421758708544e-07,9.8548468940862222e-08,1.006847938356259e-07,7.8513748036357356e-07
U_SCAN_0137,44.270000000000003,102.2,SDFF_X1,0,1,1,5.8646628531278111e-07,7.7069195469903207e-08,1.006847938356259e-07,7.6422027461831021e-07
U_SCAN_0138,36.479999999999997,102.2,SDFF_X1,0,1,1,5.8657906265580095e-07,6.2699434977275814e-08,1.006847938356259e-07,7.4996329146870266e-07
U_SCAN_0139,30.399999999999999,102.2,SDFF_X1,0,1,1,5.890530587748799e-07,7.2880197876656894e-08,1.006847938356259e-07,7.6261805048716269e-07
U_SCAN_0140,26.41,99.400000000000006,SDFF_X1,0,1,1,5.7937916153605329e-07,7.4902182234382053e-08,1.006847938356259e-07,7.5496613760606124e-07
U_SCAN_0141,20.710000000000001,93.799999999999997,SDFF_X1,0,1,1,5.8337889186077518e-07,1.0173300069027391e-07,1.006847938356259e-07,7.8579668638667499e-07
U_SCAN_0142,24.890000000000001,84,SDFF_X1,0,1,1,5.8457504792386317e-07,5.7484790261241869e-08,1.006847938356259e-07,7.4274463202073093e-07
U_SCAN_0143,24.129999999999999,79.799999999999997,SDFF_X1,0,1,1,5.8237714029019116e-07,1.3877105686788127e-07,1.006847938356259e-07,8.2183299099369833e-07
U_SCAN_0144,14.630000000000001,39.200000000000003,SDFF_X1,0,1,1,5.9738829349953448e-07,8.7394482761737891e-08,1.006847938356259e-07,7.8546757009689827e-07
U_SCAN_0145,16.530000000000001,25.199999999999999,SDFF_X1,0,1,1,5.9706371757783927e-07,7.7733268710744596e-08,1.006847938356259e-07,7.7548178012420976e-07
U_SCAN_0146,15.01,21,SDFF_X1,0,1,1,5.9632446891555446e-07,8.5061756749382766e-08,1.006847938356259e-07,7.8207101950056312e-07
U_SCAN_0147,11.970000000000001,15.4,SDFF_X1,0,1,1,5.964540719105571e-07,8.1144875707650499e-08,1.006847938356259e-07,7.782837414538335e-07
U_SCAN_0148,23.18,11.199999999999999,SDFF_X1,0,1,1,5.9544026953517459e-07,7.8981621243201516e-08,1.006847938356259e-07,7.7510668461400201e-07
U_SCAN_0149,40.850000000000001,5.5999999999999996,SDFF_X1,0,1,1,5.9697333654185059e-07,6.2389510446791974e-08,1.006847938356259e-07,7.6004764082426846e-07
U_SCAN_0150,34.390000000000001,2.7999999999999998,SDFF_X1,0,1,1,5.9779688399430597e-07,3.2490717671862512e-07,1.006847938356259e-07,1.023388854548557e-06
U_SCAN_0151,47.119999999999997,5.5999999999999996,SDFF_X1,0,1,1,5.9781211803056067e-07,1.6770538024957204e-07,1.006847938356259e-07,8.6620229211575861e-07
U_SCAN_0152,61.560000000000002,4.2000000000000002,SDFF_X1,0,1,1,5.9816051134475856e-07,2.0535823352929583e-07,1.006847938356259e-07,9.0420353870968029e-07
U_SCAN_0153,64.790000000000006,8.4000000000000004,SDFF_X1,0,1,1,5.9948376929241931e-07,2.0792360544419353e-07,1.006847938356259e-07,9.0809216857223873e-07
U_SCAN_0154,77.519999999999996,15.4,SDFF_X1,0,1,1,5.9953549680358265e-07,1.2765055146246596e-07,1.006847938356259e-07,8.278708421016745e-07
U_SCAN_0155,77.519999999999996,22.399999999999999,SDFF_X1,0,1,1,6.0098284393461654e-07,2.2582500491807878e-07,1.006847938356259e-07,9.2749264268832121e-07
U_SCAN_0156,76.189999999999998,25.199999999999999,SDFF_X1,0,1,1,5.9971341670461698e-07,1.3902825912737171e-07,1.006847938356259e-07,8.3942646966761458e-07
U_SCAN_0157,80.370000000000005,39.200000000000003,SDFF_X1,0,1,1,6.0071761254221201e-07,2.0207548345752002e-07,1.006847938356259e-07,9.0347788983535793e-07
U_SCAN_0158,77.900000000000006,51.799999999999997,SDFF_X1,0,1,1,6.0027895187886315e-07,1.9737868228730804e-07,1.006847938356259e-07,8.9834242800179709e-07
U_SCAN_0159,80.939999999999998,56,SDFF_X1,0,1,1,6.0104991916887229e-07,2.72218471764063e-07,1.006847938356259e-07,9.7395318476856119e-07
U_SCAN_0160,49.780000000000001,54.600000000000001,SDFF_X1,0,1,1,5.9915748806815827e-07,1.2322961140398547e-07,1.006847938356259e-07,8.2307189330776964e-07
U_SCAN_0161,56.810000000000002,56,SDFF_X1,0,1,1,6.0120777334304876e-07,2.3082859001988254e-07,1.006847938356259e-07,9.3272115719855719e-07
U_SCAN_0162,51.68,70,SDFF_X1,0,1,1,5.6993701491592219e-07,7.4403679661827482e-08,1.006847938356259e-07,7.4502548841337557e-07
U_SCAN_0163,52.25,74.200000000000003,SDFF_X1,0,1,1,5.7049339829973178e-07,9.4108401071935077e-08,1.006847938356259e-07,7.6528659320729275e-07
U_SCAN_0164,77.900000000000006,84,SDFF_X1,0,1,1,5.6932219649752369e-07,6.1103811788143503e-08,1.006847938356259e-07,7.3111080212129309e-07
U_SCAN_0165,76,95.200000000000003,SDFF_X1,0,1,1,5.6839388662410784e-07,7.5353035811076552e-08,1.006847938356259e-07,7.4443171627081028e-07
U_SCAN_0166,74.480000000000004,96.599999999999994,SDFF_X1,0,1,1,5.6815900961737498e-07,6.1131238737743843e-08,1.006847938356259e-07,7.2997504219074472e-07
U_SCAN_0167,65.930000000000007,96.599999999999994,SDFF_X1,0,1,1,5.6827821026672609e-07,5.924473711615974e-08,1.006847938356259e-07,7.2820774121851173e-07
U_SCAN_0168,46.359999999999999,95.200000000000003,SDFF_X1,0,1,1,5.7872608749676147e-07,6.8068992220560176e-08,1.006847938356259e-07,7.4747987355294754e-07
U_SCAN_0169,42.369999999999997,103.59999999999999,SDFF_X1,0,1,1,5.7847171319735935e-07,5.5045347835402936e-08,1.006847938356259e-07,7.3420185486838818e-07
U_SCAN_0170,36.289999999999999,105,SDFF_X1,0,1,1,5.7856800594890956e-07,6.311454825436158e-08,1.006847938356259e-07,7.4236734803889703e-07
U_SCAN_0171,26.41,95.200000000000003,SDFF_X1,0,1,1,5.7942884268413763e-07,6.7286357818829856e-08,1.006847938356259e-07,7.4739999433859339e-07
U_SCAN_0172,25.079999999999998,100.8,SDFF_X1,0,1,1,5.7136048781103455e-07,1.9928481265196751e-07,1.006847938356259e-07,8.7133009429862796e-07
U_SCAN_0173,25.84,92.400000000000006,SDFF_X1,0,1,1,5.7926075669456623e-07,5.7714128587349478e-08,1.006847938356259e-07,7.376596791175416e-07
U_SCAN_0174,23.370000000000001,86.799999999999997,SDFF_X1,0,1,1,5.7930179764298373e-07,6.0208790841898008e-08,1.006847938356259e-07,7.4019538232050763e-07
U_SCAN_0175,23.18,77,SDFF_X1,0,1,1,5.8185833040624857e-07,1.8810615642905759e-07,1.006847938356259e-07,8.7064928067093206e-07
U_SCAN_0176,27.550000000000001,30.800000000000001,SDFF_X1,0,1,1,5.9704382238123799e-07,1.3650773666995519e-07,1.006847938356259e-07,8.3423635288681908e-07
U_SCAN_0177,13.300000000000001,26.600000000000001,SDFF_X1,0,1,1,5.9809752883666079e-07,1.4815961435488134e-07,1.006847938356259e-07,8.4694193702716802e-07
U_SCAN_0178,2.0899999999999999,28,SDFF_X1,0,1,1,5.9742558278230717e-07,1.5853707679980289e-07,1.006847938356259e-07,8.5664745341773596e-07
U_SCAN_0179,10.07,16.800000000000001,SDFF_X1,0,1,1,5.983150686006411e-07,1.8088873332544608e-07,1.006847938356259e-07,8.7988859576171308e-07
U_SCAN_0180,21.280000000000001,8.4000000000000004,SDFF_X1,0,1,1,5.9749640968220774e-07,1.6303573602272081e-07,1.006847938356259e-07,8.6121693954055445e-07
U_SCAN_0181,39.520000000000003,2.7999999999999998,SDFF_X1,0,1,1,5.9651080164258019e-07,1.6642542277622852e-07,1.006847938356259e-07,8.636210182544346e-07
U_SCAN_0182,49.590000000000003,1.3999999999999999,SDFF_X1,0,1,1,5.989146529827849e-07,2.8275491104068351e-07,1.006847938356259e-07,9.8235435785909431e-07
U_SCAN_0183,56.810000000000002,5.5999999999999996,SDFF_X1,0,1,1,5.9720383660533116e-07,1.9337612400249782e-07,1.006847938356259e-07,8.9126475444345488e-07
U_SCAN_0184,64.219999999999999,12.6,SDFF_X1,0,1,1,5.9946205510641448e-07,2.0298881509006605e-07,1.006847938356259e-07,9.0313566403210643e-07
U_SCAN_0185,68.780000000000001,15.4,SDFF_X1,0,1,1,6.0045664440622204e-07,1.9548718910300522e-07,1.006847938356259e-07,8.9662862734485316e-07
U_SCAN_0186,71.819999999999993,14,SDFF_X1,0,1,1,5.9976184729748638e-07,1.7051876000095945e-07,1.006847938356259e-07,8.7096540113407173e-07
U_SCAN_0187,78.659999999999997,23.800000000000001,SDFF_X1,0,1,1,6.006960120430449e-07,1.9951234264681261e-07,1.006847938356259e-07,9.0089314852548341e-07
U_SCAN_0188,83.790000000000006,40.600000000000001,SDFF_X1,0,1,1,6.0079645436417195e-07,1.6780487044343317e-07,1.006847938356259e-07,8.6928611864323102e-07
U_SCAN_0189,75.810000000000002,42,SDFF_X1,0,1,1,5.9962064824503614e-07,1.496084252039509e-07,1.006847938356259e-07,8.4991386728461293e-07
U_SCAN_0190,76.950000000000003,47.600000000000001,SDFF_X1,0,1,1,5.998655296934885e-07,1.698762304158663e-07,1.006847938356259e-07,8.704265539449807e-07
U_SCAN_0191,79.609999999999999,57.399999999999999,SDFF_X1,0,1,1,6.001313863635005e-07,1.3672304532974522e-07,1.006847938356259e-07,8.3753922552887161e-07
U_SCAN_0192,74.670000000000002,61.600000000000001,SDFF_X1,0,1,1,6.0013792335666949e-07,1.5746852000120271e-07,1.006847938356259e-07,8.5829123719349809e-07
U_SCAN_0193,49.020000000000003,60.200000000000003,SDFF_X1,0,1,1,6.0139166180306347e-07,2.3589761610764981e-07,1.006847938356259e-07,9.3797407174633918e-07
U_SCAN_0194,51.109999999999999,68.599999999999994,SDFF_X1,0,1,1,5.709647439289256e-07,1.0334505873288435e-07,1.006847938356259e-07,7.7499459649743585e-07
U_SCAN_0195,56.810000000000002,74.200000000000003,SDFF_X1,0,1,1,5.7057491176237818e-07,9.5247742137871683e-08,1.006847938356259e-07,7.6650744773587576e-07
U_SCAN_0196,74.099999999999994,82.599999999999994,SDFF_X1,0,1,1,5.6979104101628764e-07,7.4215392942278413e-08,1.006847938356259e-07,7.4469122779419195e-07
U_SCAN_0197,72.769999999999996,86.799999999999997,SDFF_X1,0,1,1,5.7003273923328379e-07,7.4844692221631703e-08,1.006847938356259e-07,7.4556222529054139e-07
U_SCAN_0198,69.349999999999994,93.799999999999997,SDFF_X1,0,1,1,5.6996640296347323e-07,8.4621632367998245e-08,1.006847938356259e-07,7.5527282916709737e-07
U_SCAN_0199,62.700000000000003,95.200000000000003,SDFF_X1,0,1,1,5.6956525895657251e-07,9.2162778742022056e-08,1.006847938356259e-07,7.6241283153422046e-07
U_SCAN_0200,49.210000000000001,96.599999999999994,SDFF_X1,0,1,1,5.7914024864658131e-07,7.1259755429764482e-08,1.006847938356259e-07,7.5108479791197169e-07
U_SCAN_0201,43.32,99.400000000000006,SDFF_X1,0,1,1,5.7873063497027033e-07,7.2391635796975606e-08,1.006847938356259e-07,7.5180706460287183e-07
U_SCAN_0202,36.859999999999999,98,SDFF_X1,0,1,1,5.7838343536786851e-07,4.0572558646090329e-08,1.006847938356259e-07,7.1964078784958474e-07
U_SCAN_0203,37.810000000000002,103.59999999999999,SDFF_X1,0,1,1,5.8040188832819695e-07,1.07623456813144e-07,1.006847938356259e-07,7.8871013897696685e-07
U_SCAN_0204,24.890000000000001,89.599999999999994,SDFF_X1,0,1,1,5.8190863683194038e-07,2.1174690800762619e-07,1.006847938356259e-07,8.9434033867519247e-07
U_SCAN_0205,24.32,91,SDFF_X1,0,1,1,5.7967781685874797e-07,6.9519074941126746e-08,1.006847938356259e-07,7.4988168563550062e-07
U_SCAN_0206,25.84,88.200000000000003,SDFF_X1,0,1,1,5.7977223377747578e-07,8.0859784645781474e-08,1.006847938356259e-07,7.6131681225888315e-07
U_SCAN_0207,32.490000000000002,43.399999999999999,SDFF_X1,0,1,1,6.0152189007567358e-07,7.2507916115682747e-08,1.006847938356259e-07,7.7471460002698223e-07
U_SCAN_0208,26.789999999999999,32.200000000000003,SDFF_X1,0,1,1,5.9598221469059354e-07,1.482796960772248e-07,1.006847938356259e-07,8.4494670460344423e-07
U_SCAN_0209,24.510000000000002,25.199999999999999,SDFF_X1,0,1,1,5.9786106021419982e-07,2.5083326704589126e-07,1.006847938356259e-07,9.4937912109571698e-07
U_SCAN_0210,20.899999999999999,15.4,SDFF_X1,0,1,1,5.9820445130753797e-07,1.9132313866521145e-07,1.006847938356259e-07,8.9021238380837531e-07
U_SCAN_0211,22.800000000000001,18.199999999999999,SDFF_X1,0,1,1,5.9821815057148342e-07,1.4573345197277376e-07,1.006847938356259e-07,8.4463639637988308e-07
U_SCAN_0212,27.739999999999998,14,SDFF_X1,0,1,1,5.9517117279028753e-07,1.9403651663196797e-07,1.006847938356259e-07,8.8989248325788139e-07
U_SCAN_0213,38.57,11.199999999999999,SDFF_X1,0,1,1,5.9431408772070426e-07,1.5209197101739846e-07,1.006847938356259e-07,8.4709085257372863e-07
U_SCAN_0214,47.689999999999998,9.8000000000000007,SDFF_X1,0,1,1,6.0021500303264474e-07,2.3806903470813268e-07,1.006847938356259e-07,9.3896883157640332e-07
U_SCAN_0215,53.770000000000003,9.8000000000000007,SDFF_X1,0,1,1,5.9689011777663836e-07,5.5547182853388222e-08,1.006847938356259e-07,7.5312209446565248e-07
U_SCAN_0216,61.369999999999997,11.199999999999999,SDFF_X1,0,1,1,6.053852530385484e-07,1.9934211081817921e-07,1.006847938356259e-07,9.054121576923535e-07
U_SCAN_0217,93.480000000000004,16.800000000000001,SDFF_X1,0,1,1,6.0634147303062491e-07,1.4224697508780082e-07,1.006847938356259e-07,8.4927324195405163e-07
U_SCAN_0218,88.920000000000002,22.399999999999999,SDFF_X1,0,1,1,6.0650029354292201e-07,1.1146769907099952e-07,1.006847938356259e-07,8.1865278644954742e-07
U_SCAN_0219,95,28,SDFF_X1,0,1,1,6.0814699054390076e-07,2.1302794550592807e-07,1.006847938356259e-07,9.2185972988545473e-07
U_SCAN_0220,93.099999999999994,29.399999999999999,SDFF_X1,0,1,1,6.0670390666928142e-07,1.8982137817147304e-07,1.006847938356259e-07,8.9721007867638036e-07
U_SCAN_0221,89.489999999999995,35,SDFF_X1,0,1,1,6.066035780349921e-07,1.0871653444155527e-07,1.006847938356259e-07,8.1600490631217326e-07
U_SCAN_0222,89.489999999999995,54.600000000000001,SDFF_X1,0,1,1,6.0851908756376361e-07,2.1191218024796399e-07,1.006847938356259e-07,9.2111606164735349e-07
U_SCAN_0223,92.150000000000006,61.600000000000001,SDFF_X1,0,1,1,6.0587927919186768e-07,1.5002819964138325e-07,1.006847938356259e-07,8.5659227266887683e-07
U_SCAN_0224,92.909999999999997,57.399999999999999,SDFF_X1,0,1,1,6.0940567436773563e-07,1.0566670738398898e-07,1.006847938356259e-07,8.157571755873505e-07
U_SCAN_0225,51.299999999999997,63,SDFF_X1,0,1,1,6.0217359987291275e-07,1.5106633100003819e-07,1.006847938356259e-07,8.5392472470857683e-07
U_SCAN_0226,89.870000000000005,70,SDFF_X1,0,1,1,5.7252367469118326e-07,1.3243231933302013e-07,1.006847938356259e-07,8.0564078785982929e-07
U_SCAN_0227,92.530000000000001,79.799999999999997,SDFF_X1,0,1,1,5.718780471397622e-07,1.0236891512249713e-07,1.006847938356259e-07,7.7493175609788523e-07
U_SCAN_0228,88.159999999999997,79.799999999999997,SDFF_X1,0,1,1,5.709883907911717e-07,7.8276393367104902e-08,1.006847938356259e-07,7.4994957799390249e-07
U_SCAN_0229,87.590000000000003,88.200000000000003,SDFF_X1,0,1,1,5.7130029063046095e-07,1.3628050510305911e-07,1.006847938356259e-07,8.0826558956914596e-07
U_SCAN_0230,81.129999999999995,82.599999999999994,SDFF_X1,0,1,1,5.7193290103896288e-07,1.0478399303792685e-07,1.006847938356259e-07,7.7740168791251563e-07
U_SCAN_0231,70.870000000000005,102.2,SDFF_X1,0,1,1,5.7102511163975578e-07,1.306231638409372e-07,1.006847938356259e-07,8.0233306931631887e-07
U_SCAN_0232,62.32,103.59999999999999,SDFF_X1,0,1,1,5.7435181588516571e-07,1.7542843977480516e-07,1.006847938356259e-07,8.5046504949559676e-07
U_SCAN_0233,59.090000000000003,105,SDFF_X1,0,1,1,5.7367788031115197e-07,1.32895578985881e-07,1.006847938356259e-07,8.0725825313265887e-07
U_SCAN_0234,54.530000000000001,110.59999999999999,SDFF_X1,0,1,1,5.7401416597713251e-07,1.1726378801313331e-07,1.006847938356259e-07,7.9196274782589171e-07
U_SCAN_0235,53.390000000000001,64.400000000000006,SDFF_X1,0,1,1,6.054877985661733e-07,2.8206667934682628e-07,1.006847938356259e-07,9.8823927174862547e-07
U_SCAN_0236,36.859999999999999,60.200000000000003,SDFF_X1,0,1,1,6.3935459593267296e-07,3.6810746451010345e-07,1.006847938356259e-07,1.1081468542784023e-06
U_SCAN_0237,29.640000000000001,33.600000000000001,SDFF_X1,0,1,1,5.9807462093885988e-07,1.8992717798482772e-07,1.006847938356259e-07,8.886865927593135e-07
U_SCAN_0238,24.510000000000002,26.600000000000001,SDFF_X1,0,1,1,5.9887008774239803e-07,1.8253760458719626e-07,1.006847938356259e-07,8.8209248616522018e-07
U_SCAN_0239,22.800000000000001,16.800000000000001,SDFF_X1,0,1,1,5.9736237290053396e-07,1.4644012935605133e-07,1.006847938356259e-07,8.4448729609221118e-07
U_SCAN_0240,25.27,12.6,SDFF_X1,0,1,1,5.989725195831852e-07,2.4242629592663434e-07,1.006847938356259e-07,9.4208360934544544e-07
U_SCAN_0241,31.539999999999999,11.199999999999999,SDFF_X1,0,1,1,5.972106009721756e-07,1.3150915378901118e-07,1.006847938356259e-07,8.2940454859681267e-07
U_SCAN_0242,36.289999999999999,9.8000000000000007,SDFF_X1,0,1,1,5.9833575960510643e-07,1.4708597007029311e-07,1.006847938356259e-07,8.4610652351102544e-07
U_SCAN_0243,41.229999999999997,8.4000000000000004,SDFF_X1,0,1,1,5.9812469999087625e-07,5.117948944644013e-07,1.006847938356259e-07,1.2106043882909034e-06
U_SCAN_0244,16.91,103.59999999999999,SDFF_X1,0,1,1,5.0542661256258725e-07,4.0541401347127248e-08,1.006847938356259e-07,6.466528077453404e-07
_2277_,19.190000000000001,70,INV_X1,0,1,1,2.2467906646284064e-08,5.3812118494533934e-07,1.4353183530602109e-08,5.7494227512222551e-07
_2278_,75.810000000000002,40.600000000000001,INV_X1,0,1,1,2.3575321250746128e-08,1.325297915855117e-07,1.4353183530602109e-08,1.7045829636685994e-07
_2279_,25.84,99.400000000000006,INV_X2,0,1,1,4.6598220393434531e-08,8.8240506102010841e-07,2.8706374166631576e-08,9.5770965558017451e-07
_2280_,27.359999999999999,29.399999999999999,INV_X1,0,1,1,2.4112614127602683e-08,6.5936127668919653e-08,1.4353183530602109e-08,1.0440192532712445e-07
_2281_,59.469999999999999,9.8000000000000007,INV_X1,0,1,1,2.305525015344756e-08,1.0564208707819489e-07,1.4353183530602109e-08,1.4305052076224456e-07
_2282_,29.640000000000001,75.599999999999994,INV_X1,0,1,1,0,0,1.4353183530602109e-08,1.4353183530602109e-08
_2283_,5.7000000000000002,78.400000000000006,INV_X1,0,1,1,2.3270940729958056e-08,3.6464147257220247e-08,1.4353183530602109e-08,7.4088271517780413e-08
_2284_,14.82,58.799999999999997,INV_X1,0,1,1,2.148929922896059e-08,5.0465740031313544e-08,1.4353183530602109e-08,8.6308222790876243e-08
_2285_,50.729999999999997,56,INV_X1,0,1,1,2.6330143398922701e-08,2.4400593545692573e-08,1.4353183530602109e-08,6.5083920475217383e-08
_2286_,23.940000000000001,51.799999999999997,INV_X1,0,1,1,2.1920817161458217e-08,6.3706416142395028e-08,1.4353183530602109e-08,9.9980416834455355e-08
_2287_,26.219999999999999,40.600000000000001,INV_X1,0,1,1,2.3243021729513202e-08,4.2811297618072786e-08,1.4353183530602109e-08,8.0407502878188097e-08
_2288_,8.3599999999999994,74.200000000000003,INV_X1,0,1,1,2.3944192406588627e-08,3.6175297424279051e-08,1.4353183530602109e-08,7.4472673361469788e-08
_2289_,32.68,51.799999999999997,INV_X1,0,1,1,0,0,1.4353183530602109e-08,1.4353183530602109e-08
_2290_,54.340000000000003,42,INV_X1,0,1,1,2.6237652051008808e-08,2.7817238290595014e-08,1.4353183530602109e-08,6.8408073872205932e-08
_2291_,23.940000000000001,42,INV_X1,0,1,1,2.3053248199289555e-08,1.792660242472266e-07,1.4353183530602109e-08,2.1667245597711826e-07
_2292_,26.030000000000001,95.200000000000003,INV_X1,0,1,1,2.1693450591442343e-08,9.8077883592395665e-08,1.4353183530602109e-08,1.3412451771444012e-07
_2293_,33.439999999999998,56,INV_X1,0,1,1,2.3582762409546376e-08,4.3810175043290656e-08,1.4353183530602109e-08,8.1746120983439141e-08
_2294_,51.68,61.600000000000001,INV_X1,0,1,1,2.3774902047080104e-08,6.3984558096308319e-08,1.4353183530602109e-08,1.0211264367399053e-07
_2295_,26.219999999999999,35,INV_X1,0,1,1,2.361115392091051e-08,6.2007806889141648e-08,1.4353183530602109e-08,9.9972144340654268e-08
_2296_,21.280000000000001,21,INV_X1,0,1,1,2.4274243060062872e-08,3.4016384375945563e-08,1.4353183530602109e-08,7.2643810966610545e-08
_2297_,92.530000000000001,32.200000000000003,INV_X1,0,1,1,2.3852205544017124e-08,1.0268535532986789e-07,1.4353183530602109e-08,1.4089074440448712e-07
_2298_,36.479999999999997,98,INV_X1,0,1,1,2.1482474465983614e-08,5.7593538826949953e-08,1.4353183530602109e-08,9.3429196823535676e-08
_2299_,26.600000000000001,35,INV_X1,0,1,1,2.3311697461281256e-08,2.9997796247016595e-08,1.4353183530602109e-08,6.766267723889996e-08
_2300_,25.84,40.600000000000001,INV_X1,0,1,1,2.2736534432965527e-08,3.6289971916403374e-08,1.4353183530602109e-08,7.3379689879971011e-08
_2301_,18.809999999999999,63,INV_X1,0,1,1,2.5306578166350846e-08,6.5538834803646751e-08,1.4353183530602109e-08,1.0519859650059971e-07
_2302_,49.399999999999999,42,INV_X1,0,1,1,2.915715313633882e-08,3.0442354415072259e-08,1.4353183530602109e-08,7.3952691082013189e-08
_2303_,20.140000000000001,68.599999999999994,INV_X1,0,1,1,2.7079256170736699e-08,2.4625116168408567e-08,1.4353183530602109e-08,6.6057555869747375e-08
_2304_,16.91,72.799999999999997,INV_X1,0,1,1,2.3923048431129246e-08,4.0155455849344435e-08,1.4353183530602109e-08,7.843168781107579e-08
_2305_,13.300000000000001,70,INV_X1,0,1,1,2.5128782610295275e-08,2.6705672340199271e-08,1.4353183530602109e-08,6.6187638481096656e-08
_2306_,9.3100000000000005,37.799999999999997,INV_X1,0,1,1,2.3502778390138701e-08,2.6462822688699816e-07,1.4353183530602109e-08,3.0248418880773897e-07
_2307_,10.26,63,INV_X1,0,1,1,2.324764913907984e-08,6.5441817298506066e-08,1.4353183530602109e-08,1.0304264996818802e-07
_2308_,39.520000000000003,51.799999999999997,INV_X1,0,1,1,0,0,1.4353183530602109e-08,1.4353183530602109e-08
_2309_,34.200000000000003,47.600000000000001,INV_X1,0,1,1,0,0,1.4353183530602109e-08,1.4353183530602109e-08
_2310_,34.960000000000001,35,INV_X1,0,1,1,0,0,1.4353183530602109e-08,1.4353183530602109e-08
_2311_,24.890000000000001,37.799999999999997,INV_X1,0,1,1,0,0,1.4353183530602109e-08,1.4353183530602109e-08
_2312_,51.299999999999997,32.200000000000003,INV_X1,0,1,1,2.4340856441540382e-08,3.7016910425791139e-08,1.4353183530602109e-08,7.571095039793363e-08
_2313_,51.68,58.799999999999997,INV_X1,0,1,1,2.3257614500948876e-08,2.768648599271728e-08,1.4353183530602109e-08,6.5297284024268265e-08
_2314_,91.390000000000001,43.399999999999999,INV_X1,0,1,1,2.3290880335480324e-08,9.9516313412095769e-08,1.4353183530602109e-08,1.371603772781782e-07
_2315_,11.970000000000001,47.600000000000001,INV_X1,0,1,1,2.3026059281505695e-08,5.1309154258660783e-08,1.4353183530602109e-08,8.8688397070768588e-08
_2316_,12.35,47.600000000000001,INV_X1,0,1,1,2.4190704550619557e-08,1.3008147448090313e-07,1.4353183530602109e-08,1.6862536256212479e-07
_2317_,88.540000000000006,63,INV_X1,0,1,1,2.3272148652608848e-08,5.276345049765041e-08,1.4353183530602109e-08,9.0388782680861368e-08
_2318_,67.260000000000005,103.59999999999999,INV_X1,0,1,1,2.1897902158229954e-08,2.3380099634096041e-08,1.4353183530602109e-08,5.9631185322928104e-08
_2319_,89.109999999999999,82.599999999999994,INV_X1,0,1,1,2.0706927728042501e-08,4.6738986014815964e-08,1.4353183530602109e-08,8.1799097273460575e-08
_2320_,12.35,40.600000000000001,NOR2_X1,0,1,1,2.895874118280517e-08,4.6434376343995609e-08,2.1199545230388139e-08,9.6592662757188918e-08
_2321_,11.4,42,OR2_X1,0,1,1,5.5082445271636971e-08,9.9024582311812992e-08,2.269497301199408e-08,1.7680200059544404e-07
_2322_,17.670000000000002,47.600000000000001,OR3_X1,0,1,1,9.3023984959472727e-08,9.1600099949573632e-08,2.4414624988366995e-08,2.0903870989741336e-07
_2323_,9.3100000000000005,39.200000000000003,OR4_X1,0,1,1,7.8966152727844019e-08,3.0534542361237982e-07,2.6733490088304279e-08,4.1104506642852812e-07
_2324_,11.779999999999999,44.799999999999997,OR2_X1,0,1,1,4.4414843358708822e-08,5.6956196203827858e-08,2.269497301199408e-08,1.2406601257453076e-07
_2325_,8.5500000000000007,37.799999999999997,OR2_X1,0,1,1,3.7571673772163194e-08,3.5060367054029484e-08,2.269497301199408e-08,9.5327013838186758e-08
_2326_,11.210000000000001,35,NOR4_X1,0,1,1,3.1897307906092465e-08,2.2555335377205665e-08,3.2601473520799118e-08,8.7054116804097248e-08
_2327_,5.1299999999999999,44.799999999999997,NAND2_X1,0,1,1,1.7876370606018099e-08,6.3776973036056006e-08,1.7393359641459938e-08,9.9046703283534043e-08
_2328_,8.9299999999999997,51.799999999999997,NOR4_X1,0,1,1,3.0491971614310387e-08,5.515720502557997e-08,3.2601473520799118e-08,1.1825065016068947e-07
_2329_,9.8800000000000008,51.799999999999997,OR4_X1,0,1,1,4.1361239766501967e-08,1.9824540231638821e-08,2.6733490088304279e-08,8.7919270086445067e-08
_2330_,16.530000000000001,63,AND4_X1,0,1,1,4.240059681137609e-08,9.9298787858970172e-08,2.7024803728181723e-08,1.6872418839852799e-07
_2331_,9.8800000000000008,54.600000000000001,NAND4_X1,0,1,1,2.9172815274591812e-08,9.4954678786507429e-08,1.8126844025800892e-08,1.4225433808690013e-07
_2332_,7.4100000000000001,70,NOR2_X1,0,1,1,2.5723437602209742e-08,7.4012660888911341e-08,2.1199545230388139e-08,1.2093564372150922e-07
_2333_,12.16,71.400000000000006,NOR2_X1,0,1,1,1.7364012450116206e-08,5.7270987952051655e-08,2.1199545230388139e-08,9.5834545632556001e-08
_2334_,9.5,70,OR4_X1,0,1,1,2.0301868630667741e-08,2.0505169118223421e-08,2.6733490088304279e-08,6.7540527837195441e-08
_2335_,10.449999999999999,61.600000000000001,OR4_X1,0,1,1,9.1449749106686795e-08,7.655886236079823e-08,2.6733490088304279e-08,1.947421015557893e-07
_2336_,11.210000000000001,65.799999999999997,OR2_X1,0,1,1,5.4847433261784317e-08,5.6631588307709535e-08,2.269497301199408e-08,1.3417399458148793e-07
_2337_,17.100000000000001,70,INV_X1,0,1,1,1.9747433910310974e-08,6.3906021807724755e-08,1.4353183530602109e-08,9.8006639248637839e-08
_2338_,13.68,71.400000000000006,NAND2_X1,0,1,1,9.8801624659472509e-09,4.3626478429814597e-08,1.7393359641459938e-08,7.0900000537221786e-08
_2339_,9.5,79.799999999999997,OAI21_X1,0,1,1,4.9723972495030466e-08,8.2610256413317984e-08,2.2619392581191278e-08,1.5495362148953973e-07
_2340_,13.68,70,NOR4_X1,0,1,1,1.5374729045447566e-08,1.8603437013098301e-08,3.2601473520799118e-08,6.6579639579344985e-08
_2341_,22.23,67.200000000000003,NOR2_X1,0,1,1,3.1880457385113914e-08,1.1295291812984942e-07,2.1199545230388139e-08,1.6603292074535148e-07
_2342_,19.760000000000002,70,NAND2_X1,0,1,1,2.5810475534626676e-08,5.2460794819353396e-08,1.7393359641459938e-08,9.5664629995440009e-08
_2343_,21.09,70,AOI22_X1,0,1,1,7.8747675047452503e-08,2.3153434369760362e-07,3.2611943368010543e-08,3.4289396211306666e-07
_2344_,20.52,68.599999999999994,OAI21_X1,0,1,1,7.1248038580051798e-08,1.8110112876001949e-07,2.2619392581191278e-08,2.7496855992126257e-07
_2345_,26.789999999999999,74.200000000000003,NAND2_X1,0,1,1,3.6297571170962328e-08,6.3068881672734278e-08,1.7393359641459938e-08,1.1675981248515654e-07
_2346_,21.66,71.400000000000006,AND2_X1,0,1,1,5.5983090163636007e-08,2.1869709598831832e-08,2.5066063003009731e-08,1.0291886276547757e-07
_2347_,19.190000000000001,68.599999999999994,NOR3_X1,0,1,1,3.2128728122415851e-08,6.4402399857499404e-08,2.6831667554461092e-08,1.2336279553437635e-07
_2348_,16.34,70,NAND3_X1,0,1,1,1.2364832713274154e-08,2.0298351444125728e-08,1.8104767463000826e-08,5.0767951620400709e-08
_2349_,16.719999999999999,71.400000000000006,AND4_X1,0,1,1,2.1139870298725327e-08,2.4060119230284727e-08,2.7024803728181723e-08,7.2224793257191777e-08
_2350_,13.68,67.200000000000003,XNOR2_X1,0,1,1,8.5544677119742119e-08,8.5810569316890906e-08,3.644100843303022e-08,2.0779625486966324e-07
_2351_,21.850000000000001,72.799999999999997,AOI21_X1,0,1,1,7.9125648255740089e-08,2.4658277197886491e-07,2.7858394702207079e-08,3.5356681493681208e-07
_2352_,30.210000000000001,70,INV_X1,0,1,1,4.5332360087968482e-08,5.6380393687049946e-08,1.4353183530602109e-08,1.1606593730562054e-07
_2353_,20.329999999999998,71.400000000000006,XNOR2_X1,0,1,1,1.01228053495106e-07,2.212605778595389e-07,3.644100843303022e-08,3.5892963978767511e-07
_2354_,17.48,72.799999999999997,AOI21_X1,0,1,1,4.9415948666364784e-08,2.3767960044551728e-08,2.7858394702207079e-08,1.0104230341312359e-07
_2355_,18.809999999999999,72.799999999999997,INV_X1,0,1,1,2.0524899113638639e-08,2.5800355629712612e-08,1.4353183530602109e-08,6.0678438273953361e-08
_2356_,19,71.400000000000006,AND2_X1,0,1,1,5.6959823524493913e-08,2.552319600113151e-08,2.5066063003009731e-08,1.0754908252863515e-07
_2357_,20.329999999999998,70,NAND3_X1,0,1,1,1.4034653439409794e-08,1.153968032241437e-08,1.8104767463000826e-08,4.367910122482499e-08
_2358_,14.82,71.400000000000006,AOI22_X1,0,1,1,7.289560954859553e-08,2.1404278527370479e-07,3.2611943368010543e-08,3.1955033819031087e-07
_2359_,26.219999999999999,71.400000000000006,NOR3_X2,0,1,1,7.5101141305822239e-08,1.4162582218091302e-08,5.366325694922125e-08,1.4292698047313479e-07
_2360_,31.16,68.599999999999994,AND3_X2,0,1,1,1.4182422347630563e-08,8.0434965354925225e-08,5.3190269966307824e-08,1.4780765766886361e-07
_2361_,19.949999999999999,58.799999999999997,AND2_X1,0,1,1,4.8002146257886125e-08,1.2751104350172682e-07,2.5066063003009731e-08,2.0057925276262267e-07
_2362_,12.73,57.399999999999999,NOR4_X1,0,1,1,2.9615771168778338e-08,4.3549725603497791e-08,3.2601473520799118e-08,1.0576697029307525e-07
_2363_,12.539999999999999,60.200000000000003,NOR3_X1,0,1,1,3.556948868776999e-08,6.4156687074046204e-08,2.6831667554461092e-08,1.2655784331627729e-07
_2364_,15.58,61.600000000000001,NOR4_X1,0,1,1,4.0799267964075625e-08,3.92389907233337e-08,3.2601473520799118e-08,1.1263973220820844e-07
_2365_,22.420000000000002,61.600000000000001,OR4_X1,0,1,1,5.513321355010703e-08,2.3623099920655477e-08,2.6733490088304279e-08,1.0548980355906679e-07
_2366_,11.779999999999999,57.399999999999999,NOR4_X1,0,1,1,3.568055717551033e-08,6.7686173110814707e-08,3.2601473520799118e-08,1.3596820380712415e-07
_2367_,12.35,64.400000000000006,AND4_X1,0,1,1,1.7028606080771169e-08,1.5498448746598115e-08,2.7024803728181723e-08,5.9551858555551007e-08
_2368_,8.7400000000000002,64.400000000000006,NAND4_X1,0,1,1,1.2686180994592178e-08,1.4785730861888169e-08,1.8126844025800892e-08,4.5598755882281239e-08
_2369_,12.35,63,OR3_X1,0,1,1,3.7038279998569124e-08,6.9860881524164142e-08,2.4414624988366995e-08,1.3131378651110026e-07
_2370_,11.970000000000001,54.600000000000001,NOR3_X1,0,1,1,5.4592877773984583e-08,4.3949526684627926e-08,2.6831667554461092e-08,1.253740720130736e-07
_2371_,7.9800000000000004,51.799999999999997,NAND4_X1,0,1,1,3.4975919049884396e-08,6.6645647223140259e-08,1.8126844025800892e-08,1.1974841029882555e-07
_2372_,20.899999999999999,58.799999999999997,NOR3_X1,0,1,1,5.5741447013701872e-09,8.6706952728832221e-09,2.6831667554461092e-08,4.1076507528714501e-08
_2373_,13.68,57.399999999999999,OR3_X1,0,1,1,9.2113543459504399e-09,1.5040907186403274e-08,2.4414624988366995e-08,4.8666886520720709e-08
_2374_,15.199999999999999,58.799999999999997,AOI21_X1,0,1,1,4.917865936704402e-08,2.7141819458620375e-08,2.7858394702207079e-08,1.0417887352787147e-07
_2375_,15.58,57.399999999999999,AOI211_X1,0,1,1,5.2072472556119465e-08,1.1267191268871102e-07,3.4565712070389054e-08,1.9931009731521954e-07
_2376_,17.670000000000002,58.799999999999997,OAI211_X1,0,1,1,4.3944798022721443e-08,6.4177640979323769e-08,2.2039131408746471e-08,1.3016157041079168e-07
_2377_,18.050000000000001,57.399999999999999,NOR2_X1,0,1,1,2.5455406671426317e-08,1.3149217181762651e-07,2.1199545230388139e-08,1.7814712371944097e-07
_2378_,28.879999999999999,60.200000000000003,INV_X1,0,1,1,2.0625481766956e-08,5.4563887630365571e-08,1.4353183530602109e-08,8.954255292792368e-08
_2379_,26.41,57.399999999999999,NOR2_X1,0,1,1,3.6790240187656309e-08,2.0056376115462626e-07,2.1199545230388139e-08,2.5855354657267071e-07
_2380_,27.359999999999999,54.600000000000001,NAND2_X1,0,1,1,3.3153320089240879e-08,2.7729942075893632e-07,1.7393359641459938e-08,3.2784610048963714e-07
_2381_,19.190000000000001,67.200000000000003,NOR4_X1,0,1,1,2.0384808507856178e-08,1.6179336981281267e-08,3.2601473520799118e-08,6.9165619009936563e-08
_2382_,15.01,60.200000000000003,NAND4_X1,0,1,1,1.5327481506233198e-08,1.0531409522229751e-08,1.8126844025800892e-08,4.3985735054263841e-08
_2383_,10.83,56,AOI211_X1,0,1,1,5.1008544943442757e-08,2.2092587315114542e-08,3.4565712070389054e-08,1.0766684432894635e-07
_2384_,18.809999999999999,56,NOR2_X1,0,1,1,3.2346790135306946e-08,4.4411468280713962e-08,2.1199545230388139e-08,9.7957803646409047e-08
_2385_,18.620000000000001,57.399999999999999,NOR4_X4,0,1,1,1.8908700383235555e-07,3.5231488482168061e-07,1.3040515511875128e-07,6.7180704377278744e-07
_2386_,19.379999999999999,56,OR4_X2,0,1,1,1.2507108237969078e-07,8.5107143377172179e-07,5.3869506189130334e-08,1.0300120223405429e-06
_2387_,33.060000000000002,65.799999999999997,NAND2_X1,0,1,1,3.0253314520223284e-08,4.137275411153496e-08,1.7393359641459938e-08,8.9019428273218182e-08
_2388_,7.79,61.600000000000001,OR2_X1,0,1,1,3.1355153140566472e-08,2.6383503382021445e-08,2.269497301199408e-08,8.0433629534581996e-08
_2389_,8.1699999999999999,65.799999999999997,NOR2_X1,0,1,1,2.4779343021918976e-08,2.9071150819959257e-08,2.1199545230388139e-08,7.5050039072266372e-08
_2390_,1.71,67.200000000000003,NAND3_X1,0,1,1,4.1198191524927097e-09,5.8851949980009977e-09,1.8104767463000826e-08,2.8109781613494533e-08
_2391_,9.5,67.200000000000003,NOR3_X1,0,1,1,1.8409068047731125e-08,3.4707397844613297e-08,2.6831667554461092e-08,7.9948133446805514e-08
_2392_,10.26,67.200000000000003,NOR4_X1,0,1,1,1.4085798305529806e-08,9.6264809457125011e-09,3.2601473520799118e-08,5.6313752772041425e-08
_2393_,16.530000000000001,77,NAND2_X1,0,1,1,3.4521555392075243e-08,6.9709017225250136e-08,1.7393359641459938e-08,1.2162393225878532e-07
_2394_,11.02,72.799999999999997,OAI211_X1,0,1,1,4.9997449735883492e-08,6.8041252632156102e-08,2.2039131408746471e-08,1.4007783377678606e-07
_2395_,12.539999999999999,72.799999999999997,NAND2_X1,0,1,1,3.8158848525426947e-08,5.2312760345785136e-08,1.7393359641459938e-08,1.0786496851267202e-07
_2396_,8.5500000000000007,79.799999999999997,AND2_X1,0,1,1,1.1348445383418948e-07,7.974745130923111e-07,2.5066063003009731e-08,9.3602502992951031e-07
_2397_,13.109999999999999,72.799999999999997,NAND2_X1,0,1,1,5.6819956739673216e-08,7.2534351147623966e-07,1.7393359641459938e-08,7.9955682785737281e-07
_2398_,17.859999999999999,71.400000000000006,XOR2_X1,0,1,1,1.2377915936667705e-07,7.8576128714757942e-08,3.6163719130399841e-08,2.3851900721183483e-07
_2399_,15.77,72.799999999999997,XNOR2_X1,0,1,1,1.2157670425949618e-07,8.4511398767972423e-08,3.644100843303022e-08,2.4252911146049883e-07
_2400_,34.770000000000003,72.799999999999997,NOR2_X1,0,1,1,4.7054371066224121e-08,1.4960733096813783e-07,2.1199545230388139e-08,2.1786124726475009e-07
_2401_,35.149999999999999,74.200000000000003,NAND2_X1,0,1,1,4.5877349919010157e-08,2.1930590321517229e-07,1.7393359641459938e-08,2.8257661277564239e-07
_2402_,34.009999999999998,65.799999999999997,NAND2_X1,0,1,1,3.6152769666841778e-08,5.1406335188630692e-08,1.7393359641459938e-08,1.0495246449693241e-07
_2403_,32.490000000000002,64.400000000000006,NAND3_X1,0,1,1,4.3024648732625792e-08,1.0400129468735031e-07,1.8104767463000826e-08,1.6513071088297693e-07
_2404_,28.879999999999999,64.400000000000006,AOI21_X1,0,1,1,6.0866227613587398e-08,6.6579197266491974e-08,2.7858394702207079e-08,1.5530381958228645e-07
_2405_,34.390000000000001,58.799999999999997,NAND2_X1,0,1,1,3.7719254386558987e-09,1.120220716188669e-08,1.7393359641459938e-08,3.2367492242002527e-08
_2406_,26.030000000000001,64.400000000000006,NOR2_X1,0,1,1,3.1480801965244609e-08,8.1908694937737891e-08,2.1199545230388139e-08,1.3458904213337064e-07
_2407_,22.039999999999999,57.399999999999999,OR2_X1,0,1,1,5.9787559791857348e-08,1.1641639474646581e-07,2.269497301199408e-08,1.9889892755031724e-07
_2408_,26.98,57.399999999999999,NAND2_X1,0,1,1,2.4056420855345095e-08,8.6334608795368695e-08,1.7393359641459938e-08,1.2778438929217373e-07
_2409_,35.530000000000001,53.200000000000003,NOR2_X1,0,1,1,2.1338162348172318e-09,1.2124303339078324e-08,2.1199545230388139e-08,3.5457664804283695e-08
_2410_,34.960000000000001,56,OR2_X1,0,1,1,3.9132790341511736e-09,3.0620817881299445e-08,2.269497301199408e-08,5.7229069927444698e-08
_2411_,7.2199999999999998,65.799999999999997,NAND2_X1,0,1,1,1.6671897640208044e-08,4.3226084045500102e-08,1.7393359641459938e-08,7.7291341327168084e-08
_2412_,7.4100000000000001,64.400000000000006,NAND2_X1,0,1,1,2.9269354939742698e-08,9.1179032324362197e-08,1.7393359641459938e-08,1.3784174690556483e-07
_2413_,7.4100000000000001,60.200000000000003,AOI21_X1,0,1,1,4.395674224610957e-08,4.5998820752402025e-08,2.7858394702207079e-08,1.1781395770071867e-07
_2414_,12.16,60.200000000000003,INV_X1,0,1,1,1.8679326529991158e-08,2.8314262934259204e-08,1.4353183530602109e-08,6.1346772994852472e-08
_2415_,8.1699999999999999,60.200000000000003,AOI21_X1,0,1,1,9.6329152654561767e-08,5.2655028781600777e-08,2.7858394702207079e-08,1.7684257613836962e-07
_2416_,85.879999999999995,36.399999999999999,NAND2_X1,0,1,1,6.3730929866778752e-08,2.5347869581082705e-08,1.7393359641459938e-08,1.0647215908932139e-07
_2417_,8.5500000000000007,56,NAND2_X1,0,1,1,3.118633529197723e-08,7.3376391185320244e-08,1.7393359641459938e-08,1.2195608611875741e-07
_2418_,15.01,47.600000000000001,XNOR2_X1,0,1,1,1.2229244816808205e-07,4.85769326985519e-08,3.644100843303022e-08,2.0731038929966417e-07
_2419_,91.959999999999994,19.600000000000001,NAND2_X1,0,1,1,2.6626775451177309e-08,2.6009447040564737e-08,1.7393359641459938e-08,7.0029582133201984e-08
_2420_,84.739999999999995,16.800000000000001,NOR2_X1,0,1,1,6.4024682444596692e-08,4.1602618239267031e-08,2.1199545230388139e-08,1.2682684591425186e-07
_2421_,7.79,54.600000000000001,NAND2_X1,0,1,1,4.0140811563560419e-08,2.442527247126236e-08,1.7393359641459938e-08,8.1959443676282717e-08
_2422_,1.71,47.600000000000001,OR4_X1,0,1,1,5.4277879968367415e-08,1.4124312031071895e-07,2.6733490088304279e-08,2.2225449036739064e-07
_2423_,6.0800000000000001,54.600000000000001,OAI21_X1,0,1,1,4.7313882589605782e-08,2.4564103640045687e-08,2.2619392581191278e-08,9.4497378810842747e-08
_2424_,6.6500000000000004,53.200000000000003,INV_X1,0,1,1,2.1467601030167316e-08,2.5329125463713353e-08,1.4353183530602109e-08,6.1149910024482779e-08
_2425_,7.0300000000000002,54.600000000000001,OAI21_X1,0,1,1,8.8952376131601341e-08,1.0920465598474038e-07,2.2619392581191278e-08,2.20776424697533e-07
_2426_,81.510000000000005,16.800000000000001,OR2_X1,0,1,1,1.0339056899510979e-07,6.0279106151028827e-08,2.269497301199408e-08,1.863646481581327e-07
_2427_,1.3300000000000001,57.399999999999999,NAND2_X1,0,1,1,3.1269490108343234e-08,5.0042412880202392e-08,1.7393359641459938e-08,9.8705262630005564e-08
_2428_,8.7400000000000002,50.399999999999999,XNOR2_X1,0,1,1,1.2243975788805983e-07,9.6224994194926694e-08,3.644100843303022e-08,2.5510576051601674e-07
_2429_,69.349999999999994,9.8000000000000007,INV_X1,0,1,1,5.0779050297933281e-08,1.1205835903638217e-07,1.4353183530602109e-08,1.7719059286491756e-07
_2430_,74.480000000000004,16.800000000000001,NAND2_X1,0,1,1,2.5477326914824516e-08,2.4317529323525378e-08,1.7393359641459938e-08,6.7188215879809832e-08
_2431_,76.569999999999993,7,NOR2_X1,0,1,1,6.197474533564673e-08,7.6419915728820342e-08,2.1199545230388139e-08,1.5959420629485521e-07
_2432_,17.859999999999999,49,NOR3_X1,0,1,1,2.1783781889439524e-08,1.894283485626147e-08,2.6831667554461092e-08,6.7558284300162086e-08
_2433_,12.539999999999999,51.799999999999997,OAI211_X1,0,1,1,5.0765759596060889e-08,5.9652904838003451e-08,2.2039131408746471e-08,1.3245779584281081e-07
_2434_,12.16,49,OAI21_X1,0,1,1,8.9928100521774468e-08,9.0098588145792746e-08,2.2619392581191278e-08,2.0264608124875849e-07
_2435_,62.509999999999998,1.3999999999999999,AND2_X1,0,1,1,4.4979962865454581e-08,5.2388678284387424e-08,2.5066063003009731e-08,1.2243470415285174e-07
_2436_,76.189999999999998,9.8000000000000007,OR2_X1,0,1,1,1.0414546380843603e-07,1.1517716558273605e-07,2.269497301199408e-08,2.4201760240316617e-07
_2437_,11.02,44.799999999999997,OAI21_X1,0,1,1,4.4691077505376597e-08,6.3793599736072792e-08,2.2619392581191278e-08,1.3110406982264067e-07
_2438_,12.539999999999999,44.799999999999997,AOI21_X1,0,1,1,5.5652886743473573e-08,3.427981809522862e-08,2.7858394702207079e-08,1.1779109954090927e-07
_2439_,9.8800000000000008,47.600000000000001,OAI22_X1,0,1,1,7.9283047682565666e-08,6.4248311559822469e-08,3.4026122364139155e-08,1.7755748160652729e-07
_2440_,40.280000000000001,12.6,AND2_X1,0,1,1,3.9886408842448873e-08,4.0623934438599463e-08,2.5066063003009731e-08,1.0557640628405807e-07
_2441_,37.810000000000002,4.2000000000000002,OR2_X1,0,1,1,9.0048743572879175e-08,7.6439334861788666e-08,2.269497301199408e-08,1.8918305144666192e-07
_2442_,7.9800000000000004,42,OR2_X1,0,1,1,5.6190472719208628e-08,1.1565754221010138e-07,2.269497301199408e-08,1.9454298794130409e-07
_2443_,9.8800000000000008,42,AOI21_X1,0,1,1,4.2021913060352745e-08,4.2930857091505459e-08,2.7858394702207079e-08,1.1281116485406528e-07
_2444_,12.73,33.600000000000001,AOI21_X1,0,1,1,8.3431281439061422e-08,3.6816433635067369e-07,2.7858394702207079e-08,4.7945401249194219e-07
_2445_,11.779999999999999,40.600000000000001,NAND2_X1,0,1,1,3.29324230108341e-08,5.9319340550700872e-08,1.7393359641459938e-08,1.0964512320299491e-07
_2446_,11.779999999999999,36.399999999999999,XNOR2_X1,0,1,1,1.0784083315229509e-07,3.3113926178884867e-07,3.644100843303022e-08,4.7542110337417398e-07
_2447_,17.48,28,INV_X1,0,1,1,4.745611548173656e-08,1.2771015178714151e-07,1.4353183530602109e-08,1.8951945079948018e-07
_2448_,20.140000000000001,16.800000000000001,AND2_X1,0,1,1,4.9982929795078235e-08,5.2570847230981599e-08,2.5066063003009731e-08,1.2761984002906956e-07
_2449_,19.379999999999999,16.800000000000001,OR2_X1,0,1,1,8.5645062597450305e-08,9.4081606505369564e-08,2.269497301199408e-08,2.0242164211481395e-07
_2450_,12.73,42,OR2_X1,0,1,1,4.4851958591607399e-08,3.1573797798500891e-08,2.269497301199408e-08,9.912072940210237e-08
_2451_,12.92,40.600000000000001,AND2_X1,0,1,1,5.5362118445145825e-08,3.3296295498530526e-08,2.5066063003009731e-08,1.1372447694668608e-07
_2452_,11.970000000000001,39.200000000000003,NAND2_X1,0,1,1,3.7402948294129601e-08,3.1958059309999953e-08,1.7393359641459938e-08,8.6754367245589492e-08
_2453_,10.640000000000001,42,OAI21_X1,0,1,1,8.013050489807938e-08,3.6929651514583384e-07,2.2619392581191278e-08,4.7204641262510449e-07
_2454_,11.210000000000001,26.600000000000001,INV_X1,0,1,1,5.1732090611267267e-08,1.1201640148783554e-07,1.4353183530602109e-08,1.7810167562970491e-07
_2455_,17.670000000000002,22.399999999999999,NAND2_X1,0,1,1,3.220964828187789e-08,2.2473885863405485e-08,1.7393359641459938e-08,7.2076893786743312e-08
_2456_,20.899999999999999,25.199999999999999,NOR2_X1,0,1,1,5.2805948058676222e-08,3.9397590967382712e-08,2.1199545230388139e-08,1.1340308425644707e-07
_2457_,14.06,44.799999999999997,NAND2_X1,0,1,1,3.4669437098955314e-08,4.2258214705270802e-08,1.7393359641459938e-08,9.4321011445686054e-08
_2458_,12.92,49,NAND2_X1,0,1,1,3.0141954709961283e-08,5.6982880636269329e-08,1.7393359641459938e-08,1.0451819498769055e-07
_2459_,7.79,39.200000000000003,MUX2_X1,0,1,1,1.1943005517878191e-07,3.0473159995381138e-07,3.5928387376316095e-08,4.6009004250890939e-07
_2460_,24.699999999999999,36.399999999999999,INV_X1,0,1,1,3.4136576232413063e-08,8.5663081961229182e-08,1.4353183530602109e-08,1.3415284172424435e-07
_2461_,20.899999999999999,32.200000000000003,NAND2_X1,0,1,1,2.8100235027750387e-08,6.0696685011407681e-08,1.7393359641459938e-08,1.06190279680618e-07
_2462_,19.760000000000002,32.200000000000003,INV_X1,0,1,1,1.8707947191387575e-08,4.3220651946285216e-08,1.4353183530602109e-08,7.62817826682749e-08
_2463_,19,46.200000000000003,NAND2_X1,0,1,1,3.0892277180782912e-08,6.9510811329109856e-08,1.7393359641459938e-08,1.1779644815135271e-07
_2464_,18.620000000000001,49,OAI21_X1,0,1,1,3.6825593241474053e-08,1.1182030412726363e-08,2.2619392581191278e-08,7.0627016235391693e-08
_2465_,18.620000000000001,47.600000000000001,AND3_X1,0,1,1,4.696009980875715e-08,7.4550158046804427e-08,2.6481458803573332e-08,1.4799171665913491e-07
_2466_,22.23,47.600000000000001,AND2_X1,0,1,1,4.7834571859084463e-08,7.1066807549868827e-08,2.5066063003009731e-08,1.4396744241196302e-07
_2467_,19.760000000000002,54.600000000000001,OR2_X1,0,1,1,6.1226366199207405e-08,1.4140147186481045e-07,2.269497301199408e-08,2.2532281107601193e-07
_2468_,31.539999999999999,40.600000000000001,INV_X1,0,1,1,2.2528544363353831e-08,3.3679896205285331e-08,1.4353183530602109e-08,7.0561624099241271e-08
_2469_,22.609999999999999,44.799999999999997,AND2_X1,0,1,1,1.6710625772020649e-08,3.4041821805885775e-08,2.5066063003009731e-08,7.5818510580916154e-08
_2470_,23.75,50.399999999999999,NAND2_X1,0,1,1,1.1623857432141449e-08,2.1862723187382471e-08,1.7393359641459938e-08,5.0879940260983858e-08
_2471_,21.280000000000001,51.799999999999997,XOR2_X1,0,1,1,6.8344903070283181e-08,1.2130064419579867e-07,3.6163719130399841e-08,2.2580926639648169e-07
_2472_,20.140000000000001,53.200000000000003,XNOR2_X1,0,1,1,6.7099925615821121e-08,1.7438335930819449e-07,3.644100843303022e-08,2.7792429335704583e-07
_2473_,33.439999999999998,46.200000000000003,NAND2_X1,0,1,1,2.3787775305095238e-08,4.7739618480591162e-08,1.7393359641459938e-08,8.8920753427146337e-08
_2474_,27.359999999999999,49,NAND2_X1,0,1,1,2.9283016900194525e-08,3.2675874450660558e-08,1.7393359641459938e-08,7.9352250992315021e-08
_2475_,30.210000000000001,43.399999999999999,OAI211_X1,0,1,1,1.3472010174098159e-08,1.3701552781242299e-08,2.2039131408746471e-08,4.9212694364086929e-08
_2476_,27.359999999999999,46.200000000000003,NAND2_X1,0,1,1,2.2878776206880502e-08,2.9948857616091118e-08,1.7393359641459938e-08,7.0220993464431558e-08
_2477_,22.420000000000002,46.200000000000003,NOR3_X1,0,1,1,6.1966801467860932e-08,7.9232400196360686e-08,2.6831667554461092e-08,1.6803086921868271e-07
_2478_,23.940000000000001,44.799999999999997,AOI21_X1,0,1,1,2.9759366526604936e-08,5.5346347949125629e-08,2.7858394702207079e-08,1.1296410917793764e-07
_2479_,22.989999999999998,42,NOR2_X1,0,1,1,2.1097548597026616e-08,3.2458022047876511e-08,2.1199545230388139e-08,7.4755115875291267e-08
_2480_,23.370000000000001,49,XNOR2_X1,0,1,1,1.0060145427814859e-07,1.9747282919979625e-07,3.644100843303022e-08,3.3451529191097507e-07
_2481_,19.379999999999999,44.799999999999997,XOR2_X1,0,1,1,1.027032681122364e-07,2.0825437729854457e-07,3.6163719130399841e-08,3.4712136454118081e-07
_2482_,17.100000000000001,30.800000000000001,NOR2_X1,0,1,1,1.2739667987204939e-08,2.3396536263931011e-08,2.1199545230388139e-08,5.733574948152409e-08
_2483_,14.44,35,OAI21_X1,0,1,1,1.788765402466197e-08,1.3976048762742721e-08,2.2619392581191278e-08,5.4483095368595968e-08
_2484_,21.469999999999999,42,NOR3_X1,0,1,1,7.1821276037553616e-08,1.308155503920716e-07,2.6831667554461092e-08,2.2946849398408631e-07
_2485_,21.469999999999999,39.200000000000003,NOR2_X1,0,1,1,2.4316259228385206e-08,1.7774343774590307e-08,2.1199545230388139e-08,6.3290148233363652e-08
_2486_,20.329999999999998,39.200000000000003,NOR2_X1,0,1,1,2.7366839461251402e-08,2.634489604247392e-08,2.1199545230388139e-08,7.4911280734113461e-08
_2487_,22.989999999999998,32.200000000000003,OAI21_X1,0,1,1,3.7806632491310666e-08,6.4746934924642119e-08,2.2619392581191278e-08,1.2517295999714406e-07
_2488_,20.329999999999998,33.600000000000001,NOR2_X1,0,1,1,3.9716752553431434e-08,3.0827681740674961e-08,2.1199545230388139e-08,9.1743979524494534e-08
_2489_,30.02,40.600000000000001,NAND2_X1,0,1,1,3.7588552714851176e-08,9.3748965923623473e-08,1.7393359641459938e-08,1.4873087827993459e-07
_2490_,19,32.200000000000003,AOI21_X1,0,1,1,5.3179498138433701e-08,8.087217651109313e-08,2.7858394702207079e-08,1.6191006935173391e-07
_2491_,19,23.800000000000001,OAI21_X1,0,1,1,5.2695039443051428e-08,1.2652286329739582e-07,2.2619392581191278e-08,2.0183729532163852e-07
_2492_,18.43,14,AOI21_X1,0,1,1,5.9884804670673475e-08,3.5355053995544949e-08,2.7858394702207079e-08,1.230982533684255e-07
_2493_,26.219999999999999,19.600000000000001,AOI211_X1,0,1,1,6.1870501610883366e-08,7.9279026010681264e-08,3.4565712070389054e-08,1.7571523969195368e-07
_2494_,16.34,15.4,NOR2_X1,0,1,1,4.073809023452668e-08,1.0478615308784356e-07,2.1199545230388139e-08,1.6672378855275838e-07
_2495_,17.48,18.199999999999999,NOR2_X1,0,1,1,1.9520594918276402e-08,7.4879928035898047e-08,2.1199545230388139e-08,1.1560006818456259e-07
_2496_,19,8.4000000000000004,OAI21_X1,0,1,1,3.3787475928193089e-08,5.0928630201951819e-08,2.2619392581191278e-08,1.0733549871133619e-07
_2497_,15.01,36.399999999999999,XNOR2_X1,0,1,1,1.0571372399681422e-07,3.4776945767589496e-07,3.644100843303022e-08,4.899241901057394e-07
_2498_,19.379999999999999,7,INV_X1,0,1,1,5.3929166909938431e-08,3.7307007261233593e-08,1.4353183530602109e-08,1.0558935770177413e-07
_2499_,24.699999999999999,1.3999999999999999,NOR3_X1,0,1,1,4.1414477180978793e-08,4.1315775689554357e-08,2.6831667554461092e-08,1.0956192042499424e-07
_2500_,18.050000000000001,8.4000000000000004,OR3_X1,0,1,1,6.617811720843747e-08,5.0626063341496774e-08,2.4414624988366995e-08,1.4121880553830124e-07
_2501_,19.760000000000002,7,OAI21_X1,0,1,1,4.63882585677311e-08,9.6422496653758571e-08,2.2619392581191278e-08,1.6543014780268095e-07
_2502_,35.909999999999997,5.5999999999999996,NAND2_X1,0,1,1,2.9615591756737558e-08,2.3595099207796011e-08,1.7393359641459938e-08,7.0604050605993507e-08
_2503_,37.240000000000002,5.5999999999999996,AOI21_X1,0,1,1,4.9777344912627086e-08,9.8101637036052125e-08,2.7858394702207079e-08,1.7573737665088629e-07
_2504_,8.7400000000000002,42,XNOR2_X1,0,1,1,1.0280938056439481e-07,5.1645066889705049e-08,3.644100843303022e-08,1.9089545588713008e-07
_2505_,55.670000000000002,5.5999999999999996,NAND2_X1,0,1,1,2.8044233602031454e-08,2.926386777346579e-08,1.7393359641459938e-08,7.4701461016957182e-08
_2506_,61.939999999999998,9.8000000000000007,NOR2_X1,0,1,1,4.6155172128692357e-08,5.181003714938015e-08,2.1199545230388139e-08,1.1916475450846065e-07
_2507_,64.030000000000001,1.3999999999999999,AOI21_X1,0,1,1,5.9319706480209788e-08,1.0528219007710504e-07,2.7858394702207079e-08,1.9246029125952191e-07
_2508_,68.969999999999999,2.7999999999999998,NAND2_X1,0,1,1,3.1601629757460614e-08,4.1986311316577485e-08,1.7393359641459938e-08,9.0981300715498037e-08
_2509_,70.680000000000007,5.5999999999999996,AOI21_X1,0,1,1,5.5514995267458289e-08,7.72190844600118e-08,2.7858394702207079e-08,1.6059247442967717e-07
_2510_,70.489999999999995,14,OAI21_X1,0,1,1,4.7235534594847195e-08,8.3775795189922064e-08,2.2619392581191278e-08,1.5363072236596054e-07
_2511_,84.359999999999999,12.6,AND2_X1,0,1,1,4.1920696247643718e-08,1.711784491931212e-08,2.5066063003009731e-08,8.4104604169965569e-08
_2512_,85.120000000000005,12.6,AOI21_X1,0,1,1,4.4966029122406326e-08,5.5456887082527828e-08,2.7858394702207079e-08,1.2828131090714123e-07
_2513_,85.310000000000002,16.800000000000001,OAI21_X1,0,1,1,4.6699703659669467e-08,8.2004298462834413e-08,2.2619392581191278e-08,1.5132339470369516e-07
_2514_,86.450000000000003,36.399999999999999,AND2_X1,0,1,1,5.6110508239726187e-08,8.0034425309349899e-08,2.5066063003009731e-08,1.6121099655208582e-07
_2515_,86.640000000000001,42,NOR2_X1,0,1,1,2.3170283469653441e-08,3.2475753641847405e-08,2.1199545230388139e-08,7.6845582341888985e-08
_2516_,87.019999999999996,43.399999999999999,OR2_X1,0,1,1,5.6632586620253278e-08,1.7280539665875949e-08,2.269497301199408e-08,9.6608099298123307e-08
_2517_,88.159999999999997,42,AND2_X1,0,1,1,3.3834353985184862e-08,6.6518872188225941e-08,2.5066063003009731e-08,1.2541928917642053e-07
_2518_,90.629999999999995,49,NOR3_X1,0,1,1,4.4788777131543611e-08,8.1224435177773557e-08,2.6831667554461092e-08,1.5284487986377826e-07
_2519_,9.3100000000000005,61.600000000000001,XOR2_X1,0,1,1,1.2367080159947363e-07,4.9826513759398949e-07,3.6163719130399841e-08,6.5809965832386297e-07
_2520_,5.1299999999999999,63,XNOR2_X1,0,1,1,1.2029121876366844e-07,5.022948812438699e-07,3.644100843303022e-08,6.5902710844056855e-07
_2521_,87.019999999999996,50.399999999999999,NOR2_X1,0,1,1,3.827772943054697e-08,7.7160422051747446e-08,2.1199545230388139e-08,1.3663769671268255e-07
_2522_,87.969999999999999,46.200000000000003,INV_X1,0,1,1,2.3859868747422297e-08,2.3294886020153172e-08,1.4353183530602109e-08,6.1507938298177578e-08
_2523_,87.969999999999999,51.799999999999997,OAI21_X1,0,1,1,2.8604723922853736e-08,3.5599253322970981e-08,2.2619392581191278e-08,8.6823369827015995e-08
_2524_,89.680000000000007,53.200000000000003,INV_X1,0,1,1,1.2926522963141451e-08,2.6268283548347426e-08,1.4353183530602109e-08,5.3547990042090987e-08
_2525_,5.7000000000000002,67.200000000000003,NAND3_X1,0,1,1,2.1438744113311259e-08,2.9302123394359114e-08,1.8104767463000826e-08,6.8845634970671199e-08
_2526_,2.8500000000000001,65.799999999999997,NAND2_X1,0,1,1,3.0172568443731507e-08,6.384105688539421e-08,1.7393359641459938e-08,1.1140698497058565e-07
_2527_,5.8899999999999997,74.200000000000003,OR2_X1,0,1,1,2.9739515738924638e-08,3.1168717384844058e-08,2.269497301199408e-08,8.3603206135762775e-08
_2528_,4.1799999999999997,74.200000000000003,AOI21_X1,0,1,1,4.4202344895438728e-08,6.1771395110099547e-08,2.7858394702207079e-08,1.3383213470774535e-07
_2529_,13.869999999999999,77,INV_X1,0,1,1,1.8341777874297804e-08,5.5994302528006301e-08,1.4353183530602109e-08,8.8689263932906215e-08
_2530_,8.5500000000000007,71.400000000000006,AOI21_X1,0,1,1,9.4751115398139518e-08,4.0452482608088758e-07,2.7858394702207079e-08,5.2713433618123418e-07
_2531_,2.4700000000000002,74.200000000000003,OAI21_X1,0,1,1,8.746847157681259e-08,5.6540011428296566e-07,2.2619392581191278e-08,6.7548797844096953e-07
_2532_,87.590000000000003,50.399999999999999,NOR3_X1,0,1,1,4.2938104627410212e-08,8.5278294648105657e-08,2.6831667554461092e-08,1.5504806682997696e-07
_2533_,91.579999999999998,57.399999999999999,OAI21_X1,0,1,1,4.6761098104752818e-08,4.2402653832596116e-08,2.2619392581191278e-08,1.1178314451854021e-07
_2534_,88.730000000000004,57.399999999999999,OR2_X1,0,1,1,6.1831130437894899e-08,7.827242853863936e-08,2.269497301199408e-08,1.6279853198852834e-07
_2535_,88.730000000000004,58.799999999999997,NAND2_X1,0,1,1,1.8316372418780702e-08,2.9662018619092123e-08,1.7393359641459938e-08,6.5371750679332763e-08
_2536_,5.8899999999999997,70,XNOR2_X1,0,1,1,1.1876508665409347e-07,6.7790054458782834e-08,3.644100843303022e-08,2.2299614954590652e-07
_2537_,76.189999999999998,56,INV_X1,0,1,1,4.3291493057040498e-08,1.9396651396164089e-07,1.4353183530602109e-08,2.5161119054928349e-07
_2538_,89.680000000000007,56,NAND2_X1,0,1,1,5.8270387626180309e-08,1.1201107952274469e-07,1.7393359641459938e-08,1.8767482679038494e-07
_2539_,93.290000000000006,64.400000000000006,INV_X1,0,1,1,3.8065063989733972e-08,6.2059704930561566e-08,1.4353183530602109e-08,1.1447795245089765e-07
_2540_,90.25,56,NAND2_X1,0,1,1,2.9753694619216731e-08,3.727440756051692e-08,1.7393359641459938e-08,8.4421461821193589e-08
_2541_,17.859999999999999,65.799999999999997,AND2_X1,0,1,1,6.3938450978184846e-08,4.7288708060477802e-08,2.5066063003009731e-08,1.3629322204167238e-07
_2542_,1.3300000000000001,60.200000000000003,NAND4_X1,0,1,1,2.6905389916009881e-08,3.860175112890829e-08,1.8126844025800892e-08,8.3633985070719064e-08
_2543_,11.970000000000001,68.599999999999994,AOI211_X1,0,1,1,5.82507482249639e-08,4.8225086146658214e-08,3.4565712070389054e-08,1.4104154644201117e-07
_2544_,22.039999999999999,68.599999999999994,NOR2_X1,0,1,1,5.8362534360867357e-08,5.793528146114113e-08,2.1199545230388139e-08,1.3749736105239663e-07
_2545_,22.609999999999999,68.599999999999994,OR2_X1,0,1,1,1.0756323121086098e-07,1.816113552877141e-07,2.269497301199408e-08,3.1186955951056916e-07
_2546_,85.120000000000005,58.799999999999997,XNOR2_X1,0,1,1,1.4337470588543511e-07,8.623137404129011e-08,3.644100843303022e-08,2.6604708835975543e-07
_2547_,89.489999999999995,58.799999999999997,XNOR2_X1,0,1,1,1.3208034488343401e-07,6.5600161747170205e-08,3.644100843303022e-08,2.3412151506363443e-07
_2548_,89.870000000000005,51.799999999999997,AND2_X1,0,1,1,4.0534061440666846e-08,3.7726586299413611e-08,2.5066063003009731e-08,1.0332671074309019e-07
_2549_,95.189999999999998,54.600000000000001,NAND2_X1,0,1,1,2.5984448370763857e-08,1.6540097291795064e-08,1.7393359641459938e-08,5.9917905304018859e-08
_2550_,99.939999999999998,47.600000000000001,AND2_X1,0,1,1,3.9332480383791335e-08,1.9834750730751693e-08,2.5066063003009731e-08,8.4233294117552759e-08
_2551_,93.099999999999994,47.600000000000001,OR2_X1,0,1,1,1.1045885628391261e-07,5.0757911651544418e-08,2.269497301199408e-08,1.8391174094745111e-07
_2552_,85.120000000000005,21,NOR2_X1,0,1,1,5.9139821928511083e-08,1.9568416576021264e-07,2.1199545230388139e-08,2.7602353291911186e-07
_2553_,81.319999999999993,12.6,INV_X1,0,1,1,4.2033931890728127e-08,5.2050193488639707e-08,1.4353183530602109e-08,1.0843730890996994e-07
_2554_,78.280000000000001,9.8000000000000007,NOR2_X1,0,1,1,6.276389541426397e-08,4.6137401454870997e-08,2.1199545230388139e-08,1.3010084209952311e-07
_2555_,56.43,2.7999999999999998,NAND2_X1,0,1,1,2.8667843210428146e-08,2.5527388203272494e-08,1.7393359641459938e-08,7.1588591055160578e-08
_2556_,36.670000000000002,1.3999999999999999,NAND2_X1,0,1,1,2.2315465031397252e-08,2.8949129315947175e-08,1.7393359641459938e-08,6.8657953988804366e-08
_2557_,38.57,1.3999999999999999,NOR2_X1,0,1,1,5.4322001119544439e-08,7.7476130400100374e-08,2.1199545230388139e-08,1.5299767675003295e-07
_2558_,11.4,8.4000000000000004,OR2_X1,0,1,1,8.7750123611840536e-08,6.0848002192415152e-08,2.269497301199408e-08,1.7129309881624977e-07
_2559_,24.510000000000002,49,AND2_X1,0,1,1,2.4738792347989147e-08,3.1044802284441175e-08,2.5066063003009731e-08,8.0849657635440053e-08
_2560_,31.920000000000002,43.399999999999999,NAND2_X1,0,1,1,2.3194694165340479e-08,5.6992345065509653e-08,1.7393359641459938e-08,9.758039887231007e-08
_2561_,29.260000000000002,50.399999999999999,NAND2_X1,0,1,1,2.5913600154581218e-08,2.3846515873060525e-08,1.7393359641459938e-08,6.7153475669101681e-08
_2562_,28.5,47.600000000000001,OAI211_X1,0,1,1,4.8620578674274384e-09,5.280106574190313e-09,2.2039131408746471e-08,3.2181295850364222e-08
_2563_,23.940000000000001,47.600000000000001,NAND2_X1,0,1,1,2.0398754685402309e-08,3.6273107184570108e-08,1.7393359641459938e-08,7.4065221511432355e-08
_2564_,28.690000000000001,40.600000000000001,NOR3_X1,0,1,1,5.0851568289544957e-08,9.3117797916875134e-08,2.6831667554461092e-08,1.7080103376088118e-07
_2565_,24.510000000000002,54.600000000000001,AOI21_X1,0,1,1,2.9228846898377014e-08,3.7032993560615068e-08,2.7858394702207079e-08,9.4120235161199162e-08
_2566_,22.989999999999998,37.799999999999997,NOR3_X1,0,1,1,4.811713694152786e-08,8.1638653171012265e-08,2.6831667554461092e-08,1.5658745766700122e-07
_2567_,17.100000000000001,33.600000000000001,INV_X1,0,1,1,2.8265208840139167e-08,1.3977950175103615e-07,1.4353183530602109e-08,1.8239789412177743e-07
_2568_,23.75,37.799999999999997,OAI21_X1,0,1,1,1.1682280032232484e-08,1.2918639491488193e-08,2.2619392581191278e-08,4.7220312104911955e-08
_2569_,18.43,32.200000000000003,NAND2_X1,0,1,1,4.6577174117601317e-08,1.7278603081649635e-07,1.7393359641459938e-08,2.367565645755576e-07
_2570_,14.25,30.800000000000001,OR2_X1,0,1,1,7.1887725994201901e-08,1.1303706060061813e-07,2.269497301199408e-08,2.0761975960681411e-07
_2571_,15.58,30.800000000000001,NAND3_X1,0,1,1,3.7558663734671427e-08,2.1769629654500022e-08,1.8104767463000826e-08,7.7433060852172275e-08
_2572_,15.01,30.800000000000001,NAND2_X1,0,1,1,2.7590861151338686e-08,8.4046497761391947e-08,1.7393359641459938e-08,1.2903071855419057e-07
_2573_,15.199999999999999,29.399999999999999,NAND2_X1,0,1,1,3.3965264378821303e-08,6.0276974522821547e-08,1.7393359641459938e-08,1.1163559854310279e-07
_2574_,14.44,29.399999999999999,AND2_X1,0,1,1,3.9630698722703528e-08,5.9235542693159005e-08,2.5066063003009731e-08,1.2393230441887226e-07
_2575_,4.9400000000000004,29.399999999999999,NOR2_X1,0,1,1,3.6066449382587962e-08,8.6064673610053433e-08,2.1199545230388139e-08,1.4333066822302953e-07
_2576_,7.4100000000000001,25.199999999999999,NOR2_X1,0,1,1,3.903163303675683e-08,6.5319930797613779e-08,2.1199545230388139e-08,1.2555110906475875e-07
_2577_,11.970000000000001,21,OAI21_X1,0,1,1,3.8910865640673364e-08,6.272853170230519e-08,2.2619392581191278e-08,1.2425878992416983e-07
_2578_,12.16,14,INV_X1,0,1,1,1.7407209895736742e-08,5.8851043149843463e-08,1.4353183530602109e-08,9.0611436576182314e-08
_2579_,15.58,23.800000000000001,OR3_X1,0,1,1,6.6750793337178038e-08,5.1027392089508794e-08,2.4414624988366995e-08,1.4219281041505383e-07
_2580_,11.779999999999999,19.600000000000001,AND2_X1,0,1,1,8.0438468330612523e-08,1.2824254724819184e-07,2.5066063003009731e-08,2.3374707858181409e-07
_2581_,9.3100000000000005,5.5999999999999996,NOR3_X1,0,1,1,4.3236383362454944e-08,3.5394275954558907e-08,2.6831667554461092e-08,1.0546232687147494e-07
_2582_,12.539999999999999,12.6,OR3_X1,0,1,1,6.7849327933799941e-08,2.604477344902989e-08,2.4414624988366995e-08,1.1830872637119683e-07
_2583_,11.779999999999999,12.6,OAI21_X1,0,1,1,3.9268986284923812e-08,4.0087250852138823e-08,2.2619392581191278e-08,1.0197562971825391e-07
_2584_,13.109999999999999,11.199999999999999,AOI21_X1,0,1,1,6.0890442910022102e-08,8.4224382135289488e-08,2.7858394702207079e-08,1.7297321974751867e-07
_2585_,19.190000000000001,1.3999999999999999,AND2_X1,0,1,1,4.4563499557170871e-08,1.8338196738909573e-08,2.5066063003009731e-08,8.7967759299090176e-08
_2586_,20.52,1.3999999999999999,AOI21_X1,0,1,1,5.3817046818949166e-08,1.1085098350349654e-07,2.7858394702207079e-08,1.9252642502465278e-07
_2587_,41.229999999999997,12.6,OAI21_X1,0,1,1,4.8460496060442892e-08,9.100830311581376e-08,2.2619392581191278e-08,1.6208819175744793e-07
_2588_,54.530000000000001,5.5999999999999996,OAI21_X1,0,1,1,4.8697707200062723e-08,3.211711785411353e-08,2.2619392581191278e-08,1.0343421763536753e-07
_2589_,57.57,8.4000000000000004,NAND2_X1,0,1,1,3.6130693104041711e-08,7.5334845917041093e-08,1.7393359641459938e-08,1.2885889866254274e-07
_2590_,68.209999999999994,2.7999999999999998,OAI21_X1,0,1,1,5.2806683470407734e-08,1.01808566910222e-07,2.2619392581191278e-08,1.7723464296182101e-07
_2591_,70.489999999999995,8.4000000000000004,NAND2_X1,0,1,1,2.5924506985575135e-08,5.6919091662166466e-08,1.7393359641459938e-08,1.0023695828920154e-07
_2592_,72.769999999999996,2.7999999999999998,NAND2_X1,0,1,1,3.6843111672624218e-08,1.0361066671293884e-07,1.7393359641459938e-08,1.5784713802702299e-07
_2593_,83.409999999999997,12.6,OAI21_X1,0,1,1,5.1044239057773666e-08,4.0232723819144667e-08,2.2619392581191278e-08,1.1389635545810961e-07
_2594_,79.230000000000004,11.199999999999999,AOI211_X1,0,1,1,6.1315397203998145e-08,3.2549223760724999e-08,3.4565712070389054e-08,1.284303330351122e-07
_2595_,80.180000000000007,12.6,NAND2_X1,0,1,1,2.5787215918171569e-08,4.4093290796354268e-08,1.7393359641459938e-08,8.7273866355985774e-08
_2596_,82.269999999999996,14,AND2_X1,0,1,1,4.5005656090779667e-08,6.6848762969584641e-08,2.5066063003009731e-08,1.3692048206337404e-07
_2597_,88.159999999999997,8.4000000000000004,AOI21_X1,0,1,1,4.1671828654443743e-08,3.0975023435075855e-08,2.7858394702207079e-08,1.0050524679172668e-07
_2598_,81.700000000000003,12.6,OAI21_X1,0,1,1,4.3372235580818597e-08,3.1862082749967158e-08,2.2619392581191278e-08,9.7853710911977032e-08
_2599_,82.650000000000006,29.399999999999999,NOR2_X1,0,1,1,6.2534624589716259e-08,8.7570391826830019e-08,2.1199545230388139e-08,1.7130456164693442e-07
_2600_,83.219999999999999,33.600000000000001,AOI21_X1,0,1,1,7.1061307949094044e-08,9.703231285129732e-08,2.7858394702207079e-08,1.9595201550259844e-07
_2601_,89.870000000000005,12.6,OAI21_X1,0,1,1,4.3287730733254648e-08,8.3453876698058593e-08,2.2619392581191278e-08,1.4936100001250452e-07
_2602_,84.359999999999999,35,OAI21_X1,0,1,1,4.267924680334545e-08,8.0607534869159281e-08,2.2619392581191278e-08,1.4590617425369601e-07
_2603_,95.760000000000005,47.600000000000001,AOI21_X1,0,1,1,4.9490090248127672e-08,1.0087858726137711e-07,2.7858394702207079e-08,1.7822707221171186e-07
_2604_,94.620000000000005,54.600000000000001,NOR2_X1,0,1,1,7.3724635285543627e-08,9.8234238521399675e-08,2.1199545230388139e-08,1.9315841903733144e-07
_2605_,96.900000000000006,53.200000000000003,AOI21_X1,0,1,1,5.6416297411487903e-08,9.6933284510214435e-08,2.7858394702207079e-08,1.8120797662390942e-07
_2606_,97.659999999999997,56,OAI21_X1,0,1,1,4.8780933070702304e-08,3.0396758887718534e-08,2.2619392581191278e-08,1.0179708453961211e-07
_2607_,58.520000000000003,63,XNOR2_X1,0,1,1,1.4065484776892845e-07,2.3736322418699274e-07,3.644100843303022e-08,4.1445908038895141e-07
_2608_,95.950000000000003,56,AOI21_X1,0,1,1,1.1350758200023847e-07,7.5211772809780086e-08,2.7858394702207079e-08,2.1657774951222564e-07
_2609_,93.290000000000006,56,OAI21_X1,0,1,1,3.6411265114111302e-08,2.7972435034939735e-08,2.2619392581191278e-08,8.7003092730242315e-08
_2610_,97.659999999999997,49,OAI211_X1,0,1,1,1.0654606796833832e-07,6.4967260016146611e-08,2.2039131408746471e-08,1.935524593932314e-07
_2611_,104.69,57.399999999999999,AOI21_X1,0,1,1,5.4950429984046423e-08,3.9017333364199658e-08,2.7858394702207079e-08,1.2182615805045316e-07
_2612_,97.280000000000001,57.399999999999999,OAI21_X1,0,1,1,7.2436009190823825e-08,4.2518276899272678e-08,2.2619392581191278e-08,1.3757367867128778e-07
_2613_,34.579999999999998,53.200000000000003,NOR2_X1,0,1,1,1.7955380515743968e-09,1.2573711849483971e-08,2.1199545230388139e-08,3.5568795131446507e-08
_2614_,33.630000000000003,58.799999999999997,NAND3_X1,0,1,1,2.0639081554918448e-09,8.8322549274266748e-10,1.8104767463000826e-08,2.1051901111235338e-08
_2615_,95,56,OAI211_X1,0,1,1,1.5338668113429321e-09,6.687608800071132e-10,2.2039131408746471e-08,2.4241759100096516e-08
_2616_,37.049999999999997,56,NOR2_X1,0,1,1,1.2501980561907544e-09,1.0830837560149575e-08,2.1199545230388139e-08,3.3280580846728469e-08
_2617_,19.57,12.6,INV_X1,0,1,1,1.251500902910152e-09,1.3190025960341245e-08,1.4353183530602109e-08,2.8794710393853507e-08
_2618_,87.969999999999999,63,NOR2_X1,0,1,1,3.4786811653475525e-08,9.2682903130025807e-08,2.1199545230388139e-08,1.4866926001388947e-07
_2619_,31.920000000000002,60.200000000000003,AOI21_X2,0,1,1,1.0672052042082214e-07,4.7221257659657567e-07,5.5716718350140582e-08,6.3464981536753839e-07
_2620_,85.689999999999998,54.600000000000001,AOI221_X1,0,1,1,6.6047661562151916e-08,3.9596976364464354e-08,4.1741206047163359e-08,1.4738584397377963e-07
_2621_,94.049999999999997,56,OAI211_X1,0,1,1,6.3202982403254282e-08,2.0347890483662923e-08,2.2039131408746471e-08,1.0559000429566368e-07
_2622_,10.640000000000001,70,XNOR2_X1,0,1,1,6.8150256993249059e-08,6.1129931339110044e-08,3.644100843303022e-08,1.6572119676538932e-07
_2623_,11.4,67.200000000000003,AND2_X1,0,1,1,4.3245123038104794e-08,2.460016901295603e-08,2.5066063003009731e-08,9.2911355054070555e-08
_2624_,12.92,71.400000000000006,AOI21_X1,0,1,1,5.3822329704189542e-08,4.1044806664558564e-08,2.7858394702207079e-08,1.2272553107095518e-07
_2625_,11.970000000000001,70,MUX2_X1,0,1,1,8.6336953586396703e-08,5.1313151061549434e-07,3.5928387376316095e-08,6.3539685157820713e-07
_2626_,43.700000000000003,74.200000000000003,NAND3_X1,0,1,1,5.7688925636512067e-08,9.7384841524217336e-08,1.8104767463000826e-08,1.7317853462373023e-07
_2627_,34.200000000000003,72.799999999999997,NOR2_X1,0,1,1,6.8810606990155065e-08,9.9621743743227853e-08,2.1199545230388139e-08,1.8963189596377106e-07
_2628_,33.630000000000003,72.799999999999997,NAND2_X1,0,1,1,6.127228857621958e-08,1.5086864380009501e-07,1.7393359641459938e-08,2.2953429201777453e-07
_2629_,41.039999999999999,72.799999999999997,NOR3_X1,0,1,1,5.7747193693558074e-08,1.8263396839302004e-07,2.6831667554461092e-08,2.6721282964103921e-07
_2630_,24.890000000000001,71.400000000000006,OAI33_X1,0,1,1,1.072782325195476e-07,2.0785439858173049e-07,4.8313957279333408e-08,3.634465883806115e-07
_2631_,45.600000000000001,67.200000000000003,NOR2_X1,0,1,1,7.1969218140566227e-08,3.1828182045501308e-07,2.1199545230388139e-08,4.1145058382596744e-07
_2632_,42.939999999999998,64.400000000000006,OR2_X1,0,1,1,1.2917760727759742e-07,7.0328883339243475e-07,2.269497301199408e-08,8.5516141368202625e-07
_2633_,24.32,60.200000000000003,AND3_X1,0,1,1,4.6661185137963912e-08,1.3049969993517152e-07,2.6481458803573332e-08,2.0364234387670876e-07
_2634_,25.27,58.799999999999997,NAND3_X1,0,1,1,2.7393184609536547e-08,1.1794862331271361e-07,1.8104767463000826e-08,1.6344657538525098e-07
_2635_,25.27,60.200000000000003,NOR2_X1,0,1,1,2.7615822517645938e-08,1.5351048432421521e-07,2.1199545230388139e-08,2.0232585207224929e-07
_2636_,25.649999999999999,57.399999999999999,OR2_X1,0,1,1,5.2218606327869566e-08,1.4943859127924952e-07,2.269497301199408e-08,2.2435217061911317e-07
_2637_,24.699999999999999,58.799999999999997,NOR2_X1,0,1,1,3.1890728280359326e-08,2.1848471476459963e-07,2.1199545230388139e-08,2.715749882753471e-07
_2638_,23.18,58.799999999999997,NAND2_X1,0,1,1,3.3936188970073999e-08,1.3183834823848883e-07,1.7393359641459938e-08,1.8316789685002277e-07
_2639_,14.630000000000001,57.399999999999999,NOR4_X1,0,1,1,4.200874759163753e-09,3.2372120539747584e-09,3.2601473520799118e-08,4.0039560333937629e-08
_2640_,13.109999999999999,56,OR4_X1,0,1,1,5.9011817654663901e-09,1.0764613200819895e-08,2.6733490088304279e-08,4.3399285054590564e-08
_2641_,21.850000000000001,58.799999999999997,AOI21_X1,0,1,1,5.0578861987560231e-08,2.111273289528981e-07,2.7858394702207079e-08,2.8956458564266541e-07
_2642_,24.129999999999999,57.399999999999999,OAI21_X1,0,1,1,4.672276787687224e-08,1.3264195786177879e-07,2.2619392581191278e-08,2.0198411831984231e-07
_2643_,20.710000000000001,56,AOI211_X1,0,1,1,4.6743444670482859e-08,2.3831463025203448e-08,3.4565712070389054e-08,1.0514061976607536e-07
_2644_,26.41,56,OAI211_X2,0,1,1,8.8424528144059877e-08,3.2107803349390451e-07,4.4078198868646723e-08,4.5358076050661111e-07
_2645_,27.170000000000002,23.800000000000001,NAND2_X1,0,1,1,1.2230831458737157e-08,1.2692798811997363e-08,1.7393359641459938e-08,4.2316989912194458e-08
_2646_,27.359999999999999,19.600000000000001,NAND3_X1,0,1,1,8.3887048418773702e-09,7.3496608798961915e-09,1.8104767463000826e-08,3.3843133184774388e-08
_2647_,32.869999999999997,18.199999999999999,AND4_X1,0,1,1,4.649254314870177e-09,8.5779232605887046e-09,2.7024803728181723e-08,4.0251981303640605e-08
_2648_,34.960000000000001,9.8000000000000007,NAND2_X1,0,1,1,9.7561581036131884e-10,1.1858874993109225e-09,1.7393359641459938e-08,1.9554862951132179e-08
_2649_,36.670000000000002,12.6,NAND3_X1,0,1,1,7.1401456969155674e-10,6.6239008722490667e-10,1.8104767463000826e-08,1.9481172119917289e-08
_2650_,30.59,12.6,NAND4_X1,0,1,1,7.32929550384398e-10,1.6326455742898816e-09,1.8126844025800892e-08,2.0492419150475172e-08
_2651_,55.479999999999997,8.4000000000000004,NOR2_X1,0,1,1,2.8634825066653491e-10,1.9897112846223308e-09,2.1199545230388139e-08,2.3475604765677005e-08
_2652_,83.980000000000004,18.199999999999999,NAND2_X1,0,1,1,2.8438831845001289e-10,4.2728953708603967e-10,1.7393359641459938e-08,1.810503749699599e-08
_2653_,87.019999999999996,19.600000000000001,NAND3_X1,0,1,1,3.5066954895413005e-10,3.1643518361157419e-10,1.8104767463000826e-08,1.877187219556653e-08
_2654_,91.390000000000001,16.800000000000001,AND4_X1,0,1,1,6.6491573358362643e-10,1.2597147769355388e-09,2.7024803728181723e-08,2.8949434238700888e-08
_2655_,86.450000000000003,43.399999999999999,NAND2_X1,0,1,1,2.5564095285091071e-10,4.0564271386323014e-10,1.7393359641459938e-08,1.8054643308174079e-08
_2656_,91.010000000000005,39.200000000000003,NAND3_X1,0,1,1,3.2688068918318436e-10,6.4359706453132048e-10,1.8104767463000826e-08,1.9075245216715331e-08
_2657_,90.819999999999993,43.399999999999999,NOR2_X1,0,1,1,2.1731363930577174e-10,9.0874791025541413e-10,2.1199545230388139e-08,2.2325606779949325e-08
_2658_,90.25,57.399999999999999,NAND2_X1,0,1,1,2.3926724490586082e-10,4.8494452897784868e-10,1.7393359641459938e-08,1.8117571415343647e-08
_2659_,90.060000000000002,63,NAND3_X1,0,1,1,3.1107794118412357e-10,5.3983240100308194e-10,1.8104767463000826e-08,1.8955677805188031e-08
_2660_,88.920000000000002,63,NOR2_X1,0,1,1,1.7440679456193209e-10,6.7947691917424891e-10,2.1199545230388139e-08,2.205342894412432e-08
_2661_,90.629999999999995,72.799999999999997,NAND2_X1,0,1,1,1.7936156726516828e-10,2.4291943456766774e-10,1.7393359641459938e-08,1.7815640643292774e-08
_2662_,89.489999999999995,77,NAND3_X1,0,1,1,2.3083848721405786e-10,4.1035705389269594e-10,1.8104767463000826e-08,1.874596300410758e-08
_2663_,88.540000000000006,82.599999999999994,NOR2_X1,0,1,1,1.5054822666282774e-10,6.4604116500888153e-10,2.1199545230388139e-08,2.1996134622059849e-08
_2664_,86.069999999999993,86.799999999999997,NAND2_X1,0,1,1,1.3742953997031293e-10,2.6327195978836926e-10,1.7393359641459938e-08,1.779406114121862e-08
_2665_,80.180000000000007,91,NAND3_X1,0,1,1,1.8259083134353205e-10,4.5533785075768662e-10,1.8104767463000826e-08,1.8742696145102045e-08
_2666_,66.689999999999998,103.59999999999999,NOR2_X1,0,1,1,1.0287763002603256e-10,5.7985088952605679e-10,2.1199545230388139e-08,2.1882273749940229e-08
_2667_,43.32,106.40000000000001,NAND2_X1,0,1,1,1.1009964467900701e-10,1.575717056834236e-10,1.7393359641459938e-08,1.7661030991822368e-08
_2668_,52.82,103.59999999999999,NAND3_X1,0,1,1,1.3918975694249269e-10,1.2638855240165725e-10,1.8104767463000826e-08,1.8370345772344976e-08
_2669_,50.159999999999997,105,XOR2_X1,0,1,1,6.3207643563600868e-08,9.8666987469187006e-08,3.6163719130399841e-08,1.9803835016318772e-07
_2670_,30.780000000000001,61.600000000000001,NOR4_X4,0,1,1,1.7797651707951445e-07,2.9926033562333032e-07,1.3040515511875128e-07,6.0764200782159605e-07
_2671_,19.949999999999999,61.600000000000001,NAND4_X1,0,1,1,4.1773414949375365e-08,2.1623104373702517e-07,1.8126844025800892e-08,2.7613130271220143e-07
_2672_,27.550000000000001,57.399999999999999,AOI22_X2,0,1,1,1.4713950236000528e-07,5.6195443676188006e-07,6.5223829892602225e-08,7.7431776901448757e-07
_2673_,19.190000000000001,53.200000000000003,OAI22_X1,0,1,1,7.2033053299946914e-08,3.0236068937483651e-07,3.4026122364139155e-08,4.0841986503892258e-07
_2674_,24.699999999999999,56,AOI211_X2,0,1,1,2.0180696935767628e-07,5.4494245205205516e-07,6.913136019193189e-08,8.1588078160166333e-07
_2675_,25.27,54.600000000000001,OAI211_X1,0,1,1,8.8581856516611879e-08,3.6493224797595758e-07,2.2039131408746471e-08,4.7555323590131593e-07
_2676_,41.799999999999997,100.8,AOI222_X1,0,1,1,6.0797262335654523e-08,2.0443810200276857e-08,4.7398827973665902e-08,1.2863990050959728e-07
_2677_,43.32,102.2,OAI21_X1,0,1,1,5.2356721624846614e-08,1.7968172727478304e-08,2.2619392581191278e-08,9.2944286933516196e-08
_2678_,56.049999999999997,93.799999999999997,NAND2_X1,0,1,1,2.6347535708737269e-08,3.2589404952432233e-08,1.7393359641459938e-08,7.6330300302629439e-08
_2679_,44.270000000000003,70,NOR3_X4,0,1,1,2.2144826061776257e-07,3.3271126653744432e-07,1.0732591704254446e-07,6.6148544419775135e-07
_2680_,41.609999999999999,68.599999999999994,OR3_X1,0,1,1,8.3149132024118444e-08,7.1776099730413989e-07,2.4414624988366995e-08,8.2532475431662533e-07
_2681_,43.890000000000001,85.400000000000006,AND2_X1,0,1,1,4.3067871047242079e-08,1.3697292899905733e-07,2.5066063003009731e-08,2.0510686304930914e-07
_2682_,44.649999999999999,85.400000000000006,NAND2_X1,0,1,1,2.3942437366031299e-08,1.5378161322132655e-07,1.7393359641459938e-08,1.9511741022881779e-07
_2683_,60.799999999999997,88.200000000000003,OAI21_X1,0,1,1,3.9986218780541094e-08,8.4690142898580234e-08,2.2619392581191278e-08,1.4729575426031261e-07
_2684_,35.340000000000003,70,NOR3_X1,0,1,1,2.071226390398806e-08,4.0825739233696368e-08,2.6831667554461092e-08,8.8369670692145519e-08
_2685_,43.700000000000003,68.599999999999994,AOI211_X2,0,1,1,2.0756057494963898e-07,2.4859524216935824e-08,6.913136019193189e-08,3.0155145935850669e-07
_2686_,81.129999999999995,93.799999999999997,INV_X1,0,1,1,3.5285694366393727e-08,4.8657437901056255e-07,1.4353183530602109e-08,5.3621325690755839e-07
_2687_,37.049999999999997,72.799999999999997,OAI22_X2,0,1,1,2.1540503780670406e-07,4.0620850683126264e-08,6.8052131041440589e-08,3.2407801953127091e-07
_2688_,49.399999999999999,91,AOI22_X1,0,1,1,7.4201466304657515e-08,5.7279617493577462e-08,3.2611943368010543e-08,1.6409302716624552e-07
_2689_,48.07,96.599999999999994,XNOR2_X1,0,1,1,1.008015999559575e-07,1.6543074821129267e-07,3.644100843303022e-08,3.0267335660028039e-07
_2690_,58.329999999999998,100.8,NOR2_X1,0,1,1,5.1945640677786287e-08,3.5017805544157454e-08,2.1199545230388139e-08,1.0816299145233188e-07
_2691_,61.939999999999998,93.799999999999997,NAND2_X1,0,1,1,2.0729119754037129e-08,2.0088554819608362e-08,1.7393359641459938e-08,5.8211034215105428e-08
_2692_,60.609999999999999,100.8,XOR2_X1,0,1,1,1.0852157572571741e-07,1.3039905866207846e-07,3.6163719130399841e-08,2.7508435351819571e-07
_2693_,50.159999999999997,103.59999999999999,XNOR2_X1,0,1,1,6.2754502039297222e-08,7.8453496143993107e-08,3.644100843303022e-08,1.7764900661632055e-07
_2694_,49.780000000000001,102.2,AOI222_X1,0,1,1,8.5073153854864358e-08,2.8490921621937559e-08,4.7398827973665902e-08,1.6096290345046782e-07
_2695_,49.590000000000003,100.8,OAI21_X1,0,1,1,6.4701453084126115e-08,2.2446725722602423e-07,2.2619392581191278e-08,3.1178810289134162e-07
_2696_,55.289999999999999,85.400000000000006,AND2_X1,0,1,1,3.8782765443556855e-08,1.1092618024122203e-07,2.5066063003009731e-08,1.7477500868778861e-07
_2697_,52.630000000000003,78.400000000000006,NAND2_X1,0,1,1,2.1515772274938172e-08,1.6522753298886528e-07,1.7393359641459938e-08,2.0413666490526339e-07
_2698_,58.329999999999998,93.799999999999997,AOI22_X1,0,1,1,3.7003072606012211e-08,4.3795459703233064e-08,3.2611943368010543e-08,1.1341047567725582e-07
_2699_,58.710000000000001,92.400000000000006,AOI22_X1,0,1,1,6.004994190789148e-08,5.1698272329758765e-08,3.2611943368010543e-08,1.4436015760566079e-07
_2700_,59.280000000000001,93.799999999999997,XNOR2_X1,0,1,1,1.0187755350443695e-07,8.7473857490749651e-08,3.644100843303022e-08,2.2579241942821682e-07
_2701_,61.369999999999997,99.400000000000006,OR2_X1,0,1,1,3.0379723625628685e-08,5.7790252583345136e-08,2.269497301199408e-08,1.108649492209679e-07
_2702_,64.599999999999994,100.8,INV_X1,0,1,1,1.0914575909737323e-08,1.1530456589525784e-08,1.4353183530602109e-08,3.6798216029865216e-08
_2703_,53.579999999999998,96.599999999999994,NAND2_X1,0,1,1,5.1670756562316456e-08,2.0241594711478683e-07,1.7393359641459938e-08,2.7148006331856323e-07
_2704_,52.82,75.599999999999994,AND2_X1,0,1,1,3.188680608445793e-08,1.3807050436298596e-07,2.5066063003009731e-08,1.9502337345045362e-07
_2705_,58.710000000000001,81.200000000000003,NAND2_X1,0,1,1,1.7858265977110932e-08,8.0967794247044367e-08,1.7393359641459938e-08,1.1621941986561524e-07
_2706_,65.549999999999997,98,XNOR2_X1,0,1,1,6.1993468136734009e-08,8.9263856750676496e-08,3.644100843303022e-08,1.8769833332044072e-07
_2707_,58.899999999999999,100.8,NAND2_X1,0,1,1,8.7524334446698049e-09,1.2948688343783488e-08,1.7393359641459938e-08,3.909448142991323e-08
_2708_,56.240000000000002,96.599999999999994,NAND2_X1,0,1,1,1.8099580501029777e-08,2.7419194026379046e-08,1.7393359641459938e-08,6.2912134168868761e-08
_2709_,54.909999999999997,91,NAND2_X1,0,1,1,1.9774082815615657e-08,3.4501681511756033e-08,1.7393359641459938e-08,7.1669123968831627e-08
_2710_,58.140000000000001,98,NAND2_X1,0,1,1,9.1524263723385957e-09,1.504912461314234e-08,1.7393359641459938e-08,4.1594910626940873e-08
_2711_,57,98,AND4_X1,0,1,1,7.0584377453997149e-08,1.2603388199750043e-07,2.7024803728181723e-08,2.236430631796793e-07
_2712_,53.009999999999998,102.2,NAND4_X1,0,1,1,5.1913552567839361e-08,3.9634238646613085e-07,1.8126844025800892e-08,4.663827830597711e-07
_2713_,59.659999999999997,92.400000000000006,AOI22_X1,0,1,1,4.8020844189977652e-08,3.230306333534827e-08,3.2611943368010543e-08,1.1293585089333646e-07
_2714_,60.609999999999999,92.400000000000006,XNOR2_X1,0,1,1,9.9560615751670412e-08,9.4375614878572378e-08,3.644100843303022e-08,2.3037723906327301e-07
_2715_,57.950000000000003,78.400000000000006,OAI22_X1,0,1,1,3.7115324147407591e-08,6.4381005415725667e-08,3.4026122364139155e-08,1.3552245192727241e-07
_2716_,66.879999999999995,99.400000000000006,NAND2_X1,0,1,1,1.5118565954708174e-08,3.6728849295286636e-08,1.7393359641459938e-08,6.9240774891454748e-08
_2717_,66.879999999999995,100.8,INV_X1,0,1,1,1.0370114544855369e-08,2.44901965373856e-08,1.4353183530602109e-08,4.9213494612843078e-08
_2718_,69.730000000000004,103.59999999999999,OR2_X1,0,1,1,8.4164256008989469e-08,8.0812156966203474e-08,2.269497301199408e-08,1.8767138598718702e-07
_2719_,66.5,100.8,INV_X1,0,1,1,3.1465805960806392e-08,1.1486310569353009e-07,1.4353183530602109e-08,1.6068209518493859e-07
_2720_,64.599999999999994,82.599999999999994,AND2_X1,0,1,1,2.6958176135849499e-08,1.1113386477745735e-07,2.5066063003009731e-08,1.6315810391631658e-07
_2721_,61.18,84,NAND2_X1,0,1,1,1.4963344341367701e-08,1.0020082186201762e-07,1.7393359641459938e-08,1.3255752584484526e-07
_2722_,78.469999999999999,91,XNOR2_X1,0,1,1,6.2112370358136104e-08,1.2985654507247091e-07,3.644100843303022e-08,2.2840992386363723e-07
_2723_,70.870000000000005,96.599999999999994,AOI22_X1,0,1,1,4.4264638177082816e-08,2.3802973814213146e-08,3.2611943368010543e-08,1.0067955535930651e-07
_2724_,72.390000000000001,96.599999999999994,AOI22_X1,0,1,1,2.7526935397759189e-08,1.7361202253596275e-08,3.2611943368010543e-08,7.7500081019366007e-08
_2725_,70.109999999999999,99.400000000000006,NAND2_X1,0,1,1,3.1242471720815956e-08,5.2665126304418663e-07,1.7393359641459938e-08,5.7528709440646253e-07
_2726_,78.090000000000003,78.400000000000006,AOI22_X1,0,1,1,4.096419914390026e-08,3.2533154836755784e-08,3.2611943368010543e-08,1.0610929734866659e-07
_2727_,79.420000000000002,82.599999999999994,XNOR2_X1,0,1,1,1.006782568424569e-07,1.3379994356910174e-07,3.644100843303022e-08,2.7091920884458887e-07
_2728_,90.060000000000002,85.400000000000006,INV_X1,0,1,1,3.5748811910707445e-08,4.8673253871811539e-08,1.4353183530602109e-08,9.8775249313121094e-08
_2729_,82.650000000000006,86.799999999999997,AND2_X1,0,1,1,3.6020953331217243e-08,4.5215148958277496e-08,2.5066063003009731e-08,1.0630216529250447e-07
_2730_,72.769999999999996,91,NOR2_X1,0,1,1,3.4140845706076561e-09,9.8980734719589236e-09,2.1199545230388139e-08,3.4511703272954719e-08
_2731_,82.650000000000006,85.400000000000006,NOR2_X1,0,1,1,1.6863854312987314e-08,1.6665300250906512e-08,2.1199545230388139e-08,5.4728699794281965e-08
_2732_,79.799999999999997,86.799999999999997,NOR3_X1,0,1,1,5.0918981031600197e-08,1.1484920747761862e-07,2.6831667554461092e-08,1.9259985606367991e-07
_2733_,84.739999999999995,84,NOR2_X1,0,1,1,1.2827473305776493e-08,4.3165275798173752e-08,2.1199545230388139e-08,7.7192294334338385e-08
_2734_,92.150000000000006,89.599999999999994,XNOR2_X1,0,1,1,6.2222412111623271e-08,1.3713193425246573e-07,3.644100843303022e-08,2.3579535479711922e-07
_2735_,75.430000000000007,91,AOI222_X1,0,1,1,6.7798794134432683e-08,2.3577383601036672e-08,4.7398827973665902e-08,1.3877500570913526e-07
_2736_,76.950000000000003,89.599999999999994,OAI21_X1,0,1,1,4.733367475751038e-08,5.2121496452173233e-08,2.2619392581191278e-08,1.2207456379087489e-07
_2737_,58.329999999999998,92.400000000000006,INV_X1,0,1,1,2.5376063916837666e-08,9.2445212374059338e-08,1.4353183530602109e-08,1.3217445982149911e-07
_2738_,64.790000000000006,84,AND2_X1,0,1,1,3.5714922574925367e-08,1.3443022339743038e-07,2.5066063003009731e-08,1.9521120897536548e-07
_2739_,62.700000000000003,84,NAND2_X1,0,1,1,1.9931201578060609e-08,1.0922067872343177e-07,1.7393359641459938e-08,1.4654523994295232e-07
_2740_,81.510000000000005,75.599999999999994,AOI22_X1,0,1,1,3.214022115116677e-08,2.5799613112553743e-08,3.2611943368010543e-08,9.0551777631731056e-08
_2741_,80.560000000000002,77,AOI22_X1,0,1,1,4.9439780269722178e-08,3.1350694484899577e-08,3.2611943368010543e-08,1.134024181226323e-07
_2742_,81.510000000000005,77,XNOR2_X1,0,1,1,9.8847081630992761e-08,3.4495009515467245e-08,3.644100843303022e-08,1.6978309957949023e-07
_2743_,82.650000000000006,77,INV_X1,0,1,1,3.2117554837896023e-08,5.5088197115082949e-08,1.4353183530602109e-08,1.0155893548358108e-07
_2744_,83.030000000000001,77,NOR2_X1,0,1,1,1.4207610199434839e-08,3.268404213940812e-08,2.1199545230388139e-08,6.8091197569231099e-08
_2745_,83.030000000000001,75.599999999999994,AND2_X1,0,1,1,8.9470240993705374e-08,7.2963239006185177e-08,2.5066063003009731e-08,1.8749954300290028e-07
_2746_,63.840000000000003,72.799999999999997,AND2_X1,0,1,1,3.8501063670537405e-08,1.3194393488902278e-07,2.5066063003009731e-08,1.9551106156256992e-07
_2747_,64.599999999999994,78.400000000000006,NAND2_X1,0,1,1,2.1234662028746243e-08,1.8380661970240908e-07,1.7393359641459938e-08,2.2243464137261526e-07
_2748_,89.299999999999997,81.200000000000003,XNOR2_X1,0,1,1,6.2205074868870724e-08,9.5341533778992016e-08,3.644100843303022e-08,1.9398761708089296e-07
_2749_,86.829999999999998,81.200000000000003,INV_X1,0,1,1,2.1559852569907889e-08,6.4504639851747925e-08,1.4353183530602109e-08,1.0041767595225792e-07
_2750_,77.519999999999996,88.200000000000003,AOI222_X1,0,1,1,6.6889434435779549e-08,2.3676353322343857e-08,4.7398827973665902e-08,1.3796461573178931e-07
_2751_,78.469999999999999,85.400000000000006,OAI21_X1,0,1,1,4.6803968700714904e-08,1.3540163656955428e-08,2.2619392581191278e-08,8.296352493886161e-08
_2752_,69.730000000000004,77,INV_X1,0,1,1,2.7841258187777385e-08,8.526726702484666e-08,1.4353183530602109e-08,1.2746170874322615e-07
_2753_,76.760000000000005,68.599999999999994,AOI22_X1,0,1,1,4.9199869067706459e-08,4.4920458464048352e-08,3.2611943368010543e-08,1.2673227089976535e-07
_2754_,83.030000000000001,71.400000000000006,XNOR2_X1,0,1,1,9.8588166963509138e-08,7.164109661061957e-08,3.644100843303022e-08,2.0667027200715893e-07
_2755_,70.299999999999997,75.599999999999994,OAI22_X1,0,1,1,3.4749170652048633e-08,4.0474727569517199e-08,3.4026122364139155e-08,1.0925002058570499e-07
_2756_,83.219999999999999,74.200000000000003,NAND2_X1,0,1,1,1.2381073943856791e-08,3.2745848699278213e-08,1.7393359641459938e-08,6.2520282284594941e-08
_2757_,88.920000000000002,75.599999999999994,OR2_X1,0,1,1,8.4699266267307394e-08,6.6274793653064989e-08,2.269497301199408e-08,1.7366903293236646e-07
_2758_,68.590000000000003,81.200000000000003,AND2_X1,0,1,1,2.8474319790916525e-08,1.0042327858172939e-07,2.5066063003009731e-08,1.5396366137565565e-07
_2759_,64.030000000000001,74.200000000000003,NAND2_X1,0,1,1,1.5987684065521535e-08,6.834259380639196e-08,1.7393359641459938e-08,1.0172363751337343e-07
_2760_,89.489999999999995,74.200000000000003,XNOR2_X1,0,1,1,6.2423438862424518e-08,1.2510678004673537e-07,3.644100843303022e-08,2.239712273421901e-07
_2761_,75.049999999999997,74.200000000000003,NAND2_X1,0,1,1,1.1300292257487854e-08,1.0889995571972122e-08,1.7393359641459938e-08,3.9583647470919914e-08
_2762_,77.519999999999996,74.200000000000003,NAND2_X1,0,1,1,1.2576242269801696e-08,1.4244510460059701e-08,1.7393359641459938e-08,4.4214112371321335e-08
_2763_,77.329999999999998,75.599999999999994,AOI22_X1,0,1,1,3.8687552716965001e-08,3.0538927831003093e-08,3.2611943368010543e-08,1.0183842391597864e-07
_2764_,76.569999999999993,74.200000000000003,AND3_X1,0,1,1,5.9639205574057996e-08,1.3977354740291048e-07,2.6481458803573332e-08,2.2589421178054181e-07
_2765_,75.810000000000002,74.200000000000003,NAND3_X1,0,1,1,3.7786364259773109e-08,2.4979544832604006e-07,1.8104767463000826e-08,3.0568658004881399e-07
_2766_,81.319999999999993,70,AOI22_X1,0,1,1,3.5299631662155662e-08,2.995803427552346e-08,3.2611943368010543e-08,9.7869609305689664e-08
_2767_,88.730000000000004,70,XNOR2_X1,0,1,1,9.6833971952037246e-08,1.623637899683672e-07,3.644100843303022e-08,2.9563877035343467e-07
_2768_,70.299999999999997,68.599999999999994,OAI22_X1,0,1,1,3.0225340452716409e-08,7.7502072315382975e-08,3.4026122364139155e-08,1.4175353513223854e-07
_2769_,85.689999999999998,70,NOR2_X1,0,1,1,4.9742219232484786e-08,3.6276052384209834e-08,2.1199545230388139e-08,1.0721781684708276e-07
_2770_,64.599999999999994,71.400000000000006,AND2_X1,0,1,1,2.3760732048572208e-08,9.9170136991233448e-08,2.5066063003009731e-08,1.4799693204281539e-07
_2771_,58.520000000000003,67.200000000000003,NAND2_X1,0,1,1,1.3142818389155764e-08,9.8311474516776798e-08,1.7393359641459938e-08,1.288476525473925e-07
_2772_,88.730000000000004,72.799999999999997,XNOR2_X1,0,1,1,6.2704849312922306e-08,1.4380060520124971e-07,3.644100843303022e-08,2.4294646294720224e-07
_2773_,54.149999999999999,72.799999999999997,AOI222_X1,0,1,1,6.1550302632440435e-08,2.2398417343083565e-08,4.7398827973665902e-08,1.313475479491899e-07
_2774_,53.009999999999998,72.799999999999997,OAI21_X1,0,1,1,4.3582229380945137e-08,2.4646398699701422e-08,2.2619392581191278e-08,9.0848020661837836e-08
_2775_,70.680000000000007,63,INV_X1,0,1,1,3.0214962976060633e-08,2.4000181397809683e-08,1.4353183530602109e-08,6.8568327904472426e-08
_2776_,80.75,68.599999999999994,AOI22_X1,0,1,1,3.1905244668450905e-08,2.0407716405657084e-08,3.2611943368010543e-08,8.4924904442118532e-08
_2777_,81.700000000000003,68.599999999999994,XNOR2_X1,0,1,1,9.8357638478319132e-08,8.025451592175159e-08,3.644100843303022e-08,2.1505316283310094e-07
_2778_,83.790000000000006,68.599999999999994,AOI22_X1,0,1,1,3.066842779730905e-08,3.017004246430588e-08,3.2611943368010543e-08,9.3450413629625473e-08
_2779_,79.609999999999999,70,AND2_X1,0,1,1,8.9512425915927452e-08,1.0104061232141248e-07,2.5066063003009731e-08,2.1561910124034966e-07
_2780_,86.260000000000005,68.599999999999994,INV_X1,0,1,1,3.1961974400473991e-08,8.2414111091111408e-08,1.4353183530602109e-08,1.2872926902218751e-07
_2781_,85.5,68.599999999999994,OAI21_X1,0,1,1,7.4139023809038918e-08,8.364128234461532e-08,2.2619392581191278e-08,1.8039969873484551e-07
_2782_,92.530000000000001,65.799999999999997,XNOR2_X1,0,1,1,6.928863172106503e-08,1.1913807185237602e-07,3.644100843303022e-08,2.2486771200647127e-07
_2783_,70.680000000000007,61.600000000000001,NAND2_X1,0,1,1,1.1449547976383201e-08,2.4073624871334687e-08,1.7393359641459938e-08,5.2916532489177825e-08
_2784_,52.630000000000003,67.200000000000003,NAND2_X1,0,1,1,1.4214609933560496e-08,2.9047933836068296e-08,1.7393359641459938e-08,6.065590341108873e-08
_2785_,55.670000000000002,57.399999999999999,AOI22_X1,0,1,1,4.6088821648027078e-08,5.0167837883918764e-08,3.2611943368010543e-08,1.2886860289995639e-07
_2786_,56.619999999999997,54.600000000000001,AND3_X1,0,1,1,7.1991010486271989e-08,2.4261109388135083e-07,2.6481458803573332e-08,3.4108356317119615e-07
_2787_,62.130000000000003,63,NAND3_X1,0,1,1,4.4961794287701196e-08,2.3196554366222699e-07,1.8104767463000826e-08,2.9503210541292901e-07
_2788_,63.840000000000003,63,NOR2_X1,0,1,1,5.090028309950867e-08,4.2151398815803987e-08,2.1199545230388139e-08,1.142512271457008e-07
_2789_,58.710000000000001,65.799999999999997,AOI21_X1,0,1,1,7.3850479509474098e-08,1.8945168278605706e-07,2.7858394702207079e-08,2.9116055699773824e-07
_2790_,41.229999999999997,60.200000000000003,MUX2_X1,0,1,1,1.1584882741999536e-07,5.4817286354591488e-07,3.5928387376316095e-08,6.9995007834222633e-07
_2791_,72.959999999999994,64.400000000000006,OAI22_X1,0,1,1,6.3952718676318909e-08,8.1522863126792799e-08,3.4026122364139155e-08,1.7950170416725086e-07
_2792_,77.709999999999994,63,AOI22_X1,0,1,1,7.5597412774186523e-08,5.5682832567072182e-08,3.2611943368010543e-08,1.6389218870926925e-07
_2793_,81.319999999999993,64.400000000000006,XNOR2_X1,0,1,1,7.1565843029475218e-08,5.2127226979337138e-08,3.644100843303022e-08,1.6013407844184258e-07
_2794_,82.459999999999994,64.400000000000006,NOR2_X1,0,1,1,5.3641375785673517e-08,1.2190652398658131e-07,2.1199545230388139e-08,1.9674744500264296e-07
_2795_,84.549999999999997,65.799999999999997,INV_X1,0,1,1,3.8557988801812826e-08,4.2223078366987465e-08,1.4353183530602109e-08,9.5134250699402401e-08
_2796_,79.040000000000006,61.600000000000001,OR2_X1,0,1,1,6.7673099124476721e-08,1.0276859541136218e-07,2.269497301199408e-08,1.9313666754783299e-07
_2797_,68.400000000000006,19.600000000000001,NOR2_X1,0,1,1,4.8393992813089426e-08,3.1665713606798818e-08,2.1199545230388139e-08,1.0125925165027638e-07
_2798_,67.829999999999998,21,AOI21_X1,0,1,1,7.5930174148197693e-08,2.0975606673800939e-07,2.7858394702207079e-08,3.1354463558841417e-07
_2799_,63.840000000000003,28,MUX2_X1,0,1,1,1.1731112437018965e-07,4.2552670720397145e-07,3.5928387376316095e-08,5.787662189504772e-07
_2800_,77.900000000000006,18.199999999999999,XOR2_X1,0,1,1,7.1365690246238955e-08,9.7556281275501533e-08,3.6163719130399841e-08,2.0508569065214033e-07
_2801_,77.519999999999996,19.600000000000001,NOR2_X1,0,1,1,9.9574917200584423e-09,7.2254922045544845e-09,2.1199545230388139e-08,3.8382529155001066e-08
_2802_,75.239999999999995,19.600000000000001,AOI21_X1,0,1,1,3.949856619556158e-08,4.4807734411733691e-08,2.7858394702207079e-08,1.1216469530950235e-07
_2803_,68.969999999999999,18.199999999999999,AOI22_X1,0,1,1,4.4489912198741877e-08,4.6124984720563589e-08,3.2611943368010543e-08,1.2322684028731601e-07
_2804_,71.819999999999993,12.6,AND2_X1,0,1,1,5.9342454505895148e-08,1.2023653539472434e-07,2.5066063003009731e-08,2.0464505290362922e-07
_2805_,75.430000000000007,18.199999999999999,NAND2_X1,0,1,1,3.0114687632476489e-08,3.0396756756090326e-07,1.7393359641459938e-08,3.5147561483483969e-07
_2806_,76.569999999999993,30.800000000000001,AOI22_X1,0,1,1,7.2314790600103152e-08,7.2009321172572527e-08,3.2611943368010543e-08,1.7693605514068622e-07
_2807_,83.599999999999994,28,XNOR2_X1,0,1,1,1.1129741039894725e-07,8.2707941828630283e-08,3.644100843303022e-08,2.3044636066060775e-07
_2808_,71.629999999999995,25.199999999999999,OAI22_X1,0,1,1,6.4869958293911623e-08,7.5408095767670602e-08,3.4026122364139155e-08,1.7430417642572138e-07
_2809_,84.930000000000007,26.600000000000001,NAND2_X1,0,1,1,2.2477838257373151e-08,1.2692480311216059e-07,1.7393359641459938e-08,1.6679600101099368e-07
_2810_,88.159999999999997,21,INV_X1,0,1,1,1.7122056661378338e-08,2.2044259750941819e-08,1.4353183530602109e-08,5.3519499942922266e-08
_2811_,57.950000000000003,15.4,XNOR2_X1,0,1,1,6.9386629775181063e-08,9.7634391238443641e-08,3.644100843303022e-08,2.0346202944665492e-07
_2812_,55.859999999999999,1.3999999999999999,AOI222_X1,0,1,1,7.9005317843439116e-08,4.2815944567564657e-08,4.7398827973665902e-08,1.6922009038466967e-07
_2813_,60.609999999999999,9.8000000000000007,OAI21_X1,0,1,1,5.5741871562986489e-08,2.9946708224315444e-08,2.2619392581191278e-08,1.0830797236849321e-07
_2814_,53.960000000000001,32.200000000000003,INV_X1,0,1,1,2.9003720314335624e-08,1.1367174579390849e-07,1.4353183530602109e-08,1.5702864963884622e-07
_2815_,55.100000000000001,29.399999999999999,AND2_X1,0,1,1,6.4158477641740319e-08,3.4506285828683758e-08,2.5066063003009731e-08,1.2373082647343381e-07
_2816_,55.670000000000002,23.800000000000001,AOI21_X1,0,1,1,6.0177413274686842e-08,2.3936811999192287e-07,2.7858394702207079e-08,3.2740392796881679e-07
_2817_,60.420000000000002,28,MUX2_X1,0,1,1,9.3439361137370724e-08,2.7491250875755213e-07,3.5928387376316095e-08,4.0428025727123895e-07
_2818_,59.090000000000003,22.399999999999999,OAI22_X1,0,1,1,5.1898943809192133e-08,5.9378244543495384e-08,3.4026122364139155e-08,1.4530331071682667e-07
_2819_,59.090000000000003,16.800000000000001,AOI22_X1,0,1,1,6.9753795628457738e-08,4.4636227158889596e-08,3.2611943368010543e-08,1.4700196615535788e-07
_2820_,59.090000000000003,15.4,XNOR2_X1,0,1,1,1.0223943291975957e-07,7.2452898791652842e-08,3.644100843303022e-08,2.1113334014444263e-07
_2821_,59.469999999999999,14,NOR2_X1,0,1,1,4.9353054976108979e-08,1.8139785140647291e-07,2.1199545230388139e-08,2.5195045161297003e-07
_2822_,60.039999999999999,11.199999999999999,INV_X1,0,1,1,3.7365047944604157e-08,3.9412149988038436e-08,1.4353183530602109e-08,9.1130381463244703e-08
_2823_,36.670000000000002,23.800000000000001,AND2_X1,0,1,1,6.3238331904358347e-08,4.2025732227557455e-08,2.5066063003009731e-08,1.3033012713492553e-07
_2824_,36.100000000000001,33.600000000000001,AOI21_X1,0,1,1,6.1322921851569845e-08,2.3098024826140318e-07,2.7858394702207079e-08,3.201615648151801e-07
_2825_,34.200000000000003,22.399999999999999,MUX2_X1,0,1,1,9.5626489837741246e-08,3.3115824749074818e-07,3.5928387376316095e-08,4.6271312470480552e-07
_2826_,37.43,12.6,XOR2_X1,0,1,1,7.1391490052974405e-08,1.4653809898845793e-07,3.6163719130399841e-08,2.5409330817183218e-07
_2827_,41.420000000000002,7,AOI222_X1,0,1,1,8.0961349624431023e-08,3.7540996089546752e-08,4.7398827973665902e-08,1.6590117368764368e-07
_2828_,46.93,9.8000000000000007,OAI21_X1,0,1,1,5.5612623839351727e-08,4.0085435415448956e-08,2.2619392581191278e-08,1.1831745183599196e-07
_2829_,51.490000000000002,23.800000000000001,INV_X1,0,1,1,2.7654790457631861e-08,1.1974228186772962e-07,1.4353183530602109e-08,1.6175025585596359e-07
_2830_,48.640000000000001,28,OAI22_X1,0,1,1,6.1475880386296922e-08,1.1764529972424498e-07,3.4026122364139155e-08,2.1314730247468106e-07
_2831_,55.100000000000001,18.199999999999999,AOI22_X1,0,1,1,8.1939191431956715e-08,5.8178109441087145e-08,3.2611943368010543e-08,1.727292442410544e-07
_2832_,56.049999999999997,16.800000000000001,XNOR2_X1,0,1,1,1.032380652077336e-07,1.3877686910745979e-07,3.644100843303022e-08,2.7845594274822361e-07
_2833_,54.719999999999999,12.6,NOR2_X1,0,1,1,5.1349907437270303e-08,1.3695073164399219e-07,2.1199545230388139e-08,2.0950018431165063e-07
_2834_,47.880000000000003,14,INV_X1,0,1,1,3.4427561246275218e-08,5.3686676437791903e-08,1.4353183530602109e-08,1.0246742121466923e-07
_2835_,30.399999999999999,5.5999999999999996,AOI22_X1,0,1,1,5.7225634009228088e-08,2.9995966599472013e-08,3.2611943368010543e-08,1.1983354397671064e-07
_2836_,31.350000000000001,8.4000000000000004,NAND2_X1,0,1,1,2.9473850027272874e-09,2.1279844553134808e-09,1.7393359641459938e-08,2.2468729099500706e-08
_2837_,32.490000000000002,9.8000000000000007,XOR2_X1,0,1,1,7.0582053979251214e-08,8.9632699484809564e-08,3.6163719130399841e-08,1.9637847259446062e-07
_2838_,30.780000000000001,9.8000000000000007,OAI211_X1,0,1,1,5.8572378947019388e-08,1.5553215604313664e-08,2.2039131408746471e-08,9.6164725960079522e-08
_2839_,52.439999999999998,23.800000000000001,INV_X1,0,1,1,2.9692365899336437e-08,8.985511357195719e-08,1.4353183530602109e-08,1.3390066300189574e-07
_2840_,18.050000000000001,40.600000000000001,AOI22_X1,0,1,1,4.8178851130842304e-08,2.9867742057376745e-08,3.2611943368010543e-08,1.1065853655622959e-07
_2841_,13.49,42,AOI21_X1,0,1,1,5.4717553155114729e-08,4.3347114342395798e-08,2.7858394702207079e-08,1.2592306219971761e-07
_2842_,18.620000000000001,36.399999999999999,AOI21_X1,0,1,1,6.3942330541522097e-08,4.1213006340967695e-08,2.7858394702207079e-08,1.3301373158469687e-07
_2843_,51.109999999999999,18.199999999999999,INV_X1,0,1,1,3.27311369119343e-08,1.2730551190998085e-07,1.4353183530602109e-08,1.7438983235251726e-07
_2844_,51.490000000000002,18.199999999999999,AOI22_X1,0,1,1,8.4107824704915402e-08,7.7432211753603042e-08,3.2611943368010543e-08,1.9415197982652899e-07
_2845_,56.049999999999997,12.6,XNOR2_X1,0,1,1,1.0333820910091163e-07,8.2388645239461766e-08,3.644100843303022e-08,2.2216786277340361e-07
_2846_,51.869999999999997,22.399999999999999,OAI22_X1,0,1,1,5.5831392842264904e-08,6.183083200994588e-08,3.4026122364139155e-08,1.5168834721634994e-07
_2847_,50.920000000000002,15.4,NAND2_X1,0,1,1,2.3541389282399905e-08,1.0005154393866178e-07,1.7393359641459938e-08,1.4098629286252162e-07
_2848_,49.399999999999999,11.199999999999999,OR2_X1,0,1,1,8.5791732828965905e-08,1.0655129756287351e-07,2.269497301199408e-08,2.150380034038335e-07
_2849_,26.789999999999999,15.4,AOI22_X1,0,1,1,5.5612446203667787e-08,2.3880211585947109e-08,3.2611943368010543e-08,1.1210460115762544e-07
_2850_,27.359999999999999,5.5999999999999996,XOR2_X1,0,1,1,7.194888951289613e-08,1.244038401182479e-07,3.6163719130399841e-08,2.3251644876154387e-07
_2851_,28.309999999999999,16.800000000000001,AOI22_X1,0,1,1,8.083293145944026e-09,4.0395931044656663e-09,3.2611943368010543e-08,4.4734829618420235e-08
_2852_,28.120000000000001,15.4,NAND2_X1,0,1,1,2.9922414768179806e-08,3.7862346857764351e-07,1.7393359641459938e-08,4.2593924298728325e-07
_2853_,36.289999999999999,21,INV_X1,0,1,1,2.8139442775909629e-08,1.4842623841104796e-07,1.4353183530602109e-08,1.909188647175597e-07
_2854_,18.620000000000001,28,NAND2_X1,0,1,1,1.9269782214337283e-08,1.0559705110324558e-08,1.7393359641459938e-08,4.7222846966121779e-08
_2855_,19.190000000000001,26.600000000000001,NOR2_X1,0,1,1,4.5861000330660318e-08,3.4388591529932455e-08,2.1199545230388139e-08,1.0144913709098091e-07
_2856_,14.82,23.800000000000001,AOI21_X1,0,1,1,6.3631965474542085e-08,3.1935167044139234e-07,2.7858394702207079e-08,4.1084203061814151e-07
_2857_,19.190000000000001,28,OAI21_X1,0,1,1,5.4078341804597585e-08,3.1951705636856786e-07,2.2619392581191278e-08,3.9621479075435673e-07
_2858_,41.990000000000002,28,OAI22_X1,0,1,1,5.3452239967555215e-08,8.6445041347360529e-08,3.4026122364139155e-08,1.739234036790549e-07
_2859_,49.020000000000003,16.800000000000001,AOI22_X1,0,1,1,7.9815471565325424e-08,7.1441434101870982e-08,3.2611943368010543e-08,1.8386884903520695e-07
_2860_,54.909999999999997,22.399999999999999,XNOR2_X1,0,1,1,1.0573561581850299e-07,9.4045844889478758e-08,3.644100843303022e-08,2.3622246914101197e-07
_2861_,49.969999999999999,14,AND2_X1,0,1,1,4.7250576784563236e-08,7.2524443339716527e-08,2.5066063003009731e-08,1.4484108312728949e-07
_2862_,50.920000000000002,11.199999999999999,NOR2_X1,0,1,1,5.0435993159680947e-08,8.139085139191593e-08,2.1199545230388139e-08,1.5302638978198502e-07
_2863_,25.27,23.800000000000001,NOR2_X1,0,1,1,3.9548986308091116e-08,3.6043513063077626e-08,2.1199545230388139e-08,9.6792044601556881e-08
_2864_,19,22.399999999999999,AOI21_X1,0,1,1,6.4210006200937642e-08,2.0085504104372376e-07,2.7858394702207079e-08,2.9292344194686848e-07
_2865_,18.050000000000001,44.799999999999997,MUX2_X1,0,1,1,1.0032784558688945e-07,4.0965221614897018e-07,3.5928387376316095e-08,5.4590844911217573e-07
_2866_,27.170000000000002,16.800000000000001,XOR2_X1,0,1,1,7.7053343261468399e-08,1.2521108772034495e-07,3.6163719130399841e-08,2.3842815011221319e-07
_2867_,24.699999999999999,19.600000000000001,AOI222_X1,0,1,1,8.1039019050876959e-08,3.0795138883377149e-08,4.7398827973665902e-08,1.5923298590792001e-07
_2868_,28.120000000000001,19.600000000000001,OAI21_X1,0,1,1,5.66311584293544e-08,6.8763554850193032e-08,2.2619392581191278e-08,1.4801410586073871e-07
_2869_,43.509999999999998,18.199999999999999,AOI22_X1,0,1,1,7.0955650244286517e-08,5.6637755818655933e-08,3.2611943368010543e-08,1.6020534943095299e-07
_2870_,46.549999999999997,15.4,XNOR2_X1,0,1,1,1.0646354553500714e-07,1.3479152016770968e-07,3.644100843303022e-08,2.7769607413574704e-07
_2871_,38.380000000000003,19.600000000000001,AOI22_X1,0,1,1,5.8359379551120583e-08,4.0564255954222972e-08,3.2611943368010543e-08,1.315355788733541e-07
_2872_,46.549999999999997,16.800000000000001,INV_X1,0,1,1,2.3784169300711255e-08,8.8775330198131996e-08,1.4353183530602109e-08,1.2691268302944536e-07
_2873_,47.310000000000002,14,NAND2_X1,0,1,1,2.3649057823149633e-08,5.7777985063012238e-08,1.7393359641459938e-08,9.8820402527621809e-08
_2874_,42.369999999999997,12.6,INV_X1,0,1,1,1.6345092390679383e-08,3.8268794355644786e-08,1.4353183530602109e-08,6.8967070276926279e-08
_2875_,46.740000000000002,14,NOR2_X1,0,1,1,4.700784472788655e-08,4.2259291177515479e-08,2.1199545230388139e-08,1.1046668113579017e-07
_2876_,18.239999999999998,33.600000000000001,MUX2_X1,0,1,1,1.014536721299919e-07,6.8928130758649786e-07,3.5928387376316095e-08,8.2666336709280586e-07
_2877_,27.93,22.399999999999999,AOI22_X1,0,1,1,5.7985445778285793e-08,6.2004559708839224e-08,3.2611943368010543e-08,1.5260194885513556e-07
_2878_,27.739999999999998,23.800000000000001,XNOR2_X1,0,1,1,7.0805867835588288e-08,1.5800517871866759e-07,3.644100843303022e-08,2.652520549872861e-07
_2879_,36.670000000000002,21,NAND2_X1,0,1,1,6.8349397253086863e-09,1.2728028409014769e-08,1.7393359641459938e-08,3.6956327775783393e-08
_2880_,21.850000000000001,19.600000000000001,NAND2_X1,0,1,1,4.1542125295279675e-09,7.8564541539094535e-09,1.7393359641459938e-08,2.9404026324897359e-08
_2881_,32.869999999999997,19.600000000000001,AND3_X1,0,1,1,7.8292508476351941e-08,2.9521282840505592e-07,2.6481458803573332e-08,3.9998679568498119e-07
_2882_,22.039999999999999,18.199999999999999,NAND3_X1,0,1,1,4.2902868813143868e-08,3.3006369903887389e-07,1.8104767463000826e-08,3.9107133531501859e-07
_2883_,40.280000000000001,14,AOI22_X1,0,1,1,7.079057695591473e-08,7.6725420683487755e-08,3.2611943368010543e-08,1.8012794100741303e-07
_2884_,51.68,19.600000000000001,XNOR2_X1,0,1,1,1.0702684960506303e-07,1.0597805299994434e-07,3.644100843303022e-08,2.4944591103803759e-07
_2885_,43.32,22.399999999999999,NAND2_X1,0,1,1,3.1569463487812754e-08,2.2717118852710882e-08,1.7393359641459938e-08,7.1679941981983575e-08
_2886_,42.939999999999998,28,OAI21_X1,0,1,1,4.9348241049074204e-08,5.6852005769769676e-08,2.2619392581191278e-08,1.2881963940003516e-07
_2887_,43.509999999999998,16.800000000000001,AND2_X1,0,1,1,4.8609706482238835e-08,9.7246235952752613e-08,2.5066063003009731e-08,1.7092200543800118e-07
_2888_,49.780000000000001,15.4,INV_X1,0,1,1,1.7090094672767009e-08,2.8926924855454672e-08,1.4353183530602109e-08,6.037020305882379e-08
_2889_,26.789999999999999,44.799999999999997,AND2_X1,0,1,1,1.2874929566919491e-08,2.2188865855810036e-08,2.5066063003009731e-08,6.0129858425739258e-08
_2890_,32.299999999999997,36.399999999999999,XNOR2_X1,0,1,1,1.077534363957966e-07,1.428843035000682e-07,3.644100843303022e-08,2.8707874832889502e-07
_2891_,27.359999999999999,37.799999999999997,OAI222_X1,0,1,1,8.979599641634195e-08,1.1685818890327937e-07,4.3177877273592458e-08,2.4983206259321378e-07
_2892_,33.630000000000003,36.399999999999999,NOR2_X1,0,1,1,4.8864208679333387e-08,2.8570698873409128e-07,2.1199545230388139e-08,3.5577074264381281e-07
_2893_,36.289999999999999,44.799999999999997,OR2_X1,0,1,1,8.5747771549904428e-08,3.4978071994373749e-07,2.269497301199408e-08,4.58223464505636e-07
_2894_,25.27,37.799999999999997,MUX2_X1,0,1,1,9.117079002862738e-08,2.7562100513023324e-07,3.5928387376316095e-08,4.0272018253517672e-07
_2895_,24.32,39.200000000000003,MUX2_X1,0,1,1,9.1153502523866337e-08,3.2311319841937802e-07,3.5928387376316095e-08,4.5019508831956045e-07
_2896_,45.409999999999997,35,AOI22_X1,0,1,1,6.6832058109866921e-08,4.9804135926478921e-08,3.2611943368010543e-08,1.4924813740435638e-07
_2897_,42.18,36.399999999999999,XNOR2_X1,0,1,1,1.0516044568475991e-07,1.5921199292279198e-07,3.644100843303022e-08,3.008134470405821e-07
_2898_,42.560000000000002,32.200000000000003,OAI22_X1,0,1,1,4.7843897732491314e-08,8.9713367401600408e-08,3.4026122364139155e-08,1.7158338749823088e-07
_2899_,46.170000000000002,32.200000000000003,NAND2_X1,0,1,1,2.4425624189916562e-08,1.7504856231198573e-08,1.7393359641459938e-08,5.9323840062575073e-08
_2900_,49.590000000000003,28,NOR2_X1,0,1,1,4.9993865047781583e-08,4.9370932231340703e-08,2.1199545230388139e-08,1.2056434250951042e-07
_2901_,21.280000000000001,47.600000000000001,OAI22_X1,0,1,1,5.1245891086182382e-08,7.7306964385570609e-08,3.4026122364139155e-08,1.6257897783589215e-07
_2902_,31.920000000000002,46.200000000000003,OAI22_X1,0,1,1,3.0683047214097314e-08,4.9866194729020208e-08,3.4026122364139155e-08,1.1457536430725668e-07
_2903_,25.460000000000001,35,NOR2_X1,0,1,1,4.02106472563446e-08,1.9403243811666471e-07,2.1199545230388139e-08,2.5544263060339745e-07
_2904_,25.649999999999999,39.200000000000003,OR2_X1,0,1,1,8.0149220593739301e-08,5.1883671403629705e-07,2.269497301199408e-08,6.2168090764203043e-07
_2905_,31.350000000000001,43.399999999999999,NOR2_X1,0,1,1,1.764336232668029e-08,2.2249142972441405e-08,2.1199545230388139e-08,6.1092050529509834e-08
_2906_,35.909999999999997,50.399999999999999,NOR2_X1,0,1,1,4.5449574770373147e-08,7.8063351338641951e-08,2.1199545230388139e-08,1.4471247133940324e-07
_2907_,24.32,46.200000000000003,MUX2_X1,0,1,1,9.2315801225595351e-08,2.6119491280951479e-07,3.5928387376316095e-08,3.8943910141142624e-07
_2908_,33.630000000000003,44.799999999999997,NOR2_X1,0,1,1,3.7317224865773824e-08,3.0550751262126141e-07,2.1199545230388139e-08,3.6402428271742338e-07
_2909_,39.329999999999998,50.399999999999999,AOI22_X1,0,1,1,6.7790374203013926e-08,5.8373348821305626e-08,3.2611943368010543e-08,1.5877566639233009e-07
_2910_,43.700000000000003,56,XNOR2_X1,0,1,1,1.0359741509091691e-07,1.3241371732419793e-07,3.644100843303022e-08,2.7245214084814506e-07
_2911_,47.689999999999998,39.200000000000003,OAI22_X1,0,1,1,4.4139650157148935e-08,1.080246718743183e-07,3.4026122364139155e-08,1.8619044439560639e-07
_2912_,46.170000000000002,53.200000000000003,AND2_X1,0,1,1,3.9727204637074465e-08,2.2784957920407578e-08,2.5066063003009731e-08,8.7578225560491774e-08
_2913_,43.890000000000001,53.200000000000003,OR2_X1,0,1,1,8.5202827904140577e-08,4.4740865234871308e-08,2.269497301199408e-08,1.5263866615100596e-07
_2914_,29.829999999999998,50.399999999999999,MUX2_X1,0,1,1,4.4989366898562366e-08,1.1604244321006263e-07,3.5928387376316095e-08,1.9696019748494109e-07
_2915_,32.869999999999997,47.600000000000001,MUX2_X1,0,1,1,4.4888366801387747e-08,1.2179557984381972e-07,3.5928387376316095e-08,2.0261233402152357e-07
_2916_,41.229999999999997,47.600000000000001,AND2_X1,0,1,1,2.4006606480497794e-08,3.109937551926123e-08,2.5066063003009731e-08,8.0172045002768755e-08
_2917_,39.140000000000001,61.600000000000001,OAI222_X1,0,1,1,8.2177258775573137e-08,1.0548484397077118e-07,4.3177877273592458e-08,2.3083998001993677e-07
_2918_,42.18,47.600000000000001,OR2_X1,0,1,1,8.995830569347163e-08,5.1210082574471016e-07,2.269497301199408e-08,6.2475410445017587e-07
_2919_,43.890000000000001,42,INV_X1,0,1,1,3.7115427176104276e-08,1.1623363604940096e-07,1.4353183530602109e-08,1.6770224675610734e-07
_2920_,46.549999999999997,61.600000000000001,AOI22_X1,0,1,1,6.5615026301202306e-08,1.1153196055602166e-07,3.2611943368010543e-08,2.0975893022523451e-07
_2921_,46.740000000000002,60.200000000000003,NOR2_X1,0,1,1,2.4773264328814548e-08,2.222087225334235e-08,2.1199545230388139e-08,6.8193681812545037e-08
_2922_,52.25,65.799999999999997,AND2_X1,0,1,1,9.4649777793165413e-08,5.541577152712307e-08,2.5066063003009731e-08,1.7513161232329821e-07
_2923_,45.600000000000001,60.200000000000003,XNOR2_X1,0,1,1,1.0050135301753471e-07,6.4061879356813733e-08,3.644100843303022e-08,2.0100424080737866e-07
_2924_,36.670000000000002,54.600000000000001,OAI22_X1,0,1,1,4.9959758996465098e-08,7.5792485176862101e-08,3.4026122364139155e-08,1.5977836653746635e-07
_2925_,48.07,58.799999999999997,INV_X1,0,1,1,2.4448697288903531e-08,2.7275834924012088e-08,1.4353183530602109e-08,6.6077715743517729e-08
_2926_,43.509999999999998,60.200000000000003,AND2_X1,0,1,1,3.6996155472479586e-08,4.3899145651948857e-08,2.5066063003009731e-08,1.0596136412743817e-07
_2927_,48.450000000000003,49,AND2_X1,0,1,1,2.4628134198678708e-08,5.799709512643858e-08,2.5066063003009731e-08,1.0769129232812702e-07
_2928_,51.299999999999997,56,OAI222_X1,0,1,1,6.7274257276039862e-08,1.429150557896719e-07,4.3177877273592458e-08,2.5336719033930422e-07
_2929_,50.159999999999997,47.600000000000001,OR2_X1,0,1,1,6.2934034872341726e-08,3.4154192007918027e-07,2.269497301199408e-08,4.2717092796351608e-07
_2930_,39.899999999999999,51.799999999999997,MUX2_X1,0,1,1,4.7910987177601783e-08,1.4362835543124675e-07,3.5928387376316095e-08,2.2746772998516462e-07
_2931_,31.350000000000001,51.799999999999997,MUX2_X1,0,1,1,4.7869534114397538e-08,1.1963989265950659e-07,3.5928387376316095e-08,2.0343781415022022e-07
_2932_,47.310000000000002,54.600000000000001,AOI22_X1,0,1,1,4.5217994681934215e-08,3.6269774739139393e-08,3.2611943368010543e-08,1.1409971278908415e-07
_2933_,42.560000000000002,51.799999999999997,XNOR2_X1,0,1,1,9.4729323052433756e-08,1.2610045985184115e-07,3.644100843303022e-08,2.5727079133730513e-07
_2934_,48.450000000000003,53.200000000000003,NAND2_X1,0,1,1,1.8942188262371928e-08,1.2512695768407411e-08,1.7393359641459938e-08,4.8848243672239278e-08
_2935_,48.259999999999998,54.600000000000001,OAI21_X1,0,1,1,2.8303720256417364e-08,4.9418346748097974e-08,2.2619392581191278e-08,1.0034145958570662e-07
_2936_,46.740000000000002,64.400000000000006,NOR2_X1,0,1,1,4.6088292293688937e-08,1.7393496420936572e-07,2.1199545230388139e-08,2.4122280173344279e-07
_2937_,49.780000000000001,53.200000000000003,AND2_X1,0,1,1,1.9227227809892611e-08,1.1833992452636721e-08,2.5066063003009731e-08,5.6127283265539063e-08
_2938_,26.219999999999999,53.200000000000003,AND3_X1,0,1,1,6.27628011784509e-08,3.6409112169621949e-08,2.6481458803573332e-08,1.2565337215164618e-07
_2939_,28.120000000000001,56,NAND3_X1,0,1,1,4.1372391734739722e-08,7.0431681820082304e-08,1.8104767463000826e-08,1.2990884101782285e-07
_2940_,31.73,58.799999999999997,AOI22_X1,0,1,1,6.8641050177120633e-08,2.4284298660859349e-07,3.2611943368010543e-08,3.4409598015372467e-07
_2941_,34.579999999999998,51.799999999999997,OAI22_X1,0,1,1,6.7036857842595055e-08,3.0353987767739454e-07,3.4026122364139155e-08,4.0460285788412875e-07
_2942_,53.579999999999998,42,AND2_X1,0,1,1,4.4936651732996324e-08,7.7245736918030161e-08,2.5066063003009731e-08,1.4724845165403622e-07
_2943_,51.299999999999997,42,OAI222_X1,0,1,1,6.6257335618047364e-08,9.800245948099473e-08,4.3177877273592458e-08,2.0743767237263455e-07
_2944_,51.869999999999997,47.600000000000001,NOR2_X1,0,1,1,3.9003438701001869e-08,1.4827750760559866e-07,2.1199545230388139e-08,2.0848049153698867e-07
_2945_,52.630000000000003,47.600000000000001,OR2_X1,0,1,1,7.1708839755046938e-08,2.4598594450253586e-07,2.269497301199408e-08,3.4038975726957688e-07
_2946_,44.649999999999999,53.200000000000003,AOI222_X1,0,1,1,1.0481581824706154e-07,1.0290087004705128e-07,4.7398827973665902e-08,2.5511551626777873e-07
_2947_,32.490000000000002,57.399999999999999,NAND2_X1,0,1,1,1.0155465801631181e-08,1.2242075797530561e-08,1.7393359641459938e-08,3.9790901240621679e-08
_2948_,44.649999999999999,51.799999999999997,OAI221_X1,0,1,1,6.614817493755254e-08,7.1108502197603229e-08,3.393766689896438e-08,1.7119434403412015e-07
_2949_,40.659999999999997,56,MUX2_X1,0,1,1,1.3064864390344155e-07,1.177329593815557e-07,3.5928387376316095e-08,2.8430999066131335e-07
_2950_,46.170000000000002,56,AOI21_X1,0,1,1,8.8985828483600926e-08,1.3297341183715616e-07,2.7858394702207079e-08,2.4981763502296417e-07
_2951_,47.5,58.799999999999997,INV_X1,0,1,1,3.858534469713959e-08,5.8060447116758951e-08,1.4353183530602109e-08,1.1099897534450065e-07
_2952_,45.600000000000001,57.399999999999999,OR2_X1,0,1,1,8.0290632809010276e-08,1.0542730422002933e-07,2.269497301199408e-08,2.0841291004103368e-07
_2953_,44.079999999999998,58.799999999999997,NOR2_X1,0,1,1,4.7060517260888446e-08,1.5428693700414442e-07,2.1199545230388139e-08,2.2254699949542101e-07
_2954_,51.490000000000002,57.399999999999999,NOR2_X1,0,1,1,3.8574047067641004e-08,6.7514143609059829e-08,2.1199545230388139e-08,1.2728773590708897e-07
_2955_,38.759999999999998,63,NOR2_X1,0,1,1,4.6352663929383198e-08,8.2978687032664311e-08,2.1199545230388139e-08,1.5053089619243565e-07
_2956_,44.840000000000003,63,OAI33_X1,0,1,1,9.8769085354888375e-08,5.0982240651364918e-08,4.8313957279333408e-08,1.980652832855867e-07
_2957_,43.32,57.399999999999999,AOI21_X1,0,1,1,6.8254195184636046e-08,1.5371261952168425e-07,2.7858394702207079e-08,2.4982520940852737e-07
_2958_,46.359999999999999,30.800000000000001,OAI21_X1,0,1,1,6.4651963782580424e-08,2.0292769420393597e-07,2.2619392581191278e-08,2.9019905056770767e-07
_2959_,42.75,15.4,NOR2_X1,0,1,1,5.1257011079997028e-08,3.5903134687487182e-08,2.1199545230388139e-08,1.0835969099787235e-07
_2960_,36.859999999999999,22.399999999999999,OR2_X1,0,1,1,8.8921915164519305e-08,2.098193618849109e-07,2.269497301199408e-08,3.2143625006142429e-07
_2961_,50.159999999999997,12.6,OAI21_X1,0,1,1,6.7206961773536023e-08,4.8790308682100658e-08,2.2619392581191278e-08,1.3861666303682796e-07
_2962_,40.659999999999997,9.8000000000000007,OAI221_X1,0,1,1,7.6467507881261554e-08,1.055437124364289e-07,3.393766689896438e-08,2.1594888721665484e-07
_2963_,52.439999999999998,12.6,AND2_X1,0,1,1,8.3786176219291519e-08,9.6026489870837395e-08,2.5066063003009731e-08,2.0487872909313865e-07
_2964_,47.689999999999998,12.6,AOI21_X1,0,1,1,6.7161479933020019e-08,8.8549406029869715e-08,2.7858394702207079e-08,1.8356928066509681e-07
_2965_,49.210000000000001,12.6,NOR2_X1,0,1,1,4.3873537691752063e-08,6.4714456016190525e-08,2.1199545230388139e-08,1.2978753893833073e-07
_2966_,55.670000000000002,19.600000000000001,OAI21_X1,0,1,1,5.9252407424992271e-08,1.3617490424167045e-07,2.2619392581191278e-08,2.18046704247854e-07
_2967_,55.289999999999999,12.6,AOI21_X1,0,1,1,6.6096106365876039e-08,3.2421613838096164e-08,2.7858394702207079e-08,1.2637611490617928e-07
_2968_,52.82,9.8000000000000007,AOI211_X1,0,1,1,7.0631045900881873e-08,1.2983642250219418e-07,3.4565712070389054e-08,2.3503318047346511e-07
_2969_,49.969999999999999,16.800000000000001,NAND2_X1,0,1,1,2.6416095977310761e-08,6.330869695148067e-08,1.7393359641459938e-08,1.0711815257025137e-07
_2970_,60.039999999999999,14,NAND2_X1,0,1,1,2.2963993373537051e-08,6.3850841058865626e-08,1.7393359641459938e-08,1.0420819407386261e-07
_2971_,58.710000000000001,29.399999999999999,AND2_X1,0,1,1,1.9956441832391647e-08,1.4465749487158064e-08,2.5066063003009731e-08,5.9488254322559442e-08
_2972_,66.879999999999995,22.399999999999999,AOI21_X1,0,1,1,6.6581293367562466e-08,2.971269168483559e-07,2.7858394702207079e-08,3.9156660491812545e-07
_2973_,59.090000000000003,28,MUX2_X1,0,1,1,1.1933904886518576e-07,3.6558628835337004e-07,3.5928387376316095e-08,5.2085372459487189e-07
_2974_,66.310000000000002,14,XNOR2_X1,0,1,1,7.0179751787691202e-08,9.8728648367796268e-08,3.644100843303022e-08,2.0534940858851769e-07
_2975_,56.049999999999997,8.4000000000000004,AOI222_X1,0,1,1,7.6449921948551491e-08,2.8065034740620831e-08,4.7398827973665902e-08,1.5191378466283822e-07
_2976_,57.57,7,OAI21_X1,0,1,1,5.3434710878264013e-08,3.0755369806456656e-08,2.2619392581191278e-08,1.0680947326591195e-07
_2977_,63.460000000000001,25.199999999999999,INV_X1,0,1,1,3.0734895517525729e-08,6.7947944160096085e-08,1.4353183530602109e-08,1.1303602320822392e-07
_2978_,60.420000000000002,16.800000000000001,AOI22_X1,0,1,1,7.6407673077483196e-08,5.4268959104319947e-08,3.2611943368010543e-08,1.6328857554981369e-07
_2979_,62.130000000000003,16.800000000000001,XNOR2_X1,0,1,1,1.1507533770327427e-07,8.8823171040530724e-08,3.644100843303022e-08,2.4033951717683522e-07
_2980_,62.890000000000001,23.800000000000001,OAI22_X1,0,1,1,6.6891878702790564e-08,7.3783027687568392e-08,3.4026122364139155e-08,1.7470102875449811e-07
_2981_,63.460000000000001,16.800000000000001,NAND2_X1,0,1,1,2.306312651967346e-08,6.5853782871272415e-08,1.7393359641459938e-08,1.0631026903240581e-07
_2982_,63.270000000000003,7,OAI211_X1,0,1,1,6.7616880983223382e-08,1.2330168885910098e-07,2.2039131408746471e-08,2.1295770125107083e-07
_2983_,85.310000000000002,23.800000000000001,NOR2_X1,0,1,1,5.1446122029119579e-08,1.0584880527630958e-07,2.1199545230388139e-08,1.7849447253581729e-07
_2984_,61.560000000000002,14,NOR2_X1,0,1,1,5.2102176795187916e-08,2.6090631877195847e-07,2.1199545230388139e-08,3.3420804079753452e-07
_2985_,72.579999999999998,5.5999999999999996,INV_X1,0,1,1,4.1702332254089924e-08,1.3960753619812749e-07,1.4353183530602109e-08,1.9566305198281952e-07
_2986_,85.120000000000005,25.199999999999999,NOR2_X1,0,1,1,5.2094399904945021e-08,7.8319303042917454e-08,2.1199545230388139e-08,1.5161324817825061e-07
_2987_,85.879999999999995,25.199999999999999,NOR2_X1,0,1,1,5.0875442525466497e-08,8.2906431941864867e-08,2.1199545230388139e-08,1.549814196977195e-07
_2988_,85.879999999999995,23.800000000000001,OAI21_X1,0,1,1,5.5901800521951373e-08,1.4019938987530622e-07,2.2619392581191278e-08,2.1872058297844887e-07
_2989_,87.590000000000003,26.600000000000001,NAND2_X1,0,1,1,4.4356653461363749e-08,7.5531261245487258e-08,1.7393359641459938e-08,1.3728127434831094e-07
_2990_,68.969999999999999,44.799999999999997,AND2_X1,0,1,1,8.272607487924688e-08,3.1127349586768105e-08,2.5066063003009731e-08,1.3891948746902472e-07
_2991_,68.969999999999999,46.200000000000003,AOI21_X1,0,1,1,7.6229966339269595e-08,3.2690621765141259e-07,2.7858394702207079e-08,4.3099457869288926e-07
_2992_,60.609999999999999,44.799999999999997,MUX2_X1,0,1,1,1.1639835406640486e-07,4.4683230271402863e-07,3.5928387376316095e-08,5.9915904415674959e-07
_2993_,88.159999999999997,32.200000000000003,XNOR2_X1,0,1,1,7.0840144417161355e-08,1.1376700115306448e-07,3.644100843303022e-08,2.2104815400325606e-07
_2994_,78.469999999999999,29.399999999999999,AOI222_X1,0,1,1,8.3478965962058282e-08,2.841338009318406e-08,4.7398827973665902e-08,1.5929117402890824e-07
_2995_,79.989999999999995,29.399999999999999,OAI21_X1,0,1,1,5.9821452680353104e-08,2.7820606263162517e-08,2.2619392581191278e-08,1.102614515247069e-07
_2996_,66.689999999999998,29.399999999999999,INV_X1,0,1,1,2.891537853599857e-08,2.0912852960464079e-07,1.4353183530602109e-08,2.5239709167124147e-07
_2997_,72.200000000000003,33.600000000000001,OAI22_X1,0,1,1,7.0023347120695689e-08,8.2230968700969242e-08,3.4026122364139155e-08,1.8628043818580409e-07
_2998_,82.650000000000006,26.600000000000001,AOI22_X1,0,1,1,7.5176593838932604e-08,6.8184213830591034e-08,3.2611943368010543e-08,1.7597275103753418e-07
_2999_,85.120000000000005,32.200000000000003,XNOR2_X1,0,1,1,1.0936605576716829e-07,7.1711546922870184e-08,3.644100843303022e-08,2.1751861112306869e-07
_3000_,88.730000000000004,33.600000000000001,NOR2_X1,0,1,1,5.5632639828218089e-08,9.6166644425466075e-08,2.1199545230388139e-08,1.729988294840723e-07
_3001_,90.060000000000002,32.200000000000003,INV_X1,0,1,1,3.6355061183712678e-08,8.1933556828062137e-08,1.4353183530602109e-08,1.3264180154237692e-07
_3002_,63.649999999999999,49,NOR2_X1,0,1,1,5.3813771216937312e-08,4.6797886454896798e-08,2.1199545230388139e-08,1.2181120290222225e-07
_3003_,58.329999999999998,50.399999999999999,NAND2_X1,0,1,1,1.3428233636147979e-08,1.0242467318732906e-08,1.7393359641459938e-08,4.1064060596340823e-08
_3004_,58.329999999999998,44.799999999999997,AOI21_X1,0,1,1,7.7290216893288743e-08,2.76468085758097e-07,2.7858394702207079e-08,3.8161669735359283e-07
_3005_,54.719999999999999,46.200000000000003,OAI21_X1,0,1,1,6.4487203133012372e-08,5.6019946015339883e-08,2.2619392581191278e-08,1.4312654172954353e-07
_3006_,92.719999999999999,44.799999999999997,XOR2_X1,0,1,1,7.1257275635616679e-08,1.2360381163034617e-07,3.6163719130399841e-08,2.3102480639636269e-07
_3007_,78.090000000000003,39.200000000000003,AOI22_X1,0,1,1,4.6686334798096141e-08,2.9962254899373875e-08,3.2611943368010543e-08,1.0926053306548056e-07
_3008_,81.129999999999995,33.600000000000001,OAI221_X1,0,1,1,6.2445302262403857e-08,5.1465946171447285e-08,3.393766689896438e-08,1.4784891533281552e-07
_3009_,73.719999999999999,40.600000000000001,INV_X1,0,1,1,3.1066146988223409e-08,8.1144968078206148e-08,1.4353183530602109e-08,1.2656429859703167e-07
_3010_,72.769999999999996,40.600000000000001,OAI22_X1,0,1,1,6.8412724374411482e-08,8.5105881453273469e-08,3.4026122364139155e-08,1.8754472819182411e-07
_3011_,86.450000000000003,37.799999999999997,AOI22_X1,0,1,1,7.3286329893562652e-08,5.3380009745751522e-08,3.2611943368010543e-08,1.5927828300732472e-07
_3012_,84.549999999999997,37.799999999999997,XNOR2_X1,0,1,1,1.0921485227299854e-07,8.0453659734303073e-08,3.644100843303022e-08,2.2610952044033183e-07
_3013_,90.439999999999998,40.600000000000001,OR2_X1,0,1,1,1.0200872679888562e-07,1.2031924256916682e-07,2.269497301199408e-08,2.4502294238004652e-07
_3014_,90.439999999999998,36.399999999999999,AND2_X1,0,1,1,9.3837378756234102e-08,1.7552957842781325e-07,2.5066063003009731e-08,2.9443302018705708e-07
_3015_,68.780000000000001,56,NOR2_X1,0,1,1,4.7296026650656131e-08,3.5625625116608717e-08,2.1199545230388139e-08,1.0412119699765299e-07
_3016_,70.299999999999997,57.399999999999999,AOI21_X1,0,1,1,7.8173364670419687e-08,3.0989144761406351e-07,2.7858394702207079e-08,4.1592320698669027e-07
_3017_,61.939999999999998,60.200000000000003,MUX2_X1,0,1,1,1.1981835257302009e-07,3.7750149317616888e-07,3.5928387376316095e-08,5.3324823312550507e-07
_3018_,95.379999999999995,68.599999999999994,XNOR2_X1,0,1,1,6.9806127100946469e-08,1.6013569847928011e-07,3.644100843303022e-08,2.663828340132568e-07
_3019_,79.420000000000002,58.799999999999997,INV_X1,0,1,1,3.0459034405794227e-08,2.5803537084811978e-08,1.4353183530602109e-08,7.0615755021208315e-08
_3020_,77.519999999999996,60.200000000000003,AOI222_X1,0,1,1,7.1831600223504211e-08,2.3743703891909718e-08,4.7398827973665902e-08,1.4297413208907983e-07
_3021_,78.659999999999997,58.799999999999997,OAI21_X1,0,1,1,4.9585320738287919e-08,1.6899578270113125e-07,2.2619392581191278e-08,2.4120049602061044e-07
_3022_,76.379999999999995,60.200000000000003,INV_X1,0,1,1,2.2488398698783385e-08,9.9893810556750395e-08,1.4353183530602109e-08,1.3673539278613589e-07
_3023_,83.980000000000004,57.399999999999999,AOI22_X1,0,1,1,7.8632290012592421e-08,7.6957277883593633e-08,3.2611943368010543e-08,1.882015112641966e-07
_3024_,76.760000000000005,51.799999999999997,XNOR2_X1,0,1,1,1.061576426764077e-07,1.6900179389267578e-07,3.644100843303022e-08,3.116004450021137e-07
_3025_,67.829999999999998,64.400000000000006,OAI22_X1,0,1,1,6.8823005960894079e-08,1.6169825300949014e-07,3.4026122364139155e-08,2.6454738133452338e-07
_3026_,86.829999999999998,56,NOR2_X1,0,1,1,6.0556629932762007e-08,5.9705207888782752e-08,2.1199545230388139e-08,1.414613830519329e-07
_3027_,58.520000000000003,53.200000000000003,NOR2_X1,0,1,1,5.5514302488290923e-08,3.9290796394197969e-08,2.1199545230388139e-08,1.1600464411287703e-07
_3028_,59.090000000000003,54.600000000000001,NAND2_X1,0,1,1,2.2381541953109263e-08,1.1795831866834305e-08,1.7393359641459938e-08,5.1570733461403506e-08
_3029_,59.280000000000001,58.799999999999997,AOI21_X1,0,1,1,7.5502420315842755e-08,2.4081731453406974e-07,2.7858394702207079e-08,3.4417812955211957e-07
_3030_,58.329999999999998,54.600000000000001,OAI21_X1,0,1,1,6.5754768741044245e-08,2.9268244716718073e-08,2.2619392581191278e-08,1.176424060389536e-07
_3031_,90.629999999999995,51.799999999999997,XNOR2_X1,0,1,1,7.0286944264807971e-08,1.324577141303962e-07,3.644100843303022e-08,2.3918566682823439e-07
_3032_,74.670000000000002,58.799999999999997,AOI222_X1,0,1,1,7.144940639136621e-08,4.7955801107946172e-08,4.7398827973665902e-08,1.6680403547297828e-07
_3033_,80.939999999999998,50.399999999999999,OAI21_X1,0,1,1,5.1204555262529539e-08,6.3102802982939465e-08,2.2619392581191278e-08,1.3692675082666028e-07
_3034_,77.900000000000006,58.799999999999997,INV_X1,0,1,1,2.2102391028511192e-08,1.5902720917893021e-07,1.4353183530602109e-08,1.9548278373804351e-07
_3035_,88.540000000000006,50.399999999999999,AOI22_X1,0,1,1,7.6256050363099348e-08,6.1877905466189986e-08,3.2611943368010543e-08,1.7074589919729988e-07
_3036_,85.120000000000005,51.799999999999997,XNOR2_X1,0,1,1,1.0023705954154138e-07,1.2042920616295305e-07,3.644100843303022e-08,2.5710727413752466e-07
_3037_,82.269999999999996,51.799999999999997,AOI22_X1,0,1,1,6.9648272926770005e-08,3.2569335672860689e-08,3.2611943368010543e-08,1.3482955196764124e-07
_3038_,82.840000000000003,49,INV_X1,0,1,1,2.8079604419417592e-08,1.0957523244314871e-07,1.4353183530602109e-08,1.5200802039316841e-07
_3039_,87.400000000000006,51.799999999999997,NOR2_X1,0,1,1,5.2837421549156716e-08,1.3145674415682151e-07,2.1199545230388139e-08,2.0549371093636637e-07
_3040_,91.579999999999998,53.200000000000003,NOR2_X1,0,1,1,4.665885100507694e-08,9.3926971089786093e-08,2.1199545230388139e-08,1.6178536732525117e-07
_3041_,91.200000000000003,56,INV_X1,0,1,1,3.2662562432506093e-08,4.2604604288953851e-08,1.4353183530602109e-08,8.9620350252062053e-08
_3042_,61.18,42,NOR2_X1,0,1,1,5.8194405738731803e-08,5.7366065675523714e-08,2.1199545230388139e-08,1.3676001664464366e-07
_3043_,57.380000000000003,49,AOI21_X1,0,1,1,7.6286887917831336e-08,2.7932270540986792e-07,2.7858394702207079e-08,3.8346798802990634e-07
_3044_,49.780000000000001,42,MUX2_X1,0,1,1,1.1873562755226885e-07,4.2590897919581039e-07,3.5928387376316095e-08,5.8057299412439534e-07
_3045_,84.739999999999995,43.399999999999999,XNOR2_X1,0,1,1,6.9632349664061621e-08,9.2872419088507741e-08,3.644100843303022e-08,1.9894577718559958e-07
_3046_,79.230000000000004,43.399999999999999,AOI222_X1,0,1,1,6.9860419671385898e-08,3.6043161344423424e-08,4.7398827973665902e-08,1.5330240898947523e-07
_3047_,74.099999999999994,40.600000000000001,OAI21_X1,0,1,1,4.7525023916250575e-08,5.7239780915097072e-08,2.2619392581191278e-08,1.2738419741253892e-07
_3048_,65.549999999999997,49,INV_X1,0,1,1,2.5789152147126515e-08,7.6999121745302546e-08,1.4353183530602109e-08,1.1714145742303117e-07
_3049_,72.769999999999996,47.600000000000001,OAI22_X1,0,1,1,6.7274058324073849e-08,9.8558523120573227e-08,3.4026122364139155e-08,1.9985870380878623e-07
_3050_,80.370000000000005,44.799999999999997,AOI22_X1,0,1,1,7.9853577972244238e-08,5.9463580726060172e-08,3.2611943368010543e-08,1.7192910206631495e-07
_3051_,83.409999999999997,44.799999999999997,XNOR2_X1,0,1,1,1.0714772002984319e-07,1.0453967291823574e-07,3.644100843303022e-08,2.4812840138110914e-07
_3052_,88.540000000000006,44.799999999999997,NOR2_X1,0,1,1,5.7189303959148674e-08,1.7955358089238871e-07,2.1199545230388139e-08,2.5794243008192552e-07
_3053_,91.010000000000005,44.799999999999997,INV_X1,0,1,1,3.8155040016363273e-08,1.0686402163173625e-07,1.4353183530602109e-08,1.5937224517870163e-07
_3054_,61.18,30.800000000000001,AND2_X1,0,1,1,1.9670514106451265e-08,1.1784584863505643e-08,2.5066063003009731e-08,5.6521161972966638e-08
_3055_,67.069999999999993,23.800000000000001,AOI21_X1,0,1,1,6.6107865848152869e-08,3.5423289546088199e-07,2.7858394702207079e-08,4.4819915601124194e-07
_3056_,63.460000000000001,30.800000000000001,MUX2_X1,0,1,1,1.1854794479404518e-07,3.6027299188390316e-07,3.5928387376316095e-08,5.1474932405426443e-07
_3057_,87.019999999999996,21,XOR2_X1,0,1,1,7.1153792191580578e-08,1.0142630202381042e-07,3.6163719130399841e-08,2.0874381334579084e-07
_3058_,76,19.600000000000001,AOI222_X1,0,1,1,7.8778796819278796e-08,3.2511302094917482e-08,4.7398827973665902e-08,1.5868892688786218e-07
_3059_,79.989999999999995,21,OAI21_X1,0,1,1,5.7723081425820055e-08,2.6715960999013078e-08,2.2619392581191278e-08,1.0705843500602441e-07
_3060_,72.579999999999998,29.399999999999999,INV_X1,0,1,1,2.8200737745009974e-08,1.722794138458994e-07,1.4353183530602109e-08,2.1483333512151148e-07
_3061_,73.340000000000003,21,OAI22_X1,0,1,1,6.6976021173559275e-08,1.2494390944084444e-07,3.4026122364139155e-08,2.2594605297854287e-07
_3062_,84.739999999999995,29.399999999999999,AOI22_X1,0,1,1,7.6675831905959058e-08,5.5536659715471615e-08,3.2611943368010543e-08,1.6482443498944122e-07
_3063_,86.069999999999993,28,XNOR2_X1,0,1,1,1.1209742467599426e-07,1.1537157007524002e-07,3.644100843303022e-08,2.639100031842645e-07
_3064_,87.969999999999999,28,NOR2_X1,0,1,1,5.6671161985377694e-08,1.9592928879319516e-07,2.1199545230388139e-08,2.7379999600896099e-07
_3065_,87.019999999999996,47.600000000000001,NOR2_X1,0,1,1,5.3858919102367508e-08,5.4976577956722394e-08,2.1199545230388139e-08,1.3003504228947804e-07
_3066_,84.359999999999999,51.799999999999997,NAND3_X1,0,1,1,3.4829888306830981e-08,5.8138436287435979e-08,1.8104767463000826e-08,1.1107309205726779e-07
_3067_,91.959999999999994,43.399999999999999,AOI21_X1,0,1,1,2.7954410342090341e-08,2.8667351159583632e-08,2.7858394702207079e-08,8.4480156203881052e-08
_3068_,85.879999999999995,47.600000000000001,AOI211_X1,0,1,1,2.6507018802135462e-08,3.7985319778499615e-08,3.4565712070389054e-08,9.9058050651024132e-08
_3069_,88.159999999999997,58.799999999999997,NAND2_X1,0,1,1,2.2328887183675761e-08,1.7909430383156177e-08,1.7393359641459938e-08,5.7631677208291876e-08
_3070_,87.400000000000006,56,NAND2_X1,0,1,1,1.8194524997738881e-08,6.3003312789078336e-08,1.7393359641459938e-08,9.8591197428277155e-08
_3071_,91.010000000000005,50.399999999999999,INV_X1,0,1,1,1.3139833221487152e-08,1.4054601926716259e-08,1.4353183530602109e-08,4.154761867880552e-08
_3072_,80.370000000000005,50.399999999999999,NAND2_X1,0,1,1,2.1725066190469988e-08,8.7672916038172843e-08,1.7393359641459938e-08,1.2679134187010277e-07
_3073_,98.799999999999997,43.399999999999999,NAND2_X1,0,1,1,2.7119970269495752e-08,4.0624584585202683e-08,1.7393359641459938e-08,8.5137914496158373e-08
_3074_,88.540000000000006,28,NAND2_X1,0,1,1,2.5942210157836598e-08,2.365161222428469e-08,1.7393359641459938e-08,6.6987182023581227e-08
_3075_,84.739999999999995,25.199999999999999,INV_X1,0,1,1,1.5841811418226825e-08,6.0732844531230512e-08,1.4353183530602109e-08,9.0927839480059447e-08
_3076_,87.400000000000006,37.799999999999997,NAND2_X1,0,1,1,2.1253708126778292e-08,3.7627977178544825e-08,1.7393359641459938e-08,7.6275044946783055e-08
_3077_,89.299999999999997,33.600000000000001,AND2_X1,0,1,1,4.3452779152630683e-08,5.3491021390073001e-08,2.5066063003009731e-08,1.2200986354571342e-07
_3078_,91.200000000000003,33.600000000000001,AOI22_X1,0,1,1,3.5546349863579962e-08,3.0045594456851177e-08,3.2611943368010543e-08,9.8203887688441682e-08
_3079_,85.120000000000005,42,NAND2_X1,0,1,1,2.7578098027447595e-08,5.886595033643971e-08,1.7393359641459938e-08,1.0383740800534724e-07
_3080_,88.349999999999994,36.399999999999999,AOI21_X1,0,1,1,5.122673485402629e-08,5.723732598994502e-08,2.7858394702207079e-08,1.3632245554617839e-07
_3081_,87.780000000000001,54.600000000000001,OAI21_X1,0,1,1,4.2162749736007754e-08,5.4522388381883502e-08,2.2619392581191278e-08,1.1930453069908253e-07
_3082_,90.819999999999993,56,INV_X1,0,1,1,1.9805597162303457e-08,3.9242554095153537e-08,1.4353183530602109e-08,7.3401334788059103e-08
_3083_,86.260000000000005,72.799999999999997,NOR2_X1,0,1,1,1.1687079748412543e-08,3.6240656697827944e-08,2.1199545230388139e-08,6.9127281676628627e-08
_3084_,86.260000000000005,70,INV_X1,0,1,1,9.2578318344749277e-09,1.0136472994304313e-08,1.4353183530602109e-08,3.374748835938135e-08
_3085_,83.030000000000001,70,NAND2_X1,0,1,1,1.3401662002365811e-08,1.1039314351535268e-08,1.7393359641459938e-08,4.1834335995361016e-08
_3086_,84.930000000000007,70,OAI21_X1,0,1,1,2.4437730061777074e-08,1.3310145874356749e-08,2.2619392581191278e-08,6.0367268517325101e-08
_3087_,80.75,65.799999999999997,NAND2_X1,0,1,1,1.2923552006327554e-08,3.1000812583670267e-08,1.7393359641459938e-08,6.131772423145776e-08
_3088_,85.689999999999998,65.799999999999997,OAI22_X1,0,1,1,2.4986814395333568e-08,1.4855822350057224e-08,3.4026122364139155e-08,7.3868759109529947e-08
_3089_,77.709999999999994,68.599999999999994,OR2_X1,0,1,1,3.8585209694019795e-08,3.7772057481788579e-08,2.269497301199408e-08,9.9052240187802454e-08
_3090_,86.069999999999993,74.200000000000003,OR2_X1,0,1,1,5.0171124144071655e-08,4.797707475745483e-08,2.269497301199408e-08,1.2084317191352056e-07
_3091_,86.640000000000001,77,OAI21_X1,0,1,1,3.7504932492993248e-08,5.6699885675470796e-08,2.2619392581191278e-08,1.1682421074965532e-07
_3092_,76,81.200000000000003,NAND2_X1,0,1,1,2.8610267932549505e-08,6.1345431845438725e-08,1.7393359641459938e-08,1.0734905941944817e-07
_3093_,83.790000000000006,75.599999999999994,AOI21_X1,0,1,1,4.4361783579915937e-08,4.7279410608780381e-08,2.7858394702207079e-08,1.194995888909034e-07
_3094_,81.319999999999993,81.200000000000003,OR2_X1,0,1,1,5.3419093148932006e-08,6.6370041906793631e-08,2.269497301199408e-08,1.4248410806771972e-07
_3095_,79.230000000000004,86.799999999999997,NOR2_X1,0,1,1,3.1672879430288958e-08,3.0575701970292357e-08,2.1199545230388139e-08,8.3448126630969455e-08
_3096_,84.549999999999997,86.799999999999997,NOR2_X1,0,1,1,2.8255985995429e-08,1.0082591472837521e-07,2.1199545230388139e-08,1.5028144595419235e-07
_3097_,81.129999999999995,85.400000000000006,OAI33_X1,0,1,1,5.9133547836154321e-08,8.5549928030559386e-08,4.8313957279333408e-08,1.9299743314604711e-07
_3098_,67.260000000000005,100.8,AOI21_X1,0,1,1,4.6202266901218536e-08,2.3508720303766495e-08,2.7858394702207079e-08,9.756938190719211e-08
_3099_,65.739999999999995,100.8,OAI21_X1,0,1,1,4.4665647180863743e-08,5.8121376156350379e-08,2.2619392581191278e-08,1.254064159184054e-07
_3100_,63.840000000000003,100.8,AOI21_X1,0,1,1,5.106762657192121e-08,5.5860855496803197e-08,2.7858394702207079e-08,1.3478687677093149e-07
_3101_,62.890000000000001,100.8,NOR2_X1,0,1,1,1.499187085585163e-08,1.1290613777248382e-08,2.1199545230388139e-08,4.7482029863488151e-08
_3102_,25.84,70,NOR2_X1,0,1,1,3.0504285319921109e-08,4.6930427544111808e-08,2.1199545230388139e-08,9.8634258094421057e-08
_3103_,37.240000000000002,68.599999999999994,OR2_X1,0,1,1,5.5046719182882953e-08,4.7991869678298826e-07,2.269497301199408e-08,5.576603889778653e-07
_3104_,24.129999999999999,71.400000000000006,NAND3_X1,0,1,1,3.2910005387520869e-08,1.8065266615963083e-08,1.8104767463000826e-08,6.9080039466484777e-08
_3105_,24.32,72.799999999999997,OAI211_X1,0,1,1,6.3310878317679453e-08,1.4178540652665106e-07,2.2039131408746471e-08,2.2713541625307698e-07
_3106_,19,98,NOR4_X1,0,1,1,1.1830517898658854e-08,5.8897917654121557e-09,3.2601473520799118e-08,5.0321783184870128e-08
_3107_,14.82,91,NOR4_X1,0,1,1,3.504491985495406e-08,2.0109595766371058e-08,3.2601473520799118e-08,8.7755989142124236e-08
_3108_,11.210000000000001,103.59999999999999,NOR4_X1,0,1,1,3.4195835496575455e-08,2.4116742380897449e-08,3.2601473520799118e-08,9.0914051398272022e-08
_3109_,15.01,92.400000000000006,NOR4_X1,0,1,1,1.1840523228556776e-08,6.810979336080436e-09,3.2601473520799118e-08,5.125297608543633e-08
_3110_,15.960000000000001,96.599999999999994,NAND4_X1,0,1,1,1.3265887943703092e-08,7.8583370921592177e-09,1.8126844025800892e-08,3.9251069061663202e-08
_3111_,6.6500000000000004,93.799999999999997,NOR2_X1,0,1,1,3.6955071891497937e-08,2.9817002200616116e-08,2.1199545230388139e-08,8.7971619322502193e-08
_3112_,6.6500000000000004,89.599999999999994,NOR4_X1,0,1,1,1.4999237407664623e-08,7.9173085865136272e-09,3.2601473520799118e-08,5.5518019514977368e-08
_3113_,7.9800000000000004,89.599999999999994,NOR4_X1,0,1,1,3.4102306756267353e-08,1.8767837062227954e-08,3.2601473520799118e-08,8.5471617339294426e-08
_3114_,9.1199999999999992,84,NOR4_X1,0,1,1,3.573227047581895e-08,2.6128406105385693e-08,3.2601473520799118e-08,9.4462150102003761e-08
_3115_,7.5999999999999996,92.400000000000006,NAND4_X1,0,1,1,8.2268405421359603e-09,5.700349081649847e-09,1.8126844025800892e-08,3.20540336495867e-08
_3116_,15.960000000000001,89.599999999999994,NOR2_X1,0,1,1,2.1491635138204401e-09,2.8822939590611441e-09,2.1199545230388139e-08,2.6231002703269723e-08
_3117_,22.800000000000001,81.200000000000003,NOR2_X1,0,1,1,2.7492845333654259e-08,8.8091312022697821e-08,2.1199545230388139e-08,1.3678370258674022e-07
_3118_,27.550000000000001,77,NAND2_X1,0,1,1,3.9929389572535001e-08,6.3598051269764255e-08,1.7393359641459938e-08,1.2092080048375919e-07
_3119_,22.039999999999999,81.200000000000003,OAI21_X1,0,1,1,6.186604650793015e-08,1.155341138314725e-07,2.2619392581191278e-08,2.0001955292059392e-07
_3120_,22.039999999999999,82.599999999999994,NOR2_X1,0,1,1,4.5219344713132159e-08,3.727363662164862e-08,2.1199545230388139e-08,1.0369252656516892e-07
_3121_,21.280000000000001,67.200000000000003,AND2_X1,0,1,1,7.6581720520607632e-08,7.4212699985309882e-08,2.5066063003009731e-08,1.7586048350892725e-07
_3122_,30.780000000000001,81.200000000000003,INV_X1,0,1,1,2.5906233602768225e-08,7.4450142051318835e-08,1.4353183530602109e-08,1.1470955918468917e-07
_3123_,23.940000000000001,89.599999999999994,OAI21_X1,0,1,1,6.6667965370470483e-08,1.9548215846043604e-07,2.2619392581191278e-08,2.847695164120978e-07
_3124_,30.399999999999999,81.200000000000003,INV_X1,0,1,1,3.5765619799121851e-08,8.7365314982434938e-08,1.4353183530602109e-08,1.374841183121589e-07
_3125_,25.27,75.599999999999994,NOR3_X1,0,1,1,5.5324804293377383e-08,2.2077097128203604e-07,2.6831667554461092e-08,3.0292744312987452e-07
_3126_,34.200000000000003,71.400000000000006,NOR2_X1,0,1,1,1.2372736613031066e-08,3.2903290758667936e-08,2.1199545230388139e-08,6.6475572602087141e-08
_3127_,39.140000000000001,72.799999999999997,NAND2_X1,0,1,1,1.2816478545119026e-08,1.0232098723861327e-08,1.7393359641459938e-08,4.044193691044029e-08
_3128_,35.909999999999997,72.799999999999997,NAND2_X1,0,1,1,3.6672129777315376e-09,1.8617908992268895e-08,1.7393359641459938e-08,3.967848161146037e-08
_3129_,32.68,58.799999999999997,NOR2_X1,0,1,1,3.1585487558771774e-09,3.1632614305721063e-09,2.1199545230388139e-08,2.7521355416837423e-08
_3130_,38.380000000000003,65.799999999999997,NOR3_X2,0,1,1,1.5805727837658878e-09,4.95979346482045e-09,5.366325694922125e-08,6.0203623197807588e-08
_3131_,55.289999999999999,99.400000000000006,NAND4_X1,0,1,1,1.4490769695285621e-10,2.4242288731990413e-10,1.8126844025800892e-08,1.8514174610073653e-08
_3132_,51.299999999999997,103.59999999999999,XOR2_X1,0,1,1,6.311576328243973e-08,1.0421275931093987e-07,3.6163719130399841e-08,2.0349224172377944e-07
_3133_,34.770000000000003,102.2,AOI22_X1,0,1,1,3.9911789428970224e-08,1.9296749087516218e-08,3.2611943368010543e-08,9.1820481884496985e-08
_3134_,35.719999999999999,99.400000000000006,OAI221_X1,0,1,1,6.2880182838398468e-08,1.4695147321219793e-08,3.393766689896438e-08,1.1151299705858264e-07
_3135_,38.759999999999998,58.799999999999997,NOR2_X1,0,1,1,1.7414812647498223e-10,1.2406518867802419e-10,2.1199545230388139e-08,2.1497758545541146e-08
_3136_,37.240000000000002,71.400000000000006,NOR3_X2,0,1,1,8.2928545974692014e-11,1.2548644068299808e-10,5.366325694922125e-08,5.387167193587894e-08
_3137_,34.960000000000001,67.200000000000003,OAI21_X1,0,1,1,2.9612866825345918e-08,1.5731872693436344e-08,2.2619392581191278e-08,6.796413209997354e-08
_3138_,42.75,79.799999999999997,INV_X1,0,1,1,1.3123481856780472e-08,1.8085393094224855e-07,1.4353183530602109e-08,2.0833059632963113e-07
_3139_,38.759999999999998,67.200000000000003,NAND2_X1,0,1,1,3.9986872479857993e-08,8.9373500600231637e-08,1.7393359641459938e-08,1.4675373272154957e-07
_3140_,38,68.599999999999994,NOR2_X1,0,1,1,4.7192052932132356e-08,1.1984138836851344e-07,2.1199545230388139e-08,1.8823298653103393e-07
_3141_,40.469999999999999,72.799999999999997,NAND2_X1,0,1,1,4.630049943443737e-08,1.5704640077274234e-07,1.7393359641459938e-08,2.2074025984863965e-07
_3142_,37.619999999999997,64.400000000000006,NOR2_X1,0,1,1,3.3406500676846917e-08,7.1863929917981295e-08,2.1199545230388139e-08,1.2646997582521635e-07
_3143_,48.07,71.400000000000006,NAND2_X1,0,1,1,2.9642880150504425e-08,1.1998217530617694e-07,1.7393359641459938e-08,1.670184150981413e-07
_3144_,40.850000000000001,64.400000000000006,NOR2_X1,0,1,1,2.1965547603031155e-08,1.4647437929227181e-08,2.1199545230388139e-08,5.7812530762646475e-08
_3145_,37.810000000000002,63,NAND2_X1,0,1,1,2.1364892077713193e-08,1.6625814680537587e-07,1.7393359641459938e-08,2.05016398524549e-07
_3146_,40.280000000000001,64.400000000000006,NOR2_X1,0,1,1,1.4342059984073785e-08,6.0656693001703843e-09,2.1199545230388139e-08,4.1607274514632309e-08
_3147_,37.240000000000002,61.600000000000001,NAND2_X1,0,1,1,1.3654354091841014e-08,1.5455185575774522e-07,1.7393359641459938e-08,1.8559956949104617e-07
_3148_,38.57,74.200000000000003,NOR2_X1,0,1,1,2.4731116710086098e-08,8.0853936879066168e-08,2.1199545230388139e-08,1.2678459881954041e-07
_3149_,39.710000000000001,72.799999999999997,NOR2_X1,0,1,1,3.3207186334038852e-08,3.4153026717831381e-07,2.1199545230388139e-08,3.959369987427408e-07
_3150_,34.770000000000003,71.400000000000006,NAND2_X1,0,1,1,3.3664235843389179e-08,3.4118190228582534e-07,1.7393359641459938e-08,3.9223949777067446e-07
_3151_,36.479999999999997,72.799999999999997,NOR2_X1,0,1,1,5.9390480089405173e-08,1.2717399044959166e-07,2.1199545230388139e-08,2.0776401576938497e-07
_3152_,36.100000000000001,74.200000000000003,NOR3_X1,0,1,1,7.2087047442437324e-08,3.9783856209396617e-08,2.6831667554461092e-08,1.3870257120629503e-07
_3153_,35.719999999999999,75.599999999999994,OAI21_X1,0,1,1,4.2040419145905616e-08,5.5737718440695971e-08,2.2619392581191278e-08,1.2039753016779287e-07
_3154_,56.43,85.400000000000006,INV_X1,0,1,1,1.9434606812751554e-08,3.0193928068911191e-07,1.4353183530602109e-08,3.3572707103246557e-07
_3155_,44.270000000000003,67.200000000000003,AOI21_X1,0,1,1,5.7043870071993297e-08,2.3660297188143886e-07,2.7858394702207079e-08,3.2150523665563924e-07
_3156_,50.920000000000002,92.400000000000006,INV_X1,0,1,1,2.6764702454329381e-08,2.8026070708619955e-07,1.4353183530602109e-08,3.2137859307113104e-07
_3157_,54.340000000000003,109.2,NOR2_X1,0,1,1,6.8751866422189778e-09,6.8993553092866478e-09,2.1199545230388139e-08,3.4974087181893765e-08
_3158_,22.800000000000001,65.799999999999997,NOR3_X2,0,1,1,1.1023284685052204e-07,5.7772489014951134e-08,5.366325694922125e-08,2.2166859281469442e-07
_3159_,33.25,71.400000000000006,NAND3_X1,0,1,1,5.0587864564022311e-08,4.6371835082936741e-07,1.8104767463000826e-08,5.3241098285639055e-07
_3160_,33.439999999999998,77,NOR2_X1,0,1,1,1.3387664310471337e-08,3.730669106971618e-08,2.1199545230388139e-08,7.1893900610575656e-08
_3161_,36.479999999999997,77,NAND2_X1,0,1,1,1.4691400096467078e-08,4.3154390283461908e-08,1.7393359641459938e-08,7.5239150021388923e-08
_3162_,41.420000000000002,79.799999999999997,NAND2_X1,0,1,1,4.0865608674778287e-09,3.2856559695204623e-09,1.7393359641459938e-08,2.4765576478458229e-08
_3163_,36.479999999999997,75.599999999999994,AOI21_X1,0,1,1,2.4388572938960351e-08,1.1864324278576532e-07,2.7858394702207079e-08,1.7089021042693275e-07
_3164_,40.090000000000003,75.599999999999994,NAND2_X1,0,1,1,1.4098010758800683e-08,2.4663458475515654e-07,1.7393359641459938e-08,2.7812595515541716e-07
_3165_,55.289999999999999,50.399999999999999,NOR2_X1,0,1,1,5.427777782784915e-09,4.5926555003461544e-08,2.1199545230388139e-08,7.2553878016634599e-08
_3166_,87.780000000000001,77,NAND2_X1,0,1,1,5.3865978344447285e-09,5.653010148876092e-08,1.7393359641459938e-08,7.9310058964665586e-08
_3167_,53.390000000000001,99.400000000000006,AOI22_X1,0,1,1,4.4579390845456146e-08,2.7710905570188515e-08,3.2611943368010543e-08,1.049022397836552e-07
_3168_,48.640000000000001,103.59999999999999,AOI21_X1,0,1,1,9.3855057059499813e-09,6.0613265517872605e-09,2.7858394702207079e-08,4.3305226959944321e-08
_3169_,50.350000000000001,100.8,OAI211_X1,0,1,1,5.4911382108002726e-08,8.8969088096746418e-08,2.2039131408746471e-08,1.6591960161349562e-07
_3170_,61.560000000000002,102.2,INV_X1,0,1,1,2.5007649284702893e-08,3.0029440267753671e-08,1.4353183530602109e-08,6.9390273083058673e-08
_3171_,62.700000000000003,102.2,AOI211_X1,0,1,1,9.3852477789369004e-08,4.617793791794611e-08,3.4565712070389054e-08,1.7459612777770417e-07
_3172_,57.380000000000003,102.2,NAND3_X1,0,1,1,4.779791140663292e-08,7.3398418010128808e-08,1.8104767463000826e-08,1.3930109687976255e-07
_3173_,43.130000000000003,71.400000000000006,AND2_X1,0,1,1,3.7852185386100246e-08,2.4830379175000417e-07,2.5066063003009731e-08,3.1122204013911414e-07
_3174_,38,74.200000000000003,NAND2_X1,0,1,1,1.935743121350697e-08,1.7754658188096073e-07,1.7393359641459938e-08,2.1429737273592764e-07
_3175_,64.030000000000001,78.400000000000006,NOR2_X1,0,1,1,4.1773660086619202e-09,2.4514731578051396e-08,2.1199545230388139e-08,4.9891642817101456e-08
_3176_,40.469999999999999,22.399999999999999,NAND2_X1,0,1,1,4.1290157959394946e-09,2.62993413713275e-08,1.7393359641459938e-08,4.7821716808726933e-08
_3177_,63.649999999999999,102.2,OAI22_X1,0,1,1,5.4522271142332102e-08,2.8957632736137384e-08,3.4026122364139155e-08,1.1750602624260864e-07
_3178_,68.019999999999996,103.59999999999999,NOR3_X1,0,1,1,1.8929897649400118e-08,1.3520321751059328e-08,2.6831667554461092e-08,5.9281886954920537e-08
_3179_,63.460000000000001,105,NOR3_X1,0,1,1,3.7689623866299371e-08,1.6997722340761356e-08,2.6831667554461092e-08,8.1519013761521819e-08
_3180_,59.850000000000001,100.8,OAI21_X1,0,1,1,5.4970215046523663e-08,6.1143651919337572e-08,2.2619392581191278e-08,1.3873325954705251e-07
_3181_,34.200000000000003,84,AND2_X1,0,1,1,4.8159826349092327e-08,2.0292165459068201e-07,2.5066063003009731e-08,2.7614754394278407e-07
_3182_,35.530000000000001,78.400000000000006,NAND2_X1,0,1,1,2.6846368683663968e-08,1.3868657333659939e-07,1.7393359641459938e-08,1.829263016617233e-07
_3183_,56.810000000000002,96.599999999999994,AOI22_X1,0,1,1,7.4905592839513702e-08,9.4119108950962982e-08,3.2611943368010543e-08,2.0163664515848723e-07
_3184_,45.219999999999999,89.599999999999994,XNOR2_X1,0,1,1,9.6712099661999673e-08,7.1785400734825089e-08,3.644100843303022e-08,2.0493850882985498e-07
_3185_,49.590000000000003,88.200000000000003,AOI22_X1,0,1,1,4.178441770363861e-08,4.5431278294927324e-08,3.2611943368010543e-08,1.1982763936657648e-07
_3186_,53.960000000000001,93.799999999999997,XNOR2_X1,0,1,1,1.0244703929629395e-07,8.402614071201242e-08,3.644100843303022e-08,2.2291418844133659e-07
_3187_,53.770000000000003,98,NAND3_X1,0,1,1,5.3086102180799344e-10,4.8500908844673063e-10,1.8104767463000826e-08,1.912063757325555e-08
_3188_,26.41,93.799999999999997,AOI222_X1,0,1,1,7.4903006463955535e-08,5.0472067414375488e-08,4.7398827973665902e-08,1.7277390185199692e-07
_3189_,35.719999999999999,102.2,OAI21_X1,0,1,1,5.1428379777007649e-08,2.7801087298939819e-07,2.2619392581191278e-08,3.5205864534759712e-07
_3190_,51.109999999999999,107.8,NAND2_X1,0,1,1,4.2700212810053984e-10,3.5939765052894757e-10,1.7393359641459938e-08,1.8179759420089425e-08
_3191_,51.109999999999999,95.200000000000003,AOI22_X1,0,1,1,4.4933315734851931e-08,2.5975047890369751e-08,3.2611943368010543e-08,1.0352030699323223e-07
_3192_,51.299999999999997,99.400000000000006,OAI21_X1,0,1,1,4.7306503603294914e-08,4.5145700511284304e-08,2.2619392581191278e-08,1.1507159669577049e-07
_3193_,57,95.200000000000003,AOI21_X1,0,1,1,5.2327905564197863e-08,3.0082723867508321e-08,2.7858394702207079e-08,1.1026902413391326e-07
_3194_,59.090000000000003,102.2,OR3_X1,0,1,1,4.3716879005728515e-09,1.8084038710952655e-09,2.4414624988366995e-08,3.0594716760035112e-08
_3195_,58.140000000000001,102.2,NAND4_X1,0,1,1,5.7725952018472526e-08,2.6231214533822822e-08,1.8126844025800892e-08,1.0208401057809624e-07
_3196_,19,74.200000000000003,NAND2_X1,0,1,1,2.5261044811486499e-08,4.6839826950417773e-07,1.7393359641459938e-08,5.1105267395712417e-07
_3197_,7.79,96.599999999999994,AND2_X1,0,1,1,5.8224173926646472e-08,2.2948468014760692e-08,2.5066063003009731e-08,1.062387049444169e-07
_3198_,7.2199999999999998,95.200000000000003,AND2_X1,0,1,1,5.6421615823865068e-08,1.6412682768418563e-08,2.5066063003009731e-08,9.7900361595293361e-08
_3199_,12.16,96.599999999999994,AND2_X1,0,1,1,5.8265086977371539e-08,3.5895347139103251e-08,2.5066063003009731e-08,1.1922649711948452e-07
_3200_,6.6500000000000004,92.400000000000006,AND2_X1,0,1,1,5.5688211375581886e-08,1.6182664097641464e-08,2.5066063003009731e-08,9.6936938476233081e-08
_3201_,6.0800000000000001,88.200000000000003,AND2_X1,0,1,1,5.5667729981223601e-08,1.6480628417525622e-08,2.5066063003009731e-08,9.7214421401758955e-08
_3202_,6.8399999999999999,86.799999999999997,AND2_X1,0,1,1,5.6300248019169885e-08,1.6498953314680875e-08,2.5066063003009731e-08,9.7865264336860491e-08
_3203_,8.1699999999999999,84,AND2_X1,0,1,1,5.5921216102206017e-08,1.6514789535904129e-08,2.5066063003009731e-08,9.7502068641119877e-08
_3204_,14.44,84,AND2_X1,0,1,1,6.0136912338748516e-08,2.8152568276595957e-08,2.5066063003009731e-08,1.133555436183542e-07
_3205_,16.719999999999999,85.400000000000006,AND2_X1,0,1,1,5.8916619138926762e-08,2.0486970342403765e-08,2.5066063003009731e-08,1.0446965248434026e-07
_3206_,11.02,78.400000000000006,AND2_X1,0,1,1,6.109638661655481e-08,4.4998966330922485e-08,2.5066063003009731e-08,1.3116141595048703e-07
_3207_,12.73,88.200000000000003,AND2_X1,0,1,1,5.5639254981088015e-08,1.534592897201037e-08,2.5066063003009731e-08,9.6051246956108116e-08
_3208_,13.300000000000001,91,AND2_X1,0,1,1,5.6169227491409401e-08,1.6459440033145256e-08,2.5066063003009731e-08,9.7694730527564388e-08
_3209_,12.35,93.799999999999997,AND2_X1,0,1,1,5.7821580412564799e-08,3.0757153268723414e-08,2.5066063003009731e-08,1.1364479668429794e-07
_3210_,21.469999999999999,92.400000000000006,AND2_X1,0,1,1,5.9184515066590393e-08,3.6792386026718304e-08,2.5066063003009731e-08,1.2104296409631843e-07
_3211_,14.06,91,AND2_X1,0,1,1,5.7356562166432923e-08,2.7590717266434694e-08,2.5066063003009731e-08,1.1001334243587735e-07
_3212_,15.01,100.8,AND2_X1,0,1,1,5.8715052375646337e-08,2.613653116156911e-08,2.5066063003009731e-08,1.0991764654022518e-07
_3213_,20.710000000000001,92.400000000000006,AND2_X1,0,1,1,5.7952743048872435e-08,1.7720946487997935e-08,2.5066063003009731e-08,1.007397525398801e-07
_3214_,21.09,91,AND2_X1,0,1,1,5.8129636215653591e-08,1.653477710306106e-08,2.5066063003009731e-08,9.9730476321724382e-08
_3215_,22.039999999999999,95.200000000000003,AND2_X1,0,1,1,5.7999120173235497e-08,2.3596026466066178e-08,2.5066063003009731e-08,1.0666120964231141e-07
_3216_,22.039999999999999,98,AND2_X1,0,1,1,5.824038140644916e-08,2.6888418602766251e-08,2.5066063003009731e-08,1.1019486301222514e-07
_3217_,21.280000000000001,98,AND2_X1,0,1,1,5.7982539658496535e-08,2.2608059424555904e-08,2.5066063003009731e-08,1.0565666208606217e-07
_3218_,20.329999999999998,98,AND2_X1,0,1,1,5.8596199892235745e-08,2.6910466743856887e-08,2.5066063003009731e-08,1.1057272963910236e-07
_3219_,17.670000000000002,98,AND2_X1,0,1,1,5.7547921983314154e-08,1.6604047914370312e-08,2.5066063003009731e-08,9.9218032900694197e-08
_3220_,8.7400000000000002,107.8,AND2_X1,0,1,1,5.9675130614778027e-08,3.6881242948538784e-08,2.5066063003009731e-08,1.2162243656632654e-07
_3221_,14.25,96.599999999999994,AND2_X1,0,1,1,5.7416485788053251e-08,1.7883035496879529e-08,2.5066063003009731e-08,1.0036558428794251e-07
_3222_,20.329999999999998,95.200000000000003,AND2_X1,0,1,1,5.9375345529133483e-08,3.3290387335682681e-08,2.5066063003009731e-08,1.1773179586782589e-07
_3223_,8.7400000000000002,99.400000000000006,AND2_X1,0,1,1,5.8242665801344629e-08,2.0330544359126179e-08,2.5066063003009731e-08,1.0363927316348054e-07
_3224_,2.0899999999999999,99.400000000000006,AND2_X1,0,1,1,5.8060209084942471e-08,3.4218555100551384e-08,2.5066063003009731e-08,1.1734482718850359e-07
_3225_,11.4,96.599999999999994,AND2_X1,0,1,1,5.8939939151514409e-08,2.9669747547700354e-08,2.5066063003009731e-08,1.1367574970222449e-07
_3226_,5.7000000000000002,96.599999999999994,AND2_X1,0,1,1,5.7023342492357187e-08,2.5387249635855369e-08,2.5066063003009731e-08,1.0747665513122229e-07
_3227_,9.8800000000000008,75.599999999999994,NOR2_X1,0,1,1,4.4770516183234577e-09,1.8170799309658037e-09,2.1199545230388139e-08,2.7493676779677401e-08
_3228_,12.92,46.200000000000003,NAND2_X1,0,1,1,3.5903813255799832e-09,2.6124396867999167e-08,1.7393359641459938e-08,4.7108137835039088e-08
_3229_,10.26,56,NOR2_X1,0,1,1,3.9156688558250607e-08,3.7648785422561559e-08,2.1199545230388139e-08,9.8005019211200306e-08
_3230_,10.83,54.600000000000001,NOR4_X1,0,1,1,1.5152018528752365e-09,9.0470325675440222e-10,3.2601473520799118e-08,3.5021378630428757e-08
_3231_,10.83,57.399999999999999,NOR4_X1,0,1,1,8.4677287404133494e-09,5.998110896854314e-09,3.2601473520799118e-08,4.7067313158066781e-08
_3232_,14.25,56,NAND3_X1,0,1,1,1.4036821835081148e-12,1.8264263799278035e-12,1.8104767463000826e-08,1.8107997571564262e-08
_3233_,24.510000000000002,51.799999999999997,OAI21_X1,0,1,1,2.5328724007067649e-08,1.9687215413455306e-08,2.2619392581191278e-08,6.7635332001714232e-08
_3234_,44.079999999999998,57.399999999999999,XNOR2_X1,0,1,1,1.0176818676654875e-07,1.0747140066769134e-07,3.644100843303022e-08,2.4568059586727031e-07
_3235_,48.829999999999998,61.600000000000001,NAND2_X1,0,1,1,1.0769373837149487e-08,2.8557900932923985e-08,1.7393359641459938e-08,5.672063441153341e-08
_3236_,46.170000000000002,50.399999999999999,AOI22_X1,0,1,1,5.7524264462927022e-08,2.621205652530989e-08,3.2611943368010543e-08,1.1634826435624745e-07
_3237_,45.219999999999999,49,AOI22_X1,0,1,1,2.8772786375697024e-09,1.1534906363408481e-09,3.2611943368010543e-08,3.6642712641921094e-08
_3238_,46.170000000000002,49,NAND2_X1,0,1,1,3.0516407178993177e-08,8.1571030818849977e-08,1.7393359641459938e-08,1.2948079763930309e-07
_3239_,38.57,47.600000000000001,NOR2_X1,0,1,1,4.735988667903257e-08,1.1262405053003022e-07,2.1199545230388139e-08,1.8118348243945093e-07
_3240_,38.57,42,NAND2_X1,0,1,1,3.5013904664538131e-08,7.6739254950553004e-08,1.7393359641459938e-08,1.2914651925655107e-07
_3241_,37.43,47.600000000000001,XNOR2_X1,0,1,1,8.1854594213837117e-08,6.2720573623664677e-08,3.644100843303022e-08,1.8101617627053201e-07
_3242_,32.299999999999997,74.200000000000003,NAND2_X1,0,1,1,2.5617138632583192e-08,9.3322093164260878e-08,1.7393359641459938e-08,1.3633259143830401e-07
_3243_,25.649999999999999,82.599999999999994,AOI21_X1,0,1,1,3.5389611241498642e-08,4.8734037250142137e-08,2.7858394702207079e-08,1.1198204319384786e-07
_3244_,24.129999999999999,82.599999999999994,NOR2_X1,0,1,1,7.1372312504536239e-09,6.7363920663865429e-08,2.1199545230388139e-08,9.5700697144707192e-08
_3245_,30.969999999999999,78.400000000000006,OR2_X2,0,1,1,2.8486155656537449e-08,2.2831324031358236e-07,4.5656022962248244e-08,3.0245541893236805e-07
_3246_,50.350000000000001,78.400000000000006,NOR3_X2,0,1,1,1.1218451723138401e-09,4.3150221173959835e-09,5.366325694922125e-08,5.9100124238931073e-08
_3247_,37.049999999999997,77,NAND3_X1,0,1,1,5.438693384540727e-10,2.541769461572585e-09,1.8104767463000826e-08,2.1190406263027484e-08
_3248_,35.719999999999999,61.600000000000001,NOR3_X2,0,1,1,8.6353785233583835e-11,2.6079135378997975e-11,5.366325694922125e-08,5.3775689869833831e-08
_3249_,32.109999999999999,16.800000000000001,INV_X1,0,1,1,2.5418786867015264e-11,1.1267797112024525e-10,1.4353183530602109e-08,1.449128028858937e-08
_3250_,44.649999999999999,64.400000000000006,NOR2_X1,0,1,1,6.0015556968551209e-09,2.0728707639250388e-08,2.1199545230388139e-08,4.7929808566493648e-08
_3251_,37.810000000000002,65.799999999999997,NAND2_X1,0,1,1,5.9007954078538205e-09,3.8261273260786766e-08,1.7393359641459938e-08,6.1555428310100524e-08
_3252_,41.990000000000002,71.400000000000006,AND2_X1,0,1,1,3.0494092584376631e-08,2.4525030895006239e-08,2.5066063003009731e-08,8.0085186482392601e-08
_3253_,42.939999999999998,68.599999999999994,AOI21_X1,0,1,1,3.7588229417906405e-08,1.3980790924961184e-07,2.7858394702207079e-08,2.0525453336972532e-07
_3254_,43.890000000000001,64.400000000000006,AND2_X1,0,1,1,5.886420240130974e-08,3.9202564039442223e-07,2.5066063003009731e-08,4.759559057987417e-07
_3255_,41.799999999999997,63,NAND2_X1,0,1,1,3.0852213228627079e-08,5.2172651976434281e-07,1.7393359641459938e-08,5.6997209263442983e-07
_3256_,42.369999999999997,46.200000000000003,NOR3_X1,0,1,1,3.1279341783374548e-08,2.4922863772758319e-08,2.6831667554461092e-08,8.3033873110593959e-08
_3257_,44.079999999999998,44.799999999999997,NAND2_X1,0,1,1,2.2468499949468423e-08,9.4622514268394298e-08,1.7393359641459938e-08,1.3448437385932266e-07
_3258_,48.640000000000001,44.799999999999997,OAI21_X1,0,1,1,5.1187146965503416e-08,1.4637936374128913e-07,2.2619392581191278e-08,2.2018590328798382e-07
_3259_,43.509999999999998,44.799999999999997,INV_X1,0,1,1,2.8052115297327873e-08,6.6209345561674127e-08,1.4353183530602109e-08,1.0861464438960411e-07
_3260_,45.030000000000001,43.399999999999999,NAND2_X1,0,1,1,5.1624237329406242e-08,2.1560595087066758e-07,1.7393359641459938e-08,2.8462354784153376e-07
_3261_,49.020000000000003,54.600000000000001,OAI21_X1,0,1,1,3.0626768676711436e-08,2.1241408632022285e-08,2.2619392581191278e-08,7.4487569889924998e-08
_3262_,45.789999999999999,47.600000000000001,OAI21_X1,0,1,1,4.8039467515081924e-08,5.5061796899735782e-08,2.2619392581191278e-08,1.2572065699600898e-07
_3263_,54.719999999999999,53.200000000000003,NOR3_X1,0,1,1,2.9340480267592284e-08,2.797805009890908e-08,2.6831667554461092e-08,8.4150197920962455e-08
_3264_,47.689999999999998,47.600000000000001,OAI21_X1,0,1,1,3.2475305999923876e-08,8.3077367207806674e-08,2.2619392581191278e-08,1.3817206578892183e-07
_3265_,31.73,42,XNOR2_X1,0,1,1,1.0977591102800943e-07,1.5826611843294813e-07,3.644100843303022e-08,3.0448303789398778e-07
_3266_,35.340000000000003,72.799999999999997,NOR2_X1,0,1,1,6.5100209667434683e-09,9.3003071910402468e-09,2.1199545230388139e-08,3.7009873388171854e-08
_3267_,33.25,60.200000000000003,NAND2_X1,0,1,1,6.8047234513812782e-09,1.62355142663273e-08,1.7393359641459938e-08,4.0433597359168516e-08
_3268_,43.32,67.200000000000003,NOR3_X1,0,1,1,2.5647935331107874e-08,7.3855531468325353e-08,2.6831667554461092e-08,1.2633513435389432e-07
_3269_,41.609999999999999,64.400000000000006,NAND2_X1,0,1,1,2.2835143553834314e-08,2.8863101420029125e-07,1.7393359641459938e-08,3.288595173955855e-07
_3270_,45.030000000000001,75.599999999999994,NOR2_X1,0,1,1,2.7180561801287695e-08,1.3098506279618505e-08,2.1199545230388139e-08,6.1478613311294339e-08
_3271_,49.590000000000003,77,NOR2_X1,0,1,1,5.8229339572335448e-08,5.8435499994402562e-08,2.1199545230388139e-08,1.3786438479712615e-07
_3272_,38.759999999999998,68.599999999999994,NAND2_X1,0,1,1,5.2946809603326983e-08,4.5806496018485632e-07,1.7393359641459938e-08,5.2840512942964324e-07
_3273_,50.729999999999997,77,NOR2_X1,0,1,1,5.4546546834899345e-08,2.7624525955616264e-07,2.1199545230388139e-08,3.5199135162145012e-07
_3274_,47.880000000000003,72.799999999999997,NAND2_X1,0,1,1,5.5538912135943974e-08,9.6040616881509777e-07,1.7393359641459938e-08,1.0333384405925017e-06
_3275_,41.420000000000002,42,OAI21_X1,0,1,1,2.837090562479716e-08,5.229971833387026e-08,2.2619392581191278e-08,1.032900165398587e-07
_3276_,44.270000000000003,46.200000000000003,NOR2_X1,0,1,1,2.3091377698847282e-08,4.1184666343951903e-08,2.1199545230388139e-08,8.5475589273187325e-08
_3277_,48.640000000000001,51.799999999999997,NAND2_X1,0,1,1,4.2685755374805012e-08,7.980760585724056e-08,1.7393359641459938e-08,1.3988672087350551e-07
_3278_,49.590000000000003,40.600000000000001,OAI33_X1,0,1,1,8.965424314055781e-08,9.1129408019696712e-08,4.8313957279333408e-08,2.2909760843958793e-07
_3279_,40.280000000000001,46.200000000000003,NAND2_X1,0,1,1,4.5208398802287775e-08,1.2964932238901383e-07,1.7393359641459938e-08,1.9225108083276155e-07
_3280_,40.850000000000001,46.200000000000003,XNOR2_X1,0,1,1,1.1033873903443236e-07,5.1432646586135888e-08,3.644100843303022e-08,1.9821239405359847e-07
_3281_,41.229999999999997,51.799999999999997,NAND2_X1,0,1,1,3.9062097556552544e-08,2.874359417148753e-08,1.7393359641459938e-08,8.5199051369500012e-08
_3282_,38.57,71.400000000000006,NOR2_X2,0,1,1,6.7348196353123058e-08,5.0528637984825764e-07,4.2399072697207885e-08,6.1503364889858858e-07
_3283_,36.670000000000002,71.400000000000006,NAND2_X1,0,1,1,3.4392357406431984e-08,3.5121163932672061e-07,1.7393359641459938e-08,4.0299735637461254e-07
_3284_,36.289999999999999,70,NOR2_X2,0,1,1,4.2347167550360609e-08,3.0826606689515756e-07,4.2399072697207885e-08,3.9301230714272606e-07
_3285_,41.039999999999999,49,AOI222_X1,0,1,1,8.2113572830166959e-08,2.79744352127409e-08,4.7398827973665902e-08,1.5748683601657376e-07
_3286_,39.140000000000001,49,OAI211_X1,0,1,1,8.7633232226380642e-08,1.0776731329542599e-07,2.2039131408746471e-08,2.1743967693055311e-07
_3287_,36.289999999999999,51.799999999999997,NAND2_X1,0,1,1,1.040509012284474e-09,9.6378460767709839e-10,1.7393359641459938e-08,1.939765326142151e-08
_3288_,28.879999999999999,44.799999999999997,AOI22_X1,0,1,1,4.6886217575092815e-08,5.6277475124488774e-08,3.2611943368010543e-08,1.3577563606759213e-07
_3289_,31.350000000000001,77,NOR2_X1,0,1,1,5.4273088245793133e-09,2.2462105508935792e-09,2.1199545230388139e-08,2.8873064605861032e-08
_3290_,35.909999999999997,77,NAND2_X1,0,1,1,4.8830708365699138e-09,8.9376278822328459e-08,1.7393359641459938e-08,1.1165270930035831e-07
_3291_,45.979999999999997,74.200000000000003,NOR2_X1,0,1,1,4.1223524593902994e-10,1.9075820090197482e-10,2.1199545230388139e-08,2.1802538677229144e-08
_3292_,46.93,82.599999999999994,OR2_X1,0,1,1,8.053597788659772e-10,7.179401517731776e-09,2.269497301199408e-08,3.0679734308591833e-08
_3293_,35.530000000000001,49,OAI22_X1,0,1,1,6.0086990938401641e-10,3.268786352705888e-10,3.4026122364139155e-08,3.495387090879376e-08
_3294_,35.149999999999999,50.399999999999999,AOI21_X1,0,1,1,6.5710958896403326e-10,5.6486865185334523e-10,2.7858394702207079e-08,2.9080372943024457e-08
_3295_,42.939999999999998,50.399999999999999,NAND3_X1,0,1,1,4.2088259988304344e-08,8.67780372004745e-08,1.8104767463000826e-08,1.4697106465177967e-07
_3296_,94.430000000000007,33.600000000000001,MUX2_X1,0,1,1,7.4452842113714723e-08,2.6439426648039444e-08,3.5928387376316095e-08,1.3682065613807026e-07
_3297_,96.519999999999996,32.200000000000003,MUX2_X1,0,1,1,7.4808262695569283e-08,2.243089625153516e-08,3.5928387376316095e-08,1.3316754632342054e-07
_3298_,100.89,35,MUX2_X1,0,1,1,7.4000702454668499e-08,1.9643376703015747e-08,3.5928387376316095e-08,1.2957246653400034e-07
_3299_,100.7,33.600000000000001,MUX2_X1,0,1,1,7.455814454715437e-08,3.074931598234798e-08,3.5928387376316095e-08,1.4123584790581845e-07
_3300_,40.850000000000001,107.8,MUX2_X1,0,1,1,6.612830105723333e-08,1.7097045557079582e-08,3.5928387376316095e-08,1.1915373399062901e-07
_3301_,27.550000000000001,78.400000000000006,MUX2_X1,0,1,1,6.7503172829219693e-08,1.8688393055299457e-08,3.5928387376316095e-08,1.2211995326083525e-07
_3302_,31.16,4.2000000000000002,MUX2_X1,0,1,1,7.2174991316842352e-08,1.8695653025702086e-08,3.5928387376316095e-08,1.2679903171886053e-07
_3303_,28.5,5.5999999999999996,MUX2_X1,0,1,1,7.2724198219020764e-08,2.1213176992773697e-08,3.5928387376316095e-08,1.2986576258811056e-07
_3304_,101.84,46.200000000000003,MUX2_X1,0,1,1,7.3724073956782377e-08,2.8216735614705613e-08,3.5928387376316095e-08,1.3786919694780408e-07
_3305_,103.36,42,MUX2_X1,0,1,1,7.4305077646386053e-08,2.7887717024555059e-08,3.5928387376316095e-08,1.3812118204725721e-07
_3306_,4.9400000000000004,70,NOR2_X2,0,1,1,7.1775843935029116e-08,3.300148136986536e-07,4.2399072697207885e-08,4.441897303308906e-07
_3307_,19.949999999999999,47.600000000000001,MUX2_X1,0,1,1,5.5442150426188164e-08,2.1879470679664337e-08,3.5928387376316095e-08,1.132500084821686e-07
_3308_,15.77,44.799999999999997,AOI21_X1,0,1,1,3.5081001215075958e-08,3.5771680728657884e-08,2.7858394702207079e-08,9.8711076645940921e-08
_3309_,27.93,50.399999999999999,INV_X1,0,1,1,1.6168923977488703e-08,1.8016599767634034e-08,1.4353183530602109e-08,4.8538707275724846e-08
_3310_,34.579999999999998,60.200000000000003,NOR2_X1,0,1,1,2.0680706924736114e-08,1.6907863553683455e-08,2.1199545230388139e-08,5.8788115708807709e-08
_3311_,34.579999999999998,65.799999999999997,AOI21_X1,0,1,1,8.4515427545284183e-08,3.5936029263439195e-08,2.7858394702207079e-08,1.4830985151093046e-07
_3312_,35.340000000000003,65.799999999999997,OAI21_X1,0,1,1,4.5257159797529312e-08,2.8667964002693225e-08,2.2619392581191278e-08,9.6544516381413814e-08
_3313_,27.359999999999999,82.599999999999994,AOI222_X1,0,1,1,7.0812262720210128e-08,1.7769419713431489e-08,4.7398827973665902e-08,1.3598051040730752e-07
_3314_,35.530000000000001,82.599999999999994,INV_X1,0,1,1,2.0587970439578385e-08,1.0817627327242008e-07,1.4353183530602109e-08,1.4311742724260057e-07
_3315_,47.310000000000002,70,NOR2_X4,0,1,1,1.9259184114162053e-07,1.1908701935681165e-06,8.4798138288988412e-08,1.4682601729987255e-06
_3316_,47.689999999999998,61.600000000000001,NAND2_X1,0,1,1,4.642676287858194e-08,6.9180345008135191e-07,1.7393359641459938e-08,7.5562357260139379e-07
_3317_,36.100000000000001,58.799999999999997,NOR2_X1,0,1,1,1.6915352674118367e-08,8.0926973566874949e-08,2.1199545230388139e-08,1.1904187147138146e-07
_3318_,29.260000000000002,77,NAND2_X1,0,1,1,1.4617658194993055e-08,4.5494651601529768e-08,1.7393359641459938e-08,7.750566943798276e-08
_3319_,36.289999999999999,81.200000000000003,MUX2_X1,0,1,1,8.7943263338274846e-08,6.1033247789055167e-08,3.5928387376316095e-08,1.8490489850364611e-07
_3320_,37.619999999999997,81.200000000000003,MUX2_X1,0,1,1,7.8859685004317726e-08,5.0203997403741596e-08,3.5928387376316095e-08,1.6499206978437542e-07
_3321_,40.280000000000001,79.799999999999997,NAND2_X1,0,1,1,2.6316186563235533e-08,2.1566672003814347e-08,1.7393359641459938e-08,6.5276218208509817e-08
_3322_,43.700000000000003,29.399999999999999,MUX2_X1,0,1,1,1.1239259833928372e-07,7.9693855070672726e-08,3.5928387376316095e-08,2.2801484078627254e-07
_3323_,43.700000000000003,28,NOR2_X1,0,1,1,3.0146519947038541e-08,1.8989268824043393e-08,2.1199545230388139e-08,7.0335334001470073e-08
_3324_,44.270000000000003,28,AOI21_X1,0,1,1,7.1622480390942656e-08,8.8572598144764925e-08,2.7858394702207079e-08,1.8805347323791466e-07
_3325_,45.789999999999999,33.600000000000001,MUX2_X1,0,1,1,1.1252724618771026e-07,7.9733318614216842e-08,3.5928387376316095e-08,2.281889521782432e-07
_3326_,44.079999999999998,35,MUX2_X1,0,1,1,1.0181108933693395e-07,8.0077612096829398e-08,3.5928387376316095e-08,2.1781708881007944e-07
_3327_,46.740000000000002,32.200000000000003,NOR2_X1,0,1,1,3.348773702782637e-08,3.181883201364144e-08,2.1199545230388139e-08,8.6506114271855949e-08
_3328_,43.130000000000003,40.600000000000001,NOR2_X1,0,1,1,3.1740082562237149e-08,8.1537152141208935e-08,2.1199545230388139e-08,1.3447677993383422e-07
_3329_,42.369999999999997,40.600000000000001,NOR2_X1,0,1,1,3.9726689493591039e-08,7.8900690425598441e-08,2.1199545230388139e-08,1.3982692514957762e-07
_3330_,43.700000000000003,43.399999999999999,AOI21_X1,0,1,1,5.1363890918310062e-08,3.6398894565081719e-08,2.7858394702207079e-08,1.1562118018559886e-07
_3331_,41.990000000000002,35,AOI211_X1,0,1,1,6.2263445954613417e-08,4.0716987115274605e-08,3.4565712070389054e-08,1.3754614514027708e-07
_3332_,41.609999999999999,39.200000000000003,OR2_X1,0,1,1,7.8935222802556382e-08,8.1334853518910677e-08,2.269497301199408e-08,1.8296504933346114e-07
_3333_,44.649999999999999,39.200000000000003,OR3_X1,0,1,1,9.9375405682167184e-08,4.2285705603717361e-08,2.4414624988366995e-08,1.6607573627425154e-07
_3334_,46.549999999999997,51.799999999999997,NOR2_X1,0,1,1,3.0295947084368891e-08,1.703985930134877e-08,2.1199545230388139e-08,6.85353516161058e-08
_3335_,38.380000000000003,46.200000000000003,AOI22_X1,0,1,1,6.6353869954127731e-08,3.0047669241639596e-08,3.2611943368010543e-08,1.2901348256377787e-07
_3336_,39.899999999999999,44.799999999999997,OAI21_X1,0,1,1,7.1984011640324752e-08,4.8371607164199304e-08,2.2619392581191278e-08,1.4297501138571533e-07
_3337_,44.840000000000003,42,AOI21_X1,0,1,1,7.0140217189873511e-08,3.7860065305039825e-08,2.7858394702207079e-08,1.3585867719712041e-07
_3338_,46.740000000000002,39.200000000000003,OAI21_X1,0,1,1,6.1872192702594475e-08,3.3433956048156688e-08,2.2619392581191278e-08,1.1792554133194244e-07
_3339_,45.600000000000001,36.399999999999999,AOI21_X1,0,1,1,8.0238450550496054e-08,6.6281103272558539e-08,2.7858394702207079e-08,1.7437794852526167e-07
_3340_,45.030000000000001,29.399999999999999,AOI22_X1,0,1,1,7.415412284217382e-08,5.4175067987216607e-08,3.2611943368010543e-08,1.6094113419740097e-07
_3341_,46.93,35,INV_X1,0,1,1,3.206786303167064e-08,6.069402047614858e-08,1.4353183530602109e-08,1.0711506703842133e-07
_3342_,44.460000000000001,25.199999999999999,NOR2_X1,0,1,1,4.8959506671053532e-08,4.4942257915181472e-08,2.1199545230388139e-08,1.1510130981662314e-07
_3343_,40.280000000000001,32.200000000000003,AOI21_X1,0,1,1,7.465695261998917e-08,1.2459177867185645e-07,2.7858394702207079e-08,2.2710712599405269e-07
_3344_,44.460000000000001,33.600000000000001,MUX2_X1,0,1,1,1.1025709767409353e-07,1.1370565289325896e-07,3.5928387376316095e-08,2.5989113794366858e-07
_3345_,38.189999999999998,32.200000000000003,OAI222_X1,0,1,1,1.1603949445770922e-07,8.7524689718065929e-08,4.3177877273592458e-08,2.4674206144936761e-07
_3346_,48.640000000000001,26.600000000000001,MUX2_X1,0,1,1,1.0997192845252357e-07,8.3307440945645794e-08,3.5928387376316095e-08,2.2920775677448546e-07
_3347_,45.600000000000001,26.600000000000001,MUX2_X1,0,1,1,1.1995825843769126e-07,9.2731873735374393e-08,3.5928387376316095e-08,2.4861851954938174e-07
_3348_,54.530000000000001,26.600000000000001,AOI22_X1,0,1,1,7.1967704684539058e-08,4.2963517188354672e-08,3.2611943368010543e-08,1.4754316524090427e-07
_3349_,51.109999999999999,28,NAND2_X1,0,1,1,3.3484926831306439e-08,3.2123594451149984e-08,1.7393359641459938e-08,8.300188092391636e-08
_3350_,50.920000000000002,21,OAI21_X1,0,1,1,7.5446720870786521e-08,1.2712713726159564e-07,2.2619392581191278e-08,2.2519325071357343e-07
_3351_,48.640000000000001,29.399999999999999,MUX2_X1,0,1,1,1.125221444908675e-07,8.0732647234071919e-08,3.5928387376316095e-08,2.2918317910125552e-07
_3352_,45.789999999999999,28,NOR2_X1,0,1,1,3.9652221062169701e-08,6.0839589366423752e-08,2.1199545230388139e-08,1.2169135565898159e-07
_3353_,55.670000000000002,30.800000000000001,AOI221_X1,0,1,1,1.0640028591524242e-07,5.0861231670751295e-08,4.1741206047163359e-08,1.9900272363315707e-07
_3354_,56.240000000000002,25.199999999999999,MUX2_X1,0,1,1,1.3222987149674736e-07,9.3436248960188095e-08,3.5928387376316095e-08,2.6159450783325155e-07
_3355_,55.479999999999997,26.600000000000001,MUX2_X1,0,1,1,1.1183703207962026e-07,7.4547457984408538e-08,3.5928387376316095e-08,2.2231287744034489e-07
_3356_,56.810000000000002,26.600000000000001,OAI22_X1,0,1,1,7.5548413747128507e-08,4.0207520868307256e-08,3.4026122364139155e-08,1.4978205697957492e-07
_3357_,65.549999999999997,32.200000000000003,MUX2_X1,0,1,1,1.1468448235518736e-07,8.7035488149922458e-08,3.5928387376316095e-08,2.3764835788142591e-07
_3358_,74.099999999999994,26.600000000000001,MUX2_X1,0,1,1,1.2434475138434209e-07,6.1794885652943776e-08,3.5928387376316095e-08,2.2206802441360196e-07
_3359_,76.189999999999998,26.600000000000001,OR2_X1,0,1,1,7.2806571438377432e-08,7.7304427748003945e-08,2.269497301199408e-08,1.7280597219837546e-07
_3360_,63.840000000000003,26.600000000000001,MUX2_X1,0,1,1,1.195095933326229e-07,7.2936622075303603e-08,3.5928387376316095e-08,2.283746027842426e-07
_3361_,67.069999999999993,26.600000000000001,MUX2_X1,0,1,1,1.2593503129210148e-07,7.2812319729109731e-08,3.5928387376316095e-08,2.3467573839752731e-07
_3362_,69.159999999999997,26.600000000000001,OAI21_X1,0,1,1,7.6884205668648065e-08,1.0988379983700725e-07,2.2619392581191278e-08,2.0938739808684659e-07
_3363_,59.280000000000001,26.600000000000001,MUX2_X1,0,1,1,1.0497023339439693e-07,6.8009875064944936e-08,3.5928387376316095e-08,2.0890849583565796e-07
_3364_,59.659999999999997,25.199999999999999,MUX2_X1,0,1,1,1.1049114334582555e-07,7.567120263729521e-08,3.5928387376316095e-08,2.2209073335943685e-07
_3365_,59.469999999999999,29.399999999999999,AOI221_X1,0,1,1,1.0734903099773874e-07,4.8946354525014613e-08,4.1741206047163359e-08,1.9803659156991671e-07
_3366_,58.329999999999998,26.600000000000001,OAI21_X1,0,1,1,6.7427038175082998e-08,7.5040581748453405e-08,2.2619392581191278e-08,1.6508701250472768e-07
_3367_,61.939999999999998,26.600000000000001,NOR3_X1,0,1,1,3.2811577455049701e-08,2.9516847632748977e-08,2.6831667554461092e-08,8.9160092642259769e-08
_3368_,67.069999999999993,30.800000000000001,AND3_X1,0,1,1,7.9333204894282972e-08,4.7256840218778962e-08,2.6481458803573332e-08,1.5307150391663527e-07
_3369_,72.010000000000005,32.200000000000003,MUX2_X1,0,1,1,1.1751387773983879e-07,8.3860214772357722e-08,3.5928387376316095e-08,2.3730247988851261e-07
_3370_,79.799999999999997,33.600000000000001,MUX2_X1,0,1,1,1.4181492247189453e-07,1.0763112356926285e-07,3.5928387376316095e-08,2.8537443341747348e-07
_3371_,75.430000000000007,28,NAND2_X1,0,1,1,4.6888843030501448e-08,7.3254135202205362e-08,1.7393359641459938e-08,1.3753633787416675e-07
_3372_,76.950000000000003,26.600000000000001,NAND2_X1,0,1,1,4.1633533953699953e-08,3.375003743144589e-08,1.7393359641459938e-08,9.277693102660578e-08
_3373_,73.340000000000003,28,MUX2_X1,0,1,1,1.3344106264412403e-07,8.4576470271713333e-08,3.5928387376316095e-08,2.5394592029215346e-07
_3374_,82.459999999999994,21,MUX2_X1,0,1,1,1.1946406175411539e-07,9.724985972070499e-08,3.5928387376316095e-08,2.5264230885113648e-07
_3375_,76,28,OAI211_X1,0,1,1,1.0373673120511739e-07,7.9591544022150629e-08,2.2039131408746471e-08,2.0536740663601449e-07
_3376_,65.359999999999999,22.399999999999999,NOR3_X1,0,1,1,7.190982387328404e-08,6.1881650026407442e-08,2.6831667554461092e-08,1.6062314145415257e-07
_3377_,75.430000000000007,26.600000000000001,NAND3_X1,0,1,1,4.871368020076261e-08,4.7369258737717246e-08,1.8104767463000826e-08,1.1418770640148068e-07
_3378_,79.230000000000004,32.200000000000003,OAI21_X1,0,1,1,7.8578381135230302e-08,1.0232871261450782e-07,2.2619392581191278e-08,2.035264863309294e-07
_3379_,70.489999999999995,19.600000000000001,AOI21_X1,0,1,1,9.8435904760663107e-08,1.526970123677529e-07,2.7858394702207079e-08,2.7899131183062309e-07
_3380_,71.439999999999998,43.399999999999999,MUX2_X1,0,1,1,1.3319852598669968e-07,1.2888138201105903e-07,3.5928387376316095e-08,2.9800829537407481e-07
_3381_,75.049999999999997,43.399999999999999,MUX2_X1,0,1,1,1.1257998977498573e-07,9.4765418623410369e-08,3.5928387376316095e-08,2.432737957747122e-07
_3382_,75.239999999999995,40.600000000000001,NOR2_X1,0,1,1,4.6425583377640578e-08,4.9175255867339729e-08,2.1199545230388139e-08,1.1680038447536845e-07
_3383_,81.700000000000003,49,NAND2_X1,0,1,1,3.939676673780923e-08,4.9183327632817964e-08,1.7393359641459938e-08,1.0597345401208713e-07
_3384_,74.480000000000004,49,MUX2_X1,0,1,1,1.3390265962698322e-07,9.9554249288758001e-08,3.5928387376316095e-08,2.6938529629205732e-07
_3385_,73.150000000000006,49,MUX2_X1,0,1,1,1.1105218788998172e-07,8.2618186070249067e-08,3.5928387376316095e-08,2.2959876133654689e-07
_3386_,74.859999999999999,47.600000000000001,OAI221_X1,0,1,1,1.1099177044116004e-07,6.7127260194865812e-08,3.393766689896438e-08,2.1205669753499023e-07
_3387_,74.099999999999994,53.200000000000003,MUX2_X1,0,1,1,1.1624272389099133e-07,8.5691652884634095e-08,3.5928387376316095e-08,2.3786276415194152e-07
_3388_,71.060000000000002,50.399999999999999,MUX2_X1,0,1,1,1.2762134815602622e-07,1.0102122161015359e-07,3.5928387376316095e-08,2.645709571424959e-07
_3389_,78.469999999999999,50.399999999999999,AOI22_X1,0,1,1,8.5319491915925028e-08,6.7485878219031292e-08,3.2611943368010543e-08,1.8541731350296686e-07
_3390_,75.430000000000007,53.200000000000003,NOR2_X1,0,1,1,4.8963848087169026e-08,5.3319087811587451e-08,2.1199545230388139e-08,1.2348248112914462e-07
_3391_,70.299999999999997,67.200000000000003,NOR2_X1,0,1,1,4.1390411098518598e-08,3.8473196184440894e-08,2.1199545230388139e-08,1.0106315251334763e-07
_3392_,76,63,AOI21_X1,0,1,1,8.7392614034342841e-08,1.5383524498702172e-07,2.7858394702207079e-08,2.6908625372357164e-07
_3393_,81.319999999999993,65.799999999999997,MUX2_X1,0,1,1,1.1533574451050299e-07,1.4849256047000381e-07,3.5928387376316095e-08,2.997566923568229e-07
_3394_,69.920000000000002,50.399999999999999,AOI221_X1,0,1,1,1.1591777138164616e-07,1.1364659258106258e-07,4.1741206047163359e-08,2.713055700098721e-07
_3395_,79.609999999999999,56,MUX2_X1,0,1,1,1.0584965082216513e-07,1.0187518029169951e-07,3.5928387376316095e-08,2.4365321849018073e-07
_3396_,75.430000000000007,71.400000000000006,MUX2_X1,0,1,1,1.3803884257868049e-07,1.2244379377079895e-07,3.5928387376316095e-08,2.9641102372579553e-07
_3397_,83.599999999999994,63,OAI22_X1,0,1,1,9.3145381185877341e-08,7.4019034457251109e-08,3.4026122364139155e-08,2.0119053800726761e-07
_3398_,76.760000000000005,71.400000000000006,MUX2_X1,0,1,1,7.3418746637798904e-08,5.8858713458675993e-08,3.5928387376316095e-08,1.6820584747279099e-07
_3399_,74.290000000000006,72.799999999999997,MUX2_X1,0,1,1,5.5418119870864757e-08,4.2742630768088929e-08,3.5928387376316095e-08,1.3408913801526978e-07
_3400_,76.569999999999993,72.799999999999997,MUX2_X1,0,1,1,7.8444188034154649e-08,6.3127622240699566e-08,3.5928387376316095e-08,1.7750019765117031e-07
_3401_,73.530000000000001,74.200000000000003,NOR2_X1,0,1,1,2.9378837140825453e-08,1.7700342525017732e-08,2.1199545230388139e-08,6.8278724896231324e-08
_3402_,74.290000000000006,74.200000000000003,AOI21_X1,0,1,1,4.477799819824213e-08,6.1231112624682282e-08,2.7858394702207079e-08,1.3386750552513149e-07
_3403_,83.599999999999994,70,OAI22_X1,0,1,1,5.3796149757090461e-08,8.5462318111240165e-08,3.4026122364139155e-08,1.7328459023246978e-07
_3404_,74.670000000000002,67.200000000000003,MUX2_X1,0,1,1,7.2622576396952354e-08,4.5371443491148966e-08,3.5928387376316095e-08,1.5392240726441742e-07
_3405_,73.340000000000003,68.599999999999994,NOR2_X1,0,1,1,1.8042404903440001e-08,1.4351784649591082e-08,2.1199545230388139e-08,5.3593734783419222e-08
_3406_,78.280000000000001,70,AOI21_X1,0,1,1,3.1832403379894458e-08,3.6315768170425144e-08,2.7858394702207079e-08,9.6006566252526682e-08
_3407_,78.090000000000003,71.400000000000006,AOI21_X1,0,1,1,9.0515364092880191e-08,5.9539051022738931e-08,2.7858394702207079e-08,1.779128098178262e-07
_3408_,75.620000000000005,65.799999999999997,OAI221_X1,0,1,1,1.0223808999398898e-07,7.0670495233571273e-08,3.393766689896438e-08,2.0684625212652463e-07
_3409_,74.859999999999999,70,AOI22_X1,0,1,1,4.8021512100149266e-08,4.3131091587156334e-08,3.2611943368010543e-08,1.2376454705531614e-07
_3410_,66.879999999999995,65.799999999999997,NOR2_X1,0,1,1,2.8541228047629374e-08,5.0529052941783448e-08,2.1199545230388139e-08,1.0026982621980096e-07
_3411_,73.719999999999999,75.599999999999994,MUX2_X1,0,1,1,7.8265266267862899e-08,4.6895436867089302e-08,3.5928387376316095e-08,1.610890905112683e-07
_3412_,69.920000000000002,78.400000000000006,NOR2_X1,0,1,1,2.6290122079331013e-08,2.0756955265710531e-08,2.1199545230388139e-08,6.8246622575429683e-08
_3413_,74.480000000000004,77,AOI21_X1,0,1,1,4.4223938289178477e-08,4.2051759407968348e-08,2.7858394702207079e-08,1.141340923993539e-07
_3414_,75.049999999999997,75.599999999999994,AOI221_X1,0,1,1,6.7745354215276166e-08,2.7667702795497462e-08,4.1741206047163359e-08,1.3715426305793699e-07
_3415_,70.870000000000005,79.799999999999997,MUX2_X1,0,1,1,6.5264380566532054e-08,5.5237155294207696e-08,3.5928387376316095e-08,1.5642992323705585e-07
_3416_,72.200000000000003,82.599999999999994,NAND2_X1,0,1,1,5.1497107023124045e-08,3.9634166171254037e-08,1.7393359641459938e-08,1.0852463283583802e-07
_3417_,69.349999999999994,81.200000000000003,OAI21_X1,0,1,1,4.6862435709726924e-08,7.3980437775844621e-08,2.2619392581191278e-08,1.4346226606676282e-07
_3418_,76,77,NOR2_X1,0,1,1,2.7352559328619463e-08,2.2628800167012741e-08,2.1199545230388139e-08,7.1180904726020344e-08
_3419_,76.189999999999998,75.599999999999994,AOI221_X1,0,1,1,1.1531704302569779e-07,1.4262940339904162e-07,4.1741206047163359e-08,2.9968765247190277e-07
_3420_,51.68,82.599999999999994,MUX2_X1,0,1,1,7.7784861218788137e-08,7.2885811164269398e-08,3.5928387376316095e-08,1.8659905975937363e-07
_3421_,55.289999999999999,81.200000000000003,MUX2_X1,0,1,1,8.3179259036114672e-08,7.5455517389855231e-08,3.5928387376316095e-08,1.94563163802286e-07
_3422_,62.700000000000003,75.599999999999994,OAI22_X1,0,1,1,5.3344674455502172e-08,5.0836629128525601e-08,3.4026122364139155e-08,1.3820742594816693e-07
_3423_,53.009999999999998,77,MUX2_X1,0,1,1,9.9429342981238733e-08,7.6893485356777092e-08,3.5928387376316095e-08,2.1225121571433192e-07
_3424_,40.850000000000001,84,NOR2_X1,0,1,1,3.5675199683282699e-08,2.8442855182220228e-08,2.1199545230388139e-08,8.5317600095891066e-08
_3425_,44.649999999999999,84,AOI21_X1,0,1,1,7.0864096812783828e-08,7.9100210825799877e-08,2.7858394702207079e-08,1.7782270234079078e-07
_3426_,47.5,84,MUX2_X1,0,1,1,9.6452538400626509e-08,5.8354633125645705e-08,3.5928387376316095e-08,1.9073555890258831e-07
_3427_,49.020000000000003,85.400000000000006,NOR2_X1,0,1,1,3.3073209948497606e-08,2.2156594781108652e-08,2.1199545230388139e-08,7.6429349959994397e-08
_3428_,49.969999999999999,84,AOI21_X1,0,1,1,6.9533555802081537e-08,6.8496149197017075e-08,2.7858394702207079e-08,1.6588809970130569e-07
_3429_,48.259999999999998,82.599999999999994,OAI22_X1,0,1,1,8.5037541452948062e-08,1.0181356913108175e-07,3.4026122364139155e-08,2.2087723294816897e-07
_3430_,50.350000000000001,85.400000000000006,NOR2_X1,0,1,1,2.9655485178636809e-08,3.206460519322718e-08,2.1199545230388139e-08,8.2919635602252129e-08
_3431_,56.43,78.400000000000006,AOI21_X1,0,1,1,5.7587691060234647e-08,7.3161572800017893e-08,2.7858394702207079e-08,1.5860765856245962e-07
_3432_,48.450000000000003,86.799999999999997,MUX2_X1,0,1,1,9.8191705433237075e-08,6.7432281980472908e-08,3.5928387376316095e-08,2.0155237479002608e-07
_3433_,50.159999999999997,82.599999999999994,NOR2_X1,0,1,1,3.6073075193598925e-08,3.5474926107781357e-08,2.1199545230388139e-08,9.2747546531768421e-08
_3434_,50.920000000000002,85.400000000000006,AOI211_X1,0,1,1,1.1191855264769401e-07,5.7895196192703224e-08,3.4565712070389054e-08,2.0437946091078629e-07
_3435_,52.82,79.799999999999997,OAI21_X1,0,1,1,7.4374696623635828e-08,9.7361393613937253e-08,2.2619392581191278e-08,1.9435548281876436e-07
_3436_,49.210000000000001,82.599999999999994,AOI22_X1,0,1,1,7.1242098442780843e-08,3.7612196024383593e-08,3.2611943368010543e-08,1.4146623783517498e-07
_3437_,30.210000000000001,77,NAND2_X1,0,1,1,1.9730158840047807e-08,1.856170683822711e-07,1.7393359641459938e-08,2.2274058686377884e-07
_3438_,50.729999999999997,82.599999999999994,NOR2_X1,0,1,1,1.2190529474764844e-08,1.0766796343375518e-08,2.1199545230388139e-08,4.4156871048528501e-08
_3439_,45.600000000000001,81.200000000000003,AOI21_X1,0,1,1,5.0493540015850158e-08,7.3274804890388623e-08,2.7858394702207079e-08,1.5162673960844586e-07
_3440_,42.18,74.200000000000003,NAND2_X1,0,1,1,2.8252397754613412e-08,2.3754944677989442e-08,1.7393359641459938e-08,6.9400702074062792e-08
_3441_,44.079999999999998,81.200000000000003,OAI21_X1,0,1,1,6.1466096212825505e-08,8.9850914264388848e-08,2.2619392581191278e-08,1.7393640305840563e-07
_3442_,46.93,81.200000000000003,OAI22_X1,0,1,1,7.3257140797977627e-08,4.4113050989835756e-08,3.4026122364139155e-08,1.5139631415195254e-07
_3443_,49.210000000000001,84,AOI21_X1,0,1,1,8.0189295204036171e-08,8.1082994540793152e-08,2.7858394702207079e-08,1.891306844470364e-07
_3444_,30.210000000000001,78.400000000000006,AND2_X1,0,1,1,1.3416911137653642e-08,4.0485371499698886e-08,2.5066063003009731e-08,7.8968345640362259e-08
_3445_,29.260000000000002,85.400000000000006,NAND2_X1,0,1,1,7.6211312816099053e-09,1.9043415733221991e-08,1.7393359641459938e-08,4.4057906656291834e-08
_3446_,23.370000000000001,92.400000000000006,AOI222_X1,0,1,1,8.2569840742507949e-08,3.7839441802134388e-08,4.7398827973665902e-08,1.6780811051830824e-07
_3447_,28.879999999999999,77,INV_X1,0,1,1,2.3889903388862876e-08,1.5569874278753559e-07,1.4353183530602109e-08,1.9394182970700058e-07
_3448_,36.859999999999999,74.200000000000003,NOR3_X1,0,1,1,4.5302188667051269e-09,3.7632310601054542e-09,2.6831667554461092e-08,3.5125117481271673e-08
_3449_,35.909999999999997,79.799999999999997,AOI221_X1,0,1,1,5.6848925567010156e-08,5.9675841157513787e-08,4.1741206047163359e-08,1.582659727716873e-07
_3450_,38,79.799999999999997,MUX2_X1,0,1,1,8.0849360983847873e-08,6.1831407549561845e-08,3.5928387376316095e-08,1.7860915590972581e-07
_3451_,35.530000000000001,86.799999999999997,AOI222_X1,0,1,1,1.4264816172726569e-07,8.2583540006453404e-08,4.7398827973665902e-08,2.7263052970738499e-07
_3452_,38.189999999999998,77,OAI22_X1,0,1,1,7.1255158218264114e-08,3.695441108675368e-08,3.4026122364139155e-08,1.4223569166915695e-07
_3453_,39.710000000000001,78.400000000000006,OAI21_X1,0,1,1,8.4557470358959108e-08,1.2959280581981147e-07,2.2619392581191278e-08,2.3676966875996186e-07
_3454_,46.93,65.799999999999997,AOI21_X1,0,1,1,4.9993101214340641e-08,3.9259003159486383e-08,2.7858394702207079e-08,1.171104990760341e-07
_3455_,36.289999999999999,84,AND2_X1,0,1,1,5.8130837032877025e-08,4.3495965940110182e-08,2.5066063003009731e-08,1.2669286597599694e-07
_3456_,37.810000000000002,78.400000000000006,AND2_X1,0,1,1,5.137408720656822e-08,7.6667696191634604e-08,2.5066063003009731e-08,1.5310784640121256e-07
_3457_,33.25,89.599999999999994,OR2_X1,0,1,1,4.941960440874027e-08,8.3526160210567468e-08,2.269497301199408e-08,1.5564073763130182e-07
_3458_,42.369999999999997,89.599999999999994,NOR2_X1,0,1,1,2.6498621963355617e-08,4.5126196113187689e-08,2.1199545230388139e-08,9.2824363306931446e-08
_3459_,45.219999999999999,86.799999999999997,NOR2_X1,0,1,1,2.1897927027225705e-08,1.3837288292961603e-07,2.1199545230388139e-08,1.8147035518722987e-07
_3460_,39.329999999999998,84,INV_X1,0,1,1,2.1064449740038071e-08,2.8863196277484349e-08,1.4353183530602109e-08,6.428082954812453e-08
_3461_,46.93,93.799999999999997,NAND2_X1,0,1,1,3.5861507541312676e-08,4.9269829105469398e-08,1.7393359641459938e-08,1.0252469628824201e-07
_3462_,39.899999999999999,91,AOI22_X1,0,1,1,6.0449814043295191e-08,1.4690296268327074e-07,3.2611943368010543e-08,2.3996472009457648e-07
_3463_,61.18,46.200000000000003,NAND2_X1,0,1,1,2.9070577056700131e-08,7.3580402215611684e-08,1.7393359641459938e-08,1.2004433891377175e-07
_3464_,62.32,35,NAND2_X1,0,1,1,3.1986537862849218e-08,1.1488859996688916e-07,1.7393359641459938e-08,1.6426849747119832e-07
_3465_,66.5,26.600000000000001,NOR2_X1,0,1,1,2.6652491769141307e-08,5.771216748939878e-08,2.1199545230388139e-08,1.0556420448892823e-07
_3466_,65.170000000000002,35,NAND2_X1,0,1,1,2.866460135919624e-08,1.0070333900102924e-07,1.7393359641459938e-08,1.4676130000168541e-07
_3467_,65.549999999999997,33.600000000000001,NOR2_X1,0,1,1,3.9593228251533219e-08,2.1870120292533102e-07,2.1199545230388139e-08,2.7949397640725238e-07
_3468_,58.899999999999999,32.200000000000003,NOR2_X1,0,1,1,4.9078664687840501e-08,6.4356036943991057e-08,2.1199545230388139e-08,1.346342468622197e-07
_3469_,62.890000000000001,26.600000000000001,NAND2_X1,0,1,1,4.0693880265507687e-08,1.3839775192536763e-07,1.7393359641459938e-08,1.9648499183233525e-07
_3470_,64.030000000000001,33.600000000000001,NAND2_X1,0,1,1,3.1773716102634353e-08,4.2270357880624942e-08,1.7393359641459938e-08,9.1437433624719233e-08
_3471_,58.140000000000001,25.199999999999999,NAND2_X1,0,1,1,2.7696032134372217e-08,6.8532145292010682e-08,1.7393359641459938e-08,1.1362153706784284e-07
_3472_,59.280000000000001,33.600000000000001,NAND2_X1,0,1,1,3.2854146070349088e-08,9.9808460163330892e-08,1.7393359641459938e-08,1.5005596587513992e-07
_3473_,57.57,32.200000000000003,NOR2_X1,0,1,1,3.9352542557935521e-08,4.8247990491745441e-08,2.1199545230388139e-08,1.088000782800691e-07
_3474_,54.719999999999999,33.600000000000001,NAND2_X1,0,1,1,3.2045626596755028e-08,7.2979027265773766e-08,1.7393359641459938e-08,1.2241801350398873e-07
_3475_,52.439999999999998,35,NAND2_X1,0,1,1,2.8999934897910862e-08,6.2959209401469707e-08,1.7393359641459938e-08,1.0935250394084051e-07
_3476_,52.630000000000003,33.600000000000001,NOR2_X1,0,1,1,3.8908964938855206e-08,6.478659031472489e-08,2.1199545230388139e-08,1.2489510048396824e-07
_3477_,44.079999999999998,30.800000000000001,NOR2_X1,0,1,1,4.0600546924451919e-08,8.3651123361505597e-08,2.1199545230388139e-08,1.4545121551634566e-07
_3478_,51.109999999999999,29.399999999999999,NOR2_X1,0,1,1,3.8385238099181151e-08,7.2648752791337756e-08,2.1199545230388139e-08,1.3223353612090705e-07
_3479_,42.560000000000002,33.600000000000001,NOR2_X1,0,1,1,3.7064122437868718e-08,1.0611081791012111e-07,2.1199545230388139e-08,1.6437448557837797e-07
_3480_,40.469999999999999,36.399999999999999,NOR2_X1,0,1,1,3.0454060606643907e-08,5.1598252781559495e-08,2.1199545230388139e-08,1.0325185861859154e-07
_3481_,41.990000000000002,33.600000000000001,NOR2_X1,0,1,1,3.1324066895876967e-08,3.6318606788654506e-08,2.1199545230388139e-08,8.8842218914919613e-08
_3482_,43.509999999999998,37.799999999999997,OR2_X1,0,1,1,7.1401700552087277e-08,1.024708282670872e-07,2.269497301199408e-08,1.9656750183116856e-07
_3483_,45.030000000000001,37.799999999999997,INV_X1,0,1,1,2.5988322605030589e-08,2.8956790742995508e-08,1.4353183530602109e-08,6.9298296878628207e-08
_3484_,25.079999999999998,36.399999999999999,OAI33_X1,0,1,1,9.1798263213149767e-08,1.4853637253509078e-07,4.8313957279333408e-08,2.8864859302757395e-07
_3485_,43.32,42,NOR2_X1,0,1,1,3.3484859329746541e-08,1.6439662076095374e-08,2.1199545230388139e-08,7.1124066636230054e-08
_3486_,47.689999999999998,44.799999999999997,AOI211_X1,0,1,1,4.6291493305261611e-08,1.6262536206568257e-08,3.4565712070389054e-08,9.7119741582218921e-08
_3487_,37.619999999999997,42,AOI211_X1,0,1,1,7.6366234225133667e-08,3.6439431028156832e-08,3.4565712070389054e-08,1.4737137732367955e-07
_3488_,45.600000000000001,39.200000000000003,OR4_X1,0,1,1,9.1675950386616023e-08,1.2037008900733781e-07,2.6733490088304279e-08,2.3877952948225811e-07
_3489_,39.520000000000003,33.600000000000001,OR2_X1,0,1,1,7.2663603134515142e-08,7.0964283338526002e-08,2.269497301199408e-08,1.6632285948503522e-07
_3490_,39.520000000000003,36.399999999999999,NAND2_X1,0,1,1,3.8173517680206714e-08,1.5465667502212455e-07,1.7393359641459938e-08,2.102235523437912e-07
_3491_,38.950000000000003,35,NAND2_X1,0,1,1,4.2748958151150873e-08,1.4563698869096697e-07,1.7393359641459938e-08,2.0577930648357778e-07
_3492_,35.149999999999999,32.200000000000003,NOR2_X1,0,1,1,4.1865408917374225e-08,5.1435829817592094e-08,2.1199545230388139e-08,1.1450078396535446e-07
_3493_,43.32,33.600000000000001,OAI221_X1,0,1,1,7.9207239878087421e-08,1.0034001007852567e-07,3.393766689896438e-08,2.1348491685557747e-07
_3494_,41.229999999999997,33.600000000000001,AND2_X1,0,1,1,5.163493455029311e-08,7.7624356720207288e-08,2.5066063003009731e-08,1.5432535427351013e-07
_3495_,49.210000000000001,30.800000000000001,NOR2_X1,0,1,1,2.8808402774416209e-08,5.7083571647353892e-08,2.1199545230388139e-08,1.0709151965215824e-07
_3496_,48.829999999999998,33.600000000000001,NOR2_X1,0,1,1,3.1271682132683054e-08,1.0609553413587491e-07,2.1199545230388139e-08,1.5856676149894611e-07
_3497_,40.850000000000001,35,NOR2_X1,0,1,1,3.973583773131395e-08,7.6712574070825212e-08,2.1199545230388139e-08,1.376479570325273e-07
_3498_,41.229999999999997,26.600000000000001,NAND2_X1,0,1,1,4.1209471390857288e-08,1.0257756599685308e-07,1.7393359641459938e-08,1.6118039702917031e-07
_3499_,49.969999999999999,33.600000000000001,AOI22_X1,0,1,1,6.002923669257143e-08,1.7768145710306271e-07,3.2611943368010543e-08,2.7032263716364469e-07
_3500_,56.049999999999997,28,NAND2_X1,0,1,1,3.2173055330986244e-08,9.7227363937690825e-08,1.7393359641459938e-08,1.4679377891013701e-07
_3501_,56.810000000000002,37.799999999999997,INV_X1,0,1,1,2.2586615244790664e-08,2.6713816936307921e-08,1.4353183530602109e-08,6.3653615711700695e-08
_3502_,58.140000000000001,40.600000000000001,OAI21_X1,0,1,1,5.4323724185678657e-08,9.9492069693951635e-08,2.2619392581191278e-08,1.7643518646082157e-07
_3503_,57.380000000000003,23.800000000000001,OAI21_X1,0,1,1,5.2533756900174922e-08,3.1708413672504321e-08,2.2619392581191278e-08,1.0686156315387052e-07
_3504_,57.759999999999998,33.600000000000001,NOR2_X1,0,1,1,4.8260396567911812e-08,1.0057463128987365e-07,2.1199545230388139e-08,1.700345730881736e-07
_3505_,55.670000000000002,36.399999999999999,INV_X1,0,1,1,3.3606070815039857e-08,8.5842486896581249e-08,1.4353183530602109e-08,1.3380174124222322e-07
_3506_,52.439999999999998,30.800000000000001,NAND2_X1,0,1,1,4.8395236262877006e-08,1.6662220048146992e-07,1.7393359641459938e-08,2.3241079638580686e-07
_3507_,55.479999999999997,37.799999999999997,NOR2_X1,0,1,1,1.8910853327724908e-08,4.3394368987037524e-08,2.1199545230388139e-08,8.3504767545150571e-08
_3508_,57.189999999999998,37.799999999999997,INV_X1,0,1,1,1.227788448687761e-08,3.2177695175050758e-08,1.4353183530602109e-08,5.8808763192530478e-08
_3509_,48.640000000000001,35,NOR2_X1,0,1,1,1.3364783058023022e-08,1.3642620366738356e-08,2.1199545230388139e-08,4.8206948655149517e-08
_3510_,48.07,37.799999999999997,AOI21_X1,0,1,1,6.5620277212019573e-08,3.7252782192354061e-08,2.7858394702207079e-08,1.3073145410658071e-07
_3511_,52.439999999999998,29.399999999999999,OAI21_X1,0,1,1,6.1081017577180319e-08,1.1589528270405935e-07,2.2619392581191278e-08,1.9959569286243095e-07
_3512_,54.340000000000003,36.399999999999999,NOR2_X1,0,1,1,4.4972242818630548e-08,3.783327429118799e-08,2.1199545230388139e-08,1.0400506234020668e-07
_3513_,52.630000000000003,37.799999999999997,AOI221_X1,0,1,1,9.6329806353878666e-08,1.0070333189560188e-07,4.1741206047163359e-08,2.387743442966439e-07
_3514_,59.659999999999997,39.200000000000003,NAND2_X1,0,1,1,5.3533355526269588e-08,9.1080892161699012e-08,1.7393359641459938e-08,1.6200760732942854e-07
_3515_,61.939999999999998,40.600000000000001,AOI21_X1,0,1,1,6.9562233306896815e-08,1.5937845887492585e-07,2.7858394702207079e-08,2.5679908688402975e-07
_3516_,65.739999999999995,36.399999999999999,NOR2_X1,0,1,1,4.286430055344681e-08,5.1285251601029813e-08,2.1199545230388139e-08,1.1534909738486476e-07
_3517_,63.460000000000001,39.200000000000003,NOR2_X1,0,1,1,5.1660990152413433e-08,1.1676997502263475e-07,2.1199545230388139e-08,1.8963051040543633e-07
_3518_,61.75,35,NOR2_X1,0,1,1,4.8624375637018602e-08,1.5630763527951785e-07,2.1199545230388139e-08,2.2613155614692459e-07
_3519_,58.899999999999999,36.399999999999999,NOR2_X1,0,1,1,4.419916876940988e-08,9.4543104012245749e-08,2.1199545230388139e-08,1.5994181801204377e-07
_3520_,62.700000000000003,40.600000000000001,NOR4_X1,0,1,1,3.6654931534485513e-08,2.8652934247475059e-08,3.2601473520799118e-08,9.790933930275969e-08
_3521_,64.980000000000004,30.800000000000001,OAI211_X1,0,1,1,4.8952113473887948e-08,4.1672741701859195e-08,2.2039131408746471e-08,1.1266398658449361e-07
_3522_,65.930000000000007,43.399999999999999,OAI211_X1,0,1,1,5.6210971877135307e-08,4.7939789027395818e-08,2.2039131408746471e-08,1.261898923132776e-07
_3523_,60.799999999999997,33.600000000000001,NOR2_X1,0,1,1,3.703497242213416e-08,8.7173013696428825e-08,2.1199545230388139e-08,1.4540753134895112e-07
_3524_,63.270000000000003,37.799999999999997,NOR2_X1,0,1,1,3.3989095982178696e-08,7.9361662130850164e-08,2.1199545230388139e-08,1.34550303343417e-07
_3525_,60.039999999999999,40.600000000000001,NOR2_X1,0,1,1,2.7632239607555675e-08,1.0180362153278111e-07,2.1199545230388139e-08,1.5063540637072492e-07
_3526_,63.840000000000003,37.799999999999997,NAND2_X1,0,1,1,3.3120254983032282e-08,6.7074239495923393e-08,1.7393359641459938e-08,1.1758785412041561e-07
_3527_,64.409999999999997,37.799999999999997,NOR2_X1,0,1,1,3.5969534906143963e-08,9.317808036257702e-08,2.1199545230388139e-08,1.5034716049910912e-07
_3528_,61.18,43.399999999999999,AND2_X1,0,1,1,6.7208702603238635e-08,5.8579338713116158e-08,2.5066063003009731e-08,1.5085410431936452e-07
_3529_,60.990000000000002,72.799999999999997,NOR2_X1,0,1,1,1.6005961001042124e-08,5.3797521992748898e-09,2.1199545230388139e-08,4.2585258430705153e-08
_3530_,63.649999999999999,65.799999999999997,NOR2_X1,0,1,1,2.2713479097546951e-08,2.9858075123456729e-08,2.1199545230388139e-08,7.3771099451391819e-08
_3531_,71.25,53.200000000000003,NAND2_X1,0,1,1,2.3843337970674838e-08,5.6809202675367487e-08,1.7393359641459938e-08,9.8045900287502263e-08
_3532_,64.980000000000004,53.200000000000003,NOR2_X1,0,1,1,5.4680619143709919e-08,1.0471787703636437e-07,2.1199545230388139e-08,1.8059804141046243e-07
_3533_,64.409999999999997,53.200000000000003,NAND2_X1,0,1,1,5.2435762398772567e-08,8.6144332556159497e-08,1.7393359641459938e-08,1.55973454596392e-07
_3534_,62.130000000000003,65.799999999999997,NAND2_X1,0,1,1,5.6324850561395579e-08,3.8391295476003506e-08,1.7393359641459938e-08,1.1210950567885902e-07
_3535_,67.640000000000001,57.399999999999999,NAND2_X1,0,1,1,4.8630589333242824e-08,1.4411256188395782e-07,1.7393359641459938e-08,2.1013651085866059e-07
_3536_,64.030000000000001,57.399999999999999,INV_X1,0,1,1,3.4029490336706658e-08,1.4420366767353698e-07,1.4353183530602109e-08,1.9258634154084575e-07
_3537_,64.030000000000001,58.799999999999997,AOI221_X1,0,1,1,6.5384107017507631e-08,3.4741237442403872e-08,4.1741206047163359e-08,1.4186655050707486e-07
_3538_,64.219999999999999,65.799999999999997,OAI22_X1,0,1,1,5.9801628538025398e-08,6.0463406725830282e-08,3.4026122364139155e-08,1.5429115762799483e-07
_3539_,65.359999999999999,74.200000000000003,NAND2_X1,0,1,1,1.4913160484297805e-08,2.9645812915646275e-08,1.7393359641459938e-08,6.1952333041404017e-08
_3540_,71.819999999999993,72.799999999999997,OAI21_X1,0,1,1,3.5935205033865714e-08,1.1781730790971778e-07,2.2619392581191278e-08,1.7637190552477477e-07
_3541_,64.980000000000004,74.200000000000003,INV_X1,0,1,1,2.2734491622600217e-08,1.7769909987919164e-08,1.4353183530602109e-08,5.485758514112149e-08
_3542_,61.75,68.599999999999994,NOR2_X1,0,1,1,3.1357103580376133e-08,9.3181085958349286e-08,2.1199545230388139e-08,1.4573773476911356e-07
_3543_,64.980000000000004,49,NOR2_X1,0,1,1,5.0072948454271682e-08,1.6449966722120735e-07,2.1199545230388139e-08,2.3577216090586717e-07
_3544_,60.609999999999999,42,NOR2_X1,0,1,1,5.0379519223042735e-08,1.4468172082615638e-07,2.1199545230388139e-08,2.1626078527958725e-07
_3545_,65.739999999999995,54.600000000000001,NOR2_X1,0,1,1,3.7477157377452386e-08,1.0737240074831789e-07,2.1199545230388139e-08,1.6604910335615841e-07
_3546_,63.079999999999998,43.399999999999999,NAND2_X1,0,1,1,2.4398559617111459e-08,2.5614077969748905e-08,1.7393359641459938e-08,6.7405997228320302e-08
_3547_,58.520000000000003,43.399999999999999,NOR2_X1,0,1,1,1.8995745421079846e-08,4.6250391960711568e-08,2.1199545230388139e-08,8.6445682612179553e-08
_3548_,62.890000000000001,72.799999999999997,NAND2_X1,0,1,1,2.7792694368145021e-08,4.6207329518210827e-08,1.7393359641459938e-08,9.1393383527815786e-08
_3549_,65.739999999999995,71.400000000000006,NOR2_X1,0,1,1,2.2396609011821056e-08,5.9380099060035718e-08,2.1199545230388139e-08,1.0297625330224491e-07
_3550_,67.069999999999993,74.200000000000003,AOI211_X1,0,1,1,3.9137947993594935e-08,3.9165747978131549e-08,3.4565712070389054e-08,1.1286940804211554e-07
_3551_,78.469999999999999,82.599999999999994,AOI22_X1,0,1,1,4.013636711874824e-08,6.6901030493227154e-08,3.2611943368010543e-08,1.3964934097998594e-07
_3552_,63.649999999999999,75.599999999999994,OAI21_X1,0,1,1,4.4218694483788568e-08,2.9444114701959734e-08,2.2619392581191278e-08,9.6282201766939579e-08
_3553_,59.659999999999997,72.799999999999997,NOR2_X1,0,1,1,2.9407688728610992e-08,6.456463097492815e-08,2.1199545230388139e-08,1.1517186493392728e-07
_3554_,64.409999999999997,49,NOR2_X1,0,1,1,2.2043540326421862e-08,5.936555069752103e-08,2.1199545230388139e-08,1.0260863625433103e-07
_3555_,64.219999999999999,51.799999999999997,NOR2_X1,0,1,1,2.1765739433021736e-08,2.7273465263988328e-08,2.1199545230388139e-08,7.0238749927398203e-08
_3556_,62.130000000000003,51.799999999999997,OR2_X1,0,1,1,4.8414598552426469e-08,4.679468190715852e-08,2.269497301199408e-08,1.1790425347157907e-07
_3557_,58.329999999999998,58.799999999999997,OAI21_X1,0,1,1,4.2586112414255695e-08,4.9907530552673052e-08,2.2619392581191278e-08,1.1511303554812002e-07
_3558_,62.130000000000003,56,OAI21_X1,0,1,1,3.382914570693174e-08,5.5923909059174548e-08,2.2619392581191278e-08,1.1237244734729757e-07
_3559_,60.229999999999997,79.799999999999997,AOI22_X1,0,1,1,4.9912355137848863e-08,7.6331076570568257e-08,3.2611943368010543e-08,1.5885537507642766e-07
_3560_,63.840000000000003,85.400000000000006,NAND3_X1,0,1,1,3.599853926061769e-08,4.8733873825312912e-08,1.8104767463000826e-08,1.0283718054893143e-07
_3561_,64.599999999999994,81.200000000000003,OR2_X1,0,1,1,2.9166027815108464e-08,3.2451247022891039e-08,2.269497301199408e-08,8.4312247849993582e-08
_3562_,62.130000000000003,77,NOR2_X1,0,1,1,1.9735804102083421e-08,4.7326413010750912e-08,2.1199545230388139e-08,8.8261762343222472e-08
_3563_,61.939999999999998,78.400000000000006,OAI21_X1,0,1,1,3.6206902365165661e-08,4.8992284007454145e-08,2.2619392581191278e-08,1.0781857895381108e-07
_3564_,59.280000000000001,79.799999999999997,NAND2_X1,0,1,1,2.3025698681067297e-08,2.2631837737208116e-08,1.7393359641459938e-08,6.3050896059735351e-08
_3565_,56.43,75.599999999999994,OAI221_X1,0,1,1,6.0117038458429306e-08,1.3379137442370848e-07,3.393766689896438e-08,2.2784607978110216e-07
_3566_,47.880000000000003,85.400000000000006,NOR2_X1,0,1,1,1.9996146960465921e-08,9.9261846742138005e-08,2.1199545230388139e-08,1.4045753893299207e-07
_3567_,43.32,86.799999999999997,OR2_X1,0,1,1,6.5186114284188079e-08,8.8211216109357338e-08,2.269497301199408e-08,1.760923034055395e-07
_3568_,42.560000000000002,93.799999999999997,AOI21_X1,0,1,1,7.1754634234366677e-08,5.9827939935530594e-08,2.7858394702207079e-08,1.5944096887210435e-07
_3569_,39.520000000000003,86.799999999999997,AOI211_X1,0,1,1,8.3501873859859188e-08,8.4069490924321144e-08,3.4565712070389054e-08,2.0213707685456939e-07
_3570_,34.579999999999998,82.599999999999994,NOR2_X1,0,1,1,3.6849641560365853e-08,3.115953006727068e-08,2.1199545230388139e-08,8.9208716858024673e-08
_3571_,35.530000000000001,81.200000000000003,OR2_X1,0,1,1,3.7152460663492093e-08,3.8426904325206124e-08,2.269497301199408e-08,9.8274338000692296e-08
_3572_,33.439999999999998,82.599999999999994,OAI21_X1,0,1,1,9.45899270021755e-09,5.0947344121254901e-09,2.2619392581191278e-08,3.7173119693534318e-08
_3573_,32.490000000000002,82.599999999999994,OAI211_X1,0,1,1,7.2734799516638304e-08,3.3089502693428585e-08,2.2039131408746471e-08,1.2786343361881336e-07
_3574_,36.289999999999999,78.400000000000006,NOR2_X1,0,1,1,3.7668730357154345e-08,5.922909807054566e-08,2.1199545230388139e-08,1.1809737365808815e-07
_3575_,34.770000000000003,81.200000000000003,OAI21_X1,0,1,1,2.0970571057432608e-08,1.2762792600540251e-08,2.2619392581191278e-08,5.6352756239164137e-08
_3576_,32.109999999999999,84,OAI21_X1,0,1,1,5.9727092605044163e-08,1.1659248855266924e-07,2.2619392581191278e-08,1.9893897373890468e-07
_3577_,37.810000000000002,70,NOR3_X1,0,1,1,7.0313999067650457e-10,6.3788879733905901e-10,2.6831667554461092e-08,2.8172696342476655e-08
_3578_,39.329999999999998,68.599999999999994,NAND2_X1,0,1,1,1.1862861803990654e-08,7.9276274433937033e-09,1.7393359641459938e-08,3.7183848888844295e-08
_3579_,39.329999999999998,75.599999999999994,AOI21_X1,0,1,1,2.2137893296303446e-08,1.0739646505442124e-08,2.7858394702207079e-08,6.0735934503952649e-08
_3580_,55.289999999999999,67.200000000000003,AOI21_X1,0,1,1,4.427937483342248e-08,6.4647984743260167e-08,2.7858394702207079e-08,1.3678575427888973e-07
_3581_,62.32,53.200000000000003,NAND2_X1,0,1,1,1.6563445726092141e-08,1.383557179934769e-08,1.7393359641459938e-08,4.7792377166899769e-08
_3582_,62.509999999999998,54.600000000000001,NAND2_X1,0,1,1,2.7752363962463278e-08,2.2664156773544164e-08,1.7393359641459938e-08,6.780988037746738e-08
_3583_,63.649999999999999,47.600000000000001,NAND3_X1,0,1,1,2.1776511260895859e-08,3.1865450722534661e-08,1.8104767463000826e-08,7.1746729446431345e-08
_3584_,60.990000000000002,51.799999999999997,AOI21_X1,0,1,1,6.2773310105512792e-08,2.9727853956273975e-08,2.7858394702207079e-08,1.2035955876399385e-07
_3585_,62.32,36.399999999999999,NAND2_X1,0,1,1,3.6200233921590552e-08,5.6753577837298508e-08,1.7393359641459938e-08,1.10347171400349e-07
_3586_,61.369999999999997,37.799999999999997,NAND3_X1,0,1,1,4.5442490659297619e-08,5.263644808906065e-08,1.8104767463000826e-08,1.1618370621135909e-07
_3587_,60.229999999999997,35,OAI21_X1,0,1,1,4.7122604485139163e-08,2.3805661442111159e-08,2.2619392581191278e-08,9.35476585084416e-08
_3588_,60.039999999999999,36.399999999999999,NOR2_X1,0,1,1,2.9467310369568622e-08,5.2524949722965175e-08,2.1199545230388139e-08,1.0319180532292194e-07
_3589_,58.520000000000003,33.600000000000001,NOR3_X1,0,1,1,2.1274344064181605e-08,3.6936981473445485e-08,2.6831667554461092e-08,8.5042993092088182e-08
_3590_,45.789999999999999,51.799999999999997,AOI21_X1,0,1,1,8.1557857356528984e-08,5.1161862302251393e-08,2.7858394702207079e-08,1.6057811436098746e-07
_3591_,45.030000000000001,46.200000000000003,OAI211_X1,0,1,1,8.8139273657361628e-08,4.4219987671567651e-08,2.2039131408746471e-08,1.5439839273767575e-07
_3592_,45.600000000000001,42,NAND2_X1,0,1,1,4.598941671929424e-08,7.2079217261489248e-08,1.7393359641459938e-08,1.3546199362224343e-07
_3593_,45.789999999999999,37.799999999999997,NOR3_X1,0,1,1,5.1868134676169575e-08,5.6394334535525559e-08,2.6831667554461092e-08,1.3509413676615623e-07
_3594_,42.560000000000002,30.800000000000001,AOI21_X1,0,1,1,7.5719277958796738e-08,4.2851784343156396e-08,2.7858394702207079e-08,1.4642945700416021e-07
_3595_,46.170000000000002,29.399999999999999,OAI21_X1,0,1,1,6.0953965430599055e-08,5.8854254803009098e-08,2.2619392581191278e-08,1.4242761281479943e-07
_3596_,55.670000000000002,35,NAND3_X1,0,1,1,4.7722409135531052e-08,3.6627447741466312e-08,1.8104767463000826e-08,1.0245462433999819e-07
_3597_,53.579999999999998,39.200000000000003,AOI21_X1,0,1,1,6.4352114748089662e-08,4.5827508898810265e-08,2.7858394702207079e-08,1.3803801834910701e-07
_3598_,57.380000000000003,35,OAI21_X1,0,1,1,5.3361809193575027e-08,3.2595682597502673e-08,2.2619392581191278e-08,1.0857688437226898e-07
_3599_,44.270000000000003,37.799999999999997,OAI21_X1,0,1,1,6.7650837820565357e-08,3.3550836775475545e-08,2.2619392581191278e-08,1.2382106717723218e-07
_3600_,46.359999999999999,36.399999999999999,NAND2_X1,0,1,1,4.4765108953015442e-08,5.4598800147687143e-08,1.7393359641459938e-08,1.1675726874216252e-07
_3601_,49.210000000000001,35,NAND2_X1,0,1,1,3.1421478752235998e-08,4.0841367621169411e-08,1.7393359641459938e-08,8.9656206014865347e-08
_3602_,55.289999999999999,39.200000000000003,AOI211_X1,0,1,1,6.5755628497754515e-08,2.9395057055126017e-08,3.4565712070389054e-08,1.2971639762326959e-07
_3603_,56.049999999999997,36.399999999999999,NAND3_X1,0,1,1,3.0718751986569259e-08,2.4939756926301015e-08,1.8104767463000826e-08,7.3763276375871101e-08
_3604_,60.609999999999999,36.399999999999999,OAI22_X1,0,1,1,5.4940230143074587e-08,3.3125377996157113e-08,3.4026122364139155e-08,1.2209173050337085e-07
_3605_,56.810000000000002,36.399999999999999,AOI21_X1,0,1,1,6.1026838693578611e-08,3.340634435744505e-08,2.7858394702207079e-08,1.2229157775323074e-07
_3606_,58.899999999999999,39.200000000000003,NAND3_X1,0,1,1,4.6423636490544595e-08,5.4035059093848758e-08,1.8104767463000826e-08,1.1856346304739418e-07
_3607_,60.229999999999997,51.799999999999997,NAND3_X1,0,1,1,4.7035221939495386e-08,2.9866082940088745e-08,1.8104767463000826e-08,9.5006072342584957e-08
_3608_,60.609999999999999,54.600000000000001,AOI211_X1,0,1,1,4.4254800712906217e-08,5.0404267426529259e-08,3.4565712070389054e-08,1.2922478020982453e-07
_3609_,55.670000000000002,72.799999999999997,NOR2_X1,0,1,1,2.7657961254590191e-08,3.1060121585824163e-08,2.1199545230388139e-08,7.9917628070802493e-08
_3610_,59.659999999999997,75.599999999999994,OR2_X1,0,1,1,4.684227761231341e-08,2.1106494330069836e-08,2.269497301199408e-08,9.0643744954377325e-08
_3611_,61.939999999999998,70,NAND2_X1,0,1,1,3.2078190770334913e-08,3.4955995431573683e-08,1.7393359641459938e-08,8.4427545843368534e-08
_3612_,61.18,78.400000000000006,NAND3_X1,0,1,1,4.4219284234259248e-08,3.7925943274785823e-08,1.8104767463000826e-08,1.002499949720459e-07
_3613_,67.640000000000001,79.799999999999997,OAI221_X1,0,1,1,5.8780130984814605e-08,6.4656916265448672e-08,3.393766689896438e-08,1.5737471414922766e-07
_3614_,51.490000000000002,81.200000000000003,AOI21_X1,0,1,1,4.752266846708153e-08,3.5098391748533686e-08,2.7858394702207079e-08,1.104794549178223e-07
_3615_,33.25,81.200000000000003,AOI21_X1,0,1,1,7.2420434094055963e-08,9.4365475433733081e-08,2.7858394702207079e-08,1.9464430422999612e-07
_3616_,43.32,77,NAND2_X1,0,1,1,4.0594628103463037e-08,3.6151106996840099e-08,1.7393359641459938e-08,9.4139094741763074e-08
_3617_,41.609999999999999,81.200000000000003,AOI211_X1,0,1,1,4.4902765949927925e-08,4.4753118544349491e-08,3.4565712070389054e-08,1.2422159656466647e-07
_3618_,36.289999999999999,85.400000000000006,NOR3_X1,0,1,1,3.140429427617164e-08,2.650599029152545e-08,2.6831667554461092e-08,8.4741952122158182e-08
_3619_,29.829999999999998,85.400000000000006,OAI21_X1,0,1,1,3.8504698096630818e-08,3.2028580676524143e-08,2.2619392581191278e-08,9.3152671354346239e-08
_3620_,34.960000000000001,79.799999999999997,OAI22_X1,0,1,1,4.582231127869818e-08,2.6651605367078446e-08,3.4026122364139155e-08,1.0650003900991578e-07
_3621_,32.68,78.400000000000006,AOI22_X1,0,1,1,5.1534222222926473e-08,5.958721516208243e-08,3.2611943368010543e-08,1.4373338075301945e-07
_3622_,39.329999999999998,79.799999999999997,AOI22_X1,0,1,1,6.3940177597032744e-08,7.3612675066669908e-08,3.2611943368010543e-08,1.7016479603171319e-07
_3623_,41.420000000000002,71.400000000000006,NOR2_X1,0,1,1,4.609992387827333e-08,5.2344592660347189e-08,2.1199545230388139e-08,1.1964406176900866e-07
_3624_,42.18,77,OAI21_X1,0,1,1,7.3151149138084293e-08,4.511890594471879e-08,2.2619392581191278e-08,1.4088944766399436e-07
_3625_,38.759999999999998,86.799999999999997,NOR2_X1,0,1,1,4.4852278335838491e-08,2.4117537122947397e-07,2.1199545230388139e-08,3.072271947957006e-07
_3626_,40.469999999999999,89.599999999999994,INV_X1,0,1,1,3.5233821193969561e-08,1.3505101037480927e-07,1.4353183530602109e-08,1.8463801509938094e-07
_3627_,60.609999999999999,93.799999999999997,NOR2_X1,0,1,1,4.2287023660492196e-08,8.3976523512774293e-08,2.1199545230388139e-08,1.4746309240365463e-07
_3628_,54.149999999999999,85.400000000000006,XNOR2_X1,0,1,1,1.0441920039738761e-07,1.6282223214147962e-07,3.644100843303022e-08,3.0368244097189745e-07
_3629_,53.200000000000003,95.200000000000003,NOR2_X1,0,1,1,3.798832892698556e-08,5.1338538753498142e-08,2.1199545230388139e-08,1.1052641291087184e-07
_3630_,58.329999999999998,88.200000000000003,NAND2_X1,0,1,1,3.008204529919567e-08,6.4142987810100749e-08,1.7393359641459938e-08,1.1161839275075636e-07
_3631_,56.240000000000002,88.200000000000003,NAND2_X1,0,1,1,1.5454524771030265e-08,2.5284556670612801e-08,1.7393359641459938e-08,5.8132441083103004e-08
_3632_,56.810000000000002,88.200000000000003,NAND2_X1,0,1,1,3.2705525399023827e-08,1.5990605106708244e-07,1.7393359641459938e-08,2.1000493610756621e-07
_3633_,65.549999999999997,84,XNOR2_X1,0,1,1,7.8163864714042575e-08,1.0007043727000564e-07,3.644100843303022e-08,2.1467531041707844e-07
_3634_,70.299999999999997,84,NOR2_X1,0,1,1,1.5481404602724069e-08,3.7702047706034136e-08,2.1199545230388139e-08,7.4382997539146345e-08
_3635_,68.780000000000001,78.400000000000006,XNOR2_X1,0,1,1,7.8705163275571977e-08,8.6658189957233844e-08,3.644100843303022e-08,2.0180436166583604e-07
_3636_,67.450000000000003,81.200000000000003,XNOR2_X1,0,1,1,7.7681235666204884e-08,9.7447170332998212e-08,3.644100843303022e-08,2.1156941443223332e-07
_3637_,67.069999999999993,71.400000000000006,NAND2_X1,0,1,1,2.4223391292821361e-08,1.2622555800589907e-07,1.7393359641459938e-08,1.6784230894018037e-07
_3638_,66.120000000000005,70,NAND2_X1,0,1,1,1.4696471595243565e-08,2.0876569806205225e-08,1.7393359641459938e-08,5.2966401042908728e-08
_3639_,60.799999999999997,67.200000000000003,NAND2_X1,0,1,1,2.9810095725224528e-08,1.7287780451624712e-07,1.7393359641459938e-08,2.2008125988293159e-07
_3640_,62.509999999999998,67.200000000000003,XNOR2_X1,0,1,1,6.906116567506615e-08,8.8013202059755713e-08,3.644100843303022e-08,1.9351537616785208e-07
_3641_,69.159999999999997,58.799999999999997,NOR2_X1,0,1,1,1.9722882882433623e-08,5.5560377631991287e-08,2.1199545230388139e-08,9.6482805744813049e-08
_3642_,75.239999999999995,60.200000000000003,NOR2_X1,0,1,1,5.1058766104006281e-08,1.3182703639813553e-07,2.1199545230388139e-08,2.0408534773252995e-07
_3643_,68.590000000000003,58.799999999999997,NOR2_X1,0,1,1,6.7147610138817981e-08,2.3712431129752076e-07,2.1199545230388139e-08,3.2547146666672688e-07
_3644_,77.900000000000006,46.200000000000003,NOR2_X1,0,1,1,5.200954689144055e-08,1.0029170027792134e-07,2.1199545230388139e-08,1.7350079239975003e-07
_3645_,65.359999999999999,44.799999999999997,XOR2_X1,0,1,1,1.3381507812937343e-07,4.3924538317696715e-07,3.6163719130399841e-08,6.0922418043674043e-07
_3646_,30.59,44.799999999999997,AOI22_X1,0,1,1,7.378217503628548e-08,1.2584207809140935e-07,3.2611943368010543e-08,2.3223619649570537e-07
_3647_,38.57,78.400000000000006,NAND3_X1,0,1,1,4.282505727815078e-08,1.124276778341482e-07,1.8104767463000826e-08,1.733575025752998e-07
_3648_,54.719999999999999,35,NOR4_X1,0,1,1,2.9475154761371414e-08,1.8698793624594146e-08,3.2601473520799118e-08,8.0775421906764677e-08
_3649_,55.670000000000002,25.199999999999999,NOR2_X1,0,1,1,2.2660739062985158e-08,4.2236855790633854e-08,2.1199545230388139e-08,8.6097140084007151e-08
_3650_,52.82,22.399999999999999,NAND2_X1,0,1,1,2.3469652887797565e-08,1.6256914037171555e-08,1.7393359641459938e-08,5.7119926566429058e-08
_3651_,53.579999999999998,23.800000000000001,NOR2_X1,0,1,1,4.074893311667438e-08,1.2011243200049648e-07,2.1199545230388139e-08,1.82060910347559e-07
_3652_,49.399999999999999,32.200000000000003,NOR2_X1,0,1,1,5.0544620933123952e-08,2.9571867798949825e-07,2.1199545230388139e-08,3.6746284415301034e-07
_3653_,49.210000000000001,50.399999999999999,XNOR2_X1,0,1,1,7.2549092067220045e-08,1.3412660848644009e-07,3.644100843303022e-08,2.4311670898669036e-07
_3654_,45.979999999999997,44.799999999999997,XNOR2_X1,0,1,1,1.0075886791582889e-07,1.6690447068867797e-07,3.644100843303022e-08,3.0410434703753708e-07
_3655_,50.920000000000002,43.399999999999999,INV_X1,0,1,1,3.9013805519516609e-08,3.726617237020946e-08,1.4353183530602109e-08,9.0633161420328179e-08
_3656_,50.920000000000002,40.600000000000001,NOR4_X1,0,1,1,5.7654780505345116e-08,5.1262844635857618e-08,3.2601473520799118e-08,1.4151909866200185e-07
_3657_,68.209999999999994,29.399999999999999,XNOR2_X1,0,1,1,1.2587926789819903e-07,2.5120655777755019e-07,3.644100843303022e-08,4.1352683410877944e-07
_3658_,49.969999999999999,32.200000000000003,OR2_X1,0,1,1,8.5960294882170274e-08,2.370671410290015e-07,2.269497301199408e-08,3.4572240892316586e-07
_3659_,33.630000000000003,42,NOR2_X1,0,1,1,3.7840024447177711e-08,2.2540355359979003e-08,2.1199545230388139e-08,8.1579925037544854e-08
_3660_,37.810000000000002,50.399999999999999,XNOR2_X1,0,1,1,9.8553584848559694e-08,1.9300549070067063e-07,3.644100843303022e-08,3.2800008398226055e-07
_3661_,56.240000000000002,39.200000000000003,NOR4_X1,0,1,1,4.2690036394787967e-08,2.7873571895042915e-08,3.2601473520799118e-08,1.0316508181063e-07
_3662_,60.990000000000002,35,NAND3_X1,0,1,1,8.4380431530917122e-09,1.7979969513248761e-08,1.8104767463000826e-08,4.4522780129341299e-08
_3663_,70.299999999999997,60.200000000000003,NOR2_X1,0,1,1,4.5473451670829945e-09,4.0532199818699155e-09,2.1199545230388139e-08,2.9800110379341049e-08
_3664_,66.689999999999998,64.400000000000006,NOR2_X1,0,1,1,1.9728251032802291e-08,4.952374155209327e-08,2.1199545230388139e-08,9.04515378152837e-08
_3665_,67.260000000000005,64.400000000000006,NOR2_X1,0,1,1,5.7388497509691661e-08,1.2269920546259527e-07,2.1199545230388139e-08,2.0128724820267507e-07
_3666_,66.310000000000002,65.799999999999997,INV_X1,0,1,1,3.6392673763430139e-08,5.831137528389263e-08,1.4353183530602109e-08,1.0905723257792488e-07
_3667_,66.120000000000005,64.400000000000006,NOR2_X1,0,1,1,6.7388754132480244e-08,2.6907372330242652e-07,2.1199545230388139e-08,3.576620226652949e-07
_3668_,51.109999999999999,26.600000000000001,NOR2_X1,0,1,1,3.7776032968395157e-08,9.4990447507825593e-08,2.1199545230388139e-08,1.5396602570660889e-07
_3669_,52.82,32.200000000000003,XNOR2_X1,0,1,1,1.0238031222797872e-07,2.8872420898551354e-07,3.644100843303022e-08,4.2754552964652248e-07
_3670_,67.069999999999993,50.399999999999999,XOR2_X1,0,1,1,1.3706089418974443e-07,2.1510427927751152e-07,3.6163719130399841e-08,3.8832889259765579e-07
_3671_,64.030000000000001,29.399999999999999,NAND2_X1,0,1,1,6.3103598790803517e-08,9.105314546786758e-08,1.7393359641459938e-08,1.7155010390013103e-07
_3672_,66.5,39.200000000000003,NAND2_X1,0,1,1,2.1187947396583695e-08,3.2704978281117292e-08,1.7393359641459938e-08,7.1286285319160925e-08
_3673_,66.879999999999995,36.399999999999999,AND2_X1,0,1,1,1.1626772078443537e-07,2.0238681486262067e-07,2.5066063003009731e-08,3.4372059865006577e-07
_3674_,68.019999999999996,43.399999999999999,NOR2_X1,0,1,1,6.4240481378874392e-08,4.0625220520951189e-08,2.1199545230388139e-08,1.2606524713021372e-07
_3675_,60.609999999999999,37.799999999999997,NAND2_X1,0,1,1,1.7585689349175482e-08,1.9620507885065308e-08,1.7393359641459938e-08,5.4599556875700728e-08
_3676_,70.680000000000007,40.600000000000001,XNOR2_X1,0,1,1,1.3239426266409282e-07,2.8246114425201085e-07,3.644100843303022e-08,4.5129641534913389e-07
_3677_,34.009999999999998,32.200000000000003,AND2_X1,0,1,1,5.1715858262468828e-08,7.9290281007615704e-08,2.5066063003009731e-08,1.5607220227309426e-07
_3678_,33.630000000000003,21,NOR2_X1,0,1,1,3.5471899195727019e-08,6.2454340366002725e-08,2.1199545230388139e-08,1.1912578479211788e-07
_3679_,35.909999999999997,23.800000000000001,NOR2_X1,0,1,1,4.6167663469987019e-08,2.8780632987945864e-07,2.1199545230388139e-08,3.551735385798338e-07
_3680_,66.310000000000002,36.399999999999999,NOR2_X1,0,1,1,6.2526702038212534e-08,1.4211461518698343e-07,2.1199545230388139e-08,2.258408624555841e-07
_3681_,67.829999999999998,37.799999999999997,INV_X1,0,1,1,3.9353320602231179e-08,1.7089966775074572e-07,1.4353183530602109e-08,2.2460617188357901e-07
_3682_,59.090000000000003,35,OR4_X1,0,1,1,4.9686576630847412e-08,4.3029633189917149e-08,2.6733490088304279e-08,1.1944969990906884e-07
_3683_,64.599999999999994,50.399999999999999,NOR4_X1,0,1,1,1.3997691894473974e-08,1.1354163831356345e-08,3.2601473520799118e-08,5.7953329246629437e-08
_3684_,64.790000000000006,64.400000000000006,AND3_X1,0,1,1,4.5947117222056022e-09,3.7601952662669191e-09,2.6481458803573332e-08,3.4836365792045854e-08
_3685_,65.549999999999997,82.599999999999994,NAND4_X1,0,1,1,3.4288876182841932e-09,3.4210501098641544e-09,1.8126844025800892e-08,2.497678175394924e-08
_3686_,65.739999999999995,86.799999999999997,NOR2_X1,0,1,1,3.9818569774752177e-08,3.9834834097973726e-08,2.1199545230388139e-08,1.0085294910311404e-07
_3687_,67.260000000000005,88.200000000000003,XNOR2_X1,0,1,1,8.1809432117552205e-08,1.6968026272934367e-07,3.644100843303022e-08,2.8793070327992609e-07
_3688_,42.560000000000002,92.400000000000006,NOR2_X1,0,1,1,4.5130825299111166e-08,2.8288573261647798e-08,2.1199545230388139e-08,9.4618943791147103e-08
_3689_,35.719999999999999,84,NAND2_X1,0,1,1,1.0818049567262733e-08,1.6143156145176363e-08,1.7393359641459938e-08,4.4354565353899034e-08
_3690_,43.890000000000001,92.400000000000006,XNOR2_X1,0,1,1,9.7225239414910902e-08,2.3752522793074604e-07,3.644100843303022e-08,3.7119147577868716e-07
_3691_,37.049999999999997,89.599999999999994,XOR2_X1,0,1,1,1.0012861650920968e-07,2.0234398334650905e-07,3.6163719130399841e-08,3.3863631898611857e-07
_3692_,41.799999999999997,91,NAND3_X1,0,1,1,4.652616070188742e-08,5.0001968787682927e-08,1.8104767463000826e-08,1.1463289695257117e-07
_3693_,57.950000000000003,86.799999999999997,NAND2_X1,0,1,1,3.4059361553318013e-08,3.0912172377384195e-08,1.7393359641459938e-08,8.2364893572162146e-08
_3694_,53.009999999999998,86.799999999999997,NOR4_X1,0,1,1,3.3186713377375554e-09,6.1746869839396368e-09,3.2601473520799118e-08,4.209483184247631e-08
_3695_,41.420000000000002,75.599999999999994,OAI21_X1,0,1,1,9.1907295995952154e-08,5.8981296291449326e-08,2.2619392581191278e-08,1.7350798486859276e-07
_3696_,40.090000000000003,71.400000000000006,AOI221_X1,0,1,1,6.0369949039795756e-08,3.3061965609704203e-08,4.1741206047163359e-08,1.3517312069666332e-07
_3697_,42.560000000000002,82.599999999999994,NAND2_X1,0,1,1,4.6510887585782257e-08,2.6500453031985671e-07,1.7393359641459938e-08,3.2890877754709891e-07
_3698_,43.700000000000003,75.599999999999994,NAND2_X1,0,1,1,4.6999275582493283e-08,3.6070357367634642e-08,1.7393359641459938e-08,1.0046299259158786e-07
_3699_,48.450000000000003,72.799999999999997,MUX2_X1,0,1,1,7.4481654621649795e-08,4.1878553957985787e-08,3.5928387376316095e-08,1.5228859595595168e-07
_3700_,40.659999999999997,75.599999999999994,NOR3_X1,0,1,1,7.5198983040536405e-08,5.5292534995032838e-08,2.6831667554461092e-08,1.5732318559003033e-07
_3701_,39.140000000000001,70,OAI211_X1,0,1,1,1.1169911573460922e-07,6.4307293712317914e-08,2.2039131408746471e-08,1.9804554085567361e-07
_3702_,34.009999999999998,67.200000000000003,OAI211_X1,0,1,1,2.2473882310691806e-08,1.1203552752192536e-08,2.2039131408746471e-08,5.5716566471630813e-08
_3703_,35.340000000000003,71.400000000000006,NAND2_X1,0,1,1,3.6712719975184882e-08,3.5853975788313619e-08,1.7393359641459938e-08,8.9960055404958439e-08
_3704_,31.539999999999999,64.400000000000006,OAI211_X1,0,1,1,6.0008410684986302e-08,8.1030080423261097e-08,2.2039131408746471e-08,1.6307762251699387e-07
_3705_,37.240000000000002,40.600000000000001,NAND4_X1,0,1,1,2.5863741370812932e-08,7.4949760175968549e-08,1.8126844025800892e-08,1.1894034557258237e-07
_3706_,35.340000000000003,23.800000000000001,NOR2_X1,0,1,1,1.7840578792061024e-08,1.7408423147458052e-08,2.1199545230388139e-08,5.6448547169907215e-08
_3707_,38.57,22.399999999999999,NOR3_X1,0,1,1,1.5563063726631299e-08,4.1266183359311981e-08,2.6831667554461092e-08,8.3660914640404371e-08
_3708_,40.469999999999999,21,NAND2_X1,0,1,1,1.4410017179500301e-08,1.4032092821025799e-08,1.7393359641459938e-08,4.5835469641986037e-08
_3709_,35.719999999999999,29.399999999999999,NAND3_X1,0,1,1,1.3913931340425734e-08,3.3657549636245676e-08,1.8104767463000826e-08,6.5676248439672236e-08
_3710_,53.390000000000001,22.399999999999999,NOR2_X1,0,1,1,9.2291712050496244e-09,3.3375165742199897e-08,2.1199545230388139e-08,6.3803882177637661e-08
_3711_,62.509999999999998,21,NAND2_X1,0,1,1,1.1794972110124036e-08,1.5829009214485268e-08,1.7393359641459938e-08,4.5017340966069241e-08
_3712_,62.32,22.399999999999999,NAND3_X1,0,1,1,2.234523854838244e-08,4.8537138752635656e-08,1.8104767463000826e-08,8.8987144764018922e-08
_3713_,67.829999999999998,23.800000000000001,NOR2_X1,0,1,1,1.1235789187935552e-08,3.4611442600862574e-08,2.1199545230388139e-08,6.7046777019186266e-08
_3714_,68.209999999999994,25.199999999999999,NAND2_X1,0,1,1,1.2334454346785151e-08,1.6711091177512571e-08,1.7393359641459938e-08,4.643890516575766e-08
_3715_,68.400000000000006,26.600000000000001,NAND3_X1,0,1,1,1.3001436371951058e-08,3.2109326753015921e-08,1.8104767463000826e-08,6.3215530587967805e-08
_3716_,72.010000000000005,42,NOR2_X1,0,1,1,8.5390654547268241e-09,2.6650450735132836e-08,2.1199545230388139e-08,5.6389061420247799e-08
_3717_,70.299999999999997,49,NAND2_X1,0,1,1,9.3873095963203923e-09,3.1301869540811822e-08,1.7393359641459938e-08,5.8082538778592152e-08
_3718_,80.560000000000002,60.200000000000003,NOR2_X1,0,1,1,8.4020950197327693e-09,2.7549029724127649e-08,2.1199545230388139e-08,5.7150669974248558e-08
_3719_,71.819999999999993,57.399999999999999,NOR4_X1,0,1,1,1.373306357521642e-08,6.0015263869672708e-09,3.2601473520799118e-08,5.2336063482982809e-08
_3720_,72.959999999999994,71.400000000000006,NAND2_X1,0,1,1,8.9740108677460739e-09,9.9107131390496761e-09,1.7393359641459938e-08,3.6278083648255688e-08
_3721_,68.780000000000001,71.400000000000006,NAND3_X1,0,1,1,1.095702728548531e-08,2.0247979293230856e-08,1.8104767463000826e-08,4.9309774041716992e-08
_3722_,67.829999999999998,82.599999999999994,OR2_X1,0,1,1,1.472986710382429e-08,1.1108507891322006e-08,2.269497301199408e-08,4.8533348007140376e-08
_3723_,68.780000000000001,84,OR2_X1,0,1,1,1.5516464557663312e-08,2.8369289140073306e-08,2.269497301199408e-08,6.6580726709730698e-08
_3724_,65.359999999999999,91,OR3_X1,0,1,1,1.6597676122387384e-08,2.489727179977308e-08,2.4414624988366995e-08,6.5909572910527459e-08
_3725_,52.060000000000002,93.799999999999997,OR2_X1,0,1,1,1.4436128736861065e-08,1.6932617086240498e-08,2.269497301199408e-08,5.4063718835095642e-08
_3726_,50.159999999999997,92.400000000000006,OR2_X1,0,1,1,1.4658926517086002e-08,2.547761290827566e-08,2.269497301199408e-08,6.2831512437355741e-08
_3727_,29.640000000000001,96.599999999999994,NOR2_X1,0,1,1,7.334740814712859e-09,2.4733665782150638e-08,2.1199545230388139e-08,5.3267951827251636e-08
_3728_,32.299999999999997,91,NAND2_X1,0,1,1,8.7316820440719312e-09,1.196556009830374e-08,1.7393359641459938e-08,3.8090601783835609e-08
_3729_,25.079999999999998,92.400000000000006,NAND3_X1,0,1,1,1.0336134614874481e-08,1.2119082626327327e-08,1.8104767463000826e-08,4.0559984704202634e-08
_3730_,30.59,86.799999999999997,XNOR2_X1,0,1,1,3.256121772210463e-08,2.4674697840509907e-08,3.644100843303022e-08,9.3676923995644756e-08
_3731_,35.909999999999997,71.400000000000006,AOI21_X1,0,1,1,5.4765191492833765e-08,9.0861227874938777e-08,2.7858394702207079e-08,1.7348481406997962e-07
_3732_,34.770000000000003,85.400000000000006,NAND2_X1,0,1,1,1.0714718001736401e-08,2.8249720784856436e-08,1.7393359641459938e-08,5.6357798428052774e-08
_3733_,31.73,86.799999999999997,OAI221_X1,0,1,1,9.6713392849778756e-08,5.3105054576008115e-08,3.393766689896438e-08,1.8375611432475125e-07
_3734_,30.780000000000001,79.799999999999997,NOR2_X1,0,1,1,2.2509180297447529e-08,1.7805030338990946e-08,2.1199545230388139e-08,6.1513755866826614e-08
_3735_,30.02,79.799999999999997,NAND3_X1,0,1,1,1.9810205031944861e-08,5.4003553628945156e-08,1.8104767463000826e-08,9.1918526123890842e-08
_3736_,28.690000000000001,81.200000000000003,NOR2_X2,0,1,1,4.6912380646801921e-09,4.3564860163769481e-08,4.2399072697207885e-08,9.0655170925657558e-08
_3737_,27.739999999999998,86.799999999999997,MUX2_X1,0,1,1,6.6997728254136746e-08,1.7739505864255989e-08,3.5928387376316095e-08,1.2066562149470883e-07
_3738_,29.260000000000002,84,XNOR2_X1,0,1,1,2.6010322784486561e-08,2.6199742819699168e-08,3.644100843303022e-08,8.8651074037215949e-08
_3739_,35.909999999999997,89.599999999999994,OAI221_X1,0,1,1,1.0302919406512956e-07,7.9937755970149738e-08,3.393766689896438e-08,2.1690461693424368e-07
_3740_,28.5,93.799999999999997,MUX2_X1,0,1,1,6.7113738566604297e-08,1.6740601793685528e-08,3.5928387376316095e-08,1.1978272773660592e-07
_3741_,37.43,86.799999999999997,NOR2_X1,0,1,1,3.9358749148732386e-08,9.7341285254515242e-08,2.1199545230388139e-08,1.5789957963363577e-07
_3742_,49.590000000000003,71.400000000000006,NAND2_X1,0,1,1,2.0927242161405957e-08,1.270876595071968e-07,1.7393359641459938e-08,1.654082613100627e-07
_3743_,44.460000000000001,86.799999999999997,NOR3_X1,0,1,1,2.5915118939678905e-09,2.1501032065884829e-09,2.6831667554461092e-08,3.1573282655017465e-08
_3744_,42.18,84,AOI221_X1,0,1,1,4.0427341474469358e-08,3.1894231256046623e-08,4.1741206047163359e-08,1.1406277877767934e-07
_3745_,39.329999999999998,93.799999999999997,AND2_X1,0,1,1,2.2291267498530942e-08,9.4154710694738242e-09,2.5066063003009731e-08,5.6772801571014497e-08
_3746_,37.43,93.799999999999997,OR2_X1,0,1,1,7.2454582777936594e-08,2.9681734403652626e-08,2.269497301199408e-08,1.248312901935833e-07
_3747_,56.619999999999997,91,NOR2_X1,0,1,1,2.5335356923505969e-08,1.9950494589693335e-08,2.1199545230388139e-08,6.6485396743587444e-08
_3748_,67.640000000000001,61.600000000000001,AOI21_X1,0,1,1,4.5194664011205532e-08,8.3758664004562888e-08,2.7858394702207079e-08,1.568117227179755e-07
_3749_,70.489999999999995,29.399999999999999,NOR2_X1,0,1,1,4.9076046337859225e-08,1.2782530234289879e-07,2.1199545230388139e-08,1.9810089391114616e-07
_3750_,67.260000000000005,28,NAND2_X1,0,1,1,2.1904632774294441e-08,3.055972896959247e-08,1.7393359641459938e-08,6.9857721385346849e-08
_3751_,69.920000000000002,28,NAND2_X1,0,1,1,2.0710036352511452e-08,3.074697474403365e-08,1.7393359641459938e-08,6.885037073800504e-08
_3752_,67.069999999999993,29.399999999999999,OAI221_X1,0,1,1,4.6411603449314498e-08,2.1456928678276199e-08,3.393766689896438e-08,1.0180619902655508e-07
_3753_,68.019999999999996,30.800000000000001,OAI21_X1,0,1,1,3.6021354787862947e-08,6.1158537789651746e-08,2.2619392581191278e-08,1.1979928515870597e-07
_3754_,73.340000000000003,30.800000000000001,NOR2_X1,0,1,1,5.0046665478475916e-08,1.0837845110245325e-07,2.1199545230388139e-08,1.7962466181131731e-07
_3755_,62.890000000000001,32.200000000000003,AOI211_X1,0,1,1,6.7859232899536437e-08,8.3654676075184398e-08,3.4565712070389054e-08,1.8607962104510989e-07
_3756_,57.759999999999998,21,NOR2_X1,0,1,1,3.5314677404585382e-08,6.5249189162841503e-08,2.1199545230388139e-08,1.2176341179781502e-07
_3757_,53.390000000000001,25.199999999999999,NOR3_X1,0,1,1,2.7282716530407924e-08,1.6295082616579748e-08,2.6831667554461092e-08,7.0409466701448764e-08
_3758_,54.719999999999999,25.199999999999999,AOI211_X1,0,1,1,6.0402086887734185e-08,2.6679419562469775e-08,3.4565712070389054e-08,1.2164721852059301e-07
_3759_,55.479999999999997,28,NOR2_X1,0,1,1,3.0279409202194074e-08,9.9105228912321763e-08,2.1199545230388139e-08,1.5058418334490398e-07
_3760_,49.020000000000003,25.199999999999999,NAND2_X1,0,1,1,2.9521928013309662e-08,7.6760017009291914e-08,1.7393359641459938e-08,1.2367530466406151e-07
_3761_,35.530000000000001,26.600000000000001,NOR2_X1,0,1,1,4.2014232093379178e-08,2.5952015647590088e-08,2.1199545230388139e-08,8.9165792971357405e-08
_3762_,34.200000000000003,25.199999999999999,NAND2_X1,0,1,1,3.6171620365621493e-08,4.468182979167068e-08,1.7393359641459938e-08,9.8246809798752111e-08
_3763_,36.859999999999999,33.600000000000001,NAND2_X1,0,1,1,3.8728551032818359e-08,2.9025642334090662e-08,1.7393359641459938e-08,8.5147553008368959e-08
_3764_,34.390000000000001,35,NOR2_X1,0,1,1,3.3785937603170169e-08,2.2359373019753548e-08,2.1199545230388139e-08,7.7344855853311856e-08
_3765_,34.200000000000003,44.799999999999997,NOR2_X1,0,1,1,1.9622616420633676e-08,2.2728906756697143e-08,2.1199545230388139e-08,6.3551068407718958e-08
_3766_,35.530000000000001,42,AOI21_X1,0,1,1,8.4589494520059816e-08,6.1041248500259826e-08,2.7858394702207079e-08,1.7348913772252672e-07
_3767_,34.770000000000003,44.799999999999997,OR2_X1,0,1,1,3.7107167116801065e-08,2.576707203161277e-08,2.269497301199408e-08,8.5569212160407915e-08
_3768_,34.200000000000003,42,OAI33_X1,0,1,1,7.2314946919505019e-08,1.1720348425114935e-07,4.8313957279333408e-08,2.3783238844998777e-07
_3769_,34.009999999999998,33.600000000000001,OAI21_X1,0,1,1,5.4949740757592735e-08,1.0268249894807013e-07,2.2619392581191278e-08,1.8025163228685415e-07
_3770_,33.060000000000002,26.600000000000001,NAND2_X1,0,1,1,4.1823092544746032e-08,3.2603239219497482e-08,1.7393359641459938e-08,9.1819691405703452e-08
_3771_,33.82,26.600000000000001,OAI21_X1,0,1,1,5.8987279061284426e-08,1.5134514796955045e-07,2.2619392581191278e-08,2.3295181961202616e-07
_3772_,34.579999999999998,26.600000000000001,AOI211_X1,0,1,1,6.9450862838493777e-08,7.3523892751836684e-08,3.4565712070389054e-08,1.7754046766071951e-07
_3773_,36.859999999999999,25.199999999999999,NOR2_X1,0,1,1,3.9913068405894592e-08,5.5302404433632546e-08,2.1199545230388139e-08,1.1641501806991528e-07
_3774_,29.829999999999998,28,OAI22_X1,0,1,1,5.7584294665957714e-08,1.4663747549548134e-07,3.4026122364139155e-08,2.3824789252557821e-07
_3775_,50.159999999999997,28,NAND2_X1,0,1,1,3.7920546702707725e-08,4.102227890712129e-08,1.7393359641459938e-08,9.6336185251288953e-08
_3776_,49.210000000000001,19.600000000000001,AOI21_X1,0,1,1,5.1176161974808565e-08,3.356883127025867e-08,2.7858394702207079e-08,1.1260338794727431e-07
_3777_,50.350000000000001,29.399999999999999,OR2_X1,0,1,1,6.1799603656709223e-08,4.0841023007942567e-08,2.269497301199408e-08,1.2533559967664587e-07
_3778_,45.219999999999999,30.800000000000001,AOI211_X1,0,1,1,4.9626706299932266e-08,1.0499798008822836e-07,3.4565712070389054e-08,1.8919039845854968e-07
_3779_,65.170000000000002,28,NOR2_X1,0,1,1,3.6331378794329794e-08,5.808343317426079e-08,2.1199545230388139e-08,1.1561435719897872e-07
_3780_,66.689999999999998,33.600000000000001,OAI21_X1,0,1,1,3.2521310089350663e-08,3.3223553685957086e-08,2.2619392581191278e-08,8.8364256356499027e-08
_3781_,67.450000000000003,33.600000000000001,NAND2_X1,0,1,1,2.812306121313668e-08,3.2163043783839385e-08,1.7393359641459938e-08,7.7679464638436002e-08
_3782_,68.969999999999999,47.600000000000001,AOI21_X1,0,1,1,8.0571119553951576e-08,7.4241569336663815e-08,2.7858394702207079e-08,1.8267108359282247e-07
_3783_,67.450000000000003,46.200000000000003,OAI21_X1,0,1,1,5.9023605558650161e-08,8.0300019078549667e-08,2.2619392581191278e-08,1.6194301721839111e-07
_3784_,65.739999999999995,35,AOI221_X1,0,1,1,2.9369136456125489e-08,4.4963378798001941e-08,4.1741206047163359e-08,1.1607372130129079e-07
_3785_,68.209999999999994,46.200000000000003,NAND3_X1,0,1,1,1.3781442653737486e-08,8.7344851351645048e-09,1.8104767463000826e-08,4.0620695251902816e-08
_3786_,72.390000000000001,51.799999999999997,OAI211_X1,0,1,1,2.620782169060476e-08,2.126271780866773e-08,2.2039131408746471e-08,6.9509670908018961e-08
_3787_,64.219999999999999,40.600000000000001,AND2_X1,0,1,1,3.2605282029862792e-08,1.9971043485611517e-08,2.5066063003009731e-08,7.764238851848404e-08
_3788_,66.689999999999998,47.600000000000001,OAI221_X1,0,1,1,4.7759748156295245e-08,6.6279021382342762e-08,3.393766689896438e-08,1.4797643643760239e-07
_3789_,59.850000000000001,53.200000000000003,NOR2_X1,0,1,1,3.0651847282570088e-08,1.1768829466518582e-07,2.1199545230388139e-08,1.6953968717814405e-07
_3790_,61.560000000000002,65.799999999999997,NOR2_X1,0,1,1,2.4713926904951222e-08,2.9476584728627131e-08,2.1199545230388139e-08,7.5390056863966493e-08
_3791_,65.739999999999995,67.200000000000003,AOI21_X1,0,1,1,3.9482337399476819e-08,2.8109575112011953e-08,2.7858394702207079e-08,9.5450307213695851e-08
_3792_,59.090000000000003,70,INV_X1,0,1,1,1.7049108791411527e-08,2.7021920701031377e-08,1.4353183530602109e-08,5.8424213023045013e-08
_3793_,63.649999999999999,67.200000000000003,OAI21_X1,0,1,1,2.7452733419863762e-08,4.7994262786232866e-08,2.2619392581191278e-08,9.8066388787287906e-08
_3794_,67.450000000000003,60.200000000000003,OAI221_X1,0,1,1,2.9113181199136307e-08,4.5121410607862344e-08,3.393766689896438e-08,1.0817225870596303e-07
_3795_,62.32,68.599999999999994,NAND3_X1,0,1,1,9.9198045333537266e-09,6.062598867373481e-09,1.8104767463000826e-08,3.4087170863728034e-08
_3796_,68.019999999999996,68.599999999999994,AND3_X1,0,1,1,4.7907043665418314e-08,5.6728374886461097e-08,2.6481458803573332e-08,1.3111687735545274e-07
_3797_,60.609999999999999,77,NAND2_X1,0,1,1,2.537409571345961e-08,5.0223121661474579e-08,1.7393359641459938e-08,9.2990577016394127e-08
_3798_,70.489999999999995,78.400000000000006,NAND2_X1,0,1,1,2.0811931733533129e-08,7.5786864783822239e-08,1.7393359641459938e-08,1.1399215615881531e-07
_3799_,60.990000000000002,81.200000000000003,OAI21_X1,0,1,1,3.5021013644609411e-08,2.8076996727577352e-08,2.2619392581191278e-08,8.5717402953378041e-08
_3800_,67.829999999999998,78.400000000000006,AOI21_X1,0,1,1,3.0516755344933699e-08,4.8755588011317741e-08,2.7858394702207079e-08,1.0713073805845852e-07
_3801_,66.120000000000005,85.400000000000006,NOR2_X1,0,1,1,2.1531638694227695e-08,2.2987483916381279e-08,2.1199545230388139e-08,6.5718667840997114e-08
_3802_,64.599999999999994,85.400000000000006,OAI21_X1,0,1,1,2.3107146418510638e-08,3.1664892929939015e-08,2.2619392581191278e-08,7.739143192964093e-08
_3803_,65.359999999999999,85.400000000000006,NOR3_X1,0,1,1,2.8867289003642327e-08,4.6063444614219407e-08,2.6831667554461092e-08,1.0176240117232283e-07
_3804_,64.980000000000004,86.799999999999997,AOI21_X1,0,1,1,3.3059230020171526e-08,5.2363532176968874e-08,2.7858394702207079e-08,1.1328115689934748e-07
_3805_,72.010000000000005,81.200000000000003,AOI211_X1,0,1,1,3.3655506825880366e-08,5.2287386864691143e-08,3.4565712070389054e-08,1.2050860576096056e-07
_3806_,58.140000000000001,91,AOI22_X1,0,1,1,3.1731239857890614e-08,1.6187339468842765e-08,3.2611943368010543e-08,8.0530522694743922e-08
_3807_,58.899999999999999,88.200000000000003,NAND3_X1,0,1,1,1.4226382738513621e-08,8.4812441514259262e-09,1.8104767463000826e-08,4.0812394352940373e-08
_3808_,57.57,89.599999999999994,AOI21_X1,0,1,1,3.1449665982563602e-08,1.386370840350537e-08,2.7858394702207079e-08,7.3171769088276051e-08
_3809_,51.299999999999997,91,AOI21_X1,0,1,1,3.1571783409845011e-08,6.9604539021383971e-08,2.7858394702207079e-08,1.2903471713343606e-07
_3810_,56.810000000000002,89.599999999999994,AOI21_X1,0,1,1,3.3257208542636363e-08,9.0291116805474303e-08,2.7858394702207079e-08,1.5140672005031774e-07
_3811_,43.130000000000003,92.400000000000006,OAI21_X1,0,1,1,2.7882101960585715e-08,4.2155164692303515e-08,2.2619392581191278e-08,9.2656659234080507e-08
_3812_,38.189999999999998,93.799999999999997,AOI21_X1,0,1,1,3.0092778047219326e-08,6.7851615881409089e-08,2.7858394702207079e-08,1.2580278863083549e-07
_3813_,37.810000000000002,88.200000000000003,NAND2_X1,0,1,1,4.4337916449421755e-08,2.6913197004319045e-08,1.7393359641459938e-08,8.8644473095200738e-08
_3814_,38.57,88.200000000000003,AOI21_X1,0,1,1,5.3748653527918577e-08,3.5189689384651501e-08,2.7858394702207079e-08,1.1679673761477716e-07
_3815_,39.710000000000001,84,AOI21_X1,0,1,1,7.5954503131470119e-08,5.3533778299197365e-08,2.7858394702207079e-08,1.5734667613287456e-07
_3816_,37.43,91,OAI21_X1,0,1,1,5.140311287732402e-08,2.6336312686225938e-08,2.2619392581191278e-08,1.0035881814474124e-07
_3817_,37.240000000000002,92.400000000000006,NAND2_X1,0,1,1,2.111240604563136e-08,1.5219709936786785e-08,1.7393359641459938e-08,5.3725475623878083e-08
_3818_,36.479999999999997,91,OAI211_X1,0,1,1,7.845795835237368e-08,6.2133729272773053e-08,2.2039131408746471e-08,1.626308190338932e-07
_3819_,32.109999999999999,92.400000000000006,XNOR2_X1,0,1,1,4.0468194129061885e-08,3.0726347688414535e-08,3.644100843303022e-08,1.0763555025050664e-07
_3820_,34.009999999999998,70,NOR3_X1,0,1,1,3.2109518599554576e-08,1.0572099640171473e-08,2.6831667554461092e-08,6.9513285794187141e-08
_3821_,37.810000000000002,85.400000000000006,NAND3_X1,0,1,1,3.1095453323359834e-08,4.3803075300274941e-07,1.8104767463000826e-08,4.8723097378911007e-07
_3822_,36.100000000000001,93.799999999999997,XNOR2_X1,0,1,1,1.0473558376133951e-07,9.5189555793240288e-08,3.644100843303022e-08,2.3636614798761002e-07
_3823_,32.869999999999997,93.799999999999997,OAI222_X1,0,1,1,1.0002985106893902e-07,1.9910292081704029e-08,4.3177877273592458e-08,1.6311802042423551e-07
_3824_,33.82,95.200000000000003,OR2_X1,0,1,1,1.0458136046054278e-07,6.0018784608928399e-08,2.269497301199408e-08,1.8729511808146526e-07
_3825_,32.490000000000002,99.400000000000006,MUX2_X1,0,1,1,6.7493886035663309e-08,2.5069114784059821e-08,3.5928387376316095e-08,1.2849138819603922e-07
_3826_,39.329999999999998,92.400000000000006,XNOR2_X1,0,1,1,9.6078409228539385e-08,1.1397880683716721e-07,3.644100843303022e-08,2.4649822449873682e-07
_3827_,40.280000000000001,85.400000000000006,NOR2_X1,0,1,1,4.031067035725755e-08,7.2248660387685959e-08,2.1199545230388139e-08,1.3375887597533165e-07
_3828_,40.659999999999997,86.799999999999997,NOR2_X1,0,1,1,3.9037896470972555e-08,8.5060889887245139e-08,2.1199545230388139e-08,1.4529833158860583e-07
_3829_,49.020000000000003,81.200000000000003,NOR3_X1,0,1,1,6.0585215067021636e-08,5.4163287188657705e-08,2.6831667554461092e-08,1.4158016981014043e-07
_3830_,41.990000000000002,86.799999999999997,MUX2_X1,0,1,1,9.3737249073910789e-08,2.9486338704032278e-08,3.5928387376316095e-08,1.5915197515425916e-07
_3831_,35.340000000000003,93.799999999999997,OAI21_X1,0,1,1,3.6536892622507366e-08,4.1870645617336777e-08,2.2619392581191278e-08,1.0102693082103542e-07
_3832_,34.200000000000003,79.799999999999997,AOI21_X1,0,1,1,7.714524485891161e-08,7.0812099295380904e-08,2.7858394702207079e-08,1.7581573885649959e-07
_3833_,41.799999999999997,85.400000000000006,NAND2_X1,0,1,1,3.867784315048084e-08,2.9157082082065244e-08,1.7393359641459938e-08,8.5228284874006022e-08
_3834_,42.939999999999998,88.200000000000003,AOI22_X1,0,1,1,3.1058814187190364e-08,1.445631170327033e-08,3.2611943368010543e-08,7.8127069258471238e-08
_3835_,42.75,85.400000000000006,OAI21_X1,0,1,1,5.3342585459859038e-08,4.4762870743397798e-08,2.2619392581191278e-08,1.2072484878444811e-07
_3836_,43.509999999999998,84,XNOR2_X1,0,1,1,9.3843524950898427e-08,6.0088702014127193e-08,3.644100843303022e-08,1.9037323539805584e-07
_3837_,40.469999999999999,92.400000000000006,OAI22_X1,0,1,1,3.5182427637892033e-08,1.5979574996549673e-08,3.4026122364139155e-08,8.5188124998580861e-08
_3838_,41.420000000000002,92.400000000000006,NOR2_X1,0,1,1,4.079158344438838e-08,7.6526099235252332e-08,2.1199545230388139e-08,1.3851722791002885e-07
_3839_,40.659999999999997,93.799999999999997,XNOR2_X1,0,1,1,4.8090949889001422e-08,4.1484899071519976e-08,3.644100843303022e-08,1.2601685739355162e-07
_3840_,36.479999999999997,96.599999999999994,AOI22_X1,0,1,1,7.1114982347353362e-08,3.9898154113870987e-08,3.2611943368010543e-08,1.4362507982923489e-07
_3841_,39.710000000000001,96.599999999999994,OAI211_X1,0,1,1,1.0613575085471894e-07,6.307882927103492e-08,2.2039131408746471e-08,1.9125371153450033e-07
_3842_,37.619999999999997,99.400000000000006,MUX2_X1,0,1,1,6.6987389857331436e-08,2.4116733499113252e-08,3.5928387376316095e-08,1.2703251073276078e-07
_3843_,43.32,93.799999999999997,XNOR2_X1,0,1,1,1.0222859714303922e-07,7.5383461251021799e-08,3.644100843303022e-08,2.1405306682709124e-07
_3844_,44.649999999999999,93.799999999999997,XNOR2_X1,0,1,1,4.501313810578722e-08,4.7042533424246358e-08,3.644100843303022e-08,1.284966799630638e-07
_3845_,51.299999999999997,93.799999999999997,AOI21_X1,0,1,1,2.7620366438441124e-08,1.8476914220855178e-08,2.7858394702207079e-08,7.3955675361503381e-08
_3846_,45.030000000000001,91,OAI21_X1,0,1,1,2.1616763490328594e-08,1.0597691613156712e-08,2.2619392581191278e-08,5.4833847684676584e-08
_3847_,46.359999999999999,89.599999999999994,AOI22_X1,0,1,1,3.3871224047743453e-08,1.6013911974255279e-08,3.2611943368010543e-08,8.2497079390009276e-08
_3848_,45.219999999999999,88.200000000000003,AOI211_X1,0,1,1,5.6239141343894516e-08,2.8440670263307766e-08,3.4565712070389054e-08,1.1924552367759134e-07
_3849_,44.270000000000003,88.200000000000003,AND3_X1,0,1,1,6.0320921591028309e-08,3.0253094251975199e-08,2.6481458803573332e-08,1.1705547464657684e-07
_3850_,50.729999999999997,86.799999999999997,OAI21_X1,0,1,1,6.078740710790953e-08,3.5267348152956401e-08,2.2619392581191278e-08,1.1867414784205721e-07
_3851_,45.789999999999999,91,NAND3_X1,0,1,1,5.975485350973031e-08,7.5033689483916532e-08,1.8104767463000826e-08,1.5289331045664767e-07
_3852_,45.789999999999999,93.799999999999997,AOI221_X1,0,1,1,1.1703114211059074e-07,4.9419490721902548e-08,4.1741206047163359e-08,2.0819183887965664e-07
_3853_,45.600000000000001,96.599999999999994,OAI21_X1,0,1,1,8.8835463429859374e-08,1.0593811339276726e-07,2.2619392581191278e-08,2.1739296940381792e-07
_3854_,43.509999999999998,100.8,MUX2_X1,0,1,1,6.6833734990723315e-08,2.1259861426869975e-08,3.5928387376316095e-08,1.2402198379390938e-07
_3855_,55.859999999999999,89.599999999999994,AOI21_X1,0,1,1,2.8554023145943574e-08,1.8139278523676694e-08,2.7858394702207079e-08,7.4551696371827347e-08
_3856_,54.719999999999999,89.599999999999994,XOR2_X1,0,1,1,1.0794116889201177e-07,1.2203905441765528e-07,3.6163719130399841e-08,2.6614394244006689e-07
_3857_,55.479999999999997,91,NAND2_X1,0,1,1,1.3040092561311667e-08,8.4285440848930193e-09,1.7393359641459938e-08,3.8861996287664624e-08
_3858_,57.380000000000003,93.799999999999997,AOI22_X1,0,1,1,3.7146705267332436e-08,2.3019008921210116e-08,3.2611943368010543e-08,9.2777657556553095e-08
_3859_,59.659999999999997,88.200000000000003,XNOR2_X1,0,1,1,1.1153873913372081e-07,5.9213746794739563e-08,3.644100843303022e-08,2.0719349436149059e-07
_3860_,53.390000000000001,91,OAI211_X1,0,1,1,8.2746737462002784e-08,7.0543812569212605e-08,2.2039131408746471e-08,1.7532968143996186e-07
_3861_,52.439999999999998,92.400000000000006,XNOR2_X1,0,1,1,4.1763623670476591e-08,3.0331829492524776e-08,3.644100843303022e-08,1.0853646159603159e-07
_3862_,53.770000000000003,92.400000000000006,AOI21_X1,0,1,1,8.1284809994031093e-08,4.0921023014561797e-08,2.7858394702207079e-08,1.5006422771079997e-07
_3863_,52.82,93.799999999999997,OAI221_X1,0,1,1,1.1491518137063395e-07,7.7615581517420651e-08,3.393766689896438e-08,2.2646842978701898e-07
_3864_,52.060000000000002,99.400000000000006,MUX2_X1,0,1,1,6.7075269782890246e-08,2.6031369060319776e-08,3.5928387376316095e-08,1.2903502621952612e-07
_3865_,68.590000000000003,72.799999999999997,AOI22_X1,0,1,1,3.2113661063704058e-08,8.183829613983562e-09,3.2611943368010543e-08,7.2909434045698163e-08
_3866_,66.5,56,AOI21_X1,0,1,1,4.2864897409344849e-08,3.6940189573897442e-08,2.7858394702207079e-08,1.0766348168544937e-07
_3867_,61.369999999999997,49,AOI21_X1,0,1,1,4.5947306404059418e-08,2.2002945243571048e-08,2.7858394702207079e-08,9.5808646349837545e-08
_3868_,59.850000000000001,50.399999999999999,NOR2_X1,0,1,1,4.7957520621366712e-08,4.8277588149403527e-08,2.1199545230388139e-08,1.1743465400115838e-07
_3869_,62.890000000000001,49,AOI21_X1,0,1,1,4.6353715532632123e-08,5.5136080590045822e-08,2.7858394702207079e-08,1.2934819082488502e-07
_3870_,60.609999999999999,39.200000000000003,AOI211_X1,0,1,1,7.5585454339943681e-08,6.3012834061737522e-08,3.4565712070389054e-08,1.7316400047207026e-07
_3871_,52.060000000000002,32.200000000000003,OAI21_X1,0,1,1,4.8286132425801043e-08,9.4612509826674795e-08,2.2619392581191278e-08,1.6551803483366712e-07
_3872_,60.609999999999999,46.200000000000003,NAND2_X1,0,1,1,3.2799611915379501e-08,1.2322908560236101e-07,1.7393359641459938e-08,1.7342205715920045e-07
_3873_,62.890000000000001,53.200000000000003,AOI22_X1,0,1,1,4.6980833445786629e-08,6.5660451298299449e-08,3.2611943368010543e-08,1.4525322811209662e-07
_3874_,64.790000000000006,57.399999999999999,AND2_X1,0,1,1,5.7910874318167771e-08,7.1581368388251576e-08,2.5066063003009731e-08,1.5455830570942908e-07
_3875_,64.409999999999997,63,NOR2_X1,0,1,1,2.6997225788250034e-08,5.9244356975796109e-08,2.1199545230388139e-08,1.0744112799443428e-07
_3876_,62.890000000000001,65.799999999999997,AOI21_X1,0,1,1,4.2970111024942526e-08,5.596687913111964e-08,2.7858394702207079e-08,1.2679538485826924e-07
_3877_,61.560000000000002,72.799999999999997,OR2_X1,0,1,1,5.1574506443330392e-08,5.6566818784631323e-08,2.269497301199408e-08,1.3083629823995579e-07
_3878_,56.43,70,NAND2_X1,0,1,1,2.8649211003539676e-08,1.3465542281210219e-07,1.7393359641459938e-08,1.806979934571018e-07
_3879_,63.649999999999999,79.799999999999997,AOI21_X1,0,1,1,8.9831615923685604e-08,8.5019642881434265e-08,2.7858394702207079e-08,2.0270965350732695e-07
_3880_,70.299999999999997,65.799999999999997,OAI21_X1,0,1,1,6.6258358799586858e-08,3.3324578652127457e-08,2.2619392581191278e-08,1.2220233003290559e-07
_3881_,69.159999999999997,57.399999999999999,OR2_X1,0,1,1,5.0253532890565111e-08,9.0456431678376248e-08,2.269497301199408e-08,1.6340493758093544e-07
_3882_,72.200000000000003,60.200000000000003,NAND2_X1,0,1,1,1.8567074988595778e-08,4.3335965926871722e-08,1.7393359641459938e-08,7.9296400556927438e-08
_3883_,60.609999999999999,70,NAND3_X1,0,1,1,3.5932963271534391e-08,3.8998663853817561e-08,1.8104767463000826e-08,9.3036394588352778e-08
_3884_,69.349999999999994,70,OR2_X1,0,1,1,2.0096653230439188e-08,1.0968985719728153e-08,2.269497301199408e-08,5.376061196216142e-08
_3885_,72.579999999999998,70,OAI211_X1,0,1,1,5.995252649881877e-08,8.3162355224430939e-08,2.2039131408746471e-08,1.6515401313199618e-07
_3886_,69.540000000000006,71.400000000000006,OR2_X1,0,1,1,9.1209972907790871e-09,2.3270192439639459e-09,2.269497301199408e-08,3.4142989546737113e-08
_3887_,69.730000000000004,72.799999999999997,AND3_X1,0,1,1,9.8478210475150263e-08,7.2756670022045e-08,2.6481458803573332e-08,1.977163393007686e-07
_3888_,71.819999999999993,71.400000000000006,XNOR2_X1,0,1,1,3.7185202472755918e-08,3.7374228156750178e-08,3.644100843303022e-08,1.1100043906253632e-07
_3889_,66.5,67.200000000000003,OAI22_X1,0,1,1,5.5737203297212545e-08,4.9939771429308166e-08,3.4026122364139155e-08,1.3970309709065987e-07
_3890_,72.200000000000003,74.200000000000003,INV_X1,0,1,1,2.505978713429613e-08,2.4816548815920214e-08,1.4353183530602109e-08,6.4229519480818453e-08
_3891_,70.680000000000007,74.200000000000003,OAI211_X1,0,1,1,1.1448054948459685e-07,1.0469215538932986e-07,2.2039131408746471e-08,2.4121183628267318e-07
_3892_,55.100000000000001,75.599999999999994,MUX2_X1,0,1,1,6.4838509672426881e-08,1.6781166678470072e-08,3.5928387376316095e-08,1.1754806372721305e-07
_3893_,22.989999999999998,85.400000000000006,NOR2_X2,0,1,1,2.2969675939066292e-08,1.2298716001168941e-07,4.2399072697207885e-08,1.8835590864796359e-07
_3894_,27.550000000000001,85.400000000000006,MUX2_X1,0,1,1,7.4192854526700103e-08,1.8249780353585265e-08,3.5928387376316095e-08,1.2837102225660146e-07
_3895_,25.079999999999998,93.799999999999997,MUX2_X1,0,1,1,7.2302476894492429e-08,1.9094237302397232e-08,3.5928387376316095e-08,1.2732510157320576e-07
_3896_,34.009999999999998,99.400000000000006,MUX2_X1,0,1,1,7.7788094188235846e-08,2.1784487103104766e-08,3.5928387376316095e-08,1.3550096866765671e-07
_3897_,38.950000000000003,100.8,MUX2_X1,0,1,1,7.5699063017964363e-08,1.8637761556306032e-08,3.5928387376316095e-08,1.3026521195058649e-07
_3898_,52.82,109.2,MUX2_X1,0,1,1,7.8431163785808167e-08,3.376709756253149e-08,3.5928387376316095e-08,1.4812664872465575e-07
_3899_,53.960000000000001,102.2,MUX2_X1,0,1,1,8.3029419783997582e-08,2.0558397650916049e-08,3.5928387376316095e-08,1.3951620481122973e-07
_3900_,55.100000000000001,77,MUX2_X1,0,1,1,8.1649261574057164e-08,2.9206928431335655e-08,3.5928387376316095e-08,1.4678457738170891e-07
_3901_,12.35,30.800000000000001,MUX2_X1,0,1,1,6.7219332322565606e-08,4.7363432287284013e-08,3.5928387376316095e-08,1.5051115198616571e-07
_3902_,89.489999999999995,57.399999999999999,AOI21_X1,0,1,1,8.1792116191081732e-08,3.9798653261868822e-08,2.7858394702207079e-08,1.4944916415515763e-07
_3903_,90.819999999999993,57.399999999999999,AOI21_X1,0,1,1,1.0327417498956493e-07,8.291003439353517e-08,2.7858394702207079e-08,2.1404260408530718e-07
_3904_,91.010000000000005,63,XOR2_X1,0,1,1,1.4012194071710837e-07,1.0044691833854813e-07,3.6163719130399841e-08,2.7673257818605634e-07
_3905_,98.230000000000004,57.399999999999999,XNOR2_X1,0,1,1,1.3462823744703201e-07,7.1745759555597033e-08,3.644100843303022e-08,2.4281500543565926e-07
_3906_,95.189999999999998,58.799999999999997,AOI222_X1,0,1,1,7.8235807166038285e-08,3.2964049268002782e-08,4.7398827973665902e-08,1.5859868440770697e-07
_3907_,95.379999999999995,64.400000000000006,OAI221_X1,0,1,1,6.7526457314670552e-08,4.2927407406523344e-08,3.393766689896438e-08,1.4439153162015828e-07
_3908_,7.5999999999999996,71.400000000000006,AOI22_X1,0,1,1,4.7558415872117621e-08,3.0756854840774395e-08,3.2611943368010543e-08,1.1092721408090256e-07
_3909_,10.449999999999999,75.599999999999994,OAI21_X1,0,1,1,4.2145700263063191e-08,1.9475857371276106e-08,2.2619392581191278e-08,8.4240950215530574e-08
_3910_,33.060000000000002,29.399999999999999,XOR2_X1,0,1,1,1.0091702762338173e-07,1.3672993759428209e-07,3.6163719130399841e-08,2.7381068434806366e-07
_3911_,37.43,21,AOI222_X1,0,1,1,5.9704895249979018e-08,1.9501889880757517e-08,4.7398827973665902e-08,1.2660561310440244e-07
_3912_,40.850000000000001,29.399999999999999,AOI21_X1,0,1,1,7.1422114444885665e-08,3.587834740415019e-08,2.7858394702207079e-08,1.3515885655124293e-07
_3913_,41.799999999999997,26.600000000000001,OAI21_X1,0,1,1,4.1745199297338331e-08,2.8026487797205846e-08,2.2619392581191278e-08,9.2391079675735455e-08
_3914_,37.619999999999997,22.399999999999999,OAI211_X1,0,1,1,8.6630109308316605e-08,8.4926909948990215e-08,2.2039131408746471e-08,1.9359615066605329e-07
_3915_,31.350000000000001,19.600000000000001,NOR2_X1,0,1,1,2.4794560848917513e-10,1.6130513591505746e-10,2.1199545230388139e-08,2.1608795974792372e-08
_3916_,34.960000000000001,21,XNOR2_X1,0,1,1,9.1703640237028594e-08,6.7547794913025427e-08,3.644100843303022e-08,1.9569244358308424e-07
_3917_,30.780000000000001,16.800000000000001,AOI21_X1,0,1,1,4.3593505694161649e-08,2.7611401165472671e-08,2.7858394702207079e-08,9.9063301561841399e-08
_3918_,33.82,19.600000000000001,AOI222_X1,0,1,1,7.8602333530852775e-09,3.5650076224413851e-09,4.7398827973665902e-08,5.8824068949192565e-08
_3919_,31.539999999999999,18.199999999999999,OAI211_X1,0,1,1,6.0625836795225041e-08,2.4699009060213939e-08,2.2039131408746471e-08,1.0736397726418545e-07
_3920_,68.209999999999994,33.600000000000001,XNOR2_X1,0,1,1,1.2760749257267889e-07,2.1894895496643585e-07,3.644100843303022e-08,3.8299745597214496e-07
_3921_,75.620000000000005,29.399999999999999,AOI222_X1,0,1,1,4.5476404864075448e-08,2.8613488467499337e-08,4.7398827973665902e-08,1.2148872130524069e-07
_3922_,69.540000000000006,33.600000000000001,XNOR2_X1,0,1,1,1.3489443517755717e-07,6.3528055704864528e-08,3.644100843303022e-08,2.3486349931545192e-07
_3923_,66.879999999999995,35,OAI221_X1,0,1,1,9.4724647681232454e-08,1.2700587603831082e-07,3.393766689896438e-08,2.5566819061850765e-07
_3924_,68.019999999999996,35,XNOR2_X1,0,1,1,1.0110760229053994e-07,1.2912217073335341e-07,3.644100843303022e-08,2.6667078145692358e-07
_3925_,83.790000000000006,29.399999999999999,AOI22_X1,0,1,1,5.8233531774476432e-08,4.1952041840431775e-08,3.2611943368010543e-08,1.3279751698291875e-07
_3926_,76,33.600000000000001,OAI22_X1,0,1,1,1.3523295816497694e-09,1.0423660823377645e-09,3.4026122364139155e-08,3.6420818028126689e-08
_3927_,72.579999999999998,28,AOI21_X1,0,1,1,1.9355512748120418e-09,1.8253791811417841e-09,2.7858394702207079e-08,3.1619325158160905e-08
_3928_,76.950000000000003,32.200000000000003,OAI211_X1,0,1,1,6.1160463360465656e-08,4.5072304999393964e-08,2.2039131408746471e-08,1.2827189976860609e-07
_3929_,60.990000000000002,22.399999999999999,XNOR2_X1,0,1,1,9.9357656324627897e-08,1.1079550432668839e-07,3.644100843303022e-08,2.465941690843465e-07
_3930_,49.969999999999999,26.600000000000001,AOI21_X1,0,1,1,4.9271729807287556e-08,1.2909275426409295e-07,2.7858394702207079e-08,2.0622287877358758e-07
_3931_,52.82,23.800000000000001,AOI21_X1,0,1,1,5.1804811107558635e-08,3.9195942491687674e-08,2.7858394702207079e-08,1.1885914830145339e-07
_3932_,56.43,22.399999999999999,XOR2_X1,0,1,1,9.9776713113897131e-08,1.345242850447903e-07,3.6163719130399841e-08,2.7046471728908728e-07
_3933_,57.380000000000003,19.600000000000001,AOI222_X1,0,1,1,4.645741569220263e-08,1.027930274233313e-08,4.7398827973665902e-08,1.0413554640820166e-07
_3934_,58.140000000000001,23.800000000000001,XNOR2_X1,0,1,1,1.0239183723115275e-07,5.8129359103986644e-08,3.644100843303022e-08,1.9696220476816961e-07
_3935_,50.920000000000002,22.399999999999999,AOI22_X1,0,1,1,6.4862163640100334e-08,3.6594947516732645e-08,3.2611943368010543e-08,1.3406905452484352e-07
_3936_,57,18.199999999999999,AND2_X1,0,1,1,8.2850654337107699e-08,6.8068793268594163e-08,2.5066063003009731e-08,1.7598551060871159e-07
_3937_,59.280000000000001,18.199999999999999,XNOR2_X1,0,1,1,8.289398323313435e-08,8.5029853380547138e-08,3.644100843303022e-08,2.0436484504671171e-07
_3938_,60.420000000000002,11.199999999999999,AOI22_X1,0,1,1,5.5328442272184475e-08,3.2531890070686131e-08,3.2611943368010543e-08,1.2047227571088115e-07
_3939_,58.710000000000001,14,OAI21_X1,0,1,1,5.277411574411417e-08,4.0081104657474498e-08,2.2619392581191278e-08,1.1547461298277995e-07
_3940_,58.899999999999999,19.600000000000001,AOI221_X1,0,1,1,6.6202467507991969e-08,2.9361837405872393e-08,4.1741206047163359e-08,1.3730551096102772e-07
_3941_,57.759999999999998,18.199999999999999,OAI21_X1,0,1,1,5.2241801995478454e-08,4.2827622337426874e-08,2.2619392581191278e-08,1.1768881691409661e-07
_3942_,49.969999999999999,23.800000000000001,XOR2_X1,0,1,1,1.0688965090821512e-07,1.6195157570564334e-07,3.6163719130399841e-08,3.0500494574425829e-07
_3943_,51.68,21,NAND2_X1,0,1,1,2.0339122386303643e-08,1.2364694157440681e-08,1.7393359641459938e-08,5.0097176185204262e-08
_3944_,48.450000000000003,21,AOI222_X1,0,1,1,6.0750863895009388e-08,1.9457004896139551e-08,4.7398827973665902e-08,1.2760669676481484e-07
_3945_,58.520000000000003,18.199999999999999,AOI21_X1,0,1,1,6.8493186233808956e-08,6.2375839604555949e-08,2.7858394702207079e-08,1.5872742054057198e-07
_3946_,47.880000000000003,23.800000000000001,OAI21_X1,0,1,1,4.179253210168099e-08,2.6627072102769489e-08,2.2619392581191278e-08,9.1038996785641757e-08
_3947_,49.969999999999999,19.600000000000001,NAND3_X1,0,1,1,6.5779815372479788e-08,1.0525435101271796e-07,1.8104767463000826e-08,1.8913893384819858e-07
_3948_,38.759999999999998,18.199999999999999,INV_X1,0,1,1,3.4356080647057752e-08,3.6793242230714895e-08,1.4353183530602109e-08,8.5502506408374757e-08
_3949_,38.950000000000003,21,XNOR2_X1,0,1,1,8.7077381749622873e-08,6.7046151741578797e-08,3.644100843303022e-08,1.9056454192423189e-07
_3950_,36.100000000000001,12.6,NAND2_X1,0,1,1,3.4060917641909327e-08,2.989710878864571e-08,1.7393359641459938e-08,8.1351386072014975e-08
_3951_,34.390000000000001,15.4,OAI221_X1,0,1,1,6.2575118420227227e-08,3.3360766593659719e-08,3.393766689896438e-08,1.2987355191285133e-07
_3952_,37.049999999999997,19.600000000000001,AOI221_X1,0,1,1,6.5950601424447086e-08,2.6067153768849494e-08,4.1741206047163359e-08,1.3375896124045994e-07
_3953_,37.619999999999997,18.199999999999999,OAI21_X1,0,1,1,5.0557197539546905e-08,3.3155124867789709e-08,2.2619392581191278e-08,1.0633171498852789e-07
_3954_,66.5,28,OAI21_X1,0,1,1,4.7612257247919842e-08,9.261331967991282e-08,2.2619392581191278e-08,1.6284496950902394e-07
_3955_,73.340000000000003,32.200000000000003,INV_X1,0,1,1,2.4023748323998007e-08,3.3198713111914913e-08,1.4353183530602109e-08,7.1575644966515028e-08
_3956_,73.150000000000006,23.800000000000001,XNOR2_X1,0,1,1,1.192153149531805e-07,1.6564337101954152e-07,3.644100843303022e-08,3.2129969440575223e-07
_3957_,68.590000000000003,21,AOI222_X1,0,1,1,4.7213131182388679e-08,1.5568614841754425e-08,4.7398827973665902e-08,1.1018057399780901e-07
_3958_,71.819999999999993,39.200000000000003,AOI21_X1,0,1,1,3.4523232272931637e-08,2.1477800871139152e-08,2.7858394702207079e-08,8.3859427846277868e-08
_3959_,62.509999999999998,37.799999999999997,AOI21_X1,0,1,1,7.6997949349788541e-08,4.2037633818381437e-08,2.7858394702207079e-08,1.4689397787037706e-07
_3960_,65.739999999999995,37.799999999999997,OAI22_X1,0,1,1,5.2014215157214494e-08,6.7576742424080294e-08,3.4026122364139155e-08,1.5361707994543394e-07
_3961_,70.109999999999999,21,OAI211_X1,0,1,1,9.2195442391584947e-08,9.5501214047999383e-08,2.2039131408746471e-08,2.097357878483308e-07
_3962_,71.439999999999998,19.600000000000001,NAND2_X1,0,1,1,7.9094780724986435e-10,5.6086824073986463e-10,1.7393359641459938e-08,1.8745175689449667e-08
_3963_,74.670000000000002,15.4,XNOR2_X1,0,1,1,1.0202045075402566e-07,8.4987902937427862e-08,3.644100843303022e-08,2.2344936212448374e-07
_3964_,72.390000000000001,21,OAI22_X1,0,1,1,1.3223900863224003e-09,7.228981302453974e-10,3.4026122364139155e-08,3.6071410580706953e-08
_3965_,72.959999999999994,19.600000000000001,AOI221_X1,0,1,1,6.9648521616727521e-08,2.8733090573496156e-08,4.1741206047163359e-08,1.4012281823738704e-07
_3966_,72.200000000000003,18.199999999999999,OAI211_X1,0,1,1,6.6581741009485995e-08,2.1033367048062246e-08,2.2039131408746471e-08,1.0965423946629471e-07
_3967_,68.400000000000006,100.8,NOR2_X1,0,1,1,5.1386209065640287e-08,9.5348724471477908e-08,2.1199545230388139e-08,1.6793447876750633e-07
_3968_,71.819999999999993,100.8,AOI21_X1,0,1,1,5.1394342115429481e-09,4.4483456917987496e-09,2.7858394702207079e-08,3.7446174605548777e-08
_3969_,64.790000000000006,102.2,OAI21_X1,0,1,1,2.7180562245376905e-09,2.740582205618125e-09,2.2619392581191278e-08,2.8078031011347093e-08
_3970_,82.079999999999998,100.8,AOI22_X1,0,1,1,4.285991650476717e-08,2.867025905572973e-08,3.2611943368010543e-08,1.0414211892850744e-07
_3971_,57.950000000000003,95.200000000000003,AOI222_X1,0,1,1,2.4273528964613433e-08,1.8436299598079131e-08,4.7398827973665902e-08,9.0108656536358467e-08
_3972_,74.859999999999999,99.400000000000006,NAND3_X1,0,1,1,4.3624037715517261e-08,1.8399740397967435e-08,1.8104767463000826e-08,8.0128545576485521e-08
_3973_,34.200000000000003,30.800000000000001,XNOR2_X1,0,1,1,1.0304501074642758e-07,9.0144403941394557e-08,3.644100843303022e-08,2.2963042312085236e-07
_3974_,35.340000000000003,30.800000000000001,XOR2_X1,0,1,1,1.1072334160644459e-07,1.5083658411185752e-07,3.6163719130399841e-08,2.9772364484870195e-07
_3975_,32.109999999999999,26.600000000000001,NAND2_X1,0,1,1,5.4649618164148706e-08,4.8757026860357655e-08,1.7393359641459938e-08,1.208000046659663e-07
_3976_,37.619999999999997,29.399999999999999,NAND3_X1,0,1,1,2.3734710197231834e-08,8.6819049727182573e-09,1.8104767463000826e-08,5.0521382632950917e-08
_3977_,44.649999999999999,32.200000000000003,AOI222_X1,0,1,1,6.8717433521214843e-08,2.2704837121523269e-08,4.7398827973665902e-08,1.3882109861640402e-07
_3978_,40.090000000000003,30.800000000000001,AND2_X1,0,1,1,6.2435404402094719e-08,2.7627653054196344e-08,2.5066063003009731e-08,1.1512912045930079e-07
_3979_,38.189999999999998,30.800000000000001,OAI221_X1,0,1,1,9.1853088690641016e-08,1.2927259263051383e-07,3.393766689896438e-08,2.5506334822011922e-07
_3980_,29.449999999999999,25.199999999999999,NOR2_X1,0,1,1,2.4512938900933534e-10,1.8043368188447317e-10,2.1199545230388139e-08,2.1625108301281948e-08
_3981_,29.829999999999998,18.199999999999999,XOR2_X1,0,1,1,9.3125215983036469e-08,8.9531333458126028e-08,3.6163719130399841e-08,2.1882026857156234e-07
_3982_,29.07,29.399999999999999,AOI221_X1,0,1,1,6.6537509724184929e-08,3.3172742774922881e-08,4.1741206047163359e-08,1.4145145854627117e-07
_3983_,27.550000000000001,18.199999999999999,AOI222_X1,0,1,1,4.6086570115733139e-09,2.1380157644301789e-09,4.7398827973665902e-08,5.4145500749669395e-08
_3984_,28.879999999999999,25.199999999999999,NAND2_X1,0,1,1,3.4414323835108007e-08,1.7996772072592648e-08,1.7393359641459938e-08,6.9804455549160593e-08
_3985_,71.25,33.600000000000001,AND2_X1,0,1,1,5.5636615314824667e-08,2.5444046869438353e-08,2.5066063003009731e-08,1.0614672518727275e-07
_3986_,58.140000000000001,32.200000000000003,NAND2_X1,0,1,1,1.7596651247231421e-08,1.5267687558662146e-08,1.7393359641459938e-08,5.0257698447353505e-08
_3987_,64.599999999999994,32.200000000000003,AOI22_X1,0,1,1,3.7369947136767223e-08,3.1867308791788673e-08,3.2611943368010543e-08,1.0184919929656644e-07
_3988_,72.010000000000005,36.399999999999999,AOI221_X1,0,1,1,5.811939018940393e-08,8.4180300063962932e-08,4.1741206047163359e-08,1.8404089630053022e-07
_3989_,67.260000000000005,43.399999999999999,OAI21_X1,0,1,1,4.1627437497027131e-08,7.9895997373569116e-08,2.2619392581191278e-08,1.4414282745178753e-07
_3990_,62.32,44.799999999999997,AOI21_X1,0,1,1,4.9540393121105808e-08,3.6129058855749463e-08,2.7858394702207079e-08,1.1352784667906235e-07
_3991_,69.920000000000002,46.200000000000003,NOR2_X1,0,1,1,2.4327956538172657e-08,3.4751451494230423e-08,2.1199545230388139e-08,8.0278953262791219e-08
_3992_,68.400000000000006,50.399999999999999,XNOR2_X1,0,1,1,1.3185524494474521e-07,1.6779044642589724e-07,3.644100843303022e-08,3.3608669980367267e-07
_3993_,71.439999999999998,51.799999999999997,AOI22_X1,0,1,1,3.1497645380795802e-08,1.438676999754307e-08,3.2611943368010543e-08,7.8496358746349415e-08
_3994_,71.060000000000002,51.799999999999997,INV_X1,0,1,1,1.3665570897103407e-08,2.5172843365339759e-08,1.4353183530602109e-08,5.3191597793045275e-08
_3995_,59.280000000000001,50.399999999999999,NAND2_X1,0,1,1,4.9841332838695962e-08,5.5068934301516492e-08,1.7393359641459938e-08,1.2230362678167239e-07
_3996_,69.159999999999997,53.200000000000003,OR2_X1,0,1,1,5.4006626726277318e-08,2.6756124427151917e-08,2.269497301199408e-08,1.0345772416542331e-07
_3997_,65.930000000000007,51.799999999999997,OAI211_X1,0,1,1,6.3040992870355694e-08,3.2184065190676847e-08,2.2039131408746471e-08,1.1726418946977901e-07
_3998_,69.349999999999994,51.799999999999997,OAI21_X1,0,1,1,6.3225435553704301e-08,5.5455448233487914e-08,2.2619392581191278e-08,1.4130027636838349e-07
_3999_,62.890000000000001,46.200000000000003,AOI211_X1,0,1,1,9.3674167089830007e-08,1.0643999814874405e-07,3.4565712070389054e-08,2.3467987730896311e-07
_4000_,73.340000000000003,57.399999999999999,XNOR2_X1,0,1,1,9.9657270880015858e-08,8.9156273475055059e-08,3.644100843303022e-08,2.2525455278810114e-07
_4001_,83.980000000000004,43.399999999999999,NAND2_X1,0,1,1,3.3414604416748261e-08,4.9847038496864116e-08,1.7393359641459938e-08,1.0065500255507231e-07
_4002_,76,51.799999999999997,OAI21_X1,0,1,1,5.2915876125325667e-08,3.9622261027716377e-08,2.2619392581191278e-08,1.1515752973423332e-07
_4003_,70.870000000000005,49,AOI221_X1,0,1,1,6.7270789827489352e-08,3.7777819983375593e-08,4.1741206047163359e-08,1.4678981585802831e-07
_4004_,74.670000000000002,51.799999999999997,OAI221_X1,0,1,1,6.6838197199103888e-08,3.4156776962390722e-08,3.393766689896438e-08,1.3493264106045899e-07
_4005_,51.869999999999997,37.799999999999997,NOR2_X1,0,1,1,1.4218528576748213e-09,1.0917395876219871e-09,2.1199545230388139e-08,2.3713137675684948e-08
_4006_,56.049999999999997,37.799999999999997,AOI21_X1,0,1,1,4.4883936567430283e-08,8.0861312312663358e-08,2.7858394702207079e-08,1.5360364358230072e-07
_4007_,49.969999999999999,22.399999999999999,AOI22_X1,0,1,1,2.1737063704563298e-08,1.327833309971993e-08,3.2611943368010543e-08,6.7627340172293771e-08
_4008_,43.890000000000001,22.399999999999999,OAI221_X1,0,1,1,6.3973807584716269e-08,5.5686484756733989e-08,3.393766689896438e-08,1.5359795924041464e-07
_4009_,48.829999999999998,23.800000000000001,XOR2_X1,0,1,1,1.1031644930881157e-07,1.7757439252363838e-07,3.6163719130399841e-08,3.2405456096284979e-07
_4010_,44.649999999999999,36.399999999999999,AOI21_X1,0,1,1,6.6748292226748163e-08,3.3891598860691374e-08,2.7858394702207079e-08,1.2849828578964662e-07
_4011_,48.259999999999998,36.399999999999999,AOI21_X1,0,1,1,6.3844538544799434e-08,4.0043417470769782e-08,2.7858394702207079e-08,1.3174635071777629e-07
_4012_,58.140000000000001,35,AOI21_X1,0,1,1,9.4803105810115085e-08,8.1087911496524612e-08,2.7858394702207079e-08,2.0374941200884678e-07
_4013_,43.32,36.399999999999999,OAI22_X1,0,1,1,5.3507626773807715e-08,8.0743902231006359e-08,3.4026122364139155e-08,1.6827765136895323e-07
_4014_,55.479999999999997,16.800000000000001,NOR2_X1,0,1,1,5.1783139554117952e-08,1.1397409593882912e-07,2.1199545230388139e-08,1.8695678072333521e-07
_4015_,36.479999999999997,29.399999999999999,XNOR2_X1,0,1,1,8.3537919692844298e-08,8.2163069237140007e-08,3.644100843303022e-08,2.0214199736301453e-07
_4016_,44.460000000000001,9.8000000000000007,NAND2_X1,0,1,1,3.4740985199732677e-08,3.6408714265689923e-08,1.7393359641459938e-08,8.8543059106882538e-08
_4017_,41.990000000000002,14,OAI21_X1,0,1,1,5.1663363365150872e-08,3.5345678384146595e-08,2.2619392581191278e-08,1.0962843433048874e-07
_4018_,41.990000000000002,19.600000000000001,AOI221_X1,0,1,1,6.4801682242432435e-08,2.6015168685944445e-08,4.1741206047163359e-08,1.3255805697554024e-07
_4019_,43.130000000000003,19.600000000000001,OAI221_X1,0,1,1,6.2292500047078647e-08,2.9221315145377957e-08,3.393766689896438e-08,1.2545148209142098e-07
_4020_,69.730000000000004,29.399999999999999,AOI21_X1,0,1,1,4.8653092221684346e-08,3.3332078430703405e-08,2.7858394702207079e-08,1.0984356535459483e-07
_4021_,68.969999999999999,30.800000000000001,XNOR2_X1,0,1,1,1.2493617873587937e-07,2.0088531016426714e-07,3.644100843303022e-08,3.6226249733317673e-07
_4022_,65.930000000000007,30.800000000000001,AOI22_X1,0,1,1,2.9627383213437497e-08,2.0486545793119149e-08,3.2611943368010543e-08,8.2725872374567189e-08
_4023_,70.870000000000005,35,OAI21_X1,0,1,1,3.3075643557367584e-08,2.5600952469062577e-08,2.2619392581191278e-08,8.1295988607621439e-08
_4024_,70.299999999999997,37.799999999999997,XNOR2_X1,0,1,1,1.321614746530031e-07,7.1587315630949888e-08,3.644100843303022e-08,2.401897987169832e-07
_4025_,63.079999999999998,36.399999999999999,OAI22_X1,0,1,1,7.2312381860228925e-08,5.7114863949436767e-08,3.4026122364139155e-08,1.6345336817380485e-07
_4026_,67.829999999999998,28,NOR2_X1,0,1,1,5.2888939450213002e-08,9.8435187112499989e-08,2.1199545230388139e-08,1.7252367179310113e-07
_4027_,72.010000000000005,23.800000000000001,XNOR2_X1,0,1,1,1.0190461097181469e-07,8.0839051008751994e-08,3.644100843303022e-08,2.191846704135969e-07
_4028_,76.760000000000005,21,AOI22_X1,0,1,1,5.7803823949598154e-08,2.7150294457101154e-08,3.2611943368010543e-08,1.1756606177470985e-07
_4029_,75.620000000000005,21,OAI21_X1,0,1,1,5.3795275789525476e-08,2.5080851173697738e-08,2.2619392581191278e-08,1.0149551954441449e-07
_4030_,74.859999999999999,21,AOI21_X1,0,1,1,5.5882743765778287e-08,2.6682378972964216e-08,2.7858394702207079e-08,1.1042351744094958e-07
_4031_,74.859999999999999,22.399999999999999,OAI221_X1,0,1,1,6.4890564033248666e-08,2.9136771217963542e-08,3.393766689896438e-08,1.2796500215017659e-07
_4032_,63.079999999999998,22.399999999999999,XNOR2_X1,0,1,1,1.2549077155199484e-07,1.287673114802601e-07,3.644100843303022e-08,2.9069909146528516e-07
_4033_,65.170000000000002,26.600000000000001,XOR2_X1,0,1,1,1.2279784300517349e-07,1.511637464091109e-07,3.6163719130399841e-08,3.1012530854468423e-07
_4034_,60.420000000000002,23.800000000000001,NAND2_X1,0,1,1,3.9990766254049959e-08,5.4974627516912733e-08,1.7393359641459938e-08,1.1235875341242263e-07
_4035_,64.219999999999999,22.399999999999999,XNOR2_X1,0,1,1,1.2493245549194398e-07,4.5970264039851827e-08,3.644100843303022e-08,2.0734372796482603e-07
_4036_,66.879999999999995,21,AOI22_X1,0,1,1,1.921544168226319e-08,8.9291525284806994e-09,3.2611943368010543e-08,6.0756537578754433e-08
_4037_,65.739999999999995,21,OAI221_X1,0,1,1,6.4435276669883024e-08,2.5774875567208255e-08,3.393766689896438e-08,1.2414781913605566e-07
_4038_,64.980000000000004,21,AOI21_X1,0,1,1,8.2588243799364136e-08,9.1597954110511637e-08,2.7858394702207079e-08,2.0204459261208285e-07
_4039_,67.450000000000003,14,XNOR2_X1,0,1,1,1.0649797133055472e-07,1.0426822427689331e-07,3.644100843303022e-08,2.4720720404047825e-07
_4040_,67.640000000000001,15.4,NAND2_X1,0,1,1,3.4903866463764643e-08,2.6161661281776105e-08,1.7393359641459938e-08,7.8458887387000686e-08
_4041_,66.879999999999995,15.4,OAI21_X1,0,1,1,5.242977252351011e-08,5.3560061274993132e-08,2.2619392581191278e-08,1.2860922637969452e-07
_4042_,59.280000000000001,23.800000000000001,AOI221_X1,0,1,1,6.623312032161266e-08,4.353829652359309e-08,4.1741206047163359e-08,1.5151262289236911e-07
_4043_,65.739999999999995,19.600000000000001,OAI221_X1,0,1,1,6.5520644909611292e-08,3.0055915090088092e-08,3.393766689896438e-08,1.2951422689866376e-07
_4044_,65.170000000000002,100.8,NAND2_X1,0,1,1,5.2031392527851494e-08,4.4623920558706232e-08,1.7393359641459938e-08,1.1404867272801766e-07
_4045_,58.329999999999998,105,AOI21_X1,0,1,1,8.2986247207372799e-08,5.3320551529623117e-08,2.7858394702207079e-08,1.6416519343920299e-07
_4046_,66.879999999999995,102.2,OAI21_X1,0,1,1,4.8073030001205552e-09,2.7949009773209355e-09,2.2619392581191278e-08,3.0221596558632768e-08
_4047_,49.590000000000003,110.59999999999999,AOI22_X1,0,1,1,4.4328789527980916e-08,3.099476231227527e-08,3.2611943368010543e-08,1.0793549520826673e-07
_4048_,51.299999999999997,102.2,OAI221_X1,0,1,1,5.8000154012916028e-08,3.0600183720252971e-08,3.393766689896438e-08,1.2253800463213338e-07
_4049_,46.549999999999997,100.8,AOI21_X1,0,1,1,5.3997595728105807e-08,4.6356301908190289e-08,2.7858394702207079e-08,1.2821229233850318e-07
_4050_,65.930000000000007,102.2,OAI21_X1,0,1,1,5.0036703669320559e-08,1.816082395578178e-08,2.2619392581191278e-08,9.0816920206293617e-08
_4051_,59.090000000000003,43.399999999999999,OAI22_X1,0,1,1,8.2237413323582587e-08,5.7339537562484111e-08,3.4026122364139155e-08,1.7360307325020585e-07
_4052_,66.310000000000002,42,AOI21_X1,0,1,1,5.634629118844714e-08,2.9115499344811724e-08,2.7858394702207079e-08,1.1332018523546594e-07
_4053_,69.730000000000004,39.200000000000003,AOI22_X1,0,1,1,2.9484604979757023e-08,1.7809469454732607e-08,3.2611943368010543e-08,7.9906017802500173e-08
_4054_,75.049999999999997,46.200000000000003,XNOR2_X1,0,1,1,1.3426679856820556e-07,1.8180196548200911e-07,3.644100843303022e-08,3.5250977248324489e-07
_4055_,68.019999999999996,40.600000000000001,AOI21_X1,0,1,1,7.1535446011239401e-08,5.0878270485554822e-08,2.7858394702207079e-08,1.502721111990013e-07
_4056_,72.959999999999994,35,OAI211_X1,0,1,1,9.3639116016674961e-08,9.3176957705054519e-08,2.2039131408746471e-08,2.0885520513047595e-07
_4057_,64.219999999999999,44.799999999999997,XNOR2_X1,0,1,1,1.0345697631919393e-07,1.1430666546630164e-07,3.644100843303022e-08,2.5420465021852579e-07
_4058_,76.189999999999998,39.200000000000003,AOI22_X1,0,1,1,5.8095437793781457e-08,2.6631887806161103e-08,3.2611943368010543e-08,1.173392689679531e-07
_4059_,75.049999999999997,39.200000000000003,OAI221_X1,0,1,1,6.4689189116506896e-08,2.7439076788482453e-08,3.393766689896438e-08,1.2606593280395373e-07
_4060_,73.909999999999997,39.200000000000003,AOI221_X1,0,1,1,6.9410788228196907e-08,3.3010973510272379e-08,4.1741206047163359e-08,1.4416296778563265e-07
_4061_,77.709999999999994,39.200000000000003,INV_X1,0,1,1,2.8075831437490706e-08,3.6850870799298718e-08,1.4353183530602109e-08,7.9279885767391534e-08
_4062_,81.890000000000001,58.799999999999997,NOR2_X1,0,1,1,4.3639339253331855e-08,8.0160852178323694e-08,2.1199545230388139e-08,1.4499973666204369e-07
_4063_,94.430000000000007,53.200000000000003,XNOR2_X1,0,1,1,1.4184828955876583e-07,5.2246246440290633e-08,3.644100843303022e-08,2.3053554443208668e-07
_4064_,103.93000000000001,57.399999999999999,OR2_X1,0,1,1,1.1727721016541182e-07,1.2154119133356289e-07,2.269497301199408e-08,2.6151337451096879e-07
_4065_,96.140000000000001,53.200000000000003,AOI21_X1,0,1,1,1.5277438203398219e-09,1.0601496347462103e-09,2.7858394702207079e-08,3.0446288157293111e-08
_4066_,97.659999999999997,53.200000000000003,OAI21_X1,0,1,1,1.0430425412266686e-09,6.592973944563596e-10,2.2619392581191278e-08,2.4321732516874306e-08
_4067_,99.939999999999998,51.799999999999997,NAND2_X1,0,1,1,3.565487816103996e-08,3.7203577107902674e-08,1.7393359641459938e-08,9.0251814910402572e-08
_4068_,94.239999999999995,47.600000000000001,AOI222_X1,0,1,1,7.5452014414167934e-08,3.2879327704904426e-08,4.7398827973665902e-08,1.5573017009273826e-07
_4069_,97.090000000000003,51.799999999999997,OAI211_X1,0,1,1,6.4245739395119017e-08,1.8316729466505421e-08,2.2039131408746471e-08,1.0460160027037091e-07
_4070_,82.269999999999996,42,OAI21_X1,0,1,1,9.8037119755645108e-08,7.3555931123792107e-08,2.2619392581191278e-08,1.9421244346062849e-07
_4071_,88.159999999999997,47.600000000000001,OAI211_X1,0,1,1,1.9556107844209691e-09,1.2500490642608497e-09,2.2039131408746471e-08,2.524479125742829e-08
_4072_,100.89,42,AOI222_X1,0,1,1,8.5205215327732731e-08,4.9618961384112481e-08,4.7398827973665902e-08,1.8222300468551111e-07
_4073_,82.840000000000003,53.200000000000003,XNOR2_X1,0,1,1,1.4133601666799223e-07,1.2242693969710672e-07,3.644100843303022e-08,3.0020396479812916e-07
_4074_,91.959999999999994,47.600000000000001,XNOR2_X1,0,1,1,1.3321175629243953e-07,5.7437436140617137e-08,3.644100843303022e-08,2.2709020086608689e-07
_4075_,95.569999999999993,49,OAI211_X1,0,1,1,7.1156414094275533e-08,3.0242127024848742e-08,2.2039131408746471e-08,1.2343767252787075e-07
_4076_,79.040000000000006,19.600000000000001,NAND2_X1,0,1,1,3.3109941455222724e-08,8.1404834872955689e-08,1.7393359641459938e-08,1.3190813596963835e-07
_4077_,83.980000000000004,15.4,AOI21_X1,0,1,1,5.2917698667442892e-08,8.974431153774276e-08,2.7858394702207079e-08,1.7052040490739273e-07
_4078_,81.890000000000001,15.4,XNOR2_X1,0,1,1,1.3512500629531132e-07,7.9247300277529575e-08,3.644100843303022e-08,2.5081331500587112e-07
_4079_,84.359999999999999,14,XNOR2_X1,0,1,1,1.308391972543177e-07,5.532653091222528e-08,3.644100843303022e-08,2.226067365995732e-07
_4080_,85.120000000000005,15.4,XNOR2_X1,0,1,1,1.3527723297102057e-07,7.1928042189028929e-08,3.644100843303022e-08,2.4364628359307972e-07
_4081_,86.260000000000005,15.4,XNOR2_X1,0,1,1,1.3025044154346688e-07,5.1860009619986158e-08,3.644100843303022e-08,2.1855145959648326e-07
_4082_,84.739999999999995,19.600000000000001,AOI222_X1,0,1,1,8.1868968493381544e-08,4.0521456412534462e-08,4.7398827973665902e-08,1.6978925287958191e-07
_4083_,89.870000000000005,14,OAI221_X1,0,1,1,7.04391567296625e-08,3.2700320673484384e-08,3.393766689896438e-08,1.3707714430211126e-07
_4084_,72.579999999999998,68.599999999999994,OAI21_X1,0,1,1,4.1067735878641543e-08,9.2733898782171309e-08,2.2619392581191278e-08,1.5642102724200413e-07
_4085_,65.739999999999995,79.799999999999997,OAI21_X1,0,1,1,5.5950788890868353e-08,3.0004443374309631e-08,2.2619392581191278e-08,1.0857462484636926e-07
_4086_,65.930000000000007,78.400000000000006,OAI21_X1,0,1,1,9.4601794842219533e-08,5.1813579204917914e-08,2.2619392581191278e-08,1.6903476662832873e-07
_4087_,66.5,81.200000000000003,OAI21_X1,0,1,1,7.5960755907544808e-08,3.8829600867984482e-08,2.2619392581191278e-08,1.3740974935672057e-07
_4088_,64.790000000000006,79.799999999999997,NOR2_X1,0,1,1,1.8681273417087141e-08,2.9095952314150964e-08,2.1199545230388139e-08,6.8976770961626244e-08
_4089_,58.329999999999998,89.599999999999994,AOI21_X1,0,1,1,6.8413783083087765e-08,6.6202929360770213e-08,2.7858394702207079e-08,1.6247510714606506e-07
_4090_,66.689999999999998,79.799999999999997,AOI22_X1,0,1,1,3.1671930855736719e-08,2.2691411416531082e-08,3.2611943368010543e-08,8.6975285640278344e-08
_4091_,67.829999999999998,84,OAI21_X1,0,1,1,3.6847303874765203e-08,2.011314315097934e-08,2.2619392581191278e-08,7.957983960693582e-08
_4092_,66.689999999999998,82.599999999999994,AOI21_X1,0,1,1,7.5797913723363308e-08,9.0681787412449921e-08,2.7858394702207079e-08,1.9433809583802031e-07
_4093_,67.069999999999993,77,NOR2_X1,0,1,1,1.5372085826470538e-08,2.7915532996303227e-08,2.1199545230388139e-08,6.4487164053161905e-08
_4094_,68.780000000000001,79.799999999999997,AOI21_X1,0,1,1,5.4763432899562758e-08,5.1056805006055583e-08,2.7858394702207079e-08,1.3367863260782542e-07
_4095_,70.109999999999999,81.200000000000003,NOR3_X1,0,1,1,1.4457396391165389e-10,7.6052268649373644e-11,2.6831667554461092e-08,2.7052293787022119e-08
_4096_,69.540000000000006,82.599999999999994,XNOR2_X1,0,1,1,4.4041524205340465e-08,3.8518834344358766e-08,3.644100843303022e-08,1.1900136698272945e-07
_4097_,37.43,79.799999999999997,NAND2_X1,0,1,1,7.8309594919723224e-11,1.3303321777513588e-09,1.7393359641459938e-08,1.880200141413102e-08
_4098_,76.569999999999993,81.200000000000003,AOI22_X1,0,1,1,4.9726143203088213e-08,2.8656728545684018e-08,3.2611943368010543e-08,1.1099481511678277e-07
_4099_,75.239999999999995,77,OAI21_X1,0,1,1,4.9001087631950213e-08,3.2453076670435621e-08,2.2619392581191278e-08,1.0407355688357711e-07
_4100_,71.060000000000002,81.200000000000003,AOI211_X1,0,1,1,5.7479521586856208e-08,2.6728745439186241e-08,3.4565712070389054e-08,1.187739790964315e-07
_4101_,73.340000000000003,81.200000000000003,OAI21_X1,0,1,1,4.6614683668622092e-08,2.3007716620782048e-08,2.2619392581191278e-08,9.2241792870595418e-08
_4102_,67.069999999999993,85.400000000000006,XOR2_X1,0,1,1,7.9210749959202076e-08,9.6085649659016781e-08,3.6163719130399841e-08,2.114601187486187e-07
_4103_,65.930000000000007,74.200000000000003,AOI221_X1,0,1,1,6.3600253952245112e-08,5.4284008399463346e-08,4.1741206047163359e-08,1.5962546839887182e-07
_4104_,66.689999999999998,84,XOR2_X1,0,1,1,8.2436031334509607e-08,3.2537066374516144e-08,3.6163719130399841e-08,1.5113681683942559e-07
_4105_,71.439999999999998,89.599999999999994,AOI222_X1,0,1,1,5.261287228108813e-08,2.5620813914883911e-08,4.7398827973665902e-08,1.2563251416963794e-07
_4106_,67.450000000000003,86.799999999999997,OAI21_X1,0,1,1,7.4078499778806872e-08,8.5755331724612915e-08,2.2619392581191278e-08,1.8245322408461107e-07
_4107_,69.730000000000004,85.400000000000006,AOI21_X1,0,1,1,5.3726544990695402e-08,2.4795824060674931e-08,2.7858394702207079e-08,1.0638076375357741e-07
_4108_,68.209999999999994,85.400000000000006,NAND2_X1,0,1,1,3.076341315022546e-08,4.8479009251423122e-08,1.7393359641459938e-08,9.663578204310852e-08
_4109_,71.060000000000002,85.400000000000006,NOR3_X1,0,1,1,5.4174575936372094e-10,3.5125549691095159e-10,2.6831667554461092e-08,2.7724668810735764e-08
_4110_,75.430000000000007,95.200000000000003,NAND2_X1,0,1,1,2.877504812204279e-08,3.9322205935832244e-08,1.7393359641459938e-08,8.5490613699334972e-08
_4111_,71.629999999999995,86.799999999999997,OAI221_X1,0,1,1,5.72571714485548e-08,2.9333001805298409e-08,3.393766689896438e-08,1.2052784015281759e-07
_4112_,71.25,88.200000000000003,AOI21_X1,0,1,1,5.7590082702674295e-10,4.9855730654968511e-10,2.7858394702207079e-08,2.8932852835783507e-08
_4113_,69.540000000000006,84,AOI21_X1,0,1,1,5.2208118717089746e-08,2.5470335174304637e-08,2.7858394702207079e-08,1.0553684859360146e-07
_4114_,70.870000000000005,84,NAND2_X1,0,1,1,3.3734256277284658e-08,3.0540313389337825e-08,1.7393359641459938e-08,8.1667929308082421e-08
_4115_,64.790000000000006,88.200000000000003,NOR2_X1,0,1,1,2.9054124439653606e-08,2.7778796152233554e-08,2.1199545230388139e-08,7.8032465822275299e-08
_4116_,61.75,75.599999999999994,OAI22_X1,0,1,1,4.9551253766821901e-08,1.0145978279751944e-07,3.4026122364139155e-08,1.8503715892848049e-07
_4117_,64.980000000000004,96.599999999999994,AOI211_X1,0,1,1,6.7476605636329623e-08,3.6251641688522795e-08,3.4565712070389054e-08,1.3829395939524147e-07
_4118_,56.619999999999997,93.799999999999997,OAI21_X1,0,1,1,8.8747526660881704e-08,7.8928842128789256e-08,2.2619392581191278e-08,1.9029576137086224e-07
_4119_,64.409999999999997,89.599999999999994,AOI21_X1,0,1,1,9.2559901077038376e-08,4.6516305474142428e-08,2.7858394702207079e-08,1.6693460125338788e-07
_4120_,66.310000000000002,88.200000000000003,AOI22_X1,0,1,1,3.3397579812799449e-08,1.5152814114571811e-08,3.2611943368010543e-08,8.1162337295381803e-08
_4121_,65.359999999999999,88.200000000000003,OAI21_X1,0,1,1,7.1286073932697036e-08,7.7695354150364437e-08,2.2619392581191278e-08,1.7160082066425275e-07
_4122_,65.170000000000002,89.599999999999994,XOR2_X1,0,1,1,8.2193139405717375e-08,6.8483984705380863e-08,3.6163719130399841e-08,1.8684084324149808e-07
_4123_,70.870000000000005,92.400000000000006,NOR2_X1,0,1,1,2.2811884325957266e-11,1.9425945227413699e-11,2.1199545230388139e-08,2.124178305994151e-08
_4124_,71.439999999999998,92.400000000000006,AOI221_X1,0,1,1,5.9845092437171843e-08,2.3115486413871622e-08,4.1741206047163359e-08,1.2470178489820682e-07
_4125_,68.019999999999996,91,XNOR2_X1,0,1,1,3.5316411128860636e-08,3.6070922249109572e-08,3.644100843303022e-08,1.0782834181100043e-07
_4126_,70.109999999999999,91,AOI22_X1,0,1,1,1.5110196427414735e-09,8.6663770604289425e-10,3.2611943368010543e-08,3.4989600716794911e-08
_4127_,71.819999999999993,91,OAI211_X1,0,1,1,5.5037748580843981e-08,1.9836699394204516e-08,2.2039131408746471e-08,9.6913579383794968e-08
_4128_,56.810000000000002,86.799999999999997,NOR2_X1,0,1,1,3.4492853018264213e-09,2.2393586984748026e-09,2.1199545230388139e-08,2.6888189230689363e-08
_4129_,61.75,81.200000000000003,AND2_X1,0,1,1,5.7341157599921644e-08,2.5718604135249734e-08,2.5066063003009731e-08,1.0812582473818111e-07
_4130_,60.229999999999997,81.200000000000003,AOI21_X1,0,1,1,5.2718707621579597e-08,7.9048952272842143e-08,2.7858394702207079e-08,1.5962605459662882e-07
_4131_,62.509999999999998,81.200000000000003,AND2_X1,0,1,1,6.9476527642109431e-08,4.1119442073522805e-08,2.5066063003009731e-08,1.3566203271864197e-07
_4132_,56.810000000000002,85.400000000000006,OAI21_X1,0,1,1,4.5160831518842315e-08,1.1617543371755801e-08,2.2619392581191278e-08,7.9397767471789393e-08
_4133_,57.380000000000003,88.200000000000003,NAND4_X1,0,1,1,1.2278262850884403e-08,3.5715361779153909e-09,1.8126844025800892e-08,3.3976643054600686e-08
_4134_,58.329999999999998,82.599999999999994,NOR2_X1,0,1,1,2.510539864886141e-08,2.6262860330916737e-08,2.1199545230388139e-08,7.2567804210166287e-08
_4135_,57,81.200000000000003,NAND2_X1,0,1,1,1.4139986959094131e-08,1.6950043146835014e-08,1.7393359641459938e-08,4.8483389747389083e-08
_4136_,61.560000000000002,74.200000000000003,NAND2_X1,0,1,1,3.179007279641155e-08,4.8143256492494402e-08,1.7393359641459938e-08,9.732668893036589e-08
_4137_,65.359999999999999,81.200000000000003,OAI21_X1,0,1,1,2.7735115537552701e-08,1.9895519898227576e-08,2.2619392581191278e-08,7.0250028016971555e-08
_4138_,58.710000000000001,85.400000000000006,AOI22_X1,0,1,1,3.2795462345802662e-08,9.2681409213923871e-09,3.2611943368010543e-08,7.4675546635205592e-08
_4139_,57.57,85.400000000000006,AND4_X1,0,1,1,1.0964511432121071e-07,1.0127831728823367e-07,2.7024803728181723e-08,2.379482353376261e-07
_4140_,66.310000000000002,91,OAI21_X1,0,1,1,2.3786386194046827e-08,1.352908274299125e-08,2.2619392581191278e-08,5.9934861518229354e-08
_4141_,60.990000000000002,98,AND2_X1,0,1,1,3.4573115925695674e-08,3.2714901010422182e-08,2.5066063003009731e-08,9.2354079939127587e-08
_4142_,62.32,92.400000000000006,AOI22_X1,0,1,1,4.9613969821393766e-08,2.5402002279406588e-08,3.2611943368010543e-08,1.076279154688109e-07
_4143_,61.75,91,OAI21_X1,0,1,1,4.8764736249040652e-08,2.7175316219540946e-08,2.2619392581191278e-08,9.8559445049772876e-08
_4144_,59.090000000000003,89.599999999999994,XOR2_X1,0,1,1,7.9106271755335911e-08,6.6454134639570839e-08,3.6163719130399841e-08,1.8172412552530659e-07
_4145_,63.270000000000003,92.400000000000006,AOI221_X1,0,1,1,6.0684953950840281e-08,2.3751411504235875e-08,4.1741206047163359e-08,1.2617757150223952e-07
_4146_,63.840000000000003,93.799999999999997,OAI21_X1,0,1,1,4.6730512792692025e-08,2.2021644952019415e-08,2.2619392581191278e-08,9.1371550325902717e-08
_4147_,82.269999999999996,16.800000000000001,NOR2_X1,0,1,1,5.9407362584806833e-08,8.8691550104158523e-08,2.1199545230388139e-08,1.692984579193535e-07
_4148_,81.129999999999995,11.199999999999999,XNOR2_X1,0,1,1,1.3205652749093133e-07,6.1117553684653103e-08,3.644100843303022e-08,2.2961508960861465e-07
_4149_,83.599999999999994,11.199999999999999,XOR2_X1,0,1,1,1.3825606970385707e-07,7.5343706384956022e-08,3.6163719130399841e-08,2.4976349521921293e-07
_4150_,83.409999999999997,9.8000000000000007,XNOR2_X1,0,1,1,1.3223399264461477e-07,4.8880949066187895e-08,3.644100843303022e-08,2.1755595014383289e-07
_4151_,91.010000000000005,14,AND2_X1,0,1,1,6.0478512864392542e-08,7.0710683530705865e-08,2.5066063003009731e-08,1.5625525939810814e-07
_4152_,84.549999999999997,9.8000000000000007,AOI221_X1,0,1,1,7.1722318750744307e-08,3.0852287835614334e-08,4.1741206047163359e-08,1.44315812633522e-07
_4153_,83.599999999999994,7,OAI221_X1,0,1,1,7.0612131253255939e-08,2.057255343856923e-08,3.393766689896438e-08,1.2512235159078955e-07
_4154_,78.090000000000003,8.4000000000000004,XNOR2_X1,0,1,1,1.3563253276061005e-07,7.6409101268382074e-08,3.644100843303022e-08,2.4848264246202234e-07
_4155_,76.950000000000003,9.8000000000000007,XNOR2_X1,0,1,1,1.2931016613038082e-07,6.4151109313570487e-08,3.644100843303022e-08,2.2990228387698153e-07
_4156_,82.269999999999996,19.600000000000001,AND2_X1,0,1,1,6.1158559105933819e-08,7.4470072775056906e-08,2.5066063003009731e-08,1.6069469488400046e-07
_4157_,75.810000000000002,7,AOI21_X1,0,1,1,6.1928915329190204e-08,3.6242671086483824e-08,2.7858394702207079e-08,1.2602998111788111e-07
_4158_,73.530000000000001,9.8000000000000007,XOR2_X1,0,1,1,1.3943588328402257e-07,7.5885765227212687e-08,3.6163719130399841e-08,2.5148536764163509e-07
_4159_,72.390000000000001,9.8000000000000007,XNOR2_X1,0,1,1,1.3220892469689716e-07,4.9656843970069531e-08,3.644100843303022e-08,2.1830677709999691e-07
_4160_,71.439999999999998,9.8000000000000007,AOI22_X1,0,1,1,2.7692927950795365e-09,1.3202003934509321e-09,3.2611943368010543e-08,3.6701436556541012e-08
_4161_,71.060000000000002,8.4000000000000004,OAI211_X1,0,1,1,6.4681906053465354e-08,2.9730562900454061e-08,2.2039131408746471e-08,1.1645160036266589e-07
_4162_,67.450000000000003,2.7999999999999998,AOI21_X1,0,1,1,4.8943306296678202e-08,2.9351822306011854e-08,2.7858394702207079e-08,1.0615352330489713e-07
_4163_,71.439999999999998,1.3999999999999999,XOR2_X1,0,1,1,1.3766459971975564e-07,6.6926837405389961e-08,3.6163719130399841e-08,2.4075515625554544e-07
_4164_,66.689999999999998,2.7999999999999998,OAI21_X1,0,1,1,1.3918195485018714e-09,1.1893109830296567e-09,2.2619392581191278e-08,2.5200523112722806e-08
_4165_,69.159999999999997,4.2000000000000002,XOR2_X1,0,1,1,1.3924328357006743e-07,8.1637729465455777e-08,3.6163719130399841e-08,2.5704473216592305e-07
_4166_,60.990000000000002,7,OAI221_X1,0,1,1,1.9143078233696542e-09,1.6383361334249003e-09,3.393766689896438e-08,3.7490310855758935e-08
_4167_,58.329999999999998,12.6,AND2_X1,0,1,1,5.9348067793507653e-08,7.8713739526392601e-08,2.5066063003009731e-08,1.6312787032290998e-07
_4168_,72.579999999999998,1.3999999999999999,AOI221_X1,0,1,1,6.7883462406825856e-08,2.8945857266649e-08,4.1741206047163359e-08,1.3857052572063822e-07
_4169_,72.769999999999996,4.2000000000000002,OAI211_X1,0,1,1,6.7167860606787144e-08,2.2726533543959704e-08,2.2039131408746471e-08,1.1193352555949332e-07
_4170_,52.439999999999998,2.7999999999999998,XOR2_X1,0,1,1,1.1260989651873388e-07,8.5702467345072364e-08,3.6163719130399841e-08,2.3447608299420608e-07
_4171_,45.789999999999999,7,XNOR2_X1,0,1,1,1.0933810301594349e-07,5.8445106532190039e-08,3.644100843303022e-08,2.0422421798116375e-07
_4172_,48.450000000000003,1.3999999999999999,XNOR2_X1,0,1,1,1.1102503094662097e-07,8.3513590709571872e-08,3.644100843303022e-08,2.3097963008922306e-07
_4173_,52.25,11.199999999999999,XNOR2_X1,0,1,1,1.1138472899574481e-07,4.8721940260065821e-08,3.644100843303022e-08,1.9654767768884085e-07
_4174_,58.710000000000001,8.4000000000000004,NOR2_X1,0,1,1,3.2220150103512424e-08,5.4853110498243041e-08,2.1199545230388139e-08,1.082728058321436e-07
_4175_,62.130000000000003,7,AOI221_X1,0,1,1,6.9216973486163624e-08,4.5595626829708635e-08,4.1741206047163359e-08,1.5655380636303562e-07
_4176_,53.390000000000001,5.5999999999999996,OAI221_X1,0,1,1,6.8784650864017749e-08,1.9699683662111056e-08,3.393766689896438e-08,1.2242200142509319e-07
_4177_,34.200000000000003,5.5999999999999996,XNOR2_X1,0,1,1,1.2831291940074152e-07,9.1157239978656435e-08,3.644100843303022e-08,2.5591116781242818e-07
_4178_,26.600000000000001,1.3999999999999999,XNOR2_X1,0,1,1,1.2152590045388934e-07,6.6748306437602878e-08,3.644100843303022e-08,2.2471521532452243e-07
_4179_,39.520000000000003,4.2000000000000002,XOR2_X1,0,1,1,1.2639577562367776e-07,4.6660378671958824e-08,3.6163719130399841e-08,2.0921987342603643e-07
_4180_,36.479999999999997,4.2000000000000002,OAI221_X1,0,1,1,1.7886923053822557e-09,8.4617757245553094e-10,3.393766689896438e-08,3.6572536776802167e-08
_4181_,39.520000000000003,12.6,NAND2_X1,0,1,1,2.7189749118861073e-08,1.8982023064495479e-08,1.7393359641459938e-08,6.356513182481649e-08
_4182_,36.479999999999997,8.4000000000000004,AOI222_X1,0,1,1,7.8264982050768594e-08,3.806672665973565e-08,4.7398827973665902e-08,1.6373053668417015e-07
_4183_,35.719999999999999,1.3999999999999999,OAI211_X1,0,1,1,6.8910900097307604e-08,2.4532765152684988e-08,2.2039131408746471e-08,1.1548279665873906e-07
_4184_,18.620000000000001,7,AOI21_X1,0,1,1,9.1113491862415685e-08,6.1205078338844032e-08,2.7858394702207079e-08,1.801769649034668e-07
_4185_,17.859999999999999,7,NAND3_X1,0,1,1,4.3473310284980471e-08,2.882667260450944e-08,1.8104767463000826e-08,9.0404750352490737e-08
_4186_,21.850000000000001,9.8000000000000007,NAND2_X1,0,1,1,1.6402750269151056e-09,1.8267153345519205e-09,1.7393359641459938e-08,2.0860350002926964e-08
_4187_,16.530000000000001,2.7999999999999998,XOR2_X1,0,1,1,1.2725882925224141e-07,6.9641437505651993e-08,3.6163719130399841e-08,2.3306398588829325e-07
_4188_,17.289999999999999,5.5999999999999996,XNOR2_X1,0,1,1,1.1497051133346758e-07,7.3047253579261451e-08,3.644100843303022e-08,2.2445877334575925e-07
_4189_,29.449999999999999,16.800000000000001,AND2_X1,0,1,1,4.9602981277985236e-08,6.4047412706713658e-08,2.5066063003009731e-08,1.3871645698770863e-07
_4190_,19.190000000000001,5.5999999999999996,AOI221_X1,0,1,1,6.7469514419826737e-08,4.2328167637606384e-08,4.1741206047163359e-08,1.5153888810459648e-07
_4191_,25.460000000000001,1.3999999999999999,OAI221_X1,0,1,1,6.8984562062723853e-08,2.2576948310870648e-08,3.393766689896438e-08,1.2549917727255888e-07
_4192_,13.869999999999999,11.199999999999999,NAND2_X1,0,1,1,4.2002014311037783e-08,5.5419690170310787e-08,1.7393359641459938e-08,1.1481506412280851e-07
_4193_,15.58,9.8000000000000007,XNOR2_X1,0,1,1,1.1210077843770705e-07,3.9965648568340839e-08,3.644100843303022e-08,1.8850743543907811e-07
_4194_,22.989999999999998,7,NOR2_X1,0,1,1,4.6444011303492516e-08,7.2502587045164546e-08,2.1199545230388139e-08,1.401461435790452e-07
_4195_,17.859999999999999,12.6,XNOR2_X1,0,1,1,1.161211287126207e-07,3.8665366020040892e-08,3.644100843303022e-08,1.9122750316569181e-07
_4196_,17.859999999999999,11.199999999999999,AOI222_X1,0,1,1,7.4605559063911642e-08,2.746097393924174e-08,4.7398827973665902e-08,1.4946536097681928e-07
_4197_,16.719999999999999,11.199999999999999,OAI221_X1,0,1,1,6.5302430130032008e-08,1.8226122833198133e-08,3.393766689896438e-08,1.1746621986219452e-07
_4198_,12.16,18.199999999999999,AOI21_X1,0,1,1,7.8710819195748627e-08,3.2576103592418804e-08,2.7858394702207079e-08,1.3914531749037451e-07
_4199_,12.92,18.199999999999999,AOI21_X1,0,1,1,8.1905334070597746e-08,4.6518547236473751e-08,2.7858394702207079e-08,1.5628227600927858e-07
_4200_,18.050000000000001,18.199999999999999,AOI222_X1,0,1,1,7.3788697818599758e-08,2.5280121107584819e-08,4.7398827973665902e-08,1.4646764689985048e-07
_4201_,16.91,23.800000000000001,XOR2_X1,0,1,1,1.2408665384100459e-07,8.4469391481434286e-08,3.6163719130399841e-08,2.4471976445283872e-07
_4202_,16.91,15.4,XNOR2_X1,0,1,1,1.1233909447128099e-07,4.2160351654274564e-08,3.644100843303022e-08,1.9094045455858577e-07
_4203_,18.239999999999998,16.800000000000001,OAI221_X1,0,1,1,6.3884471046549152e-08,2.9425281766748412e-08,3.393766689896438e-08,1.2724741971226194e-07
_4204_,10.83,23.800000000000001,OAI21_X1,0,1,1,6.4377793762560032e-08,3.8835182181173877e-08,2.2619392581191278e-08,1.2583236852492519e-07
_4205_,11.59,23.800000000000001,OR3_X1,0,1,1,6.9922720058457344e-08,3.2746640954428585e-08,2.4414624988366995e-08,1.2708398600125292e-07
_4206_,12.73,19.600000000000001,NAND3_X1,0,1,1,1.1749587969234199e-09,7.6986156338776368e-10,1.8104767463000826e-08,2.004958782331201e-08
_4207_,18.050000000000001,23.800000000000001,AOI22_X1,0,1,1,6.732724955327285e-08,3.7270446284765057e-08,3.2611943368010543e-08,1.3720963920604845e-07
_4208_,14.25,25.199999999999999,XOR2_X1,0,1,1,1.2133548921156034e-07,6.411280395468566e-08,3.6163719130399841e-08,2.2161201229664584e-07
_4209_,15.390000000000001,25.199999999999999,XNOR2_X1,0,1,1,1.1216540940495179e-07,4.421560717560169e-08,3.644100843303022e-08,1.928220250135837e-07
_4210_,16.719999999999999,22.399999999999999,AOI22_X1,0,1,1,2.8383284611521731e-09,1.586230813366285e-09,3.2611943368010543e-08,3.7036502642529001e-08
_4211_,14.06,23.800000000000001,NAND3_X1,0,1,1,5.3014055367839319e-08,3.9853862432437381e-08,1.8104767463000826e-08,1.1097268526327753e-07
_4212_,17.48,33.600000000000001,AND2_X1,0,1,1,7.3426640767593199e-08,3.6513249312974949e-08,2.5066063003009731e-08,1.3500595308357788e-07
_4213_,18.239999999999998,35,OAI22_X1,0,1,1,7.9604625113915972e-08,7.3969424363440339e-08,3.4026122364139155e-08,1.8760017184149547e-07
_4214_,41.420000000000002,54.600000000000001,NAND2_X1,0,1,1,3.4743990795504942e-08,2.7934516921845898e-08,1.7393359641459938e-08,8.0071867358810778e-08
_4215_,16.149999999999999,35,AOI22_X1,0,1,1,8.7800209769284265e-08,3.9063142054374111e-08,3.2611943368010543e-08,1.5947529519166892e-07
_4216_,20.899999999999999,39.200000000000003,NOR2_X1,0,1,1,5.8060937391246625e-08,8.3829426955617237e-08,2.1199545230388139e-08,1.63089909577252e-07
_4217_,24.32,30.800000000000001,XNOR2_X1,0,1,1,1.0153684826263998e-07,3.5375556706185307e-08,3.644100843303022e-08,1.7335341340185551e-07
_4218_,24.699999999999999,29.399999999999999,AOI22_X1,0,1,1,2.7474831298945901e-09,2.1878299172328752e-09,3.2611943368010543e-08,3.7547256415138008e-08
_4219_,17.100000000000001,35,OAI211_X1,0,1,1,8.7837349838082446e-08,4.7472159536710024e-08,2.2039131408746471e-08,1.5734864078353894e-07
_4220_,51.490000000000002,15.4,AOI22_X1,0,1,1,5.6575856888230192e-08,5.734042929361749e-08,3.2611943368010543e-08,1.4652822954985822e-07
_4221_,28.309999999999999,53.200000000000003,XNOR2_X1,0,1,1,8.6090594209053961e-08,1.6393867952047003e-07,3.644100843303022e-08,2.8647028216255421e-07
_4222_,31.350000000000001,49,XOR2_X1,0,1,1,9.8739164400285517e-08,4.6038234557954638e-08,3.6163719130399841e-08,1.8094111808864e-07
_4223_,32.490000000000002,56,AOI22_X1,0,1,1,2.442127611246292e-09,5.1371058518157042e-09,3.2611943368010543e-08,4.0191176831072539e-08
_4224_,40.280000000000001,8.4000000000000004,OAI211_X1,0,1,1,5.9750888681264769e-08,3.9753683012122565e-08,2.2039131408746471e-08,1.215437031021338e-07
_4225_,34.200000000000003,61.600000000000001,AND3_X1,0,1,1,2.2796633913912956e-08,1.3492638117895694e-08,2.6481458803573332e-08,6.2770730835381983e-08
_4226_,35.530000000000001,44.799999999999997,OAI21_X1,0,1,1,5.2699679287115941e-08,4.895880323374513e-08,2.2619392581191278e-08,1.2427787510205235e-07
_4227_,33.060000000000002,51.799999999999997,OAI21_X1,0,1,1,2.7671582802923922e-09,5.2092707925055493e-09,2.2619392581191278e-08,3.0595821653989219e-08
_4228_,24.699999999999999,44.799999999999997,OR2_X1,0,1,1,8.5004607797145582e-08,7.7372440898670902e-08,2.269497301199408e-08,1.8507202170781056e-07
_4229_,30.210000000000001,51.799999999999997,XNOR2_X1,0,1,1,9.5245958675604925e-08,5.5656709463391962e-08,3.644100843303022e-08,1.8734367657202711e-07
_4230_,22.039999999999999,50.399999999999999,AOI22_X1,0,1,1,2.0870294381580834e-09,1.5545811304917834e-09,3.2611943368010543e-08,3.625355393666041e-08
_4231_,23.370000000000001,44.799999999999997,NOR2_X1,0,1,1,6.1694017006175272e-08,5.805698322092212e-08,2.1199545230388139e-08,1.4095054545748553e-07
_4232_,23.18,46.200000000000003,XOR2_X1,0,1,1,1.1527215804107982e-07,7.0472076174610265e-08,3.6163719130399841e-08,2.2190795334608993e-07
_4233_,16.719999999999999,53.200000000000003,AOI222_X1,0,1,1,1.1904857899480703e-07,8.2547856550263532e-08,4.7398827973665902e-08,2.4899526351873646e-07
_4234_,25.460000000000001,44.799999999999997,NAND3_X1,0,1,1,8.4694121937900491e-08,8.3947519158300565e-08,1.8104767463000826e-08,1.8674640855920188e-07
_4235_,10.640000000000001,36.399999999999999,AND4_X1,0,1,1,5.0781892468876322e-08,2.1622678758603797e-08,2.7024803728181723e-08,9.9429374955661842e-08
_4236_,22.420000000000002,36.399999999999999,AOI22_X1,0,1,1,7.0017279085732298e-08,5.155884608143424e-08,3.2611943368010543e-08,1.5418806853517708e-07
_4237_,19.57,33.600000000000001,NOR3_X1,0,1,1,2.8239437455113148e-08,2.8011662323024211e-08,2.6831667554461092e-08,8.3082767332598451e-08
_4238_,26.98,39.200000000000003,AOI21_X1,0,1,1,6.9743762765028805e-08,7.0688905395854817e-08,2.7858394702207079e-08,1.682910628630907e-07
_4239_,13.68,36.399999999999999,OAI33_X1,0,1,1,3.7393830254472959e-09,2.0498485131525968e-09,4.8313957279333408e-08,5.4103188817933301e-08
_4240_,11.779999999999999,29.399999999999999,AOI221_X1,0,1,1,4.5353225175404077e-08,2.9574845683555395e-08,4.1741206047163359e-08,1.1666927690612283e-07
_4241_,23.370000000000001,30.800000000000001,OAI211_X1,0,1,1,7.1434286041949235e-08,3.9933041762196808e-08,2.2039131408746471e-08,1.3340645921289251e-07
_4242_,84.170000000000002,77,NOR2_X1,0,1,1,5.1655121069416055e-08,7.1261958112245338e-08,2.1199545230388139e-08,1.4411662441204953e-07
_4243_,85.879999999999995,77,AND2_X1,0,1,1,3.4050295028009714e-08,1.4437993911542435e-08,2.5066063003009731e-08,7.355435194256188e-08
_4244_,85.879999999999995,71.400000000000006,OAI21_X1,0,1,1,1.3507849061511479e-08,9.6845278463320028e-09,2.2619392581191278e-08,4.5811769489034759e-08
_4245_,84.170000000000002,78.400000000000006,NOR2_X1,0,1,1,3.3158649159759079e-08,2.2471994043371524e-08,2.1199545230388139e-08,7.6830188433518742e-08
_4246_,82.840000000000003,78.400000000000006,AOI22_X1,0,1,1,3.9527652262449919e-09,1.8803931745026148e-09,3.2611943368010543e-08,3.844510176875815e-08
_4247_,84.739999999999995,78.400000000000006,AOI21_X1,0,1,1,4.9952756597804182e-08,2.3681080207893501e-08,2.7858394702207079e-08,1.0149223150790476e-07
_4248_,85.5,78.400000000000006,OAI211_X1,0,1,1,6.3893061508224491e-08,2.799836806843814e-08,2.2039131408746471e-08,1.139305609854091e-07
_4249_,85.879999999999995,79.799999999999997,NAND2_X1,0,1,1,7.001327517741629e-09,8.439604570753545e-09,1.7393359641459938e-08,3.2834291729955112e-08
_4250_,85.689999999999998,82.599999999999994,NAND2_X1,0,1,1,3.1934227706642559e-08,3.2336956223844027e-08,1.7393359641459938e-08,8.1664543571946524e-08
_4251_,91.959999999999994,88.200000000000003,OAI211_X1,0,1,1,5.8549865400436829e-08,1.6596089835729799e-08,2.2039131408746471e-08,9.7185086644913099e-08
_4252_,36.289999999999999,63,XNOR2_X1,0,1,1,1.045260376031365e-07,9.3412438673112774e-08,3.644100843303022e-08,2.343794847092795e-07
_4253_,43.32,58.799999999999997,OAI21_X1,0,1,1,2.6479360926146001e-08,1.2923183412283379e-08,2.2619392581191278e-08,6.2021936919620657e-08
_4254_,42.560000000000002,58.799999999999997,AOI21_X1,0,1,1,1.1641410502249983e-08,7.6662267645133397e-09,2.7858394702207079e-08,4.7166031968970401e-08
_4255_,39.710000000000001,56,AOI22_X1,0,1,1,1.2232383106436373e-08,5.7200262304490934e-09,3.2611943368010543e-08,5.056435270489601e-08
_4256_,40.280000000000001,57.399999999999999,OAI21_X1,0,1,1,7.3192488514450815e-08,4.6978929191254792e-08,2.2619392581191278e-08,1.4279081028689689e-07
_4257_,37.43,58.799999999999997,AOI211_X1,0,1,1,8.7486036193240579e-08,3.6874613584814142e-08,3.4565712070389054e-08,1.5892636184844378e-07
_4258_,39.329999999999998,58.799999999999997,OAI221_X1,0,1,1,1.1492977591842646e-07,3.6920926760330985e-08,3.393766689896438e-08,1.8578836957772182e-07
_4259_,86.640000000000001,60.200000000000003,NOR2_X1,0,1,1,3.5962425926072683e-08,8.9087976107293798e-08,2.1199545230388139e-08,1.4624994726375462e-07
_4260_,85.5,64.400000000000006,NAND2_X1,0,1,1,4.919091978194956e-08,8.5669050520209566e-08,1.7393359641459938e-08,1.5225332994361906e-07
_4261_,87.209999999999994,64.400000000000006,AOI21_X1,0,1,1,2.8364148807469292e-09,1.6022719817598841e-09,2.7858394702207079e-08,3.2297081564713892e-08
_4262_,86.069999999999993,64.400000000000006,OAI21_X1,0,1,1,2.3739441523673577e-09,1.6703538552320651e-09,2.2619392581191278e-08,2.6663690588790701e-08
_4263_,83.980000000000004,58.799999999999997,AOI22_X1,0,1,1,9.4662775396159304e-09,6.2226170882695442e-09,3.2611943368010543e-08,4.8300837995896018e-08
_4264_,76,67.200000000000003,AOI221_X1,0,1,1,6.620359016551447e-08,5.0981753929590923e-08,4.1741206047163359e-08,1.5892655014226875e-07
_4265_,90.25,64.400000000000006,NAND3_X1,0,1,1,5.9038008259904018e-08,4.1214633483832586e-08,1.8104767463000826e-08,1.1835740920673743e-07
_4266_,48.259999999999998,61.600000000000001,NAND2_X1,0,1,1,3.2022899887351741e-08,2.9794236411362363e-08,1.7393359641459938e-08,7.9210495940174042e-08
_4267_,53.960000000000001,57.399999999999999,OAI21_X1,0,1,1,5.447775919265041e-08,4.7510361866898165e-08,2.2619392581191278e-08,1.2460751364073985e-07
_4268_,47.5,64.400000000000006,OAI21_X1,0,1,1,7.0587503842034494e-08,5.7001603437356607e-08,2.2619392581191278e-08,1.5020849986058238e-07
_4269_,56.049999999999997,46.200000000000003,AOI22_X1,0,1,1,4.1054253330230495e-09,3.7763325799744507e-09,3.2611943368010543e-08,4.0493701281008043e-08
_4270_,49.590000000000003,57.399999999999999,INV_X1,0,1,1,1.9742250056964394e-09,3.3633078544426098e-09,1.4353183530602109e-08,1.9690716390741159e-08
_4271_,56.240000000000002,63,AOI221_X1,0,1,1,2.4839124534992152e-08,1.7701440313544481e-08,4.1741206047163359e-08,8.4281770895699992e-08
_4272_,45.789999999999999,61.600000000000001,OAI21_X1,0,1,1,5.5514821184488028e-08,3.8451872796940734e-08,2.2619392581191278e-08,1.1658608656262004e-07
_4273_,84.170000000000002,71.400000000000006,XNOR2_X1,0,1,1,1.0328447785923345e-07,7.7744886084474274e-08,3.644100843303022e-08,2.1747037237673794e-07
_4274_,82.650000000000006,65.799999999999997,OAI21_X1,0,1,1,3.8273942237765368e-08,8.0521473933004017e-08,2.2619392581191278e-08,1.4141480875196066e-07
_4275_,86.829999999999998,74.200000000000003,AOI21_X1,0,1,1,4.1263145789116606e-08,4.4679914878997806e-08,2.7858394702207079e-08,1.1380145537032149e-07
_4276_,86.829999999999998,71.400000000000006,AOI21_X1,0,1,1,1.3728997494411033e-08,6.7677419224310142e-09,2.7858394702207079e-08,4.8355134119049126e-08
_4277_,87.590000000000003,71.400000000000006,OAI21_X1,0,1,1,1.0927571736374375e-08,4.2965706548159233e-09,2.2619392581191278e-08,3.7843534972381576e-08
_4278_,82.840000000000003,72.799999999999997,AOI22_X1,0,1,1,2.9842706084082238e-09,1.3196834736106666e-09,3.2611943368010543e-08,3.6915897450029433e-08
_4279_,82.459999999999994,67.200000000000003,AOI22_X1,0,1,1,5.3162146684826439e-08,3.2763605162244858e-08,3.2611943368010543e-08,1.1853769521508184e-07
_4280_,87.969999999999999,75.599999999999994,AND3_X1,0,1,1,6.9601334473645693e-08,3.70607402544465e-08,2.6481458803573332e-08,1.3314353353166553e-07
_4281_,90.060000000000002,75.599999999999994,AOI22_X1,0,1,1,4.9271438484765895e-08,3.5518969099257447e-08,3.2611943368010543e-08,1.1740235095203388e-07
_4282_,85.120000000000005,81.200000000000003,OAI21_X1,0,1,1,4.8778694861084659e-08,3.3453979142450407e-08,2.2619392581191278e-08,1.0485206658472634e-07
_4283_,42.18,18.199999999999999,NAND2_X1,0,1,1,5.041312078901683e-08,3.6761520050276886e-08,1.7393359641459938e-08,1.0456800048075365e-07
_4284_,42.560000000000002,16.800000000000001,AOI22_X1,0,1,1,8.0674084301790572e-08,4.8630500515400854e-08,3.2611943368010543e-08,1.6191652818520197e-07
_4285_,41.609999999999999,29.399999999999999,AOI22_X1,0,1,1,1.6061562746472191e-08,1.0742850165001983e-08,3.2611943368010543e-08,5.9416356279484717e-08
_4286_,42.75,29.399999999999999,AOI22_X1,0,1,1,5.1025057956621822e-08,3.6504175682239293e-08,3.2611943368010543e-08,1.2014117700687166e-07
_4287_,45.219999999999999,21,OAI211_X1,0,1,1,6.4582309278193861e-08,5.3449713988129588e-08,2.2039131408746471e-08,1.4007115467506992e-07
_4288_,31.539999999999999,26.600000000000001,NAND2_X1,0,1,1,1.1994421456051896e-08,8.2898079512006007e-09,1.7393359641459938e-08,3.7677589048712434e-08
_4289_,28.879999999999999,26.600000000000001,AOI22_X1,0,1,1,5.5522132669238999e-08,2.4935490117172776e-08,3.2611943368010543e-08,1.1306956615442232e-07
_4290_,29.829999999999998,26.600000000000001,NAND2_X1,0,1,1,3.6461333507986637e-08,2.0495862784741803e-08,1.7393359641459938e-08,7.4350555934188378e-08
_4291_,87.209999999999994,28,OAI21_X1,0,1,1,6.3244598891287751e-08,6.465659652121758e-08,2.2619392581191278e-08,1.5052058799369661e-07
_4292_,80.560000000000002,35,OAI22_X1,0,1,1,5.7904937733610495e-08,8.5636713720305124e-08,3.4026122364139155e-08,1.7756777381805477e-07
_4293_,91.769999999999996,42,AOI21_X1,0,1,1,6.0366524223809392e-08,1.2399716808886296e-07,2.7858394702207079e-08,2.1222208701487943e-07
_4294_,89.489999999999995,46.200000000000003,OAI211_X1,0,1,1,7.0361721782319364e-08,7.0726670742260467e-08,2.2039131408746471e-08,1.631275239333263e-07
_4295_,90.629999999999995,46.200000000000003,OAI21_X1,0,1,1,5.5308419177890755e-08,3.6046163387482011e-08,2.2619392581191278e-08,1.1397397514656404e-07
_4296_,90.25,50.399999999999999,OAI21_X1,0,1,1,3.3507141949939978e-08,1.7650950923098208e-08,2.2619392581191278e-08,7.3777485454229463e-08
_4297_,89.489999999999995,50.399999999999999,OAI21_X1,0,1,1,8.1633132253955409e-08,5.6686968008534677e-08,2.2619392581191278e-08,1.6093949284368136e-07
_4298_,83.790000000000006,50.399999999999999,AOI22_X1,0,1,1,1.7675708008368929e-08,9.4577181641852803e-09,3.2611943368010543e-08,5.9745369540564752e-08
_4299_,86.260000000000005,50.399999999999999,OAI21_X1,0,1,1,5.9794679430069664e-08,5.0960434094804441e-08,2.2619392581191278e-08,1.3337450610606538e-07
_4300_,95.379999999999995,51.799999999999997,AOI221_X1,0,1,1,8.8045382540258288e-08,4.3873768618141185e-08,4.1741206047163359e-08,1.7366035720556283e-07
_4301_,91.390000000000001,50.399999999999999,OAI221_X1,0,1,1,7.2823979735403555e-08,2.7308580285989592e-08,3.393766689896438e-08,1.3407022692035753e-07
_4302_,79.989999999999995,85.400000000000006,OR3_X1,0,1,1,9.3750102792000689e-08,3.6261862845776704e-08,2.4414624988366995e-08,1.5442659062614439e-07
_4303_,82.269999999999996,84,OAI21_X1,0,1,1,2.0048924298521342e-08,1.4287995675488219e-08,2.2619392581191278e-08,5.6956312555200839e-08
_4304_,79.230000000000004,85.400000000000006,AOI21_X1,0,1,1,1.390153325786514e-08,7.4505992486706418e-09,2.7858394702207079e-08,4.921052720874286e-08
_4305_,79.230000000000004,79.799999999999997,AOI22_X1,0,1,1,5.2521563986829278e-08,3.5288341138084434e-08,3.2611943368010543e-08,1.2042184849292425e-07
_4306_,80.560000000000002,86.799999999999997,OAI21_X1,0,1,1,4.6487468097211604e-08,3.3525807907608396e-08,2.2619392581191278e-08,1.0263266858601128e-07
_4307_,78.090000000000003,81.200000000000003,AOI211_X1,0,1,1,6.6908583562508284e-08,3.1484592710739889e-08,3.4565712070389054e-08,1.3295888834363723e-07
_4308_,83.030000000000001,81.200000000000003,AOI22_X1,0,1,1,4.9355477926837921e-08,2.7937478108697178e-08,3.2611943368010543e-08,1.0990489940354564e-07
_4309_,80.560000000000002,79.799999999999997,OAI21_X1,0,1,1,4.8804903229893171e-08,2.5533202219207851e-08,2.2619392581191278e-08,9.69574980302923e-08
_4310_,54.149999999999999,14,NAND2_X1,0,1,1,4.856520519069818e-08,8.1151739550477942e-08,1.7393359641459938e-08,1.4711030438263606e-07
_4311_,53.200000000000003,12.6,AOI21_X1,0,1,1,5.0578552901470175e-08,2.6531919772310175e-08,2.7858394702207079e-08,1.0496886737598743e-07
_4312_,51.490000000000002,12.6,INV_X1,0,1,1,2.124340880982345e-08,2.5376591494818967e-08,1.4353183530602109e-08,6.0973183835244527e-08
_4313_,53.390000000000001,14,NAND3_X1,0,1,1,6.3189673937813495e-08,3.8477388386581879e-08,1.8104767463000826e-08,1.197718297873962e-07
_4314_,52.630000000000003,14,NAND3_X1,0,1,1,1.0822602369842116e-08,9.4920489246419493e-09,1.8104767463000826e-08,3.8419418757484891e-08
_4315_,47.119999999999997,29.399999999999999,AOI222_X1,0,1,1,2.1944378758576022e-08,1.5625174043520929e-08,4.7398827973665902e-08,8.4968380775762853e-08
_4316_,55.670000000000002,21,OAI211_X1,0,1,1,6.5789251380010683e-08,6.6811672638777964e-08,2.2039131408746471e-08,1.5464005542753512e-07
_4317_,42.75,14,NAND2_X1,0,1,1,2.1712727615863514e-08,1.6098923083518457e-08,1.7393359641459938e-08,5.5205010340841909e-08
_4318_,39.329999999999998,14,OAI211_X1,0,1,1,6.2155287139376014e-08,2.2781735609100906e-08,2.2039131408746471e-08,1.0697615415722339e-07
_4319_,80.370000000000005,75.599999999999994,NOR2_X1,0,1,1,4.3956049466942204e-08,1.2188446874006331e-07,2.1199545230388139e-08,1.8704006343739366e-07
_4320_,87.400000000000006,68.599999999999994,AOI21_X1,0,1,1,5.3662558840983365e-09,4.4344572458498988e-09,2.7858394702207079e-08,3.7659107832155314e-08
_4321_,95.379999999999995,71.400000000000006,OAI21_X1,0,1,1,2.2909554253658371e-09,1.6233070443405495e-09,2.2619392581191278e-08,2.6533655050897664e-08
_4322_,95.569999999999993,77,NOR2_X1,0,1,1,8.8618339333379481e-09,9.164619285684239e-09,2.1199545230388139e-08,3.9225998449410326e-08
_4323_,82.840000000000003,68.599999999999994,AOI22_X1,0,1,1,1.7364649995688097e-10,1.409319466683101e-10,3.2611943368010543e-08,3.2926521814635734e-08
_4324_,91.200000000000003,68.599999999999994,AOI221_X1,0,1,1,5.8026071059202877e-08,2.3657515058062017e-08,4.1741206047163359e-08,1.2342479216442825e-07
_4325_,92.340000000000003,68.599999999999994,NAND3_X1,0,1,1,4.7641524503205801e-08,1.7750959813156442e-08,1.8104767463000826e-08,8.3497251779363069e-08
_4326_,85.120000000000005,75.599999999999994,AND2_X1,0,1,1,9.1427537540766934e-08,8.5533528704218043e-08,2.5066063003009731e-08,2.0202712924799471e-07
_4327_,83.599999999999994,79.799999999999997,AOI21_X1,0,1,1,2.855942682344903e-08,1.6632444754804965e-08,2.7858394702207079e-08,7.3050266280461074e-08
_4328_,85.120000000000005,77,OAI21_X1,0,1,1,1.1106852326747685e-08,8.1301942955747108e-09,2.2619392581191278e-08,4.1856439203513673e-08
_4329_,81.890000000000001,78.400000000000006,AOI22_X1,0,1,1,4.2752854589878098e-09,2.4933863862486305e-09,3.2611943368010543e-08,3.9380615213246983e-08
_4330_,85.120000000000005,86.799999999999997,AOI22_X1,0,1,1,5.2394156568880135e-08,2.3251461200857193e-08,3.2611943368010543e-08,1.0825756113774787e-07
_4331_,93.099999999999994,84,AND3_X1,0,1,1,7.0141297214831866e-08,3.3444589320197338e-08,2.6481458803573332e-08,1.3006734533860254e-07
_4332_,87.400000000000006,81.200000000000003,OAI222_X1,0,1,1,6.9776518785147346e-08,2.3300836815565162e-08,4.3177877273592458e-08,1.3625523287430497e-07
_4333_,44.649999999999999,60.200000000000003,OR3_X1,0,1,1,6.5110143054880609e-08,2.4115781371847334e-08,2.4414624988366995e-08,1.1364054941509494e-07
_4334_,44.270000000000003,61.600000000000001,OAI21_X1,0,1,1,7.4205765088208864e-08,3.7966383814591609e-08,2.2619392581191278e-08,1.3479154148399175e-07
_4335_,45.030000000000001,61.600000000000001,NAND3_X1,0,1,1,1.1581155590079106e-08,7.0138415075859939e-09,1.8104767463000826e-08,3.6699764560665926e-08
_4336_,50.159999999999997,58.799999999999997,AOI222_X1,0,1,1,1.0156963270446795e-08,5.4957696171697989e-09,4.7398827973665902e-08,6.3051560861282496e-08
_4337_,46.170000000000002,63,AOI21_X1,0,1,1,5.4472710786512835e-09,3.4375418067611463e-09,2.7858394702207079e-08,3.6743207587619509e-08
_4338_,49.969999999999999,56,AOI21_X1,0,1,1,5.2268511296915676e-08,4.3810736372051906e-08,2.7858394702207079e-08,1.2393764237117466e-07
_4339_,50.920000000000002,65.799999999999997,INV_X1,0,1,1,2.5567691963601646e-08,2.7954712322753039e-08,1.4353183530602109e-08,6.7875587816956795e-08
_4340_,88.730000000000004,54.600000000000001,OAI21_X1,0,1,1,5.1627971231482661e-08,5.6034949125205458e-08,2.2619392581191278e-08,1.302823129378794e-07
_4341_,86.829999999999998,57.399999999999999,XNOR2_X1,0,1,1,1.1288706502909918e-07,7.8364273292663711e-08,3.644100843303022e-08,2.2769234675479311e-07
_4342_,88.159999999999997,56,OAI21_X1,0,1,1,2.7286564119322065e-08,1.4750225929560656e-08,2.2619392581191278e-08,6.4656182630073999e-08
_4343_,87.969999999999999,57.399999999999999,AOI21_X1,0,1,1,1.2136449178967723e-08,7.7230106754200278e-09,2.7858394702207079e-08,4.771785455659483e-08
_4344_,80.560000000000002,61.600000000000001,AOI22_X1,0,1,1,3.6558051030866068e-10,1.6126598667565162e-10,3.2611943368010543e-08,3.3138789864994855e-08
_4345_,79.799999999999997,61.600000000000001,OAI21_X1,0,1,1,1.186467990521578e-08,9.8388666103232936e-09,2.2619392581191278e-08,4.4322939096730352e-08
_4346_,87.400000000000006,61.600000000000001,AOI211_X1,0,1,1,7.780140975910399e-08,4.7959936466668296e-08,3.4565712070389054e-08,1.6032705829616134e-07
_4347_,90.25,61.600000000000001,AOI22_X1,0,1,1,5.5106479379674056e-08,4.686775056939041e-08,3.2611943368010543e-08,1.3458617331707501e-07
_4348_,87.019999999999996,54.600000000000001,OAI21_X1,0,1,1,5.7532684394345779e-08,5.8363518462556385e-08,2.2619392581191278e-08,1.3851559543809344e-07
_4349_,65.739999999999995,56,AOI21_X1,0,1,1,2.8032276944145451e-08,1.4213009436048196e-08,2.7858394702207079e-08,7.0103681082400726e-08
_4350_,67.260000000000005,56,AOI21_X1,0,1,1,6.0974450377671019e-08,3.1487537910379615e-08,2.7858394702207079e-08,1.2032038299025771e-07
_4351_,69.349999999999994,56,INV_X1,0,1,1,2.6750404558129048e-08,2.8473312596588585e-08,1.4353183530602109e-08,6.9576900685319742e-08
_4352_,64.219999999999999,56,OAI21_X1,0,1,1,6.6402158438449987e-08,3.5712872659132699e-08,2.2619392581191278e-08,1.2473442367877396e-07
_4353_,64.980000000000004,56,OAI21_X1,0,1,1,7.062332230134416e-08,4.7328985175454363e-08,2.2619392581191278e-08,1.405717000579898e-07
_4354_,64.409999999999997,57.399999999999999,INV_X1,0,1,1,3.3496714735292699e-08,3.693675765248372e-08,1.4353183530602109e-08,8.4786655918378528e-08
_4355_,66.689999999999998,57.399999999999999,AOI22_X1,0,1,1,3.0948672957720191e-08,1.4313560114942447e-08,3.2611943368010543e-08,7.7874176440673182e-08
_4356_,65.549999999999997,57.399999999999999,OAI221_X1,0,1,1,8.2214938856850495e-08,3.5882194993064331e-08,3.393766689896438e-08,1.5203480074887921e-07
_4357_,68.400000000000006,57.399999999999999,AOI21_X1,0,1,1,8.1297429233018192e-08,1.018538142716352e-07,2.7858394702207079e-08,2.1100963820686047e-07
_4358_,62.32,58.799999999999997,XOR2_X1,0,1,1,1.3581774283011327e-07,1.4793124591960805e-07,3.6163719130399841e-08,3.1991270788012116e-07
_4359_,67.450000000000003,65.799999999999997,XNOR2_X1,0,1,1,1.0343953249503102e-07,1.2122235659717262e-07,3.644100843303022e-08,2.6110289752523386e-07
_4360_,74.859999999999999,64.400000000000006,AOI222_X1,0,1,1,7.9116013296243182e-08,3.986455965332425e-08,4.7398827973665902e-08,1.6637940092323333e-07
_4361_,76.950000000000003,57.399999999999999,OAI221_X1,0,1,1,6.7744259979463095e-08,2.936439358336429e-08,3.393766689896438e-08,1.3104632046179177e-07
_4362_,76.379999999999995,58.799999999999997,INV_X1,0,1,1,2.6480524439875808e-08,3.1710378323168698e-08,1.4353183530602109e-08,7.2544086293646615e-08
_4363_,75.430000000000007,54.600000000000001,OAI21_X1,0,1,1,5.2319229837394232e-08,3.1739315176082528e-08,2.2619392581191278e-08,1.0667793759466804e-07
_4364_,68.780000000000001,64.400000000000006,XNOR2_X1,0,1,1,1.3431132117602829e-07,1.4827415384388587e-07,3.644100843303022e-08,3.1902648345294438e-07
_4365_,46.170000000000002,67.200000000000003,NAND2_X1,0,1,1,6.022143139716718e-08,1.6695400972821517e-07,1.7393359641459938e-08,2.4456880076684229e-07
_4366_,66.689999999999998,70,OAI22_X1,0,1,1,6.7124382496785984e-08,5.6277169591112397e-08,3.4026122364139155e-08,1.5742767445203754e-07
_4367_,71.060000000000002,70,AOI222_X1,0,1,1,5.0508504045865266e-08,2.7223721943414603e-08,4.7398827973665902e-08,1.2513105396294577e-07
_4368_,71.439999999999998,65.799999999999997,OAI211_X1,0,1,1,1.6956438031456855e-08,8.8195371006349887e-09,2.2039131408746471e-08,4.7815106540838315e-08
_4369_,66.5,63,AND2_X1,0,1,1,4.5488171451779635e-08,2.10144293077974e-08,2.5066063003009731e-08,9.1568663762586766e-08
_4370_,68.780000000000001,63,OAI221_X1,0,1,1,5.7028820776849898e-08,5.6048282459641996e-08,3.393766689896438e-08,1.4701477013545627e-07
_4371_,71.439999999999998,56,AOI21_X1,0,1,1,7.8181464857607352e-08,3.0898519298716565e-08,2.7858394702207079e-08,1.36938378858531e-07
_4372_,72.200000000000003,63,OR2_X1,0,1,1,8.5750841094522912e-08,6.9414198833328555e-08,2.269497301199408e-08,1.7786001293984555e-07
_4373_,73.719999999999999,60.200000000000003,AOI222_X1,0,1,1,7.9287318044407584e-08,3.3347674843753339e-08,4.7398827973665902e-08,1.6003382086182683e-07
_4374_,72.959999999999994,63,OAI221_X1,0,1,1,6.7963078720367776e-08,2.6059121083221726e-08,3.393766689896438e-08,1.2795986670255388e-07
_4375_,74.099999999999994,63,AOI21_X1,0,1,1,6.007455510825821e-08,3.3144480937608023e-08,2.7858394702207079e-08,1.2107743074807331e-07
_4376_,76.760000000000005,60.200000000000003,INV_X1,0,1,1,2.4966206879639685e-08,2.290076039912492e-08,1.4353183530602109e-08,6.2220150809366714e-08
_4377_,73.909999999999997,65.799999999999997,OAI21_X1,0,1,1,3.7816946019120223e-08,5.700947269815515e-08,2.2619392581191278e-08,1.1744581129846665e-07
_4378_,59.469999999999999,70,XNOR2_X1,0,1,1,7.1633415643646003e-08,7.8705099326725758e-08,3.644100843303022e-08,1.8677952340340198e-07
_4379_,59.850000000000001,68.599999999999994,NOR2_X1,0,1,1,5.067829267346724e-09,4.1462455691032574e-09,2.1199545230388139e-08,3.0413620066838121e-08
_4380_,61.369999999999997,67.200000000000003,XOR2_X1,0,1,1,7.630772813627118e-08,5.5596071746322195e-08,3.6163719130399841e-08,1.6806751901299322e-07
_4381_,57.380000000000003,61.600000000000001,AOI22_X1,0,1,1,2.9815463875593196e-08,3.5925658892210777e-08,3.2611943368010543e-08,9.8353066135814515e-08
_4382_,66.879999999999995,75.599999999999994,OAI21_X1,0,1,1,7.3451168702831637e-08,7.8050433671705832e-08,2.2619392581191278e-08,1.7412099495572875e-07
_4383_,57.380000000000003,65.799999999999997,NOR2_X1,0,1,1,5.5652336072853359e-08,7.7151113941908989e-08,2.1199545230388139e-08,1.5400299524515049e-07
_4384_,59.090000000000003,67.200000000000003,NAND2_X1,0,1,1,2.9190378114662963e-08,2.5561572414289913e-08,1.7393359641459938e-08,7.2145310170412813e-08
_4385_,60.420000000000002,68.599999999999994,OAI221_X1,0,1,1,5.9048510081538552e-08,2.809083632371312e-08,3.393766689896438e-08,1.2107701330421605e-07
_4386_,64.409999999999997,70,XNOR2_X1,0,1,1,3.222472244601704e-08,3.2990300269375439e-08,3.644100843303022e-08,1.016560311484227e-07
_4387_,57.57,70,AOI21_X1,0,1,1,5.488403331810332e-08,2.6998614899298445e-08,2.7858394702207079e-08,1.0974104291960884e-07
_4388_,56.049999999999997,68.599999999999994,OAI221_X1,0,1,1,5.8188422968896703e-08,1.785824288447202e-08,3.393766689896438e-08,1.099843327523331e-07
_4389_,30.969999999999999,88.200000000000003,NOR2_X1,0,1,1,2.3890742162357981e-10,4.8051695955564355e-10,2.1199545230388139e-08,2.1918969611567363e-08
_4390_,34.009999999999998,81.200000000000003,AOI21_X1,0,1,1,4.0357548414249322e-08,4.2802469124580966e-08,2.7858394702207079e-08,1.1101841224103737e-07
_4391_,30.780000000000001,91,OAI221_X1,0,1,1,6.0842673121896951e-08,2.2158657131399195e-08,3.393766689896438e-08,1.1693899715226053e-07
_4392_,15.199999999999999,51.799999999999997,OAI21_X1,0,1,1,3.2754814416335876e-09,1.906018232133988e-09,2.2619392581191278e-08,2.7800892254958853e-08
_4393_,15.01,49,AOI21_X1,0,1,1,2.6217819026896905e-09,1.7824081099959699e-09,2.7858394702207079e-08,3.2262584714892739e-08
_4394_,16.719999999999999,51.799999999999997,AOI221_X1,0,1,1,4.8056378432193014e-08,9.8911145940405731e-09,4.1741206047163359e-08,9.9688699073396947e-08
_4395_,18.239999999999998,54.600000000000001,INV_X1,0,1,1,1.4685840099559755e-08,3.182330488016305e-08,1.4353183530602109e-08,6.0862328510324915e-08
_4396_,17.289999999999999,46.200000000000003,AOI21_X1,0,1,1,3.038092444285212e-09,1.8100292376033167e-09,2.7858394702207079e-08,3.2706516384095607e-08
_4397_,16.530000000000001,44.799999999999997,AOI222_X1,0,1,1,6.1055402511556167e-08,1.0495597280169022e-08,4.7398827973665902e-08,1.1894982776539109e-07
_4398_,20.52,44.799999999999997,INV_X1,0,1,1,1.6404742453346444e-08,1.3417310817942507e-08,1.4353183530602109e-08,4.417523680189106e-08
_4399_,14.25,42,NAND3_X1,0,1,1,2.2392676601867834e-09,1.4067185194477361e-09,1.8104767463000826e-08,2.1750753642635345e-08
_4400_,15.01,40.600000000000001,AOI22_X1,0,1,1,4.4692733069950918e-08,9.9144505938397742e-09,3.2611943368010543e-08,8.7219127031801236e-08
_4401_,13.869999999999999,40.600000000000001,NAND2_X1,0,1,1,2.566210355325893e-08,1.8028270432068894e-08,1.7393359641459938e-08,6.1083733626787762e-08
_4402_,16.719999999999999,40.600000000000001,MUX2_X1,0,1,1,6.2447497839457355e-08,1.4351799748624217e-08,3.5928387376316095e-08,1.1272768496439767e-07
_4403_,10.449999999999999,39.200000000000003,AOI21_X1,0,1,1,2.8002116181369274e-09,1.7697645571246312e-09,2.7858394702207079e-08,3.2428370877468637e-08
_4404_,8.7400000000000002,36.399999999999999,AOI222_X1,0,1,1,6.193778290253249e-08,1.025548890254413e-08,4.7398827973665902e-08,1.1959209977874252e-07
_4405_,10.26,36.399999999999999,INV_X1,0,1,1,1.6544111858252109e-08,1.7668044804963756e-08,1.4353183530602109e-08,4.8565340193817974e-08
_4406_,10.640000000000001,33.600000000000001,AND2_X1,0,1,1,3.4268561321937341e-09,1.5834675792802955e-09,2.5066063003009731e-08,3.007638671448376e-08
_4407_,8.9299999999999997,33.600000000000001,AOI221_X1,0,1,1,5.5321933700724912e-08,9.9042249956937667e-09,4.1741206047163359e-08,1.0696736474358204e-07
_4408_,8.3599999999999994,33.600000000000001,INV_X1,0,1,1,1.6794061252767278e-08,2.318121516964311e-08,1.4353183530602109e-08,5.4328459953012498e-08
_4409_,6.6500000000000004,42,NOR2_X1,0,1,1,3.3368529273047898e-08,2.3740444277109418e-08,2.1199545230388139e-08,7.8308518780545455e-08
_4410_,13.300000000000001,44.799999999999997,NAND2_X1,0,1,1,3.1265536826197149e-09,3.7241019157363553e-09,1.7393359641459938e-08,2.4244015239816008e-08
_4411_,3.9900000000000002,37.799999999999997,AOI22_X1,0,1,1,4.6622204763480113e-08,1.3222194894524364e-08,3.2611943368010543e-08,9.245634302601502e-08
_4412_,7.2199999999999998,42,OAI21_X1,0,1,1,3.8906847521502641e-08,1.6831236848702247e-08,2.2619392581191278e-08,7.8357476951396166e-08
_4413_,11.02,30.800000000000001,MUX2_X1,0,1,1,6.2117109678183624e-08,3.9806518969953686e-08,3.5928387376316095e-08,1.3785201602445341e-07
_4414_,19.190000000000001,35,MUX2_X1,0,1,1,6.0303648297121981e-08,2.6227896299246822e-08,3.5928387376316095e-08,1.224599319726849e-07
_4415_,9.8800000000000008,50.399999999999999,AOI22_X1,0,1,1,4.853146862160429e-08,3.1982668957653004e-08,3.2611943368010543e-08,1.1312608094726784e-07
_4416_,7.4100000000000001,43.399999999999999,OAI21_X1,0,1,1,4.366115291531969e-08,2.4074335414070447e-08,2.2619392581191278e-08,9.0354880910581414e-08
_4417_,4.75,49,OAI21_X1,0,1,1,4.8095927240865421e-09,2.6178739176430099e-09,2.2619392581191278e-08,3.004685922292083e-08
_4418_,2.8500000000000001,49,AOI21_X1,0,1,1,3.4907516877069611e-09,1.9347590196616693e-09,2.7858394702207079e-08,3.3283905409575709e-08
_4419_,3.6099999999999999,49,AOI221_X1,0,1,1,5.8651302481393941e-08,2.3515514868677201e-08,4.1741206047163359e-08,1.239080233972345e-07
_4420_,6.8399999999999999,49,INV_X1,0,1,1,2.2286657852532699e-08,1.4963696060021903e-08,1.4353183530602109e-08,5.1603537443156711e-08
_4421_,7.2199999999999998,58.799999999999997,NAND2_X1,0,1,1,3.0557822938703794e-09,2.7997371088162026e-09,1.7393359641459938e-08,2.324887904414652e-08
_4422_,5.3200000000000003,58.799999999999997,AOI21_X1,0,1,1,3.6328584585021417e-09,2.0725623439687979e-09,2.7858394702207079e-08,3.3563815504678018e-08
_4423_,6.0800000000000001,58.799999999999997,AOI221_X1,0,1,1,5.776838207793844e-08,2.3659024961375508e-08,4.1741206047163359e-08,1.2316861308647731e-07
_4424_,7.9800000000000004,57.399999999999999,INV_X1,0,1,1,2.1982215159255247e-08,1.4118641367133478e-08,1.4353183530602109e-08,5.0454040056990834e-08
_4425_,5.3200000000000003,60.200000000000003,AOI22_X1,0,1,1,4.7616616427603731e-08,2.1989054133086938e-08,3.2611943368010543e-08,1.0221761392870121e-07
_4426_,6.0800000000000001,61.600000000000001,OAI21_X1,0,1,1,4.2640166952878644e-08,2.0752835894199961e-08,2.2619392581191278e-08,8.6012395428269883e-08
_4427_,5.1299999999999999,67.200000000000003,NAND2_X1,0,1,1,3.0634199621459857e-09,2.860317316333294e-09,1.7393359641459938e-08,2.3317096919939218e-08
_4428_,3.4199999999999999,65.799999999999997,AOI21_X1,0,1,1,3.1625524421485807e-09,1.7652309614035744e-09,2.7858394702207079e-08,3.2786178105759234e-08
_4429_,4.1799999999999997,65.799999999999997,AOI221_X1,0,1,1,5.1141295642764817e-08,2.281276501037155e-08,4.1741206047163359e-08,1.1569526670029973e-07
_4430_,6.46,64.400000000000006,INV_X1,0,1,1,2.1431281638228938e-08,1.4014818638941051e-08,1.4353183530602109e-08,4.9799283807772099e-08
_4431_,4.9400000000000004,74.200000000000003,AOI22_X1,0,1,1,4.8673406638499728e-08,2.395760034801242e-08,3.2611943368010543e-08,1.0524295035452269e-07
_4432_,6.8399999999999999,74.200000000000003,OAI21_X1,0,1,1,4.2275289047211118e-08,1.5814979548167685e-08,2.2619392581191278e-08,8.070966117657008e-08
_4433_,1.3300000000000001,65.799999999999997,NAND2_X1,0,1,1,3.2260687454765957e-09,3.1640960962420195e-09,1.7393359641459938e-08,2.3783524483178553e-08
_4434_,4.1799999999999997,68.599999999999994,AOI21_X1,0,1,1,2.9121829392408927e-09,2.3081150324344435e-09,2.7858394702207079e-08,3.3078692673882415e-08
_4435_,1.3300000000000001,74.200000000000003,AOI221_X1,0,1,1,5.8671496105944243e-08,2.7339606134546557e-08,4.1741206047163359e-08,1.2775230828765416e-07
_4436_,4.5599999999999996,70,INV_X1,0,1,1,2.2561014390021228e-08,1.6621561016449959e-08,1.4353183530602109e-08,5.3535758937073297e-08
_4437_,12.16,67.200000000000003,AOI222_X1,0,1,1,3.9487371594759679e-08,8.811023910482163e-09,4.7398827973665902e-08,9.5697223478907745e-08
_4438_,14.82,67.200000000000003,INV_X1,0,1,1,1.0929007032700611e-08,9.752489482650617e-09,1.4353183530602109e-08,3.5034680045953337e-08
_4439_,12.73,75.599999999999994,OAI21_X1,0,1,1,5.1691602109826817e-09,2.5472091103040384e-09,2.2619392581191278e-08,3.0335761902477998e-08
_4440_,12.35,77,AOI21_X1,0,1,1,3.2094675805893758e-09,2.8762392467740483e-09,2.7858394702207079e-08,3.3944101529570503e-08
_4441_,10.83,68.599999999999994,AOI221_X1,0,1,1,5.8173647232706571e-08,4.8779508432517105e-08,4.1741206047163359e-08,1.4869436171238704e-07
_4442_,7.5999999999999996,86.799999999999997,INV_X1,0,1,1,2.3843771401743652e-08,3.0954048213516216e-08,1.4353183530602109e-08,6.9151003145861978e-08
_4443_,25.84,78.400000000000006,AOI22_X1,0,1,1,4.5328739872729784e-08,2.7985812778297259e-08,3.2611943368010543e-08,1.0592649601903759e-07
_4444_,20.329999999999998,79.799999999999997,OAI21_X1,0,1,1,3.8426307469308085e-08,1.3028125245284627e-08,2.2619392581191278e-08,7.407382529578399e-08
_4445_,15.390000000000001,70,OAI211_X1,0,1,1,3.9102356907960711e-09,3.2659843718363391e-09,2.2039131408746471e-08,2.9215351471378881e-08
_4446_,21.09,78.400000000000006,AOI22_X1,0,1,1,4.1231871250602126e-08,3.0841558640304356e-08,3.2611943368010543e-08,1.0468537325891702e-07
_4447_,16.149999999999999,85.400000000000006,NAND2_X1,0,1,1,2.6153005094897708e-08,2.0155507485242197e-08,1.7393359641459938e-08,6.3701872221599842e-08
_4448_,19.949999999999999,72.799999999999997,NOR3_X1,0,1,1,2.6012301201916443e-09,2.0499755226666139e-09,2.6831667554461092e-08,3.148287319731935e-08
_4449_,19.949999999999999,78.400000000000006,AOI221_X1,0,1,1,5.3246367315296084e-08,2.0462250560626671e-08,4.1741206047163359e-08,1.1544982392308611e-07
_4450_,22.039999999999999,78.400000000000006,INV_X1,0,1,1,2.0169926173707609e-08,1.387911208183823e-08,1.4353183530602109e-08,4.8402221786147948e-08
_4451_,15.01,63,AOI222_X1,0,1,1,6.9605647468051757e-08,1.4166301909313006e-08,4.7398827973665902e-08,1.3117077735103067e-07
_4452_,21.09,60.200000000000003,INV_X1,0,1,1,1.9369561954363235e-08,2.3503993418216851e-08,1.4353183530602109e-08,5.7226738903182195e-08
_4453_,19.57,60.200000000000003,AOI21_X1,0,1,1,3.8428549231639408e-09,2.1625787827161957e-09,2.7858394702207079e-08,3.3863828408087215e-08
_4454_,20.899999999999999,61.600000000000001,AOI222_X1,0,1,1,4.8089020765473833e-08,9.3352543473201877e-09,4.7398827973665902e-08,1.0482310308645992e-07
_4455_,24.129999999999999,61.600000000000001,INV_X1,0,1,1,1.5145465326327212e-08,1.1932526078339833e-08,1.4353183530602109e-08,4.1431174935269155e-08
_4456_,17.100000000000001,65.799999999999997,AOI21_X1,0,1,1,2.8353634995426091e-09,1.9273318496715319e-09,2.7858394702207079e-08,3.262109005142122e-08
_4457_,18.809999999999999,60.200000000000003,OAI21_X1,0,1,1,2.7209703379327266e-09,1.3492464923103853e-09,2.2619392581191278e-08,2.668960941143439e-08
_4458_,17.48,61.600000000000001,AOI22_X1,0,1,1,3.9567478182789273e-08,1.7433526622312456e-08,3.2611943368010543e-08,8.9612948173112272e-08
_4459_,18.239999999999998,60.200000000000003,NAND2_X1,0,1,1,2.5161442707144488e-08,4.3107768021855009e-08,1.7393359641459938e-08,8.5662570370459434e-08
_4460_,19.760000000000002,51.799999999999997,MUX2_X1,0,1,1,6.2971743375328515e-08,2.9568370862875781e-08,3.5928387376316095e-08,1.2846850161452039e-07
_4461_,21.850000000000001,84,MUX2_X1,0,1,1,8.0921871870032192e-08,2.026372314389846e-08,3.5928387376316095e-08,1.3711398239024675e-07
_4462_,21.09,86.799999999999997,MUX2_X1,0,1,1,7.8020278238000174e-08,1.6889712739498464e-08,3.5928387376316095e-08,1.3083837835381473e-07
_4463_,36.289999999999999,95.200000000000003,NAND2_X1,0,1,1,9.5281527112689446e-10,9.7705066259834439e-10,1.7393359641459938e-08,1.9323225575185177e-08
_4464_,32.869999999999997,96.599999999999994,NOR2_X1,0,1,1,4.6412115817240363e-10,6.2471305906086627e-10,2.1199545230388139e-08,2.2288379447621409e-08
_4465_,40.850000000000001,100.8,OAI22_X1,0,1,1,4.9269976987176278e-11,3.330282577485022e-11,3.4026122364139155e-08,3.4108695166901182e-08
_4466_,40.850000000000001,91,AOI211_X1,0,1,1,4.1935880545906912e-08,6.6223890371475136e-08,3.4565712070389054e-08,1.427254829877711e-07
_4467_,33.25,103.59999999999999,OAI211_X1,0,1,1,6.2131917388796865e-08,2.827749057132678e-08,2.2039131408746471e-08,1.1244853936887012e-07
_4468_,41.229999999999997,98,NOR2_X1,0,1,1,3.0476901557996428e-10,2.5540214387831384e-10,2.1199545230388139e-08,2.1759716389846417e-08
_4469_,43.890000000000001,98,OAI22_X1,0,1,1,4.9506571286883627e-08,3.2310079944863901e-08,3.4026122364139155e-08,1.1584277359588668e-07
_4470_,40.280000000000001,95.200000000000003,AOI211_X1,0,1,1,6.0884616459588869e-08,3.0311134935345763e-08,3.4565712070389054e-08,1.2576146346532369e-07
_4471_,37.619999999999997,96.599999999999994,OAI221_X1,0,1,1,6.0391329270714778e-08,2.0969721958863374e-08,3.393766689896438e-08,1.1529871812854253e-07
_4472_,44.840000000000003,95.200000000000003,NAND2_X1,0,1,1,9.8562136230384567e-10,6.7125666136647055e-10,1.7393359641459938e-08,1.9050237665130254e-08
_4473_,43.32,98,NAND2_X1,0,1,1,2.9890969699408743e-08,2.6660879726136955e-08,1.7393359641459938e-08,7.3945209067005635e-08
_4474_,44.840000000000003,98,OAI221_X1,0,1,1,5.980864159482735e-08,3.6179574891548327e-08,3.393766689896438e-08,1.2992588338534006e-07
_4475_,38.189999999999998,100.8,AOI21_X1,0,1,1,5.6220091693148788e-08,4.0435708115182933e-08,2.7858394702207079e-08,1.245141945105388e-07
_4476_,45.409999999999997,95.200000000000003,OAI211_X1,0,1,1,6.0368932963683619e-08,2.2080991257666938e-08,2.2039131408746471e-08,1.0448905563009703e-07
_4477_,49.210000000000001,98,NOR2_X1,0,1,1,4.0785122501496573e-10,3.7944192232686191e-10,2.1199545230388139e-08,2.1986838377729967e-08
_4478_,50.350000000000001,93.799999999999997,NOR2_X1,0,1,1,3.12812692415676e-11,2.4845918725202587e-11,2.1199545230388139e-08,2.125567241835491e-08
_4479_,49.210000000000001,93.799999999999997,AOI211_X1,0,1,1,4.1375439963076133e-08,2.9948566293569456e-08,3.4565712070389054e-08,1.0588971832703464e-07
_4480_,54.719999999999999,92.400000000000006,AOI22_X1,0,1,1,1.3703079781990368e-09,7.8034295691864486e-10,3.2611943368010543e-08,3.4762594303128225e-08
_4481_,52.25,95.200000000000003,OAI211_X1,0,1,1,5.5440661839156746e-08,1.7976610422465455e-08,2.2039131408746471e-08,9.5456403670368672e-08
_4482_,27.170000000000002,47.600000000000001,XNOR2_X1,0,1,1,7.7063283754341683e-08,5.3496851393219913e-08,3.644100843303022e-08,1.6700114358059182e-07
_4483_,26.219999999999999,54.600000000000001,XNOR2_X1,0,1,1,1.082391634099622e-07,4.51242669896601e-08,3.644100843303022e-08,1.8980443883265252e-07
_4484_,29.449999999999999,53.200000000000003,AOI222_X1,0,1,1,1.2773149649092375e-07,5.0159727038590063e-08,4.7398827973665902e-08,2.2529005150317971e-07
_4485_,29.07,51.799999999999997,XNOR2_X1,0,1,1,7.8565612682268693e-08,4.6070940840081676e-08,3.644100843303022e-08,1.6107756195538059e-07
_4486_,31.16,50.399999999999999,XNOR2_X1,0,1,1,1.150779809222513e-07,5.0259227890592229e-08,3.644100843303022e-08,2.0177821724587375e-07
_4487_,28.309999999999999,50.399999999999999,AOI22_X1,0,1,1,2.0894468377719022e-09,1.1065880434202313e-09,3.2611943368010543e-08,3.5807978249202677e-08
_4488_,27.739999999999998,53.200000000000003,NAND2_X1,0,1,1,5.8709634487286166e-08,7.3632669739254197e-08,1.7393359641459938e-08,1.497356638680003e-07
_4489_,34.009999999999998,105,MUX2_X1,0,1,1,6.5279600391932036e-08,1.7439791832885021e-08,3.5928387376316095e-08,1.1864777960113315e-07
_4490_,38.759999999999998,106.40000000000001,MUX2_X1,0,1,1,6.8190203705853492e-08,2.6568526934056536e-08,3.5928387376316095e-08,1.3068711801622612e-07
_4491_,44.270000000000003,107.8,MUX2_X1,0,1,1,6.7911393841768586e-08,1.8887588382199283e-08,3.5928387376316095e-08,1.2272736960028396e-07
_4492_,49.210000000000001,107.8,MUX2_X1,0,1,1,6.6821016275753209e-08,1.8495546427743648e-08,3.5928387376316095e-08,1.2124495007981295e-07
_4493_,53.009999999999998,107.8,MUX2_X1,0,1,1,6.9199266761188483e-08,2.8878423208311688e-08,3.5928387376316095e-08,1.3400607734581627e-07
_4494_,58.329999999999998,107.8,MUX2_X1,0,1,1,6.6429763023734267e-08,1.6849307726829466e-08,3.5928387376316095e-08,1.1920745812687983e-07
_4495_,75.620000000000005,106.40000000000001,MUX2_X1,0,1,1,6.6597706904758525e-08,1.6942079739123983e-08,3.5928387376316095e-08,1.194681740201986e-07
_4496_,81.510000000000005,107.8,MUX2_X1,0,1,1,6.6172297863431595e-08,1.8035178683817321e-08,3.5928387376316095e-08,1.2013586392356501e-07
_4497_,86.260000000000005,88.200000000000003,MUX2_X1,0,1,1,6.5357347978078906e-08,1.8065604123762569e-08,3.5928387376316095e-08,1.1935133947815757e-07
_4498_,86.640000000000001,91,MUX2_X1,0,1,1,6.600787116894935e-08,2.2895363827046822e-08,3.5928387376316095e-08,1.2483162237231227e-07
_4499_,96.329999999999998,86.799999999999997,MUX2_X1,0,1,1,6.5614123911927891e-08,2.235711704656751e-08,3.5928387376316095e-08,1.238996283348115e-07
_4500_,97.280000000000001,67.200000000000003,MUX2_X1,0,1,1,7.4944601635706931e-08,3.1059649074904883e-08,3.5928387376316095e-08,1.4193263808692791e-07
_4501_,99.560000000000002,63,MUX2_X1,0,1,1,7.2644816384581645e-08,2.136534504870724e-08,3.5928387376316095e-08,1.2993854880960498e-07
_4502_,99.370000000000005,58.799999999999997,MUX2_X1,0,1,1,7.3352076412902534e-08,2.3640097879251698e-08,3.5928387376316095e-08,1.3292056166847033e-07
_4503_,100.51000000000001,46.200000000000003,MUX2_X1,0,1,1,7.3358172869575355e-08,2.1285023521500079e-08,3.5928387376316095e-08,1.3057158376739153e-07
_4504_,94.810000000000002,32.200000000000003,MUX2_X1,0,1,1,7.5917441222372872e-08,3.2620413037420803e-08,3.5928387376316095e-08,1.4446624163610977e-07
_4505_,26.789999999999999,9.8000000000000007,MUX2_X1,0,1,1,7.2557455155219941e-08,1.9401522166617724e-08,3.5928387376316095e-08,1.2788736469815376e-07
_4506_,27.359999999999999,7,MUX2_X1,0,1,1,7.3479881734783703e-08,2.9157956049630229e-08,3.5928387376316095e-08,1.3856622516073003e-07
_4507_,29.07,2.7999999999999998,MUX2_X1,0,1,1,7.2674957607432589e-08,2.2427146362247186e-08,3.5928387376316095e-08,1.3103049134599587e-07
_4508_,27.170000000000002,65.799999999999997,MUX2_X1,0,1,1,6.7156783245536644e-08,1.7904161708770516e-08,3.5928387376316095e-08,1.2098933233062326e-07
_4509_,100.89,63,MUX2_X1,0,1,1,7.3585702864420455e-08,2.5813447379618992e-08,3.5928387376316095e-08,1.3532753762035554e-07
_4510_,106.20999999999999,51.799999999999997,MUX2_X1,0,1,1,7.5314368075396487e-08,2.8130566320783146e-08,3.5928387376316095e-08,1.3937332177249573e-07
_4511_,64.409999999999997,92.400000000000006,AOI222_X1,0,1,1,9.9777153650393302e-08,3.2944829087000471e-08,4.7398827973665902e-08,1.8012081071105968e-07
_4512_,65.359999999999999,93.799999999999997,NAND2_X1,0,1,1,6.1515144977875025e-08,6.855700007690757e-08,1.7393359641459938e-08,1.4746550469624253e-07
_4513_,66.879999999999995,98,MUX2_X1,0,1,1,6.4302199120902515e-08,1.9294628117449975e-08,3.5928387376316095e-08,1.1952521461466858e-07
_4514_,63.460000000000001,82.599999999999994,AOI22_X1,0,1,1,7.1517980870794418e-08,5.2870316125108729e-08,3.2611943368010543e-08,1.5700024036391369e-07
_4515_,68.209999999999994,86.799999999999997,OAI21_X1,0,1,1,6.4752576633964054e-08,3.6363360322866356e-08,2.2619392581191278e-08,1.2373532953802169e-07
_4516_,63.649999999999999,88.200000000000003,OR2_X1,0,1,1,1.089741914483966e-07,1.0912862791201405e-07,2.269497301199408e-08,2.4079779237240473e-07
_4517_,74.670000000000002,98,MUX2_X1,0,1,1,6.4450972558915964e-08,2.1533020699848748e-08,3.5928387376316095e-08,1.2191238063508081e-07
_4518_,70.489999999999995,86.799999999999997,OAI21_X1,0,1,1,6.0233936949316558e-08,3.093161637934827e-08,2.2619392581191278e-08,1.1378494590985611e-07
_4519_,70.299999999999997,88.200000000000003,AOI211_X1,0,1,1,1.2210605859763746e-07,7.9040574973987532e-08,3.4565712070389054e-08,2.3571234564201404e-07
_4520_,79.420000000000002,92.400000000000006,INV_X1,0,1,1,4.6107473394840781e-08,8.3190009547706723e-08,1.4353183530602109e-08,1.4365066647314961e-07
_4521_,75.430000000000007,84,MUX2_X1,0,1,1,6.558329346262326e-08,3.6888170740212445e-08,3.5928387376316095e-08,1.383998515791518e-07
_4522_,69.920000000000002,79.799999999999997,NOR3_X1,0,1,1,4.8202548619258323e-09,3.3294313972476175e-09,2.6831667554461092e-08,3.4981353813634541e-08
_4523_,67.069999999999993,78.400000000000006,AOI21_X1,0,1,1,4.3515946401839756e-08,3.9317821887152604e-08,2.7858394702207079e-08,1.1069216299119944e-07
_4524_,70.680000000000007,82.599999999999994,OAI211_X1,0,1,1,1.1086040530017272e-07,1.000673606199598e-07,2.2039131408746471e-08,2.3296689732887899e-07
_4525_,81.319999999999993,86.799999999999997,MUX2_X1,0,1,1,6.5091306566955609e-08,2.1536910921327035e-08,3.5928387376316095e-08,1.2255660486459874e-07
_4526_,57.57,63,AOI22_X1,0,1,1,7.0222306192135875e-08,3.8161363846711538e-08,3.2611943368010543e-08,1.4099561340685796e-07
_4527_,57.380000000000003,68.599999999999994,OAI211_X1,0,1,1,1.1530823229577436e-07,9.9822578647490445e-08,2.2039131408746471e-08,2.3716994235201128e-07
_4528_,60.420000000000002,75.599999999999994,MUX2_X1,0,1,1,6.6500227546839596e-08,3.2120162529736263e-08,3.5928387376316095e-08,1.3454877745289195e-07
_4529_,71.25,68.599999999999994,AOI21_X1,0,1,1,6.8988057932983793e-08,3.699842565652034e-08,2.7858394702207079e-08,1.3384487829171121e-07
_4530_,71.060000000000002,63,OAI221_X1,0,1,1,1.0402209227322601e-07,7.492061371294767e-08,3.393766689896438e-08,2.1288037288513806e-07
_4531_,60.039999999999999,63,MUX2_X1,0,1,1,7.4945290862160618e-08,4.5748336674478196e-08,3.5928387376316095e-08,1.5662201491295491e-07
_4532_,68.400000000000006,54.600000000000001,NOR2_X1,0,1,1,3.0573829690183629e-08,2.0308160486592897e-08,2.1199545230388139e-08,7.2081535407164665e-08
_4533_,68.019999999999996,56,AOI21_X1,0,1,1,5.1926257071954751e-08,4.2683009127131299e-08,2.7858394702207079e-08,1.2246766090129313e-07
_4534_,78.469999999999999,56,OAI211_X1,0,1,1,1.0744821565822349e-07,7.8951188697828911e-08,2.2039131408746471e-08,2.0843853576479887e-07
_4535_,82.650000000000006,58.799999999999997,MUX2_X1,0,1,1,7.3046372506269108e-08,2.094337503422139e-08,3.5928387376316095e-08,1.2991813491680659e-07
_4536_,73.340000000000003,51.799999999999997,AOI22_X1,0,1,1,4.8388503870455679e-08,2.5249049073750029e-08,3.2611943368010543e-08,1.0624949631221625e-07
_4537_,73.719999999999999,47.600000000000001,OAI211_X1,0,1,1,1.1014977019385697e-07,9.804060852047769e-08,2.2039131408746471e-08,2.3022951012308113e-07
_4538_,81.700000000000003,50.399999999999999,MUX2_X1,0,1,1,7.2752278867938003e-08,2.0843101466994085e-08,3.5928387376316095e-08,1.2952376771124818e-07
_4539_,57.189999999999998,39.200000000000003,NOR3_X1,0,1,1,2.5731409891704971e-08,2.2406585031831128e-08,2.6831667554461092e-08,7.496966247799719e-08
_4540_,73.150000000000006,36.399999999999999,XOR2_X1,0,1,1,1.3866238646187412e-07,2.142548964911839e-07,3.6163719130399841e-08,3.8908100208345786e-07
_4541_,58.899999999999999,40.600000000000001,AOI22_X1,0,1,1,3.0803462891526578e-08,1.9173100440639246e-08,3.2611943368010543e-08,8.2588506700176367e-08
_4542_,63.079999999999998,44.799999999999997,OAI21_X1,0,1,1,3.2809719385795688e-08,1.7715919398142432e-08,2.2619392581191278e-08,7.3145031365129398e-08
_4543_,55.479999999999997,42,XNOR2_X1,0,1,1,1.4117816249381576e-07,6.9481068010190938e-08,3.644100843303022e-08,2.4710023893703692e-07
_4544_,61.939999999999998,43.399999999999999,AOI221_X1,0,1,1,7.6666324844154587e-08,3.4930678793898551e-08,4.1741206047163359e-08,1.533382096852165e-07
_4545_,61.939999999999998,46.200000000000003,AOI211_X1,0,1,1,1.9099164916269729e-08,1.0342964706921975e-08,3.4565712070389054e-08,6.4007841693580758e-08
_4546_,61.75,36.399999999999999,NAND2_X1,0,1,1,6.7049596985668813e-09,8.3421873853239958e-09,1.7393359641459938e-08,3.2440506725350815e-08
_4547_,59.090000000000003,44.799999999999997,OAI211_X1,0,1,1,4.2244074904829176e-08,1.7231576165954721e-08,2.2039131408746471e-08,8.1514782479530368e-08
_4548_,60.039999999999999,43.399999999999999,OAI211_X1,0,1,1,7.3089324814645806e-08,4.7483954546123641e-08,2.2039131408746471e-08,1.4261241076951592e-07
_4549_,53.009999999999998,42,NOR2_X1,0,1,1,5.0473079937773946e-08,1.3373852425502264e-07,2.1199545230388139e-08,2.0541114942318472e-07
_4550_,80.560000000000002,49,XNOR2_X1,0,1,1,1.0039074993528629e-07,1.0247462256529616e-07,3.644100843303022e-08,2.3930638093361267e-07
_4551_,72.769999999999996,43.399999999999999,AOI22_X1,0,1,1,6.4605693239627726e-08,4.4374008467684689e-08,3.2611943368010543e-08,1.4159164507532296e-07
_4552_,68.590000000000003,49,OAI211_X1,0,1,1,1.1431917812387837e-07,1.204959971801145e-07,2.2039131408746471e-08,2.5685430671273934e-07
_4553_,77.900000000000006,43.399999999999999,MUX2_X1,0,1,1,7.3959746771379287e-08,3.5472691450877392e-08,3.5928387376316095e-08,1.4536082559857277e-07
_4554_,72.769999999999996,37.799999999999997,NAND2_X1,0,1,1,1.6302070804385949e-08,1.0625635482597318e-08,1.7393359641459938e-08,4.4321065928443204e-08
_4555_,77.709999999999994,37.799999999999997,AOI21_X1,0,1,1,9.2776822668838577e-08,4.8183800060996873e-08,2.7858394702207079e-08,1.6881901743204253e-07
_4556_,73.340000000000003,37.799999999999997,OAI211_X1,0,1,1,1.1819276579672078e-07,1.2541075022909354e-07,2.2039131408746471e-08,2.6564264743456079e-07
_4557_,84.739999999999995,28,MUX2_X1,0,1,1,7.357357389992103e-08,3.1262576527524288e-08,3.5928387376316095e-08,1.4076453780376141e-07
_4558_,81.890000000000001,22.399999999999999,OAI22_X1,0,1,1,6.6033102541496191e-08,6.1660749395286985e-08,3.4026122364139155e-08,1.6171997430092233e-07
_4559_,79.799999999999997,37.799999999999997,AOI211_X1,0,1,1,1.2912387603591924e-07,8.0659127377202822e-08,3.4565712070389054e-08,2.4434871548351111e-07
_4560_,80.370000000000005,28,INV_X1,0,1,1,4.6194276848154914e-08,9.7966186274334177e-08,1.4353183530602109e-08,1.585136466530912e-07
_4561_,83.030000000000001,23.800000000000001,MUX2_X1,0,1,1,7.2570699671814509e-08,2.3736555831987971e-08,3.5928387376316095e-08,1.3223564288011858e-07
_4562_,72.959999999999994,22.399999999999999,AOI22_X1,0,1,1,6.2967416170067736e-08,2.9139153312485178e-08,3.2611943368010543e-08,1.2471851285056346e-07
_4563_,73.909999999999997,22.399999999999999,OAI211_X1,0,1,1,1.1448458536733597e-07,8.719974431414812e-08,2.2039131408746471e-08,2.2372346109023056e-07
_4564_,80.370000000000005,18.199999999999999,MUX2_X1,0,1,1,7.2517778448855097e-08,2.2143682443243051e-08,3.5928387376316095e-08,1.3058984826841424e-07
_4565_,73.150000000000006,15.4,OAI222_X1,0,1,1,9.4755264967716357e-08,4.381875129411128e-08,4.3177877273592458e-08,1.8175189353542009e-07
_4566_,70.489999999999995,12.6,NOR2_X1,0,1,1,6.6297339174070657e-08,5.7745197068470588e-08,2.1199545230388139e-08,1.4524208147292939e-07
_4567_,71.439999999999998,16.800000000000001,INV_X1,0,1,1,4.2258950117002314e-08,8.9586734475233243e-08,1.4353183530602109e-08,1.4619886812283767e-07
_4568_,74.859999999999999,9.8000000000000007,MUX2_X1,0,1,1,7.2532941430836217e-08,2.7279183356654357e-08,3.5928387376316095e-08,1.3574051216380667e-07
_4569_,66.879999999999995,19.600000000000001,AOI22_X1,0,1,1,6.159044829701088e-08,4.4545586774802359e-08,3.2611943368010543e-08,1.3874797843982378e-07
_4570_,60.990000000000002,25.199999999999999,OAI211_X1,0,1,1,1.1302539348889695e-07,1.1760732832044596e-07,2.2039131408746471e-08,2.5267185321808938e-07
_4571_,63.460000000000001,8.4000000000000004,MUX2_X1,0,1,1,7.1797508383042441e-08,2.4304494417037859e-08,3.5928387376316095e-08,1.3203039017639639e-07
_4572_,49.210000000000001,49,XNOR2_X1,0,1,1,8.5188929688229109e-08,8.7287574501715426e-08,3.644100843303022e-08,2.0891751262297475e-07
_4573_,50.920000000000002,49,XOR2_X1,0,1,1,1.1456677384558134e-07,1.2673248761529976e-07,3.6163719130399841e-08,2.7746298059128094e-07
_4574_,43.130000000000003,46.200000000000003,XNOR2_X1,0,1,1,1.072972040105924e-07,6.537575814036245e-08,3.644100843303022e-08,2.0911397058398506e-07
_4575_,51.490000000000002,50.399999999999999,AOI22_X1,0,1,1,4.9719648842483366e-08,2.2565366464277758e-08,3.2611943368010543e-08,1.0489695867477167e-07
_4576_,51.869999999999997,51.799999999999997,OAI221_X1,0,1,1,7.4284351114783931e-08,2.9886127350664538e-08,3.393766689896438e-08,1.3810814536441285e-07
_4577_,52.630000000000003,53.200000000000003,AOI21_X1,0,1,1,7.2185514454758959e-08,7.1467020745785703e-08,2.7858394702207079e-08,1.7151092990275174e-07
_4578_,55.289999999999999,54.600000000000001,NAND2_X1,0,1,1,3.513540391963943e-08,2.6696621802102527e-08,1.7393359641459938e-08,7.9225385363201895e-08
_4579_,54.149999999999999,54.600000000000001,OAI221_X1,0,1,1,6.4600065741160506e-08,2.7598355600844116e-08,3.393766689896438e-08,1.26136088240969e-07
_4580_,53.009999999999998,51.799999999999997,NOR2_X1,0,1,1,1.6601883756628411e-10,1.077943082017363e-10,2.1199545230388139e-08,2.147335837615616e-08
_4581_,53.390000000000001,53.200000000000003,AOI211_X1,0,1,1,7.6279476957097359e-08,4.0271523005230847e-08,3.4565712070389054e-08,1.5111671203271726e-07
_4582_,61.369999999999997,56,OAI21_X1,0,1,1,5.3334392902115724e-08,4.1040337350750633e-08,2.2619392581191278e-08,1.1699412283405763e-07
_4583_,51.68,26.600000000000001,AOI222_X1,0,1,1,7.6499382828387752e-08,4.0202824180823882e-08,4.7398827973665902e-08,1.6410103498287754e-07
_4584_,56.810000000000002,19.600000000000001,NAND2_X1,0,1,1,5.361894750421925e-08,9.3422073632609681e-08,1.7393359641459938e-08,1.6443438077828887e-07
_4585_,49.399999999999999,7,MUX2_X1,0,1,1,7.0902679283335601e-08,1.8107119359456192e-08,3.5928387376316095e-08,1.2493818601910789e-07
_4586_,42.560000000000002,21,AOI22_X1,0,1,1,4.5672543080854666e-08,2.2435628466155322e-08,3.2611943368010543e-08,1.0072011491502053e-07
_4587_,44.079999999999998,21,OAI211_X1,0,1,1,1.069296402533837e-07,9.9796288566267322e-08,2.2039131408746471e-08,2.2876506022839749e-07
_4588_,43.890000000000001,2.7999999999999998,MUX2_X1,0,1,1,7.1008955160323239e-08,1.8416317359992718e-08,3.5928387376316095e-08,1.2535365989663205e-07
_4589_,40.090000000000003,19.600000000000001,NAND2_X1,0,1,1,2.671171905888059e-08,1.730802168253831e-08,1.7393359641459938e-08,6.1413100382878838e-08
_4590_,39.329999999999998,19.600000000000001,OAI21_X1,0,1,1,4.0941070977851268e-08,2.2788738007761822e-08,2.2619392581191278e-08,8.6349201566804368e-08
_4591_,36.100000000000001,19.600000000000001,AOI211_X1,0,1,1,1.1585252224222131e-07,7.8854569096620253e-08,3.4565712070389054e-08,2.2927280340923062e-07
_4592_,26.98,14,INV_X1,0,1,1,4.5040927432182798e-08,6.2694923030903738e-08,1.4353183530602109e-08,1.2208903399368864e-07
_4593_,26.030000000000001,8.4000000000000004,MUX2_X1,0,1,1,7.1149614200294309e-08,2.032713553035137e-08,3.5928387376316095e-08,1.2740513710696177e-07
_4594_,31.73,21,OAI22_X1,0,1,1,2.6946830544716249e-08,1.1423185952708081e-08,3.4026122364139155e-08,7.2396138861563486e-08
_4595_,31.920000000000002,19.600000000000001,AOI211_X1,0,1,1,1.1581006020833229e-07,8.5544186845254444e-08,3.4565712070389054e-08,2.3591995912397579e-07
_4596_,22.039999999999999,16.800000000000001,INV_X1,0,1,1,4.300022027337036e-08,7.568408477709454e-08,1.4353183530602109e-08,1.3303748858106701e-07
_4597_,13.68,14,MUX2_X1,0,1,1,7.161420256807105e-08,2.3865055709393346e-08,3.5928387376316095e-08,1.3140764565378049e-07
_4598_,38.57,36.399999999999999,AOI21_X1,0,1,1,4.8118430129306944e-08,2.6705668787485592e-08,2.7858394702207079e-08,1.0268249361899962e-07
_4599_,37.43,32.200000000000003,AOI21_X1,0,1,1,6.4951976241900411e-08,3.8941692537264316e-08,2.7858394702207079e-08,1.3175206348137181e-07
_4600_,37.240000000000002,35,INV_X1,0,1,1,2.8319439238089217e-08,3.0156495967048613e-08,1.4353183530602109e-08,7.2829118735739939e-08
_4601_,37.240000000000002,36.399999999999999,OAI21_X1,0,1,1,7.4616679057726287e-08,3.4080454014429051e-08,2.2619392581191278e-08,1.3131652565334662e-07
_4602_,36.479999999999997,36.399999999999999,OAI21_X1,0,1,1,8.1439118559956114e-08,3.5401278353219823e-08,2.2619392581191278e-08,1.3945978949436721e-07
_4603_,35.340000000000003,35,OAI21_X1,0,1,1,6.4992846660061332e-08,3.5394485564665956e-08,2.2619392581191278e-08,1.2300672480591857e-07
_4604_,32.490000000000002,35,OR3_X1,0,1,1,1.288328554949203e-08,4.5018171412891661e-09,2.4414624988366995e-08,4.1799727679148191e-08
_4605_,36.670000000000002,28,AOI22_X1,0,1,1,2.1509904968297633e-08,1.6114677592327098e-08,3.2611943368010543e-08,7.0236525928635274e-08
_4606_,33.439999999999998,35,OAI211_X1,0,1,1,5.2659824945067157e-08,2.9975385729130721e-08,2.2039131408746471e-08,1.0467434208294435e-07
_4607_,37.619999999999997,35,AOI221_X1,0,1,1,9.3568608861005487e-08,1.2767984003403399e-07,4.1741206047163359e-08,2.6298965494220283e-07
_4608_,36.479999999999997,30.800000000000001,XNOR2_X1,0,1,1,1.0514358450564032e-07,1.2891162270989298e-07,3.644100843303022e-08,2.7049621564856352e-07
_4609_,35.530000000000001,22.399999999999999,XNOR2_X1,0,1,1,8.7037214768770355e-08,8.7230979772812134e-08,3.644100843303022e-08,2.1070920297461271e-07
_4610_,29.449999999999999,21,AOI22_X1,0,1,1,5.4207859534471936e-08,3.4151785399672008e-08,3.2611943368010543e-08,1.2097158830215449e-07
_4611_,33.25,22.399999999999999,OAI211_X1,0,1,1,1.0488643198414138e-07,1.2540408533823211e-07,2.2039131408746471e-08,2.5232964873111996e-07
_4612_,15.390000000000001,22.399999999999999,MUX2_X1,0,1,1,7.2603775436164142e-08,3.6693037941404327e-08,3.5928387376316095e-08,1.4522520075388456e-07
_4613_,31.16,32.200000000000003,AOI22_X1,0,1,1,5.2535245487206339e-08,3.8677537617104463e-08,3.2611943368010543e-08,1.2382472647232134e-07
_4614_,31.16,23.800000000000001,OAI21_X1,0,1,1,5.1877236728614662e-08,3.1621166129980338e-08,2.2619392581191278e-08,1.0611779543978628e-07
_4615_,30.780000000000001,25.199999999999999,NOR2_X1,0,1,1,5.995993035412539e-08,7.8996315266977035e-08,2.1199545230388139e-08,1.6015579085149056e-07
_4616_,19.760000000000002,23.800000000000001,INV_X1,0,1,1,3.8999107943027411e-08,7.6277437699445727e-08,1.4353183530602109e-08,1.2962972917307525e-07
_4617_,17.670000000000002,26.600000000000001,MUX2_X1,0,1,1,7.1293698056251742e-08,2.0380904075523176e-08,3.5928387376316095e-08,1.2760298950809101e-07
_4618_,36.859999999999999,43.399999999999999,XNOR2_X1,0,1,1,9.8267413761732314e-08,1.8525255995882617e-07,3.644100843303022e-08,3.199609821535887e-07
_4619_,34.009999999999998,39.200000000000003,OAI22_X1,0,1,1,5.5976300927795819e-08,3.6728366126226319e-08,3.4026122364139155e-08,1.2673078941816129e-07
_4620_,29.829999999999998,44.799999999999997,AND2_X1,0,1,1,2.9676165524961107e-08,1.4529778269434246e-08,2.5066063003009731e-08,6.9272006797405083e-08
_4621_,40.280000000000001,33.600000000000001,AOI22_X1,0,1,1,2.9116701938391998e-08,1.7591572643027575e-08,3.2611943368010543e-08,7.9320217949430116e-08
_4622_,36.289999999999999,37.799999999999997,OAI21_X1,0,1,1,4.4444902869145153e-08,3.923715397036176e-08,2.2619392581191278e-08,1.0630144942069819e-07
_4623_,35.719999999999999,39.200000000000003,AOI22_X1,0,1,1,4.913843554277264e-08,4.6560018063246389e-08,3.2611943368010543e-08,1.2831039697402957e-07
_4624_,34.200000000000003,36.399999999999999,XNOR2_X1,0,1,1,1.0937956318457509e-07,1.6081324361039151e-07,3.644100843303022e-08,3.0663381522799682e-07
_4625_,39.140000000000001,29.399999999999999,OAI22_X1,0,1,1,4.1383998450328363e-08,5.3679670486417308e-08,3.4026122364139155e-08,1.2908979130088483e-07
_4626_,30.59,42,NOR3_X1,0,1,1,6.3106796233114437e-08,1.4208498555490223e-07,2.6831667554461092e-08,2.3202344934247776e-07
_4627_,37.240000000000002,39.200000000000003,OAI21_X1,0,1,1,4.8093209414901139e-08,2.6141576014993007e-08,2.2619392581191278e-08,9.6854178011085423e-08
_4628_,37.619999999999997,33.600000000000001,AND2_X1,0,1,1,7.1586555350222625e-08,7.5662555332201009e-08,2.5066063003009731e-08,1.7231517368543336e-07
_4629_,32.869999999999997,32.200000000000003,AOI22_X1,0,1,1,4.7845571060634029e-08,4.3563545659708325e-08,3.2611943368010543e-08,1.240210600883529e-07
_4630_,36.289999999999999,40.600000000000001,OAI211_X1,0,1,1,1.0358649404906828e-07,1.098281359190878e-07,2.2039131408746471e-08,2.3545376137690255e-07
_4631_,26.030000000000001,30.800000000000001,MUX2_X1,0,1,1,7.2158385933107638e-08,2.6211399273279312e-08,3.5928387376316095e-08,1.3429817258270305e-07
_4632_,36.289999999999999,42,XOR2_X1,0,1,1,1.0388480120582244e-07,1.3838013046552078e-07,3.6163719130399841e-08,2.7842865080174306e-07
_4633_,43.890000000000001,40.600000000000001,XNOR2_X1,0,1,1,1.0645666037589763e-07,4.6461831715305379e-08,3.644100843303022e-08,1.8935950052423323e-07
_4634_,40.850000000000001,40.600000000000001,OAI222_X1,0,1,1,9.3904148457113479e-08,4.8392450935352826e-08,4.3177877273592458e-08,1.8547447666605876e-07
_4635_,37.049999999999997,44.799999999999997,AOI221_X1,0,1,1,8.9583913620572275e-08,9.4230593106203742e-08,4.1741206047163359e-08,2.2555571277393938e-07
_4636_,34.770000000000003,33.600000000000001,XNOR2_X1,0,1,1,8.4332782535057049e-08,1.0775404746254935e-07,3.644100843303022e-08,2.2852783843063662e-07
_4637_,40.469999999999999,49,NOR2_X1,0,1,1,2.8495406922957045e-08,3.9535979823313028e-08,2.1199545230388139e-08,8.9230931976658212e-08
_4638_,31.16,39.200000000000003,AOI21_X1,0,1,1,4.4533521759149153e-08,2.877978744209031e-08,2.7858394702207079e-08,1.0117170390344654e-07
_4639_,32.299999999999997,44.799999999999997,OAI211_X1,0,1,1,9.9358125282833498e-08,1.4157930650071648e-07,2.2039131408746471e-08,2.6297656319229645e-07
_4640_,26.219999999999999,75.599999999999994,MUX2_X1,0,1,1,6.7233600020699669e-08,1.6577741845935634e-08,3.5928387376316095e-08,1.197397292429514e-07
_4641_,36.479999999999997,49,OAI222_X1,0,1,1,6.381736028515661e-08,3.1187852300718077e-08,4.3177877273592458e-08,1.3818308985946715e-07
_4642_,44.270000000000003,47.600000000000001,NOR2_X1,0,1,1,5.0762139380822191e-08,2.8178558864055958e-07,2.1199545230388139e-08,3.5374727325176991e-07
_4643_,29.449999999999999,100.8,NOR2_X1,0,1,1,2.8968557330699696e-08,2.3243268643113879e-08,2.1199545230388139e-08,7.3411371204201714e-08
_4644_,28.879999999999999,102.2,AOI21_X1,0,1,1,5.0075634305812855e-08,1.6166675109730022e-08,2.7858394702207079e-08,9.4100704117749956e-08
_4645_,51.68,53.200000000000003,OAI22_X1,0,1,1,4.3045876196856625e-08,1.8679221724937634e-08,3.4026122364139155e-08,9.5751220285933414e-08
_4646_,50.920000000000002,53.200000000000003,AOI21_X1,0,1,1,4.5470439857808742e-08,2.5094193389918473e-08,2.7858394702207079e-08,9.8423027949934294e-08
_4647_,53.770000000000003,56,NAND2_X1,0,1,1,5.0601713041942276e-08,6.34912922237163e-08,1.7393359641459938e-08,1.3148636490711851e-07
_4648_,52.060000000000002,58.799999999999997,MUX2_X1,0,1,1,7.4640389868818602e-08,3.6506705214378599e-08,3.5928387376316095e-08,1.470754824595133e-07
_4649_,49.020000000000003,53.200000000000003,OAI21_X1,0,1,1,3.7677899689114724e-10,2.2063495475066475e-10,2.2619392581191278e-08,2.321680653283309e-08
_4650_,51.109999999999999,44.799999999999997,AOI21_X1,0,1,1,6.4092709806118364e-08,2.9471308948814112e-08,2.7858394702207079e-08,1.2142241345713956e-07
_4651_,50.539999999999999,46.200000000000003,AOI221_X1,0,1,1,8.2421593106118962e-08,8.3920113524982298e-08,4.1741206047163359e-08,2.0808291267826462e-07
_4652_,50.350000000000001,44.799999999999997,NOR2_X1,0,1,1,7.7270223552972084e-10,5.3099458163785584e-10,2.1199545230388139e-08,2.2503242047555716e-08
_4653_,52.439999999999998,43.399999999999999,AOI221_X1,0,1,1,6.7730525188380852e-08,3.2044795261754189e-08,4.1741206047163359e-08,1.415165264972984e-07
_4654_,48.829999999999998,43.399999999999999,OAI211_X1,0,1,1,6.7064561903862341e-08,7.9872840785810695e-08,2.2039131408746471e-08,1.6897653409841951e-07
_4655_,47.689999999999998,46.200000000000003,OAI21_X1,0,1,1,4.2476941075619834e-08,3.3852600722639181e-08,2.2619392581191278e-08,9.8948934379450293e-08
_4656_,54.530000000000001,37.799999999999997,OAI211_X1,0,1,1,8.1641132965160068e-08,1.9689234420638968e-07,2.2039131408746471e-08,3.0057260858029622e-07
_4657_,42.18,9.8000000000000007,MUX2_X1,0,1,1,7.3732934424697305e-08,3.3936647270138565e-08,3.5928387376316095e-08,1.4359796907115197e-07
_4658_,67.829999999999998,95.200000000000003,MUX2_X1,0,1,1,8.2364032039095036e-08,4.0128181666432283e-08,3.5928387376316095e-08,1.5842060108184342e-07
_4659_,72.579999999999998,99.400000000000006,MUX2_X1,0,1,1,8.0141155933688424e-08,2.0319388838174746e-08,3.5928387376316095e-08,1.3638893214817926e-07
_4660_,76.569999999999993,92.400000000000006,MUX2_X1,0,1,1,8.1454039957407076e-08,3.2451069387207099e-08,3.5928387376316095e-08,1.4983349672093027e-07
_4661_,80.560000000000002,88.200000000000003,MUX2_X1,0,1,1,8.0916144895581965e-08,2.6230097205370839e-08,3.5928387376316095e-08,1.430746294772689e-07
_4662_,53.200000000000003,67.200000000000003,MUX2_X1,0,1,1,8.1518081174181134e-08,2.3697301898550904e-08,3.5928387376316095e-08,1.4114377044904813e-07
_4663_,63.270000000000003,60.200000000000003,MUX2_X1,0,1,1,9.0226279780836194e-08,3.4564447304319401e-08,3.5928387376316095e-08,1.6071911446147169e-07
_4664_,78.280000000000001,57.399999999999999,MUX2_X1,0,1,1,9.149090374194202e-08,3.6320415119917016e-08,3.5928387376316095e-08,1.6373970623817513e-07
_4665_,76.760000000000005,50.399999999999999,MUX2_X1,0,1,1,9.0335880997827189e-08,2.725882808363167e-08,3.5928387376316095e-08,1.5352309645777495e-07
_4666_,79.040000000000006,39.200000000000003,MUX2_X1,0,1,1,9.103116838105052e-08,3.4281903538158076e-08,3.5928387376316095e-08,1.6124145929552469e-07
_4667_,75.049999999999997,35,MUX2_X1,0,1,1,9.1131269641664403e-08,3.4851730390528246e-08,3.5928387376316095e-08,1.6191138740850874e-07
_4668_,77.900000000000006,32.200000000000003,MUX2_X1,0,1,1,8.995552036594745e-08,2.8342540758785617e-08,3.5928387376316095e-08,1.5422644850104916e-07
_4669_,79.040000000000006,18.199999999999999,MUX2_X1,0,1,1,8.8896847216801689e-08,2.1260266436229358e-08,3.5928387376316095e-08,1.4608550102934714e-07
_4670_,74.859999999999999,12.6,MUX2_X1,0,1,1,9.1530992563093605e-08,3.8268613167247167e-08,3.5928387376316095e-08,1.6572799310665687e-07
_4671_,64.219999999999999,7,MUX2_X1,0,1,1,8.9683233284176822e-08,2.1441627140461605e-08,3.5928387376316095e-08,1.4705324780095452e-07
_4672_,56.240000000000002,7,MUX2_X1,0,1,1,7.9627113791502779e-08,3.1701489433544339e-08,3.5928387376316095e-08,1.4725699060136321e-07
_4673_,43.32,7,MUX2_X1,0,1,1,7.7206877335811441e-08,1.8367849463629682e-08,3.5928387376316095e-08,1.3150311417575722e-07
_4674_,27.550000000000001,11.199999999999999,MUX2_X1,0,1,1,7.4542491290685575e-08,1.9939379924949208e-08,3.5928387376316095e-08,1.3041025859195088e-07
_4675_,15.01,14,MUX2_X1,0,1,1,7.4850298403816851e-08,1.7923438733191688e-08,3.5928387376316095e-08,1.2870212451332463e-07
_4676_,14.44,11.199999999999999,MUX2_X1,0,1,1,7.643523503020333e-08,3.6662470392911928e-08,3.5928387376316095e-08,1.4902609279943135e-07
_4677_,23.18,25.199999999999999,MUX2_X1,0,1,1,7.621925846024169e-08,2.6703883548861995e-08,3.5928387376316095e-08,1.3885152938541978e-07
_4678_,25.460000000000001,32.200000000000003,MUX2_X1,0,1,1,7.8446888096550538e-08,4.3761918533391508e-08,3.5928387376316095e-08,1.5813719400625814e-07
_4679_,23.559999999999999,84,MUX2_X1,0,1,1,7.1800670298216573e-08,2.7911255529033951e-08,3.5928387376316095e-08,1.3564031320356662e-07
_4680_,29.829999999999998,98,NOR2_X1,0,1,1,3.7412718256746302e-08,4.1376893022970762e-08,2.1199545230388139e-08,9.9989156510105204e-08
_4681_,31.539999999999999,105,AOI21_X1,0,1,1,5.2304535813618713e-08,2.5348189325313797e-08,2.7858394702207079e-08,1.0551111984113959e-07
_4682_,51.299999999999997,64.400000000000006,MUX2_X1,0,1,1,8.0946925606895093e-08,3.703304685132025e-08,3.5928387376316095e-08,1.5390835983453144e-07
_4683_,12.92,29.399999999999999,MUX2_X1,0,1,1,7.7429064049283625e-08,2.5158078287290664e-08,3.5928387376316095e-08,1.3851552971289038e-07
_4684_,22.420000000000002,74.200000000000003,NAND3_X1,0,1,1,3.1979467962628405e-09,1.6381507261797879e-09,1.8104767463000826e-08,2.2940864985443454e-08
_4685_,15.77,71.400000000000006,AOI22_X1,0,1,1,4.6999716118989454e-08,3.2620707912656144e-08,3.2611943368010543e-08,1.1223236739965614e-07
_4686_,22.800000000000001,75.599999999999994,NAND2_X1,0,1,1,2.9301082449251226e-08,1.5257452190553522e-08,1.7393359641459938e-08,6.1951894281264686e-08
_4687_,27.550000000000001,64.400000000000006,MUX2_X1,0,1,1,6.5959220307831856e-08,1.8464582751676062e-08,3.5928387376316095e-08,1.2035219043582401e-07
_4688_,35.340000000000003,68.599999999999994,MUX2_X1,0,1,1,6.5630729295662604e-08,3.8881776021071346e-08,3.5928387376316095e-08,1.4044089269305005e-07
_4689_,85.5,39.200000000000003,XNOR2_X1,0,1,1,1.3602542026092124e-07,4.6520749918954607e-08,3.644100843303022e-08,2.1898717861290606e-07
_4690_,85.689999999999998,37.799999999999997,OAI21_X1,0,1,1,2.1646555659060596e-09,2.9867177619991025e-09,2.2619392581191278e-08,2.777076590909644e-08
_4691_,81.890000000000001,30.800000000000001,XNOR2_X1,0,1,1,1.3387411001986038e-07,4.7487539234225551e-08,3.644100843303022e-08,2.1780265768711615e-07
_4692_,83.030000000000001,30.800000000000001,AOI21_X1,0,1,1,1.0167567410235279e-07,4.9588411599188476e-08,2.7858394702207079e-08,1.7912248040374834e-07
_4693_,83.790000000000006,30.800000000000001,OAI21_X1,0,1,1,8.2067920459394372e-08,7.7058416536601726e-08,2.2619392581191278e-08,1.8174572957718738e-07
_4694_,81.319999999999993,29.399999999999999,NOR2_X1,0,1,1,8.704217346888754e-10,1.2653095238235323e-09,2.1199545230388139e-08,2.3335276488900547e-08
_4695_,89.299999999999997,32.200000000000003,OAI21_X1,0,1,1,3.2491747070650945e-09,2.1950019579719537e-09,2.2619392581191278e-08,2.8063569246228326e-08
_4696_,85.120000000000005,35,AOI21_X1,0,1,1,3.7794456453354996e-09,2.3692903194927339e-09,2.7858394702207079e-08,3.4007130667035312e-08
_4697_,85.120000000000005,33.600000000000001,AND3_X1,0,1,1,1.1455031367901825e-09,6.3324062660186087e-10,2.6481458803573332e-08,2.8260202566965376e-08
_4698_,89.109999999999999,29.399999999999999,AOI221_X1,0,1,1,6.5163362705789041e-08,3.5242162965687385e-08,4.1741206047163359e-08,1.4214673171863978e-07
_4699_,87.019999999999996,35,OAI221_X1,0,1,1,6.2414081014594558e-08,2.6226071980772758e-08,3.393766689896438e-08,1.225778198943317e-07
_4700_,29.829999999999998,89.599999999999994,AOI21_X1,0,1,1,4.0400614409463742e-08,2.5173182649496084e-08,2.7858394702207079e-08,9.3432191761166905e-08
_4701_,29.640000000000001,91,OAI221_X1,0,1,1,6.0287021597105195e-08,1.8277042101999541e-08,3.393766689896438e-08,1.1250173059806912e-07
_4702_,72.579999999999998,74.200000000000003,AOI22_X1,0,1,1,5.0039787424793758e-08,2.2746059258338391e-08,3.2611943368010543e-08,1.0539779005114269e-07
_4703_,72.579999999999998,72.799999999999997,OAI221_X1,0,1,1,5.8314416406801683e-08,2.7736655638932461e-08,3.393766689896438e-08,1.1998873894469853e-07
_4704_,71.819999999999993,74.200000000000003,INV_X1,0,1,1,2.4144464205733129e-08,2.590524239565184e-08,1.4353183530602109e-08,6.4402890131987078e-08
_4705_,70.680000000000007,72.799999999999997,OAI221_X1,0,1,1,5.860270135826795e-08,3.5211382254374257e-08,3.393766689896438e-08,1.2775175051160659e-07
_4706_,44.840000000000003,14,OAI21_X1,0,1,1,7.2177293475306215e-08,3.8849162109499957e-08,2.2619392581191278e-08,1.3364584816599745e-07
_4707_,45.600000000000001,14,OAI211_X1,0,1,1,3.4124774117572088e-09,2.7796314139294509e-09,2.2039131408746471e-08,2.823124023443313e-08
_4708_,38,11.199999999999999,NOR2_X1,0,1,1,2.6052596524550609e-08,3.261876457827384e-08,2.1199545230388139e-08,7.9870906333212588e-08
_4709_,32.68,21,AOI22_X1,0,1,1,3.8188208151268555e-09,2.9364151110655712e-09,3.2611943368010543e-08,3.936717929420297e-08
_4710_,30.210000000000001,15.4,AOI221_X1,0,1,1,6.6682240174031904e-08,3.5056935132615763e-08,4.1741206047163359e-08,1.4348038135381103e-07
_4711_,34.200000000000003,9.8000000000000007,NAND3_X1,0,1,1,5.1947864676549216e-08,4.4217625116971249e-08,1.8104767463000826e-08,1.1427025725652129e-07
_4712_,85.879999999999995,29.399999999999999,NOR2_X1,0,1,1,5.3089188156718592e-08,1.0789788973397663e-07,2.1199545230388139e-08,1.8218662312108336e-07
_4713_,86.069999999999993,30.800000000000001,AOI21_X1,0,1,1,4.3062251542380636e-09,4.1316630117194109e-09,2.7858394702207079e-08,3.6296282868164553e-08
_4714_,91.200000000000003,26.600000000000001,OAI21_X1,0,1,1,2.5096646982802895e-09,1.8902903686779382e-09,2.2619392581191278e-08,2.7019347648149505e-08
_4715_,86.640000000000001,23.800000000000001,NOR2_X1,0,1,1,1.2285393147237755e-08,8.9172704775819511e-09,2.1199545230388139e-08,4.2402208855207846e-08
_4716_,91.200000000000003,28,AOI22_X1,0,1,1,3.9105998994592994e-10,2.1322918430932702e-10,3.2611943368010543e-08,3.32162325422658e-08
_4717_,85.5,22.399999999999999,AOI211_X1,0,1,1,7.5111792341431283e-08,5.5955286626385714e-08,3.4565712070389054e-08,1.6563279103820605e-07
_4718_,91.200000000000003,30.800000000000001,NAND3_X1,0,1,1,5.6834384309922825e-08,3.0574504705782601e-08,1.8104767463000826e-08,1.0551365647870625e-07
_4719_,43.509999999999998,32.200000000000003,XNOR2_X1,0,1,1,1.0722402521423646e-07,7.5380100383881654e-08,3.644100843303022e-08,2.1904513403114834e-07
_4720_,47.5,35,XNOR2_X1,0,1,1,9.9018649279969395e-08,8.0978402650089265e-08,3.644100843303022e-08,2.1643806036308888e-07
_4721_,30.399999999999999,26.600000000000001,OAI22_X1,0,1,1,4.4900438922468311e-08,2.8360512160929829e-08,3.4026122364139155e-08,1.072870734475373e-07
_4722_,30.210000000000001,29.399999999999999,AOI221_X1,0,1,1,5.8134588698521839e-08,2.3527116255195324e-08,4.1741206047163359e-08,1.2340291100088052e-07
_4723_,31.920000000000002,30.800000000000001,OAI221_X1,0,1,1,6.3414645978809858e-08,2.2086368289819802e-08,3.393766689896438e-08,1.1943868116759404e-07
_4724_,82.459999999999994,43.399999999999999,OAI222_X1,0,1,1,8.2010217283823295e-08,4.030498246265779e-08,4.3177877273592458e-08,1.6549307702007354e-07
_4725_,86.640000000000001,39.200000000000003,AOI221_X1,0,1,1,7.4878741429529327e-08,5.8205397834854011e-08,4.1741206047163359e-08,1.748253453115467e-07
_4726_,90.439999999999998,44.799999999999997,NAND2_X1,0,1,1,5.0535071238755336e-08,9.4285098839463899e-08,1.7393359641459938e-08,1.6221352971967917e-07
_4727_,91.010000000000005,42,AOI21_X1,0,1,1,3.421528171898558e-09,2.2389883280737877e-09,2.7858394702207079e-08,3.3518911202179424e-08
_4728_,93.480000000000004,40.600000000000001,OAI21_X1,0,1,1,2.5913959866841196e-09,2.251794306573629e-09,2.2619392581191278e-08,2.7462582874449026e-08
_4729_,92.719999999999999,49,NAND2_X1,0,1,1,3.9215557023908332e-08,5.151480308995815e-08,1.7393359641459938e-08,1.0812371975532642e-07
_4730_,86.829999999999998,25.199999999999999,NOR2_X1,0,1,1,5.801397762184024e-08,5.7289309296493229e-08,2.1199545230388139e-08,1.3650283214872161e-07
_4731_,79.989999999999995,32.200000000000003,NOR2_X1,0,1,1,4.7629576727103995e-08,8.9952258974790311e-08,2.1199545230388139e-08,1.5878138093228245e-07
_4732_,87.590000000000003,23.800000000000001,XNOR2_X1,0,1,1,1.2085669709449576e-07,4.7141959669261269e-08,3.644100843303022e-08,2.0443966519678725e-07
_4733_,78.090000000000003,23.800000000000001,NOR2_X1,0,1,1,1.2362887602535011e-08,1.3586958225175749e-08,2.1199545230388139e-08,4.71493910580989e-08
_4734_,91.200000000000003,21,AOI22_X1,0,1,1,5.3085169593458659e-10,2.529152720587291e-10,3.2611943368010543e-08,3.3395710336003859e-08
_4735_,84.170000000000002,21,AOI211_X1,0,1,1,7.4894998647323519e-08,4.4851326208572573e-08,3.4565712070389054e-08,1.5431203692628515e-07
_4736_,91.390000000000001,23.800000000000001,OAI211_X1,0,1,1,7.1425198200358864e-08,3.4741137966420865e-08,2.2039131408746471e-08,1.282054675755262e-07
_4737_,51.869999999999997,12.6,NAND2_X1,0,1,1,5.1821764657233871e-08,8.5266854910059919e-08,1.7393359641459938e-08,1.5448197920875373e-07
_4738_,50.159999999999997,11.199999999999999,AOI21_X1,0,1,1,3.6227174593506106e-09,2.3430737350338404e-09,2.7858394702207079e-08,3.382418589659153e-08
_4739_,48.640000000000001,11.199999999999999,OAI21_X1,0,1,1,2.5302866468734919e-09,2.527354325820852e-09,2.2619392581191278e-08,2.7677033553885622e-08
_4740_,32.68,15.4,NAND2_X1,0,1,1,3.6795230751174302e-10,4.5468281917315778e-10,1.7393359641459938e-08,1.8215994768144839e-08
_4741_,26.030000000000001,21,OAI21_X1,0,1,1,3.0858955391011023e-09,2.6447999346146389e-09,2.2619392581191278e-08,2.8350088054907019e-08
_4742_,31.73,12.6,AOI211_X1,0,1,1,5.5079230065757656e-08,2.681917266045275e-08,3.4565712070389054e-08,1.1646411479659946e-07
_4743_,35.909999999999997,11.199999999999999,OAI211_X1,0,1,1,6.2799493605325551e-08,1.8070602791908641e-08,2.2039131408746471e-08,1.0290922780598066e-07
_4744_,57.189999999999998,12.6,AOI21_X1,0,1,1,6.6285373634400457e-08,1.0917479897898374e-07,2.7858394702207079e-08,2.0331856731559128e-07
_4745_,58.710000000000001,9.8000000000000007,NAND2_X1,0,1,1,4.6239467366149256e-08,7.9111444506452244e-08,1.7393359641459938e-08,1.4274427151406144e-07
_4746_,59.850000000000001,9.8000000000000007,AOI21_X1,0,1,1,3.6016567506180763e-09,2.2503110486127298e-09,2.7858394702207079e-08,3.3710362501437885e-08
_4747_,59.090000000000003,11.199999999999999,OAI21_X1,0,1,1,2.1721040521782697e-09,1.3668477460981876e-09,2.2619392581191278e-08,2.6158344379467735e-08
_4748_,52.82,18.199999999999999,NOR2_X1,0,1,1,1.6787769396842123e-08,2.1362319913009742e-08,2.1199545230388139e-08,5.9349634540240004e-08
_4749_,54.719999999999999,19.600000000000001,AOI22_X1,0,1,1,4.4960279943495607e-10,3.5924938024400888e-10,3.2611943368010543e-08,3.3420795547689508e-08
_4750_,58.140000000000001,11.199999999999999,AOI211_X1,0,1,1,7.0503773486052523e-08,2.8179725219956708e-08,3.4565712070389054e-08,1.3324921077639829e-07
_4751_,57.380000000000003,11.199999999999999,NAND3_X1,0,1,1,5.1524544630865421e-08,1.8896331610562811e-08,1.8104767463000826e-08,8.8525643704429058e-08
_4752_,45.789999999999999,16.800000000000001,OR2_X1,0,1,1,9.512741172557071e-08,1.1946877975788084e-07,2.269497301199408e-08,2.3729116449544563e-07
_4753_,50.350000000000001,8.4000000000000004,AOI21_X1,0,1,1,3.5456833025193646e-09,3.9824268327492973e-09,2.7858394702207079e-08,3.5386504837475741e-08
_4754_,50.159999999999997,21,OAI21_X1,0,1,1,2.4070763160466413e-09,3.4693390382756206e-09,2.2619392581191278e-08,2.849580793551354e-08
_4755_,30.399999999999999,21,AOI22_X1,0,1,1,2.9206910223678051e-09,2.2330066684617123e-09,3.2611943368010543e-08,3.776564105884006e-08
_4756_,44.270000000000003,16.800000000000001,AOI222_X1,0,1,1,7.7703425915842672e-08,4.1878966072772528e-08,4.7398827973665902e-08,1.669812199622811e-07
_4757_,40.469999999999999,7,AND3_X1,0,1,1,7.2110267979041964e-08,3.4268335724618737e-08,2.6481458803573332e-08,1.3286006250723403e-07
_4758_,33.630000000000003,7,INV_X1,0,1,1,2.2569446755937861e-08,3.0806209139200291e-08,1.4353183530602109e-08,6.7728839425740262e-08
_4759_,92.150000000000006,37.799999999999997,NAND2_X1,0,1,1,5.1283947755109693e-08,8.6150755862490769e-08,1.7393359641459938e-08,1.548280632590604e-07
_4760_,91.200000000000003,32.200000000000003,OR2_X1,0,1,1,7.3513454879048368e-08,1.0169103603629992e-07,2.269497301199408e-08,1.9789946392734237e-07
_4761_,92.340000000000003,33.600000000000001,AOI21_X1,0,1,1,6.0703271742568177e-08,6.2115731225276249e-08,2.7858394702207079e-08,1.506773976700515e-07
_4762_,93.480000000000004,36.399999999999999,AOI21_X1,0,1,1,3.2180051956487432e-09,1.8819101832434626e-09,2.7858394702207079e-08,3.2958310081099285e-08
_4763_,92.719999999999999,36.399999999999999,OAI21_X1,0,1,1,2.3798032433575145e-09,2.0443011727877547e-09,2.2619392581191278e-08,2.7043496997336547e-08
_4764_,89.489999999999995,39.200000000000003,NOR2_X1,0,1,1,1.1620441497939282e-08,1.0426524532647363e-08,2.1199545230388139e-08,4.3246511260974785e-08
_4765_,92.530000000000001,39.200000000000003,AOI22_X1,0,1,1,1.4889049715360869e-10,8.9844090500612594e-11,3.2611943368010543e-08,3.2850677955664764e-08
_4766_,90.060000000000002,33.600000000000001,AOI221_X1,0,1,1,7.196911866458322e-08,5.0271879104002437e-08,4.1741206047163359e-08,1.6398220381574902e-07
_4767_,96.519999999999996,43.399999999999999,NAND3_X1,0,1,1,5.7998835956141193e-08,3.8372750310600168e-08,1.8104767463000826e-08,1.1447635372974219e-07
_4768_,32.68,22.399999999999999,NOR2_X1,0,1,1,1.0515012194289852e-09,9.0108798200816409e-10,2.1199545230388139e-08,2.3152134431825289e-08
_4769_,41.990000000000002,22.399999999999999,AOI22_X1,0,1,1,4.0136277634772455e-10,3.5150407584616516e-10,3.2611943368010543e-08,3.3364810220204433e-08
_4770_,31.16,28,AOI221_X1,0,1,1,6.371834615492844e-08,4.4894520101479429e-08,4.1741206047163359e-08,1.5035407230357123e-07
_4771_,30.02,19.600000000000001,OAI211_X1,0,1,1,6.5352608658031386e-08,3.3335670224232672e-08,2.2039131408746471e-08,1.2072741029101053e-07
_4772_,65.359999999999999,9.8000000000000007,OAI21_X1,0,1,1,6.2120896870965225e-08,8.2540282164700329e-08,2.2619392581191278e-08,1.6728057161685683e-07
_4773_,61.369999999999997,16.800000000000001,AOI21_X1,0,1,1,8.1847652211308741e-08,5.0183018629468279e-08,2.7858394702207079e-08,1.598890655429841e-07
_4774_,64.030000000000001,14,NAND3_X1,0,1,1,4.1151153595819778e-08,4.374947337737467e-08,1.8104767463000826e-08,1.0300539443619527e-07
_4775_,56.810000000000002,11.199999999999999,NAND2_X1,0,1,1,3.1988671711502548e-09,3.6702001438015941e-09,1.7393359641459938e-08,2.4262426956411787e-08
_4776_,63.079999999999998,12.6,NOR2_X1,0,1,1,1.5516054219233411e-08,1.3620480743270491e-08,2.1199545230388139e-08,5.0336080192892041e-08
_4777_,58.710000000000001,25.199999999999999,AOI22_X1,0,1,1,5.6926845459770448e-09,5.5566160561681954e-09,3.2611943368010543e-08,4.3861243970155783e-08
_4778_,65.930000000000007,11.199999999999999,AOI211_X1,0,1,1,7.0337044633106416e-08,2.8790193340455517e-08,3.4565712070389054e-08,1.3369295004395099e-07
_4779_,64.980000000000004,14,OAI211_X1,0,1,1,6.8263616981312225e-08,2.1327348775912469e-08,2.2039131408746471e-08,1.1163009716597116e-07
_4780_,23.940000000000001,26.600000000000001,NOR2_X1,0,1,1,1.0738977485047485e-09,1.2577021646364983e-09,2.1199545230388139e-08,2.3531145143529386e-08
_4781_,30.59,36.399999999999999,NOR2_X1,0,1,1,2.552221767260221e-10,1.6578129147237775e-10,2.1199545230388139e-08,2.1620548698586539e-08
_4782_,31.539999999999999,35,AOI21_X1,0,1,1,3.0415772678260566e-10,2.2019103207426838e-10,2.7858394702207079e-08,2.8382743461063953e-08
_4783_,30.399999999999999,35,AOI221_X1,0,1,1,6.289454290708818e-08,4.2786808762684814e-08,4.1741206047163359e-08,1.4742255771693635e-07
_4784_,30.59,40.600000000000001,OAI211_X1,0,1,1,6.3492954893717979e-08,2.9523320677071752e-08,2.2039131408746471e-08,1.150554069795362e-07
_4785_,76.760000000000005,46.200000000000003,AOI22_X1,0,1,1,5.7298358058233134e-08,2.8722684675130949e-08,3.2611943368010543e-08,1.1863298610137463e-07
_4786_,76.760000000000005,43.399999999999999,OAI21_X1,0,1,1,5.3610119010727431e-08,4.0096502118558419e-08,2.2619392581191278e-08,1.1632601371047713e-07
_4787_,71.629999999999995,47.600000000000001,AOI221_X1,0,1,1,6.8636865080407006e-08,3.677033433291399e-08,4.1741206047163359e-08,1.4714840546048435e-07
_4788_,74.290000000000006,43.399999999999999,OAI21_X1,0,1,1,5.4651565051244688e-08,2.7545388192606879e-08,2.2619392581191278e-08,1.0481634582504284e-07
_4789_,32.299999999999997,40.600000000000001,OAI222_X1,0,1,1,7.7132149556291552e-08,1.5878507397815156e-08,4.3177877273592458e-08,1.3618853422769917e-07
_4790_,32.109999999999999,37.799999999999997,OAI222_X1,0,1,1,1.2083091860404238e-08,3.2822584650205044e-09,4.3177877273592458e-08,5.85432275990172e-08
_4791_,34.200000000000003,40.600000000000001,OR2_X1,0,1,1,6.4257058340899675e-08,2.5879327125721829e-08,2.269497301199408e-08,1.1283135847861558e-07
_4792_,91.959999999999994,32.200000000000003,NOR2_X1,0,1,1,5.0912142057768506e-08,1.0082837320624094e-07,2.1199545230388139e-08,1.7294006049439758e-07
_4793_,94.239999999999995,28,AOI21_X1,0,1,1,4.3853578546304561e-09,3.6136595937819038e-09,2.7858394702207079e-08,3.5857412150619439e-08
_4794_,90.439999999999998,32.200000000000003,OAI21_X1,0,1,1,2.562907885916843e-09,2.2520980635931664e-09,2.2619392581191278e-08,2.7434398530701287e-08
_4795_,88.540000000000006,29.399999999999999,NOR2_X1,0,1,1,1.1707601998978134e-08,1.5326744318144847e-08,2.1199545230388139e-08,4.8233891547511121e-08
_4796_,93.480000000000004,33.600000000000001,AOI22_X1,0,1,1,1.7059062495938804e-10,1.1961230617085761e-10,3.2611943368010543e-08,3.2902146299140789e-08
_4797_,93.099999999999994,37.799999999999997,AOI221_X1,0,1,1,7.2557249097826571e-08,3.9873121693290159e-08,4.1741206047163359e-08,1.5417157683828009e-07
_4798_,88.730000000000004,39.200000000000003,NAND3_X1,0,1,1,5.7854656176914432e-08,5.3904663843695744e-08,1.8104767463000826e-08,1.29864087483611e-07
PHY_EDGE_ROW_0_Right_0,113.23999999999999,1.3999999999999999,TAPCELL_X1,1,1,1,0,0,0,0
PHY_EDGE_ROW_1_Right_1,113.23999999999999,2.7999999999999998,TAPCELL_X1,1,1,1,0,0,0,0
PHY_EDGE_ROW_2_Right_2,113.23999999999999,4.2000000000000002,TAPCELL_X1,1,1,1,0,0,0,0
PHY_EDGE_ROW_3_Right_3,113.23999999999999,5.5999999999999996,TAPCELL_X1,1,1,1,0,0,0,0
PHY_EDGE_ROW_4_Right_4,113.23999999999999,7,TAPCELL_X1,1,1,1,0,0,0,0
PHY_EDGE_ROW_5_Right_5,113.23999999999999,8.4000000000000004,TAPCELL_X1,1,1,1,0,0,0,0
PHY_EDGE_ROW_6_Right_6,113.23999999999999,9.8000000000000007,TAPCELL_X1,1,1,1,0,0,0,0
PHY_EDGE_ROW_7_Right_7,113.23999999999999,11.199999999999999,TAPCELL_X1,1,1,1,0,0,0,0
PHY_EDGE_ROW_8_Right_8,113.23999999999999,12.6,TAPCELL_X1,1,1,1,0,0,0,0
PHY_EDGE_ROW_9_Right_9,113.23999999999999,14,TAPCELL_X1,1,1,1,0,0,0,0
PHY_EDGE_ROW_10_Right_10,113.23999999999999,15.4,TAPCELL_X1,1,1,1,0,0,0,0
PHY_EDGE_ROW_11_Right_11,113.23999999999999,16.800000000000001,TAPCELL_X1,1,1,1,0,0,0,0
PHY_EDGE_ROW_12_Right_12,113.23999999999999,18.199999999999999,TAPCELL_X1,1,1,1,0,0,0,0
PHY_EDGE_ROW_13_Right_13,113.23999999999999,19.600000000000001,TAPCELL_X1,1,1,1,0,0,0,0
PHY_EDGE_ROW_14_Right_14,113.23999999999999,21,TAPCELL_X1,1,1,1,0,0,0,0
PHY_EDGE_ROW_15_Right_15,113.23999999999999,22.399999999999999,TAPCELL_X1,1,1,1,0,0,0,0
PHY_EDGE_ROW_16_Right_16,113.23999999999999,23.800000000000001,TAPCELL_X1,1,1,1,0,0,0,0
PHY_EDGE_ROW_17_Right_17,113.23999999999999,25.199999999999999,TAPCELL_X1,1,1,1,0,0,0,0
PHY_EDGE_ROW_18_Right_18,113.23999999999999,26.600000000000001,TAPCELL_X1,1,1,1,0,0,0,0
PHY_EDGE_ROW_19_Right_19,113.23999999999999,28,TAPCELL_X1,1,1,1,0,0,0,0
PHY_EDGE_ROW_20_Right_20,113.23999999999999,29.399999999999999,TAPCELL_X1,1,1,1,0,0,0,0
PHY_EDGE_ROW_21_Right_21,113.23999999999999,30.800000000000001,TAPCELL_X1,1,1,1,0,0,0,0
PHY_EDGE_ROW_22_Right_22,113.23999999999999,32.200000000000003,TAPCELL_X1,1,1,1,0,0,0,0
PHY_EDGE_ROW_23_Right_23,113.23999999999999,33.600000000000001,TAPCELL_X1,1,1,1,0,0,0,0
PHY_EDGE_ROW_24_Right_24,113.23999999999999,35,TAPCELL_X1,1,1,1,0,0,0,0
PHY_EDGE_ROW_25_Right_25,113.23999999999999,36.399999999999999,TAPCELL_X1,1,1,1,0,0,0,0
PHY_EDGE_ROW_26_Right_26,113.23999999999999,37.799999999999997,TAPCELL_X1,1,1,1,0,0,0,0
PHY_EDGE_ROW_27_Right_27,113.23999999999999,39.200000000000003,TAPCELL_X1,1,1,1,0,0,0,0
PHY_EDGE_ROW_28_Right_28,113.23999999999999,40.600000000000001,TAPCELL_X1,1,1,1,0,0,0,0
PHY_EDGE_ROW_29_Right_29,113.23999999999999,42,TAPCELL_X1,1,1,1,0,0,0,0
PHY_EDGE_ROW_30_Right_30,113.23999999999999,43.399999999999999,TAPCELL_X1,1,1,1,0,0,0,0
PHY_EDGE_ROW_31_Right_31,113.23999999999999,44.799999999999997,TAPCELL_X1,1,1,1,0,0,0,0
PHY_EDGE_ROW_32_Right_32,113.23999999999999,46.200000000000003,TAPCELL_X1,1,1,1,0,0,0,0
PHY_EDGE_ROW_33_Right_33,113.23999999999999,47.600000000000001,TAPCELL_X1,1,1,1,0,0,0,0
PHY_EDGE_ROW_34_Right_34,113.23999999999999,49,TAPCELL_X1,1,1,1,0,0,0,0
PHY_EDGE_ROW_35_Right_35,113.23999999999999,50.399999999999999,TAPCELL_X1,1,1,1,0,0,0,0
PHY_EDGE_ROW_36_Right_36,113.23999999999999,51.799999999999997,TAPCELL_X1,1,1,1,0,0,0,0
PHY_EDGE_ROW_37_Right_37,113.23999999999999,53.200000000000003,TAPCELL_X1,1,1,1,0,0,0,0
PHY_EDGE_ROW_38_Right_38,113.23999999999999,54.600000000000001,TAPCELL_X1,1,1,1,0,0,0,0
PHY_EDGE_ROW_39_Right_39,113.23999999999999,56,TAPCELL_X1,1,1,1,0,0,0,0
PHY_EDGE_ROW_40_Right_40,113.23999999999999,57.399999999999999,TAPCELL_X1,1,1,1,0,0,0,0
PHY_EDGE_ROW_41_Right_41,113.23999999999999,58.799999999999997,TAPCELL_X1,1,1,1,0,0,0,0
PHY_EDGE_ROW_42_Right_42,113.23999999999999,60.200000000000003,TAPCELL_X1,1,1,1,0,0,0,0
PHY_EDGE_ROW_43_Right_43,113.23999999999999,61.600000000000001,TAPCELL_X1,1,1,1,0,0,0,0
PHY_EDGE_ROW_44_Right_44,113.23999999999999,63,TAPCELL_X1,1,1,1,0,0,0,0
PHY_EDGE_ROW_45_Right_45,113.23999999999999,64.400000000000006,TAPCELL_X1,1,1,1,0,0,0,0
PHY_EDGE_ROW_46_Right_46,113.23999999999999,65.799999999999997,TAPCELL_X1,1,1,1,0,0,0,0
PHY_EDGE_ROW_47_Right_47,113.23999999999999,67.200000000000003,TAPCELL_X1,1,1,1,0,0,0,0
PHY_EDGE_ROW_48_Right_48,113.23999999999999,68.599999999999994,TAPCELL_X1,1,1,1,0,0,0,0
PHY_EDGE_ROW_49_Right_49,113.23999999999999,70,TAPCELL_X1,1,1,1,0,0,0,0
PHY_EDGE_ROW_50_Right_50,113.23999999999999,71.400000000000006,TAPCELL_X1,1,1,1,0,0,0,0
PHY_EDGE_ROW_51_Right_51,113.23999999999999,72.799999999999997,TAPCELL_X1,1,1,1,0,0,0,0
PHY_EDGE_ROW_52_Right_52,113.23999999999999,74.200000000000003,TAPCELL_X1,1,1,1,0,0,0,0
PHY_EDGE_ROW_53_Right_53,113.23999999999999,75.599999999999994,TAPCELL_X1,1,1,1,0,0,0,0
PHY_EDGE_ROW_54_Right_54,113.23999999999999,77,TAPCELL_X1,1,1,1,0,0,0,0
PHY_EDGE_ROW_55_Right_55,113.23999999999999,78.400000000000006,TAPCELL_X1,1,1,1,0,0,0,0
PHY_EDGE_ROW_56_Right_56,113.23999999999999,79.799999999999997,TAPCELL_X1,1,1,1,0,0,0,0
PHY_EDGE_ROW_57_Right_57,113.23999999999999,81.200000000000003,TAPCELL_X1,1,1,1,0,0,0,0
PHY_EDGE_ROW_58_Right_58,113.23999999999999,82.599999999999994,TAPCELL_X1,1,1,1,0,0,0,0
PHY_EDGE_ROW_59_Right_59,113.23999999999999,84,TAPCELL_X1,1,1,1,0,0,0,0
PHY_EDGE_ROW_60_Right_60,113.23999999999999,85.400000000000006,TAPCELL_X1,1,1,1,0,0,0,0
PHY_EDGE_ROW_61_Right_61,113.23999999999999,86.799999999999997,TAPCELL_X1,1,1,1,0,0,0,0
PHY_EDGE_ROW_62_Right_62,113.23999999999999,88.200000000000003,TAPCELL_X1,1,1,1,0,0,0,0
PHY_EDGE_ROW_63_Right_63,113.23999999999999,89.599999999999994,TAPCELL_X1,1,1,1,0,0,0,0
PHY_EDGE_ROW_64_Right_64,113.23999999999999,91,TAPCELL_X1,1,1,1,0,0,0,0
PHY_EDGE_ROW_65_Right_65,113.23999999999999,92.400000000000006,TAPCELL_X1,1,1,1,0,0,0,0
PHY_EDGE_ROW_66_Right_66,113.23999999999999,93.799999999999997,TAPCELL_X1,1,1,1,0,0,0,0
PHY_EDGE_ROW_67_Right_67,113.23999999999999,95.200000000000003,TAPCELL_X1,1,1,1,0,0,0,0
PHY_EDGE_ROW_68_Right_68,113.23999999999999,96.599999999999994,TAPCELL_X1,1,1,1,0,0,0,0
PHY_EDGE_ROW_69_Right_69,113.23999999999999,98,TAPCELL_X1,1,1,1,0,0,0,0
PHY_EDGE_ROW_70_Right_70,113.23999999999999,99.400000000000006,TAPCELL_X1,1,1,1,0,0,0,0
PHY_EDGE_ROW_71_Right_71,113.23999999999999,100.8,TAPCELL_X1,1,1,1,0,0,0,0
PHY_EDGE_ROW_72_Right_72,113.23999999999999,102.2,TAPCELL_X1,1,1,1,0,0,0,0
PHY_EDGE_ROW_73_Right_73,113.23999999999999,103.59999999999999,TAPCELL_X1,1,1,1,0,0,0,0
PHY_EDGE_ROW_74_Right_74,113.23999999999999,105,TAPCELL_X1,1,1,1,0,0,0,0
PHY_EDGE_ROW_75_Right_75,113.23999999999999,106.40000000000001,TAPCELL_X1,1,1,1,0,0,0,0
PHY_EDGE_ROW_76_Right_76,113.23999999999999,107.8,TAPCELL_X1,1,1,1,0,0,0,0
PHY_EDGE_ROW_77_Right_77,113.23999999999999,109.2,TAPCELL_X1,1,1,1,0,0,0,0
PHY_EDGE_ROW_78_Right_78,113.23999999999999,110.59999999999999,TAPCELL_X1,1,1,1,0,0,0,0
PHY_EDGE_ROW_79_Right_79,113.23999999999999,112,TAPCELL_X1,1,1,1,0,0,0,0
PHY_EDGE_ROW_0_Left_80,1.1399999999999999,1.3999999999999999,TAPCELL_X1,1,1,1,0,0,0,0
PHY_EDGE_ROW_1_Left_81,1.1399999999999999,2.7999999999999998,TAPCELL_X1,1,1,1,0,0,0,0
PHY_EDGE_ROW_2_Left_82,1.1399999999999999,4.2000000000000002,TAPCELL_X1,1,1,1,0,0,0,0
PHY_EDGE_ROW_3_Left_83,1.1399999999999999,5.5999999999999996,TAPCELL_X1,1,1,1,0,0,0,0
PHY_EDGE_ROW_4_Left_84,1.1399999999999999,7,TAPCELL_X1,1,1,1,0,0,0,0
PHY_EDGE_ROW_5_Left_85,1.1399999999999999,8.4000000000000004,TAPCELL_X1,1,1,1,0,0,0,0
PHY_EDGE_ROW_6_Left_86,1.1399999999999999,9.8000000000000007,TAPCELL_X1,1,1,1,0,0,0,0
PHY_EDGE_ROW_7_Left_87,1.1399999999999999,11.199999999999999,TAPCELL_X1,1,1,1,0,0,0,0
PHY_EDGE_ROW_8_Left_88,1.1399999999999999,12.6,TAPCELL_X1,1,1,1,0,0,0,0
PHY_EDGE_ROW_9_Left_89,1.1399999999999999,14,TAPCELL_X1,1,1,1,0,0,0,0
PHY_EDGE_ROW_10_Left_90,1.1399999999999999,15.4,TAPCELL_X1,1,1,1,0,0,0,0
PHY_EDGE_ROW_11_Left_91,1.1399999999999999,16.800000000000001,TAPCELL_X1,1,1,1,0,0,0,0
PHY_EDGE_ROW_12_Left_92,1.1399999999999999,18.199999999999999,TAPCELL_X1,1,1,1,0,0,0,0
PHY_EDGE_ROW_13_Left_93,1.1399999999999999,19.600000000000001,TAPCELL_X1,1,1,1,0,0,0,0
PHY_EDGE_ROW_14_Left_94,1.1399999999999999,21,TAPCELL_X1,1,1,1,0,0,0,0
PHY_EDGE_ROW_15_Left_95,1.1399999999999999,22.399999999999999,TAPCELL_X1,1,1,1,0,0,0,0
PHY_EDGE_ROW_16_Left_96,1.1399999999999999,23.800000000000001,TAPCELL_X1,1,1,1,0,0,0,0
PHY_EDGE_ROW_17_Left_97,1.1399999999999999,25.199999999999999,TAPCELL_X1,1,1,1,0,0,0,0
PHY_EDGE_ROW_18_Left_98,1.1399999999999999,26.600000000000001,TAPCELL_X1,1,1,1,0,0,0,0
PHY_EDGE_ROW_19_Left_99,1.1399999999999999,28,TAPCELL_X1,1,1,1,0,0,0,0
PHY_EDGE_ROW_20_Left_100,1.1399999999999999,29.399999999999999,TAPCELL_X1,1,1,1,0,0,0,0
PHY_EDGE_ROW_21_Left_101,1.1399999999999999,30.800000000000001,TAPCELL_X1,1,1,1,0,0,0,0
PHY_EDGE_ROW_22_Left_102,1.1399999999999999,32.200000000000003,TAPCELL_X1,1,1,1,0,0,0,0
PHY_EDGE_ROW_23_Left_103,1.1399999999999999,33.600000000000001,TAPCELL_X1,1,1,1,0,0,0,0
PHY_EDGE_ROW_24_Left_104,1.1399999999999999,35,TAPCELL_X1,1,1,1,0,0,0,0
PHY_EDGE_ROW_25_Left_105,1.1399999999999999,36.399999999999999,TAPCELL_X1,1,1,1,0,0,0,0
PHY_EDGE_ROW_26_Left_106,1.1399999999999999,37.799999999999997,TAPCELL_X1,1,1,1,0,0,0,0
PHY_EDGE_ROW_27_Left_107,1.1399999999999999,39.200000000000003,TAPCELL_X1,1,1,1,0,0,0,0
PHY_EDGE_ROW_28_Left_108,1.1399999999999999,40.600000000000001,TAPCELL_X1,1,1,1,0,0,0,0
PHY_EDGE_ROW_29_Left_109,1.1399999999999999,42,TAPCELL_X1,1,1,1,0,0,0,0
PHY_EDGE_ROW_30_Left_110,1.1399999999999999,43.399999999999999,TAPCELL_X1,1,1,1,0,0,0,0
PHY_EDGE_ROW_31_Left_111,1.1399999999999999,44.799999999999997,TAPCELL_X1,1,1,1,0,0,0,0
PHY_EDGE_ROW_32_Left_112,1.1399999999999999,46.200000000000003,TAPCELL_X1,1,1,1,0,0,0,0
PHY_EDGE_ROW_33_Left_113,1.1399999999999999,47.600000000000001,TAPCELL_X1,1,1,1,0,0,0,0
PHY_EDGE_ROW_34_Left_114,1.1399999999999999,49,TAPCELL_X1,1,1,1,0,0,0,0
PHY_EDGE_ROW_35_Left_115,1.1399999999999999,50.399999999999999,TAPCELL_X1,1,1,1,0,0,0,0
PHY_EDGE_ROW_36_Left_116,1.1399999999999999,51.799999999999997,TAPCELL_X1,1,1,1,0,0,0,0
PHY_EDGE_ROW_37_Left_117,1.1399999999999999,53.200000000000003,TAPCELL_X1,1,1,1,0,0,0,0
PHY_EDGE_ROW_38_Left_118,1.1399999999999999,54.600000000000001,TAPCELL_X1,1,1,1,0,0,0,0
PHY_EDGE_ROW_39_Left_119,1.1399999999999999,56,TAPCELL_X1,1,1,1,0,0,0,0
PHY_EDGE_ROW_40_Left_120,1.1399999999999999,57.399999999999999,TAPCELL_X1,1,1,1,0,0,0,0
PHY_EDGE_ROW_41_Left_121,1.1399999999999999,58.799999999999997,TAPCELL_X1,1,1,1,0,0,0,0
PHY_EDGE_ROW_42_Left_122,1.1399999999999999,60.200000000000003,TAPCELL_X1,1,1,1,0,0,0,0
PHY_EDGE_ROW_43_Left_123,1.1399999999999999,61.600000000000001,TAPCELL_X1,1,1,1,0,0,0,0
PHY_EDGE_ROW_44_Left_124,1.1399999999999999,63,TAPCELL_X1,1,1,1,0,0,0,0
PHY_EDGE_ROW_45_Left_125,1.1399999999999999,64.400000000000006,TAPCELL_X1,1,1,1,0,0,0,0
PHY_EDGE_ROW_46_Left_126,1.1399999999999999,65.799999999999997,TAPCELL_X1,1,1,1,0,0,0,0
PHY_EDGE_ROW_47_Left_127,1.1399999999999999,67.200000000000003,TAPCELL_X1,1,1,1,0,0,0,0
PHY_EDGE_ROW_48_Left_128,1.1399999999999999,68.599999999999994,TAPCELL_X1,1,1,1,0,0,0,0
PHY_EDGE_ROW_49_Left_129,1.1399999999999999,70,TAPCELL_X1,1,1,1,0,0,0,0
PHY_EDGE_ROW_50_Left_130,1.1399999999999999,71.400000000000006,TAPCELL_X1,1,1,1,0,0,0,0
PHY_EDGE_ROW_51_Left_131,1.1399999999999999,72.799999999999997,TAPCELL_X1,1,1,1,0,0,0,0
PHY_EDGE_ROW_52_Left_132,1.1399999999999999,74.200000000000003,TAPCELL_X1,1,1,1,0,0,0,0
PHY_EDGE_ROW_53_Left_133,1.1399999999999999,75.599999999999994,TAPCELL_X1,1,1,1,0,0,0,0
PHY_EDGE_ROW_54_Left_134,1.1399999999999999,77,TAPCELL_X1,1,1,1,0,0,0,0
PHY_EDGE_ROW_55_Left_135,1.1399999999999999,78.400000000000006,TAPCELL_X1,1,1,1,0,0,0,0
PHY_EDGE_ROW_56_Left_136,1.1399999999999999,79.799999999999997,TAPCELL_X1,1,1,1,0,0,0,0
PHY_EDGE_ROW_57_Left_137,1.1399999999999999,81.200000000000003,TAPCELL_X1,1,1,1,0,0,0,0
PHY_EDGE_ROW_58_Left_138,1.1399999999999999,82.599999999999994,TAPCELL_X1,1,1,1,0,0,0,0
PHY_EDGE_ROW_59_Left_139,1.1399999999999999,84,TAPCELL_X1,1,1,1,0,0,0,0
PHY_EDGE_ROW_60_Left_140,1.1399999999999999,85.400000000000006,TAPCELL_X1,1,1,1,0,0,0,0
PHY_EDGE_ROW_61_Left_141,1.1399999999999999,86.799999999999997,TAPCELL_X1,1,1,1,0,0,0,0
PHY_EDGE_ROW_62_Left_142,1.1399999999999999,88.200000000000003,TAPCELL_X1,1,1,1,0,0,0,0
PHY_EDGE_ROW_63_Left_143,1.1399999999999999,89.599999999999994,TAPCELL_X1,1,1,1,0,0,0,0
PHY_EDGE_ROW_64_Left_144,1.1399999999999999,91,TAPCELL_X1,1,1,1,0,0,0,0
PHY_EDGE_ROW_65_Left_145,1.1399999999999999,92.400000000000006,TAPCELL_X1,1,1,1,0,0,0,0
PHY_EDGE_ROW_66_Left_146,1.1399999999999999,93.799999999999997,TAPCELL_X1,1,1,1,0,0,0,0
PHY_EDGE_ROW_67_Left_147,1.1399999999999999,95.200000000000003,TAPCELL_X1,1,1,1,0,0,0,0
PHY_EDGE_ROW_68_Left_148,1.1399999999999999,96.599999999999994,TAPCELL_X1,1,1,1,0,0,0,0
PHY_EDGE_ROW_69_Left_149,1.1399999999999999,98,TAPCELL_X1,1,1,1,0,0,0,0
PHY_EDGE_ROW_70_Left_150,1.1399999999999999,99.400000000000006,TAPCELL_X1,1,1,1,0,0,0,0
PHY_EDGE_ROW_71_Left_151,1.1399999999999999,100.8,TAPCELL_X1,1,1,1,0,0,0,0
PHY_EDGE_ROW_72_Left_152,1.1399999999999999,102.2,TAPCELL_X1,1,1,1,0,0,0,0
PHY_EDGE_ROW_73_Left_153,1.1399999999999999,103.59999999999999,TAPCELL_X1,1,1,1,0,0,0,0
PHY_EDGE_ROW_74_Left_154,1.1399999999999999,105,TAPCELL_X1,1,1,1,0,0,0,0
PHY_EDGE_ROW_75_Left_155,1.1399999999999999,106.40000000000001,TAPCELL_X1,1,1,1,0,0,0,0
PHY_EDGE_ROW_76_Left_156,1.1399999999999999,107.8,TAPCELL_X1,1,1,1,0,0,0,0
PHY_EDGE_ROW_77_Left_157,1.1399999999999999,109.2,TAPCELL_X1,1,1,1,0,0,0,0
PHY_EDGE_ROW_78_Left_158,1.1399999999999999,110.59999999999999,TAPCELL_X1,1,1,1,0,0,0,0
PHY_EDGE_ROW_79_Left_159,1.1399999999999999,112,TAPCELL_X1,1,1,1,0,0,0,0
input1,3.6099999999999999,56,BUF_X1,0,1,1,0,0,2.1438246733396227e-08,2.1438246733396227e-08
input2,16.91,1.3999999999999999,BUF_X1,0,1,1,0,0,2.1438246733396227e-08,2.1438246733396227e-08
input3,14.44,4.2000000000000002,BUF_X1,0,1,1,0,0,2.1438246733396227e-08,2.1438246733396227e-08
input4,11.210000000000001,1.3999999999999999,BUF_X1,0,1,1,0,0,2.1438246733396227e-08,2.1438246733396227e-08
input5,18.050000000000001,4.2000000000000002,BUF_X1,0,1,1,0,0,2.1438246733396227e-08,2.1438246733396227e-08
input6,12.92,36.399999999999999,BUF_X1,0,1,1,0,0,2.1438246733396227e-08,2.1438246733396227e-08
input7,2.8500000000000001,36.399999999999999,BUF_X1,0,1,1,0,0,2.1438246733396227e-08,2.1438246733396227e-08
input8,1.3300000000000001,44.799999999999997,BUF_X1,0,1,1,0,0,2.1438246733396227e-08,2.1438246733396227e-08
input9,1.8999999999999999,53.200000000000003,BUF_X1,0,1,1,0,0,2.1438246733396227e-08,2.1438246733396227e-08
input10,3.23,60.200000000000003,BUF_X1,0,1,1,0,0,2.1438246733396227e-08,2.1438246733396227e-08
input11,72.959999999999994,112,BUF_X1,0,1,1,0,0,2.1438246733396227e-08,2.1438246733396227e-08
input12,5.5099999999999998,54.600000000000001,BUF_X1,0,1,1,0,0,2.1438246733396227e-08,2.1438246733396227e-08
input13,2.4700000000000002,70,BUF_X1,0,1,1,0,0,2.1438246733396227e-08,2.1438246733396227e-08
input14,6.6500000000000004,77,BUF_X1,0,1,1,0,0,2.1438246733396227e-08,2.1438246733396227e-08
input15,7.0300000000000002,71.400000000000006,BUF_X1,0,1,1,0,0,2.1438246733396227e-08,2.1438246733396227e-08
input16,64.599999999999994,112,BUF_X1,0,1,1,0,0,2.1438246733396227e-08,2.1438246733396227e-08
input17,65.739999999999995,112,BUF_X1,0,1,1,0,0,2.1438246733396227e-08,2.1438246733396227e-08
input18,61.560000000000002,106.40000000000001,BUF_X1,0,1,1,0,0,2.1438246733396227e-08,2.1438246733396227e-08
input19,56.619999999999997,112,BUF_X1,0,1,1,0,0,2.1438246733396227e-08,2.1438246733396227e-08
input20,42.18,112,BUF_X1,0,1,1,0,0,2.1438246733396227e-08,2.1438246733396227e-08
input21,7.2199999999999998,79.799999999999997,BUF_X1,0,1,1,0,0,2.1438246733396227e-08,2.1438246733396227e-08
input22,6.0800000000000001,77,BUF_X1,0,1,1,0,0,2.1438246733396227e-08,2.1438246733396227e-08
input23,2.0899999999999999,50.399999999999999,BUF_X1,0,1,1,0,0,2.1438246733396227e-08,2.1438246733396227e-08
input24,3.9900000000000002,81.200000000000003,BUF_X1,0,1,1,0,0,2.1438246733396227e-08,2.1438246733396227e-08
input25,2.4700000000000002,77,BUF_X1,0,1,1,0,0,2.1438246733396227e-08,2.1438246733396227e-08
input26,4.1799999999999997,47.600000000000001,BUF_X1,0,1,1,0,0,2.1438246733396227e-08,2.1438246733396227e-08
input27,7.2199999999999998,39.200000000000003,BUF_X1,0,1,1,0,0,2.1438246733396227e-08,2.1438246733396227e-08
input28,5.3200000000000003,37.799999999999997,BUF_X1,0,1,1,0,0,2.1438246733396227e-08,2.1438246733396227e-08
input29,4.9400000000000004,35,BUF_X1,0,1,1,0,0,2.1438246733396227e-08,2.1438246733396227e-08
input30,3.04,33.600000000000001,BUF_X1,0,1,1,0,0,2.1438246733396227e-08,2.1438246733396227e-08
input31,12.16,35,BUF_X1,0,1,1,0,0,2.1438246733396227e-08,2.1438246733396227e-08
input32,18.620000000000001,1.3999999999999999,BUF_X1,0,1,1,0,0,2.1438246733396227e-08,2.1438246733396227e-08
input33,102.59999999999999,112,CLKBUF_X3,0,1,1,0,0,2.4594887904072493e-08,2.4594887904072493e-08
input34,54.530000000000001,2.7999999999999998,BUF_X1,0,1,1,5.5718356151146509e-08,3.6754506993474934e-08,2.1438246733396227e-08,1.1391110987801767e-07
output35,53.960000000000001,2.7999999999999998,BUF_X1,0,1,1,5.2363645863806596e-08,6.4674083866123055e-09,2.1438246733396227e-08,8.0269300983815128e-08
output36,54.909999999999997,8.4000000000000004,BUF_X1,0,1,1,5.3404228594899905e-08,1.3452018166049129e-08,2.1438246733396227e-08,8.8294493494345261e-08
output37,63.460000000000001,1.3999999999999999,BUF_X1,0,1,1,5.1933810141235881e-08,2.7541815494913635e-09,2.1438246733396227e-08,7.6126238424123471e-08
output38,71.439999999999998,2.7999999999999998,BUF_X1,0,1,1,5.1903249698170839e-08,3.5292846423118363e-09,2.1438246733396227e-08,7.6870781073878902e-08
output39,74.670000000000002,1.3999999999999999,BUF_X1,0,1,1,5.2280036300089705e-08,2.7388968870667441e-09,2.1438246733396227e-08,7.6457179920552676e-08
output40,75.239999999999995,2.7999999999999998,BUF_X1,0,1,1,5.2955204665749989e-08,6.7735572706340008e-09,2.1438246733396227e-08,8.1167008669780216e-08
output41,103.73999999999999,43.399999999999999,BUF_X1,0,1,1,5.3611312722523508e-08,1.0594641608463462e-08,2.1438246733396227e-08,8.5644201064383196e-08
output42,112.67,37.799999999999997,BUF_X1,0,1,1,5.3123645926689278e-08,9.4516456883297906e-09,2.1438246733396227e-08,8.4013538348415295e-08
output43,102.03,51.799999999999997,BUF_X1,0,1,1,5.3490417428747605e-08,1.3555808919818446e-08,2.1438246733396227e-08,8.8484473081962278e-08
output44,97.469999999999999,58.799999999999997,BUF_X1,0,1,1,5.4445020936100263e-08,2.0297848735140178e-08,2.1438246733396227e-08,9.6181116404636668e-08
output45,8.1699999999999999,64.400000000000006,BUF_X1,0,1,1,5.6499853684499612e-08,1.6706287908618833e-08,2.1438246733396227e-08,9.4644388326514672e-08
output46,2.2799999999999998,61.600000000000001,BUF_X1,0,1,1,5.109120237989373e-08,4.5048933472457975e-09,2.1438246733396227e-08,7.7034342460535754e-08
output47,5.1299999999999999,53.200000000000003,BUF_X1,0,1,1,5.291222393566386e-08,9.0062419744185718e-09,2.1438246733396227e-08,8.3356712643478659e-08
output48,3.04,35,BUF_X1,0,1,1,5.3931586307953694e-08,1.8732036366486682e-08,2.1438246733396227e-08,9.4101869407836602e-08
output49,3.6099999999999999,26.600000000000001,BUF_X1,0,1,1,5.4754814016177988e-08,2.4210883964315144e-08,2.1438246733396227e-08,1.0040394471388936e-07
output50,5.1299999999999999,25.199999999999999,BUF_X1,0,1,1,5.2662048943830087e-08,6.1589493505209703e-09,2.1438246733396227e-08,8.0259245027747284e-08
output51,21.66,1.3999999999999999,BUF_X1,0,1,1,5.2467171940406843e-08,5.9520095518905691e-09,2.1438246733396227e-08,7.9857428225693639e-08
output52,18.050000000000001,1.3999999999999999,BUF_X1,0,1,1,5.2060173061363457e-08,3.9409284724456484e-09,2.1438246733396227e-08,7.7439348267205332e-08
output53,16.34,1.3999999999999999,BUF_X1,0,1,1,5.2684629991972542e-08,1.0125994265308691e-08,2.1438246733396227e-08,8.424887099067746e-08
output54,33.82,1.3999999999999999,BUF_X1,0,1,1,5.1989871963087353e-08,5.0074469015726208e-09,2.1438246733396227e-08,7.8435565598056201e-08
output55,101.65000000000001,28,BUF_X1,0,1,1,5.438561601067704e-08,1.850741782050136e-08,2.1438246733396227e-08,9.4331280564574627e-08
output56,103.36,26.600000000000001,BUF_X1,0,1,1,5.3898201457514006e-08,1.5997036584280977e-08,2.1438246733396227e-08,9.1333484775191209e-08
output57,106.02,33.600000000000001,BUF_X1,0,1,1,5.3080814410577659e-08,1.0462214206086173e-08,2.1438246733396227e-08,8.4981275350060059e-08
output58,105.45,33.600000000000001,BUF_X1,0,1,1,5.3031559588134769e-08,9.7625143524737723e-09,2.1438246733396227e-08,8.4232320674004768e-08
output59,97.659999999999997,37.799999999999997,BUF_X1,0,1,1,5.455038376567245e-08,2.1356969526209468e-08,2.1438246733396227e-08,9.7345600025278145e-08
output60,100.31999999999999,39.200000000000003,BUF_X1,0,1,1,5.3963738366746838e-08,1.6919551981686709e-08,2.1438246733396227e-08,9.2321537081829774e-08
output61,101.65000000000001,39.200000000000003,BUF_X1,0,1,1,5.4312867092676242e-08,1.9472237156037409e-08,2.1438246733396227e-08,9.5223350982109878e-08
output62,110.2,44.799999999999997,BUF_X1,0,1,1,5.2633915004207665e-08,7.4048420728445308e-09,2.1438246733396227e-08,8.1477003810448423e-08
output63,102.98,49,BUF_X1,0,1,1,5.3103011765642805e-08,1.1153480805603522e-08,2.1438246733396227e-08,8.5694739304642553e-08
output64,103.55,61.600000000000001,BUF_X1,0,1,1,5.3120214005275557e-08,1.0787931437050702e-08,2.1438246733396227e-08,8.5346392175722485e-08
output65,106.02,67.200000000000003,BUF_X1,0,1,1,5.3314664683057345e-08,1.1984767844808175e-08,2.1438246733396227e-08,8.6737679261261746e-08
output66,103.17,64.400000000000006,BUF_X1,0,1,1,5.3433009128411868e-08,1.3055878156364997e-08,2.1438246733396227e-08,8.7927134018173092e-08
output67,97.659999999999997,82.599999999999994,BUF_X1,0,1,1,5.556022131258942e-08,1.5434137523584468e-08,2.1438246733396227e-08,9.2432605569570114e-08
output68,96.519999999999996,85.400000000000006,BUF_X1,0,1,1,4.8429853904963238e-08,1.7661262674550926e-08,2.1438246733396227e-08,8.7529363312910391e-08
output69,83.980000000000004,106.40000000000001,BUF_X1,0,1,1,4.8234458205342889e-08,1.5973753875186958e-08,2.1438246733396227e-08,8.5646458813926074e-08
output70,89.109999999999999,110.59999999999999,BUF_X1,0,1,1,4.6978815504417071e-08,6.4284924050639347e-09,2.1438246733396227e-08,7.4845554642877232e-08
output71,86.069999999999993,105,BUF_X1,0,1,1,4.7806725689270024e-08,1.3651479058296445e-08,2.1438246733396227e-08,8.2896451480962696e-08
output72,72.579999999999998,110.59999999999999,BUF_X1,0,1,1,4.6532779407471025e-08,4.417831878100742e-09,2.1438246733396227e-08,7.2388858018967994e-08
output73,60.799999999999997,109.2,BUF_X1,0,1,1,4.7054779628297183e-08,7.1984338489983202e-09,2.1438246733396227e-08,7.569146021069173e-08
output74,53.960000000000001,112,BUF_X1,0,1,1,4.645537288183732e-08,2.9869045015118445e-09,2.1438246733396227e-08,7.0880524116745391e-08
output75,47.5,110.59999999999999,BUF_X1,0,1,1,4.6707043566129869e-08,4.4971826262951708e-09,2.1438246733396227e-08,7.2642472925821266e-08
output76,44.460000000000001,110.59999999999999,BUF_X1,0,1,1,4.6507128814710086e-08,4.1594034883019049e-09,2.1438246733396227e-08,7.2104779036408218e-08
output77,41.990000000000002,110.59999999999999,BUF_X1,0,1,1,4.651751339679322e-08,4.2566510316532913e-09,2.1438246733396227e-08,7.2212411161842738e-08
output78,39.140000000000001,112,BUF_X1,0,1,1,4.85249813664268e-08,1.9696093644938628e-09,2.1438246733396227e-08,7.193283746431689e-08
output79,35.909999999999997,110.59999999999999,BUF_X1,0,1,1,4.6647979701219811e-08,5.0503086157505095e-09,2.1438246733396227e-08,7.3136535050366547e-08
output80,5.7000000000000002,68.599999999999994,BUF_X1,0,1,1,5.0614705315865649e-08,1.4307339313290868e-08,2.1438246733396227e-08,8.6360291362552744e-08
output81,1.3300000000000001,36.399999999999999,BUF_X1,0,1,1,4.7349171694577308e-08,5.856206630738825e-09,2.1438246733396227e-08,7.464362505871236e-08
output82,27.739999999999998,1.3999999999999999,BUF_X1,0,1,1,5.1707420567481677e-08,3.8062379914549638e-09,2.1438246733396227e-08,7.6951905292332867e-08
output83,26.789999999999999,5.5999999999999996,BUF_X1,0,1,1,5.253115631376204e-08,1.0142587214545529e-08,2.1438246733396227e-08,8.4111990261703795e-08
output84,24.129999999999999,1.3999999999999999,BUF_X1,0,1,1,5.2012193663131256e-08,6.2361582564562923e-09,2.1438246733396227e-08,7.9686598652983776e-08
output85,23.559999999999999,1.3999999999999999,BUF_X1,0,1,1,5.2573170705727534e-08,7.7247914731515266e-09,2.1438246733396227e-08,8.1736208912275288e-08
output86,3.9900000000000002,82.599999999999994,BUF_X1,0,1,1,5.3999556826056505e-08,4.9643649191466466e-09,2.1438246733396227e-08,8.0402168478599378e-08
output87,2.6600000000000001,50.399999999999999,BUF_X1,0,1,1,5.2210296530574851e-08,7.1294516956754705e-09,2.1438246733396227e-08,8.0777994959646549e-08
output88,27.550000000000001,110.59999999999999,BUF_X1,0,1,1,4.7276813575081178e-08,6.4190217585746723e-09,2.1438246733396227e-08,7.5134082067052077e-08
output89,24.129999999999999,112,BUF_X1,0,1,1,5.9930833629096014e-08,9.1367212462500902e-08,2.1438246733396227e-08,1.7273629282499314e-07
place229,51.869999999999997,92.400000000000006,BUF_X1,0,1,1,7.9414796516630304e-08,4.1489343516332156e-07,2.1438246733396227e-08,5.1574647841334809e-07
place230,30.59,72.799999999999997,BUF_X1,0,1,1,2.4316209490393703e-08,2.4188153702198179e-07,2.1438246733396227e-08,2.8763599324577172e-07
place232,28.120000000000001,75.599999999999994,BUF_X1,0,1,1,5.1259680944326647e-09,3.358269395903335e-08,2.1438246733396227e-08,6.0146908786862241e-08
place234,55.670000000000002,82.599999999999994,BUF_X1,0,1,1,8.5200524413409084e-10,6.4406999733535031e-09,2.1438246733396227e-08,2.8730951950883821e-08
place235,46.549999999999997,74.200000000000003,BUF_X1,0,1,1,7.5362943663392912e-10,6.0916822697265616e-09,2.1438246733396227e-08,2.8283558439756717e-08
place238,37.240000000000002,75.599999999999994,BUF_X1,0,1,1,8.0829021253947531e-10,6.3766156799260898e-09,2.1438246733396227e-08,2.8623152625861792e-08
place240,32.869999999999997,46.200000000000003,BUF_X1,0,1,1,1.4489309307919029e-08,1.1287826140460311e-07,2.1438246733396227e-08,1.4880581744591836e-07
place242,32.109999999999999,78.400000000000006,BUF_X1,0,1,1,1.4983456253503391e-08,1.3167480972242629e-07,2.1438246733396227e-08,1.6809651270932591e-07
place246,56.049999999999997,67.200000000000003,BUF_X2,0,1,1,1.3687488831237715e-07,6.3779981473999214e-07,4.306081891058966e-08,8.1773552196295896e-07
place247,48.640000000000001,102.2,BUF_X2,0,1,1,1.1383792519747971e-10,7.4995287757673168e-10,4.306081891058966e-08,4.3924609713363871e-08
place248,40.280000000000001,65.799999999999997,BUF_X1,0,1,1,2.879016192114392e-10,2.6575153189156708e-09,2.1438246733396227e-08,2.4383663671523337e-08
place250,39.140000000000001,64.400000000000006,BUF_X1,0,1,1,5.758744592299081e-09,5.2253973592542025e-08,2.1438246733396227e-08,7.9450964918237332e-08
place251,77.900000000000006,85.400000000000006,BUF_X1,0,1,1,5.2531834882074691e-08,4.5523626113208593e-07,2.1438246733396227e-08,5.2920634274755685e-07
place253,31.920000000000002,77,BUF_X1,0,1,1,8.9357099497533454e-09,8.0248014455719385e-08,2.1438246733396227e-08,1.1062197113886896e-07
place256,36.859999999999999,53.200000000000003,BUF_X1,0,1,1,3.1573814673890865e-09,1.5866989500068485e-08,2.1438246733396227e-08,4.0462617700853798e-08
place257,65.930000000000007,47.600000000000001,BUF_X1,0,1,1,3.6326108787676503e-09,2.8967782839117717e-08,2.1438246733396227e-08,5.4038640451281594e-08
place262,35.530000000000001,58.799999999999997,BUF_X1,0,1,1,2.8417204145370079e-09,3.0080368418339276e-08,2.1438246733396227e-08,5.4360335566272511e-08
place265,61.939999999999998,50.399999999999999,BUF_X1,0,1,1,5.457858165414109e-08,3.3505216379126068e-07,2.1438246733396227e-08,4.11068992178798e-07
place266,74.099999999999994,67.200000000000003,BUF_X1,0,1,1,9.885487628480405e-08,4.2309207515245362e-07,2.1438246733396227e-08,5.4338519817065389e-07
place269,49.590000000000003,75.599999999999994,BUF_X1,0,1,1,4.0098914411146325e-08,2.1557902130098228e-07,2.1438246733396227e-08,2.7711618244552483e-07
place273,29.640000000000001,64.400000000000006,BUF_X1,0,1,1,3.35961090058845e-08,2.10667124633801e-07,2.1438246733396227e-08,2.6570148037308172e-07
place276,61.939999999999998,54.600000000000001,BUF_X1,0,1,1,7.9198642310984724e-08,5.6211263199656969e-07,2.1438246733396227e-08,6.6274952104095064e-07
place282,68.590000000000003,70,BUF_X1,0,1,1,7.6581031294153945e-08,3.7338392644414853e-07,2.1438246733396227e-08,4.714032044716987e-07
place284,46.549999999999997,46.200000000000003,BUF_X1,0,1,1,1.1564258528551363e-07,8.2623250818869565e-07,2.1438246733396227e-08,9.6331334020760551e-07
place283,55.289999999999999,71.400000000000006,BUF_X2,0,1,1,1.3146024002708145e-07,1.1933708492506412e-06,4.306081891058966e-08,1.3678919081883123e-06
place285,49.399999999999999,63,BUF_X1,0,1,1,1.1675668787347604e-07,6.5729324205676676e-07,2.1438246733396227e-08,7.9548817666363902e-07
place290,50.159999999999997,77,BUF_X1,0,1,1,8.9135710368282162e-08,4.4907548613082326e-07,2.1438246733396227e-08,5.5964944323250165e-07
place292,81.319999999999993,14,BUF_X1,0,1,1,6.4488418161090522e-08,4.4167225610181049e-07,2.1438246733396227e-08,5.2759892099629724e-07
place293,72.579999999999998,49,BUF_X1,0,1,1,5.4613035871398097e-08,3.6890770616082591e-07,2.1438246733396227e-08,4.4495898876562023e-07
place295,82.650000000000006,25.199999999999999,BUF_X1,0,1,1,6.7022781990999647e-08,4.8614435854688054e-07,2.1438246733396227e-08,5.7460538727127641e-07
place296,63.649999999999999,12.6,BUF_X1,0,1,1,5.9151378906108221e-08,4.5788249281031312e-07,2.1438246733396227e-08,5.3847211844981757e-07
place298,30.210000000000001,9.8000000000000007,BUF_X1,0,1,1,6.0456009975951019e-08,4.5622124389410601e-07,2.1438246733396227e-08,5.3811550060345326e-07
place300,65.739999999999995,5.5999999999999996,BUF_X1,0,1,1,6.0761806253140094e-08,4.6755124571973283e-07,2.1438246733396227e-08,5.4975129870626915e-07
place302,9.8800000000000008,29.399999999999999,BUF_X1,0,1,1,1.0610946787892317e-07,5.898143626836827e-07,2.1438246733396227e-08,7.173620772960021e-07
place305,29.260000000000002,82.599999999999994,BUF_X1,0,1,1,6.6297459966335737e-08,1.9404885165386077e-07,2.1438246733396227e-08,2.8178455835359273e-07
place307,36.670000000000002,68.599999999999994,BUF_X1,0,1,1,1.0101965841613492e-07,1.1083291155955521e-06,2.1438246733396227e-08,1.2307870207450833e-06
place309,11.59,61.600000000000001,BUF_X1,0,1,1,1.0214117907025866e-07,5.7684349030751036e-07,2.1438246733396227e-08,7.0042291611116525e-07
place320,12.16,33.600000000000001,BUF_X1,0,1,1,8.7615781296790374e-08,5.8180256701234612e-07,2.1438246733396227e-08,6.9085659504253272e-07
place316,34.579999999999998,68.599999999999994,BUF_X1,0,1,1,4.7837367844749679e-08,3.0487564117720467e-07,2.1438246733396227e-08,3.7415125575535058e-07
place318,60.420000000000002,50.399999999999999,BUF_X2,0,1,1,9.4306081166450895e-08,4.4549594235832046e-07,4.306081891058966e-08,5.8286284243536102e-07
place319,28.120000000000001,60.200000000000003,BUF_X1,0,1,1,4.2090981366982305e-08,3.0082384228080628e-07,2.1438246733396227e-08,3.6435307038118481e-07
place322,12.16,42,BUF_X1,0,1,1,1.0371437753065038e-07,7.9384278706129408e-07,2.1438246733396227e-08,9.1899541132534068e-07
place326,9.6899999999999995,77,BUF_X1,0,1,1,6.2463463734729885e-08,4.5967800588186947e-07,2.1438246733396227e-08,5.4357971634999558e-07
place334,13.68,72.799999999999997,BUF_X1,0,1,1,6.2454084570617852e-08,4.1451664856140269e-07,2.1438246733396227e-08,4.9840897986541677e-07
place335,18.620000000000001,81.200000000000003,BUF_X2,0,1,1,0,0,3.8811297287111302e-08,3.8811297287111302e-08
clkbuf_leaf_5_CK,42.560000000000002,60.200000000000003,CLKBUF_X3,0,1,1,1.0433424222355825e-06,1.5828834420972271e-06,3.0558215513565301e-08,2.6567840798463749e-06
place237,36.100000000000001,60.200000000000003,BUF_X2,0,1,1,1.1019371526366228e-10,7.5842465641073886e-10,4.306081891058966e-08,4.3929437282264061e-08
place236,41.609999999999999,36.399999999999999,BUF_X1,0,1,1,1.0889047885598302e-08,5.7002239373105112e-08,2.1438246733396227e-08,8.9329533992099641e-08
place249,56.810000000000002,67.200000000000003,BUF_X2,0,1,1,2.4395752085126787e-09,1.2637987545360829e-08,4.306081891058966e-08,5.8138381664463168e-08
place228,43.700000000000003,105,BUF_X1,0,1,1,5.873240027653992e-08,4.60980118077714e-07,2.1438246733396227e-08,5.4115076508765014e-07
place243,60.990000000000002,23.800000000000001,BUF_X1,0,1,1,7.3633859010158176e-09,5.0811461704824978e-08,2.1438246733396227e-08,7.9613094339237023e-08
place252,73.340000000000003,84,BUF_X1,0,1,1,5.4382837788580218e-08,3.8235390320551232e-07,2.1438246733396227e-08,4.5817498772748877e-07
place258,64.030000000000001,64.400000000000006,BUF_X1,0,1,1,5.5105097374053003e-08,4.1841295228550734e-07,2.1438246733396227e-08,4.9495629639295657e-07
place260,60.229999999999997,72.799999999999997,BUF_X1,0,1,1,4.8816847453281298e-08,4.4297254930825147e-07,2.1438246733396227e-08,5.13227643494929e-07
place261,24.32,23.800000000000001,BUF_X1,0,1,1,6.6065261705716694e-08,4.7366728495035204e-07,2.1438246733396227e-08,5.6117079338946496e-07
place264,28.120000000000001,36.399999999999999,BUF_X1,0,1,1,6.7249573021399556e-08,5.3855978876526933e-07,2.1438246733396227e-08,6.2724760852006511e-07
place268,42.369999999999997,56,BUF_X1,0,1,1,6.5575370911119535e-08,6.3780476011743303e-07,2.1438246733396227e-08,7.248183777619488e-07
place272,40.469999999999999,58.799999999999997,BUF_X1,0,1,1,3.8431700488672504e-08,4.5053587882648571e-07,2.1438246733396227e-08,5.1040582604855445e-07
place277,65.359999999999999,43.399999999999999,BUF_X1,0,1,1,8.137924112361361e-08,5.2045260190425324e-07,2.1438246733396227e-08,6.2327008976126308e-07
place278,49.020000000000003,75.599999999999994,BUF_X1,0,1,1,1.1857724757646793e-07,1.0842890105777769e-06,2.1438246733396227e-08,1.2243045048876411e-06
place280,79.609999999999999,64.400000000000006,BUF_X2,0,1,1,1.896556938163485e-07,1.2950165455549723e-06,4.306081891058966e-08,1.5277330582819104e-06
place286,80.180000000000007,89.599999999999994,BUF_X1,0,1,1,6.1813634211205226e-09,5.52714425339218e-08,2.1438246733396227e-08,8.2891052688438549e-08
place287,34.770000000000003,70,BUF_X1,0,1,1,4.2624183294037721e-08,3.3976576219174603e-07,2.1438246733396227e-08,4.0382819221917998e-07
place288,46.93,79.799999999999997,BUF_X1,0,1,1,9.2344571100966277e-08,7.6877245192008559e-07,2.1438246733396227e-08,8.8255526975444809e-07
place294,83.030000000000001,37.799999999999997,BUF_X1,0,1,1,6.0917138000604609e-08,4.8624104920236277e-07,2.1438246733396227e-08,5.6859643393636361e-07
place297,24.129999999999999,19.600000000000001,BUF_X1,0,1,1,6.4863691306982219e-08,4.195916005755862e-07,2.1438246733396227e-08,5.0589353861596464e-07
place299,35.530000000000001,15.4,BUF_X1,0,1,1,6.176649947065016e-08,4.1367735548192286e-07,2.1438246733396227e-08,4.9688210168596925e-07
place301,25.27,68.599999999999994,BUF_X1,0,1,1,5.9574428945552427e-08,5.232201374383294e-07,2.1438246733396227e-08,6.0423281311727806e-07
place314,36.100000000000001,53.200000000000003,BUF_X2,0,1,1,2.0077519025107904e-07,1.3131650575815002e-06,4.306081891058966e-08,1.5570010667431688e-06
place317,28.5,39.200000000000003,BUF_X1,0,1,1,4.7798401681120595e-08,3.2206682476498827e-07,2.1438246733396227e-08,3.9130347317950509e-07
place324,36.670000000000002,50.399999999999999,BUF_X1,0,1,1,5.4417419903529662e-08,5.1319267413418856e-07,2.1438246733396227e-08,5.8904834077111445e-07
place325,17.100000000000001,58.799999999999997,BUF_X1,0,1,1,4.1641452952489999e-08,1.4278352011842799e-07,2.1438246733396227e-08,2.0586321980431421e-07
place327,12.16,75.599999999999994,BUF_X1,0,1,1,6.1061538048079456e-09,3.997918085474339e-08,2.1438246733396227e-08,6.7523581392947563e-08
place329,9.3100000000000005,14,BUF_X1,0,1,1,6.4691924706039572e-08,6.0558477343874983e-07,2.1438246733396227e-08,6.9171494487818563e-07
place332,29.07,56,BUF_X1,0,1,1,6.7412607052119711e-08,3.6896327060276235e-07,2.1438246733396227e-08,4.5781412438827829e-07
clkbuf_leaf_0_CK,18.809999999999999,30.800000000000001,CLKBUF_X3,0,1,1,1.0358951385569526e-06,1.319332909588411e-06,3.0558215513565301e-08,2.3857862636589289e-06
clkbuf_leaf_1_CK,7.0300000000000002,36.399999999999999,CLKBUF_X3,0,1,1,1.0270986194882425e-06,1.1470692697912455e-06,3.0558215513565301e-08,2.2047261047930533e-06
clkbuf_leaf_4_CK,31.16,36.399999999999999,CLKBUF_X3,0,1,1,1.0294114645148511e-06,1.1930864047826617e-06,3.0558215513565301e-08,2.2530560848110781e-06
clkbuf_leaf_3_CK,14.06,49,CLKBUF_X3,0,1,1,1.039205699271406e-06,1.4088570878811879e-06,3.0558215513565301e-08,2.4786210026661593e-06
clkbuf_leaf_2_CK,10.07,44.799999999999997,CLKBUF_X3,0,1,1,1.028406472869392e-06,1.1725153399311239e-06,3.0558215513565301e-08,2.2314800283140812e-06
place254,47.119999999999997,74.200000000000003,BUF_X1,0,1,1,5.1186738403430354e-08,2.9954429692224949e-07,2.1438246733396227e-08,3.7216928205907607e-07
place275,76,53.200000000000003,BUF_X1,0,1,1,5.8103086786331914e-08,3.9275818153328146e-07,2.1438246733396227e-08,4.722995150530096e-07
place304,28.309999999999999,71.400000000000006,BUF_X1,0,1,1,4.5760373268421972e-08,4.3173275798835675e-07,2.1438246733396227e-08,4.9893137799017495e-07
place311,10.26,30.800000000000001,BUF_X1,0,1,1,1.0507536529757999e-07,6.9792440626770258e-07,2.1438246733396227e-08,8.244380182986788e-07
place312,31.73,67.200000000000003,BUF_X1,0,1,1,1.0310809983593572e-07,5.7415536502958275e-07,2.1438246733396227e-08,6.987017115989147e-07
place315,39.520000000000003,54.600000000000001,BUF_X2,0,1,1,1.7023175757913123e-07,1.1648535291897133e-06,4.306081891058966e-08,1.3781461056794342e-06
place323,29.829999999999998,63,BUF_X2,0,1,1,1.0751334400538326e-07,6.327455821519834e-07,4.306081891058966e-08,7.8331974506795632e-07
place226,74.859999999999999,54.600000000000001,BUF_X1,0,1,1,1.5348048165719774e-08,3.9177432853421124e-08,2.1438246733396227e-08,7.5963727752537125e-08
place227,36.859999999999999,99.400000000000006,BUF_X1,0,1,1,6.0708785554197675e-08,4.2578008674354351e-07,2.1438246733396227e-08,5.0792711903113741e-07
place231,41.799999999999997,99.400000000000006,BUF_X1,0,1,1,2.434551049645961e-08,2.6846916512113239e-07,2.1438246733396227e-08,3.1425292235098823e-07
place233,57.57,75.599999999999994,BUF_X1,0,1,1,5.1712754078891976e-09,4.4717086922219096e-08,2.1438246733396227e-08,7.132660906350452e-08
place239,46.93,67.200000000000003,BUF_X1,0,1,1,8.6935275644961507e-10,7.6982624719335035e-09,2.1438246733396227e-08,3.0005861961779345e-08
place241,70.299999999999997,71.400000000000006,BUF_X1,0,1,1,1.454804099410012e-08,1.2504416702086019e-07,2.1438246733396227e-08,1.6103045474835653e-07
place244,53.579999999999998,61.600000000000001,BUF_X1,0,1,1,7.699389570348103e-09,2.0602769268407428e-08,2.1438246733396227e-08,4.9740405572151758e-08
place245,55.100000000000001,21,BUF_X1,0,1,1,1.055279597039771e-08,7.6890685818398197e-08,2.1438246733396227e-08,1.0888172852219213e-07
place255,84.930000000000007,49,BUF_X1,0,1,1,2.8515456662603356e-09,2.8577156641063084e-08,2.1438246733396227e-08,5.2866949040719646e-08
place259,79.799999999999997,50.399999999999999,BUF_X1,0,1,1,6.1622543512385164e-08,2.5626124511290982e-07,2.1438246733396227e-08,3.3932203535869121e-07
place263,47.119999999999997,78.400000000000006,BUF_X1,0,1,1,9.6948717498435144e-08,7.2192710831586737e-07,2.1438246733396227e-08,8.4031407254769874e-07
place267,38.189999999999998,61.600000000000001,BUF_X1,0,1,1,4.0877765172808722e-08,4.7439266381843481e-07,2.1438246733396227e-08,5.3670867572463976e-07
place270,53.009999999999998,84,BUF_X1,0,1,1,7.871999230246729e-08,4.7293650595747749e-07,2.1438246733396227e-08,5.7309474499334101e-07
place271,40.659999999999997,63,BUF_X1,0,1,1,2.2952479028504058e-08,2.6824361043509271e-07,2.1438246733396227e-08,3.1263433619699299e-07
place274,32.869999999999997,72.799999999999997,BUF_X1,0,1,1,4.9763311693595824e-08,3.839589339804661e-07,2.1438246733396227e-08,4.5516049240745815e-07
place279,39.329999999999998,77,BUF_X1,0,1,1,1.0380724546621423e-07,1.040795154949592e-06,2.1438246733396227e-08,1.1660406471492024e-06
place281,45.979999999999997,68.599999999999994,BUF_X1,0,1,1,8.8517971619239688e-08,7.0243089567156858e-07,2.1438246733396227e-08,8.1238711402420449e-07
place289,71.060000000000002,30.800000000000001,BUF_X1,0,1,1,9.301376024950514e-08,9.4515576165576931e-07,2.1438246733396227e-08,1.0596077686386707e-06
place291,31.539999999999999,71.400000000000006,BUF_X2,0,1,1,1.3494701534000342e-07,1.1406845032979618e-06,4.306081891058966e-08,1.3186923375485549e-06
place303,4.3700000000000001,51.799999999999997,BUF_X1,0,1,1,1.0408148654050819e-07,7.5614548222802114e-07,2.1438246733396227e-08,8.8166521550192556e-07
place306,30.780000000000001,84,BUF_X1,0,1,1,5.6177697160819662e-08,1.9795433559011144e-07,2.1438246733396227e-08,2.7557027948432733e-07
place308,31.16,72.799999999999997,BUF_X1,0,1,1,1.022105351466962e-07,7.3174305725842714e-07,2.1438246733396227e-08,8.5539183913851957e-07
place310,22.039999999999999,35,BUF_X1,0,1,1,1.0673162620378207e-07,6.7402731929178117e-07,2.1438246733396227e-08,8.0219719222895947e-07
place313,26.789999999999999,82.599999999999994,BUF_X1,0,1,1,1.0318861853875205e-07,7.2974307840922847e-07,2.1438246733396227e-08,8.5436994368137675e-07
place321,10.07,33.600000000000001,BUF_X1,0,1,1,8.8119378460760345e-08,4.7863107965895324e-07,2.1438246733396227e-08,5.8818870485310981e-07
place328,4.1799999999999997,44.799999999999997,BUF_X1,0,1,1,3.5592179870036489e-08,1.1398451249533537e-07,2.1438246733396227e-08,1.7101493909876808e-07
place330,22.609999999999999,72.799999999999997,BUF_X2,0,1,1,1.3030641810019006e-07,7.982655461091781e-07,4.306081891058966e-08,9.7163278311995782e-07
place331,76.379999999999995,98,BUF_X1,0,1,1,6.5478737099056161e-08,4.9436442850492313e-07,2.1438246733396227e-08,5.8128141233737551e-07
place333,31.16,60.200000000000003,BUF_X1,0,1,1,6.7492138100533339e-08,3.5872099601874652e-07,2.1438246733396227e-08,4.4765138085267608e-07
place336,19.57,84,BUF_X1,0,1,1,0,0,1.9283802998870669e-08,1.9283802998870669e-08
place337,24.699999999999999,33.600000000000001,BUF_X1,0,1,1,0,0,1.9283802998870669e-08,1.9283802998870669e-08
place338,23.75,54.600000000000001,BUF_X2,0,1,1,0,0,3.8811297287111302e-08,3.8811297287111302e-08
place339,41.039999999999999,102.2,BUF_X2,0,1,1,0,0,3.8811297287111302e-08,3.8811297287111302e-08
place340,75.620000000000005,99.400000000000006,BUF_X2,0,1,1,0,0,3.8811297287111302e-08,3.8811297287111302e-08
place341,62.700000000000003,9.8000000000000007,BUF_X1,0,1,1,0,0,1.9283802998870669e-08,1.9283802998870669e-08
place342,97.849999999999994,61.600000000000001,BUF_X4,0,1,1,0,0,7.762292852930841e-08,7.762292852930841e-08
clkbuf_leaf_6_CK,24.890000000000001,70,CLKBUF_X3,0,1,1,1.0347366696805693e-06,1.2549139682960231e-06,3.0558215513565301e-08,2.3202088534901577e-06
clkbuf_leaf_7_CK,9.8800000000000008,64.400000000000006,CLKBUF_X3,0,1,1,1.0380528010500711e-06,1.319272882938094e-06,3.0558215513565301e-08,2.3878838995017304e-06
clkbuf_leaf_8_CK,11.210000000000001,75.599999999999994,CLKBUF_X3,0,1,1,1.0327430572942831e-06,1.2146355174991186e-06,3.0558215513565301e-08,2.2779367903069669e-06
clkbuf_leaf_9_CK,20.710000000000001,84,CLKBUF_X3,0,1,1,1.0349348258387181e-06,1.2586476714204764e-06,3.0558215513565301e-08,2.3241407127727598e-06
clkbuf_leaf_10_CK,15.77,91,CLKBUF_X3,0,1,1,1.0294355661244481e-06,1.149349031948077e-06,3.0558215513565301e-08,2.2093428135860904e-06
clkbuf_leaf_11_CK,5.1299999999999999,88.200000000000003,CLKBUF_X3,0,1,1,1.0296095069861622e-06,1.152870936493855e-06,3.0558215513565301e-08,2.2130386589935824e-06
clkbuf_leaf_12_CK,9.5,99.400000000000006,CLKBUF_X3,0,1,1,1.0319585044271662e-06,1.198796667267743e-06,3.0558215513565301e-08,2.2613133872084745e-06
clkbuf_leaf_13_CK,15.77,103.59999999999999,CLKBUF_X3,0,1,1,1.0301341717422474e-06,1.1629180107775028e-06,3.0558215513565301e-08,2.2236103980333155e-06
clkbuf_leaf_14_CK,25.460000000000001,98,CLKBUF_X3,0,1,1,1.0348493333367514e-06,1.2571604202094022e-06,3.0558215513565301e-08,2.322567969059719e-06
clkbuf_leaf_15_CK,28.690000000000001,91,CLKBUF_X3,0,1,1,1.0381687616245472e-06,1.322690195593168e-06,3.0558215513565301e-08,2.3914171727312805e-06
clkbuf_leaf_16_CK,37.049999999999997,106.40000000000001,CLKBUF_X3,0,1,1,1.032192585626035e-06,1.204644718200143e-06,3.0558215513565301e-08,2.2673955193397433e-06
clkbuf_leaf_17_CK,47.689999999999998,103.59999999999999,CLKBUF_X3,0,1,1,1.0381163519923575e-06,1.2382633940433152e-06,3.0558215513565301e-08,2.306937961549238e-06
clkbuf_leaf_18_CK,52.060000000000002,77,CLKBUF_X3,0,1,1,1.0441629001434194e-06,1.3608722611024859e-06,3.0558215513565301e-08,2.4355933767594706e-06
clkbuf_leaf_19_CK,54.149999999999999,61.600000000000001,CLKBUF_X3,0,1,1,1.025756091621588e-06,9.9070246051269351e-07,3.0558215513565301e-08,2.0470167676478468e-06
clkbuf_leaf_20_CK,68.780000000000001,85.400000000000006,CLKBUF_X3,0,1,1,1.0471216000951244e-06,1.5764317140565254e-06,3.0558215513565301e-08,2.6541115296652151e-06
clkbuf_leaf_21_CK,62.130000000000003,107.8,CLKBUF_X3,0,1,1,1.029860300150176e-06,1.0722990282374667e-06,3.0558215513565301e-08,2.132717543901208e-06
clkbuf_leaf_22_CK,73.909999999999997,99.400000000000006,CLKBUF_X3,0,1,1,1.034947104017192e-06,1.1748619499485358e-06,3.0558215513565301e-08,2.2403672694792931e-06
clkbuf_leaf_23_CK,83.790000000000006,93.799999999999997,CLKBUF_X3,0,1,1,1.0362072089264984e-06,1.200224801323202e-06,3.0558215513565301e-08,2.2669902257632657e-06
clkbuf_leaf_24_CK,91.579999999999998,85.400000000000006,CLKBUF_X3,0,1,1,1.0365296247982769e-06,1.2067225725331809e-06,3.0558215513565301e-08,2.2738104128450232e-06
clkbuf_leaf_25_CK,100.51000000000001,60.200000000000003,CLKBUF_X3,0,1,1,1.0331801831853227e-06,1.1386899814169738e-06,3.0558215513565301e-08,2.2024283801158617e-06
clkbuf_leaf_26_CK,85.310000000000002,61.600000000000001,CLKBUF_X3,0,1,1,1.0408920161353308e-06,1.2939476619067136e-06,3.0558215513565301e-08,2.3653978935556097e-06
clkbuf_leaf_27_CK,76,47.600000000000001,CLKBUF_X3,0,1,1,1.0409809192424291e-06,1.5320425745812827e-06,3.0558215513565301e-08,2.6035817093372771e-06
clkbuf_leaf_28_CK,82.079999999999998,37.799999999999997,CLKBUF_X3,0,1,1,1.0247978252664325e-06,1.096705432246381e-06,3.0558215513565301e-08,2.1520614730263787e-06
clkbuf_leaf_29_CK,99.180000000000007,49,CLKBUF_X3,0,1,1,1.0371987855251064e-06,1.3390008462010883e-06,3.0558215513565301e-08,2.4067578472397599e-06
clkbuf_leaf_30_CK,97.849999999999994,35,CLKBUF_X3,0,1,1,1.0368599987486959e-06,1.3324303154149675e-06,3.0558215513565301e-08,2.3998485296772287e-06
clkbuf_leaf_31_CK,93.099999999999994,25.199999999999999,CLKBUF_X3,0,1,1,1.0277916544509935e-06,1.1550689578143647e-06,3.0558215513565301e-08,2.2134188277789235e-06
clkbuf_leaf_32_CK,80.560000000000002,16.800000000000001,CLKBUF_X3,0,1,1,1.0366590004196041e-06,1.3287215097079752e-06,3.0558215513565301e-08,2.3959387256411446e-06
clkbuf_leaf_33_CK,68.969999999999999,11.199999999999999,CLKBUF_X3,0,1,1,1.0360287205912755e-06,1.3164542451704619e-06,3.0558215513565301e-08,2.3830411812753027e-06
clkbuf_leaf_34_CK,55.289999999999999,7,CLKBUF_X3,0,1,1,1.039340077113593e-06,1.3989788385515567e-06,3.0558215513565301e-08,2.468877131178715e-06
clkbuf_leaf_35_CK,44.649999999999999,7,CLKBUF_X3,0,1,1,1.0354237929277588e-06,1.3088005061945296e-06,3.0558215513565301e-08,2.3747825146358537e-06
clkbuf_leaf_36_CK,32.68,8.4000000000000004,CLKBUF_X3,0,1,1,1.0258971769872005e-06,1.1227214145037578e-06,3.0558215513565301e-08,2.1791768070045237e-06
clkbuf_leaf_37_CK,25.27,15.4,CLKBUF_X3,0,1,1,1.0329812312193098e-06,1.2615975037988392e-06,3.0558215513565301e-08,2.3251369505317143e-06
clkbuf_leaf_38_CK,24.890000000000001,5.5999999999999996,CLKBUF_X3,0,1,1,1.0292434353686986e-06,1.1883191746164812e-06,3.0558215513565301e-08,2.248120825498745e-06
clkbuf_leaf_39_CK,13.109999999999999,21,CLKBUF_X3,0,1,1,1.0359414090999053e-06,1.3198389297031099e-06,3.0558215513565301e-08,2.3863385543165805e-06
clkbuf_0_CK,52.82,56,CLKBUF_X3,0,1,1,1.0568459174464806e-06,2.4526300421712222e-06,3.0558215513565301e-08,3.5400341751312681e-06
clkbuf_2_0__f_CK,26.600000000000001,28,CLKBUF_X3,0,1,1,1.0447452041262295e-06,3.7835754937987076e-06,3.0558215513565301e-08,4.8588789134385024e-06
clkbuf_2_1__f_CK,74.670000000000002,29.399999999999999,CLKBUF_X3,0,1,1,1.0447346312503214e-06,3.7858048926864285e-06,3.0558215513565301e-08,4.8610977394503152e-06
clkbuf_2_2__f_CK,24.699999999999999,82.599999999999994,CLKBUF_X3,0,1,1,1.0443146720717777e-06,3.9778051359462552e-06,3.0558215513565301e-08,5.0526780235315982e-06
clkbuf_2_3__f_CK,68.590000000000003,82.599999999999994,CLKBUF_X3,0,1,1,1.043457359628519e-06,4.3655545596266165e-06,3.0558215513565301e-08,5.4395701347687009e-06
clkload0,26.030000000000001,28,INV_X2,0,1,1,4.1218791579922254e-07,0,2.8706374166631576e-08,4.4089428996585411e-07
clkload1,73.719999999999999,29.399999999999999,INV_X4,0,1,1,8.1897650261453236e-07,0,5.7412847809246159e-08,8.7638935042377852e-07
clkload2,71.629999999999995,82.599999999999994,INV_X2,0,1,1,4.3337610122762271e-07,0,2.8706374166631576e-08,4.6208247539425429e-07
clkload3,18.43,30.800000000000001,INV_X1,0,1,1,1.8325326323065383e-07,0,1.4353183530602109e-08,1.9760644676125594e-07
clkload4,5.8899999999999997,36.399999999999999,CLKBUF_X1,0,1,1,3.519277811392385e-07,0,1.1214092765499117e-08,3.6314187390473762e-07
clkload5,10.83,47.600000000000001,CLKBUF_X1,0,1,1,3.5195100167584314e-07,0,1.1214092765499117e-08,3.6316509444134226e-07
clkload6,13.49,49,INV_X2,0,1,1,3.5744795923164929e-07,0,2.8706374166631576e-08,3.8615433339828087e-07
clkload7,30.02,36.399999999999999,INV_X2,0,1,1,3.5614135640571476e-07,0,2.8706374166631576e-08,3.8484773057234634e-07
clkload8,32.109999999999999,8.4000000000000004,INV_X2,0,1,1,3.556984893293702e-07,0,2.8706374166631576e-08,3.8440486349600178e-07
clkload9,24.32,5.5999999999999996,INV_X2,0,1,1,3.5602766956799314e-07,0,2.8706374166631576e-08,3.8473404373462472e-07
clkload10,12.73,21,INV_X1,0,1,1,1.8326608142160694e-07,0,1.4353183530602109e-08,1.9761926495220905e-07
clkload11,72.010000000000005,49,CLKBUF_X1,0,1,1,3.5229624018029426e-07,0,1.1214092765499117e-08,3.6351033294579338e-07
clkload12,81.510000000000005,37.799999999999997,INV_X2,0,1,1,3.5552878330236126e-07,0,2.8706374166631576e-08,3.8423515746899284e-07
clkload13,98.609999999999999,49,CLKBUF_X1,0,1,1,3.5210646842642745e-07,0,1.1214092765499117e-08,3.6332056119192657e-07
clkload14,97.280000000000001,35,CLKBUF_X1,0,1,1,3.5210112514505454e-07,0,1.1214092765499117e-08,3.6331521791055366e-07
clkload15,92.530000000000001,25.199999999999999,INV_X2,0,1,1,3.5589951608017145e-07,0,2.8706374166631576e-08,3.8460589024680303e-07
clkload16,68.400000000000006,11.199999999999999,CLKBUF_X1,0,1,1,3.5208606163905642e-07,0,1.1214092765499117e-08,3.6330015440455554e-07
clkload17,56.240000000000002,5.5999999999999996,CLKBUF_X1,0,1,1,3.5216757510170282e-07,0,1.1214092765499117e-08,3.6338166786720194e-07
clkload18,41.609999999999999,58.799999999999997,INV_X4,0,1,1,7.0726264311815612e-07,0,5.7412847809246159e-08,7.6467549092740228e-07
clkload19,24.510000000000002,70,INV_X1,0,1,1,1.8301135185083695e-07,0,1.4353183530602109e-08,1.9736453538143905e-07
clkload20,10.83,64.400000000000006,CLKBUF_X1,0,1,1,3.5209350812692719e-07,0,1.1214092765499117e-08,3.6330760089242631e-07
clkload21,10.640000000000001,72.799999999999997,INV_X1,0,1,1,1.8283738256741344e-07,0,1.4353183530602109e-08,1.9719056609801555e-07
clkload22,20.140000000000001,84,CLKBUF_X1,0,1,1,3.5203561310481746e-07,0,1.1214092765499117e-08,3.6324970587031657e-07
clkload23,15.58,89.599999999999994,INV_X1,0,1,1,1.8255082068208139e-07,0,1.4353183530602109e-08,1.969040042126835e-07
clkload24,8.1699999999999999,99.400000000000006,CLKBUF_X1,0,1,1,3.5198260661672975e-07,0,1.1214092765499117e-08,3.6319669938222887e-07
clkload25,15.199999999999999,103.59999999999999,CLKBUF_X1,0,1,1,3.5194909742131131e-07,0,1.1214092765499117e-08,3.6316319018681043e-07
clkload26,24.890000000000001,98,CLKBUF_X1,0,1,1,3.5203325410293473e-07,0,1.1214092765499117e-08,3.6324734686843385e-07
clkload27,29.260000000000002,89.599999999999994,INV_X2,0,1,1,3.5693685163096234e-07,0,2.8706374166631576e-08,3.8564322579759391e-07
clkload28,35.719999999999999,105,CLKBUF_X1,0,1,1,3.5198533510083507e-07,0,1.1214092765499117e-08,3.6319942786633419e-07
clkload29,51.490000000000002,77,CLKBUF_X1,0,1,1,3.5215137472732749e-07,0,1.1214092765499117e-08,3.6336546749282661e-07
clkload30,53.200000000000003,61.600000000000001,INV_X1,0,1,1,1.8197376050466119e-07,0,1.4353183530602109e-08,1.963269440352633e-07
clkload31,68.969999999999999,86.799999999999997,INV_X2,0,1,1,3.5876124115929997e-07,0,2.8706374166631576e-08,3.8746761532593155e-07
clkload32,61.560000000000002,107.8,CLKBUF_X1,0,1,1,3.5188475067116087e-07,0,1.1214092765499117e-08,3.6309884343665999e-07
clkload33,82.650000000000006,95.200000000000003,INV_X1,0,1,1,1.8288552894318855e-07,0,1.4353183530602109e-08,1.9723871247379066e-07
clkload34,91.010000000000005,85.400000000000006,CLKBUF_X1,0,1,1,3.5200633874410414e-07,0,1.1214092765499117e-08,3.6322043150960326e-07
clkload35,84.930000000000007,61.600000000000001,INV_X1,0,1,1,1.8328439921333484e-07,0,1.4353183530602109e-08,1.9763758274393695e-07
hold343,55.100000000000001,2.7999999999999998,CLKBUF_X1,0,1,1,4.4735394055805955e-08,1.3695872880248317e-08,1.1214092765499117e-08,6.9645359701553389e-08
hold344,38.759999999999998,2.7999999999999998,CLKBUF_X1,0,1,1,4.7615223763841641e-08,3.9931414619331917e-08,1.1214092765499117e-08,9.8760731148672676e-08
hold345,2.8500000000000001,78.400000000000006,CLKBUF_X1,0,1,1,0,0,1.1214092765499117e-08,1.1214092765499117e-08
hold346,14.25,71.400000000000006,CLKBUF_X1,0,1,1,0,0,1.1214092765499117e-08,1.1214092765499117e-08
hold347,23.559999999999999,61.600000000000001,CLKBUF_X1,0,1,1,3.2499364976956713e-08,1.7198019008901611e-08,1.1214092765499117e-08,6.0911476751357441e-08
hold348,2.8500000000000001,37.799999999999997,CLKBUF_X1,0,1,1,0,0,1.1214092765499117e-08,1.1214092765499117e-08
hold349,11.4,39.200000000000003,CLKBUF_X1,0,1,1,0,0,1.1214092765499117e-08,1.1214092765499117e-08
hold350,16.149999999999999,37.799999999999997,CLKBUF_X1,0,1,1,3.4985877306326074e-08,1.7045762135126097e-08,1.1214092765499117e-08,6.3245732206951288e-08
hold351,6.0800000000000001,33.600000000000001,CLKBUF_X1,0,1,1,0,0,1.1214092765499117e-08,1.1214092765499117e-08
hold352,8.1699999999999999,36.399999999999999,CLKBUF_X1,0,1,1,0,0,1.1214092765499117e-08,1.1214092765499117e-08
hold353,6.2699999999999996,40.600000000000001,CLKBUF_X1,0,1,1,3.5387905938932818e-08,2.1046014708758776e-08,1.1214092765499117e-08,6.7648013413190711e-08
hold354,3.7999999999999998,42,CLKBUF_X1,0,1,1,0,0,1.1214092765499117e-08,1.1214092765499117e-08
hold355,11.210000000000001,40.600000000000001,CLKBUF_X1,0,1,1,0,0,1.1214092765499117e-08,1.1214092765499117e-08
hold356,14.44,40.600000000000001,CLKBUF_X1,0,1,1,3.3473398275418731e-08,1.9435693943137267e-08,1.1214092765499117e-08,6.4123184984055115e-08
hold357,2.8500000000000001,56,CLKBUF_X1,0,1,1,0,0,1.1214092765499117e-08,1.1214092765499117e-08
hold358,12.539999999999999,53.200000000000003,CLKBUF_X1,0,1,1,0,0,1.1214092765499117e-08,1.1214092765499117e-08
hold359,18.239999999999998,53.200000000000003,CLKBUF_X1,0,1,1,3.1106122122537272e-08,1.7306325261756683e-08,1.1214092765499117e-08,5.9626540149793072e-08
hold360,1.71,33.600000000000001,CLKBUF_X1,0,1,1,0,0,1.1214092765499117e-08,1.1214092765499117e-08
hold361,6.6500000000000004,33.600000000000001,CLKBUF_X1,0,1,1,0,0,1.1214092765499117e-08,1.1214092765499117e-08
hold362,10.07,35,CLKBUF_X1,0,1,1,3.579618734761425e-08,2.2096191543141686e-08,1.1214092765499117e-08,6.9106471656255053e-08
hold363,2.2799999999999998,36.399999999999999,CLKBUF_X1,0,1,1,0,0,1.1214092765499117e-08,1.1214092765499117e-08
hold364,6.46,36.399999999999999,CLKBUF_X1,0,1,1,0,0,1.1214092765499117e-08,1.1214092765499117e-08
hold365,9.6899999999999995,37.799999999999997,CLKBUF_X1,0,1,1,3.5600042025407674e-08,1.9714644139412485e-08,1.1214092765499117e-08,6.6528778930319277e-08
hold366,3.7999999999999998,79.799999999999997,CLKBUF_X1,0,1,1,0,0,1.1214092765499117e-08,1.1214092765499117e-08
hold367,11.59,71.400000000000006,CLKBUF_X1,0,1,1,0,0,1.1214092765499117e-08,1.1214092765499117e-08
hold368,18.620000000000001,61.600000000000001,CLKBUF_X1,0,1,1,4.1833569497384815e-08,2.6785540896412385e-08,1.1214092765499117e-08,7.9833203159296318e-08
hold369,2.2799999999999998,49,CLKBUF_X1,0,1,1,0,0,1.1214092765499117e-08,1.1214092765499117e-08
hold370,11.4,47.600000000000001,CLKBUF_X1,0,1,1,0,0,1.1214092765499117e-08,1.1214092765499117e-08
hold371,18.43,46.200000000000003,CLKBUF_X1,0,1,1,3.5653119567768954e-08,2.2249727393841567e-08,1.1214092765499117e-08,6.9116939727109639e-08
hold372,1.3300000000000001,71.400000000000006,CLKBUF_X1,0,1,1,0,0,1.1214092765499117e-08,1.1214092765499117e-08
hold373,7.9800000000000004,70,CLKBUF_X1,0,1,1,0,0,1.1214092765499117e-08,1.1214092765499117e-08
hold374,14.630000000000001,70,CLKBUF_X1,0,1,1,2.3713655039614423e-08,1.4148833216154344e-08,1.1214092765499117e-08,4.9076581021267884e-08
hold375,60.799999999999997,112,CLKBUF_X1,0,1,1,0,0,1.1214092765499117e-08,1.1214092765499117e-08
hold376,41.799999999999997,93.799999999999997,CLKBUF_X1,0,1,1,0,0,1.1214092765499117e-08,1.1214092765499117e-08
hold377,6.6500000000000004,39.200000000000003,CLKBUF_X1,0,1,1,0,0,1.1214092765499117e-08,1.1214092765499117e-08
hold378,11.59,49,CLKBUF_X1,0,1,1,0,0,1.1214092765499117e-08,1.1214092765499117e-08
hold379,1.3300000000000001,77,CLKBUF_X1,0,1,1,0,0,1.1214092765499117e-08,1.1214092765499117e-08
hold380,15.960000000000001,77,CLKBUF_X1,0,1,1,0,0,1.1214092765499117e-08,1.1214092765499117e-08
hold381,26.98,64.400000000000006,CLKBUF_X1,0,1,1,0,0,1.1214092765499117e-08,1.1214092765499117e-08
hold382,1.71,61.600000000000001,CLKBUF_X1,0,1,1,0,0,1.1214092765499117e-08,1.1214092765499117e-08
hold383,2.8500000000000001,67.200000000000003,CLKBUF_X1,0,1,1,0,0,1.1214092765499117e-08,1.1214092765499117e-08
hold384,46.359999999999999,112,CLKBUF_X1,0,1,1,0,0,1.1214092765499117e-08,1.1214092765499117e-08
hold385,35.340000000000003,89.599999999999994,CLKBUF_X1,0,1,1,0,0,1.1214092765499117e-08,1.1214092765499117e-08
hold386,2.0899999999999999,82.599999999999994,CLKBUF_X1,0,1,1,0,0,1.1214092765499117e-08,1.1214092765499117e-08
hold387,11.970000000000001,72.799999999999997,CLKBUF_X1,0,1,1,0,0,1.1214092765499117e-08,1.1214092765499117e-08
hold388,69.159999999999997,112,CLKBUF_X1,0,1,1,0,0,1.1214092765499117e-08,1.1214092765499117e-08
hold389,46.359999999999999,96.599999999999994,CLKBUF_X1,0,1,1,0,0,1.1214092765499117e-08,1.1214092765499117e-08
hold390,1.3300000000000001,46.200000000000003,CLKBUF_X1,0,1,1,0,0,1.1214092765499117e-08,1.1214092765499117e-08
hold391,2.2799999999999998,56,CLKBUF_X1,0,1,1,0,0,1.1214092765499117e-08,1.1214092765499117e-08
hold392,1.8999999999999999,58.799999999999997,CLKBUF_X1,0,1,1,0,0,1.1214092765499117e-08,1.1214092765499117e-08
hold393,12.73,54.600000000000001,CLKBUF_X1,0,1,1,0,0,1.1214092765499117e-08,1.1214092765499117e-08
hold394,3.4199999999999999,78.400000000000006,CLKBUF_X1,0,1,1,0,0,1.1214092765499117e-08,1.1214092765499117e-08
hold395,7.79,74.200000000000003,CLKBUF_X1,0,1,1,0,0,1.1214092765499117e-08,1.1214092765499117e-08
hold396,3.6099999999999999,77,CLKBUF_X1,0,1,1,0,0,1.1214092765499117e-08,1.1214092765499117e-08
hold397,8.9299999999999997,70,CLKBUF_X1,0,1,1,0,0,1.1214092765499117e-08,1.1214092765499117e-08
hold398,56.049999999999997,112,CLKBUF_X1,0,1,1,0,0,1.1214092765499117e-08,1.1214092765499117e-08
hold399,36.670000000000002,92.400000000000006,CLKBUF_X1,0,1,1,0,0,1.1214092765499117e-08,1.1214092765499117e-08
hold400,1.3300000000000001,54.600000000000001,CLKBUF_X1,0,1,1,0,0,1.1214092765499117e-08,1.1214092765499117e-08
hold401,3.9900000000000002,63,CLKBUF_X1,0,1,1,0,0,1.1214092765499117e-08,1.1214092765499117e-08
hold402,104.12,112,CLKBUF_X1,0,1,1,0,0,9.6647756464562917e-09,9.6647756464562917e-09
hold403,93.859999999999999,112,CLKBUF_X3,0,1,1,0,0,2.4594887904072493e-08,2.4594887904072493e-08
hold404,1.52,42,CLKBUF_X1,0,1,1,0,0,1.1214092765499117e-08,1.1214092765499117e-08
hold405,5.5099999999999998,49,CLKBUF_X1,0,1,1,0,0,1.1214092765499117e-08,1.1214092765499117e-08
hold406,66.310000000000002,112,CLKBUF_X1,0,1,1,0,0,1.1214092765499117e-08,1.1214092765499117e-08
hold407,44.079999999999998,96.599999999999994,CLKBUF_X1,0,1,1,0,0,1.1214092765499117e-08,1.1214092765499117e-08
hold408,19.949999999999999,1.3999999999999999,CLKBUF_X1,0,1,1,0,0,1.1214092765499117e-08,1.1214092765499117e-08
hold409,15.960000000000001,16.800000000000001,CLKBUF_X1,0,1,1,0,0,1.1214092765499117e-08,1.1214092765499117e-08
hold410,11.779999999999999,1.3999999999999999,CLKBUF_X1,0,1,1,0,0,1.1214092765499117e-08,1.1214092765499117e-08
hold411,8.1699999999999999,25.199999999999999,CLKBUF_X1,0,1,1,0,0,1.1214092765499117e-08,1.1214092765499117e-08
hold412,18.050000000000001,2.7999999999999998,CLKBUF_X1,0,1,1,0,0,1.1214092765499117e-08,1.1214092765499117e-08
hold413,15.58,18.199999999999999,CLKBUF_X1,0,1,1,0,0,1.1214092765499117e-08,1.1214092765499117e-08
hold414,17.48,1.3999999999999999,CLKBUF_X1,0,1,1,0,0,1.1214092765499117e-08,1.1214092765499117e-08
hold415,19.57,18.199999999999999,CLKBUF_X1,0,1,1,0,0,1.1214092765499117e-08,1.1214092765499117e-08
hold416,14.630000000000001,2.7999999999999998,CLKBUF_X1,0,1,1,0,0,1.1214092765499117e-08,1.1214092765499117e-08
hold417,12.73,28,CLKBUF_X1,0,1,1,0,0,1.1214092765499117e-08,1.1214092765499117e-08
hold418,70.489999999999995,112,CLKBUF_X1,0,1,1,0,0,1.1214092765499117e-08,1.1214092765499117e-08
hold419,54.340000000000003,91,CLKBUF_X1,0,1,1,0,0,1.1214092765499117e-08,1.1214092765499117e-08
hold420,1.3300000000000001,53.200000000000003,CLKBUF_X1,0,1,1,0,0,1.1214092765499117e-08,1.1214092765499117e-08
hold421,11.4,50.399999999999999,CLKBUF_X1,0,1,1,0,0,1.1214092765499117e-08,1.1214092765499117e-08
hold422,54.149999999999999,1.3999999999999999,CLKBUF_X1,0,1,1,4.4772544782745172e-08,1.393218784784267e-08,1.1214092765499117e-08,6.9918825396086959e-08
hold423,54.719999999999999,1.3999999999999999,CLKBUF_X1,0,1,1,4.544127207850579e-08,1.8229105336331486e-08,1.1214092765499117e-08,7.4884470180336393e-08
hold424,55.289999999999999,1.3999999999999999,CLKBUF_X1,0,1,1,4.5559151118368391e-08,1.5124779650932396e-08,1.1214092765499117e-08,7.1898023534799904e-08
