net,source,x_um,y_um,scope_scan_data,transitions,ground_ff,incident_coupling_ff,pin_ff,ground_pin_ff,cap_status
ADDR_REG_0_,output35/Z,53.96,2.8,True,26794,0.31881,0.0913176,0,0.31881,EXTRACTED
ADDR_REG_10_,output36/Z,54.91,8.4,True,26797,0.773608,0.10920461000000001,0,0.773608,EXTRACTED
ADDR_REG_11_,output37/Z,63.46,1.4,True,26817,0.170788,0.0160446,0,0.170788,EXTRACTED
ADDR_REG_12_,output38/Z,71.44,2.8,True,26766,0.217764,0.022098990000000002,0,0.217764,EXTRACTED
ADDR_REG_13_,output39/Z,74.67,1.4,True,26937,0.1639546,0.0210915,0,0.1639546,EXTRACTED
ADDR_REG_14_,output40/Z,75.24,2.8,True,26943,0.35296999999999995,0.10198093,0,0.35296999999999995,EXTRACTED
ADDR_REG_15_,output41/Z,103.74,43.4,True,26993,0.517604,0.2733929,0,0.517604,EXTRACTED
ADDR_REG_16_,output42/Z,112.67,37.8,True,26889,0.482582,0.15383472,0,0.482582,EXTRACTED
ADDR_REG_17_,output43/Z,102.03,51.8,True,26979,0.768288,0.21137755,0,0.768288,EXTRACTED
ADDR_REG_18_,output44/Z,97.47,58.8,True,26915,1.0673406,0.31151232,0,1.0673406,EXTRACTED
ADDR_REG_19_,output45/Z,8.17,64.4,True,26984,0.7497680000000001,0.37848018299999997,0,0.7497680000000001,EXTRACTED
ADDR_REG_1_,output46/Z,2.28,61.6,True,26215,0.229492,0.09234997,0,0.229492,EXTRACTED
ADDR_REG_2_,output47/Z,5.13,53.2,True,26671,0.34290600000000004,0.32138776,0,0.34290600000000004,EXTRACTED
ADDR_REG_3_,output48/Z,3.04,35.0,True,26653,0.970573,0.22339831599999999,0,0.970573,EXTRACTED
ADDR_REG_4_,output49/Z,3.61,26.6,True,26695,1.3980437000000001,0.25220050000000005,0,1.3980437000000001,EXTRACTED
ADDR_REG_5_,output50/Z,5.13,25.2,True,26722,0.384658,0.0422797,0,0.384658,EXTRACTED
ADDR_REG_6_,output51/Z,21.66,1.4,True,26728,0.26416999999999996,0.1458851,0,0.26416999999999996,EXTRACTED
ADDR_REG_7_,output52/Z,18.05,1.4,True,26770,0.1983332,0.07399054000000001,0,0.1983332,EXTRACTED
ADDR_REG_8_,output53/Z,16.34,1.4,True,26637,0.590466,0.11744968000000001,0,0.590466,EXTRACTED
ADDR_REG_9_,output54/Z,33.82,1.4,True,26622,0.269056,0.12962988,0,0.269056,EXTRACTED
B_REG,U_SCAN_0020/Q,31.54,63.0,True,24003,2.4743072,2.534587145599999,9.038657,11.5129642,EXTRACTED
DATAI_0_,PORT/DATAI_0_,0.07,59.99,False,0,0.1803542,0.039991460000000006,0.77983,0.9601842,EXTRACTED
DATAI_10_,PORT/DATAI_10_,18.575,0.07,False,0,0.1069204,0.21015085,0.77983,0.8867504,EXTRACTED
DATAI_11_,PORT/DATAI_11_,14.655,0.07,False,0,0.270852,0.0,0.77983,1.0506820000000001,EXTRACTED
DATAI_12_,PORT/DATAI_12_,11.855,0.07,False,0,0.1264774,0.00615536,0.77983,0.9063074,EXTRACTED
DATAI_13_,PORT/DATAI_13_,18.015,0.07,False,0,0.18704780000000001,0.138214092,0.77983,0.9668778,EXTRACTED
DATAI_14_,PORT/DATAI_14_,0.07,39.83,False,0,0.587174,0.05325385,0.77983,1.367004,EXTRACTED
DATAI_15_,PORT/DATAI_15_,0.07,44.31,False,0,0.196696,0.050259189999999995,0.77983,0.976526,EXTRACTED
DATAI_16_,PORT/DATAI_16_,0.07,48.79,False,0,0.280964,0.02734096,0.77983,1.060794,EXTRACTED
DATAI_17_,PORT/DATAI_17_,0.07,53.83,False,0,0.1983642,0.11631634,0.77983,0.9781942,EXTRACTED
DATAI_18_,PORT/DATAI_18_,0.07,61.67,False,0,0.14239100000000002,0.09868465000000001,0.77983,0.9222210000000001,EXTRACTED
DATAI_19_,PORT/DATAI_19_,67.855,114.52,False,0,0.33391,0.09536251,0.77983,1.11374,EXTRACTED
DATAI_1_,PORT/DATAI_1_,0.07,57.75,False,0,0.306168,0.08008495,0.77983,1.085998,EXTRACTED
DATAI_20_,PORT/DATAI_20_,0.07,72.87,False,0,0.1571684,0.0409699,0.77983,0.9369984,EXTRACTED
DATAI_21_,PORT/DATAI_21_,0.07,78.47,False,0,0.25494,0.09638574700000002,0.77983,1.03477,EXTRACTED
DATAI_22_,PORT/DATAI_22_,0.07,80.71,False,0,0.42723,0.11774726,0.77983,1.20706,EXTRACTED
DATAI_23_,PORT/DATAI_23_,73.455,114.52,False,0,0.411532,0.00791333,0.77983,1.191362,EXTRACTED
DATAI_24_,PORT/DATAI_24_,66.735,114.52,False,0,0.168289,0.03575121,0.77983,0.948119,EXTRACTED
DATAI_25_,PORT/DATAI_25_,60.015,114.52,False,0,0.221246,0.0,0.77983,1.001076,EXTRACTED
DATAI_26_,PORT/DATAI_26_,56.095,114.52,False,0,0.16670659999999998,0.0,0.77983,0.9465366,EXTRACTED
DATAI_27_,PORT/DATAI_27_,50.495,114.52,False,0,0.41296,0.0307768,0.77983,1.19279,EXTRACTED
DATAI_28_,PORT/DATAI_28_,0.07,80.15,False,0,0.26159000000000004,0.07160642,0.77983,1.04142,EXTRACTED
DATAI_29_,PORT/DATAI_29_,0.07,77.91,False,0,0.240198,0.08727823,0.77983,1.020028,EXTRACTED
DATAI_2_,PORT/DATAI_2_,0.07,55.51,False,0,0.21466200000000002,0.10884711,0.77983,0.994492,EXTRACTED
DATAI_30_,PORT/DATAI_30_,0.07,81.83,False,0,0.214154,0.15333993999999998,0.77983,0.993984,EXTRACTED
DATAI_31_,PORT/DATAI_31_,0.07,77.35,False,0,0.109449,0.02888134,0.77983,0.889279,EXTRACTED
DATAI_3_,PORT/DATAI_3_,0.07,50.47,False,0,0.228758,0.02317886,0.77983,1.008588,EXTRACTED
DATAI_4_,PORT/DATAI_4_,0.07,43.75,False,0,0.33129600000000003,0.06869149999999999,0.77983,1.111126,EXTRACTED
DATAI_5_,PORT/DATAI_5_,0.07,38.15,False,0,0.22782799999999997,0.02235863,0.77983,1.007658,EXTRACTED
DATAI_6_,PORT/DATAI_6_,0.07,35.91,False,0,0.25118599999999996,0.10976230000000001,0.77983,1.031016,EXTRACTED
DATAI_7_,PORT/DATAI_7_,0.07,33.67,False,0,0.1825686,0.0547901,0.77983,0.9623986,EXTRACTED
DATAI_8_,PORT/DATAI_8_,0.07,30.87,False,0,0.70381,0.013923999999999999,0.77983,1.48364,EXTRACTED
DATAI_9_,PORT/DATAI_9_,20.815,0.07,False,0,0.1341112,0.12028814,0.77983,0.9139412,EXTRACTED
DATAO_REG_0_,output55/Z,101.65,28.0,True,27001,1.161609,0.09053951,0,1.161609,EXTRACTED
DATAO_REG_10_,output56/Z,103.36,26.6,True,26944,1.022936,0.05813778,0,1.022936,EXTRACTED
DATAO_REG_11_,output57/Z,106.02,33.6,True,26937,0.69001124,0.01720289,0,0.69001124,EXTRACTED
DATAO_REG_12_,output58/Z,105.45,33.6,True,26935,0.63630213,0.02366288,0,0.63630213,EXTRACTED
DATAO_REG_13_,output59/Z,97.66,37.8,True,26931,1.203314,0.2417097,0,1.203314,EXTRACTED
DATAO_REG_14_,output60/Z,100.32,39.2,True,26899,0.7220343499999999,0.42226430000000004,0,0.7220343499999999,EXTRACTED
DATAO_REG_15_,output61/Z,101.65,39.2,True,26924,1.0674100000000002,0.25426472,0,1.0674100000000002,EXTRACTED
DATAO_REG_16_,output62/Z,110.2,44.8,True,26892,0.32939599999999997,0.0699887,0,0.32939599999999997,EXTRACTED
DATAO_REG_17_,output63/Z,102.98,49.0,True,26893,0.696623,0.04893866000000001,0,0.696623,EXTRACTED
DATAO_REG_18_,output64/Z,103.55,61.6,True,26943,0.6383759999999999,0.0912648,0,0.6383759999999999,EXTRACTED
DATAO_REG_19_,output65/Z,106.02,67.2,True,26940,0.7737364,0.01856176,0,0.7737364,EXTRACTED
DATAO_REG_1_,output66/Z,103.17,64.4,True,26945,0.641834,0.3076507600000001,0,0.641834,EXTRACTED
DATAO_REG_20_,output67/Z,97.66,82.6,True,26952,1.03861935,0.0,0,1.03861935,EXTRACTED
DATAO_REG_21_,output68/Z,96.52,85.4,True,24058,1.07003111,0.26582942,0,1.07003111,EXTRACTED
DATAO_REG_22_,output69/Z,83.98,106.4,True,24037,1.1956259999999999,0.014699799999999999,0,1.1956259999999999,EXTRACTED
DATAO_REG_23_,output70/Z,89.11,110.6,True,24062,0.482942,0.0,0,0.482942,EXTRACTED
DATAO_REG_24_,output71/Z,86.07,105.0,True,24023,1.02794,0.0027381000000000003,0,1.02794,EXTRACTED
DATAO_REG_25_,output72/Z,72.58,110.6,True,24020,0.29803799999999997,0.03291983,0,0.29803799999999997,EXTRACTED
DATAO_REG_26_,output73/Z,60.8,109.2,True,24086,0.507348,0.0374418,0,0.507348,EXTRACTED
DATAO_REG_27_,output74/Z,53.96,112.0,True,24077,0.22602,0.0,0,0.22602,EXTRACTED
DATAO_REG_28_,output75/Z,47.5,110.6,True,24014,0.30863599999999997,0.029192256,0,0.30863599999999997,EXTRACTED
DATAO_REG_29_,output76/Z,44.46,110.6,True,24018,0.29299600000000003,0.02602242,0,0.29299600000000003,EXTRACTED
DATAO_REG_2_,output77/Z,41.99,110.6,True,24025,0.316462,0.00699525,0,0.316462,EXTRACTED
DATAO_REG_30_,output78/Z,39.14,112.0,True,25409,0.12877360000000002,0.0138166,0,0.12877360000000002,EXTRACTED
DATAO_REG_31_,output79/Z,35.91,110.6,True,24027,0.36307,0.0206456,0,0.36307,EXTRACTED
DATAO_REG_3_,output80/Z,5.7,68.6,True,25442,0.816608,0.1361215,0,0.816608,EXTRACTED
DATAO_REG_4_,output81/Z,1.33,36.4,True,23904,0.27463,0.15759326,0,0.27463,EXTRACTED
DATAO_REG_5_,output82/Z,27.74,1.4,True,26611,0.17802700000000002,0.09228272000000001,0,0.17802700000000002,EXTRACTED
DATAO_REG_6_,output83/Z,26.79,5.6,True,26603,0.55110583,0.12425157999999999,0,0.55110583,EXTRACTED
DATAO_REG_7_,output84/Z,24.13,1.4,True,26615,0.35489000000000004,0.0684938,0,0.35489000000000004,EXTRACTED
DATAO_REG_8_,output85/Z,23.56,1.4,True,26754,0.357356,0.12912044,0,0.357356,EXTRACTED
DATAO_REG_9_,output86/Z,3.99,82.6,True,26756,0.278572,0.060119500000000006,0,0.278572,EXTRACTED
D_REG_0_,U_SCAN_0053/Q,17.67,82.6,True,25445,0.5999118000000001,0.8365954299999999,3.4354620000000002,4.0353738,EXTRACTED
D_REG_10_,U_SCAN_0054/Q,15.2,84.0,True,25476,0.84011,0.7024508000000002,3.472913,4.313023,EXTRACTED
D_REG_11_,U_SCAN_0055/Q,15.96,92.4,True,25185,1.588659,1.113761409,3.442889,5.031548,EXTRACTED
D_REG_12_,U_SCAN_0056/Q,9.31,86.8,True,25977,0.5303877,0.4597775,3.573743,4.1041307,EXTRACTED
D_REG_13_,U_SCAN_0057/Q,8.93,91.0,True,25890,0.26369996000000007,0.54880084,3.511069,3.7747689600000003,EXTRACTED
D_REG_14_,U_SCAN_0058/Q,1.33,93.8,True,25489,0.8092538,0.5535295910000001,3.472913,4.282166800000001,EXTRACTED
D_REG_15_,U_SCAN_0059/Q,8.93,102.2,True,24721,1.7528569,1.3598252769999997,3.442889,5.1957459,EXTRACTED
D_REG_16_,U_SCAN_0060/Q,6.08,85.4,True,25732,0.9222093,0.56090858,3.573743,4.4959523,EXTRACTED
D_REG_17_,U_SCAN_0061/Q,15.96,95.2,True,25112,0.75819997,0.8688587769999999,3.511069,4.26926897,EXTRACTED
D_REG_18_,U_SCAN_0062/Q,16.34,93.8,True,25252,0.5056439,0.37525701,3.472913,3.9785569,EXTRACTED
D_REG_19_,U_SCAN_0063/Q,16.72,91.0,True,25350,0.5255879,0.5204528569999999,3.442889,3.9684769,EXTRACTED
D_REG_1_,U_SCAN_0064/Q,18.05,88.2,True,25454,0.69557187,0.425957518,3.4354620000000002,4.13103387,EXTRACTED
D_REG_20_,U_SCAN_0065/Q,16.72,100.8,True,24126,1.1222794,0.8084300600000001,3.573743,4.6960224,EXTRACTED
D_REG_21_,U_SCAN_0066/Q,14.63,105.0,True,24252,0.8096858499999999,0.642309572,3.511069,4.32075485,EXTRACTED
D_REG_22_,U_SCAN_0067/Q,16.15,102.2,True,24184,0.5309962,0.629631182,3.472913,4.0039092,EXTRACTED
D_REG_23_,U_SCAN_0068/Q,22.99,102.2,True,24032,0.75455932,0.731320648,3.442889,4.19744832,EXTRACTED
D_REG_24_,U_SCAN_0069/Q,15.01,99.4,True,25049,0.4618412,0.5149902599999999,3.573743,4.0355842,EXTRACTED
D_REG_25_,U_SCAN_0070/Q,12.73,98.0,True,24963,1.390339,0.845863711,3.511069,4.901408,EXTRACTED
D_REG_26_,U_SCAN_0071/Q,10.64,99.4,True,24771,0.8250544,0.42105271999999994,3.472913,4.2979674,EXTRACTED
D_REG_27_,U_SCAN_0072/Q,10.64,100.8,True,24476,1.41002187,1.1829938919999998,3.442889,4.8529108700000005,EXTRACTED
D_REG_28_,U_SCAN_0073/Q,7.98,98.0,True,24855,0.5043274,0.78828289,3.573743,4.0780704,EXTRACTED
D_REG_29_,U_SCAN_0074/Q,7.22,93.8,True,25398,1.9692129999999999,1.5603758620000001,3.511069,5.480282,EXTRACTED
D_REG_2_,U_SCAN_0075/Q,4.94,103.6,True,24633,0.7080679999999999,0.61185333,3.55141,4.259478,EXTRACTED
D_REG_30_,U_SCAN_0076/Q,1.9,100.8,True,24545,1.0239968,0.955067942,3.472913,4.4969098,EXTRACTED
D_REG_31_,U_SCAN_0077/Q,4.56,91.0,True,25792,1.4192203,1.30517635,3.442889,4.8621093,EXTRACTED
D_REG_3_,U_SCAN_0078/Q,2.85,95.2,True,25577,0.376069,0.34914255400000005,3.488284,3.8643530000000004,EXTRACTED
D_REG_4_,U_SCAN_0079/Q,1.33,85.4,True,25705,1.2273223400000002,1.3447601619999998,3.573743,4.80106534,EXTRACTED
D_REG_5_,U_SCAN_0080/Q,2.28,92.4,True,25644,0.6384061,0.295527331,3.511069,4.1494751,EXTRACTED
D_REG_6_,U_SCAN_0081/Q,2.28,89.6,True,26029,0.9497596000000001,0.22831088000000002,3.472913,4.4226726,EXTRACTED
D_REG_7_,U_SCAN_0082/Q,2.47,86.8,True,26102,0.41977604,0.422909843,3.442889,3.86266504,EXTRACTED
D_REG_8_,U_SCAN_0083/Q,3.8,84.0,True,26179,0.56695455,0.24828595,3.573743,4.14069755,EXTRACTED
D_REG_9_,U_SCAN_0084/Q,16.53,89.6,True,25407,0.8417197,0.9488465099999999,3.511069,4.3527887,EXTRACTED
IR_REG_0_,U_SCAN_0085/Q,8.55,46.2,True,26660,3.7981898,4.4562700416000025,26.896725,30.6949148,EXTRACTED
IR_REG_10_,U_SCAN_0086/Q,6.84,40.6,True,26669,2.5705503000000003,2.1926967470000003,8.468815,11.0393653,EXTRACTED
IR_REG_11_,U_SCAN_0087/Q,7.22,49.0,True,26237,0.79859351,1.5278975399999997,7.661493999999999,8.46008751,EXTRACTED
IR_REG_12_,U_SCAN_0088/Q,3.23,50.4,True,26233,1.2732754400000004,1.3373562220000001,14.015337,15.288612440000001,EXTRACTED
IR_REG_13_,U_SCAN_0089/Q,5.51,47.6,True,26235,1.00457355,0.6375963250000001,8.464794,9.46936755,EXTRACTED
IR_REG_14_,U_SCAN_0090/Q,4.18,56.0,True,26214,2.6254922,3.2664978689999984,13.478998,16.1044902,EXTRACTED
IR_REG_15_,U_SCAN_0091/Q,3.61,57.4,True,26207,1.8951761,1.1021347000000004,10.235868,12.1310441,EXTRACTED
IR_REG_16_,U_SCAN_0092/Q,2.09,64.4,True,26210,1.67656517,1.5569389460000003,12.295326,13.97189117,EXTRACTED
IR_REG_17_,U_SCAN_0093/Q,1.9,72.8,True,26204,0.91269049,1.3102140179700001,10.141022,11.053712489999999,EXTRACTED
IR_REG_18_,U_SCAN_0094/Q,2.66,71.4,True,26205,2.2665226,1.2783493750000001,9.071117,11.3376396,EXTRACTED
IR_REG_19_,U_SCAN_0095/Q,6.46,68.6,True,26209,1.80788084,1.2689980789999993,6.1625689999999995,7.97044984,EXTRACTED
IR_REG_1_,U_SCAN_0096/Q,12.92,68.6,True,23941,4.7574894,3.309970244,12.900048,17.6575374,EXTRACTED
IR_REG_20_,U_SCAN_0097/Q,11.97,65.8,True,23907,1.2431168,1.1012129999999998,9.920005,11.163121799999999,EXTRACTED
IR_REG_21_,U_SCAN_0098/Q,9.12,74.2,True,26207,0.9580741,1.26505884,6.805554,7.7636281,EXTRACTED
IR_REG_22_,U_SCAN_0099/Q,6.27,72.8,True,26204,3.12705113,2.6633005919699997,18.523317,21.650368129999997,EXTRACTED
IR_REG_23_,U_SCAN_0100/Q,15.96,79.8,True,25395,3.4952353,3.3833360349999997,14.412131,17.9073663,EXTRACTED
IR_REG_24_,U_SCAN_0101/Q,15.01,78.4,True,25398,2.4574037,2.707122121,12.266772,14.7241757,EXTRACTED
IR_REG_25_,U_SCAN_0102/Q,17.29,77.0,True,25397,1.7818812499999999,1.9835208,12.608757,14.39063825,EXTRACTED
IR_REG_26_,U_SCAN_0103/Q,17.48,75.6,True,25398,2.0826139,3.0621160279999997,10.059443,12.1420569,EXTRACTED
IR_REG_27_,U_SCAN_0104/Q,20.71,64.4,True,23909,2.00843191,1.83263765149,6.250952,8.25938391,EXTRACTED
IR_REG_28_,U_SCAN_0105/Q,13.49,64.4,True,23898,1.1012125700000002,0.8685990560000003,11.062446,12.163658569999999,EXTRACTED
IR_REG_29_,U_SCAN_0106/Q,20.33,63.0,True,23979,1.7912488,2.257557123,13.630834,15.4220828,EXTRACTED
IR_REG_2_,U_SCAN_0107/Q,16.53,50.4,True,23912,2.4909470000000002,2.0436491379999997,7.104851,9.595798,EXTRACTED
IR_REG_30_,U_SCAN_0108/Q,8.17,43.4,True,26677,2.5865465999999997,2.9149664609999992,12.477453,15.0639996,EXTRACTED
IR_REG_31_,U_SCAN_0109/Q,24.7,63.0,True,23975,4.778452670000001,4.149507127490002,32.419978,37.19843067,EXTRACTED
IR_REG_3_,U_SCAN_0110/Q,16.91,43.4,True,26640,2.2588347100000004,3.1863691999999992,9.585581,11.84441571,EXTRACTED
IR_REG_4_,U_SCAN_0111/Q,12.54,43.4,True,26639,1.47772042,1.8497195510000006,8.693731,10.17145142,EXTRACTED
IR_REG_5_,U_SCAN_0112/Q,10.26,37.8,True,26659,0.6471153,0.8684906120000002,6.094422,6.7415373,EXTRACTED
IR_REG_6_,U_SCAN_0113/Q,5.89,30.8,True,26700,2.5395333,2.0539730180000006,12.436706,14.9762393,EXTRACTED
IR_REG_7_,U_SCAN_0114/Q,1.33,39.2,True,26702,3.5213503399999997,3.869189805,11.018685,14.54003534,EXTRACTED
IR_REG_8_,U_SCAN_0115/Q,1.33,40.6,True,26700,2.5289481899999995,2.983033378000001,9.815657,12.34460519,EXTRACTED
IR_REG_9_,U_SCAN_0116/Q,15.2,42.0,True,26643,3.0379440099999995,4.618753123000004,10.080582,13.11852601,EXTRACTED
RD_REG,output87/Z,2.66,50.4,True,26662,0.397564,0.127072717,0,0.397564,EXTRACTED
REG0_REG_0_,U_SCAN_0118/Q,5.51,29.4,True,26681,2.48524737,3.557237706,3.565444,6.05069137,EXTRACTED
REG0_REG_10_,U_SCAN_0119/Q,45.41,4.2,True,26789,0.7786852199999998,1.147893297,3.4519290000000002,4.23061422,EXTRACTED
REG0_REG_11_,U_SCAN_0120/Q,61.18,5.6,True,26743,0.8742179999999999,2.0706667460000006,3.4519290000000002,4.326147000000001,EXTRACTED
REG0_REG_12_,U_SCAN_0121/Q,78.85,9.8,True,26928,1.2116310000000001,1.7839315879999997,3.488245,4.699876,EXTRACTED
REG0_REG_13_,U_SCAN_0122/Q,76.19,16.8,True,26979,0.5547105,0.7316153900000001,3.487139,4.0418495,EXTRACTED
REG0_REG_14_,U_SCAN_0123/Q,77.52,30.8,True,26949,0.7262239699999999,0.545575841,3.487139,4.21336297,EXTRACTED
REG0_REG_15_,U_SCAN_0124/Q,78.09,36.4,True,26945,0.7277820000000002,0.420321895,3.488245,4.216027,EXTRACTED
REG0_REG_16_,U_SCAN_0125/Q,74.86,44.8,True,26942,0.86531,0.550966714,3.4519290000000002,4.317239000000001,EXTRACTED
REG0_REG_17_,U_SCAN_0126/Q,76.19,49.0,True,26948,0.7333736700000001,0.6554276420000001,3.4519290000000002,4.1853026700000004,EXTRACTED
REG0_REG_18_,U_SCAN_0127/Q,72.39,50.4,True,26944,1.0751954000000001,1.101648132,3.487139,4.5623344,EXTRACTED
REG0_REG_19_,U_SCAN_0128/Q,53.39,60.2,True,26949,3.1748828,3.7262868950000008,3.488245,6.6631278,EXTRACTED
REG0_REG_1_,U_SCAN_0129/Q,53.39,58.8,True,26948,0.54696284,0.9931460080000001,3.565444,4.11240684,EXTRACTED
REG0_REG_20_,U_SCAN_0130/Q,50.16,71.4,True,24107,0.7743424,0.734317342,3.4519290000000002,4.2262714,EXTRACTED
REG0_REG_21_,U_SCAN_0131/Q,48.45,79.8,True,24090,1.8800284000000003,2.099490122,3.488245,5.3682734000000005,EXTRACTED
REG0_REG_22_,U_SCAN_0132/Q,82.27,91.0,True,24053,0.7504017999999999,0.5849747900000001,3.4519290000000002,4.2023308,EXTRACTED
REG0_REG_23_,U_SCAN_0133/Q,83.03,95.2,True,24030,1.3029086,0.736398777,3.4519290000000002,4.7548376,EXTRACTED
REG0_REG_24_,U_SCAN_0134/Q,70.3,98.0,True,24049,0.43501510000000004,0.6386028,3.488245,3.9232601000000003,EXTRACTED
REG0_REG_25_,U_SCAN_0135/Q,68.78,106.4,True,24020,2.6125137,2.311382709,3.464246,6.0767597,EXTRACTED
REG0_REG_26_,U_SCAN_0136/Q,51.68,100.8,True,24092,1.8726079999999998,1.8276054910000001,3.4519290000000002,5.324537,EXTRACTED
REG0_REG_27_,U_SCAN_0137/Q,44.27,102.2,True,25404,0.9940532500000001,1.2705722899999998,3.4519290000000002,4.44598225,EXTRACTED
REG0_REG_28_,U_SCAN_0138/Q,36.48,102.2,True,25411,0.49641920000000006,0.758691772,3.488245,3.9846642,EXTRACTED
REG0_REG_29_,U_SCAN_0139/Q,30.4,102.2,True,25416,0.9397393,0.7077171419999999,3.4519290000000002,4.3916683,EXTRACTED
REG0_REG_2_,U_SCAN_0140/Q,26.41,99.4,True,25412,0.6195676000000001,0.451483018,4.333495,4.9530626,EXTRACTED
REG0_REG_30_,U_SCAN_0141/Q,20.71,93.8,True,25412,1.8092716,2.3130069300000002,3.4519290000000002,5.2612006000000004,EXTRACTED
REG0_REG_31_,U_SCAN_0142/Q,24.89,84.0,True,25438,0.4010904,0.308134908,3.4519290000000002,3.8530194000000004,EXTRACTED
REG0_REG_3_,U_SCAN_0143/Q,24.13,79.8,True,25438,2.80435648,3.453249444,3.565444,6.36980048,EXTRACTED
REG0_REG_4_,U_SCAN_0144/Q,14.63,39.2,True,26667,1.29787305,1.6156990249999998,3.565444,4.86331705,EXTRACTED
REG0_REG_5_,U_SCAN_0145/Q,16.53,25.2,True,26765,0.6961481,1.2617106809999998,3.488245,4.1843931,EXTRACTED
REG0_REG_6_,U_SCAN_0146/Q,15.01,21.0,True,26754,1.25024277,1.06754817,3.487139,4.73738177,EXTRACTED
REG0_REG_7_,U_SCAN_0147/Q,11.97,15.4,True,26758,0.9067320000000001,1.2379269040000003,3.488245,4.394977,EXTRACTED
REG0_REG_8_,U_SCAN_0148/Q,23.18,11.2,True,26769,0.937885,1.1080024659999999,3.488245,4.42613,EXTRACTED
REG0_REG_9_,U_SCAN_0149/Q,40.85,5.6,True,26581,0.36014159999999995,0.324130406,3.487139,3.8472806,EXTRACTED
REG1_REG_0_,U_SCAN_0150/Q,34.39,2.8,True,26587,5.2017378999999995,6.5299443529999985,10.93505,16.1367879,EXTRACTED
REG1_REG_10_,U_SCAN_0151/Q,47.12,5.6,True,26769,1.2189658,1.225287378,8.904961,10.1239268,EXTRACTED
REG1_REG_11_,U_SCAN_0152/Q,61.56,4.2,True,26737,1.5959412999999998,1.7914599749999995,10.581814,12.1777553,EXTRACTED
REG1_REG_12_,U_SCAN_0153/Q,64.79,8.4,True,26851,1.7996901,1.686025714,10.670876,12.4705661,EXTRACTED
REG1_REG_13_,U_SCAN_0154/Q,77.52,15.4,True,26975,1.1880411,1.2250552129999996,6.134508,7.3225491,EXTRACTED
REG1_REG_14_,U_SCAN_0155/Q,77.52,22.4,True,26980,2.0073822,2.347907409,10.802823,12.8102052,EXTRACTED
REG1_REG_15_,U_SCAN_0156/Q,76.19,25.2,True,26959,1.7502076,1.852954804,5.798198,7.548405600000001,EXTRACTED
REG1_REG_16_,U_SCAN_0157/Q,80.37,39.2,True,27030,2.4829079,3.645644412,7.599605,10.082512900000001,EXTRACTED
REG1_REG_17_,U_SCAN_0158/Q,77.9,51.8,True,26948,2.047425,2.0761765049999994,9.305433,11.352858000000001,EXTRACTED
REG1_REG_18_,U_SCAN_0159/Q,80.94,56.0,True,26949,2.2798177099999997,2.3479879105999997,13.902244,16.18206171,EXTRACTED
REG1_REG_19_,U_SCAN_0160/Q,49.78,54.6,True,26949,1.2529864499999999,1.606678408,5.697,6.94998645,EXTRACTED
REG1_REG_1_,U_SCAN_0161/Q,56.81,56.0,True,26951,2.5935493100000007,4.049068384000001,8.952886,11.54643531,EXTRACTED
REG1_REG_20_,U_SCAN_0162/Q,51.68,70.0,True,24121,1.0220846,0.81124099,3.5018920000000002,4.5239766,EXTRACTED
REG1_REG_21_,U_SCAN_0163/Q,52.25,74.2,True,24095,1.3456103,1.88561278,3.464246,4.8098563,EXTRACTED
REG1_REG_22_,U_SCAN_0164/Q,77.9,84.0,True,24110,0.5466526899999999,0.6512924529999999,3.5018920000000002,4.04854469,EXTRACTED
REG1_REG_23_,U_SCAN_0165/Q,76.0,95.2,True,24039,1.1214283,1.3581780700000001,3.5018920000000002,4.6233203000000005,EXTRACTED
REG1_REG_24_,U_SCAN_0166/Q,74.48,96.6,True,24048,0.5287369,0.4888494420000001,3.552726,4.0814629,EXTRACTED
REG1_REG_25_,U_SCAN_0167/Q,65.93,96.6,True,24048,0.6463749999999999,0.38681825,3.464246,4.110621,EXTRACTED
REG1_REG_26_,U_SCAN_0168/Q,46.36,95.2,True,25414,0.73359867,0.643443254,3.5018920000000002,4.23549067,EXTRACTED
REG1_REG_27_,U_SCAN_0169/Q,42.37,103.6,True,25392,0.34515209999999996,0.19842294300000002,3.5018920000000002,3.8470441,EXTRACTED
REG1_REG_28_,U_SCAN_0170/Q,36.29,105.0,True,25407,0.5488987000000001,0.536739881,3.552726,4.1016247,EXTRACTED
REG1_REG_29_,U_SCAN_0171/Q,26.41,95.2,True,25418,0.8833989,0.491239102,3.5018920000000002,4.3852909,EXTRACTED
REG1_REG_2_,U_SCAN_0172/Q,25.08,100.8,True,24039,6.22216146,2.318718973,7.015211,13.23737246,EXTRACTED
REG1_REG_30_,U_SCAN_0173/Q,25.84,92.4,True,25426,0.396715,0.36907752700000007,3.5018920000000002,3.898607,EXTRACTED
REG1_REG_31_,U_SCAN_0174/Q,23.37,86.8,True,25439,0.7421194,0.363212497,3.5018920000000002,4.2440114,EXTRACTED
REG1_REG_3_,U_SCAN_0175/Q,23.18,77.0,True,25445,3.2487924,2.500256752,6.999731,10.2485234,EXTRACTED
REG1_REG_4_,U_SCAN_0176/Q,27.55,30.8,True,26677,1.4515286,2.434575348,5.329205,6.7807336,EXTRACTED
REG1_REG_5_,U_SCAN_0177/Q,13.3,26.6,True,26766,1.8587000999999999,1.4496968200000007,6.096862,7.9555621,EXTRACTED
REG1_REG_6_,U_SCAN_0178/Q,2.09,28.0,True,26685,2.33400827,2.7803716350000003,6.13166,8.46566827,EXTRACTED
REG1_REG_7_,U_SCAN_0179/Q,10.07,16.8,True,26752,1.96951899,1.9932673859999999,7.946065,9.91558399,EXTRACTED
REG1_REG_8_,U_SCAN_0180/Q,21.28,8.4,True,26769,1.5736846,1.64788825,7.561349,9.1350336,EXTRACTED
REG1_REG_9_,U_SCAN_0181/Q,39.52,2.8,True,26576,1.4215729999999998,0.7216648200000001,9.048149,10.469722,EXTRACTED
REG2_REG_0_,U_SCAN_0182/Q,49.59,1.4,True,26788,5.8632523999999995,4.144841345,9.364273,15.227525400000001,EXTRACTED
REG2_REG_10_,U_SCAN_0183/Q,56.81,5.6,True,26732,1.7901616,1.693383158,9.774488,11.5646496,EXTRACTED
REG2_REG_11_,U_SCAN_0184/Q,64.22,12.6,True,26932,2.5055491,3.079729101999999,8.236854,10.742403099999999,EXTRACTED
REG2_REG_12_,U_SCAN_0185/Q,68.78,15.4,True,26930,1.3988296,2.0932135080000003,9.773545,11.172374600000001,EXTRACTED
REG2_REG_13_,U_SCAN_0186/Q,71.82,14.0,True,26934,1.5758332699999997,1.43580045,8.290124,9.865957270000001,EXTRACTED
REG2_REG_14_,U_SCAN_0187/Q,78.66,23.8,True,26968,2.3279818,2.375029858,9.739278,12.0672598,EXTRACTED
REG2_REG_15_,U_SCAN_0188/Q,83.79,40.6,True,27029,1.13626757,2.012736152,8.226802,9.363069569999999,EXTRACTED
REG2_REG_16_,U_SCAN_0189/Q,75.81,42.0,True,26942,1.42072633,2.1505856680000006,6.909947,8.33067333,EXTRACTED
REG2_REG_17_,U_SCAN_0190/Q,76.95,47.6,True,26949,2.2053079999999996,2.263931441,7.574038,9.779346,EXTRACTED
REG2_REG_18_,U_SCAN_0191/Q,79.61,57.4,True,26953,1.3105746999999999,1.375940272,6.688033,7.9986077,EXTRACTED
REG2_REG_19_,U_SCAN_0192/Q,74.67,61.6,True,26952,1.7770114,2.6256073560000006,6.475738,8.252749399999999,EXTRACTED
REG2_REG_1_,U_SCAN_0193/Q,49.02,60.2,True,26947,7.72734536,7.429637711999999,8.918797,16.64614236,EXTRACTED
REG2_REG_20_,U_SCAN_0194/Q,51.11,68.6,True,24128,1.9143863,1.6454373140000003,4.139751,6.054137300000001,EXTRACTED
REG2_REG_21_,U_SCAN_0195/Q,56.81,74.2,True,24111,1.3932517500000001,2.1964115399999997,4.293818,5.68706975,EXTRACTED
REG2_REG_22_,U_SCAN_0196/Q,74.1,82.6,True,24113,0.6149223,0.72472363,4.228231,4.8431533,EXTRACTED
REG2_REG_23_,U_SCAN_0197/Q,72.77,86.8,True,24114,0.7912144999999999,0.70194102,4.139751,4.9309655,EXTRACTED
REG2_REG_24_,U_SCAN_0198/Q,69.35,93.8,True,24110,1.258357,0.938257747,4.238557,5.496914,EXTRACTED
REG2_REG_25_,U_SCAN_0199/Q,62.7,95.2,True,24049,1.46716139,1.37056127,4.205338,5.6724993900000005,EXTRACTED
REG2_REG_26_,U_SCAN_0200/Q,49.21,96.6,True,25414,0.53694193,0.45819343,4.195921,4.7328629300000005,EXTRACTED
REG2_REG_27_,U_SCAN_0201/Q,43.32,99.4,True,25405,0.4991997,0.6046474759999999,4.139751,4.6389507000000005,EXTRACTED
REG2_REG_28_,U_SCAN_0202/Q,36.86,98.0,True,25410,0.24181610999999997,0.08165369600000001,2.619024,2.86084011,EXTRACTED
REG2_REG_29_,U_SCAN_0203/Q,37.81,103.6,True,25400,1.6441705,1.8663857479999992,4.195921,5.8400915,EXTRACTED
REG2_REG_2_,U_SCAN_0204/Q,24.89,89.6,True,25436,3.5756389,4.49216432,6.988252,10.5638909,EXTRACTED
REG2_REG_30_,U_SCAN_0205/Q,24.32,91.0,True,25437,0.49744624,0.3160212,4.217572,4.71501824,EXTRACTED
REG2_REG_31_,U_SCAN_0206/Q,25.84,88.2,True,25432,0.83027907,0.8158459230000001,4.217572,5.04785107,EXTRACTED
REG2_REG_3_,U_SCAN_0207/Q,32.49,43.4,True,26624,1.1733978,0.9605477424900002,2.619024,3.7924218,EXTRACTED
REG2_REG_4_,U_SCAN_0208/Q,26.79,32.2,True,26676,1.2593126,1.5232090899999997,7.564778,8.8240906,EXTRACTED
REG2_REG_5_,U_SCAN_0209/Q,24.51,25.2,True,26674,1.39890505,1.8381971499999996,9.858698,11.25760305,EXTRACTED
REG2_REG_6_,U_SCAN_0210/Q,20.9,15.4,True,26758,1.8730581,2.0675015369999996,8.234863,10.1079211,EXTRACTED
REG2_REG_7_,U_SCAN_0211/Q,22.8,18.2,True,26749,0.9897723,1.1679779030000002,7.603727,8.5934993,EXTRACTED
REG2_REG_8_,U_SCAN_0212/Q,27.74,14.0,True,26718,1.9896311,3.23720784,8.598677,10.5883081,EXTRACTED
REG2_REG_9_,U_SCAN_0213/Q,38.57,11.2,True,26688,1.2009441,1.2151191900000002,8.201644,9.4025881,EXTRACTED
REG3_REG_0_,U_SCAN_0214/Q,47.69,9.8,True,26779,4.1257996100000005,3.4887988309999987,7.560098,11.685897610000001,EXTRACTED
REG3_REG_10_,U_SCAN_0215/Q,53.77,9.8,True,26753,0.6005016200000001,0.48174287099999996,2.619024,3.21952562,EXTRACTED
REG3_REG_11_,U_SCAN_0216/Q,61.37,11.2,True,26867,2.7377544000000005,1.7900286909,8.172024,10.9097784,EXTRACTED
REG3_REG_12_,U_SCAN_0217/Q,93.48,16.8,True,26961,1.2971093,1.3813441910000002,6.670908,7.9680173,EXTRACTED
REG3_REG_13_,U_SCAN_0218/Q,88.92,22.4,True,26962,1.5309346,0.9761890319999998,5.027839999999999,6.5587746,EXTRACTED
REG3_REG_14_,U_SCAN_0219/Q,95.0,28.0,True,26965,2.9078777000000002,1.8353648910000004,9.742874,12.6507517,EXTRACTED
REG3_REG_15_,U_SCAN_0220/Q,93.1,29.4,True,26957,1.86281553,2.387978107000001,8.185653,10.048468530000001,EXTRACTED
REG3_REG_16_,U_SCAN_0221/Q,89.49,35.0,True,27021,1.6685292,1.162664476,4.314287,5.9828162,EXTRACTED
REG3_REG_17_,U_SCAN_0222/Q,89.49,54.6,True,27021,2.21707437,3.108379529,9.576576,11.79365037,EXTRACTED
REG3_REG_18_,U_SCAN_0223/Q,92.15,61.6,True,26983,1.1093321999999999,0.784261423,8.157782,9.267114199999998,EXTRACTED
REG3_REG_19_,U_SCAN_0224/Q,92.91,57.4,True,26985,1.0526529500000001,1.505246188,4.8517779999999995,5.90443095,EXTRACTED
REG3_REG_1_,U_SCAN_0225/Q,51.3,63.0,True,26940,1.8779322999999999,3.303886552,5.9133189999999995,7.791251299999999,EXTRACTED
REG3_REG_20_,U_SCAN_0226/Q,89.87,70.0,True,24109,1.18732697,0.7549999039999999,8.07855,9.26587697,EXTRACTED
REG3_REG_21_,U_SCAN_0227/Q,92.53,79.8,True,24115,1.0403487,0.29193735,6.43158,7.4719287,EXTRACTED
REG3_REG_22_,U_SCAN_0228/Q,88.16,79.8,True,24110,0.4327164,0.6331692620000002,4.8517779999999995,5.2844944,EXTRACTED
REG3_REG_23_,U_SCAN_0229/Q,87.59,88.2,True,24032,1.5006459,0.579946169,8.005065,9.5057109,EXTRACTED
REG3_REG_24_,U_SCAN_0230/Q,81.13,82.6,True,24122,0.9023021,0.5878166680000001,6.4625189999999995,7.3648210999999995,EXTRACTED
REG3_REG_25_,U_SCAN_0231/Q,70.87,102.2,True,24053,1.4550637,1.2906425419999998,6.541524,7.9965877,EXTRACTED
REG3_REG_26_,U_SCAN_0232/Q,62.32,103.6,True,24074,1.86581044,1.521811878,9.699641,11.56545144,EXTRACTED
REG3_REG_27_,U_SCAN_0233/Q,59.09,105.0,True,24064,1.0841498,0.8697285499999998,7.953062,9.0372118,EXTRACTED
REG3_REG_28_,U_SCAN_0234/Q,54.53,110.6,True,24121,1.4515552,0.9966649710000001,6.435894,7.887449200000001,EXTRACTED
REG3_REG_2_,U_SCAN_0235/Q,53.39,64.4,True,26950,3.59799337,4.144301361999999,6.885908,10.48390137,EXTRACTED
REG3_REG_3_,U_SCAN_0236/Q,36.86,60.2,True,24086,6.03350611,5.2489155289,17.030894,23.06440011,EXTRACTED
REG3_REG_4_,U_SCAN_0237/Q,29.64,33.6,True,26665,1.7642867,1.781787383,9.431323,11.1956097,EXTRACTED
REG3_REG_5_,U_SCAN_0238/Q,24.51,26.6,True,26698,3.497538879999999,2.703601875999999,8.977854,12.47539288,EXTRACTED
REG3_REG_6_,U_SCAN_0239/Q,22.8,16.8,True,26766,1.1965885,1.1389888660000005,7.497453999999999,8.6940425,EXTRACTED
REG3_REG_7_,U_SCAN_0240/Q,25.27,12.6,True,26719,2.1136852,2.939529187,11.399811,13.513496199999999,EXTRACTED
REG3_REG_8_,U_SCAN_0241/Q,31.54,11.2,True,26714,0.9302362,0.7440731679999999,7.311064,8.2413002,EXTRACTED
REG3_REG_9_,U_SCAN_0242/Q,36.29,9.8,True,26723,0.8345917999999999,1.1801006750000003,7.90874,8.7433318,EXTRACTED
STATE_REG,U_SCAN_0243/Q,41.23,8.4,True,26613,11.949688400000001,11.045905755999998,12.720303,24.6699914,EXTRACTED
U6251,_3901_/Z,12.35,30.8,False,21752,1.6228220000000002,1.065312338,1.119679,2.7425010000000003,EXTRACTED
U6255,_3179_/ZN,63.46,105.0,False,25465,0.0550148,0.07760706,1.119679,1.1746938,EXTRACTED
U6257,_3195_/ZN,58.14,102.2,False,25561,0.561774,0.18330581999999998,1.119679,1.681453,EXTRACTED
U6258,_3907_/ZN,95.38,64.4,False,27892,0.696636,1.06531983,1.119679,1.8163150000000001,EXTRACTED
U6260,_3909_/ZN,10.45,75.6,False,21063,0.1830824,0.20547986999999998,1.119679,1.3027614,EXTRACTED
U6295,_4467_/ZN,33.25,103.6,False,25564,0.442808,0.47491937999999995,1.119679,1.562487,EXTRACTED
U6296,_4471_/ZN,37.62,96.6,False,25396,0.1748504,0.24920222,1.119679,1.2945294,EXTRACTED
U6297,_4476_/ZN,45.41,95.2,False,25452,0.321106,0.18619552,1.119679,1.440785,EXTRACTED
U6298,_4481_/ZN,52.25,95.2,False,25506,0.1148114,0.06171359,1.119679,1.2344904,EXTRACTED
U6299,_4488_/ZN,27.74,53.2,False,45923,0.8114516,1.1300869599999999,1.119679,1.9311306000000001,EXTRACTED
U6304,_4582_/ZN,61.37,56.0,False,27710,0.7945800000000001,0.6396376909999999,1.119679,1.9142590000000002,EXTRACTED
U6305,_4654_/ZN,48.83,43.4,False,26948,3.183386,1.21593083,1.119679,4.303065,EXTRACTED
U6316,_4686_/ZN,22.8,75.6,False,20872,0.0534612,0.129441817,1.119679,1.1731402000000002,EXTRACTED
U6317,_4687_/Z,27.55,64.4,False,21015,0.20272,0.286249755,1.119679,1.322399,EXTRACTED
U6319,_4688_/Z,35.34,68.6,False,21053,1.7914072,0.74799002,1.119679,2.9110862,EXTRACTED
U6326,_4699_/ZN,87.02,35.0,False,26163,0.445542,0.257889026,1.119679,1.5652210000000002,EXTRACTED
U6332,_4701_/ZN,29.64,91.0,False,25366,0.1399314,0.06111769,1.119679,1.2596104000000001,EXTRACTED
U6382,_4705_/ZN,70.68,72.8,False,24602,0.5497626,0.9923829028000001,1.119679,1.6694416,EXTRACTED
U6383,_4711_/ZN,34.2,9.8,False,26815,0.7009656,1.5089592079999998,1.119679,1.8206446,EXTRACTED
U6384,_4718_/ZN,91.2,30.8,False,29667,0.544544,0.24086649200000002,1.119679,1.6642230000000002,EXTRACTED
U6385,_4723_/ZN,31.92,30.8,False,26937,0.24745399999999998,0.11940728399999999,1.119679,1.3671330000000002,EXTRACTED
U6386,_4729_/ZN,92.72,49.0,False,29829,0.845208,1.150429255,1.119679,1.964887,EXTRACTED
U6387,_4736_/ZN,91.39,23.8,False,29663,0.6913830000000001,0.39578872,1.119679,1.8110620000000002,EXTRACTED
U6388,_4743_/ZN,35.91,11.2,False,27033,0.0517854,0.03314057,1.119679,1.1714644,EXTRACTED
U6389,_4751_/ZN,57.38,11.2,False,27301,0.0736314,0.0744492,1.119679,1.1933104,EXTRACTED
U6390,_4758_/ZN,33.63,7.0,False,27131,0.588636,0.29587449,1.119679,1.7083150000000002,EXTRACTED
U6391,_4767_/ZN,96.52,43.4,False,29557,0.76062406,0.49029016,1.119679,1.8803030600000001,EXTRACTED
U6392,_4771_/ZN,30.02,19.6,False,26148,0.52832207,0.68503787,1.119679,1.64800107,EXTRACTED
U6393,_4779_/ZN,64.98,14.0,False,29063,0.142924,0.05236421,1.119679,1.2626030000000001,EXTRACTED
U6394,_4784_/ZN,30.59,40.6,False,26826,0.5228599,0.5976772850000001,1.119679,1.6425389000000001,EXTRACTED
U6395,_4788_/ZN,74.29,43.4,False,27520,0.302094,0.46039666,1.119679,1.421773,EXTRACTED
U6396,_4791_/ZN,34.2,40.6,False,28862,0.1699716,0.3338213,1.119679,1.2896506,EXTRACTED
U6397,_4798_/ZN,88.73,39.2,False,29751,0.9610299999999998,1.4987270039999998,1.119679,2.0807089999999997,EXTRACTED
U7101,_3233_/ZN,24.51,51.8,False,13154,0.8502663,1.1527522829999999,1.119679,1.9699453,EXTRACTED
U7155,_3238_/ZN,46.17,49.0,False,27472,2.7361405000000003,1.36684399,1.119679,3.8558195000000004,EXTRACTED
U7162,_3295_/ZN,42.94,50.4,False,25380,3.3455414999999995,1.2545658000000002,1.119679,4.465220499999999,EXTRACTED
U7265,_3296_/Z,94.43,33.6,False,27402,0.1127018,0.5784521,1.119679,1.2323808,EXTRACTED
U7270,_3297_/Z,96.52,32.2,False,27332,0.218292,0.1525267,1.119679,1.337971,EXTRACTED
U7273,_3298_/Z,100.89,35.0,False,27270,0.1643164,0.021854480000000003,1.119679,1.2839954,EXTRACTED
U7277,_3299_/Z,100.7,33.6,False,27088,0.7378734,0.185863632,1.119679,1.8575524,EXTRACTED
U7282,_3300_/Z,40.85,107.8,False,24646,0.1114672,0.03776784,1.119679,1.2311462000000002,EXTRACTED
U7286,_3301_/Z,27.55,78.4,False,25228,0.221892,0.06333118949000001,1.119679,1.341571,EXTRACTED
U7292,_3302_/Z,31.16,4.2,False,26694,0.0993342,0.0315141,1.119679,1.2190132,EXTRACTED
U7294,_3303_/Z,28.5,5.6,False,26658,0.1665696,0.226875282,1.119679,1.2862486000000002,EXTRACTED
U7300,_3304_/Z,101.84,46.2,False,26906,0.20141199999999998,0.5911427800000001,1.119679,1.321091,EXTRACTED
U7307,_3305_/Z,103.36,42.0,False,26970,0.360922,0.41190400000000005,1.119679,1.480601,EXTRACTED
U7315,_3309_/ZN,27.93,50.4,False,16933,0.35354599999999997,0.69870378,1.119679,1.473225,EXTRACTED
U7317,_3703_/ZN,35.34,71.4,False,31426,0.594866,0.575951681,1.119679,1.7145450000000002,EXTRACTED
U7318,_2279_/ZN,25.84,99.4,True,26613,15.41769376,13.65082260748999,30.845496,46.26318976,EXTRACTED
U7330,_3704_/ZN,31.54,64.4,False,25704,2.490933,2.820486341,1.119679,3.610612,EXTRACTED
U7423,_2621_/ZN,94.05,56.0,False,27393,0.22439199999999998,0.14378195,1.119679,1.344071,EXTRACTED
U7646,_3737_/Z,27.74,86.8,False,25376,0.0650288,0.1479402,1.119679,1.1847078,EXTRACTED
U7647,_3740_/Z,28.5,93.8,False,25390,0.0581468,0.033088559999999996,1.119679,1.1778258000000001,EXTRACTED
U7648,_3825_/Z,32.49,99.4,False,25464,0.325122,0.38523519999999994,1.119679,1.444801,EXTRACTED
U7649,_3842_/Z,37.62,99.4,False,25266,0.427732,0.19582862799999998,1.119679,1.547411,EXTRACTED
U7650,_3854_/Z,43.51,100.8,False,25258,0.29991,0.13152211000000003,1.119679,1.4195890000000002,EXTRACTED
U7651,_3864_/Z,52.06,99.4,False,25236,0.31114400000000003,0.45499437400000003,1.119679,1.4308230000000002,EXTRACTED
U7652,_3892_/Z,55.1,75.6,False,24456,0.115572,0.011991798,1.119679,1.235251,EXTRACTED
U7653,_3894_/Z,27.55,85.4,False,26598,0.0537674,0.047303399999999995,1.119679,1.1734464,EXTRACTED
U7654,_3895_/Z,25.08,93.8,False,25988,0.068544,0.07016781000000001,1.119679,1.188223,EXTRACTED
U7655,_3896_/Z,34.01,99.4,False,28466,0.1686694,0.07529797999999999,1.119679,1.2883484,EXTRACTED
U7656,_3897_/Z,38.95,100.8,False,27808,0.07748400000000001,0.03205106,1.119679,1.1971630000000002,EXTRACTED
U7657,_3898_/Z,52.82,109.2,False,27520,0.769865,0.34275095199999994,1.119679,1.8895440000000001,EXTRACTED
U7658,_3899_/Z,53.96,102.2,False,29508,0.079515,0.062262929999999994,1.119679,1.199194,EXTRACTED
U7659,_3900_/Z,55.1,77.0,False,28882,0.332594,0.36239827,1.119679,1.4522730000000001,EXTRACTED
U9234,_3919_/ZN,31.54,18.2,False,27226,0.280268,0.29828001,1.119679,1.399947,EXTRACTED
U9235,_3928_/ZN,76.95,32.2,False,27200,0.814443,0.94886848,1.119679,1.9341220000000001,EXTRACTED
U9236,_3941_/ZN,57.76,18.2,False,26562,1.0149059,0.79937691,1.119679,2.1345849,EXTRACTED
U9237,_3953_/ZN,37.62,18.2,False,25936,0.4590223,0.7016184,1.119679,1.5787013,EXTRACTED
U9238,_3966_/ZN,72.2,18.2,False,27216,0.20602,0.060448810000000006,1.119679,1.3256990000000002,EXTRACTED
U9239,_3972_/ZN,74.86,99.4,False,24815,0.1561782,0.08542974,1.119679,1.2758572000000001,EXTRACTED
U9240,_3984_/ZN,28.88,25.2,False,26446,0.0460826,0.09291123,1.119679,1.1657616000000002,EXTRACTED
U9241,_4004_/ZN,74.67,51.8,False,27536,0.7294160000000001,0.288243114,1.119679,1.8490950000000002,EXTRACTED
U9242,_4019_/ZN,43.13,19.6,False,25970,0.6037763,0.31920895999999993,1.119679,1.7234553000000001,EXTRACTED
U9243,_4031_/ZN,74.86,22.4,False,27252,0.600336,0.13156545400000003,1.119679,1.720015,EXTRACTED
U9244,_4043_/ZN,65.74,19.6,False,26900,0.455198,0.36061278,1.119679,1.574877,EXTRACTED
U9245,_4050_/ZN,65.93,102.2,False,25357,0.113567,0.069426704,1.119679,1.233246,EXTRACTED
U9246,_4061_/ZN,77.71,39.2,False,27702,0.5404719,0.854310578,1.119679,1.6601509,EXTRACTED
U9247,_4069_/ZN,97.09,51.8,False,25848,0.09678,0.0766257,1.119679,1.2164590000000002,EXTRACTED
U9248,_4075_/ZN,95.57,49.0,False,29891,0.340288,0.44255736999999995,1.119679,1.459967,EXTRACTED
U9249,_4083_/ZN,89.87,14.0,False,28830,0.570364,0.25982704,1.119679,1.6900430000000002,EXTRACTED
U9250,_4101_/ZN,73.34,81.2,False,24448,0.24280800000000002,0.327789293,1.119679,1.3624870000000002,EXTRACTED
U9251,_4114_/ZN,70.87,84.0,False,24458,0.42692,0.39890288,1.119679,1.546599,EXTRACTED
U9252,_4127_/ZN,71.82,91.0,False,24442,0.1927942,0.169554674,1.119679,1.3124732000000001,EXTRACTED
U9253,_4146_/ZN,63.84,93.8,False,24484,0.1291184,0.39657269999999994,1.119679,1.2487974000000002,EXTRACTED
U9254,_4153_/ZN,83.6,7.0,False,28965,0.133957,0.04742705400000001,1.119679,1.2536360000000002,EXTRACTED
U9255,_4161_/ZN,71.06,8.4,False,30299,0.20404,0.53718205,1.119679,1.323719,EXTRACTED
U9256,_4169_/ZN,72.77,4.2,False,27595,0.266978,0.08662223,1.119679,1.386657,EXTRACTED
U9257,_4176_/ZN,53.39,5.6,False,27643,0.1053268,0.030785599999999996,1.119679,1.2250058000000001,EXTRACTED
U9258,_4183_/ZN,35.72,1.4,False,27857,0.0876912,0.40725661,1.119679,1.2073702000000002,EXTRACTED
U9259,_4191_/ZN,25.46,1.4,False,27501,0.254252,0.20221914,1.119679,1.373931,EXTRACTED
U9260,_4197_/ZN,16.72,11.2,False,27190,0.0445338,0.07533820000000001,1.119679,1.1642128,EXTRACTED
U9261,_4203_/ZN,18.24,16.8,False,26609,0.5884659999999999,0.49890841,1.119679,1.708145,EXTRACTED
U9262,_4211_/ZN,14.06,23.8,False,31585,0.6432680000000001,0.9185149,1.119679,1.762947,EXTRACTED
U9263,_4219_/ZN,17.1,35.0,False,39352,0.466104,0.364632898,1.119679,1.5857830000000002,EXTRACTED
U9264,_4224_/ZN,40.28,8.4,False,27914,0.736516,0.7703260866999999,1.119679,1.856195,EXTRACTED
U9265,_4234_/ZN,25.46,44.8,False,42610,0.865888,1.71573901,1.119679,1.985567,EXTRACTED
U9266,_4241_/ZN,23.37,30.8,False,29943,0.5544912,1.1426662410000001,1.119679,1.6741702,EXTRACTED
U9267,_4251_/ZN,91.96,88.2,False,24851,0.079837,0.022322170000000002,1.119679,1.199516,EXTRACTED
U9268,_4258_/ZN,39.33,58.8,False,47156,0.1314412,0.194139348,1.119679,1.2511202000000001,EXTRACTED
U9269,_4265_/ZN,90.25,64.4,False,31145,0.828481,0.426112721,1.119679,1.9481600000000001,EXTRACTED
U9270,_4272_/ZN,45.79,61.6,False,28180,0.48207730000000004,0.9517094370000001,1.119679,1.6017563000000001,EXTRACTED
U9271,_4282_/ZN,85.12,81.2,False,25133,0.5445859,0.84139809,1.119679,1.6642649,EXTRACTED
U9272,_4290_/ZN,29.83,26.6,False,27374,0.1155456,0.05775784,1.119679,1.2352246,EXTRACTED
U9273,_4301_/ZN,91.39,50.4,False,29771,0.330372,0.10900081,1.119679,1.4500510000000002,EXTRACTED
U9274,_4309_/ZN,80.56,79.8,False,24983,0.231382,0.7054744799999999,1.119679,1.351061,EXTRACTED
U9275,_4318_/ZN,39.33,14.0,False,27189,0.23706000000000002,0.162841536,1.119679,1.3567390000000001,EXTRACTED
U9276,_4325_/ZN,92.34,68.6,False,25083,0.13044139999999999,0.04617209,1.119679,1.2501204000000001,EXTRACTED
U9277,_4332_/ZN,87.4,81.2,False,24979,0.20277,0.390971975,1.119679,1.3224490000000002,EXTRACTED
U9278,_4339_/ZN,50.92,65.8,False,28600,0.29023,0.6955431,1.119679,1.409909,EXTRACTED
U9279,_4348_/ZN,87.02,54.6,False,29567,0.6990069999999999,1.7309542909999998,1.119679,1.818686,EXTRACTED
U9280,_4363_/ZN,75.43,54.6,False,27798,0.6180095999999999,0.35717361999999997,1.119679,1.7376886,EXTRACTED
U9281,_4376_/ZN,76.76,60.2,False,27660,0.1444254,0.2256848,1.119679,1.2641044000000001,EXTRACTED
U9282,_4388_/ZN,56.05,68.6,False,24774,0.13094619999999998,0.027381539999999996,1.119679,1.2506252,EXTRACTED
U9283,_4391_/ZN,30.78,91.0,False,25384,0.278872,0.214500886,1.119679,1.398551,EXTRACTED
U9284,_3197_/ZN,7.79,96.6,False,24495,0.44106,0.32601647,1.119679,1.560739,EXTRACTED
U9285,_3198_/ZN,7.22,95.2,False,24069,0.0439612,0.08184,1.119679,1.1636402000000001,EXTRACTED
U9286,_3199_/ZN,12.16,96.6,False,23801,0.986126,0.934902974,1.119679,2.105805,EXTRACTED
U9287,_3200_/ZN,6.65,92.4,False,23787,0.041011,0.10617311,1.119679,1.16069,EXTRACTED
U9288,_3201_/ZN,6.08,88.2,False,24049,0.1511116,0.049701456,1.119679,1.2707906000000002,EXTRACTED
U9289,_3202_/ZN,6.84,86.8,False,23907,0.050345600000000004,0.048795559999999995,1.119679,1.1700246,EXTRACTED
U9290,_3203_/ZN,8.17,84.0,False,23929,0.0580554,0.08957499000000001,1.119679,1.1777344,EXTRACTED
U9291,_3204_/ZN,14.44,84.0,False,25083,0.587636,0.50673673,1.119679,1.7073150000000001,EXTRACTED
U9292,_3205_/ZN,16.72,85.4,False,25035,0.10963540000000001,0.27877465,1.119679,1.2293144,EXTRACTED
U9293,_3206_/ZN,11.02,78.4,False,24767,1.5189164000000002,0.8787787299999998,1.119679,2.6385954000000003,EXTRACTED
U9294,_3207_/ZN,12.73,88.2,False,24067,0.0431384,0.01734406,1.119679,1.1628174,EXTRACTED
U9295,_3208_/ZN,13.3,91.0,False,23653,0.030063600000000003,0.11044356,1.119679,1.1497426000000002,EXTRACTED
U9296,_3209_/ZN,12.35,93.8,False,23957,0.292476,0.9233137600000001,1.119679,1.412155,EXTRACTED
U9297,_3210_/ZN,21.47,92.4,False,24617,1.3168090000000001,0.29729184,1.119679,2.436488,EXTRACTED
U9298,_3211_/ZN,14.06,91.0,False,23697,0.53163,0.3952267,1.119679,1.6513090000000001,EXTRACTED
U9299,_3212_/ZN,15.01,100.8,False,24615,0.480296,0.35003331,1.119679,1.5999750000000001,EXTRACTED
U9300,_3213_/ZN,20.71,92.4,False,25013,0.09764600000000001,0.057762564999999995,1.119679,1.2173250000000002,EXTRACTED
U9301,_3214_/ZN,21.09,91.0,False,25009,0.0654776,0.052388370000000004,1.119679,1.1851566,EXTRACTED
U9302,_3215_/ZN,22.04,95.2,False,24275,0.41955,0.24122683999999997,1.119679,1.5392290000000002,EXTRACTED
U9303,_3216_/ZN,22.04,98.0,False,24193,0.604514,0.30802283999999996,1.119679,1.724193,EXTRACTED
U9304,_3217_/ZN,21.28,98.0,False,24287,0.37175,0.21733339999999998,1.119679,1.4914290000000001,EXTRACTED
U9305,_3218_/ZN,20.33,98.0,False,24173,0.5863657,0.32726389100000003,1.119679,1.7060447,EXTRACTED
U9306,_3219_/ZN,17.67,98.0,False,24473,0.11278160000000001,0.005009792,1.119679,1.2324606,EXTRACTED
U9307,_3220_/ZN,8.74,107.8,False,24691,0.996642,0.484312178,1.119679,2.116321,EXTRACTED
U9308,_3221_/ZN,14.25,96.6,False,24621,0.136263,0.05690681,1.119679,1.2559420000000001,EXTRACTED
U9309,_3222_/ZN,20.33,95.2,False,24317,0.6790678,0.51768123,1.119679,1.7987468,EXTRACTED
U9310,_3223_/ZN,8.74,99.4,False,24433,0.1926952,0.20220610500000005,1.119679,1.3123742,EXTRACTED
U9311,_3224_/ZN,2.09,99.4,False,23853,0.8701409999999999,0.44964216,1.119679,1.98982,EXTRACTED
U9312,_3225_/ZN,11.4,96.6,False,24391,0.62639,0.16941186,1.119679,1.746069,EXTRACTED
U9313,_3226_/ZN,5.7,96.6,False,23767,0.43617599999999995,0.37498891,1.119679,1.555855,EXTRACTED
U9314,_4395_/ZN,18.24,54.6,False,17281,1.0957000000000001,0.7568908799999999,1.119679,2.2153790000000004,EXTRACTED
U9315,_4398_/ZN,20.52,44.8,False,19378,0.087365,0.04015653,1.119679,1.207044,EXTRACTED
U9316,_4401_/ZN,13.87,40.6,False,19025,0.25875600000000004,0.34829349000000004,1.119679,1.378435,EXTRACTED
U9317,_4402_/Z,16.72,40.6,False,20348,0.27273400000000003,0.14118648500000003,0.77983,1.052564,EXTRACTED
U9318,_4405_/ZN,10.26,36.4,False,19765,0.320584,0.19020078000000004,1.119679,1.440263,EXTRACTED
U9319,_4408_/ZN,8.36,33.6,False,19708,0.5927600000000001,0.37758544,1.119679,1.7124390000000003,EXTRACTED
U9320,_4412_/ZN,7.22,42.0,False,20069,0.13215079999999998,0.29673414299999995,1.119679,1.2518298,EXTRACTED
U9321,_4413_/Z,11.02,30.8,False,19698,1.1218650000000001,1.27570711,1.119679,2.241544,EXTRACTED
U9322,_4414_/Z,19.19,35.0,False,19353,0.9246639999999999,0.88221499,1.119679,2.044343,EXTRACTED
U9323,_4416_/ZN,7.41,43.4,False,21710,0.46427,0.412637376,1.119679,1.583949,EXTRACTED
U9324,_4420_/ZN,6.84,49.0,False,21385,0.07359,0.059604540000000004,1.119679,1.1932690000000001,EXTRACTED
U9325,_4424_/ZN,7.98,57.4,False,21623,0.047152,0.02976539,1.119679,1.1668310000000002,EXTRACTED
U9326,_4426_/ZN,6.08,61.6,False,22301,0.29245,0.23488712,1.119679,1.4121290000000002,EXTRACTED
U9327,_4430_/ZN,6.46,64.4,False,21700,0.0510464,0.0199853,1.119679,1.1707254,EXTRACTED
U9328,_4432_/ZN,6.84,74.2,False,21666,0.112636,0.13529129,1.119679,1.232315,EXTRACTED
U9329,_4436_/ZN,4.56,70.0,False,21869,0.13988060000000002,0.24879835,1.119679,1.2595596000000002,EXTRACTED
U9330,_4438_/ZN,14.82,67.2,False,12965,0.1391222,0.06557714,1.119679,1.2588012000000002,EXTRACTED
U9331,_4442_/ZN,7.6,86.8,False,21901,1.0487600000000001,0.44364762900000004,1.119679,2.1684390000000002,EXTRACTED
U9332,_4444_/ZN,20.33,79.8,False,20065,0.0602592,0.03360136,1.119679,1.1799382,EXTRACTED
U9333,_4447_/ZN,16.15,85.4,False,18676,0.5022639999999999,0.38491463000000004,1.119679,1.621943,EXTRACTED
U9334,_4450_/ZN,22.04,78.4,False,19474,0.1411398,0.03472295,1.119679,1.2608188,EXTRACTED
U9335,_4452_/ZN,21.09,60.2,False,22977,0.5464306,0.412850665,1.119679,1.6661096,EXTRACTED
U9336,_4455_/ZN,24.13,61.6,False,17903,0.054263399999999996,0.014516021000000002,1.119679,1.1739424,EXTRACTED
U9337,_4459_/ZN,18.24,60.2,False,18527,1.513502,1.4407737800000002,1.119679,2.633181,EXTRACTED
U9338,_4460_/Z,19.76,51.8,False,19568,0.87384,0.5368172,1.119679,1.993519,EXTRACTED
U9339,_4461_/Z,21.85,84.0,False,26723,0.1126364,0.20851064,1.119679,1.2323154,EXTRACTED
U9340,_4462_/Z,21.09,86.8,False,25953,0.06883159999999999,0.009548911,1.119679,1.1885106,EXTRACTED
U9463,_4489_/Z,34.01,105.0,False,24534,0.130353,0.034308764,1.119679,1.250032,EXTRACTED
U9464,_4490_/Z,38.76,106.4,False,25446,0.420736,0.3877818799999999,1.119679,1.540415,EXTRACTED
U9465,_4491_/Z,44.27,107.8,False,24752,0.15074,0.12996787499999998,1.119679,1.2704190000000002,EXTRACTED
U9466,_4492_/Z,49.21,107.8,False,24812,0.1586242,0.08588123,1.119679,1.2783032,EXTRACTED
U9467,_4493_/Z,53.01,107.8,False,25192,0.6613367,0.45343104,1.119679,1.7810157000000002,EXTRACTED
U9468,_4494_/Z,58.33,107.8,False,24724,0.08630840000000001,0.0412232,1.119679,1.2059874000000002,EXTRACTED
U9469,_4495_/Z,75.62,106.4,False,24008,0.14029919999999999,0.0276299,1.119679,1.2599782000000002,EXTRACTED
U9470,_4496_/Z,81.51,107.8,False,24086,0.1569968,0.09253954,1.119679,1.2766758,EXTRACTED
U9471,_4497_/Z,86.26,88.2,False,24176,0.15516139999999998,0.10167134897,1.119679,1.2748404,EXTRACTED
U9472,_4498_/Z,86.64,91.0,False,23980,0.543512,0.0814641,1.119679,1.663191,EXTRACTED
U9473,_4499_/Z,96.33,86.8,False,24086,0.31131000000000003,0.266409,1.119679,1.430989,EXTRACTED
U9474,_4500_/Z,97.28,67.2,False,27028,0.52041,0.5330922,1.119679,1.6400890000000001,EXTRACTED
U9475,_4501_/Z,99.56,63.0,False,26922,0.1925614,0.088153212,1.119679,1.3122404,EXTRACTED
U9476,_4502_/Z,99.37,58.8,False,26948,0.18452480000000002,0.2908234,1.119679,1.3042038,EXTRACTED
U9477,_4503_/Z,100.51,46.2,False,26952,0.218018,0.068733,1.119679,1.3376970000000001,EXTRACTED
U9478,_4504_/Z,94.81,32.2,False,27558,0.298116,0.74105738,1.119679,1.4177950000000001,EXTRACTED
U9479,_4505_/Z,26.79,9.8,False,26762,0.050405399999999996,0.16512104,1.119679,1.1700844000000001,EXTRACTED
U9480,_4506_/Z,27.36,7.0,False,26938,0.59527807,0.35456802299999995,1.119679,1.71495707,EXTRACTED
U9481,_4507_/Z,29.07,2.8,False,26598,0.183012,0.33800246,1.119679,1.302691,EXTRACTED
U9482,_4508_/Z,27.17,65.8,False,25332,0.1738404,0.00291807,1.119679,1.2935194,EXTRACTED
U9483,_4509_/Z,100.89,63.0,False,26934,0.382652,0.240033783,1.119679,1.502331,EXTRACTED
U9484,_4510_/Z,106.21,51.8,False,27940,0.4890525,0.31967260000000003,1.119679,1.6087315000000002,EXTRACTED
U9485,_4513_/Z,66.88,98.0,False,24128,0.1922864,0.13828127,1.119679,1.3119654,EXTRACTED
U9486,_4517_/Z,74.67,98.0,False,24206,0.1477964,0.35565739,1.119679,1.2674754000000001,EXTRACTED
U9487,_4521_/Z,75.43,84.0,False,24184,1.0629049,0.6194735499999999,1.119679,2.1825839,EXTRACTED
U9488,_4525_/Z,81.32,86.8,False,24252,0.1971644,0.22616707,1.119679,1.3168434,EXTRACTED
U9489,_4528_/Z,60.42,75.6,False,24498,0.683414,0.5938565739999999,1.119679,1.803093,EXTRACTED
U9490,_4531_/Z,60.04,63.0,False,27426,0.7520640000000001,1.347179345,1.119679,1.8717430000000002,EXTRACTED
U9491,_4535_/Z,82.65,58.8,False,27560,0.240236,0.01547154949,1.119679,1.359915,EXTRACTED
U9492,_4538_/Z,81.7,50.4,False,27526,0.1289524,0.13241828,1.119679,1.2486314,EXTRACTED
U9493,_4553_/Z,77.9,43.4,False,27434,0.443086,0.603239841,1.119679,1.5627650000000002,EXTRACTED
U9494,_4557_/Z,84.74,28.0,False,27350,0.36909,0.61010023,1.119679,1.488769,EXTRACTED
U9495,_4561_/Z,83.03,23.8,False,27342,0.1879022,0.26000529,1.119679,1.3075812,EXTRACTED
U9496,_4564_/Z,80.37,18.2,False,27228,0.1816226,0.13919042,1.119679,1.3013016000000002,EXTRACTED
U9497,_4568_/Z,74.86,9.8,False,27102,0.3455,0.4388674700000001,1.119679,1.465179,EXTRACTED
U9498,_4571_/Z,63.46,8.4,False,26920,0.31712,0.19894407000000003,1.119679,1.4367990000000002,EXTRACTED
U9499,_4585_/Z,49.4,7.0,False,27050,0.09837639999999999,0.011173094,1.119679,1.2180554000000001,EXTRACTED
U9500,_4588_/Z,43.89,2.8,False,26566,0.0745318,0.14952695,1.119679,1.1942108,EXTRACTED
U9501,_4593_/Z,26.03,8.4,False,26844,0.1021942,0.14858029,1.119679,1.2218732,EXTRACTED
U9502,_4597_/Z,13.68,14.0,False,26918,0.277082,0.26029019000000003,1.119679,1.3967610000000001,EXTRACTED
U9503,_4612_/Z,15.39,22.4,False,26770,0.943432,0.61520068,1.119679,2.063111,EXTRACTED
U9504,_4617_/Z,17.67,26.6,False,26846,0.11740619999999999,0.11449489999999998,1.119679,1.2370852,EXTRACTED
U9505,_4631_/Z,26.03,30.8,False,26758,0.22639,0.3080071,1.119679,1.3460690000000002,EXTRACTED
U9506,_4640_/Z,26.22,75.6,False,25528,0.0614906,0.03153604,1.119679,1.1811696,EXTRACTED
U9507,_4644_/ZN,28.88,102.2,False,24388,0.055201400000000005,0.03532086,1.119679,1.1748804000000002,EXTRACTED
U9508,_4648_/Z,52.06,58.8,False,27452,0.4398438,0.89803868,1.119679,1.5595228,EXTRACTED
U9509,_4657_/Z,42.18,9.8,False,26676,0.653027,0.6449945699999999,1.119679,1.7727060000000001,EXTRACTED
U9510,_4658_/Z,67.83,95.2,False,28726,0.9083,0.50209338,1.119679,2.027979,EXTRACTED
U9511,_4659_/Z,72.58,99.4,False,28624,0.082525,0.07666156,1.119679,1.202204,EXTRACTED
U9512,_4660_/Z,76.57,92.4,False,28662,0.7213502,0.21268218,1.119679,1.8410292000000001,EXTRACTED
U9513,_4661_/Z,80.56,88.2,False,28678,0.413306,0.1344379,1.119679,1.532985,EXTRACTED
U9514,_4662_/Z,53.2,67.2,False,29014,0.1989774,0.1831175,1.119679,1.3186564,EXTRACTED
U9515,_4663_/Z,63.27,60.2,False,32266,0.401246,0.45243602000000005,1.119679,1.520925,EXTRACTED
U9516,_4664_/Z,78.28,57.4,False,32678,0.544546,0.46320016999999997,1.119679,1.664225,EXTRACTED
U9517,_4665_/Z,76.76,50.4,False,32338,0.188522,0.179680105,1.119679,1.3082010000000002,EXTRACTED
U9518,_4666_/Z,79.04,39.2,False,32768,0.40265199999999995,0.4049645640000001,1.119679,1.522331,EXTRACTED
U9519,_4667_/Z,75.05,35.0,False,32618,0.422072,0.28884978000000006,1.119679,1.541751,EXTRACTED
U9520,_4668_/Z,77.9,32.2,False,32654,0.17592000000000002,0.25477154,1.119679,1.2955990000000002,EXTRACTED
U9521,_4669_/Z,79.04,18.2,False,32470,0.0349258,0.043733999999999995,1.119679,1.1546048,EXTRACTED
U9522,_4670_/Z,74.86,12.6,False,32426,0.410334,0.7249963020000001,1.119679,1.530013,EXTRACTED
U9523,_4671_/Z,64.22,7.0,False,32426,0.0592694,0.03994512,1.119679,1.1789484000000001,EXTRACTED
U9524,_4672_/Z,56.24,7.0,False,28384,0.5701299999999999,0.48818090999999997,1.119679,1.689809,EXTRACTED
U9525,_4673_/Z,43.32,7.0,False,27726,0.0820658,0.01314223,1.119679,1.2017448000000002,EXTRACTED
U9526,_4674_/Z,27.55,11.2,False,27024,0.0901982,0.08633011000000002,1.119679,1.2098772000000002,EXTRACTED
U9527,_4675_/Z,15.01,14.0,False,26928,0.053415000000000004,0.03927515,1.119679,1.173094,EXTRACTED
U9528,_4676_/Z,14.44,11.2,False,26848,0.790116,0.41764147,1.119679,1.9097950000000001,EXTRACTED
U9529,_4677_/Z,23.18,25.2,False,27128,0.1537574,0.4913901740000001,1.119679,1.2734364,EXTRACTED
U9530,_4678_/Z,25.46,32.2,False,27382,0.8678082,1.155798562,1.119679,1.9874872000000001,EXTRACTED
U9531,_4679_/Z,23.56,84.0,False,25886,0.407154,0.42066696000000003,1.119679,1.526833,EXTRACTED
U9532,_4681_/ZN,31.54,105.0,False,25410,0.46334000000000003,0.24521986399999995,1.119679,1.5830190000000002,EXTRACTED
U9533,_4682_/Z,51.3,64.4,False,28498,0.5883160000000001,0.46911344,1.119679,1.7079950000000002,EXTRACTED
U9534,_4683_/Z,12.92,29.4,False,26870,0.2401,0.23502963,1.119679,1.359779,EXTRACTED
U9621,_2360_/ZN,31.16,68.6,False,2665,13.634946310000002,8.341222174000004,34.484126,48.11907231000001,EXTRACTED
WR_REG,output88/Z,27.55,110.6,True,24355,0.482258,0.0,0,0.482258,EXTRACTED
_0000_,_2756_/ZN,83.22,74.2,False,10621,0.8118135,1.2571529520000002,4.16418,4.9759934999999995,EXTRACTED
_0001_,_2757_/ZN,88.92,75.6,False,41594,0.34915,0.23768876500000002,2.645346,2.994496,EXTRACTED
_0002_,_2758_/ZN,68.59,81.2,False,10495,2.09664347,2.4518387119999994,13.024824,15.12146747,EXTRACTED
_0003_,_2759_/ZN,64.03,74.2,False,10495,1.03374642,1.9274406640000004,8.884826,9.91857242,EXTRACTED
_0004_,_2760_/ZN,89.49,74.2,False,24261,1.5686067000000001,1.325812092,6.4942709999999995,8.0628777,EXTRACTED
_0005_,_2761_/ZN,75.05,74.2,False,8617,0.0846594,0.11965825999999999,2.470033,2.5546924,EXTRACTED
_0006_,_2762_/ZN,77.52,74.2,False,10416,0.11391500000000002,0.28320507,2.54875,2.662665,EXTRACTED
_0007_,_2763_/ZN,77.33,75.6,False,20048,0.20697425,0.19941230000000001,2.615201,2.82217525,EXTRACTED
_0008_,_2764_/ZN,76.57,74.2,False,21077,1.16365889,1.7536369,9.248389,10.41204789,EXTRACTED
_0009_,_2765_/ZN,75.81,74.2,False,21077,4.932658899999999,5.159022024460001,11.764111,16.6967699,EXTRACTED
_0010_,_2766_/ZN,81.32,70.0,False,16366,0.382334,0.49885193,2.573608,2.9559420000000003,EXTRACTED
_0011_,_2767_/ZN,88.73,70.0,False,39751,0.6989827,0.66905048749,7.11815,7.8171327,EXTRACTED
_0012_,_2768_/ZN,70.3,68.6,False,14282,1.0344107999999999,1.3796970176,7.551202,8.5856128,EXTRACTED
_0013_,_2769_/ZN,85.69,70.0,False,41448,0.08783139999999999,0.129942777,1.571893,1.6597244,EXTRACTED
_0014_,_2770_/ZN,64.6,71.4,False,8859,1.9568500899999999,3.0453541299999993,15.350709,17.30755909,EXTRACTED
_0015_,_2771_/ZN,58.52,67.2,False,8859,2.0784644100000005,3.2147436039999997,14.842656,16.92112041,EXTRACTED
_0016_,_2772_/ZN,88.73,72.8,False,24252,2.65196,3.8152639450000003,4.981938,7.633898,EXTRACTED
_0017_,_2773_/ZN,54.15,72.8,False,19800,0.1033216,0.2267384,1.670716,1.7740376,EXTRACTED
_0018_,_2774_/ZN,53.01,72.8,False,20270,0.37323,0.4626892,0.974659,1.3478890000000001,EXTRACTED
_0019_,_2775_/ZN,70.68,63.0,False,20270,0.210758,0.136752778,1.647003,1.857761,EXTRACTED
_0020_,_2776_/ZN,80.75,68.6,False,14216,0.0556296,0.0,2.573608,2.6292376,EXTRACTED
_0021_,_2777_/ZN,81.7,68.6,False,41187,0.694098,0.83531455097,2.632616,3.326714,EXTRACTED
_0022_,_2778_/ZN,83.79,68.6,False,13215,0.6519865600000001,0.6849069529999999,2.625975,3.27796156,EXTRACTED
_0023_,_2779_/ZN,79.61,70.0,False,42380,0.659385,0.8392698806000001,3.414701,4.074086,EXTRACTED
_0024_,_2780_/ZN,86.26,68.6,False,42380,0.47433369999999997,0.192072082,3.347569,3.8219027,EXTRACTED
_0025_,_2781_/ZN,85.5,68.6,False,42295,0.797488,0.6566457300000001,2.562425,3.359913,EXTRACTED
_0026_,_2782_/ZN,92.53,65.8,False,27007,1.6824236000000001,1.4268850549999996,4.957659,6.6400825999999995,EXTRACTED
_0027_,_2783_/ZN,70.68,61.6,False,9420,1.1614915,1.5077447160000004,2.470033,3.6315245,EXTRACTED
_0028_,_2784_/ZN,52.63,67.2,False,10459,1.241095,1.3699502170000002,2.54875,3.789845,EXTRACTED
_0029_,_2785_/ZN,55.67,57.4,False,22000,0.8758607999999999,0.55814229,2.615201,3.4910617999999998,EXTRACTED
_0030_,_2786_/ZN,56.62,54.6,False,27691,2.3655115,2.721991369999999,12.332451,14.697962500000001,EXTRACTED
_0031_,_2787_/ZN,62.13,63.0,False,27691,3.2435260999999995,3.8949953539999997,10.293467,13.5369931,EXTRACTED
_0032_,_2788_/ZN,63.84,63.0,False,32972,0.36493400000000004,0.46832486500000003,1.626352,1.9912860000000001,EXTRACTED
_0033_,_2789_/ZN,58.71,65.8,False,33725,1.94719856,2.049285287,5.88792,7.83511856,EXTRACTED
_0034_,_2790_/Z,41.23,60.2,False,33725,4.21066488,5.844861594999997,19.15976,23.370424879999998,EXTRACTED
_0035_,_2791_/ZN,72.96,64.4,False,26927,0.6947359,0.850325613,3.313503,4.0082389,EXTRACTED
_0036_,_2792_/ZN,77.71,63.0,False,37792,0.204012,0.350474879,2.573608,2.77762,EXTRACTED
_0037_,_2793_/ZN,81.32,64.4,False,22669,0.18444149999999998,0.299962435,3.315544,3.4999855,EXTRACTED
_0038_,_2794_/ZN,82.46,64.4,False,36893,0.5850082,0.57113454,4.214062,4.7990702,EXTRACTED
_0039_,_2795_/ZN,84.55,65.8,False,36893,0.12564619999999999,0.127785335,1.599032,1.7246782,EXTRACTED
_0040_,_2796_/ZN,79.04,61.6,False,25047,1.9154440000000001,1.1439465380000002,3.2913810000000003,5.206825,EXTRACTED
_0041_,_2797_/ZN,68.4,19.6,False,33918,0.0663732,0.03779314,1.626352,1.6927252,EXTRACTED
_0042_,_2798_/ZN,67.83,21.0,False,35027,1.9422256599999999,2.0415455540000003,7.420747,9.36297266,EXTRACTED
_0043_,_2799_/Z,63.84,28.0,False,35027,3.07620981,2.925188632,16.531542,19.607751810000003,EXTRACTED
_0044_,_2800_/Z,77.9,18.2,False,27198,0.6487318,0.8009419589999999,5.036859,5.6855908,EXTRACTED
_0045_,_2801_/ZN,77.52,19.6,False,7523,0.0952074,0.1859506,1.626352,1.7215594,EXTRACTED
_0046_,_2802_/ZN,75.24,19.6,False,20965,0.5946932,0.5261368049999999,2.517177,3.1118702000000003,EXTRACTED
_0047_,_2803_/ZN,68.97,18.2,False,20226,0.6320172,0.637709596,2.638829,3.2708462,EXTRACTED
_0048_,_2804_/ZN,71.82,12.6,False,24561,2.1649905,1.4229086050000004,5.831244,7.9962345,EXTRACTED
_0049_,_2805_/ZN,75.43,18.2,False,24561,4.41667917,4.087855553000002,15.038222,19.45490117,EXTRACTED
_0050_,_2806_/ZN,76.57,30.8,False,34055,0.5482439299999999,0.608641674,2.573608,3.12185193,EXTRACTED
_0051_,_2807_/ZN,83.6,28.0,False,40522,0.20222220000000002,0.20027145400000002,3.313503,3.5157252,EXTRACTED
_0052_,_2808_/ZN,71.63,25.2,False,30118,0.9095622699999999,0.6748697739999999,3.315544,4.2251062699999995,EXTRACTED
_0053_,_2809_/ZN,84.93,26.6,False,18962,2.507538,2.210091548999999,8.326637,10.834175,EXTRACTED
_0054_,_2810_/ZN,88.16,21.0,False,18962,0.27835000000000004,0.23321753000000006,1.714471,1.9928210000000002,EXTRACTED
_0055_,_2811_/ZN,57.95,15.4,False,26774,0.963937,0.7672456969999999,4.948414,5.912350999999999,EXTRACTED
_0056_,_2812_/ZN,55.86,1.4,False,26231,0.8067017999999999,0.224272885,1.670716,2.4774178,EXTRACTED
_0057_,_2813_/ZN,60.61,9.8,False,26595,0.42466200000000004,0.6252892400000001,0.974659,1.399321,EXTRACTED
_0058_,_2814_/ZN,53.96,32.2,False,26595,1.7948371,1.387596989,4.100333,5.8951701,EXTRACTED
_0059_,_2815_/ZN,55.1,29.4,False,25749,0.41182399999999997,0.36664991299999994,1.626352,2.038176,EXTRACTED
_0060_,_2816_/ZN,55.67,23.8,False,26506,1.3082167,1.1690534504899994,13.350743,14.6589597,EXTRACTED
_0061_,_2817_/Z,60.42,28.0,False,26506,1.86545717,1.6342692730000004,14.645597,16.51105417,EXTRACTED
_0062_,_2818_/ZN,59.09,22.4,False,24204,0.51035975,0.519049983,3.313503,3.82386275,EXTRACTED
_0063_,_2819_/ZN,59.09,16.8,False,31032,0.0669812,0.05304785,2.573608,2.6405892,EXTRACTED
_0064_,_2820_/ZN,59.09,15.4,False,39931,0.0876992,0.18673201,3.315544,3.4032432,EXTRACTED
_0065_,_2821_/ZN,59.47,14.0,False,39858,1.0672343,1.103844919,6.487636,7.5548703,EXTRACTED
_0066_,_2822_/ZN,60.04,11.2,False,39858,0.1315182,0.15404898700000003,1.599032,1.7305502,EXTRACTED
_0067_,_2823_/ZN,36.67,23.8,False,25016,0.667498,0.94871212,1.626352,2.29385,EXTRACTED
_0068_,_2824_/ZN,36.1,33.6,False,27613,2.3480625,2.5166635853000012,9.732116,12.080178499999999,EXTRACTED
_0069_,_2825_/Z,34.2,22.4,False,27613,2.5015742000000003,2.9030938249999987,15.857162,18.358736200000003,EXTRACTED
_0070_,_2826_/Z,37.43,12.6,False,26988,1.7683027,1.7890103044,6.4242930000000005,8.1925957,EXTRACTED
_0071_,_2827_/ZN,41.42,7.0,False,26583,0.40026,0.523292439,1.670716,2.070976,EXTRACTED
_0072_,_2828_/ZN,46.93,9.8,False,26399,0.875087,0.9428988899999999,0.974659,1.8497460000000001,EXTRACTED
_0073_,_2829_/ZN,51.49,23.8,False,26399,0.9188692700000001,0.9919189410000001,5.9257670000000005,6.8446362700000005,EXTRACTED
_0074_,_2830_/ZN,48.64,28.0,False,26885,1.3647397,1.5113991479999997,4.990356,6.3550957,EXTRACTED
_0075_,_2831_/ZN,55.1,18.2,False,39067,0.1325618,0.14712935,2.573608,2.7061698,EXTRACTED
_0076_,_2832_/ZN,56.05,16.8,False,38722,0.72718653,0.894073969,4.962547,5.68973353,EXTRACTED
_0077_,_2833_/ZN,54.72,12.6,False,37711,0.7839315,0.8405748590000001,4.985005,5.768936500000001,EXTRACTED
_0078_,_2834_/ZN,47.88,14.0,False,37711,0.35009599999999996,0.6408451449999999,1.599032,1.949128,EXTRACTED
_0079_,_2835_/ZN,30.4,5.6,False,25638,0.337536,0.155921101,1.614241,1.951777,EXTRACTED
_0080_,_2836_/ZN,31.35,8.4,False,2047,0.0592814,0.0546317,1.657276,1.7165574,EXTRACTED
_0081_,_2837_/Z,32.49,9.8,False,26778,0.7144178699999999,0.45847192000000003,4.760026,5.47444387,EXTRACTED
_0082_,_2838_/ZN,30.78,9.8,False,26503,0.032261200000000004,0.07280129999999999,0.974659,1.0069202000000002,EXTRACTED
_0083_,_2839_/ZN,52.44,23.8,False,26503,0.7586227000000001,0.5442628210000001,4.294228,5.0528507000000005,EXTRACTED
_0084_,_2840_/ZN,18.05,40.6,False,22849,0.267928,0.46392357000000006,1.626352,1.89428,EXTRACTED
_0085_,_2841_/ZN,13.49,42.0,False,26388,0.5770027,0.6597616,1.626352,2.2033547,EXTRACTED
_0086_,_2842_/ZN,18.62,36.4,False,28537,0.4334639,0.992767603,0.974659,1.4081229,EXTRACTED
_0087_,_2843_/ZN,51.11,18.2,False,28537,0.6845093,0.6272659910000001,6.519036,7.2035453,EXTRACTED
_0088_,_2844_/ZN,51.49,18.2,False,38010,0.6945020000000001,0.262629417,2.573608,3.26811,EXTRACTED
_0089_,_2845_/ZN,56.05,12.6,False,38783,0.5905442000000001,0.827983674,2.545846,3.1363902,EXTRACTED
_0090_,_2846_/ZN,51.87,22.4,False,26802,0.832709,0.649292403,2.606138,3.438847,EXTRACTED
_0091_,_2847_/ZN,50.92,15.4,False,19960,0.5440607,1.0182269739999998,8.168376,8.7124367,EXTRACTED
_0092_,_2848_/ZN,49.4,11.2,False,37699,0.7453902000000001,1.0417483800000003,3.334915,4.0803052,EXTRACTED
_0093_,_2849_/ZN,26.79,15.4,False,25497,0.0477126,0.1735915,1.599032,1.6467446000000001,EXTRACTED
_0094_,_2850_/Z,27.36,5.6,False,27167,1.43790449,2.430362201,4.807403,6.24530749,EXTRACTED
_0095_,_2851_/ZN,28.31,16.8,False,3908,0.1145796,0.166782978,1.664199,1.7787785999999999,EXTRACTED
_0096_,_2852_/ZN,28.12,15.4,False,26839,4.043334819999999,5.056004647489996,16.802249,20.845583819999998,EXTRACTED
_0097_,_2853_/ZN,36.29,21.0,False,26839,2.1045014999999996,2.8626443455999997,5.8403030000000005,7.9448045,EXTRACTED
_0098_,_2854_/ZN,18.62,28.0,False,10485,0.0694414,0.01876217,1.670716,1.7401574000000002,EXTRACTED
_0099_,_2855_/ZN,19.19,26.6,False,26918,0.383258,0.36551985500000006,1.626352,2.00961,EXTRACTED
_0100_,_2856_/ZN,14.82,23.8,False,28335,3.0210479999999995,5.556003195000002,12.410093,15.431141,EXTRACTED
_0101_,_2857_/ZN,19.19,28.0,False,28335,3.0976724,3.8686203800000007,12.921028999999999,16.018701399999998,EXTRACTED
_0102_,_2858_/ZN,41.99,28.0,False,25748,1.4607100000000002,1.9061563870000007,2.632616,4.093326,EXTRACTED
_0103_,_2859_/ZN,49.02,16.8,False,35691,0.51693,0.7888094499999999,2.573608,3.090538,EXTRACTED
_0104_,_2860_/ZN,54.91,22.4,False,40186,0.984397,0.94536397,2.625975,3.610372,EXTRACTED
_0105_,_2861_/ZN,49.97,14.0,False,19861,1.2253937,1.135898276,4.323335,5.5487287,EXTRACTED
_0106_,_2862_/ZN,50.92,11.2,False,38523,0.600735,0.76880557,2.568291,3.1690259999999997,EXTRACTED
_0107_,_2863_/ZN,25.27,23.8,False,27216,0.27455799999999997,0.53984221,1.626352,1.90091,EXTRACTED
_0108_,_2864_/ZN,19.0,22.4,False,29423,2.2554527600000003,3.5842365976,7.511938000000001,9.767390760000001,EXTRACTED
_0109_,_2865_/Z,18.05,44.8,False,29423,3.855774,5.259270587490002,15.951262999999999,19.807036999999998,EXTRACTED
_0110_,_2866_/Z,27.17,16.8,False,28381,1.1575437,1.3308574649999998,4.971696,6.129239699999999,EXTRACTED
_0111_,_2867_/ZN,24.7,19.6,False,28311,0.12580739999999999,0.34171897,1.670716,1.7965234,EXTRACTED
_0112_,_2868_/ZN,28.12,19.6,False,29014,0.7410635,1.1577424589999998,2.626004,3.3670675,EXTRACTED
_0113_,_2869_/ZN,43.51,18.2,False,35231,0.25843,0.30292775000000005,2.573608,2.8320380000000003,EXTRACTED
_0114_,_2870_/ZN,46.55,15.4,False,40938,0.7626255000000001,0.46567553,4.883179,5.645804500000001,EXTRACTED
_0115_,_2871_/ZN,38.38,19.6,False,26688,0.5851059999999999,0.3727333520000001,1.70023,2.285336,EXTRACTED
_0116_,_2872_/ZN,46.55,16.8,False,26688,0.7448460000000001,0.497316821,4.898893,5.643739,EXTRACTED
_0117_,_2873_/ZN,47.31,14.0,False,21136,0.5725802,0.747620089,4.265378,4.8379582,EXTRACTED
_0118_,_2874_/ZN,42.37,12.6,False,21136,0.1978204,0.36908304,3.167068,3.3648884,EXTRACTED
_0119_,_2875_/ZN,46.74,14.0,False,38470,0.1151052,0.15930518999999999,1.66205,1.7771552,EXTRACTED
_0120_,_2876_/Z,18.24,33.6,False,29115,5.39540936,7.413667716999997,30.289094,35.68450336,EXTRACTED
_0121_,_2877_/ZN,27.93,22.4,False,26232,0.9968165,0.7620821759999998,2.470033,3.4668495,EXTRACTED
_0122_,_2878_/ZN,27.74,23.8,False,26993,2.0031637,2.454804228,6.493164999999999,8.4963287,EXTRACTED
_0123_,_2879_/ZN,36.67,21.0,False,4954,0.956502,1.4730840370000005,2.54875,3.505252,EXTRACTED
_0124_,_2880_/ZN,21.85,19.6,False,3099,0.74302091,1.135705847,2.615201,3.35822191,EXTRACTED
_0125_,_2881_/ZN,32.87,19.6,False,28723,2.7879664,3.20558156449,12.527312,15.3152784,EXTRACTED
_0126_,_2882_/ZN,22.04,18.2,False,28723,3.9263645999999994,3.833182749,13.336378,17.2627426,EXTRACTED
_0127_,_2883_/ZN,40.28,14.0,False,32928,0.7717704,1.2074072,2.573608,3.3453784,EXTRACTED
_0128_,_2884_/ZN,51.68,19.6,False,40647,1.196044,1.8050760679999998,1.864959,3.0610030000000004,EXTRACTED
_0129_,_2885_/ZN,43.32,22.4,False,18190,0.283718,0.3761630059999999,1.670716,1.954434,EXTRACTED
_0130_,_2886_/ZN,42.94,28.0,False,25494,0.9936400000000001,1.3769184609999998,1.916569,2.910209,EXTRACTED
_0131_,_2887_/ZN,43.51,16.8,False,20290,0.9874593999999999,1.262339351,6.592011,7.5794704,EXTRACTED
_0132_,_2888_/ZN,49.78,15.4,False,20290,0.39973820000000004,1.0081333899999998,1.599032,1.9987702,EXTRACTED
_0133_,_2889_/ZN,26.79,44.8,False,4751,1.8375702500000002,2.1297720769999997,4.341157,6.17872725,EXTRACTED
_0134_,_2890_/ZN,32.3,36.4,False,39229,1.010399,0.9527231164899997,4.761266,5.7716650000000005,EXTRACTED
_0135_,_2891_/ZN,27.36,37.8,False,32570,1.21204355,1.187529034,4.210744,5.42278755,EXTRACTED
_0136_,_2892_/ZN,33.63,36.4,False,32713,2.56916024,2.9552698634899994,10.796198,13.36535824,EXTRACTED
_0137_,_2893_/ZN,36.29,44.8,False,32713,3.6713153600000004,4.507702727999999,12.410585,16.08190036,EXTRACTED
_0138_,_2894_/Z,25.27,37.8,False,26693,3.1626347580000003,2.625271977,13.261999,16.424633758,EXTRACTED
_0139_,_2895_/Z,24.32,39.2,False,26693,3.2496897700000007,4.608228061999999,14.205233,17.45492277,EXTRACTED
_0140_,_2896_/ZN,45.41,35.0,False,30245,0.303236,0.24423773999999998,2.573608,2.876844,EXTRACTED
_0141_,_2897_/ZN,42.18,36.4,False,41144,0.92747173,1.2598464669,5.546257,6.4737287299999995,EXTRACTED
_0142_,_2898_/ZN,42.56,32.2,False,23300,0.6755956999999999,0.7544714809999999,5.889152,6.5647477,EXTRACTED
_0143_,_2899_/ZN,46.17,32.2,False,18472,0.0896314,0.041604124000000006,1.670716,1.7603474000000001,EXTRACTED
_0144_,_2900_/ZN,49.59,28.0,False,39760,0.33784000000000003,0.513347427,1.66205,1.9998900000000002,EXTRACTED
_0145_,_2901_/ZN,21.28,47.6,False,23680,1.0224637900000002,0.6741873119999998,4.31256,5.335023790000001,EXTRACTED
_0146_,_2902_/ZN,31.92,46.2,False,15313,0.9836397000000001,1.30261341,4.205283,5.1889227,EXTRACTED
_0147_,_2903_/ZN,25.46,35.0,False,33043,2.25660061,2.330371878999999,6.598918,8.85551861,EXTRACTED
_0148_,_2904_/ZN,25.65,39.2,False,33043,6.8198636,7.438535210000003,14.770938000000001,21.5908016,EXTRACTED
_0149_,_2905_/ZN,31.35,43.4,False,9304,0.4840852,0.6285560330000001,3.331931,3.8160162,EXTRACTED
_0150_,_2906_/ZN,35.91,50.4,False,29129,0.879556,0.691340571,3.224784,4.1043400000000005,EXTRACTED
_0151_,_2907_/Z,24.32,46.2,False,26653,2.70107065,2.442698455,12.21479,14.91586065,EXTRACTED
_0152_,_2908_/ZN,33.63,44.8,False,26653,3.0828139,3.2746140260000005,13.739811,16.8226249,EXTRACTED
_0153_,_2909_/ZN,39.33,50.4,False,29933,0.5329956,0.5934151329999999,2.573608,3.1066036,EXTRACTED
_0154_,_2910_/ZN,43.7,56.0,False,42018,1.1869291,1.018599847,4.097713,5.284642099999999,EXTRACTED
_0155_,_2911_/ZN,47.69,39.2,False,20972,2.12175843,2.528916929000001,4.490177,6.61193543,EXTRACTED
_0156_,_2912_/ZN,46.17,53.2,False,17090,0.397596,0.4111178,1.626352,2.023948,EXTRACTED
_0157_,_2913_/ZN,43.89,53.2,False,39134,0.313662,0.21665895399999996,1.647003,1.960665,EXTRACTED
_0158_,_2914_/Z,29.83,50.4,False,11028,2.1073786,2.2235564059999997,12.064987,14.172365600000001,EXTRACTED
_0159_,_2915_/Z,32.87,47.6,False,11028,2.96229876,3.3084632049999994,11.526526,14.48882476,EXTRACTED
_0160_,_2916_/ZN,41.23,47.6,False,10425,0.62629923,1.115190976,4.272706,4.89900523,EXTRACTED
_0161_,_2917_/ZN,39.14,61.6,False,28901,1.437796,1.6395821999999995,4.13013,5.567926,EXTRACTED
_0162_,_2918_/ZN,42.18,47.6,False,34952,6.4424320999999996,8.221646802999999,12.48028,18.9227121,EXTRACTED
_0163_,_2919_/ZN,43.89,42.0,False,34952,1.3607102,1.3683400969999997,3.329647,4.6903572,EXTRACTED
_0164_,_2920_/ZN,46.55,61.6,False,29299,0.7532414000000001,0.903824711,5.1995830000000005,5.952824400000001,EXTRACTED
_0165_,_2921_/ZN,46.74,60.2,False,16957,0.340198,0.42878429,1.679872,2.02007,EXTRACTED
_0166_,_2922_/ZN,52.25,65.8,False,43319,0.49568799999999996,0.6206131549999999,1.61746,2.113148,EXTRACTED
_0167_,_2923_/ZN,45.6,60.2,False,39120,0.2848659,0.22235712500000002,2.632616,2.9174819000000003,EXTRACTED
_0168_,_2924_/ZN,36.67,54.6,False,22124,0.9427131,1.1782016699999998,4.326205,5.2689181,EXTRACTED
_0169_,_2925_/ZN,48.07,58.8,False,22124,0.428836,0.41832330400000006,1.573439,2.002275,EXTRACTED
_0170_,_2926_/ZN,43.51,60.2,False,15751,0.45611834999999995,0.6113255299999999,4.2454160000000005,4.70153435,EXTRACTED
_0171_,_2927_/ZN,48.45,49.0,False,8907,1.6983734000000001,1.954396834,7.5340430000000005,9.2324164,EXTRACTED
_0172_,_2928_/ZN,51.3,56.0,False,22525,1.709241,2.1580608459999993,7.547341,9.256582,EXTRACTED
_0173_,_2929_/ZN,50.16,47.6,False,25160,5.6210923,6.662450893,16.49707,22.1181623,EXTRACTED
_0174_,_2930_/Z,39.9,51.8,False,13497,2.4668037000000003,2.0959978219999997,14.623334,17.0901377,EXTRACTED
_0175_,_2931_/Z,31.35,51.8,False,13497,2.16869315,2.469434775,11.540581,13.709274149999999,EXTRACTED
_0176_,_2932_/ZN,47.31,54.6,False,20151,0.41314599999999996,0.37152172999999994,2.573608,2.986754,EXTRACTED
_0177_,_2933_/ZN,42.56,51.8,False,39386,1.21276,1.1825371179999997,4.309469,5.522229,EXTRACTED
_0178_,_2934_/ZN,48.45,53.2,False,13719,0.049341800000000005,0.0520147,1.670716,1.7200578000000002,EXTRACTED
_0179_,_2935_/ZN,48.26,54.6,False,15392,1.1493528,1.0753171350000001,4.272978,5.4223308,EXTRACTED
_0180_,_2936_/ZN,46.74,64.4,False,43825,1.06149776,1.4559414670000002,5.741875,6.80337276,EXTRACTED
_0181_,_2937_/ZN,49.78,53.2,False,8719,0.49429400000000007,0.6377644669999999,1.66205,2.1563440000000003,EXTRACTED
_0182_,_2938_/ZN,26.22,53.2,False,24077,0.552832,0.64334513,1.623031,2.1758629999999997,EXTRACTED
_0183_,_2939_/ZN,28.12,56.0,False,24077,1.05462,1.001189933,3.286327,4.340947,EXTRACTED
_0184_,_2940_/ZN,31.73,58.8,False,28518,2.8641335000000003,2.5034209596,9.697025,12.561158500000001,EXTRACTED
_0185_,_2941_/ZN,34.58,51.8,False,28518,1.9358677699999998,2.251321933,14.850249,16.78611677,EXTRACTED
_0186_,_2942_/ZN,53.58,42.0,False,17333,0.9193807,1.4903187160000007,5.935334,6.854714700000001,EXTRACTED
_0187_,_2943_/ZN,51.3,42.0,False,22243,1.0122639000000002,1.119884049,5.746657,6.7589209,EXTRACTED
_0188_,_2944_/ZN,51.87,47.6,False,28252,1.06597563,0.918094057,7.472501,8.53847663,EXTRACTED
_0189_,_2945_/ZN,52.63,47.6,False,28252,4.1189455,7.1623496210000015,7.490037999999999,11.608983499999999,EXTRACTED
_0190_,_2946_/ZN,44.65,53.2,False,35758,0.4363345,0.8246141699999999,4.152696,4.5890305,EXTRACTED
_0191_,_2947_/ZN,32.49,57.4,False,6371,0.8544543,1.2705629659999997,1.630225,2.4846793,EXTRACTED
_0192_,_2948_/ZN,44.65,51.8,False,26752,0.5838144000000001,0.702472562,3.520028,4.1038424,EXTRACTED
_0193_,_2949_/Z,40.66,56.0,False,43484,0.7528562,1.222436106,3.2970680000000003,4.0499242,EXTRACTED
_0194_,_2950_/ZN,46.17,56.0,False,44267,0.671129,0.559852335,4.254168,4.925297,EXTRACTED
_0195_,_2951_/ZN,47.5,58.8,False,44267,0.33167599999999997,0.24584605999999998,1.66205,1.993726,EXTRACTED
_0196_,_2952_/ZN,45.6,57.4,False,38028,0.7341137,0.674641282,4.325279,5.0593927,EXTRACTED
_0197_,_2953_/ZN,44.08,58.8,False,39817,0.7169724,0.9066988719999999,5.816436,6.533408400000001,EXTRACTED
_0198_,_2954_/ZN,51.49,57.4,False,33282,1.1309964000000001,1.058222941,1.651345,2.7823414,EXTRACTED
_0199_,_2955_/ZN,38.76,63.0,False,38619,0.44335749999999996,0.51287027,3.2487459999999997,3.6921034999999995,EXTRACTED
_0200_,_2956_/ZN,44.84,63.0,False,38619,0.640024,0.170510119,1.676853,2.316877,EXTRACTED
_0201_,_2957_/ZN,43.32,57.4,False,36509,2.0720395,2.1893129629700003,3.804647,5.8766865,EXTRACTED
_0202_,_2958_/ZN,46.36,30.8,False,36830,2.1388388000000003,1.93541723,6.591804,8.7306428,EXTRACTED
_0203_,_2959_/ZN,42.75,15.4,False,37067,0.1062554,0.033512925,1.687512,1.7937674,EXTRACTED
_0204_,_2960_/ZN,36.86,22.4,False,38289,1.692897,1.7117183189999998,6.654886,8.347783,EXTRACTED
_0205_,_2961_/ZN,50.16,12.6,False,35891,0.38678751,0.39162511000000005,1.670716,2.05750351,EXTRACTED
_0206_,_2962_/ZN,40.66,9.8,False,33276,0.7261594100000001,1.152922456,4.207139,4.93329841,EXTRACTED
_0207_,_2963_/ZN,52.44,12.6,False,35620,0.9501899,1.0237181229999999,3.2487459999999997,4.1989358999999995,EXTRACTED
_0208_,_2964_/ZN,47.69,12.6,False,33111,0.8852097999999999,0.7427478049999999,3.2232380000000003,4.1084478,EXTRACTED
_0209_,_2965_/ZN,49.21,12.6,False,34332,0.20082640000000002,0.135610424,3.2487459999999997,3.4495723999999997,EXTRACTED
_0210_,_2966_/ZN,55.67,19.6,False,32107,0.82442456,0.819263323,6.62456,7.4489845599999995,EXTRACTED
_0211_,_2967_/ZN,55.29,12.6,False,31429,0.1125434,0.16750286000000003,1.626352,1.7388954,EXTRACTED
_0212_,_2968_/ZN,52.82,9.8,False,28212,3.36541507,0.695549361,3.286364,6.65177907,EXTRACTED
_0213_,_2969_/ZN,49.97,16.8,False,20118,1.257376,1.6149205,3.219855,4.477231,EXTRACTED
_0214_,_2970_/ZN,60.04,14.0,False,17765,0.7207288000000001,1.2849665259999998,4.949156,5.6698848,EXTRACTED
_0215_,_2971_/ZN,58.71,29.4,False,7467,0.8970940000000001,0.956569923,1.626352,2.523446,EXTRACTED
_0216_,_2972_/ZN,66.88,22.4,False,35987,1.65209209,1.7999654489699999,11.930893,13.58298509,EXTRACTED
_0217_,_2973_/Z,59.09,28.0,False,35987,2.38979914,2.6183321320000017,14.177362,16.56716114,EXTRACTED
_0218_,_2974_/ZN,66.31,14.0,False,26934,0.9663162000000001,0.8249191469699999,4.948414,5.914730199999999,EXTRACTED
_0219_,_2975_/ZN,56.05,8.4,False,25329,0.1854724,0.11992390999999998,1.670716,1.8561884000000002,EXTRACTED
_0220_,_2976_/ZN,57.57,7.0,False,26028,0.632796,0.9633565180000001,0.974659,1.607455,EXTRACTED
_0221_,_2977_/ZN,63.46,25.2,False,26028,0.31377257,0.18367275400000002,4.274422,4.588194570000001,EXTRACTED
_0222_,_2978_/ZN,60.42,16.8,False,35593,0.0616202,0.12513585,2.573608,2.6352282000000002,EXTRACTED
_0223_,_2979_/ZN,62.13,16.8,False,41930,0.20860999999999996,0.40479944999999995,3.313503,3.522113,EXTRACTED
_0224_,_2980_/ZN,62.89,23.8,False,29563,0.6406323,0.631070274,3.315544,3.9561763,EXTRACTED
_0225_,_2981_/ZN,63.46,16.8,False,19047,0.7928260699999999,0.7999873609999996,4.924415,5.71724107,EXTRACTED
_0226_,_2982_/ZN,63.27,7.0,False,29749,2.39773016,1.883761437,3.313395,5.71112516,EXTRACTED
_0227_,_2983_/ZN,85.31,23.8,False,36837,0.8911804000000001,1.110763356,3.330082,4.2212624000000005,EXTRACTED
_0228_,_2984_/ZN,61.56,14.0,False,42670,3.3843172000000004,2.422789881,5.066046,8.4503632,EXTRACTED
_0229_,_2985_/ZN,72.58,5.6,False,42670,1.307366,1.0450471460000001,3.2682279999999997,4.575594,EXTRACTED
_0230_,_2986_/ZN,85.12,25.2,False,41890,0.15544560000000002,0.024206495,3.30269,3.4581356000000003,EXTRACTED
_0231_,_2987_/ZN,85.88,25.2,False,41389,0.34976424000000006,0.186476032,3.341432,3.69119624,EXTRACTED
_0232_,_2988_/ZN,85.88,23.8,False,29062,2.3779339999999998,1.5721464760000003,4.966404,7.344338,EXTRACTED
_0233_,_2989_/ZN,87.59,26.6,False,32331,0.7471920000000001,0.27440568000000004,3.2487459999999997,3.9959379999999998,EXTRACTED
_0234_,_2990_/ZN,68.97,44.8,False,33560,0.0619178,0.02115218,1.626352,1.6882698,EXTRACTED
_0235_,_2991_/ZN,68.97,46.2,False,34437,2.4323672,2.36928340497,12.353241,14.7856082,EXTRACTED
_0236_,_2992_/Z,60.61,44.8,False,34437,3.1870334,4.52803175,16.356237,19.5432704,EXTRACTED
_0237_,_2993_/ZN,88.16,32.2,False,27175,1.21497441,1.498095094,5.047564,6.26253841,EXTRACTED
_0238_,_2994_/ZN,78.47,29.4,False,28493,0.0719278,0.15077936,1.670716,1.7426438000000002,EXTRACTED
_0239_,_2995_/ZN,79.99,29.4,False,29808,0.343182,0.42364298999999994,0.974659,1.317841,EXTRACTED
_0240_,_2996_/ZN,66.69,29.4,False,29808,1.89360517,1.564011454,9.322258,11.21586317,EXTRACTED
_0241_,_2997_/ZN,72.2,33.6,False,31793,0.82592653,1.411211198,2.632616,3.45854253,EXTRACTED
_0242_,_2998_/ZN,82.65,26.6,False,34499,0.5056653,0.48373937999999994,2.573608,3.0792733,EXTRACTED
_0243_,_2999_/ZN,85.12,32.2,False,39674,0.25428235,0.5305203700000001,2.625975,2.88025735,EXTRACTED
_0244_,_3000_/ZN,88.73,33.6,False,42641,0.26421043,0.47575903,3.414701,3.67891143,EXTRACTED
_0245_,_3001_/ZN,90.06,32.2,False,42641,0.3416121,0.6570445370000001,2.594998,2.9366101,EXTRACTED
_0246_,_3002_/ZN,63.65,49.0,False,33416,0.627436,0.60331295,1.626352,2.253788,EXTRACTED
_0247_,_3003_/ZN,58.33,50.4,False,7459,0.333992,0.5024543020000001,1.670716,2.004708,EXTRACTED
_0248_,_3004_/ZN,58.33,44.8,False,35321,1.6763054000000002,2.154785746490001,10.689712,12.3660174,EXTRACTED
_0249_,_3005_/ZN,54.72,46.2,False,35321,0.6588345999999999,0.8705217109999998,0.974659,1.6334936,EXTRACTED
_0250_,_3006_/Z,92.72,44.8,False,26958,1.4529429999999999,2.1216688080000004,4.939525,6.392467999999999,EXTRACTED
_0251_,_3007_/ZN,78.09,39.2,False,21869,0.384624,0.69142536,1.630225,2.014849,EXTRACTED
_0252_,_3008_/ZN,81.13,33.6,False,26641,0.511386,0.5324008160000001,2.558669,3.070055,EXTRACTED
_0253_,_3009_/ZN,73.72,40.6,False,26641,0.3873898,0.246740748,5.1838310000000005,5.571220800000001,EXTRACTED
_0254_,_3010_/ZN,72.77,40.6,False,31676,0.8967199,1.758006111,2.545846,3.4425659,EXTRACTED
_0255_,_3011_/ZN,86.45,37.8,False,33415,0.0928656,0.21822014,2.573608,2.6664736,EXTRACTED
_0256_,_3012_/ZN,84.55,37.8,False,39072,0.4353426,0.589192013,2.606138,3.0414806,EXTRACTED
_0257_,_3013_/ZN,90.44,40.6,False,43194,0.6321736,0.45693699299999996,4.196693,4.8288666,EXTRACTED
_0258_,_3014_/ZN,90.44,36.4,False,38704,1.5652002,1.5659826529999998,4.954651,6.5198512,EXTRACTED
_0259_,_3015_/ZN,68.78,56.0,False,32123,0.1512434,0.20961233199999998,1.626352,1.7775954,EXTRACTED
_0260_,_3016_/ZN,70.3,57.4,False,35068,1.84084426,1.9274740399999997,12.063861,13.90470526,EXTRACTED
_0261_,_3017_/Z,61.94,60.2,False,35068,2.3907790700000002,2.777166982,14.193438,16.58421707,EXTRACTED
_0262_,_3018_/ZN,95.38,68.6,False,27117,1.8627268,2.1166738819999993,6.5261569999999995,8.388883799999999,EXTRACTED
_0263_,_3019_/ZN,79.42,58.8,False,27117,0.06422040000000001,0.006548754999999999,1.66205,1.7262704,EXTRACTED
_0264_,_3020_/ZN,77.52,60.2,False,24032,0.0776488,0.07022521600000001,1.670716,1.7483648,EXTRACTED
_0265_,_3021_/ZN,78.66,58.8,False,24717,2.60480108,3.701930714489999,6.823207,9.42800808,EXTRACTED
_0266_,_3022_/ZN,76.38,60.2,False,24717,1.06896559,1.0925518150000002,4.9809920000000005,6.04995759,EXTRACTED
_0267_,_3023_/ZN,83.98,57.4,False,35725,0.5430294,1.04978521,2.573608,3.1166374,EXTRACTED
_0268_,_3024_/ZN,76.76,51.8,False,37830,1.088632,1.0591422950000002,5.546257,6.634888999999999,EXTRACTED
_0269_,_3025_/ZN,67.83,64.4,False,31765,1.5982394000000002,2.343697465,5.889152,7.4873914,EXTRACTED
_0270_,_3026_/ZN,86.83,56.0,False,43979,0.402456,0.38389592499999997,1.714471,2.116927,EXTRACTED
_0271_,_3027_/ZN,58.52,53.2,False,32457,0.424118,0.218251592,1.626352,2.05047,EXTRACTED
_0272_,_3028_/ZN,59.09,54.6,False,12121,0.0472724,0.015782692,1.670716,1.7179884,EXTRACTED
_0273_,_3029_/ZN,59.28,58.8,False,34260,1.8724257899999999,3.12103412297,8.140174,10.01259979,EXTRACTED
_0274_,_3030_/ZN,58.33,54.6,False,34260,0.1581984,0.333124489,0.974659,1.1328574,EXTRACTED
_0275_,_3031_/ZN,90.63,51.8,False,27034,0.9568087,1.641935848,6.3891849999999994,7.345993699999999,EXTRACTED
_0276_,_3032_/ZN,74.67,58.8,False,25427,0.9769512,1.0410729070000002,1.670716,2.6476672,EXTRACTED
_0277_,_3033_/ZN,80.94,50.4,False,26468,0.8505883999999999,0.8199819899999999,2.674889,3.5254773999999998,EXTRACTED
_0278_,_3034_/ZN,77.9,58.8,False,26468,1.83209092,2.0718936699999997,7.490671,9.32276192,EXTRACTED
_0279_,_3035_/ZN,88.54,50.4,False,33738,0.243348,0.4370721554,2.573608,2.8169560000000002,EXTRACTED
_0280_,_3036_/ZN,85.12,51.8,False,36739,0.50317514,0.5881625629999999,4.885396,5.38857114,EXTRACTED
_0281_,_3037_/ZN,82.27,51.8,False,31828,0.1523156,0.07653994,1.70023,1.8525456,EXTRACTED
_0282_,_3038_/ZN,82.84,49.0,False,31828,0.8198780999999999,0.865744836,4.977594,5.7974721,EXTRACTED
_0283_,_3039_/ZN,87.4,51.8,False,42829,0.46674717,0.39396484400000015,4.795131,5.261878169999999,EXTRACTED
_0284_,_3040_/ZN,91.58,53.2,False,36620,0.6712283,0.6500003209999999,3.321455,3.9926833,EXTRACTED
_0285_,_3041_/ZN,91.2,56.0,False,36620,0.285742,0.17262364,1.571893,1.857635,EXTRACTED
_0286_,_3042_/ZN,61.18,42.0,False,33115,0.629937,0.6765043439999999,1.626352,2.2562889999999998,EXTRACTED
_0287_,_3043_/ZN,57.38,49.0,False,34676,1.9707653,2.1813836253,10.58234,12.5531053,EXTRACTED
_0288_,_3044_/Z,49.78,42.0,False,34676,3.0229290000000004,3.6578214750000027,15.442486,18.465415,EXTRACTED
_0289_,_3045_/ZN,84.74,43.4,False,27009,0.8241668999999999,0.6642423500000001,4.851414,5.6755809,EXTRACTED
_0290_,_3046_/ZN,79.23,43.4,False,25026,0.417672,0.5991641,1.670716,2.088388,EXTRACTED
_0291_,_3047_/ZN,74.1,40.6,False,23845,0.8441620000000001,0.7221374630000003,2.626004,3.470166,EXTRACTED
_0292_,_3048_/ZN,65.55,49.0,False,23845,0.64893983,0.8681377459999999,4.2615680000000005,4.91050783,EXTRACTED
_0293_,_3049_/ZN,72.77,47.6,False,31864,1.11036,1.594403564,3.313503,4.423863,EXTRACTED
_0294_,_3050_/ZN,80.37,44.8,False,35049,0.13935099999999997,0.26107847,2.573608,2.712959,EXTRACTED
_0295_,_3051_/ZN,83.41,44.8,False,38098,0.7447296000000001,0.81764578,3.315544,4.0602736,EXTRACTED
_0296_,_3052_/ZN,88.54,44.8,False,43531,0.5055898000000001,0.463260767,6.54225,7.0478398,EXTRACTED
_0297_,_3053_/ZN,91.01,44.8,False,43531,0.71972265,0.4677091649999999,3.2758849999999997,3.9956076499999997,EXTRACTED
_0298_,_3054_/ZN,61.18,30.8,False,7475,0.804666,0.435922706,1.626352,2.431018,EXTRACTED
_0299_,_3055_/ZN,67.07,23.8,False,35190,2.36120178,2.9073986069999993,13.861188,16.22238978,EXTRACTED
_0300_,_3056_/Z,63.46,30.8,False,35190,2.3924387,2.775272523599999,13.639312,16.0317507,EXTRACTED
_0301_,_3057_/Z,87.02,21.0,False,27201,0.7306805000000001,1.3067700780000002,4.948414,5.6790945,EXTRACTED
_0302_,_3058_/ZN,76.0,19.6,False,26079,0.255478,0.16879585497000002,1.670716,1.9261940000000002,EXTRACTED
_0303_,_3059_/ZN,79.99,21.0,False,27630,0.429614,0.43320542800000006,0.974659,1.404273,EXTRACTED
_0304_,_3060_/ZN,72.58,29.4,False,27630,1.41140498,1.409120394,8.446659,9.85806398,EXTRACTED
_0305_,_3061_/ZN,73.34,21.0,False,30134,1.2414964,1.40425194,4.975553,6.2170494,EXTRACTED
_0306_,_3062_/ZN,84.74,29.4,False,35235,0.1699262,0.07580382000000002,2.573608,2.7435342,EXTRACTED
_0307_,_3063_/ZN,86.07,28.0,False,40928,0.13834901,0.140550768,4.887437,5.02578601,EXTRACTED
_0308_,_3064_/ZN,87.97,28.0,False,42260,1.8524827200000002,1.469480619,4.9500530000000005,6.802535720000001,EXTRACTED
_0309_,_3065_/ZN,87.02,47.6,False,40955,0.40516199999999997,0.37635738999999996,1.650377,2.055539,EXTRACTED
_0310_,_3066_/ZN,84.36,51.8,False,20748,1.02656828,0.57251911,3.284775,4.31134328,EXTRACTED
_0311_,_3067_/ZN,91.96,43.4,False,12747,1.3355579999999998,0.8084051319700001,1.714471,3.050029,EXTRACTED
_0312_,_3068_/ZN,85.88,47.6,False,9359,2.0777434,2.847840232000001,2.608864,4.6866074,EXTRACTED
_0313_,_3069_/ZN,88.16,58.8,False,15710,0.240514,0.18693898499999997,1.670716,1.9112300000000002,EXTRACTED
_0314_,_3070_/ZN,87.4,56.0,False,16084,1.4520162,1.6968883539999997,4.913503,6.3655192000000005,EXTRACTED
_0315_,_3071_/ZN,91.01,50.4,False,16084,0.060793,0.09252976699999998,1.66205,1.7228430000000001,EXTRACTED
_0316_,_3072_/ZN,80.37,50.4,False,16711,1.55155606,1.157898293,6.65639,8.20794606,EXTRACTED
_0317_,_3073_/ZN,98.8,43.4,False,23466,0.959373,0.6485276999999998,1.626352,2.585725,EXTRACTED
_0318_,_3074_/ZN,88.54,28.0,False,19254,0.42461000000000004,0.15168837500000001,1.70023,2.12484,EXTRACTED
_0319_,_3075_/ZN,84.74,25.2,False,19254,0.9404190399999999,0.7359308389999999,4.287905,5.22832404,EXTRACTED
_0320_,_3076_/ZN,87.4,37.8,False,17334,0.704936,0.368945968,3.263231,3.968167,EXTRACTED
_0321_,_3077_/ZN,89.3,33.6,False,18934,0.39012800000000003,0.16416160999999999,4.861707,5.251835,EXTRACTED
_0322_,_3078_/ZN,91.2,33.6,False,18233,1.025128,0.678714472,1.664199,2.689327,EXTRACTED
_0323_,_3079_/ZN,85.12,42.0,False,23678,0.6916879999999999,0.8696424620000001,3.273355,3.9650429999999997,EXTRACTED
_0324_,_3080_/ZN,88.35,36.4,False,27624,1.2054204,1.5169424960000002,1.66205,2.8674704,EXTRACTED
_0325_,_3081_/ZN,87.78,54.6,False,23026,0.5418125,0.6424338300000001,3.351575,3.8933875000000002,EXTRACTED
_0326_,_3082_/ZN,90.82,56.0,False,23026,1.1117759999999999,0.5070782,1.584237,2.6960129999999998,EXTRACTED
_0327_,_3083_/ZN,86.26,72.8,False,10116,0.88367079,0.8112413149999999,4.977927,5.86159779,EXTRACTED
_0328_,_3084_/ZN,86.26,70.0,False,10116,0.0662388,0.11326130000000001,1.66205,1.7282888,EXTRACTED
_0329_,_3085_/ZN,83.03,70.0,False,9851,0.0935056,0.31015018000000005,1.670716,1.7642216000000002,EXTRACTED
_0330_,_3086_/ZN,84.93,70.0,False,13327,0.427688,0.7180193399999999,0.946814,1.3745020000000001,EXTRACTED
_0331_,_3087_/ZN,80.75,65.8,False,10187,0.39821407999999997,0.4779256799999999,5.000363,5.39857708,EXTRACTED
_0332_,_3088_/ZN,85.69,65.8,False,12439,0.4485711,1.047443928,0.941939,1.3905101,EXTRACTED
_0333_,_3089_/ZN,77.71,68.6,False,17307,0.9338895,0.9690811710000002,2.513832,3.4477215,EXTRACTED
_0334_,_3090_/ZN,86.07,74.2,False,20379,0.561436,0.37134537,3.2487459999999997,3.8101819999999997,EXTRACTED
_0335_,_3091_/ZN,86.64,77.0,False,18356,0.9157043,0.8912293551999999,3.341052,4.2567563,EXTRACTED
_0336_,_3092_/ZN,76.0,81.2,False,21555,1.01264193,1.5940431210000001,2.490038,3.50267993,EXTRACTED
_0337_,_3093_/ZN,83.79,75.6,False,19951,0.69053,1.00275042,2.523419,3.213949,EXTRACTED
_0338_,_3094_/ZN,81.32,81.2,False,22097,0.6317104,0.41100486699999994,4.243622,4.8753324000000005,EXTRACTED
_0339_,_3095_/ZN,79.23,86.8,False,24031,0.264044,0.39148765,1.651345,1.915389,EXTRACTED
_0340_,_3096_/ZN,84.55,86.8,False,22821,1.6737315700000002,2.052687615,4.925599,6.59933057,EXTRACTED
_0341_,_3097_/ZN,81.13,85.4,False,22821,1.6644343,2.14050612997,3.235735,4.9001693,EXTRACTED
_0342_,_3098_/ZN,67.26,100.8,False,24089,0.14233379999999998,0.058319253,1.571893,1.7142268,EXTRACTED
_0343_,_3099_/ZN,65.74,100.8,False,24089,0.76789981,0.43194826349,3.303205,4.0711048100000005,EXTRACTED
_0344_,_3100_/ZN,63.84,100.8,False,26623,0.1403834,0.548376007,3.313395,3.4537784,EXTRACTED
_0345_,_3101_/ZN,62.89,100.8,False,11991,0.0835328,0.035424196,1.620338,1.7038708,EXTRACTED
_0346_,_3102_/ZN,25.84,70.0,False,21295,0.5722423000000001,0.7603801609999999,2.573691,3.1459333000000003,EXTRACTED
_0347_,_3103_/ZN,37.24,68.6,False,21295,7.83539263,10.463411269489997,22.985726,30.82111863,EXTRACTED
_0348_,_3104_/ZN,24.13,71.4,False,16233,0.08208220000000001,0.06729028,1.657276,1.7393582,EXTRACTED
_0349_,_3105_/ZN,24.32,72.8,False,29298,1.1909218000000001,1.4970041940000003,6.70277,7.8936918,EXTRACTED
_0350_,_3106_/ZN,19.0,98.0,False,3997,0.2452,0.0815124,1.522092,1.767292,EXTRACTED
_0351_,_3107_/ZN,14.82,91.0,False,16112,0.343168,0.1637698,1.59521,1.938378,EXTRACTED
_0352_,_3108_/ZN,11.21,103.6,False,18432,0.6034917,0.40409709,1.63809,2.2415817000000002,EXTRACTED
_0353_,_3109_/ZN,15.01,92.4,False,8205,0.224408,0.2249666,1.659913,1.884321,EXTRACTED
_0354_,_3110_/ZN,15.96,96.6,False,3800,0.48104600000000003,0.10553794,1.714471,2.195517,EXTRACTED
_0355_,_3111_/ZN,6.65,93.8,False,29750,0.1074024,0.16763099999999997,1.522092,1.6294944,EXTRACTED
_0356_,_3112_/ZN,6.65,89.6,False,6662,0.210702,0.12975662000000002,1.59521,1.805912,EXTRACTED
_0357_,_3113_/ZN,7.98,89.6,False,16287,0.220378,0.19417478999999999,1.63809,1.858468,EXTRACTED
_0358_,_3114_/ZN,9.12,84.0,False,18609,0.5459656,0.48639755,1.659913,2.2058786,EXTRACTED
_0359_,_3115_/ZN,7.6,92.4,False,3836,0.5973602,0.336667668,1.651345,2.2487052,EXTRACTED
_0360_,_3116_/ZN,15.96,89.6,False,1288,0.823554,0.465816736,1.651345,2.474899,EXTRACTED
_0361_,_3117_/ZN,22.8,81.2,False,23750,0.9445165,0.7049445677999999,5.192513,6.1370295,EXTRACTED
_0362_,_3118_/ZN,27.55,77.0,False,27720,0.865826,0.673034348,2.6171360000000004,3.4829620000000006,EXTRACTED
_0363_,_3119_/ZN,22.04,81.2,False,30147,0.7417537000000001,0.9133781350000001,4.905473000000001,5.647226700000001,EXTRACTED
_0364_,_3120_/ZN,22.04,82.6,False,32058,0.20223,0.20984009999999997,1.676853,1.8790829999999998,EXTRACTED
_0365_,_3121_/ZN,21.28,67.2,False,31230,1.195803,1.944842414,1.70023,2.896033,EXTRACTED
_0366_,_3122_/ZN,30.78,81.2,False,31230,0.8997615,0.9683795710000002,2.6171360000000004,3.5168975000000002,EXTRACTED
_0367_,_3123_/ZN,23.94,89.6,False,32899,1.10406117,1.2145782029999999,8.256838,9.36089917,EXTRACTED
_0368_,_3124_/ZN,30.4,81.2,False,32899,0.5198359,0.9327327899999999,3.293307,3.8131429,EXTRACTED
_0369_,_3125_/ZN,25.27,75.6,False,30985,1.8522504999999998,1.4312624379699996,8.963987,10.8162375,EXTRACTED
_0370_,_3126_/ZN,34.2,71.4,False,12539,0.6566861,0.744678973,5.074773,5.7314591,EXTRACTED
_0371_,_3127_/ZN,39.14,72.8,False,12539,0.18345920000000002,0.051558480000000004,1.676853,1.8603121999999999,EXTRACTED
_0372_,_3128_/ZN,35.91,72.8,False,2925,1.26574519,1.0558438719,10.188274,11.45401919,EXTRACTED
_0373_,_3129_/ZN,32.68,58.8,False,2840,0.798447,0.638168264,0.974659,1.773106,EXTRACTED
_0374_,_3130_/ZN,38.38,65.8,False,471,4.3632089999999994,6.110714502999999,8.397359999999999,12.760568999999998,EXTRACTED
_0375_,_3131_/ZN,55.29,99.4,False,75,1.256383,1.071657847,3.333093,4.5894759999999994,EXTRACTED
_0376_,_3132_/Z,51.3,103.6,False,24100,1.04637597,1.70777870949,4.941742,5.988117969999999,EXTRACTED
_0377_,_3133_/ZN,34.77,102.2,False,18597,0.296334,0.21526522799999998,1.630225,1.9265590000000001,EXTRACTED
_0378_,_3134_/ZN,35.72,99.4,False,26933,0.0377304,0.018448402,0.974659,1.0123894,EXTRACTED
_0379_,_3135_/ZN,38.76,58.8,False,85,0.50197,0.6124049309999999,0.974659,1.476629,EXTRACTED
_0380_,_3136_/ZN,37.24,71.4,False,15,3.1664195999999993,2.5760372937,3.40224,6.568659599999999,EXTRACTED
_0381_,_3137_/ZN,34.96,67.2,False,14884,0.548226,0.25619081,0.974659,1.522885,EXTRACTED
_0382_,_3138_/ZN,42.75,79.8,False,14884,8.528438900000001,5.8197191,8.118476,16.6469149,EXTRACTED
_0383_,_3139_/ZN,38.76,67.2,False,27674,0.949086,0.946946558,3.334915,4.284001,EXTRACTED
_0384_,_3140_/ZN,38.0,68.6,False,33395,0.7840062,0.8310516804900001,4.92743,5.7114362000000005,EXTRACTED
_0385_,_3141_/ZN,40.47,72.8,False,33395,0.7359951,1.4189950100000002,6.668506000000001,7.404501100000001,EXTRACTED
_0386_,_3142_/ZN,37.62,64.4,False,21607,0.5279455,0.644088758,4.992597,5.5205424999999995,EXTRACTED
_0387_,_3143_/ZN,48.07,71.4,False,21607,1.6593308999999998,1.9189245480000006,6.616085,8.2754159,EXTRACTED
_0388_,_3144_/ZN,40.85,64.4,False,17624,0.35715399999999997,0.22104084,0.974659,1.331813,EXTRACTED
_0389_,_3145_/ZN,37.81,63.0,False,17624,4.725130050000001,4.253829502,8.05772,12.78285005,EXTRACTED
_0390_,_3146_/ZN,40.28,64.4,False,13240,0.056902,0.030283,0.974659,1.031561,EXTRACTED
_0391_,_3147_/ZN,37.24,61.6,False,13240,6.990721349999999,8.516778327900001,12.977286,19.96800735,EXTRACTED
_0392_,_3148_/ZN,38.57,74.2,False,18216,0.7758425,0.7499458293000002,6.574076,7.349918499999999,EXTRACTED
_0393_,_3149_/ZN,39.71,72.8,False,30744,5.7850169000000005,6.308759757000001,10.120357,15.9053739,EXTRACTED
_0394_,_3150_/ZN,34.77,71.4,False,30744,5.0179362,7.761866270000001,11.086323,16.1042592,EXTRACTED
_0395_,_3151_/ZN,36.48,72.8,False,44611,0.5720492,0.9411275369999998,4.255127,4.8271762,EXTRACTED
_0396_,_3152_/ZN,36.1,74.2,False,40028,0.1193862,0.049042265,1.66205,1.7814362,EXTRACTED
_0397_,_3153_/ZN,35.72,75.6,False,23369,1.4130365,1.0083497000000001,2.621662,4.0346985,EXTRACTED
_0398_,_3154_/ZN,56.43,85.4,False,23369,7.55001126,9.234075334599998,8.1953,15.74531126,EXTRACTED
_0399_,_3155_/ZN,44.27,67.2,False,27546,4.3033581000000005,2.7823470859999997,8.376183,12.6795411,EXTRACTED
_0400_,_3156_/ZN,50.92,92.4,False,27546,8.5262016,5.595076037999998,4.758589,13.284790600000001,EXTRACTED
_0401_,_3157_/ZN,54.34,109.2,False,4844,0.5105405000000001,0.736387203,1.626352,2.1368925,EXTRACTED
_0402_,_3158_/ZN,22.8,65.8,False,30415,0.8421502999999999,0.7154095659999999,1.779209,2.6213593,EXTRACTED
_0403_,_3159_/ZN,33.25,71.4,False,30415,5.96733006,6.977561964,15.841392,21.80872206,EXTRACTED
_0404_,_3160_/ZN,33.44,77.0,False,12582,0.8864996,1.4011160869999995,4.851736,5.738235599999999,EXTRACTED
_0405_,_3161_/ZN,36.48,77.0,False,12582,0.84501062,0.887877003,6.5817309999999996,7.42674162,EXTRACTED
_0406_,_3162_/ZN,41.42,79.8,False,2980,0.251818,0.42225060999999997,1.664199,1.916017,EXTRACTED
_0407_,_3163_/ZN,36.48,75.6,False,15536,5.36707081,6.866034928999998,4.975445000000001,10.342515810000002,EXTRACTED
_0408_,_3164_/ZN,40.09,75.6,False,15536,10.250641309999999,12.36375996061,15.846684999999999,26.09732631,EXTRACTED
_0409_,_3165_/ZN,55.29,50.4,False,4384,5.1128895,5.356977627199999,8.990178,14.1030675,EXTRACTED
_0410_,_3166_/ZN,87.78,77.0,False,4384,11.354987189999997,5.3523366480000005,8.08511,19.440097189999996,EXTRACTED
_0411_,_3167_/ZN,53.39,99.4,False,22253,0.21484,0.42840014000000004,1.614241,1.829081,EXTRACTED
_0412_,_3168_/ZN,48.64,103.6,False,5037,0.246994,0.36896541799999993,1.657276,1.90427,EXTRACTED
_0413_,_3169_/ZN,50.35,100.8,False,24268,0.6872148,1.0260862099999999,4.974264,5.661478799999999,EXTRACTED
_0414_,_3170_/ZN,61.56,102.2,False,24268,0.1628324,0.44575254,1.650377,1.8132093999999999,EXTRACTED
_0415_,_3171_/ZN,62.7,102.2,False,40011,0.20435,0.221842336,1.763571,1.967921,EXTRACTED
_0416_,_3172_/ZN,57.38,102.2,False,31271,0.6238060000000001,0.72015631,3.200535,3.824341,EXTRACTED
_0417_,_3173_/ZN,43.13,71.4,False,14816,8.87310332,9.551846610999995,13.113513000000001,21.986616320000003,EXTRACTED
_0418_,_3174_/ZN,38.0,74.2,False,14816,6.43592459,7.772009399970002,8.125576,14.561500590000001,EXTRACTED
_0419_,_3175_/ZN,64.03,78.4,False,2995,4.373623599999999,4.480792229490001,5.901109,10.2747326,EXTRACTED
_0420_,_3176_/ZN,40.47,22.4,False,2995,4.0270003999999995,3.8074482809999997,7.459132,11.486132399999999,EXTRACTED
_0421_,_3177_/ZN,63.65,102.2,False,26242,0.14857320000000002,0.19944802,1.663842,1.8124152,EXTRACTED
_0422_,_3178_/ZN,68.02,103.6,False,11691,0.35922200000000004,0.1267916,1.616298,1.97552,EXTRACTED
_0423_,_3180_/ZN,59.85,100.8,False,30813,0.6055821000000001,0.663301991,2.561317,3.1668991,EXTRACTED
_0424_,_3181_/ZN,34.2,84.0,False,17847,4.18084716,5.076757996000002,11.056612,15.23745916,EXTRACTED
_0425_,_3182_/ZN,35.53,78.4,False,17847,2.0250892,1.8958329854900002,9.852653,11.8777422,EXTRACTED
_0426_,_3183_/ZN,56.81,96.6,False,34814,1.100596,1.18836779,2.573608,3.674204,EXTRACTED
_0427_,_3184_/ZN,45.22,89.6,False,39269,0.6684239999999999,0.8591169399999999,2.232754,2.901178,EXTRACTED
_0428_,_3185_/ZN,49.59,88.2,False,21012,0.7678640000000001,0.622800808,2.573608,3.3414720000000004,EXTRACTED
_0429_,_3186_/ZN,53.96,93.8,False,41239,0.8535441,0.5708230799999999,2.571938,3.4254821,EXTRACTED
_0430_,_3187_/ZN,53.77,98.0,False,353,0.56798393,0.7792672199999999,1.522092,2.0900759300000002,EXTRACTED
_0431_,_3188_/ZN,26.41,93.8,False,25791,1.0215619999999999,0.7134961899999999,1.670716,2.692278,EXTRACTED
_0432_,_3189_/ZN,35.72,102.2,False,25795,3.86851712,4.466532101490002,11.669474,15.53799112,EXTRACTED
_0433_,_3190_/ZN,51.11,107.8,False,212,0.6562826,0.6422365440000001,1.59521,2.2514926,EXTRACTED
_0434_,_3191_/ZN,51.11,95.2,False,22419,0.1998672,0.25982686200000005,1.670716,1.8705832,EXTRACTED
_0435_,_3192_/ZN,51.3,99.4,False,24160,0.4759879,1.1962750000000002,1.626352,2.1023399,EXTRACTED
_0436_,_3193_/ZN,57.0,95.2,False,24163,0.51188,0.11908362800000001,1.63809,2.14997,EXTRACTED
_0437_,_3194_/ZN,59.09,102.2,False,1489,0.1135152,0.23033223000000003,1.659913,1.7734282,EXTRACTED
_0438_,_3196_/ZN,19.0,74.2,False,19270,6.6703347200000005,4.451854875000001,33.078784,39.74911872,EXTRACTED
_0439_,_3227_/ZN,9.88,75.6,False,2596,0.12214140000000001,0.16203273,0.974659,1.0968004,EXTRACTED
_0440_,_3228_/ZN,12.92,46.2,False,2596,3.2212463000000002,5.199592129999999,9.727656,12.9489023,EXTRACTED
_0441_,_3229_/ZN,10.26,56.0,False,29728,0.1996954,0.37152661000000003,1.590286,1.7899814,EXTRACTED
_0442_,_3230_/ZN,10.83,54.6,False,780,0.21238600000000002,0.27923559,1.621225,1.8336109999999999,EXTRACTED
_0443_,_3231_/ZN,10.83,57.4,False,3381,0.1988744,0.42155865000000003,1.650377,1.8492514,EXTRACTED
_0444_,_3232_/ZN,14.25,56.0,False,1,0.6034123,1.0953161999999999,1.670716,2.2741283,EXTRACTED
_0445_,_3234_/ZN,44.08,57.4,False,37766,1.1609060000000002,1.7274988910000002,2.65457,3.8154760000000003,EXTRACTED
_0446_,_3235_/ZN,48.83,61.6,False,7687,1.0037075,1.0125827799999998,4.895212,5.8989195,EXTRACTED
_0447_,_3236_/ZN,46.17,50.4,False,27178,0.1117258,0.038889721999999995,1.599032,1.7107578,EXTRACTED
_0448_,_3237_/ZN,45.22,49.0,False,1374,0.037985000000000005,0.030119280000000002,1.664199,1.702184,EXTRACTED
_0449_,_3239_/ZN,38.57,47.6,False,28798,0.6114184,1.0922711500000002,5.89772,6.509138399999999,EXTRACTED
_0450_,_3240_/ZN,38.57,42.0,False,24664,0.883982,0.9869692579999999,4.145501,5.029483000000001,EXTRACTED
_0451_,_3241_/ZN,37.43,47.6,False,29150,0.24635645,0.20158694,3.291284,3.53764045,EXTRACTED
_0452_,_3242_/ZN,32.3,74.2,False,19439,0.982273,0.7870305460000002,6.763101000000001,7.745374000000001,EXTRACTED
_0453_,_3243_/ZN,25.65,82.6,False,20821,0.5398282,0.91277155,3.345631,3.8854592,EXTRACTED
_0454_,_3244_/ZN,24.13,82.6,False,5936,4.30761751,5.9128022924899994,10.744356,15.05197351,EXTRACTED
_0455_,_3245_/ZN,30.97,78.4,False,5936,12.554517259999997,14.719668721839994,44.51005,57.06456726,EXTRACTED
_0456_,_3246_/ZN,50.35,78.4,False,367,5.449005960000001,6.05681697149,10.992822,16.44182796,EXTRACTED
_0457_,_3247_/ZN,37.05,77.0,False,367,2.7120837399999997,3.384755631999999,7.423657,10.13574074,EXTRACTED
_0458_,_3248_/ZN,35.72,61.6,False,19,0.114075,0.02518307,1.779209,1.893284,EXTRACTED
_0459_,_3249_/ZN,32.11,16.8,False,19,1.6930032,2.2441625969,4.807449,6.5004522,EXTRACTED
_0460_,_3250_/ZN,44.65,64.4,False,4636,2.286824,3.915231635000001,3.2998839999999996,5.586708,EXTRACTED
_0461_,_3251_/ZN,37.81,65.8,False,4636,3.49369684,3.9709422110000006,7.419152,10.91284884,EXTRACTED
_0462_,_3252_/ZN,41.99,71.4,False,12158,0.5914564,0.7150272019999999,2.572772,3.1642284,EXTRACTED
_0463_,_3253_/ZN,42.94,68.6,False,18386,3.7330357999999997,3.6708689310000002,6.884535,10.6175708,EXTRACTED
_0464_,_3254_/ZN,43.89,64.4,False,22530,7.642326870000001,9.268637327999995,15.503714,23.14604087,EXTRACTED
_0465_,_3255_/ZN,41.8,63.0,False,22530,9.074668990000001,12.995733359900001,19.762246,28.836914990000004,EXTRACTED
_0466_,_3256_/ZN,42.37,46.2,False,15462,0.399046,0.69778388,1.620338,2.019384,EXTRACTED
_0467_,_3257_/ZN,44.08,44.8,False,15462,0.9772628,1.174887907,8.231249,9.2085118,EXTRACTED
_0468_,_3258_/ZN,48.64,44.8,False,26676,0.8581682,1.1474590150000001,8.363857,9.2220252,EXTRACTED
_0469_,_3259_/ZN,43.51,44.8,False,26676,0.6849218,0.480848382,3.24669,3.9316118,EXTRACTED
_0470_,_3260_/ZN,45.03,43.4,False,38384,2.1595880100000002,2.422993161000001,6.202312,8.36190001,EXTRACTED
_0471_,_3261_/ZN,49.02,54.6,False,16464,0.5155715999999999,0.31721295800000004,1.670716,2.1862876,EXTRACTED
_0472_,_3262_/ZN,45.79,47.6,False,20594,0.39631799,0.610036436,3.8941939999999997,4.29051199,EXTRACTED
_0473_,_3263_/ZN,54.72,53.2,False,16791,0.7908919999999999,0.5263385930000001,1.571893,2.3627849999999997,EXTRACTED
_0474_,_3264_/ZN,47.69,47.6,False,17734,1.5141639,1.5712656739999997,5.871956,7.3861199,EXTRACTED
_0475_,_3265_/ZN,31.73,42.0,False,41994,0.73959382,1.464229955,4.817519,5.5571128199999995,EXTRACTED
_0476_,_3266_/ZN,35.34,72.8,False,4509,1.047044,1.4874745459999998,1.647003,2.6940470000000003,EXTRACTED
_0477_,_3267_/ZN,33.25,60.2,False,4509,1.4737799999999999,1.3833341439999998,3.262874,4.736654,EXTRACTED
_0478_,_3268_/ZN,43.32,67.2,False,15692,2.090783,2.2698573800000004,4.770299,6.861082,EXTRACTED
_0479_,_3269_/ZN,41.61,64.4,False,17743,7.98622712,10.967983716000004,11.443446999999999,19.429674119999998,EXTRACTED
_0480_,_3270_/ZN,45.03,75.6,False,17743,0.223716,0.32487219,0.974659,1.198375,EXTRACTED
_0481_,_3271_/ZN,49.59,77.0,False,39332,0.08848320000000001,0.00813475,2.626004,2.7144872,EXTRACTED
_0482_,_3272_/ZN,38.76,68.6,False,39332,6.061733210000001,5.772332524999998,9.942576,16.004309210000002,EXTRACTED
_0483_,_3273_/ZN,50.73,77.0,False,40517,2.6154195,2.337712544,7.388572,10.0039915,EXTRACTED
_0484_,_3274_/ZN,47.88,72.8,False,40517,10.12157233,14.092634812400002,19.689436,29.81100833,EXTRACTED
_0485_,_3275_/ZN,41.42,42.0,False,15108,0.95820759,0.8899790439999998,4.9357869999999995,5.893994589999999,EXTRACTED
_0486_,_3276_/ZN,44.27,46.2,False,17615,0.4699073,0.199315417,3.257225,3.7271323,EXTRACTED
_0487_,_3277_/ZN,48.64,51.8,False,27212,0.6787582,0.738435557,3.8797569999999997,4.5585151999999995,EXTRACTED
_0488_,_3278_/ZN,49.59,40.6,False,31869,1.0818222,1.2184512725000003,3.319401,4.4012232000000004,EXTRACTED
_0489_,_3279_/ZN,40.28,46.2,False,32298,0.9660228,0.658764558,5.875813,6.8418358,EXTRACTED
_0490_,_3280_/ZN,40.85,46.2,False,42540,0.49098,0.24448467399999996,1.664199,2.155179,EXTRACTED
_0491_,_3281_/ZN,41.23,51.8,False,23738,0.25274800000000003,0.25329016000000004,1.614241,1.866989,EXTRACTED
_0492_,_3282_/ZN,38.57,71.4,False,26855,6.803846020000001,10.565721692999999,17.735098,24.538944020000002,EXTRACTED
_0493_,_3283_/ZN,36.67,71.4,False,26855,7.538878639999998,7.621669769600002,9.594104999999999,17.13298364,EXTRACTED
_0494_,_3284_/ZN,36.29,70.0,False,16008,6.97234144,10.131513252899992,18.511744,25.48408544,EXTRACTED
_0495_,_3285_/ZN,41.04,49.0,False,24945,0.13978459999999998,0.23632400099999998,1.657276,1.7970606,EXTRACTED
_0496_,_3286_/ZN,39.14,49.0,False,37398,0.7609640000000001,0.8723970499999999,3.37867,4.139634,EXTRACTED
_0497_,_3287_/ZN,36.29,51.8,False,673,0.35854,0.61120244,1.590286,1.9488260000000002,EXTRACTED
_0498_,_3288_/ZN,28.88,44.8,False,25377,1.299625,1.3933354299999998,1.621225,2.9208499999999997,EXTRACTED
_0499_,_3289_/ZN,31.35,77.0,False,4296,0.052434800000000004,0.00522756,0.974659,1.0270938,EXTRACTED
_0500_,_3290_/ZN,35.91,77.0,False,4296,11.15262211,10.314060619999998,18.758696999999998,29.911319109999997,EXTRACTED
_0501_,_3291_/ZN,45.98,74.2,False,224,0.035228999999999996,0.034216510000000006,0.974659,1.0098880000000001,EXTRACTED
_0502_,_3292_/ZN,46.93,82.6,False,224,9.397405770000002,10.719283912,19.061984,28.45938977,EXTRACTED
_0503_,_3293_/ZN,35.53,49.0,False,315,0.1123458,0.06809183,1.626352,1.7386978,EXTRACTED
_0504_,_3294_/ZN,35.15,50.4,False,360,0.5242979,0.6546466799999999,1.650377,2.1746749,EXTRACTED
_0505_,_3306_/ZN,4.94,70.0,False,26071,3.2895755999999996,2.5177935730000014,16.969174,20.258749599999998,EXTRACTED
_0506_,_3307_/Z,19.95,47.6,False,16710,0.389696,0.37674481500000007,1.626352,2.016048,EXTRACTED
_0507_,_3308_/ZN,15.77,44.8,False,16933,1.1135927,0.8082761719999998,1.70023,2.8138227000000002,EXTRACTED
_0508_,_3310_/ZN,34.58,60.2,False,14472,0.405344,0.060944148,1.676853,2.082197,EXTRACTED
_0509_,_3311_/ZN,34.58,65.8,False,37588,0.12115379999999999,0.025361691999999998,1.66205,1.7832038000000001,EXTRACTED
_0510_,_3312_/ZN,35.34,65.8,False,23666,0.38557199999999997,0.20667642600000002,1.599032,1.984604,EXTRACTED
_0511_,_3313_/ZN,27.36,82.6,False,20099,0.22875,0.188441387,0.974659,1.2034090000000002,EXTRACTED
_0512_,_3314_/ZN,35.53,82.6,False,20099,2.0529077,1.07896330749,5.177739,7.230646699999999,EXTRACTED
_0513_,_3315_/ZN,47.31,70.0,False,37954,9.71163854,10.3323264556,36.999799,46.711437540000006,EXTRACTED
_0514_,_3316_/ZN,47.69,61.6,False,37954,7.608893500000001,9.22820567746,17.234191,24.8430845,EXTRACTED
_0515_,_3317_/ZN,36.1,58.8,False,9635,2.41255292,2.677453844,9.74065,12.15320292,EXTRACTED
_0516_,_3318_/ZN,29.26,77.0,False,9635,1.4398090000000001,1.1535244285000001,5.824932,7.264741000000001,EXTRACTED
_0517_,_3319_/Z,36.29,81.2,False,24269,0.49499799999999994,0.46695488500000004,3.2700750000000003,3.765073,EXTRACTED
_0518_,_3320_/Z,37.62,81.2,False,22347,0.3675073,0.27838741,3.248436,3.6159432999999996,EXTRACTED
_0519_,_3321_/ZN,40.28,79.8,False,20982,0.10412539999999999,0.013315500000000001,1.670716,1.7748414000000001,EXTRACTED
_0520_,_3322_/Z,43.7,29.4,False,33610,0.6125933,0.47199101299999996,3.264099,3.8766922999999998,EXTRACTED
_0521_,_3323_/ZN,43.7,28.0,False,20255,0.09793,0.01553102,1.626352,1.724282,EXTRACTED
_0522_,_3324_/ZN,44.27,28.0,False,34490,0.66035,0.6473328520000001,3.2843609999999996,3.944711,EXTRACTED
_0523_,_3325_/Z,45.79,33.6,False,35006,0.34054189999999995,0.4209093979999999,3.2984809999999998,3.6390228999999996,EXTRACTED
_0524_,_3326_/Z,44.08,35.0,False,31758,0.5334026,0.749422483,3.274376,3.8077786000000002,EXTRACTED
_0525_,_3327_/ZN,46.74,32.2,False,28610,0.29955200000000004,0.16939084099999996,1.626352,1.925904,EXTRACTED
_0526_,_3328_/ZN,43.13,40.6,False,22156,0.7928949,0.75718642,5.0483460000000004,5.841240900000001,EXTRACTED
_0527_,_3329_/ZN,42.37,40.6,False,29460,0.5387133,0.29579458200000003,3.548956,4.0876693,EXTRACTED
_0528_,_3330_/ZN,43.7,43.4,False,25167,0.1894222,0.17786321000000002,2.232754,2.4221762,EXTRACTED
_0529_,_3331_/ZN,41.99,35.0,False,24953,0.685562,0.32486249,1.8635,2.549062,EXTRACTED
_0530_,_3332_/ZN,41.61,39.2,False,34323,0.42877652,0.65604876,3.273983,3.70275952,EXTRACTED
_0531_,_3333_/ZN,44.65,39.2,False,38356,0.1718592,0.17477314000000005,1.647003,1.8188621999999999,EXTRACTED
_0532_,_3334_/ZN,46.55,51.8,False,18618,0.05033,0.007993032,1.626352,1.676682,EXTRACTED
_0533_,_3335_/ZN,38.38,46.2,False,30245,0.1458306,0.02149201,1.571893,1.7177236,EXTRACTED
_0534_,_3336_/ZN,39.9,44.8,False,36127,0.373616,0.5080896349999999,1.647003,2.020619,EXTRACTED
_0535_,_3337_/ZN,44.84,42.0,False,34286,0.291116,0.348176504,1.571893,1.863009,EXTRACTED
_0536_,_3338_/ZN,46.74,39.2,False,30097,0.218586,0.197940545,1.676853,1.8954389999999999,EXTRACTED
_0537_,_3339_/ZN,45.6,36.4,False,38560,0.5476215999999999,1.013323824,1.617471,2.1650926,EXTRACTED
_0538_,_3340_/ZN,45.03,29.4,False,37020,0.39901,0.614567926,1.70023,2.09924,EXTRACTED
_0539_,_3341_/ZN,46.93,35.0,False,37020,0.5119174,1.066535335,1.620241,2.1321584,EXTRACTED
_0540_,_3342_/ZN,44.46,25.2,False,29155,0.604106,0.672774249,1.626352,2.230458,EXTRACTED
_0541_,_3343_/ZN,40.28,32.2,False,36249,1.2254519,1.5218322979999999,3.283927,4.5093789,EXTRACTED
_0542_,_3344_/Z,44.46,33.6,False,34286,2.1670357,2.1439120929699995,3.260858,5.4278937,EXTRACTED
_0543_,_3345_/ZN,38.19,32.2,False,42453,1.004718,1.278733516,1.632251,2.6369689999999997,EXTRACTED
_0544_,_3346_/Z,48.64,26.6,False,32840,0.613091,0.8434521667999999,3.2984809999999998,3.9115719999999996,EXTRACTED
_0545_,_3347_/Z,45.6,26.6,False,36360,0.6054259,0.780197506,3.274376,3.8798019000000004,EXTRACTED
_0546_,_3348_/ZN,54.53,26.6,False,36179,0.339026,0.19019034729999998,1.706745,2.045771,EXTRACTED
_0547_,_3349_/ZN,51.11,28.0,False,20503,0.477874,0.42464874999999996,1.670716,2.14859,EXTRACTED
_0548_,_3350_/ZN,50.92,21.0,False,38868,1.1129041000000002,1.1067364999999998,3.29934,4.412244100000001,EXTRACTED
_0549_,_3351_/Z,48.64,29.4,False,33666,0.7932279,0.36968934400000003,3.165857,3.9590848999999997,EXTRACTED
_0550_,_3352_/ZN,45.79,28.0,False,32863,0.7099260000000001,0.8671024300000001,1.67753,2.3874560000000002,EXTRACTED
_0551_,_3353_/ZN,55.67,30.8,False,42621,0.358066,0.23994672999999994,1.571893,1.929959,EXTRACTED
_0552_,_3354_/Z,56.24,25.2,False,39718,0.4513544,0.2861587204900001,3.372193,3.8235474000000003,EXTRACTED
_0553_,_3355_/Z,55.48,26.6,False,33808,0.43243560000000003,0.31086207,3.2478619999999996,3.6802975999999994,EXTRACTED
_0554_,_3356_/ZN,56.81,26.6,False,37349,0.07162579999999999,0.134914,1.66205,1.7336758,EXTRACTED
_0555_,_3357_/Z,65.55,32.2,False,35027,0.8967132,0.9457830380000001,2.545846,3.4425592,EXTRACTED
_0556_,_3358_/Z,74.1,26.6,False,39873,0.09860398000000001,0.196118866,2.606138,2.70474198,EXTRACTED
_0557_,_3359_/ZN,76.19,26.6,False,31615,0.908656,0.731956804,2.550463,3.4591190000000003,EXTRACTED
_0558_,_3360_/Z,63.84,26.6,False,36766,0.6983281000000001,0.44327987799999996,2.589575,3.2879031000000003,EXTRACTED
_0559_,_3361_/Z,67.07,26.6,False,39153,0.40168017,0.275667322,2.536717,2.93839717,EXTRACTED
_0560_,_3362_/ZN,69.16,26.6,False,42201,0.6203364,1.121173385,3.4411009999999997,4.0614374,EXTRACTED
_0561_,_3363_/Z,59.28,26.6,False,30990,0.3841464,0.300019444,3.245462,3.6296084,EXTRACTED
_0562_,_3364_/Z,59.66,25.2,False,33487,0.4221777,0.5174804930000001,3.2445950000000003,3.6667727,EXTRACTED
_0563_,_3365_/ZN,59.47,29.4,False,43940,0.217194,0.16978636700000002,1.670716,1.8879100000000002,EXTRACTED
_0564_,_3366_/ZN,58.33,26.6,False,34624,1.0278559999999999,1.3015911600000005,1.676853,2.704709,EXTRACTED
_0565_,_3367_/ZN,61.94,26.6,False,20878,0.311714,0.56383272,1.763571,2.075285,EXTRACTED
_0566_,_3368_/ZN,67.07,30.8,False,31959,0.596198,0.502602235,1.663842,2.26004,EXTRACTED
_0567_,_3369_/Z,72.01,32.2,False,35470,0.6189273,0.516909175,3.170925,3.7898522999999997,EXTRACTED
_0568_,_3370_/Z,79.8,33.6,False,43605,0.6464295,0.4961563379999999,3.326249,3.9726785,EXTRACTED
_0569_,_3371_/ZN,75.43,28.0,False,38356,0.14807262,0.12743401000000001,3.204527,3.3525996200000003,EXTRACTED
_0570_,_3372_/ZN,76.95,26.6,False,35915,0.09158820000000001,0.030104144,1.657276,1.7488641999999999,EXTRACTED
_0571_,_3373_/Z,73.34,28.0,False,40443,0.2664358,0.38228132400000003,3.2164,3.4828358,EXTRACTED
_0572_,_3374_/Z,82.46,21.0,False,36155,1.0031419000000001,0.43756578397,3.2060329999999997,4.2091749,EXTRACTED
_0573_,_3375_/ZN,76.0,28.0,False,44967,0.912432,1.07920375897,1.616298,2.52873,EXTRACTED
_0574_,_3376_/ZN,65.36,22.4,False,42878,0.41464579999999995,0.5395889549999999,1.647003,2.0616488,EXTRACTED
_0575_,_3377_/ZN,75.43,26.6,False,30114,0.703792,0.6989606099999998,1.670716,2.374508,EXTRACTED
_0576_,_3378_/ZN,79.23,32.2,False,41761,1.131581,1.8824301810000006,1.626352,2.757933,EXTRACTED
_0577_,_3379_/ZN,70.49,19.6,False,46825,1.9358016299999998,2.5938791100000005,1.583349,3.5191506299999995,EXTRACTED
_0578_,_3380_/Z,71.44,43.4,False,43524,1.0901707,0.8974838599999999,3.313503,4.4036737,EXTRACTED
_0579_,_3381_/Z,75.05,43.4,False,34442,0.7581302000000001,0.7423912,3.315544,4.0736742,EXTRACTED
_0580_,_3382_/ZN,75.24,40.6,False,39434,0.508948,0.2996982,1.569676,2.078624,EXTRACTED
_0581_,_3383_/ZN,81.7,49.0,False,32350,0.3407942,0.88247728,1.630225,1.9710192,EXTRACTED
_0582_,_3384_/Z,74.48,49.0,False,42799,0.3220743,0.488494292,3.3428899999999997,3.6649643,EXTRACTED
_0583_,_3385_/Z,73.15,49.0,False,34722,0.3883419,0.554287154,3.295163,3.6835049,EXTRACTED
_0584_,_3386_/ZN,74.86,47.6,False,46522,0.4622,0.41213691999999996,1.706745,2.168945,EXTRACTED
_0585_,_3387_/Z,74.1,53.2,False,37991,0.35050877999999996,0.5299125450000001,3.2984809999999998,3.64898978,EXTRACTED
_0586_,_3388_/Z,71.06,50.4,False,39439,0.4689599,0.8358365649999998,3.274376,3.7433359,EXTRACTED
_0587_,_3389_/ZN,78.47,50.4,False,42488,0.40673400000000004,0.80653261,1.632251,2.038985,EXTRACTED
_0588_,_3390_/ZN,75.43,53.2,False,39328,0.511816,0.26490423099999993,1.67753,2.189346,EXTRACTED
_0589_,_3391_/ZN,70.3,67.2,False,27636,0.4998258,0.6628127400000001,1.626352,2.1261778,EXTRACTED
_0590_,_3392_/ZN,76.0,63.0,False,42696,1.589448,2.328212021,3.252663,4.842111,EXTRACTED
_0591_,_3393_/Z,81.32,65.8,False,35037,1.7478481999999997,2.230294243,3.212534,4.9603822,EXTRACTED
_0592_,_3394_/ZN,69.92,50.4,False,46337,1.4079169999999999,1.649492768,1.569676,2.9775929999999997,EXTRACTED
_0593_,_3395_/Z,79.61,56.0,False,34194,1.2436806,1.0050331576000002,3.342301,4.5859816,EXTRACTED
_0594_,_3396_/Z,75.43,71.4,False,44790,0.89000315,1.17612133049,3.262614,4.15261715,EXTRACTED
_0595_,_3397_/ZN,83.6,63.0,False,47903,0.5020358,0.8719035500000001,1.583349,2.0853848,EXTRACTED
_0596_,_3398_/Z,76.76,71.4,False,21617,0.4401105,0.93102882,3.358555,3.7986655,EXTRACTED
_0597_,_3399_/Z,74.29,72.8,False,16151,0.644865,0.9074949749999999,3.273983,3.9188479999999997,EXTRACTED
_0598_,_3400_/Z,76.57,72.8,False,24246,0.9744740000000001,0.32610571249000003,3.372193,4.346667,EXTRACTED
_0599_,_3401_/ZN,73.53,74.2,False,17441,0.0426606,0.17229068,1.626352,1.6690126,EXTRACTED
_0600_,_3402_/ZN,74.29,74.2,False,21681,0.795472,1.03777192,3.2478619999999996,4.043334,EXTRACTED
_0601_,_3403_/ZN,83.6,70.0,False,25882,1.2528699,1.5311822069999999,3.3408230000000003,4.593692900000001,EXTRACTED
_0602_,_3404_/Z,74.67,67.2,False,21341,0.29649415,0.22739258,3.1894270000000002,3.4859211500000002,EXTRACTED
_0603_,_3405_/ZN,73.34,68.6,False,10586,0.355396,0.43367426000000003,1.626352,1.981748,EXTRACTED
_0604_,_3406_/ZN,78.28,70.0,False,15750,0.5544632,0.25431236897,3.278409,3.8328721999999997,EXTRACTED
_0605_,_3407_/ZN,78.09,71.4,False,42879,0.489738,0.29366728299999995,1.630225,2.1199630000000003,EXTRACTED
_0606_,_3408_/ZN,75.62,65.8,False,43223,0.6194984,0.38831974300000005,1.632251,2.2517494,EXTRACTED
_0607_,_3409_/ZN,74.86,70.0,False,23199,0.6710207,0.86434929957,1.651345,2.3223657,EXTRACTED
_0608_,_3410_/ZN,66.88,65.8,False,21721,1.239104,0.969622961,1.67753,2.916634,EXTRACTED
_0609_,_3411_/Z,73.72,75.6,False,24277,0.2030423,0.067682463,3.296091,3.4991333,EXTRACTED
_0610_,_3412_/ZN,69.92,78.4,False,16095,0.304896,0.26629198800000003,1.626352,1.931248,EXTRACTED
_0611_,_3413_/ZN,74.48,77.0,False,21416,0.1750924,0.06309592,3.279642,3.4547344,EXTRACTED
_0612_,_3414_/ZN,75.05,75.6,False,27109,0.052800799999999995,0.04578443,1.706745,1.7595458,EXTRACTED
_0613_,_3415_/Z,70.87,79.8,False,19140,0.8395722,1.3974859,3.29934,4.1389122,EXTRACTED
_0614_,_3416_/ZN,72.2,82.6,False,33335,0.212456,0.203701729,1.670716,1.883172,EXTRACTED
_0615_,_3417_/ZN,69.35,81.2,False,24107,1.009282,1.554902265,3.165857,4.175139,EXTRACTED
_0616_,_3418_/ZN,76.0,77.0,False,21819,0.1191622,0.063082728,1.67753,1.7966921999999999,EXTRACTED
_0617_,_3419_/ZN,76.19,75.6,False,47361,1.82194325,0.71404603,1.571893,3.3938362499999997,EXTRACTED
_0618_,_3420_/Z,51.68,82.6,False,21927,1.320381,0.9225345034,3.32065,4.641031,EXTRACTED
_0619_,_3421_/Z,55.29,81.2,False,23928,1.0884690000000001,1.4827590009999998,3.29509,4.383559,EXTRACTED
_0620_,_3422_/ZN,62.7,75.6,False,25587,0.918304,0.8940483800000002,1.66205,2.580354,EXTRACTED
_0621_,_3423_/Z,53.01,77.0,False,30289,0.7101413999999999,0.8247869499999999,3.347896,4.0580374,EXTRACTED
_0622_,_3424_/ZN,40.85,84.0,False,21492,0.168216,0.536849288,1.626352,1.794568,EXTRACTED
_0623_,_3425_/ZN,44.65,84.0,False,33973,0.3836362,0.518291322,3.2312399999999997,3.6148761999999994,EXTRACTED
_0624_,_3426_/Z,47.5,84.0,False,29808,0.16421338,0.225317766,3.35296,3.51717338,EXTRACTED
_0625_,_3427_/ZN,49.02,85.4,False,19463,0.1576342,0.19247441,1.626352,1.7839862,EXTRACTED
_0626_,_3428_/ZN,49.97,84.0,False,33140,0.1906258,0.29346291,3.305357,3.4959827999999997,EXTRACTED
_0627_,_3429_/ZN,48.26,82.6,False,41378,0.4644201,0.5466490544899999,3.2913810000000003,3.7558011000000002,EXTRACTED
_0628_,_3430_/ZN,50.35,85.4,False,17588,0.7334700000000001,0.7838979800000001,1.626352,2.3598220000000003,EXTRACTED
_0629_,_3431_/ZN,56.43,78.4,False,27479,0.6233025000000001,0.865243574,3.2984809999999998,3.9217835,EXTRACTED
_0630_,_3432_/Z,48.45,86.8,False,30629,0.3880721,0.23986619599999998,3.274376,3.6624481,EXTRACTED
_0631_,_3433_/ZN,50.16,82.6,False,28241,0.1941922,0.14657137999999997,1.658423,1.8526152,EXTRACTED
_0632_,_3434_/ZN,50.92,85.4,False,41922,0.519618,0.45043122799999996,1.670716,2.190334,EXTRACTED
_0633_,_3435_/ZN,52.82,79.8,False,38049,1.417843,1.6815836700000002,1.586715,3.0045580000000003,EXTRACTED
_0634_,_3436_/ZN,49.21,82.6,False,35958,0.146664,0.23800704,1.584237,1.7309009999999998,EXTRACTED
_0635_,_3437_/ZN,30.21,77.0,False,13459,3.8065127,4.879798123490003,16.323552,20.1300647,EXTRACTED
_0636_,_3438_/ZN,50.73,82.6,False,7503,0.26816999999999996,0.498790126,1.626352,1.894522,EXTRACTED
_0637_,_3439_/ZN,45.6,81.2,False,25651,1.06286858,0.8405607569999999,3.3021260000000003,4.36499458,EXTRACTED
_0638_,_3440_/ZN,42.18,74.2,False,16535,0.503354,0.50269317,1.670716,2.17407,EXTRACTED
_0639_,_3441_/ZN,44.08,81.2,False,30801,0.8654278099999999,1.16495329,3.310874,4.17630181,EXTRACTED
_0640_,_3442_/ZN,46.93,81.2,False,37567,0.284096,0.34298695999999995,1.626352,1.9104480000000001,EXTRACTED
_0641_,_3443_/ZN,49.21,84.0,False,38978,0.8722021999999998,1.4799575933,1.547208,2.4194101999999997,EXTRACTED
_0642_,_3444_/ZN,30.21,78.4,False,5057,1.27310922,1.7144081489999996,11.401034,12.67414322,EXTRACTED
_0643_,_3445_/ZN,29.26,85.4,False,5057,0.9654126,1.329284562,4.796318,5.7617306,EXTRACTED
_0644_,_3446_/ZN,23.37,92.4,False,27552,0.8289359999999999,0.744789977,0.974659,1.803595,EXTRACTED
_0645_,_3447_/ZN,28.88,77.0,False,27552,2.70387791,2.3397862224899995,5.224592,7.9284699100000005,EXTRACTED
_0646_,_3448_/ZN,36.86,74.2,False,2685,0.5212640000000001,0.40717706000000004,1.67753,2.198794,EXTRACTED
_0647_,_3449_/ZN,35.91,79.8,False,23535,0.679434,0.6070199149999999,3.2445779999999997,3.924012,EXTRACTED
_0648_,_3450_/Z,38.0,79.8,False,24195,0.757277,0.76051074,3.237536,3.9948129999999997,EXTRACTED
_0649_,_3451_/ZN,35.53,86.8,False,48073,0.8199098,0.676707585,1.66205,2.4819598000000003,EXTRACTED
_0650_,_3452_/ZN,38.19,77.0,False,34643,0.166167,0.10870804500000002,1.571893,1.73806,EXTRACTED
_0651_,_3453_/ZN,39.71,78.4,False,45041,1.2410591999999998,0.8471386289999999,3.303205,4.5442642,EXTRACTED
_0652_,_3454_/ZN,46.93,65.8,False,24093,0.742265,0.775775962,1.555656,2.2979209999999997,EXTRACTED
_0653_,_3455_/ZN,36.29,84.0,False,22710,0.6021403000000001,0.40893384000000005,2.5631120000000003,3.1652523000000006,EXTRACTED
_0654_,_3456_/ZN,37.81,78.4,False,20898,1.23749197,1.5571915499999995,4.370881,5.60837297,EXTRACTED
_0655_,_3457_/ZN,33.25,89.6,False,21334,1.3312618999999999,0.789923447,4.906702,6.2379639000000005,EXTRACTED
_0656_,_3458_/ZN,42.37,89.6,False,19518,0.3408155,0.5481286949999999,3.2716830000000003,3.6124985000000005,EXTRACTED
_0657_,_3459_/ZN,45.22,86.8,False,17677,2.09899436,2.806770152,10.03494,12.133934360000001,EXTRACTED
_0658_,_3460_/ZN,39.33,84.0,False,17677,0.6379697,0.541368714,1.66205,2.3000197,EXTRACTED
_0659_,_3461_/ZN,46.93,93.8,False,26499,0.4053482,0.537423,2.534949,2.9402972000000003,EXTRACTED
_0660_,_3462_/ZN,39.9,91.0,False,29734,1.3676184,1.3878402116700002,6.552582,7.920200400000001,EXTRACTED
_0661_,_3463_/ZN,61.18,46.2,False,20437,0.5808764,0.379002708,5.7843160000000005,6.365192400000001,EXTRACTED
_0662_,_3464_/ZN,62.32,35.0,False,21561,1.1990126,1.4598158939999994,6.552096000000001,7.7511086,EXTRACTED
_0663_,_3465_/ZN,66.5,26.6,False,20957,0.73439967,0.617334485,3.428942,4.16334167,EXTRACTED
_0664_,_3466_/ZN,65.17,35.0,False,20957,1.1577785,1.2288635711999998,6.422916,7.5806945,EXTRACTED
_0665_,_3467_/ZN,65.55,33.6,False,31261,1.4343268000000002,1.1215397479999996,10.154593,11.588919800000001,EXTRACTED
_0666_,_3468_/ZN,58.9,32.2,False,32853,0.18608318,0.04959728,3.3783130000000003,3.56439618,EXTRACTED
_0667_,_3469_/ZN,62.89,26.6,False,32853,1.4971666899999998,1.5958729560000002,4.936597,6.433763689999999,EXTRACTED
_0668_,_3470_/ZN,64.03,33.6,False,20860,0.3409957,0.21623333800000002,3.170925,3.5119207,EXTRACTED
_0669_,_3471_/ZN,58.14,25.2,False,18009,0.85562928,0.846082603,4.879529,5.73515828,EXTRACTED
_0670_,_3472_/ZN,59.28,33.6,False,26152,1.1105260000000001,0.7466993699999999,4.862037,5.972563,EXTRACTED
_0671_,_3473_/ZN,57.57,32.2,False,25366,0.22460609999999998,0.01495649,3.2232380000000003,3.4478441,EXTRACTED
_0672_,_3474_/ZN,54.72,33.6,False,21409,0.6720098000000001,0.4701085279999999,4.975473,5.647482800000001,EXTRACTED
_0673_,_3475_/ZN,52.44,35.0,False,19873,0.45091444999999997,0.45877054700000003,4.934728,5.38564245,EXTRACTED
_0674_,_3476_/ZN,52.63,33.6,False,25715,0.6757759999999999,0.3919848996999999,3.428942,4.104718,EXTRACTED
_0675_,_3477_/ZN,44.08,30.8,False,25706,0.9752111,0.8896520219999998,4.224511,5.1997221,EXTRACTED
_0676_,_3478_/ZN,51.11,29.4,False,29407,0.49344393,0.6895321709999997,3.254726,3.7481699299999995,EXTRACTED
_0677_,_3479_/ZN,42.56,33.6,False,25998,1.06075051,1.3897928409999998,4.912716,5.97346651,EXTRACTED
_0678_,_3480_/ZN,40.47,36.4,False,20136,0.7189801,0.41440101,3.499045,4.2180251,EXTRACTED
_0679_,_3481_/ZN,41.99,33.6,False,21307,0.6026695,0.4511674,1.883184,2.4858535,EXTRACTED
_0680_,_3482_/ZN,43.51,37.8,False,29737,0.6296041400000001,0.604963656,5.1008759999999995,5.730480139999999,EXTRACTED
_0681_,_3483_/ZN,45.03,37.8,False,29737,0.06371260000000001,0.06823234,1.66205,1.7257626,EXTRACTED
_0682_,_3484_/ZN,25.08,36.4,False,31753,1.7653500000000002,1.9505799574999998,4.980484000000001,6.745834,EXTRACTED
_0683_,_3485_/ZN,43.32,42.0,False,20053,0.241396,0.27967646,0.938321,1.179717,EXTRACTED
_0684_,_3486_/ZN,47.69,44.8,False,17000,0.366272,0.48465158999999997,0.923766,1.290038,EXTRACTED
_0685_,_3487_/ZN,37.62,42.0,False,27409,0.5116281,1.0654198170000002,0.914189,1.4258171000000002,EXTRACTED
_0686_,_3488_/ZN,45.6,39.2,False,32168,1.0660577,1.3863140589999998,4.218542,5.2845997,EXTRACTED
_0687_,_3489_/ZN,39.52,33.6,False,30853,0.43466406,0.5413514989999999,3.2044490000000003,3.6391130600000006,EXTRACTED
_0688_,_3490_/ZN,39.52,36.4,False,26472,1.73492995,2.1329135919,6.5576550000000005,8.29258495,EXTRACTED
_0689_,_3491_/ZN,38.95,35.0,False,32509,0.6574317000000001,0.5360371069999998,6.51164,7.1690717,EXTRACTED
_0690_,_3492_/ZN,35.15,32.2,False,30912,0.549798,0.578497317,1.714471,2.264269,EXTRACTED
_0691_,_3493_/ZN,43.32,33.6,False,30912,1.261636,1.558334971,3.246035,4.507671,EXTRACTED
_0692_,_3494_/ZN,41.23,33.6,False,21551,0.8331679000000001,1.0296748220000003,4.982114,5.8152819000000004,EXTRACTED
_0693_,_3495_/ZN,49.21,30.8,False,20388,0.6120252,0.56475438,4.255334,4.8673592,EXTRACTED
_0694_,_3496_/ZN,48.83,33.6,False,26383,1.1656400000000002,1.4068451169999998,5.0052509999999995,6.170890999999999,EXTRACTED
_0695_,_3497_/ZN,40.85,35.0,False,32186,0.6363449999999999,0.35589990697000007,3.218896,3.855241,EXTRACTED
_0696_,_3498_/ZN,41.23,26.6,False,30774,1.131398,1.6304625929999998,3.2937469999999998,4.425145,EXTRACTED
_0697_,_3499_/ZN,49.97,33.6,False,26573,1.7151389999999997,2.1431924829999995,8.277189,9.992328,EXTRACTED
_0698_,_3500_/ZN,56.05,28.0,False,24507,1.1818558000000001,0.7575990419999998,4.976115,6.1579708,EXTRACTED
_0699_,_3501_/ZN,56.81,37.8,False,24507,0.209044,0.191574593,1.571893,1.780937,EXTRACTED
_0700_,_3502_/ZN,58.14,40.6,False,26604,1.1546256,1.3397494,3.90347,5.0580956,EXTRACTED
_0701_,_3503_/ZN,57.38,23.8,False,24930,0.1568556,0.28051865200000003,1.664199,1.8210546,EXTRACTED
_0702_,_3504_/ZN,57.76,33.6,False,39604,0.919573,0.3548587,3.364429,4.284002,EXTRACTED
_0703_,_3505_/ZN,55.67,36.4,False,39604,0.356942,0.277259346,3.3881490000000003,3.7450910000000004,EXTRACTED
_0704_,_3506_/ZN,52.44,30.8,False,37796,1.3338367,1.9753855499999997,4.938664,6.2725007,EXTRACTED
_0705_,_3507_/ZN,55.48,37.8,False,14002,0.95905607,1.064623135,3.2954049999999997,4.25446107,EXTRACTED
_0706_,_3508_/ZN,57.19,37.8,False,14002,0.46484568,0.385189604,3.246035,3.71088068,EXTRACTED
_0707_,_3509_/ZN,48.64,35.0,False,10698,0.33547,0.392243511,1.67753,2.013,EXTRACTED
_0708_,_3510_/ZN,48.07,37.8,False,30769,0.235642,0.33729737000000004,1.58162,1.817262,EXTRACTED
_0709_,_3511_/ZN,52.44,29.4,False,30769,1.3386738999999999,1.915208856,3.218896,4.5575699,EXTRACTED
_0710_,_3512_/ZN,54.34,36.4,False,34616,0.1746018,0.14465458,1.628297,1.8028988000000001,EXTRACTED
_0711_,_3513_/ZN,52.63,37.8,False,37791,0.58569624,0.905891562,3.341052,3.92674824,EXTRACTED
_0712_,_3514_/ZN,59.66,39.2,False,38501,0.4073156,0.591895756,3.318046,3.7253616,EXTRACTED
_0713_,_3515_/ZN,61.94,40.6,False,33474,1.8463110999999999,2.3874450649999996,4.900091,6.746402099999999,EXTRACTED
_0714_,_3516_/ZN,65.74,36.4,False,33604,0.237494,0.62584805,2.232754,2.4702479999999998,EXTRACTED
_0715_,_3517_/ZN,63.46,39.2,False,35070,0.591599,0.7410799289999999,4.961161000000001,5.552760000000001,EXTRACTED
_0716_,_3518_/ZN,61.75,35.0,False,33147,1.1122374000000002,0.9702278990000001,6.531949,7.644186400000001,EXTRACTED
_0717_,_3519_/ZN,58.9,36.4,False,27450,0.7277909,1.045322964,3.328319,4.0561099,EXTRACTED
_0718_,_3520_/ZN,62.7,40.6,False,15721,0.6822299999999999,0.8620138709999999,1.714471,2.396701,EXTRACTED
_0719_,_3521_/ZN,64.98,30.8,False,21019,0.90908015,1.2269116899999999,1.657276,2.56635615,EXTRACTED
_0720_,_3522_/ZN,65.93,43.4,False,23468,1.1597680000000001,0.88423849,1.651345,2.811113,EXTRACTED
_0721_,_3523_/ZN,60.8,33.6,False,26583,0.8853879999999998,0.8256208659999997,3.884099,4.769487,EXTRACTED
_0722_,_3524_/ZN,63.27,37.8,False,26552,0.8713886099999999,1.080506228,3.391324,4.2627126099999995,EXTRACTED
_0723_,_3525_/ZN,60.04,40.6,False,21511,1.7580179,1.685092864,4.912435,6.670452900000001,EXTRACTED
_0724_,_3526_/ZN,63.84,37.8,False,21511,0.3888991,0.544719623,4.969778,5.3586770999999995,EXTRACTED
_0725_,_3527_/ZN,64.41,37.8,False,28580,0.6479691000000001,1.026644785,4.316931,4.9649001,EXTRACTED
_0726_,_3528_/ZN,61.18,43.4,False,28720,0.2990022,0.17820173699999997,3.270127,3.5691292,EXTRACTED
_0727_,_3529_/ZN,60.99,72.8,False,9201,0.04543,0.03454978,0.946814,0.992244,EXTRACTED
_0728_,_3530_/ZN,63.65,65.8,False,16766,0.09801699999999999,0.03005319,3.2918000000000003,3.3898170000000003,EXTRACTED
_0729_,_3531_/ZN,71.25,53.2,False,16522,1.05995693,1.007361293,4.217158,5.277114930000001,EXTRACTED
_0730_,_3532_/ZN,64.98,53.2,False,38647,0.9258002,0.8479492799999999,3.296091,4.2218912,EXTRACTED
_0731_,_3533_/ZN,64.41,53.2,False,38647,0.4697935,0.3420280390000001,3.2777979999999998,3.7475914999999995,EXTRACTED
_0732_,_3534_/ZN,62.13,65.8,False,39428,0.0647856,0.07964427000000002,1.647003,1.7117886,EXTRACTED
_0733_,_3535_/ZN,67.64,57.4,False,37895,0.928878,1.3367786009999998,4.920487,5.849365,EXTRACTED
_0734_,_3536_/ZN,64.03,57.4,False,37895,0.8973153,0.7759064079999999,5.063044,5.9603592999999995,EXTRACTED
_0735_,_3537_/ZN,64.03,58.8,False,29800,0.378344,0.443019945,1.615611,1.993955,EXTRACTED
_0736_,_3538_/ZN,64.22,65.8,False,29931,0.415266,0.25370443,3.313503,3.728769,EXTRACTED
_0737_,_3539_/ZN,65.36,74.2,False,11253,0.6848813900000001,0.8556037409999999,3.341432,4.02631339,EXTRACTED
_0738_,_3540_/ZN,71.82,72.8,False,18477,1.3495902,2.198917699,7.584753,8.9343432,EXTRACTED
_0739_,_3541_/ZN,64.98,74.2,False,18477,0.039979,0.11587828499999998,1.628297,1.668276,EXTRACTED
_0740_,_3542_/ZN,61.75,68.6,False,27005,2.09234246,1.4693369299999999,3.269748,5.362090459999999,EXTRACTED
_0741_,_3543_/ZN,64.98,49.0,False,35968,0.8299662999999999,1.006867302,6.61852,7.4484863,EXTRACTED
_0742_,_3544_/ZN,60.61,42.0,False,35343,1.2685141,1.457128017,4.956771,6.2252851,EXTRACTED
_0743_,_3545_/ZN,65.74,54.6,False,29310,1.0089147,0.9311559054899998,4.9582049999999995,5.9671197,EXTRACTED
_0744_,_3546_/ZN,63.08,43.4,False,18766,0.31857,0.5489572149999999,1.651345,1.969915,EXTRACTED
_0745_,_3547_/ZN,58.52,43.4,False,15262,1.7434212,2.2641379909999997,1.605417,3.3488382000000003,EXTRACTED
_0746_,_3548_/ZN,62.89,72.8,False,16892,0.643514,0.8071593470000001,3.261082,3.904596,EXTRACTED
_0747_,_3549_/ZN,65.74,71.4,False,17053,1.00769325,1.9083797689999995,3.288402,4.2960952500000005,EXTRACTED
_0748_,_3550_/ZN,67.07,74.2,False,16174,0.6287167999999999,0.8721016380000001,3.392001,4.0207178,EXTRACTED
_0749_,_3551_/ZN,78.47,82.6,False,18939,1.291655,1.795103971,3.2540649999999998,4.545719999999999,EXTRACTED
_0750_,_3552_/ZN,63.65,75.6,False,21899,0.372862,0.485599795,1.651345,2.024207,EXTRACTED
_0751_,_3553_/ZN,59.66,72.8,False,21934,1.0189309999999998,0.9547146834,3.261329,4.28026,EXTRACTED
_0752_,_3554_/ZN,64.41,49.0,False,17343,0.7771714000000001,0.8120860520000002,4.223543,5.000714400000001,EXTRACTED
_0753_,_3555_/ZN,64.22,51.8,False,16381,0.2050941,0.2922572970000001,2.606138,2.8112321000000002,EXTRACTED
_0754_,_3556_/ZN,62.13,51.8,False,21294,0.3914782,0.280418882,3.351796,3.7432742,EXTRACTED
_0755_,_3557_/ZN,58.33,58.8,False,22819,0.4553194,0.54317059,3.192231,3.6475504,EXTRACTED
_0756_,_3558_/ZN,62.13,56.0,False,17823,2.4509999999999996,1.7483116400000003,1.621225,4.0722249999999995,EXTRACTED
_0757_,_3559_/ZN,60.23,79.8,False,21739,0.7608253,1.3663543069999997,4.879634,5.6404593,EXTRACTED
_0758_,_3560_/ZN,63.84,85.4,False,21539,1.1562809,1.2662680939,1.655378,2.8116589000000003,EXTRACTED
_0759_,_3561_/ZN,64.6,81.2,False,11324,0.4136115,0.608948895,4.179147,4.5927585,EXTRACTED
_0760_,_3562_/ZN,62.13,77.0,False,14766,0.7189380000000001,0.963188786,4.177521,4.896459,EXTRACTED
_0761_,_3563_/ZN,61.94,78.4,False,18697,0.6239555999999999,0.9013551559999999,3.2338750000000003,3.8578306,EXTRACTED
_0762_,_3564_/ZN,59.28,79.8,False,16627,0.48469399999999996,0.34110648699999996,1.630225,2.114919,EXTRACTED
_0763_,_3565_/ZN,56.43,75.6,False,23882,1.8072078999999999,2.0143725509999997,6.778989,8.586196900000001,EXTRACTED
_0764_,_3566_/ZN,47.88,85.4,False,16403,1.5486453,2.1529160910000003,7.514521,9.0631663,EXTRACTED
_0765_,_3567_/ZN,43.32,86.8,False,26032,0.7615589299999999,0.844441617,4.283857,5.04541593,EXTRACTED
_0766_,_3568_/ZN,42.56,93.8,False,33284,0.5833043,0.45270970499999996,2.232754,2.8160583,EXTRACTED
_0767_,_3569_/ZN,39.52,86.8,False,33085,0.64256576,0.32512596300000013,3.30269,3.9452557600000002,EXTRACTED
_0768_,_3570_/ZN,34.58,82.6,False,26494,0.161483,0.44082082,1.571893,1.733376,EXTRACTED
_0769_,_3571_/ZN,35.53,81.2,False,14550,0.5447040000000001,0.700350365,3.2849570000000003,3.8296610000000006,EXTRACTED
_0770_,_3572_/ZN,33.44,82.6,False,5288,0.057070800000000005,0.005873939999999999,1.657276,1.7143468,EXTRACTED
_0771_,_3573_/ZN,32.49,82.6,False,29497,0.0962026,0.07027184,1.66205,1.7582526,EXTRACTED
_0772_,_3574_/ZN,36.29,78.4,False,26415,0.3227943,0.497371569,3.288402,3.6111963,EXTRACTED
_0773_,_3575_/ZN,34.77,81.2,False,10228,0.32717199999999996,0.24800629,1.670716,1.997888,EXTRACTED
_0774_,_3576_/ZN,32.11,84.0,False,29731,1.35728193,1.7743930290000003,3.280497,4.63777893,EXTRACTED
_0775_,_3577_/ZN,37.81,70.0,False,243,0.39807,0.8058865010000001,1.595175,1.993245,EXTRACTED
_0776_,_3578_/ZN,39.33,68.6,False,8771,0.07584199999999999,0.0567087,1.614241,1.690083,EXTRACTED
_0777_,_3579_/ZN,39.33,75.6,False,11867,0.10883519999999999,0.10874133999999999,1.763571,1.8724062,EXTRACTED
_0778_,_3580_/ZN,55.29,67.2,False,19654,1.4487877999999998,1.1791464859799998,3.263231,4.7120188,EXTRACTED
_0779_,_3581_/ZN,62.32,53.2,False,14411,0.0783784,0.04158882999999999,1.664199,1.7425774,EXTRACTED
_0780_,_3582_/ZN,62.51,54.6,False,20784,0.0896544,0.21176699000000002,1.658423,1.7480774,EXTRACTED
_0781_,_3583_/ZN,63.65,47.6,False,13838,0.5008546,0.32651291400000004,3.298078,3.7989325999999997,EXTRACTED
_0782_,_3584_/ZN,60.99,51.8,False,29211,0.1708444,0.0690261,1.655202,1.8260464,EXTRACTED
_0783_,_3585_/ZN,62.32,36.4,False,28049,0.19363809999999998,0.25688144799999996,3.379919,3.5735571,EXTRACTED
_0784_,_3586_/ZN,61.37,37.8,False,25986,0.8003669999999999,1.2051381399999999,1.66205,2.462417,EXTRACTED
_0785_,_3587_/ZN,60.23,35.0,False,23402,0.1364224,0.044612507,1.651345,1.7877674000000001,EXTRACTED
_0786_,_3588_/ZN,60.04,36.4,False,24101,0.30451799999999996,0.53019995,3.2610020000000004,3.5655200000000002,EXTRACTED
_0787_,_3589_/ZN,58.52,33.6,False,13050,0.66943861,1.391824433,3.24669,3.9161286100000003,EXTRACTED
_0788_,_3590_/ZN,45.79,51.8,False,41298,0.45194,0.26426346500000003,1.555656,2.007596,EXTRACTED
_0789_,_3591_/ZN,45.03,46.2,False,39470,0.28849600000000003,0.10043175,1.664199,1.952695,EXTRACTED
_0790_,_3592_/ZN,45.6,42.0,False,35718,0.9171435000000001,1.1496298,1.647003,2.5641465,EXTRACTED
_0791_,_3593_/ZN,45.79,37.8,False,34603,0.6153504000000001,1.032567301,1.676853,2.2922034,EXTRACTED
_0792_,_3594_/ZN,42.56,30.8,False,36135,0.221482,0.4863597899999999,1.571893,1.793375,EXTRACTED
_0793_,_3595_/ZN,46.17,29.4,False,31309,0.911554,0.753596903,1.650377,2.561931,EXTRACTED
_0794_,_3596_/ZN,55.67,35.0,False,27663,0.327508,0.31011164999999996,1.647003,1.9745110000000001,EXTRACTED
_0795_,_3597_/ZN,53.58,39.2,False,30816,0.512112,0.38780001500000005,1.66205,2.174162,EXTRACTED
_0796_,_3598_/ZN,57.38,35.0,False,28747,0.353232,0.29819696,1.590286,1.943518,EXTRACTED
_0797_,_3599_/ZN,44.27,37.8,False,29822,0.254982,0.17437494599999998,1.664199,1.919181,EXTRACTED
_0798_,_3600_/ZN,46.36,36.4,False,33573,0.6295964199999999,0.4434813910000001,1.621225,2.25082142,EXTRACTED
_0799_,_3601_/ZN,49.21,35.0,False,24018,0.787872,0.32376369,1.658423,2.446295,EXTRACTED
_0800_,_3602_/ZN,55.29,39.2,False,25631,0.2014,0.20126522,1.650377,1.851777,EXTRACTED
_0801_,_3603_/ZN,56.05,36.4,False,18606,0.3797716,0.50313019,1.621225,2.0009965999999997,EXTRACTED
_0802_,_3604_/ZN,60.61,36.4,False,26535,0.231256,0.459783948,1.647003,1.878259,EXTRACTED
_0803_,_3605_/ZN,56.81,36.4,False,28659,0.30218999999999996,0.260921486,1.650377,1.952567,EXTRACTED
_0804_,_3606_/ZN,58.9,39.2,False,28435,1.2724,0.4258801,1.650377,2.922777,EXTRACTED
_0805_,_3607_/ZN,60.23,51.8,False,28657,0.1945738,0.06255009,1.679479,1.8740527999999999,EXTRACTED
_0806_,_3608_/ZN,60.61,54.6,False,17530,2.198512,0.8524402449999999,1.655378,3.85389,EXTRACTED
_0807_,_3609_/ZN,55.67,72.8,False,19810,0.782057,0.6662667319999999,1.621225,2.403282,EXTRACTED
_0808_,_3610_/ZN,59.66,75.6,False,19810,0.0925642,0.20835764599999998,1.665448,1.7580122,EXTRACTED
_0809_,_3611_/ZN,61.94,70.0,False,26539,0.5421379999999999,0.386265115,1.650377,2.1925149999999998,EXTRACTED
_0810_,_3612_/ZN,61.18,78.4,False,28660,0.5420725,0.6078176300000001,1.605417,2.1474895,EXTRACTED
_0811_,_3613_/ZN,67.64,79.8,False,23448,1.951336,2.2405441799999997,1.679479,3.630815,EXTRACTED
_0812_,_3614_/ZN,51.49,81.2,False,21513,0.43159000000000003,1.0023403139999998,1.655202,2.086792,EXTRACTED
_0813_,_3615_/ZN,33.25,81.2,False,33355,0.7321358600000001,1.2238283099999998,3.254485,3.98662086,EXTRACTED
_0814_,_3616_/ZN,43.32,77.0,False,29592,0.370068,0.343304165,1.658423,2.028491,EXTRACTED
_0815_,_3617_/ZN,41.61,81.2,False,17967,0.712606,1.150526455,3.3765210000000003,4.089127,EXTRACTED
_0816_,_3618_/ZN,36.29,85.4,False,19011,0.36343600000000004,0.7654434633000001,1.665448,2.028884,EXTRACTED
_0817_,_3619_/ZN,29.83,85.4,False,20690,0.685658,0.37040278200000004,1.615611,2.301269,EXTRACTED
_0818_,_3620_/ZN,34.96,79.8,False,21427,0.262374,0.33557114,1.58401,1.846384,EXTRACTED
_0819_,_3621_/ZN,32.68,78.4,False,21390,0.47391152999999997,0.7231693570000001,3.244256,3.71816753,EXTRACTED
_0820_,_3622_/ZN,39.33,79.8,False,26502,0.87361,0.5490231609699999,3.2232380000000003,4.0968480000000005,EXTRACTED
_0821_,_3623_/ZN,41.42,71.4,False,29919,0.33690800000000004,0.7311293749999999,1.919942,2.25685,EXTRACTED
_0822_,_3624_/ZN,42.18,77.0,False,34252,0.467732,0.39074462,1.58162,2.049352,EXTRACTED
_0823_,_3625_/ZN,38.76,86.8,False,36508,1.4228638599999999,1.9382912829999999,9.225598,10.64846186,EXTRACTED
_0824_,_3626_/ZN,40.47,89.6,False,36508,1.2408583,1.6313543149999998,3.849052,5.0899103,EXTRACTED
_0825_,_3627_/ZN,60.61,93.8,False,33566,0.5412294,0.507830007,3.3408230000000003,3.8820524,EXTRACTED
_0826_,_3628_/ZN,54.15,85.4,False,38496,0.6624918000000001,0.6588110050000001,6.542556,7.2050478,EXTRACTED
_0827_,_3629_/ZN,53.2,95.2,False,23066,0.49561859999999996,0.41575564699999995,3.277697,3.7733155999999997,EXTRACTED
_0828_,_3630_/ZN,58.33,88.2,False,23066,0.1370932,0.12773005,4.844619,4.9817122,EXTRACTED
_0829_,_3631_/ZN,56.24,88.2,False,8383,0.1690454,0.13184942600000002,4.949292,5.1183374,EXTRACTED
_0830_,_3632_/ZN,56.81,88.2,False,28083,0.8866459,0.5777050699999999,8.817436,9.7040819,EXTRACTED
_0831_,_3633_/ZN,65.55,84.0,False,28481,0.2519481,0.28571960199999996,5.98638,6.2383280999999995,EXTRACTED
_0832_,_3634_/ZN,70.3,84.0,False,11308,0.35477210000000003,0.663302622,5.040363,5.3951351,EXTRACTED
_0833_,_3635_/ZN,68.78,78.4,False,28435,0.34119030000000006,0.34314279000000003,4.959118,5.3003083,EXTRACTED
_0834_,_3636_/ZN,67.45,81.2,False,28435,0.6889951000000001,0.53989405249,4.8815740000000005,5.5705691,EXTRACTED
_0835_,_3637_/ZN,67.07,71.4,False,18456,1.8789436,2.1920830099999993,8.106069,9.9850126,EXTRACTED
_0836_,_3638_/ZN,66.12,70.0,False,9464,0.5225522,0.7229543880000001,2.543946,3.0664982,EXTRACTED
_0837_,_3639_/ZN,60.8,67.2,False,24654,1.97855595,2.0355418730000006,8.989261,10.967816950000001,EXTRACTED
_0838_,_3640_/ZN,62.51,67.2,False,23349,0.676683,0.5461308639700001,5.344645,6.021328,EXTRACTED
_0839_,_3641_/ZN,69.16,58.8,False,14547,1.0651179,1.6358363094900001,4.28251,5.3476279,EXTRACTED
_0840_,_3642_/ZN,75.24,60.2,False,39864,1.2179323,1.192111123,3.365816,4.5837483,EXTRACTED
_0841_,_3643_/ZN,68.59,58.8,False,49043,0.65063357,0.7273475930000001,7.228885,7.87951857,EXTRACTED
_0842_,_3644_/ZN,77.9,46.2,False,40525,0.5677500099999999,0.68959959,3.3408230000000003,3.9085730100000005,EXTRACTED
_0843_,_3645_/Z,65.36,44.8,False,48189,2.3823066299999995,2.6571124686000003,11.142057,13.52436363,EXTRACTED
_0844_,_3646_/ZN,30.59,44.8,False,33002,2.591258,1.88351785,1.650377,4.241635,EXTRACTED
_0845_,_3647_/ZN,38.57,78.4,False,25462,3.855519,3.67956406,1.60595,5.461469,EXTRACTED
_0846_,_3648_/ZN,54.72,35.0,False,14132,0.301774,0.5808952359999999,1.590286,1.89206,EXTRACTED
_0847_,_3649_/ZN,55.67,25.2,False,16226,0.8804988,0.5428203469999999,3.334809,4.2153078,EXTRACTED
_0848_,_3650_/ZN,52.82,22.4,False,16226,0.0735152,0.08233947,1.676853,1.7503682,EXTRACTED
_0849_,_3651_/ZN,53.58,23.8,False,29626,0.81688797,0.6257524730000001,5.840809,6.65769697,EXTRACTED
_0850_,_3652_/ZN,49.4,32.2,False,37756,2.4270338,2.16009538749,8.814896,11.2419298,EXTRACTED
_0851_,_3653_/ZN,49.21,50.4,False,27321,1.3130682,0.9817628155999998,6.621035,7.9341032,EXTRACTED
_0852_,_3654_/ZN,45.98,44.8,False,35990,0.86291498,1.2475815320000003,6.477413,7.3403279800000005,EXTRACTED
_0853_,_3655_/ZN,50.92,43.4,False,35990,0.1691234,0.376782338,1.60595,1.7750734,EXTRACTED
_0854_,_3656_/ZN,50.92,40.6,False,27653,0.745414,1.1236660260000002,1.621225,2.366639,EXTRACTED
_0855_,_3657_/ZN,68.21,29.4,False,46048,1.5542677999999999,1.5077447949999998,6.480492,8.0347598,EXTRACTED
_0856_,_3658_/ZN,49.97,32.2,False,35754,2.0548169,2.581587103000001,7.207021,9.2618379,EXTRACTED
_0857_,_3659_/ZN,33.63,42.0,False,23699,0.078802,0.060790061,1.651275,1.730077,EXTRACTED
_0858_,_3660_/ZN,37.81,50.4,False,36904,1.72711171,2.2634944759999995,6.411702,8.13881371,EXTRACTED
_0859_,_3661_/ZN,56.24,39.2,False,20210,0.5130362,0.40887211799999995,1.650377,2.1634132,EXTRACTED
_0860_,_3662_/ZN,60.99,35.0,False,5080,2.2086750000000004,2.383882995,1.651345,3.8600200000000005,EXTRACTED
_0861_,_3663_/ZN,70.3,60.2,False,4108,0.47781,0.52465638,0.927525,1.405335,EXTRACTED
_0862_,_3664_/ZN,66.69,64.4,False,15631,0.7008093,0.6651489309999998,4.912716,5.613525299999999,EXTRACTED
_0863_,_3665_/ZN,67.26,64.4,False,40663,0.40768150000000003,0.273053117,4.977927,5.3856085,EXTRACTED
_0864_,_3666_/ZN,66.31,65.8,False,40663,0.437858,0.6431389069999999,1.670716,2.108574,EXTRACTED
_0865_,_3667_/ZN,66.12,64.4,False,51072,1.4216381,1.8292139954600004,7.189216,8.610854100000001,EXTRACTED
_0866_,_3668_/ZN,51.11,26.6,False,27568,1.0037908,1.41885512749,3.24669,4.2504808,EXTRACTED
_0867_,_3669_/ZN,52.82,32.2,False,36208,3.1596555699999995,4.0408813939999995,7.245177,10.40483257,EXTRACTED
_0868_,_3670_/Z,67.07,50.4,False,49230,0.6234021599999999,1.2545104870000003,6.414574,7.0379761599999995,EXTRACTED
_0869_,_3671_/ZN,64.03,29.4,False,41312,0.9386136,1.2327295909999998,1.83629,2.7749036,EXTRACTED
_0870_,_3672_/ZN,66.5,39.2,False,14805,0.8577196,0.53508173998,2.580047,3.4377666,EXTRACTED
_0871_,_3673_/ZN,66.88,36.4,False,48453,0.8342437,0.962063116,5.747607,6.5818507,EXTRACTED
_0872_,_3674_/ZN,68.02,43.4,False,43560,0.0661214,0.07922246,1.571893,1.6380143999999999,EXTRACTED
_0873_,_3675_/ZN,60.61,37.8,False,12080,0.706239,0.8268377299999999,1.670716,2.376955,EXTRACTED
_0874_,_3676_/ZN,70.68,40.6,False,49458,2.038755,2.2444171020000003,6.433688999999999,8.472444,EXTRACTED
_0875_,_3677_/ZN,34.01,32.2,False,20577,0.8082792,1.0915214130000002,5.094390000000001,5.902669200000001,EXTRACTED
_0876_,_3678_/ZN,33.63,21.0,False,27570,0.5129101,0.46284620499999996,3.2716830000000003,3.7845931000000004,EXTRACTED
_0877_,_3679_/ZN,35.91,23.8,False,37259,2.288554,3.4946957143999993,8.971472,11.260026,EXTRACTED
_0878_,_3680_/ZN,66.31,36.4,False,45342,0.42327069999999994,0.6450338881999998,4.96132,5.3845906999999995,EXTRACTED
_0879_,_3681_/ZN,67.83,37.8,False,45342,1.4278382,2.6344225794900002,3.146943,4.5747812,EXTRACTED
_0880_,_3682_/ZN,59.09,35.0,False,17315,1.285596,1.5327057229999999,1.60595,2.891546,EXTRACTED
_0881_,_3683_/ZN,64.6,50.4,False,6821,1.01837815,0.9247900699999997,0.964824,1.9832021499999999,EXTRACTED
_0882_,_3684_/ZN,64.79,64.4,False,1828,1.3051804,1.0602499744900005,1.659913,2.9650933999999998,EXTRACTED
_0883_,_3685_/ZN,65.55,82.6,False,1744,0.773814,1.6046551500000004,1.67413,2.4479439999999997,EXTRACTED
_0884_,_3686_/ZN,65.74,86.8,False,24018,0.478062,1.12679213,1.620338,2.0984,EXTRACTED
_0885_,_3687_/ZN,67.26,88.2,False,28649,1.5472906,2.0921696664900007,7.187397,8.734687599999999,EXTRACTED
_0886_,_3688_/ZN,42.56,92.4,False,31866,0.0526998,0.009595725,1.571893,1.6245928,EXTRACTED
_0887_,_3689_/ZN,35.72,84.0,False,8012,1.059634,1.150599724,1.670716,2.73035,EXTRACTED
_0888_,_3690_/ZN,43.89,92.4,False,36058,1.0909698,1.3086803820000001,9.696121999999999,10.787091799999999,EXTRACTED
_0889_,_3691_/Z,37.05,89.6,False,35222,0.997323,1.09911040349,8.80139,9.798713,EXTRACTED
_0890_,_3692_/ZN,41.8,91.0,False,26504,0.6462075,1.20821191,1.635974,2.2821815,EXTRACTED
_0891_,_3693_/ZN,57.95,86.8,False,25237,0.262708,0.26614962999999997,1.60595,1.868658,EXTRACTED
_0892_,_3694_/ZN,53.01,86.8,False,1695,1.4860220000000002,2.458043596,3.278638,4.76466,EXTRACTED
_0893_,_3695_/ZN,41.42,75.6,False,43327,0.36608,0.206764,1.67753,2.04361,EXTRACTED
_0894_,_3696_/ZN,40.09,71.4,False,21680,0.400512,0.221664564,1.663842,2.064354,EXTRACTED
_0895_,_3697_/ZN,42.56,82.6,False,31697,4.17527202,4.529686954000001,6.622047,10.79731902,EXTRACTED
_0896_,_3698_/ZN,43.7,75.6,False,31774,0.438092,0.476704,0.944775,1.382867,EXTRACTED
_0897_,_3699_/Z,48.45,72.8,False,24765,0.580228,1.0044117819999998,1.616298,2.196526,EXTRACTED
_0898_,_3700_/ZN,40.66,75.6,False,44716,0.5003059,0.39759155399999996,1.657276,2.1575819,EXTRACTED
_0899_,_3701_/ZN,39.14,70.0,False,49775,0.46131,0.5785336680000001,1.555656,2.016966,EXTRACTED
_0900_,_3702_/ZN,34.01,67.2,False,9714,0.334174,0.18110241400000002,1.664199,1.998373,EXTRACTED
_0901_,_3705_/ZN,37.24,40.6,False,10971,1.7860701300000001,3.34736748,6.597241,8.383311130000001,EXTRACTED
_0902_,_3706_/ZN,35.34,23.8,False,10459,0.1182964,0.10168818600000001,2.573608,2.6919044000000003,EXTRACTED
_0903_,_3707_/ZN,38.57,22.4,False,8313,0.9824054000000001,1.1300546759999999,5.888184,6.8705894,EXTRACTED
_0904_,_3708_/ZN,40.47,21.0,False,7367,0.0465376,0.179595,2.573608,2.6201456000000003,EXTRACTED
_0905_,_3709_/ZN,35.72,29.4,False,6860,1.46488635,2.040240143,4.224953,5.68983935,EXTRACTED
_0906_,_3710_/ZN,53.39,22.4,False,6678,0.714437,1.1856172649999999,5.888184,6.602621,EXTRACTED
_0907_,_3711_/ZN,62.51,21.0,False,6616,0.5752686,0.8758122939999999,2.573608,3.1488766000000004,EXTRACTED
_0908_,_3712_/ZN,62.32,22.4,False,12110,1.1918715,1.2146757650000002,4.224953,5.416824500000001,EXTRACTED
_0909_,_3713_/ZN,67.83,23.8,False,9726,0.4027367,0.26969196999999995,5.888184,6.2909207,EXTRACTED
_0910_,_3714_/ZN,68.21,25.2,False,6680,0.643208,0.590336342,2.573608,3.216816,EXTRACTED
_0911_,_3715_/ZN,68.4,26.6,False,6308,1.4231995,2.40892764,4.224953,5.6481525,EXTRACTED
_0912_,_3716_/ZN,72.01,42.0,False,5950,1.1106155000000002,1.5585492449999996,4.237807,5.3484225,EXTRACTED
_0913_,_3717_/ZN,70.3,49.0,False,5806,1.3852590999999999,1.2838319959999998,5.830903,7.2161621,EXTRACTED
_0914_,_3718_/ZN,80.56,60.2,False,5762,1.4211399999999998,1.97152521,4.250461,5.671600999999999,EXTRACTED
_0915_,_3719_/ZN,71.82,57.4,False,5654,0.28049999999999997,0.40660408000000003,0.974659,1.255159,EXTRACTED
_0916_,_3720_/ZN,72.96,71.4,False,5602,0.0440028,0.07865857,2.573608,2.6176108,EXTRACTED
_0917_,_3721_/ZN,68.78,71.4,False,5578,0.82747578,0.9394697000000001,3.515547,4.34302278,EXTRACTED
_0918_,_3722_/ZN,67.83,82.6,False,5534,0.40822992,0.368168416,2.588942,2.99717192,EXTRACTED
_0919_,_3723_/ZN,68.78,84.0,False,5506,0.57778988,0.7387038079999999,6.666094,7.24388388,EXTRACTED
_0920_,_3724_/ZN,65.36,91.0,False,5334,1.149888,1.6629544110000005,4.433692,5.5835799999999995,EXTRACTED
_0921_,_3725_/ZN,52.06,93.8,False,5294,0.5753060999999999,0.44873892800000004,3.515547,4.0908531,EXTRACTED
_0922_,_3726_/ZN,50.16,92.4,False,5224,1.20959091,1.9264773039999998,4.224953,5.43454391,EXTRACTED
_0923_,_3727_/ZN,29.64,96.6,False,5160,0.6744608000000001,0.9622706199999999,5.888184,6.5626448,EXTRACTED
_0924_,_3728_/ZN,32.3,91.0,False,5096,0.6480783,0.293035662,2.573608,3.2216863,EXTRACTED
_0925_,_3729_/ZN,25.08,92.4,False,5062,0.7349566000000001,0.22060036000000002,2.573608,3.3085646000000004,EXTRACTED
_0926_,_3730_/ZN,30.59,86.8,False,11693,0.32648403000000004,0.24642269,3.238727,3.56521103,EXTRACTED
_0927_,_3731_/ZN,35.91,71.4,False,24464,1.3769251,2.0285886459999998,3.245819,4.6227441,EXTRACTED
_0928_,_3732_/ZN,34.77,85.4,False,7711,0.7140306000000001,0.5345138170000001,4.911795,5.6258256,EXTRACTED
_0929_,_3733_/ZN,31.73,86.8,False,39066,0.38091399,0.104300091,1.88955,2.27046399,EXTRACTED
_0930_,_3734_/ZN,30.78,79.8,False,17480,0.052911799999999995,0.07818659,1.650377,1.7032888,EXTRACTED
_0931_,_3735_/ZN,30.02,79.8,False,12263,0.6959614,0.76248478,6.693846,7.3898074,EXTRACTED
_0932_,_3736_/ZN,28.69,81.2,False,1797,7.4157896999999995,6.517838053599994,24.476936000000002,31.8927257,EXTRACTED
_0933_,_3738_/ZN,29.26,84.0,False,8913,0.7940361,0.4280941100000001,3.238727,4.0327631,EXTRACTED
_0934_,_3739_/ZN,35.91,89.6,False,39602,0.6459200900000001,1.3258763140000003,1.88955,2.53547009,EXTRACTED
_0935_,_3741_/ZN,37.43,86.8,False,28851,0.6445466000000001,0.5279589446999998,4.954393,5.5989396,EXTRACTED
_0936_,_3742_/ZN,49.59,71.4,False,15601,4.8940901000000006,4.10827787,4.936771,9.8308611,EXTRACTED
_0937_,_3743_/ZN,44.46,86.8,False,1494,0.29620599999999997,0.23099489949,1.67753,1.973736,EXTRACTED
_0938_,_3744_/ZN,42.18,84.0,False,15536,0.7356059,1.10892986,1.614241,2.3498469,EXTRACTED
_0939_,_3745_/ZN,39.33,93.8,False,9381,0.048033,0.16127640000000001,1.626352,1.674385,EXTRACTED
_0940_,_3746_/ZN,37.43,93.8,False,31491,0.030797199999999997,0.09469808,1.647003,1.6778002,EXTRACTED
_0941_,_3747_/ZN,56.62,91.0,False,20180,0.06476380000000001,0.04791256,1.676853,1.7416167999999999,EXTRACTED
_0942_,_3748_/ZN,67.64,61.6,False,20622,0.96059557,1.318711758,4.879634,5.84022957,EXTRACTED
_0943_,_3749_/ZN,70.49,29.4,False,37364,0.59315016,0.6058258350000001,4.852107,5.445257160000001,EXTRACTED
_0944_,_3750_/ZN,67.26,28.0,False,15778,0.13347979999999998,0.07649894900000001,3.3260940000000003,3.4595738000000003,EXTRACTED
_0945_,_3751_/ZN,69.92,28.0,False,15348,0.2563641,0.23910615,3.277228,3.5335921,EXTRACTED
_0946_,_3752_/ZN,67.07,29.4,False,18211,0.1454138,0.10128941000000001,1.670716,1.8161298000000001,EXTRACTED
_0947_,_3753_/ZN,68.02,30.8,False,17899,0.6360634,0.564064232,4.811339,5.4474024000000005,EXTRACTED
_0948_,_3754_/ZN,73.34,30.8,False,37537,1.00035905,0.9447204839999999,3.320473,4.32083205,EXTRACTED
_0949_,_3755_/ZN,62.89,32.2,False,25982,0.807238,1.102618769,4.244378,5.051616,EXTRACTED
_0950_,_3756_/ZN,57.76,21.0,False,24873,0.854514,1.4280464959999999,2.65641,3.510924,EXTRACTED
_0951_,_3757_/ZN,53.39,25.2,False,15638,0.068783,0.17124563,1.658423,1.727206,EXTRACTED
_0952_,_3758_/ZN,54.72,25.2,False,24293,0.16169519999999998,0.149394171,1.651345,1.8130402,EXTRACTED
_0953_,_3759_/ZN,55.48,28.0,False,24139,1.2574235,1.2480127556000002,5.04072,6.2981435,EXTRACTED
_0954_,_3760_/ZN,49.02,25.2,False,18885,1.12910383,1.388295441,4.925514,6.05461783,EXTRACTED
_0955_,_3761_/ZN,35.53,26.6,False,25303,0.0962398,0.035055460000000004,1.658423,1.7546628,EXTRACTED
_0956_,_3762_/ZN,34.2,25.2,False,21955,0.241738,0.20636894799999997,3.2542340000000003,3.495972,EXTRACTED
_0957_,_3763_/ZN,36.86,33.6,False,25914,0.20617000000000002,0.305773745,1.670716,1.876886,EXTRACTED
_0958_,_3764_/ZN,34.39,35.0,False,22990,0.07538740000000001,0.034762430000000004,1.66205,1.7374374000000001,EXTRACTED
_0959_,_3765_/ZN,34.2,44.8,False,13096,0.2206517,0.082004944,2.558813,2.7794646999999997,EXTRACTED
_0960_,_3766_/ZN,35.53,42.0,False,38355,0.2870583,0.242112253,2.523419,2.8104773,EXTRACTED
_0961_,_3767_/ZN,34.77,44.8,False,16986,0.272482,0.159064924,2.411453,2.683935,EXTRACTED
_0962_,_3768_/ZN,34.2,42.0,False,27294,0.77886271,0.623939847,7.054105,7.83296771,EXTRACTED
_0963_,_3769_/ZN,34.01,33.6,False,29035,0.6537356,0.37764207500000013,5.575822,6.2295576,EXTRACTED
_0964_,_3770_/ZN,33.06,26.6,False,31456,0.0904448,0.070108143,1.670716,1.7611608,EXTRACTED
_0965_,_3771_/ZN,33.82,26.6,False,29948,1.1114825,1.1533562565999997,6.804222,7.9157045,EXTRACTED
_0966_,_3772_/ZN,34.58,26.6,False,27478,0.8009461999999999,0.622850462,3.266956,4.0679022,EXTRACTED
_0967_,_3773_/ZN,36.86,25.2,False,29367,0.520852,0.43620027,2.411453,2.932305,EXTRACTED
_0968_,_3774_/ZN,29.83,28.0,False,28067,2.237541,2.337113461000001,4.996254,7.233795000000001,EXTRACTED
_0969_,_3775_/ZN,50.16,28.0,False,27534,0.262018,0.11659911,2.411453,2.6734709999999997,EXTRACTED
_0970_,_3776_/ZN,49.21,19.6,False,25142,0.6165234,0.7864868810000003,1.626352,2.2428754,EXTRACTED
_0971_,_3777_/ZN,50.35,29.4,False,27287,0.33439800000000003,0.584594972,1.658423,1.992821,EXTRACTED
_0972_,_3778_/ZN,45.22,30.8,False,20043,1.9937979999999997,2.9230366750000005,4.851535,6.845333,EXTRACTED
_0973_,_3779_/ZN,65.17,28.0,False,26484,0.16759580000000002,0.125090297,3.804037,3.9716328,EXTRACTED
_0974_,_3780_/ZN,66.69,33.6,False,16422,0.1983148,0.28757956000000007,3.245819,3.4441338,EXTRACTED
_0975_,_3781_/ZN,67.45,33.6,False,21085,0.0528934,0.10758411000000001,2.573608,2.6265014,EXTRACTED
_0976_,_3782_/ZN,68.97,47.6,False,37449,0.14784765,0.137645065,3.3210930000000003,3.4689406500000004,EXTRACTED
_0977_,_3783_/ZN,67.45,46.2,False,30327,1.0173000700000001,1.0335608699999996,3.3329079999999998,4.35020807,EXTRACTED
_0978_,_3784_/ZN,65.74,35.0,False,12433,2.5848647,1.056062205,3.3698490000000003,5.9547137,EXTRACTED
_0979_,_3785_/ZN,68.21,46.2,False,8192,0.5793605,0.38891403300000005,0.918145,1.4975055,EXTRACTED
_0980_,_3786_/ZN,72.39,51.8,False,11352,1.149944,1.5138906699999999,0.97463,2.124574,EXTRACTED
_0981_,_3787_/ZN,64.22,40.6,False,14504,0.5675220000000001,0.48787314000000004,1.630225,2.197747,EXTRACTED
_0982_,_3788_/ZN,66.69,47.6,False,20347,1.337256,0.8445357408999999,3.256762,4.594018,EXTRACTED
_0983_,_3789_/ZN,59.85,53.2,False,21844,1.2508222,1.186013092,7.3718509999999995,8.6226732,EXTRACTED
_0984_,_3790_/ZN,61.56,65.8,False,20286,0.904828,0.831970528,0.941939,1.8467669999999998,EXTRACTED
_0985_,_3791_/ZN,65.74,67.2,False,19611,0.556527,0.78311299,1.70023,2.256757,EXTRACTED
_0986_,_3792_/ZN,59.09,70.0,False,19611,0.36628000000000005,0.5394242499999999,1.670716,2.0369960000000003,EXTRACTED
_0987_,_3793_/ZN,63.65,67.2,False,14905,0.7797626,1.5250585199999995,4.104406,4.8841686,EXTRACTED
_0988_,_3794_/ZN,67.45,60.2,False,12397,1.8145736000000001,1.438054385,3.2758849999999997,5.0904586,EXTRACTED
_0989_,_3795_/ZN,62.32,68.6,False,5726,0.37249800000000005,0.263752532,0.964824,1.3373220000000001,EXTRACTED
_0990_,_3796_/ZN,68.02,68.6,False,18366,1.03810083,1.2048504569999998,3.3112019999999998,4.34930283,EXTRACTED
_0991_,_3797_/ZN,60.61,77.0,False,19094,0.5928677,0.929443935,3.341052,3.9339196999999997,EXTRACTED
_0992_,_3798_/ZN,70.49,78.4,False,16282,1.5927864,1.952492842,4.960398,6.553184399999999,EXTRACTED
_0993_,_3799_/ZN,60.99,81.2,False,18086,0.612222,0.675963976,1.626352,2.238574,EXTRACTED
_0994_,_3800_/ZN,67.83,78.4,False,14453,0.68385322,0.5703368069999999,4.839536,5.52338922,EXTRACTED
_0995_,_3801_/ZN,66.12,85.4,False,16268,0.055489,0.15674464000000002,2.411453,2.466942,EXTRACTED
_0996_,_3802_/ZN,64.6,85.4,False,11831,0.6872037,0.92053935,3.302205,3.9894087,EXTRACTED
_0997_,_3803_/ZN,65.36,85.4,False,17312,0.7058762000000001,0.96443206,3.284775,3.9906512,EXTRACTED
_0998_,_3804_/ZN,64.98,86.8,False,15233,0.23965315000000004,0.20468444500000002,5.709801,5.949454149999999,EXTRACTED
_0999_,_3805_/ZN,72.01,81.2,False,12829,1.84492254,1.7228900299999999,3.273355,5.11827754,EXTRACTED
_1000_,_3806_/ZN,58.14,91.0,False,14742,0.1567574,0.14739546600000003,1.647003,1.8037604,EXTRACTED
_1001_,_3807_/ZN,58.9,88.2,False,7659,0.1452142,0.20540822999999997,1.676853,1.8220672,EXTRACTED
_1002_,_3808_/ZN,57.57,89.6,False,14193,0.06524759999999999,0.04256376,1.626352,1.6915996,EXTRACTED
_1003_,_3809_/ZN,51.3,91.0,False,14283,0.6999165999999999,1.0322293554899997,7.399564,8.0994806,EXTRACTED
_1004_,_3810_/ZN,56.81,89.6,False,15423,1.2185827,1.4014309369999995,7.574561,8.7931437,EXTRACTED
_1005_,_3811_/ZN,43.13,92.4,False,15176,0.38533805,0.4374149300000001,4.250461,4.635799049999999,EXTRACTED
_1006_,_3812_/ZN,38.19,93.8,False,15673,0.90727033,1.142695253,5.882661000000001,6.789931330000001,EXTRACTED
_1007_,_3813_/ZN,37.81,88.2,False,25402,0.1969046,0.042925737000000005,1.670716,1.8676206000000002,EXTRACTED
_1008_,_3814_/ZN,38.57,88.2,False,24855,0.5345072000000001,0.469090395,1.626352,2.1608592,EXTRACTED
_1009_,_3815_/ZN,39.71,84.0,False,36397,0.6822219,0.9540369930000001,1.595175,2.2773969000000003,EXTRACTED
_1010_,_3816_/ZN,37.43,91.0,False,26186,0.1154292,0.064457973,1.664199,1.7796281999999999,EXTRACTED
_1011_,_3817_/ZN,37.24,92.4,False,15127,0.08025399999999999,0.04663659,1.657276,1.73753,EXTRACTED
_1012_,_3818_/ZN,36.48,91.0,False,35016,0.41995776,0.272012503,2.611013,3.0309707599999998,EXTRACTED
_1013_,_3819_/ZN,32.11,92.4,False,14613,0.2911777,0.28340474,3.24776,3.5389377,EXTRACTED
_1014_,_3820_/ZN,34.01,70.0,False,19531,0.0585602,0.05345486,0.974659,1.0332192,EXTRACTED
_1015_,_3821_/ZN,37.81,85.4,False,19531,9.973517160000002,11.509366510000003,20.119618,30.093135160000003,EXTRACTED
_1016_,_3822_/ZN,36.1,93.8,False,39253,0.7378963999999999,0.7202254449999999,3.175897,3.9137934,EXTRACTED
_1017_,_3823_/ZN,32.87,93.8,False,34275,0.0974216,0.04557718,0.941939,1.0393606,EXTRACTED
_1018_,_3824_/ZN,33.82,95.2,False,47269,0.32283427,0.29009487,1.88955,2.2123842700000003,EXTRACTED
_1019_,_3826_/ZN,39.33,92.4,False,37368,0.5037374,0.3692581920000001,4.795271,5.2990084,EXTRACTED
_1020_,_3827_/ZN,40.28,85.4,False,28435,0.6546613,0.82389109,3.328198,3.9828593,EXTRACTED
_1021_,_3828_/ZN,40.66,86.8,False,30693,1.0470888,1.3777646199999998,2.615491,3.6625798,EXTRACTED
_1022_,_3829_/ZN,49.02,81.2,False,35146,0.872268,1.3448224249999998,0.94642,1.818688,EXTRACTED
_1023_,_3830_/Z,41.99,86.8,False,32606,0.0932168,0.05870508000000001,1.571893,1.6651098,EXTRACTED
_1024_,_3831_/ZN,35.34,93.8,False,19275,0.8936599000000001,1.038624544,1.599032,2.4926919,EXTRACTED
_1025_,_3832_/ZN,34.2,79.8,False,35238,1.0054180000000001,0.60336612,1.664199,2.669617,EXTRACTED
_1026_,_3833_/ZN,41.8,85.4,False,29531,0.0690602,0.0594688,1.66205,1.7311102,EXTRACTED
_1027_,_3834_/ZN,42.94,88.2,False,13672,0.171228,0.11947069100000002,1.670716,1.841944,EXTRACTED
_1028_,_3835_/ZN,42.75,85.4,False,28498,0.50546,0.7883394600000001,1.714471,2.219931,EXTRACTED
_1029_,_3836_/ZN,43.51,84.0,False,35004,0.8432280000000001,0.5407427679500001,1.665448,2.5086760000000004,EXTRACTED
_1030_,_3837_/ZN,40.47,92.4,False,16922,0.0682946,0.02387973,1.651345,1.7196396,EXTRACTED
_1031_,_3838_/ZN,41.42,92.4,False,34857,0.5170118,0.766841383,3.19759,3.7146018,EXTRACTED
_1032_,_3839_/ZN,40.66,93.8,False,18097,0.5919498000000001,0.6068040469999999,3.263489,3.8554388,EXTRACTED
_1033_,_3840_/ZN,36.48,96.6,False,31973,0.1471416,0.4630847799999999,1.657276,1.8044176,EXTRACTED
_1034_,_3841_/ZN,39.71,96.6,False,46967,0.3502638,0.35475232,1.88955,2.2398138000000003,EXTRACTED
_1035_,_3843_/ZN,43.32,93.8,False,37423,0.24425370000000002,0.252931635,3.2177059999999997,3.4619596999999995,EXTRACTED
_1036_,_3844_/ZN,44.65,93.8,False,16581,0.9645557999999999,0.777703791,3.228623,4.1931788,EXTRACTED
_1037_,_3845_/ZN,51.3,93.8,False,12059,0.492364,0.45569284,1.670716,2.16308,EXTRACTED
_1038_,_3846_/ZN,45.03,91.0,False,11119,0.0501254,0.09311550999999998,1.590286,1.6404114,EXTRACTED
_1039_,_3847_/ZN,46.36,89.6,False,16387,0.09887699999999999,0.08218568999999999,1.621225,1.7201019999999998,EXTRACTED
_1040_,_3848_/ZN,45.22,88.2,False,21952,0.35786999999999997,0.6743537254199999,1.66205,2.01992,EXTRACTED
_1041_,_3849_/ZN,44.27,88.2,False,24077,0.385194,0.3729020800000001,1.571893,1.957087,EXTRACTED
_1042_,_3850_/ZN,50.73,86.8,False,25175,0.5089699999999999,0.5051998329999999,1.650377,2.159347,EXTRACTED
_1043_,_3851_/ZN,45.79,91.0,False,36577,0.3299202,0.33087605,3.341729,3.6716492,EXTRACTED
_1044_,_3852_/ZN,45.79,93.8,False,48696,0.1878088,0.08402496000000001,1.670716,1.8585248,EXTRACTED
_1045_,_3853_/ZN,45.6,96.6,False,46557,1.1861905000000001,1.3109404504900002,1.88955,3.0757405,EXTRACTED
_1046_,_3855_/ZN,55.86,89.6,False,12682,0.033079,0.03127525,2.411453,2.4445319999999997,EXTRACTED
_1047_,_3856_/Z,54.72,89.6,False,39516,0.25254799,0.26412105449,5.000948,5.25349599,EXTRACTED
_1048_,_3857_/ZN,55.48,91.0,False,8037,0.1238092,0.151389398,1.614241,1.7380502,EXTRACTED
_1049_,_3858_/ZN,57.38,93.8,False,17826,0.369612,0.31701372249,1.657276,2.026888,EXTRACTED
_1050_,_3859_/ZN,59.66,88.2,False,40008,0.530324,0.45989897999999996,1.595175,2.125499,EXTRACTED
_1051_,_3860_/ZN,53.39,91.0,False,36853,0.1613268,0.08745175300000001,3.210362,3.3716888,EXTRACTED
_1052_,_3861_/ZN,52.44,92.4,False,15785,0.2603904,0.216463868,3.2110339999999997,3.4714243999999996,EXTRACTED
_1053_,_3862_/ZN,53.77,92.4,False,38456,0.18057220000000002,0.069492881,1.630225,1.8107972,EXTRACTED
_1054_,_3863_/ZN,52.82,93.8,False,50350,0.6341196,0.499922581,1.88955,2.5236696,EXTRACTED
_1055_,_3865_/ZN,68.59,72.8,False,15344,0.07664599999999999,0.1351685,0.879747,0.9563929999999999,EXTRACTED
_1056_,_3866_/ZN,66.5,56.0,False,20672,0.7497784000000001,0.7210124030000001,1.647003,2.3967814,EXTRACTED
_1057_,_3867_/ZN,61.37,49.0,False,21171,0.1450782,0.22449786,1.626352,1.7714302,EXTRACTED
_1058_,_3868_/ZN,59.85,50.4,False,36438,0.307338,0.44357368999999996,1.58401,1.8913479999999998,EXTRACTED
_1059_,_3869_/ZN,62.89,49.0,False,22966,0.7840221,1.123909773,2.606138,3.3901601,EXTRACTED
_1060_,_3870_/ZN,60.61,39.2,False,29425,0.768666,1.45264877,1.670716,2.439382,EXTRACTED
_1061_,_3871_/ZN,52.06,32.2,False,24655,1.5430764999999997,2.0985236916999987,3.263231,4.8063075,EXTRACTED
_1062_,_3872_/ZN,60.61,46.2,False,25507,1.1506682000000001,1.33934920097,5.812937,6.9636052,EXTRACTED
_1063_,_3873_/ZN,62.89,53.2,False,23271,0.48847830000000003,0.370441461,4.271698,4.7601762999999995,EXTRACTED
_1064_,_3874_/ZN,64.79,57.4,False,23736,1.0394685,0.6720398620000001,3.235582,4.2750505,EXTRACTED
_1065_,_3875_/ZN,64.41,63.0,False,22059,0.8640583,0.70184570846,3.334129,4.1981873,EXTRACTED
_1066_,_3876_/ZN,62.89,65.8,False,22255,0.650229,0.512851583,3.353392,4.003621,EXTRACTED
_1067_,_3877_/ZN,61.56,72.8,False,21780,0.8828664500000001,0.9033507269999999,3.27981,4.16267645,EXTRACTED
_1068_,_3878_/ZN,56.43,70.0,False,21938,2.08548,2.6069134050000002,6.492416,8.577896,EXTRACTED
_1069_,_3879_/ZN,63.65,79.8,False,38885,1.3977392000000002,1.448616486,1.670716,3.0684552000000003,EXTRACTED
_1070_,_3880_/ZN,70.3,65.8,False,34318,0.49717399999999995,0.37433203500000006,0.927525,1.424699,EXTRACTED
_1071_,_3881_/ZN,69.16,57.4,False,21039,0.9742804,1.2198112370000003,5.899857,6.8741374,EXTRACTED
_1072_,_3882_/ZN,72.2,60.2,False,14761,1.1724151,1.596851454,2.592316,3.7647310999999997,EXTRACTED
_1073_,_3883_/ZN,60.61,70.0,False,22604,0.6049759,0.9537255499999998,1.614241,2.2192169,EXTRACTED
_1074_,_3884_/ZN,69.35,70.0,False,8554,0.205908,0.28833422000000003,1.657276,1.863184,EXTRACTED
_1075_,_3885_/ZN,72.58,70.0,False,26482,0.7915588,0.8732277790000001,4.181554,4.9731128,EXTRACTED
_1076_,_3886_/ZN,69.54,71.4,False,3832,0.052642600000000005,0.0743376,0.964824,1.0174666,EXTRACTED
_1077_,_3887_/ZN,69.73,72.8,False,39108,0.1168022,0.16909169,3.19759,3.3143922,EXTRACTED
_1078_,_3888_/ZN,71.82,71.4,False,13103,0.6545259800000001,0.7261641200000001,3.3208260000000003,3.97535198,EXTRACTED
_1079_,_3889_/ZN,66.5,67.2,False,25620,0.7227697,1.10582239949,1.70023,2.4229997,EXTRACTED
_1080_,_3890_/ZN,72.2,74.2,False,25620,0.090471,0.005858275,1.657276,1.747747,EXTRACTED
_1081_,_3891_/ZN,70.68,74.2,False,54703,1.0714874,0.65369996,1.88955,2.9610374000000004,EXTRACTED
_1082_,_3893_/ZN,22.99,85.4,False,10466,3.7912140699999997,2.67005146,14.877226,18.66844007,EXTRACTED
_1083_,_3902_/ZN,89.49,57.4,False,38765,0.107778,0.12212688,1.626352,1.73413,EXTRACTED
_1084_,_3903_/ZN,90.82,57.4,False,49875,0.643852,0.701791933,1.583349,2.227201,EXTRACTED
_1085_,_3904_/Z,91.01,63.0,False,50491,0.707694,0.33739048000000005,2.573608,3.281302,EXTRACTED
_1086_,_3905_/ZN,98.23,57.4,False,50045,0.4999977,0.541240041,1.655378,2.1553757,EXTRACTED
_1087_,_3906_/ZN,95.19,58.8,False,27845,0.35072800000000004,0.19026830999999997,1.630225,1.980953,EXTRACTED
_1088_,_3908_/ZN,7.6,71.4,False,20748,0.436016,0.40036633200000005,1.670716,2.106732,EXTRACTED
_1089_,_3910_/Z,33.06,29.4,False,38145,0.91186406,1.119959127,4.8226119999999995,5.7344760599999995,EXTRACTED
_1090_,_3911_/ZN,37.43,21.0,False,19488,0.16283080000000003,0.07159838,1.614241,1.7770718,EXTRACTED
_1091_,_3912_/ZN,40.85,29.4,False,30818,0.212242,0.18235316000000001,1.670716,1.8829580000000001,EXTRACTED
_1092_,_3913_/ZN,41.8,26.6,False,22277,0.479928,0.23737844000000002,1.657276,2.137204,EXTRACTED
_1093_,_3914_/ZN,37.62,22.4,False,37535,0.37752162,0.7710150589999999,3.199468,3.57698962,EXTRACTED
_1094_,_3915_/ZN,31.35,19.6,False,104,0.202296,0.04226659397,1.626352,1.828648,EXTRACTED
_1095_,_3916_/ZN,34.96,21.0,False,31100,0.22011395,0.4942907000000001,3.20241,3.42252395,EXTRACTED
_1096_,_3917_/ZN,30.78,16.8,False,27046,0.0934256,0.16310178000000003,1.614241,1.7076666,EXTRACTED
_1097_,_3918_/ZN,33.82,19.6,False,2861,0.28619,0.20916568000000005,1.657276,1.943466,EXTRACTED
_1098_,_3920_/ZN,68.21,33.6,False,48592,1.8589868,1.4428296859999998,4.709569,6.5685558,EXTRACTED
_1099_,_3921_/ZN,75.62,29.4,False,15901,1.055497,1.2074671899999998,1.630225,2.685722,EXTRACTED
_1100_,_3922_/ZN,69.54,33.6,False,50164,0.266814,0.36214193,1.655378,1.922192,EXTRACTED
_1101_,_3923_/ZN,66.88,35.0,False,38958,1.4991500000000002,0.90417216,3.267341,4.766491,EXTRACTED
_1102_,_3924_/ZN,68.02,35.0,False,37337,1.462822,1.281224892,3.330896,4.793718,EXTRACTED
_1103_,_3925_/ZN,83.79,29.4,False,27102,0.414428,0.9243716959999999,1.614241,2.028669,EXTRACTED
_1104_,_3926_/ZN,76.0,33.6,False,779,0.39893310000000004,0.6508771169999998,1.626352,2.0252851,EXTRACTED
_1105_,_3927_/ZN,72.58,28.0,False,1269,0.496936,0.5988197199999999,1.657276,2.154212,EXTRACTED
_1106_,_3929_/ZN,60.99,22.4,False,35035,0.45275889999999996,0.42681363,4.805752,5.2585109,EXTRACTED
_1107_,_3930_/ZN,49.97,26.6,False,24392,1.4429911999999998,1.23653394,7.356804,8.7997952,EXTRACTED
_1108_,_3931_/ZN,52.82,23.8,False,24032,0.19633420000000001,0.525178974,2.411453,2.6077871999999997,EXTRACTED
_1109_,_3932_/Z,56.43,22.4,False,36965,0.8843540000000001,0.9736474139999999,4.893291,5.777645,EXTRACTED
_1110_,_3933_/ZN,57.38,19.6,False,15781,0.1873314,0.15516982,0.918145,1.1054764,EXTRACTED
_1111_,_3934_/ZN,58.14,23.8,False,37739,0.457824,0.746656824,1.58401,2.0418339999999997,EXTRACTED
_1112_,_3935_/ZN,50.92,22.4,False,28611,0.57899812,0.9210044310000001,0.97463,1.55362812,EXTRACTED
_1113_,_3936_/ZN,57.0,18.2,False,34246,0.19715461,0.075515548,3.261082,3.45823661,EXTRACTED
_1114_,_3937_/ZN,59.28,18.2,False,29964,0.9903404,0.9791659105,3.253953,4.2442934,EXTRACTED
_1115_,_3938_/ZN,60.42,11.2,False,26931,0.34199799999999997,0.26523868,1.670716,2.012714,EXTRACTED
_1116_,_3939_/ZN,58.71,14.0,False,26557,0.46544407,0.17916580699999995,1.67753,2.14297407,EXTRACTED
_1117_,_3940_/ZN,58.9,19.6,False,26566,0.16100740000000002,0.18065526,1.670716,1.8317234,EXTRACTED
_1118_,_3942_/Z,49.97,23.8,False,38558,1.2737317999999997,1.802913415,4.925298,6.1990298,EXTRACTED
_1119_,_3943_/ZN,51.68,21.0,False,12354,0.1913804,0.06303531,1.590286,1.7816664000000002,EXTRACTED
_1120_,_3944_/ZN,48.45,21.0,False,20678,0.0906494,0.07170828,1.621225,1.7118744,EXTRACTED
_1121_,_3945_/ZN,58.52,18.2,False,29344,1.0445422999999998,1.1524821979999997,1.670716,2.7152583,EXTRACTED
_1122_,_3946_/ZN,47.88,23.8,False,21659,0.480648,0.330329464,1.650377,2.131025,EXTRACTED
_1123_,_3947_/ZN,49.97,19.6,False,38872,0.7463835,1.388053576,3.3205679999999997,4.0669515,EXTRACTED
_1124_,_3948_/ZN,38.76,18.2,False,38872,0.0888686,0.00729881,1.66205,1.7509186,EXTRACTED
_1125_,_3949_/ZN,38.95,21.0,False,31140,0.2110478,0.27893683799999996,3.3709439999999997,3.5819918,EXTRACTED
_1126_,_3950_/ZN,36.1,12.6,False,27267,0.20469800000000002,0.153989438,1.630225,1.834923,EXTRACTED
_1127_,_3951_/ZN,34.39,15.4,False,26069,0.292496,0.35538265100000005,1.67753,1.9700259999999998,EXTRACTED
_1128_,_3952_/ZN,37.05,19.6,False,26006,0.0870774,0.07865529,1.670716,1.7577934000000002,EXTRACTED
_1129_,_3954_/ZN,66.5,28.0,False,26269,1.012579,0.6812688229999998,4.273838,5.286416999999999,EXTRACTED
_1130_,_3955_/ZN,73.34,32.2,False,26269,0.365902,0.33197956700000003,1.676853,2.042755,EXTRACTED
_1131_,_3956_/ZN,73.15,23.8,False,45913,0.9049419000000001,0.8522164959999999,4.731553,5.6364949,EXTRACTED
_1132_,_3957_/ZN,68.59,21.0,False,16098,0.0529366,0.07095514,1.614241,1.6671776,EXTRACTED
_1133_,_3958_/ZN,71.82,39.2,False,15622,0.49519199999999997,0.23222300999999998,1.665448,2.16064,EXTRACTED
_1134_,_3959_/ZN,62.51,37.8,False,35652,0.202974,0.30021685,1.615611,1.818585,EXTRACTED
_1135_,_3960_/ZN,65.74,37.8,False,25722,1.44772,1.120352054,1.657276,3.104996,EXTRACTED
_1136_,_3961_/ZN,70.11,21.0,False,39542,0.6853853999999999,0.409645678,3.37867,4.0640554,EXTRACTED
_1137_,_3962_/ZN,71.44,19.6,False,585,0.098215,0.18898546,1.614241,1.712456,EXTRACTED
_1138_,_3963_/ZN,74.67,15.4,False,38217,0.5587318,0.30866417199999996,3.261863,3.8205948,EXTRACTED
_1139_,_3964_/ZN,72.39,21.0,False,809,0.12842499999999998,0.10104058700000002,1.67753,1.805955,EXTRACTED
_1140_,_3965_/ZN,72.96,19.6,False,27135,0.10783999999999999,0.14988236500000002,1.657276,1.765116,EXTRACTED
_1141_,_3967_/ZN,68.4,100.8,False,41751,0.4628938,0.792493755,3.309053,3.7719468000000003,EXTRACTED
_1142_,_3968_/ZN,71.82,100.8,False,2815,0.40315,0.66302257,1.670716,2.073866,EXTRACTED
_1143_,_3969_/ZN,64.79,102.2,False,1632,0.5940456000000001,0.8287533370000001,1.590286,2.1843316,EXTRACTED
_1144_,_3970_/ZN,82.08,100.8,False,21412,0.313594,0.5086931,1.621225,1.9348189999999998,EXTRACTED
_1145_,_3971_/ZN,57.95,95.2,False,8941,0.945552,1.161486718,1.650377,2.595929,EXTRACTED
_1146_,_3973_/ZN,34.2,30.8,False,36028,0.2579216,0.25589682,4.06183,4.3197516,EXTRACTED
_1147_,_3974_/Z,35.34,30.8,False,40443,0.9525113999999999,1.091170532,4.896744,5.8492554,EXTRACTED
_1148_,_3975_/ZN,32.11,26.6,False,31006,0.607291,0.7761457500000001,1.655378,2.262669,EXTRACTED
_1149_,_3976_/ZN,37.62,29.4,False,12640,0.21076999999999999,0.18046741000000002,0.918145,1.128915,EXTRACTED
_1150_,_3977_/ZN,44.65,32.2,False,22819,0.309952,0.53105376,0.97463,1.284582,EXTRACTED
_1151_,_3978_/ZN,40.09,30.8,False,26559,0.1677098,0.16472884,1.630225,1.7979348,EXTRACTED
_1152_,_3979_/ZN,38.19,30.8,False,37899,1.3342656,1.7317878509999993,3.261679,4.5959446,EXTRACTED
_1153_,_3980_/ZN,29.45,25.2,False,98,0.315924,0.7337672520000001,1.67753,1.9934539999999998,EXTRACTED
_1154_,_3981_/Z,29.83,18.2,False,31924,1.060556,1.122876855,3.204651,4.265207,EXTRACTED
_1155_,_3982_/ZN,29.07,29.4,False,26938,0.34710399999999997,0.406643038,1.599032,1.946136,EXTRACTED
_1156_,_3983_/ZN,27.55,18.2,False,1678,0.49318799999999996,0.5319321250000001,1.664199,2.157387,EXTRACTED
_1157_,_3985_/ZN,71.25,33.6,False,24560,0.214812,0.1096199,1.58162,1.796432,EXTRACTED
_1158_,_3986_/ZN,58.14,32.2,False,12877,0.344706,0.25328229,1.623031,1.9677369999999998,EXTRACTED
_1159_,_3987_/ZN,64.6,32.2,False,18950,0.716097,0.6256374299999999,1.67753,2.393627,EXTRACTED
_1160_,_3988_/ZN,72.01,36.4,False,23904,1.0803482,1.6972762300000004,4.235658,5.3160062,EXTRACTED
_1161_,_3989_/ZN,67.26,43.4,False,22518,1.051339,1.4331974639999998,4.037805,5.089143999999999,EXTRACTED
_1162_,_3990_/ZN,62.32,44.8,False,23592,0.5289899,0.659866538,1.651345,2.1803349,EXTRACTED
_1163_,_3991_/ZN,69.92,46.2,False,20520,0.295952,0.23540183200000003,2.573608,2.86956,EXTRACTED
_1164_,_3992_/ZN,68.4,50.4,False,50042,0.61423,0.7923031930000001,4.873084,5.4873140000000005,EXTRACTED
_1165_,_3993_/ZN,71.44,51.8,False,14545,0.02483,0.10813550000000001,1.70023,1.7250599999999998,EXTRACTED
_1166_,_3994_/ZN,71.06,51.8,False,14545,0.7813723,1.0207984319999999,1.620338,2.4017103,EXTRACTED
_1167_,_3995_/ZN,59.28,50.4,False,38314,0.45201399999999997,0.61050434,1.614241,2.066255,EXTRACTED
_1168_,_3996_/ZN,69.16,53.2,False,23964,0.195212,0.342370091,1.657276,1.852488,EXTRACTED
_1169_,_3997_/ZN,65.93,51.8,False,27611,0.1518676,0.41198314,1.670716,1.8225836000000002,EXTRACTED
_1170_,_3998_/ZN,69.35,51.8,False,34722,0.5863940999999999,0.7675487043,1.658423,2.2448170999999997,EXTRACTED
_1171_,_3999_/ZN,62.89,46.2,False,39442,1.139011,0.6658730000000002,3.19759,4.336601,EXTRACTED
_1172_,_4000_/ZN,73.34,57.4,False,36052,0.6228400000000001,0.8372742499999999,3.204651,3.827491,EXTRACTED
_1173_,_4001_/ZN,83.98,43.4,False,26994,0.985553,0.6297267179000001,1.670716,2.656269,EXTRACTED
_1174_,_4002_/ZN,76.0,51.8,False,27070,0.383772,0.6452898300000001,1.67753,2.061302,EXTRACTED
_1175_,_4003_/ZN,70.87,49.0,False,27127,0.46667200000000003,0.22035867600000003,1.630225,2.0968970000000002,EXTRACTED
_1176_,_4005_/ZN,51.87,37.8,False,885,0.227776,0.4882918650000001,1.626352,1.854128,EXTRACTED
_1177_,_4006_/ZN,56.05,37.8,False,27864,1.678911,2.196708438,1.655378,3.334289,EXTRACTED
_1178_,_4007_/ZN,49.97,22.4,False,9689,0.5076379,0.34518872999999994,1.630225,2.1378629,EXTRACTED
_1179_,_4008_/ZN,43.89,22.4,False,25342,0.8835740000000001,1.53161269,1.714471,2.598045,EXTRACTED
_1180_,_4009_/Z,48.83,23.8,False,39804,1.7613893,1.3137444199999997,4.795271,6.5566603,EXTRACTED
_1181_,_4010_/ZN,44.65,36.4,False,28200,0.253928,0.460805783,1.626352,1.88028,EXTRACTED
_1182_,_4011_/ZN,48.26,36.4,False,29823,0.497638,0.244502625,1.665448,2.163086,EXTRACTED
_1183_,_4012_/ZN,58.14,35.0,False,40516,0.8618162,1.09323082,1.615611,2.4774272,EXTRACTED
_1184_,_4013_/ZN,43.32,36.4,False,24966,1.8176922,2.7872358330000004,1.651345,3.4690372,EXTRACTED
_1185_,_4014_/ZN,55.48,16.8,False,39681,0.8580422000000001,1.283552498,3.19759,4.0556322,EXTRACTED
_1186_,_4015_/ZN,36.48,29.4,False,30035,0.9397673999999999,0.6267111209999998,3.204651,4.1444184,EXTRACTED
_1187_,_4016_/ZN,44.46,9.8,False,28552,0.30929599999999996,0.293949813,1.670716,1.980012,EXTRACTED
_1188_,_4017_/ZN,41.99,14.0,False,26399,0.46372800000000003,0.264118835,1.67753,2.141258,EXTRACTED
_1189_,_4018_/ZN,41.99,19.6,False,26327,0.081995,0.14076273,1.630225,1.71222,EXTRACTED
_1190_,_4020_/ZN,69.73,29.4,False,24322,0.0825108,0.11729358000000001,2.573608,2.6561188000000002,EXTRACTED
_1191_,_4021_/ZN,68.97,30.8,False,45550,1.3663186699999998,1.6459049490000002,4.795271,6.16158967,EXTRACTED
_1192_,_4022_/ZN,65.93,30.8,False,13083,0.551786,0.45588106799999994,1.670716,2.222502,EXTRACTED
_1193_,_4023_/ZN,70.87,35.0,False,16119,0.614922,0.662281498,1.714471,2.329393,EXTRACTED
_1194_,_4024_/ZN,70.3,37.8,False,45822,0.516408,0.4883728939999999,1.665448,2.181856,EXTRACTED
_1195_,_4025_/ZN,63.08,36.4,False,33733,0.6633437,0.83848873,1.651345,2.3146887,EXTRACTED
_1196_,_4026_/ZN,67.83,28.0,False,38814,0.7958442,0.6506342239999999,3.19759,3.9934342,EXTRACTED
_1197_,_4027_/ZN,72.01,23.8,False,36220,0.28480859999999997,0.27625674,3.270034,3.5548425999999997,EXTRACTED
_1198_,_4028_/ZN,76.76,21.0,False,27185,0.033748,0.09287010000000001,1.670716,1.7044640000000002,EXTRACTED
_1199_,_4029_/ZN,75.62,21.0,False,27147,0.0490424,0.009510567999999999,1.626352,1.6753944,EXTRACTED
_1200_,_4030_/ZN,74.86,21.0,False,27157,0.0933128,0.06788498,1.630225,1.7235378000000001,EXTRACTED
_1201_,_4032_/ZN,63.08,22.4,False,45013,0.3034702,0.37344961499999996,4.644207,4.947677199999999,EXTRACTED
_1202_,_4033_/Z,65.17,26.6,False,45119,0.7484983999999999,0.5080935420000001,4.866412,5.6149104,EXTRACTED
_1203_,_4034_/ZN,60.42,23.8,False,29555,0.19031620000000002,0.51940166,2.573608,2.7639242,EXTRACTED
_1204_,_4035_/ZN,64.22,22.4,False,47212,0.1139604,0.019410932,1.647003,1.7609634,EXTRACTED
_1205_,_4036_/ZN,66.88,21.0,False,9206,0.1088428,0.02436149,1.630225,1.7390678,EXTRACTED
_1206_,_4037_/ZN,65.74,21.0,False,27324,0.0539634,0.0819866,1.626352,1.6803154,EXTRACTED
_1207_,_4038_/ZN,64.98,21.0,False,40412,0.4648784,0.7252960820000001,3.19759,3.6624684,EXTRACTED
_1208_,_4039_/ZN,67.45,14.0,False,38597,1.00238079,1.2550616449,3.204651,4.20703179,EXTRACTED
_1209_,_4040_/ZN,67.64,15.4,False,27167,0.0383636,0.06779906000000001,1.670716,1.7090796000000001,EXTRACTED
_1210_,_4041_/ZN,66.88,15.4,False,26820,1.2057820000000001,0.5252827750000001,1.67753,2.883312,EXTRACTED
_1211_,_4042_/ZN,59.28,23.8,False,26870,0.5730442,0.8882166330000001,1.630225,2.2032692000000003,EXTRACTED
_1212_,_4044_/ZN,65.17,100.8,False,41622,0.197494,0.22006559000000003,1.66205,1.859544,EXTRACTED
_1213_,_4045_/ZN,58.33,105.0,False,42844,0.59361,0.33671234,1.571893,2.165503,EXTRACTED
_1214_,_4046_/ZN,66.88,102.2,False,2795,0.0227494,0.10957800000000001,1.66205,1.6847994,EXTRACTED
_1215_,_4047_/ZN,49.59,110.6,False,22335,0.6263513,0.273290515,1.630225,2.2565763,EXTRACTED
_1216_,_4048_/ZN,51.3,102.2,False,24208,0.374136,0.31830982,1.626352,2.000488,EXTRACTED
_1217_,_4049_/ZN,46.55,100.8,False,24401,1.5181917999999999,0.2832665,1.670716,3.1889078,EXTRACTED
_1218_,_4051_/ZN,59.09,43.4,False,37445,0.459492,0.70283612497,1.626352,2.085844,EXTRACTED
_1219_,_4052_/ZN,66.31,42.0,False,26109,0.13744699999999999,0.32386482,1.626352,1.7637990000000001,EXTRACTED
_1220_,_4053_/ZN,69.73,39.2,False,13702,0.445908,0.29921647400000007,1.614241,2.060149,EXTRACTED
_1221_,_4054_/ZN,75.05,46.2,False,49480,1.11877228,0.700003421,4.892822,6.01159428,EXTRACTED
_1222_,_4055_/ZN,68.02,40.6,False,35111,0.6403719999999999,0.603110358,1.657276,2.2976479999999997,EXTRACTED
_1223_,_4056_/ZN,72.96,35.0,False,39734,0.5050474,0.4076241,3.333097,3.8381444,EXTRACTED
_1224_,_4057_/ZN,64.22,44.8,False,38099,0.9514187000000001,0.9604642699999999,3.2110339999999997,4.162452699999999,EXTRACTED
_1225_,_4058_/ZN,76.19,39.2,False,27092,0.1023786,0.178286275,1.630225,1.7326036,EXTRACTED
_1226_,_4059_/ZN,75.05,39.2,False,27361,0.0972782,0.072879929,1.67753,1.7748082,EXTRACTED
_1227_,_4060_/ZN,73.91,39.2,False,27702,0.280122,0.267459835,1.70023,1.980352,EXTRACTED
_1228_,_4062_/ZN,81.89,58.8,False,31542,0.904953,1.269174418,2.573608,3.478561,EXTRACTED
_1229_,_4063_/ZN,94.43,53.2,False,49814,0.1556748,0.21022561999999997,1.555656,1.7113307999999998,EXTRACTED
_1230_,_4064_/ZN,103.93,57.4,False,50246,0.6120121000000001,0.50662123,3.309053,3.9210651,EXTRACTED
_1231_,_4065_/ZN,96.14,53.2,False,813,0.13411879999999998,0.13897440999999996,1.670716,1.8048348,EXTRACTED
_1232_,_4066_/ZN,97.66,53.2,False,541,0.0991886,0.03894133,1.614241,1.7134296,EXTRACTED
_1233_,_4067_/ZN,99.94,51.8,False,25432,0.472266,0.55623388,1.630225,2.102491,EXTRACTED
_1234_,_4068_/ZN,94.24,47.6,False,25762,0.330756,0.33295572000000007,1.657276,1.988032,EXTRACTED
_1235_,_4070_/ZN,82.27,42.0,False,43669,0.620727,0.945515822,1.657276,2.278003,EXTRACTED
_1236_,_4071_/ZN,88.16,47.6,False,698,0.5425523,0.5406518800000001,1.614241,2.1567933,EXTRACTED
_1237_,_4072_/ZN,100.89,42.0,False,29762,0.591118,0.78520782,1.657276,2.2483940000000002,EXTRACTED
_1238_,_4073_/ZN,82.84,53.2,False,50134,0.679208,1.25553761,2.573608,3.252816,EXTRACTED
_1239_,_4074_/ZN,91.96,47.6,False,49982,0.270868,0.13726796,1.595175,1.866043,EXTRACTED
_1240_,_4076_/ZN,79.04,19.6,False,29154,0.8215060000000001,0.5849373629999999,3.8797569999999997,4.701263,EXTRACTED
_1241_,_4077_/ZN,83.98,15.4,False,25647,1.2061357,0.92638148,3.8948039999999997,5.1009397,EXTRACTED
_1242_,_4078_/ZN,81.89,15.4,False,49556,0.1802708,0.20934081,2.573608,2.7538788000000003,EXTRACTED
_1243_,_4079_/ZN,84.36,14.0,False,49165,0.29775599999999997,0.5243115699999998,1.655378,1.953134,EXTRACTED
_1244_,_4080_/ZN,85.12,15.4,False,49888,0.07286580000000001,0.06805133199999999,2.573608,2.6464738000000003,EXTRACTED
_1245_,_4081_/ZN,86.26,15.4,False,49224,0.28588600000000003,0.084212942,1.583349,1.869235,EXTRACTED
_1246_,_4082_/ZN,84.74,19.6,False,28791,0.5345473000000001,0.47835329200000004,1.630225,2.1647723,EXTRACTED
_1247_,_4084_/ZN,72.58,68.6,False,21203,1.12599431,1.4698079644900004,4.885288,6.01128231,EXTRACTED
_1248_,_4085_/ZN,65.74,79.8,False,28448,0.1607688,0.18504291,1.676853,1.8376218,EXTRACTED
_1249_,_4086_/ZN,65.93,78.4,False,38507,0.262426,0.16790991949,1.670716,1.9331420000000001,EXTRACTED
_1250_,_4087_/ZN,66.5,81.2,False,38951,0.1129496,0.016597163999999998,1.647003,1.7599526,EXTRACTED
_1251_,_4088_/ZN,64.79,79.8,False,13784,0.861796,1.483605474,1.626352,2.488148,EXTRACTED
_1252_,_4089_/ZN,58.33,89.6,False,32638,0.8822409999999999,1.1591486370000004,1.66205,2.544291,EXTRACTED
_1253_,_4090_/ZN,66.69,79.8,False,15194,0.277008,0.39315079,1.670716,1.947724,EXTRACTED
_1254_,_4091_/ZN,67.83,84.0,False,19912,0.1049186,0.153911861,1.626352,1.7312706,EXTRACTED
_1255_,_4092_/ZN,66.69,82.6,False,38380,0.395584,0.6043099899999999,3.276291,3.671875,EXTRACTED
_1256_,_4093_/ZN,67.07,77.0,False,12304,0.47973772000000003,0.287472054,3.327684,3.8074217200000002,EXTRACTED
_1257_,_4094_/ZN,68.78,79.8,False,25557,0.184421,0.119002927,3.232596,3.417017,EXTRACTED
_1258_,_4095_/ZN,70.11,81.2,False,43,0.0841844,0.12735233,1.620338,1.7045224,EXTRACTED
_1259_,_4096_/ZN,69.54,82.6,False,15917,0.5486526999999999,0.42298380799999996,3.302205,3.8508576999999997,EXTRACTED
_1260_,_4097_/ZN,37.43,79.8,False,49,7.976673720000001,8.886899062000001,19.696058999999998,27.67273272,EXTRACTED
_1261_,_4098_/ZN,76.57,81.2,False,24185,0.269356,0.30518530000000005,1.670716,1.940072,EXTRACTED
_1262_,_4099_/ZN,75.24,77.0,False,24188,0.42864800000000003,0.29752172000000005,1.658423,2.087071,EXTRACTED
_1263_,_4100_/ZN,71.06,81.2,False,24302,0.12932539999999998,0.189870171,1.670716,1.8000414,EXTRACTED
_1264_,_4102_/Z,67.07,85.4,False,29745,0.39760564,0.9057935949999999,4.87369,5.27129564,EXTRACTED
_1265_,_4103_/ZN,65.93,74.2,False,24262,0.819431,0.897334974,2.411453,3.2308839999999996,EXTRACTED
_1266_,_4104_/Z,66.69,84.0,False,29749,0.224138,0.088510532,1.66205,1.886188,EXTRACTED
_1267_,_4105_/ZN,71.44,89.6,False,18289,0.361946,0.593568955,1.670716,2.032662,EXTRACTED
_1268_,_4106_/ZN,67.45,86.8,False,37932,0.5336529,0.46409110400000003,3.267341,3.8009939,EXTRACTED
_1269_,_4107_/ZN,69.73,85.4,False,22719,0.0867048,0.17875926000000003,1.664199,1.7509038,EXTRACTED
_1270_,_4108_/ZN,68.21,85.4,False,23615,0.21162189999999997,0.35374436000000004,3.287014,3.4986359,EXTRACTED
_1271_,_4109_/ZN,71.06,85.4,False,343,0.20923599999999998,0.20973276000000002,1.626352,1.835588,EXTRACTED
_1272_,_4110_/ZN,75.43,95.2,False,24156,0.6126344,0.541960165,1.630225,2.2428594,EXTRACTED
_1273_,_4111_/ZN,71.63,86.8,False,24185,0.26777799999999996,0.26802767560000007,1.626352,1.89413,EXTRACTED
_1274_,_4112_/ZN,71.25,88.2,False,386,0.326928,0.23477259999999997,1.599032,1.92596,EXTRACTED
_1275_,_4113_/ZN,69.54,84.0,False,24314,0.1348972,0.04383936,1.664199,1.7990962,EXTRACTED
_1276_,_4115_/ZN,64.79,88.2,False,20313,0.44983,0.414134482,1.658423,2.108253,EXTRACTED
_1277_,_4116_/ZN,61.75,75.6,False,23694,1.621947,1.8089587980000004,4.291882,5.913829,EXTRACTED
_1278_,_4117_/ZN,64.98,96.6,False,25821,0.58716,0.41514953200000004,1.571893,2.159053,EXTRACTED
_1279_,_4118_/ZN,56.62,93.8,False,43130,0.658796,1.025846365,1.626352,2.285148,EXTRACTED
_1280_,_4119_/ZN,64.41,89.6,False,42896,0.1523,0.1294861,1.66205,1.8143500000000001,EXTRACTED
_1281_,_4120_/ZN,66.31,88.2,False,14775,0.0412996,0.07471945399999999,1.670716,1.7120156000000002,EXTRACTED
_1282_,_4121_/ZN,65.36,88.2,False,38631,0.5746297,0.32763212999999997,2.6365600000000002,3.2111897000000003,EXTRACTED
_1283_,_4122_/Z,65.17,89.6,False,30116,0.46236790000000005,0.7500635680000001,3.2177059999999997,3.6800739,EXTRACTED
_1284_,_4123_/ZN,70.87,92.4,False,19,0.07127939999999999,0.019301259,1.67753,1.7488093999999998,EXTRACTED
_1285_,_4124_/ZN,71.44,92.4,False,24161,0.08192780000000001,0.06445448000000001,1.614241,1.6961688000000001,EXTRACTED
_1286_,_4125_/ZN,68.02,91.0,False,12365,0.8935744999999999,0.652802394,3.207041,4.1006155,EXTRACTED
_1287_,_4126_/ZN,70.11,91.0,False,749,0.111947,0.163712497,1.657276,1.769223,EXTRACTED
_1288_,_4128_/ZN,56.81,86.8,False,2219,0.11983619999999999,0.09979363999999999,1.66205,1.7818862,EXTRACTED
_1289_,_4129_/ZN,61.75,81.2,False,24105,0.087885,0.20384628999999999,1.626352,1.714237,EXTRACTED
_1290_,_4130_/ZN,60.23,81.2,False,23796,0.9019429999999999,0.8122800880000001,4.145555,5.047498,EXTRACTED
_1291_,_4131_/ZN,62.51,81.2,False,30083,0.5952024,0.454470571,1.571893,2.1670954,EXTRACTED
_1292_,_4132_/ZN,56.81,85.4,False,23100,0.0544276,0.00830281,0.856528,0.9109556,EXTRACTED
_1293_,_4133_/ZN,57.38,88.2,False,5375,0.225486,0.25513337,0.902272,1.127758,EXTRACTED
_1294_,_4134_/ZN,58.33,82.6,False,18724,0.5047217500000001,0.6331572599999999,1.66205,2.16677175,EXTRACTED
_1295_,_4135_/ZN,57.0,81.2,False,10950,0.5802159,0.673168062,1.664199,2.2444148999999998,EXTRACTED
_1296_,_4136_/ZN,61.56,74.2,False,24873,0.8692621999999999,1.0637126000000001,1.670716,2.5399782,EXTRACTED
_1297_,_4137_/ZN,65.36,81.2,False,14554,0.716622,1.3094804749999998,0.924115,1.6407370000000001,EXTRACTED
_1298_,_4138_/ZN,58.71,85.4,False,15851,0.0623074,0.09978436,0.944508,1.0068154,EXTRACTED
_1299_,_4139_/ZN,57.57,85.4,False,38438,0.8417629,1.130174774,3.261082,4.1028449,EXTRACTED
_1300_,_4140_/ZN,66.31,91.0,False,11587,0.7309674,0.35836217,0.97463,1.7055974,EXTRACTED
_1301_,_4141_/ZN,60.99,98.0,False,13635,0.5684558,0.23599398100000002,3.254176,3.8226318,EXTRACTED
_1302_,_4142_/ZN,62.32,92.4,False,24268,0.10992779999999999,0.12224571999999999,1.670716,1.7806438,EXTRACTED
_1303_,_4143_/ZN,61.75,91.0,False,24259,0.1176386,0.252710255,1.67753,1.7951686,EXTRACTED
_1304_,_4144_/Z,59.09,89.6,False,29408,0.40156580000000003,0.5517668089999999,3.128828,3.5303938,EXTRACTED
_1305_,_4145_/ZN,63.27,92.4,False,24415,0.0603458,0.0492426,1.670716,1.7310618,EXTRACTED
_1306_,_4147_/ZN,82.27,16.8,False,50313,0.355604,0.28000555000000005,2.573608,2.929212,EXTRACTED
_1307_,_4148_/ZN,81.13,11.2,False,49325,0.304226,0.29814115599999996,1.655378,1.9596040000000001,EXTRACTED
_1308_,_4149_/Z,83.6,11.2,False,50178,0.08859979999999999,0.09914602,2.573608,2.6622078,EXTRACTED
_1309_,_4150_/ZN,83.41,9.8,False,49591,0.174763,0.047533900000000004,1.583349,1.758112,EXTRACTED
_1310_,_4151_/ZN,91.01,14.0,False,24439,1.1959490000000002,0.8209191399999999,3.2978680000000002,4.493817,EXTRACTED
_1311_,_4152_/ZN,84.55,9.8,False,28775,0.232518,0.096824064,1.630225,1.862743,EXTRACTED
_1312_,_4154_/ZN,78.09,8.4,False,49651,0.13274160000000002,0.19790291897,2.573608,2.7063496000000002,EXTRACTED
_1313_,_4155_/ZN,76.95,9.8,False,49311,0.21590600000000001,0.4704695950000001,1.689746,1.905652,EXTRACTED
_1314_,_4156_/ZN,82.27,19.6,False,24612,1.2766042999999998,0.811194277,3.24669,4.5232943,EXTRACTED
_1315_,_4157_/ZN,75.81,7.0,False,30098,0.277212,0.28799614500000004,1.614241,1.891453,EXTRACTED
_1316_,_4158_/Z,73.53,9.8,False,50048,0.0488638,0.22737892,2.573608,2.6224718,EXTRACTED
_1317_,_4159_/ZN,72.39,9.8,False,50002,0.060875200000000004,0.21229800000000001,1.58401,1.6448851999999998,EXTRACTED
_1318_,_4160_/ZN,71.44,9.8,False,1319,0.0464648,0.04619376,1.657276,1.7037408,EXTRACTED
_1319_,_4162_/ZN,67.45,2.8,False,24095,0.297828,0.40718575,1.595175,1.893003,EXTRACTED
_1320_,_4163_/Z,71.44,1.4,False,50241,0.2207,0.647634234,1.66205,1.8827500000000001,EXTRACTED
_1321_,_4164_/ZN,66.69,2.8,False,723,0.250338,0.60978268,1.555656,1.8059939999999999,EXTRACTED
_1322_,_4165_/Z,69.16,4.2,False,50118,0.39444399999999996,0.946191092,1.569676,1.96412,EXTRACTED
_1323_,_4166_/ZN,60.99,7.0,False,762,0.93154,0.6060584220000002,1.614241,2.545781,EXTRACTED
_1324_,_4167_/ZN,58.33,12.6,False,23860,1.554438,0.9508260439,3.2978680000000002,4.8523060000000005,EXTRACTED
_1325_,_4168_/ZN,72.58,1.4,False,27470,0.1227786,0.16396933,1.657276,1.7800546,EXTRACTED
_1326_,_4170_/Z,52.44,2.8,False,40925,0.48774,0.6582182400000001,2.573608,3.061348,EXTRACTED
_1327_,_4171_/ZN,45.79,7.0,False,41222,0.32529199999999997,0.60380557,1.655378,1.98067,EXTRACTED
_1328_,_4172_/ZN,48.45,1.4,False,41060,0.5916895,0.884330811,2.573608,3.1652975000000003,EXTRACTED
_1329_,_4173_/ZN,52.25,11.2,False,42223,0.467292,0.05820543399999999,1.583349,2.0506409999999997,EXTRACTED
_1330_,_4174_/ZN,58.71,8.4,False,23239,0.45065500000000003,0.508750746,3.2978680000000002,3.7485230000000005,EXTRACTED
_1331_,_4175_/ZN,62.13,7.0,False,27518,0.5123002000000001,0.64513009,1.630225,2.1425252,EXTRACTED
_1332_,_4177_/ZN,34.2,5.6,False,47311,0.623178,0.34651127000000004,2.573608,3.1967860000000003,EXTRACTED
_1333_,_4178_/ZN,26.6,1.4,False,45121,0.323,0.68385664,1.555656,1.8786559999999999,EXTRACTED
_1334_,_4179_/Z,39.52,4.2,False,46463,0.1331762,0.22085280999999998,1.569676,1.7028522000000001,EXTRACTED
_1335_,_4180_/ZN,36.48,4.2,False,757,0.21976400000000001,0.15042888499999998,1.614241,1.834005,EXTRACTED
_1336_,_4181_/ZN,39.52,12.6,False,20271,0.0797556,0.06855925,1.614241,1.6939966,EXTRACTED
_1337_,_4182_/ZN,36.48,8.4,False,27728,0.51991,0.373844622,1.657276,2.177186,EXTRACTED
_1338_,_4184_/ZN,18.62,7.0,False,38988,0.4915446,0.7604126999999999,1.605417,2.0969616,EXTRACTED
_1339_,_4185_/ZN,17.86,7.0,False,24582,0.339814,0.1324688,1.664199,2.004013,EXTRACTED
_1340_,_4186_/ZN,21.85,9.8,False,1074,0.6037899999999999,0.624716303,1.655378,2.259168,EXTRACTED
_1341_,_4187_/Z,16.53,2.8,False,45314,0.12464879999999999,0.133769,2.573608,2.6982568000000002,EXTRACTED
_1342_,_4188_/ZN,17.29,5.6,False,42833,0.4930034,0.928464734,1.583349,2.0763523999999998,EXTRACTED
_1343_,_4189_/ZN,29.45,16.8,False,19802,1.2213098,1.351152111,3.2978680000000002,4.5191778000000005,EXTRACTED
_1344_,_4190_/ZN,19.19,5.6,False,27122,0.535576,0.6988192799999999,1.630225,2.165801,EXTRACTED
_1345_,_4192_/ZN,13.87,11.2,False,36853,0.1443762,0.1591897,2.573608,2.7179842,EXTRACTED
_1346_,_4193_/ZN,15.58,9.8,False,42326,0.13177299999999997,0.015792713,1.655378,1.787151,EXTRACTED
_1347_,_4194_/ZN,22.99,7.0,False,34279,0.529684,0.45227202000000005,2.573608,3.103292,EXTRACTED
_1348_,_4195_/ZN,17.86,12.6,False,42098,0.091562,0.039858254,1.547208,1.6387699999999998,EXTRACTED
_1349_,_4196_/ZN,17.86,11.2,False,26844,0.12849439999999998,0.17560125000000001,1.630225,1.7587194,EXTRACTED
_1350_,_4198_/ZN,12.16,18.2,False,33929,0.0721536,0.11404113999999999,1.626352,1.6985056,EXTRACTED
_1351_,_4199_/ZN,12.92,18.2,False,39713,0.362154,0.19508680999999997,1.547208,1.9093619999999998,EXTRACTED
_1352_,_4200_/ZN,18.05,18.2,False,26329,0.0635988,0.03718449,1.630225,1.6938238,EXTRACTED
_1353_,_4201_/Z,16.91,23.8,False,43132,0.450366,0.370691172,2.573608,3.023974,EXTRACTED
_1354_,_4202_/ZN,16.91,15.4,False,41067,0.1318874,0.01840526,1.655378,1.7872654,EXTRACTED
_1355_,_4204_/ZN,10.83,23.8,False,33712,0.313332,0.21618136999999998,1.621225,1.9345569999999999,EXTRACTED
_1356_,_4205_/ZN,11.59,23.8,False,28563,0.291862,0.15342930000000002,1.650377,1.942239,EXTRACTED
_1357_,_4206_/ZN,12.73,19.6,False,512,0.27284800000000003,0.1777647,1.590286,1.863134,EXTRACTED
_1358_,_4207_/ZN,18.05,23.8,False,31145,0.24608600000000003,0.45072064,1.621225,1.867311,EXTRACTED
_1359_,_4208_/Z,14.25,25.2,False,43045,0.0428952,0.0,2.573608,2.6165032,EXTRACTED
_1360_,_4209_/ZN,15.39,25.2,False,42610,0.163418,0.23395176299999998,1.58401,1.747428,EXTRACTED
_1361_,_4210_/ZN,16.72,22.4,False,1280,0.29921,0.20604369,1.650377,1.949587,EXTRACTED
_1362_,_4212_/ZN,17.48,33.6,False,33670,0.0989506,0.032715105,1.665448,1.7643986,EXTRACTED
_1363_,_4213_/ZN,18.24,35.0,False,39029,0.961835,0.642853888,1.689746,2.651581,EXTRACTED
_1364_,_4214_/ZN,41.42,54.6,False,22509,0.318674,0.37812365000000003,1.630225,1.948899,EXTRACTED
_1365_,_4215_/ZN,16.15,35.0,False,38917,0.1455874,0.15482006000000004,1.614241,1.7598284,EXTRACTED
_1366_,_4216_/ZN,20.9,39.2,False,38539,0.7927000000000001,0.36186845,2.573608,3.366308,EXTRACTED
_1367_,_4217_/ZN,24.32,30.8,False,38903,0.0596458,0.048598800000000004,1.58401,1.6436558,EXTRACTED
_1368_,_4218_/ZN,24.7,29.4,False,1278,0.6024058,1.233702176,1.657276,2.2596818,EXTRACTED
_1369_,_4220_/ZN,51.49,15.4,False,27622,0.986812,1.0133963,1.614241,2.6010530000000003,EXTRACTED
_1370_,_4221_/ZN,28.31,53.2,False,31092,2.8081103,3.4869537900000007,3.257225,6.0653353,EXTRACTED
_1371_,_4222_/Z,31.35,49.0,False,35093,0.45079,0.358766941,1.58401,2.0347999999999997,EXTRACTED
_1372_,_4223_/ZN,32.49,56.0,False,1206,3.59709,2.6120893709999997,1.657276,5.254366,EXTRACTED
_1373_,_4225_/ZN,34.2,61.6,False,8880,0.64486,0.5521156349999999,1.66205,2.3069100000000002,EXTRACTED
_1374_,_4226_/ZN,35.53,44.8,False,27037,0.5826279999999999,0.5313992580000001,1.571893,2.154521,EXTRACTED
_1375_,_4227_/ZN,33.06,51.8,False,1640,2.0779620000000003,1.7656010710000003,3.204527,5.282489,EXTRACTED
_1376_,_4228_/ZN,24.7,44.8,False,35333,0.780094,0.79020214,2.573608,3.353702,EXTRACTED
_1377_,_4229_/ZN,30.21,51.8,False,35633,0.49245965,0.83256441,1.58401,2.07646965,EXTRACTED
_1378_,_4230_/ZN,22.04,50.4,False,1061,0.47141,0.496655591,1.621225,2.092635,EXTRACTED
_1379_,_4231_/ZN,23.37,44.8,False,41720,0.09185420000000001,0.013477639999999999,2.411453,2.5033072,EXTRACTED
_1380_,_4232_/Z,23.18,46.2,False,42871,0.715012,0.91029611549,1.547208,2.26222,EXTRACTED
_1381_,_4233_/ZN,16.72,53.2,False,42337,0.8482101,1.2506632500000001,1.650377,2.4985871,EXTRACTED
_1382_,_4235_/ZN,10.64,36.4,False,18980,0.15338759999999999,0.26707618,1.61746,1.7708476,EXTRACTED
_1383_,_4236_/ZN,22.42,36.4,False,35999,0.41635799999999995,0.6040232099999999,1.573439,1.989797,EXTRACTED
_1384_,_4237_/ZN,19.57,33.6,False,17464,0.48765541999999995,0.7641597667999998,1.651275,2.13893042,EXTRACTED
_1385_,_4238_/ZN,26.98,39.2,False,34279,0.7780179,1.140254451,1.611999,2.3900169,EXTRACTED
_1386_,_4239_/ZN,13.68,36.4,False,1253,0.8374940000000001,0.511088175,1.67753,2.515024,EXTRACTED
_1387_,_4240_/ZN,11.78,29.4,False,18211,0.8144217,0.5826155500000002,1.657276,2.4716977,EXTRACTED
_1388_,_4242_/ZN,84.17,77.0,False,41476,0.506604,0.262139863,2.63668,3.1432840000000004,EXTRACTED
_1389_,_4243_/ZN,85.88,77.0,False,14774,0.1373324,0.052219612000000006,1.595175,1.7325074,EXTRACTED
_1390_,_4244_/ZN,85.88,71.4,False,6367,0.579126,0.5021108200000001,1.555656,2.134782,EXTRACTED
_1391_,_4245_/ZN,84.17,78.4,False,23210,0.1126426,0.12297136100000002,1.626352,1.7389946,EXTRACTED
_1392_,_4246_/ZN,82.84,78.4,False,1747,0.1393992,0.28953742000000005,1.614241,1.7536402,EXTRACTED
_1393_,_4247_/ZN,84.74,78.4,False,23386,0.10911159999999999,0.148869125,1.657276,1.7663876,EXTRACTED
_1394_,_4248_/ZN,85.5,78.4,False,26537,0.1796864,0.17450542600000002,1.664199,1.8438854,EXTRACTED
_1395_,_4249_/ZN,85.88,79.8,False,4867,0.7644519999999999,0.675428418,1.614241,2.378693,EXTRACTED
_1396_,_4250_/ZN,85.69,82.6,False,22264,0.6600581000000001,0.319291288,1.657276,2.3173341,EXTRACTED
_1397_,_4252_/ZN,36.29,63.0,False,41446,0.6775216,0.5813398394899999,3.309053,3.9865746,EXTRACTED
_1398_,_4253_/ZN,43.32,58.8,False,13808,0.0480672,0.08647692500000001,1.626352,1.6744192,EXTRACTED
_1399_,_4254_/ZN,42.56,58.8,False,5917,0.244588,0.576978104,1.620338,1.864926,EXTRACTED
_1400_,_4255_/ZN,39.71,56.0,False,6529,0.1594218,0.09386841000000001,1.670716,1.8301378000000001,EXTRACTED
_1401_,_4256_/ZN,40.28,57.4,False,39209,0.24416599999999997,0.175840283,1.658423,1.9025889999999999,EXTRACTED
_1402_,_4257_/ZN,37.43,58.8,False,37711,0.1345498,0.174446524,1.655378,1.7899278,EXTRACTED
_1403_,_4259_/ZN,86.64,60.2,False,26770,0.72928307,0.47300976,4.880946,5.61022907,EXTRACTED
_1404_,_4260_/ZN,85.5,64.4,False,37986,0.08759549999999999,0.0876701,3.338903,3.4264985,EXTRACTED
_1405_,_4261_/ZN,87.21,64.4,False,1486,0.0671356,0.10255398,1.670716,1.7378516000000002,EXTRACTED
_1406_,_4262_/ZN,86.07,64.4,False,1301,0.23383400000000001,0.335689563,1.590286,1.8241200000000002,EXTRACTED
_1407_,_4263_/ZN,83.98,58.8,False,4335,0.6288392,0.6592589209999999,1.621225,2.2500641999999997,EXTRACTED
_1408_,_4264_/ZN,76.0,67.2,False,27177,0.769924,1.2181248500000001,1.650377,2.4203010000000003,EXTRACTED
_1409_,_4266_/ZN,48.26,61.6,False,26981,0.260944,0.19175052700000003,1.670716,1.9316600000000002,EXTRACTED
_1410_,_4267_/ZN,53.96,57.4,False,29113,0.7711,0.5945025960000001,1.670716,2.441816,EXTRACTED
_1411_,_4268_/ZN,47.5,64.4,False,39390,0.526998,0.6421562210000001,1.58162,2.108618,EXTRACTED
_1412_,_4269_/ZN,56.05,46.2,False,2111,0.933737,1.0295218160000001,1.70023,2.633967,EXTRACTED
_1413_,_4270_/ZN,49.59,57.4,False,2111,0.680204,0.6516877280000002,1.67753,2.3577339999999998,EXTRACTED
_1414_,_4271_/ZN,56.24,63.0,False,9685,0.5892591,1.117345705,1.66205,2.2513091000000003,EXTRACTED
_1415_,_4273_/ZN,84.17,71.4,False,42033,0.18208339,0.224298275,3.218896,3.40097939,EXTRACTED
_1416_,_4274_/ZN,82.65,65.8,False,20377,1.2137340699999999,1.273894336,4.865899,6.07963307,EXTRACTED
_1417_,_4275_/ZN,86.83,74.2,False,20087,0.3046402,0.25234851300000005,3.338903,3.6435432000000003,EXTRACTED
_1418_,_4276_/ZN,86.83,71.4,False,6103,0.091827,0.09329605599999999,1.670716,1.7625430000000002,EXTRACTED
_1419_,_4277_/ZN,87.59,71.4,False,5589,0.233956,0.17354752,0.879747,1.1137029999999999,EXTRACTED
_1420_,_4278_/ZN,82.84,72.8,False,1330,0.438834,0.400731149,0.927525,1.366359,EXTRACTED
_1421_,_4279_/ZN,82.46,67.2,False,23445,0.6831510000000001,0.82722254,0.964824,1.6479750000000002,EXTRACTED
_1422_,_4280_/ZN,87.97,75.6,False,26696,0.5261699999999999,0.39101032299999994,1.66205,2.18822,EXTRACTED
_1423_,_4281_/ZN,90.06,75.6,False,24181,0.5722311,0.4923789179999999,1.670716,2.2429471000000003,EXTRACTED
_1424_,_4283_/ZN,42.18,18.2,False,41883,0.0701752,0.02625264,1.58401,1.6541852,EXTRACTED
_1425_,_4284_/ZN,42.56,16.8,False,39637,0.387504,0.25435913299999996,1.555656,1.94316,EXTRACTED
_1426_,_4285_/ZN,41.61,29.4,False,8267,0.7077229999999999,0.57806441,1.614241,2.321964,EXTRACTED
_1427_,_4286_/ZN,42.75,29.4,False,24140,0.6248370000000001,0.611203438,1.657276,2.282113,EXTRACTED
_1428_,_4287_/ZN,45.22,21.0,False,28214,1.1728760999999999,1.21360172,1.664199,2.8370751,EXTRACTED
_1429_,_4288_/ZN,31.54,26.6,False,7980,0.13684600000000002,0.127567671,1.599032,1.735878,EXTRACTED
_1430_,_4289_/ZN,28.88,26.6,False,26476,0.0498424,0.001963417,1.664199,1.7140414,EXTRACTED
_1431_,_4291_/ZN,87.21,28.0,False,33776,0.986406,0.8381084149999999,1.665448,2.651854,EXTRACTED
_1432_,_4292_/ZN,80.56,35.0,False,27077,1.2056280099999999,1.768401772000001,2.588942,3.7945700099999997,EXTRACTED
_1433_,_4293_/ZN,91.77,42.0,False,29583,0.6018687,0.513397239,6.476121,7.0779897,EXTRACTED
_1434_,_4294_/ZN,89.49,46.2,False,32025,0.51110974,0.330967763,3.3327660000000003,3.8438757400000005,EXTRACTED
_1435_,_4295_/ZN,90.63,46.2,False,28595,0.299236,0.10759958,1.670716,1.9699520000000001,EXTRACTED
_1436_,_4296_/ZN,90.25,50.4,False,17948,0.048729600000000005,0.0401335,1.670716,1.7194456,EXTRACTED
_1437_,_4297_/ZN,89.49,50.4,False,47078,0.40168000000000004,0.49334280599999997,1.58162,1.9833,EXTRACTED
_1438_,_4298_/ZN,83.79,50.4,False,7525,0.34643,0.23593859,1.670716,2.0171460000000003,EXTRACTED
_1439_,_4299_/ZN,86.26,50.4,False,31798,0.7599980000000001,0.514804174,1.67753,2.437528,EXTRACTED
_1440_,_4300_/ZN,95.38,51.8,False,35066,0.312028,0.390593016,1.655378,1.967406,EXTRACTED
_1441_,_4302_/ZN,79.99,85.4,False,41148,0.0859094,0.03757022,1.647003,1.7329124,EXTRACTED
_1442_,_4303_/ZN,82.27,84.0,False,10547,0.368456,0.44639328600000006,1.676853,2.045309,EXTRACTED
_1443_,_4304_/ZN,79.23,85.4,False,6112,0.3376,0.10429413499999998,1.620338,1.957938,EXTRACTED
_1444_,_4305_/ZN,79.23,79.8,False,23434,0.5648386000000001,0.5449054609999999,1.670716,2.2355546000000004,EXTRACTED
_1445_,_4306_/ZN,80.56,86.8,False,23568,0.44197000000000003,0.43995607680000004,1.658423,2.100393,EXTRACTED
_1446_,_4307_/ZN,78.09,81.2,False,27354,0.22828400000000001,0.23730883,1.66205,1.890334,EXTRACTED
_1447_,_4308_/ZN,83.03,81.2,False,23893,0.1835374,0.2690242,1.670716,1.8542534000000002,EXTRACTED
_1448_,_4310_/ZN,54.15,14.0,False,41379,0.2166698,0.062185143,3.276729,3.4933988,EXTRACTED
_1449_,_4311_/ZN,53.2,12.6,False,23371,0.1599142,0.19790636,1.70023,1.8601442,EXTRACTED
_1450_,_4312_/ZN,51.49,12.6,False,23371,0.10264859999999999,0.20138429000000002,1.621225,1.7238736,EXTRACTED
_1451_,_4313_/ZN,53.39,14.0,False,37390,0.0585936,0.13990747499999998,1.650377,1.7089706,EXTRACTED
_1452_,_4314_/ZN,52.63,14.0,False,5949,0.6504523,0.35849899,1.614241,2.2646933000000002,EXTRACTED
_1453_,_4315_/ZN,47.12,29.4,False,8458,1.129905,1.2923399469999999,1.657276,2.787181,EXTRACTED
_1454_,_4316_/ZN,55.67,21.0,False,29132,1.143369,1.2447253309999997,1.664199,2.807568,EXTRACTED
_1455_,_4317_/ZN,42.75,14.0,False,14794,0.237378,0.06884858,1.657276,1.894654,EXTRACTED
_1456_,_4319_/ZN,80.37,75.6,False,43468,1.2091262999999999,1.0515002359999999,3.338903,4.5480293,EXTRACTED
_1457_,_4320_/ZN,87.4,68.6,False,2921,0.6333864,0.27291899000000003,1.670716,2.3041024,EXTRACTED
_1458_,_4321_/ZN,95.38,71.4,False,1380,0.27073,0.26220539,1.590286,1.8610160000000002,EXTRACTED
_1459_,_4322_/ZN,95.57,77.0,False,6368,0.7483599999999999,0.24126740999999996,1.67753,2.42589,EXTRACTED
_1460_,_4323_/ZN,82.84,68.6,False,73,0.47197,0.690072441,1.621225,2.0931949999999997,EXTRACTED
_1461_,_4324_/ZN,91.2,68.6,False,24368,0.038618400000000004,0.00910543,1.650377,1.6889954,EXTRACTED
_1462_,_4326_/ZN,85.12,75.6,False,41777,0.5172079,0.2809904980000001,3.309053,3.8262609000000003,EXTRACTED
_1463_,_4327_/ZN,83.6,79.8,False,14451,0.361534,0.4012505500000001,1.670716,2.0322500000000003,EXTRACTED
_1464_,_4328_/ZN,85.12,77.0,False,5781,0.8312219999999999,0.71031249,0.879747,1.710969,EXTRACTED
_1465_,_4329_/ZN,81.89,78.4,False,1859,0.8611820000000001,0.7529064870000001,0.927525,1.788707,EXTRACTED
_1466_,_4330_/ZN,85.12,86.8,False,23502,0.5954803,0.25640903299999995,0.964824,1.5603042999999999,EXTRACTED
_1467_,_4331_/ZN,93.1,84.0,False,26892,0.474184,0.17720334,1.596415,2.070599,EXTRACTED
_1468_,_4333_/ZN,44.65,60.2,False,26956,0.1830284,0.202445145,1.621225,1.8042534,EXTRACTED
_1469_,_4334_/ZN,44.27,61.6,False,42250,0.0284324,0.07754019999999999,1.650377,1.6788094,EXTRACTED
_1470_,_4335_/ZN,45.03,61.6,False,6080,0.12811,0.15274071500000003,1.647003,1.775113,EXTRACTED
_1471_,_4336_/ZN,50.16,58.8,False,3664,0.5871799999999999,0.36990077600000004,1.676853,2.264033,EXTRACTED
_1472_,_4337_/ZN,46.17,63.0,False,1897,0.5833098000000001,0.72330057249,1.626352,2.2096618,EXTRACTED
_1473_,_4338_/ZN,49.97,56.0,False,28600,0.7321420000000001,0.44299716999999994,1.70023,2.432372,EXTRACTED
_1474_,_4340_/ZN,88.73,54.6,False,27419,0.21807374000000002,0.22146013,3.338903,3.55697674,EXTRACTED
_1475_,_4341_/ZN,86.83,57.4,False,44163,0.2038338,0.153713003,3.218896,3.4227298,EXTRACTED
_1476_,_4342_/ZN,88.16,56.0,False,14212,0.1652498,0.17771430000000002,1.626352,1.7916018,EXTRACTED
_1477_,_4343_/ZN,87.97,57.4,False,6080,0.407708,0.21408511999999996,1.620338,2.0280460000000002,EXTRACTED
_1478_,_4344_/ZN,80.56,61.6,False,157,0.06794660000000001,0.008166439999999999,1.670716,1.7386626,EXTRACTED
_1479_,_4345_/ZN,79.8,61.6,False,7387,0.43837,0.5783783800000001,1.658423,2.096793,EXTRACTED
_1480_,_4346_/ZN,87.4,61.6,False,33797,0.5298001999999999,0.36662239199999996,1.66205,2.1918502,EXTRACTED
_1481_,_4347_/ZN,90.25,61.6,False,27011,0.780581,0.5733913312000001,1.670716,2.4512970000000003,EXTRACTED
_1482_,_4349_/ZN,65.74,56.0,False,12208,0.1337524,0.078264638,1.626352,1.7601044,EXTRACTED
_1483_,_4350_/ZN,67.26,56.0,False,28549,0.1763312,0.150492121,1.70023,1.8765611999999998,EXTRACTED
_1484_,_4351_/ZN,69.35,56.0,False,28549,0.1296968,0.021972656,1.647003,1.7766998,EXTRACTED
_1485_,_4352_/ZN,64.22,56.0,False,35213,0.092069,0.102420601,1.670716,1.762785,EXTRACTED
_1486_,_4353_/ZN,64.98,56.0,False,36886,0.1464302,0.18657815897,1.70023,1.8466601999999999,EXTRACTED
_1487_,_4354_/ZN,64.41,57.4,False,36886,0.10108120000000001,0.16376638,1.655378,1.7564592,EXTRACTED
_1488_,_4355_/ZN,66.69,57.4,False,14069,0.156912,0.14341415,1.630225,1.787137,EXTRACTED
_1489_,_4356_/ZN,65.55,57.4,False,31289,0.13188840000000002,0.35294719,1.626352,1.7582404,EXTRACTED
_1490_,_4357_/ZN,68.4,57.4,False,39392,0.6067975,1.227221655,3.276291,3.8830885,EXTRACTED
_1491_,_4358_/Z,62.32,58.8,False,49993,1.0336012399999999,1.0699955300000001,3.250553,4.2841542399999994,EXTRACTED
_1492_,_4359_/ZN,67.45,65.8,False,36718,1.4554702000000002,1.056152739,3.234694,4.6901642,EXTRACTED
_1493_,_4360_/ZN,74.86,64.4,False,27293,0.49100200000000005,0.39797957300000003,1.630225,2.121227,EXTRACTED
_1494_,_4361_/ZN,76.95,57.4,False,27507,0.1481142,0.167908051,1.70023,1.8483441999999999,EXTRACTED
_1495_,_4362_/ZN,76.38,58.8,False,27507,0.29931199999999997,0.16955010000000004,1.670716,1.9700280000000001,EXTRACTED
_1496_,_4364_/ZN,68.78,64.4,False,51775,0.2929295,0.246038975,4.894105,5.187034499999999,EXTRACTED
_1497_,_4365_/ZN,46.17,67.2,False,40367,1.5973992999999997,2.1183678830000003,3.260623,4.8580223,EXTRACTED
_1498_,_4366_/ZN,66.69,70.0,False,35790,0.5740961,0.5810224479999999,1.655378,2.2294741,EXTRACTED
_1499_,_4367_/ZN,71.06,70.0,False,17439,0.794476,1.2094285836000003,0.918145,1.712621,EXTRACTED
_1500_,_4368_/ZN,71.44,65.8,False,7119,0.41072400000000003,0.53822407,0.97463,1.385354,EXTRACTED
_1501_,_4369_/ZN,66.5,63.0,False,19040,0.1740044,0.045803773,1.630225,1.8042294,EXTRACTED
_1502_,_4370_/ZN,68.78,63.0,False,22772,0.7198784,0.6318311323,3.273355,3.9932334000000003,EXTRACTED
_1503_,_4371_/ZN,71.44,56.0,False,33691,0.555276,0.184186591,0.941939,1.497215,EXTRACTED
_1504_,_4372_/ZN,72.2,63.0,False,36049,0.1578295,0.2099625193,3.166698,3.3245275,EXTRACTED
_1505_,_4373_/ZN,73.72,60.2,False,27275,0.266778,0.352010964,1.630225,1.897003,EXTRACTED
_1506_,_4374_/ZN,72.96,63.0,False,27665,0.0628784,0.031708505,1.626352,1.6892304,EXTRACTED
_1507_,_4375_/ZN,74.1,63.0,False,27660,0.216984,0.40305815999999994,1.70023,1.917214,EXTRACTED
_1508_,_4377_/ZN,73.91,65.8,False,20233,0.88900824,1.5522113899999999,2.573608,3.46261624,EXTRACTED
_1509_,_4378_/ZN,59.47,70.0,False,27564,0.2839394,0.47093623100000004,4.862379,5.1463184,EXTRACTED
_1510_,_4379_/ZN,59.85,68.6,False,3500,0.337406,0.12901611400000002,1.714471,2.051877,EXTRACTED
_1511_,_4380_/Z,61.37,67.2,False,28016,0.873458,1.15060816,1.66205,2.535508,EXTRACTED
_1512_,_4381_/ZN,57.38,61.6,False,14256,1.2706781,2.4831520168,1.670716,2.9413941,EXTRACTED
_1513_,_4382_/ZN,66.88,75.6,False,38305,1.09471994,1.54364601149,1.651345,2.74606494,EXTRACTED
_1514_,_4383_/ZN,57.38,65.8,False,39163,0.24632381000000003,0.20013283200000004,3.19759,3.4439138099999997,EXTRACTED
_1515_,_4384_/ZN,59.09,67.2,False,24134,0.184005,0.17942362,1.630225,1.81423,EXTRACTED
_1516_,_4385_/ZN,60.42,68.6,False,24338,0.22133799999999998,0.26224337799999997,1.626352,1.84769,EXTRACTED
_1517_,_4386_/ZN,64.41,70.0,False,11653,0.973578,0.5926858966,3.270034,4.243612,EXTRACTED
_1518_,_4387_/ZN,57.57,70.0,False,24554,0.225718,0.10352274,1.630225,1.8559430000000001,EXTRACTED
_1519_,_4389_/ZN,30.97,88.2,False,129,0.8340240000000001,0.9157643999999999,3.252704,4.086728,EXTRACTED
_1520_,_4390_/ZN,34.01,81.2,False,25386,1.1341779,0.634195806,1.630225,2.7644029000000003,EXTRACTED
_1521_,_4392_/ZN,15.2,51.8,False,1670,0.231084,0.14108176,1.626352,1.857436,EXTRACTED
_1522_,_4393_/ZN,15.01,49.0,False,1362,0.23739,0.25197496,1.67753,1.91492,EXTRACTED
_1523_,_4394_/ZN,16.72,51.8,False,17281,0.1059988,0.16546512,0.77983,0.8858288000000001,EXTRACTED
_1524_,_4396_/ZN,17.29,46.2,False,1786,0.1030158,0.05678546000000001,1.621925,1.7249408000000002,EXTRACTED
_1525_,_4397_/ZN,16.53,44.8,False,19378,0.0945638,0.03999609,0.77983,0.8743938,EXTRACTED
_1526_,_4399_/ZN,14.25,42.0,False,1350,0.10497079999999999,0.020822734000000002,1.599032,1.7040028,EXTRACTED
_1527_,_4400_/ZN,15.01,40.6,False,18845,0.0532652,0.11827648,0.77983,0.8330952,EXTRACTED
_1528_,_4403_/ZN,10.45,39.2,False,1535,0.22253,0.17641549099999998,1.621925,1.844455,EXTRACTED
_1529_,_4404_/ZN,8.74,36.4,False,19765,0.07839339999999999,0.09247988000000001,0.77983,0.8582234,EXTRACTED
_1530_,_4406_/ZN,10.64,33.6,False,1501,0.1051438,0.19932492000000002,1.67753,1.7826738,EXTRACTED
_1531_,_4407_/ZN,8.93,33.6,False,19708,0.06293320000000001,0.0584619,0.77983,0.8427632,EXTRACTED
_1532_,_4409_/ZN,6.65,42.0,False,26280,0.033649399999999996,0.029334109999999997,1.571893,1.6055424,EXTRACTED
_1533_,_4410_/ZN,13.3,44.8,False,2562,0.482906,0.4087913099999999,1.66205,2.144956,EXTRACTED
_1534_,_4411_/ZN,3.99,37.8,False,19881,0.23156000000000002,0.241340075,0.77983,1.01139,EXTRACTED
_1535_,_4415_/ZN,9.88,50.4,False,20910,0.4970407,0.5666704300000001,1.670716,2.1677567,EXTRACTED
_1536_,_4417_/ZN,4.75,49.0,False,2569,0.064593,0.14257196,1.626352,1.690945,EXTRACTED
_1537_,_4418_/ZN,2.85,49.0,False,1970,0.0710168,0.01912834,1.67753,1.7485468,EXTRACTED
_1538_,_4419_/ZN,3.61,49.0,False,21385,0.1587478,0.096205481,1.70023,1.8589778,EXTRACTED
_1539_,_4421_/ZN,7.22,58.8,False,2577,0.129275,0.06960136,1.626352,1.755627,EXTRACTED
_1540_,_4422_/ZN,5.32,58.8,False,1822,0.08141659999999999,0.053774790999999995,1.67753,1.7589466,EXTRACTED
_1541_,_4423_/ZN,6.08,58.8,False,21623,0.238798,0.29257903,1.70023,1.939028,EXTRACTED
_1542_,_4425_/ZN,5.32,60.2,False,21686,0.1160524,0.119965692,1.670716,1.7867684000000001,EXTRACTED
_1543_,_4427_/ZN,5.13,67.2,False,2582,0.12312799999999999,0.18141569500000002,1.626352,1.74948,EXTRACTED
_1544_,_4428_/ZN,3.42,65.8,False,1790,0.0869358,0.01668493,1.67753,1.7644658,EXTRACTED
_1545_,_4429_/ZN,4.18,65.8,False,21700,0.1451182,0.05290344799999999,1.70023,1.8453481999999999,EXTRACTED
_1546_,_4431_/ZN,4.94,74.2,False,21346,0.061507799999999994,0.26666487,1.670716,1.7322238,EXTRACTED
_1547_,_4433_/ZN,1.33,65.8,False,2584,0.41343199999999997,0.16307201099999996,1.626352,2.039784,EXTRACTED
_1548_,_4434_/ZN,4.18,68.6,False,1681,0.52162,0.36150803500000006,1.67753,2.19915,EXTRACTED
_1549_,_4435_/ZN,1.33,74.2,False,21869,0.367326,0.36065809,1.70023,2.0675559999999997,EXTRACTED
_1550_,_4437_/ZN,12.16,67.2,False,12965,0.20367000000000002,0.22647079299999998,0.77983,0.9835,EXTRACTED
_1551_,_4439_/ZN,12.73,75.6,False,2591,0.0740792,0.03952857,1.626352,1.7004312,EXTRACTED
_1552_,_4440_/ZN,12.35,77.0,False,1670,0.5817720000000001,0.7666072399999999,1.67753,2.259302,EXTRACTED
_1553_,_4441_/ZN,10.83,68.6,False,21901,1.6115855,0.9004690799999998,1.70023,3.3118155,EXTRACTED
_1554_,_4443_/ZN,25.84,78.4,False,20015,0.39251369999999997,0.330327205,1.670716,2.0632297,EXTRACTED
_1555_,_4445_/ZN,15.39,70.0,False,1633,1.1053798000000001,0.2763263693,1.599032,2.7044118,EXTRACTED
_1556_,_4446_/ZN,21.09,78.4,False,18393,0.7226710000000001,0.5132291099999999,1.664199,2.38687,EXTRACTED
_1557_,_4448_/ZN,19.95,72.8,False,1562,0.363682,0.10630823200000002,1.67753,2.041212,EXTRACTED
_1558_,_4449_/ZN,19.95,78.4,False,19474,0.0832406,0.13994464999999998,1.70023,1.7834705999999998,EXTRACTED
_1559_,_4451_/ZN,15.01,63.0,False,22977,0.1984018,0.16002334,0.77983,0.9782318,EXTRACTED
_1560_,_4453_/ZN,19.57,60.2,False,1834,0.1672202,0.21006841999999998,1.547208,1.7144282,EXTRACTED
_1561_,_4454_/ZN,20.9,61.6,False,17903,0.09377139999999999,0.08009016,0.77983,0.8736014,EXTRACTED
_1562_,_4456_/ZN,17.1,65.8,False,1527,0.40321999999999997,0.36328519000000004,1.670716,2.0739360000000002,EXTRACTED
_1563_,_4457_/ZN,18.81,60.2,False,1526,0.0285844,0.050707270000000006,1.599032,1.6276164,EXTRACTED
_1564_,_4458_/ZN,17.48,61.6,False,17671,0.0889658,0.05817514,1.664199,1.7531648,EXTRACTED
_1565_,_4463_/ZN,36.29,95.2,False,629,0.595116,0.505610635,1.614241,2.209357,EXTRACTED
_1566_,_4464_/ZN,32.87,96.6,False,346,0.7728280000000001,0.6665393119999999,1.620338,2.393166,EXTRACTED
_1567_,_4465_/ZN,40.85,100.8,False,24,0.8437859999999999,0.6027401530000001,1.658423,2.5022089999999997,EXTRACTED
_1568_,_4466_/ZN,40.85,91.0,False,25579,1.187738,1.5293414799999996,1.657276,2.845014,EXTRACTED
_1569_,_4468_/ZN,41.23,98.0,False,282,0.200466,0.08098617999999999,1.620338,1.820804,EXTRACTED
_1570_,_4469_/ZN,43.89,98.0,False,25533,0.321234,0.3819220400000001,1.658423,1.979657,EXTRACTED
_1571_,_4470_/ZN,40.28,95.2,False,25554,0.212408,0.25854698200000004,1.630225,1.842633,EXTRACTED
_1572_,_4472_/ZN,44.84,95.2,False,697,0.078725,0.047469835,1.614241,1.692966,EXTRACTED
_1573_,_4473_/ZN,43.32,98.0,False,25605,0.07751960000000001,0.19596824899999998,1.630225,1.7077446,EXTRACTED
_1574_,_4474_/ZN,44.84,98.0,False,25641,0.5844798,0.36026649400000005,1.626352,2.2108318000000002,EXTRACTED
_1575_,_4475_/ZN,38.19,100.8,False,25638,0.678268,0.7544747900000001,1.657276,2.335544,EXTRACTED
_1576_,_4477_/ZN,49.21,98.0,False,354,0.214066,0.23058022,1.620338,1.8344040000000001,EXTRACTED
_1577_,_4478_/ZN,50.35,93.8,False,25,0.0281328,0.10596195,1.658423,1.6865558,EXTRACTED
_1578_,_4479_/ZN,49.21,93.8,False,25635,0.37550399999999995,0.26029105999999996,1.614241,1.989745,EXTRACTED
_1579_,_4480_/ZN,54.72,92.4,False,678,0.269894,0.17878715999999997,1.657276,1.92717,EXTRACTED
_1580_,_4482_/ZN,27.17,47.6,False,28802,0.51019,0.368473414,2.573608,3.0837980000000003,EXTRACTED
_1581_,_4483_/ZN,26.22,54.6,False,41256,0.1947178,0.28231819700000005,1.547208,1.7419258,EXTRACTED
_1582_,_4484_/ZN,29.45,53.2,False,45833,0.238624,0.227262318,1.599032,1.837656,EXTRACTED
_1583_,_4485_/ZN,29.07,51.8,False,29122,0.16511179999999998,0.12872956000000002,2.573608,2.7387198,EXTRACTED
_1584_,_4486_/ZN,31.16,50.4,False,43831,0.169411,0.38322937999999995,1.58401,1.753421,EXTRACTED
_1585_,_4487_/ZN,28.31,50.4,False,1004,0.205164,0.14015746,1.664199,1.8693629999999999,EXTRACTED
_1586_,_4511_/ZN,64.41,92.4,False,33430,0.07774,0.05538893,1.664199,1.741939,EXTRACTED
_1587_,_4512_/ZN,65.36,93.8,False,52276,0.516004,0.20830365200000003,1.88955,2.405554,EXTRACTED
_1588_,_4514_/ZN,63.46,82.6,False,31933,0.501128,0.62540827,1.670716,2.171844,EXTRACTED
_1589_,_4515_/ZN,68.21,86.8,False,32911,0.432044,0.5525740600000001,0.941939,1.373983,EXTRACTED
_1590_,_4516_/ZN,63.65,88.2,False,53014,1.2543478000000001,0.9364724729999999,1.88955,3.1438978000000004,EXTRACTED
_1591_,_4518_/ZN,70.49,86.8,False,32065,0.08238759999999999,0.042697714000000005,1.658423,1.7408105999999999,EXTRACTED
_1592_,_4519_/ZN,70.3,88.2,False,52816,0.932435,0.30049742,1.70023,2.632665,EXTRACTED
_1593_,_4520_/ZN,79.42,92.4,False,52816,0.6454355,0.55171852,1.88955,2.5349855000000003,EXTRACTED
_1594_,_4522_/ZN,69.92,79.8,False,2935,0.164074,0.35850056,1.626352,1.790426,EXTRACTED
_1595_,_4523_/ZN,67.07,78.4,False,24048,0.483874,0.9147567359999998,1.657276,2.14115,EXTRACTED
_1596_,_4524_/ZN,70.68,82.6,False,53487,0.9970377,1.095985071,1.88955,2.8865877,EXTRACTED
_1597_,_4526_/ZN,57.57,63.0,False,31577,0.266396,0.27158142,1.657276,1.923672,EXTRACTED
_1598_,_4527_/ZN,57.38,68.6,False,54888,1.13602801,0.512499634,1.88955,3.0255780100000003,EXTRACTED
_1599_,_4529_/ZN,71.25,68.6,False,34300,0.413992,0.357294697,1.630225,2.044217,EXTRACTED
_1600_,_4530_/ZN,71.06,63.0,False,43649,0.7708543000000001,1.0243053400000002,1.88955,2.6604043,EXTRACTED
_1601_,_4532_/ZN,68.4,54.6,False,21591,0.0806142,0.05130996,1.626352,1.7069662,EXTRACTED
_1602_,_4533_/ZN,68.02,56.0,False,26421,0.5268397,1.115029052,1.657276,2.1841157,EXTRACTED
_1603_,_4534_/ZN,78.47,56.0,False,49692,0.578444,0.6503890530000002,1.88955,2.467994,EXTRACTED
_1604_,_4536_/ZN,73.34,51.8,False,24471,0.32017,0.36757724999999997,1.657276,1.977446,EXTRACTED
_1605_,_4537_/ZN,73.72,47.6,False,51351,0.7507406,1.07421912,1.88955,2.6402906,EXTRACTED
_1606_,_4539_/ZN,57.19,39.2,False,15440,0.425682,0.325253412,1.714471,2.140153,EXTRACTED
_1607_,_4540_/Z,73.15,36.4,False,49145,1.478948,1.697133887,4.903617,6.382565,EXTRACTED
_1608_,_4541_/ZN,58.9,40.6,False,14049,0.462214,0.550635366,1.670716,2.13293,EXTRACTED
_1609_,_4542_/ZN,63.08,44.8,False,16853,0.14962260000000002,0.22002848999999997,1.67753,1.8271526,EXTRACTED
_1610_,_4543_/ZN,55.48,42.0,False,50524,0.341406,0.7432536000000001,1.58162,1.9230260000000001,EXTRACTED
_1611_,_4544_/ZN,61.94,43.4,False,32221,0.192861,0.131957378,1.614241,1.807102,EXTRACTED
_1612_,_4545_/ZN,61.94,46.2,False,6972,0.6928433,0.63961916,1.664199,2.3570423,EXTRACTED
_1613_,_4546_/ZN,61.75,36.4,False,5383,0.596216,0.43153997999999993,1.657276,2.253492,EXTRACTED
_1614_,_4547_/ZN,59.09,44.8,False,17715,0.093191,0.13732423,1.595175,1.688366,EXTRACTED
_1615_,_4548_/ZN,60.04,43.4,False,33583,0.575296,0.40181428,1.651345,2.226641,EXTRACTED
_1616_,_4549_/ZN,53.01,42.0,False,39187,1.7613880000000002,1.537994185,3.276291,5.037679000000001,EXTRACTED
_1617_,_4550_/ZN,80.56,49.0,False,37102,0.7468492,1.203835118,3.290755,4.0376042,EXTRACTED
_1618_,_4551_/ZN,72.77,43.4,False,32553,0.5028135,0.5797906629699999,1.657276,2.1600894999999998,EXTRACTED
_1619_,_4552_/ZN,68.59,49.0,False,50765,1.21306,1.334371523,1.88955,3.1026100000000003,EXTRACTED
_1620_,_4554_/ZN,72.77,37.8,False,11306,0.0854592,0.099610191,1.614241,1.6997002,EXTRACTED
_1621_,_4555_/ZN,77.71,37.8,False,42582,0.1946578,0.35082112000000004,1.657276,1.8519337999999999,EXTRACTED
_1622_,_4556_/ZN,73.34,37.8,False,49944,1.437198,1.3285833679999999,1.88955,3.3267480000000003,EXTRACTED
_1623_,_4558_/ZN,81.89,22.4,False,31612,1.086586,0.9987548989999999,1.658423,2.745009,EXTRACTED
_1624_,_4559_/ZN,79.8,37.8,False,49864,0.5891919999999999,0.5504732999999999,1.70023,2.289422,EXTRACTED
_1625_,_4560_/ZN,80.37,28.0,False,49864,0.7788172,0.8605260840000001,1.88955,2.6683672,EXTRACTED
_1626_,_4562_/ZN,72.96,22.4,False,29707,0.114482,0.11403313,1.657276,1.771758,EXTRACTED
_1627_,_4563_/ZN,73.91,22.4,False,49183,0.6113766,0.645224155,1.88955,2.5009266,EXTRACTED
_1628_,_4565_/ZN,73.15,15.4,False,34183,0.316148,0.363746721,1.651345,1.9674930000000002,EXTRACTED
_1629_,_4566_/ZN,70.49,12.6,False,50301,0.240988,0.196319344,1.70023,1.9412179999999999,EXTRACTED
_1630_,_4567_/ZN,71.44,16.8,False,50301,0.46393989999999996,0.8194007330000002,1.88955,2.3534899,EXTRACTED
_1631_,_4569_/ZN,66.88,19.6,False,29755,0.614431,0.59770339,1.657276,2.271707,EXTRACTED
_1632_,_4570_/ZN,60.99,25.2,False,50670,1.2646357000000001,1.1035629800000002,1.88955,3.1541857,EXTRACTED
_1633_,_4572_/ZN,49.21,49.0,False,29623,1.2073239,0.9856514830000002,3.2462869999999997,4.453610899999999,EXTRACTED
_1634_,_4573_/Z,50.92,49.0,False,41867,0.35352093,0.221261948,4.972171,5.3256919300000005,EXTRACTED
_1635_,_4574_/ZN,43.13,46.2,False,40665,0.702484,0.653530796,1.58401,2.286494,EXTRACTED
_1636_,_4575_/ZN,51.49,50.4,False,21829,0.11222059999999999,0.120473251,1.630225,1.7424456,EXTRACTED
_1637_,_4576_/ZN,51.87,51.8,False,30471,0.0943802,0.042002609999999996,1.626352,1.7207322,EXTRACTED
_1638_,_4577_/ZN,52.63,53.2,False,33923,0.3024061,0.32749052500000003,3.25441,3.5568161,EXTRACTED
_1639_,_4578_/ZN,55.29,54.6,False,26962,0.0766096,0.07577482,1.630225,1.7068346,EXTRACTED
_1640_,_4579_/ZN,54.15,54.6,False,27441,0.1436034,0.12767151999999998,1.620338,1.7639414,EXTRACTED
_1641_,_4580_/ZN,53.01,51.8,False,77,0.1066762,0.059200366,1.658423,1.7650991999999999,EXTRACTED
_1642_,_4581_/ZN,53.39,53.2,False,27521,0.579248,0.75303865397,1.670716,2.2499640000000003,EXTRACTED
_1643_,_4583_/ZN,51.68,26.6,False,26185,0.5768199,0.6385920440000001,1.664199,2.2410189000000003,EXTRACTED
_1644_,_4584_/ZN,56.81,19.6,False,42869,0.99184365,1.21325425497,1.88955,2.88139365,EXTRACTED
_1645_,_4586_/ZN,42.56,21.0,False,22323,0.0909948,0.265538928,1.657276,1.7482708,EXTRACTED
_1646_,_4587_/ZN,44.08,21.0,False,47556,1.5773926,0.529923732,1.88955,3.4669426000000003,EXTRACTED
_1647_,_4589_/ZN,40.09,19.6,False,17789,0.062208,0.014054278,1.670716,1.7329240000000001,EXTRACTED
_1648_,_4590_/ZN,39.33,19.6,False,22483,0.328074,0.28021753400000005,1.658423,1.986497,EXTRACTED
_1649_,_4591_/ZN,36.1,19.6,False,45912,0.8710119999999999,0.681881918,1.70023,2.571242,EXTRACTED
_1650_,_4592_/ZN,26.98,14.0,False,45912,0.5589047,0.33863432000000004,1.88955,2.4484547,EXTRACTED
_1651_,_4594_/ZN,31.73,21.0,False,12424,0.1249506,0.037787514,1.658423,1.7833736,EXTRACTED
_1652_,_4595_/ZN,31.92,19.6,False,45107,0.748634,1.1030570280000003,1.70023,2.448864,EXTRACTED
_1653_,_4596_/ZN,22.04,16.8,False,45107,0.62177183,0.42054961599999996,1.88955,2.51132183,EXTRACTED
_1654_,_4598_/ZN,38.57,36.4,False,22569,0.271972,0.28277785999999994,1.626352,1.8983240000000001,EXTRACTED
_1655_,_4599_/ZN,37.43,32.2,False,31031,0.1789124,0.31587575000000007,1.70023,1.8791423999999999,EXTRACTED
_1656_,_4600_/ZN,37.24,35.0,False,31031,0.12459200000000001,0.09932944099999999,1.706745,1.831337,EXTRACTED
_1657_,_4601_/ZN,37.24,36.4,False,37530,0.0465446,0.07381375000000001,1.628297,1.6748416000000002,EXTRACTED
_1658_,_4602_/ZN,36.48,36.4,False,33899,0.110234,0.15017559,1.670716,1.78095,EXTRACTED
_1659_,_4603_/ZN,35.34,35.0,False,34058,0.15786319999999998,0.20969833999999998,1.58162,1.7394832,EXTRACTED
_1660_,_4604_/ZN,32.49,35.0,False,4899,0.1157834,0.06903049949,1.614241,1.7300244,EXTRACTED
_1661_,_4605_/ZN,36.67,28.0,False,9374,0.5246759999999999,1.28043424,1.657276,2.181952,EXTRACTED
_1662_,_4606_/ZN,33.44,35.0,False,24076,0.276758,0.37696987899999995,1.67753,1.954288,EXTRACTED
_1663_,_4607_/ZN,37.62,35.0,False,38208,0.99359053,1.6335262149999998,3.265586,4.2591765299999995,EXTRACTED
_1664_,_4608_/ZN,36.48,30.8,False,40261,1.033988,1.9623832520000002,3.3127769999999996,4.3467649999999995,EXTRACTED
_1665_,_4609_/ZN,35.53,22.4,False,32144,0.923803,0.873854598,3.16563,4.0894330000000005,EXTRACTED
_1666_,_4610_/ZN,29.45,21.0,False,27098,0.297874,0.6713049729999999,1.657276,1.95515,EXTRACTED
_1667_,_4611_/ZN,33.25,22.4,False,45826,1.5956839,2.5238181200000005,1.88955,3.4852339,EXTRACTED
_1668_,_4613_/ZN,31.16,32.2,False,24143,0.5438115,0.5592157000000001,1.670716,2.2145275,EXTRACTED
_1669_,_4614_/ZN,31.16,23.8,False,27625,0.287532,0.23967091299999999,1.651345,1.9388770000000002,EXTRACTED
_1670_,_4615_/ZN,30.78,25.2,False,45180,0.7572380000000001,0.534724118,1.70023,2.457468,EXTRACTED
_1671_,_4616_/ZN,19.76,23.8,False,45180,0.3746683,0.7772412000000001,1.88955,2.2642183,EXTRACTED
_1672_,_4618_/ZN,36.86,43.4,False,36712,1.7169876,2.798737502,5.162796,6.8797836,EXTRACTED
_1673_,_4619_/ZN,34.01,39.2,False,28833,0.6399900000000001,0.6269312380000001,0.97463,1.61462,EXTRACTED
_1674_,_4620_/ZN,29.83,44.8,False,12642,0.1897328,0.08880674399999999,1.763571,1.9533038,EXTRACTED
_1675_,_4621_/ZN,40.28,33.6,False,13132,0.544474,0.38836067,1.670716,2.21519,EXTRACTED
_1676_,_4622_/ZN,36.29,37.8,False,22978,0.6309561,1.034251243,1.663842,2.2947981,EXTRACTED
_1677_,_4623_/ZN,35.72,39.2,False,22702,0.948782,0.9061631529999999,1.584237,2.533019,EXTRACTED
_1678_,_4624_/ZN,34.2,36.4,False,39900,1.187392,1.7567863940000001,4.872449,6.059841,EXTRACTED
_1679_,_4625_/ZN,39.14,29.4,False,20701,1.40009,2.287005012,1.616298,3.016388,EXTRACTED
_1680_,_4626_/ZN,30.59,42.0,False,37001,1.7173935500000002,1.3169307955999996,3.265586,4.98297955,EXTRACTED
_1681_,_4627_/ZN,37.24,39.2,False,23504,0.311182,0.469717908,0.97463,1.285812,EXTRACTED
_1682_,_4628_/ZN,37.62,33.6,False,29187,0.6182064,0.852507286,3.204651,3.8228574,EXTRACTED
_1683_,_4629_/ZN,32.87,32.2,False,22791,0.9363302,1.2545076300000002,1.657276,2.5936062,EXTRACTED
_1684_,_4630_/ZN,36.29,40.6,False,44276,1.2039149,1.1557533039999999,1.88955,3.0934649,EXTRACTED
_1685_,_4632_/Z,36.29,42.0,False,39286,0.8321301999999999,1.2627339876,4.796138,5.6282682,EXTRACTED
_1686_,_4633_/ZN,43.89,40.6,False,40109,0.234556,0.33220593,1.596415,1.830971,EXTRACTED
_1687_,_4634_/ZN,40.85,40.6,False,31994,0.4795682,0.646617495,1.67753,2.1570982,EXTRACTED
_1688_,_4635_/ZN,37.05,44.8,False,34989,0.9942557000000001,0.8773357050000001,3.231712,4.2259677,EXTRACTED
_1689_,_4636_/ZN,34.77,33.6,False,30275,1.526729,2.19589970606,3.24776,4.774489,EXTRACTED
_1690_,_4637_/ZN,40.47,49.0,False,18805,1.08513,1.522159042,1.626352,2.711482,EXTRACTED
_1691_,_4638_/ZN,31.16,39.2,False,21513,0.433616,0.432176177,1.657276,2.090892,EXTRACTED
_1692_,_4639_/ZN,32.3,44.8,False,42164,2.9697873,1.5652097799999998,1.88955,4.8593373,EXTRACTED
_1693_,_4641_/ZN,36.48,49.0,False,22442,0.508258,0.5921657850000001,1.651345,2.159603,EXTRACTED
_1694_,_4642_/ZN,44.27,47.6,False,42420,3.7683253,6.075870520999999,3.294006,7.0623313,EXTRACTED
_1695_,_4643_/ZN,29.45,100.8,False,24501,0.0743742,0.019567440000000002,1.626352,1.7007262,EXTRACTED
_1696_,_4645_/ZN,51.68,53.2,False,20774,0.0608594,0.008803289999999998,1.626352,1.6872114,EXTRACTED
_1697_,_4646_/ZN,50.92,53.2,False,21130,0.25328999999999996,0.357514878,1.664199,1.917489,EXTRACTED
_1698_,_4647_/ZN,53.77,56.0,False,40631,0.6104543,0.46096314499999996,1.88955,2.5000043,EXTRACTED
_1699_,_4649_/ZN,49.02,53.2,False,204,0.573214,0.37383670399999996,1.614241,2.187455,EXTRACTED
_1700_,_4650_/ZN,51.11,44.8,False,29074,0.141136,0.06820933,1.67753,1.818666,EXTRACTED
_1701_,_4651_/ZN,50.54,46.2,False,32880,0.9159925,0.961784779,3.265586,4.1815785,EXTRACTED
_1702_,_4652_/ZN,50.35,44.8,False,506,0.15010659999999998,0.21325289,1.67753,1.8276366,EXTRACTED
_1703_,_4653_/ZN,52.44,43.4,False,26935,0.259192,0.159790571,1.657276,1.916468,EXTRACTED
_1704_,_4655_/ZN,47.69,46.2,False,18847,0.987662,0.5727528709999999,1.657276,2.644938,EXTRACTED
_1705_,_4656_/ZN,54.53,37.8,False,35089,4.460490500000001,3.406300345000001,1.88955,6.3500405,EXTRACTED
_1706_,_4680_/ZN,29.83,98.0,False,31300,0.480018,0.404037156,1.626352,2.10637,EXTRACTED
_1707_,_4684_/ZN,22.42,74.2,False,1709,0.0633428,0.054979799999999995,1.599032,1.6623748,EXTRACTED
_1708_,_4685_/ZN,15.77,71.4,False,21043,0.5922223,0.5158192840000001,1.664199,2.2564213,EXTRACTED
_1709_,_4689_/ZN,85.5,39.2,False,50159,0.1226256,0.23049300199999997,1.571893,1.6945185999999999,EXTRACTED
_1710_,_4690_/ZN,85.69,37.8,False,1216,0.6542270000000001,0.49623685,3.317428,3.971655,EXTRACTED
_1711_,_4691_/ZN,81.89,30.8,False,49395,0.0703378,0.15257999900000002,1.626352,1.6966898000000001,EXTRACTED
_1712_,_4692_/ZN,83.03,30.8,False,48969,0.0748808,0.07052099,1.670716,1.7455968000000002,EXTRACTED
_1713_,_4693_/ZN,83.79,30.8,False,42936,0.4746924,0.18695092,2.641677,3.1163694,EXTRACTED
_1714_,_4694_/ZN,81.32,29.4,False,690,0.536446,0.7369540889999999,1.647003,2.183449,EXTRACTED
_1715_,_4695_/ZN,89.3,32.2,False,1881,0.357628,0.39249414800000004,1.626352,1.98398,EXTRACTED
_1716_,_4696_/ZN,85.12,35.0,False,2236,0.1782444,0.154584883,1.583349,1.7615934,EXTRACTED
_1717_,_4697_/ZN,85.12,33.6,False,354,0.4334518,0.45156118,1.67753,2.1109818,EXTRACTED
_1718_,_4698_/ZN,89.11,29.4,False,25873,0.39977225,0.5639971100000001,1.630225,2.02999725,EXTRACTED
_1719_,_4700_/ZN,29.83,89.6,False,25322,0.08481380000000001,0.06880385,1.630225,1.7150388,EXTRACTED
_1720_,_4702_/ZN,72.58,74.2,False,24230,0.07624800000000001,0.01027237149,1.630225,1.7064730000000001,EXTRACTED
_1721_,_4703_/ZN,72.58,72.8,False,24390,0.1385842,0.2349825916,1.70023,1.8388141999999998,EXTRACTED
_1722_,_4704_/ZN,71.82,74.2,False,24390,0.1315642,0.181908485,1.630225,1.7617892,EXTRACTED
_1723_,_4706_/ZN,44.84,14.0,False,39795,0.0788664,0.13403334000000003,1.657276,1.7361423999999999,EXTRACTED
_1724_,_4707_/ZN,45.6,14.0,False,1521,0.66600828,1.308424193,1.590286,2.25629428,EXTRACTED
_1725_,_4708_/ZN,38.0,11.2,False,19009,0.627258,0.5467227499999999,1.67753,2.304788,EXTRACTED
_1726_,_4709_/ZN,32.68,21.0,False,1795,0.6157856,0.7439249699999999,1.621225,2.2370106,EXTRACTED
_1727_,_4710_/ZN,30.21,15.4,False,27249,0.43718799999999997,0.35412496000000004,1.650377,2.087565,EXTRACTED
_1728_,_4712_/ZN,85.88,29.4,False,45316,0.49333256,0.6714740459999999,3.309053,3.80238556,EXTRACTED
_1729_,_4713_/ZN,86.07,30.8,False,2408,0.548232,0.6835547699999999,1.670716,2.218948,EXTRACTED
_1730_,_4714_/ZN,91.2,26.6,False,1467,0.315458,0.21745643,1.590286,1.905744,EXTRACTED
_1731_,_4715_/ZN,86.64,23.8,False,9285,0.1275412,0.003617748,1.658423,1.7859642,EXTRACTED
_1732_,_4716_/ZN,91.2,28.0,False,136,0.266598,0.33257,1.621225,1.887823,EXTRACTED
_1733_,_4717_/ZN,85.5,22.4,False,29336,0.9324060000000001,0.668332489,1.650377,2.582783,EXTRACTED
_1734_,_4719_/ZN,43.51,32.2,False,42154,0.44951,0.448847258,2.573608,3.023118,EXTRACTED
_1735_,_4720_/ZN,47.5,35.0,False,36849,1.0087058,1.7621779710000003,1.655378,2.6640838000000002,EXTRACTED
_1736_,_4721_/ZN,30.4,26.6,False,23157,0.23910199999999998,0.09545488899999999,1.67753,1.916632,EXTRACTED
_1737_,_4722_/ZN,30.21,29.4,False,23304,0.17512819999999998,0.129886428,1.630225,1.8053532,EXTRACTED
_1738_,_4724_/ZN,82.46,43.4,False,28949,0.4385,0.3876001660000001,1.67753,2.11603,EXTRACTED
_1739_,_4725_/ZN,86.64,39.2,False,28940,0.84334,1.31576165897,1.599032,2.4423719999999998,EXTRACTED
_1740_,_4726_/ZN,90.44,44.8,False,41826,0.47551608,0.29401131100000005,3.338903,3.8144190800000004,EXTRACTED
_1741_,_4727_/ZN,91.01,42.0,False,1917,0.28961,0.161114,1.670716,1.960326,EXTRACTED
_1742_,_4728_/ZN,93.48,40.6,False,1549,0.654706,0.21323912400000003,1.664199,2.318905,EXTRACTED
_1743_,_4730_/ZN,86.83,25.2,False,45376,0.09942540000000001,0.058697769999999996,2.232754,2.3321794,EXTRACTED
_1744_,_4731_/ZN,79.99,32.2,False,34401,0.804429,1.4132862550000003,2.573608,3.378037,EXTRACTED
_1745_,_4732_/ZN,87.59,23.8,False,47331,0.220036,0.059305239999999995,1.555656,1.7756919999999998,EXTRACTED
_1746_,_4733_/ZN,78.09,23.8,False,9363,0.35826,0.852191,1.658423,2.016683,EXTRACTED
_1747_,_4734_/ZN,91.2,21.0,False,211,0.12425399999999999,0.17213174,1.614241,1.7384950000000001,EXTRACTED
_1748_,_4735_/ZN,84.17,21.0,False,29220,0.5254053999999999,0.765670085,1.657276,2.1826814,EXTRACTED
_1749_,_4737_/ZN,51.87,12.6,False,41569,0.23579150999999998,0.31078901,3.309053,3.54484451,EXTRACTED
_1750_,_4738_/ZN,50.16,11.2,False,2105,0.1505086,0.11047647999999999,1.670716,1.8212246,EXTRACTED
_1751_,_4739_/ZN,48.64,11.2,False,1408,0.65403051,0.6936482700000002,1.614241,2.26827151,EXTRACTED
_1752_,_4740_/ZN,32.68,15.4,False,292,0.6773741,0.577726905,1.670716,2.3480901000000003,EXTRACTED
_1753_,_4741_/ZN,26.03,21.0,False,1714,0.804045,1.1393450949999997,1.658423,2.462468,EXTRACTED
_1754_,_4742_/ZN,31.73,12.6,False,20833,0.25244599999999995,0.41828312,1.657276,1.909722,EXTRACTED
_1755_,_4744_/ZN,57.19,12.6,False,32651,0.6075123,0.7990796609999999,4.880946,5.4884583,EXTRACTED
_1756_,_4745_/ZN,58.71,9.8,False,42233,0.1843538,0.08863249000000001,3.338903,3.5232568000000004,EXTRACTED
_1757_,_4746_/ZN,59.85,9.8,False,2155,0.1639464,0.061303828000000005,1.670716,1.8346624,EXTRACTED
_1758_,_4747_/ZN,59.09,11.2,False,1439,0.11386980000000001,0.130649822,1.590286,1.7041558,EXTRACTED
_1759_,_4748_/ZN,52.82,18.2,False,12564,0.6434816000000001,0.74129097,1.658423,2.3019046000000003,EXTRACTED
_1760_,_4749_/ZN,54.72,19.6,False,192,0.7140179999999999,0.53314046,1.621225,2.3352429999999997,EXTRACTED
_1761_,_4750_/ZN,58.14,11.2,False,27398,0.1044512,0.074857751,1.650377,1.7548282,EXTRACTED
_1762_,_4752_/ZN,45.79,16.8,False,41940,1.0509931000000001,1.1429389989999998,3.309053,4.3600461,EXTRACTED
_1763_,_4753_/ZN,50.35,8.4,False,2148,0.8497039999999999,1.3362193500000001,1.670716,2.52042,EXTRACTED
_1764_,_4754_/ZN,50.16,21.0,False,1567,1.315796,1.9143870787,0.879747,2.195543,EXTRACTED
_1765_,_4755_/ZN,30.4,21.0,False,1386,1.619453,0.900302941084,0.927525,2.546978,EXTRACTED
_1766_,_4756_/ZN,44.27,16.8,False,27360,0.9351529000000001,0.78752113,0.964824,1.8999769,EXTRACTED
_1767_,_4757_/ZN,40.47,7.0,False,27131,0.327394,0.34255894,1.70023,2.027624,EXTRACTED
_1768_,_4759_/ZN,92.15,37.8,False,45392,0.2070438,0.06884222000000001,3.218896,3.4259398,EXTRACTED
_1769_,_4760_/ZN,91.2,32.2,False,30683,0.5047372,0.6772048700000001,4.865899,5.3706362,EXTRACTED
_1770_,_4761_/ZN,92.34,33.6,False,30855,0.2262903,0.137780523,3.338903,3.5651933000000002,EXTRACTED
_1771_,_4762_/ZN,93.48,36.4,False,2004,0.0571602,0.02141352,1.670716,1.7278762,EXTRACTED
_1772_,_4763_/ZN,92.72,36.4,False,1479,0.645383,0.52690584,1.590286,2.235669,EXTRACTED
_1773_,_4764_/ZN,89.49,39.2,False,8684,0.302494,0.265379258,1.67753,1.980024,EXTRACTED
_1774_,_4765_/ZN,92.53,39.2,False,51,0.372722,0.44416718,1.621225,1.993947,EXTRACTED
_1775_,_4766_/ZN,90.06,33.6,False,28959,0.783696,0.75469151,1.650377,2.4340729999999997,EXTRACTED
_1776_,_4768_/ZN,32.68,22.4,False,667,0.4835081,0.7119088649999998,1.67753,2.1610381,EXTRACTED
_1777_,_4769_/ZN,41.99,22.4,False,127,0.8120999000000001,1.55150118,1.614241,2.4263409,EXTRACTED
_1778_,_4770_/ZN,31.16,28.0,False,27141,0.5991108,0.457243196084,1.657276,2.2563868,EXTRACTED
_1779_,_4772_/ZN,65.36,9.8,False,34369,0.5544560000000001,0.60813502,3.276729,3.831185,EXTRACTED
_1780_,_4773_/ZN,61.37,16.8,False,41114,0.277294,0.54915993,1.595175,1.872469,EXTRACTED
_1781_,_4774_/ZN,64.03,14.0,False,24202,0.380048,1.0544288700000002,1.664199,2.044247,EXTRACTED
_1782_,_4775_/ZN,56.81,11.2,False,2357,0.4431862,0.958850142,1.555656,1.9988422,EXTRACTED
_1783_,_4776_/ZN,63.08,12.6,False,11257,0.313508,0.141878655,1.658423,1.971931,EXTRACTED
_1784_,_4777_/ZN,58.71,25.2,False,2653,0.85225,1.724773052,1.614241,2.466491,EXTRACTED
_1785_,_4778_/ZN,65.93,11.2,False,27272,0.172625,0.15812192399999997,1.657276,1.829901,EXTRACTED
_1786_,_4780_/ZN,23.94,26.6,False,629,0.798132,0.954003873,1.67753,2.475662,EXTRACTED
_1787_,_4781_/ZN,30.59,36.4,False,147,0.12526320000000002,0.152187868,1.626352,1.7516152,EXTRACTED
_1788_,_4782_/ZN,31.54,35.0,False,160,0.346918,0.26971247099999995,1.614241,1.961159,EXTRACTED
_1789_,_4783_/ZN,30.4,35.0,False,26863,0.4405598,0.3380707519999999,1.657276,2.0978358,EXTRACTED
_1790_,_4785_/ZN,76.76,46.2,False,27017,0.1491588,0.09575468999999999,1.670716,1.8198748,EXTRACTED
_1791_,_4786_/ZN,76.76,43.4,False,27032,0.595744,0.32047971999999997,1.67753,2.273274,EXTRACTED
_1792_,_4787_/ZN,71.63,47.6,False,27187,0.38871,0.292460412,1.670716,2.059426,EXTRACTED
_1793_,_4789_/ZN,32.3,40.6,False,26973,0.0669402,0.04963051,0.946814,1.0137542000000002,EXTRACTED
_1794_,_4790_/ZN,32.11,37.8,False,4863,0.23232799999999998,0.17314442800000002,0.941939,1.174267,EXTRACTED
_1795_,_4792_/ZN,91.96,32.2,False,45237,0.4470415,0.39652249500000003,3.338903,3.7859445000000003,EXTRACTED
_1796_,_4793_/ZN,94.24,28.0,False,2444,0.5170538,0.31936754000000006,1.670716,2.1877698,EXTRACTED
_1797_,_4794_/ZN,90.44,32.2,False,1526,0.4767857,0.476732077,1.590286,2.0670717,EXTRACTED
_1798_,_4795_/ZN,88.54,29.4,False,8669,0.748476,0.6831815450000002,1.67753,2.426006,EXTRACTED
_1799_,_4796_/ZN,93.48,33.6,False,61,0.859924,0.5767165799999999,1.621225,2.481149,EXTRACTED
_1800_,_4797_/ZN,93.1,37.8,False,29340,0.31679599999999997,0.5128446600000001,1.650377,1.9671729999999998,EXTRACTED
_1801_,_2277_/ZN,19.19,70.0,True,23975,5.962960439999999,6.189576218000003,29.326754,35.28971444,EXTRACTED
_1802_,_2278_/ZN,75.81,40.6,True,26959,1.145407,1.2954844120000002,6.532893,7.6783,EXTRACTED
_1803_,_2280_/ZN,27.36,29.4,True,26665,0.648548,0.622446128,3.139893,3.7884409999999997,EXTRACTED
_1804_,_2281_/ZN,59.47,9.8,True,26753,0.7474282,0.503254521,5.5985700000000005,6.3459982,EXTRACTED
_1805_,_2282_/ZN,29.64,75.6,False,0,1.4915918,1.580833471,2.494301,3.9858928000000002,EXTRACTED
_1806_,_2283_/ZN,5.7,78.4,True,26207,0.5655338999999999,0.6594343699999998,1.555656,2.1211899,EXTRACTED
_1807_,_2284_/ZN,14.82,58.8,True,23898,0.27380742,0.20626816000000003,3.207001,3.48080842,EXTRACTED
_1808_,_2285_/ZN,50.73,56.0,True,26951,0.0974976,0.0717167,1.571112,1.6686096000000001,EXTRACTED
_1809_,_2286_/ZN,23.94,51.8,True,24039,1.5033503,1.58967847,1.576587,3.0799373,EXTRACTED
_1810_,_2287_/ZN,26.22,40.6,True,25445,0.7252204,0.8951698379999999,1.615611,2.3408314,EXTRACTED
_1811_,_2288_/ZN,8.36,74.2,True,26204,0.210166,0.638934564,1.66205,1.872216,EXTRACTED
_1812_,_2289_/ZN,32.68,51.8,False,0,0.1420122,0.13041317,1.671043,1.8130552,EXTRACTED
_1813_,_2290_/ZN,54.34,42.0,True,26779,0.0892844,0.20337757000000004,1.576587,1.6658714,EXTRACTED
_1814_,_2291_/ZN,23.94,42.0,True,26624,1.9342621999999998,1.6440244329700002,8.766748,10.701010199999999,EXTRACTED
_1815_,_2292_/ZN,26.03,95.2,True,25412,2.576558,3.8196302000000006,1.571112,4.14767,EXTRACTED
_1816_,_2293_/ZN,33.44,56.0,True,25436,0.837514,0.7296742549999999,1.620241,2.457755,EXTRACTED
_1817_,_2294_/ZN,51.68,61.6,True,26940,0.5983995,0.5440377180000001,3.1462630000000003,3.7446625000000004,EXTRACTED
_1818_,_2295_/ZN,26.22,35.0,True,26676,0.578095,0.35876143196999993,3.175619,3.7537140000000004,EXTRACTED
_1819_,_2296_/ZN,21.28,21.0,True,26749,0.30308599999999997,0.37568689,1.714471,2.017557,EXTRACTED
_1820_,_2297_/ZN,92.53,32.2,True,27029,1.11881983,0.8015604289999998,4.885396,6.00421583,EXTRACTED
_1821_,_2298_/ZN,36.48,98.0,True,25410,0.5229760999999999,0.403572469,3.2407190000000003,3.7636951000000005,EXTRACTED
_1822_,_2299_/ZN,26.6,35.0,True,26667,0.31572,0.15443095999999998,1.620241,1.935961,EXTRACTED
_1823_,_2300_/ZN,25.84,40.6,True,25438,0.6495738,0.532798707,1.615611,2.2651848,EXTRACTED
_1824_,_2301_/ZN,18.81,63.0,True,26677,0.6310792000000001,0.58310953049,3.313395,3.9444742,EXTRACTED
_1825_,_2302_/ZN,49.4,42.0,True,26587,0.138374,0.30508882200000004,1.620241,1.758615,EXTRACTED
_1826_,_2303_/ZN,20.14,68.6,True,25395,0.029751,0.08271454000000002,1.66205,1.691801,EXTRACTED
_1827_,_2304_/ZN,16.91,72.8,True,25397,0.26993,0.20825795699999997,2.54404,2.81397,EXTRACTED
_1828_,_2305_/ZN,13.3,70.0,True,25398,0.218778,0.342516498,1.595175,1.813953,EXTRACTED
_1829_,_2306_/ZN,9.31,37.8,True,26700,2.7968363000000003,4.809497834999999,10.733341,13.5301773,EXTRACTED
_1830_,_2307_/ZN,10.26,63.0,True,26205,0.9338333999999999,0.5648008800000001,3.112378,4.0462114,EXTRACTED
_1831_,_2308_/ZN,39.52,51.8,False,0,0.0594502,0.010195828,0.94642,1.0058702,EXTRACTED
_1832_,_2309_/ZN,34.2,47.6,False,0,0.378432,0.48612049000000007,0.94642,1.324852,EXTRACTED
_1833_,_2310_/ZN,34.96,35.0,False,0,1.231726,1.5115819200000002,0.94642,2.178146,EXTRACTED
_1834_,_2311_/ZN,24.89,37.8,False,0,0.0422414,0.04818933,0.94642,0.9886614,EXTRACTED
_1835_,_2312_/ZN,51.3,32.2,True,26681,0.634484,0.37820305499999995,1.571112,2.205596,EXTRACTED
_1836_,_2313_/ZN,51.68,58.8,True,26948,0.1778608,0.04831921,1.620241,1.7981018,EXTRACTED
_1837_,_2314_/ZN,91.39,43.4,True,27021,0.43396287,0.8112806600000001,5.54184,5.97580287,EXTRACTED
_1838_,_2315_/ZN,11.97,47.6,True,26237,0.22064630000000002,0.17651421000000003,3.2177059999999997,3.4383522999999996,EXTRACTED
_1839_,_2316_/ZN,12.35,47.6,True,26643,1.5714865999999998,1.2794135759999992,5.708071,7.2795576,EXTRACTED
_1840_,_2317_/ZN,88.54,63.0,True,26985,0.12739250000000002,0.080741176,3.365816,3.4932085,EXTRACTED
_1841_,_2318_/ZN,67.26,103.6,True,24053,0.0492236,0.010790565000000002,1.714471,1.7636946,EXTRACTED
_1842_,_2319_/ZN,89.11,82.6,True,24110,0.19032359999999998,0.056676952,3.3090859999999997,3.4994096,EXTRACTED
_1843_,_2320_/ZN,12.35,40.6,False,23050,0.9580879,1.329855205,1.522092,2.4801799,EXTRACTED
_1844_,_2321_/ZN,11.4,42.0,False,23050,1.5796717,2.072634184,4.256918,5.836589699999999,EXTRACTED
_1845_,_2322_/ZN,17.67,47.6,False,34830,0.25841154,0.147692552,4.238727,4.49713854,EXTRACTED
_1846_,_2323_/ZN,9.31,39.2,False,26324,2.5928572599999997,2.4323602780000004,15.368404,17.96126126,EXTRACTED
_1847_,_2324_/ZN,11.78,44.8,False,18603,0.6935387,0.4692942176,4.253141,4.946679700000001,EXTRACTED
_1848_,_2325_/ZN,8.55,37.8,False,16186,0.41412523999999995,0.31884678200000005,3.226133,3.6402582399999996,EXTRACTED
_1849_,_2326_/ZN,11.21,35.0,False,15064,0.973011,0.7078582724000001,0.974659,1.94767,EXTRACTED
_1850_,_2327_/ZN,5.13,44.8,False,14320,1.4485121,0.9654754750000001,5.701412,7.149924100000001,EXTRACTED
_1851_,_2328_/ZN,8.93,51.8,False,14660,1.1930693,0.8229770479999998,4.199631,5.3927003000000004,EXTRACTED
_1852_,_2329_/ZN,9.88,51.8,False,14660,0.435394,0.32301908299999993,1.60595,2.041344,EXTRACTED
_1853_,_2330_/ZN,16.53,63.0,False,13872,1.9064239599999997,1.845877977000001,8.876118,10.78254196,EXTRACTED
_1854_,_2331_/ZN,9.88,54.6,False,13872,1.49266245,1.8172147219999997,9.188931,10.681593450000001,EXTRACTED
_1855_,_2332_/ZN,7.41,70.0,False,20367,0.7495499999999999,1.0323908160000002,4.88054,5.63009,EXTRACTED
_1856_,_2333_/ZN,12.16,71.4,False,13527,1.3669638,1.5188662080000004,4.974489,6.3414528,EXTRACTED
_1857_,_2334_/ZN,9.5,70.0,False,7278,0.7578042,0.5619278800000002,3.5697080000000003,4.3275122,EXTRACTED
_1858_,_2335_/ZN,10.45,61.6,False,32699,0.42367829999999995,0.378901303,3.498329,3.9220072999999998,EXTRACTED
_1859_,_2336_/ZN,11.21,65.8,False,22977,0.50844162,0.8033093210000001,3.30618,3.81462162,EXTRACTED
_1860_,_2337_/ZN,17.1,70.0,False,22977,0.41137689,0.284897521,4.2095389999999995,4.620915889999999,EXTRACTED
_1861_,_2338_/ZN,13.68,71.4,False,7626,1.4085951,0.4852730639700001,8.202421,9.611016099999999,EXTRACTED
_1862_,_2339_/ZN,9.5,79.8,False,25261,1.0423464,1.954749808,3.183042,4.2253884,EXTRACTED
_1863_,_2340_/ZN,13.68,70.0,False,7478,0.5618824,0.641833278,3.207001,3.7688834,EXTRACTED
_1864_,_2341_/ZN,22.23,67.2,False,22577,0.6958451,0.8664526780000001,7.550584,8.2464291,EXTRACTED
_1865_,_2342_/ZN,19.76,70.0,False,20082,0.84712972,0.8755084300000001,3.3327660000000003,4.17989572,EXTRACTED
_1866_,_2343_/ZN,21.09,70.0,False,37596,1.6321240000000001,1.2645364738999998,8.44256,10.074684000000001,EXTRACTED
_1867_,_2344_/ZN,20.52,68.6,False,37596,1.1002016,1.272139775,6.54471,7.6449116,EXTRACTED
_1868_,_2345_/ZN,26.79,74.2,False,23166,0.8754875,1.1639644450000004,2.6612850000000003,3.5367725000000005,EXTRACTED
_1869_,_2346_/ZN,21.66,71.4,False,23171,0.0631412,0.0753308,1.626352,1.6894932,EXTRACTED
_1870_,_2347_/ZN,19.19,68.6,False,19491,1.0767925999999999,0.88827542,4.116977,5.1937696,EXTRACTED
_1871_,_2348_/ZN,16.34,70.0,False,7348,0.4177847,0.5873578270000002,4.239248,4.6570327,EXTRACTED
_1872_,_2349_/ZN,16.72,71.4,False,7300,0.7264999999999999,0.7495466700000001,4.337179,5.063679,EXTRACTED
_1873_,_2350_/ZN,13.68,67.2,False,32640,0.7735007,1.123521569,3.29738,4.0708807,EXTRACTED
_1874_,_2351_/ZN,21.85,72.8,False,37979,1.3259729,1.1876680640000001,9.262471,10.5884439,EXTRACTED
_1875_,_2352_/ZN,30.21,70.0,False,37979,0.3578424,0.7622806640000002,1.614241,1.9720834,EXTRACTED
_1876_,_2353_/ZN,20.33,71.4,False,37903,0.8995329,0.5515194929999999,9.238947,10.1384799,EXTRACTED
_1877_,_2354_/ZN,17.48,72.8,False,23211,0.0924854,0.16257836,1.70023,1.7927153999999998,EXTRACTED
_1878_,_2355_/ZN,18.81,72.8,False,23211,0.240184,0.384765461,1.58401,1.8241939999999999,EXTRACTED
_1879_,_2356_/ZN,19.0,71.4,False,25361,0.0831062,0.12790056,1.663842,1.7469482,EXTRACTED
_1880_,_2357_/ZN,20.33,70.0,False,8003,0.387362,0.6373255600000002,1.623031,2.0103929999999997,EXTRACTED
_1881_,_2358_/ZN,14.82,71.4,False,37968,0.94624551,1.453659902,8.330807,9.27705251,EXTRACTED
_1882_,_2359_/ZN,26.22,71.4,False,20587,0.127057,0.098950275,0.974659,1.1017160000000001,EXTRACTED
_1883_,_2361_/ZN,19.95,58.8,False,18610,0.9869236,1.038905014,10.953876,11.9407996,EXTRACTED
_1884_,_2362_/ZN,12.73,57.4,False,14495,0.682525,0.8501889300000003,3.97383,4.656355,EXTRACTED
_1885_,_2363_/ZN,12.54,60.2,False,21604,0.5902518000000001,0.5761403199999999,4.135572,4.7258238,EXTRACTED
_1886_,_2364_/ZN,15.58,61.6,False,19612,0.5902536899999999,0.7381946899999999,2.562205,3.15245869,EXTRACTED
_1887_,_2365_/ZN,22.42,61.6,False,19612,0.646752,0.61619251,0.921561,1.5683129999999998,EXTRACTED
_1888_,_2366_/ZN,11.78,57.4,False,17058,1.2844831,1.62920693549,4.242511,5.5269941000000005,EXTRACTED
_1889_,_2367_/ZN,12.35,64.4,False,4716,0.863902,0.893329378,3.253598,4.1175,EXTRACTED
_1890_,_2368_/ZN,8.74,64.4,False,4716,0.6779695,0.916779396,3.302205,3.9801745,EXTRACTED
_1891_,_2369_/ZN,12.35,63.0,False,13639,0.97020258,1.5342961140000002,6.799648,7.76985058,EXTRACTED
_1892_,_2370_/ZN,11.97,54.6,False,32580,0.34584,0.46605939999999996,1.659913,2.005753,EXTRACTED
_1893_,_2371_/ZN,7.98,51.8,False,15555,1.1254776,1.44172123909,5.0579979999999995,6.1834755999999995,EXTRACTED
_1894_,_2372_/ZN,20.9,58.8,False,2508,0.43248200000000003,0.594565229,3.284775,3.717257,EXTRACTED
_1895_,_2373_/ZN,13.68,57.4,False,2508,0.82841386,0.9988601299999997,5.91948,6.74789386,EXTRACTED
_1896_,_2374_/ZN,15.2,58.8,False,24198,0.385274,0.135431254,1.57913,1.964404,EXTRACTED
_1897_,_2375_/ZN,15.58,57.4,False,17689,0.59307831,1.00323326,9.588449,10.18152731,EXTRACTED
_1898_,_2376_/ZN,17.67,58.8,False,17689,0.8529644000000001,1.5086663150000004,4.147782,5.000746400000001,EXTRACTED
_1899_,_2377_/ZN,18.05,57.4,False,18353,0.81536742,1.031547187,11.081231,11.89659842,EXTRACTED
_1900_,_2378_/ZN,28.88,60.2,False,18353,0.47308827,0.6256562949999999,4.2794,4.75248827,EXTRACTED
_1901_,_2379_/ZN,26.41,57.4,False,25408,1.7771286000000002,2.2882988310000005,9.972002,11.7491306,EXTRACTED
_1902_,_2380_/ZN,27.36,54.6,False,25408,2.58106116,2.6406486580000004,14.280691000000001,16.86175216,EXTRACTED
_1903_,_2381_/ZN,19.19,67.2,False,9529,0.602672,0.82547536,1.659913,2.262585,EXTRACTED
_1904_,_2382_/ZN,15.01,60.2,False,7278,0.5903275,0.3382326194900001,1.655202,2.2455295,EXTRACTED
_1905_,_2383_/ZN,10.83,56.0,False,18084,0.43375400000000003,0.7299214399999999,0.974659,1.4084130000000001,EXTRACTED
_1906_,_2384_/ZN,18.81,56.0,False,24420,0.9733725,0.8225988679999999,1.689746,2.6631185,EXTRACTED
_1907_,_2385_/ZN,18.62,57.4,False,20639,4.85262798,4.724441752000002,21.220895,26.07352298,EXTRACTED
_1908_,_2386_/ZN,19.38,56.0,False,20639,13.340330399999997,12.43405770736,46.959292,60.2996224,EXTRACTED
_1909_,_2387_/ZN,33.06,65.8,False,22009,0.1804396,0.056577934999999996,3.278501,3.4589406,EXTRACTED
_1910_,_2388_/ZN,7.79,61.6,False,13488,0.2166523,0.06591715199999999,3.246035,3.4626873,EXTRACTED
_1911_,_2389_/ZN,8.17,65.8,False,19964,0.46978,0.48274822500000003,1.650377,2.120157,EXTRACTED
_1912_,_2390_/ZN,1.71,67.2,False,3901,0.37003643,0.7729431200000001,3.222248,3.59228443,EXTRACTED
_1913_,_2391_/ZN,9.5,67.2,False,12876,0.38961239999999997,0.39481601,4.232031,4.6216434,EXTRACTED
_1914_,_2392_/ZN,10.26,67.2,False,7634,0.5347000000000001,0.36037063300000005,1.595175,2.129875,EXTRACTED
_1915_,_2393_/ZN,16.53,77.0,False,22549,0.4420623,0.35921353999999994,4.985061,5.4271233,EXTRACTED
_1916_,_2394_/ZN,11.02,72.8,False,21814,0.8172223000000001,0.8073348390000001,4.179227,4.9964493,EXTRACTED
_1917_,_2395_/ZN,12.54,72.8,False,25651,0.595758,0.75218303897,2.638829,3.234587,EXTRACTED
_1918_,_2396_/ZN,8.55,79.8,False,45811,4.71604116,5.385152434460003,22.206598,26.92263916,EXTRACTED
_1919_,_2397_/ZN,13.11,72.8,False,45811,3.9958332499999996,4.658184145700001,21.000268000000002,24.996101250000002,EXTRACTED
_1920_,_2398_/Z,17.86,71.4,False,45729,0.9395789999999999,1.7136326299999995,0.974659,1.914238,EXTRACTED
_1921_,_2399_/ZN,15.77,72.8,False,45729,1.2485080000000002,1.0003693669999998,0.974659,2.223167,EXTRACTED
_1922_,_2400_/ZN,34.77,72.8,False,33799,0.7149631800000001,0.9336944933000001,6.576734,7.29169718,EXTRACTED
_1923_,_2401_/ZN,35.15,74.2,False,33799,1.0270824,0.877441002,10.072516,11.0995984,EXTRACTED
_1924_,_2402_/ZN,34.01,65.8,False,26185,0.21671014,0.19727352999999997,3.245552,3.46226214,EXTRACTED
_1925_,_2403_/ZN,32.49,64.4,False,25566,0.55732624,0.63252114,6.325724,6.88305024,EXTRACTED
_1926_,_2404_/ZN,28.88,64.4,False,26970,0.6295596999999999,0.5986629800000001,3.285424,3.9149836999999996,EXTRACTED
_1927_,_2405_/ZN,34.39,58.8,False,2927,0.48798220000000003,0.442242432,6.027101,6.5150832,EXTRACTED
_1928_,_2406_/ZN,26.03,64.4,False,25542,0.8857628,1.0122888799999998,4.161912,5.0476748,EXTRACTED
_1929_,_2407_/ZN,22.04,57.4,False,25542,1.7382866999999997,1.2054486865699996,5.9257670000000005,7.6640537,EXTRACTED
_1930_,_2408_/ZN,26.98,57.4,False,18655,1.4870056999999999,1.1943053280000004,5.816522,7.3035277,EXTRACTED
_1931_,_2409_/ZN,35.53,53.2,False,1442,3.7819046,4.48681474,4.259616,8.0415206,EXTRACTED
_1932_,_2410_/ZN,34.96,56.0,False,1442,15.96757783,7.2932997087999984,14.211607,30.17918483,EXTRACTED
_1933_,_2411_/ZN,7.22,65.8,False,13126,0.8174336,1.0225158549999998,4.253141,5.0705746000000005,EXTRACTED
_1934_,_2412_/ZN,7.41,64.4,False,22238,0.5182270800000001,0.4207134860000001,6.611413,7.12964008,EXTRACTED
_1935_,_2413_/ZN,7.41,60.2,False,21484,0.3110202,0.31406179,3.326582,3.6376022000000003,EXTRACTED
_1936_,_2414_/ZN,12.16,60.2,False,21484,0.360364,0.46536955,1.66205,2.022414,EXTRACTED
_1937_,_2415_/ZN,8.17,60.2,False,46054,0.7828219999999999,0.36037354360000007,0.974659,1.7574809999999998,EXTRACTED
_1938_,_2416_/ZN,85.88,36.4,False,45166,0.0713442,0.034597119999999995,0.918145,0.9894892,EXTRACTED
_1939_,_2417_/ZN,8.55,56.0,False,22234,1.10121201,0.696348165,4.145501,5.246713010000001,EXTRACTED
_1940_,_2418_/ZN,15.01,47.6,False,46260,0.42235,0.7013672099999999,0.974659,1.3970090000000002,EXTRACTED
_1941_,_2419_/ZN,91.96,19.6,False,18266,0.54736,0.22583958999999998,1.670716,2.218076,EXTRACTED
_1942_,_2420_/ZN,84.74,16.8,False,43050,0.1306516,0.04764815000000001,1.66205,1.7927016,EXTRACTED
_1943_,_2421_/ZN,7.79,54.6,False,25831,0.042588,0.07206583,1.670716,1.7133040000000002,EXTRACTED
_1944_,_2422_/ZN,1.71,47.6,False,19308,1.8347347,1.5965782310000003,9.898528,11.733262700000001,EXTRACTED
_1945_,_2423_/ZN,6.08,54.6,False,23187,0.0927196,0.031008179999999996,1.70023,1.7929495999999998,EXTRACTED
_1946_,_2424_/ZN,6.65,53.2,False,23187,0.1519588,0.062312185000000006,1.66205,1.8140088,EXTRACTED
_1947_,_2425_/ZN,7.03,54.6,False,46766,1.5475777000000002,1.9573251800000004,0.974659,2.5222367,EXTRACTED
_1948_,_2426_/ZN,81.51,16.8,False,43603,0.32957400000000003,0.488289098,1.676853,2.006427,EXTRACTED
_1949_,_2427_/ZN,1.33,57.4,False,22235,0.8353200000000001,0.5652501999999999,2.573608,3.4089280000000004,EXTRACTED
_1950_,_2428_/ZN,8.74,50.4,False,46638,1.44335,1.134693553,0.974659,2.418009,EXTRACTED
_1951_,_2429_/ZN,69.35,9.8,False,46638,0.7869104,0.36027488899999993,3.2465200000000003,4.0334304,EXTRACTED
_1952_,_2430_/ZN,74.48,16.8,False,18157,0.356594,0.21664108999999998,1.670716,2.02731,EXTRACTED
_1953_,_2431_/ZN,76.57,7.0,False,43591,0.7907856,0.780330364,1.66205,2.4528356000000002,EXTRACTED
_1954_,_2432_/ZN,17.86,49.0,False,13820,0.5107459999999999,0.21241909799999997,1.595175,2.105921,EXTRACTED
_1955_,_2433_/ZN,12.54,51.8,False,21880,0.7659935,1.1820441000000002,3.3327660000000003,4.0987595,EXTRACTED
_1956_,_2434_/ZN,12.16,49.0,False,47020,1.4368759999999998,1.5698242320000002,0.974659,2.4115349999999998,EXTRACTED
_1957_,_2435_/ZN,62.51,1.4,False,18070,0.7080162,1.27347516,3.28173,3.9897462,EXTRACTED
_1958_,_2436_/ZN,76.19,9.8,False,43488,0.6526339999999999,0.9915163570000001,3.246035,3.898669,EXTRACTED
_1959_,_2437_/ZN,11.02,44.8,False,22221,0.4195156,0.587709227,4.239056,4.6585716,EXTRACTED
_1960_,_2438_/ZN,12.54,44.8,False,26389,0.30133,0.41399497399999996,1.615611,1.916941,EXTRACTED
_1961_,_2439_/ZN,9.88,47.6,False,38211,1.0909577,1.0422449180000002,0.974659,2.0656167,EXTRACTED
_1962_,_2440_/ZN,40.28,12.6,False,16759,0.7002007000000001,0.49771289000000013,3.28173,3.9819307000000004,EXTRACTED
_1963_,_2441_/ZN,37.81,4.2,False,38980,0.18680623,0.19582574000000003,3.246035,3.43284123,EXTRACTED
_1964_,_2442_/ZN,7.98,42.0,False,22185,0.9960592999999999,1.133347421,7.469994,8.4660533,EXTRACTED
_1965_,_2443_/ZN,9.88,42.0,False,20518,0.9750703000000001,0.7523932169999998,2.600982,3.5760523,EXTRACTED
_1966_,_2444_/ZN,12.73,33.6,False,39919,2.2813966500000005,1.9306260270000002,12.739903,15.02129965,EXTRACTED
_1967_,_2445_/ZN,11.78,40.6,False,22066,0.540366,0.58429682749,4.145501,4.685867,EXTRACTED
_1968_,_2446_/ZN,11.78,36.4,False,40460,2.7783952599999995,2.477665969,9.517524,12.29591926,EXTRACTED
_1969_,_2447_/ZN,17.48,28.0,False,40460,1.255282,1.1448418909999996,3.2210210000000004,4.476303000000001,EXTRACTED
_1970_,_2448_/ZN,20.14,16.8,False,21033,0.6577344,0.926727906,3.284775,3.9425093999999996,EXTRACTED
_1971_,_2449_/ZN,19.38,16.8,False,34397,0.7980799999999999,0.8114393510000001,3.302205,4.1002849999999995,EXTRACTED
_1972_,_2450_/ZN,12.73,42.0,False,19257,0.1885089,0.27154727300000003,2.564916,2.7534249,EXTRACTED
_1973_,_2451_/ZN,12.92,40.6,False,24353,0.264842,0.40937886,1.66205,1.926892,EXTRACTED
_1974_,_2452_/ZN,11.97,39.2,False,24444,0.27381,0.42726392999999996,1.670716,1.9445260000000002,EXTRACTED
_1975_,_2453_/ZN,10.64,42.0,False,41163,3.0468881399999996,1.916292694,11.004289,14.05117714,EXTRACTED
_1976_,_2454_/ZN,11.21,26.6,False,41163,0.30994626999999997,0.319797718,4.344239,4.65418527,EXTRACTED
_1977_,_2455_/ZN,17.67,22.4,False,21332,0.238578,0.117068462,1.670716,1.909294,EXTRACTED
_1978_,_2456_/ZN,20.9,25.2,False,34407,0.187575,0.25318256,1.66205,1.849625,EXTRACTED
_1979_,_2457_/ZN,14.06,44.8,False,21970,0.8701639999999999,0.32626548800000005,1.919942,2.7901059999999998,EXTRACTED
_1980_,_2458_/ZN,12.92,49.0,False,22784,1.078021,0.9695157844900001,2.5676449999999997,3.6456659999999994,EXTRACTED
_1981_,_2459_/Z,7.79,39.2,False,38071,1.8784565,2.2466904029999997,10.194984,12.0734405,EXTRACTED
_1982_,_2460_/ZN,24.7,36.4,False,38071,0.5277779,0.6846164720000002,2.608974,3.1367519,EXTRACTED
_1983_,_2461_/ZN,20.9,32.2,False,21527,0.785935,0.779915089,3.377083,4.163018,EXTRACTED
_1984_,_2462_/ZN,19.76,32.2,False,21527,0.14166782,0.06951945000000001,3.389923,3.53159082,EXTRACTED
_1985_,_2463_/ZN,19.0,46.2,False,21523,0.5047125,0.48471946,4.985061,5.4897735,EXTRACTED
_1986_,_2464_/ZN,18.62,49.0,False,19008,0.0747266,0.038147875000000005,0.964824,1.0395506,EXTRACTED
_1987_,_2465_/ZN,18.62,47.6,False,17356,1.3187255599999999,1.4194520800000001,5.219273,6.53799856,EXTRACTED
_1988_,_2466_/ZN,22.23,47.6,False,18340,1.2305434,1.9010323589999996,4.174535,5.4050784,EXTRACTED
_1989_,_2467_/ZN,19.76,54.6,False,25116,1.9579202699999998,2.0717975040000005,6.281777,8.23969727,EXTRACTED
_1990_,_2468_/ZN,31.54,40.6,False,25116,0.728216,0.8487939,0.944775,1.6729910000000001,EXTRACTED
_1991_,_2469_/ZN,22.61,44.8,False,6683,1.1859958000000002,1.01917778449,6.764406,7.9504018,EXTRACTED
_1992_,_2470_/ZN,23.75,50.4,False,7028,0.2968044,0.42134088599999997,4.985061,5.2818654,EXTRACTED
_1993_,_2471_/Z,21.28,51.8,False,24825,1.23312115,1.650789571,6.091991,7.325112150000001,EXTRACTED
_1994_,_2472_/ZN,20.14,53.2,False,24825,1.7382979,1.7362283180000002,9.111516,10.849813900000001,EXTRACTED
_1995_,_2473_/ZN,33.44,46.2,False,17484,0.6629240000000001,1.0229607714899998,3.2758849999999997,3.938809,EXTRACTED
_1996_,_2474_/ZN,27.36,49.0,False,19298,0.491808,0.30540577,2.232754,2.7245619999999997,EXTRACTED
_1997_,_2475_/ZN,30.21,43.4,False,5381,0.5800812,0.9191171299999998,3.3112019999999998,3.8912831999999997,EXTRACTED
_1998_,_2476_/ZN,27.36,46.2,False,19505,0.309514,0.18424610200000002,2.232144,2.541658,EXTRACTED
_1999_,_2477_/ZN,22.42,46.2,False,39469,0.164527,0.24170937199999998,3.277697,3.442224,EXTRACTED
_2000_,_2478_/ZN,23.94,44.8,False,13011,1.013304,1.20031045397,4.977237000000001,5.990541,EXTRACTED
_2001_,_2479_/ZN,22.99,42.0,False,14764,0.9888700000000001,0.7987342000000002,1.714471,2.703341,EXTRACTED
_2002_,_2480_/ZN,23.37,49.0,False,38261,2.4826585,1.793109146,4.938359,7.4210175,EXTRACTED
_2003_,_2481_/Z,19.38,44.8,False,38261,1.5539799300000003,1.2602858979999998,7.405938,8.95991793,EXTRACTED
_2004_,_2482_/ZN,17.1,30.8,False,8832,0.7310143,0.786902327,3.428942,4.1599563,EXTRACTED
_2005_,_2483_/ZN,14.44,35.0,False,8832,0.6499176,0.72782348,1.670716,2.3206336,EXTRACTED
_2006_,_2484_/ZN,21.47,42.0,False,37457,0.6452163999999999,0.853880537,4.96474,5.6099564,EXTRACTED
_2007_,_2485_/ZN,21.47,39.2,False,17743,0.0954432,0.111407699,1.651345,1.7467882000000001,EXTRACTED
_2008_,_2486_/ZN,20.33,39.2,False,21492,0.31206,0.38289035000000005,1.663842,1.975902,EXTRACTED
_2009_,_2487_/ZN,22.99,32.2,False,21492,0.9193520000000001,0.60234222,3.273355,4.192707,EXTRACTED
_2010_,_2488_/ZN,20.33,33.6,False,30546,0.10050100000000001,0.11591577,1.616298,1.716799,EXTRACTED
_2011_,_2489_/ZN,30.02,40.6,False,30546,1.2250459,1.2922419449999996,3.323856,4.548901900000001,EXTRACTED
_2012_,_2490_/ZN,19.0,32.2,False,25461,0.8353366,0.41977627200000006,3.804647,4.6399836,EXTRACTED
_2013_,_2491_/ZN,19.0,23.8,False,24661,1.1437686,1.8025215230000002,5.589086,6.7328546,EXTRACTED
_2014_,_2492_/ZN,18.43,14.0,False,29716,0.30699600000000005,0.22680380800000002,1.651345,1.958341,EXTRACTED
_2015_,_2493_/ZN,26.22,19.6,False,26179,1.1288610000000001,1.5940153389999998,3.365816,4.494677,EXTRACTED
_2016_,_2494_/ZN,16.34,15.4,False,29597,1.2613959,1.0773447244899998,4.265984,5.527379900000001,EXTRACTED
_2017_,_2495_/ZN,17.48,18.2,False,19338,1.473958,1.063051074,5.761097,7.235055000000001,EXTRACTED
_2018_,_2496_/ZN,19.0,8.4,False,18955,0.20540588,0.158894172,4.937855,5.14326088,EXTRACTED
_2019_,_2497_/ZN,15.01,36.4,False,39643,2.85515497,2.0549253684899993,10.904126,13.759280969999999,EXTRACTED
_2020_,_2498_/ZN,19.38,7.0,False,39643,0.0376328,0.022785419999999997,1.66205,1.6996828,EXTRACTED
_2021_,_2499_/ZN,24.7,1.4,False,27280,0.5705415,0.536786063,1.571893,2.1424345000000002,EXTRACTED
_2022_,_2500_/ZN,18.05,8.4,False,27280,0.15482827,0.08308571999999999,3.29738,3.45220827,EXTRACTED
_2023_,_2501_/ZN,19.76,7.0,False,26121,1.0305251500000001,1.058797834,4.924401,5.9549261499999995,EXTRACTED
_2024_,_2502_/ZN,35.91,5.6,False,25144,0.0766664,0.0805558,1.605417,1.6820834,EXTRACTED
_2025_,_2503_/ZN,37.24,5.6,False,25279,1.909958,1.3771215519999997,3.909607,5.819565,EXTRACTED
_2026_,_2504_/ZN,8.74,42.0,False,38930,0.7042729999999999,0.50762459,0.974659,1.678932,EXTRACTED
_2027_,_2505_/ZN,55.67,5.6,False,19829,0.7500800000000001,0.283331825,1.647003,2.3970830000000003,EXTRACTED
_2028_,_2506_/ZN,61.94,9.8,False,33235,0.798752,0.45488284900000003,1.626352,2.425104,EXTRACTED
_2029_,_2507_/ZN,64.03,1.4,False,28096,0.9295959999999999,0.8422242619999999,4.924401,5.853997,EXTRACTED
_2030_,_2508_/ZN,68.97,2.8,False,26265,0.6499497000000001,0.44901863499999994,1.605417,2.2553667,EXTRACTED
_2031_,_2509_/ZN,70.68,5.6,False,28438,0.6439101,0.51743245,3.804647,4.4485571,EXTRACTED
_2032_,_2510_/ZN,70.49,14.0,False,27321,1.19535634,0.6244278400000001,3.8797569999999997,5.07511334,EXTRACTED
_2033_,_2511_/ZN,84.36,12.6,False,18005,0.033720200000000006,0.06017070000000001,1.626352,1.6600722,EXTRACTED
_2034_,_2512_/ZN,85.12,12.6,False,22180,0.444014,0.26295613,3.804647,4.248661,EXTRACTED
_2035_,_2513_/ZN,85.31,16.8,False,25668,1.8141468,1.46721373,2.63668,4.4508268,EXTRACTED
_2036_,_2514_/ZN,86.45,36.4,False,23526,1.1332982999999999,1.3958530350000005,4.216073,5.3493713,EXTRACTED
_2037_,_2515_/ZN,86.64,42.0,False,16537,0.7255261,0.318530721,2.558237,3.2837631,EXTRACTED
_2038_,_2516_/ZN,87.02,43.4,False,26149,0.08966500000000001,0.11675834,0.97463,1.064295,EXTRACTED
_2039_,_2517_/ZN,88.16,42.0,False,14117,1.017348,0.9811463854000001,6.453441,7.470789,EXTRACTED
_2040_,_2518_/ZN,90.63,49.0,False,29378,1.2314260000000001,0.8965036899999999,3.3765210000000003,4.607947,EXTRACTED
_2041_,_2519_/Z,9.31,61.6,False,45748,6.2766429,5.934583514000002,7.547014000000001,13.8236569,EXTRACTED
_2042_,_2520_/ZN,5.13,63.0,False,45748,6.484833599999999,8.436785137000001,4.440474,10.9253076,EXTRACTED
_2043_,_2521_/ZN,87.02,50.4,False,24669,0.42462036999999997,0.221253262,4.888421,5.3130413700000005,EXTRACTED
_2044_,_2522_/ZN,87.97,46.2,False,24669,0.16004960000000001,0.125484441,1.595175,1.7552246,EXTRACTED
_2045_,_2523_/ZN,87.97,51.8,False,14671,0.4623499,0.581576447,3.370946,3.8332959,EXTRACTED
_2046_,_2524_/ZN,89.68,53.2,False,14671,0.861952,0.7422230719999999,1.714471,2.576423,EXTRACTED
_2047_,_2525_/ZN,5.7,67.2,False,12928,0.3504699,0.41019130000000004,3.3112019999999998,3.6616719,EXTRACTED
_2048_,_2526_/ZN,2.85,65.8,False,22243,0.7097800000000001,0.443845166,4.19996,4.90974,EXTRACTED
_2049_,_2527_/ZN,5.89,74.2,False,12976,0.44776600999999994,0.71993297,3.246035,3.69380101,EXTRACTED
_2050_,_2528_/ZN,4.18,74.2,False,21424,0.748694,1.2430756200000002,3.326582,4.075276000000001,EXTRACTED
_2051_,_2529_/ZN,13.87,77.0,False,21424,0.7628648,0.7256107860000001,3.3327660000000003,4.0956308,EXTRACTED
_2052_,_2530_/ZN,8.55,71.4,False,45040,6.0451381,6.383889119999998,4.975445000000001,11.0205831,EXTRACTED
_2053_,_2531_/ZN,2.47,74.2,False,45040,7.713209239999999,5.486706716500001,9.764108,17.477317239999998,EXTRACTED
_2054_,_2532_/ZN,87.59,50.4,False,27073,1.349574,0.8404095619999999,3.2232380000000003,4.572812000000001,EXTRACTED
_2055_,_2533_/ZN,91.58,57.4,False,24966,0.2904563,0.2653029110000001,2.606138,2.8965943000000003,EXTRACTED
_2056_,_2534_/ZN,88.73,57.4,False,27309,0.24282705999999998,0.133570735,4.952738,5.19556506,EXTRACTED
_2057_,_2535_/ZN,88.73,58.8,False,14724,0.2874524,0.08578580599999999,3.246035,3.5334874,EXTRACTED
_2058_,_2536_/ZN,5.89,70.0,False,44942,0.8944321,0.7008985,0.974659,1.8690911,EXTRACTED
_2059_,_2537_/ZN,76.19,56.0,False,44942,1.04271924,1.9992374159999997,4.941896,5.98461524,EXTRACTED
_2060_,_2538_/ZN,89.68,56.0,False,44632,0.6156121999999999,0.715179235,3.364429,3.9800411999999996,EXTRACTED
_2061_,_2539_/ZN,93.29,64.4,False,44632,0.41567600000000005,0.5577686319999999,1.647003,2.062679,EXTRACTED
_2062_,_2540_/ZN,90.25,56.0,False,24195,0.315992,0.25575128,2.232754,2.548746,EXTRACTED
_2063_,_2541_/ZN,17.86,65.8,False,25568,0.38719616,0.195574625,2.6612850000000003,3.0484811600000006,EXTRACTED
_2064_,_2542_/ZN,1.33,60.2,False,12896,1.1842068000000001,0.9829762220000002,3.2542340000000003,4.4384408,EXTRACTED
_2065_,_2543_/ZN,11.97,68.6,False,21311,0.6666438800000001,0.519305637,2.593284,3.2599278800000002,EXTRACTED
_2066_,_2544_/ZN,22.04,68.6,False,45611,0.7752881,0.817182413,0.974659,1.7499471,EXTRACTED
_2067_,_2545_/ZN,22.61,68.6,False,45611,1.57846514,1.08119947,4.254799,5.833264140000001,EXTRACTED
_2068_,_2546_/ZN,85.12,58.8,False,50787,0.17054339999999998,0.49914002119999995,2.573608,2.7441514000000002,EXTRACTED
_2069_,_2547_/ZN,89.49,58.8,False,50446,0.33289,0.45078259,1.555656,1.8885459999999998,EXTRACTED
_2070_,_2548_/ZN,89.87,51.8,False,15492,0.96654332,0.9194112739999998,2.593817,3.56036032,EXTRACTED
_2071_,_2549_/ZN,95.19,54.6,False,15492,0.13904339999999998,0.11166605199999999,1.676853,1.8158964,EXTRACTED
_2072_,_2550_/ZN,99.94,47.6,False,16434,0.236678,0.30264856,1.626352,1.86303,EXTRACTED
_2073_,_2551_/ZN,93.1,47.6,False,45022,0.1119738,0.32307600200000003,1.647003,1.7589768,EXTRACTED
_2074_,_2552_/ZN,85.12,21.0,False,43864,0.9187561399999999,0.7721525110000002,6.6069320000000005,7.525688140000001,EXTRACTED
_2075_,_2553_/ZN,81.32,12.6,False,43864,0.259386,0.37346215,1.676853,1.936239,EXTRACTED
_2076_,_2554_/ZN,78.28,9.8,False,43190,0.17116599999999998,0.06962098000000001,1.658423,1.829589,EXTRACTED
_2077_,_2555_/ZN,56.43,2.8,False,20603,0.34937,0.34688211,1.599032,1.948402,EXTRACTED
_2078_,_2556_/ZN,36.67,1.4,False,16386,0.984495,0.5112007,1.670716,2.655211,EXTRACTED
_2079_,_2557_/ZN,38.57,1.4,False,39945,1.2231386,0.21386162500000003,1.66205,2.8851886,EXTRACTED
_2080_,_2558_/ZN,11.4,8.4,False,37056,0.8541540000000001,0.48619691600000003,1.676853,2.531007,EXTRACTED
_2081_,_2559_/ZN,24.51,49.0,False,10157,0.79883762,0.4548902710000001,4.272706,5.07154362,EXTRACTED
_2082_,_2560_/ZN,31.92,43.4,False,17180,1.2989439,1.2656751400000001,3.2758849999999997,4.5748289,EXTRACTED
_2083_,_2561_/ZN,29.26,50.4,False,17215,0.1109564,0.169178976,2.232754,2.3437104,EXTRACTED
_2084_,_2562_/ZN,28.5,47.6,False,1914,0.6545231,0.975167583,3.3112019999999998,3.9657251,EXTRACTED
_2085_,_2563_/ZN,23.94,47.6,False,18038,0.534921,0.75766974,2.232754,2.7676749999999997,EXTRACTED
_2086_,_2564_/ZN,28.69,40.6,False,32294,1.1941962,0.867221663,2.568291,3.7624872,EXTRACTED
_2087_,_2565_/ZN,24.51,54.6,False,12628,1.37869917,1.0620378350000002,3.1881909999999998,4.56689017,EXTRACTED
_2088_,_2566_/ZN,22.99,37.8,False,32369,0.6371719999999998,0.9456948020000001,3.371273,4.008445,EXTRACTED
_2089_,_2567_/ZN,17.1,33.6,False,32369,1.2312447,1.89354982249,5.052471,6.2837157,EXTRACTED
_2090_,_2568_/ZN,23.75,37.8,False,5939,0.7844441,0.4921828980000001,2.638829,3.4232731,EXTRACTED
_2091_,_2569_/ZN,18.43,32.2,False,37889,1.2706060000000001,1.4217216959999999,5.79748,7.068086,EXTRACTED
_2092_,_2570_/ZN,14.25,30.8,False,30198,0.94826,1.9090397019999998,4.158502,5.106762000000001,EXTRACTED
_2093_,_2571_/ZN,15.58,30.8,False,23524,0.08485999999999999,0.050976020000000004,1.599032,1.683892,EXTRACTED
_2094_,_2572_/ZN,15.01,30.8,False,21638,1.1199403,1.6275594900000003,4.231738,5.3516783,EXTRACTED
_2095_,_2573_/ZN,15.2,29.4,False,27988,0.5515476,0.787936648,2.625975,3.1775226,EXTRACTED
_2096_,_2574_/ZN,14.44,29.4,False,16303,0.77740751,0.74321011,5.204284,5.98169151,EXTRACTED
_2097_,_2575_/ZN,4.94,29.4,False,29119,0.8524858000000001,0.39769992800000004,4.144799,4.9972848,EXTRACTED
_2098_,_2576_/ZN,7.41,25.2,False,31712,0.7644238,0.559251105,2.493454,3.2578777999999997,EXTRACTED
_2099_,_2577_/ZN,11.97,21.0,False,20219,0.4896165,0.143751485,5.024086,5.5137025,EXTRACTED
_2100_,_2578_/ZN,12.16,14.0,False,20219,0.6252174999999999,0.34998487699999997,4.265984,4.8912015,EXTRACTED
_2101_,_2579_/ZN,15.58,23.8,False,26666,0.5183825,0.546796465,2.651483,3.1698655,EXTRACTED
_2102_,_2580_/ZN,11.78,19.6,False,31681,1.1203801,0.4250929420000001,5.756755,6.8771351,EXTRACTED
_2103_,_2581_/ZN,9.31,5.6,False,28007,0.602536,0.17765235999999998,1.626352,2.228888,EXTRACTED
_2104_,_2582_/ZN,12.54,12.6,False,28007,0.1073176,0.06863473,1.599032,1.7063496,EXTRACTED
_2105_,_2583_/ZN,11.78,12.6,False,19490,0.19247287000000002,0.08329218,3.3112019999999998,3.5036748699999998,EXTRACTED
_2106_,_2584_/ZN,13.11,11.2,False,28479,1.158058,0.20566392000000003,3.8797569999999997,5.037815,EXTRACTED
_2107_,_2585_/ZN,19.19,1.4,False,19104,0.0585588,0.12694713,1.626352,1.6849108,EXTRACTED
_2108_,_2586_/ZN,20.52,1.4,False,26392,1.7388600000000003,1.9239659749999998,3.804647,5.543507,EXTRACTED
_2109_,_2587_/ZN,41.23,12.6,False,26107,0.976125,1.362621852,3.90347,4.879595,EXTRACTED
_2110_,_2588_/ZN,54.53,5.6,False,24991,0.302144,0.34367264,1.664199,1.966343,EXTRACTED
_2111_,_2589_/ZN,57.57,8.4,False,29080,1.0620243,0.441461535,3.242609,4.3046333,EXTRACTED
_2112_,_2590_/ZN,68.21,2.8,False,27997,1.1803514,0.7027099410000001,4.880586,6.0609374,EXTRACTED
_2113_,_2591_/ZN,70.49,8.4,False,18877,0.8911723,0.772972777,3.3436779999999997,4.2348503,EXTRACTED
_2114_,_2592_/ZN,72.77,2.8,False,30050,1.0072429999999999,1.2824688800000001,3.90347,4.910712999999999,EXTRACTED
_2115_,_2593_/ZN,83.41,12.6,False,28590,0.5969120699999999,0.8038071400000001,1.599032,2.19594407,EXTRACTED
_2116_,_2594_/ZN,79.23,11.2,False,24339,0.6830193999999999,0.2967362110000001,1.571893,2.2549124,EXTRACTED
_2117_,_2595_/ZN,80.18,12.6,False,18443,0.625422,0.5069506759999999,3.326249,3.9516709999999997,EXTRACTED
_2118_,_2596_/ZN,82.27,14.0,False,18425,0.9939134,0.7520532249999998,4.9040490000000005,5.897962400000001,EXTRACTED
_2119_,_2597_/ZN,88.16,8.4,False,23627,0.637532,0.32795992999999996,1.670716,2.308248,EXTRACTED
_2120_,_2598_/ZN,81.7,12.6,False,23555,0.478126,0.479190151,1.66205,2.140176,EXTRACTED
_2121_,_2599_/ZN,82.65,29.4,False,43180,0.3422059,0.20579144400000002,3.198245,3.5404509,EXTRACTED
_2122_,_2600_/ZN,83.22,33.6,False,33930,1.78233,1.1611371900000003,1.670716,3.453046,EXTRACTED
_2123_,_2601_/ZN,89.87,12.6,False,23399,1.7376889,1.4463070690000002,2.550463,4.2881519,EXTRACTED
_2124_,_2602_/ZN,84.36,35.0,False,23246,1.37200979,1.968112225,3.909607,5.281616789999999,EXTRACTED
_2125_,_2603_/ZN,95.76,47.6,False,25667,0.49528159000000005,0.46138136799999996,6.451404999999999,6.94668659,EXTRACTED
_2126_,_2604_/ZN,94.62,54.6,False,45082,0.8099103999999999,0.572024424,2.568291,3.3782014,EXTRACTED
_2127_,_2605_/ZN,96.9,53.2,False,26278,0.6666885300000001,0.586813192,5.5211559999999995,6.18784453,EXTRACTED
_2128_,_2606_/ZN,97.66,56.0,False,24157,0.354356,0.361096762,1.614241,1.968597,EXTRACTED
_2129_,_2607_/ZN,58.52,63.0,False,51112,2.61190126,2.23475488,3.2970680000000003,5.90896926,EXTRACTED
_2130_,_2608_/ZN,95.95,56.0,False,50608,0.44057565,0.65167931,1.657276,2.09785165,EXTRACTED
_2131_,_2609_/ZN,93.29,56.0,False,18018,0.7290019999999999,0.50848914,1.595175,2.3241769999999997,EXTRACTED
_2132_,_2610_/ZN,97.66,49.0,False,46109,0.5348777,0.45439666399999995,1.614241,2.1491187,EXTRACTED
_2133_,_2611_/ZN,104.69,57.4,False,25903,0.6056680999999999,0.609694046,1.555656,2.1613241,EXTRACTED
_2134_,_2612_/ZN,97.28,57.4,False,41432,0.2759,0.32856116199999996,1.595175,1.871075,EXTRACTED
_2135_,_2613_/ZN,34.58,53.2,False,1051,3.6000893,4.00231969,10.708264999999999,14.3083543,EXTRACTED
_2136_,_2614_/ZN,33.63,58.8,False,1051,0.1200422,0.24153093500000003,0.974659,1.0947012,EXTRACTED
_2137_,_2615_/ZN,95.0,56.0,False,531,0.0795334,0.054346658,1.614241,1.6937744000000001,EXTRACTED
_2138_,_2616_/ZN,37.05,56.0,False,1300,4.822073759999999,6.174627381999999,7.547179,12.369252759999998,EXTRACTED
_2139_,_2617_/ZN,19.57,12.6,False,1300,8.039169400000002,2.831472267000001,7.948726,15.987895400000003,EXTRACTED
_2140_,_2618_/ZN,87.97,63.0,False,25247,1.60764,1.78703287,3.35506,4.9627,EXTRACTED
_2141_,_2619_/ZN,31.92,60.2,False,25833,8.653979219999998,10.704245976999996,15.39456,24.04853922,EXTRACTED
_2142_,_2620_/ZN,85.69,54.6,False,27356,0.6289528,0.4282975965,1.657276,2.2862288,EXTRACTED
_2143_,_2622_/ZN,10.64,70.0,False,25587,0.4698117,0.34648576100000006,3.498535,3.9683467,EXTRACTED
_2144_,_2623_/ZN,11.4,67.2,False,17897,0.339416,0.295047218,1.626352,1.965768,EXTRACTED
_2145_,_2624_/ZN,12.92,71.4,False,25852,0.692721,1.03661671,0.974659,1.66738,EXTRACTED
_2146_,_2625_/Z,11.97,70.0,False,25852,3.2947512199999998,3.554069644000002,28.545928,31.84067922,EXTRACTED
_2147_,_2626_/ZN,43.7,74.2,False,25913,0.7447735,0.5465225010000001,4.260317000000001,5.0050905000000006,EXTRACTED
_2148_,_2627_/ZN,34.2,72.8,False,43382,0.33790594,0.47467705999999993,3.37867,3.7165759400000002,EXTRACTED
_2149_,_2628_/ZN,33.63,72.8,False,43382,0.74847953,0.5683516209999999,4.914576,5.66305553,EXTRACTED
_2150_,_2629_/ZN,41.04,72.8,False,36205,1.26226995,1.6066588590000002,6.796615,8.05888495,EXTRACTED
_2151_,_2630_/ZN,24.89,71.4,False,34194,1.7720962,2.3627525130000007,5.92643,7.6985262,EXTRACTED
_2152_,_2631_/ZN,45.6,67.2,False,48445,4.5420841,4.059288641000001,4.196722,8.738806100000001,EXTRACTED
_2153_,_2632_/ZN,42.94,64.4,False,48445,5.96041509,6.541322069000001,13.964476,19.92489109,EXTRACTED
_2154_,_2633_/ZN,24.32,60.2,False,11719,1.2813545,1.5227193630000002,11.456,12.737354499999999,EXTRACTED
_2155_,_2634_/ZN,25.27,58.8,False,11719,0.8121628000000001,1.0198839534900002,11.165956,11.978118799999999,EXTRACTED
_2156_,_2635_/ZN,25.27,60.2,False,12752,1.1742769,1.6834849900000004,10.997161,12.1714379,EXTRACTED
_2157_,_2636_/ZN,25.65,57.4,False,12752,1.0101638,0.9770131780000003,11.734987,12.745150800000001,EXTRACTED
_2158_,_2637_/ZN,24.7,58.8,False,23373,1.4644418000000001,1.76710523,13.856462,15.3209038,EXTRACTED
_2159_,_2638_/ZN,23.18,58.8,False,23373,1.313522,1.369662856,7.895111,9.208633,EXTRACTED
_2160_,_2639_/ZN,14.63,57.4,False,3086,0.4844965,0.7962985094900001,1.571893,2.0563895,EXTRACTED
_2161_,_2640_/ZN,13.11,56.0,False,3086,1.4146518000000001,1.0255112430000004,6.572621,7.9872727999999995,EXTRACTED
_2162_,_2641_/ZN,21.85,58.8,False,21964,1.5688596000000001,2.03210918,14.288615,15.8574746,EXTRACTED
_2163_,_2642_/ZN,24.13,57.4,False,21964,1.21932124,0.783004152,8.433958,9.65327924,EXTRACTED
_2164_,_2643_/ZN,20.71,56.0,False,21820,0.641262,1.02143068897,0.974659,1.6159210000000002,EXTRACTED
_2165_,_2644_/ZN,26.41,56.0,False,21820,7.72015212,10.458813660999994,15.967016,23.68716812,EXTRACTED
_2166_,_2645_/ZN,27.17,23.8,False,8795,0.0647364,0.008969939,2.573608,2.6383444000000003,EXTRACTED
_2167_,_2646_/ZN,27.36,19.6,False,4939,0.1801424,0.070485246,2.411453,2.5915953999999997,EXTRACTED
_2168_,_2647_/ZN,32.87,18.2,False,1794,1.3368784,1.3826174950000003,7.385942,8.7228204,EXTRACTED
_2169_,_2648_/ZN,34.96,9.8,False,754,0.0601792,0.2279613,2.411453,2.4716321999999997,EXTRACTED
_2170_,_2649_/ZN,36.67,12.6,False,507,0.0420568,0.0855718,2.411453,2.4535098,EXTRACTED
_2171_,_2650_/ZN,30.59,12.6,False,391,1.8969963,1.772035128,4.224953,6.121949300000001,EXTRACTED
_2172_,_2651_/ZN,55.48,8.4,False,305,2.7373572999999998,3.042332073999999,6.832692,9.570049299999999,EXTRACTED
_2173_,_2652_/ZN,83.98,18.2,False,277,0.24603599999999998,0.52732722,2.411453,2.657489,EXTRACTED
_2174_,_2653_/ZN,87.02,19.6,False,261,0.08979480000000001,0.0012177400000000001,2.411453,2.5012478,EXTRACTED
_2175_,_2654_/ZN,91.39,16.8,False,252,2.3931806,2.1021535209999995,5.888184,8.2813646,EXTRACTED
_2176_,_2655_/ZN,86.45,43.4,False,243,0.377154,0.6784443969999999,2.411453,2.788607,EXTRACTED
_2177_,_2656_/ZN,91.01,39.2,False,218,0.700743,0.5605104290000001,4.224953,4.925696,EXTRACTED
_2178_,_2657_/ZN,90.82,43.4,False,213,1.43632957,0.971999136,5.888184,7.32451357,EXTRACTED
_2179_,_2658_/ZN,90.25,57.4,False,210,1.068476,0.6294716,2.573608,3.642084,EXTRACTED
_2180_,_2659_/ZN,90.06,63.0,False,208,0.3877183,0.249434419,4.224953,4.612671300000001,EXTRACTED
_2181_,_2660_/ZN,88.92,63.0,False,171,0.9826199,0.5396169879999999,5.888184,6.8708039,EXTRACTED
_2182_,_2661_/ZN,90.63,72.8,False,164,0.154461,0.054969342,2.573608,2.728069,EXTRACTED
_2183_,_2662_/ZN,89.49,77.0,False,157,0.3730958,0.278417632,4.224953,4.5980488,EXTRACTED
_2184_,_2663_/ZN,88.54,82.6,False,148,1.20059124,1.464141689,5.888184,7.08877524,EXTRACTED
_2185_,_2664_/ZN,86.07,86.8,False,126,0.5193658999999999,0.9078526389999999,2.573608,3.0929739,EXTRACTED
_2186_,_2665_/ZN,80.18,91.0,False,124,1.737524,0.892204086,4.224953,5.962477,EXTRACTED
_2187_,_2666_/ZN,66.69,103.6,False,102,1.6610813000000002,1.5555865419999995,7.548097,9.209178300000001,EXTRACTED
_2188_,_2667_/ZN,43.32,106.4,False,98,0.48974,0.12983854,2.411453,2.9011929999999997,EXTRACTED
_2189_,_2668_/ZN,52.82,103.6,False,95,0.0518922,0.038629369999999996,2.411453,2.4633452,EXTRACTED
_2190_,_2669_/Z,50.16,105.0,False,24094,1.0685292,1.2343108440000001,4.946197,6.0147262,EXTRACTED
_2191_,_2670_/ZN,30.78,61.6,False,21395,7.1668995,8.894083109999993,13.033398,20.2002975,EXTRACTED
_2192_,_2671_/ZN,19.95,61.6,False,21395,6.60293587,7.478243768000001,8.057298,14.660233869999999,EXTRACTED
_2193_,_2672_/ZN,27.55,57.4,False,30627,6.497108299999999,10.068530518999998,15.050383,21.547491299999997,EXTRACTED
_2194_,_2673_/ZN,19.19,53.2,False,30627,4.8775742,4.885592529,6.379671999999999,11.257246199999999,EXTRACTED
_2195_,_2674_/ZN,24.7,56.0,False,31968,5.7913791,7.300661021999999,12.783915,18.5752941,EXTRACTED
_2196_,_2675_/ZN,25.27,54.6,False,31968,4.4227210999999995,4.917689087970001,8.09322,12.5159411,EXTRACTED
_2197_,_2676_/ZN,41.8,100.8,False,20722,0.0957902,0.057759040000000005,1.670716,1.7665062,EXTRACTED
_2198_,_2677_/ZN,43.32,102.2,False,27345,0.17310599999999998,0.11571176999999999,0.974659,1.1477650000000001,EXTRACTED
_2199_,_2678_/ZN,56.05,93.8,False,18602,0.5590261,0.8895218699999997,1.670716,2.2297421,EXTRACTED
_2200_,_2679_/ZN,44.27,70.0,False,28992,4.0101547,5.387863498000001,13.299787,17.3099417,EXTRACTED
_2201_,_2680_/ZN,41.61,68.6,False,28992,9.055357699999997,14.166476977090001,23.927325,32.9826827,EXTRACTED
_2202_,_2681_/ZN,43.89,85.4,False,16063,1.76518424,2.1958214189,10.997002,12.76218624,EXTRACTED
_2203_,_2682_/ZN,44.65,85.4,False,16063,3.2273890499999998,2.7845582030000005,12.060801,15.288190049999999,EXTRACTED
_2204_,_2683_/ZN,60.8,88.2,False,21313,0.860915,0.90420394749,5.545647,6.406562,EXTRACTED
_2205_,_2684_/ZN,35.34,70.0,False,12986,0.4540881,0.87036236449,5.072455,5.5265431,EXTRACTED
_2206_,_2685_/ZN,43.7,68.6,False,43373,0.06789379999999999,0.173257188,0.974659,1.0425528,EXTRACTED
_2207_,_2686_/ZN,81.13,93.8,False,43373,6.5652737100000005,6.481374382,9.330878,15.896151710000002,EXTRACTED
_2208_,_2687_/ZN,37.05,72.8,False,43756,0.439872,0.15757977,0.974659,1.414531,EXTRACTED
_2209_,_2688_/ZN,49.4,91.0,False,33795,0.41247,0.253069374,2.573608,2.986078,EXTRACTED
_2210_,_2689_/ZN,48.07,96.6,False,39960,1.2659874,1.4807845299999998,5.726997,6.9929844,EXTRACTED
_2211_,_2690_/ZN,58.33,100.8,False,38860,0.08538399999999999,0.10550276499999998,1.571893,1.657277,EXTRACTED
_2212_,_2691_/ZN,61.94,93.8,False,15843,0.43953200000000003,0.389578,1.670716,2.1102480000000003,EXTRACTED
_2213_,_2692_/Z,60.61,100.8,False,41385,0.4411157,0.70985197,4.9599590000000005,5.401074700000001,EXTRACTED
_2214_,_2693_/ZN,50.16,103.6,False,24164,0.6063864,0.41959852899999994,4.946197,5.5525834,EXTRACTED
_2215_,_2694_/ZN,49.78,102.2,False,27723,0.0828468,0.047137244,1.670716,1.7535628,EXTRACTED
_2216_,_2695_/ZN,49.59,100.8,False,32777,2.0896783,2.0666104389999997,8.519614,10.6092923,EXTRACTED
_2217_,_2696_/ZN,55.29,85.4,False,14619,1.7617306400000001,1.5927477909999999,10.633454,12.39518464,EXTRACTED
_2218_,_2697_/ZN,52.63,78.4,False,14619,2.5893676599999997,3.399249976,14.116218,16.70558566,EXTRACTED
_2219_,_2698_/ZN,58.33,93.8,False,18913,0.6869498,1.0271406010000002,2.545846,3.2327958,EXTRACTED
_2220_,_2699_/ZN,58.71,92.4,False,27490,0.12477119999999998,0.074353178,2.573608,2.6983792,EXTRACTED
_2221_,_2700_/ZN,59.28,93.8,False,41333,0.7453638,0.6957338154899999,2.606138,3.3515018000000003,EXTRACTED
_2222_,_2701_/ZN,61.37,99.4,False,12804,0.7841051600000001,0.9801573799999999,6.655594,7.43969916,EXTRACTED
_2223_,_2702_/ZN,64.6,100.8,False,12804,0.0503814,0.012349470000000001,1.626352,1.6767334,EXTRACTED
_2224_,_2703_/ZN,53.58,96.6,False,42594,1.27655612,1.5505946360000002,6.57943,7.855986120000001,EXTRACTED
_2225_,_2704_/ZN,52.82,75.6,False,11669,2.7171194400000003,3.032817179999999,15.063693,17.780812440000002,EXTRACTED
_2226_,_2705_/ZN,58.71,81.2,False,11669,1.6452007,1.7011117559999993,8.95877,10.6039707,EXTRACTED
_2227_,_2706_/ZN,65.55,98.0,False,24051,1.23617439,0.669382571,4.909155,6.145329390000001,EXTRACTED
_2228_,_2707_/ZN,58.9,100.8,False,7205,0.5997735,0.474121312,2.3786199999999997,2.9783934999999997,EXTRACTED
_2229_,_2708_/ZN,56.24,96.6,False,12737,0.5147180999999998,0.6741637070000001,2.4974819999999998,3.0122000999999994,EXTRACTED
_2230_,_2709_/ZN,54.91,91.0,False,13297,1.0622108,1.0726458200000002,2.562205,3.6244158,EXTRACTED
_2231_,_2710_/ZN,58.14,98.0,False,7353,0.67227068,0.5637778849999999,2.604421,3.27669168,EXTRACTED
_2232_,_2711_/ZN,57.0,98.0,False,23308,1.7753259100000003,1.653758514,5.921425,7.6967509100000004,EXTRACTED
_2233_,_2712_/ZN,53.01,102.2,False,23308,6.842046770000001,6.837296576599997,18.234984999999998,25.077031769999998,EXTRACTED
_2234_,_2713_/ZN,59.66,92.4,False,22025,0.060167200000000004,0.09544821000000002,2.573608,2.6337752,EXTRACTED
_2235_,_2714_/ZN,60.61,92.4,False,40066,1.10305807,1.095778476,2.545846,3.64890407,EXTRACTED
_2236_,_2715_/ZN,57.95,78.4,False,17043,2.19118,1.7859398610000001,2.606138,4.797318000000001,EXTRACTED
_2237_,_2716_/ZN,66.88,99.4,False,12090,0.35120562,0.17076411300000002,5.041989,5.39319462,EXTRACTED
_2238_,_2717_/ZN,66.88,100.8,False,12090,0.1255413,0.24666494800000002,3.3408230000000003,3.4663643000000004,EXTRACTED
_2239_,_2718_/ZN,69.73,103.6,False,40945,0.28049809000000003,0.533733875,3.347233,3.62773109,EXTRACTED
_2240_,_2719_/ZN,66.5,100.8,False,40945,0.2502397,0.449405548,5.0769660000000005,5.3272057,EXTRACTED
_2241_,_2720_/ZN,64.6,82.6,False,9879,3.1307095,2.4556314219999997,14.140184,17.2708935,EXTRACTED
_2242_,_2721_/ZN,61.18,84.0,False,9879,2.4816429799999997,2.3027107330000005,12.977172,15.45881498,EXTRACTED
_2243_,_2722_/ZN,78.47,91.0,False,24128,1.7773573500000002,1.8604106609999997,6.419347999999999,8.19670535,EXTRACTED
_2244_,_2723_/ZN,70.87,96.6,False,20809,0.18994619999999998,0.28936706,1.599032,1.7889782,EXTRACTED
_2245_,_2724_/ZN,72.39,96.6,False,13239,0.323878,0.38378114,1.664199,1.988077,EXTRACTED
_2246_,_2725_/ZN,70.11,99.4,False,25984,6.65716944,5.301538372,24.245809,30.902978440000002,EXTRACTED
_2247_,_2726_/ZN,78.09,78.4,False,18732,0.38985400000000003,0.17247106,2.573608,2.9634620000000003,EXTRACTED
_2248_,_2727_/ZN,79.42,82.6,False,40923,0.95490655,0.5753618320000001,5.143673,6.09857955,EXTRACTED
_2249_,_2728_/ZN,90.06,85.4,False,40923,0.30668999999999996,0.42149670800000005,1.714471,2.021161,EXTRACTED
_2250_,_2729_/ZN,82.65,86.8,False,14437,0.3001129,0.54783359,4.995773,5.2958859,EXTRACTED
_2251_,_2730_/ZN,72.77,91.0,False,2828,0.8381601,0.96531650997,4.841082,5.6792421,EXTRACTED
_2252_,_2731_/ZN,82.65,85.4,False,15725,0.1597102,0.20908105000000002,1.651345,1.8110552,EXTRACTED
_2253_,_2732_/ZN,79.8,86.8,False,41693,0.5493821999999999,0.7880041650000003,4.2454160000000005,4.794798200000001,EXTRACTED
_2254_,_2733_/ZN,84.74,84.0,False,11429,0.5798076,0.6788068179999999,5.967888,6.5476956,EXTRACTED
_2255_,_2734_/ZN,92.15,89.6,False,24056,1.7750428999999999,2.085922235,6.541372,8.3164149,EXTRACTED
_2256_,_2735_/ZN,75.43,91.0,False,23243,0.0874426,0.11449060000000001,1.670716,1.7581586,EXTRACTED
_2257_,_2736_/ZN,76.95,89.6,False,24092,0.7944310000000001,0.3831383769999999,2.662171,3.456602,EXTRACTED
_2258_,_2737_/ZN,58.33,92.4,False,24092,1.4224664,1.32775108009,3.356332,4.7787984,EXTRACTED
_2259_,_2738_/ZN,64.79,84.0,False,13131,2.1136506,1.4824566235999996,14.367388,16.4810386,EXTRACTED
_2260_,_2739_/ZN,62.7,84.0,False,13131,2.2260834999999997,2.490568505999999,9.894922000000001,12.1210055,EXTRACTED
_2261_,_2740_/ZN,81.51,75.6,False,15835,0.1667584,0.164256621,2.632616,2.7993744,EXTRACTED
_2262_,_2741_/ZN,80.56,77.0,False,21984,0.051044200000000005,0.008008689999999999,2.573608,2.6246522000000003,EXTRACTED
_2263_,_2742_/ZN,81.51,77.0,False,39681,0.0344452,0.01679533,1.70023,1.7346751999999999,EXTRACTED
_2264_,_2743_/ZN,82.65,77.0,False,39681,0.12143353,0.045577389,2.625975,2.74740853,EXTRACTED
_2265_,_2744_/ZN,83.03,77.0,False,10599,0.6967,0.49397346,4.273284,4.969984,EXTRACTED
_2266_,_2745_/ZN,83.03,75.6,False,41001,0.1607856,0.09137147000000001,3.277697,3.4384826,EXTRACTED
_2267_,_2746_/ZN,63.84,72.8,False,14263,3.08855487,2.7771333499999993,10.66586,13.75441487,EXTRACTED
_2268_,_2747_/ZN,64.6,78.4,False,14263,2.7545507999999996,2.8270186990000004,17.508403,20.262953800000002,EXTRACTED
_2269_,_2748_/ZN,89.3,81.2,False,24247,1.1501109999999999,1.0044899489999999,4.946292,6.096403,EXTRACTED
_2270_,_2749_/ZN,86.83,81.2,False,24247,0.9322942999999999,0.642724085,3.279521,4.2118153,EXTRACTED
_2271_,_2750_/ZN,77.52,88.2,False,22773,0.16257120000000003,0.086309281,1.670716,1.8332872,EXTRACTED
_2272_,_2751_/ZN,78.47,85.4,False,23346,0.074408,0.00826688,0.974659,1.049067,EXTRACTED
_2273_,_2752_/ZN,69.73,77.0,False,23346,0.9834854,0.4826122360000001,4.996272,5.9797574000000004,EXTRACTED
_2274_,_2753_/ZN,76.76,68.6,False,23097,0.490416,0.557673264,2.573608,3.0640240000000003,EXTRACTED
_2275_,_2754_/ZN,83.03,71.4,False,39722,0.6406099000000001,0.21724886000000002,2.545846,3.1864559000000003,EXTRACTED
_2276_,_2755_/ZN,70.3,75.6,False,16229,1.3914396999999998,0.41464458699999995,2.606138,3.9975777,EXTRACTED
net1,input1/Z,3.61,56.0,False,0,1.8716724,3.534539516,4.167572,6.039244399999999,EXTRACTED
net10,input10/Z,3.23,60.2,False,0,3.9169527,5.3192999209,3.4031029999999998,7.320055699999999,EXTRACTED
net11,input11/Z,72.96,112.0,False,0,5.665890599999999,2.9406769450000003,3.4031029999999998,9.068993599999999,EXTRACTED
net12,input12/Z,5.51,54.6,False,0,2.28016,1.8535748660000004,3.4264799999999997,5.70664,EXTRACTED
net13,input13/Z,2.47,70.0,False,0,3.8503065500000004,3.7058778190000004,3.297007,7.14731355,EXTRACTED
net14,input14/Z,6.65,77.0,False,0,4.1172863,4.321071814,3.297007,7.4142933,EXTRACTED
net15,input15/Z,7.03,71.4,False,0,4.107200300000001,2.3530914509999996,3.297007,7.4042073,EXTRACTED
net16,input16/Z,64.6,112.0,False,0,2.82377169,2.8222518420000005,3.297007,6.12077869,EXTRACTED
net17,input17/Z,65.74,112.0,False,0,3.3251526999999994,3.5484570950000003,3.297007,6.622159699999999,EXTRACTED
net18,input18/Z,61.56,106.4,False,0,3.2264486000000003,4.312054634,3.297007,6.5234556,EXTRACTED
net19,input19/Z,56.62,112.0,False,0,3.59644737,3.22044216,3.297007,6.89345437,EXTRACTED
net2,input2/Z,16.91,1.4,False,0,5.690837439999999,1.8728074660000003,3.4031029999999998,9.093940439999999,EXTRACTED
net20,input20/Z,42.18,112.0,False,0,2.6123621999999997,2.120705055,3.297007,5.9093691999999995,EXTRACTED
net21,input21/Z,7.22,79.8,False,0,3.0171976000000003,0.992190794,3.297007,6.3142046,EXTRACTED
net22,input22/Z,6.08,77.0,False,0,1.6006882999999998,1.7200742400000004,2.378862,3.9795502999999997,EXTRACTED
net225,place226/Z,74.86,54.6,False,5654,1.8274897,2.146525338,6.834998000000001,8.6624877,EXTRACTED
net226,place227/Z,36.86,99.4,False,26933,5.1008429799999995,6.537603592999999,18.175452,23.27629498,EXTRACTED
net227,place228/Z,43.7,105.0,False,27345,4.54042244,4.670873840999999,22.532248,27.07267044,EXTRACTED
net228,place229/Z,51.87,92.4,False,32777,3.1118577,3.88256818,16.466065999999998,19.5779237,EXTRACTED
net229,place230/Z,30.59,72.8,False,10466,9.33164674,10.798684629489996,23.039304,32.37095074,EXTRACTED
net23,input23/Z,2.09,50.4,False,0,1.8715667199999997,2.390380376000001,3.4264799999999997,5.298046719999999,EXTRACTED
net230,place231/Z,41.8,99.4,False,10466,9.313708589999997,11.853461230000002,26.879188,36.19289659,EXTRACTED
net231,place232/Z,28.12,75.6,False,1797,7.435015459999999,5.325448175999998,17.279478,24.71449346,EXTRACTED
net232,place233/Z,57.57,75.6,False,1797,8.136559129999998,8.427379660000001,23.039304,31.17586313,EXTRACTED
net233,place234/Z,55.67,82.6,False,224,9.183376050000001,6.507028963,17.787015,26.970391050000003,EXTRACTED
net234,place235/Z,46.55,74.2,False,224,8.9705505,11.778153221699997,13.08986,22.0604105,EXTRACTED
net235,place236/Z,41.61,36.4,False,4296,6.30655844,5.3679000800000045,14.521713,20.82827144,EXTRACTED
net236,place237/Z,36.1,60.2,False,19,13.07849464,14.492474706000003,29.347789,42.42628364,EXTRACTED
net237,place238/Z,37.24,75.6,False,367,8.42333907,12.369931801000002,14.30865,22.73198907,EXTRACTED
net238,place239/Z,46.93,67.2,False,367,8.91678358,11.811787765999997,19.592153,28.50893658,EXTRACTED
net239,place240/Z,32.87,46.2,False,5936,6.027245300000001,6.986816064700003,23.163279,29.1905243,EXTRACTED
net24,input24/Z,3.99,81.2,False,0,1.9078,2.052790522,1.697975,3.605775,EXTRACTED
net240,place241/Z,70.3,71.4,False,5936,7.7785788799999995,5.615056620000001,26.299106,34.07768488,EXTRACTED
net241,place242/Z,32.11,78.4,False,5936,10.4200985,11.952826103799996,17.966051,28.386149500000002,EXTRACTED
net242,place243/Z,60.99,23.8,False,2995,9.938885250000002,6.7235898979999975,13.938691,23.877576250000004,EXTRACTED
net243,place244/Z,53.58,61.6,False,2995,4.293445520000001,2.469786833,4.900785,9.194230520000001,EXTRACTED
net244,place245/Z,55.1,21.0,False,4384,10.05226069,9.023721366899997,12.821436,22.873696690000003,EXTRACTED
net245,place246/Z,56.05,67.2,False,27546,12.0386045,13.564002576570001,17.970006,30.008610500000003,EXTRACTED
net246,place247/Z,48.64,102.2,False,15,14.735981449999997,14.055447592999997,26.049847,40.78582845,EXTRACTED
net247,place248/Z,40.28,65.8,False,85,7.755844879999999,12.480721613999995,18.260238,26.01608288,EXTRACTED
net248,place249/Z,56.81,67.2,False,471,13.276960650000001,8.057466501000002,23.363823,36.64078365,EXTRACTED
net249,place250/Z,39.14,64.4,False,2840,8.725678279999999,10.249822034000005,18.568960999999998,27.29463928,EXTRACTED
net25,input25/Z,2.47,77.0,False,0,0.6128026,1.067937248,0.77983,1.3926326,EXTRACTED
net250,place251/Z,77.9,85.4,False,23346,4.78663055,5.6501636950000025,25.261702,30.048332549999998,EXTRACTED
net251,place252/Z,73.34,84.0,False,24092,4.59261132,4.294660563000001,20.852455,25.44506632,EXTRACTED
net252,place253/Z,31.92,77.0,False,4296,9.427931030000002,12.239510608000003,15.931082,25.35901303,EXTRACTED
net253,place254/Z,47.12,74.2,False,23369,7.599387100000001,8.377217636,9.715748999999999,17.3151361,EXTRACTED
net254,place255/Z,84.93,49.0,False,1300,13.431368979999998,12.067615192000005,19.611164,33.04253298,EXTRACTED
net255,place256/Z,36.86,53.2,False,1051,7.4992828,8.140910058000001,5.943029,13.442311799999999,EXTRACTED
net256,place257/Z,65.93,47.6,False,1442,11.062507079999998,9.627245781000001,14.48872,25.551227079999997,EXTRACTED
net257,place258/Z,64.03,64.4,False,22530,7.537977,8.837785808999998,18.830566,26.368543000000003,EXTRACTED
net258,place259/Z,79.8,50.4,False,24717,2.8028987,2.724191946000001,12.410623,15.2135217,EXTRACTED
net259,place260/Z,60.23,72.8,False,20270,5.079126340000001,5.442864140999998,27.448868,32.52799434,EXTRACTED
net26,input26/Z,4.18,47.6,False,0,2.29197994,3.0979786059999994,4.194531,6.48651094,EXTRACTED
net260,place261/Z,24.32,23.8,False,25833,7.18906689,7.812185886000001,18.0169,25.20596689,EXTRACTED
net261,place262/Z,35.53,58.8,False,1051,13.77240973,12.264846866000001,17.705161,31.47757073,EXTRACTED
net262,place263/Z,47.12,78.4,False,40517,7.84808181,7.640359094500001,16.187487,24.03556881,EXTRACTED
net263,place264/Z,28.12,36.4,False,28537,4.92811811,4.942951848970002,23.697329,28.62544711,EXTRACTED
net264,place265/Z,61.94,50.4,False,19531,7.59774851,7.712704581999998,16.241619,23.83936751,EXTRACTED
net265,place266/Z,74.1,67.2,False,37954,2.75995775,3.0438307359699994,14.818,17.57795775,EXTRACTED
net266,place267/Z,38.19,61.6,False,16008,9.975116490000001,15.628861325459999,28.485599999999998,38.460716489999996,EXTRACTED
net267,place268/Z,42.37,56.0,False,26855,9.6899801,12.574648761999997,22.745699,32.4356791,EXTRACTED
net268,place269/Z,49.59,75.6,False,17743,4.52864621,5.528635566,11.456764,15.98541021,EXTRACTED
net269,place270/Z,53.01,84.0,False,30415,6.975170049999999,8.881585864,12.913425,19.88859505,EXTRACTED
net27,input27/Z,7.22,39.2,False,0,1.1852661,1.5212660339999997,3.4264799999999997,4.6117460999999995,EXTRACTED
net270,place271/Z,40.66,63.0,False,13240,11.110384910000002,13.551812733000004,23.410283,34.52066791,EXTRACTED
net271,place272/Z,40.47,58.8,False,17624,9.365464670000001,11.120753978969995,25.271933,34.63739767,EXTRACTED
net272,place273/Z,29.64,64.4,False,14884,11.00566523,7.094383384600001,9.571135,20.57680023,EXTRACTED
net273,place274/Z,32.87,72.8,False,21295,9.096347399999999,10.372028897999998,12.870077,21.9664244,EXTRACTED
net274,place275/Z,76.0,53.2,False,26468,5.59137087,5.502726607970003,17.237894999999998,22.82926587,EXTRACTED
net275,place276/Z,61.94,54.6,False,34260,3.8361993400000003,3.727715445000002,21.415175,25.25137434,EXTRACTED
net276,place277/Z,65.36,43.4,False,35321,3.62783572,3.2778531620000004,20.220008,23.84784372,EXTRACTED
net277,place278/Z,49.02,75.6,False,43756,8.55101665,9.222072604000001,25.119237,33.67025365,EXTRACTED
net278,place279/Z,39.33,77.0,False,43756,8.71413452,10.724836448459998,23.975596999999997,32.689731519999995,EXTRACTED
net279,place280/Z,79.61,64.4,False,43373,10.348362790000001,10.441087857000005,41.134347,51.48270979,EXTRACTED
net28,input28/Z,5.32,37.8,False,0,1.0942075999999998,1.262195809,1.72625,2.8204576,EXTRACTED
net280,place281/Z,45.98,68.6,False,43373,7.049999499999999,7.511738975999998,19.108717,26.158716499999997,EXTRACTED
net281,place282/Z,68.59,70.0,False,28992,4.49164556,6.512844785999996,13.347347000000001,17.83899256,EXTRACTED
net282,place283/Z,55.29,71.4,False,28992,13.845572799999998,13.769876923299991,47.753190999999994,61.59876379999999,EXTRACTED
net283,place284/Z,46.55,46.2,False,48445,5.60920083,6.405073223299999,19.565342,25.17454283,EXTRACTED
net284,place285/Z,49.4,63.0,False,48445,6.083157610000001,8.94264857542,10.825775,16.90893261,EXTRACTED
net285,place286/Z,80.18,89.6,False,2665,5.50888722,4.020396762969999,30.719072,36.22795922,EXTRACTED
net286,place287/Z,34.77,70.0,False,19531,10.671335899999999,9.041266347290001,13.127158,23.798493899999997,EXTRACTED
net287,place288/Z,46.93,79.8,False,37954,3.3778684100000005,3.3604654370000016,29.863226,33.24109441,EXTRACTED
net288,place289/Z,71.06,30.8,False,37954,5.578147739999999,6.2525781480000004,33.503785,39.08193274,EXTRACTED
net289,place290/Z,50.16,77.0,False,39332,5.02545546,5.69322844141,10.675381,15.70083646,EXTRACTED
net29,input29/Z,4.94,35.0,False,0,1.9259278,3.783169588,3.4031029999999998,5.3290308,EXTRACTED
net290,place291/Z,31.54,71.4,False,30415,17.151917190000002,18.096627406600003,32.147996,49.29991319,EXTRACTED
net291,place292/Z,81.32,14.0,False,27630,5.7400381000000005,6.917807340000001,16.670567,22.410605099999998,EXTRACTED
net292,place293/Z,72.58,49.0,False,23845,4.55475176,4.403684343000004,19.228079,23.782830760000003,EXTRACTED
net293,place294/Z,83.03,37.8,False,26641,6.0425136,4.197250718,23.303997,29.3465106,EXTRACTED
net294,place295/Z,82.65,25.2,False,29808,5.19936081,4.757441189,18.483009,23.682369809999997,EXTRACTED
net295,place296/Z,63.65,12.6,False,26028,5.74168415,6.264395173400001,20.899314,26.64099815,EXTRACTED
net296,place297/Z,24.13,19.6,False,29014,4.45229475,3.9315288529100028,18.503686,22.95598075,EXTRACTED
net297,place298/Z,30.21,9.8,False,26503,4.25386933,4.2978902146,22.969677,27.22354633,EXTRACTED
net298,place299/Z,35.53,15.4,False,26399,4.212335059999999,5.053452530599999,18.228505,22.44084006,EXTRACTED
net299,place300/Z,65.74,5.6,False,26595,6.301683399999999,5.312786011899999,20.68226,26.983943399999998,EXTRACTED
net3,input3/Z,14.44,4.2,False,0,6.280590500000001,1.8007701760000001,2.6443950000000003,8.924985500000002,EXTRACTED
net30,input30/Z,3.04,33.6,False,0,1.4930868,1.428182274,4.055715,5.5488018,EXTRACTED
net300,place301/Z,25.27,68.6,False,25852,4.40067724,5.115314477600001,26.512158,30.91283524,EXTRACTED
net301,place302/Z,9.88,29.4,False,46766,5.93604368,5.112001131000001,12.118847,18.05489068,EXTRACTED
net302,place303/Z,4.37,51.8,False,46054,6.7420032,6.3691754450000015,16.654884,23.3968872,EXTRACTED
net303,place304/Z,28.31,71.4,False,20587,4.0883765,3.4620205279000005,31.02272,35.1110965,EXTRACTED
net304,place305/Z,29.26,82.6,False,27552,1.3782579000000001,1.6852096719999994,9.837191,11.2154489,EXTRACTED
net305,place306/Z,30.78,84.0,False,20099,1.4673132,1.356293528,12.412173,13.879486199999999,EXTRACTED
net306,place307/Z,36.67,68.6,False,45611,8.13723108,10.757930568499997,25.98911,34.12634108,EXTRACTED
net307,place308/Z,31.16,72.8,False,45611,4.453695009999999,4.224225945000002,20.703989,25.157684009999997,EXTRACTED
net308,place309/Z,11.59,61.6,False,44942,5.989708869999999,7.34126708,11.615357,17.605065869999997,EXTRACTED
net309,place310/Z,22.04,35.0,False,47020,5.97033247,4.431098893999999,15.932802,21.90313447,EXTRACTED
net31,input31/Z,12.16,35.0,False,0,0.7577442,1.016615484,2.456683,3.2144272,EXTRACTED
net310,place311/Z,10.26,30.8,False,46638,6.18241627,5.491131481969999,15.923204,22.10562027,EXTRACTED
net311,place312/Z,31.73,67.2,False,45729,3.6572185999999998,2.0328582838999996,16.83381,20.4910286,EXTRACTED
net312,place313/Z,26.79,82.6,False,45729,4.13741062,4.023548598000001,21.620324,25.75773462,EXTRACTED
net313,place314/Z,36.1,53.2,False,31968,15.683427870000001,18.948546083999986,31.377729,47.06115687,EXTRACTED
net314,place315/Z,39.52,54.6,False,30627,15.56021487,16.025352266900004,30.50311,46.06332487,EXTRACTED
net315,place316/Z,34.58,68.6,False,21395,6.275631070000001,6.533968894000003,16.910532,23.18616307,EXTRACTED
net316,place317/Z,28.5,39.2,False,21395,6.772016969999999,7.257554560000001,16.879468,23.65148497,EXTRACTED
net317,place318/Z,60.42,50.4,False,21820,11.563311050000003,11.300529256490004,22.216128,33.77943905000001,EXTRACTED
net318,place319/Z,28.12,60.2,False,21820,8.274906300000001,13.850475843000002,10.61682,18.891726300000002,EXTRACTED
net319,place320/Z,12.16,33.6,False,38930,6.59007969,4.337513446,16.119331,22.70941069,EXTRACTED
net32,input32/Z,18.62,1.4,False,0,3.21603287,3.5817849799999997,3.4031029999999998,6.619135869999999,EXTRACTED
net320,place321/Z,10.07,33.6,False,38211,4.0812233,4.087442619000002,14.660484,18.7417073,EXTRACTED
net321,place322/Z,12.16,42.0,False,46260,7.57376644,6.538442756000001,16.906646000000002,24.480412440000002,EXTRACTED
net322,place323/Z,29.83,63.0,False,20639,8.152675850000001,8.574352919999994,37.988396,46.14107185,EXTRACTED
net323,place324/Z,36.67,50.4,False,20639,8.603251579999998,9.374723523,26.891798,35.49504958,EXTRACTED
net324,place325/Z,17.1,58.8,False,18084,1.22440722,0.9761904509999998,11.908099,13.13250622,EXTRACTED
net325,place326/Z,9.69,77.0,False,26071,5.16036674,4.705053322300001,22.354577,27.51494374,EXTRACTED
net326,place327/Z,12.16,75.6,False,2596,4.6767349099999995,3.915513648999999,18.220447,22.89718191,EXTRACTED
net327,place328/Z,4.18,44.8,False,15064,2.41673695,3.005966358,8.466691,10.883427950000002,EXTRACTED
net328,place329/Z,9.31,14.0,True,26613,7.25837947,8.398620407000003,26.409359,33.667738469999996,EXTRACTED
net329,place330/Z,22.61,72.8,True,26613,11.378640299999997,9.323212899999998,33.65787,45.0365103,EXTRACTED
net33,input33/Z,102.6,112.0,False,0,9.91872425,3.3381799671000003,8.381472,18.30019625,EXTRACTED
net330,place331/Z,76.38,98.0,True,26613,6.9434805,4.84522402759,21.510901999999998,28.454382499999998,EXTRACTED
net331,place332/Z,29.07,56.0,True,26613,3.7069056899999997,3.4444966230000005,17.269064,20.97596969,EXTRACTED
net332,place333/Z,31.16,60.2,True,26613,3.6101004300000006,4.5686380506000015,16.800899,20.41099943,EXTRACTED
net333,place334/Z,13.68,72.8,True,23975,4.4837219,3.4332045884900007,23.840581,28.3243029,EXTRACTED
net334,place335/Z,18.62,81.2,False,0,6.45797452,3.7875050839999997,56.69727,63.155244520000004,EXTRACTED
net335,place336/Z,19.57,84.0,False,0,5.294462020000002,4.285735043489999,35.908271,41.202733020000004,EXTRACTED
net336,place337/Z,24.7,33.6,False,0,5.84226883,5.480124265000001,34.018362,39.860630830000005,EXTRACTED
net337,place338/Z,23.75,54.6,False,0,9.93168758,8.135547568999996,59.561838,69.49352558,EXTRACTED
net338,place339/Z,41.04,102.2,False,0,9.235667780000002,8.766866556000004,53.781411,63.01707878,EXTRACTED
net339,place340/Z,75.62,99.4,False,0,12.038813399999997,11.165450944489997,54.696661,66.7354744,EXTRACTED
net34,input34/Z,54.53,2.8,True,26662,0.67553379,1.04879965,0.77983,1.45536379,EXTRACTED
net340,place341/Z,62.7,9.8,False,0,4.5447687199999995,5.074668895000001,37.79818,42.34294872,EXTRACTED
net341,place342/Z,97.85,61.6,False,0,13.91315697,10.824917766,89.800382,103.71353897,EXTRACTED
net342,hold343/Z,55.1,2.8,True,26662,0.1360336,0.013907484999999999,0.77983,0.9158636,EXTRACTED
net343,hold344/Z,38.76,2.8,True,26662,0.641953,1.50841595,0.918794,1.560747,EXTRACTED
net344,hold345/Z,2.85,78.4,False,0,0.206624,0.2197561,0.974659,1.181283,EXTRACTED
net345,hold346/Z,14.25,71.4,False,0,1.151465,0.5115130790000001,1.695263,2.8467279999999997,EXTRACTED
net346,hold347/Z,23.56,61.6,False,17903,0.01742614,0.0,1.70023,1.7176561399999999,EXTRACTED
net347,hold348/Z,2.85,37.8,False,0,0.1085684,0.1913048,0.974659,1.0832274,EXTRACTED
net348,hold349/Z,11.4,39.2,False,0,0.319868,0.47100259999999994,0.94642,1.266288,EXTRACTED
net349,hold350/Z,16.15,37.8,False,20348,0.16688999999999998,0.16929390000000002,1.119679,1.286569,EXTRACTED
net35,U_SCAN_0000/Q,48.07,2.8,True,26794,1.0987062,1.2035476240000003,3.477463,4.576169200000001,EXTRACTED
net350,hold351/Z,6.08,33.6,False,0,0.3938218,0.5560112100000001,0.974659,1.3684808,EXTRACTED
net351,hold352/Z,8.17,36.4,False,0,0.33277399999999996,0.16837099,1.689746,2.02252,EXTRACTED
net352,hold353/Z,6.27,40.6,False,19881,0.1326108,0.07183844,1.670716,1.8033268,EXTRACTED
net353,hold354/Z,3.8,42.0,False,0,0.246962,0.31779470600000004,0.974659,1.221621,EXTRACTED
net354,hold355/Z,11.21,40.6,False,0,0.378626,0.411435506,1.689746,2.068372,EXTRACTED
net355,hold356/Z,14.44,40.6,False,18845,0.097574,0.180604685,1.664199,1.761773,EXTRACTED
net356,hold357/Z,2.85,56.0,False,0,0.1690662,0.19263207999999998,0.974659,1.1437252,EXTRACTED
net357,hold358/Z,12.54,53.2,False,0,0.378038,0.16573161999999997,1.706745,2.084783,EXTRACTED
net358,hold359/Z,18.24,53.2,False,17281,0.1025804,0.015370785000000001,1.70023,1.8028103999999998,EXTRACTED
net359,hold360/Z,1.71,33.6,False,0,0.0727304,0.0,0.974659,1.0473894000000001,EXTRACTED
net36,U_SCAN_0001/Q,49.78,4.2,True,26797,0.9424052,1.0780870309999997,3.525704,4.468109200000001,EXTRACTED
net360,hold361/Z,6.65,33.6,False,0,0.1449682,0.12801018,1.706745,1.8517131999999998,EXTRACTED
net361,hold362/Z,10.07,35.0,False,19708,0.1739518,0.15359810000000002,1.70023,1.8741818,EXTRACTED
net362,hold363/Z,2.28,36.4,False,0,0.21905000000000002,0.13102454,0.974659,1.1937090000000001,EXTRACTED
net363,hold364/Z,6.46,36.4,False,0,0.1002116,0.370441984,1.695263,1.7954746,EXTRACTED
net364,hold365/Z,9.69,37.8,False,19765,0.06432460000000001,0.05338955000000001,1.70023,1.7645545999999999,EXTRACTED
net365,hold366/Z,3.8,79.8,False,0,0.173063,0.0572003,0.974659,1.1477220000000001,EXTRACTED
net366,hold367/Z,11.59,71.4,False,0,0.7022060000000001,0.6836767170000002,1.695263,2.397469,EXTRACTED
net367,hold368/Z,18.62,61.6,False,22977,0.21778999999999998,0.26452424,1.70023,1.9180199999999998,EXTRACTED
net368,hold369/Z,2.28,49.0,False,0,0.1744444,0.05001871100000001,0.974659,1.1491034,EXTRACTED
net369,hold370/Z,11.4,47.6,False,0,0.41437199999999996,0.60106618,1.695263,2.109635,EXTRACTED
net37,U_SCAN_0002/Q,66.31,5.6,True,26817,1.2449031,0.39570377199999995,3.525704,4.7706071,EXTRACTED
net370,hold371/Z,18.43,46.2,False,19378,0.1650924,0.12482025,1.70023,1.8653224,EXTRACTED
net371,hold372/Z,1.33,71.4,False,0,0.1327324,0.015831400000000002,0.974659,1.1073914,EXTRACTED
net372,hold373/Z,7.98,70.0,False,0,0.436332,0.44415175,1.695263,2.131595,EXTRACTED
net373,hold374/Z,14.63,70.0,False,12965,0.1352898,0.13135650399999999,1.70023,1.8355198,EXTRACTED
net374,hold375/Z,60.8,112.0,False,0,0.361742,0.09797767,0.974659,1.336401,EXTRACTED
net375,hold376/Z,41.8,93.8,False,0,2.4703758000000002,1.43153625197,1.706745,4.1771208,EXTRACTED
net376,hold377/Z,6.65,39.2,False,0,0.439394,0.4571878199999999,0.974659,1.414053,EXTRACTED
net377,hold378/Z,11.59,49.0,False,0,0.9982049999999999,0.5247234700000001,1.706745,2.7049499999999997,EXTRACTED
net378,hold379/Z,1.33,77.0,False,0,0.0556296,0.0,0.974659,1.0302886,EXTRACTED
net379,hold380/Z,15.96,77.0,False,0,0.734582,0.8519597649999999,3.2992619999999997,4.033843999999999,EXTRACTED
net38,U_SCAN_0003/Q,71.44,7.0,True,26766,0.5610147,0.7089536799999999,3.570306,4.1313207,EXTRACTED
net380,hold381/Z,26.98,64.4,False,0,1.136882,0.42250862599999994,1.66205,2.7989319999999998,EXTRACTED
net381,hold382/Z,1.71,61.6,False,0,0.1547272,0.052072589999999995,0.974659,1.1293862000000001,EXTRACTED
net382,hold383/Z,2.85,67.2,False,0,0.6071755999999999,0.21126957000000002,1.706745,2.3139206,EXTRACTED
net383,hold384/Z,46.36,112.0,False,0,0.237024,0.2872048,0.974659,1.211683,EXTRACTED
net384,hold385/Z,35.34,89.6,False,0,1.5766845,3.075787163,0.94642,2.5231045,EXTRACTED
net385,hold386/Z,2.09,82.6,False,0,0.19384980000000002,0.0,0.974659,1.1685088000000001,EXTRACTED
net386,hold387/Z,11.97,72.8,False,0,3.1181650000000003,1.120668115,3.2887779999999998,6.406943,EXTRACTED
net387,hold388/Z,69.16,112.0,False,0,0.31956999999999997,0.11646635,0.974659,1.294229,EXTRACTED
net388,hold389/Z,46.36,96.6,False,0,2.6143159999999996,1.6477595699999998,1.689746,4.304062,EXTRACTED
net389,hold390/Z,1.33,46.2,False,0,0.0846284,0.0169881,0.974659,1.0592874,EXTRACTED
net39,U_SCAN_0004/Q,79.23,5.6,True,26937,1.1993435700000001,0.3609392,3.525704,4.72504757,EXTRACTED
net390,hold391/Z,2.28,56.0,False,0,0.7096777000000001,0.3423738,1.58162,2.2912977000000003,EXTRACTED
net391,hold392/Z,1.9,58.8,False,0,0.24416599999999997,0.10160370099999999,0.974659,1.218825,EXTRACTED
net392,hold393/Z,12.73,54.6,False,0,0.42371559999999997,0.7582685189999999,0.94642,1.3701356,EXTRACTED
net393,hold394/Z,3.42,78.4,False,0,0.248086,0.05253873,0.974659,1.222745,EXTRACTED
net394,hold395/Z,7.79,74.2,False,0,0.1946018,0.15884093999999999,1.689746,1.8843478,EXTRACTED
net395,hold396/Z,3.61,77.0,False,0,0.493554,0.323883455,0.974659,1.468213,EXTRACTED
net396,hold397/Z,8.93,70.0,False,0,0.250732,0.078940219,1.706745,1.957477,EXTRACTED
net397,hold398/Z,56.05,112.0,False,0,0.01742614,0.0,0.974659,0.99208514,EXTRACTED
net398,hold399/Z,36.67,92.4,False,0,2.800388,1.2251057540000003,1.689746,4.490133999999999,EXTRACTED
net399,hold400/Z,1.33,54.6,False,0,0.0652804,0.0341146,0.974659,1.0399394,EXTRACTED
net4,input4/Z,11.21,1.4,False,0,5.9038854,3.821604494400001,3.4031029999999998,9.3069884,EXTRACTED
net40,U_SCAN_0005/Q,82.08,8.4,True,26943,1.6699978,0.848625623,3.480168,5.1501658,EXTRACTED
net400,hold401/Z,3.99,63.0,False,0,0.831226,0.7079876770000001,1.689746,2.520972,EXTRACTED
net401,hold402/Z,104.12,112.0,False,0,0.1242666,0.007146540000000001,1.421162,1.5454286000000002,EXTRACTED
net402,hold403/Z,93.86,112.0,False,0,12.256572520000002,5.9861246549999985,47.247725,59.50429752000001,EXTRACTED
net403,hold404/Z,1.52,42.0,False,0,0.395464,0.1238153,0.974659,1.370123,EXTRACTED
net404,hold405/Z,5.51,49.0,False,0,0.66455,0.53560831,1.689746,2.3542959999999997,EXTRACTED
net405,hold406/Z,66.31,112.0,False,0,0.09466060000000001,0.0,0.974659,1.0693196,EXTRACTED
net406,hold407/Z,44.08,96.6,False,0,2.9972709999999996,1.04178235,1.689746,4.687016999999999,EXTRACTED
net407,hold408/Z,19.95,1.4,False,0,0.0843308,0.14995410199999998,0.974659,1.0589898,EXTRACTED
net408,hold409/Z,15.96,16.8,False,0,1.400412,1.0309934570000001,0.94642,2.346832,EXTRACTED
net409,hold410/Z,11.78,1.4,False,0,0.0822056,0.013440052000000001,0.974659,1.0568646000000002,EXTRACTED
net41,U_SCAN_0006/Q,86.83,30.8,True,26993,2.2412873,1.496206858,3.52175,5.763037300000001,EXTRACTED
net410,hold411/Z,8.17,25.2,False,0,1.6080017999999998,0.8541896650000002,1.706745,3.3147468,EXTRACTED
net411,hold412/Z,18.05,2.8,False,0,0.07333139999999999,0.04130694,0.974659,1.0479904,EXTRACTED
net412,hold413/Z,15.58,18.2,False,0,1.0925382,0.908120062,0.94642,2.0389581999999997,EXTRACTED
net413,hold414/Z,17.48,1.4,False,0,0.0674458,0.07398702800000001,0.974659,1.0421048000000002,EXTRACTED
net414,hold415/Z,19.57,18.2,False,0,1.2121582,0.99036372,0.94642,2.1585782,EXTRACTED
net415,hold416/Z,14.63,2.8,False,0,0.11034179999999999,0.0,0.974659,1.0850008,EXTRACTED
net416,hold417/Z,12.73,28.0,False,0,1.5955319000000001,0.90626922,1.689746,3.2852779,EXTRACTED
net417,hold418/Z,70.49,112.0,False,0,0.1415524,0.0,0.974659,1.1162114,EXTRACTED
net418,hold419/Z,54.34,91.0,False,0,2.1999848,2.1265443,0.94642,3.1464048,EXTRACTED
net419,hold420/Z,1.33,53.2,False,0,0.155666,0.048655000000000004,0.974659,1.130325,EXTRACTED
net42,U_SCAN_0007/Q,96.14,46.2,True,26889,1.4508418,0.7319891319999999,3.480168,4.9310098,EXTRACTED
net420,hold421/Z,11.4,50.4,False,0,0.5864733,0.69096191,0.94642,1.5328933,EXTRACTED
net421,hold422/Z,54.15,1.4,True,26662,0.1015658,0.08040095200000001,0.77983,0.8813958000000001,EXTRACTED
net422,hold423/Z,54.72,1.4,True,26662,0.140088,0.10043863,0.974659,1.114747,EXTRACTED
net423,hold424/Z,55.29,1.4,True,26662,0.0396624,0.21213300000000002,0.77983,0.8194924,EXTRACTED
net424,hold425/Z,3.23,42.0,False,0,0.30953200000000003,0.1700753224,0.77983,1.089362,EXTRACTED
net43,U_SCAN_0008/Q,94.24,50.4,True,26979,1.07612416,0.49724656700000003,3.480168,4.55629216,EXTRACTED
net44,U_SCAN_0009/Q,99.94,56.0,True,26915,0.5487565499999999,0.8618593139999999,3.480168,4.02892455,EXTRACTED
net45,U_SCAN_0010/Q,90.82,58.8,True,26984,8.3067808,3.75117344,3.52175,11.8285308,EXTRACTED
net46,U_SCAN_0011/Q,8.17,53.2,True,26215,2.3365155,2.0194349,3.472583,5.8090985,EXTRACTED
net47,U_SCAN_0012/Q,4.18,46.2,True,26671,1.6699986,1.2943892039999998,3.472583,5.1425816,EXTRACTED
net48,U_SCAN_0013/Q,5.7,35.0,True,26653,0.9292261000000002,0.951339226,3.477463,4.4066891,EXTRACTED
net49,U_SCAN_0014/Q,7.98,32.2,True,26695,1.0039129,0.630217578,3.525704,4.529616900000001,EXTRACTED
net5,input5/Z,18.05,4.2,False,0,5.1655923,1.6817141370000002,2.6443950000000003,7.8099873,EXTRACTED
net50,U_SCAN_0015/Q,14.06,32.2,True,26722,1.7630090000000003,1.0869510774000002,3.477463,5.2404720000000005,EXTRACTED
net51,U_SCAN_0016/Q,19.76,22.4,True,26728,2.00975567,0.36979297599999994,3.472583,5.482338670000001,EXTRACTED
net52,U_SCAN_0017/Q,13.49,12.6,True,26770,1.291358,0.7804497400000002,3.472583,4.763941,EXTRACTED
net53,U_SCAN_0018/Q,18.81,2.8,True,26637,0.9736424300000001,0.43972447499999995,3.525704,4.49934643,EXTRACTED
net54,U_SCAN_0019/Q,28.31,1.4,True,26622,0.809402,1.188420002,3.480168,4.289569999999999,EXTRACTED
net55,U_SCAN_0021/Q,95.76,54.6,True,27001,3.0337447,0.493841462,2.839873,5.8736177000000005,EXTRACTED
net56,U_SCAN_0022/Q,99.75,30.8,True,26944,0.7431729,1.0830373400000002,2.839873,3.5830459,EXTRACTED
net57,U_SCAN_0023/Q,97.85,32.2,True,26937,0.6720058,0.47876538600000007,2.839873,3.5118788,EXTRACTED
net58,U_SCAN_0024/Q,95.76,33.6,True,26935,0.913068,1.0735893970000001,2.839873,3.752941,EXTRACTED
net59,U_SCAN_0025/Q,98.23,37.8,True,26931,0.4726719,0.38491308,2.839873,3.3125449,EXTRACTED
net6,input6/Z,12.92,36.4,False,0,3.2526862,7.430905515,3.4031029999999998,6.655789199999999,EXTRACTED
net60,U_SCAN_0026/Q,99.37,43.4,True,26899,0.85971597,0.8355829779999999,2.839873,3.6995889699999998,EXTRACTED
net61,U_SCAN_0027/Q,95.38,39.2,True,26924,0.9223621000000001,0.88815233,2.839873,3.7622351,EXTRACTED
net62,U_SCAN_0028/Q,103.74,47.6,True,26892,1.2656271,0.7291958000000001,2.839873,4.1055000999999995,EXTRACTED
net63,U_SCAN_0029/Q,100.13,44.8,True,26893,0.6436282,0.40267252800000003,2.839873,3.4835012,EXTRACTED
net64,U_SCAN_0030/Q,99.56,57.4,True,26943,0.4951082,0.427335674,2.839873,3.3349811999999996,EXTRACTED
net65,U_SCAN_0031/Q,99.18,61.6,True,26940,1.1814397399999998,0.7516868280000001,2.839873,4.02131274,EXTRACTED
net66,U_SCAN_0032/Q,100.7,58.8,True,26945,0.5328834,0.315062977,2.839873,3.3727564,EXTRACTED
net67,U_SCAN_0033/Q,103.74,64.4,True,26952,3.61304387,3.8693704249999996,2.839873,6.452916869999999,EXTRACTED
net68,U_SCAN_0034/Q,97.09,84.0,True,24058,0.482595,0.31821902999999996,2.839873,3.3224679999999998,EXTRACTED
net69,U_SCAN_0035/Q,90.25,93.8,True,24037,1.7832314,0.606294074,2.839873,4.6231044,EXTRACTED
net7,input7/Z,2.85,36.4,False,0,4.7514476000000005,2.6607247380000003,4.055715,8.807162600000002,EXTRACTED
net70,U_SCAN_0036/Q,84.36,89.6,True,24062,2.9420930000000003,0.32791032999999997,2.839873,5.781966000000001,EXTRACTED
net71,U_SCAN_0037/Q,80.37,109.2,True,24023,0.8441468999999999,0.1407507,2.839873,3.6840199,EXTRACTED
net72,U_SCAN_0038/Q,74.29,107.8,True,24020,0.7811519699999999,0.23612334000000001,2.839873,3.6210249699999997,EXTRACTED
net73,U_SCAN_0039/Q,56.05,106.4,True,24086,0.5841978999999999,0.52130662,2.839873,3.4240709,EXTRACTED
net74,U_SCAN_0040/Q,58.9,110.6,True,24077,0.6830619,0.433274845,2.839873,3.5229349,EXTRACTED
net75,U_SCAN_0041/Q,47.88,109.2,True,24014,1.1604727,2.54734969,2.839873,4.0003457,EXTRACTED
net76,U_SCAN_0042/Q,42.94,109.2,True,24018,0.7019272999999999,0.4837642820000001,2.839873,3.5418003,EXTRACTED
net77,U_SCAN_0043/Q,38.57,109.2,True,24025,0.6716344000000001,0.32179809000000004,2.839873,3.5115074,EXTRACTED
net78,U_SCAN_0044/Q,33.44,100.8,True,25409,1.1215687399999998,0.567616312,2.839873,3.9614417399999997,EXTRACTED
net79,U_SCAN_0045/Q,31.92,106.4,True,24027,1.0377169,0.17117386899999998,2.839873,3.8775899,EXTRACTED
net8,input8/Z,1.33,44.8,False,0,6.558953600000001,1.1278645176,3.4031029999999998,9.9620566,EXTRACTED
net80,U_SCAN_0046/Q,24.32,81.2,True,25442,2.1680211000000003,2.394409302,2.839873,5.0078941,EXTRACTED
net81,U_SCAN_0047/Q,23.18,67.2,True,23904,3.4344791,1.8725640360000002,2.839873,6.2743521,EXTRACTED
net82,U_SCAN_0048/Q,22.42,4.2,True,26611,0.62213984,0.513577109,2.839873,3.46201284,EXTRACTED
net83,U_SCAN_0049/Q,26.79,4.2,True,26603,0.6250633,0.259757256,2.839873,3.4649362999999997,EXTRACTED
net84,U_SCAN_0050/Q,24.7,2.8,True,26615,0.47647310000000004,0.48388958000000004,2.839873,3.3163461,EXTRACTED
net85,U_SCAN_0051/Q,20.33,12.6,True,26754,1.4779667,1.1945733139999999,2.839873,4.3178397,EXTRACTED
net86,U_SCAN_0052/Q,22.42,9.8,True,26756,6.891707899999999,2.1741065960000006,2.839873,9.731580899999999,EXTRACTED
net87,U_SCAN_0117/Q,5.7,44.8,True,26662,0.6057481,0.459365471,1.893453,2.4992011,EXTRACTED
net88,U_SCAN_0244/Q,16.91,103.6,True,24355,1.1454984,0.00685398,1.893453,3.0389514,EXTRACTED
net9,input9/Z,1.9,53.2,False,0,3.6588639999999995,4.617274769000001,4.055715,7.714579,EXTRACTED
phase0c_scan_in_1,PORT/test_si_1,114.52,76.51,True,26192,12.279062,0.1803297,0.918794,13.197856,EXTRACTED
test_se,PORT/test_se,105.375,114.52,False,0,0.21682,0.0,0.77983,0.99665,EXTRACTED
test_si,PORT/test_si,56.095,0.07,True,26662,0.20613,0.010950946999999999,0.77983,0.9859600000000001,EXTRACTED
test_so,output89/Z,24.13,112.0,True,26947,5.953140599999999,0.24203508,0,5.953140599999999,EXTRACTED
