net,source,x_um,y_um,scope_scan_data,transitions,ground_ff,incident_coupling_ff,pin_ff,ground_pin_ff,cap_status
FE_OFN18_n852gat,FE_OFC18_n852gat/ZN,73.15,63.0,False,20,0.116931,0.007988209999999999,1.70023,1.8171609999999998,EXTRACTED
FE_OFN20_n852gat,FE_OFC20_n852gat/ZN,72.77,64.4,False,20,0.381812,0.55627315,1.70023,2.082042,EXTRACTED
FE_OFN2_n851gat,FE_OFC2_n851gat/ZN,72.58,58.8,False,17,0.887822,1.0780116800000004,1.70023,2.588052,EXTRACTED
FE_OFN33_n851gat,FE_OFC33_n851gat/ZN,72.01,61.6,False,17,0.1131006,0.12647478,1.70023,1.8133306,EXTRACTED
FE_OFN35_n851gat,FE_OFC35_n851gat/ZN,72.2,58.8,False,17,2.23207477,1.7279538570000001,15.177735,17.40980977,EXTRACTED
FE_OFN36_n852gat,FE_OFC36_n852gat/ZN,68.02,67.2,False,20,0.1668868,0.184340238,1.70023,1.8671167999999998,EXTRACTED
FE_OFN38_n852gat,FE_OFC38_n852gat/ZN,70.11,65.8,False,20,0.1263938,0.07429181,1.70023,1.8266238,EXTRACTED
FE_OFN47_n852gat,FE_OFC47_n852gat/ZN,71.25,64.4,False,20,0.7466922,0.41774127,1.70023,2.4469222,EXTRACTED
FE_OFN49_n852gat,FE_OFC49_n852gat/ZN,62.7,60.2,False,20,0.521678,0.7099128400000001,1.70023,2.221908,EXTRACTED
FE_OFN4_n851gat,FE_OFC4_n851gat/ZN,64.98,67.2,False,17,0.6171827999999999,0.6718847200000001,1.70023,2.3174127999999996,EXTRACTED
FE_OFN50_n852gat,FE_OFC50_n852gat/ZN,69.73,64.4,False,20,0.1236048,0.023404618000000002,3.40046,3.5240647999999997,EXTRACTED
FE_OFN51_n852gat,FE_OFC51_n852gat/ZN,69.92,63.0,False,20,1.1239529,1.2298785099999998,8.382977,9.5069299,EXTRACTED
FE_OFN52_n852gat,FE_OFC52_n852gat/ZN,70.11,64.4,False,20,0.84546789,0.6583428910000001,6.731632,7.57709989,EXTRACTED
I11,U_I11/ZN,81.89,21.0,False,0,6.075757810000001,4.936227307000001,28.658730000000002,34.734487810000005,EXTRACTED
I1277,U_I1277/ZN,65.74,9.8,False,0,0.8690867,0.6706718660000001,0.921561,1.7906477,EXTRACTED
I1278,U_I1278/ZN,59.47,18.2,False,1137,0.78005038,0.5183695639999999,5.143413000000001,5.923463380000001,EXTRACTED
I1515,U_I1515/ZN,71.06,33.6,False,2542,0.2074,0.23413640700000002,0.921561,1.1289609999999999,EXTRACTED
I1516,U_I1516/ZN,72.96,30.8,False,946,2.9150701,2.37529403,0.946814,3.8618841,EXTRACTED
I1584,U_I1584/ZN,33.06,43.4,False,2147,0.034632199999999995,0.06309823,0.921561,0.9561932,EXTRACTED
I1585,U_I1585/ZN,34.2,43.4,False,1361,0.1304096,0.127867611,1.70023,1.8306395999999998,EXTRACTED
I1655,U_I1655/ZN,19.95,58.8,True,4567,0.475616,0.44358490999999994,0.946814,1.42243,EXTRACTED
I1723,U_I1723/ZN,33.63,42.0,False,3968,0.069104,0.1021638,0.921561,0.9906649999999999,EXTRACTED
I1724,U_I1724/ZN,32.49,42.0,False,197,0.09922399999999999,0.11509103,1.70023,1.7994539999999999,EXTRACTED
I1733,U_I1733/ZN,24.7,47.6,False,813,0.5197160000000001,0.414353451,0.921561,1.441277,EXTRACTED
I1734,U_I1734/ZN,33.25,46.2,False,23,0.1664704,0.0797485,1.70023,1.8667003999999998,EXTRACTED
I2040,U_I2040/ZN,65.36,67.2,True,4599,0.968063,0.7678837700000002,3.327684,4.295747,EXTRACTED
I2044,U_I2044/ZN,60.23,60.2,True,4584,0.6427809,0.897815232,3.232596,3.8753769,EXTRACTED
I2049,U_I2049/ZN,56.24,57.4,True,4640,0.89937177,0.7398436330000001,3.527142,4.42651377,EXTRACTED
I2153,U_I2153/ZN,60.04,65.8,True,4667,0.44980231,0.40729904,3.327684,3.77748631,EXTRACTED
I2157,U_I2157/ZN,58.9,65.8,True,4699,0.2549843,0.35751518,3.232596,3.4875803,EXTRACTED
I2162,U_I2162/ZN,61.18,65.8,True,4549,0.17858490000000002,0.20001368999999997,3.527142,3.7057269,EXTRACTED
I23,U_I23/ZN,76.57,30.8,False,0,2.7320127999999997,2.4919007789,5.080287,7.8122998,EXTRACTED
I2672,U_I2672/ZN,10.64,28.0,True,4524,1.9239145,1.5842371130000001,8.217189,10.1411035,EXTRACTED
I2684,U_I2684/ZN,9.5,26.6,True,4523,1.04268169,1.5903412620000001,9.71805,10.76073169,EXTRACTED
I2696,U_I2696/ZN,20.52,30.8,True,4503,1.2658276000000002,1.9890015589999999,6.390154,7.6559816000000005,EXTRACTED
I27,U_I27/ZN,83.6,14.0,False,0,6.384921800000002,4.797999118999999,28.011832000000002,34.396753800000006,EXTRACTED
I2720,U_I2720/ZN,13.3,32.2,False,1115,0.18492519999999998,0.05335776,0.921561,1.1064862,EXTRACTED
I2721,U_I2721/ZN,13.87,35.0,False,419,0.9364181,1.0623082089999998,6.803517,7.7399351,EXTRACTED
I2731,U_I2731/ZN,15.58,29.4,True,4539,1.7509554,1.833776626,9.273556000000001,11.024511400000002,EXTRACTED
I2735,U_I2735/ZN,18.05,22.4,False,2608,1.1306905299999999,0.331386295,0.921561,2.05225153,EXTRACTED
I2736,U_I2736/ZN,20.9,33.6,False,480,1.1266871900000002,1.3601130000000001,8.284804000000001,9.411491190000001,EXTRACTED
I2812,U_I2812/ZN,34.58,50.4,False,1627,0.06166700000000001,0.04571023,0.914189,0.9758560000000001,EXTRACTED
I2813,U_I2813/ZN,34.77,49.0,False,2855,1.6527720700000001,2.4847904700000005,3.825189,5.47796107,EXTRACTED
I2831,U_I2831/ZN,4.56,32.2,False,1115,0.52288355,0.7112603630000001,0.921561,1.44444455,EXTRACTED
I2832,U_I2832/ZN,13.87,33.6,False,253,2.1397019999999998,1.0551678359999999,3.428942,5.568644,EXTRACTED
I2889,U_I2889/ZN,10.26,30.8,False,2670,0.228946,0.36526297999999996,0.921561,1.150507,EXTRACTED
I2890,U_I2890/ZN,7.41,32.2,False,448,0.1017894,0.28355790000000003,1.651345,1.7531344,EXTRACTED
I2925,U_I2925/ZN,5.51,36.4,False,2425,0.395328,0.53562256,0.921561,1.316889,EXTRACTED
I2926,U_I2926/ZN,2.66,42.0,False,1225,0.46864800000000006,0.986034023,1.70023,2.168878,EXTRACTED
I2934,U_I2934/ZN,9.12,32.2,False,1057,0.079529,0.036831998,0.921561,1.00109,EXTRACTED
I2935,U_I2935/ZN,9.69,33.6,False,427,0.08692,0.0371204,1.70023,1.78715,EXTRACTED
I3148,U_I3148/ZN,8.93,36.4,False,1529,0.393724,0.18902092999999998,0.921561,1.315285,EXTRACTED
I3149,U_I3149/ZN,11.97,32.2,False,430,0.308098,0.28441396,1.651345,1.959443,EXTRACTED
I3178,U_I3178/ZN,16.53,30.8,False,1963,0.39109000000000005,0.7608511099999999,0.921561,1.312651,EXTRACTED
I3179,U_I3179/ZN,10.26,32.2,False,272,0.5361544999999999,0.38147553,1.70023,2.2363844999999998,EXTRACTED
I3394,U_I3394/ZN,39.71,70.0,True,4656,1.147866,0.6545744219999998,1.883878,3.0317439999999998,EXTRACTED
I3461,U_I3461/ZN,11.78,22.4,True,4539,0.701302,0.7764340399999999,1.888753,2.590055,EXTRACTED
I3465,U_I3465/ZN,14.63,30.8,True,4539,1.21505771,1.36646023597,6.255784,7.47084171,EXTRACTED
I3494,U_I3494/ZN,15.77,25.2,True,4503,0.0873152,0.009556488,0.959052,1.0463672,EXTRACTED
I3923,U_I3923/ZN,27.55,5.6,False,0,0.315124,0.18020774,1.70023,2.015354,EXTRACTED
I3935,U_I3935/ZN,26.22,7.0,False,2449,0.11969160000000001,0.00237093,1.70023,1.8199215999999998,EXTRACTED
I3941,U_I3941/ZN,17.29,60.2,False,4373,0.7267680000000001,0.94009702,1.70023,2.426998,EXTRACTED
I3951,U_I3951/ZN,19.57,75.6,True,4784,0.77938,0.17853639999999998,1.70023,2.47961,EXTRACTED
I3957,U_I3957/ZN,22.04,64.4,True,4784,1.08127,0.7744672820000001,4.35664,5.43791,EXTRACTED
I3962,U_I3962/ZN,19.0,82.6,False,3558,0.38122999999999996,0.08929257499999999,1.70023,2.08146,EXTRACTED
I3999,U_I3999/ZN,16.72,70.0,False,1330,0.14791479999999999,0.10634716,0.914189,1.0621038,EXTRACTED
I4000,U_I4000/ZN,17.1,72.8,False,32,0.1039576,0.05929398,0.941939,1.0458966,EXTRACTED
I4014,U_I4014/ZN,9.12,53.2,False,4137,0.6195398999999999,0.650291115,1.70023,2.3197699,EXTRACTED
I4020,U_I4020/ZN,5.51,60.2,False,4485,0.6180380999999999,0.291161404,1.70023,2.3182681,EXTRACTED
I4023,U_I4023/ZN,32.11,40.6,False,2352,0.0521436,0.0261493,0.921561,0.9737045999999999,EXTRACTED
I4024,U_I4024/ZN,33.06,40.6,False,126,0.5521662,0.7621177899700001,1.714471,2.2666372,EXTRACTED
I4129,U_I4129/ZN,3.61,65.8,False,0,0.1293604,0.017512609999999998,1.651345,1.7807054,EXTRACTED
I4144,U_I4144/ZN,10.07,29.4,False,1623,0.1472936,0.1242764,0.921561,1.0688545999999999,EXTRACTED
I4145,U_I4145/ZN,8.17,29.4,False,365,0.1585348,0.07388394499999999,1.70023,1.8587647999999999,EXTRACTED
I4216,U_I4216/ZN,7.03,54.6,False,3339,0.05431,0.20275073600000001,0.921561,0.9758709999999999,EXTRACTED
I4217,U_I4217/ZN,8.93,54.6,False,578,0.1260636,0.13411095,1.70023,1.8262935999999999,EXTRACTED
I4233,U_I4233/ZN,6.27,46.2,False,1,0.1483558,0.031961358999999995,1.70023,1.8485858,EXTRACTED
I4309,U_I4309/ZN,56.24,5.6,False,1414,0.106342,0.0344297,1.70023,1.8065719999999998,EXTRACTED
I4329,U_I4329/ZN,57.19,5.6,False,1417,0.202134,0.000962051,1.70023,1.902364,EXTRACTED
I4349,U_I4349/ZN,77.52,33.6,False,1400,0.43315600000000004,0.285005359,1.70023,2.133386,EXTRACTED
I4369,U_I4369/ZN,74.29,29.4,False,1406,0.345714,1.0161540310000001,1.70023,2.045944,EXTRACTED
I4389,U_I4389/ZN,78.47,35.0,False,1371,0.0611714,0.16714800000000002,1.70023,1.7614014,EXTRACTED
I4409,U_I4409/ZN,76.38,35.0,False,1366,0.7712220000000001,0.60770134,1.70023,2.471452,EXTRACTED
I4429,U_I4429/ZN,76.76,35.0,False,1371,0.248958,0.29656718,1.70023,1.949188,EXTRACTED
I4449,U_I4449/ZN,76.0,32.2,False,1367,0.29580999999999996,0.42240172,1.70023,1.9960399999999998,EXTRACTED
I4475,U_I4475/ZN,55.48,5.6,False,1507,0.18575460000000002,0.18517869999999997,1.70023,1.8859846,EXTRACTED
I4506,U_I4506/ZN,43.89,79.8,False,5250,0.106426,0.02058459,1.70023,1.8066559999999998,EXTRACTED
I4512,U_I4512/ZN,58.14,77.0,False,5749,0.1488778,0.08498359999999999,1.70023,1.8491077999999999,EXTRACTED
I4518,U_I4518/ZN,56.24,82.6,False,5368,0.5745702,0.3955035,1.70023,2.2748002,EXTRACTED
I4524,U_I4524/ZN,55.29,4.2,False,7752,0.349562,0.15170740000000002,1.70023,2.049792,EXTRACTED
I4530,U_I4530/ZN,79.42,30.8,False,6032,0.0846324,0.04751164399999999,1.70023,1.7848624,EXTRACTED
I4536,U_I4536/ZN,79.04,30.8,False,8604,0.1651852,0.17214862,1.70023,1.8654152,EXTRACTED
I4542,U_I4542/ZN,83.41,36.4,False,6304,0.01416998,0.0038845599999999996,1.70023,1.7143999799999998,EXTRACTED
I4548,U_I4548/ZN,55.29,77.0,False,7759,0.503746,0.1687341,1.70023,2.203976,EXTRACTED
I4554,U_I4554/ZN,82.46,51.8,False,475,0.23372,0.33528053,1.70023,1.9339499999999998,EXTRACTED
I4566,U_I4566/ZN,43.13,77.0,False,0,0.299204,0.140070948,1.70023,1.999434,EXTRACTED
I4573,U_I4573/ZN,49.4,72.8,False,1132,0.6134926,0.259242,1.70023,2.3137226,EXTRACTED
I4580,U_I4580/ZN,43.51,77.0,False,3375,0.157388,0.12001147799999999,1.70023,1.857618,EXTRACTED
I4587,U_I4587/ZN,41.99,78.4,False,0,0.357196,0.06715936,1.70023,2.057426,EXTRACTED
I4594,U_I4594/ZN,41.8,74.2,False,560,0.33253,0.18408862999999998,1.70023,2.0327599999999997,EXTRACTED
I4601,U_I4601/ZN,41.42,5.6,False,4165,0.20527600000000001,0.0,1.70023,1.905506,EXTRACTED
I4608,U_I4608/ZN,42.37,36.4,False,4047,2.4537407,1.482900552,1.70023,4.1539707,EXTRACTED
I4615,U_I4615/ZN,27.36,32.2,False,4289,1.0901386,1.433275044,1.70023,2.7903686,EXTRACTED
I4620,U_I4620/ZN,4.75,53.2,False,5374,0.474532,0.33297208,1.70023,2.174762,EXTRACTED
I4642,U_I4642/ZN,46.36,1.4,False,5245,0.539892,0.07947364000000001,1.70023,2.240122,EXTRACTED
I4651,U_I4651/ZN,51.49,5.6,False,5112,0.08755,0.0169985,1.70023,1.78778,EXTRACTED
I583,U_I583/ZN,53.58,4.2,False,0,1.3800052999999999,1.0612713660000002,10.034322,11.4143273,EXTRACTED
I591,U_I591/ZN,55.1,5.6,False,0,1.18809687,0.9123983149999998,8.382977,9.571073870000001,EXTRACTED
I776,U_I776/ZN,83.03,50.4,False,0,2.30579,1.040822933,5.017161,7.322951,EXTRACTED
I796,U_I796/ZN,84.36,54.6,False,0,1.0371219999999999,1.178804748,5.017161,6.054283,EXTRACTED
I818,U_I818/ZN,82.08,51.8,False,0,1.0038072,0.9488161249999999,5.017161,6.0209681999999995,EXTRACTED
I863,U_I863/ZN,74.1,54.6,False,0,1.6674768,1.2591839700000003,4.954035,6.6215118,EXTRACTED
I885,U_I885/ZN,78.28,54.6,False,0,2.53518115,1.443738398,5.080287,7.61546815,EXTRACTED
I941,U_I941/ZN,78.47,53.2,False,0,2.3827110000000005,2.0509365705,5.080287,7.462998000000001,EXTRACTED
I963,U_I963/ZN,78.47,58.8,False,0,3.17552252,0.562654792,4.954035,8.12955752,EXTRACTED
I985,U_I985/ZN,82.27,42.0,False,0,3.282248,3.4339099140000013,5.017161,8.299409,EXTRACTED
n1000gat,U_n1000gat/ZN,55.86,28.0,False,1010,0.057547799999999996,0.015515909999999997,0.941939,0.9994868,EXTRACTED
n1001gat,U_n1001gat/ZN,62.89,28.0,False,695,0.6275366,0.56375644,0.946814,1.5743506,EXTRACTED
n1002gat,U_n1002gat/ZN,57.95,51.8,False,4169,2.300956,2.5621403670000005,3.365816,5.666772,EXTRACTED
n1003gat,U_n1003gat/ZN,50.35,22.4,False,693,0.3908807,0.6369915748,0.946814,1.3376947000000001,EXTRACTED
n1004gat,U_n1004gat/ZN,51.49,35.0,False,700,0.625562,0.45462279000000005,0.946814,1.572376,EXTRACTED
n1005gat,U_n1005gat/ZN,56.24,51.8,False,942,1.5303740000000001,0.281537763,0.946814,2.477188,EXTRACTED
n1006gat,U_n1006gat/ZN,61.18,33.6,False,0,2.35230152,3.226499565,15.051483000000001,17.403784520000002,EXTRACTED
n1007gat,U_n1007gat/ZN,62.32,35.0,False,0,2.8548847,2.8134203789999996,15.303987000000001,18.158871700000002,EXTRACTED
n1008gat,U_n1008gat/ZN,61.75,35.0,False,1195,0.7048658999999999,1.3699746255,1.651345,2.3562108999999998,EXTRACTED
n1009gat,U_n1009gat/ZN,50.16,23.8,False,1211,0.477916,0.2807689669999999,1.714471,2.192387,EXTRACTED
n1010gat,U_n1010gat/ZN,65.55,37.8,False,952,0.9159343,0.87471784,0.946814,1.8627483,EXTRACTED
n1011gat,U_n1011gat/ZN,62.32,37.8,False,946,1.378199,0.718076497,0.946814,2.325013,EXTRACTED
n1012gat,U_n1012gat/ZN,52.06,21.0,False,361,0.242702,0.28941575,0.946814,1.189516,EXTRACTED
n1013gat,U_n1013gat/ZN,43.32,61.6,False,6005,0.6502701,0.844955164,5.027914,5.6781841,EXTRACTED
n1014gat,U_n1014gat/ZN,45.41,53.2,False,3245,0.5656399999999999,0.49867872599999996,0.941245,1.506885,EXTRACTED
n1015gat,U_n1015gat/ZN,39.14,56.0,False,1800,0.5890099999999999,0.33399203000000005,0.938321,1.5273309999999998,EXTRACTED
n1016gat,U_n1016gat/ZN,38.0,53.2,False,1901,0.8547799999999999,0.442427445,0.923766,1.778546,EXTRACTED
n1017gat,U_n1017gat/ZN,37.81,50.4,False,1685,0.9654779,1.02495817,0.914189,1.8796669000000001,EXTRACTED
n1024gat,U_n1024gat/ZN,49.97,29.4,True,4685,0.6888627,0.7981748149999999,3.327684,4.0165467,EXTRACTED
n1026gat,U_n1026gat/Q,55.29,37.8,True,4685,1.24508209,0.9845340029999998,7.598053,8.84313509,EXTRACTED
n1028gat,U_n1028gat/ZN,60.42,39.2,False,1026,2.22839294,0.84583699,0.946814,3.17520694,EXTRACTED
n1029gat,U_n1029gat/ZN,59.47,46.2,False,1075,3.52743859,1.06679126,0.946814,4.47425259,EXTRACTED
n1030gat,U_n1030gat/ZN,57.95,25.2,False,941,1.54679,1.3254359280000003,0.946814,2.4936040000000004,EXTRACTED
n1031gat,U_n1031gat/ZN,51.49,44.8,False,949,1.70905217,1.1306588199999998,0.946814,2.6558661700000004,EXTRACTED
n1033gat,U_n1033gat/ZN,47.12,29.4,True,4752,1.1027906,1.9280948740000001,4.473956,5.5767466,EXTRACTED
n1035gat,U_n1035gat/Q,45.03,46.2,True,4752,1.5448341,2.027110095,7.797511,9.3423451,EXTRACTED
n1043gat,U_n1043gat/ZN,40.66,67.2,True,4668,0.8085578000000001,0.90801018,4.17941,4.9879678,EXTRACTED
n1045gat,U_n1045gat/Q,59.47,71.4,True,4668,4.119170700000001,4.253956506,7.502965,11.622135700000001,EXTRACTED
n1050gat,U_n1050gat/ZN,79.61,42.0,False,5740,0.49475116999999996,0.42021740500000004,4.932826,5.42757717,EXTRACTED
n1051gat,U_n1051gat/ZN,78.47,42.0,False,3236,0.0631468,0.007119851,0.941245,1.0043918,EXTRACTED
n1052gat,U_n1052gat/ZN,78.85,40.6,False,1735,0.1764852,0.24054744200000003,0.938321,1.1148061999999999,EXTRACTED
n1053gat,U_n1053gat/ZN,79.61,40.6,False,1612,0.07587959999999999,0.07552808999999999,0.923766,0.9996456,EXTRACTED
n1054gat,U_n1054gat/ZN,80.75,42.0,False,1935,0.061807,0.12085515,0.914189,0.9759960000000001,EXTRACTED
n1066gat,U_n1066gat/ZN,78.85,50.4,True,4618,0.1352771,0.175618205,3.527142,3.6624191,EXTRACTED
n1068gat,U_n1068gat/Q,70.68,42.0,True,4618,2.60494937,2.2757850950000003,9.511982,12.11693137,EXTRACTED
n1070gat,U_n1070gat/ZN,43.51,28.0,True,4661,0.5767352,1.0464723839999999,4.17941,4.7561452,EXTRACTED
n1072gat,U_n1072gat/Q,45.6,51.8,True,4661,2.3959997900000003,2.113373664000001,7.502965,9.89896479,EXTRACTED
n1074gat,U_n1074gat/ZN,46.36,22.4,False,2564,0.1615392,0.33283505,0.946814,1.1083532,EXTRACTED
n1076gat,U_n1076gat/ZN,50.73,47.6,False,220,0.1296746,0.1713043,0.946814,1.0764886,EXTRACTED
n1077gat,U_n1077gat/ZN,57.19,19.6,False,2603,0.258578,0.1814152,0.941939,1.200517,EXTRACTED
n1078gat,U_n1078gat/ZN,77.33,35.0,True,4543,0.4763561,0.6561645200000001,3.327684,3.8040401,EXTRACTED
n1080gat,U_n1080gat/Q,72.58,40.6,True,4543,2.0453084,2.219403939,9.312524,11.3578324,EXTRACTED
n1082gat,U_n1082gat/ZN,44.08,16.8,False,4436,0.293196,0.262867425,0.946814,1.24001,EXTRACTED
n1083gat,U_n1083gat/ZN,43.51,16.8,False,4638,0.6525399000000001,0.40644527099999994,0.946814,1.5993539,EXTRACTED
n1087gat,U_n1087gat/ZN,61.18,58.8,False,498,0.41887,0.46040225999999995,0.923766,1.342636,EXTRACTED
n1088gat,U_n1088gat/ZN,58.9,60.2,False,497,0.9092399999999999,0.32095255,0.938321,1.8475609999999998,EXTRACTED
n1089gat,U_n1089gat/ZN,67.45,50.4,False,354,1.41109,1.2615275000000001,0.938321,2.349411,EXTRACTED
n1090gat,U_n1090gat/ZN,59.47,54.6,False,350,0.0953972,0.03953323,0.938321,1.0337182,EXTRACTED
n1091gat,U_n1091gat/ZN,63.84,56.0,False,356,0.15459879999999998,0.247773995,0.941245,1.0958438,EXTRACTED
n1092gat,U_n1092gat/ZN,54.53,43.4,False,351,0.6429659999999999,0.29373891300000005,0.938321,1.5812869999999999,EXTRACTED
n1093gat,U_n1093gat/ZN,62.7,42.0,False,345,0.484464,0.4464654449999999,0.938321,1.422785,EXTRACTED
n1094gat,U_n1094gat/ZN,56.81,49.0,False,359,1.1080900000000002,1.153859242,0.941245,2.049335,EXTRACTED
n1095gat,U_n1095gat/ZN,68.4,47.6,False,355,0.719785,0.6024001839999998,0.938321,1.658106,EXTRACTED
n1096gat,U_n1096gat/ZN,63.84,49.0,False,345,0.411084,0.51701656,0.941245,1.3523290000000001,EXTRACTED
n1097gat,U_n1097gat/ZN,44.84,53.2,False,2879,1.5336376,0.8389745259999998,0.941245,2.4748826,EXTRACTED
n1098gat,U_n1098gat/ZN,53.2,56.0,False,2888,0.49799200000000005,0.25091943400000005,0.941245,1.439237,EXTRACTED
n1099gat,U_n1099gat/ZN,58.33,51.8,False,356,0.1471912,0.136450155,0.941245,1.0884362,EXTRACTED
n1100gat,U_n1100gat/ZN,58.71,44.8,False,349,0.109739,0.12769170000000002,0.941245,1.050984,EXTRACTED
n1101gat,U_n1101gat/ZN,53.2,49.0,False,4668,0.6581564,0.44665129,0.946814,1.6049704,EXTRACTED
n1102gat,U_n1102gat/ZN,58.33,35.0,False,4585,0.955514,1.34508185,0.941939,1.897453,EXTRACTED
n1103gat,U_n1103gat/ZN,62.7,49.0,False,4675,0.037202,0.1851445,0.941939,0.9791409999999999,EXTRACTED
n1104gat,U_n1104gat/ZN,64.79,33.6,False,4504,0.6437250000000001,1.5433361730000001,0.946814,1.5905390000000001,EXTRACTED
n1105gat,U_n1105gat/ZN,56.62,44.8,False,4588,0.277356,0.28927378400000003,1.651345,1.928701,EXTRACTED
n1106gat,U_n1106gat/ZN,55.1,44.8,False,4781,0.0820864,0.021877674,1.651345,1.7334314000000002,EXTRACTED
n110gat,U_n110gat/ZN,59.66,15.4,False,2641,1.24150194,1.6619562909999999,10.146333,11.387834940000001,EXTRACTED
n1111gat,U_n1111gat/ZN,62.89,37.8,False,0,2.9318666,2.3129513999999998,15.177735,18.1096016,EXTRACTED
n1112gat,U_n1112gat/ZN,61.37,37.8,False,0,2.2554180799999997,2.673280100999999,15.114609000000002,17.37002708,EXTRACTED
n1113gat,U_n1113gat/ZN,39.9,49.0,False,4763,0.55549,0.5832718849699999,1.70023,2.25572,EXTRACTED
n1114gat,U_n1114gat/ZN,39.14,54.6,False,2855,0.1306228,0.026195250000000003,1.70023,1.8308528,EXTRACTED
n1115gat,U_n1115gat/ZN,58.52,29.4,False,895,1.133055,1.13325618,0.941939,2.074994,EXTRACTED
n1116gat,U_n1116gat/ZN,64.22,33.6,False,863,0.0986056,0.14453407000000001,0.941939,1.0405446,EXTRACTED
n1117gat,U_n1117gat/ZN,40.09,57.4,False,4595,0.7199709999999999,1.1409153699999999,1.70023,2.4202009999999996,EXTRACTED
n1119gat,U_n1119gat/ZN,36.86,35.0,True,4705,1.1326797999999998,1.0389972330000001,4.274498,5.4071778,EXTRACTED
n111gat,U_n111gat/ZN,73.72,39.2,False,116,2.12276515,2.1655966620000004,15.177735,17.30050015,EXTRACTED
n1121gat,U_n1121gat/Q,44.27,47.6,True,4705,3.2393662,2.1656441099999992,7.661179,10.9005452,EXTRACTED
n1123gat,U_n1123gat/ZN,62.32,30.8,False,0,2.90962437,2.9935651389999998,15.240861,18.150485370000002,EXTRACTED
n1133gat,U_n1133gat/ZN,43.51,71.4,True,4571,0.825312,1.0843623820000003,4.274498,5.099810000000001,EXTRACTED
n1135gat,U_n1135gat/Q,65.74,70.0,True,4571,4.61122523,3.539897600000001,7.598053,12.209278229999999,EXTRACTED
n1146gat,U_n1146gat/ZN,78.09,40.6,True,4574,0.13082080000000001,0.144259862,3.232596,3.3634168,EXTRACTED
n1148gat,U_n1148gat/Q,77.52,39.2,True,4574,2.1777015,1.926222464,9.280562,11.4582635,EXTRACTED
n1151gat,U_n1151gat/ZN,54.72,63.0,False,170,1.034264,0.8165329640000001,0.938321,1.972585,EXTRACTED
n1152gat,U_n1152gat/ZN,58.71,61.6,False,500,1.7928638000000001,1.1045802400000002,0.941245,2.7341088,EXTRACTED
n1153gat,U_n1153gat/ZN,54.53,54.6,False,2663,0.5318845,0.4453687699999999,0.941245,1.4731295,EXTRACTED
n1154gat,U_n1154gat/ZN,45.22,57.4,False,3788,1.34918577,0.66617562,1.714471,3.06365677,EXTRACTED
n1155gat,U_n1155gat/ZN,60.61,54.6,False,55,0.0702688,0.040547436,0.914189,0.9844578,EXTRACTED
n1156gat,U_n1156gat/ZN,58.52,56.0,False,77,0.1218212,0.15095582000000002,0.923766,1.0455872,EXTRACTED
n1157gat,U_n1157gat/ZN,53.96,60.2,False,111,0.424412,0.18295146396999998,1.651345,2.0757570000000003,EXTRACTED
n1158gat,U_n1158gat/ZN,59.28,61.6,False,64,0.366586,0.22175888297000002,0.938321,1.304907,EXTRACTED
n1159gat,U_n1159gat/ZN,62.13,56.0,False,68,0.0876066,0.22966260900000002,0.941245,1.0288516,EXTRACTED
n1160gat,U_n1160gat/ZN,59.66,60.2,False,126,0.29763,0.509410705,1.714471,2.012101,EXTRACTED
n1161gat,U_n1161gat/ZN,63.46,33.6,False,259,0.7630020000000001,1.231946183,0.941939,1.704941,EXTRACTED
n1162gat,U_n1162gat/ZN,56.62,36.4,False,318,0.0499244,0.1700237,0.941939,0.9918634,EXTRACTED
n1163gat,U_n1163gat/ZN,60.04,43.4,False,335,0.5240001000000001,0.982244056,0.946814,1.4708141000000001,EXTRACTED
n1164gat,U_n1164gat/ZN,58.33,43.4,False,4606,0.256968,0.49630433,1.714471,1.9714390000000002,EXTRACTED
n1171gat,U_n1171gat/ZN,51.68,23.8,False,1217,0.309508,0.26698289000000003,1.651345,1.9608530000000002,EXTRACTED
n1172gat,U_n1172gat/ZN,50.16,33.6,False,1188,0.39162,0.33595219,1.651345,2.042965,EXTRACTED
n1173gat,U_n1173gat/ZN,51.68,29.4,False,349,0.109862,0.15820027,0.941939,1.051801,EXTRACTED
n1174gat,U_n1174gat/ZN,49.4,23.8,False,359,0.09210879999999999,0.10993386400000002,0.941939,1.0340478,EXTRACTED
n1175gat,U_n1175gat/ZN,50.54,21.0,False,346,0.1390072,0.09907805,0.946814,1.0858212,EXTRACTED
n1176gat,U_n1176gat/ZN,57.19,26.6,False,347,0.282734,0.4635769699999999,0.946814,1.229548,EXTRACTED
n1177gat,U_n1177gat/ZN,67.64,33.6,False,646,0.304836,0.49289882399999996,0.946814,1.2516500000000002,EXTRACTED
n1178gat,U_n1178gat/ZN,57.95,36.4,False,664,0.6114339900000001,0.5433850400000001,0.946814,1.5582479900000001,EXTRACTED
n1179gat,U_n1179gat/ZN,62.32,33.6,False,4167,0.8244855,1.02548977,3.30269,4.1271755,EXTRACTED
n1180gat,U_n1180gat/ZN,72.58,50.4,False,4078,1.587512,1.576447753,3.428942,5.016454,EXTRACTED
n1181gat,U_n1181gat/ZN,64.79,40.6,False,915,0.529462,0.8018835080000001,0.946814,1.476276,EXTRACTED
n1182gat,U_n1182gat/ZN,66.69,53.2,False,925,0.0379614,0.01849216,0.946814,0.9847754000000001,EXTRACTED
n1183gat,U_n1183gat/ZN,44.65,67.2,False,5766,1.3586730999999999,1.0506075940000001,3.527142,4.8858151,EXTRACTED
n1184gat,U_n1184gat/ZN,45.98,29.4,False,5766,2.9407829,3.1595205939999995,5.227372,8.1681549,EXTRACTED
n1185gat,U_n1185gat/ZN,45.79,30.8,False,1868,0.11311020000000001,0.041324775,0.941245,1.0543552,EXTRACTED
n1186gat,U_n1186gat/ZN,45.22,29.4,False,2519,0.0843212,0.06203971999999999,0.938321,1.0226422,EXTRACTED
n1187gat,U_n1187gat/ZN,37.62,23.8,False,1797,0.824988,0.652847724,0.923766,1.748754,EXTRACTED
n1188gat,U_n1188gat/ZN,45.98,28.0,False,2530,0.0416456,0.055319388000000004,0.914189,0.9558346,EXTRACTED
n1195gat,U_n1195gat/ZN,59.66,68.6,True,4693,0.8929016000000001,0.30521738,1.651345,2.5442466,EXTRACTED
n1197gat,U_n1197gat/Q,53.77,70.0,True,4693,0.6563293,0.7883866529999999,4.333495,4.9898243,EXTRACTED
n1199gat,U_n1199gat/ZN,53.58,30.8,False,671,0.1486506,0.248811433,1.714471,1.8631216000000002,EXTRACTED
n11gat,U_n11gat/ZN,29.83,7.0,False,460,0.204814,0.04479491000000001,0.946814,1.151628,EXTRACTED
n1200gat,U_n1200gat/ZN,49.21,33.6,False,520,0.08214099999999999,0.111154005,1.651345,1.733486,EXTRACTED
n1201gat,U_n1201gat/ZN,47.5,63.0,False,5774,1.807332,1.515827772,4.932826,6.740158,EXTRACTED
n1202gat,U_n1202gat/ZN,46.93,71.4,False,3614,0.551444,0.180809157,0.941245,1.492689,EXTRACTED
n1203gat,U_n1203gat/ZN,44.27,71.4,False,2363,0.6164138,0.38888270099999994,0.938321,1.5547347999999999,EXTRACTED
n1204gat,U_n1204gat/ZN,45.41,70.0,False,1825,0.47077600000000003,0.43559311999999994,0.923766,1.394542,EXTRACTED
n1205gat,U_n1205gat/ZN,48.64,65.8,False,1648,0.192263,0.09616221999999999,0.914189,1.106452,EXTRACTED
n120gat,U_n120gat/ZN,57.0,60.2,False,5761,0.2950857,0.39820542899999994,5.066046,5.3611317,EXTRACTED
n1212gat,U_n1212gat/ZN,49.97,32.2,False,527,0.135342,0.004968075,1.714471,1.8498130000000002,EXTRACTED
n1213gat,U_n1213gat/ZN,68.97,9.8,False,0,0.5656783,0.59736818,5.227372,5.7930503,EXTRACTED
n1214gat,U_n1214gat/ZN,68.4,8.4,False,0,0.049595200000000006,0.04295456,0.941245,0.9908402000000001,EXTRACTED
n1215gat,U_n1215gat/ZN,76.0,11.2,False,0,0.36181599999999997,0.5809882000000001,0.938321,1.3001369999999999,EXTRACTED
n1216gat,U_n1216gat/ZN,67.64,8.4,False,0,0.07873820000000001,0.22709089,0.923766,1.0025042,EXTRACTED
n1217gat,U_n1217gat/ZN,67.64,9.8,False,0,0.0909246,0.11171975,0.914189,1.0051136,EXTRACTED
n121gat,U_n121gat/ZN,56.24,60.2,False,3260,0.1000538,0.26841097999999997,0.941245,1.0412988,EXTRACTED
n1224gat,U_n1224gat/ZN,45.41,74.2,True,4632,0.1774286,0.098599021,2.598159,2.7755875999999997,EXTRACTED
n1226gat,U_n1226gat/Q,47.69,70.0,True,4632,4.12727183,2.591384756,5.921714,10.04898583,EXTRACTED
n1228gat,U_n1228gat/ZN,80.56,44.8,False,6535,0.4994699,0.49090629999999996,5.027914,5.5273839,EXTRACTED
n1229gat,U_n1229gat/ZN,78.66,44.8,False,4128,0.0602368,0.105109144,0.941245,1.0014818,EXTRACTED
n122gat,U_n122gat/ZN,57.19,58.8,False,2557,0.07785639999999999,0.04666763,0.938321,1.0161774,EXTRACTED
n1230gat,U_n1230gat/ZN,80.37,46.2,False,1303,0.0789084,0.017127103,0.938321,1.0172294,EXTRACTED
n1231gat,U_n1231gat/ZN,79.61,46.2,False,1532,0.0921144,0.09065493,0.923766,1.0158804,EXTRACTED
n1232gat,U_n1232gat/ZN,81.13,46.2,False,2710,0.0825694,0.0241843,0.914189,0.9967584,EXTRACTED
n1239gat,U_n1239gat/ZN,78.28,47.6,True,4798,0.2253764,0.2589041,3.327684,3.5530604,EXTRACTED
n123gat,U_n123gat/ZN,57.57,61.6,False,2223,0.1153438,0.15801679,0.923766,1.0391097999999999,EXTRACTED
n1241gat,U_n1241gat/Q,79.42,68.6,True,4798,4.140089,4.148548341,7.661179,11.801268,EXTRACTED
n1243gat,U_n1243gat/ZN,48.26,23.8,False,512,0.1936912,0.2332075,1.651345,1.8450362,EXTRACTED
n1244gat,U_n1244gat/ZN,59.66,33.6,False,486,0.38167399999999996,0.25897558,1.714471,2.096145,EXTRACTED
n1245gat,U_n1245gat/ZN,64.98,56.0,False,4647,0.6360958000000001,0.53722059,0.941939,1.5780348000000002,EXTRACTED
n1246gat,U_n1246gat/ZN,54.72,35.0,False,4600,1.0490144,1.3393377000000002,0.946814,1.9958284,EXTRACTED
n1247gat,U_n1247gat/ZN,59.47,43.4,False,4637,0.473456,0.30101255948999994,1.714471,2.187927,EXTRACTED
n1248gat,U_n1248gat/ZN,56.05,47.6,False,4743,0.103507,0.09640896,1.714471,1.817978,EXTRACTED
n1249gat,U_n1249gat/ZN,61.75,47.6,False,390,0.617542,0.52265248,0.941939,1.559481,EXTRACTED
n124gat,U_n124gat/ZN,58.14,60.2,False,1981,0.0650546,0.06913042500000001,0.914189,0.9792436,EXTRACTED
n1250gat,U_n1250gat/ZN,64.41,53.2,False,316,0.28092999999999996,0.62661774,0.946814,1.227744,EXTRACTED
n1251gat,U_n1251gat/ZN,53.01,33.6,False,515,0.1075562,0.21543812,1.651345,1.7589012000000002,EXTRACTED
n1252gat,U_n1252gat/ZN,54.34,28.0,False,1367,0.047752,0.144726895,1.651345,1.699097,EXTRACTED
n1253gat,U_n1253gat/ZN,58.71,23.8,False,498,1.1238617,0.921320744,1.651345,2.7752067,EXTRACTED
n1254gat,U_n1254gat/ZN,67.64,36.4,False,496,0.358032,0.6398722000000001,1.651345,2.009377,EXTRACTED
n1255gat,U_n1255gat/ZN,53.77,28.0,False,505,0.427102,0.38466980600000006,1.714471,2.141573,EXTRACTED
n1256gat,U_n1256gat/ZN,40.66,50.4,False,4705,0.0623444,0.07853407999999999,1.70023,1.7625743999999999,EXTRACTED
n1257gat,U_n1257gat/ZN,60.8,28.0,False,347,0.0604782,0.011719300000000002,0.941939,1.0024172,EXTRACTED
n1258gat,U_n1258gat/ZN,49.97,36.4,False,4588,0.239534,0.26642454699999996,0.941939,1.181473,EXTRACTED
n1259gat,U_n1259gat/ZN,55.48,33.6,False,1187,0.275594,0.185152172,1.651345,1.926939,EXTRACTED
n1260gat,U_n1260gat/ZN,50.73,33.6,False,323,0.464916,0.9271698,0.941939,1.406855,EXTRACTED
n1261gat,U_n1261gat/ZN,52.63,29.4,False,353,0.355058,0.495118102,0.941939,1.296997,EXTRACTED
n1262gat,U_n1262gat/ZN,53.58,33.6,False,349,0.46766599999999997,0.15450186,0.946814,1.41448,EXTRACTED
n1263gat,U_n1263gat/ZN,50.54,32.2,False,1235,0.649622,0.34256829000000005,1.714471,2.364093,EXTRACTED
n1264gat,U_n1264gat/ZN,57.19,21.0,False,352,0.259514,0.08768520999999999,0.941939,1.2014529999999999,EXTRACTED
n1265gat,U_n1265gat/ZN,59.47,26.6,False,1185,0.0605778,0.2609454,1.651345,1.7119228,EXTRACTED
n1266gat,U_n1266gat/ZN,67.07,33.6,False,1190,0.1720736,0.216450923,1.651345,1.8234186000000001,EXTRACTED
n1267gat,U_n1267gat/ZN,59.66,28.0,False,345,0.1110126,0.11432395699999999,0.946814,1.0578266,EXTRACTED
n1268gat,U_n1268gat/ZN,48.26,72.8,False,5774,0.30957455,0.379538686,3.232596,3.54217055,EXTRACTED
n1269gat,U_n1269gat/ZN,48.83,74.2,False,6524,0.521628,0.32151275,3.351575,3.873203,EXTRACTED
n1270gat,U_n1270gat/ZN,50.35,68.6,False,3728,0.476004,0.22128994999999999,0.941245,1.417249,EXTRACTED
n1271gat,U_n1271gat/ZN,56.05,78.4,False,2310,0.635655,0.28745842,0.938321,1.573976,EXTRACTED
n1272gat,U_n1272gat/ZN,42.75,71.4,False,1910,0.444778,0.32208098999999996,0.923766,1.368544,EXTRACTED
n1273gat,U_n1273gat/ZN,48.64,68.6,False,2362,0.43147389999999997,0.33935309,0.914189,1.3456629,EXTRACTED
n1280gat,U_n1280gat/ZN,49.59,75.6,True,4568,0.61792,0.317688835,2.6612850000000003,3.279205,EXTRACTED
n1282gat,U_n1282gat/Q,41.61,58.8,True,4568,3.7065749400000003,2.05761860897,6.047966,9.75454094,EXTRACTED
n1285gat,U_n1285gat/ZN,49.4,68.6,False,5444,0.598392,0.23261040949,0.941939,1.5403310000000001,EXTRACTED
n1286gat,U_n1286gat/ZN,52.82,74.2,False,6524,3.7053146999999997,3.505226958,5.066046,8.771360699999999,EXTRACTED
n1287gat,U_n1287gat/ZN,58.14,81.2,False,3467,0.5978239999999999,0.329542776,0.946814,1.544638,EXTRACTED
n1291gat,U_n1291gat/ZN,60.23,49.0,False,386,0.422656,0.4625162930000001,0.946814,1.36947,EXTRACTED
n1292gat,U_n1292gat/ZN,79.61,47.6,True,4813,0.2098504,0.198587765,3.527142,3.7369924,EXTRACTED
n1294gat,U_n1294gat/Q,78.66,54.6,True,4813,2.4843783499999996,3.018835076,9.448856,11.93323435,EXTRACTED
n1296gat,U_n1296gat/ZN,78.47,46.2,True,4566,0.1148536,0.11446347299999998,3.232596,3.3474496,EXTRACTED
n1298gat,U_n1298gat/Q,71.06,44.8,True,4566,2.0825573200000003,2.2591409529999993,9.280562,11.36311932,EXTRACTED
n12gat,U_n12gat/ZN,50.92,7.0,False,460,1.3394274,0.17031010000000002,1.70023,3.0396574,EXTRACTED
n1300gat,U_n1300gat/ZN,51.49,40.6,False,4747,0.46456,0.6803570430000001,1.714471,2.179031,EXTRACTED
n1301gat,U_n1301gat/ZN,54.15,61.6,False,236,0.1046674,0.0470427,1.714471,1.8191384000000002,EXTRACTED
n1302gat,U_n1302gat/ZN,55.48,46.2,False,42,0.0446032,0.1304614,0.914189,0.9587922,EXTRACTED
n1303gat,U_n1303gat/ZN,59.66,50.4,False,80,0.527416,0.43727946999999995,0.923766,1.451182,EXTRACTED
n1304gat,U_n1304gat/ZN,62.13,49.0,False,4661,0.4438234,0.8162239099999999,0.946814,1.3906374000000001,EXTRACTED
n1305gat,U_n1305gat/ZN,57.0,40.6,False,4592,0.31622,0.327115203,0.946814,1.263034,EXTRACTED
n1306gat,U_n1306gat/ZN,59.66,47.6,False,4711,0.282692,0.2012419148,1.714471,1.997163,EXTRACTED
n1307gat,U_n1307gat/ZN,58.14,54.6,False,114,0.07807140000000001,0.03841042,1.651345,1.7294164,EXTRACTED
n1308gat,U_n1308gat/ZN,52.25,51.8,False,114,0.450024,0.34192444999999994,1.70023,2.150254,EXTRACTED
n1309gat,U_n1309gat/ZN,55.29,40.6,False,4616,0.08656380000000001,0.053642800000000004,1.651345,1.7379088,EXTRACTED
n1310gat,U_n1310gat/ZN,10.83,54.6,True,4456,0.58679623,1.2688638360000002,3.325475,3.91227123,EXTRACTED
n1312gat,U_n1312gat/Q,11.59,64.4,True,4456,1.4981156,0.32432159,4.38936,5.8874756,EXTRACTED
n1314gat,U_n1314gat/ZN,17.67,64.4,True,4812,0.0654902,0.0302773,1.119679,1.1851692,EXTRACTED
n1316gat,U_n1316gat/Q,21.66,67.2,True,4812,0.951328,1.7196898699999998,4.235322,5.18665,EXTRACTED
n1318gat,U_n1318gat/ZN,46.93,49.0,False,2477,0.6899123,0.27131127000000005,1.70023,2.3901423,EXTRACTED
n1319gat,U_n1319gat/ZN,39.9,50.4,False,4705,0.6489316700000001,0.712638258,6.857884,7.50681567,EXTRACTED
n1320gat,U_n1320gat/ZN,39.9,43.4,False,4609,0.617374,1.1481210079999997,0.941939,1.559313,EXTRACTED
n1321gat,U_n1321gat/ZN,46.55,36.4,False,529,0.0452402,0.017913870000000002,0.946814,0.9920542,EXTRACTED
n1322gat,U_n1322gat/ZN,47.69,37.8,False,4478,0.1491546,0.07637969,1.714471,1.8636256,EXTRACTED
n1323gat,U_n1323gat/ZN,58.14,23.8,False,347,0.1523168,0.160806204,0.946814,1.0991308,EXTRACTED
n1324gat,U_n1324gat/ZN,47.5,33.6,False,320,0.5653421000000001,0.7998888699999999,0.941939,1.5072811000000002,EXTRACTED
n1325gat,U_n1325gat/ZN,43.51,36.4,False,4616,0.295554,0.46392606,0.941939,1.237493,EXTRACTED
n1326gat,U_n1326gat/ZN,48.07,32.2,False,355,0.289852,0.279952384,0.946814,1.236666,EXTRACTED
n1327gat,U_n1327gat/ZN,46.93,75.6,False,3897,0.06647059999999999,0.007190360000000001,0.941939,1.0084096,EXTRACTED
n1329gat,U_n1329gat/ZN,42.18,81.2,False,5674,1.450256,1.46607637,3.327684,4.77794,EXTRACTED
n132gat,U_n132gat/ZN,57.0,71.4,False,3589,0.42222800000000005,0.5955714900000001,0.941939,1.3641670000000001,EXTRACTED
n1330gat,U_n1330gat/ZN,5.7,40.6,True,4987,0.0323218,0.06559665,1.119679,1.1520008000000002,EXTRACTED
n1332gat,U_n1332gat/Q,10.07,40.6,True,4987,0.495167,0.5399761519999999,2.619024,3.114191,EXTRACTED
n1334gat,U_n1334gat/ZN,18.05,46.2,True,4885,0.1652206,0.06945141,1.763571,1.9287916,EXTRACTED
n1336gat,U_n1336gat/Q,6.46,49.0,True,4885,1.547914,1.089626814,2.619024,4.166938,EXTRACTED
n1338gat,U_n1338gat/ZN,14.06,37.8,True,5065,0.46961369999999997,0.9518832899999999,1.663842,2.1334557,EXTRACTED
n133gat,U_n133gat/ZN,57.19,61.6,False,5181,0.2994979,0.245131245,3.327684,3.6271819,EXTRACTED
n1340gat,U_n1340gat/Q,4.18,37.8,True,5065,1.0555845000000001,1.1577154400000003,4.282866,5.3384505,EXTRACTED
n1347gat,U_n1347gat/ZN,53.58,50.4,False,2036,0.1172006,0.07599436200000001,1.70023,1.8174306,EXTRACTED
n1348gat,U_n1348gat/ZN,59.09,54.6,False,130,0.06127899999999999,0.187227916,1.651345,1.7126240000000001,EXTRACTED
n1349gat,U_n1349gat/ZN,53.39,51.8,False,130,0.502878,0.261357614,1.70023,2.203108,EXTRACTED
n134gat,U_n134gat/ZN,69.54,21.0,False,4928,0.5592680000000001,0.56303332,1.714471,2.273739,EXTRACTED
n1351gat,U_n1351gat/ZN,55.48,47.6,False,54,0.141327,0.16679685300000002,0.938321,1.079648,EXTRACTED
n1352gat,U_n1352gat/ZN,54.15,47.6,False,43,0.0692834,0.07305024,0.941245,1.0105284,EXTRACTED
n1353gat,U_n1353gat/ZN,57.76,47.6,False,102,0.143542,0.1536892,1.651345,1.7948870000000001,EXTRACTED
n1354gat,U_n1354gat/ZN,47.88,36.4,False,928,0.7077420000000001,0.35389595000000007,1.70023,2.407972,EXTRACTED
n1355gat,U_n1355gat/ZN,51.49,49.0,False,160,0.353906,1.005197295,1.651345,2.005251,EXTRACTED
n1356gat,U_n1356gat/ZN,53.2,42.0,False,928,0.01630032,0.00176665,1.651345,1.66764532,EXTRACTED
n1357gat,U_n1357gat/ZN,55.1,42.0,False,84,0.522046,0.32148041399999994,0.914189,1.436235,EXTRACTED
n1358gat,U_n1358gat/ZN,54.15,42.0,False,103,0.4399,0.7118746810000002,0.923766,1.363666,EXTRACTED
n1359gat,U_n1359gat/ZN,55.1,43.4,False,41,0.573874,0.48364350999999994,0.938321,1.512195,EXTRACTED
n1360gat,U_n1360gat/ZN,53.58,42.0,False,700,0.64079559,0.24756606000000003,0.941245,1.58204059,EXTRACTED
n1361gat,U_n1361gat/ZN,15.96,64.4,True,4726,0.060993,0.10348269999999998,1.119679,1.1806720000000002,EXTRACTED
n1363gat,U_n1363gat/Q,14.06,65.8,True,4726,0.2721163,0.52822436,2.619024,2.8911403,EXTRACTED
n1365gat,U_n1365gat/ZN,49.78,42.0,False,111,0.372172,0.44423142,1.70023,2.072402,EXTRACTED
n1366gat,U_n1366gat/ZN,45.6,44.8,False,111,0.0539342,0.04188952,1.714471,1.7684052000000001,EXTRACTED
n1367gat,U_n1367gat/ZN,44.65,44.8,False,40,0.383878,0.51961470949,0.914189,1.298067,EXTRACTED
n1368gat,U_n1368gat/ZN,49.59,35.0,False,489,0.306444,0.247782678,0.946814,1.253258,EXTRACTED
n1369gat,U_n1369gat/ZN,49.4,39.2,False,4761,0.0789392,0.011873755,1.651345,1.7302842,EXTRACTED
n136gat,U_n136gat/ZN,30.59,9.8,False,240,0.5085219999999999,0.26372735999999997,0.941939,1.4504609999999998,EXTRACTED
n1370gat,U_n1370gat/ZN,49.4,42.0,False,1302,0.0745544,0.046665547,1.714471,1.7890254,EXTRACTED
n1371gat,U_n1371gat/ZN,49.4,40.6,False,606,0.0543606,0.06897154,0.923766,0.9781266,EXTRACTED
n1372gat,U_n1372gat/ZN,48.45,36.4,False,4627,0.0643956,0.084974717,0.941939,1.0063346,EXTRACTED
n1373gat,U_n1373gat/ZN,51.49,33.6,False,475,0.571752,0.38540222799999996,0.946814,1.518566,EXTRACTED
n1374gat,U_n1374gat/ZN,49.78,39.2,False,4774,0.663238,0.41245543300000004,1.651345,2.314583,EXTRACTED
n1375gat,U_n1375gat/ZN,46.93,33.6,False,348,0.6911556999999999,0.48074071,0.946814,1.6379697,EXTRACTED
n1376gat,U_n1376gat/ZN,39.71,53.2,False,2489,0.431716,0.5063609666,1.70023,2.131946,EXTRACTED
n1377gat,U_n1377gat/ZN,39.52,51.8,False,4667,0.12554959999999998,0.0892373,1.70023,1.8257796,EXTRACTED
n1378gat,U_n1378gat/ZN,46.17,39.2,False,4513,0.372004,0.26024271,1.651345,2.023349,EXTRACTED
n1379gat,U_n1379gat/ZN,38.0,51.8,False,4667,0.10862478,0.04433728,3.365816,3.47444078,EXTRACTED
n137gat,U_n137gat/ZN,37.62,19.6,False,240,0.0439096,0.02121357,0.941939,0.9858486,EXTRACTED
n1380gat,U_n1380gat/ZN,38.57,56.0,False,2855,0.3440594,0.26105797,3.365816,3.7098754,EXTRACTED
n1383gat,U_n1383gat/ZN,53.2,72.8,False,3589,0.422302,0.46169536000000005,0.946814,1.369116,EXTRACTED
n1384gat,U_n1384gat/ZN,43.7,75.6,False,0,0.1027556,0.044369872,0.941939,1.0446946,EXTRACTED
n1387gat,U_n1387gat/ZN,30.02,47.6,True,4562,0.1498168,0.131853303,1.651345,1.8011618,EXTRACTED
n1389gat,U_n1389gat/Q,26.41,43.4,True,4562,0.7333069999999999,0.53988664,2.619024,3.352331,EXTRACTED
n1391gat,U_n1391gat/ZN,24.7,43.4,False,9,1.4436062,0.25658605,1.119679,2.5632852,EXTRACTED
n1392gat,U_n1392gat/ZN,20.33,57.4,True,4789,1.3342598,1.598161282,3.842302,5.1765618,EXTRACTED
n1394gat,U_n1394gat/Q,17.1,50.4,True,4789,1.91363148,2.4207027660000002,7.662735,9.576366479999999,EXTRACTED
n1396gat,U_n1396gat/ZN,5.32,43.4,False,2606,0.5173677000000001,0.6992073120000001,3.2801400000000003,3.7975077000000006,EXTRACTED
n1397gat,U_n1397gat/ZN,8.17,43.4,False,2569,0.4757,0.7594565339999999,1.651345,2.127045,EXTRACTED
n1398gat,U_n1398gat/ZN,2.09,39.2,False,5918,0.5771324,0.48549774,0.914189,1.4913214,EXTRACTED
n1399gat,U_n1399gat/ZN,6.08,40.6,False,4670,0.298962,0.292590585,0.923766,1.222728,EXTRACTED
n139gat,U_n139gat/ZN,37.62,16.8,False,150,0.21499200000000002,0.7822006100000001,0.946814,1.1618060000000001,EXTRACTED
n13gat,U_n13gat/ZN,55.86,1.4,False,250,0.5833556,0.599121538,0.940092,1.5234476,EXTRACTED
n1400gat,U_n1400gat/ZN,9.88,39.2,False,73,0.615518,0.6126672400000001,0.938321,1.553839,EXTRACTED
n1401gat,U_n1401gat/ZN,17.1,46.2,False,2606,0.73737813,1.1036950300000001,3.351575,4.08895313,EXTRACTED
n1402gat,U_n1402gat/ZN,18.62,47.6,False,99,0.61734,0.7445940119999999,1.70023,2.31757,EXTRACTED
n1403gat,U_n1403gat/ZN,10.07,50.4,False,99,0.7388836999999999,0.8804887520000001,3.30269,4.0415737,EXTRACTED
n1406gat,U_n1406gat/ZN,31.73,46.2,False,1111,0.540034,0.534280395,1.663842,2.203876,EXTRACTED
n1407gat,U_n1407gat/ZN,16.53,47.6,False,1268,0.763368,0.62566985,0.921561,1.684929,EXTRACTED
n1408gat,U_n1408gat/ZN,6.46,44.8,False,3654,1.295474,2.6285385,0.940092,2.235566,EXTRACTED
n1409gat,U_n1409gat/ZN,22.8,49.0,False,2341,0.32497800000000004,0.32795077999999994,1.663842,1.98882,EXTRACTED
n140gat,U_n140gat/ZN,36.86,16.8,False,199,0.78873828,0.8408270419999999,5.066046,5.8547842800000005,EXTRACTED
n1410gat,U_n1410gat/ZN,46.17,43.4,False,4128,1.087795,0.51335225,3.365816,4.453611,EXTRACTED
n1411gat,U_n1411gat/ZN,33.25,49.0,False,534,0.490172,0.303985051,1.763571,2.253743,EXTRACTED
n1412gat,U_n1412gat/ZN,28.88,53.2,False,5104,0.449096,0.91004973,2.642169,3.091265,EXTRACTED
n1413gat,U_n1413gat/ZN,29.07,51.8,False,3073,0.07141940000000001,0.16166181999999998,0.959052,1.0304714,EXTRACTED
n1414gat,U_n1414gat/ZN,54.53,57.4,False,3761,0.1500664,0.10684452,1.714471,1.8645374000000001,EXTRACTED
n1415gat,U_n1415gat/ZN,54.91,57.4,False,3761,0.056602,0.016776558,1.70023,1.756832,EXTRACTED
n1416gat,U_n1416gat/ZN,51.87,49.0,False,236,0.7953777,0.5306750050000001,1.70023,2.4956077,EXTRACTED
n1417gat,U_n1417gat/ZN,52.06,47.6,False,120,0.06057,0.045167509999999994,1.70023,1.7608,EXTRACTED
n1418gat,U_n1418gat/ZN,51.68,47.6,False,120,0.1692576,0.17238829999999994,1.651345,1.8206026,EXTRACTED
n1419gat,U_n1419gat/ZN,52.82,47.6,False,102,0.30479999999999996,0.26580778,1.70023,2.0050299999999996,EXTRACTED
n141gat,U_n141gat/ZN,38.19,21.0,False,147,0.5663180999999999,0.70653457,0.959052,1.5253701,EXTRACTED
n1420gat,U_n1420gat/ZN,53.39,43.4,False,178,0.1446838,0.093835315,1.70023,1.8449137999999998,EXTRACTED
n1421gat,U_n1421gat/ZN,47.12,37.8,False,173,1.131524,0.961508052,1.70023,2.831754,EXTRACTED
n1422gat,U_n1422gat/ZN,52.06,44.8,False,160,0.26215,0.21023046399999998,1.70023,1.96238,EXTRACTED
n1423gat,U_n1423gat/ZN,37.24,47.6,False,69,0.042503599999999996,0.02279027,1.70023,1.7427336,EXTRACTED
n1424gat,U_n1424gat/ZN,54.72,42.0,False,178,0.0859506,0.042973080000000004,1.714471,1.8004216000000002,EXTRACTED
n1425gat,U_n1425gat/ZN,55.67,50.4,False,173,0.5992824,0.45931634299999996,1.714471,2.3137534,EXTRACTED
n1426gat,U_n1426gat/ZN,48.83,42.0,False,1302,0.0392162,0.02476716,1.70023,1.7394462,EXTRACTED
n1427gat,U_n1427gat/ZN,33.82,49.0,False,1378,2.0897536,1.3682008609999998,4.261742,6.3514956,EXTRACTED
n1428gat,U_n1428gat/ZN,56.24,43.4,False,2424,1.735311,0.8386818709999999,1.714471,3.449782,EXTRACTED
n142gat,U_n142gat/ZN,72.58,21.0,False,8,0.0745958,0.105403122,0.959052,1.0336478,EXTRACTED
n1431gat,U_n1431gat/ZN,25.65,65.8,True,4777,0.07833520000000001,0.06526850000000001,1.119679,1.1980142,EXTRACTED
n1433gat,U_n1433gat/Q,26.03,67.2,True,4777,0.49323039999999996,0.66825362,2.619024,3.1122544,EXTRACTED
n1435gat,U_n1435gat/ZN,51.68,42.0,False,119,0.354998,0.348561326,1.70023,2.055228,EXTRACTED
n1436gat,U_n1436gat/ZN,54.53,37.8,False,119,0.394112,0.303919675,1.714471,2.1085830000000003,EXTRACTED
n1437gat,U_n1437gat/ZN,46.36,40.6,False,129,0.188159,0.25128833949,1.714471,1.90263,EXTRACTED
n1438gat,U_n1438gat/ZN,45.79,42.0,False,129,0.08473900000000001,0.04572226,1.70023,1.7849689999999998,EXTRACTED
n1439gat,U_n1439gat/ZN,46.93,42.0,False,1328,0.0869172,0.10753041999999999,1.651345,1.7382622,EXTRACTED
n143gat,U_n143gat/ZN,66.12,19.6,False,4928,0.838678,1.157828329,0.941939,1.780617,EXTRACTED
n1440gat,U_n1440gat/ZN,47.69,40.6,False,1188,0.0489478,0.026051453999999995,0.938321,0.9872688,EXTRACTED
n1441gat,U_n1441gat/ZN,47.69,43.4,False,88,0.1692138,0.11452075,0.941245,1.1104588,EXTRACTED
n1443gat,U_n1443gat/ZN,52.44,37.8,False,541,0.389848,0.23350217199999995,0.946814,1.336662,EXTRACTED
n1444gat,U_n1444gat/ZN,28.69,32.2,False,629,2.5619722,2.7252419670000005,10.111501,12.6734732,EXTRACTED
n1446gat,U_n1446gat/ZN,38.76,51.8,False,2477,0.844703,0.6853272619999998,6.60538,7.450083,EXTRACTED
n1447gat,U_n1447gat/ZN,33.06,50.4,False,4595,0.8133878000000001,0.5568546160000001,3.365816,4.1792038,EXTRACTED
n1448gat,U_n1448gat/ZN,45.41,54.6,False,2489,0.9073070000000001,1.0375651109999997,5.080287,5.9875940000000005,EXTRACTED
n1449gat,U_n1449gat/ZN,38.19,46.2,False,83,0.692788,0.8563960749999998,1.651345,2.3441330000000002,EXTRACTED
n144gat,U_n144gat/ZN,70.49,23.8,False,406,0.6130736999999999,0.6919563860000001,3.330769,3.9438427000000003,EXTRACTED
n1450gat,U_n1450gat/ZN,37.81,47.6,False,69,0.043912,0.10030293,1.714471,1.758383,EXTRACTED
n1452gat,U_n1452gat/ZN,43.32,74.2,False,5769,0.0785004,0.24154484999999998,0.941939,1.0204393999999999,EXTRACTED
n1453gat,U_n1453gat/ZN,43.7,74.2,False,2659,0.1215866,0.13371998999999998,0.941939,1.0635256,EXTRACTED
n1454gat,U_n1454gat/ZN,15.58,49.0,False,185,0.358974,0.119391212,1.651345,2.010319,EXTRACTED
n1456gat,U_n1456gat/Q,8.55,37.8,True,4973,1.0431603,1.0284098876000003,2.633265,3.6764253,EXTRACTED
n1458gat,U_n1458gat/ZN,11.4,46.2,False,4242,0.6222920000000001,0.49338687000000003,1.651345,2.273637,EXTRACTED
n1459gat,U_n1459gat/ZN,11.4,50.4,False,130,0.30649,0.10909428500000001,1.651345,1.957835,EXTRACTED
n145gat,U_n145gat/ZN,77.52,19.6,False,37,0.461082,0.2998828,0.946814,1.407896,EXTRACTED
n1460gat,U_n1460gat/ZN,4.18,49.0,True,4451,0.5714843999999999,0.233348132,1.651345,2.2228294,EXTRACTED
n1462gat,U_n1462gat/Q,1.71,46.2,True,4451,2.017845,1.0681220559999998,4.282866,6.300711,EXTRACTED
n1466gat,U_n1466gat/ZN,9.31,50.4,False,3707,0.253584,0.06829479000000001,0.941939,1.195523,EXTRACTED
n1467gat,U_n1467gat/ZN,28.88,44.8,False,1604,1.691314,1.609630185,0.946814,2.638128,EXTRACTED
n1468gat,U_n1468gat/ZN,28.31,44.8,False,1611,0.029994200000000002,0.06682131,1.651345,1.6813392,EXTRACTED
n1469gat,U_n1469gat/ZN,21.66,49.0,False,185,0.3999115,0.611370662,3.316528,3.7164395,EXTRACTED
n146gat,U_n146gat/ZN,33.63,15.4,True,4771,0.0388686,0.05874559,1.663842,1.7027106,EXTRACTED
n1470gat,U_n1470gat/ZN,10.26,46.2,False,1755,0.38577006,0.545107774,0.941245,1.32701506,EXTRACTED
n1471gat,U_n1471gat/ZN,19.57,47.6,False,95,0.15247200000000002,0.08790433,1.663842,1.816314,EXTRACTED
n1472gat,U_n1472gat/ZN,20.9,49.0,False,2342,0.6629678999999999,0.55156746,1.714471,2.3774389,EXTRACTED
n1476gat,U_n1476gat/ZN,22.23,49.0,False,2341,0.10074179999999999,0.18189185000000002,3.463801,3.5645428,EXTRACTED
n1477gat,U_n1477gat/ZN,8.93,50.4,False,4341,0.061699199999999996,0.04271792,1.651345,1.7130442000000001,EXTRACTED
n1478gat,U_n1478gat/ZN,53.96,63.0,False,294,0.24839000000000003,0.12320450000000001,1.651345,1.8997350000000002,EXTRACTED
n1479gat,U_n1479gat/ZN,47.31,40.6,False,488,0.9801374999999999,0.8103990952999998,5.080287,6.0604245,EXTRACTED
n1480gat,U_n1480gat/ZN,41.23,35.0,False,614,1.27266168,1.299983712,4.954035,6.22669668,EXTRACTED
n1481gat,U_n1481gat/ZN,52.63,49.0,False,294,0.8104039999999999,0.6617658449999999,1.70023,2.5106339999999996,EXTRACTED
n1482gat,U_n1482gat/ZN,45.41,42.0,False,3028,0.8848716999999999,0.79324522,5.080287,5.9651587,EXTRACTED
n1483gat,U_n1483gat/ZN,53.77,49.0,False,111,0.6849799999999999,0.80804069,1.70023,2.38521,EXTRACTED
n1484gat,U_n1484gat/ZN,45.98,50.4,False,126,1.075093,2.2571690799999997,1.70023,2.775323,EXTRACTED
n1485gat,U_n1485gat/ZN,48.07,44.8,False,128,0.32388399999999995,0.406708938,1.70023,2.024114,EXTRACTED
n1486gat,U_n1486gat/ZN,46.36,42.0,False,1328,0.0392136,0.01748347,1.70023,1.7394436,EXTRACTED
n1487gat,U_n1487gat/ZN,53.58,46.2,False,128,0.1355842,0.15065117,1.651345,1.7869292,EXTRACTED
n148gat,U_n148gat/Q,40.85,19.6,True,4771,1.59097457,2.1768151013,5.98484,7.57581457,EXTRACTED
n1494gat,U_n1494gat/ZN,38.57,46.2,False,83,0.0581032,0.020190780000000002,1.70023,1.7583331999999998,EXTRACTED
n1496gat,U_n1496gat/Q,10.83,49.0,True,4940,1.093902,0.6533455720000001,2.582636,3.676538,EXTRACTED
n1498gat,U_n1498gat/ZN,36.1,53.2,False,2013,0.33337599999999995,0.342983272,1.651345,1.984721,EXTRACTED
n1499gat,U_n1499gat/ZN,33.82,14.0,False,4643,0.9616911199999999,1.126706621,8.332371,9.29406212,EXTRACTED
n14gat,U_n14gat/ZN,53.96,7.0,False,332,0.37084599999999995,0.245487806,1.651345,2.022191,EXTRACTED
n1500gat,U_n1500gat/ZN,36.29,56.0,False,4763,0.20096999999999998,0.5812128400000001,1.651345,1.852315,EXTRACTED
n1501gat,U_n1501gat/ZN,40.66,57.4,False,1068,0.37329799999999996,0.16163320900000003,1.70023,2.073528,EXTRACTED
n1502gat,U_n1502gat/ZN,30.97,51.8,False,21,0.411948,0.33659759600000005,0.941939,1.3538869999999998,EXTRACTED
n1503gat,U_n1503gat/ZN,40.09,51.8,False,1068,0.275562,0.509490361,1.714471,1.990033,EXTRACTED
n1504gat,U_n1504gat/ZN,36.67,47.6,False,8,0.6000464,0.8674781449999999,0.946814,1.5468604,EXTRACTED
n1505gat,U_n1505gat/ZN,11.78,44.8,False,5843,0.6609959999999999,0.535530979,1.70023,2.361226,EXTRACTED
n1508gat,U_n1508gat/Q,9.88,51.8,True,4612,3.95063844,1.4122327226000002,4.396836,8.347474440000001,EXTRACTED
n150gat,U_n150gat/ZN,37.62,21.0,True,4807,0.0229232,0.0113571,1.616298,1.6392212,EXTRACTED
n1510gat,U_n1510gat/ZN,5.89,42.0,False,4142,0.5304856,0.5114937890000001,1.714471,2.2449566,EXTRACTED
n1515gat,U_n1515gat/ZN,20.9,22.4,False,3788,0.43006458000000003,0.3843554,3.427413,3.8574775800000003,EXTRACTED
n1516gat,U_n1516gat/ZN,21.47,50.4,False,5,0.062395400000000004,0.006407864,1.119679,1.1820744,EXTRACTED
n1517gat,U_n1517gat/ZN,28.88,28.0,False,270,2.2374330000000002,0.9746494830000001,1.651345,3.8887780000000003,EXTRACTED
n1519gat,U_n1519gat/ZN,12.16,44.8,False,1611,0.88282409,1.8785973689999997,3.414701,4.29752509,EXTRACTED
n1520gat,U_n1520gat/ZN,19.95,22.4,False,1690,0.1095306,0.15474521000000002,1.763571,1.8731016,EXTRACTED
n1521gat,U_n1521gat/ZN,25.27,19.6,False,3788,0.3915715,0.51045197,1.70023,2.0918015,EXTRACTED
n1523gat,U_n1523gat/ZN,36.67,50.4,False,7961,0.6421797,0.5110588599999999,1.651345,2.2935247,EXTRACTED
n1525gat,U_n1525gat/Q,4.94,33.6,True,5117,0.8693219999999999,0.591848802,2.633265,3.502587,EXTRACTED
n1528gat,U_n1528gat/ZN,38.57,42.0,False,411,1.4752500000000002,1.3880722799999998,6.731632,8.206882,EXTRACTED
n1529gat,U_n1529gat/ZN,44.46,46.2,False,105,0.712839,0.6534715200000001,1.70023,2.413069,EXTRACTED
n152gat,U_n152gat/Q,39.14,16.8,True,4807,0.8847751,0.4942263919999999,9.475379,10.3601541,EXTRACTED
n1530gat,U_n1530gat/ZN,37.62,43.4,False,2128,2.0494076999999997,1.5745064769999995,4.954035,7.0034427,EXTRACTED
n1531gat,U_n1531gat/ZN,8.93,51.8,False,3350,0.11705120000000001,0.020363199999999998,0.914189,1.0312402,EXTRACTED
n1532gat,U_n1532gat/ZN,6.27,51.8,False,4074,0.07791959999999999,0.028577859999999997,0.923766,1.0016856,EXTRACTED
n1533gat,U_n1533gat/ZN,6.65,46.2,False,71,0.317352,0.08513512,0.938321,1.255673,EXTRACTED
n1543gat,U_n1543gat/ZN,20.71,57.4,False,5551,0.5959538,0.368383306,1.651345,2.2472988000000003,EXTRACTED
n1544gat,U_n1544gat/ZN,26.03,58.8,False,1065,0.5040156,1.14485044,1.714471,2.2184866000000003,EXTRACTED
n1546gat,U_n1546gat/ZN,3.23,44.8,False,5843,0.0885888,0.0520677,1.70023,1.7888187999999998,EXTRACTED
n154gat,U_n154gat/ZN,36.29,18.2,True,4784,1.6595531,0.768931169,5.017161,6.6767141,EXTRACTED
n1553gat,U_n1553gat/ZN,25.27,18.2,False,4416,1.0761502,1.2194028289999996,6.707553,7.7837032,EXTRACTED
n1554gat,U_n1554gat/ZN,29.45,15.4,False,328,0.6983440000000001,0.44229837499999997,1.616298,2.314642,EXTRACTED
n1555gat,U_n1555gat/ZN,34.2,16.8,False,328,0.32536400000000004,0.39838856,1.70023,2.025594,EXTRACTED
n1556gat,U_n1556gat/ZN,26.98,12.6,False,257,0.313874,0.3576446,1.70023,2.0141039999999997,EXTRACTED
n1557gat,U_n1557gat/ZN,26.41,14.0,False,429,0.055207200000000005,0.019914215000000002,1.70023,1.7554371999999998,EXTRACTED
n1558gat,U_n1558gat/ZN,27.74,14.0,False,424,0.1061422,0.049933,1.70023,1.8063722,EXTRACTED
n1559gat,U_n1559gat/ZN,36.29,9.8,False,4493,1.357336,1.919675704,6.707553,8.064889,EXTRACTED
n1560gat,U_n1560gat/ZN,26.03,14.0,False,429,0.40406600000000004,0.22828885800000004,1.763571,2.167637,EXTRACTED
n1561gat,U_n1561gat/ZN,16.72,11.2,False,438,1.0382820000000001,0.997227588,1.763571,2.8018530000000004,EXTRACTED
n1562gat,U_n1562gat/ZN,21.85,11.2,False,257,0.7416639999999999,0.7697030379999998,1.663842,2.405506,EXTRACTED
n1563gat,U_n1563gat/ZN,27.93,19.6,False,1,0.9440739,0.9228486250000001,0.921561,1.8656348999999999,EXTRACTED
n1564gat,U_n1564gat/ZN,11.21,30.8,False,324,0.416426,0.364338032,1.119679,1.536105,EXTRACTED
n1565gat,U_n1565gat/ZN,5.89,32.2,False,29,0.8585179999999999,0.6696803100000001,1.119679,1.978197,EXTRACTED
n1566gat,U_n1566gat/ZN,30.02,14.0,False,262,0.15774960000000002,0.07840697,1.616298,1.7740476,EXTRACTED
n1567gat,U_n1567gat/ZN,7.98,30.8,False,17,0.42419799999999996,0.31557796699999996,1.119679,1.5438770000000002,EXTRACTED
n1568gat,U_n1568gat/ZN,25.46,21.0,False,5000,0.30744040000000006,0.37496204,3.3798690000000002,3.6873094,EXTRACTED
n1569gat,U_n1569gat/ZN,28.31,16.8,False,270,0.09248400000000001,0.0228289,1.763571,1.856055,EXTRACTED
n156gat,U_n156gat/Q,38.76,22.4,True,4784,1.2196306,1.3784423399999997,7.713364,8.9329946,EXTRACTED
n1570gat,U_n1570gat/ZN,24.13,16.8,False,270,0.190681,0.26172520000000005,1.70023,1.890911,EXTRACTED
n1571gat,U_n1571gat/ZN,22.42,16.8,False,438,0.467828,0.8845707200000001,1.70023,2.168058,EXTRACTED
n1572gat,U_n1572gat/ZN,17.86,37.8,False,695,0.39531150000000004,0.634731131,1.651345,2.0466565,EXTRACTED
n1573gat,U_n1573gat/ZN,15.2,36.4,False,76,0.1705488,0.244229884,0.941939,1.1124878,EXTRACTED
n1574gat,U_n1574gat/ZN,18.24,37.8,False,343,0.073376,0.12409553,0.946814,1.02019,EXTRACTED
n1575gat,U_n1575gat/ZN,18.43,19.6,False,5000,0.325562,0.8082190000000001,1.70023,2.025792,EXTRACTED
n1576gat,U_n1576gat/ZN,11.4,26.6,False,695,1.050755,0.9198821429999999,3.30618,4.356935,EXTRACTED
n1577gat,U_n1577gat/ZN,19.19,23.8,False,621,0.508352,0.302478324,1.70023,2.208582,EXTRACTED
n1578gat,U_n1578gat/ZN,26.98,28.0,False,270,0.0950472,0.13739138,1.70023,1.7952772,EXTRACTED
n1580gat,U_n1580gat/ZN,14.06,19.6,False,621,1.15317279,1.2887271449999997,1.651345,2.8045177900000002,EXTRACTED
n1581gat,U_n1581gat/ZN,25.65,28.0,False,88,1.1012,0.77747838,0.941939,2.043139,EXTRACTED
n1582gat,U_n1582gat/ZN,22.8,26.6,False,1690,0.365446,0.398409722,1.70023,2.065676,EXTRACTED
n1586gat,U_n1586gat/ZN,25.08,61.6,False,114,1.07196,0.841763616,0.946814,2.018774,EXTRACTED
n1588gat,U_n1588gat/Q,5.51,56.0,True,4739,0.6418225,0.5998375579999999,2.582636,3.2244585,EXTRACTED
n158gat,U_n158gat/ZN,38.0,58.8,True,4698,0.2414439,0.149171449,3.327684,3.5691279000000002,EXTRACTED
n1590gat,U_n1590gat/ZN,23.75,47.6,False,629,4.93139301,5.4313794569999985,16.702828,21.63422101,EXTRACTED
n1591gat,U_n1591gat/ZN,39.52,40.6,False,4128,1.18253217,1.3535942029999999,10.097448,11.27998017,EXTRACTED
n1592gat,U_n1592gat/ZN,49.78,54.6,False,105,0.14981919999999999,0.29809902,1.714471,1.8642902000000001,EXTRACTED
n1593gat,U_n1593gat/ZN,13.87,56.0,False,65,0.291642,0.33918018999999994,1.119679,1.411321,EXTRACTED
n1594gat,U_n1594gat/ZN,14.82,51.8,True,4965,0.7808603999999999,0.65384531,1.763571,2.5444313999999997,EXTRACTED
n1596gat,U_n1596gat/Q,7.03,47.6,True,4965,0.9824452300000001,1.0025235300000002,5.273587,6.25603223,EXTRACTED
n1598gat,U_n1598gat/ZN,51.68,56.0,False,53,0.454764,0.270973736,1.763571,2.218335,EXTRACTED
n1599gat,U_n1599gat/ZN,34.58,57.4,False,4554,1.27629232,1.2683390600000002,0.946814,2.2231063200000003,EXTRACTED
n15gat,U_n15gat/ZN,67.07,12.6,False,174,0.36049600000000004,0.5559811100000001,1.70023,2.060726,EXTRACTED
n1600gat,U_n1600gat/ZN,14.25,51.8,False,2855,0.453746,0.5413183600000001,1.616298,2.070044,EXTRACTED
n1601gat,U_n1601gat/ZN,54.91,58.8,False,5761,0.7040057000000001,1.186233251,5.080287,5.7842927,EXTRACTED
n1602gat,U_n1602gat/ZN,4.75,56.0,False,532,1.097939,1.2360185699999997,3.327684,4.425623,EXTRACTED
n1604gat,U_n1604gat/ZN,26.79,42.0,False,1935,1.1267053999999999,1.377714445,5.891878,7.0185834,EXTRACTED
n1605gat,U_n1605gat/ZN,30.4,14.0,False,262,0.10735639999999999,0.057924529999999995,1.70023,1.8075864,EXTRACTED
n1606gat,U_n1606gat/ZN,23.75,58.8,False,5551,1.9111083999999998,0.745225222,2.819909,4.7310174,EXTRACTED
n1607gat,U_n1607gat/ZN,35.91,47.6,False,4813,0.482546,0.42384108000000004,1.714471,2.197017,EXTRACTED
n1608gat,U_n1608gat/ZN,34.01,50.4,False,1378,0.67878882,0.8906787299999999,5.00292,5.68170882,EXTRACTED
n1609gat,U_n1609gat/ZN,36.1,50.4,False,635,1.5605950000000002,1.3451487649999998,7.717995,9.278590000000001,EXTRACTED
n160gat,U_n160gat/Q,39.9,65.8,True,4698,2.2998828,3.124796308999999,7.598053,9.897935799999999,EXTRACTED
n1610gat,U_n1610gat/ZN,13.11,60.2,False,2141,0.6058840000000001,0.79680405,1.119679,1.7255630000000002,EXTRACTED
n1613gat,U_n1613gat/ZN,14.25,60.2,False,239,0.5572862000000001,0.66085833,1.119679,1.6769652000000002,EXTRACTED
n1614gat,U_n1614gat/ZN,32.11,14.0,False,4493,0.84229991,1.3641889899999997,8.580474,9.42277391,EXTRACTED
n1615gat,U_n1615gat/ZN,38.76,47.6,False,1039,0.379368,0.7922399399999999,1.651345,2.030713,EXTRACTED
n1616gat,U_n1616gat/ZN,31.35,12.6,False,4416,1.1465484,1.1600642509999999,8.418071,9.5646194,EXTRACTED
n1617gat,U_n1617gat/ZN,39.14,50.4,False,1030,0.1127734,0.036800665999999996,1.70023,1.8130034,EXTRACTED
n1618gat,U_n1618gat/ZN,43.13,49.0,False,983,0.36055800000000005,0.3492801299999999,1.70023,2.060788,EXTRACTED
n1619gat,U_n1619gat/ZN,42.75,46.2,False,931,0.85155015,1.1839319119999998,1.70023,2.55178015,EXTRACTED
n1620gat,U_n1620gat/ZN,37.43,53.2,False,822,0.778548,0.16512305,1.119679,1.898227,EXTRACTED
n1621gat,U_n1621gat/ZN,35.53,53.2,False,1653,0.519108,0.61629432,1.70023,2.219338,EXTRACTED
n1622gat,U_n1622gat/ZN,36.67,53.2,False,1280,0.238268,0.096487874,1.70023,1.9384979999999998,EXTRACTED
n1623gat,U_n1623gat/ZN,36.48,51.8,False,918,0.402742,0.15469577099999998,1.70023,2.102972,EXTRACTED
n1624gat,U_n1624gat/ZN,37.24,51.8,False,1039,0.32144,0.205346724,1.70023,2.02167,EXTRACTED
n1625gat,U_n1625gat/ZN,27.36,54.6,False,1065,0.4372777,0.196713932,4.483751,4.9210287,EXTRACTED
n1626gat,U_n1626gat/ZN,26.98,56.0,False,567,0.55315802,0.398163988,4.436207,4.989365019999999,EXTRACTED
n1627gat,U_n1627gat/ZN,36.48,49.0,False,983,0.7618320000000001,1.45269824,1.714471,2.476303,EXTRACTED
n1628gat,U_n1628gat/ZN,26.98,54.6,False,1653,0.0132445,0.00656185,1.651345,1.6645895000000002,EXTRACTED
n1629gat,U_n1629gat/ZN,15.96,29.4,False,1954,0.032633999999999996,0.0038689299999999996,1.651345,1.6839790000000001,EXTRACTED
n162gat,U_n162gat/ZN,41.42,64.4,False,6005,0.2341758,0.19751385,3.327684,3.5618598,EXTRACTED
n1630gat,U_n1630gat/ZN,14.63,32.2,False,4534,0.1338578,0.18667496,0.941939,1.0757968,EXTRACTED
n1632gat,U_n1632gat/ZN,8.74,32.2,False,365,0.0937622,0.03551425,1.119679,1.2134412,EXTRACTED
n1634gat,U_n1634gat/ZN,8.55,35.0,False,272,0.29360600000000003,0.20146885000000003,1.714471,2.008077,EXTRACTED
n1636gat,U_n1636gat/ZN,13.49,37.8,False,330,0.8020361,1.0350155500000002,1.119679,1.9217151000000001,EXTRACTED
n1639gat,U_n1639gat/ZN,32.68,14.0,False,2284,0.5219583000000001,0.7178497599999999,1.70023,2.2221883,EXTRACTED
n163gat,U_n163gat/ZN,48.83,29.4,True,4485,0.7370798,0.54678317,3.327684,4.0647638,EXTRACTED
n1640gat,U_n1640gat/ZN,24.13,12.6,False,2284,0.1173064,0.057198855,1.616298,1.7336044,EXTRACTED
n1641gat,U_n1641gat/ZN,24.13,5.6,False,3555,0.49070400000000003,0.17383509,1.70023,2.190934,EXTRACTED
n1642gat,U_n1642gat/ZN,26.22,12.6,False,402,0.223184,0.35214883,1.70023,1.923414,EXTRACTED
n1643gat,U_n1643gat/ZN,23.75,12.6,False,3555,0.28491999999999995,0.11613764,1.763571,2.048491,EXTRACTED
n1644gat,U_n1644gat/ZN,23.37,16.8,False,3,0.24652799999999997,0.32075224999999996,0.921561,1.168089,EXTRACTED
n1645gat,U_n1645gat/ZN,28.88,7.0,False,4643,0.9035420200000001,0.46774808200000006,6.707553,7.61109502,EXTRACTED
n1646gat,U_n1646gat/ZN,28.5,15.4,False,1,0.31992000000000004,0.09220586,0.921561,1.241481,EXTRACTED
n1647gat,U_n1647gat/ZN,21.66,19.6,False,1,0.825596,0.8620951949999998,0.940092,1.765688,EXTRACTED
n1648gat,U_n1648gat/ZN,14.06,8.4,False,1321,1.032686,0.625805957,1.663842,2.696528,EXTRACTED
n1649gat,U_n1649gat/ZN,26.98,8.4,False,1,0.382396,0.06449935700000001,0.940092,1.322488,EXTRACTED
n1650gat,U_n1650gat/ZN,23.56,14.0,False,5,0.336046,0.17311028,0.959052,1.295098,EXTRACTED
n1651gat,U_n1651gat/ZN,22.61,12.6,False,402,0.158497,0.58228306,1.763571,1.9220679999999999,EXTRACTED
n1652gat,U_n1652gat/ZN,11.59,21.0,False,858,0.745356,0.9580789999999999,1.663842,2.409198,EXTRACTED
n1653gat,U_n1653gat/ZN,18.43,11.2,False,2,0.279434,0.12296066,0.940092,1.219526,EXTRACTED
n1654gat,U_n1654gat/ZN,18.62,15.4,False,13,0.061209400000000004,0.049512959999999995,0.959052,1.0202614,EXTRACTED
n1655gat,U_n1655gat/ZN,30.59,11.2,False,501,0.3904,0.6158261349999999,1.70023,2.09063,EXTRACTED
n1656gat,U_n1656gat/ZN,25.08,14.0,False,501,0.471664,0.35082324,1.763571,2.235235,EXTRACTED
n1657gat,U_n1657gat/ZN,19.0,9.8,False,858,0.9524619999999999,0.9395489899999999,1.70023,2.652692,EXTRACTED
n1659gat,U_n1659gat/ZN,14.25,21.0,False,419,2.418716,2.2720966050000007,14.919178,17.337894,EXTRACTED
n165gat,U_n165gat/Q,44.27,65.8,True,4485,3.0675526,2.3277812939700007,9.312524,12.380076599999999,EXTRACTED
n1660gat,U_n1660gat/ZN,21.47,23.8,False,1641,0.29839200000000005,0.25482453,1.70023,1.998622,EXTRACTED
n1661gat,U_n1661gat/ZN,17.29,22.4,False,1641,0.5137175,0.51274312,1.616298,2.1300155,EXTRACTED
n1662gat,U_n1662gat/ZN,19.57,18.2,False,3554,0.9676205,1.06410564,3.427413,4.3950335,EXTRACTED
n1663gat,U_n1663gat/ZN,19.57,25.2,False,3554,0.495212,0.2343161,1.70023,2.195442,EXTRACTED
n1665gat,U_n1665gat/ZN,15.39,25.2,False,993,0.6998621999999999,0.998718138,1.616298,2.3161601999999997,EXTRACTED
n1666gat,U_n1666gat/ZN,20.52,21.0,False,993,0.5270981,0.617596134,1.70023,2.2273281,EXTRACTED
n1667gat,U_n1667gat/ZN,16.91,19.6,False,2258,0.0661262,0.041880799999999996,1.70023,1.7663562,EXTRACTED
n1668gat,U_n1668gat/ZN,19.0,19.6,False,3681,0.1235458,0.011605009999999999,1.763571,1.8871168,EXTRACTED
n1669gat,U_n1669gat/ZN,18.24,18.2,False,331,0.067538,0.0012177400000000001,1.70023,1.767768,EXTRACTED
n1670gat,U_n1670gat/ZN,17.48,18.2,False,2258,0.3279659,0.6302180319999998,4.996167,5.3241328999999995,EXTRACTED
n1671gat,U_n1671gat/ZN,18.81,16.8,False,331,0.079738,0.05413304,1.714471,1.7942090000000002,EXTRACTED
n1673gat,U_n1673gat/ZN,10.45,50.4,False,2465,2.68784986,2.8582668690000013,20.35579,23.04363986,EXTRACTED
n1675gat,U_n1675gat/Q,10.83,42.0,True,4934,0.660642,0.897144201,2.633265,3.293907,EXTRACTED
n1678gat,U_n1678gat/Q,4.56,50.4,True,4928,1.07815817,1.070461952,5.171124,6.24928217,EXTRACTED
n167gat,U_n167gat/ZN,43.13,33.6,False,8002,1.6417629,2.0658410159999994,5.227372,6.8691349,EXTRACTED
n1681gat,U_n1681gat/ZN,8.17,53.2,False,578,1.0423398,0.8834932350000001,3.3798690000000002,4.4222088,EXTRACTED
n1683gat,U_n1683gat/ZN,16.53,63.0,False,392,0.47403,0.36933506000000005,1.651345,2.125375,EXTRACTED
n1684gat,U_n1684gat/ZN,6.65,64.4,False,3677,0.0564724,0.02348127,1.616298,1.6727704,EXTRACTED
n1685gat,U_n1685gat/ZN,18.24,47.6,False,1935,0.7485195,0.8014908449999999,2.83415,3.5826695,EXTRACTED
n1686gat,U_n1686gat/ZN,6.84,63.0,False,2812,0.70523,0.20061929999999997,0.941245,1.6464750000000001,EXTRACTED
n168gat,U_n168gat/ZN,40.85,33.6,False,6002,0.10055779999999999,0.11469170000000001,0.941245,1.0418028,EXTRACTED
n1690gat,U_n1690gat/ZN,28.88,50.4,False,1197,0.4864094,0.42519808800000003,3.364072,3.8504814,EXTRACTED
n1692gat,U_n1692gat/ZN,15.96,49.0,False,3991,0.207292,0.2039527,0.941939,1.149231,EXTRACTED
n1695gat,U_n1695gat/ZN,33.82,51.8,False,2152,1.0983338999999999,0.5829188200000001,1.70023,2.7985638999999995,EXTRACTED
n1696gat,U_n1696gat/ZN,18.81,61.6,False,137,0.37868,0.24216066399999997,1.119679,1.4983590000000002,EXTRACTED
n1698gat,U_n1698gat/ZN,19.57,58.8,False,3955,0.6426628999999999,0.366048036,5.017161,5.659823899999999,EXTRACTED
n169gat,U_n169gat/ZN,47.31,26.6,False,2420,0.6379319999999999,0.6414758394900001,0.938321,1.576253,EXTRACTED
n16gat,U_n16gat/ZN,64.22,11.2,False,4169,1.249054,1.381249535000001,10.134966,11.38402,EXTRACTED
n1700gat,U_n1700gat/ZN,38.0,49.0,False,611,2.57667047,3.138024265,9.310233,11.88690347,EXTRACTED
n1701gat,U_n1701gat/ZN,38.95,49.0,False,1030,0.047131,0.07639247999999998,1.714471,1.7616020000000001,EXTRACTED
n1702gat,U_n1702gat/ZN,31.92,44.8,False,586,3.1465141999999995,2.5370445140000006,9.22856,12.3750742,EXTRACTED
n1703gat,U_n1703gat/ZN,34.58,53.2,False,601,0.30395145,0.24897091999999998,4.216347,4.52029845,EXTRACTED
n1704gat,U_n1704gat/ZN,41.42,61.6,False,919,1.9897383499999999,2.593310979999999,7.642112,9.63185035,EXTRACTED
n1705gat,U_n1705gat/ZN,28.5,50.4,False,931,0.48959600000000003,0.5496520949999999,1.714471,2.204067,EXTRACTED
n1706gat,U_n1706gat/ZN,38.76,54.6,False,1280,0.7190492,0.211050217,1.651345,2.3703942000000002,EXTRACTED
n1707gat,U_n1707gat/ZN,22.99,60.2,False,567,0.204536,0.34785531999999997,1.714471,1.9190070000000001,EXTRACTED
n170gat,U_n170gat/ZN,43.32,39.2,False,908,0.319572,0.24102975999999998,0.923766,1.243338,EXTRACTED
n1710gat,U_n1710gat/ZN,16.34,29.4,False,1225,0.17070259999999998,0.07942004,0.946814,1.1175166,EXTRACTED
n1711gat,U_n1711gat/ZN,20.9,28.0,False,4909,1.4352461,0.7997625119999999,3.414701,4.8499471,EXTRACTED
n1712gat,U_n1712gat/ZN,2.09,30.8,False,272,2.0960036,0.8270470160000001,2.819909,4.9159126,EXTRACTED
n1713gat,U_n1713gat/ZN,11.02,35.0,False,427,0.7456833,0.475852872,2.819909,3.5655923,EXTRACTED
n1717gat,U_n1717gat/ZN,10.45,36.4,False,1225,0.2829321,0.09051980999999999,2.819909,3.1028411,EXTRACTED
n171gat,U_n171gat/ZN,45.41,33.6,False,1056,0.16113560000000002,0.17994890000000002,0.914189,1.0753246,EXTRACTED
n1721gat,U_n1721gat/ZN,29.45,44.8,False,1,1.2726899,1.7848095899999998,1.70023,2.9729199,EXTRACTED
n1722gat,U_n1722gat/ZN,27.17,15.4,False,424,0.06226120000000001,0.041513900000000006,1.663842,1.7261032,EXTRACTED
n1723gat,U_n1723gat/ZN,26.41,15.4,False,1,0.375834,0.5244019380000001,0.959052,1.334886,EXTRACTED
n1724gat,U_n1724gat/ZN,17.48,9.8,False,359,0.808068,0.35663451,1.616298,2.424366,EXTRACTED
n1726gat,U_n1726gat/ZN,21.66,15.4,False,28,0.29908,0.030339690000000002,1.70023,1.99931,EXTRACTED
n1727gat,U_n1727gat/ZN,23.56,15.4,False,616,0.064207,0.042800935000000005,1.763571,1.827778,EXTRACTED
n1728gat,U_n1728gat/ZN,23.75,22.4,False,616,0.466076,0.43806777099999994,1.70023,2.166306,EXTRACTED
n1729gat,U_n1729gat/ZN,22.23,23.8,False,1321,1.80976,0.2630434,1.70023,3.50999,EXTRACTED
n1730gat,U_n1730gat/ZN,24.89,16.8,False,465,0.585156,0.327016734,1.616298,2.201454,EXTRACTED
n1731gat,U_n1731gat/ZN,23.75,18.2,False,465,0.0836576,0.049070014,1.70023,1.7838876,EXTRACTED
n1732gat,U_n1732gat/ZN,24.51,18.2,False,359,0.9797870000000001,0.29981366,1.70023,2.680017,EXTRACTED
n1733gat,U_n1733gat/ZN,13.3,33.6,False,594,0.619408,0.30106022000000005,0.946814,1.566222,EXTRACTED
n1734gat,U_n1734gat/ZN,17.48,19.6,False,3681,0.1096066,0.015752150000000003,1.70023,1.8098366,EXTRACTED
n1735gat,U_n1735gat/ZN,15.01,23.8,False,707,1.5091037,1.187149927,5.017161,6.5262647,EXTRACTED
n1736gat,U_n1736gat/ZN,18.05,19.6,False,2336,1.3245235,1.7324827229999993,6.854826,8.1793495,EXTRACTED
n1737gat,U_n1737gat/ZN,20.33,25.2,False,2336,0.421602,0.412594483,1.70023,2.121832,EXTRACTED
n1738gat,U_n1738gat/ZN,13.3,44.8,True,4460,0.383032,0.35261590200000004,1.714471,2.097503,EXTRACTED
n1740gat,U_n1740gat/Q,1.33,40.6,True,4460,1.3527622,1.0030010449999998,4.333495,5.6862572,EXTRACTED
n1743gat,U_n1743gat/ZN,9.12,42.0,False,427,0.0675972,0.14832092000000002,1.714471,1.7820682,EXTRACTED
n1745gat,U_n1745gat/ZN,13.68,63.0,False,5374,1.030392,0.89185747,1.70023,2.730622,EXTRACTED
n1748gat,U_n1748gat/Q,16.53,49.0,True,4831,0.903053,0.64632442,2.570139,3.473192,EXTRACTED
n1755gat,U_n1755gat/ZN,15.01,61.6,False,392,0.047911,0.11528424999999999,0.946814,0.9947250000000001,EXTRACTED
n1756gat,U_n1756gat/ZN,15.77,61.6,False,392,0.0607992,0.045814350000000004,1.70023,1.7610291999999999,EXTRACTED
n1757gat,U_n1757gat/ZN,13.68,61.6,False,2824,0.1357312,0.14071016,1.651345,1.7870762,EXTRACTED
n1758gat,U_n1758gat/ZN,12.16,61.6,False,4740,0.055421,0.0578726,1.714471,1.769892,EXTRACTED
n1759gat,U_n1759gat/ZN,11.02,68.6,False,3677,0.45680200000000004,0.25723424,1.70023,2.157032,EXTRACTED
n1760gat,U_n1760gat/ZN,11.4,47.6,False,8649,1.075206,0.5698633700000001,1.70023,2.775436,EXTRACTED
n1761gat,U_n1761gat/ZN,11.02,60.2,False,8649,0.806392,0.24545596000000003,1.70023,2.506622,EXTRACTED
n1763gat,U_n1763gat/Q,17.1,54.6,True,4645,0.49705420000000006,0.67290539,2.570139,3.0671932,EXTRACTED
n1765gat,U_n1765gat/ZN,21.09,53.2,True,4726,0.10717779999999999,0.04877551,1.663842,1.7710198,EXTRACTED
n1767gat,U_n1767gat/Q,17.67,60.2,True,4726,1.016026,0.5720364500000001,2.619024,3.63505,EXTRACTED
n1769gat,U_n1769gat/ZN,16.34,60.2,True,4676,0.22586528,0.30000126,5.0787580000000005,5.30462328,EXTRACTED
n1771gat,U_n1771gat/Q,18.43,56.0,True,4676,0.5009337,0.62554758,2.619024,3.1199577,EXTRACTED
n1773gat,U_n1773gat/ZN,9.5,61.6,True,4843,0.7165037999999999,0.7318269960000001,7.7656350000000005,8.482138800000001,EXTRACTED
n1775gat,U_n1775gat/Q,9.12,63.0,True,4843,0.78282693,1.4710193939999998,7.697782,8.48060893,EXTRACTED
n1778gat,U_n1778gat/ZN,35.34,51.8,False,551,0.9703446599999999,1.0522477300000004,4.332495,5.30283966,EXTRACTED
n1779gat,U_n1779gat/ZN,37.43,46.2,False,918,0.384976,0.395239534,1.651345,2.036321,EXTRACTED
n1780gat,U_n1780gat/ZN,26.22,56.0,False,3799,0.0408228,0.10702148,1.70023,1.7410527999999998,EXTRACTED
n1781gat,U_n1781gat/ZN,27.55,56.0,False,3799,0.229962,0.11188320000000002,1.119679,1.349641,EXTRACTED
n1782gat,U_n1782gat/ZN,56.62,74.2,False,6475,0.0533488,0.017890816,0.941939,0.9952878,EXTRACTED
n178gat,U_n178gat/ZN,54.34,26.6,False,5717,0.2629496,0.3189563999999999,3.232596,3.4955456,EXTRACTED
n1790gat,U_n1790gat/ZN,18.24,15.4,False,28,4.7009202,3.209525077,8.453065,13.153985200000001,EXTRACTED
n1792gat,U_n1792gat/ZN,13.49,36.4,False,440,0.10787440000000001,0.06938125,1.714471,1.8223454000000001,EXTRACTED
n1793gat,U_n1793gat/ZN,14.63,36.4,False,14,1.1265129999999999,1.5647769759999999,1.119679,2.2461919999999997,EXTRACTED
n1794gat,U_n1794gat/ZN,14.06,36.4,False,354,0.044639,0.024188909999999997,1.714471,1.7591100000000002,EXTRACTED
n1796gat,U_n1796gat/ZN,12.92,37.8,False,86,0.08385079999999999,0.03766695,1.651345,1.7351958,EXTRACTED
n1797gat,U_n1797gat/ZN,26.22,19.6,False,3711,1.2975463,0.8983436540000003,6.5602800000000006,7.857826300000001,EXTRACTED
n1798gat,U_n1798gat/ZN,14.44,40.6,False,5395,0.9862082999999999,0.670674209,3.316528,4.302736299999999,EXTRACTED
n179gat,U_n179gat/ZN,57.76,8.4,False,423,0.18050296999999998,0.278978618,3.2801400000000003,3.4606429700000003,EXTRACTED
n1800gat,U_n1800gat/ZN,12.54,43.4,False,29,0.340908,0.32283054399999994,1.119679,1.460587,EXTRACTED
n1801gat,U_n1801gat/ZN,19.19,21.0,False,3711,0.34253,0.6656585959999999,1.70023,2.04276,EXTRACTED
n1807gat,U_n1807gat/Q,5.51,39.2,True,5028,0.5145682,0.444719104,2.682365,3.1969332,EXTRACTED
n180gat,U_n180gat/ZN,56.24,8.4,False,120,0.4415865,0.31455786199999997,3.351575,3.7931615,EXTRACTED
n1816gat,U_n1816gat/ZN,28.69,78.4,False,2959,0.6410663000000001,0.5173466860000001,2.83415,3.4752163000000005,EXTRACTED
n1817gat,U_n1817gat/ZN,25.08,65.8,False,2959,1.1604495,0.368381635,1.70023,2.8606795,EXTRACTED
n1818gat,U_n1818gat/ZN,5.89,60.2,False,4618,0.709504,0.574594337,1.763571,2.473075,EXTRACTED
n1819gat,U_n1819gat/ZN,23.75,72.8,True,4654,0.425988,0.38495330099999997,1.714471,2.140459,EXTRACTED
n181gat,U_n181gat/ZN,58.14,8.4,False,159,0.5415277000000001,0.6153393899999999,1.70023,2.2417577,EXTRACTED
n1821gat,U_n1821gat/Q,25.84,77.0,True,4654,0.8759540000000001,0.548156505,2.619024,3.494978,EXTRACTED
n1823gat,U_n1823gat/ZN,22.99,72.8,True,4611,1.6499931300000001,1.2896181200000003,3.365816,5.01580913,EXTRACTED
n1825gat,U_n1825gat/Q,29.83,75.6,True,4611,0.7341059999999999,1.1257544,2.619024,3.35313,EXTRACTED
n1827gat,U_n1827gat/ZN,30.78,77.0,False,3780,0.0774534,0.004555066,0.77983,0.8572834,EXTRACTED
n1829gat,U_n1829gat/Q,17.29,67.2,True,4816,0.7255761000000001,0.5550634249999999,2.570139,3.2957151000000002,EXTRACTED
n182gat,U_n182gat/ZN,58.9,9.8,False,116,2.9622636,2.1407625820000002,5.1291720000000005,8.0914356,EXTRACTED
n1831gat,U_n1831gat/ZN,21.47,54.6,False,629,0.5346820000000001,0.61458576,1.70023,2.234912,EXTRACTED
n1832gat,U_n1832gat/ZN,22.23,54.6,True,4778,0.062477000000000005,0.013056499999999999,1.763571,1.8260480000000001,EXTRACTED
n1834gat,U_n1834gat/Q,23.18,57.4,True,4778,0.4581714,0.30364798,2.619024,3.0771954,EXTRACTED
n1836gat,U_n1836gat/ZN,30.59,65.8,False,2152,0.316256,0.10304454,1.119679,1.4359350000000002,EXTRACTED
n1840gat,U_n1840gat/ZN,27.74,11.2,False,5137,1.4799084,0.9856711100000001,0.921561,2.4014694,EXTRACTED
n1841gat,U_n1841gat/ZN,41.23,70.0,False,2258,0.395156,0.20028043400000003,0.941939,1.337095,EXTRACTED
n1842gat,U_n1842gat/ZN,33.63,16.8,False,4909,2.299037,0.53974455,0.921561,3.2205980000000003,EXTRACTED
n1846gat,U_n1846gat/ZN,16.15,28.0,False,3766,0.242756,0.140730015,0.921561,1.164317,EXTRACTED
n1847gat,U_n1847gat/ZN,10.83,26.6,False,5706,0.1143948,0.1589316,0.940092,1.0544868,EXTRACTED
n184gat,U_n184gat/ZN,56.81,7.0,False,136,0.01405286,0.006561849999999999,1.70023,1.71428286,EXTRACTED
n1850gat,U_n1850gat/Q,15.77,35.0,True,4539,0.9565756000000001,0.27303713300000004,5.2104610000000005,6.1670366,EXTRACTED
n1855gat,U_n1855gat/ZN,24.13,68.6,False,476,4.007080569999999,3.3453155519999997,9.971196,13.97827657,EXTRACTED
n1858gat,U_n1858gat/ZN,15.01,40.6,False,2465,2.5941356,2.197135603,14.832389000000001,17.4265246,EXTRACTED
n1859gat,U_n1859gat/ZN,10.64,39.2,False,1225,0.2684784,0.24427479,3.365816,3.6342944,EXTRACTED
n1860gat,U_n1860gat/ZN,15.77,23.8,False,753,0.1636088,0.1131248,1.70023,1.8638388,EXTRACTED
n1861gat,U_n1861gat/ZN,18.62,28.0,False,707,0.475534,0.5642619299999999,1.70023,2.175764,EXTRACTED
n1862gat,U_n1862gat/ZN,16.53,23.8,False,2570,0.0529352,0.08854829,1.616298,1.6692332,EXTRACTED
n1863gat,U_n1863gat/ZN,15.2,21.0,False,2570,0.26524,0.00275346,1.70023,1.9654699999999998,EXTRACTED
n1864gat,U_n1864gat/ZN,12.54,39.2,False,1566,0.54716,0.8332598900000001,3.463801,4.010961,EXTRACTED
n1865gat,U_n1865gat/ZN,16.53,21.0,False,2581,0.12887900000000002,0.27205381,1.70023,1.8291089999999999,EXTRACTED
n1866gat,U_n1866gat/ZN,13.87,21.0,False,2581,0.7982440000000001,0.42500497,1.763571,2.561815,EXTRACTED
n1869gat,U_n1869gat/ZN,9.12,58.8,True,4854,6.68359717,3.7485889770000007,9.533251,16.21684817,EXTRACTED
n186gat,U_n186gat/ZN,56.05,7.0,False,332,0.29317377,0.20357581,3.414701,3.70787477,EXTRACTED
n1871gat,U_n1871gat/Q,6.46,60.2,True,4854,0.7191641,0.8061742299999999,4.319254,5.0384180999999995,EXTRACTED
n1878gat,U_n1878gat/ZN,15.77,56.0,True,4717,0.44795379999999996,0.45507848200000006,3.267643,3.7155968,EXTRACTED
n187gat,U_n187gat/ZN,58.9,15.4,False,227,0.39344199999999996,0.33088644999999994,1.70023,2.0936719999999998,EXTRACTED
n1880gat,U_n1880gat/Q,15.96,57.4,True,4717,0.8150759999999999,0.8433344199999999,4.333495,5.1485710000000005,EXTRACTED
n1882gat,U_n1882gat/ZN,18.81,64.4,False,3759,0.444158,0.36852085100000004,1.119679,1.5638370000000001,EXTRACTED
n1885gat,U_n1885gat/ZN,27.93,8.4,False,0,0.044542,0.016815740000000003,0.941939,0.9864809999999999,EXTRACTED
n1889gat,U_n1889gat/ZN,19.95,5.6,False,2490,0.43105200000000005,0.124125838,0.941939,1.372991,EXTRACTED
n188gat,U_n188gat/ZN,52.25,12.6,False,642,1.1714957,0.567256245,6.5602800000000006,7.7317757,EXTRACTED
n1890gat,U_n1890gat/ZN,39.33,68.6,False,0,0.596698,0.7814039389999999,0.941939,1.538637,EXTRACTED
n1892gat,U_n1892gat/ZN,14.25,26.6,False,5137,3.190296,1.010154053,3.351575,6.541871,EXTRACTED
n1894gat,U_n1894gat/ZN,12.92,22.4,False,1643,0.24902000000000002,0.115131605,0.959052,1.208072,EXTRACTED
n1895gat,U_n1895gat/ZN,14.06,28.0,False,1954,0.4079664,0.21725905500000003,5.066046,5.4740124,EXTRACTED
n1896gat,U_n1896gat/ZN,16.91,29.4,False,3236,1.238977,1.3749137480000002,3.414701,4.653678,EXTRACTED
n1899gat,U_n1899gat/Q,18.05,29.4,True,4539,3.4318018,2.416494945,12.603833,16.0356348,EXTRACTED
n189gat,U_n189gat/ZN,53.96,9.8,False,782,0.9692785000000002,0.81305946497,5.290713,6.2599915,EXTRACTED
n1915gat,U_n1915gat/ZN,10.83,43.4,False,47,0.34995829999999994,0.59319329,1.119679,1.4696373,EXTRACTED
n1916gat,U_n1916gat/ZN,11.97,43.4,False,303,0.45454629999999996,0.36111150599999997,1.67413,2.1286763,EXTRACTED
n1917gat,U_n1917gat/ZN,11.59,43.4,False,4206,0.066303,0.003999896,1.714471,1.780774,EXTRACTED
n1918gat,U_n1918gat/ZN,19.0,22.4,True,4520,0.6528259000000001,0.576684015,6.793229,7.4460549,EXTRACTED
n1919gat,U_n1919gat/ZN,12.73,23.8,False,753,1.787888,0.4637736140000001,3.30269,5.090578,EXTRACTED
n1920gat,U_n1920gat/ZN,13.11,43.4,False,1191,0.31747600000000004,0.40366781000000007,1.70023,2.017706,EXTRACTED
n1921gat,U_n1921gat/ZN,11.97,39.2,False,4206,0.5072300999999999,0.34289362600000006,3.364072,3.8713021000000003,EXTRACTED
n1922gat,U_n1922gat/ZN,10.64,33.6,False,5395,0.8988940000000001,0.44578771000000006,1.651345,2.5502390000000004,EXTRACTED
n1923gat,U_n1923gat/ZN,8.55,36.4,False,1566,0.5053837,0.447575898,1.651345,2.1567287,EXTRACTED
n1924gat,U_n1924gat/ZN,10.26,42.0,False,83,0.414316,0.45118719199999996,1.60595,2.020266,EXTRACTED
n1925gat,U_n1925gat/ZN,10.83,46.2,False,1191,0.4366157,0.5601621210000001,1.714471,2.1510867,EXTRACTED
n1926gat,U_n1926gat/ZN,15.2,42.0,False,23,0.235282,0.229146041,1.736804,1.972086,EXTRACTED
n1927gat,U_n1927gat/ZN,15.2,43.4,False,479,0.5560491000000001,0.39819239,1.119679,1.6757281000000002,EXTRACTED
n1929gat,U_n1929gat/ZN,12.73,61.6,False,4761,0.1062184,0.091333178,1.70023,1.8064483999999998,EXTRACTED
n1934gat,U_n1934gat/ZN,13.3,65.8,False,3955,0.813558,0.6591036350000001,1.70023,2.513788,EXTRACTED
n1935gat,U_n1935gat/ZN,24.13,72.8,False,1971,1.1945264999999998,0.530911044,3.327684,4.5222105,EXTRACTED
n1945gat,U_n1945gat/ZN,32.3,46.2,False,1197,0.1839496,0.074165043,1.119679,1.3036286000000001,EXTRACTED
n194gat,U_n194gat/ZN,57.38,9.8,False,227,0.0277608,0.049693379999999995,1.714471,1.7422318,EXTRACTED
n1957gat,U_n1957gat/ZN,14.82,28.0,False,3649,0.1316202,0.10973803299999998,0.921561,1.0531812,EXTRACTED
n1958gat,U_n1958gat/ZN,7.22,26.6,False,4498,0.41474482,0.170069465,5.066046,5.48079082,EXTRACTED
n1959gat,U_n1959gat/ZN,15.2,26.6,False,3711,0.0345804,0.0926778,0.940092,0.9746724,EXTRACTED
n195gat,U_n195gat/ZN,57.57,7.0,False,136,0.409632,0.60387765,1.651345,2.0609770000000003,EXTRACTED
n1961gat,U_n1961gat/ZN,24.13,26.6,False,2490,1.88922,1.6653334400000002,3.351575,5.240795,EXTRACTED
n1962gat,U_n1962gat/ZN,13.49,28.0,False,3638,0.0759154,0.16551654999999998,0.946814,1.0227294,EXTRACTED
n1964gat,U_n1964gat/ZN,26.98,16.8,False,3788,0.387488,0.64759541,0.921561,1.309049,EXTRACTED
n1967gat,U_n1967gat/ZN,12.16,28.0,False,2867,0.24744600000000003,0.6026486799999999,0.941939,1.189385,EXTRACTED
n1968gat,U_n1968gat/ZN,12.16,26.6,False,4498,0.3892844,0.54097506,5.031214,5.4204984000000005,EXTRACTED
n196gat,U_n196gat/ZN,62.51,11.2,False,89,0.48380199999999995,0.5582234200000001,1.651345,2.135147,EXTRACTED
n1970gat,U_n1970gat/ZN,18.24,43.4,False,3236,0.101688,0.1322107,1.651345,1.753033,EXTRACTED
n1971gat,U_n1971gat/ZN,25.27,44.8,False,3796,0.336466,0.347112788,0.941939,1.278405,EXTRACTED
n1972gat,U_n1972gat/ZN,18.43,40.6,False,2684,0.156153,0.087152188,0.946814,1.102967,EXTRACTED
n1973gat,U_n1973gat/ZN,17.67,43.4,True,4542,0.27421999999999996,0.9938146560000001,1.651345,1.925565,EXTRACTED
n1975gat,U_n1975gat/Q,21.47,40.6,True,4542,0.84293,0.5525022450000001,4.333495,5.176425,EXTRACTED
n1978gat,U_n1978gat/ZN,30.78,43.4,False,1361,0.1509454,0.19823047949000003,1.616298,1.7672434,EXTRACTED
n197gat,U_n197gat/ZN,57.76,9.8,False,135,0.26942,0.210494415,1.714471,1.983891,EXTRACTED
n1986gat,U_n1986gat/ZN,32.3,21.0,True,4470,1.6178471099999998,1.547583456,12.703041,14.32088811,EXTRACTED
n1988gat,U_n1988gat/ZN,12.16,23.8,True,4465,1.08676416,0.9865185689999998,8.37448,9.46124416,EXTRACTED
n1989gat,U_n1989gat/ZN,17.67,16.8,True,4455,0.40360329,0.5260193340000001,5.031214,5.434817290000001,EXTRACTED
n1990gat,U_n1990gat/ZN,25.08,60.2,False,676,1.4438890000000002,1.7595368190000003,3.299816,4.743705,EXTRACTED
n1994gat,U_n1994gat/ZN,15.39,40.6,False,244,0.23709,0.17661700000000002,1.635974,1.873064,EXTRACTED
n199gat,U_n199gat/ZN,56.43,1.4,False,84,0.439472,0.401790733,1.714471,2.153943,EXTRACTED
n2002gat,U_n2002gat/ZN,7.03,58.8,False,1892,0.362566,0.3930320299999999,1.714471,2.0770370000000002,EXTRACTED
n2004gat,U_n2004gat/ZN,12.35,60.2,False,4761,0.400204,0.24067818299999996,1.616298,2.016502,EXTRACTED
n2005gat,U_n2005gat/ZN,5.7,65.8,False,509,0.236846,0.28762000000000004,1.651345,1.888191,EXTRACTED
n2008gat,U_n2008gat/ZN,7.98,64.4,False,1892,0.42227200000000004,0.11247011999999999,1.70023,2.122502,EXTRACTED
n2009gat,U_n2009gat/ZN,15.77,63.0,False,3919,0.493932,0.36287471400000004,1.119679,1.6136110000000001,EXTRACTED
n200gat,U_n200gat/ZN,59.09,7.0,False,41,0.0556854,0.0040269369999999995,1.714471,1.7701564,EXTRACTED
n2011gat,U_n2011gat/ZN,48.07,39.2,False,3256,0.85684,0.635096278,5.080287,5.937127,EXTRACTED
n2012gat,U_n2012gat/ZN,6.08,68.6,False,3236,0.322614,0.21400580000000002,1.714471,2.0370850000000003,EXTRACTED
n2014gat,U_n2014gat/ZN,19.0,68.6,False,476,0.279434,0.07992275,1.70023,1.9796639999999999,EXTRACTED
n2015gat,U_n2015gat/ZN,10.64,64.4,False,3735,0.1035716,0.06398172,1.119679,1.2232506,EXTRACTED
n2016gat,U_n2016gat/ZN,19.76,53.2,False,3236,1.7645956999999999,1.205469855,6.829617,8.5942127,EXTRACTED
n2017gat,U_n2017gat/ZN,15.96,67.2,False,3253,0.280474,0.085956122,1.119679,1.400153,EXTRACTED
n2018gat,U_n2018gat/ZN,18.43,68.6,False,4650,0.046331000000000004,0.02844923,1.635974,1.682305,EXTRACTED
n2019gat,U_n2019gat/ZN,20.52,53.2,True,4791,0.0407346,0.05022908,1.714471,1.7552056,EXTRACTED
n2021gat,U_n2021gat/Q,22.42,53.2,True,4791,0.2075935,0.27054817400000003,2.619024,2.8266175000000002,EXTRACTED
n2023gat,U_n2023gat/ZN,12.16,72.8,True,4838,0.1257242,0.02788323,1.119679,1.2454032000000002,EXTRACTED
n2025gat,U_n2025gat/Q,10.83,70.0,True,4838,0.4654224,0.291290284,2.619024,3.0844464,EXTRACTED
n2027gat,U_n2027gat/ZN,21.85,68.6,True,4650,0.1148626,0.0040167,1.119679,1.2345416,EXTRACTED
n2029gat,U_n2029gat/Q,22.23,71.4,True,4650,0.6789665,0.2173265,2.619024,3.2979905,EXTRACTED
n2031gat,U_n2031gat/ZN,18.62,75.6,True,4584,0.5076245,0.25077571700000006,2.059771,2.5673955,EXTRACTED
n2033gat,U_n2033gat/Q,23.18,74.2,True,4584,1.311034,1.1489923259999997,2.619024,3.930058,EXTRACTED
n2035gat,U_n2035gat/ZN,15.39,70.0,True,4715,1.0481847,0.9266444299999999,3.780249,4.8284337,EXTRACTED
n2037gat,U_n2037gat/Q,6.46,70.0,True,4715,0.31900039999999996,1.07690842,2.619024,2.9380243999999998,EXTRACTED
n2040gat,U_n2040gat/Q,15.2,58.8,True,4712,1.038117,0.4968201839999999,2.682365,3.7204819999999996,EXTRACTED
n2042gat,U_n2042gat/ZN,2.28,75.6,True,4706,0.656793,0.70203056,1.119679,1.776472,EXTRACTED
n2044gat,U_n2044gat/Q,7.79,65.8,True,4706,0.8930491,1.08734601,2.619024,3.5120731000000003,EXTRACTED
n2047gat,U_n2047gat/ZN,42.37,15.4,False,5599,0.576358,0.37991322999999994,0.941939,1.518297,EXTRACTED
n2048gat,U_n2048gat/ZN,25.08,26.6,False,0,1.3787087,1.3222316209999998,3.414701,4.7934097,EXTRACTED
n2049gat,U_n2049gat/ZN,37.24,72.8,False,5769,0.31313401,0.5443344800000001,3.414701,3.72783501,EXTRACTED
n204gat,U_n204gat/ZN,58.52,7.0,False,130,2.4614380000000002,0.477337,1.70023,4.161668000000001,EXTRACTED
n2050gat,U_n2050gat/ZN,41.23,26.6,False,5648,0.09270740000000001,0.081434818,0.941939,1.0346464,EXTRACTED
n2051gat,U_n2051gat/ZN,9.31,40.6,False,5363,1.2388764,0.8356320799999999,0.941939,2.1808154,EXTRACTED
n2053gat,U_n2053gat/ZN,32.49,19.6,False,3554,0.0440294,0.02196603,0.959052,1.0030814000000001,EXTRACTED
n2054gat,U_n2054gat/ZN,26.03,26.6,False,5232,0.291006,0.31812428000000004,0.941939,1.232945,EXTRACTED
n2055gat,U_n2055gat/ZN,11.59,28.0,False,5620,0.340504,0.47617815,0.946814,1.287318,EXTRACTED
n2056gat,U_n2056gat/ZN,13.11,29.4,False,5363,1.4381939,1.1956487106,3.414701,4.8528949,EXTRACTED
n2057gat,U_n2057gat/ZN,37.81,72.8,False,251,0.388456,0.137277388,1.119679,1.5081350000000002,EXTRACTED
n2058gat,U_n2058gat/ZN,34.01,23.8,False,2258,3.8027820000000006,1.43170963341,3.351575,7.154357000000001,EXTRACTED
n2061gat,U_n2061gat/Q,18.43,26.6,True,4523,3.1079820700000003,2.5192718890000005,11.459467,14.56744907,EXTRACTED
n2073gat,U_n2073gat/ZN,25.08,77.0,False,11,0.788602,0.566389174,0.941939,1.730541,EXTRACTED
n2078gat,U_n2078gat/ZN,16.72,43.4,False,653,0.211046,0.23507303200000002,0.974659,1.185705,EXTRACTED
n2079gat,U_n2079gat/ZN,36.48,58.8,False,11,0.845182,0.9562270649999998,0.946814,1.7919960000000001,EXTRACTED
n207gat,U_n207gat/ZN,35.91,79.8,False,4599,0.0609796,0.00321415,0.941939,1.0029185999999999,EXTRACTED
n2081gat,U_n2081gat/ZN,56.43,49.0,False,4530,1.2636942800000002,1.694033689,13.652642,14.91633628,EXTRACTED
n2082gat,U_n2082gat/ZN,23.37,47.6,True,4801,0.5517035,1.1797780900000001,1.714471,2.2661745,EXTRACTED
n2084gat,U_n2084gat/Q,17.67,51.8,True,4801,0.5658601,0.44461531948999994,2.619024,3.1848841,EXTRACTED
n2091gat,U_n2091gat/Q,7.41,44.8,True,4974,0.6244959,0.822210348,2.535092,3.1595879,EXTRACTED
n2093gat,U_n2093gat/ZN,20.14,70.0,True,4829,0.7108369999999999,0.354225177,3.7321299999999997,4.4429669999999994,EXTRACTED
n2095gat,U_n2095gat/Q,19.57,65.8,True,4829,0.4497055,0.592278014,2.619024,3.0687295,EXTRACTED
n2097gat,U_n2097gat/ZN,18.24,70.0,True,4714,0.0416418,0.0767566,1.651345,1.6929868000000001,EXTRACTED
n2099gat,U_n2099gat/Q,7.6,71.4,True,4714,0.907862,1.0782101400000002,2.619024,3.526886,EXTRACTED
n2102gat,U_n2102gat/Q,15.96,36.4,True,4567,2.1725662999999997,1.141812621,2.619024,4.791590299999999,EXTRACTED
n2108gat,U_n2108gat/ZN,16.34,77.0,True,4667,0.4000023,0.30044610999999993,2.060924,2.4609263,EXTRACTED
n2110gat,U_n2110gat/Q,14.25,75.6,True,4667,0.9811685,0.40527137599999996,2.619024,3.6001925,EXTRACTED
n2115gat,U_n2115gat/ZN,18.43,64.4,True,4721,0.036187199999999996,0.03386506,1.663842,1.7000292000000001,EXTRACTED
n2117gat,U_n2117gat/Q,1.33,67.2,True,4721,1.82556236,0.9929455899999999,1.70023,3.5257923599999996,EXTRACTED
n2119gat,U_n2119gat/ZN,10.83,74.2,True,4839,0.719024,0.163178477,1.119679,1.8387030000000002,EXTRACTED
n2121gat,U_n2121gat/Q,7.79,82.6,True,4839,1.215154,0.276065941,2.619024,3.834178,EXTRACTED
n2123gat,U_n2123gat/ZN,13.68,77.0,True,4835,0.37226400000000004,0.226349951,1.119679,1.491943,EXTRACTED
n2125gat,U_n2125gat/Q,11.97,71.4,True,4835,1.1447771,0.8911342679999997,4.382595,5.5273721,EXTRACTED
n2128gat,U_n2128gat/ZN,30.4,67.2,False,3891,0.829154,0.566122059,1.60595,2.435104,EXTRACTED
n2129gat,U_n2129gat/ZN,32.68,70.0,False,3891,0.239288,0.38284800999999996,1.70023,1.9395179999999999,EXTRACTED
n212gat,U_n212gat/ZN,71.25,30.8,False,280,0.720642,0.5931605039999999,1.70023,2.420872,EXTRACTED
n2130gat,U_n2130gat/ZN,28.12,65.8,False,4828,0.507034,0.49356812999999994,0.941939,1.448973,EXTRACTED
n2131gat,U_n2131gat/ZN,35.34,70.0,False,4550,0.0749278,0.009724545000000001,1.651345,1.7262728,EXTRACTED
n2132gat,U_n2132gat/ZN,34.77,70.0,False,2593,0.48703199999999996,0.149016905,0.946814,1.433846,EXTRACTED
n2133gat,U_n2133gat/ZN,34.39,70.0,True,4489,0.068695,0.01448771,1.714471,1.783166,EXTRACTED
n2135gat,U_n2135gat/Q,32.49,72.8,True,4489,1.2750538,0.876887832,5.997337,7.2723908,EXTRACTED
n2139gat,U_n2139gat/Q,22.8,32.2,True,4503,2.8375359999999996,2.306111581999999,13.141807,15.979343,EXTRACTED
n2143gat,U_n2143gat/Q,20.52,37.8,True,4524,3.82998565,2.5525433359399994,9.628595,13.45858065,EXTRACTED
n2146gat,U_n2146gat/ZN,30.97,16.8,False,5648,1.251376,0.569598059,3.351575,4.602951,EXTRACTED
n2147gat,U_n2147gat/ZN,30.78,39.2,False,454,0.699188,0.02653463,1.70023,2.399418,EXTRACTED
n2148gat,U_n2148gat/ZN,37.05,46.2,False,23,5.42811693,6.606326670999999,20.240579,25.66869593,EXTRACTED
n2149gat,U_n2149gat/ZN,29.64,22.4,False,5993,0.1242064,0.13461367999999999,0.921561,1.0457674,EXTRACTED
n2150gat,U_n2150gat/ZN,28.69,19.6,False,3681,0.090393,0.018790259999999996,0.940092,1.030485,EXTRACTED
n2151gat,U_n2151gat/ZN,29.64,21.0,False,5000,0.578391,0.80394804,4.979029000000001,5.5574200000000005,EXTRACTED
n2153gat,U_n2153gat/ZN,29.45,39.2,True,4971,0.0443746,0.09925415,1.651345,1.6957196,EXTRACTED
n2155gat,U_n2155gat/Q,13.68,44.8,True,4971,1.6201575,1.6311879520000003,4.270369,5.8905265,EXTRACTED
n2158gat,U_n2158gat/ZN,24.51,56.0,False,5104,0.8994871900000001,1.139967249,2.8404420000000004,3.7399291900000007,EXTRACTED
n2162gat,U_n2162gat/ZN,36.86,43.4,False,825,2.0748189,1.5180224280000003,13.463264,15.538082900000001,EXTRACTED
n2163gat,U_n2163gat/ZN,20.33,58.8,False,3584,0.26858,0.79587027,1.119679,1.3882590000000001,EXTRACTED
n2167gat,U_n2167gat/ZN,14.44,72.8,True,4851,0.209582,0.29908879,0.959052,1.168634,EXTRACTED
n2169gat,U_n2169gat/Q,12.92,68.6,True,4851,0.9506502,1.323263496,4.224974,5.1756242,EXTRACTED
n2174gat,U_n2174gat/ZN,17.29,68.6,True,4645,0.15227659999999998,0.02964047,2.04124,2.1935166,EXTRACTED
n2176gat,U_n2176gat/Q,16.72,77.0,True,4645,0.5877574,0.20477343400000006,2.619024,3.2067814,EXTRACTED
n2179gat,U_n2179gat/Q,28.5,49.0,True,4489,1.0489441,1.0745489939999997,2.592924,3.6418681,EXTRACTED
n2182gat,U_n2182gat/Q,30.78,67.2,True,4769,1.04055279,1.22706818,2.535092,3.57564479,EXTRACTED
n2184gat,U_n2184gat/ZN,41.04,72.8,False,0,0.2432344,0.318438181,3.414701,3.6579354,EXTRACTED
n2185gat,U_n2185gat/ZN,37.81,68.6,False,4550,0.78744162,0.9406063519999999,3.351575,4.13901662,EXTRACTED
n2186gat,U_n2186gat/ZN,30.02,51.8,False,6186,0.47287540000000006,1.10848846949,0.941939,1.4148144,EXTRACTED
n2187gat,U_n2187gat/ZN,36.67,77.0,False,2659,0.43813976,0.6099431100000001,3.414701,3.85284076,EXTRACTED
n2190gat,U_n2190gat/Q,30.97,74.2,True,4617,0.9684149000000001,0.7056609779999999,7.685285,8.653699900000001,EXTRACTED
n2192gat,U_n2192gat/ZN,42.18,74.2,False,476,0.152373,0.18049928,1.119679,1.2720520000000002,EXTRACTED
n2193gat,U_n2193gat/ZN,31.54,21.0,False,5000,0.5758666,0.69264513,5.1291720000000005,5.705038600000001,EXTRACTED
n2194gat,U_n2194gat/ZN,40.47,74.2,False,399,0.1774588,0.20959443,1.119679,1.2971378,EXTRACTED
n2195gat,U_n2195gat/ZN,22.23,39.2,False,463,0.570986,0.52250684,1.70023,2.271216,EXTRACTED
n2196gat,U_n2196gat/ZN,36.48,21.0,False,278,0.49972600000000006,0.463303352,1.119679,1.6194050000000002,EXTRACTED
n2197gat,U_n2197gat/ZN,34.2,29.4,False,247,0.21142,0.112787552,1.119679,1.331099,EXTRACTED
n2198gat,U_n2198gat/ZN,38.76,30.8,False,412,0.31359200000000004,0.42400349000000004,1.119679,1.4332710000000002,EXTRACTED
n2199gat,U_n2199gat/ZN,40.85,39.2,False,454,2.6967971,1.9724699179999994,10.223700000000001,12.9204971,EXTRACTED
n219gat,U_n219gat/ZN,72.58,30.8,False,164,2.96095682,3.1880831709999997,15.240861,18.201817820000002,EXTRACTED
n21gat,U_n21gat/ZN,62.32,9.8,False,174,0.1571738,0.17344434,1.651345,1.8085188,EXTRACTED
n2200gat,U_n2200gat/ZN,27.36,44.8,False,653,0.5301938,0.7109857900000001,1.714471,2.2446648000000002,EXTRACTED
n2201gat,U_n2201gat/ZN,35.72,26.6,True,4793,2.1867156899999998,1.1328668964700002,10.358413,12.54512869,EXTRACTED
n2203gat,U_n2203gat/Q,36.29,26.6,True,4793,0.7233248,0.8176568799999999,5.85162,6.5749448,EXTRACTED
n2205gat,U_n2205gat/ZN,35.15,30.8,True,4515,1.46092527,1.1667659790000002,9.649741,11.110666270000001,EXTRACTED
n2207gat,U_n2207gat/Q,31.35,26.6,True,4515,0.4731641999999999,0.62285266,6.146166,6.6193302,EXTRACTED
n2209gat,U_n2209gat/ZN,39.9,23.8,False,5599,0.8571960000000001,0.489028313,3.351575,4.2087710000000005,EXTRACTED
n2210gat,U_n2210gat/ZN,29.07,21.0,False,2367,0.0940156,0.12260424,0.941939,1.0359546,EXTRACTED
n2211gat,U_n2211gat/ZN,37.05,19.6,False,4972,0.44546800000000003,0.39308400000000004,0.946814,1.392282,EXTRACTED
n2213gat,U_n2213gat/ZN,23.18,25.2,False,1967,0.636834,0.51529107,0.959052,1.5958860000000001,EXTRACTED
n2214gat,U_n2214gat/ZN,34.2,40.6,True,4515,0.7564426399999999,0.33161473794000007,7.089122,7.845564639999999,EXTRACTED
n2215gat,U_n2215gat/ZN,22.42,25.2,False,2892,0.46624498000000003,1.076352945,5.00292,5.4691649799999995,EXTRACTED
n2216gat,U_n2216gat/ZN,25.08,23.8,True,4534,0.9600031200000001,1.1840267019999997,6.7423850000000005,7.70238812,EXTRACTED
n2218gat,U_n2218gat/ZN,35.91,42.0,False,4530,1.43520834,2.130333938,1.70023,3.13543834,EXTRACTED
n2219gat,U_n2219gat/ZN,35.72,40.6,False,7961,0.726228,0.192553128,1.70023,2.426458,EXTRACTED
n221gat,U_n221gat/ZN,61.18,72.8,False,5857,1.51062107,1.374414266,4.932826,6.44344707,EXTRACTED
n2220gat,U_n2220gat/ZN,35.15,40.6,False,825,0.24447200000000002,0.06591966999999999,1.70023,1.944702,EXTRACTED
n2223gat,U_n2223gat/ZN,36.48,40.6,False,4128,0.1497898,0.17270052,1.70023,1.8500197999999999,EXTRACTED
n222gat,U_n222gat/ZN,57.76,64.4,False,3091,0.658048,0.65003571,0.941245,1.5992929999999999,EXTRACTED
n2237gat,U_n2237gat/ZN,41.04,78.4,False,5560,0.24575200000000003,0.10622250999999999,0.941939,1.187691,EXTRACTED
n2238gat,U_n2238gat/ZN,20.71,64.4,False,3558,0.207356,0.1938642,1.651345,1.8587010000000002,EXTRACTED
n2239gat,U_n2239gat/ZN,19.0,65.8,False,586,0.4092183,0.46758356999999995,3.232596,3.6418143,EXTRACTED
n223gat,U_n223gat/ZN,57.19,68.6,False,1761,0.41567200000000004,0.5109084199999999,0.938321,1.353993,EXTRACTED
n2243gat,U_n2243gat/ZN,60.42,26.6,False,9836,0.620838,0.29000394,0.941939,1.562777,EXTRACTED
n2244gat,U_n2244gat/ZN,83.79,28.0,False,6739,0.367684,0.81594939,0.941939,1.309623,EXTRACTED
n2245gat,U_n2245gat/ZN,58.33,14.0,False,8813,0.8260559199999999,0.64834143,0.941939,1.76799492,EXTRACTED
n2246gat,U_n2246gat/ZN,82.27,37.8,False,6937,0.042623999999999995,0.019245022000000004,0.941939,0.984563,EXTRACTED
n2248gat,U_n2248gat/ZN,29.07,72.8,False,3770,0.563034,0.6285031699999999,1.714471,2.277505,EXTRACTED
n2249gat,U_n2249gat/ZN,35.91,70.0,False,2824,1.057699,0.27388268,0.941939,1.999638,EXTRACTED
n224gat,U_n224gat/ZN,59.28,65.8,False,1810,0.47933650000000005,0.6265065400000001,0.923766,1.4031025000000001,EXTRACTED
n2250gat,U_n2250gat/ZN,35.15,67.2,False,5061,0.4988789,0.9624524299999999,0.946814,1.4456929,EXTRACTED
n2255gat,U_n2255gat/ZN,37.24,71.4,False,3770,0.0708794,0.12539882,0.921561,0.9924404,EXTRACTED
n2257gat,U_n2257gat/ZN,36.86,71.4,True,4617,0.3164108,0.45550065000000006,3.5382510000000003,3.8546618,EXTRACTED
n2258gat,U_n2258gat/ZN,37.81,71.4,False,3715,0.0472674,0.01820656,0.959052,1.0063194,EXTRACTED
n225gat,U_n225gat/ZN,59.47,64.4,False,2027,0.559646,0.52504912,0.914189,1.473835,EXTRACTED
n2260gat,U_n2260gat/ZN,37.62,65.8,True,4656,1.0313229,0.8967398530000001,4.361515,5.3928379,EXTRACTED
n2262gat,U_n2262gat/Q,32.49,71.4,True,4656,0.8300658,0.510118695,7.664264,8.494329800000001,EXTRACTED
n2264gat,U_n2264gat/ZN,27.17,71.4,True,4603,0.5927709999999999,0.8485798800000001,1.651345,2.244116,EXTRACTED
n2266gat,U_n2266gat/Q,24.7,72.8,True,4603,0.80697554,0.9595560060000001,4.333495,5.14047054,EXTRACTED
n2270gat,U_n2270gat/Q,37.81,77.0,True,4537,0.46955959999999997,0.4069183700000001,4.270369,4.7399286,EXTRACTED
n2281gat,U_n2281gat/ZN,27.74,28.0,False,5232,0.49054237,0.8961242299999999,3.351575,3.84211737,EXTRACTED
n2282gat,U_n2282gat/ZN,30.78,26.6,False,5193,0.30193000000000003,0.58161738,0.941939,1.2438690000000001,EXTRACTED
n2283gat,U_n2283gat/ZN,28.69,22.4,True,4470,1.67878669,2.0594230829999995,8.686857,10.365643689999999,EXTRACTED
n2284gat,U_n2284gat/ZN,40.85,26.6,True,4541,2.78584964,2.660687548300001,14.882603,17.668452639999998,EXTRACTED
n2285gat,U_n2285gat/ZN,39.52,43.4,True,4471,0.38149120000000003,0.559157327,6.7597380000000005,7.141229200000001,EXTRACTED
n2286gat,U_n2286gat/ZN,32.68,43.4,False,1361,0.6191106000000001,0.834453332,2.659282,3.2783926,EXTRACTED
n2289gat,U_n2289gat/ZN,32.3,43.4,False,197,0.60063,0.73669335,2.636032,3.236662,EXTRACTED
n2291gat,U_n2291gat/ZN,39.9,40.6,False,488,0.40638399999999997,0.39517125999999997,1.70023,2.106614,EXTRACTED
n2292gat,U_n2292gat/ZN,40.66,42.0,False,614,0.324846,0.34773404500000005,1.70023,2.025076,EXTRACTED
n2293gat,U_n2293gat/ZN,38.38,40.6,False,411,0.12295319999999998,0.027529287999999996,1.70023,1.8231832,EXTRACTED
n22gat,U_n22gat/ZN,60.42,8.4,False,131,0.539238,0.25283736800000006,1.651345,2.190583,EXTRACTED
n2306gat,U_n2306gat/ZN,40.66,43.4,False,3256,0.6237560000000001,0.47603272999999996,1.70023,2.323986,EXTRACTED
n2307gat,U_n2307gat/ZN,28.88,61.6,True,4444,0.1292257,0.12866662400000003,2.735977,2.8652027,EXTRACTED
n2309gat,U_n2309gat/Q,27.93,54.6,True,4444,0.9305679,0.619064789,2.619024,3.5495919000000002,EXTRACTED
n2317gat,U_n2317gat/ZN,30.02,74.2,True,4788,0.20143799999999998,0.064337832,1.651345,1.852783,EXTRACTED
n2319gat,U_n2319gat/Q,29.64,63.0,True,4788,0.9964620000000001,0.3465249080000001,2.619024,3.615486,EXTRACTED
n2325gat,U_n2325gat/ZN,54.91,68.6,False,5896,0.18181760000000002,0.39530792099999995,0.941939,1.1237566,EXTRACTED
n2328gat,U_n2328gat/ZN,39.52,23.8,False,0,3.9901098,1.0858516500000002,3.351575,7.3416847999999995,EXTRACTED
n2329gat,U_n2329gat/ZN,29.83,70.0,False,291,0.0493498,0.00721335,1.70023,1.7495797999999998,EXTRACTED
n2330gat,U_n2330gat/ZN,27.93,29.4,False,346,0.250176,0.17046041,1.119679,1.369855,EXTRACTED
n2331gat,U_n2331gat/ZN,26.98,21.0,False,3556,0.545356,0.31102901999999993,0.941939,1.487295,EXTRACTED
n2339gat,U_n2339gat/Q,33.44,78.4,True,4574,0.45146875000000003,0.8200847899999999,4.270369,4.72183775,EXTRACTED
n2343gat,U_n2343gat/Q,29.45,30.8,True,4541,1.4028266999999999,1.338921546,6.146166,7.5489926999999994,EXTRACTED
n2345gat,U_n2345gat/ZN,28.5,23.8,True,4465,1.3187294999999999,1.631420427,8.445915,9.7646445,EXTRACTED
n2347gat,U_n2347gat/Q,26.22,18.2,True,4465,1.2719366,1.6439471890000004,7.685285,8.9572216,EXTRACTED
n2349gat,U_n2349gat/ZN,20.9,25.2,False,2892,0.348922,0.29261549899999995,1.651345,2.000267,EXTRACTED
n234gat,U_n234gat/ZN,31.54,14.0,False,4878,0.6505639999999999,0.79916883,0.946814,1.597378,EXTRACTED
n2350gat,U_n2350gat/ZN,17.67,26.6,False,1109,0.5406375,0.68654045,0.946814,1.4874515000000001,EXTRACTED
n2351gat,U_n2351gat/ZN,23.37,22.4,True,4534,2.9322303100000005,3.223248794000001,20.075115,23.00734531,EXTRACTED
n2352gat,U_n2352gat/ZN,30.21,26.6,False,5329,1.50153575,1.091308375,3.414701,4.9162367499999995,EXTRACTED
n2353gat,U_n2353gat/ZN,37.43,29.4,True,4471,2.6613701900000004,2.9776091080000002,16.060073,18.72144319,EXTRACTED
n2354gat,U_n2354gat/ZN,34.96,42.0,True,4793,0.39386624,0.41698526199999997,5.3095550000000005,5.703421240000001,EXTRACTED
n2355gat,U_n2355gat/ZN,38.0,42.0,True,4541,0.7729202900000001,1.2287572629999999,7.519332,8.29225229,EXTRACTED
n2356gat,U_n2356gat/ZN,34.58,42.0,True,4751,1.0921942999999998,0.9525967210000001,7.666605000000001,8.7587993,EXTRACTED
n2357gat,U_n2357gat/ZN,39.9,42.0,False,4128,0.3751552,0.63807239,1.70023,2.0753852,EXTRACTED
n2358gat,U_n2358gat/ZN,44.08,43.4,False,7675,0.40826799999999996,0.47201212500000006,1.70023,2.108498,EXTRACTED
n2359gat,U_n2359gat/ZN,42.75,36.4,False,7675,2.13244215,1.7227729999999999,3.30269,5.43513215,EXTRACTED
n235gat,U_n235gat/ZN,47.88,23.8,False,4886,0.525814,0.4007208259999999,1.651345,2.177159,EXTRACTED
n2363gat,U_n2363gat/ZN,37.24,42.0,False,3028,0.45282599999999995,0.68952535,1.70023,2.153056,EXTRACTED
n2364gat,U_n2364gat/ZN,30.4,40.6,False,2128,0.5279206,0.555040174,1.70023,2.2281505999999998,EXTRACTED
n237gat,U_n237gat/ZN,34.77,18.2,False,4855,0.4949383,0.564475296,0.921561,1.4164993,EXTRACTED
n2384gat,U_n2384gat/ZN,41.61,71.4,False,8752,1.280518,1.9238827299999997,0.941939,2.222457,EXTRACTED
n2385gat,U_n2385gat/ZN,68.02,54.6,False,0,0.12212440000000001,0.0116321,0.941939,1.0640634,EXTRACTED
n2387gat,U_n2387gat/ZN,19.38,33.6,False,206,0.5710208999999999,0.59307395,1.119679,1.6906999,EXTRACTED
n238gat,U_n238gat/ZN,36.29,15.4,False,4784,0.36419,0.816347576,0.940092,1.3042820000000002,EXTRACTED
n2390gat,U_n2390gat/Q,35.34,74.2,True,4485,0.8291549,0.4520414139999999,4.333495,5.1626499,EXTRACTED
n2392gat,U_n2392gat/ZN,30.97,22.4,True,4520,2.0000875,2.368952918,12.76432,14.764407499999999,EXTRACTED
n2394gat,U_n2394gat/Q,21.28,28.0,True,4520,1.4990640700000002,1.0778694500000001,7.762437,9.261501070000001,EXTRACTED
n2396gat,U_n2396gat/ZN,42.18,26.6,False,229,0.51459,0.262420865,1.119679,1.6342690000000002,EXTRACTED
n2399gat,U_n2399gat/Q,31.16,28.0,True,4471,0.8872064,0.6535174779999999,5.946708,6.8339144,EXTRACTED
n2401gat,U_n2401gat/ZN,27.55,19.6,True,4455,1.7930136,1.2561616889999998,15.042771,16.8357846,EXTRACTED
n2403gat,U_n2403gat/Q,23.18,36.4,True,4455,3.3892488200000006,2.931757812,7.650238,11.03948682,EXTRACTED
n2407gat,U_n2407gat/Q,29.83,29.4,True,4534,0.9507107000000001,0.7107243480000001,4.333495,5.2842057,EXTRACTED
n2409gat,U_n2409gat/ZN,36.29,29.4,False,8537,0.8353014,1.3391142660000002,3.30269,4.1379914,EXTRACTED
n240gat,U_n240gat/ZN,36.86,15.4,False,4852,0.1089946,0.174706255,0.941939,1.0509336,EXTRACTED
n2410gat,U_n2410gat/ZN,35.53,29.4,False,6361,0.04325420000000001,0.00623061,0.941245,0.9844992,EXTRACTED
n2411gat,U_n2411gat/ZN,34.77,29.4,False,481,0.110499,0.23884801,0.938321,1.0488199999999999,EXTRACTED
n2412gat,U_n2412gat/ZN,35.91,25.2,False,631,0.21151,0.180058294,0.923766,1.135276,EXTRACTED
n2413gat,U_n2413gat/ZN,42.94,25.2,False,1948,0.5235378,0.5851477599999999,0.914189,1.4377268,EXTRACTED
n241gat,U_n241gat/ZN,41.23,9.8,False,199,0.95210005,0.8229772860000001,3.267643,4.21974305,EXTRACTED
n2421gat,U_n2421gat/ZN,53.01,57.4,False,5992,0.0557094,0.01907407,0.941939,0.9976484,EXTRACTED
n2422gat,U_n2422gat/ZN,52.63,57.4,False,6046,0.15135959999999998,0.146557428,1.651345,1.8027046,EXTRACTED
n2423gat,U_n2423gat/ZN,55.29,58.8,False,3347,0.8756024,0.4293414119999999,0.941939,1.8175414,EXTRACTED
n2426gat,U_n2426gat/ZN,19.38,42.0,False,621,0.6821022999999999,0.4418528400000001,1.714471,2.3965733,EXTRACTED
n2427gat,U_n2427gat/ZN,28.88,39.2,False,186,0.08335440000000001,0.029929105,1.651345,1.7346994,EXTRACTED
n2428gat,U_n2428gat/ZN,29.07,40.6,False,855,0.6598155,0.6746835600000002,0.940092,1.5999075,EXTRACTED
n2429gat,U_n2429gat/ZN,26.03,37.8,True,4560,0.01742614,0.0,1.616298,1.63372414,EXTRACTED
n242gat,U_n242gat/ZN,35.53,16.8,False,84,0.042961,0.02531779,0.946814,0.9897750000000001,EXTRACTED
n2430gat,U_n2430gat/ZN,26.41,37.8,False,692,0.0939198,0.1474322,1.70023,1.7941498,EXTRACTED
n2432gat,U_n2432gat/ZN,28.12,37.8,False,692,0.329036,0.19403399,1.714471,2.043507,EXTRACTED
n2433gat,U_n2433gat/ZN,30.02,33.6,False,669,0.46509999999999996,0.23099931,1.714471,2.179571,EXTRACTED
n2436gat,U_n2436gat/ZN,26.6,40.6,False,232,0.812725,0.629112289,1.119679,1.932404,EXTRACTED
n2437gat,U_n2437gat/ZN,26.41,44.8,False,463,2.8495635999999998,1.7257120370000008,10.034322,12.8838856,EXTRACTED
n2440gat,U_n2440gat/Q,31.35,25.2,True,4470,0.8504794999999999,0.464082698,5.921714,6.772193499999999,EXTRACTED
n2442gat,U_n2442gat/ZN,27.36,40.6,False,385,0.4897521,0.6887324829999998,3.414916,3.9046681,EXTRACTED
n2444gat,U_n2444gat/ZN,22.61,64.4,True,4818,0.9548414999999999,0.48584914,2.598159,3.5530004999999996,EXTRACTED
n2446gat,U_n2446gat/Q,16.34,71.4,True,4818,0.698874,0.503569069,2.619024,3.317898,EXTRACTED
n244gat,U_n244gat/ZN,65.93,44.8,False,161,0.1285478,0.0731533,0.941939,1.0704867999999998,EXTRACTED
n2450gat,U_n2450gat/Q,25.27,63.0,True,4784,0.7223280000000001,0.44223142300000007,2.619024,3.341352,EXTRACTED
n2454gat,U_n2454gat/Q,10.83,58.8,True,4724,3.1197558299999995,3.7226595400000004,17.811,20.93075583,EXTRACTED
n2456gat,U_n2456gat/ZN,24.7,61.6,True,4797,0.0796284,0.06142646,1.119679,1.1993074000000001,EXTRACTED
n2458gat,U_n2458gat/Q,25.65,60.2,True,4797,0.3349984,0.295967811,2.619024,2.9540224,EXTRACTED
n245gat,U_n245gat/ZN,65.36,39.2,False,161,1.1770309,0.8390288099999998,0.941939,2.1189699,EXTRACTED
n2460gat,U_n2460gat/ZN,54.91,60.2,False,4637,0.6671624,0.36109489,0.946814,1.6139764,EXTRACTED
n2461gat,U_n2461gat/ZN,53.39,58.8,False,368,0.058404,0.07094315999999999,0.946814,1.005218,EXTRACTED
n2462gat,U_n2462gat/ZN,72.01,32.2,True,4572,0.0952514,0.1499105,0.940092,1.0353434000000001,EXTRACTED
n2464gat,U_n2464gat/Q,78.85,22.4,True,4572,0.9613203000000001,1.1979756999999998,2.619024,3.5803443,EXTRACTED
n2466gat,U_n2466gat/ZN,78.28,33.6,True,4551,0.399648,0.5004310490000001,0.959052,1.3587,EXTRACTED
n2468gat,U_n2468gat/Q,73.15,43.4,True,4551,0.898636,0.71722858,2.619024,3.5176600000000002,EXTRACTED
n246gat,U_n246gat/ZN,73.34,21.0,False,104,0.64947,0.282061401,0.946814,1.596284,EXTRACTED
n2470gat,U_n2470gat/ZN,28.12,58.8,True,4651,1.2658889,1.61266514,2.8832500000000003,4.1491389000000005,EXTRACTED
n2472gat,U_n2472gat/Q,34.39,64.4,True,4651,1.394406,0.5769811200000001,2.619024,4.01343,EXTRACTED
n2474gat,U_n2474gat/ZN,69.35,33.6,True,4689,0.0918732,0.09043169000000001,0.959052,1.0509252,EXTRACTED
n2476gat,U_n2476gat/Q,59.09,29.4,True,4689,1.4117009,0.943783465,2.619024,4.0307249,EXTRACTED
n2478gat,U_n2478gat/ZN,38.38,47.6,False,8988,1.019507,0.713102729,0.941939,1.961446,EXTRACTED
n247gat,U_n247gat/ZN,66.12,25.2,False,406,0.6873043,1.1019851999999999,5.00292,5.6902243,EXTRACTED
n2480gat,U_n2480gat/ZN,24.89,37.8,False,621,0.472972,0.84603106,1.70023,2.173202,EXTRACTED
n2483gat,U_n2483gat/ZN,25.46,39.2,False,385,0.16102480000000002,0.08439387400000001,1.70023,1.8612548,EXTRACTED
n2486gat,U_n2486gat/ZN,21.66,36.4,True,4522,0.68393885,0.7985472950000001,9.543259,10.227197850000001,EXTRACTED
n2488gat,U_n2488gat/ZN,19.95,33.6,True,4535,0.8231054999999999,0.673719411,9.432374,10.2554795,EXTRACTED
n248gat,U_n248gat/ZN,64.41,47.6,False,4971,0.10361179999999999,0.07236118999999999,0.921561,1.0251728,EXTRACTED
n2490gat,U_n2490gat/Q,24.51,33.6,True,4535,0.5758004999999999,0.422769348,4.282866,4.8586665,EXTRACTED
n2492gat,U_n2492gat/ZN,30.4,70.0,False,291,0.1470376,0.056671811999999995,1.119679,1.2667166,EXTRACTED
n2493gat,U_n2493gat/ZN,28.88,75.6,True,4660,0.8796349,0.29716231000000004,2.83415,3.7137849000000003,EXTRACTED
n2495gat,U_n2495gat/Q,28.12,71.4,True,4660,0.78994874,1.1428443220000002,4.270369,5.0603177399999995,EXTRACTED
n2498gat,U_n2498gat/ZN,47.31,35.0,False,454,0.7633289999999999,0.720326304,1.119679,1.883008,EXTRACTED
n2499gat,U_n2499gat/ZN,37.05,75.6,False,4827,0.0496774,0.028662320000000005,0.941939,0.9916164,EXTRACTED
n249gat,U_n249gat/ZN,65.36,44.8,False,3521,0.1481562,0.156477769,0.940092,1.0882482,EXTRACTED
n2500gat,U_n2500gat/ZN,29.26,61.6,True,4624,0.09881400000000001,0.134640217,1.635974,1.734788,EXTRACTED
n2502gat,U_n2502gat/Q,29.07,78.4,True,4624,1.4590523000000002,0.95031796,2.619024,4.0780763,EXTRACTED
n2504gat,U_n2504gat/ZN,27.55,57.4,True,4506,0.233428,0.32427929,1.60595,1.839378,EXTRACTED
n2506gat,U_n2506gat/Q,30.4,47.6,True,4506,0.7428545,0.6494166650000002,2.619024,3.3618785,EXTRACTED
n2508gat,U_n2508gat/ZN,31.73,58.8,True,4661,0.1079288,0.17029780800000002,1.736804,1.8447328,EXTRACTED
n250gat,U_n250gat/ZN,63.46,46.2,False,44,0.0399648,0.02980023,0.959052,0.9990168,EXTRACTED
n2510gat,U_n2510gat/Q,35.72,57.4,True,4661,0.9361999000000001,0.690770128,2.619024,3.5552239,EXTRACTED
n2512gat,U_n2512gat/ZN,16.53,61.6,True,4719,0.12835542,0.20186837700000002,3.3798690000000002,3.5082244200000003,EXTRACTED
n2514gat,U_n2514gat/Q,20.33,61.6,True,4719,0.3053857,0.37749773000000003,2.619024,2.9244097,EXTRACTED
n2516gat,U_n2516gat/ZN,51.11,68.6,True,4670,0.1572228,0.10049989999999999,1.763571,1.9207938,EXTRACTED
n2518gat,U_n2518gat/Q,50.73,71.4,True,4670,0.43442159999999996,0.597246009,2.619024,3.0534456,EXTRACTED
n251gat,U_n251gat/ZN,62.32,46.2,False,4934,0.1552492,0.167389921,0.946814,1.1020632000000001,EXTRACTED
n2520gat,U_n2520gat/ZN,42.56,64.4,True,4469,0.49972799999999995,0.5607189880000001,1.663842,2.16357,EXTRACTED
n2522gat,U_n2522gat/Q,44.08,68.6,True,4469,0.6238163000000001,0.34975774000000004,2.619024,3.2428403,EXTRACTED
n2524gat,U_n2524gat/ZN,77.9,33.6,True,4661,0.26629200000000003,0.717162841,0.940092,1.2063840000000001,EXTRACTED
n2526gat,U_n2526gat/Q,58.14,16.8,True,4661,2.0690538,2.4229367099999997,2.619024,4.6880778,EXTRACTED
n252gat,U_n252gat/ZN,40.28,14.0,False,324,0.0383638,0.038857407999999996,1.714471,1.7528348,EXTRACTED
n2530gat,U_n2530gat/ZN,25.46,35.0,False,2670,0.1778236,0.077125232,1.763571,1.9413946,EXTRACTED
n2531gat,U_n2531gat/ZN,24.7,35.0,False,2670,0.041151,0.026055199999999997,1.70023,1.7413809999999998,EXTRACTED
n2533gat,U_n2533gat/ZN,26.41,35.0,False,2766,0.178258,0.08599343,1.763571,1.941829,EXTRACTED
n2534gat,U_n2534gat/ZN,23.75,33.6,False,2766,0.229502,0.17037297,1.70023,1.929732,EXTRACTED
n2536gat,U_n2536gat/ZN,22.04,30.8,True,4461,0.3520002,0.41235403699999995,3.327684,3.6796842,EXTRACTED
n2537gat,U_n2537gat/ZN,30.21,44.8,False,1802,0.5314595,0.663592908,1.763571,2.2950305,EXTRACTED
n2538gat,U_n2538gat/ZN,24.32,30.8,False,1802,1.5463570000000002,0.50953877949,1.70023,3.246587,EXTRACTED
n2539gat,U_n2539gat/ZN,23.56,26.6,False,463,0.549825,0.31853864839999996,1.119679,1.669504,EXTRACTED
n253gat,U_n253gat/ZN,36.48,19.6,False,586,1.27901723,0.974140689,8.457071000000001,9.73608823,EXTRACTED
n2540gat,U_n2540gat/ZN,21.66,30.8,True,4535,0.532906,0.685080705,3.232596,3.765502,EXTRACTED
n2541gat,U_n2541gat/ZN,23.18,39.2,True,4560,0.55723,0.6380691169999998,9.380189,9.937419,EXTRACTED
n2543gat,U_n2543gat/Q,14.82,33.6,True,4560,1.2619927599999998,1.8828577840000003,5.85162,7.11361276,EXTRACTED
n2545gat,U_n2545gat/ZN,23.56,39.2,False,5454,0.65280991,0.5662752600000001,3.30269,3.9554999100000003,EXTRACTED
n2546gat,U_n2546gat/ZN,22.8,42.0,False,3510,0.1898902,0.115610172,0.941245,1.1311352000000001,EXTRACTED
n2547gat,U_n2547gat/ZN,25.84,40.6,False,1692,0.1621814,0.226889172,0.938321,1.1005023999999999,EXTRACTED
n2548gat,U_n2548gat/ZN,24.7,39.2,False,1675,0.1014382,0.152119075,0.923766,1.0252042,EXTRACTED
n2549gat,U_n2549gat/ZN,21.47,39.2,False,1727,0.171127,0.12009156000000001,0.914189,1.085316,EXTRACTED
n254gat,U_n254gat/ZN,37.43,15.4,True,4763,0.2771938,0.44772121800000003,4.982114,5.2593078,EXTRACTED
n2556gat,U_n2556gat/ZN,26.22,28.0,False,242,0.5283333,0.49065271,1.119679,1.6480123,EXTRACTED
n2558gat,U_n2558gat/ZN,20.71,42.0,False,252,0.8483560000000001,0.86514036,1.119679,1.9680350000000002,EXTRACTED
n2559gat,U_n2559gat/ZN,22.23,50.4,False,252,0.6584880000000001,0.17174472,1.70023,2.358718,EXTRACTED
n2560gat,U_n2560gat/ZN,39.71,25.2,True,4751,2.18589088,2.1050368275000007,14.564114,16.75000488,EXTRACTED
n2562gat,U_n2562gat/Q,35.53,28.0,True,4751,1.2839071000000002,1.4053964360000002,5.85162,7.1355271,EXTRACTED
n2564gat,U_n2564gat/ZN,40.85,15.4,False,5329,0.5828261,0.646887812,1.651345,2.2341711,EXTRACTED
n2565gat,U_n2565gat/ZN,28.12,22.4,False,4515,0.576572,0.233125984,0.941939,1.518511,EXTRACTED
n2566gat,U_n2566gat/ZN,36.48,22.4,False,4798,0.14090439999999999,0.11499414,0.946814,1.0877184,EXTRACTED
n2567gat,U_n2567gat/ZN,39.9,74.2,False,2630,0.20139800000000002,0.20508228400000003,0.946814,1.148212,EXTRACTED
n2568gat,U_n2568gat/ZN,36.86,36.4,False,8325,0.2291955,0.16237959,3.428942,3.6581375,EXTRACTED
n2569gat,U_n2569gat/ZN,35.34,36.4,False,3380,0.0586242,0.104135865,0.941245,0.9998692,EXTRACTED
n256gat,U_n256gat/Q,44.08,7.0,True,4763,1.0053241,1.3379077320000001,6.097066,7.1023901,EXTRACTED
n2570gat,U_n2570gat/ZN,37.24,35.0,False,3229,0.1504926,0.045477621,0.938321,1.0888136,EXTRACTED
n2571gat,U_n2571gat/ZN,33.82,30.8,False,458,0.676841,0.7447023810000001,0.923766,1.6006070000000001,EXTRACTED
n2572gat,U_n2572gat/ZN,36.1,36.4,False,3860,0.050314,0.10114678000000002,0.914189,0.964503,EXTRACTED
n2579gat,U_n2579gat/ZN,38.76,37.8,False,8988,1.6258080000000001,0.950008761,2.819909,4.445717,EXTRACTED
n2580gat,U_n2580gat/ZN,38.57,35.0,False,7197,0.1500086,0.10692553199999999,0.946814,1.0968226,EXTRACTED
n2581gat,U_n2581gat/ZN,32.11,39.2,False,5351,0.443432,0.15670557,0.941939,1.385371,EXTRACTED
n2583gat,U_n2583gat/ZN,39.14,35.0,False,6914,0.5904166,0.6391086299999998,3.365816,3.9562326,EXTRACTED
n2586gat,U_n2586gat/ZN,34.01,63.0,True,4563,0.8572269000000001,0.45776000099999997,3.414916,4.2721429,EXTRACTED
n2588gat,U_n2588gat/Q,46.36,64.4,True,4563,1.5060899,0.75429328,2.619024,4.1251139000000006,EXTRACTED
n258gat,U_n258gat/ZN,46.55,61.6,False,8200,0.8156297,1.47254585897,5.227372,6.0430017,EXTRACTED
n2590gat,U_n2590gat/ZN,29.07,58.8,True,4846,0.0821098,0.01316875,1.119679,1.2017888,EXTRACTED
n2592gat,U_n2592gat/Q,11.59,67.2,True,4846,2.9264523999999996,2.402921009,4.235322,7.1617744,EXTRACTED
n2594gat,U_n2594gat/ZN,50.92,65.8,False,1383,0.0455298,0.04691359999999999,1.70023,1.7457597999999999,EXTRACTED
n2595gat,U_n2595gat/ZN,51.49,64.4,False,1383,0.0739392,0.011047396000000001,0.941939,1.0158782,EXTRACTED
n2597gat,U_n2597gat/ZN,52.06,65.8,True,4713,0.1146266,0.034130538,1.616298,1.7309246,EXTRACTED
n2599gat,U_n2599gat/Q,53.39,67.2,True,4713,0.7281056,0.74144579,2.619024,3.3471296,EXTRACTED
n259gat,U_n259gat/ZN,40.66,60.2,False,6721,0.344048,0.63867742,0.941245,1.285293,EXTRACTED
n2601gat,U_n2601gat/ZN,26.79,29.4,False,5780,1.2188333,1.85897158,3.428942,4.6477753,EXTRACTED
n2602gat,U_n2602gat/ZN,17.86,32.2,False,2766,0.5747977,0.6522053203999999,0.941245,1.5160426999999999,EXTRACTED
n2603gat,U_n2603gat/ZN,22.8,30.8,False,2670,0.28973,0.27063167,0.938321,1.228051,EXTRACTED
n2604gat,U_n2604gat/ZN,23.56,30.8,False,1020,0.1897232,0.42288591,0.923766,1.1134892,EXTRACTED
n2605gat,U_n2605gat/ZN,22.04,36.4,False,2778,0.5189954999999999,0.8522432599999998,0.914189,1.4331844999999999,EXTRACTED
n260gat,U_n260gat/ZN,37.24,60.2,False,883,0.514088,0.95808473,0.938321,1.4524089999999998,EXTRACTED
n2612gat,U_n2612gat/ZN,21.09,23.8,True,4508,0.7109118999999999,0.615825419,3.527142,4.2380539,EXTRACTED
n2613gat,U_n2613gat/ZN,25.65,43.4,False,6186,1.1262759,1.04743223,2.819909,3.9461849,EXTRACTED
n2614gat,U_n2614gat/ZN,22.04,46.2,False,4897,0.330332,0.379584416,0.946814,1.2771460000000001,EXTRACTED
n2615gat,U_n2615gat/ZN,26.22,42.0,False,3769,0.117689,0.17818946000000002,0.941939,1.059628,EXTRACTED
n2617gat,U_n2617gat/ZN,27.93,46.2,False,4007,0.5436932999999999,0.77691156,3.365816,3.9095093,EXTRACTED
n261gat,U_n261gat/ZN,36.48,60.2,False,1287,0.952402,0.25447246999999995,0.923766,1.8761679999999998,EXTRACTED
n2620gat,U_n2620gat/ZN,23.37,33.6,True,4508,1.10890198,1.1711589393000001,8.110622,9.21952398,EXTRACTED
n2622gat,U_n2622gat/Q,22.42,29.4,True,4508,0.6091668,0.6774005849999999,5.85162,6.460786799999999,EXTRACTED
n2624gat,U_n2624gat/ZN,22.42,30.8,True,4461,0.7054972,0.66244313897,7.911164,8.616661200000001,EXTRACTED
n2626gat,U_n2626gat/Q,25.08,30.8,True,4461,0.68016914,0.5540891199700001,5.946708,6.62687714,EXTRACTED
n262gat,U_n262gat/ZN,38.0,60.2,False,1881,0.605836,0.60194297,0.914189,1.520025,EXTRACTED
n2630gat,U_n2630gat/Q,20.14,35.0,True,4522,0.98123858,0.5776181279999999,6.146166,7.12740458,EXTRACTED
n2632gat,U_n2632gat/ZN,23.56,43.4,True,4496,0.4368212,0.5251876799999999,4.447363,4.8841842,EXTRACTED
n2634gat,U_n2634gat/Q,25.65,47.6,True,4496,1.037097,0.8174002930000002,5.946708,6.983805,EXTRACTED
n2636gat,U_n2636gat/ZN,37.62,61.6,False,194,0.38173599999999996,0.23043160000000001,1.119679,1.5014150000000002,EXTRACTED
n2637gat,U_n2637gat/ZN,43.13,18.2,False,194,3.89481774,0.8871410300000001,1.70023,5.59504774,EXTRACTED
n2638gat,U_n2638gat/ZN,38.19,35.0,True,4771,0.78343038,0.9329469600000001,4.447363,5.23079338,EXTRACTED
n2640gat,U_n2640gat/Q,30.02,64.4,True,4771,2.4858709000000005,0.77112059,5.946708,8.432578900000001,EXTRACTED
n2642gat,U_n2642gat/ZN,27.74,25.2,True,4750,0.135878,0.06734945,1.651345,1.787223,EXTRACTED
n2644gat,U_n2644gat/Q,38.0,36.4,True,4750,2.4323458000000002,1.036750214,4.333495,6.7658408,EXTRACTED
n2646gat,U_n2646gat/ZN,37.81,78.4,False,5560,0.4589358,0.26065216,2.819909,3.2788448,EXTRACTED
n2647gat,U_n2647gat/ZN,34.2,75.6,False,3177,0.256942,0.4817293980000001,0.946814,1.203756,EXTRACTED
n2648gat,U_n2648gat/ZN,37.81,81.2,False,4553,0.14284319999999998,0.10101204999999999,0.941939,1.0847822,EXTRACTED
n2650gat,U_n2650gat/ZN,41.23,81.2,False,4688,0.5753101,0.844704577,3.365816,3.9411261,EXTRACTED
n2655gat,U_n2655gat/ZN,30.21,60.2,False,550,0.0951776,0.04529006,1.70023,1.7954075999999999,EXTRACTED
n2656gat,U_n2656gat/ZN,31.16,61.6,True,4513,0.156319,0.07807406,1.67413,1.830449,EXTRACTED
n2658gat,U_n2658gat/Q,31.35,60.2,True,4513,0.3944345,0.3794331920000001,2.619024,3.0134585,EXTRACTED
n2660gat,U_n2660gat/ZN,30.59,61.6,False,550,0.5966383,0.5566132869999999,3.3783130000000003,3.9749513000000003,EXTRACTED
n2661gat,U_n2661gat/ZN,29.83,65.8,False,280,0.718952,0.79472513,1.119679,1.8386310000000001,EXTRACTED
n2662gat,U_n2662gat/ZN,22.99,64.4,False,280,0.465698,0.34159138000000006,1.70023,2.165928,EXTRACTED
n2663gat,U_n2663gat/ZN,29.64,61.6,False,183,0.6018098000000001,0.522955371,1.651345,2.2531548,EXTRACTED
n2664gat,U_n2664gat/ZN,20.9,63.0,False,20,0.9145156000000001,0.47188168499999994,4.905766,5.8202815999999995,EXTRACTED
n2666gat,U_n2666gat/ZN,56.43,56.0,False,919,0.306268,0.399039,1.651345,1.957613,EXTRACTED
n2669gat,U_n2669gat/ZN,51.87,50.4,False,0,3.8449275000000003,2.5980182870000004,6.731632,10.5765595,EXTRACTED
n2672gat,U_n2672gat/ZN,75.24,39.2,False,0,6.2646116,4.352156598,8.382977,14.6475886,EXTRACTED
n2684gat,U_n2684gat/ZN,14.06,54.6,False,4373,0.398484,0.417620505,1.70023,2.0987139999999997,EXTRACTED
n2693gat,U_n2693gat/ZN,45.79,74.2,False,1132,0.1880032,0.40548398,1.70023,1.8882332,EXTRACTED
n2694gat,U_n2694gat/ZN,45.03,75.6,False,0,0.1689154,0.23867363,1.70023,1.8691453999999998,EXTRACTED
n2695gat,U_n2695gat/ZN,16.34,72.8,False,31,0.5898500000000001,0.053868179999999995,1.70023,2.29008,EXTRACTED
n269gat,U_n269gat/ZN,35.72,60.2,True,4492,0.13419268,0.285572903,3.527142,3.66133468,EXTRACTED
n2701gat,U_n2701gat/ZN,49.4,65.8,False,0,1.224711,1.027612567,1.70023,2.924941,EXTRACTED
n2702gat,U_n2702gat/ZN,41.04,74.2,False,3375,0.255882,0.2734403,1.70023,1.9561119999999999,EXTRACTED
n2703gat,U_n2703gat/ZN,14.25,61.6,False,3062,0.594298,0.313752755,1.70023,2.2945279999999997,EXTRACTED
n2704gat,U_n2704gat/ZN,26.6,7.0,False,2449,0.0820256,0.016854418,1.70023,1.7822555999999998,EXTRACTED
n2708gat,U_n2708gat/ZN,42.18,25.2,False,4165,1.6346739,0.21814628,1.70023,3.3349038999999996,EXTRACTED
n2709gat,U_n2709gat/ZN,45.41,67.2,False,560,0.7264120000000001,0.303688371,1.70023,2.426642,EXTRACTED
n2710gat,U_n2710gat/ZN,28.31,8.4,False,0,0.264972,0.011988637,1.70023,1.965202,EXTRACTED
n2715gat,U_n2715gat/ZN,64.22,2.8,False,0,1.4335242000000001,1.269898698,10.034322,11.4678462,EXTRACTED
n271gat,U_n271gat/Q,32.11,58.8,True,4492,1.710884,2.3966993160000003,9.511982,11.222866,EXTRACTED
n2723gat,U_n2723gat/ZN,63.65,4.2,False,0,1.3596538699999998,1.4530590089999997,10.034322,11.393975869999998,EXTRACTED
n2726gat,U_n2726gat/ZN,64.41,5.6,False,0,1.08222341,0.8183445239999999,10.034322,11.11654541,EXTRACTED
n2731gat,U_n2731gat/ZN,50.73,64.4,False,0,4.3346820600000004,5.412239725999998,8.382977,12.71765906,EXTRACTED
n2734gat,U_n2734gat/ZN,51.3,56.0,False,0,5.1944876,4.235810093,8.319851,13.5143386,EXTRACTED
n273gat,U_n273gat/ZN,53.39,25.2,True,4651,0.2520544,0.323507577,3.527142,3.7791964,EXTRACTED
n2741gat,U_n2741gat/ZN,67.26,53.2,False,475,0.7279832,0.9845752040000001,1.70023,2.4282132,EXTRACTED
n2742gat,U_n2742gat/ZN,61.75,65.8,False,7759,1.312042,0.46071640599999997,1.70023,3.012272,EXTRACTED
n2744gat,U_n2744gat/ZN,30.4,53.2,False,4137,1.1646296999999999,1.1444322500000002,1.70023,2.8648597,EXTRACTED
n2749gat,U_n2749gat/ZN,82.65,37.8,False,6304,0.0663902,0.0305594,1.70023,1.7666202,EXTRACTED
n2750gat,U_n2750gat/ZN,65.17,32.2,False,8604,0.5959862,1.27325872,1.70023,2.2962162,EXTRACTED
n2756gat,U_n2756gat/ZN,78.09,30.8,False,6032,0.0537388,0.05081179,1.70023,1.7539688,EXTRACTED
n2757gat,U_n2757gat/ZN,64.03,7.0,False,7752,0.7623614000000001,0.3044872110000001,1.70023,2.4625914,EXTRACTED
n275gat,U_n275gat/Q,50.54,36.4,True,4651,2.93611558,2.6979153297,9.511982,12.448097579999999,EXTRACTED
n2761gat,U_n2761gat/ZN,58.14,70.0,False,5368,0.950672,0.274576736,1.70023,2.650902,EXTRACTED
n2762gat,U_n2762gat/ZN,57.19,74.2,False,5749,0.1671326,0.086436,1.70023,1.8673625999999999,EXTRACTED
n2764gat,U_n2764gat/ZN,43.89,77.0,False,5250,0.1697998,0.12556660000000003,1.70023,1.8700298,EXTRACTED
n2775gat,U_n2775gat/ZN,49.21,60.2,False,0,4.20965456,3.9042786870000006,8.382977,12.592631560000001,EXTRACTED
n2778gat,U_n2778gat/ZN,50.92,37.8,False,0,5.50505669,3.981333717,8.446103,13.95115969,EXTRACTED
n277gat,U_n277gat/ZN,41.8,29.4,True,4482,1.0982622000000002,0.658939705,3.232596,4.3308582,EXTRACTED
n2781gat,U_n2781gat/ZN,54.91,37.8,False,0,4.183617819999999,2.7912652860000007,6.668506000000001,10.85212382,EXTRACTED
n2786gat,U_n2786gat/ZN,60.42,4.2,False,0,0.41167200000000004,0.44118221599999996,1.70023,2.1119019999999997,EXTRACTED
n2789gat,U_n2789gat/ZN,68.97,39.2,False,0,3.0371831499999997,2.8446259800000013,6.794758,9.831941149999999,EXTRACTED
n2792gat,U_n2792gat/ZN,53.39,54.6,False,0,2.877076,2.8971213369999997,6.731632,9.608708,EXTRACTED
n2798gat,U_n2798gat/ZN,29.07,29.4,False,4289,0.352012,0.06510136,1.70023,2.0522419999999997,EXTRACTED
n2799gat,U_n2799gat/ZN,41.61,28.0,False,4047,0.487192,0.408062625,1.70023,2.1874219999999998,EXTRACTED
n279gat,U_n279gat/Q,42.94,63.0,True,4482,3.4454330000000004,3.0867598409999997,9.15431,12.599743,EXTRACTED
n2800gat,U_n2800gat/ZN,23.37,46.2,False,4485,1.7716015999999999,1.7072967190000004,1.70023,3.4718316,EXTRACTED
n2812gat,U_n2812gat/ZN,51.68,8.4,False,5245,0.7789790000000001,0.21926097,1.70023,2.479209,EXTRACTED
n281gat,U_n281gat/ZN,44.08,32.2,True,4763,0.6173816000000001,0.54972853,3.527142,4.1445236,EXTRACTED
n2822gat,U_n2822gat/ZN,59.47,9.8,False,5112,0.5710703,0.956245213,1.70023,2.2713003,EXTRACTED
n2830gat,U_n2830gat/ZN,22.61,78.4,False,3558,0.536914,0.0561923,1.70023,2.237144,EXTRACTED
n283gat,U_n283gat/Q,39.71,68.6,True,4763,4.06480807,2.888121696,9.511982,13.57679007,EXTRACTED
n2854gat,U_n2854gat/ZN,68.4,11.2,False,0,0.57467218,0.58157162,6.892958,7.4676301800000005,EXTRACTED
n2859gat,U_n2859gat/ZN,62.7,9.8,False,0,0.9681638,0.6331020469999998,10.122442,11.090605799999999,EXTRACTED
n2862gat,U_n2862gat/ZN,63.84,5.6,False,0,0.734351,1.042276125,6.598412,7.332763,EXTRACTED
n2867gat,U_n2867gat/ZN,64.41,8.4,False,0,0.519196,0.4080857950000001,1.651345,2.170541,EXTRACTED
n286gat,U_n286gat/ZN,61.75,8.4,False,782,0.5362126700000001,0.6002257339999999,5.227372,5.76358467,EXTRACTED
n2874gat,U_n2874gat/ZN,34.39,14.0,False,4879,1.317786,0.272628273,1.70023,3.018016,EXTRACTED
n2875gat,U_n2875gat/ZN,71.63,21.0,False,4928,0.114537,0.2876975,1.70023,1.8147669999999998,EXTRACTED
n2876gat,U_n2876gat/ZN,60.42,65.8,False,5181,0.6243414,0.44656166100000005,5.027914,5.6522554,EXTRACTED
n2877gat,U_n2877gat/ZN,31.35,16.8,False,324,0.6963682999999999,0.67481989,3.351575,4.0479433,EXTRACTED
n2878gat,U_n2878gat/ZN,38.19,19.6,False,4886,0.7186874,0.6590378009999999,1.70023,2.4189173999999998,EXTRACTED
n2879gat,U_n2879gat/ZN,77.33,26.6,False,4917,0.5470918,0.615365949,1.70023,2.2473218,EXTRACTED
n287gat,U_n287gat/ZN,60.99,7.0,False,423,1.1104771,0.69277621,6.644212,7.754689099999999,EXTRACTED
n2880gat,U_n2880gat/ZN,36.48,79.8,False,4931,0.2875044,0.1216011,3.30269,3.5901944,EXTRACTED
n2881gat,U_n2881gat/ZN,28.5,14.0,False,4826,0.6871362999999999,0.455262098,1.70023,2.3873663,EXTRACTED
n2882gat,U_n2882gat/ZN,36.1,16.8,False,4796,0.262794,0.4323181399999999,1.70023,1.9630239999999999,EXTRACTED
n2883gat,U_n2883gat/ZN,65.17,46.2,False,4999,0.5203095,0.51395508,1.70023,2.2205395,EXTRACTED
n2884gat,U_n2884gat/ZN,67.26,23.8,False,198,0.1472273,0.217714716,3.351575,3.4988023,EXTRACTED
n2885gat,U_n2885gat/ZN,64.22,46.2,False,4967,0.414404,0.5384076650000001,1.70023,2.1146339999999997,EXTRACTED
n2886gat,U_n2886gat/ZN,62.89,65.8,False,2,0.0759036,0.072757044,1.119679,1.1955826,EXTRACTED
n2887gat,U_n2887gat/ZN,69.35,67.2,False,2,0.444036,0.430083448,1.119679,1.5637150000000002,EXTRACTED
n2888gat,U_n2888gat/ZN,69.16,61.6,False,3,0.07496860000000001,0.0649759,1.119679,1.1946476000000001,EXTRACTED
n2889gat,U_n2889gat/ZN,65.74,4.2,False,0,0.41931320000000005,0.13446456999999998,4.932826,5.352139200000001,EXTRACTED
n288gat,U_n288gat/ZN,61.56,7.0,False,642,0.751062,0.8674379099999999,3.316528,4.06759,EXTRACTED
n2890gat,U_n2890gat/ZN,63.65,61.6,False,22,0.414698,0.49250511999999996,1.119679,1.534377,EXTRACTED
n2891gat,U_n2891gat/ZN,71.82,64.4,False,2,0.399194,0.52946462,1.119679,1.5188730000000001,EXTRACTED
n2892gat,U_n2892gat/ZN,56.43,11.2,False,4301,0.5169159999999999,0.57665962,1.119679,1.636595,EXTRACTED
n2893gat,U_n2893gat/ZN,41.42,14.0,False,4911,0.5427000000000001,0.7045369199999999,1.70023,2.24293,EXTRACTED
n2894gat,U_n2894gat/ZN,67.26,39.2,False,0,0.453598,0.306417022,1.119679,1.573277,EXTRACTED
n2895gat,U_n2895gat/ZN,82.46,39.2,False,0,0.1017834,0.032427700000000004,1.119679,1.2214624,EXTRACTED
n2896gat,U_n2896gat/ZN,80.94,61.6,False,0,0.4271,0.42097098,1.119679,1.5467790000000001,EXTRACTED
n2897gat,U_n2897gat/ZN,78.85,46.2,False,0,1.9750199999999998,1.3317747819999999,2.239358,4.214378,EXTRACTED
n2898gat,U_n2898gat/ZN,69.73,40.6,False,160,0.1624426,0.13753426,1.119679,1.2821216,EXTRACTED
n2899gat,U_n2899gat/ZN,68.21,33.6,False,4943,0.7702097000000001,0.751759858,1.119679,1.8898887000000002,EXTRACTED
n2900gat,U_n2900gat/ZN,69.92,54.6,False,5027,0.516684,0.31832907,1.119679,1.6363630000000002,EXTRACTED
n2901gat,U_n2901gat/ZN,64.98,64.4,False,9,0.0606672,0.1272401,1.119679,1.1803462,EXTRACTED
n2902gat,U_n2902gat/ZN,68.21,22.4,False,4640,0.65398,0.620096891,1.70023,2.35421,EXTRACTED
n2903gat,U_n2903gat/ZN,77.33,54.6,False,8,0.6681417000000001,0.612314311,1.119679,1.7878207000000002,EXTRACTED
n2904gat,U_n2904gat/ZN,65.55,68.6,False,15,0.1553186,0.5829773300000001,1.119679,1.2749976,EXTRACTED
n2905gat,U_n2905gat/ZN,81.89,46.2,False,74,0.645806,1.09572329,1.119679,1.765485,EXTRACTED
n2906gat,U_n2906gat/ZN,61.56,9.8,False,0,1.5258367000000002,1.0449301229999999,5.027914,6.5537507,EXTRACTED
n2907gat,U_n2907gat/ZN,55.29,64.4,False,66,0.54837607,0.4843005349999999,1.119679,1.66805507,EXTRACTED
n2908gat,U_n2908gat/ZN,58.71,68.6,False,115,0.143879,0.1619163,1.119679,1.2635580000000002,EXTRACTED
n2909gat,U_n2909gat/ZN,62.51,68.6,False,245,0.1164668,0.15305995,1.119679,1.2361458,EXTRACTED
n290gat,U_n290gat/ZN,62.7,15.4,False,0,0.38794649999999997,0.41450352,3.428942,3.8168885,EXTRACTED
n2910gat,U_n2910gat/ZN,51.68,61.6,False,152,0.463062,0.511232622,1.119679,1.582741,EXTRACTED
n2911gat,U_n2911gat/ZN,51.11,67.2,False,242,0.0597728,0.044065400000000005,1.119679,1.1794518,EXTRACTED
n2912gat,U_n2912gat/ZN,63.46,68.6,False,240,0.288836,0.30513525,1.119679,1.408515,EXTRACTED
n2913gat,U_n2913gat/ZN,63.84,44.8,False,205,0.5095879999999999,0.58684299,1.119679,1.629267,EXTRACTED
n2914gat,U_n2914gat/ZN,71.82,50.4,False,0,0.5562940000000001,0.464433126,1.119679,1.6759730000000002,EXTRACTED
n2915gat,U_n2915gat/ZN,69.35,60.2,False,12,0.1259138,0.38247198,1.119679,1.2455928,EXTRACTED
n2916gat,U_n2916gat/ZN,68.02,39.2,False,4934,0.8016974000000001,0.40014239900000004,1.119679,1.9213764000000002,EXTRACTED
n2917gat,U_n2917gat/ZN,45.22,19.6,False,4225,0.38291,0.4270674499999999,1.119679,1.502589,EXTRACTED
n2918gat,U_n2918gat/ZN,49.59,46.2,False,240,0.0887996,0.011165389999999999,1.119679,1.2084786,EXTRACTED
n2919gat,U_n2919gat/ZN,48.64,53.2,False,71,0.1124958,0.01975727,1.119679,1.2321748000000001,EXTRACTED
n291gat,U_n291gat/ZN,66.5,18.2,False,0,0.5930736,0.87099126,3.351575,3.9446486,EXTRACTED
n2920gat,U_n2920gat/ZN,74.67,54.6,False,205,0.060578,0.0263998,1.119679,1.1802570000000001,EXTRACTED
n2921gat,U_n2921gat/ZN,75.43,42.0,False,0,0.0972212,0.0694509,1.119679,1.2169002,EXTRACTED
n2922gat,U_n2922gat/ZN,76.95,60.2,False,0,0.833682,0.25212897,1.119679,1.9533610000000001,EXTRACTED
n2923gat,U_n2923gat/ZN,46.36,19.6,False,4098,0.17942380000000002,0.15708294,1.119679,1.2991028,EXTRACTED
n2924gat,U_n2924gat/ZN,44.46,26.6,False,4379,0.908148,0.19131643299999998,1.119679,2.0278270000000003,EXTRACTED
n2925gat,U_n2925gat/ZN,70.87,37.8,False,4723,0.29968,0.23492169999999998,1.119679,1.419359,EXTRACTED
n2926gat,U_n2926gat/ZN,53.58,18.2,False,4171,0.1468302,0.11431778,1.119679,1.2665092,EXTRACTED
n2927gat,U_n2927gat/ZN,81.51,56.0,False,0,0.0882592,0.10441257000000001,1.119679,1.2079382,EXTRACTED
n2928gat,U_n2928gat/ZN,77.9,57.4,False,0,0.6395777,0.4933405530000001,1.119679,1.7592567000000001,EXTRACTED
n2929gat,U_n2929gat/ZN,71.44,46.2,False,5063,0.13663619999999999,0.08206999,1.119679,1.2563152,EXTRACTED
n292gat,U_n292gat/ZN,63.27,23.8,False,0,0.539536,0.4249066749000001,1.651345,2.190881,EXTRACTED
n2930gat,U_n2930gat/ZN,58.33,49.0,False,3527,1.062891,2.1973915645999997,1.663842,2.7267330000000003,EXTRACTED
n2931gat,U_n2931gat/ZN,57.0,44.8,False,4127,0.60848,0.28449843500000005,1.714471,2.322951,EXTRACTED
n2932gat,U_n2932gat/ZN,58.9,53.2,False,4076,0.218812,0.27594486499999993,1.70023,1.919042,EXTRACTED
n2933gat,U_n2933gat/ZN,52.44,46.2,False,4200,1.3990829799999998,2.1466690899999996,1.70023,3.0993129799999997,EXTRACTED
n2934gat,U_n2934gat/ZN,58.14,40.6,False,4588,0.334466,0.381640895,1.70023,2.034696,EXTRACTED
n2935gat,U_n2935gat/ZN,62.7,26.6,False,1400,1.48599,0.5377951000000001,1.70023,3.1862199999999996,EXTRACTED
n2936gat,U_n2936gat/ZN,51.87,39.2,False,1371,1.8977157999999998,0.61574901,1.70023,3.5979457999999997,EXTRACTED
n2937gat,U_n2937gat/ZN,67.64,29.4,False,1406,0.294058,0.518820751,1.70023,1.9942879999999998,EXTRACTED
n2938gat,U_n2938gat/ZN,63.46,43.4,False,1366,1.352414,0.7945943999999999,1.70023,3.052644,EXTRACTED
n2939gat,U_n2939gat/ZN,63.27,53.2,False,4262,1.050672,0.341945149,1.70023,2.750902,EXTRACTED
n293gat,U_n293gat/ZN,63.65,8.4,False,0,0.5726794,0.62062117,3.232596,3.8052754,EXTRACTED
n2940gat,U_n2940gat/ZN,51.3,37.8,False,4241,0.6559713,1.36530159,1.70023,2.3562013,EXTRACTED
n2941gat,U_n2941gat/ZN,57.0,23.8,False,1414,1.0683259,1.4571674,1.70023,2.7685559,EXTRACTED
n2942gat,U_n2942gat/ZN,53.2,23.8,False,699,0.810575,1.7209736350000002,1.714471,2.525046,EXTRACTED
n2943gat,U_n2943gat/ZN,49.59,22.4,False,706,0.0555396,0.02817114,1.651345,1.7068846,EXTRACTED
n2944gat,U_n2944gat/ZN,59.85,36.4,False,158,1.0170299999999999,0.259062276,1.714471,2.7315009999999997,EXTRACTED
n2945gat,U_n2945gat/ZN,66.12,56.0,False,4290,0.9312020000000001,0.48359254100000004,1.651345,2.582547,EXTRACTED
n2946gat,U_n2946gat/ZN,57.19,53.2,False,4169,0.0945254,0.011685580000000001,1.70023,1.7947554,EXTRACTED
n2947gat,U_n2947gat/ZN,66.5,36.4,False,4167,0.4675082,0.41841173,1.70023,2.1677382,EXTRACTED
n2948gat,U_n2948gat/ZN,56.05,61.6,False,4078,1.9639060000000002,0.8834764578,1.70023,3.664136,EXTRACTED
n2949gat,U_n2949gat/ZN,59.85,44.8,False,4781,0.344648,0.28667575,1.70023,2.0448779999999998,EXTRACTED
n294gat,U_n294gat/ZN,68.97,5.6,False,0,1.32369374,1.2183613399999997,4.943982,6.26767574,EXTRACTED
n2950gat,U_n2950gat/ZN,57.0,22.4,False,1417,0.85761163,1.6770826170000002,1.70023,2.55784163,EXTRACTED
n2951gat,U_n2951gat/ZN,56.43,28.0,False,1507,1.8843709999999998,0.8890232600000001,1.70023,3.5846009999999997,EXTRACTED
n2952gat,U_n2952gat/ZN,49.97,47.6,False,242,0.196964,0.27461042199999997,1.119679,1.316643,EXTRACTED
n2953gat,U_n2953gat/ZN,53.39,47.6,False,4606,0.408086,0.592195951,1.70023,2.108316,EXTRACTED
n2954gat,U_n2954gat/ZN,61.37,49.0,False,4743,0.282384,0.7061158909999999,1.70023,1.9826139999999999,EXTRACTED
n2955gat,U_n2955gat/ZN,71.44,36.4,False,1367,0.318382,0.682016948,1.70023,2.018612,EXTRACTED
n2956gat,U_n2956gat/ZN,65.93,33.6,False,1371,0.776965,0.752711736,1.70023,2.477195,EXTRACTED
n2957gat,U_n2957gat/ZN,60.42,56.0,False,264,1.0493850999999998,0.7243953946,1.616298,2.6656831,EXTRACTED
n2958gat,U_n2958gat/ZN,67.07,43.4,False,4637,0.31850999999999996,0.951221315,1.70023,2.0187399999999998,EXTRACTED
n2959gat,U_n2959gat/ZN,55.1,36.4,False,4616,0.327572,0.06437833,1.70023,2.027802,EXTRACTED
n295gat,U_n295gat/ZN,64.22,1.4,False,0,0.378046,0.353761958,1.663842,2.041888,EXTRACTED
n2960gat,U_n2960gat/ZN,50.92,23.8,False,705,0.0332768,0.04194457,1.714471,1.7477478000000002,EXTRACTED
n2961gat,U_n2961gat/ZN,40.85,28.0,False,668,0.8721,1.150497213,1.714471,2.586571,EXTRACTED
n2962gat,U_n2962gat/ZN,52.82,28.0,False,696,0.059946,0.09820972,1.651345,1.7112910000000001,EXTRACTED
n2963gat,U_n2963gat/ZN,64.6,44.8,False,4747,0.9351457000000001,1.045008354,1.70023,2.6353757,EXTRACTED
n2964gat,U_n2964gat/ZN,54.91,51.8,False,4711,0.398714,0.63160027949,1.70023,2.098944,EXTRACTED
n2965gat,U_n2965gat/ZN,61.56,28.0,False,692,0.6705123,0.5455570299999999,1.714471,2.3849833,EXTRACTED
n2966gat,U_n2966gat/ZN,48.45,39.2,False,4761,0.023648199999999998,0.00776911,1.70023,1.7238782,EXTRACTED
n2967gat,U_n2967gat/ZN,53.2,40.6,False,672,0.539312,0.35793994199999996,1.714471,2.2537830000000003,EXTRACTED
n2968gat,U_n2968gat/ZN,50.73,35.0,False,708,0.249818,0.19490770499999996,1.651345,1.9011630000000002,EXTRACTED
n2969gat,U_n2969gat/ZN,55.67,23.8,False,699,0.35265399999999997,0.238770577,1.651345,2.003999,EXTRACTED
n296gat,U_n296gat/ZN,62.7,12.6,False,0,0.41187199999999996,0.211418885,1.763571,2.175443,EXTRACTED
n2970gat,U_n2970gat/ZN,47.5,75.6,False,5674,1.4996403,0.901464834,5.027914,6.5275543,EXTRACTED
n2971gat,U_n2971gat/ZN,54.34,74.2,False,6475,0.3233999,0.0601351,2.819909,3.1433089,EXTRACTED
n2973gat,U_n2973gat/ZN,54.34,46.2,False,213,0.1981718,0.21961581999999996,1.635974,1.8341458,EXTRACTED
n2974gat,U_n2974gat/ZN,47.12,36.4,False,4478,0.034675000000000004,0.06667806,1.70023,1.734905,EXTRACTED
n2975gat,U_n2975gat/ZN,49.21,36.4,False,4513,0.5368200000000001,0.18761637000000003,1.70023,2.23705,EXTRACTED
n2977gat,U_n2977gat/ZN,61.18,39.2,False,920,0.55341,0.6210388089999999,1.60595,2.15936,EXTRACTED
n2978gat,U_n2978gat/ZN,48.26,40.6,False,1782,0.524132,0.687636811,1.736804,2.260936,EXTRACTED
n2979gat,U_n2979gat/ZN,48.26,37.8,False,4774,0.1281946,0.039129649999999995,1.70023,1.8284246,EXTRACTED
n2980gat,U_n2980gat/ZN,5.32,44.8,False,5843,0.513806,0.8725780819999999,3.40046,3.9142659999999996,EXTRACTED
n2981gat,U_n2981gat/ZN,27.93,51.8,False,5100,0.20379799999999998,0.21025607000000002,1.616298,1.820096,EXTRACTED
n2982gat,U_n2982gat/ZN,32.87,56.0,False,29,2.3473633,0.9593080399999999,1.67413,4.0214932999999995,EXTRACTED
n2983gat,U_n2983gat/ZN,28.69,65.8,False,14,0.09846919999999999,0.13477809000000002,1.119679,1.2181482000000001,EXTRACTED
n2984gat,U_n2984gat/ZN,10.83,53.2,False,4341,0.36174,0.21465358,1.70023,2.06197,EXTRACTED
n2985gat,U_n2985gat/ZN,6.84,51.8,False,8287,1.135956,0.3381863626,3.3798690000000002,4.515825,EXTRACTED
n2986gat,U_n2986gat/ZN,22.8,9.8,False,7,0.39395081,0.37373564800000003,1.663842,2.05779281,EXTRACTED
n2987gat,U_n2987gat/ZN,17.1,37.8,False,419,1.3269060000000001,0.90235233,1.70023,3.027136,EXTRACTED
n2988gat,U_n2988gat/ZN,19.19,37.8,False,676,2.197508,1.277667842,3.414701,5.612209,EXTRACTED
n2989gat,U_n2989gat/ZN,15.96,53.2,False,2465,0.94678285,0.8404076210000002,8.814815,9.76159785,EXTRACTED
n2990gat,U_n2990gat/ZN,17.1,32.2,False,4909,0.36724799999999996,0.27344158,1.70023,2.067478,EXTRACTED
n2991gat,U_n2991gat/ZN,19.57,15.4,False,18,0.093833,0.0,1.616298,1.710131,EXTRACTED
n2992gat,U_n2992gat/ZN,29.64,11.2,False,3,0.656778,0.7659310619999999,1.763571,2.420349,EXTRACTED
n2993gat,U_n2993gat/ZN,12.92,26.6,False,5137,0.030869399999999998,0.0429819,1.70023,1.7310994,EXTRACTED
n2994gat,U_n2994gat/ZN,18.81,25.2,False,0,0.35898,0.595365705,1.70023,2.0592099999999998,EXTRACTED
n2995gat,U_n2995gat/ZN,15.39,28.0,False,3582,0.237686,0.07829029097000001,1.714471,1.9521570000000001,EXTRACTED
n2996gat,U_n2996gat/ZN,16.15,26.6,False,2490,0.459102,0.22557421300000002,1.70023,2.159332,EXTRACTED
n2997gat,U_n2997gat/ZN,33.06,19.6,False,2258,0.1964928,0.1774115,1.70023,1.8967227999999998,EXTRACTED
n2998gat,U_n2998gat/ZN,15.77,30.8,False,5363,0.201762,0.313108264,1.70023,1.901992,EXTRACTED
n2999gat,U_n2999gat/ZN,19.19,43.4,False,5194,0.6663147,0.315528784,1.714471,2.3807857,EXTRACTED
n299gat,U_n299gat/ZN,35.15,79.8,False,4512,0.06353579999999999,0.0803846,0.946814,1.0103498,EXTRACTED
n3000gat,U_n3000gat/ZN,31.35,53.2,False,0,0.032387400000000004,0.0511735,1.119679,1.1520664,EXTRACTED
n3001gat,U_n3001gat/ZN,36.29,63.0,False,5769,0.502238,0.5126805,1.70023,2.2024679999999996,EXTRACTED
n3002gat,U_n3002gat/ZN,29.83,19.6,False,5648,0.1859622,0.05529956,1.70023,1.8861922,EXTRACTED
n3003gat,U_n3003gat/ZN,43.51,78.4,False,0,0.5071159999999999,0.427369712,1.70023,2.207346,EXTRACTED
n3004gat,U_n3004gat/ZN,38.38,71.4,False,2659,0.404638,0.46341553199999996,1.70023,2.1048679999999997,EXTRACTED
n3005gat,U_n3005gat/ZN,30.59,21.0,False,5599,0.5916912999999999,0.39051397,1.70023,2.2919213,EXTRACTED
n3006gat,U_n3006gat/ZN,36.48,67.2,False,3770,0.6844558000000001,0.975086741,3.351575,4.0360308,EXTRACTED
n3007gat,U_n3007gat/ZN,25.27,64.4,False,4991,0.555192,0.34627307,1.651345,2.206537,EXTRACTED
n3008gat,U_n3008gat/ZN,33.63,21.0,False,0,0.366304,0.49572004,1.70023,2.066534,EXTRACTED
n3009gat,U_n3009gat/ZN,26.22,23.8,False,5232,0.35013999999999995,0.14196306000000003,1.70023,2.05037,EXTRACTED
n3010gat,U_n3010gat/ZN,57.95,68.6,False,5896,0.2570036,0.36258848000000005,2.819909,3.0769126,EXTRACTED
n3011gat,U_n3011gat/ZN,21.66,25.2,False,5165,0.53757,0.656090658,1.714471,2.252041,EXTRACTED
n3013gat,U_n3013gat/ZN,53.58,57.4,False,6046,0.1465332,0.015723269999999998,1.70023,1.8467631999999998,EXTRACTED
n3014gat,U_n3014gat/ZN,37.62,75.6,False,5719,0.7221119,0.5393855,3.428942,4.1510539,EXTRACTED
n3015gat,U_n3015gat/ZN,36.67,23.8,False,8319,0.5635044,0.843176009,1.714471,2.2779754,EXTRACTED
n3016gat,U_n3016gat/ZN,52.06,64.4,False,41,0.1515984,0.11543543,1.119679,1.2712774,EXTRACTED
n3065gat,PORT/n3065gat,31.455,85.915,False,0,0.213284,0.0066415499999999995,0.77983,0.993114,EXTRACTED
n3066gat,PORT/n3066gat,40.415,85.915,False,0,0.1322296,0.10828613,0.77983,0.9120596000000001,EXTRACTED
n3067gat,PORT/n3067gat,44.895,85.915,False,0,0.203932,0.12491523999999998,0.77983,0.983762,EXTRACTED
n3068gat,PORT/n3068gat,47.695,85.915,False,0,0.173814,0.08366035000000001,0.77983,0.953644,EXTRACTED
n3069gat,PORT/n3069gat,45.455,0.07,False,0,0.41048799999999996,0.00603337,0.77983,1.190318,EXTRACTED
n3070gat,PORT/n3070gat,85.915,29.75,False,0,0.302396,0.21644955,0.77983,1.082226,EXTRACTED
n3071gat,PORT/n3071gat,48.815,0.07,False,0,0.422468,0.0,0.77983,1.202298,EXTRACTED
n3072gat,PORT/n3072gat,44.335,0.07,False,0,0.36656599999999995,0.01143214,0.77983,1.146396,EXTRACTED
n3073gat,PORT/n3073gat,85.915,41.51,False,0,0.233902,0.23348077400000003,0.77983,1.013732,EXTRACTED
n3074gat,PORT/n3074gat,85.915,51.59,False,0,0.162984,0.06518761599999999,0.77983,0.942814,EXTRACTED
n3075gat,PORT/n3075gat,85.915,53.27,False,0,0.1700076,0.13359271,0.77983,0.9498376000000001,EXTRACTED
n3076gat,PORT/n3076gat,85.915,52.15,False,0,0.33884600000000004,0.5060471200000001,0.77983,1.118676,EXTRACTED
n3077gat,PORT/n3077gat,85.915,53.83,False,0,0.238568,0.10232043,0.77983,1.018398,EXTRACTED
n3078gat,PORT/n3078gat,85.915,42.63,False,0,0.25193600000000005,0.028015819999999997,0.77983,1.0317660000000002,EXTRACTED
n3079gat,PORT/n3079gat,85.915,55.51,False,0,0.21900199999999997,0.09229964,0.77983,0.9988319999999999,EXTRACTED
n3080gat,PORT/n3080gat,85.915,52.71,False,0,0.270172,0.27811162,0.77983,1.050002,EXTRACTED
n3081gat,PORT/n3081gat,85.915,30.31,False,0,0.1786134,0.30784718,0.77983,0.9584434000000001,EXTRACTED
n3082gat,PORT/n3082gat,85.915,54.95,False,0,0.242088,0.449878636,0.77983,1.021918,EXTRACTED
n3083gat,PORT/n3083gat,67.855,0.07,False,0,0.1289548,0.00989166,0.974659,1.1036138,EXTRACTED
n3084gat,PORT/n3084gat,68.415,0.07,False,0,0.308528,0.10513736000000001,0.974659,1.283187,EXTRACTED
n3085gat,PORT/n3085gat,65.615,0.07,False,0,0.540752,0.01887972,0.974659,1.515411,EXTRACTED
n3086gat,PORT/n3086gat,65.055,0.07,False,0,0.246258,0.086809558,0.974659,1.220917,EXTRACTED
n3087gat,PORT/n3087gat,63.935,0.07,False,0,0.07064279999999999,0.11811814,0.974659,1.0453018,EXTRACTED
n3088gat,PORT/n3088gat,63.375,0.07,False,0,0.100912,0.0758378,0.974659,1.075571,EXTRACTED
n3089gat,PORT/n3089gat,64.495,0.07,False,0,0.1069272,0.08347406,0.974659,1.0815862,EXTRACTED
n3090gat,PORT/n3090gat,85.915,33.67,False,0,0.299282,0.12765748999999998,0.974659,1.273941,EXTRACTED
n3091gat,PORT/n3091gat,52.735,0.07,False,0,0.10079859999999999,0.067541277,0.974659,1.0754576,EXTRACTED
n3092gat,PORT/n3092gat,53.295,0.07,False,0,0.09242959999999999,0.07764035999999999,0.974659,1.0670886,EXTRACTED
n3093gat,PORT/n3093gat,85.915,21.91,False,0,0.226632,0.01696609,0.974659,1.201291,EXTRACTED
n3094gat,PORT/n3094gat,54.975,0.07,False,0,0.09137260000000001,0.08358600000000002,0.974659,1.0660316,EXTRACTED
n3095gat,PORT/n3095gat,85.915,15.19,False,0,0.1635348,0.0012177400000000001,0.974659,1.1381938,EXTRACTED
n3097gat,PORT/n3097gat,0.07,68.95,False,0,0.20538800000000001,0.0693651,0.974659,1.180047,EXTRACTED
n3098gat,PORT/n3098gat,0.07,66.71,False,0,0.19669340000000002,0.012302879999999999,0.974659,1.1713524,EXTRACTED
n3099gat,PORT/n3099gat,32.015,85.915,False,0,0.6454479999999999,0.01025372,0.77983,1.425278,EXTRACTED
n3100gat,PORT/n3100gat,0.07,67.27,False,0,0.318058,0.06181155,0.77983,1.097888,EXTRACTED
n3104gat,output39/Z,51.87,2.8,False,5112,0.261762,0.0274442,0,0.261762,EXTRACTED
n3105gat,output40/Z,55.29,1.4,False,5245,0.1578234,0.09542025999999999,0,0.1578234,EXTRACTED
n3106gat,output41/Z,11.59,72.8,True,4854,1.5871380000000002,0.0052971699999999995,0,1.5871380000000002,EXTRACTED
n3107gat,output42/Z,2.66,61.6,False,5374,0.1775678,0.053881149999999996,0,0.1775678,EXTRACTED
n3108gat,output43/Z,1.33,35.0,False,4289,0.42501,0.0061319600000000005,0,0.42501,EXTRACTED
n3109gat,output44/Z,11.4,36.4,False,4047,0.964204,0.125082318,0,0.964204,EXTRACTED
n3110gat,output45/Z,39.9,2.8,False,4165,0.53662,0.0,0,0.53662,EXTRACTED
n3111gat,output46/Z,41.42,78.4,False,560,0.447356,0.14443467000000001,0,0.447356,EXTRACTED
n3112gat,output47/Z,40.47,82.6,False,0,0.1780904,0.050651102,0,0.1780904,EXTRACTED
n3113gat,output48/Z,43.89,82.6,False,3375,0.06660640000000001,0.1256579,0,0.06660640000000001,EXTRACTED
n3114gat,output49/Z,45.98,82.6,False,1132,0.1098304,0.049887890000000004,0,0.1098304,EXTRACTED
n3115gat,output50/Z,39.33,82.6,False,0,0.55816021,0.11604709999999999,0,0.55816021,EXTRACTED
n3116gat,output51/Z,51.87,82.6,False,6524,0.1477312,0.0,0,0.1477312,EXTRACTED
n3117gat,output52/Z,83.41,50.4,False,475,0.326644,0.15084396,0,0.326644,EXTRACTED
n3118gat,output53/Z,55.67,82.6,False,7759,0.214364,0.03344004,0,0.214364,EXTRACTED
n3119gat,output54/Z,83.41,37.8,False,6304,0.1295856,0.04872708,0,0.1295856,EXTRACTED
n3120gat,output55/Z,79.99,32.2,False,8604,0.40965799999999997,0.24497969000000003,0,0.40965799999999997,EXTRACTED
n3121gat,output56/Z,77.71,35.0,False,6032,0.462416,0.33540324000000005,0,0.462416,EXTRACTED
n3122gat,output57/Z,57.95,1.4,False,7752,0.122201,0.0504612,0,0.122201,EXTRACTED
n3123gat,output58/Z,65.17,79.8,False,5368,0.593896,0.0489141,0,0.593896,EXTRACTED
n3124gat,output59/Z,59.09,82.6,False,5749,0.1372168,0.009459440000000001,0,0.1372168,EXTRACTED
n3125gat,output60/Z,42.75,82.6,False,5250,0.1275102,0.08040671,0,0.1275102,EXTRACTED
n3126gat,output61/Z,29.26,75.6,True,4574,1.044668,0.253772914,0,1.044668,EXTRACTED
n3127gat,output62/Z,36.48,82.6,True,4537,0.10775159999999999,0.062034900000000004,0,0.10775159999999999,EXTRACTED
n3128gat,output63/Z,43.13,79.8,True,4485,0.60293388,0.13680594,0,0.60293388,EXTRACTED
n3129gat,output64/Z,53.96,1.4,False,1507,0.1312326,0.02160896,0,0.1312326,EXTRACTED
n3130gat,output65/Z,82.65,32.2,False,1367,0.196145,0.03295805,0,0.196145,EXTRACTED
n3131gat,output66/Z,83.79,35.0,False,1371,0.23236400000000001,0.055930640000000004,0,0.23236400000000001,EXTRACTED
n3132gat,output67/Z,82.65,35.0,False,1366,0.227882,0.07794171999999999,0,0.227882,EXTRACTED
n3133gat,output68/Z,83.22,35.0,False,1371,0.14506339999999998,0.07485206099999998,0,0.14506339999999998,EXTRACTED
n3134gat,output69/Z,79.42,32.2,False,1406,0.454652,0.02385395,0,0.454652,EXTRACTED
n3135gat,output70/Z,82.84,29.4,False,1400,0.23014199999999999,0.15944732,0,0.23014199999999999,EXTRACTED
n3136gat,output71/Z,57.19,1.4,False,1417,0.1043344,0.0725386,0,0.1043344,EXTRACTED
n3137gat,output72/Z,55.48,2.8,False,1414,0.21706199999999998,0.054406421,0,0.21706199999999998,EXTRACTED
n3138gat,output73/Z,4.18,53.2,False,1,0.52526921,0.30167460599999996,0,0.52526921,EXTRACTED
n3139gat,output74/Z,1.33,54.6,False,8649,0.0959364,0.05078845,0,0.0959364,EXTRACTED
n3140gat,output75/Z,2.28,56.0,False,8649,0.1477628,0.07786955000000001,0,0.1477628,EXTRACTED
n3141gat,output76/Z,5.7,43.4,False,5843,0.6437860000000001,0.02489669,0,0.6437860000000001,EXTRACTED
n3142gat,output77/Z,2.66,44.8,False,5843,0.276118,0.031634340000000004,0,0.276118,EXTRACTED
n3143gat,output78/Z,3.8,57.4,False,4485,0.636448,0.50662755,0,0.636448,EXTRACTED
n3144gat,output79/Z,1.33,58.8,False,4137,0.659964,0.025424060000000002,0,0.659964,EXTRACTED
n3145gat,output80/Z,3.42,61.6,False,3062,0.292744,0.051723969999999994,0,0.292744,EXTRACTED
n3146gat,output81/Z,14.82,82.6,False,31,0.14210620000000002,0.00174145,0,0.14210620000000002,EXTRACTED
n3147gat,output82/Z,16.53,78.4,False,3558,0.47947799999999996,0.13629210000000003,0,0.47947799999999996,EXTRACTED
n3148gat,output83/Z,25.46,82.6,True,4784,0.5263180000000001,0.06508765,0,0.5263180000000001,EXTRACTED
n3149gat,output84/Z,15.58,51.8,False,629,1.245716,0.20844754999999998,0,1.245716,EXTRACTED
n314gat,U_n314gat/Q,59.66,67.2,True,4699,1.2254718,0.9487599,9.15431,10.3797818,EXTRACTED
n3150gat,output85/Z,1.9,54.6,False,4373,0.1456722,0.07495147,0,0.1456722,EXTRACTED
n3151gat,output86/Z,25.84,2.8,False,2449,0.241938,0.06925970000000001,0,0.241938,EXTRACTED
n3152gat,output87/Z,27.36,2.8,False,0,0.309424,0.06925970000000001,0,0.309424,EXTRACTED
n318gat,U_n318gat/Q,62.13,63.0,True,4667,0.97342865,1.276777533,9.312524,10.28595265,EXTRACTED
n322gat,U_n322gat/Q,64.79,61.6,True,4549,1.34870352,2.123731287,9.511982,10.86068552,EXTRACTED
n324gat,U_n324gat/ZN,34.01,15.4,False,30,0.300714,0.7118409600000001,0.959052,1.259766,EXTRACTED
n325gat,U_n325gat/ZN,70.11,19.6,True,4561,0.41671020000000003,0.7324970799999999,5.029658,5.4463682,EXTRACTED
n327gat,U_n327gat/Q,73.34,22.4,True,4561,0.9471925,1.23411709,5.997337,6.9445295,EXTRACTED
n329gat,U_n329gat/ZN,63.46,44.8,True,4591,0.0739636,0.03099152349,1.763571,1.8375346,EXTRACTED
n331gat,U_n331gat/Q,63.08,22.4,True,4591,2.6477475999999998,2.2763737120000003,9.364709,12.0124566,EXTRACTED
n333gat,U_n333gat/ZN,60.8,42.0,False,4999,0.8306712999999999,0.7637814150000001,1.651345,2.4820162999999997,EXTRACTED
n334gat,U_n334gat/ZN,61.94,46.2,False,611,2.2915153399999997,2.47520401,8.361983,10.65349834,EXTRACTED
n335gat,U_n335gat/ZN,36.1,60.2,True,4534,0.05705662,0.07136140899999999,3.232596,3.28965262,EXTRACTED
n337gat,U_n337gat/Q,42.94,60.2,True,4534,1.8814480299999998,1.575396095,9.217436,11.098884029999999,EXTRACTED
n339gat,U_n339gat/ZN,46.55,49.0,True,4605,0.35366830000000005,0.23621858497,3.527142,3.8808103000000003,EXTRACTED
n341gat,U_n341gat/Q,46.93,56.0,True,4605,2.0517553,2.1209830149999997,7.860637,9.9123923,EXTRACTED
n343gat,U_n343gat/ZN,53.96,23.8,False,5717,1.1473786,1.0945660350000002,4.932826,6.0802046,EXTRACTED
n344gat,U_n344gat/ZN,48.07,26.6,False,2613,0.414594,0.61362114,0.941245,1.355839,EXTRACTED
n345gat,U_n345gat/ZN,48.07,22.4,False,1947,0.30484,0.5776548940000001,0.938321,1.243161,EXTRACTED
n346gat,U_n346gat/ZN,52.44,23.8,False,2228,0.0751566,0.20742247,0.923766,0.9989226,EXTRACTED
n347gat,U_n347gat/ZN,54.15,22.4,False,2231,0.0584144,0.060347384000000004,0.914189,0.9726034,EXTRACTED
n34gat,U_n34gat/ZN,66.5,63.0,False,5857,0.5981500799999999,1.1632754099999998,3.232596,3.83074608,EXTRACTED
n354gat,U_n354gat/ZN,69.92,11.2,False,0,0.6375223099999999,0.8301606169999999,1.616298,2.25382031,EXTRACTED
n355gat,U_n355gat/ZN,66.69,19.6,False,0,0.1256292,0.06870243200000001,1.70023,1.8258592,EXTRACTED
n356gat,U_n356gat/ZN,63.65,15.4,False,0,1.312964,1.3399249690000001,5.00292,6.315884,EXTRACTED
n357gat,U_n357gat/ZN,64.79,7.0,False,0,0.3355,0.238637891,1.70023,2.03573,EXTRACTED
n358gat,U_n358gat/ZN,65.17,12.6,False,0,0.362118,0.38095368599999996,1.651345,2.0134630000000002,EXTRACTED
n359gat,U_n359gat/ZN,67.07,18.2,False,0,0.1750882,0.06345107999999999,1.651345,1.8264332,EXTRACTED
n35gat,U_n35gat/ZN,54.72,64.4,False,5693,0.48899419999999993,0.31470050999999993,3.527142,4.0161362,EXTRACTED
n360gat,U_n360gat/ZN,65.36,8.4,False,0,0.32530205,0.54082173,1.70023,2.02553205,EXTRACTED
n361gat,U_n361gat/ZN,65.93,7.0,False,0,0.20763399999999999,0.16326044,1.70023,1.907864,EXTRACTED
n362gat,U_n362gat/ZN,64.98,4.2,False,0,0.0579496,0.019972499999999997,0.941939,0.9998886,EXTRACTED
n364gat,U_n364gat/ZN,54.34,64.4,True,4622,0.5872293,0.42834528800000005,3.351575,3.9388043,EXTRACTED
n366gat,U_n366gat/Q,64.6,65.8,True,4622,1.1200085,1.253639822,4.270369,5.3903775,EXTRACTED
n372gat,U_n372gat/ZN,66.12,37.8,False,280,1.830267,1.4085291629999999,8.509229000000001,10.339496,EXTRACTED
n375gat,U_n375gat/ZN,45.98,19.6,False,2641,0.37891263000000003,0.622608637,8.446103,8.825015630000001,EXTRACTED
n377gat,U_n377gat/ZN,45.41,21.0,False,2564,1.0512356,0.7776025699999998,0.941939,1.9931746000000001,EXTRACTED
n378gat,U_n378gat/ZN,43.89,18.2,False,4329,1.069752,0.525001373,0.946814,2.016566,EXTRACTED
n37gat,U_n37gat/ZN,38.19,25.2,False,3760,0.9832243,0.409292726,0.921561,1.9047853,EXTRACTED
n380gat,U_n380gat/ZN,38.0,15.4,False,4826,0.379008,0.388546673,1.651345,2.030353,EXTRACTED
n381gat,U_n381gat/ZN,47.12,19.6,False,4911,0.24756399999999998,0.534967998,1.714471,1.962035,EXTRACTED
n382gat,U_n382gat/ZN,64.22,26.6,True,4587,0.7977890000000001,0.8716067959999999,1.763571,2.56136,EXTRACTED
n384gat,U_n384gat/Q,71.06,19.6,True,4587,1.66575065,1.1187849399999998,5.98484,7.65059065,EXTRACTED
n386gat,U_n386gat/ZN,58.14,33.6,True,4578,1.3996781399999998,1.0029735450000001,5.080287,6.47996514,EXTRACTED
n388gat,U_n388gat/Q,63.46,28.0,True,4578,1.99745808,2.4638852224899996,7.598053,9.59551108,EXTRACTED
n38gat,U_n38gat/ZN,37.05,21.0,False,4895,0.5682219,0.34371983000000006,0.940092,1.5083139,EXTRACTED
n390gat,U_n390gat/ZN,39.9,11.2,False,4903,0.254436,0.15605619999999998,0.941939,1.196375,EXTRACTED
n391gat,U_n391gat/ZN,39.71,14.0,False,120,0.1157302,0.02966948,0.946814,1.0625442,EXTRACTED
n392gat,U_n392gat/ZN,40.47,47.6,True,4760,1.0007914,0.8811400639700002,6.661538,7.6623294,EXTRACTED
n394gat,U_n394gat/Q,42.56,37.8,True,4760,2.037742,1.1182612480000003,9.217436,11.255177999999999,EXTRACTED
n396gat,U_n396gat/ZN,53.2,22.4,True,4711,2.3542014,1.4912818150000005,9.918833,12.2730344,EXTRACTED
n398gat,U_n398gat/Q,58.52,25.2,True,4711,1.14624728,1.639316234,7.502965,8.64921228,EXTRACTED
n39gat,U_n39gat/ZN,70.49,19.6,False,4950,0.211642,0.13548624000000004,0.921561,1.133203,EXTRACTED
n400gat,U_n400gat/ZN,53.77,22.4,True,4657,0.31771,0.7050017099999999,3.327684,3.645394,EXTRACTED
n402gat,U_n402gat/Q,57.76,21.0,True,4657,2.9572640500000005,2.5813812789999995,9.249398,12.20666205,EXTRACTED
n404gat,U_n404gat/ZN,57.57,5.6,False,8379,0.5620145000000001,0.599289387,3.232596,3.7946105,EXTRACTED
n405gat,U_n405gat/ZN,47.31,12.6,False,5553,0.389856,0.871277453,3.327684,3.71754,EXTRACTED
n406gat,U_n406gat/ZN,67.64,16.8,False,0,0.5590983,0.7420213200000001,3.320421,3.8795193,EXTRACTED
n407gat,U_n407gat/ZN,68.02,18.2,False,0,0.4942093,0.53387335,3.30269,3.7968993,EXTRACTED
n408gat,U_n408gat/ZN,62.13,21.0,False,0,0.35933200000000004,0.495786198,1.714471,2.0738030000000003,EXTRACTED
n409gat,U_n409gat/ZN,68.4,18.2,False,0,0.09901120000000001,0.1793675,1.714471,1.8134822000000002,EXTRACTED
n40gat,U_n40gat/ZN,69.92,21.0,False,3515,0.11757880000000001,0.06550981,0.940092,1.0576708000000001,EXTRACTED
n410gat,U_n410gat/ZN,64.41,23.8,False,0,0.35748399999999997,0.5922762199999999,1.663842,2.021326,EXTRACTED
n411gat,U_n411gat/ZN,64.41,15.4,False,0,0.9732909000000001,0.42590423599999994,5.1291720000000005,6.102462900000001,EXTRACTED
n412gat,U_n412gat/ZN,70.11,9.8,False,0,1.3990729,0.6328884909999999,1.635974,3.0350469,EXTRACTED
n413gat,U_n413gat/ZN,68.97,16.8,False,0,0.6794846999999999,0.62019406,1.67413,2.3536146999999996,EXTRACTED
n414gat,U_n414gat/ZN,62.7,18.2,False,0,1.3146843000000001,1.491697358,8.607241,9.9219253,EXTRACTED
n415gat,U_n415gat/ZN,65.36,16.8,False,0,0.5795303,0.549705627,5.066046,5.6455763,EXTRACTED
n416gat,U_n416gat/ZN,63.27,18.2,False,0,0.204368,0.10626321,1.663842,1.86821,EXTRACTED
n417gat,U_n417gat/ZN,65.93,16.8,False,0,0.3635,0.48335944999999997,1.736804,2.100304,EXTRACTED
n418gat,U_n418gat/ZN,64.79,8.4,False,0,0.6342019,0.743031549,3.414701,4.0489029,EXTRACTED
n419gat,U_n419gat/ZN,67.45,19.6,False,0,3.1765337000000002,2.834284907,15.303987000000001,18.4805207,EXTRACTED
n41gat,U_n41gat/ZN,46.36,54.6,False,8200,0.696652,0.7730643219999997,3.527142,4.223794,EXTRACTED
n420gat,U_n420gat/ZN,68.02,19.6,False,0,3.9403043000000006,4.3218187079999995,15.177735,19.1180393,EXTRACTED
n421gat,U_n421gat/ZN,62.13,12.6,False,0,0.059113200000000005,0.02120367,1.70023,1.7593432,EXTRACTED
n422gat,U_n422gat/ZN,67.07,5.6,False,0,0.8144735000000001,0.43888227999999996,3.232596,4.0470695,EXTRACTED
n423gat,U_n423gat/ZN,64.22,4.2,False,0,0.0924926,0.0535949,0.946814,1.0393066,EXTRACTED
n42gat,U_n42gat/ZN,41.04,61.6,False,6359,0.2374795,0.3290478834099999,3.232596,3.4700755,EXTRACTED
n439gat,U_n439gat/ZN,64.6,39.2,False,0,0.1935688,0.18016666299999998,0.941939,1.1355078,EXTRACTED
n43gat,U_n43gat/ZN,41.99,61.6,False,8752,0.8624164999999999,0.9317432099999999,2.819909,3.6823255,EXTRACTED
n440gat,U_n440gat/ZN,80.94,32.2,False,0,0.5206740000000001,0.349741351,0.941939,1.4626130000000002,EXTRACTED
n441gat,U_n441gat/ZN,80.37,61.6,False,0,0.0726904,0.00665888,0.941939,1.0146294,EXTRACTED
n442gat,U_n442gat/ZN,72.77,46.2,False,0,0.216802,0.7796183300000001,0.941939,1.158741,EXTRACTED
n443gat,U_n443gat/ZN,70.87,46.2,False,0,0.5277565,0.719312728,0.946814,1.4745705,EXTRACTED
n444gat,U_n444gat/ZN,76.38,36.4,False,0,0.5937935999999999,0.23164853,0.946814,1.5406076,EXTRACTED
n445gat,U_n445gat/ZN,68.78,32.2,False,129,0.6695206,0.207933694,0.941939,1.6114595999999999,EXTRACTED
n446gat,U_n446gat/ZN,75.62,36.4,False,129,0.5676599999999999,0.33150123000000004,0.921561,1.489221,EXTRACTED
n447gat,U_n447gat/ZN,70.68,40.6,False,31,0.046377,0.14335706,0.946814,0.993191,EXTRACTED
n448gat,U_n448gat/ZN,68.4,57.4,False,31,0.28747,0.208775582,0.921561,1.209031,EXTRACTED
n449gat,U_n449gat/ZN,70.68,61.6,False,10,0.09953000000000001,0.15413920500000003,0.921561,1.021091,EXTRACTED
n44gat,U_n44gat/ZN,41.61,60.2,False,2772,0.1709756,0.22543797999999998,0.941245,1.1122206000000001,EXTRACTED
n450gat,U_n450gat/ZN,70.68,65.8,False,9,0.49707465,0.2758467,0.921561,1.41863565,EXTRACTED
n451gat,U_n451gat/ZN,69.92,30.8,False,5038,0.30675199999999997,0.19921544300000002,0.940092,1.246844,EXTRACTED
n452gat,U_n452gat/ZN,72.39,46.2,False,4967,0.103334,0.37800720000000004,1.651345,1.754679,EXTRACTED
n453gat,U_n453gat/ZN,69.54,46.2,False,5083,0.472734,0.349329024,0.940092,1.412826,EXTRACTED
n455gat,U_n455gat/ZN,72.39,25.2,False,0,4.68201127,3.8886667069999983,15.114609000000002,19.796620270000002,EXTRACTED
n456gat,U_n456gat/ZN,75.81,30.8,False,5898,0.2455636,0.11734250000000002,3.232596,3.4781596,EXTRACTED
n457gat,U_n457gat/ZN,68.97,23.8,False,198,0.62356397,0.5001129360000001,1.714471,2.33803497,EXTRACTED
n458gat,U_n458gat/ZN,70.68,32.2,False,4640,0.1745516,0.3268141,1.651345,1.8258966,EXTRACTED
n459gat,U_n459gat/ZN,62.32,28.0,False,113,0.702998,0.39335172,0.941939,1.644937,EXTRACTED
n45gat,U_n45gat/ZN,42.18,63.0,False,3149,0.0827146,0.02209287,0.938321,1.0210356,EXTRACTED
n460gat,U_n460gat/ZN,69.35,23.8,False,4597,0.1032066,0.148773311,0.946814,1.0500206,EXTRACTED
n461gat,U_n461gat/ZN,68.02,23.8,True,4576,0.6522024,0.596485738,1.651345,2.3035474000000002,EXTRACTED
n463gat,U_n463gat/Q,65.55,26.6,True,4576,0.52067574,0.39860123300000005,4.333495,4.85417074,EXTRACTED
n468gat,U_n468gat/ZN,38.95,14.0,True,4831,0.0607662,0.007159855,1.651345,1.7121112,EXTRACTED
n46gat,U_n46gat/ZN,38.95,58.8,False,2197,0.335138,0.24661645,0.923766,1.258904,EXTRACTED
n470gat,U_n470gat/Q,42.56,12.6,True,4831,1.28408115,1.163016217,4.333495,5.61757615,EXTRACTED
n475gat,U_n475gat/ZN,48.83,47.6,False,6359,1.6697962,1.3897708830000004,4.932826,6.602622200000001,EXTRACTED
n476gat,U_n476gat/ZN,41.8,46.2,False,3571,0.355666,0.86069947949,0.941245,1.296911,EXTRACTED
n477gat,U_n477gat/ZN,38.95,53.2,False,1939,1.1267579,0.39420405799999997,0.938321,2.0650789,EXTRACTED
n478gat,U_n478gat/ZN,41.8,49.0,False,1656,0.325272,0.7143478270000001,0.923766,1.249038,EXTRACTED
n479gat,U_n479gat/ZN,43.32,47.6,False,1719,0.310342,0.59219482,0.914189,1.224531,EXTRACTED
n47gat,U_n47gat/ZN,40.28,61.6,False,5102,0.12329760000000001,0.07253748399999999,0.914189,1.0374866,EXTRACTED
n489gat,U_n489gat/ZN,55.67,16.8,True,4590,0.9173435,0.5922736319999999,3.232596,4.1499395,EXTRACTED
n491gat,U_n491gat/Q,65.17,21.0,True,4590,1.5925948,1.6311974360000001,7.502965,9.0955598,EXTRACTED
n493gat,U_n493gat/ZN,57.0,16.8,False,8379,0.961585,0.8152312460000001,4.932826,5.894411000000001,EXTRACTED
n494gat,U_n494gat/ZN,60.04,22.4,False,6699,0.546798,0.32002033300000005,0.941245,1.488043,EXTRACTED
n495gat,U_n495gat/ZN,49.97,25.2,False,2387,0.918366,0.529285288,0.938321,1.856687,EXTRACTED
n496gat,U_n496gat/ZN,56.24,19.6,False,717,0.21887,0.12335596,0.923766,1.142636,EXTRACTED
n497gat,U_n497gat/ZN,55.1,19.6,False,646,0.29028000000000004,0.42735813,0.914189,1.204469,EXTRACTED
n504gat,U_n504gat/ZN,55.29,12.6,False,8813,0.656427,0.28357178399999994,2.819909,3.476336,EXTRACTED
n505gat,U_n505gat/ZN,53.77,12.6,False,2405,0.09133559999999999,0.102184983,0.941245,1.0325806,EXTRACTED
n506gat,U_n506gat/ZN,55.1,11.2,False,5532,0.0679118,0.031659150000000004,0.938321,1.0062328,EXTRACTED
n507gat,U_n507gat/ZN,54.72,14.0,False,2350,0.1045398,0.032875442,0.923766,1.0283058,EXTRACTED
n508gat,U_n508gat/ZN,54.53,12.6,False,2836,0.0912452,0.09465150999999998,0.914189,1.0054342,EXTRACTED
n515gat,U_n515gat/ZN,53.39,12.6,False,5653,0.18425008,0.180512622,3.527142,3.71139208,EXTRACTED
n516gat,U_n516gat/ZN,64.98,11.2,False,0,0.9286571,0.677642393,3.414701,4.3433581,EXTRACTED
n517gat,U_n517gat/ZN,69.35,14.0,False,0,0.53052,0.510614471,1.763571,2.294091,EXTRACTED
n518gat,U_n518gat/ZN,69.73,14.0,False,0,0.06673119999999999,0.012717109999999998,1.70023,1.7669612,EXTRACTED
n519gat,U_n519gat/ZN,70.11,12.6,False,0,0.13275099999999998,0.065820615,1.651345,1.7840960000000001,EXTRACTED
n520gat,U_n520gat/ZN,68.78,14.0,False,0,0.0836778,0.078302304,1.714471,1.7981488,EXTRACTED
n521gat,U_n521gat/ZN,63.46,16.8,False,0,0.6669939,0.8788443859999999,3.351575,4.0185689,EXTRACTED
n522gat,U_n522gat/ZN,64.6,12.6,False,0,0.7915076,1.1024445940000003,5.066046,5.8575536,EXTRACTED
n523gat,U_n523gat/ZN,60.23,11.2,False,0,2.35088522,1.9444691529999996,8.407783,10.75866822,EXTRACTED
n524gat,U_n524gat/ZN,63.27,32.2,False,0,0.7485923,1.04371435,3.232596,3.9811883,EXTRACTED
n525gat,U_n525gat/ZN,68.78,12.6,False,0,0.5429080000000001,0.37772207500000005,1.70023,2.243138,EXTRACTED
n526gat,U_n526gat/ZN,67.83,12.6,False,0,0.0661626,0.047708534000000004,1.763571,1.8297336,EXTRACTED
n527gat,U_n527gat/ZN,69.35,19.6,False,0,0.30933,0.14930496000000001,1.763571,2.072901,EXTRACTED
n528gat,U_n528gat/ZN,68.02,25.2,False,0,0.5549120999999999,0.4887151599999999,1.616298,2.1712100999999997,EXTRACTED
n529gat,U_n529gat/ZN,62.32,4.2,False,0,0.0675668,0.060760640000000005,1.70023,1.7677968,EXTRACTED
n530gat,U_n530gat/ZN,69.54,12.6,False,0,0.0680856,0.065724233,1.616298,1.6843836,EXTRACTED
n531gat,U_n531gat/ZN,68.97,11.2,False,0,0.0727796,0.025493419999999996,1.663842,1.7366216,EXTRACTED
n532gat,U_n532gat/ZN,64.98,18.2,False,0,0.396534,0.187945172,1.70023,2.096764,EXTRACTED
n54gat,U_n54gat/ZN,60.8,37.8,False,8002,0.9336582,0.92451083,3.527142,4.4608001999999995,EXTRACTED
n553gat,U_n553gat/Q,63.27,57.4,True,4599,2.11663915,1.97874844,9.37565,11.492289150000001,EXTRACTED
n555gat,U_n555gat/ZN,68.78,67.2,False,10,0.35983,0.5132817800000001,0.940092,1.299922,EXTRACTED
n556gat,U_n556gat/ZN,72.39,67.2,False,8,0.235846,0.8629706399999999,0.921561,1.157407,EXTRACTED
n557gat,U_n557gat/ZN,70.87,67.2,False,1,0.7492212,0.535428919,0.940092,1.6893132,EXTRACTED
n559gat,U_n559gat/ZN,62.51,65.8,True,4691,0.6548536899999999,0.9602836150000001,3.414701,4.06955469,EXTRACTED
n55gat,U_n55gat/ZN,63.46,21.0,False,9836,0.8316879,0.7414677299999999,2.819909,3.6515969,EXTRACTED
n561gat,U_n561gat/Q,60.23,64.4,True,4691,0.8179472999999999,0.696541504,4.333495,5.1514423,EXTRACTED
n564gat,U_n564gat/ZN,65.55,11.2,False,4169,0.20271,0.43252531,1.70023,1.9029399999999999,EXTRACTED
n565gat,U_n565gat/ZN,82.27,30.8,False,6027,0.57789575,1.227402729,3.327684,3.9055797500000002,EXTRACTED
n566gat,U_n566gat/ZN,54.34,63.0,True,4622,0.6967341,0.48348631899999994,3.30269,3.9994241,EXTRACTED
n567gat,U_n567gat/ZN,77.14,28.0,False,6739,0.5739780000000001,0.7124780159999999,2.819909,3.3938870000000003,EXTRACTED
n568gat,U_n568gat/ZN,75.62,28.0,False,3221,0.0425944,0.14698575,0.941245,0.9838394,EXTRACTED
n569gat,U_n569gat/ZN,71.25,28.0,False,3574,0.21345,0.6241419500000001,0.938321,1.1517709999999999,EXTRACTED
n56gat,U_n56gat/ZN,55.1,28.0,False,5744,0.8931340000000001,0.6345734900000001,0.941245,1.8343790000000002,EXTRACTED
n570gat,U_n570gat/ZN,80.18,28.0,False,2051,0.1117156,0.32779075,0.923766,1.0354816,EXTRACTED
n571gat,U_n571gat/ZN,76.38,28.0,False,2111,0.107961,0.07834106,0.914189,1.0221500000000001,EXTRACTED
n578gat,U_n578gat/ZN,73.72,49.0,True,4545,0.1342141,0.24243698000000002,3.232596,3.3668101,EXTRACTED
n57gat,U_n57gat/ZN,55.1,29.4,False,2587,1.024734,0.9218459290000002,0.938321,1.963055,EXTRACTED
n580gat,U_n580gat/Q,69.54,51.8,True,4545,2.01466081,2.3013937659999995,9.217436,11.23209681,EXTRACTED
n582gat,U_n582gat/ZN,69.92,26.6,True,4728,0.4136825,0.4820326300000001,3.527142,3.9408245,EXTRACTED
n584gat,U_n584gat/Q,65.36,40.6,True,4728,3.6845749,3.2337466775999997,9.511982,13.1965569,EXTRACTED
n586gat,U_n586gat/ZN,69.92,28.0,False,6027,0.8320626,0.938394631,5.027914,5.8599765999999995,EXTRACTED
n587gat,U_n587gat/ZN,76.38,32.2,False,3331,0.578166,0.743965996,0.941245,1.5194109999999998,EXTRACTED
n588gat,U_n588gat/ZN,69.16,29.4,False,1806,0.0802296,0.137811,0.938321,1.0185506,EXTRACTED
n589gat,U_n589gat/ZN,60.61,32.2,False,1992,0.6791879,0.9310895840000001,0.923766,1.6029539,EXTRACTED
n58gat,U_n58gat/ZN,48.26,33.6,False,1858,1.71553239,1.2846381249999999,0.923766,2.63929839,EXTRACTED
n590gat,U_n590gat/ZN,62.32,22.4,False,1892,0.7375419999999999,0.7655137819999999,0.914189,1.6517309999999998,EXTRACTED
n59gat,U_n59gat/ZN,53.2,29.4,False,4657,1.308934,0.670568076,0.914189,2.223123,EXTRACTED
n612gat,U_n612gat/ZN,46.93,12.6,True,4834,1.3471779000000002,1.397433911,4.646821,5.9939989,EXTRACTED
n614gat,U_n614gat/Q,49.21,18.2,True,4834,2.6707519000000004,2.08623671179,9.511982,12.1827339,EXTRACTED
n616gat,U_n616gat/ZN,64.6,16.8,True,4575,1.3577,1.5513418770000005,3.327684,4.685384,EXTRACTED
n618gat,U_n618gat/Q,75.05,21.0,True,4575,1.67101051,1.6629165080000001,7.598053,9.26906351,EXTRACTED
n620gat,U_n620gat/ZN,49.97,12.6,True,4845,0.47009330000000005,0.6130358700000001,3.527142,3.9972353,EXTRACTED
n622gat,U_n622gat/Q,49.78,14.0,True,4845,1.3273413,0.791673065,7.860637,9.1879783,EXTRACTED
n624gat,U_n624gat/ZN,45.79,11.2,True,4797,0.34331426,0.40896600000000005,3.232596,3.57591026,EXTRACTED
n626gat,U_n626gat/Q,48.45,9.8,True,4797,1.64735567,0.7811363319999999,7.566091,9.21344667,EXTRACTED
n629gat,U_n629gat/ZN,62.51,36.4,False,0,0.5135419999999999,0.46741710399999997,1.70023,2.2137719999999996,EXTRACTED
n630gat,U_n630gat/ZN,61.75,36.4,False,0,0.3684602,0.19959792999999998,3.40046,3.7689201999999997,EXTRACTED
n631gat,U_n631gat/ZN,55.67,30.8,False,0,0.45187415,0.7436127200000001,0.941939,1.39381315,EXTRACTED
n632gat,U_n632gat/ZN,62.7,33.6,False,0,1.509032,1.28706923,3.40046,4.909492,EXTRACTED
n633gat,U_n633gat/ZN,61.94,33.6,False,0,0.61779817,0.6464001859999999,4.943982,5.5617801700000005,EXTRACTED
n634gat,U_n634gat/ZN,64.03,16.8,False,0,1.7770215100000002,1.321856804,6.791485,8.56850651,EXTRACTED
n635gat,U_n635gat/ZN,58.14,32.2,False,0,0.725806,0.5162245990000001,3.40046,4.126265999999999,EXTRACTED
n636gat,U_n636gat/ZN,62.7,35.0,False,0,0.245338,0.49962465,1.70023,1.945568,EXTRACTED
n637gat,U_n637gat/ZN,62.51,5.6,False,0,0.79160294,0.72698443,4.996167,5.78776994,EXTRACTED
n638gat,U_n638gat/ZN,60.8,5.6,False,0,0.3944141,0.396832272,0.941939,1.3363531,EXTRACTED
n639gat,U_n639gat/ZN,61.18,30.8,False,0,0.8765020000000001,1.144139646,3.3798690000000002,4.256371000000001,EXTRACTED
n640gat,U_n640gat/ZN,69.35,5.6,False,0,0.7246178999999999,0.22566792000000002,3.527142,4.2517599,EXTRACTED
n645gat,U_n645gat/ZN,48.64,63.0,False,129,0.19865400000000003,0.25944954,0.946814,1.1454680000000002,EXTRACTED
n646gat,U_n646gat/ZN,52.06,67.2,False,43,0.28396600000000005,0.299391832,0.946814,1.2307800000000002,EXTRACTED
n647gat,U_n647gat/ZN,77.71,61.6,False,0,0.14385440000000002,0.27797725,0.946814,1.0906684,EXTRACTED
n648gat,U_n648gat/ZN,72.2,47.6,False,0,0.302698,0.70279514,0.946814,1.2495120000000002,EXTRACTED
n649gat,U_n649gat/ZN,68.78,56.0,False,19,0.502738,0.19977897400000003,0.940092,1.44283,EXTRACTED
n650gat,U_n650gat/ZN,67.45,67.2,False,19,0.1155146,0.10698200000000002,0.940092,1.0556066,EXTRACTED
n651gat,U_n651gat/ZN,47.31,60.2,False,220,0.7128053999999999,0.25673505099999994,0.941939,1.6547443999999998,EXTRACTED
n652gat,U_n652gat/ZN,63.84,65.8,False,218,0.16491340000000002,0.10863526,0.941939,1.1068524,EXTRACTED
n653gat,U_n653gat/ZN,67.64,57.4,False,76,1.1578781,0.714795888,0.941939,2.0998171,EXTRACTED
n654gat,U_n654gat/ZN,71.25,63.0,False,0,0.5154,0.31122638,0.959052,1.4744519999999999,EXTRACTED
n655gat,U_n655gat/ZN,72.58,43.4,False,0,0.4432617,0.44469627300000003,0.941939,1.3852007,EXTRACTED
n656gat,U_n656gat/ZN,76.76,57.4,False,17,0.6708569999999999,0.4898224,0.940092,1.610949,EXTRACTED
n659gat,U_n659gat/Q,65.55,58.8,True,4640,1.0195996,0.878951079,9.448856,10.468455599999999,EXTRACTED
n665gat,U_n665gat/ZN,55.86,58.8,True,4581,0.01459124,0.0579095,1.714471,1.72906224,EXTRACTED
n667gat,U_n667gat/Q,67.45,68.6,True,4581,1.3724941,1.084134236,4.333495,5.7059891,EXTRACTED
n66gat,U_n66gat/ZN,54.72,29.4,False,8801,0.18403740000000002,0.139043774,3.327684,3.5117214,EXTRACTED
n670gat,U_n670gat/ZN,59.66,35.0,False,0,0.5890838,0.752265685,3.365816,3.9548998,EXTRACTED
n671gat,U_n671gat/ZN,58.9,35.0,True,4634,0.066945,0.0727383,1.651345,1.71829,EXTRACTED
n673gat,U_n673gat/Q,68.97,22.4,True,4634,4.5395495,2.7710642739999995,5.997337,10.5368865,EXTRACTED
n677gat,U_n677gat/ZN,72.01,33.6,False,5800,0.6202753000000001,0.5360809890000001,3.527142,4.1474173,EXTRACTED
n678gat,U_n678gat/ZN,69.73,42.0,True,4513,0.6970482,0.8342752359999999,3.527142,4.2241902,EXTRACTED
n67gat,U_n67gat/ZN,53.2,8.4,False,124,0.06363940000000001,0.02128674,1.714471,1.7781104,EXTRACTED
n680gat,U_n680gat/Q,65.74,49.0,True,4513,2.45380557,2.3725313799999994,9.511982,11.96578757,EXTRACTED
n682gat,U_n682gat/ZN,77.14,25.2,True,4578,0.3266641,0.24270101000000005,4.447363,4.7740271000000005,EXTRACTED
n684gat,U_n684gat/Q,76.95,36.4,True,4578,2.6105965299999996,2.413718797,9.312524,11.923120529999998,EXTRACTED
n686gat,U_n686gat/ZN,70.49,21.0,False,5898,1.2127326,0.7824232039999999,4.932826,6.1455586,EXTRACTED
n687gat,U_n687gat/ZN,68.02,32.2,False,3623,0.939481,0.40279818000000006,0.941245,1.8807260000000001,EXTRACTED
n688gat,U_n688gat/ZN,74.86,25.2,False,2273,0.499042,0.34923060000000006,0.938321,1.437363,EXTRACTED
n689gat,U_n689gat/ZN,76.57,26.6,False,1846,0.5659270000000001,0.54019459,0.923766,1.489693,EXTRACTED
n68gat,U_n68gat/ZN,53.58,8.4,False,244,1.00886379,0.6549466500000001,1.70023,2.70909379,EXTRACTED
n690gat,U_n690gat/ZN,76.38,25.2,False,1858,0.43899390000000005,0.795844342,0.914189,1.3531829000000002,EXTRACTED
n697gat,U_n697gat/ZN,67.26,25.2,True,4576,1.0371343,0.625726112,4.352275000000001,5.3894093000000005,EXTRACTED
n699gat,U_n699gat/Q,74.67,29.4,True,4576,2.36460037,2.1647834319999997,9.217436,11.582036369999999,EXTRACTED
n69gat,U_n69gat/ZN,35.91,8.4,False,244,0.512242,0.026472580000000002,0.946814,1.459056,EXTRACTED
n701gat,U_n701gat/ZN,41.42,49.0,True,4708,0.7783342099999999,1.023514691,6.630374,7.4087082099999995,EXTRACTED
n703gat,U_n703gat/Q,41.99,40.6,True,4708,1.65707157,1.2208668172999995,9.249398,10.906469569999999,EXTRACTED
n705gat,U_n705gat/ZN,45.79,16.8,True,4832,0.5475641,0.4870485279999999,4.447363,4.9949271,EXTRACTED
n707gat,U_n707gat/Q,43.7,25.2,True,4832,2.2372819799999997,1.7217779670000006,9.249398,11.486679979999998,EXTRACTED
n709gat,U_n709gat/ZN,47.88,14.0,False,5653,0.448334,0.37624589897,5.227372,5.675706,EXTRACTED
n70gat,U_n70gat/ZN,54.15,8.4,False,83,0.123924,0.24945891,0.940092,1.064016,EXTRACTED
n710gat,U_n710gat/ZN,44.65,18.2,False,2790,0.361946,0.30639434,0.941245,1.303191,EXTRACTED
n711gat,U_n711gat/ZN,47.69,12.6,False,1954,0.0827438,0.062033174999999996,0.938321,1.0210648,EXTRACTED
n712gat,U_n712gat/ZN,46.74,15.4,False,1963,0.1159344,0.047903178000000005,0.923766,1.0397004,EXTRACTED
n713gat,U_n713gat/ZN,45.22,15.4,False,2092,0.1906062,0.292799977,0.914189,1.1047952,EXTRACTED
n71gat,U_n71gat/ZN,55.67,4.2,False,120,0.34248815,0.3916762180000001,1.714471,2.05695915,EXTRACTED
n720gat,U_n720gat/ZN,44.84,49.0,True,4616,0.9848612999999999,1.1467083690000002,6.598412,7.5832733,EXTRACTED
n722gat,U_n722gat/Q,41.23,50.4,True,4616,1.628544,1.3621882359999995,10.868781,12.497325,EXTRACTED
n724gat,U_n724gat/ZN,39.71,54.6,True,4646,0.40614196999999996,0.4545004179999999,6.956084000000001,7.362225970000001,EXTRACTED
n726gat,U_n726gat/Q,41.23,51.8,True,4646,1.30634113,0.8533727869999999,11.226453,12.53279413,EXTRACTED
n728gat,U_n728gat/ZN,50.35,12.6,False,5553,0.41739251,0.7226128960000001,5.027914,5.44530651,EXTRACTED
n729gat,U_n729gat/ZN,45.6,5.6,False,1690,0.5634055,0.651873475,0.941245,1.5046505,EXTRACTED
n72gat,U_n72gat/ZN,62.32,15.4,False,159,0.49630579999999996,0.4557426459999999,1.714471,2.2107768,EXTRACTED
n730gat,U_n730gat/ZN,48.83,12.6,False,1964,0.080372,0.10460030000000001,0.938321,1.0186929999999998,EXTRACTED
n731gat,U_n731gat/ZN,51.49,12.6,False,2512,0.10349359999999999,0.06253805,0.923766,1.0272596,EXTRACTED
n732gat,U_n732gat/ZN,47.12,8.4,False,2555,0.39597,0.29822792,0.914189,1.310159,EXTRACTED
n73gat,U_n73gat/ZN,52.63,8.4,False,85,0.0504364,0.09486956,0.959052,1.0094884,EXTRACTED
n741gat,U_n741gat/ZN,57.76,39.2,False,0,2.4665382,2.953237916,15.051483000000001,17.5180212,EXTRACTED
n743gat,U_n743gat/ZN,63.08,5.6,False,0,0.7323702,0.965533416,3.527142,4.2595122,EXTRACTED
n745gat,U_n745gat/ZN,61.94,1.4,False,0,0.6631922,0.21861765000000002,0.946814,1.6100062,EXTRACTED
n746gat,U_n746gat/ZN,62.89,4.2,False,0,0.0741078,0.05072724,1.70023,1.7743377999999999,EXTRACTED
n747gat,U_n747gat/ZN,60.8,11.2,False,0,1.270645,0.945118334,3.327684,4.598329,EXTRACTED
n748gat,U_n748gat/ZN,68.59,7.0,False,0,5.0503295999999995,1.6601199800000002,2.819909,7.8702385999999995,EXTRACTED
n749gat,U_n749gat/ZN,73.72,12.6,False,0,0.411834,0.8378488650000001,0.941245,1.353079,EXTRACTED
n750gat,U_n750gat/ZN,69.73,5.6,False,0,0.1936766,0.04727245,0.938321,1.1319976,EXTRACTED
n751gat,U_n751gat/ZN,69.35,4.2,False,0,0.243836,0.13025374,0.923766,1.167602,EXTRACTED
n752gat,U_n752gat/ZN,74.29,9.8,False,0,0.413462,0.41838332,0.914189,1.327651,EXTRACTED
n763gat,U_n763gat/ZN,55.29,68.6,False,92,0.1203262,0.43520496200000003,0.946814,1.0671402,EXTRACTED
n764gat,U_n764gat/ZN,66.88,74.2,False,19,0.553636,0.6911986600000001,0.940092,1.493728,EXTRACTED
n765gat,U_n765gat/ZN,61.94,68.6,False,223,0.047249,0.01729131,0.946814,0.994063,EXTRACTED
n766gat,U_n766gat/ZN,49.4,53.2,False,48,0.05732159999999999,0.18281341000000004,0.946814,1.0041356000000001,EXTRACTED
n767gat,U_n767gat/ZN,70.11,49.0,False,129,0.696232,0.5158540099999999,0.946814,1.643046,EXTRACTED
n768gat,U_n768gat/ZN,68.02,51.8,False,0,0.366032,0.21362182999999998,0.946814,1.312846,EXTRACTED
n769gat,U_n769gat/ZN,50.54,46.2,False,218,0.0756998,0.06041125,0.946814,1.0225138,EXTRACTED
n76gat,U_n76gat/ZN,47.69,9.8,False,128,0.32814200000000004,0.25075392,1.714471,2.0426130000000002,EXTRACTED
n771gat,U_n771gat/ZN,68.21,56.0,False,76,0.314754,0.60223708,0.941939,1.2566929999999998,EXTRACTED
n772gat,U_n772gat/ZN,74.86,35.0,False,76,0.365446,0.5850518200000001,0.959052,1.324498,EXTRACTED
n773gat,U_n773gat/ZN,71.82,57.4,False,6,0.36641799999999997,0.7115621,0.940092,1.30651,EXTRACTED
n774gat,U_n774gat/ZN,68.97,65.8,False,6,0.31559,0.6180243980000001,0.959052,1.274642,EXTRACTED
n777gat,U_n777gat/Q,63.08,60.2,True,4584,0.87038389,0.9848336839999994,9.280562,10.15094589,EXTRACTED
n779gat,U_n779gat/ZN,61.37,54.6,False,5693,1.0230555899999998,0.9233831270000001,5.227372,6.250427589999999,EXTRACTED
n77gat,U_n77gat/ZN,53.39,9.8,False,88,0.263024,0.482815122,0.959052,1.222076,EXTRACTED
n780gat,U_n780gat/ZN,60.23,58.8,False,1840,0.32572999999999996,0.102494673,0.941245,1.266975,EXTRACTED
n781gat,U_n781gat/ZN,62.13,58.8,False,1969,0.28841,0.40894337,0.938321,1.226731,EXTRACTED
n782gat,U_n782gat/ZN,69.92,56.0,False,2408,0.58846,0.5332007189999999,0.923766,1.512226,EXTRACTED
n783gat,U_n783gat/ZN,59.66,56.0,False,2486,0.1508948,0.263186062,0.914189,1.0650838,EXTRACTED
n78gat,U_n78gat/ZN,63.65,12.6,False,164,1.8181059,1.77686668,3.351575,5.1696808999999995,EXTRACTED
n790gat,U_n790gat/ZN,79.04,37.8,False,0,0.33711599999999997,0.5312696600000001,0.941939,1.279055,EXTRACTED
n791gat,U_n791gat/ZN,64.41,58.8,False,15,0.7262938999999999,1.15332831,0.959052,1.6853459,EXTRACTED
n792gat,U_n792gat/ZN,74.29,56.0,False,0,0.36330599999999996,0.3086930600000001,0.941939,1.305245,EXTRACTED
n793gat,U_n793gat/ZN,79.8,67.2,False,1,0.691446,0.79049727,0.959052,1.650498,EXTRACTED
n794gat,U_n794gat/ZN,68.78,60.2,False,13,0.71492,1.0129879800000001,0.959052,1.673972,EXTRACTED
n795gat,U_n795gat/ZN,69.54,65.8,False,14,0.14021039999999999,0.295569701,0.959052,1.0992624,EXTRACTED
n796gat,U_n796gat/ZN,46.55,21.0,False,2602,0.0960604,0.00744042,0.941939,1.0379994,EXTRACTED
n797gat,U_n797gat/ZN,52.25,22.4,False,31,0.757905,0.898412185,0.941939,1.6998440000000001,EXTRACTED
n79gat,U_n79gat/ZN,63.46,11.2,False,203,0.0399302,0.049629480000000004,1.651345,1.6912752,EXTRACTED
n800gat,U_n800gat/ZN,40.66,23.8,False,4879,0.5492424,0.441591749,1.651345,2.2005874,EXTRACTED
n801gat,U_n801gat/ZN,62.13,42.0,False,158,0.298532,0.52009038,1.651345,1.949877,EXTRACTED
n802gat,U_n802gat/ZN,37.62,18.2,False,4796,0.33519000000000004,0.18022908899999998,1.714471,2.049661,EXTRACTED
n803gat,U_n803gat/ZN,79.42,44.8,False,5800,1.9938916299999998,1.3261472849999998,5.227372,7.221263629999999,EXTRACTED
n804gat,U_n804gat/ZN,83.03,54.6,False,1882,1.105776,0.392059314,0.941245,2.047021,EXTRACTED
n805gat,U_n805gat/ZN,74.48,47.6,False,2518,0.35737599000000003,0.4215641500000001,0.938321,1.29569699,EXTRACTED
n806gat,U_n806gat/ZN,75.24,47.6,False,2466,0.368232,0.35792160000000006,0.923766,1.291998,EXTRACTED
n807gat,U_n807gat/ZN,74.48,49.0,False,1928,0.49370669999999994,0.670517153,0.914189,1.4078957,EXTRACTED
n814gat,U_n814gat/ZN,71.63,54.6,True,4606,0.5336864,0.4946844880000001,3.327684,3.8613704,EXTRACTED
n816gat,U_n816gat/Q,71.06,53.2,True,4606,1.75719135,1.8099842889999997,9.312524,11.06971535,EXTRACTED
n818gat,U_n818gat/ZN,72.01,28.0,True,4586,1.1328985,1.0442195089000001,4.447363,5.580261500000001,EXTRACTED
n820gat,U_n820gat/Q,70.49,35.0,True,4586,2.6981253,3.0383693589999994,7.661179,10.3593043,EXTRACTED
n822gat,U_n822gat/ZN,63.46,35.0,True,4592,1.2855759,1.6591129760000005,4.646821,5.9323969000000005,EXTRACTED
n824gat,U_n824gat/Q,70.3,60.2,True,4592,4.41349621,3.594518626,9.511982,13.92547821,EXTRACTED
n827gat,U_n827gat/ZN,20.71,4.2,False,130,5.12499742,1.6454428800000003,1.119679,6.244676419999999,EXTRACTED
n828gat,U_n828gat/ZN,45.03,11.2,True,4843,0.47406254000000003,0.51958079,4.447363,4.92142554,EXTRACTED
n82gat,U_n82gat/ZN,62.32,7.0,False,128,1.0465276000000001,0.9113937,3.351575,4.3981026,EXTRACTED
n830gat,U_n830gat/Q,50.35,15.4,True,4843,2.2881332000000003,1.7763408350000005,7.661179,9.9493122,EXTRACTED
n832gat,U_n832gat/ZN,53.58,21.0,True,4773,0.7412480499999999,1.2131595120000003,4.646821,5.38806905,EXTRACTED
n834gat,U_n834gat/Q,40.85,21.0,True,4773,2.4927604000000003,1.3313675390000002,9.575108,12.0678684,EXTRACTED
n836gat,U_n836gat/ZN,46.36,15.4,True,4764,0.6690377,0.31475940500000005,4.352275000000001,5.0213127,EXTRACTED
n838gat,U_n838gat/Q,38.19,18.2,True,4764,2.3140648400000003,2.4190532000000005,9.217436,11.53150084,EXTRACTED
n840gat,U_n840gat/ZN,41.23,57.4,True,4639,0.60348415,0.73556033,3.327684,3.93116815,EXTRACTED
n842gat,U_n842gat/Q,52.82,53.2,True,4639,1.59177166,2.047478103999999,7.661179,9.25295066,EXTRACTED
n844gat,U_n844gat/ZN,52.63,25.2,True,4760,0.707157,0.8597112130000002,3.527142,4.234299,EXTRACTED
n846gat,U_n846gat/Q,46.36,5.6,True,4760,2.8513167,2.7348317650000005,9.511982,12.3632987,EXTRACTED
n84gat,U_n84gat/ZN,60.99,8.4,False,2566,0.928164,0.7252072359999999,1.70023,2.628394,EXTRACTED
n851gat,U_n851gat/ZN,67.45,60.2,False,17,0.24504000000000004,0.5954292339999998,1.70023,1.9452699999999998,EXTRACTED
n852gat,U_n852gat/ZN,72.96,61.6,False,20,0.0634468,0.00644574,1.70023,1.7636767999999998,EXTRACTED
n853gat,U_n853gat/ZN,72.96,57.4,False,17,0.367616,0.7312655939999999,1.70023,2.067846,EXTRACTED
n854gat,U_n854gat/ZN,80.37,67.2,False,20,0.710594,0.47157181000000004,1.70023,2.410824,EXTRACTED
n857gat,U_n857gat/ZN,83.03,44.8,False,6524,0.5614776,0.42674588999999996,3.527142,4.0886196,EXTRACTED
n858gat,U_n858gat/ZN,82.65,42.0,False,6535,0.3977313,0.50311055,3.327684,3.7254153,EXTRACTED
n859gat,U_n859gat/ZN,79.23,50.4,True,4759,0.1584428,0.19008833,3.232596,3.3910388,EXTRACTED
n85gat,U_n85gat/ZN,60.04,5.6,False,124,0.49379625,0.8999596099999999,3.414701,3.90849725,EXTRACTED
n861gat,U_n861gat/Q,78.66,57.4,True,4759,2.6194375,2.9386506370000007,9.15431,11.7737475,EXTRACTED
n863gat,U_n863gat/ZN,84.36,49.0,True,4553,0.7549941,0.5407577379999999,3.527142,4.2821361,EXTRACTED
n865gat,U_n865gat/Q,67.83,43.4,True,4553,3.09617507,2.7777398550000005,9.511982,12.60815707,EXTRACTED
n867gat,U_n867gat/ZN,67.83,60.2,False,129,0.7344200000000001,0.6843938,0.946814,1.6812340000000001,EXTRACTED
n868gat,U_n868gat/ZN,80.56,58.8,False,0,0.262804,0.056356055999999995,0.941939,1.204743,EXTRACTED
n869gat,U_n869gat/ZN,69.35,54.6,False,87,0.0540244,0.022822419999999996,0.959052,1.0130764,EXTRACTED
n86gat,U_n86gat/ZN,62.7,16.8,False,203,0.34196,0.35253799100000005,1.70023,2.0421899999999997,EXTRACTED
n870gat,U_n870gat/ZN,71.63,47.6,False,43,0.0735856,0.05267081999999999,0.921561,0.9951466,EXTRACTED
n871gat,U_n871gat/ZN,42.56,18.2,False,4358,0.5710672999999999,0.315083757,0.946814,1.5178813,EXTRACTED
n872gat,U_n872gat/ZN,45.41,18.2,False,4587,0.1089732,0.1007352,0.941939,1.0509122,EXTRACTED
n874gat,U_n874gat/ZN,54.91,65.8,False,3572,0.371104,0.407788205,0.946814,1.3179180000000001,EXTRACTED
n875gat,U_n875gat/ZN,50.16,65.8,True,4691,1.6679650000000001,1.0252109849999997,3.428942,5.096907,EXTRACTED
n876gat,U_n876gat/ZN,54.34,51.8,False,2036,0.294042,0.201173106,1.651345,1.9453870000000002,EXTRACTED
n877gat,U_n877gat/ZN,51.3,50.4,False,1535,0.34047,0.8980024350000001,0.914189,1.254659,EXTRACTED
n878gat,U_n878gat/ZN,72.77,32.2,False,4917,0.07243519999999999,0.01785798,1.651345,1.7237802,EXTRACTED
n879gat,U_n879gat/ZN,59.66,37.8,False,4285,1.44820745,1.260629102,3.30269,4.75089745,EXTRACTED
n87gat,U_n87gat/ZN,60.61,9.8,False,84,0.93725813,0.236685352,1.70023,2.63748813,EXTRACTED
n880gat,U_n880gat/ZN,57.95,58.8,False,491,0.9174699,1.1808704929999998,0.914189,1.8316588999999999,EXTRACTED
n881gat,U_n881gat/ZN,71.25,26.6,True,4559,0.9252433400000001,1.204660697,4.352275000000001,5.27751834,EXTRACTED
n883gat,U_n883gat/Q,66.69,44.8,True,4559,4.26702677,2.9677909259999993,9.217436,13.48446277,EXTRACTED
n885gat,U_n885gat/ZN,61.56,56.0,False,347,0.32182595999999997,0.5123881210000001,0.914189,1.2360149599999999,EXTRACTED
n886gat,U_n886gat/ZN,60.99,44.8,False,347,0.462804,0.758382734,0.914189,1.3769930000000001,EXTRACTED
n887gat,U_n887gat/ZN,58.9,40.6,False,316,0.08136739999999999,0.002745722,0.941939,1.0233064,EXTRACTED
n888gat,U_n888gat/ZN,61.75,23.8,False,4200,0.4654719,0.37015039,3.30269,3.7681619,EXTRACTED
n889gat,U_n889gat/ZN,61.37,40.6,False,349,0.852976,1.0141159910000002,0.923766,1.776742,EXTRACTED
n88gat,U_n88gat/ZN,67.26,16.8,False,2566,0.6204343,0.5467194000000001,1.714471,2.3349053,EXTRACTED
n890gat,U_n890gat/ZN,50.54,40.6,False,3006,0.38653,0.39499562999999993,0.938321,1.324851,EXTRACTED
n891gat,U_n891gat/ZN,60.8,26.6,False,690,0.1312818,0.12835550999999998,0.941939,1.0732208,EXTRACTED
n892gat,U_n892gat/ZN,61.56,26.6,False,849,0.068183,0.14933649,0.946814,1.0149970000000001,EXTRACTED
n893gat,U_n893gat/ZN,52.63,39.2,False,693,0.0750706,0.009332397999999999,0.941939,1.0170096,EXTRACTED
n894gat,U_n894gat/ZN,56.81,51.8,False,4076,0.9545862599999999,0.761999534,3.428942,4.38352826,EXTRACTED
n895gat,U_n895gat/ZN,61.56,30.8,False,696,0.26411,0.7884015965000001,0.941939,1.206049,EXTRACTED
n896gat,U_n896gat/ZN,65.74,35.0,False,684,0.613746,0.4190179300000001,0.941939,1.555685,EXTRACTED
n897gat,U_n897gat/ZN,64.22,39.2,False,4262,0.4184518,0.39953507200000005,3.428942,3.8473938000000003,EXTRACTED
n898gat,U_n898gat/ZN,65.55,36.4,False,4241,0.8185522999999999,1.003615867,3.30269,4.1212423000000005,EXTRACTED
n899gat,U_n899gat/ZN,57.38,33.6,False,855,0.8878876,1.3106008099999997,0.946814,1.8347016,EXTRACTED
n89gat,U_n89gat/ZN,59.85,12.6,False,2525,0.1822154,0.05996822,1.651345,1.8335604,EXTRACTED
n900gat,U_n900gat/ZN,69.92,29.4,False,854,0.1906708,0.14327183999999998,0.946814,1.1374848,EXTRACTED
n901gat,U_n901gat/ZN,52.25,35.0,False,855,0.25497,0.28674246,0.946814,1.201784,EXTRACTED
n902gat,U_n902gat/ZN,55.67,26.6,False,879,0.22809800000000002,0.11524586,0.941939,1.170037,EXTRACTED
n903gat,U_n903gat/ZN,60.8,22.4,False,350,0.6488045,0.42832885,0.941939,1.5907434999999999,EXTRACTED
n904gat,U_n904gat/ZN,59.09,22.4,False,349,0.368468,0.38288953000000003,0.946814,1.315282,EXTRACTED
n905gat,U_n905gat/ZN,49.59,21.0,False,345,0.09715120000000001,0.011792222,0.941939,1.0390902,EXTRACTED
n906gat,U_n906gat/ZN,44.27,33.6,False,8801,1.0115719,0.8027486270000002,5.027914,6.0394859,EXTRACTED
n907gat,U_n907gat/ZN,54.91,26.6,False,7136,1.037668,0.97231468,0.941245,1.978913,EXTRACTED
n908gat,U_n908gat/ZN,43.32,22.4,False,568,0.842959,0.275278664,0.938321,1.78128,EXTRACTED
n909gat,U_n909gat/ZN,57.19,28.0,False,2824,1.1738217,1.2795228870000002,0.923766,2.0975877,EXTRACTED
n910gat,U_n910gat/ZN,49.4,28.0,False,631,0.6461542,0.972036564,0.914189,1.5603432000000002,EXTRACTED
n917gat,U_n917gat/ZN,48.26,28.0,True,4836,0.8688710000000001,1.7663358164899998,3.232596,4.101467,EXTRACTED
n919gat,U_n919gat/Q,48.64,16.8,True,4836,2.69787451,2.7059672008,9.217436,11.91531051,EXTRACTED
n926gat,U_n926gat/ZN,62.7,51.8,False,0,1.9402102,1.9441277629999998,15.177735,17.1179452,EXTRACTED
n928gat,U_n928gat/ZN,78.09,37.8,False,5740,0.595416,0.35923648,3.232596,3.828012,EXTRACTED
n929gat,U_n929gat/ZN,36.86,72.8,True,4519,1.0533864299999998,1.23094946,4.473956,5.52734243,EXTRACTED
n931gat,U_n931gat/Q,46.74,67.2,True,4519,4.0461113,5.390712223000002,7.860637,11.9067483,EXTRACTED
n933gat,U_n933gat/ZN,82.46,43.4,False,6937,0.7619115000000001,0.33226758500000003,2.819909,3.5818205,EXTRACTED
n934gat,U_n934gat/ZN,83.98,37.8,False,3575,0.44147400000000003,0.29274044,0.941245,1.382719,EXTRACTED
n935gat,U_n935gat/ZN,80.94,43.4,False,2663,0.1109942,0.08336507,0.938321,1.0493152,EXTRACTED
n936gat,U_n936gat/ZN,81.7,43.4,False,2241,0.14452500000000001,0.20289467999999997,0.923766,1.0682909999999999,EXTRACTED
n937gat,U_n937gat/ZN,77.71,42.0,False,3760,0.391066,0.38505286399999994,0.914189,1.305255,EXTRACTED
n93gat,U_n93gat/ZN,52.82,9.8,False,266,0.8685301999999999,0.94042447,0.974659,1.8431891999999999,EXTRACTED
n944gat,U_n944gat/ZN,75.43,44.8,False,6524,0.62459599,0.674345771,5.227372,5.85196799,EXTRACTED
n945gat,U_n945gat/ZN,81.13,51.8,False,4064,0.5908866,0.9396195900000002,0.941245,1.5321316,EXTRACTED
n946gat,U_n946gat/ZN,80.37,51.8,False,2838,0.7228,1.0049605999999998,0.938321,1.661121,EXTRACTED
n947gat,U_n947gat/ZN,79.61,50.4,False,1452,0.675861,1.1050147219999997,0.923766,1.599627,EXTRACTED
n948gat,U_n948gat/ZN,80.37,50.4,False,1318,0.767652,0.820463355,0.914189,1.681841,EXTRACTED
n955gat,U_n955gat/ZN,79.99,51.8,True,4769,0.1656304,0.117520717,3.327684,3.4933144,EXTRACTED
n957gat,U_n957gat/Q,77.14,49.0,True,4769,1.7520108,1.8612913460000002,9.312524,11.0645348,EXTRACTED
n959gat,U_n959gat/ZN,80.18,56.0,False,0,0.074727,0.13452959,0.941939,1.016666,EXTRACTED
n960gat,U_n960gat/ZN,64.98,58.8,False,5,0.395492,0.2236024,0.940092,1.335584,EXTRACTED
n961gat,U_n961gat/ZN,82.46,44.8,False,43,0.0716822,0.09607370000000001,0.941939,1.0136212,EXTRACTED
n962gat,U_n962gat/ZN,79.61,56.0,False,0,0.11038880000000001,0.15058777999999998,0.946814,1.0572028,EXTRACTED
n963gat,U_n963gat/ZN,77.33,57.4,False,0,0.0379896,0.024887529999999998,0.946814,0.9848036,EXTRACTED
n964gat,U_n964gat/ZN,73.91,51.8,False,31,0.6723159999999999,0.7212890750000001,0.946814,1.61913,EXTRACTED
n965gat,U_n965gat/ZN,72.39,57.4,False,9,0.38785600000000003,0.30611172400000003,0.959052,1.346908,EXTRACTED
n966gat,U_n966gat/ZN,82.65,46.2,False,0,0.657898,0.5039589179999999,0.946814,1.6047120000000001,EXTRACTED
n967gat,U_n967gat/ZN,82.84,65.8,False,0,0.574334,0.54427767,0.946814,1.5211480000000002,EXTRACTED
n968gat,U_n968gat/ZN,73.34,46.2,False,129,0.596092,0.77853234,0.921561,1.517653,EXTRACTED
n969gat,U_n969gat/ZN,71.82,37.8,False,77,0.078441,0.006737451999999999,0.921561,1.000002,EXTRACTED
n970gat,U_n970gat/ZN,72.96,33.6,False,5013,0.5900175000000001,0.8971639360000001,0.940092,1.5301095,EXTRACTED
n971gat,U_n971gat/ZN,74.48,39.2,False,76,0.329156,0.7257451496999999,0.959052,1.288208,EXTRACTED
n972gat,U_n972gat/ZN,67.07,32.2,False,4775,0.571682,0.41172622999999997,0.940092,1.511774,EXTRACTED
n973gat,U_n973gat/ZN,70.3,46.2,False,5093,0.0958706,0.0575784,0.940092,1.0359626,EXTRACTED
n974gat,U_n974gat/ZN,70.11,42.0,False,31,0.36126600000000003,0.18706589199999998,0.959052,1.320318,EXTRACTED
n975gat,U_n975gat/ZN,71.82,39.2,False,31,0.1109512,0.21397297999999998,0.959052,1.0700032,EXTRACTED
n977gat,U_n977gat/ZN,59.28,36.4,False,158,0.0436888,0.02457464,0.946814,0.9905028,EXTRACTED
n978gat,U_n978gat/ZN,60.04,47.6,False,4448,1.0843813,0.982776114,3.428942,4.5133233,EXTRACTED
n979gat,U_n979gat/ZN,63.08,61.6,False,569,0.5151854,0.28502571000000004,0.914189,1.4293744,EXTRACTED
n980gat,U_n980gat/ZN,59.85,61.6,False,495,0.753535,0.40502636700000005,0.914189,1.667724,EXTRACTED
n981gat,U_n981gat/ZN,59.28,63.0,False,498,1.148628,2.0036069400000005,0.941245,2.089873,EXTRACTED
n982gat,U_n982gat/ZN,52.63,65.8,False,197,1.148158,2.0906199640000005,0.923766,2.071924,EXTRACTED
n984gat,U_n984gat/ZN,66.5,67.2,False,483,1.9952098,1.6604077600000002,0.914189,2.9093988,EXTRACTED
n986gat,U_n986gat/ZN,59.09,56.0,False,491,0.222754,0.056526671,0.923766,1.14652,EXTRACTED
n987gat,U_n987gat/ZN,50.73,50.4,False,3057,0.9534977,0.6283641170000002,0.914189,1.8676867000000001,EXTRACTED
n988gat,U_n988gat/ZN,50.92,44.8,False,2980,1.5030522,0.9611849520000001,0.923766,2.4268182,EXTRACTED
n989gat,U_n989gat/ZN,49.02,50.4,False,2942,0.8494280000000001,0.57975173,0.923766,1.7731940000000002,EXTRACTED
n990gat,U_n990gat/ZN,58.33,53.2,False,3021,0.509287,0.8722161830000001,0.923766,1.4330530000000001,EXTRACTED
n991gat,U_n991gat/ZN,64.98,53.2,False,347,1.0379969,1.2306065130000001,0.914189,1.9521859,EXTRACTED
n992gat,U_n992gat/ZN,64.41,56.0,False,352,0.1786382,0.20511561,0.923766,1.1024042,EXTRACTED
n993gat,U_n993gat/ZN,60.23,37.8,False,345,0.440612,0.7333685900000001,0.914189,1.3548010000000001,EXTRACTED
n994gat,U_n994gat/ZN,55.67,43.4,False,345,0.1455998,0.07087309800000001,0.938321,1.0839208,EXTRACTED
n995gat,U_n995gat/ZN,60.04,53.2,False,352,0.267652,0.20032298999999998,0.923766,1.191418,EXTRACTED
n996gat,U_n996gat/ZN,59.66,49.0,False,347,0.33614,0.403126556,0.941939,1.278079,EXTRACTED
n997gat,U_n997gat/ZN,52.82,44.8,False,3045,0.457764,0.41823828999999996,0.923766,1.38153,EXTRACTED
n998gat,U_n998gat/ZN,49.02,54.6,False,2966,0.7618419000000001,0.47519974,0.938321,1.7001629,EXTRACTED
n999gat,U_n999gat/ZN,56.43,22.4,False,886,0.0496462,0.1130214,0.941939,0.9915851999999999,EXTRACTED
net1,input1/Z,31.54,81.2,False,0,2.06257,1.5542764954900001,2.48006,4.54263,EXTRACTED
net10,input10/Z,83.98,50.4,False,0,0.10641719999999999,0.03162673,1.70023,1.8066472,EXTRACTED
net100,hold101/Z,43.32,82.6,False,0,0.1098806,0.09664869200000001,0.77983,0.8897106,EXTRACTED
net101,hold102/Z,30.97,82.6,False,0,0.0848058,0.0,0.974659,1.0594648,EXTRACTED
net102,hold103/Z,38.38,75.6,False,0,1.3959994,0.9703243639999999,2.239358,3.6353574,EXTRACTED
net103,hold104/Z,41.04,82.6,False,0,0.0789594,0.00275346,0.974659,1.0536184,EXTRACTED
net104,hold105/Z,45.03,72.8,False,0,0.9460702999999999,0.52213839,2.239358,3.1854283,EXTRACTED
net105,hold106/Z,39.9,82.6,False,0,0.0784894,0.002864748,0.77983,0.8583194000000001,EXTRACTED
net106,hold107/Z,83.03,42.0,False,0,0.1446854,0.0074474450000000005,0.974659,1.1193444000000001,EXTRACTED
net107,hold108/Z,69.92,47.6,False,0,2.1269850999999997,1.5265309078000002,2.239358,4.3663431,EXTRACTED
net108,hold109/Z,83.6,42.0,False,0,0.08792280000000001,0.062770885,0.77983,0.8677528,EXTRACTED
net109,hold110/Z,27.36,79.8,False,0,0.5204400499999999,0.557324175,0.974659,1.4950990499999999,EXTRACTED
net11,input11/Z,82.84,51.8,False,0,0.1944324,0.133447904,0.77983,0.9742624,EXTRACTED
net110,hold111/Z,27.17,75.6,False,0,0.282572,0.20009772099999998,1.714471,1.9970430000000001,EXTRACTED
net111,hold112/Z,30.21,77.0,False,3780,0.2105303,0.55534497,2.239358,2.4498883,EXTRACTED
net112,hold113/Z,47.69,82.6,False,0,0.0976074,0.0,0.974659,1.0722664,EXTRACTED
net113,hold114/Z,49.59,71.4,False,0,2.6666644,2.55038199,2.239358,4.9060224,EXTRACTED
net114,hold115/Z,31.54,82.6,False,0,0.084218,0.0,0.77983,0.864048,EXTRACTED
net115,hold116/Z,48.26,82.6,False,0,0.069721,0.043231900000000004,0.77983,0.8495510000000001,EXTRACTED
net116,hold117/Z,81.51,23.8,True,5176,0.474332,0.28390565,0.974659,1.448991,EXTRACTED
net117,hold118/Z,42.94,28.0,True,5176,2.8557544999999998,0.7983337,0.918794,3.7745485,EXTRACTED
net118,hold119/Z,47.69,1.4,False,0,0.1683576,0.0106053,0.974659,1.1430166000000002,EXTRACTED
net119,hold120/Z,51.87,5.6,False,0,3.2641801,3.254929021,3.3590370000000003,6.6232171,EXTRACTED
net12,input12/Z,76.76,56.0,False,0,0.49574000000000007,0.2382932,1.70023,2.19597,EXTRACTED
net120,hold121/Z,49.59,4.2,False,0,0.242286,0.148252584,0.974659,1.216945,EXTRACTED
net121,hold122/Z,50.92,8.4,False,0,3.9643444,1.9942072356,3.3590370000000003,7.323381400000001,EXTRACTED
net122,hold123/Z,83.41,29.4,False,0,0.0959812,0.27335962999999996,0.974659,1.0706402000000002,EXTRACTED
net123,hold124/Z,80.37,25.2,False,0,3.6016598399999995,2.698857041,3.3590370000000003,6.96069684,EXTRACTED
net124,hold125/Z,83.22,30.8,False,0,0.09616820000000001,0.005795598000000001,0.77983,0.8759982000000001,EXTRACTED
net125,hold126/Z,44.46,4.2,False,0,0.287198,0.0,0.974659,1.261857,EXTRACTED
net126,hold127/Z,56.62,14.0,False,0,2.9826378000000004,3.4313262439999983,3.3590370000000003,6.341674800000001,EXTRACTED
net127,hold128/Z,83.79,54.6,False,0,0.291458,0.334949084,0.974659,1.266117,EXTRACTED
net128,hold129/Z,79.99,53.2,False,0,0.083353,0.1547745,1.70023,1.783583,EXTRACTED
net129,hold130/Z,83.6,53.2,False,0,0.11954820000000001,0.11951206,0.974659,1.0942072,EXTRACTED
net13,input13/Z,80.75,53.2,False,0,0.0789016,0.07234421,0.77983,0.8587316,EXTRACTED
net130,hold131/Z,84.17,53.2,False,0,0.1907608,0.2756653,1.70023,1.8909908,EXTRACTED
net131,hold132/Z,81.32,53.2,False,0,0.362474,0.5996435800000001,0.974659,1.3371330000000001,EXTRACTED
net132,hold133/Z,83.79,30.8,False,0,0.1486188,0.09303834,0.974659,1.1232778,EXTRACTED
net133,hold134/Z,82.08,53.2,False,0,0.01511486,0.0029521200000000004,0.974659,0.98977386,EXTRACTED
net134,hold135/Z,2.47,68.6,False,0,0.283578,0.0777012,0.974659,1.258237,EXTRACTED
net135,hold136/Z,83.41,51.8,False,0,0.5394380000000001,0.35392565,0.974659,1.514097,EXTRACTED
net136,hold137/Z,84.17,51.8,False,0,0.09924799999999999,0.02715358,0.974659,1.073907,EXTRACTED
net137,hold138/Z,84.17,43.4,False,0,0.0850284,0.050588445,0.974659,1.0596874,EXTRACTED
net138,hold139/Z,83.41,56.0,False,0,0.18174780000000001,0.13968161,0.974659,1.1564068,EXTRACTED
net139,hold140/Z,81.7,12.6,False,0,0.307162,0.0,1.421162,1.728324,EXTRACTED
net14,input14/Z,84.17,42.0,False,0,0.1279094,0.13802191999999996,1.70023,1.8281394,EXTRACTED
net140,hold141/Z,83.79,25.2,True,5176,0.24398799999999998,0.02380086,0.77983,1.023818,EXTRACTED
net15,input15/Z,80.94,56.0,False,0,0.239294,0.2957809,1.70023,1.939524,EXTRACTED
net16,input16/Z,82.65,53.2,False,0,0.45717060000000004,0.9550105799999999,1.70023,2.1574006,EXTRACTED
net17,input17/Z,81.7,30.8,False,0,0.273808,0.763808018,1.70023,1.974038,EXTRACTED
net18,input18/Z,80.94,47.6,False,0,0.6269020000000001,0.567289544,1.70023,2.3271319999999998,EXTRACTED
net19,input19/Z,67.64,1.4,False,0,0.74382715,0.6498543089999999,7.803438,8.54726515,EXTRACTED
net2,input2/Z,42.18,82.6,False,0,2.284299,1.702379089,2.48006,4.764359,EXTRACTED
net20,input20/Z,68.21,4.2,False,0,1.5010497699999998,1.0827106460000002,7.528517,9.029566769999999,EXTRACTED
net21,input21/Z,71.82,1.4,False,0,1.5977754100000001,1.0366644009999997,7.638311,9.23608641,EXTRACTED
net22,input22/Z,64.6,2.8,False,0,0.4144747,0.21544234000000004,5.00292,5.417394699999999,EXTRACTED
net23,input23/Z,63.65,1.4,False,0,0.2409548,0.24871098800000002,5.1291720000000005,5.3701268,EXTRACTED
net24,input24/Z,63.08,1.4,False,0,0.3518905,0.196941415,5.1291720000000005,5.4810625,EXTRACTED
net25,input25/Z,64.79,1.4,False,0,0.6272903000000001,0.6771621779999999,3.351575,3.9788653,EXTRACTED
net26,input26/Z,82.08,33.6,False,0,0.637386,0.5407776490000001,0.921561,1.5589469999999999,EXTRACTED
net27,input27/Z,52.44,1.4,False,0,0.4957994,0.70171668,0.946814,1.4426134,EXTRACTED
net28,input28/Z,53.01,1.4,False,0,0.4032324,0.767592688,0.941939,1.3451714,EXTRACTED
net29,input29/Z,82.65,21.0,False,0,0.0761404,0.01719204,1.70023,1.7763703999999998,EXTRACTED
net3,input3/Z,38.76,82.6,False,0,1.9355532000000002,1.415874209,2.48006,4.4156132,EXTRACTED
net30,input30/Z,54.72,1.4,False,0,0.243904,0.14066829,1.70023,1.944134,EXTRACTED
net31,input31/Z,83.98,14.0,False,0,0.07811599999999999,0.0012177400000000001,1.70023,1.778346,EXTRACTED
net32,input32/Z,3.04,68.6,False,0,0.18774300000000002,0.0190585,1.70023,1.887973,EXTRACTED
net33,input33/Z,2.47,65.8,False,0,0.5886416999999999,0.23392571000000004,1.616298,2.2049396999999997,EXTRACTED
net34,input34/Z,22.61,74.2,False,0,0.304358,0.1088584,0.77983,1.0841880000000002,EXTRACTED
net35,input35/Z,4.56,65.8,False,0,0.8835149,1.03973561,3.428942,4.3124569,EXTRACTED
net36,input36/Z,77.33,12.6,False,0,14.459908860000004,11.274466876000007,74.729808,89.18971686,EXTRACTED
net37,input37/Z,76.95,19.6,True,5176,2.7270775,1.190322475,0.77983,3.5069075,EXTRACTED
net38,U_n3104gat/ZN,51.87,4.2,False,5112,0.07474679999999999,0.01289148,0.974659,1.0494058,EXTRACTED
net39,U_n3105gat/ZN,54.34,2.8,False,5245,0.1240568,0.01839015,0.974659,1.0987158000000001,EXTRACTED
net4,input4/Z,47.69,81.2,False,0,2.6809636,1.7926023130000002,2.48006,5.1610236,EXTRACTED
net40,U_n3106gat/ZN,5.51,63.0,True,4854,0.922328,0.2493907,0.974659,1.8969870000000002,EXTRACTED
net41,U_n3107gat/ZN,4.56,61.6,False,5374,0.1298238,0.09813084999999999,0.974659,1.1044828,EXTRACTED
net42,U_n3108gat/ZN,7.03,32.2,False,4289,0.5205099999999999,0.13606337000000002,0.974659,1.495169,EXTRACTED
net43,U_n3109gat/ZN,6.46,32.2,False,4047,0.528036,0.23599438,0.974659,1.5026950000000001,EXTRACTED
net44,U_n3110gat/ZN,40.28,4.2,False,4165,0.11034179999999999,0.0,0.974659,1.0850008,EXTRACTED
net45,U_n3111gat/ZN,41.23,79.8,False,560,0.051774200000000006,0.03649523,0.974659,1.0264332,EXTRACTED
net46,U_n3112gat/ZN,47.69,78.4,False,0,0.5792074,0.5475496180000001,0.974659,1.5538664,EXTRACTED
net47,U_n3113gat/ZN,44.27,79.8,False,3375,0.22436999999999999,0.0,0.974659,1.1990290000000001,EXTRACTED
net48,U_n3114gat/ZN,45.98,79.8,False,1132,0.19597979999999998,0.00032256499999999997,0.974659,1.1706388,EXTRACTED
net49,U_n3115gat/ZN,46.36,79.8,False,0,0.45710199999999995,0.5646851124900001,0.974659,1.431761,EXTRACTED
net5,input5/Z,43.51,7.0,False,0,3.31417025,1.19028265,2.48006,5.79423025,EXTRACTED
net50,U_n3116gat/ZN,52.06,79.8,False,6524,0.18063,0.039086499999999996,0.974659,1.155289,EXTRACTED
net51,U_n3117gat/ZN,84.36,47.6,False,475,0.1840558,0.18852563,0.974659,1.1587148,EXTRACTED
net52,U_n3118gat/ZN,63.27,78.4,False,7759,0.671472,0.3874707,0.974659,1.646131,EXTRACTED
net53,U_n3119gat/ZN,83.79,36.4,False,6304,0.09595999999999999,0.028219691,0.974659,1.070619,EXTRACTED
net54,U_n3120gat/ZN,77.33,32.2,False,8604,0.0773982,0.341352072,0.974659,1.0520572000000001,EXTRACTED
net55,U_n3121gat/ZN,79.04,32.2,False,6032,0.256408,0.222299811,0.974659,1.2310670000000001,EXTRACTED
net56,U_n3122gat/ZN,54.72,8.4,False,7752,0.6092785000000001,0.394391375,0.974659,1.5839375000000002,EXTRACTED
net57,U_n3123gat/ZN,60.99,77.0,False,5368,0.32485800000000004,0.1807117,0.974659,1.299517,EXTRACTED
net58,U_n3124gat/ZN,58.52,79.8,False,5749,0.202284,0.0231736,0.974659,1.176943,EXTRACTED
net59,U_n3125gat/ZN,42.75,79.8,False,5250,0.14824299999999999,0.07946919999999999,0.974659,1.122902,EXTRACTED
net6,input6/Z,81.13,29.4,False,0,1.86514295,1.175362418,2.48006,4.34520295,EXTRACTED
net60,U_n3126gat/ZN,35.91,77.0,True,4574,0.6438336,1.218137396,3.808809,4.4526426,EXTRACTED
net61,U_n3127gat/ZN,36.29,77.0,True,4537,0.7552274699999999,0.431022799,3.808809,4.56403647,EXTRACTED
net62,U_n3128gat/ZN,34.77,82.6,True,4485,1.4334383000000002,0.962390772,3.745683,5.1791213,EXTRACTED
net63,U_n3129gat/ZN,54.72,2.8,False,1507,0.1221838,0.056760809999999995,0.974659,1.0968428000000001,EXTRACTED
net64,U_n3130gat/ZN,82.27,32.2,False,1367,0.01630032,0.00176665,0.974659,0.9909593200000001,EXTRACTED
net65,U_n3131gat/ZN,81.7,35.0,False,1371,0.0990418,0.10371164,0.974659,1.0737008000000001,EXTRACTED
net66,U_n3132gat/ZN,84.36,28.0,False,1366,0.591878,0.15472982000000002,0.974659,1.566537,EXTRACTED
net67,U_n3133gat/ZN,80.37,35.0,False,1371,0.11438999999999999,0.19406885,0.974659,1.0890490000000002,EXTRACTED
net68,U_n3134gat/ZN,83.41,28.0,False,1406,0.542568,0.21492934500000002,0.974659,1.517227,EXTRACTED
net69,U_n3135gat/ZN,81.7,29.4,False,1400,0.0521534,0.08455858799999999,0.974659,1.0268124,EXTRACTED
net7,input7/Z,50.35,8.4,False,0,2.3123856000000003,2.2004949849999997,2.48006,4.792445600000001,EXTRACTED
net70,U_n3136gat/ZN,57.19,2.8,False,1417,0.1002192,0.002731102,0.974659,1.0748782000000001,EXTRACTED
net71,U_n3137gat/ZN,56.05,4.2,False,1414,0.125103,0.0,0.974659,1.0997620000000001,EXTRACTED
net72,U_n3138gat/ZN,5.13,47.6,False,1,0.386892,0.242275802,0.974659,1.361551,EXTRACTED
net73,U_n3139gat/ZN,2.47,54.6,False,8649,0.0769922,0.030443410000000004,0.974659,1.0516512,EXTRACTED
net74,U_n3140gat/ZN,3.42,54.6,False,8649,0.142454,0.11536149999999998,0.974659,1.117113,EXTRACTED
net75,U_n3141gat/ZN,1.9,44.8,False,5843,0.26045,0.23324066999999998,0.974659,1.235109,EXTRACTED
net76,U_n3142gat/ZN,1.33,46.2,False,5843,0.15223499999999998,0.00021607200000000001,0.974659,1.126894,EXTRACTED
net77,U_n3143gat/ZN,3.8,51.8,False,4485,0.368786,0.20141535,0.974659,1.343445,EXTRACTED
net78,U_n3144gat/ZN,12.92,44.8,False,4137,1.86893,0.71675486,0.974659,2.843589,EXTRACTED
net79,U_n3145gat/ZN,4.94,61.6,False,3062,0.10678939999999999,0.09564430499999999,0.974659,1.0814484,EXTRACTED
net8,input8/Z,50.73,1.4,False,0,2.45909572,2.1789445240000003,2.48006,4.9391557200000005,EXTRACTED
net80,U_n3146gat/ZN,15.01,79.8,False,31,0.201452,0.0,0.974659,1.1761110000000001,EXTRACTED
net81,U_n3147gat/ZN,12.35,82.6,False,3558,0.440244,0.170091351,0.974659,1.414903,EXTRACTED
net82,U_n3148gat/ZN,13.68,82.6,True,4784,0.71533,0.08373169999999999,0.974659,1.6899890000000002,EXTRACTED
net83,U_n3149gat/ZN,27.17,49.0,False,629,6.169293289999999,5.784282360000001,30.311015,36.480308289999996,EXTRACTED
net84,U_n3150gat/ZN,8.17,54.6,False,4373,0.42520600000000003,0.13380887,0.974659,1.3998650000000001,EXTRACTED
net85,U_n3151gat/ZN,25.84,5.6,False,2449,0.197972,0.0,0.974659,1.172631,EXTRACTED
net86,U_n3152gat/ZN,21.09,5.6,False,0,0.47655400000000003,0.1279947,0.974659,1.451213,EXTRACTED
net9,input9/Z,82.46,40.6,False,0,1.2855733999999999,1.083963636,2.48006,3.7656333999999996,EXTRACTED
net93,place94/Z,14.63,43.4,False,653,3.52990879,2.3260690279999996,5.2006049999999995,8.73051379,EXTRACTED
net94,place95/Z,63.08,15.4,False,266,6.216259099999999,4.687881886490001,15.177735,21.3939941,EXTRACTED
net95,place96/Z,83.98,29.4,False,0,9.26313295,6.754142493,54.807361,64.07049395,EXTRACTED
net96,place97/Z,41.61,35.0,False,0,14.12479363,11.451187605490006,107.724813,121.84960663,EXTRACTED
net97,place98/Z,55.86,68.6,False,0,14.706694429999997,10.934665761999998,109.614722,124.32141643,EXTRACTED
net98,hold99/Z,41.61,82.6,False,0,0.203346,0.08294424800000001,0.974659,1.178005,EXTRACTED
net99,hold100/Z,42.75,74.2,False,0,0.74021216,0.7388683999999999,2.239358,2.97957016,EXTRACTED
phase0c_scan_in_1,PORT/test_si_1,85.915,57.19,True,4834,4.7742674,1.695849851,0.918794,5.6930614,EXTRACTED
test_se,PORT/test_se,85.915,11.27,False,0,0.44838799999999995,0.0,0.77983,1.228218,EXTRACTED
test_si,PORT/test_si,85.915,25.83,True,5176,0.1632332,0.0,0.77983,0.9430632,EXTRACTED
test_so,output38/Z,1.33,57.4,True,4456,1.1885396999999998,0.02328,0,1.1885396999999998,EXTRACTED
